freeze_id,benchmark_id,benchmark_version,task_id,task_version,dataset_id,unit_of_analysis,record_id,clip_id,partition,fold,split_version,source_path,source_row_sha256
mosaiq-benchmark-v0.1-candidate-20260716,mosaiq-benchmark,0.1.0-dev,delta_source_multilabel,0.1.0,DeLTA,clip,DeLTA_Rs118_2,DeLTA_Rs118_2,train,,0.1.0,datasets/DeLTA/data/clips.csv,7069125411806091ea43f993ed4151249c4e96300b5346f153ea691a03f18ed0
mosaiq-benchmark-v0.1-candidate-20260716,mosaiq-benchmark,0.1.0-dev,delta_source_multilabel,0.1.0,DeLTA,clip,DeLTA_ET438_1,DeLTA_ET438_1,train,,0.1.0,datasets/DeLTA/data/clips.csv,47e0e21a4f8175afefdc9b21d7639aced3551c9518a52acffcabefb789aae4c3
mosaiq-benchmark-v0.1-candidate-20260716,mosaiq-benchmark,0.1.0-dev,delta_source_multilabel,0.1.0,DeLTA,clip,DeLTA_bib3_2,DeLTA_bib3_2,train,,0.1.0,datasets/DeLTA/data/clips.csv,66ce680da8d44a41f4be408e125ec9a969fa141f411e8b1f8534bb170cc1ca81
mosaiq-benchmark-v0.1-candidate-20260716,mosaiq-benchmark,0.1.0-dev,delta_source_multilabel,0.1.0,DeLTA,clip,DeLTA_Ts414_2,DeLTA_Ts414_2,train,,0.1.0,datasets/DeLTA/data/clips.csv,7650346b94c7b713b0820cd00194e9dd5c6e15054e782f12573bfc8882f5ec14
mosaiq-benchmark-v0.1-candidate-20260716,mosaiq-benchmark,0.1.0-dev,delta_source_multilabel,0.1.0,DeLTA,clip,DeLTA_ML104_4,DeLTA_ML104_4,train,,0.1.0,datasets/DeLTA/data/clips.csv,c008eabbfa28d5b898bde3741b5e6ed264a4a28bef7867a5149bd8d033156fc1
mosaiq-benchmark-v0.1-candidate-20260716,mosaiq-benchmark,0.1.0-dev,delta_source_multilabel,0.1.0,DeLTA,clip,DeLTA_SR237_1,DeLTA_SR237_1,train,,0.1.0,datasets/DeLTA/data/clips.csv,c9d888e386cc9e84dba81028bde1f01fbe7533d626c822a5c9eb027df0655c9b
mosaiq-benchmark-v0.1-candidate-20260716,mosaiq-benchmark,0.1.0-dev,delta_source_multilabel,0.1.0,DeLTA,clip,DeLTA_ET215_1,DeLTA_ET215_1,train,,0.1.0,datasets/DeLTA/data/clips.csv,901cf51af3311295ab952e3d4434af67b6877ccdfe13ad958b8a2fe4651bae81
mosaiq-benchmark-v0.1-candidate-20260716,mosaiq-benchmark,0.1.0-dev,delta_source_multilabel,0.1.0,DeLTA,clip,DeLTA_SR218_1,DeLTA_SR218_1,test,,0.1.0,datasets/DeLTA/data/clips.csv,d7f3ed18e37f263acf68d26aaed9f7196c73939590952e40b28f7affb29d02d3
mosaiq-benchmark-v0.1-candidate-20260716,mosaiq-benchmark,0.1.0-dev,delta_source_multilabel,0.1.0,DeLTA,clip,DeLTA_CT329_2,DeLTA_CT329_2,train,,0.1.0,datasets/DeLTA/data/clips.csv,2bc4ddf06667d7c53b4f546d6435cc3e60d5eda88d446bf689e4ac24907dc8d3
mosaiq-benchmark-v0.1-candidate-20260716,mosaiq-benchmark,0.1.0-dev,delta_source_multilabel,0.1.0,DeLTA,clip,DeLTA_RP304_1,DeLTA_RP304_1,train,,0.1.0,datasets/DeLTA/data/clips.csv,7e55598b31f62db8bb12a94fcc895f58d06699185632c6e1de245ceb0f793f60
mosaiq-benchmark-v0.1-candidate-20260716,mosaiq-benchmark,0.1.0-dev,delta_source_multilabel,0.1.0,DeLTA,clip,DeLTA_ts235_1,DeLTA_ts235_1,dev,,0.1.0,datasets/DeLTA/data/clips.csv,9fe0b60141c43a01e89f01bf84bd1c3633dfab3751a2f4e703d839f7a491090d
mosaiq-benchmark-v0.1-candidate-20260716,mosaiq-benchmark,0.1.0-dev,delta_source_multilabel,0.1.0,DeLTA,clip,DeLTA_bib2_1,DeLTA_bib2_1,train,,0.1.0,datasets/DeLTA/data/clips.csv,6a4fbaa97408288a01fddd08a7a3986e85fb6e3b4c65e39c88caa862b16f1036
mosaiq-benchmark-v0.1-candidate-20260716,mosaiq-benchmark,0.1.0-dev,delta_source_multilabel,0.1.0,DeLTA,clip,DeLTA_PL327_1,DeLTA_PL327_1,test,,0.1.0,datasets/DeLTA/data/clips.csv,c68c9ed98918e116e81793649b69c4883ec1bd467d90aee54c9f8df0d88b1442
mosaiq-benchmark-v0.1-candidate-20260716,mosaiq-benchmark,0.1.0-dev,delta_source_multilabel,0.1.0,DeLTA,clip,DeLTA_tm106_2,DeLTA_tm106_2,test,,0.1.0,datasets/DeLTA/data/clips.csv,f975109041d86d6adc212d92e0559a51ef53262b9e5d19489804d8266c07fa64
mosaiq-benchmark-v0.1-candidate-20260716,mosaiq-benchmark,0.1.0-dev,delta_source_multilabel,0.1.0,DeLTA,clip,DeLTA_m211_2,DeLTA_m211_2,test,,0.1.0,datasets/DeLTA/data/clips.csv,4600fa81f81e6806ee74d5493cd27f4fb2aa3ff416ad59865f3c6fd45eb707bf
mosaiq-benchmark-v0.1-candidate-20260716,mosaiq-benchmark,0.1.0-dev,delta_source_multilabel,0.1.0,DeLTA,clip,DeLTA_NP120_1,DeLTA_NP120_1,test,,0.1.0,datasets/DeLTA/data/clips.csv,926e46fad28ec96a7b17bb3e44c476a913dc3f07c75601e48c08c9744a495b61
mosaiq-benchmark-v0.1-candidate-20260716,mosaiq-benchmark,0.1.0-dev,delta_source_multilabel,0.1.0,DeLTA,clip,DeLTA_cp7_1,DeLTA_cp7_1,train,,0.1.0,datasets/DeLTA/data/clips.csv,69ba861321bfa70c7229498ca5dbdbf4b47253f7f67ae2a0a8a0954f3fb21560
mosaiq-benchmark-v0.1-candidate-20260716,mosaiq-benchmark,0.1.0-dev,delta_source_multilabel,0.1.0,DeLTA,clip,DeLTA_tm332_1,DeLTA_tm332_1,train,,0.1.0,datasets/DeLTA/data/clips.csv,f6520d5122d8d81b4fbacef59f604c466ae6c28ae1478b37bd5fcf5a34666912
mosaiq-benchmark-v0.1-candidate-20260716,mosaiq-benchmark,0.1.0-dev,delta_source_multilabel,0.1.0,DeLTA,clip,DeLTA_sc122_1,DeLTA_sc122_1,train,,0.1.0,datasets/DeLTA/data/clips.csv,f22f729639a1e755b76aefff35a11378aece9945e34ed816d3af06ac53a454d2
mosaiq-benchmark-v0.1-candidate-20260716,mosaiq-benchmark,0.1.0-dev,delta_source_multilabel,0.1.0,DeLTA,clip,DeLTA_tm129_2,DeLTA_tm129_2,train,,0.1.0,datasets/DeLTA/data/clips.csv,77f2419871accb75e2291c03198bd833a31599f3d530860f8548c708f26dd427
mosaiq-benchmark-v0.1-candidate-20260716,mosaiq-benchmark,0.1.0-dev,delta_source_multilabel,0.1.0,DeLTA,clip,DeLTA_ML101_2,DeLTA_ML101_2,train,,0.1.0,datasets/DeLTA/data/clips.csv,6b2588e456919bec94a1c814ed41249b1c242a88536a9f5a9cc8ab2a6327f521
mosaiq-benchmark-v0.1-candidate-20260716,mosaiq-benchmark,0.1.0-dev,delta_source_multilabel,0.1.0,DeLTA,clip,DeLTA_m210_2,DeLTA_m210_2,train,,0.1.0,datasets/DeLTA/data/clips.csv,4042e45bb4f700a12087feae4bb337053bb1a0b8f5d6109bcdb260fc8e7a7139
mosaiq-benchmark-v0.1-candidate-20260716,mosaiq-benchmark,0.1.0-dev,delta_source_multilabel,0.1.0,DeLTA,clip,DeLTA_MG108_2,DeLTA_MG108_2,dev,,0.1.0,datasets/DeLTA/data/clips.csv,3a99fb264688ec1f9b984910dd9eabb02eae86130924c31b521b7b6e9a9f7b76
mosaiq-benchmark-v0.1-candidate-20260716,mosaiq-benchmark,0.1.0-dev,delta_source_multilabel,0.1.0,DeLTA,clip,DeLTA_Rp208_2,DeLTA_Rp208_2,dev,,0.1.0,datasets/DeLTA/data/clips.csv,a389c16d8b22a243b153488d5c9e0751b5a156ceaccf9987fd5dba341ac958c1
mosaiq-benchmark-v0.1-candidate-20260716,mosaiq-benchmark,0.1.0-dev,delta_source_multilabel,0.1.0,DeLTA,clip,DeLTA_Mc405_1,DeLTA_Mc405_1,train,,0.1.0,datasets/DeLTA/data/clips.csv,ec923a2178fa4bc63d9a547c75bcc4717ccce8273fbec66bbd8a4782903daef2
mosaiq-benchmark-v0.1-candidate-20260716,mosaiq-benchmark,0.1.0-dev,delta_source_multilabel,0.1.0,DeLTA,clip,DeLTA_ET431_2,DeLTA_ET431_2,test,,0.1.0,datasets/DeLTA/data/clips.csv,e9b946f2036bd85ab366be7db98b0c6f905d56f6451c565e41d5e2d09eed9cbf
mosaiq-benchmark-v0.1-candidate-20260716,mosaiq-benchmark,0.1.0-dev,delta_source_multilabel,0.1.0,DeLTA,clip,DeLTA_m15_1,DeLTA_m15_1,train,,0.1.0,datasets/DeLTA/data/clips.csv,be9bcd4aaecc496438626b87c6c440de36cd5953a5ee87e331763dd608590219
mosaiq-benchmark-v0.1-candidate-20260716,mosaiq-benchmark,0.1.0-dev,delta_source_multilabel,0.1.0,DeLTA,clip,DeLTA_SC207_2,DeLTA_SC207_2,train,,0.1.0,datasets/DeLTA/data/clips.csv,02f5ca8cfbfc485da62610b1be1bb18f33b4a018271b4b8707b8a055f5afe5ad
mosaiq-benchmark-v0.1-candidate-20260716,mosaiq-benchmark,0.1.0-dev,delta_source_multilabel,0.1.0,DeLTA,clip,DeLTA_ML130_2,DeLTA_ML130_2,train,,0.1.0,datasets/DeLTA/data/clips.csv,4b4269042bf6513f081c77d5af7431c271731977e128ed8017704496f181477a
mosaiq-benchmark-v0.1-candidate-20260716,mosaiq-benchmark,0.1.0-dev,delta_source_multilabel,0.1.0,DeLTA,clip,DeLTA_CT539_1,DeLTA_CT539_1,train,,0.1.0,datasets/DeLTA/data/clips.csv,a3a0e9701c5de532b8438f5de2561f9bca53b6e60bc724681389af37705d186d
mosaiq-benchmark-v0.1-candidate-20260716,mosaiq-benchmark,0.1.0-dev,delta_source_multilabel,0.1.0,DeLTA,clip,DeLTA_Mc407_2,DeLTA_Mc407_2,dev,,0.1.0,datasets/DeLTA/data/clips.csv,00e3a29e202df70935e8050b6d7339af410cfcb5fa6ae0e46f4fa78130a8b5bd
mosaiq-benchmark-v0.1-candidate-20260716,mosaiq-benchmark,0.1.0-dev,delta_source_multilabel,0.1.0,DeLTA,clip,DeLTA_MG310_2,DeLTA_MG310_2,train,,0.1.0,datasets/DeLTA/data/clips.csv,925c653c53ce8cfbb034940a011dfeb477f695547b57dca9b6ab7999f4c33ea1
mosaiq-benchmark-v0.1-candidate-20260716,mosaiq-benchmark,0.1.0-dev,delta_source_multilabel,0.1.0,DeLTA,clip,DeLTA_CT402_1,DeLTA_CT402_1,train,,0.1.0,datasets/DeLTA/data/clips.csv,a47095e4c6219831291a4ff2185d7f90c8d87c91325b7f1b2feea0d3170cc305
mosaiq-benchmark-v0.1-candidate-20260716,mosaiq-benchmark,0.1.0-dev,delta_source_multilabel,0.1.0,DeLTA,clip,DeLTA_ts323_2,DeLTA_ts323_2,train,,0.1.0,datasets/DeLTA/data/clips.csv,ffa41d17ad1f876b06be2a7e1fa8fd34090a0bd65e1849faa739f9f6d467e134
mosaiq-benchmark-v0.1-candidate-20260716,mosaiq-benchmark,0.1.0-dev,delta_source_multilabel,0.1.0,DeLTA,clip,DeLTA_ts311_2,DeLTA_ts311_2,train,,0.1.0,datasets/DeLTA/data/clips.csv,f09097537ed761a2f392a5b03d173908829be8604f0a0b272dfa5f2fc820ec93
mosaiq-benchmark-v0.1-candidate-20260716,mosaiq-benchmark,0.1.0-dev,delta_source_multilabel,0.1.0,DeLTA,clip,DeLTA_MG304_2,DeLTA_MG304_2,train,,0.1.0,datasets/DeLTA/data/clips.csv,96df26a462730fc86b5f18c701c4af15a13fbac25292d0ab971650c73badf282
mosaiq-benchmark-v0.1-candidate-20260716,mosaiq-benchmark,0.1.0-dev,delta_source_multilabel,0.1.0,DeLTA,clip,DeLTA_ET207_1,DeLTA_ET207_1,dev,,0.1.0,datasets/DeLTA/data/clips.csv,2363a0e9894ff50e2e2ad60742a08a5fcde97e9becb8fb1a18464281ce95fee1
mosaiq-benchmark-v0.1-candidate-20260716,mosaiq-benchmark,0.1.0-dev,delta_source_multilabel,0.1.0,DeLTA,clip,DeLTA_Rf134_1,DeLTA_Rf134_1,train,,0.1.0,datasets/DeLTA/data/clips.csv,a29e8c194545a25ba1c269a7ee4c7d6d650e3a50f6f3e923b63356d0ce7e02cb
mosaiq-benchmark-v0.1-candidate-20260716,mosaiq-benchmark,0.1.0-dev,delta_source_multilabel,0.1.0,DeLTA,clip,DeLTA_MG212_1,DeLTA_MG212_1,train,,0.1.0,datasets/DeLTA/data/clips.csv,1eb5ca23cd31f9a73e85c4896be063f34d2bc1a6f8da3ec1e76589819d65fe65
mosaiq-benchmark-v0.1-candidate-20260716,mosaiq-benchmark,0.1.0-dev,delta_source_multilabel,0.1.0,DeLTA,clip,DeLTA_ET314_2,DeLTA_ET314_2,train,,0.1.0,datasets/DeLTA/data/clips.csv,d9aa8970274b1e524d8b44941b8229938cf00d5485dc216b9bc2a8882461a4ed
mosaiq-benchmark-v0.1-candidate-20260716,mosaiq-benchmark,0.1.0-dev,delta_source_multilabel,0.1.0,DeLTA,clip,DeLTA_Rs330_1,DeLTA_Rs330_1,train,,0.1.0,datasets/DeLTA/data/clips.csv,34264cdd4cf9991f922d705048b5fce0051d9413d77f85ac3ebf62188db05bd1
mosaiq-benchmark-v0.1-candidate-20260716,mosaiq-benchmark,0.1.0-dev,delta_source_multilabel,0.1.0,DeLTA,clip,DeLTA_Rs324_2,DeLTA_Rs324_2,train,,0.1.0,datasets/DeLTA/data/clips.csv,7a072971149b27ca53297a531f040a4b036e59a8c7cf2c001b3c8fa51bdf3bac
mosaiq-benchmark-v0.1-candidate-20260716,mosaiq-benchmark,0.1.0-dev,delta_source_multilabel,0.1.0,DeLTA,clip,DeLTA_Pl109_1,DeLTA_Pl109_1,train,,0.1.0,datasets/DeLTA/data/clips.csv,24c13f178895e49db2132f36b5595030f09c766bb951527b4193d14466c8a928
mosaiq-benchmark-v0.1-candidate-20260716,mosaiq-benchmark,0.1.0-dev,delta_source_multilabel,0.1.0,DeLTA,clip,DeLTA_SM505_1,DeLTA_SM505_1,train,,0.1.0,datasets/DeLTA/data/clips.csv,adf2f28a1c65d24edef5e30abc16690833a08f7fab7d1de937b0881f29ff9e3d
mosaiq-benchmark-v0.1-candidate-20260716,mosaiq-benchmark,0.1.0-dev,delta_source_multilabel,0.1.0,DeLTA,clip,DeLTA_MC515_2,DeLTA_MC515_2,train,,0.1.0,datasets/DeLTA/data/clips.csv,a39d9724c97f122488565246058ff80fd108328c294289ec5136230f26fd0165
mosaiq-benchmark-v0.1-candidate-20260716,mosaiq-benchmark,0.1.0-dev,delta_source_multilabel,0.1.0,DeLTA,clip,DeLTA_TM431_1,DeLTA_TM431_1,test,,0.1.0,datasets/DeLTA/data/clips.csv,ae15a97efe1e3e6a0b39c900bb3aa0a6261c796ab95753d467af5f918f774a37
mosaiq-benchmark-v0.1-candidate-20260716,mosaiq-benchmark,0.1.0-dev,delta_source_multilabel,0.1.0,DeLTA,clip,DeLTA_Pl209_2,DeLTA_Pl209_2,train,,0.1.0,datasets/DeLTA/data/clips.csv,75d26ac9a1f1e2c28d71713391c6961e271250b4c7a07516c97ac3a945b284e7
mosaiq-benchmark-v0.1-candidate-20260716,mosaiq-benchmark,0.1.0-dev,delta_source_multilabel,0.1.0,DeLTA,clip,DeLTA_RS412_2,DeLTA_RS412_2,dev,,0.1.0,datasets/DeLTA/data/clips.csv,f19cf478e42d53f3886ccd25fde53c62bbdec6cb699cdda2cda4b347dce60af7
mosaiq-benchmark-v0.1-candidate-20260716,mosaiq-benchmark,0.1.0-dev,delta_source_multilabel,0.1.0,DeLTA,clip,DeLTA_ML214_1,DeLTA_ML214_1,train,,0.1.0,datasets/DeLTA/data/clips.csv,e9c3ffb3182c506730a07d7b93933f4c8f0c07c61683738ad0af8c93617e9eef
mosaiq-benchmark-v0.1-candidate-20260716,mosaiq-benchmark,0.1.0-dev,delta_source_multilabel,0.1.0,DeLTA,clip,DeLTA_sc143_1,DeLTA_sc143_1,train,,0.1.0,datasets/DeLTA/data/clips.csv,202a13924a71a84165fee4216e8c132a2422e7967c469d85c7e0ae3b8de24cdb
mosaiq-benchmark-v0.1-candidate-20260716,mosaiq-benchmark,0.1.0-dev,delta_source_multilabel,0.1.0,DeLTA,clip,DeLTA_Rp126_1,DeLTA_Rp126_1,dev,,0.1.0,datasets/DeLTA/data/clips.csv,d9b07598c8fae74ce6ed9f6b705eefdc32d40b6e055b5f1cd634453a1dbbe94d
mosaiq-benchmark-v0.1-candidate-20260716,mosaiq-benchmark,0.1.0-dev,delta_source_multilabel,0.1.0,DeLTA,clip,DeLTA_Pl222_2,DeLTA_Pl222_2,train,,0.1.0,datasets/DeLTA/data/clips.csv,63049bb11e9bbb23ee843462b2414d83441a380f25afda2ff37d290165496dfe
mosaiq-benchmark-v0.1-candidate-20260716,mosaiq-benchmark,0.1.0-dev,delta_source_multilabel,0.1.0,DeLTA,clip,DeLTA_MG328_2,DeLTA_MG328_2,train,,0.1.0,datasets/DeLTA/data/clips.csv,09f6e2ffba9cf2c6f9564189e4655ecd67d48d11fbb2327619013148f6d147bf
mosaiq-benchmark-v0.1-candidate-20260716,mosaiq-benchmark,0.1.0-dev,delta_source_multilabel,0.1.0,DeLTA,clip,DeLTA_CT541_2,DeLTA_CT541_2,dev,,0.1.0,datasets/DeLTA/data/clips.csv,d47859e7c475039459af58644b510a0b1b9cf06c4c1dc48c7bb19fd0ee8670db
mosaiq-benchmark-v0.1-candidate-20260716,mosaiq-benchmark,0.1.0-dev,delta_source_multilabel,0.1.0,DeLTA,clip,DeLTA_RS440_1,DeLTA_RS440_1,dev,,0.1.0,datasets/DeLTA/data/clips.csv,d1dd37930714087de2795d0d10b2949dce369841a54ab99590182814ad3305f8
mosaiq-benchmark-v0.1-candidate-20260716,mosaiq-benchmark,0.1.0-dev,delta_source_multilabel,0.1.0,DeLTA,clip,DeLTA_CT504_2,DeLTA_CT504_2,test,,0.1.0,datasets/DeLTA/data/clips.csv,401a5a538e0adef4977bf6aaa0856d7d0e28f2fd9e075005ff69b67436a3a4ed
mosaiq-benchmark-v0.1-candidate-20260716,mosaiq-benchmark,0.1.0-dev,delta_source_multilabel,0.1.0,DeLTA,clip,DeLTA_RF330_1,DeLTA_RF330_1,train,,0.1.0,datasets/DeLTA/data/clips.csv,0d4f77e6d7ab1cf44d6151e6b3a9ef3da4a09a853a164f3ddc6e453d0cd14bc4
mosaiq-benchmark-v0.1-candidate-20260716,mosaiq-benchmark,0.1.0-dev,delta_source_multilabel,0.1.0,DeLTA,clip,DeLTA_Pl228_1,DeLTA_Pl228_1,train,,0.1.0,datasets/DeLTA/data/clips.csv,44feaf4eac7f567008449559bf6dbbbd638d6c2f43a7879272707392a04eacfe
mosaiq-benchmark-v0.1-candidate-20260716,mosaiq-benchmark,0.1.0-dev,delta_source_multilabel,0.1.0,DeLTA,clip,DeLTA_sr111_2,DeLTA_sr111_2,train,,0.1.0,datasets/DeLTA/data/clips.csv,502f268c69b350fcb981a3ffeb1e0a894bd783f424db69a7d00e98e094244b16
mosaiq-benchmark-v0.1-candidate-20260716,mosaiq-benchmark,0.1.0-dev,delta_source_multilabel,0.1.0,DeLTA,clip,DeLTA_CT327_2,DeLTA_CT327_2,train,,0.1.0,datasets/DeLTA/data/clips.csv,8de275789071eb3f26b65481d364a23522ff198b17220fead9595b8f8f5cd53e
mosaiq-benchmark-v0.1-candidate-20260716,mosaiq-benchmark,0.1.0-dev,delta_source_multilabel,0.1.0,DeLTA,clip,DeLTA_MG324_2,DeLTA_MG324_2,train,,0.1.0,datasets/DeLTA/data/clips.csv,63ff158d736029832f5a5f68ebc19ef80af6750cfecbb037649329e8d0d1f65a
mosaiq-benchmark-v0.1-candidate-20260716,mosaiq-benchmark,0.1.0-dev,delta_source_multilabel,0.1.0,DeLTA,clip,DeLTA_RP328_1,DeLTA_RP328_1,train,,0.1.0,datasets/DeLTA/data/clips.csv,1983618bb03f6c5d9e3700559b431211914bff2b9f0db1c0a1767b38a477badd
mosaiq-benchmark-v0.1-candidate-20260716,mosaiq-benchmark,0.1.0-dev,delta_source_multilabel,0.1.0,DeLTA,clip,DeLTA_CT315_1,DeLTA_CT315_1,train,,0.1.0,datasets/DeLTA/data/clips.csv,a07ee5d5858ff60ddb6bfa0d401a476fc9b16c8c6b0dd56233129e2662194ab6
mosaiq-benchmark-v0.1-candidate-20260716,mosaiq-benchmark,0.1.0-dev,delta_source_multilabel,0.1.0,DeLTA,clip,DeLTA_Ts416_2,DeLTA_Ts416_2,train,,0.1.0,datasets/DeLTA/data/clips.csv,0748dcfe00d151eb1f3ec5977aeb2a110cd7337fa9c96f02ed50914833098fa0
mosaiq-benchmark-v0.1-candidate-20260716,mosaiq-benchmark,0.1.0-dev,delta_source_multilabel,0.1.0,DeLTA,clip,DeLTA_sc138_2,DeLTA_sc138_2,test,,0.1.0,datasets/DeLTA/data/clips.csv,95d7db8188e0d8d7877422e2d4406f39b454d77328e26260f0f1cf72fad0b735
mosaiq-benchmark-v0.1-candidate-20260716,mosaiq-benchmark,0.1.0-dev,delta_source_multilabel,0.1.0,DeLTA,clip,DeLTA_Rp226_1,DeLTA_Rp226_1,dev,,0.1.0,datasets/DeLTA/data/clips.csv,c058fcaa68c8aad9ea759c6d27226d4af7fb60bfaac707fefda7b1de508da9b9
mosaiq-benchmark-v0.1-candidate-20260716,mosaiq-benchmark,0.1.0-dev,delta_source_multilabel,0.1.0,DeLTA,clip,DeLTA_Rs106_1,DeLTA_Rs106_1,dev,,0.1.0,datasets/DeLTA/data/clips.csv,4cbbb252bbbd4282d25b810a0c8cc7ac2c2e15b10fbef1a1083413ba78e14a2e
mosaiq-benchmark-v0.1-candidate-20260716,mosaiq-benchmark,0.1.0-dev,delta_source_multilabel,0.1.0,DeLTA,clip,DeLTA_tm219_1,DeLTA_tm219_1,train,,0.1.0,datasets/DeLTA/data/clips.csv,9e1aaeded2fb0827bf602bccce670335dd34a91d1b59d81058ef2bdd95392596
mosaiq-benchmark-v0.1-candidate-20260716,mosaiq-benchmark,0.1.0-dev,delta_source_multilabel,0.1.0,DeLTA,clip,DeLTA_ML101_1,DeLTA_ML101_1,dev,,0.1.0,datasets/DeLTA/data/clips.csv,722201f32578436a7933abd2306b0f135ba74a14a0e810758941436c97aebcb1
mosaiq-benchmark-v0.1-candidate-20260716,mosaiq-benchmark,0.1.0-dev,delta_source_multilabel,0.1.0,DeLTA,clip,DeLTA_TM441_2,DeLTA_TM441_2,dev,,0.1.0,datasets/DeLTA/data/clips.csv,a6dc6829e1b87e0244962399cde3f3b2703661af7d9a22042fdde9c6a38ae50a
mosaiq-benchmark-v0.1-candidate-20260716,mosaiq-benchmark,0.1.0-dev,delta_source_multilabel,0.1.0,DeLTA,clip,DeLTA_ET303_1,DeLTA_ET303_1,train,,0.1.0,datasets/DeLTA/data/clips.csv,f6398cca97c14e522ed827a587406f16c5cab0b85e18f6fa4a6c0b542ce5cf60
mosaiq-benchmark-v0.1-candidate-20260716,mosaiq-benchmark,0.1.0-dev,delta_source_multilabel,0.1.0,DeLTA,clip,DeLTA_TM431_2,DeLTA_TM431_2,train,,0.1.0,datasets/DeLTA/data/clips.csv,9f588a7dff6df1cd23116309d7a546fd67cbc1e228dad62819d373013a5fcc62
mosaiq-benchmark-v0.1-candidate-20260716,mosaiq-benchmark,0.1.0-dev,delta_source_multilabel,0.1.0,DeLTA,clip,DeLTA_m23_1,DeLTA_m23_1,dev,,0.1.0,datasets/DeLTA/data/clips.csv,24122224439297533dbb1fe57344e3826c6ca35a189d086afbab90799c47ff23
mosaiq-benchmark-v0.1-candidate-20260716,mosaiq-benchmark,0.1.0-dev,delta_source_multilabel,0.1.0,DeLTA,clip,DeLTA_MC538_2,DeLTA_MC538_2,train,,0.1.0,datasets/DeLTA/data/clips.csv,f452a77feb0a2669ad11ae52a2b007dc78a94dcd9654f6f97618e2165120a043
mosaiq-benchmark-v0.1-candidate-20260716,mosaiq-benchmark,0.1.0-dev,delta_source_multilabel,0.1.0,DeLTA,clip,DeLTA_RF335_2,DeLTA_RF335_2,train,,0.1.0,datasets/DeLTA/data/clips.csv,676ccfca95df9f6b286d1e4c5989f74ae6c2d49d993332aeb28f00a3d406dc78
mosaiq-benchmark-v0.1-candidate-20260716,mosaiq-benchmark,0.1.0-dev,delta_source_multilabel,0.1.0,DeLTA,clip,DeLTA_NP113_1,DeLTA_NP113_1,dev,,0.1.0,datasets/DeLTA/data/clips.csv,75ab5c5eb293421b4a77a0083e633bc28db9d878f6cf940e3dedbe4691b47224
mosaiq-benchmark-v0.1-candidate-20260716,mosaiq-benchmark,0.1.0-dev,delta_source_multilabel,0.1.0,DeLTA,clip,DeLTA_Pl231_1,DeLTA_Pl231_1,train,,0.1.0,datasets/DeLTA/data/clips.csv,23af363ff1b313762f5f9f1bcc8934ae32051a2592336bd1b811ad4ca628fb41
mosaiq-benchmark-v0.1-candidate-20260716,mosaiq-benchmark,0.1.0-dev,delta_source_multilabel,0.1.0,DeLTA,clip,DeLTA_RF324_1,DeLTA_RF324_1,dev,,0.1.0,datasets/DeLTA/data/clips.csv,7060865c033edf41080521e0feac5f4b64f153c9f48bfc98ee897224c5220add
mosaiq-benchmark-v0.1-candidate-20260716,mosaiq-benchmark,0.1.0-dev,delta_source_multilabel,0.1.0,DeLTA,clip,DeLTA_CT301_1,DeLTA_CT301_1,train,,0.1.0,datasets/DeLTA/data/clips.csv,af9b1546709104643cea4ff03cd3c0a1548a2ad05045ae397368063c9b3ad3f1
mosaiq-benchmark-v0.1-candidate-20260716,mosaiq-benchmark,0.1.0-dev,delta_source_multilabel,0.1.0,DeLTA,clip,DeLTA_PL317_2,DeLTA_PL317_2,train,,0.1.0,datasets/DeLTA/data/clips.csv,54e30f19aa06e15f8825332885b322f52303e06db5da8a622f128b59094c516b
mosaiq-benchmark-v0.1-candidate-20260716,mosaiq-benchmark,0.1.0-dev,delta_source_multilabel,0.1.0,DeLTA,clip,DeLTA_2cv41_1,DeLTA_2cv41_1,train,,0.1.0,datasets/DeLTA/data/clips.csv,2f3c7a6370f9837d78b7148e6022cd714aa2432726e6f5369c2a723939acb0e7
mosaiq-benchmark-v0.1-candidate-20260716,mosaiq-benchmark,0.1.0-dev,delta_source_multilabel,0.1.0,DeLTA,clip,DeLTA_ET212_1,DeLTA_ET212_1,test,,0.1.0,datasets/DeLTA/data/clips.csv,e93811edeeb20b65a3f5768507d4e15a9ce35205036ea0c16b8eb0a105d058a8
mosaiq-benchmark-v0.1-candidate-20260716,mosaiq-benchmark,0.1.0-dev,delta_source_multilabel,0.1.0,DeLTA,clip,DeLTA_SR244_1,DeLTA_SR244_1,train,,0.1.0,datasets/DeLTA/data/clips.csv,4a261c6c7654452f49477f9f4977db275773dc6c6b4ded5efd0869914c462223
mosaiq-benchmark-v0.1-candidate-20260716,mosaiq-benchmark,0.1.0-dev,delta_source_multilabel,0.1.0,DeLTA,clip,DeLTA_Rs212_1,DeLTA_Rs212_1,train,,0.1.0,datasets/DeLTA/data/clips.csv,e48077237c539ffe6d265854c493b9e970ee2a00c198cd104c544560f81c6e07
mosaiq-benchmark-v0.1-candidate-20260716,mosaiq-benchmark,0.1.0-dev,delta_source_multilabel,0.1.0,DeLTA,clip,DeLTA_MG309_2,DeLTA_MG309_2,train,,0.1.0,datasets/DeLTA/data/clips.csv,3f4b14bb6ad6385eb31a0e25d3994cf56ef9df75017f7f5038d677ab7374bb69
mosaiq-benchmark-v0.1-candidate-20260716,mosaiq-benchmark,0.1.0-dev,delta_source_multilabel,0.1.0,DeLTA,clip,DeLTA_tm108_2,DeLTA_tm108_2,test,,0.1.0,datasets/DeLTA/data/clips.csv,8d98d5d161503362eb7e4c0191054a43a86d41f29809f5bd2dbdda93f5d5ef28
mosaiq-benchmark-v0.1-candidate-20260716,mosaiq-benchmark,0.1.0-dev,delta_source_multilabel,0.1.0,DeLTA,clip,DeLTA_ML214_2,DeLTA_ML214_2,train,,0.1.0,datasets/DeLTA/data/clips.csv,a5068fe675ad175c8d5ff4edcaa48a9427f1c40b8909ea0284985386938b5f21
mosaiq-benchmark-v0.1-candidate-20260716,mosaiq-benchmark,0.1.0-dev,delta_source_multilabel,0.1.0,DeLTA,clip,DeLTA_SC213_1,DeLTA_SC213_1,test,,0.1.0,datasets/DeLTA/data/clips.csv,ce65d2b33ef117dd96f33f296b3be8e7f384d018fae56c6e3e767306661b3053
mosaiq-benchmark-v0.1-candidate-20260716,mosaiq-benchmark,0.1.0-dev,delta_source_multilabel,0.1.0,DeLTA,clip,DeLTA_tm118_2,DeLTA_tm118_2,train,,0.1.0,datasets/DeLTA/data/clips.csv,b1f561c4f65a4f027687bf36b5b02015368ee9ce2d8e3e2f7cdbc02a5ceb01e2
mosaiq-benchmark-v0.1-candidate-20260716,mosaiq-benchmark,0.1.0-dev,delta_source_multilabel,0.1.0,DeLTA,clip,DeLTA_SM506_1,DeLTA_SM506_1,train,,0.1.0,datasets/DeLTA/data/clips.csv,1ff69e0d9d92c3987c6f4a636fdedd4d606d3cfa8ffcaa89a080e8fc2b81064e
mosaiq-benchmark-v0.1-candidate-20260716,mosaiq-benchmark,0.1.0-dev,delta_source_multilabel,0.1.0,DeLTA,clip,DeLTA_Rs224_1,DeLTA_Rs224_1,train,,0.1.0,datasets/DeLTA/data/clips.csv,1b2b9485a6f5e850b62e6b3edb40000dc1ca06413a8f860e7500bc3e77cb9a02
mosaiq-benchmark-v0.1-candidate-20260716,mosaiq-benchmark,0.1.0-dev,delta_source_multilabel,0.1.0,DeLTA,clip,DeLTA_RP335_2,DeLTA_RP335_2,train,,0.1.0,datasets/DeLTA/data/clips.csv,455a66b8faa10791f006aeb0df3572306483aa8415fae3850aff0bf03a22ab00
mosaiq-benchmark-v0.1-candidate-20260716,mosaiq-benchmark,0.1.0-dev,delta_source_multilabel,0.1.0,DeLTA,clip,DeLTA_ts209_2,DeLTA_ts209_2,test,,0.1.0,datasets/DeLTA/data/clips.csv,71c5aa7ff82a9a0c617f8e30428e561651feda76bfeee1fadfd82a2a0b45a333
mosaiq-benchmark-v0.1-candidate-20260716,mosaiq-benchmark,0.1.0-dev,delta_source_multilabel,0.1.0,DeLTA,clip,DeLTA_cp19_1,DeLTA_cp19_1,dev,,0.1.0,datasets/DeLTA/data/clips.csv,89f027e9c200fe9fee713547f454676849180756dd3a1bb09754e399d12f1010
mosaiq-benchmark-v0.1-candidate-20260716,mosaiq-benchmark,0.1.0-dev,delta_source_multilabel,0.1.0,DeLTA,clip,DeLTA_Rp208_1,DeLTA_Rp208_1,train,,0.1.0,datasets/DeLTA/data/clips.csv,b8c74dcc15fe5225b4b6d49480ddb760065fa59e1fdf2ffae44540203c68080f
mosaiq-benchmark-v0.1-candidate-20260716,mosaiq-benchmark,0.1.0-dev,delta_source_multilabel,0.1.0,DeLTA,clip,DeLTA_RS405_2,DeLTA_RS405_2,dev,,0.1.0,datasets/DeLTA/data/clips.csv,ed6b2b870c4e22d43652d121b3d23323421648bdcbd320afd3cbfe85677aa05c
mosaiq-benchmark-v0.1-candidate-20260716,mosaiq-benchmark,0.1.0-dev,delta_source_multilabel,0.1.0,DeLTA,clip,DeLTA_Rp133_2,DeLTA_Rp133_2,train,,0.1.0,datasets/DeLTA/data/clips.csv,24149b5e2d8048d87a4b393e9cb798d0bf5c3993167e9ac237ec66e088b8368a
mosaiq-benchmark-v0.1-candidate-20260716,mosaiq-benchmark,0.1.0-dev,delta_source_multilabel,0.1.0,DeLTA,clip,DeLTA_Mc418_2,DeLTA_Mc418_2,train,,0.1.0,datasets/DeLTA/data/clips.csv,addc42872e51aa7a175227b133ca28c30c531cae8a7f8e7db165861e592313fc
mosaiq-benchmark-v0.1-candidate-20260716,mosaiq-benchmark,0.1.0-dev,delta_source_multilabel,0.1.0,DeLTA,clip,DeLTA_TS527_2,DeLTA_TS527_2,dev,,0.1.0,datasets/DeLTA/data/clips.csv,6ab0fb86136b95cffaf5a4daed1dd276c23c689694bc0d49a8fdaf6f0a9382eb
mosaiq-benchmark-v0.1-candidate-20260716,mosaiq-benchmark,0.1.0-dev,delta_source_multilabel,0.1.0,DeLTA,clip,DeLTA_cp13_2,DeLTA_cp13_2,dev,,0.1.0,datasets/DeLTA/data/clips.csv,0f3b3c2a10a78d725ff8fc4bd1e89b0ba3a87b4cdd7e6ffcb385b81b7e17b8f6
mosaiq-benchmark-v0.1-candidate-20260716,mosaiq-benchmark,0.1.0-dev,delta_source_multilabel,0.1.0,DeLTA,clip,DeLTA_2cv34_1,DeLTA_2cv34_1,train,,0.1.0,datasets/DeLTA/data/clips.csv,7c1f7125a54b53371843c1c74d15a7657da380969e655e11fb98f5c5b530af71
mosaiq-benchmark-v0.1-candidate-20260716,mosaiq-benchmark,0.1.0-dev,delta_source_multilabel,0.1.0,DeLTA,clip,DeLTA_TS531_2,DeLTA_TS531_2,train,,0.1.0,datasets/DeLTA/data/clips.csv,9c290d0168ec236ae4d2065d53b0d3a001b305dc062aeb8af5a4338e14d4d282
mosaiq-benchmark-v0.1-candidate-20260716,mosaiq-benchmark,0.1.0-dev,delta_source_multilabel,0.1.0,DeLTA,clip,DeLTA_SM419_2,DeLTA_SM419_2,train,,0.1.0,datasets/DeLTA/data/clips.csv,a5a3d3c1e0d27d3c4869e3d280b76bb1ae2fe008a84d4d819ce26d0e622f027f
mosaiq-benchmark-v0.1-candidate-20260716,mosaiq-benchmark,0.1.0-dev,delta_source_multilabel,0.1.0,DeLTA,clip,DeLTA_sc108_2,DeLTA_sc108_2,train,,0.1.0,datasets/DeLTA/data/clips.csv,52c0d5b843f6e22705a0f1d3efe513b72903ee44d1025cad588dca44720db001
mosaiq-benchmark-v0.1-candidate-20260716,mosaiq-benchmark,0.1.0-dev,delta_source_multilabel,0.1.0,DeLTA,clip,DeLTA_ET101_1,DeLTA_ET101_1,train,,0.1.0,datasets/DeLTA/data/clips.csv,f84b4c1e7a9420b653d2815eb22465189a2f7b2b161b1a39a2c9e5a8a1107944
mosaiq-benchmark-v0.1-candidate-20260716,mosaiq-benchmark,0.1.0-dev,delta_source_multilabel,0.1.0,DeLTA,clip,DeLTA_mc102_2,DeLTA_mc102_2,train,,0.1.0,datasets/DeLTA/data/clips.csv,47bf29c5e00ad598f4f6ed9c9157079d045672fb08dea44e752779d6493c9557
mosaiq-benchmark-v0.1-candidate-20260716,mosaiq-benchmark,0.1.0-dev,delta_source_multilabel,0.1.0,DeLTA,clip,DeLTA_SM410_1,DeLTA_SM410_1,train,,0.1.0,datasets/DeLTA/data/clips.csv,82bee7c6100487fa0b2135dea41d60498077262a4cb65981cc341f968140b072
mosaiq-benchmark-v0.1-candidate-20260716,mosaiq-benchmark,0.1.0-dev,delta_source_multilabel,0.1.0,DeLTA,clip,DeLTA_ML133_2,DeLTA_ML133_2,train,,0.1.0,datasets/DeLTA/data/clips.csv,48e762756b37a7e6520d6017e91a16ef6b26e4aa4d02e6eba13a1e9db2056422
mosaiq-benchmark-v0.1-candidate-20260716,mosaiq-benchmark,0.1.0-dev,delta_source_multilabel,0.1.0,DeLTA,clip,DeLTA_Mc301_1,DeLTA_Mc301_1,train,,0.1.0,datasets/DeLTA/data/clips.csv,d08d8fc213a8ff43c979bb3946182e1ce1b668ce63d8cc8812b9d6b71baa4e32
mosaiq-benchmark-v0.1-candidate-20260716,mosaiq-benchmark,0.1.0-dev,delta_source_multilabel,0.1.0,DeLTA,clip,DeLTA_cv41_1,DeLTA_cv41_1,train,,0.1.0,datasets/DeLTA/data/clips.csv,31d02e765dd558a7253d1c6a2eb73fcb547c9b8942de4e49b8647407fd59b730
mosaiq-benchmark-v0.1-candidate-20260716,mosaiq-benchmark,0.1.0-dev,delta_source_multilabel,0.1.0,DeLTA,clip,DeLTA_ts216_2,DeLTA_ts216_2,dev,,0.1.0,datasets/DeLTA/data/clips.csv,39171595f9fcfb918c11c2bdc3ee633d2a5abb2eb44f4e83a5eba2207b5b9d1e
mosaiq-benchmark-v0.1-candidate-20260716,mosaiq-benchmark,0.1.0-dev,delta_source_multilabel,0.1.0,DeLTA,clip,DeLTA_PL334_2,DeLTA_PL334_2,train,,0.1.0,datasets/DeLTA/data/clips.csv,2ddc52176dfd6cba0b83083975c960e8b0ca30babbaf1922b52e95c58d1da8bf
mosaiq-benchmark-v0.1-candidate-20260716,mosaiq-benchmark,0.1.0-dev,delta_source_multilabel,0.1.0,DeLTA,clip,DeLTA_RP323_2,DeLTA_RP323_2,train,,0.1.0,datasets/DeLTA/data/clips.csv,4592e1973447df67f55dbcc2326e4ab59c11cd2ef687673d7866c65abbc52534
mosaiq-benchmark-v0.1-candidate-20260716,mosaiq-benchmark,0.1.0-dev,delta_source_multilabel,0.1.0,DeLTA,clip,DeLTA_tm230_2,DeLTA_tm230_2,dev,,0.1.0,datasets/DeLTA/data/clips.csv,ca085334800016d364ef9f5c524fb050fa69d8e5d17f09c9abf24d449f0128ce
mosaiq-benchmark-v0.1-candidate-20260716,mosaiq-benchmark,0.1.0-dev,delta_source_multilabel,0.1.0,DeLTA,clip,DeLTA_sr103_2,DeLTA_sr103_2,train,,0.1.0,datasets/DeLTA/data/clips.csv,3fd708957131a04be34bca9e92b438493b292ddb39736d21c626232c42f4f796
mosaiq-benchmark-v0.1-candidate-20260716,mosaiq-benchmark,0.1.0-dev,delta_source_multilabel,0.1.0,DeLTA,clip,DeLTA_ET424_2,DeLTA_ET424_2,train,,0.1.0,datasets/DeLTA/data/clips.csv,83721f9a3bff6f07020a234656b851d5e542d239bc84d1c143d4bb0749c751bd
mosaiq-benchmark-v0.1-candidate-20260716,mosaiq-benchmark,0.1.0-dev,delta_source_multilabel,0.1.0,DeLTA,clip,DeLTA_CT526_2,DeLTA_CT526_2,train,,0.1.0,datasets/DeLTA/data/clips.csv,b9153a6adf7f32a87646a6e74dc9d5288a8df622d11962bacc3204585615d78b
mosaiq-benchmark-v0.1-candidate-20260716,mosaiq-benchmark,0.1.0-dev,delta_source_multilabel,0.1.0,DeLTA,clip,DeLTA_ET109_2,DeLTA_ET109_2,train,,0.1.0,datasets/DeLTA/data/clips.csv,344ed8d3bb971920be7f79690913b26d34c38f0125d00e236fbc8a87d80704cd
mosaiq-benchmark-v0.1-candidate-20260716,mosaiq-benchmark,0.1.0-dev,delta_source_multilabel,0.1.0,DeLTA,clip,DeLTA_AM02_2,DeLTA_AM02_2,train,,0.1.0,datasets/DeLTA/data/clips.csv,93463a6e2e5abb414b1887d9bc6afbf71ca1831549f10aa0b8f66a04cc6d561e
mosaiq-benchmark-v0.1-candidate-20260716,mosaiq-benchmark,0.1.0-dev,delta_source_multilabel,0.1.0,DeLTA,clip,DeLTA_ts206_2,DeLTA_ts206_2,train,,0.1.0,datasets/DeLTA/data/clips.csv,55066b2510ce870ba188224cc85d9f0c010629e4e5a683e108a93606831727dc
mosaiq-benchmark-v0.1-candidate-20260716,mosaiq-benchmark,0.1.0-dev,delta_source_multilabel,0.1.0,DeLTA,clip,DeLTA_MG110_2,DeLTA_MG110_2,train,,0.1.0,datasets/DeLTA/data/clips.csv,536388fe9470d35e68f2efb23b45604cc0cc86dfc51ad00a28dd16856e0e3c3c
mosaiq-benchmark-v0.1-candidate-20260716,mosaiq-benchmark,0.1.0-dev,delta_source_multilabel,0.1.0,DeLTA,clip,DeLTA_PL408_1,DeLTA_PL408_1,train,,0.1.0,datasets/DeLTA/data/clips.csv,572d19f8c102ce5220bec2f6d0785963f1103cfe0caea8e7bf9d9db49ef4a5bc
mosaiq-benchmark-v0.1-candidate-20260716,mosaiq-benchmark,0.1.0-dev,delta_source_multilabel,0.1.0,DeLTA,clip,DeLTA_PL108_2,DeLTA_PL108_2,train,,0.1.0,datasets/DeLTA/data/clips.csv,d907f5d30a49141ea40ecdec170da5a1b4771dfe7aef576e52a02279a1681a34
mosaiq-benchmark-v0.1-candidate-20260716,mosaiq-benchmark,0.1.0-dev,delta_source_multilabel,0.1.0,DeLTA,clip,DeLTA_SC225_1,DeLTA_SC225_1,dev,,0.1.0,datasets/DeLTA/data/clips.csv,971d5145dd4d2c9cf7af6253da2184480902ac6d747cbf30b9076bac60f09949
mosaiq-benchmark-v0.1-candidate-20260716,mosaiq-benchmark,0.1.0-dev,delta_source_multilabel,0.1.0,DeLTA,clip,DeLTA_tm113_2,DeLTA_tm113_2,test,,0.1.0,datasets/DeLTA/data/clips.csv,94e7a335104fc2292c1524e22eed020b144ef71638263f021372f50fc5df3eea
mosaiq-benchmark-v0.1-candidate-20260716,mosaiq-benchmark,0.1.0-dev,delta_source_multilabel,0.1.0,DeLTA,clip,DeLTA_CT413_2,DeLTA_CT413_2,train,,0.1.0,datasets/DeLTA/data/clips.csv,377e527ea6fd29a66b74b359dc8a6168027557aa93ce9d08be03de42ec20e08e
mosaiq-benchmark-v0.1-candidate-20260716,mosaiq-benchmark,0.1.0-dev,delta_source_multilabel,0.1.0,DeLTA,clip,DeLTA_ET103_2,DeLTA_ET103_2,train,,0.1.0,datasets/DeLTA/data/clips.csv,2fbb78a5fa2b6afa4c507245649ddebe3911beb9e75edb19ee884da61abe6f74
mosaiq-benchmark-v0.1-candidate-20260716,mosaiq-benchmark,0.1.0-dev,delta_source_multilabel,0.1.0,DeLTA,clip,DeLTA_MG313_2,DeLTA_MG313_2,train,,0.1.0,datasets/DeLTA/data/clips.csv,1472c9eeadba4f86c421ee62eca1acbfdb52cfb3aab602a696944c8819620703
mosaiq-benchmark-v0.1-candidate-20260716,mosaiq-benchmark,0.1.0-dev,delta_source_multilabel,0.1.0,DeLTA,clip,DeLTA_Ts412_1,DeLTA_Ts412_1,train,,0.1.0,datasets/DeLTA/data/clips.csv,2118c8fb36819eb8732b8df1212405190cf0c6e3b93a71bf324f82d7d6613655
mosaiq-benchmark-v0.1-candidate-20260716,mosaiq-benchmark,0.1.0-dev,delta_source_multilabel,0.1.0,DeLTA,clip,DeLTA_RF306_1,DeLTA_RF306_1,dev,,0.1.0,datasets/DeLTA/data/clips.csv,86fc8f2e64b64b4412e8f1e882d765ba29f7d83f755f10a3b2b3ed942ba7a44a
mosaiq-benchmark-v0.1-candidate-20260716,mosaiq-benchmark,0.1.0-dev,delta_source_multilabel,0.1.0,DeLTA,clip,DeLTA_SR215_2,DeLTA_SR215_2,test,,0.1.0,datasets/DeLTA/data/clips.csv,998915d55e1296faf289f245bfdf62b64880babe8b0a48ebc0d32747b4b00785
mosaiq-benchmark-v0.1-candidate-20260716,mosaiq-benchmark,0.1.0-dev,delta_source_multilabel,0.1.0,DeLTA,clip,DeLTA_MG307_2,DeLTA_MG307_2,train,,0.1.0,datasets/DeLTA/data/clips.csv,18acb9cf2ec29ad20588ac72c45c8362edb97340c76643e88ff7f412069d4e8d
mosaiq-benchmark-v0.1-candidate-20260716,mosaiq-benchmark,0.1.0-dev,delta_source_multilabel,0.1.0,DeLTA,clip,DeLTA_NP118_1,DeLTA_NP118_1,train,,0.1.0,datasets/DeLTA/data/clips.csv,8189d4259834cda61ff0ff75f9b27fe2d5a5ba81eb18a5821e0dc1c3b1148e7b
mosaiq-benchmark-v0.1-candidate-20260716,mosaiq-benchmark,0.1.0-dev,delta_source_multilabel,0.1.0,DeLTA,clip,DeLTA_MC521_1,DeLTA_MC521_1,test,,0.1.0,datasets/DeLTA/data/clips.csv,a1f9e77819ef1f8b3de75494840bfebd12fa9915ca67fbb04e35ffb07a117674
mosaiq-benchmark-v0.1-candidate-20260716,mosaiq-benchmark,0.1.0-dev,delta_source_multilabel,0.1.0,DeLTA,clip,DeLTA_ET412_2,DeLTA_ET412_2,train,,0.1.0,datasets/DeLTA/data/clips.csv,5369e9eb722a4887b0a25587291ffc1e1c6e2ac01224399cac72200b3684ce5c
mosaiq-benchmark-v0.1-candidate-20260716,mosaiq-benchmark,0.1.0-dev,delta_source_multilabel,0.1.0,DeLTA,clip,DeLTA_sc108_1,DeLTA_sc108_1,test,,0.1.0,datasets/DeLTA/data/clips.csv,50a8885019bb3c8ea04c0cfc88c2571caf995189b288ca0dd7335d9c98b61fea
mosaiq-benchmark-v0.1-candidate-20260716,mosaiq-benchmark,0.1.0-dev,delta_source_multilabel,0.1.0,DeLTA,clip,DeLTA_SR224_1,DeLTA_SR224_1,train,,0.1.0,datasets/DeLTA/data/clips.csv,b31de9322e0f799f45c2525efea805b6083645b1011b47742b4fb0bc487ab22b
mosaiq-benchmark-v0.1-candidate-20260716,mosaiq-benchmark,0.1.0-dev,delta_source_multilabel,0.1.0,DeLTA,clip,DeLTA_Rp230_1,DeLTA_Rp230_1,train,,0.1.0,datasets/DeLTA/data/clips.csv,795a891d783a6eaf884f349e9238d31e9049c010db0496e508b1d98c0af0f5ca
mosaiq-benchmark-v0.1-candidate-20260716,mosaiq-benchmark,0.1.0-dev,delta_source_multilabel,0.1.0,DeLTA,clip,DeLTA_PL320_1,DeLTA_PL320_1,dev,,0.1.0,datasets/DeLTA/data/clips.csv,85377c3bab41d78ed01e7325daf729caada84beed51d7a4e45663e886bf4d9ec
mosaiq-benchmark-v0.1-candidate-20260716,mosaiq-benchmark,0.1.0-dev,delta_source_multilabel,0.1.0,DeLTA,clip,DeLTA_MC520_1,DeLTA_MC520_1,dev,,0.1.0,datasets/DeLTA/data/clips.csv,bc0bc59b81634e8735ee6dfc7c6a3c27cba0b998175867d238a65255122313cd
mosaiq-benchmark-v0.1-candidate-20260716,mosaiq-benchmark,0.1.0-dev,delta_source_multilabel,0.1.0,DeLTA,clip,DeLTA_ET304_1,DeLTA_ET304_1,dev,,0.1.0,datasets/DeLTA/data/clips.csv,e7cdd57af747a64f10ed6735737c40b28e6dc77b15233764aedd82eb53070752
mosaiq-benchmark-v0.1-candidate-20260716,mosaiq-benchmark,0.1.0-dev,delta_source_multilabel,0.1.0,DeLTA,clip,DeLTA_TS509_1,DeLTA_TS509_1,train,,0.1.0,datasets/DeLTA/data/clips.csv,45103e95f3161ce4281bcbe4558f54204187c525342761ec1ab99f8f7ecdd359
mosaiq-benchmark-v0.1-candidate-20260716,mosaiq-benchmark,0.1.0-dev,delta_source_multilabel,0.1.0,DeLTA,clip,DeLTA_tm335_2,DeLTA_tm335_2,test,,0.1.0,datasets/DeLTA/data/clips.csv,64d4262ee18f8aa5e2fa699680b4b9b3d675272b9b8c3fde0bf4ea60dd8eabb6
mosaiq-benchmark-v0.1-candidate-20260716,mosaiq-benchmark,0.1.0-dev,delta_source_multilabel,0.1.0,DeLTA,clip,DeLTA_MC529_2,DeLTA_MC529_2,dev,,0.1.0,datasets/DeLTA/data/clips.csv,ccb364c1977138f12616574fd48eaef21d04b547d44bf47a2816f65da9237f68
mosaiq-benchmark-v0.1-candidate-20260716,mosaiq-benchmark,0.1.0-dev,delta_source_multilabel,0.1.0,DeLTA,clip,DeLTA_Rp123_2,DeLTA_Rp123_2,train,,0.1.0,datasets/DeLTA/data/clips.csv,ccfa6a29d33dbe9694d7ff959d533cc37ebf3a1e5a2120f47c851f8a9a60d575
mosaiq-benchmark-v0.1-candidate-20260716,mosaiq-benchmark,0.1.0-dev,delta_source_multilabel,0.1.0,DeLTA,clip,DeLTA_Pl219_2,DeLTA_Pl219_2,train,,0.1.0,datasets/DeLTA/data/clips.csv,fca6a87a766a6ac0c3cc277b5cf29c938d9649951812270958d7efc9d00d8c85
mosaiq-benchmark-v0.1-candidate-20260716,mosaiq-benchmark,0.1.0-dev,delta_source_multilabel,0.1.0,DeLTA,clip,DeLTA_ET103_1,DeLTA_ET103_1,train,,0.1.0,datasets/DeLTA/data/clips.csv,d49bd0a28fd826630cd4accb14758bd1db93cdb94d98f0d48c65182943aa43e2
mosaiq-benchmark-v0.1-candidate-20260716,mosaiq-benchmark,0.1.0-dev,delta_source_multilabel,0.1.0,DeLTA,clip,DeLTA_ts217_2,DeLTA_ts217_2,train,,0.1.0,datasets/DeLTA/data/clips.csv,c2ffbb1a718ae7913c82ea21ee40d655e9486ad9f1dfacbe8ea0ff6326c9c8c9
mosaiq-benchmark-v0.1-candidate-20260716,mosaiq-benchmark,0.1.0-dev,delta_source_multilabel,0.1.0,DeLTA,clip,DeLTA_TM409_1,DeLTA_TM409_1,dev,,0.1.0,datasets/DeLTA/data/clips.csv,ea72b80738f7e394fc16a8a234d47808d470674b090a47a43b7d17fed526349f
mosaiq-benchmark-v0.1-candidate-20260716,mosaiq-benchmark,0.1.0-dev,delta_source_multilabel,0.1.0,DeLTA,clip,DeLTA_Rf129_2,DeLTA_Rf129_2,train,,0.1.0,datasets/DeLTA/data/clips.csv,9d4532ed777aee98c99c33b82d0adf0e688ff88c7bcee2f7992eb20581aaf92d
mosaiq-benchmark-v0.1-candidate-20260716,mosaiq-benchmark,0.1.0-dev,delta_source_multilabel,0.1.0,DeLTA,clip,DeLTA_ET205_2,DeLTA_ET205_2,dev,,0.1.0,datasets/DeLTA/data/clips.csv,6f66ff5ed56c9497eebca5ceeceead28de6f0cc4d3bc92a1f7044304cfff916e
mosaiq-benchmark-v0.1-candidate-20260716,mosaiq-benchmark,0.1.0-dev,delta_source_multilabel,0.1.0,DeLTA,clip,DeLTA_sr133_2,DeLTA_sr133_2,train,,0.1.0,datasets/DeLTA/data/clips.csv,3e01d0bf6db6df1deddbcfed33e8eb27fc93832a4e89d7532a6cf7a9211c9212
mosaiq-benchmark-v0.1-candidate-20260716,mosaiq-benchmark,0.1.0-dev,delta_source_multilabel,0.1.0,DeLTA,clip,DeLTA_tm306_1,DeLTA_tm306_1,train,,0.1.0,datasets/DeLTA/data/clips.csv,8ce6f1274da76416aaa006b467e254c56309827d1499f08c693e5a3fc6e9c980
mosaiq-benchmark-v0.1-candidate-20260716,mosaiq-benchmark,0.1.0-dev,delta_source_multilabel,0.1.0,DeLTA,clip,DeLTA_MC518_2,DeLTA_MC518_2,train,,0.1.0,datasets/DeLTA/data/clips.csv,c4dcd9f7cdb2d382b952f6297e8e4cedf217f6b57677b73ad09f6f1e8cab82ba
mosaiq-benchmark-v0.1-candidate-20260716,mosaiq-benchmark,0.1.0-dev,delta_source_multilabel,0.1.0,DeLTA,clip,DeLTA_Rf126_2,DeLTA_Rf126_2,train,,0.1.0,datasets/DeLTA/data/clips.csv,c664dc445ae89d0b422932b606ef036fde9092e1194b95b4c7236cfa5387bc5e
mosaiq-benchmark-v0.1-candidate-20260716,mosaiq-benchmark,0.1.0-dev,delta_source_multilabel,0.1.0,DeLTA,clip,DeLTA_ML111_8,DeLTA_ML111_8,train,,0.1.0,datasets/DeLTA/data/clips.csv,9eb46aabe80b7bb0c93132cee4bd0f79760e5761b921e0462eba129ef277f0cd
mosaiq-benchmark-v0.1-candidate-20260716,mosaiq-benchmark,0.1.0-dev,delta_source_multilabel,0.1.0,DeLTA,clip,DeLTA_SR246_2,DeLTA_SR246_2,train,,0.1.0,datasets/DeLTA/data/clips.csv,0c2241fd2bda4193761fd355fc03e57e22307c63283107c81ecf7897aab33d0d
mosaiq-benchmark-v0.1-candidate-20260716,mosaiq-benchmark,0.1.0-dev,delta_source_multilabel,0.1.0,DeLTA,clip,DeLTA_cv45_2,DeLTA_cv45_2,train,,0.1.0,datasets/DeLTA/data/clips.csv,c286ef5d52f654429afcc360336ea3e0baf5ddd8d95f2a816f33c76686752380
mosaiq-benchmark-v0.1-candidate-20260716,mosaiq-benchmark,0.1.0-dev,delta_source_multilabel,0.1.0,DeLTA,clip,DeLTA_MG314_1,DeLTA_MG314_1,test,,0.1.0,datasets/DeLTA/data/clips.csv,1459b34b9e2594538103240104e524714390306dc209570d2b6b08edc6556064
mosaiq-benchmark-v0.1-candidate-20260716,mosaiq-benchmark,0.1.0-dev,delta_source_multilabel,0.1.0,DeLTA,clip,DeLTA_RP325_1,DeLTA_RP325_1,test,,0.1.0,datasets/DeLTA/data/clips.csv,e954a6f49ef9a489e0149dc5c4b2554b5cfa09cdf1ed30884489c819e3316abf
mosaiq-benchmark-v0.1-candidate-20260716,mosaiq-benchmark,0.1.0-dev,delta_source_multilabel,0.1.0,DeLTA,clip,DeLTA_ET406_2,DeLTA_ET406_2,train,,0.1.0,datasets/DeLTA/data/clips.csv,1f668951b079333280d86c29c20f9261b7be64ac85e1df628c8f7e11adfbde2c
mosaiq-benchmark-v0.1-candidate-20260716,mosaiq-benchmark,0.1.0-dev,delta_source_multilabel,0.1.0,DeLTA,clip,DeLTA_m22_2,DeLTA_m22_2,train,,0.1.0,datasets/DeLTA/data/clips.csv,39870876d57ba382eda51277046d42930c0d1f3a5c78cf26ceac57fe11d132a3
mosaiq-benchmark-v0.1-candidate-20260716,mosaiq-benchmark,0.1.0-dev,delta_source_multilabel,0.1.0,DeLTA,clip,DeLTA_Mc329_2,DeLTA_Mc329_2,train,,0.1.0,datasets/DeLTA/data/clips.csv,2ede61f327fbd88d689bf3d7022f2def085a5a1c731791b0b1b87d11860cabfc
mosaiq-benchmark-v0.1-candidate-20260716,mosaiq-benchmark,0.1.0-dev,delta_source_multilabel,0.1.0,DeLTA,clip,DeLTA_Rs218_1,DeLTA_Rs218_1,train,,0.1.0,datasets/DeLTA/data/clips.csv,1f92c7734d36da4c0ec5f0b56cf527dd3d1d216458db24daf70735d4e3eda4cc
mosaiq-benchmark-v0.1-candidate-20260716,mosaiq-benchmark,0.1.0-dev,delta_source_multilabel,0.1.0,DeLTA,clip,DeLTA_sr134_1,DeLTA_sr134_1,train,,0.1.0,datasets/DeLTA/data/clips.csv,90c624a6910384871dee29860ac8925b533167706ddabc658c783eb141c7560c
mosaiq-benchmark-v0.1-candidate-20260716,mosaiq-benchmark,0.1.0-dev,delta_source_multilabel,0.1.0,DeLTA,clip,DeLTA_RS428_2,DeLTA_RS428_2,train,,0.1.0,datasets/DeLTA/data/clips.csv,eb5a509b7e666793a3e4152297a72d2a28d89d67da65506dff1edf6f1a866409
mosaiq-benchmark-v0.1-candidate-20260716,mosaiq-benchmark,0.1.0-dev,delta_source_multilabel,0.1.0,DeLTA,clip,DeLTA_Rp214_2,DeLTA_Rp214_2,train,,0.1.0,datasets/DeLTA/data/clips.csv,a3949b19c64d3bb0f67a2330704aae7829afb5a7e0ebc089f8a4b1830b0a389a
mosaiq-benchmark-v0.1-candidate-20260716,mosaiq-benchmark,0.1.0-dev,delta_source_multilabel,0.1.0,DeLTA,clip,DeLTA_MG333_2,DeLTA_MG333_2,train,,0.1.0,datasets/DeLTA/data/clips.csv,f82d59e59461a40e4a4dc37030f16e1ed167bb7ec780cb737bdcfd8daf320d8d
mosaiq-benchmark-v0.1-candidate-20260716,mosaiq-benchmark,0.1.0-dev,delta_source_multilabel,0.1.0,DeLTA,clip,DeLTA_sc135_2,DeLTA_sc135_2,test,,0.1.0,datasets/DeLTA/data/clips.csv,14386e04903dd6fc61d9aa93ff321216e1760d7c22e95363228c83b5b61e83b8
mosaiq-benchmark-v0.1-candidate-20260716,mosaiq-benchmark,0.1.0-dev,delta_source_multilabel,0.1.0,DeLTA,clip,DeLTA_Ts413_2,DeLTA_Ts413_2,train,,0.1.0,datasets/DeLTA/data/clips.csv,e2d38382363982b455b7a25c29a04aae9be94cfa3950b257f3e5b105f187e17e
mosaiq-benchmark-v0.1-candidate-20260716,mosaiq-benchmark,0.1.0-dev,delta_source_multilabel,0.1.0,DeLTA,clip,DeLTA_ET221_1,DeLTA_ET221_1,train,,0.1.0,datasets/DeLTA/data/clips.csv,2d3a263b87972fa6b383013d7155ba461e7a0ff0bccc071c42016c468a08ca71
mosaiq-benchmark-v0.1-candidate-20260716,mosaiq-benchmark,0.1.0-dev,delta_source_multilabel,0.1.0,DeLTA,clip,DeLTA_Mc401_2,DeLTA_Mc401_2,train,,0.1.0,datasets/DeLTA/data/clips.csv,a6f684f74a79326cddfa76548fafcb74c0a3015936d6fff098a44344a2c8cbaa
mosaiq-benchmark-v0.1-candidate-20260716,mosaiq-benchmark,0.1.0-dev,delta_source_multilabel,0.1.0,DeLTA,clip,DeLTA_TS526_2,DeLTA_TS526_2,train,,0.1.0,datasets/DeLTA/data/clips.csv,4c6991240dec68e713442a191bf86370a1e0705cb60c7d95e05c31b8478e1c66
mosaiq-benchmark-v0.1-candidate-20260716,mosaiq-benchmark,0.1.0-dev,delta_source_multilabel,0.1.0,DeLTA,clip,DeLTA_RP335_1,DeLTA_RP335_1,train,,0.1.0,datasets/DeLTA/data/clips.csv,45ba3ca2ba1269e19df489d3a697f0369e02c68c4fe5190e0bfe593a3a941422
mosaiq-benchmark-v0.1-candidate-20260716,mosaiq-benchmark,0.1.0-dev,delta_source_multilabel,0.1.0,DeLTA,clip,DeLTA_Pl218_1,DeLTA_Pl218_1,train,,0.1.0,datasets/DeLTA/data/clips.csv,3d3814e66b9154d340c4538b5ac98e5e77235042a46ada8c37c0dbf6ff662e47
mosaiq-benchmark-v0.1-candidate-20260716,mosaiq-benchmark,0.1.0-dev,delta_source_multilabel,0.1.0,DeLTA,clip,DeLTA_PL407_1,DeLTA_PL407_1,dev,,0.1.0,datasets/DeLTA/data/clips.csv,4ea95f8667be4a32493920e3aaef827e035fa06cd4a50e158a1f38c2ccd7f9ce
mosaiq-benchmark-v0.1-candidate-20260716,mosaiq-benchmark,0.1.0-dev,delta_source_multilabel,0.1.0,DeLTA,clip,DeLTA_bib8_2,DeLTA_bib8_2,test,,0.1.0,datasets/DeLTA/data/clips.csv,9a9a76fe97dc5b2afc13f68daeb49a099585d33084e08fb79cf81748a67aa630
mosaiq-benchmark-v0.1-candidate-20260716,mosaiq-benchmark,0.1.0-dev,delta_source_multilabel,0.1.0,DeLTA,clip,DeLTA_sc142_1,DeLTA_sc142_1,dev,,0.1.0,datasets/DeLTA/data/clips.csv,54cdb47b1b0db5ebb2938ac30a2aa436bb12bdc175af230f39dea67d0a9f3ceb
mosaiq-benchmark-v0.1-candidate-20260716,mosaiq-benchmark,0.1.0-dev,delta_source_multilabel,0.1.0,DeLTA,clip,DeLTA_CT104_2,DeLTA_CT104_2,test,,0.1.0,datasets/DeLTA/data/clips.csv,8c5283a2e1dec25ffdcac7a39648cf7d8ad2876f4976eb3835e07ef13bdb37e7
mosaiq-benchmark-v0.1-candidate-20260716,mosaiq-benchmark,0.1.0-dev,delta_source_multilabel,0.1.0,DeLTA,clip,DeLTA_ET415_2,DeLTA_ET415_2,train,,0.1.0,datasets/DeLTA/data/clips.csv,6442b38d3f651c0445843e5c43ab56722d5d990230b3e5b7ced10842710498c9
mosaiq-benchmark-v0.1-candidate-20260716,mosaiq-benchmark,0.1.0-dev,delta_source_multilabel,0.1.0,DeLTA,clip,DeLTA_tm103_1,DeLTA_tm103_1,test,,0.1.0,datasets/DeLTA/data/clips.csv,f51a8311114d6362cb0126d39534ffbdd72f82dad94b6a9176e6416bf3287aa7
mosaiq-benchmark-v0.1-candidate-20260716,mosaiq-benchmark,0.1.0-dev,delta_source_multilabel,0.1.0,DeLTA,clip,DeLTA_Rf105_1,DeLTA_Rf105_1,train,,0.1.0,datasets/DeLTA/data/clips.csv,c81b8580e9ae73be120d65def93e777f5442958795b1b347f8881b887d20ee6f
mosaiq-benchmark-v0.1-candidate-20260716,mosaiq-benchmark,0.1.0-dev,delta_source_multilabel,0.1.0,DeLTA,clip,DeLTA_Mc118_2,DeLTA_Mc118_2,dev,,0.1.0,datasets/DeLTA/data/clips.csv,eb9c2cbfd2506c698e2d8795f428bdbe614b7c50e5ef0a89b6ab92269ce3d041
mosaiq-benchmark-v0.1-candidate-20260716,mosaiq-benchmark,0.1.0-dev,delta_source_multilabel,0.1.0,DeLTA,clip,DeLTA_MC507_2,DeLTA_MC507_2,train,,0.1.0,datasets/DeLTA/data/clips.csv,2f149e35203fff24dbfb081070a36724dffb5b86510898389934a5918ce9b409
mosaiq-benchmark-v0.1-candidate-20260716,mosaiq-benchmark,0.1.0-dev,delta_source_multilabel,0.1.0,DeLTA,clip,DeLTA_sr123_2,DeLTA_sr123_2,dev,,0.1.0,datasets/DeLTA/data/clips.csv,773b52bb63f8006302498fa293c2bbde10edf0220388cc51e33012f2c6a51438
mosaiq-benchmark-v0.1-candidate-20260716,mosaiq-benchmark,0.1.0-dev,delta_source_multilabel,0.1.0,DeLTA,clip,DeLTA_TM421_1,DeLTA_TM421_1,train,,0.1.0,datasets/DeLTA/data/clips.csv,992f85e1ea36003751dbf6ba69f43579146c7327f9720ab714d5dbc9301ef83f
mosaiq-benchmark-v0.1-candidate-20260716,mosaiq-benchmark,0.1.0-dev,delta_source_multilabel,0.1.0,DeLTA,clip,DeLTA_ET203_2,DeLTA_ET203_2,dev,,0.1.0,datasets/DeLTA/data/clips.csv,450d15052128612bdec31f02139594a3fef151e955971d5ad5f69ba7010a3034
mosaiq-benchmark-v0.1-candidate-20260716,mosaiq-benchmark,0.1.0-dev,delta_source_multilabel,0.1.0,DeLTA,clip,DeLTA_CT519_2,DeLTA_CT519_2,train,,0.1.0,datasets/DeLTA/data/clips.csv,0198d4cc69b4e8be4d9d2471395cb1908ef365e47734e3dd311c434b3e647453
mosaiq-benchmark-v0.1-candidate-20260716,mosaiq-benchmark,0.1.0-dev,delta_source_multilabel,0.1.0,DeLTA,clip,DeLTA_SR216_1,DeLTA_SR216_1,test,,0.1.0,datasets/DeLTA/data/clips.csv,2a586d07dcbb56af28cfb7827a74dd344fa44212fa736891eb4e420f2d0515fd
mosaiq-benchmark-v0.1-candidate-20260716,mosaiq-benchmark,0.1.0-dev,delta_source_multilabel,0.1.0,DeLTA,clip,DeLTA_tm216_2,DeLTA_tm216_2,test,,0.1.0,datasets/DeLTA/data/clips.csv,f4247bad65ff55ae8e43a764199dd01c101142985131ee83a17ae962a7a040cb
mosaiq-benchmark-v0.1-candidate-20260716,mosaiq-benchmark,0.1.0-dev,delta_source_multilabel,0.1.0,DeLTA,clip,DeLTA_tm106_1,DeLTA_tm106_1,train,,0.1.0,datasets/DeLTA/data/clips.csv,26a4271a5ba348730a205ce2741c44b718047f718f3e98ed4d712ae923590f69
mosaiq-benchmark-v0.1-candidate-20260716,mosaiq-benchmark,0.1.0-dev,delta_source_multilabel,0.1.0,DeLTA,clip,DeLTA_SR214_1,DeLTA_SR214_1,train,,0.1.0,datasets/DeLTA/data/clips.csv,c4e2d8af2708665a9e9c288e4906f35c11cb6f06bee03ea9e504bc2f840f3da3
mosaiq-benchmark-v0.1-candidate-20260716,mosaiq-benchmark,0.1.0-dev,delta_source_multilabel,0.1.0,DeLTA,clip,DeLTA_CT305_3,DeLTA_CT305_3,train,,0.1.0,datasets/DeLTA/data/clips.csv,2402f0e529c39d87193a823d2faa2e66afbfda465adb20f16960ec248a5aac06
mosaiq-benchmark-v0.1-candidate-20260716,mosaiq-benchmark,0.1.0-dev,delta_source_multilabel,0.1.0,DeLTA,clip,DeLTA_PL439_2,DeLTA_PL439_2,dev,,0.1.0,datasets/DeLTA/data/clips.csv,e6bfe39508ce6a000f58a310cb20ff8649f80c29e3778aee1504dd113ae6836c
mosaiq-benchmark-v0.1-candidate-20260716,mosaiq-benchmark,0.1.0-dev,delta_source_multilabel,0.1.0,DeLTA,clip,DeLTA_cv14_1,DeLTA_cv14_1,train,,0.1.0,datasets/DeLTA/data/clips.csv,405e5eb44b56831a914ecdc8caf5c6ce8ab6b3c9cb7f835a46a145a1c6ee1811
mosaiq-benchmark-v0.1-candidate-20260716,mosaiq-benchmark,0.1.0-dev,delta_source_multilabel,0.1.0,DeLTA,clip,DeLTA_Rp221_2,DeLTA_Rp221_2,test,,0.1.0,datasets/DeLTA/data/clips.csv,195a1911cef6878abaf582c21c2591c7314b6107b07d7467b55acbaeca9ea0a2
mosaiq-benchmark-v0.1-candidate-20260716,mosaiq-benchmark,0.1.0-dev,delta_source_multilabel,0.1.0,DeLTA,clip,DeLTA_Rs216_2,DeLTA_Rs216_2,train,,0.1.0,datasets/DeLTA/data/clips.csv,673898d7cc777c051c602f7a876905d574bfe2629f1b2139ee487a18c712a098
mosaiq-benchmark-v0.1-candidate-20260716,mosaiq-benchmark,0.1.0-dev,delta_source_multilabel,0.1.0,DeLTA,clip,DeLTA_ET214_1,DeLTA_ET214_1,train,,0.1.0,datasets/DeLTA/data/clips.csv,e3b07d514655a8573f5906dcf1b0b9e79f6fa7c5900e2c579ef6afe940c513d5
mosaiq-benchmark-v0.1-candidate-20260716,mosaiq-benchmark,0.1.0-dev,delta_source_multilabel,0.1.0,DeLTA,clip,DeLTA_SC227_2,DeLTA_SC227_2,train,,0.1.0,datasets/DeLTA/data/clips.csv,edb0bae3165f2ce850ab8979bedccd82389bfdbec39f67aa77fe965b2b92fbf9
mosaiq-benchmark-v0.1-candidate-20260716,mosaiq-benchmark,0.1.0-dev,delta_source_multilabel,0.1.0,DeLTA,clip,DeLTA_SR233_1,DeLTA_SR233_1,test,,0.1.0,datasets/DeLTA/data/clips.csv,441b1ea347eead78ac02c70c4c9e619668e8eb21274d2a98e7a3123bf05c6e5c
mosaiq-benchmark-v0.1-candidate-20260716,mosaiq-benchmark,0.1.0-dev,delta_source_multilabel,0.1.0,DeLTA,clip,DeLTA_Mc119_1,DeLTA_Mc119_1,test,,0.1.0,datasets/DeLTA/data/clips.csv,7dec918cbc2ed68eef8f9165e888c25bbfe5c6feb507441de804c9f2695c6ac3
mosaiq-benchmark-v0.1-candidate-20260716,mosaiq-benchmark,0.1.0-dev,delta_source_multilabel,0.1.0,DeLTA,clip,DeLTA_Mc413_2,DeLTA_Mc413_2,dev,,0.1.0,datasets/DeLTA/data/clips.csv,d544ecd08b566f4a9511e8fcab0bc3d2d43655e3ac53af0b9a0498e0e95680aa
mosaiq-benchmark-v0.1-candidate-20260716,mosaiq-benchmark,0.1.0-dev,delta_source_multilabel,0.1.0,DeLTA,clip,DeLTA_SR243_1,DeLTA_SR243_1,train,,0.1.0,datasets/DeLTA/data/clips.csv,dbdff72df877ee3803259099d3abc3505782878f7dc9fec6cd3411228f3e2454
mosaiq-benchmark-v0.1-candidate-20260716,mosaiq-benchmark,0.1.0-dev,delta_source_multilabel,0.1.0,DeLTA,clip,DeLTA_MG209_1,DeLTA_MG209_1,train,,0.1.0,datasets/DeLTA/data/clips.csv,82c27f212fa3218cace6c938bd6d2d090cea834dd1a117d2aad3ab4b86045170
mosaiq-benchmark-v0.1-candidate-20260716,mosaiq-benchmark,0.1.0-dev,delta_source_multilabel,0.1.0,DeLTA,clip,DeLTA_tm207_1,DeLTA_tm207_1,train,,0.1.0,datasets/DeLTA/data/clips.csv,5f9de85d925887d01c37e5f320e798a537dd3f65cf8d919edfb2a2f005351045
mosaiq-benchmark-v0.1-candidate-20260716,mosaiq-benchmark,0.1.0-dev,delta_source_multilabel,0.1.0,DeLTA,clip,DeLTA_Rs207_2,DeLTA_Rs207_2,train,,0.1.0,datasets/DeLTA/data/clips.csv,a98589912af4da8c042f3f56918a2a3cd313f136f9a9c052192d6db4d9a86385
mosaiq-benchmark-v0.1-candidate-20260716,mosaiq-benchmark,0.1.0-dev,delta_source_multilabel,0.1.0,DeLTA,clip,DeLTA_tm130_2,DeLTA_tm130_2,train,,0.1.0,datasets/DeLTA/data/clips.csv,9ddb39e78fd1c796c7bde4830e8142bc2f09fdbd26939d01bea4dcf467088e0a
mosaiq-benchmark-v0.1-candidate-20260716,mosaiq-benchmark,0.1.0-dev,delta_source_multilabel,0.1.0,DeLTA,clip,DeLTA_Pl206_2,DeLTA_Pl206_2,train,,0.1.0,datasets/DeLTA/data/clips.csv,ddbecdbf94f01dcb6c359439eed49f2ccbad300fda861fbb007ed15f2287de2a
mosaiq-benchmark-v0.1-candidate-20260716,mosaiq-benchmark,0.1.0-dev,delta_source_multilabel,0.1.0,DeLTA,clip,DeLTA_Rf208_1,DeLTA_Rf208_1,test,,0.1.0,datasets/DeLTA/data/clips.csv,980d84db2d235eafcdfb99ca43dbd460d6dc88b6a60e9c483c9c3fdff427b8a0
mosaiq-benchmark-v0.1-candidate-20260716,mosaiq-benchmark,0.1.0-dev,delta_source_multilabel,0.1.0,DeLTA,clip,DeLTA_tm116_1,DeLTA_tm116_1,test,,0.1.0,datasets/DeLTA/data/clips.csv,15e00fa075ac0045dc47589af9c8032e22c948d3ee44603f84ff0a62b6af64ac
mosaiq-benchmark-v0.1-candidate-20260716,mosaiq-benchmark,0.1.0-dev,delta_source_multilabel,0.1.0,DeLTA,clip,DeLTA_sc125_2,DeLTA_sc125_2,dev,,0.1.0,datasets/DeLTA/data/clips.csv,06f2dd8e3bea86b6c09625f0b0915bd78d44b4e1e3054725b588c02447a3722c
mosaiq-benchmark-v0.1-candidate-20260716,mosaiq-benchmark,0.1.0-dev,delta_source_multilabel,0.1.0,DeLTA,clip,DeLTA_2cv33_2,DeLTA_2cv33_2,train,,0.1.0,datasets/DeLTA/data/clips.csv,7c059fbf682f942026f7d693a73fb29f82522e90010dcaeb6b1dd777f92c70c9
mosaiq-benchmark-v0.1-candidate-20260716,mosaiq-benchmark,0.1.0-dev,delta_source_multilabel,0.1.0,DeLTA,clip,DeLTA_tm221_1,DeLTA_tm221_1,test,,0.1.0,datasets/DeLTA/data/clips.csv,3b21718116b1ef018ad6b88b4b0cc68104b53a7a06c54dd4588de2fe59ffa296
mosaiq-benchmark-v0.1-candidate-20260716,mosaiq-benchmark,0.1.0-dev,delta_source_multilabel,0.1.0,DeLTA,clip,DeLTA_Pl105_1,DeLTA_Pl105_1,test,,0.1.0,datasets/DeLTA/data/clips.csv,308dff58ffebacd477dad8151920e0cb810bf1f91102c9dbbc9032c93db208cc
mosaiq-benchmark-v0.1-candidate-20260716,mosaiq-benchmark,0.1.0-dev,delta_source_multilabel,0.1.0,DeLTA,clip,DeLTA_Rp207_2,DeLTA_Rp207_2,test,,0.1.0,datasets/DeLTA/data/clips.csv,ec389cbb86023a7474a8110f2658ebf91269a28c176ce10cad186e81ef525128
mosaiq-benchmark-v0.1-candidate-20260716,mosaiq-benchmark,0.1.0-dev,delta_source_multilabel,0.1.0,DeLTA,clip,DeLTA_sc110_2,DeLTA_sc110_2,train,,0.1.0,datasets/DeLTA/data/clips.csv,2b52371f27e9a6ab78c7d14ebc041a5e32d203106d855ac67469251b6326f956
mosaiq-benchmark-v0.1-candidate-20260716,mosaiq-benchmark,0.1.0-dev,delta_source_multilabel,0.1.0,DeLTA,clip,DeLTA_MG323_2,DeLTA_MG323_2,dev,,0.1.0,datasets/DeLTA/data/clips.csv,b64b6d6500ba8fe07e7948dcc338ddf9b9c7ac7499a83641a57fa0dd9a84c791
mosaiq-benchmark-v0.1-candidate-20260716,mosaiq-benchmark,0.1.0-dev,delta_source_multilabel,0.1.0,DeLTA,clip,DeLTA_cp7_2,DeLTA_cp7_2,train,,0.1.0,datasets/DeLTA/data/clips.csv,93cab55cd799f1c6c11f932def2f8a47fc7f4de0eca51fd32392432a970e5181
mosaiq-benchmark-v0.1-candidate-20260716,mosaiq-benchmark,0.1.0-dev,delta_source_multilabel,0.1.0,DeLTA,clip,DeLTA_Pl119_2,DeLTA_Pl119_2,train,,0.1.0,datasets/DeLTA/data/clips.csv,1ab9569bfaecb92b2387d7bd945ba9960eeeb2fdde5e060a5f01087355a6915a
mosaiq-benchmark-v0.1-candidate-20260716,mosaiq-benchmark,0.1.0-dev,delta_source_multilabel,0.1.0,DeLTA,clip,DeLTA_Rs226_2,DeLTA_Rs226_2,train,,0.1.0,datasets/DeLTA/data/clips.csv,c02410ee0517b0efa2057f884e108fc2c3325133c50ea75d944f346f78d5b522
mosaiq-benchmark-v0.1-candidate-20260716,mosaiq-benchmark,0.1.0-dev,delta_source_multilabel,0.1.0,DeLTA,clip,DeLTA_Rf127_1,DeLTA_Rf127_1,dev,,0.1.0,datasets/DeLTA/data/clips.csv,5edf7c60e63f08c586beb9e2068de05e8a4b487d3d89b8537a2c99e3fb311af0
mosaiq-benchmark-v0.1-candidate-20260716,mosaiq-benchmark,0.1.0-dev,delta_source_multilabel,0.1.0,DeLTA,clip,DeLTA_Rp203_1,DeLTA_Rp203_1,dev,,0.1.0,datasets/DeLTA/data/clips.csv,53d3a50f3a1b6c0a1feb989f782db9cc872689cc537032df6f754e7872af1a2a
mosaiq-benchmark-v0.1-candidate-20260716,mosaiq-benchmark,0.1.0-dev,delta_source_multilabel,0.1.0,DeLTA,clip,DeLTA_SR221_1,DeLTA_SR221_1,dev,,0.1.0,datasets/DeLTA/data/clips.csv,03696a513daa77ca5a9af063d06b6c834071fcbc9ec6fde4a2d317dfe8b1086a
mosaiq-benchmark-v0.1-candidate-20260716,mosaiq-benchmark,0.1.0-dev,delta_source_multilabel,0.1.0,DeLTA,clip,DeLTA_PL107_3,DeLTA_PL107_3,train,,0.1.0,datasets/DeLTA/data/clips.csv,efcbf63672cb1aa35de27667409c0afc511f5cd4421578273ad4f33228738f1c
mosaiq-benchmark-v0.1-candidate-20260716,mosaiq-benchmark,0.1.0-dev,delta_source_multilabel,0.1.0,DeLTA,clip,DeLTA_2cv12_1,DeLTA_2cv12_1,dev,,0.1.0,datasets/DeLTA/data/clips.csv,bb04bc1786018ad9aee039f278d77cb88197ae01173133dad6c26135b5515b0a
mosaiq-benchmark-v0.1-candidate-20260716,mosaiq-benchmark,0.1.0-dev,delta_source_multilabel,0.1.0,DeLTA,clip,DeLTA_Rf111_2,DeLTA_Rf111_2,train,,0.1.0,datasets/DeLTA/data/clips.csv,dbad24b2b818240e519321c789e8f7d33b9d5d0c39d771932514a4bcfd4b8084
mosaiq-benchmark-v0.1-candidate-20260716,mosaiq-benchmark,0.1.0-dev,delta_source_multilabel,0.1.0,DeLTA,clip,DeLTA_CT328_3,DeLTA_CT328_3,train,,0.1.0,datasets/DeLTA/data/clips.csv,48c089f259d5f30ceb36b559c30f3ba408bc4720c16aca81e87c4dadccbb3dcd
mosaiq-benchmark-v0.1-candidate-20260716,mosaiq-benchmark,0.1.0-dev,delta_source_multilabel,0.1.0,DeLTA,clip,DeLTA_ET313_1,DeLTA_ET313_1,train,,0.1.0,datasets/DeLTA/data/clips.csv,8181ac8f31409b1cb65636fddf238a46124c039d03452d32191759757a9ad5f4
mosaiq-benchmark-v0.1-candidate-20260716,mosaiq-benchmark,0.1.0-dev,delta_source_multilabel,0.1.0,DeLTA,clip,DeLTA_bib1_2,DeLTA_bib1_2,train,,0.1.0,datasets/DeLTA/data/clips.csv,918617edd4017dbe381cea7d1a23a597efb19fd4a6ff20dfed42bc877f84b520
mosaiq-benchmark-v0.1-candidate-20260716,mosaiq-benchmark,0.1.0-dev,delta_source_multilabel,0.1.0,DeLTA,clip,DeLTA_RP326_2,DeLTA_RP326_2,test,,0.1.0,datasets/DeLTA/data/clips.csv,b08165c74d3e191018491d5e567d9e63ab761238d4f1815737c0eb7c0f435652
mosaiq-benchmark-v0.1-candidate-20260716,mosaiq-benchmark,0.1.0-dev,delta_source_multilabel,0.1.0,DeLTA,clip,DeLTA_Rf116_2,DeLTA_Rf116_2,train,,0.1.0,datasets/DeLTA/data/clips.csv,360e63846cc437f3dd7c4fe01fbedccfebc7d4d5e9f130b2ca1290bc9b4e794f
mosaiq-benchmark-v0.1-candidate-20260716,mosaiq-benchmark,0.1.0-dev,delta_source_multilabel,0.1.0,DeLTA,clip,DeLTA_tm118_1,DeLTA_tm118_1,train,,0.1.0,datasets/DeLTA/data/clips.csv,e897af9fe89e46e9bb9c71c0648c2ded5f641553715042960404df92eea48085
mosaiq-benchmark-v0.1-candidate-20260716,mosaiq-benchmark,0.1.0-dev,delta_source_multilabel,0.1.0,DeLTA,clip,DeLTA_Mc415_1,DeLTA_Mc415_1,train,,0.1.0,datasets/DeLTA/data/clips.csv,0042f60464a9c7f5b2978b3e1e3806e5c49eefd6398e52a34e545c332705a184
mosaiq-benchmark-v0.1-candidate-20260716,mosaiq-benchmark,0.1.0-dev,delta_source_multilabel,0.1.0,DeLTA,clip,DeLTA_SR229_2,DeLTA_SR229_2,train,,0.1.0,datasets/DeLTA/data/clips.csv,96fa6f2a2b07c87cdeb73a2110e7478c52a032ede5c8c15cd63afcc6cb9573c7
mosaiq-benchmark-v0.1-candidate-20260716,mosaiq-benchmark,0.1.0-dev,delta_source_multilabel,0.1.0,DeLTA,clip,DeLTA_CT401_2,DeLTA_CT401_2,dev,,0.1.0,datasets/DeLTA/data/clips.csv,4df893e32b3dad8737151b8ff64dea1bef25285473af4ef7f076e624ca8ce211
mosaiq-benchmark-v0.1-candidate-20260716,mosaiq-benchmark,0.1.0-dev,delta_source_multilabel,0.1.0,DeLTA,clip,DeLTA_Rs229_2,DeLTA_Rs229_2,train,,0.1.0,datasets/DeLTA/data/clips.csv,22b88cfcf300e77705e063b48f527c19200e23c30af0c71ffabbbd5dfe98306b
mosaiq-benchmark-v0.1-candidate-20260716,mosaiq-benchmark,0.1.0-dev,delta_source_multilabel,0.1.0,DeLTA,clip,DeLTA_Rs227_1,DeLTA_Rs227_1,train,,0.1.0,datasets/DeLTA/data/clips.csv,b81ef32bf5e5db8cf6657bc3a667abf2a05f9ece0790dd066fd98d9ec6d9922a
mosaiq-benchmark-v0.1-candidate-20260716,mosaiq-benchmark,0.1.0-dev,delta_source_multilabel,0.1.0,DeLTA,clip,DeLTA_NP125_2,DeLTA_NP125_2,dev,,0.1.0,datasets/DeLTA/data/clips.csv,28c56eff4926363536090444eab6741f1a99191c0db244a5c01adbe46dcb7eca
mosaiq-benchmark-v0.1-candidate-20260716,mosaiq-benchmark,0.1.0-dev,delta_source_multilabel,0.1.0,DeLTA,clip,DeLTA_sc138_1,DeLTA_sc138_1,test,,0.1.0,datasets/DeLTA/data/clips.csv,13e338df64b1753e7ac538b88e9cdde7940c55f69b033fcac57b819c138bfcfd
mosaiq-benchmark-v0.1-candidate-20260716,mosaiq-benchmark,0.1.0-dev,delta_source_multilabel,0.1.0,DeLTA,clip,DeLTA_RS425_1,DeLTA_RS425_1,train,,0.1.0,datasets/DeLTA/data/clips.csv,ec5abc0312e1a3f77d7a423bce69ea21c260ceff299e92f98dc31541ded75814
mosaiq-benchmark-v0.1-candidate-20260716,mosaiq-benchmark,0.1.0-dev,delta_source_multilabel,0.1.0,DeLTA,clip,DeLTA_RF332_1,DeLTA_RF332_1,train,,0.1.0,datasets/DeLTA/data/clips.csv,e24e25e0aa96c99d0b360b6237821ce81b55fb7905fa1900caaca27b7e35ee9b
mosaiq-benchmark-v0.1-candidate-20260716,mosaiq-benchmark,0.1.0-dev,delta_source_multilabel,0.1.0,DeLTA,clip,DeLTA_cp19_2,DeLTA_cp19_2,test,,0.1.0,datasets/DeLTA/data/clips.csv,eabec5c7c8f39c9a4adc987edffbb3036ac2bad32944bd8bbae77c5b17fc3b2a
mosaiq-benchmark-v0.1-candidate-20260716,mosaiq-benchmark,0.1.0-dev,delta_source_multilabel,0.1.0,DeLTA,clip,DeLTA_Rs119_1,DeLTA_Rs119_1,test,,0.1.0,datasets/DeLTA/data/clips.csv,d657bb87c636dc93fbaa276d12bce303bdc5b7dcf445bfb4ab4c65cad168d7be
mosaiq-benchmark-v0.1-candidate-20260716,mosaiq-benchmark,0.1.0-dev,delta_source_multilabel,0.1.0,DeLTA,clip,DeLTA_Pl112_2,DeLTA_Pl112_2,train,,0.1.0,datasets/DeLTA/data/clips.csv,4199a51b8a7e13ba01d8cdb2558a0e14bb95f977d32139695c8446338a744404
mosaiq-benchmark-v0.1-candidate-20260716,mosaiq-benchmark,0.1.0-dev,delta_source_multilabel,0.1.0,DeLTA,clip,DeLTA_RS428_1,DeLTA_RS428_1,dev,,0.1.0,datasets/DeLTA/data/clips.csv,764503e082adad95ce55a8fa4bba121037a648f6fbd0ec16344e559da1502edc
mosaiq-benchmark-v0.1-candidate-20260716,mosaiq-benchmark,0.1.0-dev,delta_source_multilabel,0.1.0,DeLTA,clip,DeLTA_CT122_2,DeLTA_CT122_2,train,,0.1.0,datasets/DeLTA/data/clips.csv,a5627e947d51e55d14a57e560b693d77d1ed772f9d4168b4cf4f50865eba7bae
mosaiq-benchmark-v0.1-candidate-20260716,mosaiq-benchmark,0.1.0-dev,delta_source_multilabel,0.1.0,DeLTA,clip,DeLTA_Rs323_1,DeLTA_Rs323_1,train,,0.1.0,datasets/DeLTA/data/clips.csv,6650ec45cfe3b86668013fc1394218368b58b0016329ae1a79f851ed1a806b7a
mosaiq-benchmark-v0.1-candidate-20260716,mosaiq-benchmark,0.1.0-dev,delta_source_multilabel,0.1.0,DeLTA,clip,DeLTA_SM515_1,DeLTA_SM515_1,train,,0.1.0,datasets/DeLTA/data/clips.csv,e60f92f2ae4cdffe2ef37a795a46fb5ce6613a38ec56deb1007c6e8785374d18
mosaiq-benchmark-v0.1-candidate-20260716,mosaiq-benchmark,0.1.0-dev,delta_source_multilabel,0.1.0,DeLTA,clip,DeLTA_Mc332_2,DeLTA_Mc332_2,test,,0.1.0,datasets/DeLTA/data/clips.csv,28c538e6f82311bf91ac97d2b9e34b1c7e543b924df8f623dadba5965280968e
mosaiq-benchmark-v0.1-candidate-20260716,mosaiq-benchmark,0.1.0-dev,delta_source_multilabel,0.1.0,DeLTA,clip,DeLTA_TS520_2,DeLTA_TS520_2,train,,0.1.0,datasets/DeLTA/data/clips.csv,fcbdfe68566858282e8c5de5b75365c23f8c3e2c318046603956fe97e912edc1
mosaiq-benchmark-v0.1-candidate-20260716,mosaiq-benchmark,0.1.0-dev,delta_source_multilabel,0.1.0,DeLTA,clip,DeLTA_ET403_2,DeLTA_ET403_2,train,,0.1.0,datasets/DeLTA/data/clips.csv,0267f552931293f760c8b56884734286b524146c77d2d8ec7dbd88482fdfe956
mosaiq-benchmark-v0.1-candidate-20260716,mosaiq-benchmark,0.1.0-dev,delta_source_multilabel,0.1.0,DeLTA,clip,DeLTA_RF301_1,DeLTA_RF301_1,test,,0.1.0,datasets/DeLTA/data/clips.csv,a0d699cfe57f11b4c2690e36de1d082e8314c0d1ee1946b9d7367c3f19d69582
mosaiq-benchmark-v0.1-candidate-20260716,mosaiq-benchmark,0.1.0-dev,delta_source_multilabel,0.1.0,DeLTA,clip,DeLTA_Rs212_2,DeLTA_Rs212_2,train,,0.1.0,datasets/DeLTA/data/clips.csv,4d9bfb510cd5843bbbd563c05676d17f8ec24eecd69f07fe54628489af4e45a5
mosaiq-benchmark-v0.1-candidate-20260716,mosaiq-benchmark,0.1.0-dev,delta_source_multilabel,0.1.0,DeLTA,clip,DeLTA_Rf221_2,DeLTA_Rf221_2,train,,0.1.0,datasets/DeLTA/data/clips.csv,0c4930830f08b08c1953c4cdb9852fd30f08f03c85ad9c55448bbee70bca90dd
mosaiq-benchmark-v0.1-candidate-20260716,mosaiq-benchmark,0.1.0-dev,delta_source_multilabel,0.1.0,DeLTA,clip,DeLTA_TM429_1,DeLTA_TM429_1,test,,0.1.0,datasets/DeLTA/data/clips.csv,db00fb10aa6b2f67763af3d2fbe53d95cfa006760557b85aa13fd72978bebfbe
mosaiq-benchmark-v0.1-candidate-20260716,mosaiq-benchmark,0.1.0-dev,delta_source_multilabel,0.1.0,DeLTA,clip,DeLTA_RP314_1,DeLTA_RP314_1,train,,0.1.0,datasets/DeLTA/data/clips.csv,8fb789eeb04637c951a915fca50580b781c2fd6fe596bea9c70e5ee2d926e49b
mosaiq-benchmark-v0.1-candidate-20260716,mosaiq-benchmark,0.1.0-dev,delta_source_multilabel,0.1.0,DeLTA,clip,DeLTA_tm122_1,DeLTA_tm122_1,test,,0.1.0,datasets/DeLTA/data/clips.csv,54009d57a65ccab056c78e88a83539acd185221d1bae4c93b0d41dfe9a5ea6e5
mosaiq-benchmark-v0.1-candidate-20260716,mosaiq-benchmark,0.1.0-dev,delta_source_multilabel,0.1.0,DeLTA,clip,DeLTA_tm311_1,DeLTA_tm311_1,train,,0.1.0,datasets/DeLTA/data/clips.csv,fce45b0377b566dddede2556da72887e57209f5bcb07b1608bf38faf698cbd46
mosaiq-benchmark-v0.1-candidate-20260716,mosaiq-benchmark,0.1.0-dev,delta_source_multilabel,0.1.0,DeLTA,clip,DeLTA_MG211_1,DeLTA_MG211_1,train,,0.1.0,datasets/DeLTA/data/clips.csv,06729345131835d5123cc888e63f0550b99bbcf6ad323f81290ab30ffdd213ed
mosaiq-benchmark-v0.1-candidate-20260716,mosaiq-benchmark,0.1.0-dev,delta_source_multilabel,0.1.0,DeLTA,clip,DeLTA_ET110_1,DeLTA_ET110_1,train,,0.1.0,datasets/DeLTA/data/clips.csv,d2a78c373f8344c76a764f9d8f084cae5a692864419ee607172da80b1f32f47d
mosaiq-benchmark-v0.1-candidate-20260716,mosaiq-benchmark,0.1.0-dev,delta_source_multilabel,0.1.0,DeLTA,clip,DeLTA_sc110_1,DeLTA_sc110_1,dev,,0.1.0,datasets/DeLTA/data/clips.csv,84fbf79ab86417f8eeceba6a213f7a155e132c7dbfb1694e223c38432f68f431
mosaiq-benchmark-v0.1-candidate-20260716,mosaiq-benchmark,0.1.0-dev,delta_source_multilabel,0.1.0,DeLTA,clip,DeLTA_bib16_2,DeLTA_bib16_2,dev,,0.1.0,datasets/DeLTA/data/clips.csv,ed802bde285e18930dd10216ad0923bf8aed174aac2ea115dcb7493d6a091f9a
mosaiq-benchmark-v0.1-candidate-20260716,mosaiq-benchmark,0.1.0-dev,delta_source_multilabel,0.1.0,DeLTA,clip,DeLTA_m210_1,DeLTA_m210_1,train,,0.1.0,datasets/DeLTA/data/clips.csv,345768ccc024763e99294e9a64e3e0ea0f0d67bdd351997b6021a8ced515e68b
mosaiq-benchmark-v0.1-candidate-20260716,mosaiq-benchmark,0.1.0-dev,delta_source_multilabel,0.1.0,DeLTA,clip,DeLTA_SM503_1,DeLTA_SM503_1,train,,0.1.0,datasets/DeLTA/data/clips.csv,3e875b34c09c4c851ae8c3d3a163452c2a34ada06869566ff1844fc1764899aa
mosaiq-benchmark-v0.1-candidate-20260716,mosaiq-benchmark,0.1.0-dev,delta_source_multilabel,0.1.0,DeLTA,clip,DeLTA_SR248_2,DeLTA_SR248_2,dev,,0.1.0,datasets/DeLTA/data/clips.csv,9e3c9e19adbf95731ec9cb0324c5d920b1413bfbad9e5d73437e7f1f9ecd6ad0
mosaiq-benchmark-v0.1-candidate-20260716,mosaiq-benchmark,0.1.0-dev,delta_source_multilabel,0.1.0,DeLTA,clip,DeLTA_ET410_2,DeLTA_ET410_2,test,,0.1.0,datasets/DeLTA/data/clips.csv,028b12c8184daf84966d50b65f5e55c63bf4d0dbb595b80b167d75b2845fe5d7
mosaiq-benchmark-v0.1-candidate-20260716,mosaiq-benchmark,0.1.0-dev,delta_source_multilabel,0.1.0,DeLTA,clip,DeLTA_MG330_1,DeLTA_MG330_1,dev,,0.1.0,datasets/DeLTA/data/clips.csv,f3a39728bcbafb003fcdfe83eba56099ba68e068fefb6129038959e0736c7c9e
mosaiq-benchmark-v0.1-candidate-20260716,mosaiq-benchmark,0.1.0-dev,delta_source_multilabel,0.1.0,DeLTA,clip,DeLTA_NP111_2,DeLTA_NP111_2,train,,0.1.0,datasets/DeLTA/data/clips.csv,1462af8f938deb53438832f189eb543245bf52d0b7f11d0df918448a34151928
mosaiq-benchmark-v0.1-candidate-20260716,mosaiq-benchmark,0.1.0-dev,delta_source_multilabel,0.1.0,DeLTA,clip,DeLTA_tm303_2,DeLTA_tm303_2,train,,0.1.0,datasets/DeLTA/data/clips.csv,dbd496dfa335ee864f3b59df5ccbb99b6ce185244cad8663b1348c1ddf336b8c
mosaiq-benchmark-v0.1-candidate-20260716,mosaiq-benchmark,0.1.0-dev,delta_source_multilabel,0.1.0,DeLTA,clip,DeLTA_SR201_2,DeLTA_SR201_2,train,,0.1.0,datasets/DeLTA/data/clips.csv,f04cd4ce0b73904d17bcda27f383d8edf69a6e6056f433042e7d830c73db6022
mosaiq-benchmark-v0.1-candidate-20260716,mosaiq-benchmark,0.1.0-dev,delta_source_multilabel,0.1.0,DeLTA,clip,DeLTA_SM513_1,DeLTA_SM513_1,train,,0.1.0,datasets/DeLTA/data/clips.csv,7289a3e030d78c5a772b2b016250de159c8bcbbcb12ccb4994c52e4eca9a6b62
mosaiq-benchmark-v0.1-candidate-20260716,mosaiq-benchmark,0.1.0-dev,delta_source_multilabel,0.1.0,DeLTA,clip,DeLTA_Pl211_1,DeLTA_Pl211_1,train,,0.1.0,datasets/DeLTA/data/clips.csv,95b0163d002ada685051c15fb370e5704af2017718dae55e56d7bb49e8735ecb
mosaiq-benchmark-v0.1-candidate-20260716,mosaiq-benchmark,0.1.0-dev,delta_source_multilabel,0.1.0,DeLTA,clip,DeLTA_Rs107_2,DeLTA_Rs107_2,train,,0.1.0,datasets/DeLTA/data/clips.csv,53696f6c07fe25032a28493052e91f8d695dd1b711f74f454020c85193923e5d
mosaiq-benchmark-v0.1-candidate-20260716,mosaiq-benchmark,0.1.0-dev,delta_source_multilabel,0.1.0,DeLTA,clip,DeLTA_Rs326_1,DeLTA_Rs326_1,train,,0.1.0,datasets/DeLTA/data/clips.csv,86662bce62488ed13b1292f286ba8e769153ffc96fd6b0559aa56a579de0f438
mosaiq-benchmark-v0.1-candidate-20260716,mosaiq-benchmark,0.1.0-dev,delta_source_multilabel,0.1.0,DeLTA,clip,DeLTA_RP320_2,DeLTA_RP320_2,train,,0.1.0,datasets/DeLTA/data/clips.csv,92fcd5ba1d8b9ab571d3469a157980d99ce37f71f7376019d153dba914ca5eba
mosaiq-benchmark-v0.1-candidate-20260716,mosaiq-benchmark,0.1.0-dev,delta_source_multilabel,0.1.0,DeLTA,clip,DeLTA_CT503_1,DeLTA_CT503_1,train,,0.1.0,datasets/DeLTA/data/clips.csv,0df62693749d0c2952b178c7197e0873d03e5d16d0e58eff17e879286b0d047c
mosaiq-benchmark-v0.1-candidate-20260716,mosaiq-benchmark,0.1.0-dev,delta_source_multilabel,0.1.0,DeLTA,clip,DeLTA_Rs210_1,DeLTA_Rs210_1,train,,0.1.0,datasets/DeLTA/data/clips.csv,dc7929024b870d2d6954a29c70fa9252af37da2b951cfcb8697358c45bd394d8
mosaiq-benchmark-v0.1-candidate-20260716,mosaiq-benchmark,0.1.0-dev,delta_source_multilabel,0.1.0,DeLTA,clip,DeLTA_Rf122_2,DeLTA_Rf122_2,train,,0.1.0,datasets/DeLTA/data/clips.csv,66b1dd0b741592e757e1704ad45105ff30e41ba99ec7133011c691d83116c613
mosaiq-benchmark-v0.1-candidate-20260716,mosaiq-benchmark,0.1.0-dev,delta_source_multilabel,0.1.0,DeLTA,clip,DeLTA_TM442_2,DeLTA_TM442_2,train,,0.1.0,datasets/DeLTA/data/clips.csv,6f0db1ebfdf44d0d233d1449acd33d2b9241d16a509099a72acfc3d234ccd23e
mosaiq-benchmark-v0.1-candidate-20260716,mosaiq-benchmark,0.1.0-dev,delta_source_multilabel,0.1.0,DeLTA,clip,DeLTA_Rf213_1,DeLTA_Rf213_1,train,,0.1.0,datasets/DeLTA/data/clips.csv,a1f458e8d5a1d6125827376c0a0bf77a7d696176cbc2105df2ba7c6ab05b1d7c
mosaiq-benchmark-v0.1-candidate-20260716,mosaiq-benchmark,0.1.0-dev,delta_source_multilabel,0.1.0,DeLTA,clip,DeLTA_RP309_2,DeLTA_RP309_2,train,,0.1.0,datasets/DeLTA/data/clips.csv,bbb003324f28416e33decf483b38c399e0cb4a0893014e5be389bd76da196618
mosaiq-benchmark-v0.1-candidate-20260716,mosaiq-benchmark,0.1.0-dev,delta_source_multilabel,0.1.0,DeLTA,clip,DeLTA_NP119_2,DeLTA_NP119_2,dev,,0.1.0,datasets/DeLTA/data/clips.csv,f7a123c76cd4ac0c7af4025d7a596673d48a2d5e82c82702ad8acbc54bc8ade7
mosaiq-benchmark-v0.1-candidate-20260716,mosaiq-benchmark,0.1.0-dev,delta_source_multilabel,0.1.0,DeLTA,clip,DeLTA_Rs109_1,DeLTA_Rs109_1,test,,0.1.0,datasets/DeLTA/data/clips.csv,ee18aa93070aa8bd033d089dc2afbfd77e464598b99aba8920468baf9a34b76c
mosaiq-benchmark-v0.1-candidate-20260716,mosaiq-benchmark,0.1.0-dev,delta_source_multilabel,0.1.0,DeLTA,clip,DeLTA_ET405_1,DeLTA_ET405_1,train,,0.1.0,datasets/DeLTA/data/clips.csv,c079567ec0eb370f7c102497b6b07b7f9a8bce66508cfd354f879f08f6573e01
mosaiq-benchmark-v0.1-candidate-20260716,mosaiq-benchmark,0.1.0-dev,delta_source_multilabel,0.1.0,DeLTA,clip,DeLTA_sc139_2,DeLTA_sc139_2,train,,0.1.0,datasets/DeLTA/data/clips.csv,4837f4c15426f19b6412d11e75b3d0f5ff748ec5ee52b00b3348f67244a222cf
mosaiq-benchmark-v0.1-candidate-20260716,mosaiq-benchmark,0.1.0-dev,delta_source_multilabel,0.1.0,DeLTA,clip,DeLTA_Mc101_1,DeLTA_Mc101_1,train,,0.1.0,datasets/DeLTA/data/clips.csv,5497701d53217d2bb9b0d62ec40fcb22c3af53c1883c80de3b94f43efd04840b
mosaiq-benchmark-v0.1-candidate-20260716,mosaiq-benchmark,0.1.0-dev,delta_source_multilabel,0.1.0,DeLTA,clip,DeLTA_PL305_2,DeLTA_PL305_2,train,,0.1.0,datasets/DeLTA/data/clips.csv,4ad7e7c9ad8eecf150d8d6a5ec66f9905642d6b4cf35108fce1783359b17521a
mosaiq-benchmark-v0.1-candidate-20260716,mosaiq-benchmark,0.1.0-dev,delta_source_multilabel,0.1.0,DeLTA,clip,DeLTA_TM436_2,DeLTA_TM436_2,test,,0.1.0,datasets/DeLTA/data/clips.csv,084258362e2f292ea46e6da1c964ee94093a3a81e8b7edf91f932bc40c5e642e
mosaiq-benchmark-v0.1-candidate-20260716,mosaiq-benchmark,0.1.0-dev,delta_source_multilabel,0.1.0,DeLTA,clip,DeLTA_SC224_2,DeLTA_SC224_2,train,,0.1.0,datasets/DeLTA/data/clips.csv,9a2dd532668be91dc3dcfd91b227cbe727972478f4d5e4dca629ecdfa2e4fbf9
mosaiq-benchmark-v0.1-candidate-20260716,mosaiq-benchmark,0.1.0-dev,delta_source_multilabel,0.1.0,DeLTA,clip,DeLTA_RS429_2,DeLTA_RS429_2,test,,0.1.0,datasets/DeLTA/data/clips.csv,8af34bb9a0f0385c5b1956a1a7b5e217bfb66f3ab61db38077ad6f05c452f5d8
mosaiq-benchmark-v0.1-candidate-20260716,mosaiq-benchmark,0.1.0-dev,delta_source_multilabel,0.1.0,DeLTA,clip,DeLTA_MG315_1,DeLTA_MG315_1,train,,0.1.0,datasets/DeLTA/data/clips.csv,08f27ce657313418bf38290fb5975f21a0bb3963492bc0b4dd668d6db1459766
mosaiq-benchmark-v0.1-candidate-20260716,mosaiq-benchmark,0.1.0-dev,delta_source_multilabel,0.1.0,DeLTA,clip,DeLTA_CT412_2,DeLTA_CT412_2,train,,0.1.0,datasets/DeLTA/data/clips.csv,3a7508e8fef38322a91e498c611d317ad559a1228506e8f2d107eb44b92df241
mosaiq-benchmark-v0.1-candidate-20260716,mosaiq-benchmark,0.1.0-dev,delta_source_multilabel,0.1.0,DeLTA,clip,DeLTA_ET408_2,DeLTA_ET408_2,dev,,0.1.0,datasets/DeLTA/data/clips.csv,dd3dd74f3d7a1ae3aabf723a662dab47c2db467465d46ed3064b88857b9ad162
mosaiq-benchmark-v0.1-candidate-20260716,mosaiq-benchmark,0.1.0-dev,delta_source_multilabel,0.1.0,DeLTA,clip,DeLTA_NP125_1,DeLTA_NP125_1,dev,,0.1.0,datasets/DeLTA/data/clips.csv,3bdb1375203deb0f531d3f0667945ab789ffcb82055d7189aaa938d7f0aae879
mosaiq-benchmark-v0.1-candidate-20260716,mosaiq-benchmark,0.1.0-dev,delta_source_multilabel,0.1.0,DeLTA,clip,DeLTA_sr140_1,DeLTA_sr140_1,dev,,0.1.0,datasets/DeLTA/data/clips.csv,38a7d8a32b91f3b711ae1253e3a5106a5cd90a7d6176162f96f85d11a8072ea2
mosaiq-benchmark-v0.1-candidate-20260716,mosaiq-benchmark,0.1.0-dev,delta_source_multilabel,0.1.0,DeLTA,clip,DeLTA_tm211_2,DeLTA_tm211_2,train,,0.1.0,datasets/DeLTA/data/clips.csv,ea9bd59dcb7a4ce299328d4ed0e4ae16109c462a1d6be72133293e9f49a1b083
mosaiq-benchmark-v0.1-candidate-20260716,mosaiq-benchmark,0.1.0-dev,delta_source_multilabel,0.1.0,DeLTA,clip,DeLTA_PL318_1,DeLTA_PL318_1,test,,0.1.0,datasets/DeLTA/data/clips.csv,1cc75a6c0ee764af3134b9e43420c23ab88bb12fe0dc35ae83f5cdb2f8730b5d
mosaiq-benchmark-v0.1-candidate-20260716,mosaiq-benchmark,0.1.0-dev,delta_source_multilabel,0.1.0,DeLTA,clip,DeLTA_ET114_1,DeLTA_ET114_1,dev,,0.1.0,datasets/DeLTA/data/clips.csv,8058b58f3e572fc4b2b084e3c145225e9d210561994e8b1c967ee6be576b8109
mosaiq-benchmark-v0.1-candidate-20260716,mosaiq-benchmark,0.1.0-dev,delta_source_multilabel,0.1.0,DeLTA,clip,DeLTA_TM425_2,DeLTA_TM425_2,train,,0.1.0,datasets/DeLTA/data/clips.csv,a2962deae3466bf432b1a86fff09794760f89a895a1667eda71553bdc679b868
mosaiq-benchmark-v0.1-candidate-20260716,mosaiq-benchmark,0.1.0-dev,delta_source_multilabel,0.1.0,DeLTA,clip,DeLTA_RP324_1,DeLTA_RP324_1,train,,0.1.0,datasets/DeLTA/data/clips.csv,5da5f6707baee4cdb376750f87d5485fc0f3e2e44eed2e4ed26c8a760cbdd1bc
mosaiq-benchmark-v0.1-candidate-20260716,mosaiq-benchmark,0.1.0-dev,delta_source_multilabel,0.1.0,DeLTA,clip,DeLTA_Rp213_1,DeLTA_Rp213_1,train,,0.1.0,datasets/DeLTA/data/clips.csv,5721fb8753f2d4a708c52588d8144e407d40ca8642d1c1771e5f1e75f7371cab
mosaiq-benchmark-v0.1-candidate-20260716,mosaiq-benchmark,0.1.0-dev,delta_source_multilabel,0.1.0,DeLTA,clip,DeLTA_Rs208_2,DeLTA_Rs208_2,train,,0.1.0,datasets/DeLTA/data/clips.csv,0086055a97149a217b51a2c5675446e6dbf46a75ad251b12c930298fc65e043c
mosaiq-benchmark-v0.1-candidate-20260716,mosaiq-benchmark,0.1.0-dev,delta_source_multilabel,0.1.0,DeLTA,clip,DeLTA_tm127_2,DeLTA_tm127_2,train,,0.1.0,datasets/DeLTA/data/clips.csv,a8bf73b389c4312c1d698aa576b8f7461275bdb2e429488d5966c0f832f1c21f
mosaiq-benchmark-v0.1-candidate-20260716,mosaiq-benchmark,0.1.0-dev,delta_source_multilabel,0.1.0,DeLTA,clip,DeLTA_TM433_1,DeLTA_TM433_1,train,,0.1.0,datasets/DeLTA/data/clips.csv,0cb9a30dd0fe51f693f775cbf9c64c950948f92a28d378b3e97c8e0622465fe0
mosaiq-benchmark-v0.1-candidate-20260716,mosaiq-benchmark,0.1.0-dev,delta_source_multilabel,0.1.0,DeLTA,clip,DeLTA_MG106_2,DeLTA_MG106_2,test,,0.1.0,datasets/DeLTA/data/clips.csv,9a744f4204d51f249818f3300997ec75b13065a864d459077abcfaa1a1e501eb
mosaiq-benchmark-v0.1-candidate-20260716,mosaiq-benchmark,0.1.0-dev,delta_source_multilabel,0.1.0,DeLTA,clip,DeLTA_ts217_1,DeLTA_ts217_1,train,,0.1.0,datasets/DeLTA/data/clips.csv,ab7e7f312324294f4dc4a273b65a30e598ed8f0822d0cefd32357d3b269d3669
mosaiq-benchmark-v0.1-candidate-20260716,mosaiq-benchmark,0.1.0-dev,delta_source_multilabel,0.1.0,DeLTA,clip,DeLTA_Ts413_1,DeLTA_Ts413_1,dev,,0.1.0,datasets/DeLTA/data/clips.csv,9b8f7c6f7c6afb1574ec396f2be20ddbe18d925ee6aa9a90fb2422bd9c68bc08
mosaiq-benchmark-v0.1-candidate-20260716,mosaiq-benchmark,0.1.0-dev,delta_source_multilabel,0.1.0,DeLTA,clip,DeLTA_RP319_2,DeLTA_RP319_2,train,,0.1.0,datasets/DeLTA/data/clips.csv,fd9afc0ee227205ff123fc0343f4d54d8c503fef0d0fef6b3bbac22775434564
mosaiq-benchmark-v0.1-candidate-20260716,mosaiq-benchmark,0.1.0-dev,delta_source_multilabel,0.1.0,DeLTA,clip,DeLTA_SM517_1,DeLTA_SM517_1,train,,0.1.0,datasets/DeLTA/data/clips.csv,6f949e4b62adf6a58d6c475fec98598f573aec44b52d32a47338d53eb99690ac
mosaiq-benchmark-v0.1-candidate-20260716,mosaiq-benchmark,0.1.0-dev,delta_source_multilabel,0.1.0,DeLTA,clip,DeLTA_Pl223_1,DeLTA_Pl223_1,test,,0.1.0,datasets/DeLTA/data/clips.csv,d12ff87146f31f9eae2af516be3df15babe3ad211d6a777aa5b52f41d6ade38a
mosaiq-benchmark-v0.1-candidate-20260716,mosaiq-benchmark,0.1.0-dev,delta_source_multilabel,0.1.0,DeLTA,clip,DeLTA_PL404_2,DeLTA_PL404_2,train,,0.1.0,datasets/DeLTA/data/clips.csv,903034bb67410777231d1b938c8a5381526b370647460beccf7d0794fba6e04b
mosaiq-benchmark-v0.1-candidate-20260716,mosaiq-benchmark,0.1.0-dev,delta_source_multilabel,0.1.0,DeLTA,clip,DeLTA_Rp110_2,DeLTA_Rp110_2,train,,0.1.0,datasets/DeLTA/data/clips.csv,0181433b6c4bb6ac5ec067b4bf7a3511a60968efe0f3904a6f0a34f937f05ce4
mosaiq-benchmark-v0.1-candidate-20260716,mosaiq-benchmark,0.1.0-dev,delta_source_multilabel,0.1.0,DeLTA,clip,DeLTA_m212_2,DeLTA_m212_2,train,,0.1.0,datasets/DeLTA/data/clips.csv,fb7424d7cd01df17162d875f122d488b3d74d11ea80d9cfb7f3e10ac30d339d6
mosaiq-benchmark-v0.1-candidate-20260716,mosaiq-benchmark,0.1.0-dev,delta_source_multilabel,0.1.0,DeLTA,clip,DeLTA_TM433_2,DeLTA_TM433_2,train,,0.1.0,datasets/DeLTA/data/clips.csv,59f878f17250d4b2c0b0381d405415a386e1f48395a2b6a038bc9b84372553a7
mosaiq-benchmark-v0.1-candidate-20260716,mosaiq-benchmark,0.1.0-dev,delta_source_multilabel,0.1.0,DeLTA,clip,DeLTA_RS408_2,DeLTA_RS408_2,test,,0.1.0,datasets/DeLTA/data/clips.csv,2f75ab0f573e657d66a11d6d9e19caa4c47a91f22d708dc8f2a175f2a76408d3
mosaiq-benchmark-v0.1-candidate-20260716,mosaiq-benchmark,0.1.0-dev,delta_source_multilabel,0.1.0,DeLTA,clip,DeLTA_SC213_2,DeLTA_SC213_2,train,,0.1.0,datasets/DeLTA/data/clips.csv,98dc2c223032b24f9479479eb98607ef23342493f2fcf8326db174d36dc582d6
mosaiq-benchmark-v0.1-candidate-20260716,mosaiq-benchmark,0.1.0-dev,delta_source_multilabel,0.1.0,DeLTA,clip,DeLTA_ML209_1,DeLTA_ML209_1,train,,0.1.0,datasets/DeLTA/data/clips.csv,03d7abf93c79801afb559088df1d72100b65d50a8240321c5fa1397d916fe3c8
mosaiq-benchmark-v0.1-candidate-20260716,mosaiq-benchmark,0.1.0-dev,delta_source_multilabel,0.1.0,DeLTA,clip,DeLTA_ts221_2,DeLTA_ts221_2,train,,0.1.0,datasets/DeLTA/data/clips.csv,c54e6e5bdd856e19fe8ff15e4da159dd3323192eb57ffad2e559ed8428021947
mosaiq-benchmark-v0.1-candidate-20260716,mosaiq-benchmark,0.1.0-dev,delta_source_multilabel,0.1.0,DeLTA,clip,DeLTA_PL319_2,DeLTA_PL319_2,train,,0.1.0,datasets/DeLTA/data/clips.csv,a37e36b875692ef4b2f5e754496ab4407abc2d964a5bddd0efd3938986914ed5
mosaiq-benchmark-v0.1-candidate-20260716,mosaiq-benchmark,0.1.0-dev,delta_source_multilabel,0.1.0,DeLTA,clip,DeLTA_sc105_2,DeLTA_sc105_2,test,,0.1.0,datasets/DeLTA/data/clips.csv,7eda8463a49bce2ae5cdec23e07766f1c1510599849b7a5813260a6ae4504a3b
mosaiq-benchmark-v0.1-candidate-20260716,mosaiq-benchmark,0.1.0-dev,delta_source_multilabel,0.1.0,DeLTA,clip,DeLTA_RF329_1,DeLTA_RF329_1,train,,0.1.0,datasets/DeLTA/data/clips.csv,dba9e31e679fefb96117e900c94b648f478a146d3919231dc46159c7203a5e16
mosaiq-benchmark-v0.1-candidate-20260716,mosaiq-benchmark,0.1.0-dev,delta_source_multilabel,0.1.0,DeLTA,clip,DeLTA_m28_1,DeLTA_m28_1,train,,0.1.0,datasets/DeLTA/data/clips.csv,d24b3977a2d06acc62a4a0442356cffd854e184624233f3a70e263063d3ca90e
mosaiq-benchmark-v0.1-candidate-20260716,mosaiq-benchmark,0.1.0-dev,delta_source_multilabel,0.1.0,DeLTA,clip,DeLTA_ET117_1,DeLTA_ET117_1,train,,0.1.0,datasets/DeLTA/data/clips.csv,0c140c8fca33ae7fd8939280bf9c3d338665dbb85bbcdc3c0b9ce3d86aeeb949
mosaiq-benchmark-v0.1-candidate-20260716,mosaiq-benchmark,0.1.0-dev,delta_source_multilabel,0.1.0,DeLTA,clip,DeLTA_Rp211_1,DeLTA_Rp211_1,train,,0.1.0,datasets/DeLTA/data/clips.csv,2cea4669fc128adea16b90281799ae86691285d2a73e3c60004d58663346bb45
mosaiq-benchmark-v0.1-candidate-20260716,mosaiq-benchmark,0.1.0-dev,delta_source_multilabel,0.1.0,DeLTA,clip,DeLTA_NP107_2,DeLTA_NP107_2,dev,,0.1.0,datasets/DeLTA/data/clips.csv,588161f84275f65f3b394994da82faeb039f9526cfeefec40611bd74217fcf7b
mosaiq-benchmark-v0.1-candidate-20260716,mosaiq-benchmark,0.1.0-dev,delta_source_multilabel,0.1.0,DeLTA,clip,DeLTA_sr112_1,DeLTA_sr112_1,test,,0.1.0,datasets/DeLTA/data/clips.csv,c58908544a0f641a11971a7d0b159a4fbc708f1f052559d7e397397ecaeac023
mosaiq-benchmark-v0.1-candidate-20260716,mosaiq-benchmark,0.1.0-dev,delta_source_multilabel,0.1.0,DeLTA,clip,DeLTA_RF339_1,DeLTA_RF339_1,train,,0.1.0,datasets/DeLTA/data/clips.csv,e2c97790c553b472fb7370b56398d505efa2dba1242c6849b8e0e90350ad88a6
mosaiq-benchmark-v0.1-candidate-20260716,mosaiq-benchmark,0.1.0-dev,delta_source_multilabel,0.1.0,DeLTA,clip,DeLTA_RS411_1,DeLTA_RS411_1,train,,0.1.0,datasets/DeLTA/data/clips.csv,0c9c9ffd2fc111f31e6f3cb7ef6f880072be92b0ac29c7a1f9f2a9012998a7e8
mosaiq-benchmark-v0.1-candidate-20260716,mosaiq-benchmark,0.1.0-dev,delta_source_multilabel,0.1.0,DeLTA,clip,DeLTA_ET422_2,DeLTA_ET422_2,test,,0.1.0,datasets/DeLTA/data/clips.csv,05443a57a914214f54b0fffae2970538049b9422a0f3c8de85b83f20a8918f12
mosaiq-benchmark-v0.1-candidate-20260716,mosaiq-benchmark,0.1.0-dev,delta_source_multilabel,0.1.0,DeLTA,clip,DeLTA_MC537_2,DeLTA_MC537_2,train,,0.1.0,datasets/DeLTA/data/clips.csv,20a6e1508ba25c8b71d95d4bd0acea26363ff2c86b24029138ba81533d9a0516
mosaiq-benchmark-v0.1-candidate-20260716,mosaiq-benchmark,0.1.0-dev,delta_source_multilabel,0.1.0,DeLTA,clip,DeLTA_CT512_2,DeLTA_CT512_2,dev,,0.1.0,datasets/DeLTA/data/clips.csv,b377af2666361ec6a72f1c87b06d8504cc14bfba54c13540394b88b7706e7f3b
mosaiq-benchmark-v0.1-candidate-20260716,mosaiq-benchmark,0.1.0-dev,delta_source_multilabel,0.1.0,DeLTA,clip,DeLTA_SR222_1,DeLTA_SR222_1,dev,,0.1.0,datasets/DeLTA/data/clips.csv,915e1dd316e90eb9549d02008dfe5e32b226792ab20817dd593b4f254a360811
mosaiq-benchmark-v0.1-candidate-20260716,mosaiq-benchmark,0.1.0-dev,delta_source_multilabel,0.1.0,DeLTA,clip,DeLTA_SM506_2,DeLTA_SM506_2,train,,0.1.0,datasets/DeLTA/data/clips.csv,a53ea26088063450263e355da5fe35b68769a281dcb7fe060f6935fe66906cfc
mosaiq-benchmark-v0.1-candidate-20260716,mosaiq-benchmark,0.1.0-dev,delta_source_multilabel,0.1.0,DeLTA,clip,DeLTA_ET429_2,DeLTA_ET429_2,test,,0.1.0,datasets/DeLTA/data/clips.csv,45e0c1db743147967c78a04aa41e95dd06670875c825c80cbb81a209effd7f16
mosaiq-benchmark-v0.1-candidate-20260716,mosaiq-benchmark,0.1.0-dev,delta_source_multilabel,0.1.0,DeLTA,clip,DeLTA_Rp229_1,DeLTA_Rp229_1,train,,0.1.0,datasets/DeLTA/data/clips.csv,68e5926906e7568e81753872348dc06ddd3d993817b9bddb8567e48e9e303ae2
mosaiq-benchmark-v0.1-candidate-20260716,mosaiq-benchmark,0.1.0-dev,delta_source_multilabel,0.1.0,DeLTA,clip,DeLTA_m17_2,DeLTA_m17_2,train,,0.1.0,datasets/DeLTA/data/clips.csv,dd45409aecab4135d21ab7542b79817be30377b06a64a6339a310812b14aff06
mosaiq-benchmark-v0.1-candidate-20260716,mosaiq-benchmark,0.1.0-dev,delta_source_multilabel,0.1.0,DeLTA,clip,DeLTA_PL312_1,DeLTA_PL312_1,train,,0.1.0,datasets/DeLTA/data/clips.csv,a17e19f3cfd737e447dada92ce8571de00ab3b1b92a34f2671d129d75bb5951f
mosaiq-benchmark-v0.1-candidate-20260716,mosaiq-benchmark,0.1.0-dev,delta_source_multilabel,0.1.0,DeLTA,clip,DeLTA_Rp119_2,DeLTA_Rp119_2,train,,0.1.0,datasets/DeLTA/data/clips.csv,b70b7c65309d6671f2706effa03fc2f55688a068aba830d408143d59790cd406
mosaiq-benchmark-v0.1-candidate-20260716,mosaiq-benchmark,0.1.0-dev,delta_source_multilabel,0.1.0,DeLTA,clip,DeLTA_CT545_1,DeLTA_CT545_1,train,,0.1.0,datasets/DeLTA/data/clips.csv,b3d63fa25fa5cf448a32208ba587057c2d6f7111a8aeeafb038816aa8b0c3a6d
mosaiq-benchmark-v0.1-candidate-20260716,mosaiq-benchmark,0.1.0-dev,delta_source_multilabel,0.1.0,DeLTA,clip,DeLTA_Rs324_1,DeLTA_Rs324_1,train,,0.1.0,datasets/DeLTA/data/clips.csv,52431dd8aca275085d734f536de6313fb3a99e085b975aea0f81392c1c48f8de
mosaiq-benchmark-v0.1-candidate-20260716,mosaiq-benchmark,0.1.0-dev,delta_source_multilabel,0.1.0,DeLTA,clip,DeLTA_SM519_2,DeLTA_SM519_2,train,,0.1.0,datasets/DeLTA/data/clips.csv,a44ae4a685cec0a7a267a509858d2aaa4cacafe4624dcb23af6bb4e4cf7495d1
mosaiq-benchmark-v0.1-candidate-20260716,mosaiq-benchmark,0.1.0-dev,delta_source_multilabel,0.1.0,DeLTA,clip,DeLTA_NP126_1,DeLTA_NP126_1,train,,0.1.0,datasets/DeLTA/data/clips.csv,ff4c09eaf274ba02ac5438b742eb237166ca9146a853720727e354a168cdcd00
mosaiq-benchmark-v0.1-candidate-20260716,mosaiq-benchmark,0.1.0-dev,delta_source_multilabel,0.1.0,DeLTA,clip,DeLTA_NP135_1,DeLTA_NP135_1,train,,0.1.0,datasets/DeLTA/data/clips.csv,58b62e5e55e39036c2f6add3fb58ddd96ccc0bc47abbdea949736887aa02de97
mosaiq-benchmark-v0.1-candidate-20260716,mosaiq-benchmark,0.1.0-dev,delta_source_multilabel,0.1.0,DeLTA,clip,DeLTA_NP133_1,DeLTA_NP133_1,train,,0.1.0,datasets/DeLTA/data/clips.csv,a6802ed9544601b0800f22ce2fe32913b681098459e39d89b9dcbf7550839e1e
mosaiq-benchmark-v0.1-candidate-20260716,mosaiq-benchmark,0.1.0-dev,delta_source_multilabel,0.1.0,DeLTA,clip,DeLTA_CT505_2,DeLTA_CT505_2,train,,0.1.0,datasets/DeLTA/data/clips.csv,0dab3edf99c5e95be49469a457647e0688ff556c6ab2bc98263c7e1e227fe073
mosaiq-benchmark-v0.1-candidate-20260716,mosaiq-benchmark,0.1.0-dev,delta_source_multilabel,0.1.0,DeLTA,clip,DeLTA_NP146_1,DeLTA_NP146_1,train,,0.1.0,datasets/DeLTA/data/clips.csv,4c10e626179a65b833cfb1c8e1b793d306e4651750248eae5d5071bc1626b00e
mosaiq-benchmark-v0.1-candidate-20260716,mosaiq-benchmark,0.1.0-dev,delta_source_multilabel,0.1.0,DeLTA,clip,DeLTA_ts304_1,DeLTA_ts304_1,test,,0.1.0,datasets/DeLTA/data/clips.csv,c3a53da7d5d7180052c59cf814ebf26ff97ee88f3877ad4f18b375732dc8341a
mosaiq-benchmark-v0.1-candidate-20260716,mosaiq-benchmark,0.1.0-dev,delta_source_multilabel,0.1.0,DeLTA,clip,DeLTA_CT535_1,DeLTA_CT535_1,train,,0.1.0,datasets/DeLTA/data/clips.csv,2e3c84341509ea64e3da61c82f3e3bf6674fbaa22b9503b74cb48c82575b2e80
mosaiq-benchmark-v0.1-candidate-20260716,mosaiq-benchmark,0.1.0-dev,delta_source_multilabel,0.1.0,DeLTA,clip,DeLTA_cp2_2,DeLTA_cp2_2,train,,0.1.0,datasets/DeLTA/data/clips.csv,cc85a8f6e521580f69d43f53ce58266456d0eaed1fd862d115d873d223edf0e4
mosaiq-benchmark-v0.1-candidate-20260716,mosaiq-benchmark,0.1.0-dev,delta_source_multilabel,0.1.0,DeLTA,clip,DeLTA_SR248_1,DeLTA_SR248_1,train,,0.1.0,datasets/DeLTA/data/clips.csv,8e2eab871e72ff7c885cfdfcd428d6ccd5a4ad9f17940c32bb88f75a11e65b8d
mosaiq-benchmark-v0.1-candidate-20260716,mosaiq-benchmark,0.1.0-dev,delta_source_multilabel,0.1.0,DeLTA,clip,DeLTA_SM309_2,DeLTA_SM309_2,train,,0.1.0,datasets/DeLTA/data/clips.csv,1a147155d8c87fc577764734adf1e84e71cb35649e302dc378917c056122e3cf
mosaiq-benchmark-v0.1-candidate-20260716,mosaiq-benchmark,0.1.0-dev,delta_source_multilabel,0.1.0,DeLTA,clip,DeLTA_Rf227_1,DeLTA_Rf227_1,train,,0.1.0,datasets/DeLTA/data/clips.csv,657679c9fdfa40d88f2e7ef50b3339974fd94c34f451f523a4afdd7a4c82cac1
mosaiq-benchmark-v0.1-candidate-20260716,mosaiq-benchmark,0.1.0-dev,delta_source_multilabel,0.1.0,DeLTA,clip,DeLTA_tm124_2,DeLTA_tm124_2,train,,0.1.0,datasets/DeLTA/data/clips.csv,111976cbdea465c84fe55c2163f0a0596a1dc8c20f5799de8901bfc244aa8378
mosaiq-benchmark-v0.1-candidate-20260716,mosaiq-benchmark,0.1.0-dev,delta_source_multilabel,0.1.0,DeLTA,clip,DeLTA_ET429_1,DeLTA_ET429_1,train,,0.1.0,datasets/DeLTA/data/clips.csv,20aba2b58fe26dde85ffdfeb1acd80168710ff7433ec8df6a04eacc19fb2186d
mosaiq-benchmark-v0.1-candidate-20260716,mosaiq-benchmark,0.1.0-dev,delta_source_multilabel,0.1.0,DeLTA,clip,DeLTA_MC513_2,DeLTA_MC513_2,train,,0.1.0,datasets/DeLTA/data/clips.csv,066a035614a3d1f6ad11337591ba0eb34b34f18986d0b3b4c5246da4d23f9297
mosaiq-benchmark-v0.1-candidate-20260716,mosaiq-benchmark,0.1.0-dev,delta_source_multilabel,0.1.0,DeLTA,clip,DeLTA_2cv21_1,DeLTA_2cv21_1,train,,0.1.0,datasets/DeLTA/data/clips.csv,7bc1f618e049add7d115532ec5fd796bdca708f29e3bf8eb1124ed23eae54aca
mosaiq-benchmark-v0.1-candidate-20260716,mosaiq-benchmark,0.1.0-dev,delta_source_multilabel,0.1.0,DeLTA,clip,DeLTA_ET402_2,DeLTA_ET402_2,train,,0.1.0,datasets/DeLTA/data/clips.csv,3874fc83e4d2e40875f9387d897f248e8f257e060870fa3774edde2a28b11b9c
mosaiq-benchmark-v0.1-candidate-20260716,mosaiq-benchmark,0.1.0-dev,delta_source_multilabel,0.1.0,DeLTA,clip,DeLTA_MG109_2,DeLTA_MG109_2,train,,0.1.0,datasets/DeLTA/data/clips.csv,a35309369b8d36456bee8d92e38e3cca797a6713a261f31d5d56baa7a24c6bea
mosaiq-benchmark-v0.1-candidate-20260716,mosaiq-benchmark,0.1.0-dev,delta_source_multilabel,0.1.0,DeLTA,clip,DeLTA_Rf205_1,DeLTA_Rf205_1,train,,0.1.0,datasets/DeLTA/data/clips.csv,30e7163245d9aeee77fc0b5e9fc2ee5db383c00ee2f2cd404b1d39e871a6ce2b
mosaiq-benchmark-v0.1-candidate-20260716,mosaiq-benchmark,0.1.0-dev,delta_source_multilabel,0.1.0,DeLTA,clip,DeLTA_ts230_2,DeLTA_ts230_2,train,,0.1.0,datasets/DeLTA/data/clips.csv,721f10f14a1e824de725e71f580fbc1048c5b601b2c7f23f72834d2dc2360246
mosaiq-benchmark-v0.1-candidate-20260716,mosaiq-benchmark,0.1.0-dev,delta_source_multilabel,0.1.0,DeLTA,clip,DeLTA_sc109_2,DeLTA_sc109_2,train,,0.1.0,datasets/DeLTA/data/clips.csv,89318e29e1041a20d9307b04cbb28ab68ab2bfd8469f9b05bc750601a8f8ee80
mosaiq-benchmark-v0.1-candidate-20260716,mosaiq-benchmark,0.1.0-dev,delta_source_multilabel,0.1.0,DeLTA,clip,DeLTA_Rp118_2,DeLTA_Rp118_2,dev,,0.1.0,datasets/DeLTA/data/clips.csv,e665ca686ce232a46674ff611a640ec658c31deecc2f281fa6fc2386641232e9
mosaiq-benchmark-v0.1-candidate-20260716,mosaiq-benchmark,0.1.0-dev,delta_source_multilabel,0.1.0,DeLTA,clip,DeLTA_Rp229_2,DeLTA_Rp229_2,train,,0.1.0,datasets/DeLTA/data/clips.csv,6085547bf6f3444bcc63447636284e0630d326f9bbf37b32df4b4d712f8e3292
mosaiq-benchmark-v0.1-candidate-20260716,mosaiq-benchmark,0.1.0-dev,delta_source_multilabel,0.1.0,DeLTA,clip,DeLTA_SR207_2,DeLTA_SR207_2,train,,0.1.0,datasets/DeLTA/data/clips.csv,bce2574ffcedae5211f90e746a00ac396c96bc1f741e09cd2ba0d2ecf9e993d3
mosaiq-benchmark-v0.1-candidate-20260716,mosaiq-benchmark,0.1.0-dev,delta_source_multilabel,0.1.0,DeLTA,clip,DeLTA_CT514_2,DeLTA_CT514_2,test,,0.1.0,datasets/DeLTA/data/clips.csv,cf1a6b36642e49560c589e65f894b1adc0b7bdde359fbd2c575987abb736de01
mosaiq-benchmark-v0.1-candidate-20260716,mosaiq-benchmark,0.1.0-dev,delta_source_multilabel,0.1.0,DeLTA,clip,DeLTA_cv37_2,DeLTA_cv37_2,test,,0.1.0,datasets/DeLTA/data/clips.csv,75f28aea0cfd9f5d9c3c772b8bb96449223b8eeb6a103b7abb43023b6b5be61d
mosaiq-benchmark-v0.1-candidate-20260716,mosaiq-benchmark,0.1.0-dev,delta_source_multilabel,0.1.0,DeLTA,clip,DeLTA_TM417_2,DeLTA_TM417_2,test,,0.1.0,datasets/DeLTA/data/clips.csv,bad588212124371ea3eb469aa95f62143db45082bcf596eba6ac823b307ca212
mosaiq-benchmark-v0.1-candidate-20260716,mosaiq-benchmark,0.1.0-dev,delta_source_multilabel,0.1.0,DeLTA,clip,DeLTA_Rs215_1,DeLTA_Rs215_1,train,,0.1.0,datasets/DeLTA/data/clips.csv,31a7c5408e4d04249dc1f65752fe098f444446c1944efc7dd70b2d3bbad2cf9f
mosaiq-benchmark-v0.1-candidate-20260716,mosaiq-benchmark,0.1.0-dev,delta_source_multilabel,0.1.0,DeLTA,clip,DeLTA_bib14_2,DeLTA_bib14_2,dev,,0.1.0,datasets/DeLTA/data/clips.csv,0bde0b76d287ed256dbda42efccd7a935690ea660a9843896268c0da6d44dba1
mosaiq-benchmark-v0.1-candidate-20260716,mosaiq-benchmark,0.1.0-dev,delta_source_multilabel,0.1.0,DeLTA,clip,DeLTA_RP327_2,DeLTA_RP327_2,dev,,0.1.0,datasets/DeLTA/data/clips.csv,ce8484523e6909210fdb3f5e175f28af21f45fdffc08ac62911c070e33ea0be6
mosaiq-benchmark-v0.1-candidate-20260716,mosaiq-benchmark,0.1.0-dev,delta_source_multilabel,0.1.0,DeLTA,clip,DeLTA_RP330_1,DeLTA_RP330_1,train,,0.1.0,datasets/DeLTA/data/clips.csv,0060770ec77028c5a444934091ad667df72119dbbb5b57f0bca1787f18a5f6ee
mosaiq-benchmark-v0.1-candidate-20260716,mosaiq-benchmark,0.1.0-dev,delta_source_multilabel,0.1.0,DeLTA,clip,DeLTA_Mc402_1,DeLTA_Mc402_1,test,,0.1.0,datasets/DeLTA/data/clips.csv,ce82334765a9615c4711f1ad2196c6bb04e349d7bd4bfa40dc07958bf0ad9834
mosaiq-benchmark-v0.1-candidate-20260716,mosaiq-benchmark,0.1.0-dev,delta_source_multilabel,0.1.0,DeLTA,clip,DeLTA_Pl204_2,DeLTA_Pl204_2,train,,0.1.0,datasets/DeLTA/data/clips.csv,c1b72444d786524e53bb8a0ceb9565298e15420c0ccee5c5dd7ed5cfb90a389e
mosaiq-benchmark-v0.1-candidate-20260716,mosaiq-benchmark,0.1.0-dev,delta_source_multilabel,0.1.0,DeLTA,clip,DeLTA_MG216_1,DeLTA_MG216_1,test,,0.1.0,datasets/DeLTA/data/clips.csv,1b8b3b3714e0541675693dad1c2063dd7e326f2d4eb97a01b7f253996812c9d8
mosaiq-benchmark-v0.1-candidate-20260716,mosaiq-benchmark,0.1.0-dev,delta_source_multilabel,0.1.0,DeLTA,clip,DeLTA_RS431_1,DeLTA_RS431_1,train,,0.1.0,datasets/DeLTA/data/clips.csv,f6254de3018ba6a9312227c53ecb34bf15c76e289c1feee3ef68800b654a9283
mosaiq-benchmark-v0.1-candidate-20260716,mosaiq-benchmark,0.1.0-dev,delta_source_multilabel,0.1.0,DeLTA,clip,DeLTA_sc120_1,DeLTA_sc120_1,train,,0.1.0,datasets/DeLTA/data/clips.csv,b71d74de24b61a7003fa77b10d70e459e2f3c46edba24cc9de981c93be1a00bc
mosaiq-benchmark-v0.1-candidate-20260716,mosaiq-benchmark,0.1.0-dev,delta_source_multilabel,0.1.0,DeLTA,clip,DeLTA_Rp108_1,DeLTA_Rp108_1,train,,0.1.0,datasets/DeLTA/data/clips.csv,9ed2ec59b52d9e311b4543f7456ad019696f46d1fae9c56f6e280e0d9651e110
mosaiq-benchmark-v0.1-candidate-20260716,mosaiq-benchmark,0.1.0-dev,delta_source_multilabel,0.1.0,DeLTA,clip,DeLTA_ML214_4,DeLTA_ML214_4,train,,0.1.0,datasets/DeLTA/data/clips.csv,4fa7631b740994f18b1e8fdc1261aead82e1e8458939339f477c8fe6766285c9
mosaiq-benchmark-v0.1-candidate-20260716,mosaiq-benchmark,0.1.0-dev,delta_source_multilabel,0.1.0,DeLTA,clip,DeLTA_tm309_2,DeLTA_tm309_2,dev,,0.1.0,datasets/DeLTA/data/clips.csv,8c27e4e650a4f42f40ee2fe1cdcc9743126cc34f515aedb9ece700bb8be8e7b4
mosaiq-benchmark-v0.1-candidate-20260716,mosaiq-benchmark,0.1.0-dev,delta_source_multilabel,0.1.0,DeLTA,clip,DeLTA_CT540_1,DeLTA_CT540_1,train,,0.1.0,datasets/DeLTA/data/clips.csv,d77c19600b88ca35fc5d911651ac81887c05a22cb8bf180b4ba99ee57b394e46
mosaiq-benchmark-v0.1-candidate-20260716,mosaiq-benchmark,0.1.0-dev,delta_source_multilabel,0.1.0,DeLTA,clip,DeLTA_TS519_1,DeLTA_TS519_1,dev,,0.1.0,datasets/DeLTA/data/clips.csv,87ce95aecd519155b8375f2d432cf62f70c1a4b4b8180624b541ceda1b7241f0
mosaiq-benchmark-v0.1-candidate-20260716,mosaiq-benchmark,0.1.0-dev,delta_source_multilabel,0.1.0,DeLTA,clip,DeLTA_Rp116_1,DeLTA_Rp116_1,test,,0.1.0,datasets/DeLTA/data/clips.csv,384cdfd739b0ba98e3945097faf6ec672fa7f42249aced7e7da4b31d819796a3
mosaiq-benchmark-v0.1-candidate-20260716,mosaiq-benchmark,0.1.0-dev,delta_source_multilabel,0.1.0,DeLTA,clip,DeLTA_tm209_2,DeLTA_tm209_2,train,,0.1.0,datasets/DeLTA/data/clips.csv,7037bfec8a7ecf7343638767dc813d7b18d4d24384c540daaf50ac091b1775a0
mosaiq-benchmark-v0.1-candidate-20260716,mosaiq-benchmark,0.1.0-dev,delta_source_multilabel,0.1.0,DeLTA,clip,DeLTA_Rp207_1,DeLTA_Rp207_1,train,,0.1.0,datasets/DeLTA/data/clips.csv,1d61d129508ff878cb8c540066ba3bba9f2b29911e59a7454136beccd87eea25
mosaiq-benchmark-v0.1-candidate-20260716,mosaiq-benchmark,0.1.0-dev,delta_source_multilabel,0.1.0,DeLTA,clip,DeLTA_RS418_2,DeLTA_RS418_2,train,,0.1.0,datasets/DeLTA/data/clips.csv,c8defa4ad78d08baaa4a64922c0014011d65c9cf5937ce5af06c43697e5e322a
mosaiq-benchmark-v0.1-candidate-20260716,mosaiq-benchmark,0.1.0-dev,delta_source_multilabel,0.1.0,DeLTA,clip,DeLTA_Rs206_1,DeLTA_Rs206_1,train,,0.1.0,datasets/DeLTA/data/clips.csv,37d2f049fab09308adaf90c1c2e6fd1f3021a1d337a4f9162f5fb292ef3add9c
mosaiq-benchmark-v0.1-candidate-20260716,mosaiq-benchmark,0.1.0-dev,delta_source_multilabel,0.1.0,DeLTA,clip,DeLTA_Pl210_2,DeLTA_Pl210_2,test,,0.1.0,datasets/DeLTA/data/clips.csv,0cd33ff91ccb7b048bbf2e2ec498b2c4f425cacda7a93a03981e549d4dddf6a3
mosaiq-benchmark-v0.1-candidate-20260716,mosaiq-benchmark,0.1.0-dev,delta_source_multilabel,0.1.0,DeLTA,clip,DeLTA_Mc321_1,DeLTA_Mc321_1,train,,0.1.0,datasets/DeLTA/data/clips.csv,49d9736f19ae8b40e27e22d36a3a2644ace401288dcb1ad2e0c0de0baa2d0f5f
mosaiq-benchmark-v0.1-candidate-20260716,mosaiq-benchmark,0.1.0-dev,delta_source_multilabel,0.1.0,DeLTA,clip,DeLTA_RF340_2,DeLTA_RF340_2,test,,0.1.0,datasets/DeLTA/data/clips.csv,f1ddbf59b4f424be8368300e64144e0417c092057feecff7b7088c8d6895c8c7
mosaiq-benchmark-v0.1-candidate-20260716,mosaiq-benchmark,0.1.0-dev,delta_source_multilabel,0.1.0,DeLTA,clip,DeLTA_ET113_1,DeLTA_ET113_1,train,,0.1.0,datasets/DeLTA/data/clips.csv,6c5d28481559e1023954a4ccde4b172831af6ba0aee4035323b24ae2a888d5d3
mosaiq-benchmark-v0.1-candidate-20260716,mosaiq-benchmark,0.1.0-dev,delta_source_multilabel,0.1.0,DeLTA,clip,DeLTA_MG111_1,DeLTA_MG111_1,train,,0.1.0,datasets/DeLTA/data/clips.csv,1babaabd4af1d191140ee86dee845808a93051b3b8567154a9ae081caffa701d
mosaiq-benchmark-v0.1-candidate-20260716,mosaiq-benchmark,0.1.0-dev,delta_source_multilabel,0.1.0,DeLTA,clip,DeLTA_cp4_1,DeLTA_cp4_1,train,,0.1.0,datasets/DeLTA/data/clips.csv,3f80d6bfdd0713f1125a1d41682d86a6e020b2c715ff5762cf4e1a5f7e7a7578
mosaiq-benchmark-v0.1-candidate-20260716,mosaiq-benchmark,0.1.0-dev,delta_source_multilabel,0.1.0,DeLTA,clip,DeLTA_ET101_2,DeLTA_ET101_2,train,,0.1.0,datasets/DeLTA/data/clips.csv,89e3794f8605c5d4c31f49c778c0485c54cfb1a70af58fb60fe44c18b203eaac
mosaiq-benchmark-v0.1-candidate-20260716,mosaiq-benchmark,0.1.0-dev,delta_source_multilabel,0.1.0,DeLTA,clip,DeLTA_Rp134_1,DeLTA_Rp134_1,dev,,0.1.0,datasets/DeLTA/data/clips.csv,8545fbdab727a616d212cfb494af470cc9c7999f283e6a6b83bc68b84f8f603a
mosaiq-benchmark-v0.1-candidate-20260716,mosaiq-benchmark,0.1.0-dev,delta_source_multilabel,0.1.0,DeLTA,clip,DeLTA_ET308_2,DeLTA_ET308_2,train,,0.1.0,datasets/DeLTA/data/clips.csv,72c5e486bfeec34873f080dfbe5e47ebdfcb79d3b91509a91080350c36b74bb0
mosaiq-benchmark-v0.1-candidate-20260716,mosaiq-benchmark,0.1.0-dev,delta_source_multilabel,0.1.0,DeLTA,clip,DeLTA_cp3_1,DeLTA_cp3_1,train,,0.1.0,datasets/DeLTA/data/clips.csv,11c6c3c45e25bbe0847a95c1c6c5c11cf717e9200a66cc483814ddf94e1c6529
mosaiq-benchmark-v0.1-candidate-20260716,mosaiq-benchmark,0.1.0-dev,delta_source_multilabel,0.1.0,DeLTA,clip,DeLTA_Rf210_1,DeLTA_Rf210_1,train,,0.1.0,datasets/DeLTA/data/clips.csv,395f04f43c2128619f08946772e43689e9c553397dc4771daa0600ecf2edd26f
mosaiq-benchmark-v0.1-candidate-20260716,mosaiq-benchmark,0.1.0-dev,delta_source_multilabel,0.1.0,DeLTA,clip,DeLTA_MC505_2,DeLTA_MC505_2,dev,,0.1.0,datasets/DeLTA/data/clips.csv,16649d071daa3ad71c4c1cafb39df31349258a4f1b227fe698e9ee46de3cb773
mosaiq-benchmark-v0.1-candidate-20260716,mosaiq-benchmark,0.1.0-dev,delta_source_multilabel,0.1.0,DeLTA,clip,DeLTA_ET124_1,DeLTA_ET124_1,train,,0.1.0,datasets/DeLTA/data/clips.csv,8db79c371776c965db3995efe82584209158c2215b5367de962b03fc6bc1eb19
mosaiq-benchmark-v0.1-candidate-20260716,mosaiq-benchmark,0.1.0-dev,delta_source_multilabel,0.1.0,DeLTA,clip,DeLTA_ML133_1,DeLTA_ML133_1,dev,,0.1.0,datasets/DeLTA/data/clips.csv,88371ea4a820e00f64138d5e9c4e8ebed8642803aa9189286eabe554b851180e
mosaiq-benchmark-v0.1-candidate-20260716,mosaiq-benchmark,0.1.0-dev,delta_source_multilabel,0.1.0,DeLTA,clip,DeLTA_tm133_1,DeLTA_tm133_1,train,,0.1.0,datasets/DeLTA/data/clips.csv,f97fc5b4a4054133353a22053f120bcb94b789a63ae7f7056ac3903ce4dc8e34
mosaiq-benchmark-v0.1-candidate-20260716,mosaiq-benchmark,0.1.0-dev,delta_source_multilabel,0.1.0,DeLTA,clip,DeLTA_SC216_2,DeLTA_SC216_2,dev,,0.1.0,datasets/DeLTA/data/clips.csv,76f8ca1a4229a2f998732bb7f45e0478c5bd384a1ea6a85fdd5287b60650f377
mosaiq-benchmark-v0.1-candidate-20260716,mosaiq-benchmark,0.1.0-dev,delta_source_multilabel,0.1.0,DeLTA,clip,DeLTA_Rf215_1,DeLTA_Rf215_1,train,,0.1.0,datasets/DeLTA/data/clips.csv,1ee5ac62f70614636e86daa9dacc72f9a5a3d670c18ffbed104de6082b9b95d8
mosaiq-benchmark-v0.1-candidate-20260716,mosaiq-benchmark,0.1.0-dev,delta_source_multilabel,0.1.0,DeLTA,clip,DeLTA_SC202_1,DeLTA_SC202_1,train,,0.1.0,datasets/DeLTA/data/clips.csv,4678865a9ffd9aace04873a5c5774a184c03f84daa5a2ca5086b1b43c8a70a22
mosaiq-benchmark-v0.1-candidate-20260716,mosaiq-benchmark,0.1.0-dev,delta_source_multilabel,0.1.0,DeLTA,clip,DeLTA_tm204_1,DeLTA_tm204_1,test,,0.1.0,datasets/DeLTA/data/clips.csv,287f7268fa18c5d329b420c88e27568d155b51c68726dc1ed104a6976e2de63a
mosaiq-benchmark-v0.1-candidate-20260716,mosaiq-benchmark,0.1.0-dev,delta_source_multilabel,0.1.0,DeLTA,clip,DeLTA_CT515_1,DeLTA_CT515_1,dev,,0.1.0,datasets/DeLTA/data/clips.csv,6659ab7cf45ac72b86513f6737f308d06af7fe024a669e748e0b5346e0df8b17
mosaiq-benchmark-v0.1-candidate-20260716,mosaiq-benchmark,0.1.0-dev,delta_source_multilabel,0.1.0,DeLTA,clip,DeLTA_PL308_2,DeLTA_PL308_2,train,,0.1.0,datasets/DeLTA/data/clips.csv,616f41ae983ca042c37e209cd6933efa55b412723eccc1b1b94d076d539c5324
mosaiq-benchmark-v0.1-candidate-20260716,mosaiq-benchmark,0.1.0-dev,delta_source_multilabel,0.1.0,DeLTA,clip,DeLTA_TS534_2,DeLTA_TS534_2,train,,0.1.0,datasets/DeLTA/data/clips.csv,0036ac2b30978d38eee8e7e51c2df27ad111f62436be6b3757909d54d6f6f089
mosaiq-benchmark-v0.1-candidate-20260716,mosaiq-benchmark,0.1.0-dev,delta_source_multilabel,0.1.0,DeLTA,clip,DeLTA_PL403_2,DeLTA_PL403_2,dev,,0.1.0,datasets/DeLTA/data/clips.csv,8ea0afdddc74c373a02d5e2b2c762e5a8c87ae66bf6f16b777c1dea65426b12e
mosaiq-benchmark-v0.1-candidate-20260716,mosaiq-benchmark,0.1.0-dev,delta_source_multilabel,0.1.0,DeLTA,clip,DeLTA_TM436_1,DeLTA_TM436_1,train,,0.1.0,datasets/DeLTA/data/clips.csv,4fdb5b88c645a1bd05e7eb18a18d47cc7ea2fb50edaa65c50eeba9f34ef52888
mosaiq-benchmark-v0.1-candidate-20260716,mosaiq-benchmark,0.1.0-dev,delta_source_multilabel,0.1.0,DeLTA,clip,DeLTA_TM411_1,DeLTA_TM411_1,dev,,0.1.0,datasets/DeLTA/data/clips.csv,21ef7c7274f9eb8b27ae825cbccf3c2cc5a39ca1e7bb96746cb32790224685d4
mosaiq-benchmark-v0.1-candidate-20260716,mosaiq-benchmark,0.1.0-dev,delta_source_multilabel,0.1.0,DeLTA,clip,DeLTA_CT120_2,DeLTA_CT120_2,train,,0.1.0,datasets/DeLTA/data/clips.csv,de4d25e467a44d9ef8ca687489815bf9325dc585f96b4469b72e9dc474c08609
mosaiq-benchmark-v0.1-candidate-20260716,mosaiq-benchmark,0.1.0-dev,delta_source_multilabel,0.1.0,DeLTA,clip,DeLTA_Rp108_2,DeLTA_Rp108_2,train,,0.1.0,datasets/DeLTA/data/clips.csv,971c2e06ea7cab3a74823900a604234af633d25789c4fad4c3640d4a8f9e6106
mosaiq-benchmark-v0.1-candidate-20260716,mosaiq-benchmark,0.1.0-dev,delta_source_multilabel,0.1.0,DeLTA,clip,DeLTA_TS509_2,DeLTA_TS509_2,train,,0.1.0,datasets/DeLTA/data/clips.csv,9f82925b0993a3ce1bf734c900521f54e8e2a28e9a759acfbcc7dff1e99ef8c1
mosaiq-benchmark-v0.1-candidate-20260716,mosaiq-benchmark,0.1.0-dev,delta_source_multilabel,0.1.0,DeLTA,clip,DeLTA_tm307_1,DeLTA_tm307_1,train,,0.1.0,datasets/DeLTA/data/clips.csv,4ff275cd32d6269015a32114a1877fdcf3f2e8b09dd57abec0cfba5f3e58b05b
mosaiq-benchmark-v0.1-candidate-20260716,mosaiq-benchmark,0.1.0-dev,delta_source_multilabel,0.1.0,DeLTA,clip,DeLTA_NP102_1,DeLTA_NP102_1,train,,0.1.0,datasets/DeLTA/data/clips.csv,fa844e0b8e3e1fdd0ddae19c88d287c53064b6f61aaf097e78822e8eb66c1a3e
mosaiq-benchmark-v0.1-candidate-20260716,mosaiq-benchmark,0.1.0-dev,delta_source_multilabel,0.1.0,DeLTA,clip,DeLTA_NP160_1,DeLTA_NP160_1,train,,0.1.0,datasets/DeLTA/data/clips.csv,f20b4cc8601b257d9171d2f2a412318f7412ebbc4e8117dd90aa315a0ae8e4bf
mosaiq-benchmark-v0.1-candidate-20260716,mosaiq-benchmark,0.1.0-dev,delta_source_multilabel,0.1.0,DeLTA,clip,DeLTA_sr145_1,DeLTA_sr145_1,test,,0.1.0,datasets/DeLTA/data/clips.csv,03285f978931ad6b37ed88096b0285c5b07ad480d512785ed2234978f62df395
mosaiq-benchmark-v0.1-candidate-20260716,mosaiq-benchmark,0.1.0-dev,delta_source_multilabel,0.1.0,DeLTA,clip,DeLTA_NP114_1,DeLTA_NP114_1,test,,0.1.0,datasets/DeLTA/data/clips.csv,651fb839290d9629d6878108bcd7683192b335323af5636f1f81b86c7caaea88
mosaiq-benchmark-v0.1-candidate-20260716,mosaiq-benchmark,0.1.0-dev,delta_source_multilabel,0.1.0,DeLTA,clip,DeLTA_PL311_1,DeLTA_PL311_1,train,,0.1.0,datasets/DeLTA/data/clips.csv,ec245a0f0ba7cd28a43c55333df6716513b5e5ea20f716ad0420bb04e9d60c21
mosaiq-benchmark-v0.1-candidate-20260716,mosaiq-benchmark,0.1.0-dev,delta_source_multilabel,0.1.0,DeLTA,clip,DeLTA_CT532_2,DeLTA_CT532_2,train,,0.1.0,datasets/DeLTA/data/clips.csv,a917a2e2f8802803a17128a2d15580a1d3bc8bc11ed8160aea20fd6d344b8393
mosaiq-benchmark-v0.1-candidate-20260716,mosaiq-benchmark,0.1.0-dev,delta_source_multilabel,0.1.0,DeLTA,clip,DeLTA_Rf114_2,DeLTA_Rf114_2,test,,0.1.0,datasets/DeLTA/data/clips.csv,9cb9c99d526278734f4ac1a48d3d657551beba866cc88ce3dffbcc714bf7a766
mosaiq-benchmark-v0.1-candidate-20260716,mosaiq-benchmark,0.1.0-dev,delta_source_multilabel,0.1.0,DeLTA,clip,DeLTA_ML212_4,DeLTA_ML212_4,test,,0.1.0,datasets/DeLTA/data/clips.csv,0ddb0a472dc9ec19a808bc8dff24d0531861f03a41fd092800cedc5c63a3eb19
mosaiq-benchmark-v0.1-candidate-20260716,mosaiq-benchmark,0.1.0-dev,delta_source_multilabel,0.1.0,DeLTA,clip,DeLTA_PL120_1,DeLTA_PL120_1,train,,0.1.0,datasets/DeLTA/data/clips.csv,9e30de6f2a6c208da7d6a6b68f8ccd08e010d2a5d57b3f09e97ec480ce1b1399
mosaiq-benchmark-v0.1-candidate-20260716,mosaiq-benchmark,0.1.0-dev,delta_source_multilabel,0.1.0,DeLTA,clip,DeLTA_Rf114_1,DeLTA_Rf114_1,test,,0.1.0,datasets/DeLTA/data/clips.csv,58bbefe6f5c696b49a20f4c0c85a838cc9f632337567af7d7f118cd0d0bb3ab3
mosaiq-benchmark-v0.1-candidate-20260716,mosaiq-benchmark,0.1.0-dev,delta_source_multilabel,0.1.0,DeLTA,clip,DeLTA_Rf102_1,DeLTA_Rf102_1,train,,0.1.0,datasets/DeLTA/data/clips.csv,ac1f8f8276f19bf1898a365ce0782920a7574524141b196361481e272b54fe2e
mosaiq-benchmark-v0.1-candidate-20260716,mosaiq-benchmark,0.1.0-dev,delta_source_multilabel,0.1.0,DeLTA,clip,DeLTA_Rs322_1,DeLTA_Rs322_1,test,,0.1.0,datasets/DeLTA/data/clips.csv,5fb98acf491b26e188a2a8edf8d28aec4f7415cf3b68fad333d3b225420c244b
mosaiq-benchmark-v0.1-candidate-20260716,mosaiq-benchmark,0.1.0-dev,delta_source_multilabel,0.1.0,DeLTA,clip,DeLTA_SM508_2,DeLTA_SM508_2,test,,0.1.0,datasets/DeLTA/data/clips.csv,e6cc6a7a7e30880eccb2c4b75469f96c6bbc7e156a1ab728e646c99509b970a8
mosaiq-benchmark-v0.1-candidate-20260716,mosaiq-benchmark,0.1.0-dev,delta_source_multilabel,0.1.0,DeLTA,clip,DeLTA_ET201_1,DeLTA_ET201_1,test,,0.1.0,datasets/DeLTA/data/clips.csv,1e34dc59693a0e9632252aaf81cb294b41de9381ce37d4514a2833a86300f5cc
mosaiq-benchmark-v0.1-candidate-20260716,mosaiq-benchmark,0.1.0-dev,delta_source_multilabel,0.1.0,DeLTA,clip,DeLTA_Pl204_1,DeLTA_Pl204_1,train,,0.1.0,datasets/DeLTA/data/clips.csv,8aa18db117d1d5e82b2761b451d43ee8f4dd08427b2f2e8373bc96dadc88b2b1
mosaiq-benchmark-v0.1-candidate-20260716,mosaiq-benchmark,0.1.0-dev,delta_source_multilabel,0.1.0,DeLTA,clip,DeLTA_NP153_1,DeLTA_NP153_1,train,,0.1.0,datasets/DeLTA/data/clips.csv,003bdfea530614f5abd5d7a3e1dbc8cc22b41fa70cad1676fc286cfa37ff3c7b
mosaiq-benchmark-v0.1-candidate-20260716,mosaiq-benchmark,0.1.0-dev,delta_source_multilabel,0.1.0,DeLTA,clip,DeLTA_m18_2,DeLTA_m18_2,train,,0.1.0,datasets/DeLTA/data/clips.csv,afce2ab67f63cc4a0dffc2e1eea306fdb6251352a5e644c23b3f3091ecd69c96
mosaiq-benchmark-v0.1-candidate-20260716,mosaiq-benchmark,0.1.0-dev,delta_source_multilabel,0.1.0,DeLTA,clip,DeLTA_tm109_1,DeLTA_tm109_1,train,,0.1.0,datasets/DeLTA/data/clips.csv,20728eda1a6e30e3b897dfe6ff7e4cdd1a63757102536f919b7c50f6fad4e76d
mosaiq-benchmark-v0.1-candidate-20260716,mosaiq-benchmark,0.1.0-dev,delta_source_multilabel,0.1.0,DeLTA,clip,DeLTA_cp16_2,DeLTA_cp16_2,train,,0.1.0,datasets/DeLTA/data/clips.csv,2b7c9f843bcc36bc428a290a9c9265a7eb84589dcd48b1fe9cbbc727f83e0869
mosaiq-benchmark-v0.1-candidate-20260716,mosaiq-benchmark,0.1.0-dev,delta_source_multilabel,0.1.0,DeLTA,clip,DeLTA_RF336_2,DeLTA_RF336_2,train,,0.1.0,datasets/DeLTA/data/clips.csv,1ab9581f4c989fabd5fef7cde428e40fb3ce2e10272b5b524126f4e41d7c0e1a
mosaiq-benchmark-v0.1-candidate-20260716,mosaiq-benchmark,0.1.0-dev,delta_source_multilabel,0.1.0,DeLTA,clip,DeLTA_AM07_2,DeLTA_AM07_2,train,,0.1.0,datasets/DeLTA/data/clips.csv,cf4f7b1fd29dddabd92d2c533931c8f8cd952b2e5a16c2261e71f0f0398bb659
mosaiq-benchmark-v0.1-candidate-20260716,mosaiq-benchmark,0.1.0-dev,delta_source_multilabel,0.1.0,DeLTA,clip,DeLTA_tm316_2,DeLTA_tm316_2,train,,0.1.0,datasets/DeLTA/data/clips.csv,4841fa4092d9bc78e58d8133caca0311d2b80cf1c9368623196e186c691d56b2
mosaiq-benchmark-v0.1-candidate-20260716,mosaiq-benchmark,0.1.0-dev,delta_source_multilabel,0.1.0,DeLTA,clip,DeLTA_Rp219_2,DeLTA_Rp219_2,train,,0.1.0,datasets/DeLTA/data/clips.csv,8e47531f099645a6135982f606a7f4f517995c89bfa8b44b01180c15b33420a2
mosaiq-benchmark-v0.1-candidate-20260716,mosaiq-benchmark,0.1.0-dev,delta_source_multilabel,0.1.0,DeLTA,clip,DeLTA_Rs322_2,DeLTA_Rs322_2,dev,,0.1.0,datasets/DeLTA/data/clips.csv,31660fcad26974be8fd6f86a5d1d6a7effab60659bb81fb0a6e7ebfb2e2edd6e
mosaiq-benchmark-v0.1-candidate-20260716,mosaiq-benchmark,0.1.0-dev,delta_source_multilabel,0.1.0,DeLTA,clip,DeLTA_Rf121_1,DeLTA_Rf121_1,train,,0.1.0,datasets/DeLTA/data/clips.csv,bfef195d452f273f8be397c0b2e04e8f34e176126663433baca477ff19c0fd19
mosaiq-benchmark-v0.1-candidate-20260716,mosaiq-benchmark,0.1.0-dev,delta_source_multilabel,0.1.0,DeLTA,clip,DeLTA_TM428_2,DeLTA_TM428_2,train,,0.1.0,datasets/DeLTA/data/clips.csv,b631dbfc4d945c2525e8218d2702a1bcf7f93eb5a2e8e6b2d877a7d9d4cb5426
mosaiq-benchmark-v0.1-candidate-20260716,mosaiq-benchmark,0.1.0-dev,delta_source_multilabel,0.1.0,DeLTA,clip,DeLTA_PL311_2,DeLTA_PL311_2,dev,,0.1.0,datasets/DeLTA/data/clips.csv,57965f4ac5aa2ea9de8626ee908c54c0923de2d0b0127f4d9fa936d3ecca3ce7
mosaiq-benchmark-v0.1-candidate-20260716,mosaiq-benchmark,0.1.0-dev,delta_source_multilabel,0.1.0,DeLTA,clip,DeLTA_MG320_2,DeLTA_MG320_2,train,,0.1.0,datasets/DeLTA/data/clips.csv,7b3afd800fb12dd9f29b2c92ae2822f1755ed3450296320c9e824cae8c7ab87e
mosaiq-benchmark-v0.1-candidate-20260716,mosaiq-benchmark,0.1.0-dev,delta_source_multilabel,0.1.0,DeLTA,clip,DeLTA_CT518_1,DeLTA_CT518_1,train,,0.1.0,datasets/DeLTA/data/clips.csv,182f4209336808ede5cb329d709096a4df084bfe648bbe82012f7ed974f79961
mosaiq-benchmark-v0.1-candidate-20260716,mosaiq-benchmark,0.1.0-dev,delta_source_multilabel,0.1.0,DeLTA,clip,DeLTA_ts307_2,DeLTA_ts307_2,train,,0.1.0,datasets/DeLTA/data/clips.csv,609ea259733627ec8a861f6fc42040349781597fdb90822f6a654f6c45f7aa95
mosaiq-benchmark-v0.1-candidate-20260716,mosaiq-benchmark,0.1.0-dev,delta_source_multilabel,0.1.0,DeLTA,clip,DeLTA_PL411_1,DeLTA_PL411_1,test,,0.1.0,datasets/DeLTA/data/clips.csv,d2123eebad4f38920341766104cbb3614f88c4b77500bb7f1f56cf833b96d1d6
mosaiq-benchmark-v0.1-candidate-20260716,mosaiq-benchmark,0.1.0-dev,delta_source_multilabel,0.1.0,DeLTA,clip,DeLTA_RP319_1,DeLTA_RP319_1,train,,0.1.0,datasets/DeLTA/data/clips.csv,df6a0a2f155853ddf5214add1f0372eeb1838e10bc82781ec1aef446ab1dba5a
mosaiq-benchmark-v0.1-candidate-20260716,mosaiq-benchmark,0.1.0-dev,delta_source_multilabel,0.1.0,DeLTA,clip,DeLTA_Rs232_1,DeLTA_Rs232_1,train,,0.1.0,datasets/DeLTA/data/clips.csv,e611d25416f3c4c0e9ac6f2b465d8398c7d4b83c25672564003fe5fcc340ddea
mosaiq-benchmark-v0.1-candidate-20260716,mosaiq-benchmark,0.1.0-dev,delta_source_multilabel,0.1.0,DeLTA,clip,DeLTA_Rp211_2,DeLTA_Rp211_2,train,,0.1.0,datasets/DeLTA/data/clips.csv,3fde4206fec72cc3f93fc7ab633892646fb76bf81ec8ab1aac20a4423dc11ee8
mosaiq-benchmark-v0.1-candidate-20260716,mosaiq-benchmark,0.1.0-dev,delta_source_multilabel,0.1.0,DeLTA,clip,DeLTA_Rs103_2,DeLTA_Rs103_2,dev,,0.1.0,datasets/DeLTA/data/clips.csv,d64878ed47e6ea453fc82558c012c5d2a4f73e8e9e9e27f62fea86380ee01c97
mosaiq-benchmark-v0.1-candidate-20260716,mosaiq-benchmark,0.1.0-dev,delta_source_multilabel,0.1.0,DeLTA,clip,DeLTA_tm102_1,DeLTA_tm102_1,dev,,0.1.0,datasets/DeLTA/data/clips.csv,0ad67f9dad82878ae2cd2fb3ee71a71c981ce1b0ae526902293dd3a0cabefd08
mosaiq-benchmark-v0.1-candidate-20260716,mosaiq-benchmark,0.1.0-dev,delta_source_multilabel,0.1.0,DeLTA,clip,DeLTA_Mc323_2,DeLTA_Mc323_2,train,,0.1.0,datasets/DeLTA/data/clips.csv,f468cdfe5a9c9c0439084bdd5afccb8b5dc0ab47ca414dcde9df739a929151a3
mosaiq-benchmark-v0.1-candidate-20260716,mosaiq-benchmark,0.1.0-dev,delta_source_multilabel,0.1.0,DeLTA,clip,DeLTA_Rp201_2,DeLTA_Rp201_2,train,,0.1.0,datasets/DeLTA/data/clips.csv,a3aba23b2912c9363735a91767e52b2c97ed56a91bec5dca0f37fc42949c4846
mosaiq-benchmark-v0.1-candidate-20260716,mosaiq-benchmark,0.1.0-dev,delta_source_multilabel,0.1.0,DeLTA,clip,DeLTA_Rf223_2,DeLTA_Rf223_2,train,,0.1.0,datasets/DeLTA/data/clips.csv,fb0213f30ab0911ad32e671e7b2de479feb806c915b943384d030140c5609e26
mosaiq-benchmark-v0.1-candidate-20260716,mosaiq-benchmark,0.1.0-dev,delta_source_multilabel,0.1.0,DeLTA,clip,DeLTA_PL329_1,DeLTA_PL329_1,train,,0.1.0,datasets/DeLTA/data/clips.csv,cf672aae018fb3b3ac6925a6222e4e61951b28371b72c2517b69ec3c42ea8aa9
mosaiq-benchmark-v0.1-candidate-20260716,mosaiq-benchmark,0.1.0-dev,delta_source_multilabel,0.1.0,DeLTA,clip,DeLTA_Rs114_2,DeLTA_Rs114_2,test,,0.1.0,datasets/DeLTA/data/clips.csv,a5a7d74d2da4d3bb6ea25d6270b95085bd78cf586cf886d13bf5116466419f74
mosaiq-benchmark-v0.1-candidate-20260716,mosaiq-benchmark,0.1.0-dev,delta_source_multilabel,0.1.0,DeLTA,clip,DeLTA_ET106_3,DeLTA_ET106_3,train,,0.1.0,datasets/DeLTA/data/clips.csv,49f1f5d8196479fb43b36f53571a3bf8bd05061595423bbad217b9c06e860026
mosaiq-benchmark-v0.1-candidate-20260716,mosaiq-benchmark,0.1.0-dev,delta_source_multilabel,0.1.0,DeLTA,clip,DeLTA_CT538_2,DeLTA_CT538_2,dev,,0.1.0,datasets/DeLTA/data/clips.csv,771597bdb8578b89b89dcc467417b55cd88f4047664ac926139cc985b3168ea2
mosaiq-benchmark-v0.1-candidate-20260716,mosaiq-benchmark,0.1.0-dev,delta_source_multilabel,0.1.0,DeLTA,clip,DeLTA_CT321_1,DeLTA_CT321_1,train,,0.1.0,datasets/DeLTA/data/clips.csv,87ad4a85c8564d16ce77c289da69d7855a36bd1a78c42a9132661dd0ab834631
mosaiq-benchmark-v0.1-candidate-20260716,mosaiq-benchmark,0.1.0-dev,delta_source_multilabel,0.1.0,DeLTA,clip,DeLTA_MG109_1,DeLTA_MG109_1,train,,0.1.0,datasets/DeLTA/data/clips.csv,ac7bdc543764e5b229b76478893b1e27f656926b61ed6746c24565edb2b90448
mosaiq-benchmark-v0.1-candidate-20260716,mosaiq-benchmark,0.1.0-dev,delta_source_multilabel,0.1.0,DeLTA,clip,DeLTA_cv16_2,DeLTA_cv16_2,train,,0.1.0,datasets/DeLTA/data/clips.csv,b95cec7f20c5866171aef46c52c96314be95ac7fef06d71c849cbb16391319c2
mosaiq-benchmark-v0.1-candidate-20260716,mosaiq-benchmark,0.1.0-dev,delta_source_multilabel,0.1.0,DeLTA,clip,DeLTA_MG217_2,DeLTA_MG217_2,train,,0.1.0,datasets/DeLTA/data/clips.csv,8ec06892a3239c9ddd9de7d02b7587bd1e976be8f0b6a0b3fba30069b2bbf38d
mosaiq-benchmark-v0.1-candidate-20260716,mosaiq-benchmark,0.1.0-dev,delta_source_multilabel,0.1.0,DeLTA,clip,DeLTA_Rs308_1,DeLTA_Rs308_1,train,,0.1.0,datasets/DeLTA/data/clips.csv,5518991ca4f93ba43c09ce912430fa7424aee0d8259a1f528982c354fcac5452
mosaiq-benchmark-v0.1-candidate-20260716,mosaiq-benchmark,0.1.0-dev,delta_source_multilabel,0.1.0,DeLTA,clip,DeLTA_CT113_1,DeLTA_CT113_1,train,,0.1.0,datasets/DeLTA/data/clips.csv,4cd4de7adfbbb34b833fa290356c714468c47ca4b4aeabd8355f1dffad9f580e
mosaiq-benchmark-v0.1-candidate-20260716,mosaiq-benchmark,0.1.0-dev,delta_source_multilabel,0.1.0,DeLTA,clip,DeLTA_MG101_1,DeLTA_MG101_1,train,,0.1.0,datasets/DeLTA/data/clips.csv,a858eee0c4e5398e2ca1c9ae07eeeb5e896c8ab327aea0bed11bd5470c282ea1
mosaiq-benchmark-v0.1-candidate-20260716,mosaiq-benchmark,0.1.0-dev,delta_source_multilabel,0.1.0,DeLTA,clip,DeLTA_Rp135_1,DeLTA_Rp135_1,train,,0.1.0,datasets/DeLTA/data/clips.csv,c5de857c6cf8011b13a190ca575f1093a179917b23aa36386dcaa00f9d2dbe9e
mosaiq-benchmark-v0.1-candidate-20260716,mosaiq-benchmark,0.1.0-dev,delta_source_multilabel,0.1.0,DeLTA,clip,DeLTA_tm120_2,DeLTA_tm120_2,test,,0.1.0,datasets/DeLTA/data/clips.csv,e775ff49492bd3f42b7933e58d7c458c2beddd746196c7db61ddd6c517b186d6
mosaiq-benchmark-v0.1-candidate-20260716,mosaiq-benchmark,0.1.0-dev,delta_source_multilabel,0.1.0,DeLTA,clip,DeLTA_Rf218_2,DeLTA_Rf218_2,dev,,0.1.0,datasets/DeLTA/data/clips.csv,02a3cf8add7fbd819a22b915ba9ea83b1ad369a6b077483e425149926ca011d7
mosaiq-benchmark-v0.1-candidate-20260716,mosaiq-benchmark,0.1.0-dev,delta_source_multilabel,0.1.0,DeLTA,clip,DeLTA_Mc105_1,DeLTA_Mc105_1,train,,0.1.0,datasets/DeLTA/data/clips.csv,4824589a243957e30c60081997aa992d228a23943d3d3293b9ebdee9442908d9
mosaiq-benchmark-v0.1-candidate-20260716,mosaiq-benchmark,0.1.0-dev,delta_source_multilabel,0.1.0,DeLTA,clip,DeLTA_Ts420_2,DeLTA_Ts420_2,train,,0.1.0,datasets/DeLTA/data/clips.csv,0f260a3141283aa4d75d9a70f339e49a3bcca7fddfafe29fd4013591de5dcb30
mosaiq-benchmark-v0.1-candidate-20260716,mosaiq-benchmark,0.1.0-dev,delta_source_multilabel,0.1.0,DeLTA,clip,DeLTA_ML111_1,DeLTA_ML111_1,test,,0.1.0,datasets/DeLTA/data/clips.csv,d38f301697cd87fa3690efd452df1d883292c3b6ebef5c32cd7db91999f63c0d
mosaiq-benchmark-v0.1-candidate-20260716,mosaiq-benchmark,0.1.0-dev,delta_source_multilabel,0.1.0,DeLTA,clip,DeLTA_RF325_1,DeLTA_RF325_1,test,,0.1.0,datasets/DeLTA/data/clips.csv,d35294e5adc1dc6dc291c0feeda7229d7ad4c0570ac70214ebcc50d5e14f5499
mosaiq-benchmark-v0.1-candidate-20260716,mosaiq-benchmark,0.1.0-dev,delta_source_multilabel,0.1.0,DeLTA,clip,DeLTA_ML131_8,DeLTA_ML131_8,train,,0.1.0,datasets/DeLTA/data/clips.csv,7156270a2ebc0c8e005190a4431a96e3924b4dd0e37aa8212860c23fd9831324
mosaiq-benchmark-v0.1-candidate-20260716,mosaiq-benchmark,0.1.0-dev,delta_source_multilabel,0.1.0,DeLTA,clip,DeLTA_SM505_2,DeLTA_SM505_2,train,,0.1.0,datasets/DeLTA/data/clips.csv,cabde6f10f4b0ecdc4aa3b1f901ad72cd14e3ca09cb857b404413a08aa994a32
mosaiq-benchmark-v0.1-candidate-20260716,mosaiq-benchmark,0.1.0-dev,delta_source_multilabel,0.1.0,DeLTA,clip,DeLTA_st104_2,DeLTA_st104_2,train,,0.1.0,datasets/DeLTA/data/clips.csv,df96155633d781bbae6de8ffdaf6cdab2910b0e83c828382b99d4b08fef39e21
mosaiq-benchmark-v0.1-candidate-20260716,mosaiq-benchmark,0.1.0-dev,delta_source_multilabel,0.1.0,DeLTA,clip,DeLTA_ts219_2,DeLTA_ts219_2,dev,,0.1.0,datasets/DeLTA/data/clips.csv,6f51f06abf9c1f971fe21127f3e6685513f0c8c76f7d9ac085dca0ab97407816
mosaiq-benchmark-v0.1-candidate-20260716,mosaiq-benchmark,0.1.0-dev,delta_source_multilabel,0.1.0,DeLTA,clip,DeLTA_Rf223_1,DeLTA_Rf223_1,train,,0.1.0,datasets/DeLTA/data/clips.csv,8de1903c2d860ea750f120b0244caa8ea8610cd6a8a72e618e5cc5efab7676bc
mosaiq-benchmark-v0.1-candidate-20260716,mosaiq-benchmark,0.1.0-dev,delta_source_multilabel,0.1.0,DeLTA,clip,DeLTA_Rf201_2,DeLTA_Rf201_2,train,,0.1.0,datasets/DeLTA/data/clips.csv,3f8e23c4a2f054489c133f0d8aaed7b753a0ec9a627f0c69df3e9ec1a6359f3b
mosaiq-benchmark-v0.1-candidate-20260716,mosaiq-benchmark,0.1.0-dev,delta_source_multilabel,0.1.0,DeLTA,clip,DeLTA_ET312_2,DeLTA_ET312_2,train,,0.1.0,datasets/DeLTA/data/clips.csv,511ee221255deadd86959e2b4613f22befa41f9a8026167836449926a88bcdb8
mosaiq-benchmark-v0.1-candidate-20260716,mosaiq-benchmark,0.1.0-dev,delta_source_multilabel,0.1.0,DeLTA,clip,DeLTA_Mc302_1,DeLTA_Mc302_1,train,,0.1.0,datasets/DeLTA/data/clips.csv,752f4569b79f327672fede3518faa94fb16823d2e0a0bdf3de9f760dfcd191f5
mosaiq-benchmark-v0.1-candidate-20260716,mosaiq-benchmark,0.1.0-dev,delta_source_multilabel,0.1.0,DeLTA,clip,DeLTA_SR201_1,DeLTA_SR201_1,test,,0.1.0,datasets/DeLTA/data/clips.csv,14ad58ecc1ed66e56a96c96e6283022f22310a340e3568203b0ff4ebc5f1a684
mosaiq-benchmark-v0.1-candidate-20260716,mosaiq-benchmark,0.1.0-dev,delta_source_multilabel,0.1.0,DeLTA,clip,DeLTA_ET430_1,DeLTA_ET430_1,train,,0.1.0,datasets/DeLTA/data/clips.csv,299932ce9ea77a7be8f58e58b2f87a7ead83ef80ec7cdd853157b5bdbb9e6fa6
mosaiq-benchmark-v0.1-candidate-20260716,mosaiq-benchmark,0.1.0-dev,delta_source_multilabel,0.1.0,DeLTA,clip,DeLTA_SC210_1,DeLTA_SC210_1,train,,0.1.0,datasets/DeLTA/data/clips.csv,25f3f2318258ecd4577212c4a964209d7a8fd08d07c1801ed14ac532ae48362c
mosaiq-benchmark-v0.1-candidate-20260716,mosaiq-benchmark,0.1.0-dev,delta_source_multilabel,0.1.0,DeLTA,clip,DeLTA_SM305_1,DeLTA_SM305_1,train,,0.1.0,datasets/DeLTA/data/clips.csv,0cdb16e0ca26169c4470c19784215572386089634771cb8bf31f1ce15de0e180
mosaiq-benchmark-v0.1-candidate-20260716,mosaiq-benchmark,0.1.0-dev,delta_source_multilabel,0.1.0,DeLTA,clip,DeLTA_m13_1,DeLTA_m13_1,train,,0.1.0,datasets/DeLTA/data/clips.csv,07aaea7033bffb0bcacdf1f8cce5bcffe8288985f02a50ceabd85626b9d1373f
mosaiq-benchmark-v0.1-candidate-20260716,mosaiq-benchmark,0.1.0-dev,delta_source_multilabel,0.1.0,DeLTA,clip,DeLTA_SR208_2,DeLTA_SR208_2,train,,0.1.0,datasets/DeLTA/data/clips.csv,a04479ebc2b1ed88d66b37fa9392376fc57464d74a48f067e50b908ddcbf3400
mosaiq-benchmark-v0.1-candidate-20260716,mosaiq-benchmark,0.1.0-dev,delta_source_multilabel,0.1.0,DeLTA,clip,DeLTA_MG303_1,DeLTA_MG303_1,dev,,0.1.0,datasets/DeLTA/data/clips.csv,1a9dabf99a2298a5dd29038dbcf9b7410af0fb810799fac319d7be0a8bb98809
mosaiq-benchmark-v0.1-candidate-20260716,mosaiq-benchmark,0.1.0-dev,delta_source_multilabel,0.1.0,DeLTA,clip,DeLTA_TS516_1,DeLTA_TS516_1,test,,0.1.0,datasets/DeLTA/data/clips.csv,fecc634af3e9d42a5d48d0b929976b2e9a3d15762879e2f0431792cb76bec809
mosaiq-benchmark-v0.1-candidate-20260716,mosaiq-benchmark,0.1.0-dev,delta_source_multilabel,0.1.0,DeLTA,clip,DeLTA_SR215_1,DeLTA_SR215_1,test,,0.1.0,datasets/DeLTA/data/clips.csv,18669fcaeb8ff359052f7de291a88a5c7c6693ecc835203f30901ebebdc5bfad
mosaiq-benchmark-v0.1-candidate-20260716,mosaiq-benchmark,0.1.0-dev,delta_source_multilabel,0.1.0,DeLTA,clip,DeLTA_cv31_2,DeLTA_cv31_2,dev,,0.1.0,datasets/DeLTA/data/clips.csv,956bdf8e3cc66dbc4de1c56f46cd6b2324b9d8ddd6d3bdfe4698e777a37d9fcf
mosaiq-benchmark-v0.1-candidate-20260716,mosaiq-benchmark,0.1.0-dev,delta_source_multilabel,0.1.0,DeLTA,clip,DeLTA_TS538_1,DeLTA_TS538_1,test,,0.1.0,datasets/DeLTA/data/clips.csv,088edc6018b0e4d9d508ea16d1d5b189322713e83b4c2368c9a5035a7e00912d
mosaiq-benchmark-v0.1-candidate-20260716,mosaiq-benchmark,0.1.0-dev,delta_source_multilabel,0.1.0,DeLTA,clip,DeLTA_ET414_1,DeLTA_ET414_1,train,,0.1.0,datasets/DeLTA/data/clips.csv,5cba762cf90f3a0eb6c833056b8e09389e8a7232d25f09f31a2f5cea5a8bce00
mosaiq-benchmark-v0.1-candidate-20260716,mosaiq-benchmark,0.1.0-dev,delta_source_multilabel,0.1.0,DeLTA,clip,DeLTA_TS516_2,DeLTA_TS516_2,train,,0.1.0,datasets/DeLTA/data/clips.csv,d0b0fa3ca5ac2a0155bd0ce930980d9d950aa2d9a32f13f8d08827c7a161f7fb
mosaiq-benchmark-v0.1-candidate-20260716,mosaiq-benchmark,0.1.0-dev,delta_source_multilabel,0.1.0,DeLTA,clip,DeLTA_CT320_1,DeLTA_CT320_1,train,,0.1.0,datasets/DeLTA/data/clips.csv,237f09b3d0ef4bf1d3616e9cd42f7f35bd40a95cf6df51ef8e07ee423da9a932
mosaiq-benchmark-v0.1-candidate-20260716,mosaiq-benchmark,0.1.0-dev,delta_source_multilabel,0.1.0,DeLTA,clip,DeLTA_PL328_1,DeLTA_PL328_1,train,,0.1.0,datasets/DeLTA/data/clips.csv,b23071a33a4b40208d0b5b2696d94534f6732797ca10547f140402675fb6038c
mosaiq-benchmark-v0.1-candidate-20260716,mosaiq-benchmark,0.1.0-dev,delta_source_multilabel,0.1.0,DeLTA,clip,DeLTA_Pl209_1,DeLTA_Pl209_1,train,,0.1.0,datasets/DeLTA/data/clips.csv,f4e469ae8c69a2a3a5267bad4225af4f202fef0026e89a83c104f29e7556626a
mosaiq-benchmark-v0.1-candidate-20260716,mosaiq-benchmark,0.1.0-dev,delta_source_multilabel,0.1.0,DeLTA,clip,DeLTA_PL313_2,DeLTA_PL313_2,dev,,0.1.0,datasets/DeLTA/data/clips.csv,9c55fc097ad1078a8b5d214ccac5f4585cb1568b5d4e6f697014066309d7c148
mosaiq-benchmark-v0.1-candidate-20260716,mosaiq-benchmark,0.1.0-dev,delta_source_multilabel,0.1.0,DeLTA,clip,DeLTA_Rf110_1,DeLTA_Rf110_1,train,,0.1.0,datasets/DeLTA/data/clips.csv,cf53183b98ee537df13d30a392aba601f23a6a7fcb4b058ff5d2b2ae4673bffb
mosaiq-benchmark-v0.1-candidate-20260716,mosaiq-benchmark,0.1.0-dev,delta_source_multilabel,0.1.0,DeLTA,clip,DeLTA_TS541_1,DeLTA_TS541_1,dev,,0.1.0,datasets/DeLTA/data/clips.csv,98d155fca926998835f38d3442914dc4b6f96fa43cf9810e3e1e06e2e49b7475
mosaiq-benchmark-v0.1-candidate-20260716,mosaiq-benchmark,0.1.0-dev,delta_source_multilabel,0.1.0,DeLTA,clip,DeLTA_bib6_2,DeLTA_bib6_2,dev,,0.1.0,datasets/DeLTA/data/clips.csv,6e2d6d89b1312661d0b26297c85ccf125e0b91b361aefb4571b8292c30c8c70d
mosaiq-benchmark-v0.1-candidate-20260716,mosaiq-benchmark,0.1.0-dev,delta_source_multilabel,0.1.0,DeLTA,clip,DeLTA_ET310_1,DeLTA_ET310_1,train,,0.1.0,datasets/DeLTA/data/clips.csv,b7b4850f1ad1a470ebce82f55311a43ce6d0ec68123b664da1b9c1c4b5b13350
mosaiq-benchmark-v0.1-candidate-20260716,mosaiq-benchmark,0.1.0-dev,delta_source_multilabel,0.1.0,DeLTA,clip,DeLTA_NP151_1,DeLTA_NP151_1,train,,0.1.0,datasets/DeLTA/data/clips.csv,54b4d534e5eca8a592fb0382b5045277506f74924990f42814ec3e7a77108c20
mosaiq-benchmark-v0.1-candidate-20260716,mosaiq-benchmark,0.1.0-dev,delta_source_multilabel,0.1.0,DeLTA,clip,DeLTA_cv16_1,DeLTA_cv16_1,dev,,0.1.0,datasets/DeLTA/data/clips.csv,b2c71b3c1517a86003c8b63d90a6b2d3140258fb365960130e1b44759d68b2c4
mosaiq-benchmark-v0.1-candidate-20260716,mosaiq-benchmark,0.1.0-dev,delta_source_multilabel,0.1.0,DeLTA,clip,DeLTA_m26_2,DeLTA_m26_2,test,,0.1.0,datasets/DeLTA/data/clips.csv,de684034e1697044ad00d298787373f5b5d9056234693207ed8ebcb10e00aacf
mosaiq-benchmark-v0.1-candidate-20260716,mosaiq-benchmark,0.1.0-dev,delta_source_multilabel,0.1.0,DeLTA,clip,DeLTA_Rp137_1,DeLTA_Rp137_1,train,,0.1.0,datasets/DeLTA/data/clips.csv,af7a92fbc854a187a04d59a4f761b91c7837b6d4fa78ab177b201c425b8059e9
mosaiq-benchmark-v0.1-candidate-20260716,mosaiq-benchmark,0.1.0-dev,delta_source_multilabel,0.1.0,DeLTA,clip,DeLTA_tm215_2,DeLTA_tm215_2,train,,0.1.0,datasets/DeLTA/data/clips.csv,94f3061864500962587fd6d1628b8e334f62aff947a567434d363e244cf08394
mosaiq-benchmark-v0.1-candidate-20260716,mosaiq-benchmark,0.1.0-dev,delta_source_multilabel,0.1.0,DeLTA,clip,DeLTA_SM502_2,DeLTA_SM502_2,train,,0.1.0,datasets/DeLTA/data/clips.csv,0758d9fc780d92ff07c1eb32a7f2d33a7bf4d278bf20d69433595a30f8ddaeb0
mosaiq-benchmark-v0.1-candidate-20260716,mosaiq-benchmark,0.1.0-dev,delta_source_multilabel,0.1.0,DeLTA,clip,DeLTA_Rp114_1,DeLTA_Rp114_1,train,,0.1.0,datasets/DeLTA/data/clips.csv,4364c57d787b6ef2763b5d35ba38ab770f75c29ca43675cd7bb3dffc1f84eb19
mosaiq-benchmark-v0.1-candidate-20260716,mosaiq-benchmark,0.1.0-dev,delta_source_multilabel,0.1.0,DeLTA,clip,DeLTA_SM511_2,DeLTA_SM511_2,train,,0.1.0,datasets/DeLTA/data/clips.csv,05574aa39416797dcdff9c256f7a402c5d84fe615d5ca803595fc546e00270b6
mosaiq-benchmark-v0.1-candidate-20260716,mosaiq-benchmark,0.1.0-dev,delta_source_multilabel,0.1.0,DeLTA,clip,DeLTA_CT509_2,DeLTA_CT509_2,train,,0.1.0,datasets/DeLTA/data/clips.csv,71bb0038d085e659d6d8ba465b60e8f3d977374a7aba0b1c00c3fc269fc684a0
mosaiq-benchmark-v0.1-candidate-20260716,mosaiq-benchmark,0.1.0-dev,delta_source_multilabel,0.1.0,DeLTA,clip,DeLTA_RF323_1,DeLTA_RF323_1,dev,,0.1.0,datasets/DeLTA/data/clips.csv,d90701d6709d4e595f7628e69870bc3c1b3f88f610680f30d164402c490d15db
mosaiq-benchmark-v0.1-candidate-20260716,mosaiq-benchmark,0.1.0-dev,delta_source_multilabel,0.1.0,DeLTA,clip,DeLTA_PL316_1,DeLTA_PL316_1,train,,0.1.0,datasets/DeLTA/data/clips.csv,cae175606f117db09e4008844f599ea50972e5f67bff8de236c93da977cb5993
mosaiq-benchmark-v0.1-candidate-20260716,mosaiq-benchmark,0.1.0-dev,delta_source_multilabel,0.1.0,DeLTA,clip,DeLTA_tm207_2,DeLTA_tm207_2,train,,0.1.0,datasets/DeLTA/data/clips.csv,6bcdd00cef8ce67c52435591bc183a92b8fcf18926c065c33d100c2880a4b4d8
mosaiq-benchmark-v0.1-candidate-20260716,mosaiq-benchmark,0.1.0-dev,delta_source_multilabel,0.1.0,DeLTA,clip,DeLTA_Rp125_1,DeLTA_Rp125_1,train,,0.1.0,datasets/DeLTA/data/clips.csv,2d94a3e7cf0d678444e10756542fc3d633a3133ad1aa8da8a8c2aaf782de638d
mosaiq-benchmark-v0.1-candidate-20260716,mosaiq-benchmark,0.1.0-dev,delta_source_multilabel,0.1.0,DeLTA,clip,DeLTA_ML105_1,DeLTA_ML105_1,train,,0.1.0,datasets/DeLTA/data/clips.csv,663ae7dd78a26dd8a8d4c8d154aa7fdffbf411ab5c08c89c7e48328ff1432dfb
mosaiq-benchmark-v0.1-candidate-20260716,mosaiq-benchmark,0.1.0-dev,delta_source_multilabel,0.1.0,DeLTA,clip,DeLTA_TM407_1,DeLTA_TM407_1,train,,0.1.0,datasets/DeLTA/data/clips.csv,6fb72e20937bcb158d7819e548d36e072ae2442eeb45b668b007ef973ec5a466
mosaiq-benchmark-v0.1-candidate-20260716,mosaiq-benchmark,0.1.0-dev,delta_source_multilabel,0.1.0,DeLTA,clip,DeLTA_SC227_1,DeLTA_SC227_1,train,,0.1.0,datasets/DeLTA/data/clips.csv,f59e88a7d5ac233210291506e9d19a942108cc417184320bbee8ba9d7d15148c
mosaiq-benchmark-v0.1-candidate-20260716,mosaiq-benchmark,0.1.0-dev,delta_source_multilabel,0.1.0,DeLTA,clip,DeLTA_CT524_1,DeLTA_CT524_1,test,,0.1.0,datasets/DeLTA/data/clips.csv,0e1c9381d6d48dd926f87a3dbad3ede01a09546fd97d9a13ee4a4e9c19587b09
mosaiq-benchmark-v0.1-candidate-20260716,mosaiq-benchmark,0.1.0-dev,delta_source_multilabel,0.1.0,DeLTA,clip,DeLTA_PL302_2,DeLTA_PL302_2,test,,0.1.0,datasets/DeLTA/data/clips.csv,da3f8d31838c8e9cb159c79780fceb7778b94443e721917c859722bb31be5c5d
mosaiq-benchmark-v0.1-candidate-20260716,mosaiq-benchmark,0.1.0-dev,delta_source_multilabel,0.1.0,DeLTA,clip,DeLTA_MG114_1,DeLTA_MG114_1,test,,0.1.0,datasets/DeLTA/data/clips.csv,0b03edf9017296d6114c1f26c27f9bb6a1f20f283979dafa873af452b1683df0
mosaiq-benchmark-v0.1-candidate-20260716,mosaiq-benchmark,0.1.0-dev,delta_source_multilabel,0.1.0,DeLTA,clip,DeLTA_CT312_1,DeLTA_CT312_1,train,,0.1.0,datasets/DeLTA/data/clips.csv,9cc58f57e8f5195a9323ec6ee4fe8677c4188242c1c358b680f22bbd756d96f6
mosaiq-benchmark-v0.1-candidate-20260716,mosaiq-benchmark,0.1.0-dev,delta_source_multilabel,0.1.0,DeLTA,clip,DeLTA_PL426_2,DeLTA_PL426_2,train,,0.1.0,datasets/DeLTA/data/clips.csv,8e373478e681006a7c2af7e8c2a5eac9c54b1c24f33f4f05eb465fef985e81ca
mosaiq-benchmark-v0.1-candidate-20260716,mosaiq-benchmark,0.1.0-dev,delta_source_multilabel,0.1.0,DeLTA,clip,DeLTA_Ts415_2,DeLTA_Ts415_2,train,,0.1.0,datasets/DeLTA/data/clips.csv,5a90f80beffbe3909dc507ff02d61c373699ed11ea39dce31df54447956f8feb
mosaiq-benchmark-v0.1-candidate-20260716,mosaiq-benchmark,0.1.0-dev,delta_source_multilabel,0.1.0,DeLTA,clip,DeLTA_ts233_1,DeLTA_ts233_1,test,,0.1.0,datasets/DeLTA/data/clips.csv,05e3b189840048e09d49532deb91cbc214a4f47a6f8e4362b9d113c1787ef8d6
mosaiq-benchmark-v0.1-candidate-20260716,mosaiq-benchmark,0.1.0-dev,delta_source_multilabel,0.1.0,DeLTA,clip,DeLTA_RF324_2,DeLTA_RF324_2,test,,0.1.0,datasets/DeLTA/data/clips.csv,e952c8c54d1a1361d279321e635d5855b8bcd7589d1fc484a74feb0c8681d257
mosaiq-benchmark-v0.1-candidate-20260716,mosaiq-benchmark,0.1.0-dev,delta_source_multilabel,0.1.0,DeLTA,clip,DeLTA_PL414_1,DeLTA_PL414_1,train,,0.1.0,datasets/DeLTA/data/clips.csv,9f6bdc30be306726872194092274fe7e5ff8f4958fc415eeb6b29ed64814f1f9
mosaiq-benchmark-v0.1-candidate-20260716,mosaiq-benchmark,0.1.0-dev,delta_source_multilabel,0.1.0,DeLTA,clip,DeLTA_Rs116_1,DeLTA_Rs116_1,dev,,0.1.0,datasets/DeLTA/data/clips.csv,99f4278aeb9f205259543503b78f403192fc6dd09d598fa2699eab4d73b5bb42
mosaiq-benchmark-v0.1-candidate-20260716,mosaiq-benchmark,0.1.0-dev,delta_source_multilabel,0.1.0,DeLTA,clip,DeLTA_SR240_2,DeLTA_SR240_2,train,,0.1.0,datasets/DeLTA/data/clips.csv,ae87a7717eca0633a3e6418287537497d16142458cecd9035ec5d1deb7b3345f
mosaiq-benchmark-v0.1-candidate-20260716,mosaiq-benchmark,0.1.0-dev,delta_source_multilabel,0.1.0,DeLTA,clip,DeLTA_sc126_2,DeLTA_sc126_2,train,,0.1.0,datasets/DeLTA/data/clips.csv,13208b5fa8b86b90330d5e7523e5fc48f30f1b04d3e809dba951feb59684120b
mosaiq-benchmark-v0.1-candidate-20260716,mosaiq-benchmark,0.1.0-dev,delta_source_multilabel,0.1.0,DeLTA,clip,DeLTA_Rf225_1,DeLTA_Rf225_1,train,,0.1.0,datasets/DeLTA/data/clips.csv,22291d2eeab54f2c6a44cbde497746554db4f5a8d3fae13c4f82173309300f49
mosaiq-benchmark-v0.1-candidate-20260716,mosaiq-benchmark,0.1.0-dev,delta_source_multilabel,0.1.0,DeLTA,clip,DeLTA_ML103_3,DeLTA_ML103_3,train,,0.1.0,datasets/DeLTA/data/clips.csv,510a154a1747208615f12958cab8797bd1def1fc0416be03d4f73494b6c01b82
mosaiq-benchmark-v0.1-candidate-20260716,mosaiq-benchmark,0.1.0-dev,delta_source_multilabel,0.1.0,DeLTA,clip,DeLTA_Rf132_2,DeLTA_Rf132_2,test,,0.1.0,datasets/DeLTA/data/clips.csv,2e079812ebf1ec209cfa2eba7d87c4f4f46cef1b780bb7643a00bd1ed0dc22f0
mosaiq-benchmark-v0.1-candidate-20260716,mosaiq-benchmark,0.1.0-dev,delta_source_multilabel,0.1.0,DeLTA,clip,DeLTA_MC508_2,DeLTA_MC508_2,train,,0.1.0,datasets/DeLTA/data/clips.csv,12556a898acbf8b62a1160231f94b1482a572680c8969b61ea82d3ba9350f194
mosaiq-benchmark-v0.1-candidate-20260716,mosaiq-benchmark,0.1.0-dev,delta_source_multilabel,0.1.0,DeLTA,clip,DeLTA_TS503_1,DeLTA_TS503_1,train,,0.1.0,datasets/DeLTA/data/clips.csv,57a12810044cb2c4ee8cd7bfa6c32d9d16f4901ff36bc00e05a1137d839644f8
mosaiq-benchmark-v0.1-candidate-20260716,mosaiq-benchmark,0.1.0-dev,delta_source_multilabel,0.1.0,DeLTA,clip,DeLTA_ET418_2,DeLTA_ET418_2,dev,,0.1.0,datasets/DeLTA/data/clips.csv,9db9a49c49abf32fdce375e762ba28d1d32fc0a9f816ca141b860040ff7b4e1c
mosaiq-benchmark-v0.1-candidate-20260716,mosaiq-benchmark,0.1.0-dev,delta_source_multilabel,0.1.0,DeLTA,clip,DeLTA_Rs327_2,DeLTA_Rs327_2,train,,0.1.0,datasets/DeLTA/data/clips.csv,f1283c9f044dba869b6c3649ecc850f73b941f431a7b10020117fa294736a747
mosaiq-benchmark-v0.1-candidate-20260716,mosaiq-benchmark,0.1.0-dev,delta_source_multilabel,0.1.0,DeLTA,clip,DeLTA_tm113_1,DeLTA_tm113_1,train,,0.1.0,datasets/DeLTA/data/clips.csv,9ddbd9afc3192104f23692af5c0304b60a6d08da6f7175de02cf520c4354b5a4
mosaiq-benchmark-v0.1-candidate-20260716,mosaiq-benchmark,0.1.0-dev,delta_source_multilabel,0.1.0,DeLTA,clip,DeLTA_RS406_1,DeLTA_RS406_1,train,,0.1.0,datasets/DeLTA/data/clips.csv,675627cbf2f87824aa8c5e9c4e5162f567939aa0480b11726390a7f20e537052
mosaiq-benchmark-v0.1-candidate-20260716,mosaiq-benchmark,0.1.0-dev,delta_source_multilabel,0.1.0,DeLTA,clip,DeLTA_tm306_2,DeLTA_tm306_2,train,,0.1.0,datasets/DeLTA/data/clips.csv,bb750621d815f7c39d93f7b722c411b49aa1b013c6e93f2a8e21d1faa36dacad
mosaiq-benchmark-v0.1-candidate-20260716,mosaiq-benchmark,0.1.0-dev,delta_source_multilabel,0.1.0,DeLTA,clip,DeLTA_tm212_1,DeLTA_tm212_1,train,,0.1.0,datasets/DeLTA/data/clips.csv,076edeed1d82391937a6105b8f14f2ef08c3bae16465a29f3c91f2f7fd8bac58
mosaiq-benchmark-v0.1-candidate-20260716,mosaiq-benchmark,0.1.0-dev,delta_source_multilabel,0.1.0,DeLTA,clip,DeLTA_TS529_1,DeLTA_TS529_1,train,,0.1.0,datasets/DeLTA/data/clips.csv,339fe4e0dfae014e51560c06da25bc78720ad971bf5c5a51025870f173fbe5b8
mosaiq-benchmark-v0.1-candidate-20260716,mosaiq-benchmark,0.1.0-dev,delta_source_multilabel,0.1.0,DeLTA,clip,DeLTA_ET119_1,DeLTA_ET119_1,train,,0.1.0,datasets/DeLTA/data/clips.csv,09f077327752bf48577efc9b10fb02d3d7bda460a7860ed2271fa990c3c47915
mosaiq-benchmark-v0.1-candidate-20260716,mosaiq-benchmark,0.1.0-dev,delta_source_multilabel,0.1.0,DeLTA,clip,DeLTA_SR213_2,DeLTA_SR213_2,train,,0.1.0,datasets/DeLTA/data/clips.csv,394e1f39ba5b94084d968f82f6afb8ce203b0dd696c9f8892740452e62203f64
mosaiq-benchmark-v0.1-candidate-20260716,mosaiq-benchmark,0.1.0-dev,delta_source_multilabel,0.1.0,DeLTA,clip,DeLTA_PL107_2,DeLTA_PL107_2,train,,0.1.0,datasets/DeLTA/data/clips.csv,328318d0a8bc71f621e7dec5d37feebcd43918888afb79d28050041247aa361f
mosaiq-benchmark-v0.1-candidate-20260716,mosaiq-benchmark,0.1.0-dev,delta_source_multilabel,0.1.0,DeLTA,clip,DeLTA_m29_1,DeLTA_m29_1,test,,0.1.0,datasets/DeLTA/data/clips.csv,a38abd96a9a519bc47a0305d5276af7f20ab00dfeff53429a357f8aac0beaf50
mosaiq-benchmark-v0.1-candidate-20260716,mosaiq-benchmark,0.1.0-dev,delta_source_multilabel,0.1.0,DeLTA,clip,DeLTA_RS426_1,DeLTA_RS426_1,train,,0.1.0,datasets/DeLTA/data/clips.csv,5e67c364099e6212bba866d4b2f66fbf41cd7e5e9900fa0d460bb0dbe93df6a6
mosaiq-benchmark-v0.1-candidate-20260716,mosaiq-benchmark,0.1.0-dev,delta_source_multilabel,0.1.0,DeLTA,clip,DeLTA_2cv31_1,DeLTA_2cv31_1,train,,0.1.0,datasets/DeLTA/data/clips.csv,4676062acea9a29eb436632ec3b53484887dd18a33c9598f21e1232896bd9c00
mosaiq-benchmark-v0.1-candidate-20260716,mosaiq-benchmark,0.1.0-dev,delta_source_multilabel,0.1.0,DeLTA,clip,DeLTA_ML104_1,DeLTA_ML104_1,dev,,0.1.0,datasets/DeLTA/data/clips.csv,d6001d2919520ae6405902066d6a1570834c1cd3f4e1e6a288d8dcc675651c5c
mosaiq-benchmark-v0.1-candidate-20260716,mosaiq-benchmark,0.1.0-dev,delta_source_multilabel,0.1.0,DeLTA,clip,DeLTA_MC526_2,DeLTA_MC526_2,train,,0.1.0,datasets/DeLTA/data/clips.csv,5c572e7099daa05238621bed60fed51325eb83d19eed77329720a22e3c18e345
mosaiq-benchmark-v0.1-candidate-20260716,mosaiq-benchmark,0.1.0-dev,delta_source_multilabel,0.1.0,DeLTA,clip,DeLTA_ET222_1,DeLTA_ET222_1,test,,0.1.0,datasets/DeLTA/data/clips.csv,6c071fb30b519bd36e0155b51f56578f64936ab104fe5e8fc600767c6e93f0be
mosaiq-benchmark-v0.1-candidate-20260716,mosaiq-benchmark,0.1.0-dev,delta_source_multilabel,0.1.0,DeLTA,clip,DeLTA_Pl234_1,DeLTA_Pl234_1,train,,0.1.0,datasets/DeLTA/data/clips.csv,79e45682e4f25092a0f8e5da5556e270ae6d4e952c8a0c5cfc3fc6f7327f5267
mosaiq-benchmark-v0.1-candidate-20260716,mosaiq-benchmark,0.1.0-dev,delta_source_multilabel,0.1.0,DeLTA,clip,DeLTA_ts209_1,DeLTA_ts209_1,train,,0.1.0,datasets/DeLTA/data/clips.csv,f5d654305f9d904a357b4d9af965f8973d0f1bb8d8e03348e44d4f2a76e199fc
mosaiq-benchmark-v0.1-candidate-20260716,mosaiq-benchmark,0.1.0-dev,delta_source_multilabel,0.1.0,DeLTA,clip,DeLTA_ML132_4,DeLTA_ML132_4,train,,0.1.0,datasets/DeLTA/data/clips.csv,16e415805a468ba57f5ade24c782e7a3528370dfcce9514be2636796a391c6ad
mosaiq-benchmark-v0.1-candidate-20260716,mosaiq-benchmark,0.1.0-dev,delta_source_multilabel,0.1.0,DeLTA,clip,DeLTA_PL328_2,DeLTA_PL328_2,train,,0.1.0,datasets/DeLTA/data/clips.csv,d4c05f329bb44d34e211b52bf125bf13139cedcfda4d5b9daffc4a326bece212
mosaiq-benchmark-v0.1-candidate-20260716,mosaiq-benchmark,0.1.0-dev,delta_source_multilabel,0.1.0,DeLTA,clip,DeLTA_ts306_1,DeLTA_ts306_1,train,,0.1.0,datasets/DeLTA/data/clips.csv,fa6b474f7acf21d1a4ce302aa6c20044cf494616f83e52ad61517bb878a1022f
mosaiq-benchmark-v0.1-candidate-20260716,mosaiq-benchmark,0.1.0-dev,delta_source_multilabel,0.1.0,DeLTA,clip,DeLTA_MG317_2,DeLTA_MG317_2,train,,0.1.0,datasets/DeLTA/data/clips.csv,7621e8240aa5710c64cc17af0103887f49065ba49d1bf0e9dd617b9e52e28bbb
mosaiq-benchmark-v0.1-candidate-20260716,mosaiq-benchmark,0.1.0-dev,delta_source_multilabel,0.1.0,DeLTA,clip,DeLTA_ts223_1,DeLTA_ts223_1,train,,0.1.0,datasets/DeLTA/data/clips.csv,0b03e3a50fe19b6c6640f18fd9e4ea5385c72c430a8b491aac94be81cb349a42
mosaiq-benchmark-v0.1-candidate-20260716,mosaiq-benchmark,0.1.0-dev,delta_source_multilabel,0.1.0,DeLTA,clip,DeLTA_ET202_3,DeLTA_ET202_3,train,,0.1.0,datasets/DeLTA/data/clips.csv,61ab983841a5da99460b2e26660490dbac3b0c0a2b056f83ddd68a0a86426d1e
mosaiq-benchmark-v0.1-candidate-20260716,mosaiq-benchmark,0.1.0-dev,delta_source_multilabel,0.1.0,DeLTA,clip,DeLTA_ET411_1,DeLTA_ET411_1,train,,0.1.0,datasets/DeLTA/data/clips.csv,ecca675920a6191877020eb74170749e83a6264260c790e63b00880b0b60c863
mosaiq-benchmark-v0.1-candidate-20260716,mosaiq-benchmark,0.1.0-dev,delta_source_multilabel,0.1.0,DeLTA,clip,DeLTA_RS408_1,DeLTA_RS408_1,dev,,0.1.0,datasets/DeLTA/data/clips.csv,d64690e3e726cc16909cee07ae02def7f1f908e4c50eca9db93ed17054eb2c55
mosaiq-benchmark-v0.1-candidate-20260716,mosaiq-benchmark,0.1.0-dev,delta_source_multilabel,0.1.0,DeLTA,clip,DeLTA_m11_1,DeLTA_m11_1,train,,0.1.0,datasets/DeLTA/data/clips.csv,b25cd8d5f7089fc04ec1c601316339114282fdd7490c67ef2b4133cb5ef8b06a
mosaiq-benchmark-v0.1-candidate-20260716,mosaiq-benchmark,0.1.0-dev,delta_source_multilabel,0.1.0,DeLTA,clip,DeLTA_Mc417_1,DeLTA_Mc417_1,dev,,0.1.0,datasets/DeLTA/data/clips.csv,9fa25fc87199b94b74563298eae5910463ef713e85ac2f75b93ed3c01fe66ca3
mosaiq-benchmark-v0.1-candidate-20260716,mosaiq-benchmark,0.1.0-dev,delta_source_multilabel,0.1.0,DeLTA,clip,DeLTA_RS431_2,DeLTA_RS431_2,train,,0.1.0,datasets/DeLTA/data/clips.csv,c7a41a3133d1efaf886d31e9af0174bc0d172feba48c3a032e1a0b0eab3dca88
mosaiq-benchmark-v0.1-candidate-20260716,mosaiq-benchmark,0.1.0-dev,delta_source_multilabel,0.1.0,DeLTA,clip,DeLTA_sr109_1,DeLTA_sr109_1,train,,0.1.0,datasets/DeLTA/data/clips.csv,a65b375952c94da45ae12f316826b217cde0d87ff5cc9769686b288d9bbd89c9
mosaiq-benchmark-v0.1-candidate-20260716,mosaiq-benchmark,0.1.0-dev,delta_source_multilabel,0.1.0,DeLTA,clip,DeLTA_Rf226_2,DeLTA_Rf226_2,test,,0.1.0,datasets/DeLTA/data/clips.csv,cfe8e0d2a0426800e2141b4c2441b196fb905664e4119382cfe8a603371b4f9e
mosaiq-benchmark-v0.1-candidate-20260716,mosaiq-benchmark,0.1.0-dev,delta_source_multilabel,0.1.0,DeLTA,clip,DeLTA_TM418_1,DeLTA_TM418_1,dev,,0.1.0,datasets/DeLTA/data/clips.csv,2748f04ee0f6afbb8ce876917f4863c47f2cfd2ba1d5567468a06636b17ae102
mosaiq-benchmark-v0.1-candidate-20260716,mosaiq-benchmark,0.1.0-dev,delta_source_multilabel,0.1.0,DeLTA,clip,DeLTA_RF342_2,DeLTA_RF342_2,train,,0.1.0,datasets/DeLTA/data/clips.csv,84d0e5d5a44c7d12deb1316b365b9a0d3a0b81a0cef8e76de9deda5fe96b229b
mosaiq-benchmark-v0.1-candidate-20260716,mosaiq-benchmark,0.1.0-dev,delta_source_multilabel,0.1.0,DeLTA,clip,DeLTA_ts302_1,DeLTA_ts302_1,train,,0.1.0,datasets/DeLTA/data/clips.csv,d23f6fc0947990bfc508b1b3b2c5a4a7c7dc5751fbce4f443418eae259f36483
mosaiq-benchmark-v0.1-candidate-20260716,mosaiq-benchmark,0.1.0-dev,delta_source_multilabel,0.1.0,DeLTA,clip,DeLTA_tm226_1,DeLTA_tm226_1,train,,0.1.0,datasets/DeLTA/data/clips.csv,9504d809177aa696677d7aa6fe81ec5ef2a218e311321da2941a84e85eacba37
mosaiq-benchmark-v0.1-candidate-20260716,mosaiq-benchmark,0.1.0-dev,delta_source_multilabel,0.1.0,DeLTA,clip,DeLTA_RS419_1,DeLTA_RS419_1,train,,0.1.0,datasets/DeLTA/data/clips.csv,a88f3278861acee031cf21468b3e4ee37abca67c88f974c9d8e39cd5ced22b03
mosaiq-benchmark-v0.1-candidate-20260716,mosaiq-benchmark,0.1.0-dev,delta_source_multilabel,0.1.0,DeLTA,clip,DeLTA_RF321_1,DeLTA_RF321_1,train,,0.1.0,datasets/DeLTA/data/clips.csv,1accf9f0d28ed37ec701d03a1e1b71e0698685183355dba2c37172a5f8fea8c5
mosaiq-benchmark-v0.1-candidate-20260716,mosaiq-benchmark,0.1.0-dev,delta_source_multilabel,0.1.0,DeLTA,clip,DeLTA_TM428_1,DeLTA_TM428_1,train,,0.1.0,datasets/DeLTA/data/clips.csv,d416ef7e159e0d60539a886d4fc3ee715e3fd39edb6b0c1dffec772e8a41f489
mosaiq-benchmark-v0.1-candidate-20260716,mosaiq-benchmark,0.1.0-dev,delta_source_multilabel,0.1.0,DeLTA,clip,DeLTA_Rs305_2,DeLTA_Rs305_2,train,,0.1.0,datasets/DeLTA/data/clips.csv,f1183bce90873babadfbb832ec13a0ad3e1e2ca5a7de8180355d181e4f269bcc
mosaiq-benchmark-v0.1-candidate-20260716,mosaiq-benchmark,0.1.0-dev,delta_source_multilabel,0.1.0,DeLTA,clip,DeLTA_Pl103_2,DeLTA_Pl103_2,train,,0.1.0,datasets/DeLTA/data/clips.csv,9658462c1809ea6ecd5cea9cab1ad73cbc94b6d53b2ee06885915d9b0f45fa86
mosaiq-benchmark-v0.1-candidate-20260716,mosaiq-benchmark,0.1.0-dev,delta_source_multilabel,0.1.0,DeLTA,clip,DeLTA_Rf109_2,DeLTA_Rf109_2,train,,0.1.0,datasets/DeLTA/data/clips.csv,37f8c2c87d1a65f1d205a6975f13bfac4a20024042b4c476f69e84a0d3824d01
mosaiq-benchmark-v0.1-candidate-20260716,mosaiq-benchmark,0.1.0-dev,delta_source_multilabel,0.1.0,DeLTA,clip,DeLTA_CT101_1,DeLTA_CT101_1,train,,0.1.0,datasets/DeLTA/data/clips.csv,4b4d493f2811fcbe2c0300848c835def68b3ac8613980fd37e3f11fbad436de2
mosaiq-benchmark-v0.1-candidate-20260716,mosaiq-benchmark,0.1.0-dev,delta_source_multilabel,0.1.0,DeLTA,clip,DeLTA_m12_1,DeLTA_m12_1,train,,0.1.0,datasets/DeLTA/data/clips.csv,b0c0e8dda4d4aad08d4ce1ba526e5fb322de46cdc14f221d4f349b226c980d91
mosaiq-benchmark-v0.1-candidate-20260716,mosaiq-benchmark,0.1.0-dev,delta_source_multilabel,0.1.0,DeLTA,clip,DeLTA_Rf209_1,DeLTA_Rf209_1,test,,0.1.0,datasets/DeLTA/data/clips.csv,6327f205fdbc83003f7add43aaf3d13625da8da3420a54ed5b7036c564f0bf65
mosaiq-benchmark-v0.1-candidate-20260716,mosaiq-benchmark,0.1.0-dev,delta_source_multilabel,0.1.0,DeLTA,clip,DeLTA_CT328_1,DeLTA_CT328_1,train,,0.1.0,datasets/DeLTA/data/clips.csv,a7e697ee88904a0d384ef69b72f15fa249325b5193b13c5cff4f27c3151d48f6
mosaiq-benchmark-v0.1-candidate-20260716,mosaiq-benchmark,0.1.0-dev,delta_source_multilabel,0.1.0,DeLTA,clip,DeLTA_RF333_1,DeLTA_RF333_1,train,,0.1.0,datasets/DeLTA/data/clips.csv,e3d19682ecfaf84de03be2463bba813d52a5ed86db5eaedf4fff681a0a4fe4d2
mosaiq-benchmark-v0.1-candidate-20260716,mosaiq-benchmark,0.1.0-dev,delta_source_multilabel,0.1.0,DeLTA,clip,DeLTA_MC534_1,DeLTA_MC534_1,train,,0.1.0,datasets/DeLTA/data/clips.csv,c05acd5ec3af39cde663cd059d50e82e83546cef3c17349be06beec89614140d
mosaiq-benchmark-v0.1-candidate-20260716,mosaiq-benchmark,0.1.0-dev,delta_source_multilabel,0.1.0,DeLTA,clip,DeLTA_CT515_2,DeLTA_CT515_2,test,,0.1.0,datasets/DeLTA/data/clips.csv,82f5a7bb536e973bd79425eb74dd89e64473f8a476a885edee027abd95d0e7be
mosaiq-benchmark-v0.1-candidate-20260716,mosaiq-benchmark,0.1.0-dev,delta_source_multilabel,0.1.0,DeLTA,clip,DeLTA_Rp117_2,DeLTA_Rp117_2,train,,0.1.0,datasets/DeLTA/data/clips.csv,f55348c0da713466981883a8056ae613ae6b66e26ddf8c3464bec3f4a1f852da
mosaiq-benchmark-v0.1-candidate-20260716,mosaiq-benchmark,0.1.0-dev,delta_source_multilabel,0.1.0,DeLTA,clip,DeLTA_Rf220_3,DeLTA_Rf220_3,train,,0.1.0,datasets/DeLTA/data/clips.csv,14f40e7bfa93d1750d2bffbbd1d0cb051d9a13736c04184cf9a8c17fcf489a6f
mosaiq-benchmark-v0.1-candidate-20260716,mosaiq-benchmark,0.1.0-dev,delta_source_multilabel,0.1.0,DeLTA,clip,DeLTA_Rf127_2,DeLTA_Rf127_2,train,,0.1.0,datasets/DeLTA/data/clips.csv,9e86cad60102d1990bac1615644a457ca8dcb1cd33388985579f29e985c82fce
mosaiq-benchmark-v0.1-candidate-20260716,mosaiq-benchmark,0.1.0-dev,delta_source_multilabel,0.1.0,DeLTA,clip,DeLTA_ET220_1,DeLTA_ET220_1,train,,0.1.0,datasets/DeLTA/data/clips.csv,e6a3d2ec1ddbca37ee5ec9d8eecffd22fb3aa8cb2cfc2aa2851768e05eca3989
mosaiq-benchmark-v0.1-candidate-20260716,mosaiq-benchmark,0.1.0-dev,delta_source_multilabel,0.1.0,DeLTA,clip,DeLTA_ET120_2,DeLTA_ET120_2,dev,,0.1.0,datasets/DeLTA/data/clips.csv,6486dcba450c42dcc9944547e8302f1e488bfc3fcb4d6602db5a55e90b7bb750
mosaiq-benchmark-v0.1-candidate-20260716,mosaiq-benchmark,0.1.0-dev,delta_source_multilabel,0.1.0,DeLTA,clip,DeLTA_PL326_1,DeLTA_PL326_1,test,,0.1.0,datasets/DeLTA/data/clips.csv,e438cdceff36e7c2c704d33dfb339630b5455a98821139c33787a65eaea96802
mosaiq-benchmark-v0.1-candidate-20260716,mosaiq-benchmark,0.1.0-dev,delta_source_multilabel,0.1.0,DeLTA,clip,DeLTA_Rs223_1,DeLTA_Rs223_1,train,,0.1.0,datasets/DeLTA/data/clips.csv,4f0f6134edde23d010b63f949ded9a86dd63b41a3b9acf9b38f41522a29807fc
mosaiq-benchmark-v0.1-candidate-20260716,mosaiq-benchmark,0.1.0-dev,delta_source_multilabel,0.1.0,DeLTA,clip,DeLTA_ts213_2,DeLTA_ts213_2,test,,0.1.0,datasets/DeLTA/data/clips.csv,14422d8b41280893482146606e3398b3c9fca9f0c0784d79a8bcc63526a92e18
mosaiq-benchmark-v0.1-candidate-20260716,mosaiq-benchmark,0.1.0-dev,delta_source_multilabel,0.1.0,DeLTA,clip,DeLTA_ts316_2,DeLTA_ts316_2,train,,0.1.0,datasets/DeLTA/data/clips.csv,1e3b9fc4bc2dd492fe5e4be7d7b8f76444c8ee001b14276e285cc868360757b4
mosaiq-benchmark-v0.1-candidate-20260716,mosaiq-benchmark,0.1.0-dev,delta_source_multilabel,0.1.0,DeLTA,clip,DeLTA_PL416_1,DeLTA_PL416_1,train,,0.1.0,datasets/DeLTA/data/clips.csv,5362b553c62f2a53acb951682bfe8a71a0f73d4f5fa2a73ed69918d04d4ac33b
mosaiq-benchmark-v0.1-candidate-20260716,mosaiq-benchmark,0.1.0-dev,delta_source_multilabel,0.1.0,DeLTA,clip,DeLTA_RS413_2,DeLTA_RS413_2,train,,0.1.0,datasets/DeLTA/data/clips.csv,542db3d9b244be25414da2960de1b62f48fe4ad5f845b44fc70a93d970a8c452
mosaiq-benchmark-v0.1-candidate-20260716,mosaiq-benchmark,0.1.0-dev,delta_source_multilabel,0.1.0,DeLTA,clip,DeLTA_CT501_1,DeLTA_CT501_1,train,,0.1.0,datasets/DeLTA/data/clips.csv,688569a07f5d9ae5c8ef201b14c52c3bc62d71bd8975fe46358db58a1456f68c
mosaiq-benchmark-v0.1-candidate-20260716,mosaiq-benchmark,0.1.0-dev,delta_source_multilabel,0.1.0,DeLTA,clip,DeLTA_TS512_1,DeLTA_TS512_1,train,,0.1.0,datasets/DeLTA/data/clips.csv,e73a5549fb1dd6b4bba3665d0772945ba0e73195840f2402f460b866d98d934b
mosaiq-benchmark-v0.1-candidate-20260716,mosaiq-benchmark,0.1.0-dev,delta_source_multilabel,0.1.0,DeLTA,clip,DeLTA_MG220_1,DeLTA_MG220_1,train,,0.1.0,datasets/DeLTA/data/clips.csv,4557f7c178240e83c3e4f6ec66ca7a773f44794cfcbb965fe6d1dbb5b22f7710
mosaiq-benchmark-v0.1-candidate-20260716,mosaiq-benchmark,0.1.0-dev,delta_source_multilabel,0.1.0,DeLTA,clip,DeLTA_TM407_2,DeLTA_TM407_2,train,,0.1.0,datasets/DeLTA/data/clips.csv,b506e7334f35ff589232b994e5d9ea372f82d1ed7381ed92fcac9585582b0879
mosaiq-benchmark-v0.1-candidate-20260716,mosaiq-benchmark,0.1.0-dev,delta_source_multilabel,0.1.0,DeLTA,clip,DeLTA_TM430_1,DeLTA_TM430_1,train,,0.1.0,datasets/DeLTA/data/clips.csv,fea100ea38a90525e81d3bb62a14dbaad5fae3b2077716d33ac35c1ec31a6ed0
mosaiq-benchmark-v0.1-candidate-20260716,mosaiq-benchmark,0.1.0-dev,delta_source_multilabel,0.1.0,DeLTA,clip,DeLTA_tm116_2,DeLTA_tm116_2,train,,0.1.0,datasets/DeLTA/data/clips.csv,91fc396bba9593ac699cce9b97dc26ce29ab84938093f669078d02b8c20d7102
mosaiq-benchmark-v0.1-candidate-20260716,mosaiq-benchmark,0.1.0-dev,delta_source_multilabel,0.1.0,DeLTA,clip,DeLTA_CT324_1,DeLTA_CT324_1,train,,0.1.0,datasets/DeLTA/data/clips.csv,81ad7b2ec5bccd3424948206886f5a5dcffa58ef849fa876b27404ee549e5e3b
mosaiq-benchmark-v0.1-candidate-20260716,mosaiq-benchmark,0.1.0-dev,delta_source_multilabel,0.1.0,DeLTA,clip,DeLTA_Mc303_2,DeLTA_Mc303_2,train,,0.1.0,datasets/DeLTA/data/clips.csv,e00bfbb81adaabf1a713fd60f1229cee699a11c6ca0f6ac684fcec7b61905596
mosaiq-benchmark-v0.1-candidate-20260716,mosaiq-benchmark,0.1.0-dev,delta_source_multilabel,0.1.0,DeLTA,clip,DeLTA_ts233_2,DeLTA_ts233_2,train,,0.1.0,datasets/DeLTA/data/clips.csv,3c15cd631842eaacd6aceda7dd85739e9b51fa6bdf7c5a505f68fed7a6258e93
mosaiq-benchmark-v0.1-candidate-20260716,mosaiq-benchmark,0.1.0-dev,delta_source_multilabel,0.1.0,DeLTA,clip,DeLTA_PL437_1,DeLTA_PL437_1,train,,0.1.0,datasets/DeLTA/data/clips.csv,a7320935e5543ca86ecc9769b5d9accdd7d39a85990f4dea5488d59682739401
mosaiq-benchmark-v0.1-candidate-20260716,mosaiq-benchmark,0.1.0-dev,delta_source_multilabel,0.1.0,DeLTA,clip,DeLTA_Rp128_1,DeLTA_Rp128_1,train,,0.1.0,datasets/DeLTA/data/clips.csv,d4fe6e2d42dc1f1025f2451fce4cb3b8ea9f8fec7098c41c91450686ea3e1395
mosaiq-benchmark-v0.1-candidate-20260716,mosaiq-benchmark,0.1.0-dev,delta_source_multilabel,0.1.0,DeLTA,clip,DeLTA_ET204_2,DeLTA_ET204_2,train,,0.1.0,datasets/DeLTA/data/clips.csv,5890a0a7d26324aae98409911b9f3c496d6eee676c2181389cb27966ad22bd38
mosaiq-benchmark-v0.1-candidate-20260716,mosaiq-benchmark,0.1.0-dev,delta_source_multilabel,0.1.0,DeLTA,clip,DeLTA_Rf108_1,DeLTA_Rf108_1,dev,,0.1.0,datasets/DeLTA/data/clips.csv,a725c797bb797e760975f73f874d9dbb9040d1db76d57ef9244fcef481a71e75
mosaiq-benchmark-v0.1-candidate-20260716,mosaiq-benchmark,0.1.0-dev,delta_source_multilabel,0.1.0,DeLTA,clip,DeLTA_MG215_2,DeLTA_MG215_2,train,,0.1.0,datasets/DeLTA/data/clips.csv,6ae9c70b865252bbf173dd485aadd22bf35d47c13ab9578865d5640de934329f
mosaiq-benchmark-v0.1-candidate-20260716,mosaiq-benchmark,0.1.0-dev,delta_source_multilabel,0.1.0,DeLTA,clip,DeLTA_NP152_1,DeLTA_NP152_1,train,,0.1.0,datasets/DeLTA/data/clips.csv,fcd9313ea790cae52f528ed62971ce7611ca033ed604f4764f18df59abc42acd
mosaiq-benchmark-v0.1-candidate-20260716,mosaiq-benchmark,0.1.0-dev,delta_source_multilabel,0.1.0,DeLTA,clip,DeLTA_Rs108_1,DeLTA_Rs108_1,test,,0.1.0,datasets/DeLTA/data/clips.csv,d7ad482d3c5255c6d4f4e473c1fbbbe724fa65ac227873acf83507aa01fad27f
mosaiq-benchmark-v0.1-candidate-20260716,mosaiq-benchmark,0.1.0-dev,delta_source_multilabel,0.1.0,DeLTA,clip,DeLTA_ET306_2,DeLTA_ET306_2,train,,0.1.0,datasets/DeLTA/data/clips.csv,002c0456ba1328216494cb2664f0b290b7491b5903b26fbff3caf11238abe9ad
mosaiq-benchmark-v0.1-candidate-20260716,mosaiq-benchmark,0.1.0-dev,delta_source_multilabel,0.1.0,DeLTA,clip,DeLTA_sc137_1,DeLTA_sc137_1,train,,0.1.0,datasets/DeLTA/data/clips.csv,2299391731a6cbee5706b0efb2fb348d2a820871dae4e7d589131f1b2bfc025b
mosaiq-benchmark-v0.1-candidate-20260716,mosaiq-benchmark,0.1.0-dev,delta_source_multilabel,0.1.0,DeLTA,clip,DeLTA_Mc414_2,DeLTA_Mc414_2,train,,0.1.0,datasets/DeLTA/data/clips.csv,b80a47e3fb11346edd3ac8263ad7ee116ad82bf3494d536bddf2176b2fab60ec
mosaiq-benchmark-v0.1-candidate-20260716,mosaiq-benchmark,0.1.0-dev,delta_source_multilabel,0.1.0,DeLTA,clip,DeLTA_SM302_1,DeLTA_SM302_1,train,,0.1.0,datasets/DeLTA/data/clips.csv,e7c046319c5c5ba72826b87edd9e34885eafe2c9b715d5a1588365e7b72b673a
mosaiq-benchmark-v0.1-candidate-20260716,mosaiq-benchmark,0.1.0-dev,delta_source_multilabel,0.1.0,DeLTA,clip,DeLTA_Rs113_1,DeLTA_Rs113_1,train,,0.1.0,datasets/DeLTA/data/clips.csv,089056ce4e08f69554bc601bed8f8f20ff6f894f017caa04f7f9ba73e03f8f9e
mosaiq-benchmark-v0.1-candidate-20260716,mosaiq-benchmark,0.1.0-dev,delta_source_multilabel,0.1.0,DeLTA,clip,DeLTA_MG327_1,DeLTA_MG327_1,train,,0.1.0,datasets/DeLTA/data/clips.csv,9155abbba0f84af5e10612537720ac351226b106071ff44a260a30708f00cedb
mosaiq-benchmark-v0.1-candidate-20260716,mosaiq-benchmark,0.1.0-dev,delta_source_multilabel,0.1.0,DeLTA,clip,DeLTA_SM410_2,DeLTA_SM410_2,train,,0.1.0,datasets/DeLTA/data/clips.csv,0e70b748bb7254dd7bb78c1272397ad77369b67591f83d9475e359d48b28e830
mosaiq-benchmark-v0.1-candidate-20260716,mosaiq-benchmark,0.1.0-dev,delta_source_multilabel,0.1.0,DeLTA,clip,DeLTA_Ts407_2,DeLTA_Ts407_2,train,,0.1.0,datasets/DeLTA/data/clips.csv,e714c73565e71c7d6dc71682f8879dad7f28c6c623312b00bb88c08e6fd3fae8
mosaiq-benchmark-v0.1-candidate-20260716,mosaiq-benchmark,0.1.0-dev,delta_source_multilabel,0.1.0,DeLTA,clip,DeLTA_SR220_1,DeLTA_SR220_1,train,,0.1.0,datasets/DeLTA/data/clips.csv,e2c497432dc8df0935fdd4897e238321d18b17a3fe158265768ee4a9720ec153
mosaiq-benchmark-v0.1-candidate-20260716,mosaiq-benchmark,0.1.0-dev,delta_source_multilabel,0.1.0,DeLTA,clip,DeLTA_Rs216_1,DeLTA_Rs216_1,train,,0.1.0,datasets/DeLTA/data/clips.csv,a045a2f5e6bef8d95fdab651fb40e2e3d9dbbc703b57dd557fec9165763e5129
mosaiq-benchmark-v0.1-candidate-20260716,mosaiq-benchmark,0.1.0-dev,delta_source_multilabel,0.1.0,DeLTA,clip,DeLTA_sc142_2,DeLTA_sc142_2,train,,0.1.0,datasets/DeLTA/data/clips.csv,94020189347871da8ff0ec65344e5e3bde7001cdc8b6eead4adc28d6fb26816d
mosaiq-benchmark-v0.1-candidate-20260716,mosaiq-benchmark,0.1.0-dev,delta_source_multilabel,0.1.0,DeLTA,clip,DeLTA_Mc308_2,DeLTA_Mc308_2,test,,0.1.0,datasets/DeLTA/data/clips.csv,26d6489896384ffeb83ab72bee22cd9f071916d786753c20648e57dcca68a12c
mosaiq-benchmark-v0.1-candidate-20260716,mosaiq-benchmark,0.1.0-dev,delta_source_multilabel,0.1.0,DeLTA,clip,DeLTA_Rp115_1,DeLTA_Rp115_1,train,,0.1.0,datasets/DeLTA/data/clips.csv,ab7ffc004bf0c26e71b9db40cbba18adaf87912c743897dea9f3df6f25ee3864
mosaiq-benchmark-v0.1-candidate-20260716,mosaiq-benchmark,0.1.0-dev,delta_source_multilabel,0.1.0,DeLTA,clip,DeLTA_TS504_1,DeLTA_TS504_1,train,,0.1.0,datasets/DeLTA/data/clips.csv,19969053522804ce7c8cd5be493f2c94448cb62105b6c429670faa1831338a6d
mosaiq-benchmark-v0.1-candidate-20260716,mosaiq-benchmark,0.1.0-dev,delta_source_multilabel,0.1.0,DeLTA,clip,DeLTA_bib14_1,DeLTA_bib14_1,test,,0.1.0,datasets/DeLTA/data/clips.csv,bc5da34d8bdcbae250f85f9a60e7b2c5d3634acd396cb6d2eb9f7482eb8db3ad
mosaiq-benchmark-v0.1-candidate-20260716,mosaiq-benchmark,0.1.0-dev,delta_source_multilabel,0.1.0,DeLTA,clip,DeLTA_RS414_1,DeLTA_RS414_1,train,,0.1.0,datasets/DeLTA/data/clips.csv,59cf590841a313885c0d35a0410e907218b018c92cb4424f638e0c2e7d5910cf
mosaiq-benchmark-v0.1-candidate-20260716,mosaiq-benchmark,0.1.0-dev,delta_source_multilabel,0.1.0,DeLTA,clip,DeLTA_NP152_2,DeLTA_NP152_2,train,,0.1.0,datasets/DeLTA/data/clips.csv,07050a52b034a2c515f51aad7a9aea40fc237ad6c0a9ac456f9469227e4cc46e
mosaiq-benchmark-v0.1-candidate-20260716,mosaiq-benchmark,0.1.0-dev,delta_source_multilabel,0.1.0,DeLTA,clip,DeLTA_TM434_2,DeLTA_TM434_2,train,,0.1.0,datasets/DeLTA/data/clips.csv,cf3b2d6990dd14a5d9673c184ee3fac41644613e75ca731db3e4ef5eb73c2d44
mosaiq-benchmark-v0.1-candidate-20260716,mosaiq-benchmark,0.1.0-dev,delta_source_multilabel,0.1.0,DeLTA,clip,DeLTA_MG118_2,DeLTA_MG118_2,train,,0.1.0,datasets/DeLTA/data/clips.csv,2f11c8a9d9728fc99259c30349dcb9ae85449c715ace42ffedd1a0ca15e28f00
mosaiq-benchmark-v0.1-candidate-20260716,mosaiq-benchmark,0.1.0-dev,delta_source_multilabel,0.1.0,DeLTA,clip,DeLTA_2cv13_1,DeLTA_2cv13_1,train,,0.1.0,datasets/DeLTA/data/clips.csv,5632974b6eab2b0e50243b074e742ca9dcf5cf7cf424a0362d0355e9dd3c1899
mosaiq-benchmark-v0.1-candidate-20260716,mosaiq-benchmark,0.1.0-dev,delta_source_multilabel,0.1.0,DeLTA,clip,DeLTA_sr121_2,DeLTA_sr121_2,train,,0.1.0,datasets/DeLTA/data/clips.csv,e171885181a2779f2ea77979e4ead2a1f88576bdb9f722758c6a26b7778cb99d
mosaiq-benchmark-v0.1-candidate-20260716,mosaiq-benchmark,0.1.0-dev,delta_source_multilabel,0.1.0,DeLTA,clip,DeLTA_ML104_3,DeLTA_ML104_3,train,,0.1.0,datasets/DeLTA/data/clips.csv,63efdce0cce8b7598f85285433488a506a92c338655bba57721586bd7b7bd198
mosaiq-benchmark-v0.1-candidate-20260716,mosaiq-benchmark,0.1.0-dev,delta_source_multilabel,0.1.0,DeLTA,clip,DeLTA_CT124_2,DeLTA_CT124_2,dev,,0.1.0,datasets/DeLTA/data/clips.csv,cc51487d931cf80273f785574962f4e6b44f5ae682d71119f6e5708a8ff4e725
mosaiq-benchmark-v0.1-candidate-20260716,mosaiq-benchmark,0.1.0-dev,delta_source_multilabel,0.1.0,DeLTA,clip,DeLTA_Rp223_2,DeLTA_Rp223_2,train,,0.1.0,datasets/DeLTA/data/clips.csv,4f7c04d81966f78fda8bde921f70cf1ebc1fe664df6e1ca1686ae6db7c8eaf2e
mosaiq-benchmark-v0.1-candidate-20260716,mosaiq-benchmark,0.1.0-dev,delta_source_multilabel,0.1.0,DeLTA,clip,DeLTA_sr130_2,DeLTA_sr130_2,train,,0.1.0,datasets/DeLTA/data/clips.csv,1a22f284a6c468e08b57e27dc7c346cc9c5ad515fd59b55cc6ffdc5508d076cd
mosaiq-benchmark-v0.1-candidate-20260716,mosaiq-benchmark,0.1.0-dev,delta_source_multilabel,0.1.0,DeLTA,clip,DeLTA_sc114_1,DeLTA_sc114_1,dev,,0.1.0,datasets/DeLTA/data/clips.csv,196aa796a07f9ddb1de63073a9e6f1762b24b1bfb698e8b6bf7395e566506324
mosaiq-benchmark-v0.1-candidate-20260716,mosaiq-benchmark,0.1.0-dev,delta_source_multilabel,0.1.0,DeLTA,clip,DeLTA_ts218_1,DeLTA_ts218_1,test,,0.1.0,datasets/DeLTA/data/clips.csv,d44ce3ea436149d1ae7d40b9fe0045348504c3b8e6ff3f2f0c1912ab9ef825ae
mosaiq-benchmark-v0.1-candidate-20260716,mosaiq-benchmark,0.1.0-dev,delta_source_multilabel,0.1.0,DeLTA,clip,DeLTA_tm222_2,DeLTA_tm222_2,train,,0.1.0,datasets/DeLTA/data/clips.csv,6d678efe193994e97957f891d17a1494ebdbfda5923a2df004190e5e511566aa
mosaiq-benchmark-v0.1-candidate-20260716,mosaiq-benchmark,0.1.0-dev,delta_source_multilabel,0.1.0,DeLTA,clip,DeLTA_SM507_2,DeLTA_SM507_2,train,,0.1.0,datasets/DeLTA/data/clips.csv,688748542fadb0dff54db641d54ae74c15c122432f700d93b91e96cc716a2cfb
mosaiq-benchmark-v0.1-candidate-20260716,mosaiq-benchmark,0.1.0-dev,delta_source_multilabel,0.1.0,DeLTA,clip,DeLTA_TM427_1,DeLTA_TM427_1,train,,0.1.0,datasets/DeLTA/data/clips.csv,a06b469403f24dd53b1dab40769435d67cd236297a4c33a2a570ee3f5db65b8d
mosaiq-benchmark-v0.1-candidate-20260716,mosaiq-benchmark,0.1.0-dev,delta_source_multilabel,0.1.0,DeLTA,clip,DeLTA_Rf101_2,DeLTA_Rf101_2,dev,,0.1.0,datasets/DeLTA/data/clips.csv,47ba234ac1cffb3d8107a65798a160d1082adcfc65058d5432241bec407f5aae
mosaiq-benchmark-v0.1-candidate-20260716,mosaiq-benchmark,0.1.0-dev,delta_source_multilabel,0.1.0,DeLTA,clip,DeLTA_ts236_1,DeLTA_ts236_1,dev,,0.1.0,datasets/DeLTA/data/clips.csv,3b7106c0eaba7437a79a1ca9e75714281bf301ed18779ec1099d7b8a1c692c1c
mosaiq-benchmark-v0.1-candidate-20260716,mosaiq-benchmark,0.1.0-dev,delta_source_multilabel,0.1.0,DeLTA,clip,DeLTA_tm304_2,DeLTA_tm304_2,train,,0.1.0,datasets/DeLTA/data/clips.csv,d717d9128350b74b029e6c8b67906496376a698261e93a690b7a948fe34ccfc2
mosaiq-benchmark-v0.1-candidate-20260716,mosaiq-benchmark,0.1.0-dev,delta_source_multilabel,0.1.0,DeLTA,clip,DeLTA_NP119_1,DeLTA_NP119_1,train,,0.1.0,datasets/DeLTA/data/clips.csv,a8db8ba11e479118af46ab9e3bc8b91d950803205662bff5e7f9a1eabde4f54f
mosaiq-benchmark-v0.1-candidate-20260716,mosaiq-benchmark,0.1.0-dev,delta_source_multilabel,0.1.0,DeLTA,clip,DeLTA_SR239_2,DeLTA_SR239_2,dev,,0.1.0,datasets/DeLTA/data/clips.csv,a8bb8dc7211fc3061c414394c43a37e642218dad5c1fb7b081a5f455f0390ae6
mosaiq-benchmark-v0.1-candidate-20260716,mosaiq-benchmark,0.1.0-dev,delta_source_multilabel,0.1.0,DeLTA,clip,DeLTA_RP309_1,DeLTA_RP309_1,test,,0.1.0,datasets/DeLTA/data/clips.csv,15b179cca18d2097b64cd87513dd53ae0ed17077592e8125b0089b9cc134f5a4
mosaiq-benchmark-v0.1-candidate-20260716,mosaiq-benchmark,0.1.0-dev,delta_source_multilabel,0.1.0,DeLTA,clip,DeLTA_Rf219_1,DeLTA_Rf219_1,train,,0.1.0,datasets/DeLTA/data/clips.csv,6b01ca91ce2cdc49bab4244c9d3921317471f9307ab5a05eeb9d13cfdef20da1
mosaiq-benchmark-v0.1-candidate-20260716,mosaiq-benchmark,0.1.0-dev,delta_source_multilabel,0.1.0,DeLTA,clip,DeLTA_ET121_1,DeLTA_ET121_1,train,,0.1.0,datasets/DeLTA/data/clips.csv,95b95d3afea7527da3134691551eb2072a19d0e08ff9169d5771ffa6cc04fd2e
mosaiq-benchmark-v0.1-candidate-20260716,mosaiq-benchmark,0.1.0-dev,delta_source_multilabel,0.1.0,DeLTA,clip,DeLTA_tm222_1,DeLTA_tm222_1,train,,0.1.0,datasets/DeLTA/data/clips.csv,20927b682de6cbd8fe9ef0f7a4ec6a9f1b7b4cd76e3a2fcc0b466ed5cab228fd
mosaiq-benchmark-v0.1-candidate-20260716,mosaiq-benchmark,0.1.0-dev,delta_source_multilabel,0.1.0,DeLTA,clip,DeLTA_sr123_1,DeLTA_sr123_1,train,,0.1.0,datasets/DeLTA/data/clips.csv,83d3d56e0e7c851d2da1734e204165b7ca0206894cb97add86b5003b3bc62d56
mosaiq-benchmark-v0.1-candidate-20260716,mosaiq-benchmark,0.1.0-dev,delta_source_multilabel,0.1.0,DeLTA,clip,DeLTA_Mc207_2,DeLTA_Mc207_2,train,,0.1.0,datasets/DeLTA/data/clips.csv,26e9f0804f3acad94a23bee47e1bc380d015d6007f51a7dbc764ee7557cb66a6
mosaiq-benchmark-v0.1-candidate-20260716,mosaiq-benchmark,0.1.0-dev,delta_source_multilabel,0.1.0,DeLTA,clip,DeLTA_TS531_1,DeLTA_TS531_1,train,,0.1.0,datasets/DeLTA/data/clips.csv,58307ee03d4400933137a5398e98b33e282ac0a114bb55d5c4c14fbd39652e15
mosaiq-benchmark-v0.1-candidate-20260716,mosaiq-benchmark,0.1.0-dev,delta_source_multilabel,0.1.0,DeLTA,clip,DeLTA_ET437_1,DeLTA_ET437_1,test,,0.1.0,datasets/DeLTA/data/clips.csv,c0d2b0c75a0f30a84dfff1b5a8ee8b08bdbdbe07c644cc19e4a78a33cdb0bdab
mosaiq-benchmark-v0.1-candidate-20260716,mosaiq-benchmark,0.1.0-dev,delta_source_multilabel,0.1.0,DeLTA,clip,DeLTA_PL306_1,DeLTA_PL306_1,train,,0.1.0,datasets/DeLTA/data/clips.csv,d64e975d8be12725190daa24854272d96f4fe86e07d9d9b1e092861cbd353df3
mosaiq-benchmark-v0.1-candidate-20260716,mosaiq-benchmark,0.1.0-dev,delta_source_multilabel,0.1.0,DeLTA,clip,DeLTA_bib15_1,DeLTA_bib15_1,train,,0.1.0,datasets/DeLTA/data/clips.csv,46ff64c834a924bed1b593ec5d2143382d339b313fcc1f0788ba46582756c1e3
mosaiq-benchmark-v0.1-candidate-20260716,mosaiq-benchmark,0.1.0-dev,delta_source_multilabel,0.1.0,DeLTA,clip,DeLTA_ET433_1,DeLTA_ET433_1,train,,0.1.0,datasets/DeLTA/data/clips.csv,b46a377b618e339a1db8abbc265473ac3f224bcbaf61eabfce151d442096b64f
mosaiq-benchmark-v0.1-candidate-20260716,mosaiq-benchmark,0.1.0-dev,delta_source_multilabel,0.1.0,DeLTA,clip,DeLTA_MC503_2,DeLTA_MC503_2,dev,,0.1.0,datasets/DeLTA/data/clips.csv,d5a12b7c7ccd1d805f245fac1b6f323bd23c1d81572bb0481b761603e4d588ba
mosaiq-benchmark-v0.1-candidate-20260716,mosaiq-benchmark,0.1.0-dev,delta_source_multilabel,0.1.0,DeLTA,clip,DeLTA_sc120_2,DeLTA_sc120_2,train,,0.1.0,datasets/DeLTA/data/clips.csv,31fb81cbf73983e0c38b6914ee7c867d99f355a2b833b7d1c620ca2180382920
mosaiq-benchmark-v0.1-candidate-20260716,mosaiq-benchmark,0.1.0-dev,delta_source_multilabel,0.1.0,DeLTA,clip,DeLTA_sr126_1,DeLTA_sr126_1,train,,0.1.0,datasets/DeLTA/data/clips.csv,4b016d4cba109272bed0d9de245839058f8c16fc31490a09d6c555f14a6f1d8f
mosaiq-benchmark-v0.1-candidate-20260716,mosaiq-benchmark,0.1.0-dev,delta_source_multilabel,0.1.0,DeLTA,clip,DeLTA_SC208_2,DeLTA_SC208_2,train,,0.1.0,datasets/DeLTA/data/clips.csv,807df0625e3d93f71e9344035eb3f74717b6bb13e2ad68a1340fcd6627a8687c
mosaiq-benchmark-v0.1-candidate-20260716,mosaiq-benchmark,0.1.0-dev,delta_source_multilabel,0.1.0,DeLTA,clip,DeLTA_Mc114_2,DeLTA_Mc114_2,dev,,0.1.0,datasets/DeLTA/data/clips.csv,8ef67b73b27779861ece01bf0a7565682a5e162a0a437f412ee522d791b2ddab
mosaiq-benchmark-v0.1-candidate-20260716,mosaiq-benchmark,0.1.0-dev,delta_source_multilabel,0.1.0,DeLTA,clip,DeLTA_ML203_2,DeLTA_ML203_2,train,,0.1.0,datasets/DeLTA/data/clips.csv,a82db535ce8ed4f3579590f3a3bd9e369edd2dac63ef1dec9c143cfbb2a27297
mosaiq-benchmark-v0.1-candidate-20260716,mosaiq-benchmark,0.1.0-dev,delta_source_multilabel,0.1.0,DeLTA,clip,DeLTA_RP312_1,DeLTA_RP312_1,train,,0.1.0,datasets/DeLTA/data/clips.csv,617b5731a79259e738d51aa5520427fe87edfc82eb52e805e0a152b387427817
mosaiq-benchmark-v0.1-candidate-20260716,mosaiq-benchmark,0.1.0-dev,delta_source_multilabel,0.1.0,DeLTA,clip,DeLTA_TM438_2,DeLTA_TM438_2,train,,0.1.0,datasets/DeLTA/data/clips.csv,867cb8c3b757d31dd49b09e30408d35c6bd70203888a5b563ef0e1e9641fe260
mosaiq-benchmark-v0.1-candidate-20260716,mosaiq-benchmark,0.1.0-dev,delta_source_multilabel,0.1.0,DeLTA,clip,DeLTA_NP138_2,DeLTA_NP138_2,dev,,0.1.0,datasets/DeLTA/data/clips.csv,bd3e7629c45f78ff71f80a456f12d9513716d20d927f26e26c184c1be4c1a9af
mosaiq-benchmark-v0.1-candidate-20260716,mosaiq-benchmark,0.1.0-dev,delta_source_multilabel,0.1.0,DeLTA,clip,DeLTA_Rp121_1,DeLTA_Rp121_1,dev,,0.1.0,datasets/DeLTA/data/clips.csv,2dff6c5cf5de65fa166a394726fb2016c52989c59e1c65dd839ea91334542ca0
mosaiq-benchmark-v0.1-candidate-20260716,mosaiq-benchmark,0.1.0-dev,delta_source_multilabel,0.1.0,DeLTA,clip,DeLTA_sr147_1,DeLTA_sr147_1,train,,0.1.0,datasets/DeLTA/data/clips.csv,5d2970b8b326e3f70e2df0ee5312a3b6d2ab6b467d7269e1d1bb61a293d86acf
mosaiq-benchmark-v0.1-candidate-20260716,mosaiq-benchmark,0.1.0-dev,delta_source_multilabel,0.1.0,DeLTA,clip,DeLTA_PL417_2,DeLTA_PL417_2,train,,0.1.0,datasets/DeLTA/data/clips.csv,1f2f0bbc016806594f9748f68366cd09aa208d0283522e37de86fa717cc5d0e6
mosaiq-benchmark-v0.1-candidate-20260716,mosaiq-benchmark,0.1.0-dev,delta_source_multilabel,0.1.0,DeLTA,clip,DeLTA_ML111_5,DeLTA_ML111_5,train,,0.1.0,datasets/DeLTA/data/clips.csv,2e4df288ad5335a0b016a51fc9229881cc438584356a3d56335a9267e07c7c21
mosaiq-benchmark-v0.1-candidate-20260716,mosaiq-benchmark,0.1.0-dev,delta_source_multilabel,0.1.0,DeLTA,clip,DeLTA_sc104_2,DeLTA_sc104_2,train,,0.1.0,datasets/DeLTA/data/clips.csv,57f8f39f241502e3108c8acf37fc1728e97e4693c2bbac3a75cb14625d5954b2
mosaiq-benchmark-v0.1-candidate-20260716,mosaiq-benchmark,0.1.0-dev,delta_source_multilabel,0.1.0,DeLTA,clip,DeLTA_ts307_1,DeLTA_ts307_1,train,,0.1.0,datasets/DeLTA/data/clips.csv,dd7cd7faf0f579010c98a681fc5de8f9c677687a7df08e801d89a44d7fadfc8e
mosaiq-benchmark-v0.1-candidate-20260716,mosaiq-benchmark,0.1.0-dev,delta_source_multilabel,0.1.0,DeLTA,clip,DeLTA_MG318_1,DeLTA_MG318_1,dev,,0.1.0,datasets/DeLTA/data/clips.csv,cd88c1ccdd92ad6a4ad144b8b962e2f9bd2fba32f4e27e5b2ce43f078587f137
mosaiq-benchmark-v0.1-candidate-20260716,mosaiq-benchmark,0.1.0-dev,delta_source_multilabel,0.1.0,DeLTA,clip,DeLTA_SR221_2,DeLTA_SR221_2,train,,0.1.0,datasets/DeLTA/data/clips.csv,6e2c2c86f6b6a5c02a5c96e84517604bfe8e8c6b575d3e42c5c5e87b6323fdeb
mosaiq-benchmark-v0.1-candidate-20260716,mosaiq-benchmark,0.1.0-dev,delta_source_multilabel,0.1.0,DeLTA,clip,DeLTA_MG309_1,DeLTA_MG309_1,train,,0.1.0,datasets/DeLTA/data/clips.csv,67bb0ca0738bf9333404c7730bb4212b7f6e2786ebe407a2785ef865c1cc2436
mosaiq-benchmark-v0.1-candidate-20260716,mosaiq-benchmark,0.1.0-dev,delta_source_multilabel,0.1.0,DeLTA,clip,DeLTA_RF301_5,DeLTA_RF301_5,train,,0.1.0,datasets/DeLTA/data/clips.csv,751185903689b50d52a4cf60f8f3a770a29a59861983879435fefa307f9f841b
mosaiq-benchmark-v0.1-candidate-20260716,mosaiq-benchmark,0.1.0-dev,delta_source_multilabel,0.1.0,DeLTA,clip,DeLTA_ts319_2,DeLTA_ts319_2,train,,0.1.0,datasets/DeLTA/data/clips.csv,0897fdd6426bdb248d39ab33c2304798c78d9b07e320fefc36e9ee76155e9e71
mosaiq-benchmark-v0.1-candidate-20260716,mosaiq-benchmark,0.1.0-dev,delta_source_multilabel,0.1.0,DeLTA,clip,DeLTA_NP144_2,DeLTA_NP144_2,train,,0.1.0,datasets/DeLTA/data/clips.csv,6f9ccbb03713780b06a4cbd5c42b1eb8afaf1c896a82c7290bf1d34dc174a27b
mosaiq-benchmark-v0.1-candidate-20260716,mosaiq-benchmark,0.1.0-dev,delta_source_multilabel,0.1.0,DeLTA,clip,DeLTA_NP126_2,DeLTA_NP126_2,train,,0.1.0,datasets/DeLTA/data/clips.csv,5aa8555710e09a665287adc906d0025339a8a47dc80314bf09dbed54e5969347
mosaiq-benchmark-v0.1-candidate-20260716,mosaiq-benchmark,0.1.0-dev,delta_source_multilabel,0.1.0,DeLTA,clip,DeLTA_Rs319_2,DeLTA_Rs319_2,test,,0.1.0,datasets/DeLTA/data/clips.csv,4afdd2a3f829c480e4893e3745c3773cd4a7c3f0232cf60ee4fc1baac6889a8f
mosaiq-benchmark-v0.1-candidate-20260716,mosaiq-benchmark,0.1.0-dev,delta_source_multilabel,0.1.0,DeLTA,clip,DeLTA_Rf141_2,DeLTA_Rf141_2,dev,,0.1.0,datasets/DeLTA/data/clips.csv,29e1d81a075ffddb25c36018093e4a4c1ee59bfbdad5eaf2292f38038a3744f4
mosaiq-benchmark-v0.1-candidate-20260716,mosaiq-benchmark,0.1.0-dev,delta_source_multilabel,0.1.0,DeLTA,clip,DeLTA_MG214_1,DeLTA_MG214_1,train,,0.1.0,datasets/DeLTA/data/clips.csv,3c66e59801d909d055d13c25a82cbaa4379135bfb490770432525236924093fc
mosaiq-benchmark-v0.1-candidate-20260716,mosaiq-benchmark,0.1.0-dev,delta_source_multilabel,0.1.0,DeLTA,clip,DeLTA_m113_1,DeLTA_m113_1,train,,0.1.0,datasets/DeLTA/data/clips.csv,30ca6941a47037207d7e1f68527d4a8ccca5aa90b209f43632751c6c1618ce19
mosaiq-benchmark-v0.1-candidate-20260716,mosaiq-benchmark,0.1.0-dev,delta_source_multilabel,0.1.0,DeLTA,clip,DeLTA_SC211_1,DeLTA_SC211_1,train,,0.1.0,datasets/DeLTA/data/clips.csv,2663fa3894fed69953825779e30af5ca80848021b72b2b8310e60ac7799911b6
mosaiq-benchmark-v0.1-candidate-20260716,mosaiq-benchmark,0.1.0-dev,delta_source_multilabel,0.1.0,DeLTA,clip,DeLTA_NP102_2,DeLTA_NP102_2,dev,,0.1.0,datasets/DeLTA/data/clips.csv,c19a9e5000d4a91e0b115f7e2523036f1250225678c3097837f62b56f1152f00
mosaiq-benchmark-v0.1-candidate-20260716,mosaiq-benchmark,0.1.0-dev,delta_source_multilabel,0.1.0,DeLTA,clip,DeLTA_ts221_1,DeLTA_ts221_1,train,,0.1.0,datasets/DeLTA/data/clips.csv,8e04147b6840148581c67a07a4954edfae41db7ba65b70431334bee7af6e52c4
mosaiq-benchmark-v0.1-candidate-20260716,mosaiq-benchmark,0.1.0-dev,delta_source_multilabel,0.1.0,DeLTA,clip,DeLTA_TS533_2,DeLTA_TS533_2,train,,0.1.0,datasets/DeLTA/data/clips.csv,6c9dff3fd179bb8b8149feb153bc95f6c07427b51d586b823d273dc18ed4b089
mosaiq-benchmark-v0.1-candidate-20260716,mosaiq-benchmark,0.1.0-dev,delta_source_multilabel,0.1.0,DeLTA,clip,DeLTA_SR204_2,DeLTA_SR204_2,train,,0.1.0,datasets/DeLTA/data/clips.csv,e58de91cb84a18744040949f90a7f6fda763cb23947edb7ecc513c3e5af5cd04
mosaiq-benchmark-v0.1-candidate-20260716,mosaiq-benchmark,0.1.0-dev,delta_source_multilabel,0.1.0,DeLTA,clip,DeLTA_RF314_2,DeLTA_RF314_2,train,,0.1.0,datasets/DeLTA/data/clips.csv,4fe21f5087f3a847214442b4c6db29ceac5e84f9fdf9ffb8f9f1f7703f8cfdb9
mosaiq-benchmark-v0.1-candidate-20260716,mosaiq-benchmark,0.1.0-dev,delta_source_multilabel,0.1.0,DeLTA,clip,DeLTA_ET301_1,DeLTA_ET301_1,train,,0.1.0,datasets/DeLTA/data/clips.csv,daed12079f2926e31df9d084110b38c92175d60fbf2ab2838526d35c9bf6fffc
mosaiq-benchmark-v0.1-candidate-20260716,mosaiq-benchmark,0.1.0-dev,delta_source_multilabel,0.1.0,DeLTA,clip,DeLTA_Rf143_2,DeLTA_Rf143_2,dev,,0.1.0,datasets/DeLTA/data/clips.csv,1e9a457f044f6558d6252f8552efb842c7fa5c74628a4e1f232c99176c1bf099
mosaiq-benchmark-v0.1-candidate-20260716,mosaiq-benchmark,0.1.0-dev,delta_source_multilabel,0.1.0,DeLTA,clip,DeLTA_2cv26_2,DeLTA_2cv26_2,train,,0.1.0,datasets/DeLTA/data/clips.csv,3cdc41ce881e212373a931793038ecaa3fe9c8bcf52efb582c160e25d7cf3ee1
mosaiq-benchmark-v0.1-candidate-20260716,mosaiq-benchmark,0.1.0-dev,delta_source_multilabel,0.1.0,DeLTA,clip,DeLTA_ET414_2,DeLTA_ET414_2,dev,,0.1.0,datasets/DeLTA/data/clips.csv,fe396892c28ac5da3efef8f9e71199b396c5cc735c4639aaf7f448bf88212496
mosaiq-benchmark-v0.1-candidate-20260716,mosaiq-benchmark,0.1.0-dev,delta_source_multilabel,0.1.0,DeLTA,clip,DeLTA_Rf113_1,DeLTA_Rf113_1,dev,,0.1.0,datasets/DeLTA/data/clips.csv,b64f9a1c03da4dc19e336536638d13c72dcd67863c6d9de471b0f877f5b628be
mosaiq-benchmark-v0.1-candidate-20260716,mosaiq-benchmark,0.1.0-dev,delta_source_multilabel,0.1.0,DeLTA,clip,DeLTA_MG322_2,DeLTA_MG322_2,train,,0.1.0,datasets/DeLTA/data/clips.csv,5844f90010cc03dd85047d3b348096210a2a1b244511d0d2094e358e26cfd533
mosaiq-benchmark-v0.1-candidate-20260716,mosaiq-benchmark,0.1.0-dev,delta_source_multilabel,0.1.0,DeLTA,clip,DeLTA_Rf222_2,DeLTA_Rf222_2,train,,0.1.0,datasets/DeLTA/data/clips.csv,d9c2369d477976242ce35e236b1c598df86b3d2c75e29346c363da060f9b7a38
mosaiq-benchmark-v0.1-candidate-20260716,mosaiq-benchmark,0.1.0-dev,delta_source_multilabel,0.1.0,DeLTA,clip,DeLTA_SC212_1,DeLTA_SC212_1,train,,0.1.0,datasets/DeLTA/data/clips.csv,f9296f4725ce3a398d4d102a9c1fe230d6775a12dfd4a3a8e17916941900ac01
mosaiq-benchmark-v0.1-candidate-20260716,mosaiq-benchmark,0.1.0-dev,delta_source_multilabel,0.1.0,DeLTA,clip,DeLTA_ts211_1,DeLTA_ts211_1,dev,,0.1.0,datasets/DeLTA/data/clips.csv,843b0b05b4c474c52f8e69e831b0117a858df2dadbcfa4bff3e9cc0e5de71f53
mosaiq-benchmark-v0.1-candidate-20260716,mosaiq-benchmark,0.1.0-dev,delta_source_multilabel,0.1.0,DeLTA,clip,DeLTA_RP307_1,DeLTA_RP307_1,test,,0.1.0,datasets/DeLTA/data/clips.csv,cb3d018e9b5caa2b40976a67493f58290bfb5c767fd3a7c441ada7d24b7b54c9
mosaiq-benchmark-v0.1-candidate-20260716,mosaiq-benchmark,0.1.0-dev,delta_source_multilabel,0.1.0,DeLTA,clip,DeLTA_RS420_1,DeLTA_RS420_1,train,,0.1.0,datasets/DeLTA/data/clips.csv,c612b0ed594ce2649fedd3056ea42142f391f8a5d71b153084684e3b7b810b34
mosaiq-benchmark-v0.1-candidate-20260716,mosaiq-benchmark,0.1.0-dev,delta_source_multilabel,0.1.0,DeLTA,clip,DeLTA_Pl227_1,DeLTA_Pl227_1,test,,0.1.0,datasets/DeLTA/data/clips.csv,dadf729d39a27a2401dccc210d154e9beb7fb93253a1876a3117a9adafee3ac4
mosaiq-benchmark-v0.1-candidate-20260716,mosaiq-benchmark,0.1.0-dev,delta_source_multilabel,0.1.0,DeLTA,clip,DeLTA_Mc303_1,DeLTA_Mc303_1,train,,0.1.0,datasets/DeLTA/data/clips.csv,14a9e6f2102c8354106cc33028439bdbf8f5b1da9c9b94b51e38911fc3676ab1
mosaiq-benchmark-v0.1-candidate-20260716,mosaiq-benchmark,0.1.0-dev,delta_source_multilabel,0.1.0,DeLTA,clip,DeLTA_RF337_2,DeLTA_RF337_2,train,,0.1.0,datasets/DeLTA/data/clips.csv,5156631be2d1d6bca3c74e3ba8fc64158f4a8e1cc8111bd8d42e52b0fbb48705
mosaiq-benchmark-v0.1-candidate-20260716,mosaiq-benchmark,0.1.0-dev,delta_source_multilabel,0.1.0,DeLTA,clip,DeLTA_TM423_2,DeLTA_TM423_2,train,,0.1.0,datasets/DeLTA/data/clips.csv,27909ef0bada89ccd195cd90e2c332aa403071b479e786d30b5b34fb97236dfe
mosaiq-benchmark-v0.1-candidate-20260716,mosaiq-benchmark,0.1.0-dev,delta_source_multilabel,0.1.0,DeLTA,clip,DeLTA_sr137_1,DeLTA_sr137_1,train,,0.1.0,datasets/DeLTA/data/clips.csv,8dffd7e1dc0a4039e81c2656eb42472687a00f4f1dd8662de2f6ea64b12e32ef
mosaiq-benchmark-v0.1-candidate-20260716,mosaiq-benchmark,0.1.0-dev,delta_source_multilabel,0.1.0,DeLTA,clip,DeLTA_RF326_2,DeLTA_RF326_2,dev,,0.1.0,datasets/DeLTA/data/clips.csv,eeb1b9b0ec3b168e41d5152d2210147220609f30627f5301cf5c3ef93d255f54
mosaiq-benchmark-v0.1-candidate-20260716,mosaiq-benchmark,0.1.0-dev,delta_source_multilabel,0.1.0,DeLTA,clip,DeLTA_MG326_2,DeLTA_MG326_2,test,,0.1.0,datasets/DeLTA/data/clips.csv,15bba45aad9cf1cb9285ff5ce9536e4c5d4e26e9f1d93ba97a93e4ea2f659f59
mosaiq-benchmark-v0.1-candidate-20260716,mosaiq-benchmark,0.1.0-dev,delta_source_multilabel,0.1.0,DeLTA,clip,DeLTA_sc140_1,DeLTA_sc140_1,train,,0.1.0,datasets/DeLTA/data/clips.csv,3f91ff2ac8a9e2a62e44bbac3a5b2e7cd803b9adf7286fa046b4002b6466b3ff
mosaiq-benchmark-v0.1-candidate-20260716,mosaiq-benchmark,0.1.0-dev,delta_source_multilabel,0.1.0,DeLTA,clip,DeLTA_RF305_1,DeLTA_RF305_1,train,,0.1.0,datasets/DeLTA/data/clips.csv,66fae407870ff731707fcb8c0f3a5e16fc782b8a53ef8ae38e150b4bd3489501
mosaiq-benchmark-v0.1-candidate-20260716,mosaiq-benchmark,0.1.0-dev,delta_source_multilabel,0.1.0,DeLTA,clip,DeLTA_SR238_2,DeLTA_SR238_2,dev,,0.1.0,datasets/DeLTA/data/clips.csv,476f73a2f9e6a489c028cbb3d4cdc269396852fe745222d4fa818452e25edd60
mosaiq-benchmark-v0.1-candidate-20260716,mosaiq-benchmark,0.1.0-dev,delta_source_multilabel,0.1.0,DeLTA,clip,DeLTA_Mc204_1,DeLTA_Mc204_1,train,,0.1.0,datasets/DeLTA/data/clips.csv,ccfb374fca8a0b45a988f54f0c01f4a7e6663470c1e86d9f0a2795d3e2caaa94
mosaiq-benchmark-v0.1-candidate-20260716,mosaiq-benchmark,0.1.0-dev,delta_source_multilabel,0.1.0,DeLTA,clip,DeLTA_TM416_2,DeLTA_TM416_2,test,,0.1.0,datasets/DeLTA/data/clips.csv,85cf67b2a113686b9051ce6756193fcd8af86b06c3a46f57d7ff259c90eccc8b
mosaiq-benchmark-v0.1-candidate-20260716,mosaiq-benchmark,0.1.0-dev,delta_source_multilabel,0.1.0,DeLTA,clip,DeLTA_SM406_1,DeLTA_SM406_1,train,,0.1.0,datasets/DeLTA/data/clips.csv,f47208ecb8ce2155522479d7edda390c3c1040446f430148338fe80869ca6993
mosaiq-benchmark-v0.1-candidate-20260716,mosaiq-benchmark,0.1.0-dev,delta_source_multilabel,0.1.0,DeLTA,clip,DeLTA_ML208_1,DeLTA_ML208_1,train,,0.1.0,datasets/DeLTA/data/clips.csv,abcfd9c3f039b278fb2dc2c6224c9910ef1732e0b97588c10d40e3e216473e6d
mosaiq-benchmark-v0.1-candidate-20260716,mosaiq-benchmark,0.1.0-dev,delta_source_multilabel,0.1.0,DeLTA,clip,DeLTA_ts234_2,DeLTA_ts234_2,test,,0.1.0,datasets/DeLTA/data/clips.csv,b2fa312621eb93ef27e0774ff815ecb32983971c0f8163b2d979b6e9366d4adc
mosaiq-benchmark-v0.1-candidate-20260716,mosaiq-benchmark,0.1.0-dev,delta_source_multilabel,0.1.0,DeLTA,clip,DeLTA_CT402_2,DeLTA_CT402_2,dev,,0.1.0,datasets/DeLTA/data/clips.csv,1e43430260cc95d7e52116850e10221290b37fd9df616dfa2d45ed93d12ccef8
mosaiq-benchmark-v0.1-candidate-20260716,mosaiq-benchmark,0.1.0-dev,delta_source_multilabel,0.1.0,DeLTA,clip,DeLTA_Rf217_1,DeLTA_Rf217_1,train,,0.1.0,datasets/DeLTA/data/clips.csv,84fc2e8491b9e76ad9c1a071d2235b1b36a4f50ad4f5d0a026eaaf6dfa892e66
mosaiq-benchmark-v0.1-candidate-20260716,mosaiq-benchmark,0.1.0-dev,delta_source_multilabel,0.1.0,DeLTA,clip,DeLTA_MG330_2,DeLTA_MG330_2,train,,0.1.0,datasets/DeLTA/data/clips.csv,c59e6bea93a9f33926794affb15fdefb19daac06cd8974680ae7eae7dc1ddf0b
mosaiq-benchmark-v0.1-candidate-20260716,mosaiq-benchmark,0.1.0-dev,delta_source_multilabel,0.1.0,DeLTA,clip,DeLTA_NP148_2,DeLTA_NP148_2,train,,0.1.0,datasets/DeLTA/data/clips.csv,225c14b6821ac53b37621840a12216fd929c9742f42825b30100db3ea3d8a31e
mosaiq-benchmark-v0.1-candidate-20260716,mosaiq-benchmark,0.1.0-dev,delta_source_multilabel,0.1.0,DeLTA,clip,DeLTA_tm123_1,DeLTA_tm123_1,dev,,0.1.0,datasets/DeLTA/data/clips.csv,4d27804ca860883ba9cbd1a5fb89220d1b8cfb8ed6f310a322440bdc5418c05d
mosaiq-benchmark-v0.1-candidate-20260716,mosaiq-benchmark,0.1.0-dev,delta_source_multilabel,0.1.0,DeLTA,clip,DeLTA_Rs201_1,DeLTA_Rs201_1,train,,0.1.0,datasets/DeLTA/data/clips.csv,751d63edac42fe443100d5e864f0821d90b28a56b30a2b541a66816ad174e1a5
mosaiq-benchmark-v0.1-candidate-20260716,mosaiq-benchmark,0.1.0-dev,delta_source_multilabel,0.1.0,DeLTA,clip,DeLTA_Rs328_1,DeLTA_Rs328_1,train,,0.1.0,datasets/DeLTA/data/clips.csv,99bcde25dfc872fe616557dae06186fd13652ed14faf078554481e3fd3874776
mosaiq-benchmark-v0.1-candidate-20260716,mosaiq-benchmark,0.1.0-dev,delta_source_multilabel,0.1.0,DeLTA,clip,DeLTA_SM414_1,DeLTA_SM414_1,train,,0.1.0,datasets/DeLTA/data/clips.csv,02639aaa2ea40f039d98253c48a5195f3bbd49cacdff403855a228af89aa76dc
mosaiq-benchmark-v0.1-candidate-20260716,mosaiq-benchmark,0.1.0-dev,delta_source_multilabel,0.1.0,DeLTA,clip,DeLTA_Rp139_2,DeLTA_Rp139_2,dev,,0.1.0,datasets/DeLTA/data/clips.csv,5af31adaeb502aac8536d85138d88ffb8b11682b3053b4ee83fc09159db7dbc2
mosaiq-benchmark-v0.1-candidate-20260716,mosaiq-benchmark,0.1.0-dev,delta_source_multilabel,0.1.0,DeLTA,clip,DeLTA_sc112_1,DeLTA_sc112_1,test,,0.1.0,datasets/DeLTA/data/clips.csv,ef3a50be6b805f0954ef7ac359b52e0e30f297d70da3807708d0a404ffcc3271
mosaiq-benchmark-v0.1-candidate-20260716,mosaiq-benchmark,0.1.0-dev,delta_source_multilabel,0.1.0,DeLTA,clip,DeLTA_ET119_2,DeLTA_ET119_2,test,,0.1.0,datasets/DeLTA/data/clips.csv,02605b721d22b2812a1b1803d8660a2fbda057e1f6610de3f2b79b659e5ded0b
mosaiq-benchmark-v0.1-candidate-20260716,mosaiq-benchmark,0.1.0-dev,delta_source_multilabel,0.1.0,DeLTA,clip,DeLTA_NP146_2,DeLTA_NP146_2,train,,0.1.0,datasets/DeLTA/data/clips.csv,aa5f2a2ae8ee2b1e27ef6ce6fffa4f69a2134661376f42ce0b2d57e13716c474
mosaiq-benchmark-v0.1-candidate-20260716,mosaiq-benchmark,0.1.0-dev,delta_source_multilabel,0.1.0,DeLTA,clip,DeLTA_Rs321_2,DeLTA_Rs321_2,dev,,0.1.0,datasets/DeLTA/data/clips.csv,e6f54741e9ca0b1a860526d4b9dfc3939ddbe0c3cff33801ddfdc6f4f192d22f
mosaiq-benchmark-v0.1-candidate-20260716,mosaiq-benchmark,0.1.0-dev,delta_source_multilabel,0.1.0,DeLTA,clip,DeLTA_Rp138_3,DeLTA_Rp138_3,test,,0.1.0,datasets/DeLTA/data/clips.csv,b55fd43ae5a5951003a365f8a0e3f75d59cb8bbe02a45622fcb8351bbe7afae0
mosaiq-benchmark-v0.1-candidate-20260716,mosaiq-benchmark,0.1.0-dev,delta_source_multilabel,0.1.0,DeLTA,clip,DeLTA_RP316_2,DeLTA_RP316_2,train,,0.1.0,datasets/DeLTA/data/clips.csv,4ec5f0508d02167d1fd14105e95c754accccdebb5847be433bd34ead7537b84a
mosaiq-benchmark-v0.1-candidate-20260716,mosaiq-benchmark,0.1.0-dev,delta_source_multilabel,0.1.0,DeLTA,clip,DeLTA_tm204_2,DeLTA_tm204_2,train,,0.1.0,datasets/DeLTA/data/clips.csv,54fd5ec1ce4fadbcc48e2ebb3d100aa401eb8976b753c47ad866066fc7743cfd
mosaiq-benchmark-v0.1-candidate-20260716,mosaiq-benchmark,0.1.0-dev,delta_source_multilabel,0.1.0,DeLTA,clip,DeLTA_CT201_2,DeLTA_CT201_2,train,,0.1.0,datasets/DeLTA/data/clips.csv,9d6c0d5aa67707cb26ae55c3fa7a507ba02781ff17a4fa20bdf4d18da07f6a30
mosaiq-benchmark-v0.1-candidate-20260716,mosaiq-benchmark,0.1.0-dev,delta_source_multilabel,0.1.0,DeLTA,clip,DeLTA_MG315_2,DeLTA_MG315_2,train,,0.1.0,datasets/DeLTA/data/clips.csv,173c0d4dd801b61955a747e7e83b1498e400a7244f188a99965c5f673cc19df8
mosaiq-benchmark-v0.1-candidate-20260716,mosaiq-benchmark,0.1.0-dev,delta_source_multilabel,0.1.0,DeLTA,clip,DeLTA_RS429_1,DeLTA_RS429_1,test,,0.1.0,datasets/DeLTA/data/clips.csv,df107daf0f844d3face6d5aa370271f75253430f0ae8546dc115bb55034f8688
mosaiq-benchmark-v0.1-candidate-20260716,mosaiq-benchmark,0.1.0-dev,delta_source_multilabel,0.1.0,DeLTA,clip,DeLTA_tm214_1,DeLTA_tm214_1,train,,0.1.0,datasets/DeLTA/data/clips.csv,b937b3c8d036f8f6323f1caa2236babe1ea8d60f0c7de55304aaec8558f595b1
mosaiq-benchmark-v0.1-candidate-20260716,mosaiq-benchmark,0.1.0-dev,delta_source_multilabel,0.1.0,DeLTA,clip,DeLTA_SM420_2,DeLTA_SM420_2,dev,,0.1.0,datasets/DeLTA/data/clips.csv,e088285a832507bfabc2737afa44c4c8cb3c22917807db3134cb8946daf669e1
mosaiq-benchmark-v0.1-candidate-20260716,mosaiq-benchmark,0.1.0-dev,delta_source_multilabel,0.1.0,DeLTA,clip,DeLTA_ML208_2,DeLTA_ML208_2,train,,0.1.0,datasets/DeLTA/data/clips.csv,b1aa5f3cb9ab0d58e9ecd7fa8d93a74ef527650b6394ed2d65a91adc9e05b97b
mosaiq-benchmark-v0.1-candidate-20260716,mosaiq-benchmark,0.1.0-dev,delta_source_multilabel,0.1.0,DeLTA,clip,DeLTA_Mc320_1,DeLTA_Mc320_1,test,,0.1.0,datasets/DeLTA/data/clips.csv,c70ea85db12c7c27b423f6c546d7c1fd2a59d209c24a0910c907adf54a978b49
mosaiq-benchmark-v0.1-candidate-20260716,mosaiq-benchmark,0.1.0-dev,delta_source_multilabel,0.1.0,DeLTA,clip,DeLTA_TS532_2,DeLTA_TS532_2,test,,0.1.0,datasets/DeLTA/data/clips.csv,68c191515a44fb48277d30e13e0873ebde20d8f356f11db9e446c425f6831521
mosaiq-benchmark-v0.1-candidate-20260716,mosaiq-benchmark,0.1.0-dev,delta_source_multilabel,0.1.0,DeLTA,clip,DeLTA_CT521_2,DeLTA_CT521_2,train,,0.1.0,datasets/DeLTA/data/clips.csv,c7815917c8188d4d0f7c15309005b5e7667966b6ea5c35e051bb8e210330ad6d
mosaiq-benchmark-v0.1-candidate-20260716,mosaiq-benchmark,0.1.0-dev,delta_source_multilabel,0.1.0,DeLTA,clip,DeLTA_RS423_1,DeLTA_RS423_1,train,,0.1.0,datasets/DeLTA/data/clips.csv,b4881719f8e970354c851172e9c87c74dff82d72ec23ae93cda1988b552e8fba
mosaiq-benchmark-v0.1-candidate-20260716,mosaiq-benchmark,0.1.0-dev,delta_source_multilabel,0.1.0,DeLTA,clip,DeLTA_ET314_1,DeLTA_ET314_1,train,,0.1.0,datasets/DeLTA/data/clips.csv,d5055bf8a135ce357652069cc6782492be7a480452623b65dd12ac71ae6729c5
mosaiq-benchmark-v0.1-candidate-20260716,mosaiq-benchmark,0.1.0-dev,delta_source_multilabel,0.1.0,DeLTA,clip,DeLTA_Rs211_1,DeLTA_Rs211_1,train,,0.1.0,datasets/DeLTA/data/clips.csv,045a9a7d6ba4132a8c45faf273eca923adb3c3929e3f5a921fd7d4706ed573cf
mosaiq-benchmark-v0.1-candidate-20260716,mosaiq-benchmark,0.1.0-dev,delta_source_multilabel,0.1.0,DeLTA,clip,DeLTA_PL410_2,DeLTA_PL410_2,train,,0.1.0,datasets/DeLTA/data/clips.csv,58c87157a7a97453aee8657b402d67d2452b8e3898291223d6171d16bb7e1d16
mosaiq-benchmark-v0.1-candidate-20260716,mosaiq-benchmark,0.1.0-dev,delta_source_multilabel,0.1.0,DeLTA,clip,DeLTA_ts220_2,DeLTA_ts220_2,train,,0.1.0,datasets/DeLTA/data/clips.csv,51c44a26a90a5429fd45e525a03f511089814514dcc1d2ef1c18cfd0ea6034f3
mosaiq-benchmark-v0.1-candidate-20260716,mosaiq-benchmark,0.1.0-dev,delta_source_multilabel,0.1.0,DeLTA,clip,DeLTA_Rs117_1,DeLTA_Rs117_1,train,,0.1.0,datasets/DeLTA/data/clips.csv,46fc515a7e2b1ccb5a930c308e06c50ed5ed4d88376671d40f60b646519c27a7
mosaiq-benchmark-v0.1-candidate-20260716,mosaiq-benchmark,0.1.0-dev,delta_source_multilabel,0.1.0,DeLTA,clip,DeLTA_MC519_2,DeLTA_MC519_2,train,,0.1.0,datasets/DeLTA/data/clips.csv,4d55a44c0866b97209aa989b930684a2a2a74d39b7026d51469d1f7a30bcffd0
mosaiq-benchmark-v0.1-candidate-20260716,mosaiq-benchmark,0.1.0-dev,delta_source_multilabel,0.1.0,DeLTA,clip,DeLTA_CT310_1,DeLTA_CT310_1,train,,0.1.0,datasets/DeLTA/data/clips.csv,1e9ebb36009e6113501a2b2c196e7669bf6ca485e23e47a44285d91c55d049df
mosaiq-benchmark-v0.1-candidate-20260716,mosaiq-benchmark,0.1.0-dev,delta_source_multilabel,0.1.0,DeLTA,clip,DeLTA_SR236_1,DeLTA_SR236_1,train,,0.1.0,datasets/DeLTA/data/clips.csv,fa16a2f0fbe28fce332644cb04eae5b58b83b048e7e6a549c4413214232c006f
mosaiq-benchmark-v0.1-candidate-20260716,mosaiq-benchmark,0.1.0-dev,delta_source_multilabel,0.1.0,DeLTA,clip,DeLTA_Mc418_1,DeLTA_Mc418_1,train,,0.1.0,datasets/DeLTA/data/clips.csv,ead0e133afde62f4904a98dcf36e48cf70837892c5c790cf5a0fc353f683397d
mosaiq-benchmark-v0.1-candidate-20260716,mosaiq-benchmark,0.1.0-dev,delta_source_multilabel,0.1.0,DeLTA,clip,DeLTA_NP116_1,DeLTA_NP116_1,train,,0.1.0,datasets/DeLTA/data/clips.csv,6cf0ad1f6f47b8321cbc3f09c63180023dc8daef7ab479c5124a728621c7c2e7
mosaiq-benchmark-v0.1-candidate-20260716,mosaiq-benchmark,0.1.0-dev,delta_source_multilabel,0.1.0,DeLTA,clip,DeLTA_Pl206_1,DeLTA_Pl206_1,dev,,0.1.0,datasets/DeLTA/data/clips.csv,ac73fb63f6148802c385b1f56dac093507402f5f8632e593142633193b54578e
mosaiq-benchmark-v0.1-candidate-20260716,mosaiq-benchmark,0.1.0-dev,delta_source_multilabel,0.1.0,DeLTA,clip,DeLTA_ET302_2,DeLTA_ET302_2,train,,0.1.0,datasets/DeLTA/data/clips.csv,05852c2d3b697d8ed5bfe577d331ae4415225ea28bae152d9fee53514c400db4
mosaiq-benchmark-v0.1-candidate-20260716,mosaiq-benchmark,0.1.0-dev,delta_source_multilabel,0.1.0,DeLTA,clip,DeLTA_Pl213_3,DeLTA_Pl213_3,train,,0.1.0,datasets/DeLTA/data/clips.csv,1184a7afec1be702187b4c08f46b8dec2bbf0bd848a68fcf8321514d1f03ebbf
mosaiq-benchmark-v0.1-candidate-20260716,mosaiq-benchmark,0.1.0-dev,delta_source_multilabel,0.1.0,DeLTA,clip,DeLTA_SM403_2,DeLTA_SM403_2,train,,0.1.0,datasets/DeLTA/data/clips.csv,f6e852de6e9d6c992523fc8fa72b3d63d0ec07970688411c298d0873a82fafe8
mosaiq-benchmark-v0.1-candidate-20260716,mosaiq-benchmark,0.1.0-dev,delta_source_multilabel,0.1.0,DeLTA,clip,DeLTA_CT411_1,DeLTA_CT411_1,train,,0.1.0,datasets/DeLTA/data/clips.csv,f6694ec4026bf9a9fafaf44c38251f3be379e7bb802798098fbcdba7f218e0eb
mosaiq-benchmark-v0.1-candidate-20260716,mosaiq-benchmark,0.1.0-dev,delta_source_multilabel,0.1.0,DeLTA,clip,DeLTA_Pl227_2,DeLTA_Pl227_2,train,,0.1.0,datasets/DeLTA/data/clips.csv,ec5b1fc429fc2fc163e3d75b252fb10b393c355f522fbbe4d919aa725b5d72e7
mosaiq-benchmark-v0.1-candidate-20260716,mosaiq-benchmark,0.1.0-dev,delta_source_multilabel,0.1.0,DeLTA,clip,DeLTA_tm122_2,DeLTA_tm122_2,train,,0.1.0,datasets/DeLTA/data/clips.csv,a283074ac095b1376142f643a6f4765592dda157bfdd4f9de2c8c2d936a1caaa
mosaiq-benchmark-v0.1-candidate-20260716,mosaiq-benchmark,0.1.0-dev,delta_source_multilabel,0.1.0,DeLTA,clip,DeLTA_SC226_2,DeLTA_SC226_2,train,,0.1.0,datasets/DeLTA/data/clips.csv,5815d081fddf7cd83927afe6aa62d0b11687e3d83cd1cd35dd0da156a89101de
mosaiq-benchmark-v0.1-candidate-20260716,mosaiq-benchmark,0.1.0-dev,delta_source_multilabel,0.1.0,DeLTA,clip,DeLTA_Rp103_1,DeLTA_Rp103_1,dev,,0.1.0,datasets/DeLTA/data/clips.csv,6fd65fe056adc6c66e2a5ece444df544215961678c19bd19c99409a6afa09347
mosaiq-benchmark-v0.1-candidate-20260716,mosaiq-benchmark,0.1.0-dev,delta_source_multilabel,0.1.0,DeLTA,clip,DeLTA_MG111_2,DeLTA_MG111_2,train,,0.1.0,datasets/DeLTA/data/clips.csv,4e83aaee714df81d5aef0480062911c1d7bb28604e5de5ac2247099696c42911
mosaiq-benchmark-v0.1-candidate-20260716,mosaiq-benchmark,0.1.0-dev,delta_source_multilabel,0.1.0,DeLTA,clip,DeLTA_MG321_2,DeLTA_MG321_2,train,,0.1.0,datasets/DeLTA/data/clips.csv,1627360495237adf6e9387f16f9696c1cf98f12d887f27d8b6d48187f601aa5b
mosaiq-benchmark-v0.1-candidate-20260716,mosaiq-benchmark,0.1.0-dev,delta_source_multilabel,0.1.0,DeLTA,clip,DeLTA_PL336_1,DeLTA_PL336_1,train,,0.1.0,datasets/DeLTA/data/clips.csv,5972167a3e285a2d48a70ad4ccbeacdb9085f15143d9b8582aab0ddd91654469
mosaiq-benchmark-v0.1-candidate-20260716,mosaiq-benchmark,0.1.0-dev,delta_source_multilabel,0.1.0,DeLTA,clip,DeLTA_MG204_2,DeLTA_MG204_2,train,,0.1.0,datasets/DeLTA/data/clips.csv,4392b97c5aab5a628fd4ab7974bbc5c5933f269c7cdfb6f1e966f06987e41c79
mosaiq-benchmark-v0.1-candidate-20260716,mosaiq-benchmark,0.1.0-dev,delta_source_multilabel,0.1.0,DeLTA,clip,DeLTA_RS437_1,DeLTA_RS437_1,train,,0.1.0,datasets/DeLTA/data/clips.csv,fafefb06c4d914a2b465f54f08fb3531d8879155fdf33cdcfc2fd5b26ecb903c
mosaiq-benchmark-v0.1-candidate-20260716,mosaiq-benchmark,0.1.0-dev,delta_source_multilabel,0.1.0,DeLTA,clip,DeLTA_Rs127_2,DeLTA_Rs127_2,test,,0.1.0,datasets/DeLTA/data/clips.csv,cef2a18827ab56dce63c5c464168e29b0d3e250a62c924b6168b040fbccd2786
mosaiq-benchmark-v0.1-candidate-20260716,mosaiq-benchmark,0.1.0-dev,delta_source_multilabel,0.1.0,DeLTA,clip,DeLTA_Rs230_2,DeLTA_Rs230_2,train,,0.1.0,datasets/DeLTA/data/clips.csv,299334306a0cc6c33f92d8b8af7647d6c1e2878a26a5b3528043aac489d76850
mosaiq-benchmark-v0.1-candidate-20260716,mosaiq-benchmark,0.1.0-dev,delta_source_multilabel,0.1.0,DeLTA,clip,DeLTA_ET431_1,DeLTA_ET431_1,dev,,0.1.0,datasets/DeLTA/data/clips.csv,6c425399e29e20531cbfe293b07d2fc5a5db11eb47fcbf9a1b2d06cad662d69b
mosaiq-benchmark-v0.1-candidate-20260716,mosaiq-benchmark,0.1.0-dev,delta_source_multilabel,0.1.0,DeLTA,clip,DeLTA_Mc401_1,DeLTA_Mc401_1,train,,0.1.0,datasets/DeLTA/data/clips.csv,9707aa582ae05d35ddf923501c8732888ef6393f44898b20d7033e77d66722c7
mosaiq-benchmark-v0.1-candidate-20260716,mosaiq-benchmark,0.1.0-dev,delta_source_multilabel,0.1.0,DeLTA,clip,DeLTA_ts303_1,DeLTA_ts303_1,train,,0.1.0,datasets/DeLTA/data/clips.csv,4191a5c68d1ebd35d933aa8fb65236e5da7a3aae86dc996fdd296d0c60e7083b
mosaiq-benchmark-v0.1-candidate-20260716,mosaiq-benchmark,0.1.0-dev,delta_source_multilabel,0.1.0,DeLTA,clip,DeLTA_ET205_1,DeLTA_ET205_1,train,,0.1.0,datasets/DeLTA/data/clips.csv,a934eed97c485f0c33b42690ca77da47b8bc9cd6dd61a9f9d6f280b0ac5d472d
mosaiq-benchmark-v0.1-candidate-20260716,mosaiq-benchmark,0.1.0-dev,delta_source_multilabel,0.1.0,DeLTA,clip,DeLTA_tm332_2,DeLTA_tm332_2,train,,0.1.0,datasets/DeLTA/data/clips.csv,92876c63cbd630d19b8e13c36399137e4a6b22bf004f4a715fc67aeb566bb9a8
mosaiq-benchmark-v0.1-candidate-20260716,mosaiq-benchmark,0.1.0-dev,delta_source_multilabel,0.1.0,DeLTA,clip,DeLTA_tm220_1,DeLTA_tm220_1,train,,0.1.0,datasets/DeLTA/data/clips.csv,5f98d6abc343aaf71c9e29fc98f5d231521eabe95c2fd229c3f43dce76084142
mosaiq-benchmark-v0.1-candidate-20260716,mosaiq-benchmark,0.1.0-dev,delta_source_multilabel,0.1.0,DeLTA,clip,DeLTA_Mc106_3,DeLTA_Mc106_3,train,,0.1.0,datasets/DeLTA/data/clips.csv,7ed6e9826ea6a2c03dd06e4b6f0699b699b323b662eb7d5eae117bdae701dfaf
mosaiq-benchmark-v0.1-candidate-20260716,mosaiq-benchmark,0.1.0-dev,delta_source_multilabel,0.1.0,DeLTA,clip,DeLTA_Rf212_1,DeLTA_Rf212_1,train,,0.1.0,datasets/DeLTA/data/clips.csv,663e10653e5f88f0a5f1a943772fc001b21c5fdc3b1ec10f54305d7a96e2e036
mosaiq-benchmark-v0.1-candidate-20260716,mosaiq-benchmark,0.1.0-dev,delta_source_multilabel,0.1.0,DeLTA,clip,DeLTA_Rf125_1,DeLTA_Rf125_1,train,,0.1.0,datasets/DeLTA/data/clips.csv,4d457dbff1479a658a6a2d1e6316d816372b4a07780250c8cc5785f3c678c1f0
mosaiq-benchmark-v0.1-candidate-20260716,mosaiq-benchmark,0.1.0-dev,delta_source_multilabel,0.1.0,DeLTA,clip,DeLTA_NP134_2,DeLTA_NP134_2,dev,,0.1.0,datasets/DeLTA/data/clips.csv,7f4765abc5947ae718c5abe69962f4b0297b46fac9a1decc909c8fe386dbe087
mosaiq-benchmark-v0.1-candidate-20260716,mosaiq-benchmark,0.1.0-dev,delta_source_multilabel,0.1.0,DeLTA,clip,DeLTA_MG116_2,DeLTA_MG116_2,train,,0.1.0,datasets/DeLTA/data/clips.csv,a2502d4dd50fbb6df385e9af84c79a1cb0fa9d10a99075c08d3dbfadbcc93995
mosaiq-benchmark-v0.1-candidate-20260716,mosaiq-benchmark,0.1.0-dev,delta_source_multilabel,0.1.0,DeLTA,clip,DeLTA_SM405_2,DeLTA_SM405_2,train,,0.1.0,datasets/DeLTA/data/clips.csv,481af0fdb453cd6b87ae818a5f8b7f7b975ba135fa064c6534959da069973bfa
mosaiq-benchmark-v0.1-candidate-20260716,mosaiq-benchmark,0.1.0-dev,delta_source_multilabel,0.1.0,DeLTA,clip,DeLTA_CT110_1,DeLTA_CT110_1,train,,0.1.0,datasets/DeLTA/data/clips.csv,3e33751700340e0602a3b3d1082a5dffe9e1b37e7eca6786520670ef650888ba
mosaiq-benchmark-v0.1-candidate-20260716,mosaiq-benchmark,0.1.0-dev,delta_source_multilabel,0.1.0,DeLTA,clip,DeLTA_cp17_2,DeLTA_cp17_2,train,,0.1.0,datasets/DeLTA/data/clips.csv,b959795639b7027fb8062626803c9896be8567a16576b287853cb0dfdf737bea
mosaiq-benchmark-v0.1-candidate-20260716,mosaiq-benchmark,0.1.0-dev,delta_source_multilabel,0.1.0,DeLTA,clip,DeLTA_bib15_2,DeLTA_bib15_2,train,,0.1.0,datasets/DeLTA/data/clips.csv,613b63630723afa2dfbb74bdf9c42465ce8b3abc2503194495fbdef49d63c640
mosaiq-benchmark-v0.1-candidate-20260716,mosaiq-benchmark,0.1.0-dev,delta_source_multilabel,0.1.0,DeLTA,clip,DeLTA_MG316_2,DeLTA_MG316_2,train,,0.1.0,datasets/DeLTA/data/clips.csv,3752153741188a1cb114a5b6bce8c5d498b45225fcbcf95bc693ee8e5ebc37bf
mosaiq-benchmark-v0.1-candidate-20260716,mosaiq-benchmark,0.1.0-dev,delta_source_multilabel,0.1.0,DeLTA,clip,DeLTA_ET207_2,DeLTA_ET207_2,test,,0.1.0,datasets/DeLTA/data/clips.csv,ac9c0c095f5e9bb17eb7fcf080f3401195c50343f367cfab380d9d64f59d34db
mosaiq-benchmark-v0.1-candidate-20260716,mosaiq-benchmark,0.1.0-dev,delta_source_multilabel,0.1.0,DeLTA,clip,DeLTA_Rf116_1,DeLTA_Rf116_1,train,,0.1.0,datasets/DeLTA/data/clips.csv,ae4307584e3b5d8f72f610ac25e42bb61c77f702a11b235258d59c86f51cdd16
mosaiq-benchmark-v0.1-candidate-20260716,mosaiq-benchmark,0.1.0-dev,delta_source_multilabel,0.1.0,DeLTA,clip,DeLTA_RF325_2,DeLTA_RF325_2,test,,0.1.0,datasets/DeLTA/data/clips.csv,79e9d9937d78eb7bb1a2a179de9ffc2fabcad6c7227dda465b5ed97391d30539
mosaiq-benchmark-v0.1-candidate-20260716,mosaiq-benchmark,0.1.0-dev,delta_source_multilabel,0.1.0,DeLTA,clip,DeLTA_Mc319_2,DeLTA_Mc319_2,train,,0.1.0,datasets/DeLTA/data/clips.csv,48af3a77ae8ab38451ab0f4d68180ff0e7621674d3025e891acb7ec69b447c7f
mosaiq-benchmark-v0.1-candidate-20260716,mosaiq-benchmark,0.1.0-dev,delta_source_multilabel,0.1.0,DeLTA,clip,DeLTA_Rf129_1,DeLTA_Rf129_1,train,,0.1.0,datasets/DeLTA/data/clips.csv,40c3946ac5eb4e37e7dd6bfdc60da70c94426e6ad1baffffbaf79c1805bb5231
mosaiq-benchmark-v0.1-candidate-20260716,mosaiq-benchmark,0.1.0-dev,delta_source_multilabel,0.1.0,DeLTA,clip,DeLTA_Rs218_2,DeLTA_Rs218_2,train,,0.1.0,datasets/DeLTA/data/clips.csv,7dabdb22b2aca8873a3aa0169524c697e91364dfa067f30d9603d2cbfb9e88c8
mosaiq-benchmark-v0.1-candidate-20260716,mosaiq-benchmark,0.1.0-dev,delta_source_multilabel,0.1.0,DeLTA,clip,DeLTA_Mc410_1,DeLTA_Mc410_1,train,,0.1.0,datasets/DeLTA/data/clips.csv,8f0214917bc0879421a202d433e5a953f40b95b4f7504b7b8ab32b36eb63d641
mosaiq-benchmark-v0.1-candidate-20260716,mosaiq-benchmark,0.1.0-dev,delta_source_multilabel,0.1.0,DeLTA,clip,DeLTA_Ts411_2,DeLTA_Ts411_2,test,,0.1.0,datasets/DeLTA/data/clips.csv,833b6f734a63059aca68da063d3d6685d700f15a3d450267dbd785f9b1634c09
mosaiq-benchmark-v0.1-candidate-20260716,mosaiq-benchmark,0.1.0-dev,delta_source_multilabel,0.1.0,DeLTA,clip,DeLTA_CT309_3,DeLTA_CT309_3,train,,0.1.0,datasets/DeLTA/data/clips.csv,253ffc8d47057521e33ec538337b841e8890d642b4f53ca7c66620f6cf9754e2
mosaiq-benchmark-v0.1-candidate-20260716,mosaiq-benchmark,0.1.0-dev,delta_source_multilabel,0.1.0,DeLTA,clip,DeLTA_MG311_2,DeLTA_MG311_2,train,,0.1.0,datasets/DeLTA/data/clips.csv,fe56a9cd0ba1767095427090ef7a6c429158e90765f1fe40495f970fd52799f4
mosaiq-benchmark-v0.1-candidate-20260716,mosaiq-benchmark,0.1.0-dev,delta_source_multilabel,0.1.0,DeLTA,clip,DeLTA_CT401_1,DeLTA_CT401_1,train,,0.1.0,datasets/DeLTA/data/clips.csv,6f4b3a4ac35709102098c2e4471b9d5999ae735d978b1f48a0cc50cc3df33d7e
mosaiq-benchmark-v0.1-candidate-20260716,mosaiq-benchmark,0.1.0-dev,delta_source_multilabel,0.1.0,DeLTA,clip,DeLTA_ts213_1,DeLTA_ts213_1,train,,0.1.0,datasets/DeLTA/data/clips.csv,0c6a963b693d224bae40b7bd72427f24b641af03023dff98784bc8362d8b2160
mosaiq-benchmark-v0.1-candidate-20260716,mosaiq-benchmark,0.1.0-dev,delta_source_multilabel,0.1.0,DeLTA,clip,DeLTA_ts237_1,DeLTA_ts237_1,train,,0.1.0,datasets/DeLTA/data/clips.csv,7e11f41780b3e10eb43362d3093f17f31b686765c0e1bc5b730fcb53ee168506
mosaiq-benchmark-v0.1-candidate-20260716,mosaiq-benchmark,0.1.0-dev,delta_source_multilabel,0.1.0,DeLTA,clip,DeLTA_RF317_1,DeLTA_RF317_1,train,,0.1.0,datasets/DeLTA/data/clips.csv,b56acb8ec080496ac6443a95506a2507c6028318944727fb40c47e28880270fd
mosaiq-benchmark-v0.1-candidate-20260716,mosaiq-benchmark,0.1.0-dev,delta_source_multilabel,0.1.0,DeLTA,clip,DeLTA_Rf203_1,DeLTA_Rf203_1,test,,0.1.0,datasets/DeLTA/data/clips.csv,940756f93827be24715376b3f51885f9f86285b943ce4f10d058ffd695691c5a
mosaiq-benchmark-v0.1-candidate-20260716,mosaiq-benchmark,0.1.0-dev,delta_source_multilabel,0.1.0,DeLTA,clip,DeLTA_Rf111_1,DeLTA_Rf111_1,dev,,0.1.0,datasets/DeLTA/data/clips.csv,bdcb4197cec8327b964ed1b9b733ff2b63dadfccbe842a7eaeb563fbaa9121c4
mosaiq-benchmark-v0.1-candidate-20260716,mosaiq-benchmark,0.1.0-dev,delta_source_multilabel,0.1.0,DeLTA,clip,DeLTA_MC513_1,DeLTA_MC513_1,train,,0.1.0,datasets/DeLTA/data/clips.csv,2e50bef0026c9d481f3d2ab57f1253814b833993883ebd143015cf7732559a5b
mosaiq-benchmark-v0.1-candidate-20260716,mosaiq-benchmark,0.1.0-dev,delta_source_multilabel,0.1.0,DeLTA,clip,DeLTA_SR245_1,DeLTA_SR245_1,train,,0.1.0,datasets/DeLTA/data/clips.csv,e141efc7024db630d649e955bccda900bf47161997c3fb6a90b67a0fe4c1fd35
mosaiq-benchmark-v0.1-candidate-20260716,mosaiq-benchmark,0.1.0-dev,delta_source_multilabel,0.1.0,DeLTA,clip,DeLTA_sr114_2,DeLTA_sr114_2,train,,0.1.0,datasets/DeLTA/data/clips.csv,278d1d1cfa938f56d2d9656d486e402188b7428ea839d51689af668410d8c129
mosaiq-benchmark-v0.1-candidate-20260716,mosaiq-benchmark,0.1.0-dev,delta_source_multilabel,0.1.0,DeLTA,clip,DeLTA_NP111_1,DeLTA_NP111_1,train,,0.1.0,datasets/DeLTA/data/clips.csv,bf7ab7a8afc9c8912454d0f7da5c5e6343949a2ec8fc1c45eff83e9a84219e75
mosaiq-benchmark-v0.1-candidate-20260716,mosaiq-benchmark,0.1.0-dev,delta_source_multilabel,0.1.0,DeLTA,clip,DeLTA_Rs219_1,DeLTA_Rs219_1,train,,0.1.0,datasets/DeLTA/data/clips.csv,c56583f989cd45ac47ddae9ff7c64464250711279c0348320aea260ac1cc8330
mosaiq-benchmark-v0.1-candidate-20260716,mosaiq-benchmark,0.1.0-dev,delta_source_multilabel,0.1.0,DeLTA,clip,DeLTA_SC216_1,DeLTA_SC216_1,train,,0.1.0,datasets/DeLTA/data/clips.csv,bcc0ced01e1504d4a9fde75cdb331cecb2a4342dd559550edb711b6fee452290
mosaiq-benchmark-v0.1-candidate-20260716,mosaiq-benchmark,0.1.0-dev,delta_source_multilabel,0.1.0,DeLTA,clip,DeLTA_CT516_1,DeLTA_CT516_1,dev,,0.1.0,datasets/DeLTA/data/clips.csv,6cbbb9e8a5e1abe6febb18877021c8c9e8ce23e5d76a79c9e6f524f454242714
mosaiq-benchmark-v0.1-candidate-20260716,mosaiq-benchmark,0.1.0-dev,delta_source_multilabel,0.1.0,DeLTA,clip,DeLTA_Rp213_2,DeLTA_Rp213_2,train,,0.1.0,datasets/DeLTA/data/clips.csv,b72aad31ee2de10439118efe57c911806c3cde4e71f54762f3748067ef263633
mosaiq-benchmark-v0.1-candidate-20260716,mosaiq-benchmark,0.1.0-dev,delta_source_multilabel,0.1.0,DeLTA,clip,DeLTA_Rs303_1,DeLTA_Rs303_1,test,,0.1.0,datasets/DeLTA/data/clips.csv,05b3f48df207760a1c72ada2ac863f3d95e1ac9ebd5745bbbcbfac157b9ad2ae
mosaiq-benchmark-v0.1-candidate-20260716,mosaiq-benchmark,0.1.0-dev,delta_source_multilabel,0.1.0,DeLTA,clip,DeLTA_PL407_2,DeLTA_PL407_2,train,,0.1.0,datasets/DeLTA/data/clips.csv,fc310a6004ace850e8a661c3f35e677507c0fc504fd9a7ba8728871ca0904fb5
mosaiq-benchmark-v0.1-candidate-20260716,mosaiq-benchmark,0.1.0-dev,delta_source_multilabel,0.1.0,DeLTA,clip,DeLTA_Pl228_2,DeLTA_Pl228_2,train,,0.1.0,datasets/DeLTA/data/clips.csv,60fe06742cc9ae39e696f06491948078c90a9e4ca6afd596631cdbd6082d80ed
mosaiq-benchmark-v0.1-candidate-20260716,mosaiq-benchmark,0.1.0-dev,delta_source_multilabel,0.1.0,DeLTA,clip,DeLTA_CT544_2,DeLTA_CT544_2,train,,0.1.0,datasets/DeLTA/data/clips.csv,f119231959ee0597ceae11ddf25a524a7cda5ccbacdf6e8dab0dfb5fe048d877
mosaiq-benchmark-v0.1-candidate-20260716,mosaiq-benchmark,0.1.0-dev,delta_source_multilabel,0.1.0,DeLTA,clip,DeLTA_NP128_1,DeLTA_NP128_1,dev,,0.1.0,datasets/DeLTA/data/clips.csv,f9046cfff23d46e9138fe43ca7847becaec7c88fbfcd1b97f9c16acc353ebdba
mosaiq-benchmark-v0.1-candidate-20260716,mosaiq-benchmark,0.1.0-dev,delta_source_multilabel,0.1.0,DeLTA,clip,DeLTA_ET406_1,DeLTA_ET406_1,test,,0.1.0,datasets/DeLTA/data/clips.csv,555d95f124cf7a386db3e8fa044861bf790a5b042d5de010c9ff935297d9d3ed
mosaiq-benchmark-v0.1-candidate-20260716,mosaiq-benchmark,0.1.0-dev,delta_source_multilabel,0.1.0,DeLTA,clip,DeLTA_ET422_1,DeLTA_ET422_1,dev,,0.1.0,datasets/DeLTA/data/clips.csv,5473d7ee74c1a0c46b92f67caad0fb0fa0cda0d2c23cf009dac572a3275f20c3
mosaiq-benchmark-v0.1-candidate-20260716,mosaiq-benchmark,0.1.0-dev,delta_source_multilabel,0.1.0,DeLTA,clip,DeLTA_SM520_2,DeLTA_SM520_2,train,,0.1.0,datasets/DeLTA/data/clips.csv,b684bc84eb6a32dc02e4011d4dc1a0202f027131b26ccf9572a18467dce54c0b
mosaiq-benchmark-v0.1-candidate-20260716,mosaiq-benchmark,0.1.0-dev,delta_source_multilabel,0.1.0,DeLTA,clip,DeLTA_NP163_2,DeLTA_NP163_2,test,,0.1.0,datasets/DeLTA/data/clips.csv,86ba646932239600f546527b786309f88b138747d46d434594f7277328575e34
mosaiq-benchmark-v0.1-candidate-20260716,mosaiq-benchmark,0.1.0-dev,delta_source_multilabel,0.1.0,DeLTA,clip,DeLTA_tm322_2,DeLTA_tm322_2,train,,0.1.0,datasets/DeLTA/data/clips.csv,c839a7753a89a7f0f432107267f48bd19c026ff0815b6c5186197e212025d78c
mosaiq-benchmark-v0.1-candidate-20260716,mosaiq-benchmark,0.1.0-dev,delta_source_multilabel,0.1.0,DeLTA,clip,DeLTA_bib11_2,DeLTA_bib11_2,train,,0.1.0,datasets/DeLTA/data/clips.csv,e928e19627ad529b04eee339a2067bc6e5022ed04c6229bbd125719b51ce467c
mosaiq-benchmark-v0.1-candidate-20260716,mosaiq-benchmark,0.1.0-dev,delta_source_multilabel,0.1.0,DeLTA,clip,DeLTA_ML133_4,DeLTA_ML133_4,train,,0.1.0,datasets/DeLTA/data/clips.csv,a64e9acbcbc93644db10bd2d46e9e29e060a8eec00f3d062e5614a25919a72fa
mosaiq-benchmark-v0.1-candidate-20260716,mosaiq-benchmark,0.1.0-dev,delta_source_multilabel,0.1.0,DeLTA,clip,DeLTA_MG202_2,DeLTA_MG202_2,train,,0.1.0,datasets/DeLTA/data/clips.csv,350f8c386b2405d718afab95d086bd59c80e1cb7fcf66a24557b4c8b87af38e8
mosaiq-benchmark-v0.1-candidate-20260716,mosaiq-benchmark,0.1.0-dev,delta_source_multilabel,0.1.0,DeLTA,clip,DeLTA_CT543_2,DeLTA_CT543_2,test,,0.1.0,datasets/DeLTA/data/clips.csv,7d4d60b648611dd08ecd7f77e22f0db92ff31fce0b01c90bd4cffb8541adb73a
mosaiq-benchmark-v0.1-candidate-20260716,mosaiq-benchmark,0.1.0-dev,delta_source_multilabel,0.1.0,DeLTA,clip,DeLTA_ts317_2,DeLTA_ts317_2,dev,,0.1.0,datasets/DeLTA/data/clips.csv,f60f2e239756cc6d9683de2789debf92e787930bfa502251afdc588459f4f6dc
mosaiq-benchmark-v0.1-candidate-20260716,mosaiq-benchmark,0.1.0-dev,delta_source_multilabel,0.1.0,DeLTA,clip,DeLTA_Rf120_1,DeLTA_Rf120_1,train,,0.1.0,datasets/DeLTA/data/clips.csv,c6732bdd2212a677798f14b07ae9baa6ed311e6b8d4a56a1a7af1aa9873a9b86
mosaiq-benchmark-v0.1-candidate-20260716,mosaiq-benchmark,0.1.0-dev,delta_source_multilabel,0.1.0,DeLTA,clip,DeLTA_Rs315_2,DeLTA_Rs315_2,train,,0.1.0,datasets/DeLTA/data/clips.csv,ac26ae604841e85b08d8ecfa89ef600b88f39f37da0cc75ee26c6414016acd31
mosaiq-benchmark-v0.1-candidate-20260716,mosaiq-benchmark,0.1.0-dev,delta_source_multilabel,0.1.0,DeLTA,clip,DeLTA_NP156_1,DeLTA_NP156_1,dev,,0.1.0,datasets/DeLTA/data/clips.csv,8784d6a26f1881d7ab880c5f82a3ee26d57c7c8e908bb6419f7f6e250bb89c19
mosaiq-benchmark-v0.1-candidate-20260716,mosaiq-benchmark,0.1.0-dev,delta_source_multilabel,0.1.0,DeLTA,clip,DeLTA_tm220_2,DeLTA_tm220_2,dev,,0.1.0,datasets/DeLTA/data/clips.csv,59d91f97131427d0abaf16291ac441f49d5cc35ac683b2292554755252c4c92d
mosaiq-benchmark-v0.1-candidate-20260716,mosaiq-benchmark,0.1.0-dev,delta_source_multilabel,0.1.0,DeLTA,clip,DeLTA_CT512_1,DeLTA_CT512_1,train,,0.1.0,datasets/DeLTA/data/clips.csv,bf02b1abb80f2d075dbdf0594b8c937b14399edcdf05bc2af2c805392ee1cf94
mosaiq-benchmark-v0.1-candidate-20260716,mosaiq-benchmark,0.1.0-dev,delta_source_multilabel,0.1.0,DeLTA,clip,DeLTA_Mc324_1,DeLTA_Mc324_1,train,,0.1.0,datasets/DeLTA/data/clips.csv,14550a5e4df83df1e490b88c60b18fe489ced0edb8d53a1d1735c6a0eb4023af
mosaiq-benchmark-v0.1-candidate-20260716,mosaiq-benchmark,0.1.0-dev,delta_source_multilabel,0.1.0,DeLTA,clip,DeLTA_ML111_7,DeLTA_ML111_7,train,,0.1.0,datasets/DeLTA/data/clips.csv,6f3cf6839b85deaad18a2b7a4c2d204093d62a3eaf25f8e4bbda2f199d0d4f1d
mosaiq-benchmark-v0.1-candidate-20260716,mosaiq-benchmark,0.1.0-dev,delta_source_multilabel,0.1.0,DeLTA,clip,DeLTA_sr101_2,DeLTA_sr101_2,test,,0.1.0,datasets/DeLTA/data/clips.csv,611144e819be115b40c42e4168619c9ff07aced801f52213184362e497b17a50
mosaiq-benchmark-v0.1-candidate-20260716,mosaiq-benchmark,0.1.0-dev,delta_source_multilabel,0.1.0,DeLTA,clip,DeLTA_ML206_1,DeLTA_ML206_1,train,,0.1.0,datasets/DeLTA/data/clips.csv,e084048e02f5c787590bfe6acde3fb75f4813d4608226995fd7c3a2895f9c535
mosaiq-benchmark-v0.1-candidate-20260716,mosaiq-benchmark,0.1.0-dev,delta_source_multilabel,0.1.0,DeLTA,clip,DeLTA_ts223_2,DeLTA_ts223_2,train,,0.1.0,datasets/DeLTA/data/clips.csv,43af79f9d4f0833b57a50ce6a3dd497a445e9af75327cd36cfe2e4b56313e3ef
mosaiq-benchmark-v0.1-candidate-20260716,mosaiq-benchmark,0.1.0-dev,delta_source_multilabel,0.1.0,DeLTA,clip,DeLTA_SM403_1,DeLTA_SM403_1,train,,0.1.0,datasets/DeLTA/data/clips.csv,87feacd5233130ef54f126414ea8e0edcffad68cb11b5c752b6e3beb854c88c4
mosaiq-benchmark-v0.1-candidate-20260716,mosaiq-benchmark,0.1.0-dev,delta_source_multilabel,0.1.0,DeLTA,clip,DeLTA_Mc406_2,DeLTA_Mc406_2,train,,0.1.0,datasets/DeLTA/data/clips.csv,41fa1707ca4474bb7201793ef1c5ddec989bd175787955564dbdbb3a03ea715c
mosaiq-benchmark-v0.1-candidate-20260716,mosaiq-benchmark,0.1.0-dev,delta_source_multilabel,0.1.0,DeLTA,clip,DeLTA_tm201_2,DeLTA_tm201_2,train,,0.1.0,datasets/DeLTA/data/clips.csv,9891b1c1926f9550be2680fadd9ad8c35ac5689635c337e0f69f59d8c2f0ec19
mosaiq-benchmark-v0.1-candidate-20260716,mosaiq-benchmark,0.1.0-dev,delta_source_multilabel,0.1.0,DeLTA,clip,DeLTA_cv35_1,DeLTA_cv35_1,train,,0.1.0,datasets/DeLTA/data/clips.csv,cf6ca18e7431ce8704e86dc54ff07e5905c133b79a3d46890316a80e74935d0b
mosaiq-benchmark-v0.1-candidate-20260716,mosaiq-benchmark,0.1.0-dev,delta_source_multilabel,0.1.0,DeLTA,clip,DeLTA_sc116_1,DeLTA_sc116_1,train,,0.1.0,datasets/DeLTA/data/clips.csv,ce2c86acc76040dfa94b9d4b47464e24b62a7d6ce6c46042bd1c1f97c993870a
mosaiq-benchmark-v0.1-candidate-20260716,mosaiq-benchmark,0.1.0-dev,delta_source_multilabel,0.1.0,DeLTA,clip,DeLTA_Rs331_1,DeLTA_Rs331_1,train,,0.1.0,datasets/DeLTA/data/clips.csv,e8e8958370caa1cd49001434b1c1bc2adf82e930536bc5af9a6fa3a4693021af
mosaiq-benchmark-v0.1-candidate-20260716,mosaiq-benchmark,0.1.0-dev,delta_source_multilabel,0.1.0,DeLTA,clip,DeLTA_SR246_1,DeLTA_SR246_1,train,,0.1.0,datasets/DeLTA/data/clips.csv,6ed438785194acf6b9b811d5e4ec839061fd3cc0f9f1ee8f7c998999098cfd18
mosaiq-benchmark-v0.1-candidate-20260716,mosaiq-benchmark,0.1.0-dev,delta_source_multilabel,0.1.0,DeLTA,clip,DeLTA_TM412_1,DeLTA_TM412_1,test,,0.1.0,datasets/DeLTA/data/clips.csv,b1bf2465322952a860ece9da08e29e6f62ab8916e5d84da19abe8b6394bd1cda
mosaiq-benchmark-v0.1-candidate-20260716,mosaiq-benchmark,0.1.0-dev,delta_source_multilabel,0.1.0,DeLTA,clip,DeLTA_sr128_3,DeLTA_sr128_3,train,,0.1.0,datasets/DeLTA/data/clips.csv,4c97dbd118292f7a9a76b089f2e6a364ce478702f22f23c62c89f07434485611
mosaiq-benchmark-v0.1-candidate-20260716,mosaiq-benchmark,0.1.0-dev,delta_source_multilabel,0.1.0,DeLTA,clip,DeLTA_MC526_1,DeLTA_MC526_1,train,,0.1.0,datasets/DeLTA/data/clips.csv,f8d8e06a385a63e9239c4d699d73ef0e9eed65d19035e40ba11f45672b3652e4
mosaiq-benchmark-v0.1-candidate-20260716,mosaiq-benchmark,0.1.0-dev,delta_source_multilabel,0.1.0,DeLTA,clip,DeLTA_cp21_2,DeLTA_cp21_2,train,,0.1.0,datasets/DeLTA/data/clips.csv,b8fa00cbe792b1b6fe1c05809e448a8062b08d0e540bad5efe428aef840cf2bd
mosaiq-benchmark-v0.1-candidate-20260716,mosaiq-benchmark,0.1.0-dev,delta_source_multilabel,0.1.0,DeLTA,clip,DeLTA_Ts417_1,DeLTA_Ts417_1,test,,0.1.0,datasets/DeLTA/data/clips.csv,7f00f70522bcdc34858c226e604d2fce4c041c6c81b94650d8255d2bc9498ee2
mosaiq-benchmark-v0.1-candidate-20260716,mosaiq-benchmark,0.1.0-dev,delta_source_multilabel,0.1.0,DeLTA,clip,DeLTA_RF331_1,DeLTA_RF331_1,dev,,0.1.0,datasets/DeLTA/data/clips.csv,c363549c09630574159cc243ee1be36e0007478129c8a89d8191d295ea812367
mosaiq-benchmark-v0.1-candidate-20260716,mosaiq-benchmark,0.1.0-dev,delta_source_multilabel,0.1.0,DeLTA,clip,DeLTA_Ts422_2,DeLTA_Ts422_2,test,,0.1.0,datasets/DeLTA/data/clips.csv,5f13009d234a55b08fa7d143966364c7b94cee60d6ef1cde720e6b2c562b047e
mosaiq-benchmark-v0.1-candidate-20260716,mosaiq-benchmark,0.1.0-dev,delta_source_multilabel,0.1.0,DeLTA,clip,DeLTA_RF301_3,DeLTA_RF301_3,dev,,0.1.0,datasets/DeLTA/data/clips.csv,7657ec317c12a6e6b08a08778b8f8dc3f60f1a15df2c7d24c1acc3a3300005dd
mosaiq-benchmark-v0.1-candidate-20260716,mosaiq-benchmark,0.1.0-dev,delta_source_multilabel,0.1.0,DeLTA,clip,DeLTA_SM404_1,DeLTA_SM404_1,train,,0.1.0,datasets/DeLTA/data/clips.csv,414b71d3c5f88deb7f3f506c84727492cb864f5d82ab02663b0c85cabde3f8c3
mosaiq-benchmark-v0.1-candidate-20260716,mosaiq-benchmark,0.1.0-dev,delta_source_multilabel,0.1.0,DeLTA,clip,DeLTA_tm330_1,DeLTA_tm330_1,train,,0.1.0,datasets/DeLTA/data/clips.csv,d517e42452d5a6f2d7b855339127af8a7f07d2500c5b7df1a1721ed95f7a9c34
mosaiq-benchmark-v0.1-candidate-20260716,mosaiq-benchmark,0.1.0-dev,delta_source_multilabel,0.1.0,DeLTA,clip,DeLTA_tm309_4,DeLTA_tm309_4,train,,0.1.0,datasets/DeLTA/data/clips.csv,3405654aedd231f923dd7daea1fcbc6bbcaaaeeb9cdc3d2c85a06a8233d56c40
mosaiq-benchmark-v0.1-candidate-20260716,mosaiq-benchmark,0.1.0-dev,delta_source_multilabel,0.1.0,DeLTA,clip,DeLTA_PL406_2,DeLTA_PL406_2,train,,0.1.0,datasets/DeLTA/data/clips.csv,857b8dd98860acdd6187f88d67c00a7b1b036eb77915abd9dcc3a0724e378539
mosaiq-benchmark-v0.1-candidate-20260716,mosaiq-benchmark,0.1.0-dev,delta_source_multilabel,0.1.0,DeLTA,clip,DeLTA_PL335_2,DeLTA_PL335_2,train,,0.1.0,datasets/DeLTA/data/clips.csv,5ad52808f6a66d49b28c75a58cc7957c10210f25bf35c66b33f6c82d46b9d78b
mosaiq-benchmark-v0.1-candidate-20260716,mosaiq-benchmark,0.1.0-dev,delta_source_multilabel,0.1.0,DeLTA,clip,DeLTA_m27_2,DeLTA_m27_2,test,,0.1.0,datasets/DeLTA/data/clips.csv,d180fd76c3d112a233bb65ca18b75d5d76a0091807836be1355da9260a31b303
mosaiq-benchmark-v0.1-candidate-20260716,mosaiq-benchmark,0.1.0-dev,delta_source_multilabel,0.1.0,DeLTA,clip,DeLTA_CT533_1,DeLTA_CT533_1,train,,0.1.0,datasets/DeLTA/data/clips.csv,eae55bbe1859c721b0875cb9038b734092ff82bfb4f4f0592528a4075f9bcfdd
mosaiq-benchmark-v0.1-candidate-20260716,mosaiq-benchmark,0.1.0-dev,delta_source_multilabel,0.1.0,DeLTA,clip,DeLTA_CT517_2,DeLTA_CT517_2,train,,0.1.0,datasets/DeLTA/data/clips.csv,a6c5b7d0b2f88385e9b53784bc0689699fff4a486a837b25d22c544f6438bdf9
mosaiq-benchmark-v0.1-candidate-20260716,mosaiq-benchmark,0.1.0-dev,delta_source_multilabel,0.1.0,DeLTA,clip,DeLTA_RS426_2,DeLTA_RS426_2,test,,0.1.0,datasets/DeLTA/data/clips.csv,b50b0e6e5d6fb944ccf3b4e568da4e3ffcf266a8fdf368c28e49c3bab272a8b3
mosaiq-benchmark-v0.1-candidate-20260716,mosaiq-benchmark,0.1.0-dev,delta_source_multilabel,0.1.0,DeLTA,clip,DeLTA_RS415_2,DeLTA_RS415_2,test,,0.1.0,datasets/DeLTA/data/clips.csv,600a5c2c0bd48f172c7a9e7bc1bb4fc8d44361498d2566c33040454a675d4bbd
mosaiq-benchmark-v0.1-candidate-20260716,mosaiq-benchmark,0.1.0-dev,delta_source_multilabel,0.1.0,DeLTA,clip,DeLTA_SR227_1,DeLTA_SR227_1,train,,0.1.0,datasets/DeLTA/data/clips.csv,657ae511748180c3e9e6f64c301265eb557a1592ca34abdee831581e534e1fcf
mosaiq-benchmark-v0.1-candidate-20260716,mosaiq-benchmark,0.1.0-dev,delta_source_multilabel,0.1.0,DeLTA,clip,DeLTA_Rp206_2,DeLTA_Rp206_2,train,,0.1.0,datasets/DeLTA/data/clips.csv,22246860ad1a275e0e0715938ffb210da8abf126d2d6e58ef008d9d218f03a9e
mosaiq-benchmark-v0.1-candidate-20260716,mosaiq-benchmark,0.1.0-dev,delta_source_multilabel,0.1.0,DeLTA,clip,DeLTA_sc141_1,DeLTA_sc141_1,train,,0.1.0,datasets/DeLTA/data/clips.csv,2a7d880cafe97f1e7aa54d9c74fabc481053cf88b1794dcf9b3f0c37d522aa60
mosaiq-benchmark-v0.1-candidate-20260716,mosaiq-benchmark,0.1.0-dev,delta_source_multilabel,0.1.0,DeLTA,clip,DeLTA_Rf218_3,DeLTA_Rf218_3,train,,0.1.0,datasets/DeLTA/data/clips.csv,ec07da1b19aad8cd6327d7de7831debcae2242b503368cbe6d6f83dcc0134cc5
mosaiq-benchmark-v0.1-candidate-20260716,mosaiq-benchmark,0.1.0-dev,delta_source_multilabel,0.1.0,DeLTA,clip,DeLTA_TS541_2,DeLTA_TS541_2,train,,0.1.0,datasets/DeLTA/data/clips.csv,fbeb6a6ef20ab84c16238f943c978b9b988d6bf8efba1607ff52f3f2a6488179
mosaiq-benchmark-v0.1-candidate-20260716,mosaiq-benchmark,0.1.0-dev,delta_source_multilabel,0.1.0,DeLTA,clip,DeLTA_Rs116_2,DeLTA_Rs116_2,train,,0.1.0,datasets/DeLTA/data/clips.csv,7584e12bcfacbe0c2c7fdedacabe61ceda25410fb0240833cd6ae8d5e5049983
mosaiq-benchmark-v0.1-candidate-20260716,mosaiq-benchmark,0.1.0-dev,delta_source_multilabel,0.1.0,DeLTA,clip,DeLTA_SM401_1,DeLTA_SM401_1,train,,0.1.0,datasets/DeLTA/data/clips.csv,2300d7c55e3bb8f81f4b9091c3190af6e5a5a2e1fe213e4c8a180061b989162f
mosaiq-benchmark-v0.1-candidate-20260716,mosaiq-benchmark,0.1.0-dev,delta_source_multilabel,0.1.0,DeLTA,clip,DeLTA_Rp126_2,DeLTA_Rp126_2,dev,,0.1.0,datasets/DeLTA/data/clips.csv,67f8efae7e28c3e6040aa906af8ffb4613468ec3fd47bd81e325fe4d7e8a5ce7
mosaiq-benchmark-v0.1-candidate-20260716,mosaiq-benchmark,0.1.0-dev,delta_source_multilabel,0.1.0,DeLTA,clip,DeLTA_NP140_2,DeLTA_NP140_2,test,,0.1.0,datasets/DeLTA/data/clips.csv,3b4c7aa5fd8a30efc992cee6f223ae61b18b414aa953dda839ad900baa46716e
mosaiq-benchmark-v0.1-candidate-20260716,mosaiq-benchmark,0.1.0-dev,delta_source_multilabel,0.1.0,DeLTA,clip,DeLTA_NP150_1,DeLTA_NP150_1,train,,0.1.0,datasets/DeLTA/data/clips.csv,5f932c089a91ffdc4e42f84dc4f4b580b4b4449d50d6aa1c66b6e3c6d15a24e6
mosaiq-benchmark-v0.1-candidate-20260716,mosaiq-benchmark,0.1.0-dev,delta_source_multilabel,0.1.0,DeLTA,clip,DeLTA_tm230_1,DeLTA_tm230_1,train,,0.1.0,datasets/DeLTA/data/clips.csv,5227a662a8e48412765f08f633f177745af010650eab6b89f93f4587d1ca799a
mosaiq-benchmark-v0.1-candidate-20260716,mosaiq-benchmark,0.1.0-dev,delta_source_multilabel,0.1.0,DeLTA,clip,DeLTA_m25_1,DeLTA_m25_1,train,,0.1.0,datasets/DeLTA/data/clips.csv,97ba4f10c4dc7d12a39e1ec4887fa076f785bf7cfe4a1dc24a0068bf21cd931f
mosaiq-benchmark-v0.1-candidate-20260716,mosaiq-benchmark,0.1.0-dev,delta_source_multilabel,0.1.0,DeLTA,clip,DeLTA_Ts426_2,DeLTA_Ts426_2,dev,,0.1.0,datasets/DeLTA/data/clips.csv,d69ce162d2f5400a7eb429e064d4ce2f03c1f2709213ebacabb40b926f9bd1d5
mosaiq-benchmark-v0.1-candidate-20260716,mosaiq-benchmark,0.1.0-dev,delta_source_multilabel,0.1.0,DeLTA,clip,DeLTA_NP158_1,DeLTA_NP158_1,test,,0.1.0,datasets/DeLTA/data/clips.csv,2552a7193ec7d5b59e9cc2a2a75fdc296e81b193a5bba70e70b5083a1cee04e5
mosaiq-benchmark-v0.1-candidate-20260716,mosaiq-benchmark,0.1.0-dev,delta_source_multilabel,0.1.0,DeLTA,clip,DeLTA_Rs320_1,DeLTA_Rs320_1,test,,0.1.0,datasets/DeLTA/data/clips.csv,33fac050b2149872b48b61f5737a4a4b80fc7a5f89ce2232cc997872d76152e8
mosaiq-benchmark-v0.1-candidate-20260716,mosaiq-benchmark,0.1.0-dev,delta_source_multilabel,0.1.0,DeLTA,clip,DeLTA_tm229_2,DeLTA_tm229_2,train,,0.1.0,datasets/DeLTA/data/clips.csv,1c808d9b96e5adf59df83009513e7985a41793b7d6bf0978fa9a2495fda59184
mosaiq-benchmark-v0.1-candidate-20260716,mosaiq-benchmark,0.1.0-dev,delta_source_multilabel,0.1.0,DeLTA,clip,DeLTA_PL435_2,DeLTA_PL435_2,dev,,0.1.0,datasets/DeLTA/data/clips.csv,a6aee1becbd089b12c9eb67eeef0b93331740ddeaf5f3d0ee2a172afe7ef8d23
mosaiq-benchmark-v0.1-candidate-20260716,mosaiq-benchmark,0.1.0-dev,delta_source_multilabel,0.1.0,DeLTA,clip,DeLTA_Mc310_1,DeLTA_Mc310_1,train,,0.1.0,datasets/DeLTA/data/clips.csv,d8882eada0a4337187bd90285d3db1af039cedf0b11e585f07e75acd48f1f0a3
mosaiq-benchmark-v0.1-candidate-20260716,mosaiq-benchmark,0.1.0-dev,delta_source_multilabel,0.1.0,DeLTA,clip,DeLTA_MC515_1,DeLTA_MC515_1,train,,0.1.0,datasets/DeLTA/data/clips.csv,7b515dff0ea9fa20239d0387f9c007413ac3a71b66a54160110978ecbf7ff0fd
mosaiq-benchmark-v0.1-candidate-20260716,mosaiq-benchmark,0.1.0-dev,delta_source_multilabel,0.1.0,DeLTA,clip,DeLTA_Mc121_2,DeLTA_Mc121_2,train,,0.1.0,datasets/DeLTA/data/clips.csv,7173b620afd481d209e5f91b3ac2ff4872ef2b8db2a37e0adc14b417e0a74fa7
mosaiq-benchmark-v0.1-candidate-20260716,mosaiq-benchmark,0.1.0-dev,delta_source_multilabel,0.1.0,DeLTA,clip,DeLTA_ts310_1,DeLTA_ts310_1,test,,0.1.0,datasets/DeLTA/data/clips.csv,b0906b50e6b820116e9c2404c0bf2add461c989333ed22645b590d46e5b8a302
mosaiq-benchmark-v0.1-candidate-20260716,mosaiq-benchmark,0.1.0-dev,delta_source_multilabel,0.1.0,DeLTA,clip,DeLTA_Rs329_1,DeLTA_Rs329_1,train,,0.1.0,datasets/DeLTA/data/clips.csv,c795d1ad512cd6066bca74d8e43b4bb595fdc1e9d49b6a0279d08b336e18ba2b
mosaiq-benchmark-v0.1-candidate-20260716,mosaiq-benchmark,0.1.0-dev,delta_source_multilabel,0.1.0,DeLTA,clip,DeLTA_tm117_2,DeLTA_tm117_2,test,,0.1.0,datasets/DeLTA/data/clips.csv,9c55f52afc73eb5c263329f019fac09e47c33c39563e1633936b3829a633a982
mosaiq-benchmark-v0.1-candidate-20260716,mosaiq-benchmark,0.1.0-dev,delta_source_multilabel,0.1.0,DeLTA,clip,DeLTA_RF304_1,DeLTA_RF304_1,train,,0.1.0,datasets/DeLTA/data/clips.csv,dc161778262227172970eca9ef88e92793c303b6ba5214a0da1af8db6ebcf203
mosaiq-benchmark-v0.1-candidate-20260716,mosaiq-benchmark,0.1.0-dev,delta_source_multilabel,0.1.0,DeLTA,clip,DeLTA_SC221_1,DeLTA_SC221_1,train,,0.1.0,datasets/DeLTA/data/clips.csv,e1d788b2127b5716dc40759fec779dee0d804b39040421b1b552a253c325d00e
mosaiq-benchmark-v0.1-candidate-20260716,mosaiq-benchmark,0.1.0-dev,delta_source_multilabel,0.1.0,DeLTA,clip,DeLTA_ET123_2,DeLTA_ET123_2,dev,,0.1.0,datasets/DeLTA/data/clips.csv,7a17a01fd6932d841262215b957970112b38ddb05b6dbf792838702d7183e8f2
mosaiq-benchmark-v0.1-candidate-20260716,mosaiq-benchmark,0.1.0-dev,delta_source_multilabel,0.1.0,DeLTA,clip,DeLTA_MG101_2,DeLTA_MG101_2,train,,0.1.0,datasets/DeLTA/data/clips.csv,68b91204aafff4335af9bf1012ec414680e2711a751197fc5de268a8bb597907
mosaiq-benchmark-v0.1-candidate-20260716,mosaiq-benchmark,0.1.0-dev,delta_source_multilabel,0.1.0,DeLTA,clip,DeLTA_ET310_2,DeLTA_ET310_2,train,,0.1.0,datasets/DeLTA/data/clips.csv,71f104ac9dae9603074824060d2c097f7b658b1d4de3bbfec4bce75f4ab1ac1e
mosaiq-benchmark-v0.1-candidate-20260716,mosaiq-benchmark,0.1.0-dev,delta_source_multilabel,0.1.0,DeLTA,clip,DeLTA_Mc404_1,DeLTA_Mc404_1,train,,0.1.0,datasets/DeLTA/data/clips.csv,278765e7e9bff25f538a6e978a4509f0b32a42d987fb004f67f5642680f6d28f
mosaiq-benchmark-v0.1-candidate-20260716,mosaiq-benchmark,0.1.0-dev,delta_source_multilabel,0.1.0,DeLTA,clip,DeLTA_SR226_2,DeLTA_SR226_2,train,,0.1.0,datasets/DeLTA/data/clips.csv,a9b755e34b24525ef761c4464d34ea653d952217156d7c8c53288ebde258e11b
mosaiq-benchmark-v0.1-candidate-20260716,mosaiq-benchmark,0.1.0-dev,delta_source_multilabel,0.1.0,DeLTA,clip,DeLTA_tm331_2,DeLTA_tm331_2,dev,,0.1.0,datasets/DeLTA/data/clips.csv,6ca67965a8ba564b87f547431d130a5ccdc36bac2db8fc5a9f0989cf3e71fd11
mosaiq-benchmark-v0.1-candidate-20260716,mosaiq-benchmark,0.1.0-dev,delta_source_multilabel,0.1.0,DeLTA,clip,DeLTA_m25_2,DeLTA_m25_2,train,,0.1.0,datasets/DeLTA/data/clips.csv,c9bfdc4821911b5b03637738646145534d6c193e3419c64349e1a2ca2631c697
mosaiq-benchmark-v0.1-candidate-20260716,mosaiq-benchmark,0.1.0-dev,delta_source_multilabel,0.1.0,DeLTA,clip,DeLTA_TS505_2,DeLTA_TS505_2,train,,0.1.0,datasets/DeLTA/data/clips.csv,5e330819bb39279068beaa1c427e7f7d1915f6324ef692baa32648efaf7f91e5
mosaiq-benchmark-v0.1-candidate-20260716,mosaiq-benchmark,0.1.0-dev,delta_source_multilabel,0.1.0,DeLTA,clip,DeLTA_sr145_3,DeLTA_sr145_3,train,,0.1.0,datasets/DeLTA/data/clips.csv,2d9e0cbbeae4db82d6acbd83ccea21dd6e1ff824ec16d3de037ee2101d8b193b
mosaiq-benchmark-v0.1-candidate-20260716,mosaiq-benchmark,0.1.0-dev,delta_source_multilabel,0.1.0,DeLTA,clip,DeLTA_ML204_1,DeLTA_ML204_1,train,,0.1.0,datasets/DeLTA/data/clips.csv,3d4b5cb83647691712b00360f6d37213aaa038c67a8b356fb20346217327d0c5
mosaiq-benchmark-v0.1-candidate-20260716,mosaiq-benchmark,0.1.0-dev,delta_source_multilabel,0.1.0,DeLTA,clip,DeLTA_Rp129_1,DeLTA_Rp129_1,test,,0.1.0,datasets/DeLTA/data/clips.csv,533c9528836594feaf11aad3e3c2c08ea54a9d1f393ea145c8d4cef0f385da65
mosaiq-benchmark-v0.1-candidate-20260716,mosaiq-benchmark,0.1.0-dev,delta_source_multilabel,0.1.0,DeLTA,clip,DeLTA_ET312_1,DeLTA_ET312_1,train,,0.1.0,datasets/DeLTA/data/clips.csv,7c40ebca542e2e48ef41249b87f76529c499c6c35b56acb6554b5eb189dd01f1
mosaiq-benchmark-v0.1-candidate-20260716,mosaiq-benchmark,0.1.0-dev,delta_source_multilabel,0.1.0,DeLTA,clip,DeLTA_ET401_1,DeLTA_ET401_1,train,,0.1.0,datasets/DeLTA/data/clips.csv,2117da00e37fbff9068be70464eceb887b87e4a66ecf3251e3fb67ee858ba6e3
mosaiq-benchmark-v0.1-candidate-20260716,mosaiq-benchmark,0.1.0-dev,delta_source_multilabel,0.1.0,DeLTA,clip,DeLTA_Mc331_2,DeLTA_Mc331_2,train,,0.1.0,datasets/DeLTA/data/clips.csv,248dce51ab9e40de8cac6d8160a32e6aa0a6c08dd12c3bca73fd73e2fbe437e9
mosaiq-benchmark-v0.1-candidate-20260716,mosaiq-benchmark,0.1.0-dev,delta_source_multilabel,0.1.0,DeLTA,clip,DeLTA_cv27_1,DeLTA_cv27_1,dev,,0.1.0,datasets/DeLTA/data/clips.csv,903465940627b72146e30ed1332da4bed340202ee6dc9bb0233e4fbbb989467d
mosaiq-benchmark-v0.1-candidate-20260716,mosaiq-benchmark,0.1.0-dev,delta_source_multilabel,0.1.0,DeLTA,clip,DeLTA_TS524_1,DeLTA_TS524_1,train,,0.1.0,datasets/DeLTA/data/clips.csv,9c76ffb2e2ee64f194f3b39eaecf3d0b0db432c98e81c849378776b11a3d5792
mosaiq-benchmark-v0.1-candidate-20260716,mosaiq-benchmark,0.1.0-dev,delta_source_multilabel,0.1.0,DeLTA,clip,DeLTA_CT102_1,DeLTA_CT102_1,dev,,0.1.0,datasets/DeLTA/data/clips.csv,bfc8607b1f5cc47b905c6de5acab825421df420d67342c28e6816a9b268adf7e
mosaiq-benchmark-v0.1-candidate-20260716,mosaiq-benchmark,0.1.0-dev,delta_source_multilabel,0.1.0,DeLTA,clip,DeLTA_SR214_2,DeLTA_SR214_2,train,,0.1.0,datasets/DeLTA/data/clips.csv,23b4e95e9e5abaa070e11723fbaa840d85d845cb51fca06d577e29de2d4efb0d
mosaiq-benchmark-v0.1-candidate-20260716,mosaiq-benchmark,0.1.0-dev,delta_source_multilabel,0.1.0,DeLTA,clip,DeLTA_sr139_2,DeLTA_sr139_2,train,,0.1.0,datasets/DeLTA/data/clips.csv,4df1acbe8dc09242424436b405ffcc99968e97accd403716c8e087f5c7f3eb69
mosaiq-benchmark-v0.1-candidate-20260716,mosaiq-benchmark,0.1.0-dev,delta_source_multilabel,0.1.0,DeLTA,clip,DeLTA_ET428_1,DeLTA_ET428_1,test,,0.1.0,datasets/DeLTA/data/clips.csv,bae8ffde98e98bd4a67460372ef1bb01d02ab2ed60f186e51f9c16e91d22b860
mosaiq-benchmark-v0.1-candidate-20260716,mosaiq-benchmark,0.1.0-dev,delta_source_multilabel,0.1.0,DeLTA,clip,DeLTA_MC528_2,DeLTA_MC528_2,test,,0.1.0,datasets/DeLTA/data/clips.csv,a80af95a58e3d835725e594bf3a5007be1c2888d70558c2c1d184a663a011d7d
mosaiq-benchmark-v0.1-candidate-20260716,mosaiq-benchmark,0.1.0-dev,delta_source_multilabel,0.1.0,DeLTA,clip,DeLTA_PL419_1,DeLTA_PL419_1,train,,0.1.0,datasets/DeLTA/data/clips.csv,1c67765162c72837ddfa3a5b387389cef153eff6e7009e064eeb11c72c1fcec8
mosaiq-benchmark-v0.1-candidate-20260716,mosaiq-benchmark,0.1.0-dev,delta_source_multilabel,0.1.0,DeLTA,clip,DeLTA_TM408_2,DeLTA_TM408_2,train,,0.1.0,datasets/DeLTA/data/clips.csv,8e213b74bdbe823a0c9be7d70f765c1fe2efc6b4e50aa15b84cc1103909815ef
mosaiq-benchmark-v0.1-candidate-20260716,mosaiq-benchmark,0.1.0-dev,delta_source_multilabel,0.1.0,DeLTA,clip,DeLTA_PL313_1,DeLTA_PL313_1,train,,0.1.0,datasets/DeLTA/data/clips.csv,34c63ce7329fc38159357fbe6e0d13e6c274f3ec0be7bbeb368426270fcd55c4
mosaiq-benchmark-v0.1-candidate-20260716,mosaiq-benchmark,0.1.0-dev,delta_source_multilabel,0.1.0,DeLTA,clip,DeLTA_CT103_2,DeLTA_CT103_2,train,,0.1.0,datasets/DeLTA/data/clips.csv,0ef00639df7aa5c852958a9af3bcfe71a6e9c98e2788241de4b57a00bace2ab2
mosaiq-benchmark-v0.1-candidate-20260716,mosaiq-benchmark,0.1.0-dev,delta_source_multilabel,0.1.0,DeLTA,clip,DeLTA_Pl221_2,DeLTA_Pl221_2,train,,0.1.0,datasets/DeLTA/data/clips.csv,b11351571966dc6a7f7d1c30932eb009a36ed5b7e6ada04ab85668ee10568a27
mosaiq-benchmark-v0.1-candidate-20260716,mosaiq-benchmark,0.1.0-dev,delta_source_multilabel,0.1.0,DeLTA,clip,DeLTA_ts219_1,DeLTA_ts219_1,train,,0.1.0,datasets/DeLTA/data/clips.csv,4736fe9459f7d4e4841ef6178553e2e20ba969a3f14664e526fd6996463c029e
mosaiq-benchmark-v0.1-candidate-20260716,mosaiq-benchmark,0.1.0-dev,delta_source_multilabel,0.1.0,DeLTA,clip,DeLTA_cp14_2,DeLTA_cp14_2,train,,0.1.0,datasets/DeLTA/data/clips.csv,d0913c0753135a36b573d11f068ea536c7145b988858e9951687bf0062cbee85
mosaiq-benchmark-v0.1-candidate-20260716,mosaiq-benchmark,0.1.0-dev,delta_source_multilabel,0.1.0,DeLTA,clip,DeLTA_TS517_1,DeLTA_TS517_1,train,,0.1.0,datasets/DeLTA/data/clips.csv,a4cfef792e86636b86c6f95c7227374a40edb2f1b5b807966fb05f0c093b6764
mosaiq-benchmark-v0.1-candidate-20260716,mosaiq-benchmark,0.1.0-dev,delta_source_multilabel,0.1.0,DeLTA,clip,DeLTA_Rs111_2,DeLTA_Rs111_2,train,,0.1.0,datasets/DeLTA/data/clips.csv,3579cf3321a64a4994e0f1c760b172c55fba62f38abf25f53cf32fe92583cc9a
mosaiq-benchmark-v0.1-candidate-20260716,mosaiq-benchmark,0.1.0-dev,delta_source_multilabel,0.1.0,DeLTA,clip,DeLTA_Mc203_2,DeLTA_Mc203_2,train,,0.1.0,datasets/DeLTA/data/clips.csv,ab3bab2ce69e45579000ad0235d551940b09bea8fc19e47af163ed48e929db76
mosaiq-benchmark-v0.1-candidate-20260716,mosaiq-benchmark,0.1.0-dev,delta_source_multilabel,0.1.0,DeLTA,clip,DeLTA_SM420_1,DeLTA_SM420_1,train,,0.1.0,datasets/DeLTA/data/clips.csv,67579425b68b697d16bbafe962cfdcdca3dbc872eedd3ab3385695c7c5e63a16
mosaiq-benchmark-v0.1-candidate-20260716,mosaiq-benchmark,0.1.0-dev,delta_source_multilabel,0.1.0,DeLTA,clip,DeLTA_PL420_2,DeLTA_PL420_2,dev,,0.1.0,datasets/DeLTA/data/clips.csv,42fc492f26a5d7e754642bbc9c7810d30f1cb146bcc8163975d2740fa697354f
mosaiq-benchmark-v0.1-candidate-20260716,mosaiq-benchmark,0.1.0-dev,delta_source_multilabel,0.1.0,DeLTA,clip,DeLTA_sc137_2,DeLTA_sc137_2,train,,0.1.0,datasets/DeLTA/data/clips.csv,899a8f23c4b9f37828fc13f0d9b56aa4c95866a07773d57bcee93a01d9486b29
mosaiq-benchmark-v0.1-candidate-20260716,mosaiq-benchmark,0.1.0-dev,delta_source_multilabel,0.1.0,DeLTA,clip,DeLTA_RS430_1,DeLTA_RS430_1,test,,0.1.0,datasets/DeLTA/data/clips.csv,e3800d0a88af6af090c0c14b2acbf909bbcdbb4d70d089e0c746533d1834f5bd
mosaiq-benchmark-v0.1-candidate-20260716,mosaiq-benchmark,0.1.0-dev,delta_source_multilabel,0.1.0,DeLTA,clip,DeLTA_RP308_1,DeLTA_RP308_1,train,,0.1.0,datasets/DeLTA/data/clips.csv,41bb0ad9eaf262374e358bce039a3807f3a759014b045ce6e5363bcbabbdeb15
mosaiq-benchmark-v0.1-candidate-20260716,mosaiq-benchmark,0.1.0-dev,delta_source_multilabel,0.1.0,DeLTA,clip,DeLTA_Rs111_1,DeLTA_Rs111_1,test,,0.1.0,datasets/DeLTA/data/clips.csv,85ab7800356cf22d8fec9b849b19573f36dbfb0ce12a7fcce3094c2964b5f6d6
mosaiq-benchmark-v0.1-candidate-20260716,mosaiq-benchmark,0.1.0-dev,delta_source_multilabel,0.1.0,DeLTA,clip,DeLTA_ts229_2,DeLTA_ts229_2,train,,0.1.0,datasets/DeLTA/data/clips.csv,b4d36e6faa3b254bf658d381131de5be3b3db90400d5a98ae0d8ebd6aeced39b
mosaiq-benchmark-v0.1-candidate-20260716,mosaiq-benchmark,0.1.0-dev,delta_source_multilabel,0.1.0,DeLTA,clip,DeLTA_ET108_1,DeLTA_ET108_1,test,,0.1.0,datasets/DeLTA/data/clips.csv,76dadc9c104a85fe086a514094614b37bdf380cbdf81c3067279cef1a04b52e4
mosaiq-benchmark-v0.1-candidate-20260716,mosaiq-benchmark,0.1.0-dev,delta_source_multilabel,0.1.0,DeLTA,clip,DeLTA_Rs107_1,DeLTA_Rs107_1,train,,0.1.0,datasets/DeLTA/data/clips.csv,84327d0b88813d9a5415b7271cab074a41f1af9bf0955b68e703440c22f15972
mosaiq-benchmark-v0.1-candidate-20260716,mosaiq-benchmark,0.1.0-dev,delta_source_multilabel,0.1.0,DeLTA,clip,DeLTA_ET117_2,DeLTA_ET117_2,train,,0.1.0,datasets/DeLTA/data/clips.csv,6117836bf67b1213c78f9922b95b5adfb73cfd722e54ddc0997e5fdf493c2877
mosaiq-benchmark-v0.1-candidate-20260716,mosaiq-benchmark,0.1.0-dev,delta_source_multilabel,0.1.0,DeLTA,clip,DeLTA_ET408_1,DeLTA_ET408_1,test,,0.1.0,datasets/DeLTA/data/clips.csv,66eeb66a2a0e0950b63496d258317cfa017c6f9a958b69cec2f47aa8932a548b
mosaiq-benchmark-v0.1-candidate-20260716,mosaiq-benchmark,0.1.0-dev,delta_source_multilabel,0.1.0,DeLTA,clip,DeLTA_RF334_2,DeLTA_RF334_2,train,,0.1.0,datasets/DeLTA/data/clips.csv,746fe027e6c8289eb219b3064dda6dd7ad8c17e33506ae5c643777fee255f574
mosaiq-benchmark-v0.1-candidate-20260716,mosaiq-benchmark,0.1.0-dev,delta_source_multilabel,0.1.0,DeLTA,clip,DeLTA_CT525_2,DeLTA_CT525_2,train,,0.1.0,datasets/DeLTA/data/clips.csv,5c963d169e0b052c580b646db79a85b4f577e7b074a5f4a192a36e2272779f99
mosaiq-benchmark-v0.1-candidate-20260716,mosaiq-benchmark,0.1.0-dev,delta_source_multilabel,0.1.0,DeLTA,clip,DeLTA_Rp115_2,DeLTA_Rp115_2,train,,0.1.0,datasets/DeLTA/data/clips.csv,ab6e06f2ba5d1151428531dee15220e13ad78f21ccb09083c58a500f467a6338
mosaiq-benchmark-v0.1-candidate-20260716,mosaiq-benchmark,0.1.0-dev,delta_source_multilabel,0.1.0,DeLTA,clip,DeLTA_SR238_1,DeLTA_SR238_1,train,,0.1.0,datasets/DeLTA/data/clips.csv,1398132044c57dd4e9b28f661e8e69e9f7e2c8e8ce5d54b2dc4c903bb6aef018
mosaiq-benchmark-v0.1-candidate-20260716,mosaiq-benchmark,0.1.0-dev,delta_source_multilabel,0.1.0,DeLTA,clip,DeLTA_SR220_2,DeLTA_SR220_2,train,,0.1.0,datasets/DeLTA/data/clips.csv,f73a1b3f6776071bb275ca3ad8394d0f2458ec6a5ce5011972e619f8fa250c0b
mosaiq-benchmark-v0.1-candidate-20260716,mosaiq-benchmark,0.1.0-dev,delta_source_multilabel,0.1.0,DeLTA,clip,DeLTA_SR242_1,DeLTA_SR242_1,train,,0.1.0,datasets/DeLTA/data/clips.csv,8e84137f3b9f0dde924c9ab8edc86fcf45900c3129c0400d6939d8e66d540a9f
mosaiq-benchmark-v0.1-candidate-20260716,mosaiq-benchmark,0.1.0-dev,delta_source_multilabel,0.1.0,DeLTA,clip,DeLTA_PL337_2,DeLTA_PL337_2,train,,0.1.0,datasets/DeLTA/data/clips.csv,0b48a57b19206a64d6f12d48c8effe827032183b2ed82cb9fe9ae395ba8f5f59
mosaiq-benchmark-v0.1-candidate-20260716,mosaiq-benchmark,0.1.0-dev,delta_source_multilabel,0.1.0,DeLTA,clip,DeLTA_MG306_2,DeLTA_MG306_2,dev,,0.1.0,datasets/DeLTA/data/clips.csv,342444fb8b16c50dbd571c3fb55117a9178c7524cbb722139159e4ad16918e84
mosaiq-benchmark-v0.1-candidate-20260716,mosaiq-benchmark,0.1.0-dev,delta_source_multilabel,0.1.0,DeLTA,clip,DeLTA_tm115_1,DeLTA_tm115_1,test,,0.1.0,datasets/DeLTA/data/clips.csv,a94592c1c6e746320963d26cc5edd4cbff68679442f6a5aaafe686f392ee930a
mosaiq-benchmark-v0.1-candidate-20260716,mosaiq-benchmark,0.1.0-dev,delta_source_multilabel,0.1.0,DeLTA,clip,DeLTA_Rs209_1,DeLTA_Rs209_1,test,,0.1.0,datasets/DeLTA/data/clips.csv,e7274136dcee4cbb414562c4045a278d21a9b7ea54c57fabfd39c9168978ea61
mosaiq-benchmark-v0.1-candidate-20260716,mosaiq-benchmark,0.1.0-dev,delta_source_multilabel,0.1.0,DeLTA,clip,DeLTA_Mc310_2,DeLTA_Mc310_2,dev,,0.1.0,datasets/DeLTA/data/clips.csv,eecd0fdb2965de8408c65d31a6f532adcb9704b1bff9e8c873e4ab8c669ac5d4
mosaiq-benchmark-v0.1-candidate-20260716,mosaiq-benchmark,0.1.0-dev,delta_source_multilabel,0.1.0,DeLTA,clip,DeLTA_tm110_2,DeLTA_tm110_2,train,,0.1.0,datasets/DeLTA/data/clips.csv,7a7485fc51419448450a343a1142ef2ad089d5b57c69a17988c7fec1a2398c52
mosaiq-benchmark-v0.1-candidate-20260716,mosaiq-benchmark,0.1.0-dev,delta_source_multilabel,0.1.0,DeLTA,clip,DeLTA_m14_1,DeLTA_m14_1,test,,0.1.0,datasets/DeLTA/data/clips.csv,57728da586e014b0c7e48d91879d0e254cce084856aeb0bba393a230a5fc5240
mosaiq-benchmark-v0.1-candidate-20260716,mosaiq-benchmark,0.1.0-dev,delta_source_multilabel,0.1.0,DeLTA,clip,DeLTA_RS405_1,DeLTA_RS405_1,train,,0.1.0,datasets/DeLTA/data/clips.csv,07d3150d0b4d3768f9c7d3532f086f96d8e9ef2f6b731a4ebfb4daaef4e39dbe
mosaiq-benchmark-v0.1-candidate-20260716,mosaiq-benchmark,0.1.0-dev,delta_source_multilabel,0.1.0,DeLTA,clip,DeLTA_CT524_2,DeLTA_CT524_2,train,,0.1.0,datasets/DeLTA/data/clips.csv,52b86ed72e94384a36d120046dc6b1a672e8e2cd621df55d841a8634bfc42efa
mosaiq-benchmark-v0.1-candidate-20260716,mosaiq-benchmark,0.1.0-dev,delta_source_multilabel,0.1.0,DeLTA,clip,DeLTA_SC219_2,DeLTA_SC219_2,dev,,0.1.0,datasets/DeLTA/data/clips.csv,39c3fcbda100e6e3da85f14d0c88144cc39cc188b57ab75090e7e848126518dd
mosaiq-benchmark-v0.1-candidate-20260716,mosaiq-benchmark,0.1.0-dev,delta_source_multilabel,0.1.0,DeLTA,clip,DeLTA_SM306_2,DeLTA_SM306_2,train,,0.1.0,datasets/DeLTA/data/clips.csv,79d9fa3b22ab506c56ab7922d84296341a153e7658095adec6eb12365ee4d19d
mosaiq-benchmark-v0.1-candidate-20260716,mosaiq-benchmark,0.1.0-dev,delta_source_multilabel,0.1.0,DeLTA,clip,DeLTA_tm334_1,DeLTA_tm334_1,train,,0.1.0,datasets/DeLTA/data/clips.csv,c83ce75193220590143d7ec568722cee05d2459c2510653c49df0d148993f5e9
mosaiq-benchmark-v0.1-candidate-20260716,mosaiq-benchmark,0.1.0-dev,delta_source_multilabel,0.1.0,DeLTA,clip,DeLTA_tm301_1,DeLTA_tm301_1,train,,0.1.0,datasets/DeLTA/data/clips.csv,2ede6fc1bd916db943279f9966f5b318d2685e190c8a01186bfc4b4b47dc9248
mosaiq-benchmark-v0.1-candidate-20260716,mosaiq-benchmark,0.1.0-dev,delta_source_multilabel,0.1.0,DeLTA,clip,DeLTA_Rf222_3,DeLTA_Rf222_3,train,,0.1.0,datasets/DeLTA/data/clips.csv,6b439f5fc0fc5d47aa59d4dfc8dd3cc87dec7bd2e36e9628572ea70d28ea7578
mosaiq-benchmark-v0.1-candidate-20260716,mosaiq-benchmark,0.1.0-dev,delta_source_multilabel,0.1.0,DeLTA,clip,DeLTA_tm219_2,DeLTA_tm219_2,train,,0.1.0,datasets/DeLTA/data/clips.csv,bb51b92c62d0388d76722b84bdcac0b00b7d333acb7d59346f240bcd4544d68c
mosaiq-benchmark-v0.1-candidate-20260716,mosaiq-benchmark,0.1.0-dev,delta_source_multilabel,0.1.0,DeLTA,clip,DeLTA_TM440_2,DeLTA_TM440_2,train,,0.1.0,datasets/DeLTA/data/clips.csv,3798f80e9b50d5fce6bccf73b277d7ca5c410092878256e22de433f035899bc2
mosaiq-benchmark-v0.1-candidate-20260716,mosaiq-benchmark,0.1.0-dev,delta_source_multilabel,0.1.0,DeLTA,clip,DeLTA_Rs314_2,DeLTA_Rs314_2,train,,0.1.0,datasets/DeLTA/data/clips.csv,88602393d7df1ab0c85f665981abf9ee4378d157940e0e9c8293816b42cc4f02
mosaiq-benchmark-v0.1-candidate-20260716,mosaiq-benchmark,0.1.0-dev,delta_source_multilabel,0.1.0,DeLTA,clip,DeLTA_2cv21_2,DeLTA_2cv21_2,train,,0.1.0,datasets/DeLTA/data/clips.csv,95ccc3ec39d4c4f1d21a23563367b6586d992ee4fa7840dd78ffa1a2764e5671
mosaiq-benchmark-v0.1-candidate-20260716,mosaiq-benchmark,0.1.0-dev,delta_source_multilabel,0.1.0,DeLTA,clip,DeLTA_cp12_2,DeLTA_cp12_2,train,,0.1.0,datasets/DeLTA/data/clips.csv,e0811c7b23d49e467753b0114d2a2a34cf9bd9c1d493746850d9981bf75d91cc
mosaiq-benchmark-v0.1-candidate-20260716,mosaiq-benchmark,0.1.0-dev,delta_source_multilabel,0.1.0,DeLTA,clip,DeLTA_PL101_2,DeLTA_PL101_2,train,,0.1.0,datasets/DeLTA/data/clips.csv,3914cf7ed473d725623d9677d568d1efbc012a5a5b99d6067ff71b367e7e2b50
mosaiq-benchmark-v0.1-candidate-20260716,mosaiq-benchmark,0.1.0-dev,delta_source_multilabel,0.1.0,DeLTA,clip,DeLTA_Rp232_2,DeLTA_Rp232_2,train,,0.1.0,datasets/DeLTA/data/clips.csv,92b3d030c6191617bcf26470b4fc86b85598c12ed51fdfa89aa1a73bb84727a9
mosaiq-benchmark-v0.1-candidate-20260716,mosaiq-benchmark,0.1.0-dev,delta_source_multilabel,0.1.0,DeLTA,clip,DeLTA_sr121_1,DeLTA_sr121_1,test,,0.1.0,datasets/DeLTA/data/clips.csv,4c8a2f0daa7e0425900b8d9412c2d113d7b67d1f05270170cf87f6fe568a4263
mosaiq-benchmark-v0.1-candidate-20260716,mosaiq-benchmark,0.1.0-dev,delta_source_multilabel,0.1.0,DeLTA,clip,DeLTA_TS506_1,DeLTA_TS506_1,train,,0.1.0,datasets/DeLTA/data/clips.csv,184831bdfb90f5cb194dee86f42e3503c5020c430d33250db27cf67be58820f6
mosaiq-benchmark-v0.1-candidate-20260716,mosaiq-benchmark,0.1.0-dev,delta_source_multilabel,0.1.0,DeLTA,clip,DeLTA_SM407_1,DeLTA_SM407_1,train,,0.1.0,datasets/DeLTA/data/clips.csv,945c59b20097969e282c05690d782854a730302fe844a2119d43f2989186476a
mosaiq-benchmark-v0.1-candidate-20260716,mosaiq-benchmark,0.1.0-dev,delta_source_multilabel,0.1.0,DeLTA,clip,DeLTA_tm318_2,DeLTA_tm318_2,test,,0.1.0,datasets/DeLTA/data/clips.csv,c337377eb53850355a9a8c069549bf022779061f4aaed21d003943bbe939fc35
mosaiq-benchmark-v0.1-candidate-20260716,mosaiq-benchmark,0.1.0-dev,delta_source_multilabel,0.1.0,DeLTA,clip,DeLTA_m17_1,DeLTA_m17_1,train,,0.1.0,datasets/DeLTA/data/clips.csv,d592ecc85a93be00c213f5189a75182cf20008756f757931dddb63fcad1aded2
mosaiq-benchmark-v0.1-candidate-20260716,mosaiq-benchmark,0.1.0-dev,delta_source_multilabel,0.1.0,DeLTA,clip,DeLTA_tm329_1,DeLTA_tm329_1,train,,0.1.0,datasets/DeLTA/data/clips.csv,9df8956bdc38befcb0e394d2d56270c06ec09545f206ac9f8a1b09c8f78d6d8c
mosaiq-benchmark-v0.1-candidate-20260716,mosaiq-benchmark,0.1.0-dev,delta_source_multilabel,0.1.0,DeLTA,clip,DeLTA_Rs105_2,DeLTA_Rs105_2,train,,0.1.0,datasets/DeLTA/data/clips.csv,e88c0af6bcf25394e1bf57cebd3939369e5463c2ed1a1cdd2bb0ff7a74633f91
mosaiq-benchmark-v0.1-candidate-20260716,mosaiq-benchmark,0.1.0-dev,delta_source_multilabel,0.1.0,DeLTA,clip,DeLTA_Rp105_2,DeLTA_Rp105_2,train,,0.1.0,datasets/DeLTA/data/clips.csv,39fdb1245fd1db5c08560227cf86362a00d942998f033955bd9a86a924f58a90
mosaiq-benchmark-v0.1-candidate-20260716,mosaiq-benchmark,0.1.0-dev,delta_source_multilabel,0.1.0,DeLTA,clip,DeLTA_Mc122_2,DeLTA_Mc122_2,train,,0.1.0,datasets/DeLTA/data/clips.csv,16d61eba92f719e87fb4811459db853d8d723aa7cc663274a983cc9899b76f99
mosaiq-benchmark-v0.1-candidate-20260716,mosaiq-benchmark,0.1.0-dev,delta_source_multilabel,0.1.0,DeLTA,clip,DeLTA_bib16_1,DeLTA_bib16_1,train,,0.1.0,datasets/DeLTA/data/clips.csv,ce2f0203f92ba8276efff064cca9fb9fd25316747eaa851b15924c5ec3a5bf55
mosaiq-benchmark-v0.1-candidate-20260716,mosaiq-benchmark,0.1.0-dev,delta_source_multilabel,0.1.0,DeLTA,clip,DeLTA_tm330_2,DeLTA_tm330_2,train,,0.1.0,datasets/DeLTA/data/clips.csv,f922d6a63f53d456f34d0a699d515ec5132696a09e825e331caa249b6a08d471
mosaiq-benchmark-v0.1-candidate-20260716,mosaiq-benchmark,0.1.0-dev,delta_source_multilabel,0.1.0,DeLTA,clip,DeLTA_Rf214_1,DeLTA_Rf214_1,test,,0.1.0,datasets/DeLTA/data/clips.csv,40c8f8cda50b95ecea3163495c950cb85aff533e499ae5ad57f6082c2d2ace60
mosaiq-benchmark-v0.1-candidate-20260716,mosaiq-benchmark,0.1.0-dev,delta_source_multilabel,0.1.0,DeLTA,clip,DeLTA_2cv23_1,DeLTA_2cv23_1,dev,,0.1.0,datasets/DeLTA/data/clips.csv,c246a11ac693d58c27d3568dadcf013f09dfdadb5959517637eca544126cf339
mosaiq-benchmark-v0.1-candidate-20260716,mosaiq-benchmark,0.1.0-dev,delta_source_multilabel,0.1.0,DeLTA,clip,DeLTA_RP303_2,DeLTA_RP303_2,train,,0.1.0,datasets/DeLTA/data/clips.csv,e495da2f23e5f2d82003b30762e56894e3b9f2eb63f5ca7d5d4a57173ffc99ac
mosaiq-benchmark-v0.1-candidate-20260716,mosaiq-benchmark,0.1.0-dev,delta_source_multilabel,0.1.0,DeLTA,clip,DeLTA_PL322_2,DeLTA_PL322_2,train,,0.1.0,datasets/DeLTA/data/clips.csv,bfb42a5beec4afc59ad6ccd9e701529733459ae8100f977f0d4eb79cc6368a6e
mosaiq-benchmark-v0.1-candidate-20260716,mosaiq-benchmark,0.1.0-dev,delta_source_multilabel,0.1.0,DeLTA,clip,DeLTA_cp0_2,DeLTA_cp0_2,train,,0.1.0,datasets/DeLTA/data/clips.csv,e6b11b53ff2bf86193fa07029d4d6b17f331bdbd2cc43a4d4130626d94968c26
mosaiq-benchmark-v0.1-candidate-20260716,mosaiq-benchmark,0.1.0-dev,delta_source_multilabel,0.1.0,DeLTA,clip,DeLTA_CT507_1,DeLTA_CT507_1,test,,0.1.0,datasets/DeLTA/data/clips.csv,292b96a206e5b7a00c42990768c50b2596605a2ce44cb2f71c22183a7aea45ee
mosaiq-benchmark-v0.1-candidate-20260716,mosaiq-benchmark,0.1.0-dev,delta_source_multilabel,0.1.0,DeLTA,clip,DeLTA_tm111_2,DeLTA_tm111_2,train,,0.1.0,datasets/DeLTA/data/clips.csv,34f0b984f69dd726caf565409c217d0a73ecfe15d8bdb64c0b2abc05fd156604
mosaiq-benchmark-v0.1-candidate-20260716,mosaiq-benchmark,0.1.0-dev,delta_source_multilabel,0.1.0,DeLTA,clip,DeLTA_CT514_1,DeLTA_CT514_1,train,,0.1.0,datasets/DeLTA/data/clips.csv,5b827decb1dc4641225dc8533f579088b4f21dfcf5310d9d8323d11d8f8d9f6a
mosaiq-benchmark-v0.1-candidate-20260716,mosaiq-benchmark,0.1.0-dev,delta_source_multilabel,0.1.0,DeLTA,clip,DeLTA_Rs232_2,DeLTA_Rs232_2,test,,0.1.0,datasets/DeLTA/data/clips.csv,f6ef8757b59ca2f5e8e9230e540fc606adaede9504101239caf41adc21ead87b
mosaiq-benchmark-v0.1-candidate-20260716,mosaiq-benchmark,0.1.0-dev,delta_source_multilabel,0.1.0,DeLTA,clip,DeLTA_SM414_2,DeLTA_SM414_2,train,,0.1.0,datasets/DeLTA/data/clips.csv,1dd91f66741ea20270eda8706e053dee7631fa662ca4df8e32ce3482268e1bdb
mosaiq-benchmark-v0.1-candidate-20260716,mosaiq-benchmark,0.1.0-dev,delta_source_multilabel,0.1.0,DeLTA,clip,DeLTA_PL317_1,DeLTA_PL317_1,train,,0.1.0,datasets/DeLTA/data/clips.csv,7fb5ab7fd58918c569379f1fc8c59dad49aa5f5b519187098fbe923e00e61732
mosaiq-benchmark-v0.1-candidate-20260716,mosaiq-benchmark,0.1.0-dev,delta_source_multilabel,0.1.0,DeLTA,clip,DeLTA_Rp133_1,DeLTA_Rp133_1,train,,0.1.0,datasets/DeLTA/data/clips.csv,17f9b1845ecc3e26e78f15880ec98832636de78e30af1ff5d01ba1a6a0e149d4
mosaiq-benchmark-v0.1-candidate-20260716,mosaiq-benchmark,0.1.0-dev,delta_source_multilabel,0.1.0,DeLTA,clip,DeLTA_ET104_2,DeLTA_ET104_2,train,,0.1.0,datasets/DeLTA/data/clips.csv,29b351b974d91631435013eb9b3f1a610fd36a142549eb5149ff231b58933065
mosaiq-benchmark-v0.1-candidate-20260716,mosaiq-benchmark,0.1.0-dev,delta_source_multilabel,0.1.0,DeLTA,clip,DeLTA_Rf125_2,DeLTA_Rf125_2,train,,0.1.0,datasets/DeLTA/data/clips.csv,d3e98018a81c704516a3ef5ea466cd986cdf97d2207f7c90ee8cab958c6ebc17
mosaiq-benchmark-v0.1-candidate-20260716,mosaiq-benchmark,0.1.0-dev,delta_source_multilabel,0.1.0,DeLTA,clip,DeLTA_RF301_6,DeLTA_RF301_6,dev,,0.1.0,datasets/DeLTA/data/clips.csv,0571c26a46747505accfe52b1ba4ba0c062681250538fcfea40a70ebc463cf08
mosaiq-benchmark-v0.1-candidate-20260716,mosaiq-benchmark,0.1.0-dev,delta_source_multilabel,0.1.0,DeLTA,clip,DeLTA_CT534_1,DeLTA_CT534_1,test,,0.1.0,datasets/DeLTA/data/clips.csv,14a0e3401719df1f9f281e3e2d5c95faa41b3b47500554cd5416a9c425e5b453
mosaiq-benchmark-v0.1-candidate-20260716,mosaiq-benchmark,0.1.0-dev,delta_source_multilabel,0.1.0,DeLTA,clip,DeLTA_Rp131_2,DeLTA_Rp131_2,test,,0.1.0,datasets/DeLTA/data/clips.csv,2a7edbea68062c10f644184e9b1313e7bc81ddcef646e0ebc4d5361f66f22dd3
mosaiq-benchmark-v0.1-candidate-20260716,mosaiq-benchmark,0.1.0-dev,delta_source_multilabel,0.1.0,DeLTA,clip,DeLTA_CT326_1,DeLTA_CT326_1,train,,0.1.0,datasets/DeLTA/data/clips.csv,05c5548b6f0973d0c2b9978ada54ca64eb84ae1b6e0822fafce2cecf8760bd5c
mosaiq-benchmark-v0.1-candidate-20260716,mosaiq-benchmark,0.1.0-dev,delta_source_multilabel,0.1.0,DeLTA,clip,DeLTA_ET104_1,DeLTA_ET104_1,train,,0.1.0,datasets/DeLTA/data/clips.csv,a7a0e5d7c7b76a763c9205d7de5c7736c20d14cb8aefa28ac196dcbfd38fa5b7
mosaiq-benchmark-v0.1-candidate-20260716,mosaiq-benchmark,0.1.0-dev,delta_source_multilabel,0.1.0,DeLTA,clip,DeLTA_2cv25_1,DeLTA_2cv25_1,dev,,0.1.0,datasets/DeLTA/data/clips.csv,9912ca91479ccbd51b69834169963e4531b2601afb6c3993c4dd4f30c2e84c21
mosaiq-benchmark-v0.1-candidate-20260716,mosaiq-benchmark,0.1.0-dev,delta_source_multilabel,0.1.0,DeLTA,clip,DeLTA_Rs101_1,DeLTA_Rs101_1,train,,0.1.0,datasets/DeLTA/data/clips.csv,727e0ff110f5656d172a48903bbfad1d0ca3914abac2635652af99163bf2d98b
mosaiq-benchmark-v0.1-candidate-20260716,mosaiq-benchmark,0.1.0-dev,delta_source_multilabel,0.1.0,DeLTA,clip,DeLTA_sr125_2,DeLTA_sr125_2,train,,0.1.0,datasets/DeLTA/data/clips.csv,e945a3b368670fbfc0e2b2f3aea8619bba10046a61d2df64981f802004b83918
mosaiq-benchmark-v0.1-candidate-20260716,mosaiq-benchmark,0.1.0-dev,delta_source_multilabel,0.1.0,DeLTA,clip,DeLTA_Mc334_1,DeLTA_Mc334_1,train,,0.1.0,datasets/DeLTA/data/clips.csv,7aed0ea626dc26462e7766bc5350f7116d0695845593f6e790baca0b2e00d395
mosaiq-benchmark-v0.1-candidate-20260716,mosaiq-benchmark,0.1.0-dev,delta_source_multilabel,0.1.0,DeLTA,clip,DeLTA_cv12_1,DeLTA_cv12_1,train,,0.1.0,datasets/DeLTA/data/clips.csv,04ad2400b996727f0bb05af6ba9c59cad5dc2d63e3c251b9107616b22377f8c9
mosaiq-benchmark-v0.1-candidate-20260716,mosaiq-benchmark,0.1.0-dev,delta_source_multilabel,0.1.0,DeLTA,clip,DeLTA_MC516_1,DeLTA_MC516_1,dev,,0.1.0,datasets/DeLTA/data/clips.csv,e76fdc119ccb9ee7e5365f176f58552e7b0b5bf33044d8984fbdb1f5e40b9561
mosaiq-benchmark-v0.1-candidate-20260716,mosaiq-benchmark,0.1.0-dev,delta_source_multilabel,0.1.0,DeLTA,clip,DeLTA_Ts420_1,DeLTA_Ts420_1,train,,0.1.0,datasets/DeLTA/data/clips.csv,3c5c95d5766e39fa1f2fd6528b466f321d3eb8c2cb4eaee2ec9bd77177153fd2
mosaiq-benchmark-v0.1-candidate-20260716,mosaiq-benchmark,0.1.0-dev,delta_source_multilabel,0.1.0,DeLTA,clip,DeLTA_CT305_1,DeLTA_CT305_1,train,,0.1.0,datasets/DeLTA/data/clips.csv,83b84266fea23872de4c48d896d3be2fc47d45d7f6468327253ad7a379ae680e
mosaiq-benchmark-v0.1-candidate-20260716,mosaiq-benchmark,0.1.0-dev,delta_source_multilabel,0.1.0,DeLTA,clip,DeLTA_sr125_3,DeLTA_sr125_3,dev,,0.1.0,datasets/DeLTA/data/clips.csv,2f89ad0022d65275a7241f4cfd54d1d72caf6acc556a0c6bc944f76ff7a48f48
mosaiq-benchmark-v0.1-candidate-20260716,mosaiq-benchmark,0.1.0-dev,delta_source_multilabel,0.1.0,DeLTA,clip,DeLTA_SR206_2,DeLTA_SR206_2,dev,,0.1.0,datasets/DeLTA/data/clips.csv,c5c63b81c6a3d7d77639e0283820eba9276415373cf6d0ca127b8efdb0a1c81f
mosaiq-benchmark-v0.1-candidate-20260716,mosaiq-benchmark,0.1.0-dev,delta_source_multilabel,0.1.0,DeLTA,clip,DeLTA_PL333_2,DeLTA_PL333_2,test,,0.1.0,datasets/DeLTA/data/clips.csv,42c55ee05132f5deeb0efc5b94e53efbe6d2d726ddeefedd796f6761ef88691b
mosaiq-benchmark-v0.1-candidate-20260716,mosaiq-benchmark,0.1.0-dev,delta_source_multilabel,0.1.0,DeLTA,clip,DeLTA_Rp201_1,DeLTA_Rp201_1,dev,,0.1.0,datasets/DeLTA/data/clips.csv,d507b76f5855337c1a49fb10ec0a6380327c6b97a643bcc77303a5d423e7ba9b
mosaiq-benchmark-v0.1-candidate-20260716,mosaiq-benchmark,0.1.0-dev,delta_source_multilabel,0.1.0,DeLTA,clip,DeLTA_MG302_1,DeLTA_MG302_1,train,,0.1.0,datasets/DeLTA/data/clips.csv,90ba7eac341c1c6bdc6e0154adc0e017fec1a2f571304926faec787bb32f060a
mosaiq-benchmark-v0.1-candidate-20260716,mosaiq-benchmark,0.1.0-dev,delta_source_multilabel,0.1.0,DeLTA,clip,DeLTA_SM311_2,DeLTA_SM311_2,test,,0.1.0,datasets/DeLTA/data/clips.csv,038f3a6932574df5edede72ae005991e545632941e5c26e9f6bd93a1febc1f6f
mosaiq-benchmark-v0.1-candidate-20260716,mosaiq-benchmark,0.1.0-dev,delta_source_multilabel,0.1.0,DeLTA,clip,DeLTA_RF334_1,DeLTA_RF334_1,test,,0.1.0,datasets/DeLTA/data/clips.csv,ae97ab9fb41307af5a270d454e3499cc089313004124f7a0d76d86691ba0fa9e
mosaiq-benchmark-v0.1-candidate-20260716,mosaiq-benchmark,0.1.0-dev,delta_source_multilabel,0.1.0,DeLTA,clip,DeLTA_TS518_1,DeLTA_TS518_1,train,,0.1.0,datasets/DeLTA/data/clips.csv,9024428f8eb13480fa238bd3e1b7b7f1ccdc151afd62ddf1917581ead771747e
mosaiq-benchmark-v0.1-candidate-20260716,mosaiq-benchmark,0.1.0-dev,delta_source_multilabel,0.1.0,DeLTA,clip,DeLTA_SC215_1,DeLTA_SC215_1,train,,0.1.0,datasets/DeLTA/data/clips.csv,325d2d1957af7927d1c7cdeda0a66b631f715bbc819c71971eabf2778784dfef
mosaiq-benchmark-v0.1-candidate-20260716,mosaiq-benchmark,0.1.0-dev,delta_source_multilabel,0.1.0,DeLTA,clip,DeLTA_Rp217_2,DeLTA_Rp217_2,train,,0.1.0,datasets/DeLTA/data/clips.csv,529449f3afc9e35caaf3e4ff2b57b854d43476769967a15b6e16a7ac4a39c921
mosaiq-benchmark-v0.1-candidate-20260716,mosaiq-benchmark,0.1.0-dev,delta_source_multilabel,0.1.0,DeLTA,clip,DeLTA_sr108_2,DeLTA_sr108_2,train,,0.1.0,datasets/DeLTA/data/clips.csv,5496554cf1aec4febc353ad26d1a5fd47a891b6f067f173f2fe3707df314e0bb
mosaiq-benchmark-v0.1-candidate-20260716,mosaiq-benchmark,0.1.0-dev,delta_source_multilabel,0.1.0,DeLTA,clip,DeLTA_tm316_1,DeLTA_tm316_1,train,,0.1.0,datasets/DeLTA/data/clips.csv,67440312b98ff46a5ebdf7de30fe6498faa4a5ceca44343936a4030d4baf8587
mosaiq-benchmark-v0.1-candidate-20260716,mosaiq-benchmark,0.1.0-dev,delta_source_multilabel,0.1.0,DeLTA,clip,DeLTA_ML132_1,DeLTA_ML132_1,train,,0.1.0,datasets/DeLTA/data/clips.csv,3d9f8debdafecd65dcc855bfc6f1f56fa5939aa94a8b90f33d71ba07379e3da6
mosaiq-benchmark-v0.1-candidate-20260716,mosaiq-benchmark,0.1.0-dev,delta_source_multilabel,0.1.0,DeLTA,clip,DeLTA_tm117_1,DeLTA_tm117_1,train,,0.1.0,datasets/DeLTA/data/clips.csv,d6bca655f1c552cfacdd6ef3bedca278aa5b5ec0fd398967675469e28a5935a8
mosaiq-benchmark-v0.1-candidate-20260716,mosaiq-benchmark,0.1.0-dev,delta_source_multilabel,0.1.0,DeLTA,clip,DeLTA_NP117_2,DeLTA_NP117_2,train,,0.1.0,datasets/DeLTA/data/clips.csv,61fb22ae9659e004bc935352b64f8a12540c8e1eb328be725fe33929a0fdadb3
mosaiq-benchmark-v0.1-candidate-20260716,mosaiq-benchmark,0.1.0-dev,delta_source_multilabel,0.1.0,DeLTA,clip,DeLTA_bib4_1,DeLTA_bib4_1,train,,0.1.0,datasets/DeLTA/data/clips.csv,954885a607c35baee030dc04197942adc09caf6912d140f8d5d87f4511189145
mosaiq-benchmark-v0.1-candidate-20260716,mosaiq-benchmark,0.1.0-dev,delta_source_multilabel,0.1.0,DeLTA,clip,DeLTA_MG302_2,DeLTA_MG302_2,train,,0.1.0,datasets/DeLTA/data/clips.csv,72cd80a248ef413cae0b9ffc6620f166c391fda3e09734a5e88dadddc795ad63
mosaiq-benchmark-v0.1-candidate-20260716,mosaiq-benchmark,0.1.0-dev,delta_source_multilabel,0.1.0,DeLTA,clip,DeLTA_Rp204_1,DeLTA_Rp204_1,test,,0.1.0,datasets/DeLTA/data/clips.csv,a84d373cd7318c08be7e48e4134f5d68220941e58b7d3d5b080d07a61f291b72
mosaiq-benchmark-v0.1-candidate-20260716,mosaiq-benchmark,0.1.0-dev,delta_source_multilabel,0.1.0,DeLTA,clip,DeLTA_2cv25_2,DeLTA_2cv25_2,train,,0.1.0,datasets/DeLTA/data/clips.csv,67e49d6fc79d478b9046d2612eb8cda18699721d2a0ceacdc2f528a2c6beb97f
mosaiq-benchmark-v0.1-candidate-20260716,mosaiq-benchmark,0.1.0-dev,delta_source_multilabel,0.1.0,DeLTA,clip,DeLTA_PL315_2,DeLTA_PL315_2,train,,0.1.0,datasets/DeLTA/data/clips.csv,4e2cfab5bde66d9b725a959c99be38a67c463b70a0b8ea352137716db2e15471
mosaiq-benchmark-v0.1-candidate-20260716,mosaiq-benchmark,0.1.0-dev,delta_source_multilabel,0.1.0,DeLTA,clip,DeLTA_Rs221_1,DeLTA_Rs221_1,train,,0.1.0,datasets/DeLTA/data/clips.csv,8b18c6598a87e18be53d20ad0b3968a45f41ea2de5904bc9edb696562b68903c
mosaiq-benchmark-v0.1-candidate-20260716,mosaiq-benchmark,0.1.0-dev,delta_source_multilabel,0.1.0,DeLTA,clip,DeLTA_cv42_1,DeLTA_cv42_1,dev,,0.1.0,datasets/DeLTA/data/clips.csv,3ba9870380dfe1e9735b16f09285f141e83f844ac5929637052209fe6d1e09d1
mosaiq-benchmark-v0.1-candidate-20260716,mosaiq-benchmark,0.1.0-dev,delta_source_multilabel,0.1.0,DeLTA,clip,DeLTA_PL404_1,DeLTA_PL404_1,train,,0.1.0,datasets/DeLTA/data/clips.csv,f34fccb40117022398201061ce9d5b30014e1b419c837e9fa42294f62bbef825
mosaiq-benchmark-v0.1-candidate-20260716,mosaiq-benchmark,0.1.0-dev,delta_source_multilabel,0.1.0,DeLTA,clip,DeLTA_MG301_1,DeLTA_MG301_1,train,,0.1.0,datasets/DeLTA/data/clips.csv,6c1a3b257a6fcbf13dcc6c428ccea6d69ec9867a487cf5b66f661ed375f3aae4
mosaiq-benchmark-v0.1-candidate-20260716,mosaiq-benchmark,0.1.0-dev,delta_source_multilabel,0.1.0,DeLTA,clip,DeLTA_PL318_2,DeLTA_PL318_2,train,,0.1.0,datasets/DeLTA/data/clips.csv,fe70f422f09fbad91e19f8326e277c8510d7ad3ccbfeea28d0db5af8d74bcac7
mosaiq-benchmark-v0.1-candidate-20260716,mosaiq-benchmark,0.1.0-dev,delta_source_multilabel,0.1.0,DeLTA,clip,DeLTA_SC223_1,DeLTA_SC223_1,dev,,0.1.0,datasets/DeLTA/data/clips.csv,470cfa9c7999d33a97dfacda5e318bad0a25d5d4f08ffd2d146773a79e32ca50
mosaiq-benchmark-v0.1-candidate-20260716,mosaiq-benchmark,0.1.0-dev,delta_source_multilabel,0.1.0,DeLTA,clip,DeLTA_SR212_1,DeLTA_SR212_1,train,,0.1.0,datasets/DeLTA/data/clips.csv,fa121f71e0e11e00c12523b489445fd93284f52ca9dba6395226381175de4c2b
mosaiq-benchmark-v0.1-candidate-20260716,mosaiq-benchmark,0.1.0-dev,delta_source_multilabel,0.1.0,DeLTA,clip,DeLTA_2cv41_2,DeLTA_2cv41_2,test,,0.1.0,datasets/DeLTA/data/clips.csv,bcb893ead38249f89d83cefeab39bdc088df0365b3228f58d93f283c21f37639
mosaiq-benchmark-v0.1-candidate-20260716,mosaiq-benchmark,0.1.0-dev,delta_source_multilabel,0.1.0,DeLTA,clip,DeLTA_Mc317_1,DeLTA_Mc317_1,dev,,0.1.0,datasets/DeLTA/data/clips.csv,403f22a847770f4e67bbbef9d5f178c71e6dd16d84d967f6237d6c09e3e183d5
mosaiq-benchmark-v0.1-candidate-20260716,mosaiq-benchmark,0.1.0-dev,delta_source_multilabel,0.1.0,DeLTA,clip,DeLTA_cp2_1,DeLTA_cp2_1,test,,0.1.0,datasets/DeLTA/data/clips.csv,646338f04ceb628e08e12924e05a91007dd5fa8e5c48ea5610d264bce2bf976e
mosaiq-benchmark-v0.1-candidate-20260716,mosaiq-benchmark,0.1.0-dev,delta_source_multilabel,0.1.0,DeLTA,clip,DeLTA_2cv11_1,DeLTA_2cv11_1,train,,0.1.0,datasets/DeLTA/data/clips.csv,3d0ba1b4d8b547a4716029e98424be5f26206fd3ce364c4891ec7906c48b53d3
mosaiq-benchmark-v0.1-candidate-20260716,mosaiq-benchmark,0.1.0-dev,delta_source_multilabel,0.1.0,DeLTA,clip,DeLTA_CT413_1,DeLTA_CT413_1,dev,,0.1.0,datasets/DeLTA/data/clips.csv,f6db4cd925c897eee8e91c27036e9412ff3c8def4341d4545d9ca0bc434bf460
mosaiq-benchmark-v0.1-candidate-20260716,mosaiq-benchmark,0.1.0-dev,delta_source_multilabel,0.1.0,DeLTA,clip,DeLTA_Ts418_1,DeLTA_Ts418_1,test,,0.1.0,datasets/DeLTA/data/clips.csv,e2e6a3b7af6e091588566cb978fb0375561d2fe17c51f346a86f9d7a45b5dde3
mosaiq-benchmark-v0.1-candidate-20260716,mosaiq-benchmark,0.1.0-dev,delta_source_multilabel,0.1.0,DeLTA,clip,DeLTA_PL422_2,DeLTA_PL422_2,test,,0.1.0,datasets/DeLTA/data/clips.csv,fd000045142f4b6cc2581c237fe27f9b1d7e65e6eae963f70638e74b2d49060a
mosaiq-benchmark-v0.1-candidate-20260716,mosaiq-benchmark,0.1.0-dev,delta_source_multilabel,0.1.0,DeLTA,clip,DeLTA_m18_1,DeLTA_m18_1,train,,0.1.0,datasets/DeLTA/data/clips.csv,0aab9679f6adaa2743a0b91a5a3623c9177f87e89392d341e69c04197741dc64
mosaiq-benchmark-v0.1-candidate-20260716,mosaiq-benchmark,0.1.0-dev,delta_source_multilabel,0.1.0,DeLTA,clip,DeLTA_Pl205_1,DeLTA_Pl205_1,train,,0.1.0,datasets/DeLTA/data/clips.csv,599d60bf8646067317394f035a89d055a9de983b54cd06f3ca5d58135b6f3bda
mosaiq-benchmark-v0.1-candidate-20260716,mosaiq-benchmark,0.1.0-dev,delta_source_multilabel,0.1.0,DeLTA,clip,DeLTA_PL438_2,DeLTA_PL438_2,train,,0.1.0,datasets/DeLTA/data/clips.csv,956c77ee779039b243deb400922fe6a1e4df1d4206f7ce16c1a907c672b25f70
mosaiq-benchmark-v0.1-candidate-20260716,mosaiq-benchmark,0.1.0-dev,delta_source_multilabel,0.1.0,DeLTA,clip,DeLTA_sc124_2,DeLTA_sc124_2,train,,0.1.0,datasets/DeLTA/data/clips.csv,80e85fd157dc651ab9e21c63e5ea9ac440c3ff2a496d77bdbf578d3a8312103c
mosaiq-benchmark-v0.1-candidate-20260716,mosaiq-benchmark,0.1.0-dev,delta_source_multilabel,0.1.0,DeLTA,clip,DeLTA_SR226_1,DeLTA_SR226_1,train,,0.1.0,datasets/DeLTA/data/clips.csv,d6a92f509e818f775db56d52d17d1fa54a0b6033b7d9174d16cdd15a61475f5d
mosaiq-benchmark-v0.1-candidate-20260716,mosaiq-benchmark,0.1.0-dev,delta_source_multilabel,0.1.0,DeLTA,clip,DeLTA_Ts424_1,DeLTA_Ts424_1,train,,0.1.0,datasets/DeLTA/data/clips.csv,7cf3f67acb7ee82ea26029a5c9533ab83eb590332ba64b2fa53c7da07422cd6a
mosaiq-benchmark-v0.1-candidate-20260716,mosaiq-benchmark,0.1.0-dev,delta_source_multilabel,0.1.0,DeLTA,clip,DeLTA_Rs125_1,DeLTA_Rs125_1,train,,0.1.0,datasets/DeLTA/data/clips.csv,9858840d7cc57bc855b87d80cdf64b6c9d1dc1cb5a1cada97bcc644c7815f593
mosaiq-benchmark-v0.1-candidate-20260716,mosaiq-benchmark,0.1.0-dev,delta_source_multilabel,0.1.0,DeLTA,clip,DeLTA_SM303_2,DeLTA_SM303_2,dev,,0.1.0,datasets/DeLTA/data/clips.csv,87b8980783c16a97ce90a601fd49343262d70990d5e545540e1e9389321a511b
mosaiq-benchmark-v0.1-candidate-20260716,mosaiq-benchmark,0.1.0-dev,delta_source_multilabel,0.1.0,DeLTA,clip,DeLTA_TS525_2,DeLTA_TS525_2,train,,0.1.0,datasets/DeLTA/data/clips.csv,81efa55f5ee2bf1597e1f3f72fae18d8106326a8f63b55551f7e60ede9ca91c8
mosaiq-benchmark-v0.1-candidate-20260716,mosaiq-benchmark,0.1.0-dev,delta_source_multilabel,0.1.0,DeLTA,clip,DeLTA_ts320_2,DeLTA_ts320_2,dev,,0.1.0,datasets/DeLTA/data/clips.csv,6592974d1929eddab81fab2ad2cd497c07759fa533ea1afb186c9e3de961fc04
mosaiq-benchmark-v0.1-candidate-20260716,mosaiq-benchmark,0.1.0-dev,delta_source_multilabel,0.1.0,DeLTA,clip,DeLTA_Rs230_1,DeLTA_Rs230_1,train,,0.1.0,datasets/DeLTA/data/clips.csv,06370c7609b1a1fd7c6ed5a9b56187aa0b2b71d064b73d522913c6a9cc2e7438
mosaiq-benchmark-v0.1-candidate-20260716,mosaiq-benchmark,0.1.0-dev,delta_source_multilabel,0.1.0,DeLTA,clip,DeLTA_cp00_2,DeLTA_cp00_2,train,,0.1.0,datasets/DeLTA/data/clips.csv,57e37b865d24ab340b4f279285f34a7acfaf9ed164273d66f0eb92ce40f84b6d
mosaiq-benchmark-v0.1-candidate-20260716,mosaiq-benchmark,0.1.0-dev,delta_source_multilabel,0.1.0,DeLTA,clip,DeLTA_RS416_2,DeLTA_RS416_2,dev,,0.1.0,datasets/DeLTA/data/clips.csv,2297d26e0a3d4828f5ec44d875831a5e5d145b1398c25099a60cff155718f081
mosaiq-benchmark-v0.1-candidate-20260716,mosaiq-benchmark,0.1.0-dev,delta_source_multilabel,0.1.0,DeLTA,clip,DeLTA_Ts407_1,DeLTA_Ts407_1,train,,0.1.0,datasets/DeLTA/data/clips.csv,4afa607720836699f2f2ac2566fbc06639b2c724aaec54cba7594515522926b6
mosaiq-benchmark-v0.1-candidate-20260716,mosaiq-benchmark,0.1.0-dev,delta_source_multilabel,0.1.0,DeLTA,clip,DeLTA_Rs315_1,DeLTA_Rs315_1,train,,0.1.0,datasets/DeLTA/data/clips.csv,b2bbc59da7049ef03773bd2604dd4ba551db129839af1c8522062644031dc7b5
mosaiq-benchmark-v0.1-candidate-20260716,mosaiq-benchmark,0.1.0-dev,delta_source_multilabel,0.1.0,DeLTA,clip,DeLTA_CT107_1,DeLTA_CT107_1,train,,0.1.0,datasets/DeLTA/data/clips.csv,ab1c1d4dd7db542dac4397ef34e26984933c6d16b5476f74907a7b1d5914b0b5
mosaiq-benchmark-v0.1-candidate-20260716,mosaiq-benchmark,0.1.0-dev,delta_source_multilabel,0.1.0,DeLTA,clip,DeLTA_Mc104_1,DeLTA_Mc104_1,train,,0.1.0,datasets/DeLTA/data/clips.csv,b9c48af527fc15952ae03b3dc503a877260d426058ddfd815aeafedaf72a7298
mosaiq-benchmark-v0.1-candidate-20260716,mosaiq-benchmark,0.1.0-dev,delta_source_multilabel,0.1.0,DeLTA,clip,DeLTA_Rf206_2,DeLTA_Rf206_2,train,,0.1.0,datasets/DeLTA/data/clips.csv,6bac6b101087020294a0085f08c930157b291d2cb463afa5c459945cd32206bb
mosaiq-benchmark-v0.1-candidate-20260716,mosaiq-benchmark,0.1.0-dev,delta_source_multilabel,0.1.0,DeLTA,clip,DeLTA_tm231_2,DeLTA_tm231_2,train,,0.1.0,datasets/DeLTA/data/clips.csv,db1b34afc719a5446a68d43964941b1ffd663507518002444884de3511ddaeae
mosaiq-benchmark-v0.1-candidate-20260716,mosaiq-benchmark,0.1.0-dev,delta_source_multilabel,0.1.0,DeLTA,clip,DeLTA_MG118_1,DeLTA_MG118_1,dev,,0.1.0,datasets/DeLTA/data/clips.csv,2509c220f4ad01c6db73742db4b43c86004050b78aca7d815e2a648e1668896d
mosaiq-benchmark-v0.1-candidate-20260716,mosaiq-benchmark,0.1.0-dev,delta_source_multilabel,0.1.0,DeLTA,clip,DeLTA_Rs330_2,DeLTA_Rs330_2,train,,0.1.0,datasets/DeLTA/data/clips.csv,0d3d6429789c8e7574b440614c2d08ee0a9ce1fc71e36484df192d131a2ea2cb
mosaiq-benchmark-v0.1-candidate-20260716,mosaiq-benchmark,0.1.0-dev,delta_source_multilabel,0.1.0,DeLTA,clip,DeLTA_RS438_1,DeLTA_RS438_1,train,,0.1.0,datasets/DeLTA/data/clips.csv,c61d285f04c27d363f7e0351c4f4ea7d5cbceeb67e604fe207ade1c04186a08d
mosaiq-benchmark-v0.1-candidate-20260716,mosaiq-benchmark,0.1.0-dev,delta_source_multilabel,0.1.0,DeLTA,clip,DeLTA_m213_1,DeLTA_m213_1,train,,0.1.0,datasets/DeLTA/data/clips.csv,c682e4a7616c9b4d47d46660f4bfa479459188c711c5fc8f799ca68d71ba5b9f
mosaiq-benchmark-v0.1-candidate-20260716,mosaiq-benchmark,0.1.0-dev,delta_source_multilabel,0.1.0,DeLTA,clip,DeLTA_Mc109_1,DeLTA_Mc109_1,train,,0.1.0,datasets/DeLTA/data/clips.csv,6544dd69aaa663f9f9848cac16fa9fa34bf2ed3ba789f0b7172c3da7d80ead46
mosaiq-benchmark-v0.1-candidate-20260716,mosaiq-benchmark,0.1.0-dev,delta_source_multilabel,0.1.0,DeLTA,clip,DeLTA_Mc308_1,DeLTA_Mc308_1,train,,0.1.0,datasets/DeLTA/data/clips.csv,28f64a0503655191c2d226cee6bd198c5739aace9da23c747d0b3574b9241357
mosaiq-benchmark-v0.1-candidate-20260716,mosaiq-benchmark,0.1.0-dev,delta_source_multilabel,0.1.0,DeLTA,clip,DeLTA_Ts408_1,DeLTA_Ts408_1,test,,0.1.0,datasets/DeLTA/data/clips.csv,3269a62aaf50d4b4f7c961a9ab3215f98772c1eaa905a3c43a2195e026bf925f
mosaiq-benchmark-v0.1-candidate-20260716,mosaiq-benchmark,0.1.0-dev,delta_source_multilabel,0.1.0,DeLTA,clip,DeLTA_ts203_2,DeLTA_ts203_2,train,,0.1.0,datasets/DeLTA/data/clips.csv,a2759dd5cc6fc43b6c52fad918cc86cf88546aebd6e59caa71566a76d446c446
mosaiq-benchmark-v0.1-candidate-20260716,mosaiq-benchmark,0.1.0-dev,delta_source_multilabel,0.1.0,DeLTA,clip,DeLTA_CT309_2,DeLTA_CT309_2,train,,0.1.0,datasets/DeLTA/data/clips.csv,901afd75f711791485fefd5a5b48f956bcf5dfa387c5f5176de6b1bfcc5e5457
mosaiq-benchmark-v0.1-candidate-20260716,mosaiq-benchmark,0.1.0-dev,delta_source_multilabel,0.1.0,DeLTA,clip,DeLTA_RP303_1,DeLTA_RP303_1,train,,0.1.0,datasets/DeLTA/data/clips.csv,a97cf42e3ab9f0197c331903ff5bebba3cee979e03839f4bc7d99af309d5da61
mosaiq-benchmark-v0.1-candidate-20260716,mosaiq-benchmark,0.1.0-dev,delta_source_multilabel,0.1.0,DeLTA,clip,DeLTA_CT517_3,DeLTA_CT517_3,train,,0.1.0,datasets/DeLTA/data/clips.csv,083f2d537227453a8b887b0cbc1e64a4e4e6d6fe806b9460c6f2a1a7763f0365
mosaiq-benchmark-v0.1-candidate-20260716,mosaiq-benchmark,0.1.0-dev,delta_source_multilabel,0.1.0,DeLTA,clip,DeLTA_Rf131_1,DeLTA_Rf131_1,train,,0.1.0,datasets/DeLTA/data/clips.csv,db0188a50614641dbd1307f8027d6220bc9a9423f9a7dd0e7024455841fab44f
mosaiq-benchmark-v0.1-candidate-20260716,mosaiq-benchmark,0.1.0-dev,delta_source_multilabel,0.1.0,DeLTA,clip,DeLTA_PL414_2,DeLTA_PL414_2,train,,0.1.0,datasets/DeLTA/data/clips.csv,5b5d9051df94a32787c92dd39fd4f8c5f730a77bd415d3fbcba0ed6200025963
mosaiq-benchmark-v0.1-candidate-20260716,mosaiq-benchmark,0.1.0-dev,delta_source_multilabel,0.1.0,DeLTA,clip,DeLTA_RF312_2,DeLTA_RF312_2,train,,0.1.0,datasets/DeLTA/data/clips.csv,e9e96d3c4bed4039ee499f0ef1fc71ccbe1707e3291b92a5182cd330efd659ac
mosaiq-benchmark-v0.1-candidate-20260716,mosaiq-benchmark,0.1.0-dev,delta_source_multilabel,0.1.0,DeLTA,clip,DeLTA_CT109_2,DeLTA_CT109_2,train,,0.1.0,datasets/DeLTA/data/clips.csv,70366ffeac35744d252fcae16906d230105be369fa4d237f9ae0d2932c1ccdfc
mosaiq-benchmark-v0.1-candidate-20260716,mosaiq-benchmark,0.1.0-dev,delta_source_multilabel,0.1.0,DeLTA,clip,DeLTA_tm319_1,DeLTA_tm319_1,train,,0.1.0,datasets/DeLTA/data/clips.csv,93f75999126276d92896d1fb645c5f3107f0e5676524ba68cbb715a8caea6b9b
mosaiq-benchmark-v0.1-candidate-20260716,mosaiq-benchmark,0.1.0-dev,delta_source_multilabel,0.1.0,DeLTA,clip,DeLTA_TS511_1,DeLTA_TS511_1,test,,0.1.0,datasets/DeLTA/data/clips.csv,1e5bfa0783eb43ee9fd2766d37bf290d515d9c0eeb84e8ff15f4d757f29e7f9f
mosaiq-benchmark-v0.1-candidate-20260716,mosaiq-benchmark,0.1.0-dev,delta_source_multilabel,0.1.0,DeLTA,clip,DeLTA_Mc330_2,DeLTA_Mc330_2,train,,0.1.0,datasets/DeLTA/data/clips.csv,b6f43cf823c50abe074d2e1855f55b4ca98ab9bffee0c2e57be19346ae384dad
mosaiq-benchmark-v0.1-candidate-20260716,mosaiq-benchmark,0.1.0-dev,delta_source_multilabel,0.1.0,DeLTA,clip,DeLTA_Mc336_1,DeLTA_Mc336_1,dev,,0.1.0,datasets/DeLTA/data/clips.csv,691e4a70fd851d88fbb668854f57c7de64dbd0a1335fc2b3841cd6c7a7b50b71
mosaiq-benchmark-v0.1-candidate-20260716,mosaiq-benchmark,0.1.0-dev,delta_source_multilabel,0.1.0,DeLTA,clip,DeLTA_Rp120_1,DeLTA_Rp120_1,train,,0.1.0,datasets/DeLTA/data/clips.csv,275dfe05ccd3a62d2a20dd22b4d12dbf33027d2445a67597b2d794c3f0fed80e
mosaiq-benchmark-v0.1-candidate-20260716,mosaiq-benchmark,0.1.0-dev,delta_source_multilabel,0.1.0,DeLTA,clip,DeLTA_ts205_1,DeLTA_ts205_1,test,,0.1.0,datasets/DeLTA/data/clips.csv,197bbc667ae310e70725313abce4f9ced6fa72ebf2a171bb7deaa596f781f670
mosaiq-benchmark-v0.1-candidate-20260716,mosaiq-benchmark,0.1.0-dev,delta_source_multilabel,0.1.0,DeLTA,clip,DeLTA_RF326_1,DeLTA_RF326_1,test,,0.1.0,datasets/DeLTA/data/clips.csv,b8dc2bb6c61c5c1eb87ff5389078b0fc4289ea2bdc607781b28dc6c594330edd
mosaiq-benchmark-v0.1-candidate-20260716,mosaiq-benchmark,0.1.0-dev,delta_source_multilabel,0.1.0,DeLTA,clip,DeLTA_PL201_2,DeLTA_PL201_2,dev,,0.1.0,datasets/DeLTA/data/clips.csv,8f23ea262b3f015e6e156860d1ba1bdbc1f7f9251456875ace8a3c8f182902b1
mosaiq-benchmark-v0.1-candidate-20260716,mosaiq-benchmark,0.1.0-dev,delta_source_multilabel,0.1.0,DeLTA,clip,DeLTA_ML131_7,DeLTA_ML131_7,test,,0.1.0,datasets/DeLTA/data/clips.csv,2fa29364e8924f0678e043b4f6abf9c4ebc077b8874ad4376f2dbb9304809a52
mosaiq-benchmark-v0.1-candidate-20260716,mosaiq-benchmark,0.1.0-dev,delta_source_multilabel,0.1.0,DeLTA,clip,DeLTA_RF320_1,DeLTA_RF320_1,dev,,0.1.0,datasets/DeLTA/data/clips.csv,38916f2eea612a95a947e22038b48a9decef06e39173215132e36dd290bbb983
mosaiq-benchmark-v0.1-candidate-20260716,mosaiq-benchmark,0.1.0-dev,delta_source_multilabel,0.1.0,DeLTA,clip,DeLTA_SR205_2,DeLTA_SR205_2,train,,0.1.0,datasets/DeLTA/data/clips.csv,60ebc3e1d687e88c37e14cf906781a10502376cd7c64607d22fb3e6fa85170f8
mosaiq-benchmark-v0.1-candidate-20260716,mosaiq-benchmark,0.1.0-dev,delta_source_multilabel,0.1.0,DeLTA,clip,DeLTA_Mc311_1,DeLTA_Mc311_1,train,,0.1.0,datasets/DeLTA/data/clips.csv,c02834e6297f51560305003cef4778aaac5a4ac4d99ca56014a4831261df6099
mosaiq-benchmark-v0.1-candidate-20260716,mosaiq-benchmark,0.1.0-dev,delta_source_multilabel,0.1.0,DeLTA,clip,DeLTA_Mc407_1,DeLTA_Mc407_1,dev,,0.1.0,datasets/DeLTA/data/clips.csv,0e028993b2cbb2f3fd73c91862de42eee229bfd56fc56befe3dfd539a49c07fd
mosaiq-benchmark-v0.1-candidate-20260716,mosaiq-benchmark,0.1.0-dev,delta_source_multilabel,0.1.0,DeLTA,clip,DeLTA_MC536_2,DeLTA_MC536_2,train,,0.1.0,datasets/DeLTA/data/clips.csv,07b3e4c52949da4f57ae408b361e1f4aba054e372d217885c71e4b58697e1887
mosaiq-benchmark-v0.1-candidate-20260716,mosaiq-benchmark,0.1.0-dev,delta_source_multilabel,0.1.0,DeLTA,clip,DeLTA_sr130_1,DeLTA_sr130_1,dev,,0.1.0,datasets/DeLTA/data/clips.csv,787b224dd24210ff0b681912532151ee469285f2dfbe6dd0e70258932586b7bd
mosaiq-benchmark-v0.1-candidate-20260716,mosaiq-benchmark,0.1.0-dev,delta_source_multilabel,0.1.0,DeLTA,clip,DeLTA_2cv22_2,DeLTA_2cv22_2,train,,0.1.0,datasets/DeLTA/data/clips.csv,dec44719f14328b629af4085ef088b4402a9fc37f018b13a9a33a556b90a0017
mosaiq-benchmark-v0.1-candidate-20260716,mosaiq-benchmark,0.1.0-dev,delta_source_multilabel,0.1.0,DeLTA,clip,DeLTA_MC516_2,DeLTA_MC516_2,train,,0.1.0,datasets/DeLTA/data/clips.csv,9c949e208747f7657f39ed525611121410cd1377dd6868c66df2f7692d98482c
mosaiq-benchmark-v0.1-candidate-20260716,mosaiq-benchmark,0.1.0-dev,delta_source_multilabel,0.1.0,DeLTA,clip,DeLTA_RS439_1,DeLTA_RS439_1,train,,0.1.0,datasets/DeLTA/data/clips.csv,44b11fb936c3794ac113fb93f9f2b3bd4c28ea9466c6b816600b075ccfd5c36f
mosaiq-benchmark-v0.1-candidate-20260716,mosaiq-benchmark,0.1.0-dev,delta_source_multilabel,0.1.0,DeLTA,clip,DeLTA_ML111_6,DeLTA_ML111_6,test,,0.1.0,datasets/DeLTA/data/clips.csv,f5f631531949119790a4c809140a68f63495894cb81b8451a680633cd117766d
mosaiq-benchmark-v0.1-candidate-20260716,mosaiq-benchmark,0.1.0-dev,delta_source_multilabel,0.1.0,DeLTA,clip,DeLTA_MG208_2,DeLTA_MG208_2,train,,0.1.0,datasets/DeLTA/data/clips.csv,2beb210aa29976cf42c147eaf99f0d9397dc77b02d765a0ecb9b0a77ebc9fef8
mosaiq-benchmark-v0.1-candidate-20260716,mosaiq-benchmark,0.1.0-dev,delta_source_multilabel,0.1.0,DeLTA,clip,DeLTA_MC535_2,DeLTA_MC535_2,train,,0.1.0,datasets/DeLTA/data/clips.csv,a1077b5b36f97712e9d0fa3da93654648605e5669d1af1d7cda69001c7329d1a
mosaiq-benchmark-v0.1-candidate-20260716,mosaiq-benchmark,0.1.0-dev,delta_source_multilabel,0.1.0,DeLTA,clip,DeLTA_SM307_1,DeLTA_SM307_1,test,,0.1.0,datasets/DeLTA/data/clips.csv,0aad15fcde070babe4b5b50a4800da0e896dfef20e1315ec087cdd77c7469937
mosaiq-benchmark-v0.1-candidate-20260716,mosaiq-benchmark,0.1.0-dev,delta_source_multilabel,0.1.0,DeLTA,clip,DeLTA_RF330_2,DeLTA_RF330_2,test,,0.1.0,datasets/DeLTA/data/clips.csv,c0327e3425be4b4629c4291c0310f4cd319a69085417028b7caa3b03a1633938
mosaiq-benchmark-v0.1-candidate-20260716,mosaiq-benchmark,0.1.0-dev,delta_source_multilabel,0.1.0,DeLTA,clip,DeLTA_SM409_2,DeLTA_SM409_2,test,,0.1.0,datasets/DeLTA/data/clips.csv,25e2eda9fdf414b511362df58fbda377cf863c3c763574fdf014ce01117a3fd9
mosaiq-benchmark-v0.1-candidate-20260716,mosaiq-benchmark,0.1.0-dev,delta_source_multilabel,0.1.0,DeLTA,clip,DeLTA_RP330_2,DeLTA_RP330_2,train,,0.1.0,datasets/DeLTA/data/clips.csv,de44662acb5d4bbb7da83948b9a7339600207b1491db588b29501950cbd11220
mosaiq-benchmark-v0.1-candidate-20260716,mosaiq-benchmark,0.1.0-dev,delta_source_multilabel,0.1.0,DeLTA,clip,DeLTA_Rs317_1,DeLTA_Rs317_1,train,,0.1.0,datasets/DeLTA/data/clips.csv,36639cd4fcdb1592f74e7a6b8a2b09951317125ef5f15bb911d83cbd5186fd2d
mosaiq-benchmark-v0.1-candidate-20260716,mosaiq-benchmark,0.1.0-dev,delta_source_multilabel,0.1.0,DeLTA,clip,DeLTA_TM441_1,DeLTA_TM441_1,test,,0.1.0,datasets/DeLTA/data/clips.csv,594f0e3dd0a2b3cae3ac93eee12dec0cc27e8c0e27c31e4ad09c9e1eda646de1
mosaiq-benchmark-v0.1-candidate-20260716,mosaiq-benchmark,0.1.0-dev,delta_source_multilabel,0.1.0,DeLTA,clip,DeLTA_ts205_2,DeLTA_ts205_2,train,,0.1.0,datasets/DeLTA/data/clips.csv,949b9adeae38a748b6f43902e0974a76c8b7775332fbe529a8b8ac1cd16f8b94
mosaiq-benchmark-v0.1-candidate-20260716,mosaiq-benchmark,0.1.0-dev,delta_source_multilabel,0.1.0,DeLTA,clip,DeLTA_Rf212_2,DeLTA_Rf212_2,train,,0.1.0,datasets/DeLTA/data/clips.csv,9e8f849ed4f08c4c80d313b1cad4bbaa9ccb4a5298b73727028cd2cf4e539f63
mosaiq-benchmark-v0.1-candidate-20260716,mosaiq-benchmark,0.1.0-dev,delta_source_multilabel,0.1.0,DeLTA,clip,DeLTA_Mc112_2,DeLTA_Mc112_2,test,,0.1.0,datasets/DeLTA/data/clips.csv,9e21a24f8fa74f01ab131534e5423ab077a9b8d9b3e46bcde5b7da57879afca2
mosaiq-benchmark-v0.1-candidate-20260716,mosaiq-benchmark,0.1.0-dev,delta_source_multilabel,0.1.0,DeLTA,clip,DeLTA_Mc119_2,DeLTA_Mc119_2,train,,0.1.0,datasets/DeLTA/data/clips.csv,5a9d3fafc48d6e1c333ab863ba7b1e6faf57c8f40780a603feaf7a3acf2a1167
mosaiq-benchmark-v0.1-candidate-20260716,mosaiq-benchmark,0.1.0-dev,delta_source_multilabel,0.1.0,DeLTA,clip,DeLTA_Rp136_1,DeLTA_Rp136_1,train,,0.1.0,datasets/DeLTA/data/clips.csv,846c59580578c3c51e8e101e4f5943b185923f8dccb03eed14c9fcec7b315844
mosaiq-benchmark-v0.1-candidate-20260716,mosaiq-benchmark,0.1.0-dev,delta_source_multilabel,0.1.0,DeLTA,clip,DeLTA_sc111_1,DeLTA_sc111_1,train,,0.1.0,datasets/DeLTA/data/clips.csv,a61c2dddbf58e1121653e1e1c5c9b579b5c5fd50eef98188461dbd26cef77c40
mosaiq-benchmark-v0.1-candidate-20260716,mosaiq-benchmark,0.1.0-dev,delta_source_multilabel,0.1.0,DeLTA,clip,DeLTA_Ts415_1,DeLTA_Ts415_1,train,,0.1.0,datasets/DeLTA/data/clips.csv,ed60e507bb7c409fae01ab17698fb8a2d37e9e15d513df84e2cc2cc2be04edb3
mosaiq-benchmark-v0.1-candidate-20260716,mosaiq-benchmark,0.1.0-dev,delta_source_multilabel,0.1.0,DeLTA,clip,DeLTA_cv43_1,DeLTA_cv43_1,train,,0.1.0,datasets/DeLTA/data/clips.csv,d0c169a19a520d0d6cb2a0cc677cc385199affddab36a7761dff5be876af341a
mosaiq-benchmark-v0.1-candidate-20260716,mosaiq-benchmark,0.1.0-dev,delta_source_multilabel,0.1.0,DeLTA,clip,DeLTA_NP140_1,DeLTA_NP140_1,train,,0.1.0,datasets/DeLTA/data/clips.csv,68162de836dd0977e88f66f90bbb7206d1cb41df116163ec0ca9681ff59253c2
mosaiq-benchmark-v0.1-candidate-20260716,mosaiq-benchmark,0.1.0-dev,delta_source_multilabel,0.1.0,DeLTA,clip,DeLTA_SM304_1,DeLTA_SM304_1,train,,0.1.0,datasets/DeLTA/data/clips.csv,f5d93a336533f82de49683ea52a0de2f10bd675f2b4d3a30932268cc1ec58049
mosaiq-benchmark-v0.1-candidate-20260716,mosaiq-benchmark,0.1.0-dev,delta_source_multilabel,0.1.0,DeLTA,clip,DeLTA_RS419_2,DeLTA_RS419_2,train,,0.1.0,datasets/DeLTA/data/clips.csv,d3d7a9733b3946723cb0004fb9ce022524b528b382c3ca26ec6fe61deca74650
mosaiq-benchmark-v0.1-candidate-20260716,mosaiq-benchmark,0.1.0-dev,delta_source_multilabel,0.1.0,DeLTA,clip,DeLTA_Rp104_2,DeLTA_Rp104_2,dev,,0.1.0,datasets/DeLTA/data/clips.csv,e051bef4a0af782e8d2fc1720a5fb3bb7d369f7a6139628d334e7f8598cb1983
mosaiq-benchmark-v0.1-candidate-20260716,mosaiq-benchmark,0.1.0-dev,delta_source_multilabel,0.1.0,DeLTA,clip,DeLTA_RF341_2,DeLTA_RF341_2,dev,,0.1.0,datasets/DeLTA/data/clips.csv,5d8e0c8d2acae0177c93fc009e1f9fdc9bc32625334f0f82c6f4a223d29c6b77
mosaiq-benchmark-v0.1-candidate-20260716,mosaiq-benchmark,0.1.0-dev,delta_source_multilabel,0.1.0,DeLTA,clip,DeLTA_ts318_1,DeLTA_ts318_1,train,,0.1.0,datasets/DeLTA/data/clips.csv,47bb471f17b13d5b0b881f6118b88444e2e0e66ba0f219f343368e0064a82ec9
mosaiq-benchmark-v0.1-candidate-20260716,mosaiq-benchmark,0.1.0-dev,delta_source_multilabel,0.1.0,DeLTA,clip,DeLTA_Mc414_1,DeLTA_Mc414_1,train,,0.1.0,datasets/DeLTA/data/clips.csv,d00924d3168d946b1a57b30877cae4b6384517193dfddf540a6ca73f0d84c0a8
mosaiq-benchmark-v0.1-candidate-20260716,mosaiq-benchmark,0.1.0-dev,delta_source_multilabel,0.1.0,DeLTA,clip,DeLTA_ts231_1,DeLTA_ts231_1,train,,0.1.0,datasets/DeLTA/data/clips.csv,36762bbe271e986144ed9391b51f917819a06c9effaa042890138ca84d40fb4b
mosaiq-benchmark-v0.1-candidate-20260716,mosaiq-benchmark,0.1.0-dev,delta_source_multilabel,0.1.0,DeLTA,clip,DeLTA_RF336_1,DeLTA_RF336_1,train,,0.1.0,datasets/DeLTA/data/clips.csv,8fc9c8eafe9b44dbababa74e5d321c32579a14d637127f32f78f8645ec712b17
mosaiq-benchmark-v0.1-candidate-20260716,mosaiq-benchmark,0.1.0-dev,delta_source_multilabel,0.1.0,DeLTA,clip,DeLTA_2cv61_2,DeLTA_2cv61_2,train,,0.1.0,datasets/DeLTA/data/clips.csv,e2284e61af564bf8e3c713e47f732bcc0a7bc3e52fb79f4382c8c1a56bbf434c
mosaiq-benchmark-v0.1-candidate-20260716,mosaiq-benchmark,0.1.0-dev,delta_source_multilabel,0.1.0,DeLTA,clip,DeLTA_CT501_2,DeLTA_CT501_2,test,,0.1.0,datasets/DeLTA/data/clips.csv,df1b347400ae51881f1dd580c6aa18f98ac03e2f7619caa77f0d158c0a939728
mosaiq-benchmark-v0.1-candidate-20260716,mosaiq-benchmark,0.1.0-dev,delta_source_multilabel,0.1.0,DeLTA,clip,DeLTA_MC504_1,DeLTA_MC504_1,train,,0.1.0,datasets/DeLTA/data/clips.csv,2a46d33f2d8b8f958203431b75f07b2602774d7ec7a9621fadee7cec317ab4f6
mosaiq-benchmark-v0.1-candidate-20260716,mosaiq-benchmark,0.1.0-dev,delta_source_multilabel,0.1.0,DeLTA,clip,DeLTA_Rf221_3,DeLTA_Rf221_3,train,,0.1.0,datasets/DeLTA/data/clips.csv,8ae1663a699d40ff31de607ed8a1651707bbc92890eb15d1c782052616a47531
mosaiq-benchmark-v0.1-candidate-20260716,mosaiq-benchmark,0.1.0-dev,delta_source_multilabel,0.1.0,DeLTA,clip,DeLTA_SM411_1,DeLTA_SM411_1,train,,0.1.0,datasets/DeLTA/data/clips.csv,8e579ef7fac2cd8fbe524a93880f0a7744c686f8656a3e661f88207a9025fc92
mosaiq-benchmark-v0.1-candidate-20260716,mosaiq-benchmark,0.1.0-dev,delta_source_multilabel,0.1.0,DeLTA,clip,DeLTA_bib2_2,DeLTA_bib2_2,dev,,0.1.0,datasets/DeLTA/data/clips.csv,5806279a8ea3a7b2c7643943cf6182a0b29c4082767b9b70091cdc1290f02274
mosaiq-benchmark-v0.1-candidate-20260716,mosaiq-benchmark,0.1.0-dev,delta_source_multilabel,0.1.0,DeLTA,clip,DeLTA_m212_1,DeLTA_m212_1,test,,0.1.0,datasets/DeLTA/data/clips.csv,41ce654813563946ab1579c0a0f5a1d9d750afbc0eb24fe02e7b44f8045edc52
mosaiq-benchmark-v0.1-candidate-20260716,mosaiq-benchmark,0.1.0-dev,delta_source_multilabel,0.1.0,DeLTA,clip,DeLTA_CT405_2,DeLTA_CT405_2,dev,,0.1.0,datasets/DeLTA/data/clips.csv,f40f8acf42970b263909d2bd6a92875d68afd0b2b0049f195924c01cbbcb30ae
mosaiq-benchmark-v0.1-candidate-20260716,mosaiq-benchmark,0.1.0-dev,delta_source_multilabel,0.1.0,DeLTA,clip,DeLTA_Rs222_1,DeLTA_Rs222_1,train,,0.1.0,datasets/DeLTA/data/clips.csv,aa19d5b94e7601cf6123e8bc1726ecd0b63c4930add41eb0bd123d38eaee158d
mosaiq-benchmark-v0.1-candidate-20260716,mosaiq-benchmark,0.1.0-dev,delta_source_multilabel,0.1.0,DeLTA,clip,DeLTA_CT527_2,DeLTA_CT527_2,test,,0.1.0,datasets/DeLTA/data/clips.csv,636b0d6435945d6baa8750146f4cc6e7ffa6ee272a5b628d14289ee337c0da97
mosaiq-benchmark-v0.1-candidate-20260716,mosaiq-benchmark,0.1.0-dev,delta_source_multilabel,0.1.0,DeLTA,clip,DeLTA_Mc127_2,DeLTA_Mc127_2,train,,0.1.0,datasets/DeLTA/data/clips.csv,7c565b06d59b639177c6adf773b9d6c8911cfb2c32cca524aa3f4874952f8ce0
mosaiq-benchmark-v0.1-candidate-20260716,mosaiq-benchmark,0.1.0-dev,delta_source_multilabel,0.1.0,DeLTA,clip,DeLTA_st106_1,DeLTA_st106_1,test,,0.1.0,datasets/DeLTA/data/clips.csv,0a82fe3710cbde6f45286aa2e6859bb199396b404e72839f3d89f61b4e86a60f
mosaiq-benchmark-v0.1-candidate-20260716,mosaiq-benchmark,0.1.0-dev,delta_source_multilabel,0.1.0,DeLTA,clip,DeLTA_PL429_1,DeLTA_PL429_1,train,,0.1.0,datasets/DeLTA/data/clips.csv,8cf68b9f4e62fd0800e0949a28d0072e4edf9f3b8676158cc3525d13577c4bc7
mosaiq-benchmark-v0.1-candidate-20260716,mosaiq-benchmark,0.1.0-dev,delta_source_multilabel,0.1.0,DeLTA,clip,DeLTA_Rp127_1,DeLTA_Rp127_1,train,,0.1.0,datasets/DeLTA/data/clips.csv,91a76c639865ac0f2912e0497b533e4d9dd3126fbdb8c7f9d1638485f2fa91cd
mosaiq-benchmark-v0.1-candidate-20260716,mosaiq-benchmark,0.1.0-dev,delta_source_multilabel,0.1.0,DeLTA,clip,DeLTA_RS404_2,DeLTA_RS404_2,dev,,0.1.0,datasets/DeLTA/data/clips.csv,57c4c888c2422295046e1d05e4aae6be0be5eac5f7d04fefc42c0dc58dcbbb3e
mosaiq-benchmark-v0.1-candidate-20260716,mosaiq-benchmark,0.1.0-dev,delta_source_multilabel,0.1.0,DeLTA,clip,DeLTA_Rf207_2,DeLTA_Rf207_2,train,,0.1.0,datasets/DeLTA/data/clips.csv,d16dfc59dadcd2dcf2cb5c139df5cad432de142e6e1ea79da2857f0c83cafc4b
mosaiq-benchmark-v0.1-candidate-20260716,mosaiq-benchmark,0.1.0-dev,delta_source_multilabel,0.1.0,DeLTA,clip,DeLTA_RS432_2,DeLTA_RS432_2,test,,0.1.0,datasets/DeLTA/data/clips.csv,f707947d1699b68d9c77a6ee1134baa655bd47bd7d74a5dbb4217410935805ce
mosaiq-benchmark-v0.1-candidate-20260716,mosaiq-benchmark,0.1.0-dev,delta_source_multilabel,0.1.0,DeLTA,clip,DeLTA_Mc409_1,DeLTA_Mc409_1,test,,0.1.0,datasets/DeLTA/data/clips.csv,250c430d1719afce128afed84491420df09e42db1c61e8f29745a1175dfa2292
mosaiq-benchmark-v0.1-candidate-20260716,mosaiq-benchmark,0.1.0-dev,delta_source_multilabel,0.1.0,DeLTA,clip,DeLTA_CT523_2,DeLTA_CT523_2,train,,0.1.0,datasets/DeLTA/data/clips.csv,7b2057e7de05399e51583c9b23de9b2ffe0ac1d834b6b0fcd6517c20f4263a77
mosaiq-benchmark-v0.1-candidate-20260716,mosaiq-benchmark,0.1.0-dev,delta_source_multilabel,0.1.0,DeLTA,clip,DeLTA_TS514_2,DeLTA_TS514_2,train,,0.1.0,datasets/DeLTA/data/clips.csv,a49955c7d174574771f48748b35846bcee58f0c64e8ac818bd6d23769297e2d3
mosaiq-benchmark-v0.1-candidate-20260716,mosaiq-benchmark,0.1.0-dev,delta_source_multilabel,0.1.0,DeLTA,clip,DeLTA_TM421_2,DeLTA_TM421_2,train,,0.1.0,datasets/DeLTA/data/clips.csv,2ebebbf831fb7d4044bbce9c87c283e3cfe1821cae9bb1e7274a400c7bc82230
mosaiq-benchmark-v0.1-candidate-20260716,mosaiq-benchmark,0.1.0-dev,delta_source_multilabel,0.1.0,DeLTA,clip,DeLTA_Rs311_2,DeLTA_Rs311_2,train,,0.1.0,datasets/DeLTA/data/clips.csv,72f9d4899429d62b0f7b8a85ad794ceb35662b62f9b69292110cb3f5d452e106
mosaiq-benchmark-v0.1-candidate-20260716,mosaiq-benchmark,0.1.0-dev,delta_source_multilabel,0.1.0,DeLTA,clip,DeLTA_sc125_1,DeLTA_sc125_1,dev,,0.1.0,datasets/DeLTA/data/clips.csv,4451bfd1d55e734eafc04dab45421ca0b0324be0397f7f82832a7581796e3025
mosaiq-benchmark-v0.1-candidate-20260716,mosaiq-benchmark,0.1.0-dev,delta_source_multilabel,0.1.0,DeLTA,clip,DeLTA_Rf216_1,DeLTA_Rf216_1,dev,,0.1.0,datasets/DeLTA/data/clips.csv,867dd1441ca0a18a79626409da2efd034789975f230e631acefc3e343279b922
mosaiq-benchmark-v0.1-candidate-20260716,mosaiq-benchmark,0.1.0-dev,delta_source_multilabel,0.1.0,DeLTA,clip,DeLTA_ML205_2,DeLTA_ML205_2,test,,0.1.0,datasets/DeLTA/data/clips.csv,083eecd3af084eb56a83d3300bc9e2e8d544ccc232cbb4d1870eb81b38c9b37f
mosaiq-benchmark-v0.1-candidate-20260716,mosaiq-benchmark,0.1.0-dev,delta_source_multilabel,0.1.0,DeLTA,clip,DeLTA_PL418_2,DeLTA_PL418_2,train,,0.1.0,datasets/DeLTA/data/clips.csv,22b5e80945678b16ab1112d518b0676a7de394bebbb151fafca55c6e80814771
mosaiq-benchmark-v0.1-candidate-20260716,mosaiq-benchmark,0.1.0-dev,delta_source_multilabel,0.1.0,DeLTA,clip,DeLTA_ET411_2,DeLTA_ET411_2,dev,,0.1.0,datasets/DeLTA/data/clips.csv,288ae58ece1dfea5aa536ab82c862e1f47d9d15e9cb30ba741b07fa48100d031
mosaiq-benchmark-v0.1-candidate-20260716,mosaiq-benchmark,0.1.0-dev,delta_source_multilabel,0.1.0,DeLTA,clip,DeLTA_sr120_2,DeLTA_sr120_2,train,,0.1.0,datasets/DeLTA/data/clips.csv,1f4f5c7a9e3314b1b0a6efedb109acbd59d6f0b11987718b4fd573a9f706aba8
mosaiq-benchmark-v0.1-candidate-20260716,mosaiq-benchmark,0.1.0-dev,delta_source_multilabel,0.1.0,DeLTA,clip,DeLTA_cv42_2,DeLTA_cv42_2,train,,0.1.0,datasets/DeLTA/data/clips.csv,fd1f79bb37be23573de48a3a58ad2bdcf30e2c51c3ad66220e0f9aab1410c819
mosaiq-benchmark-v0.1-candidate-20260716,mosaiq-benchmark,0.1.0-dev,delta_source_multilabel,0.1.0,DeLTA,clip,DeLTA_PL312_2,DeLTA_PL312_2,train,,0.1.0,datasets/DeLTA/data/clips.csv,2f8f693d4df594eb625b0f61e979d2dfc4ceb42713df8a9e23d37a6cdf92c470
mosaiq-benchmark-v0.1-candidate-20260716,mosaiq-benchmark,0.1.0-dev,delta_source_multilabel,0.1.0,DeLTA,clip,DeLTA_Rs318_2,DeLTA_Rs318_2,train,,0.1.0,datasets/DeLTA/data/clips.csv,b48e621b49156b5136d187ae40d993cc1f52ffcbd29d1babd4b17237af912dea
mosaiq-benchmark-v0.1-candidate-20260716,mosaiq-benchmark,0.1.0-dev,delta_source_multilabel,0.1.0,DeLTA,clip,DeLTA_Rf120_2,DeLTA_Rf120_2,train,,0.1.0,datasets/DeLTA/data/clips.csv,5922999f07e618af3aafc64d3409755f5f385df80118113c64e78f35a0876dd5
mosaiq-benchmark-v0.1-candidate-20260716,mosaiq-benchmark,0.1.0-dev,delta_source_multilabel,0.1.0,DeLTA,clip,DeLTA_Rf213_2,DeLTA_Rf213_2,train,,0.1.0,datasets/DeLTA/data/clips.csv,a13fe3ebc49e0950c969218ef2c279a8074a270e95055475a6a2b6b0fd105407
mosaiq-benchmark-v0.1-candidate-20260716,mosaiq-benchmark,0.1.0-dev,delta_source_multilabel,0.1.0,DeLTA,clip,DeLTA_MG219_1,DeLTA_MG219_1,train,,0.1.0,datasets/DeLTA/data/clips.csv,144f04db97a711649a8ae848294daa53c11f1db6c26188b0576ba805997f88b8
mosaiq-benchmark-v0.1-candidate-20260716,mosaiq-benchmark,0.1.0-dev,delta_source_multilabel,0.1.0,DeLTA,clip,DeLTA_PL330_2,DeLTA_PL330_2,train,,0.1.0,datasets/DeLTA/data/clips.csv,55602bc491e86950d968dbafe48a077873c649e27ac8abc3ef70752a877c9b78
mosaiq-benchmark-v0.1-candidate-20260716,mosaiq-benchmark,0.1.0-dev,delta_source_multilabel,0.1.0,DeLTA,clip,DeLTA_sc113_1,DeLTA_sc113_1,test,,0.1.0,datasets/DeLTA/data/clips.csv,ac0664249390e95bdb735baf0e826fe0ec3c32aafa6889520351a62e7cd96778
mosaiq-benchmark-v0.1-candidate-20260716,mosaiq-benchmark,0.1.0-dev,delta_source_multilabel,0.1.0,DeLTA,clip,DeLTA_MG312_1,DeLTA_MG312_1,test,,0.1.0,datasets/DeLTA/data/clips.csv,83a3a867518b66a3e1fdf16262a08c60eb87d8cdc60a7e15e1c7c6ab90bf19d7
mosaiq-benchmark-v0.1-candidate-20260716,mosaiq-benchmark,0.1.0-dev,delta_source_multilabel,0.1.0,DeLTA,clip,DeLTA_tm301_2,DeLTA_tm301_2,test,,0.1.0,datasets/DeLTA/data/clips.csv,9d8d8281678c9bd40e0c0383b63be258a5348c6b6f7c7ad61ed46112cb4e39b5
mosaiq-benchmark-v0.1-candidate-20260716,mosaiq-benchmark,0.1.0-dev,delta_source_multilabel,0.1.0,DeLTA,clip,DeLTA_ET436_1,DeLTA_ET436_1,train,,0.1.0,datasets/DeLTA/data/clips.csv,38d60e967648af89ddd23efad8609f89eec2652029e75a257c734ae6b7db87a8
mosaiq-benchmark-v0.1-candidate-20260716,mosaiq-benchmark,0.1.0-dev,delta_source_multilabel,0.1.0,DeLTA,clip,DeLTA_sc128_1,DeLTA_sc128_1,train,,0.1.0,datasets/DeLTA/data/clips.csv,3525d46cf064b9e0ca942e2af10a89635c824cf612aa5c4aab73bcbf470608ed
mosaiq-benchmark-v0.1-candidate-20260716,mosaiq-benchmark,0.1.0-dev,delta_source_multilabel,0.1.0,DeLTA,clip,DeLTA_2cv22_1,DeLTA_2cv22_1,train,,0.1.0,datasets/DeLTA/data/clips.csv,5b4b4aafa7f08540d5df106aa94c09058b9cb1061f32a7c5839dfcfb037c4cfc
mosaiq-benchmark-v0.1-candidate-20260716,mosaiq-benchmark,0.1.0-dev,delta_source_multilabel,0.1.0,DeLTA,clip,DeLTA_sr107_1,DeLTA_sr107_1,train,,0.1.0,datasets/DeLTA/data/clips.csv,a3dcbed88093f0e04d86ed0134bda0ecb7326cd7ed46221072363b9ceaa91f48
mosaiq-benchmark-v0.1-candidate-20260716,mosaiq-benchmark,0.1.0-dev,delta_source_multilabel,0.1.0,DeLTA,clip,DeLTA_RS421_2,DeLTA_RS421_2,train,,0.1.0,datasets/DeLTA/data/clips.csv,4345c6e04bde54712bda607227285f6ca9f415fab9115810896986a15e54b618
mosaiq-benchmark-v0.1-candidate-20260716,mosaiq-benchmark,0.1.0-dev,delta_source_multilabel,0.1.0,DeLTA,clip,DeLTA_ts302_2,DeLTA_ts302_2,dev,,0.1.0,datasets/DeLTA/data/clips.csv,4e1201ba7a511a7ec90935622ad0eab9b93235b23489a8723049792cf849fb73
mosaiq-benchmark-v0.1-candidate-20260716,mosaiq-benchmark,0.1.0-dev,delta_source_multilabel,0.1.0,DeLTA,clip,DeLTA_2cv34_2,DeLTA_2cv34_2,dev,,0.1.0,datasets/DeLTA/data/clips.csv,4b36a03b89f07558d724f47fba0f1f1c1c67a196e6d408e41f40542c6063f959
mosaiq-benchmark-v0.1-candidate-20260716,mosaiq-benchmark,0.1.0-dev,delta_source_multilabel,0.1.0,DeLTA,clip,DeLTA_ML204_2,DeLTA_ML204_2,train,,0.1.0,datasets/DeLTA/data/clips.csv,1809ffd139b141eb6b7d639cbb772d7ec3ff6869ae3e704822d4187619c0daaf
mosaiq-benchmark-v0.1-candidate-20260716,mosaiq-benchmark,0.1.0-dev,delta_source_multilabel,0.1.0,DeLTA,clip,DeLTA_TM423_1,DeLTA_TM423_1,train,,0.1.0,datasets/DeLTA/data/clips.csv,6fdd1e91728ed5c0e8de8017bc01765d76d6d20fda3777dfec97fd34dcc195e8
mosaiq-benchmark-v0.1-candidate-20260716,mosaiq-benchmark,0.1.0-dev,delta_source_multilabel,0.1.0,DeLTA,clip,DeLTA_Mc120_2,DeLTA_Mc120_2,dev,,0.1.0,datasets/DeLTA/data/clips.csv,67b000af920ed1d41266aee9992f9497a59b9b34c65d74b5366b8d5c291832a9
mosaiq-benchmark-v0.1-candidate-20260716,mosaiq-benchmark,0.1.0-dev,delta_source_multilabel,0.1.0,DeLTA,clip,DeLTA_cp16_1,DeLTA_cp16_1,train,,0.1.0,datasets/DeLTA/data/clips.csv,d6c6ce8bc49513a68ff4ed39bea892a063b182e8721d8620931b4906ca1d86a1
mosaiq-benchmark-v0.1-candidate-20260716,mosaiq-benchmark,0.1.0-dev,delta_source_multilabel,0.1.0,DeLTA,clip,DeLTA_Rp135_2,DeLTA_Rp135_2,train,,0.1.0,datasets/DeLTA/data/clips.csv,7a3081e2745eeccc89d798a2d47d5ba9a0675918f49b565d35f86b6e7a187c13
mosaiq-benchmark-v0.1-candidate-20260716,mosaiq-benchmark,0.1.0-dev,delta_source_multilabel,0.1.0,DeLTA,clip,DeLTA_PL314_2,DeLTA_PL314_2,train,,0.1.0,datasets/DeLTA/data/clips.csv,bbb9f1c1f9a7da93bcbdf60a1e2573cbb189bed37c4155d505a5780141f02e63
mosaiq-benchmark-v0.1-candidate-20260716,mosaiq-benchmark,0.1.0-dev,delta_source_multilabel,0.1.0,DeLTA,clip,DeLTA_CT531_2,DeLTA_CT531_2,dev,,0.1.0,datasets/DeLTA/data/clips.csv,8d3770607100c14d025ad161a3838b45b0fc9294e927e099ddfa0f22cf339071
mosaiq-benchmark-v0.1-candidate-20260716,mosaiq-benchmark,0.1.0-dev,delta_source_multilabel,0.1.0,DeLTA,clip,DeLTA_Mc325_1,DeLTA_Mc325_1,dev,,0.1.0,datasets/DeLTA/data/clips.csv,f7aecc2b486cebcdac6d0398147e9098dcd28c7955bacecc5bf442d8730e9e73
mosaiq-benchmark-v0.1-candidate-20260716,mosaiq-benchmark,0.1.0-dev,delta_source_multilabel,0.1.0,DeLTA,clip,DeLTA_Rf212_3,DeLTA_Rf212_3,train,,0.1.0,datasets/DeLTA/data/clips.csv,955d01dab8049256db2a4fe2fb60c2b81240c9ae9f5289102856951966a04c6e
mosaiq-benchmark-v0.1-candidate-20260716,mosaiq-benchmark,0.1.0-dev,delta_source_multilabel,0.1.0,DeLTA,clip,DeLTA_SC214_1,DeLTA_SC214_1,test,,0.1.0,datasets/DeLTA/data/clips.csv,2a9c8f204a474bedd99bda82c6db44715be0a06ffd29652924b0ee2a428122d6
mosaiq-benchmark-v0.1-candidate-20260716,mosaiq-benchmark,0.1.0-dev,delta_source_multilabel,0.1.0,DeLTA,clip,DeLTA_Rp114_3,DeLTA_Rp114_3,train,,0.1.0,datasets/DeLTA/data/clips.csv,2cfa9fff065097fb57cd9c7ef0b09b1b686538cb4ce8e8b4693027e2f3a9883f
mosaiq-benchmark-v0.1-candidate-20260716,mosaiq-benchmark,0.1.0-dev,delta_source_multilabel,0.1.0,DeLTA,clip,DeLTA_NP117_1,DeLTA_NP117_1,train,,0.1.0,datasets/DeLTA/data/clips.csv,83bef85fe00e7a03710ce98d8ac88380b0f21b91515b74ab4ab2947df278d182
mosaiq-benchmark-v0.1-candidate-20260716,mosaiq-benchmark,0.1.0-dev,delta_source_multilabel,0.1.0,DeLTA,clip,DeLTA_Mc325_2,DeLTA_Mc325_2,dev,,0.1.0,datasets/DeLTA/data/clips.csv,3aeb3dc24ea8d4ed909d5fc1d0133ffddbabfc805ebe30fb8b08c35744473a7a
mosaiq-benchmark-v0.1-candidate-20260716,mosaiq-benchmark,0.1.0-dev,delta_source_multilabel,0.1.0,DeLTA,clip,DeLTA_sc141_2,DeLTA_sc141_2,train,,0.1.0,datasets/DeLTA/data/clips.csv,a86e08bf9cd0cce67cf6e9fe1b512002d2b2d318ddd1b19774b09d9024773da5
mosaiq-benchmark-v0.1-candidate-20260716,mosaiq-benchmark,0.1.0-dev,delta_source_multilabel,0.1.0,DeLTA,clip,DeLTA_ET213_2,DeLTA_ET213_2,train,,0.1.0,datasets/DeLTA/data/clips.csv,1f88d6c1fd1f9285aaa1e6af5e1841bbfefeb9211880ccfa8a0bf396bf78ec1e
mosaiq-benchmark-v0.1-candidate-20260716,mosaiq-benchmark,0.1.0-dev,delta_source_multilabel,0.1.0,DeLTA,clip,DeLTA_cv37_1,DeLTA_cv37_1,train,,0.1.0,datasets/DeLTA/data/clips.csv,4dd00f13cee31cae5c9938d1b0187104035350b587200fdf9e7406d10bc4f64a
mosaiq-benchmark-v0.1-candidate-20260716,mosaiq-benchmark,0.1.0-dev,delta_source_multilabel,0.1.0,DeLTA,clip,DeLTA_Rp227_2,DeLTA_Rp227_2,train,,0.1.0,datasets/DeLTA/data/clips.csv,6757eda87125931a005a41a3b9915463938bbaee838711d141d6484072514967
mosaiq-benchmark-v0.1-candidate-20260716,mosaiq-benchmark,0.1.0-dev,delta_source_multilabel,0.1.0,DeLTA,clip,DeLTA_Rs304_2,DeLTA_Rs304_2,train,,0.1.0,datasets/DeLTA/data/clips.csv,952066a76ecaa2786173f0380a1921532be8ed2ec092acec3fa7c6b16643d63b
mosaiq-benchmark-v0.1-candidate-20260716,mosaiq-benchmark,0.1.0-dev,delta_source_multilabel,0.1.0,DeLTA,clip,DeLTA_Mc335_1,DeLTA_Mc335_1,train,,0.1.0,datasets/DeLTA/data/clips.csv,92582be68f77b312ef9342c35c98c294771f2c79b68c44fa6ae4bdd3b2ea8f1f
mosaiq-benchmark-v0.1-candidate-20260716,mosaiq-benchmark,0.1.0-dev,delta_source_multilabel,0.1.0,DeLTA,clip,DeLTA_NP127_1,DeLTA_NP127_1,dev,,0.1.0,datasets/DeLTA/data/clips.csv,0ff11271a86ce13a3c248dce3b14e37871e144415b2200f8a53c1c6fed3e4a70
mosaiq-benchmark-v0.1-candidate-20260716,mosaiq-benchmark,0.1.0-dev,delta_source_multilabel,0.1.0,DeLTA,clip,DeLTA_tm121_2,DeLTA_tm121_2,dev,,0.1.0,datasets/DeLTA/data/clips.csv,924ca8bd350a64bcb440e3251054bd16db2f92584f6c64b3a558a1560bb498e2
mosaiq-benchmark-v0.1-candidate-20260716,mosaiq-benchmark,0.1.0-dev,delta_source_multilabel,0.1.0,DeLTA,clip,DeLTA_Mc112_3,DeLTA_Mc112_3,train,,0.1.0,datasets/DeLTA/data/clips.csv,a1a1217f76e453db3b69b62a57dbaaa9d015e93aa630b2a5a949bcbaf90daa98
mosaiq-benchmark-v0.1-candidate-20260716,mosaiq-benchmark,0.1.0-dev,delta_source_multilabel,0.1.0,DeLTA,clip,DeLTA_tm311_2,DeLTA_tm311_2,train,,0.1.0,datasets/DeLTA/data/clips.csv,b1ee5725ea467f0d4529eec17d8bf625fb317fb6fed7176017d071e27704aeec
mosaiq-benchmark-v0.1-candidate-20260716,mosaiq-benchmark,0.1.0-dev,delta_source_multilabel,0.1.0,DeLTA,clip,DeLTA_ts315_2,DeLTA_ts315_2,train,,0.1.0,datasets/DeLTA/data/clips.csv,7ec1d865f62dbd8fcc203631265c6b8b6f54fc0acfde82d76dca9bad2c83cf5d
mosaiq-benchmark-v0.1-candidate-20260716,mosaiq-benchmark,0.1.0-dev,delta_source_multilabel,0.1.0,DeLTA,clip,DeLTA_sr131_2,DeLTA_sr131_2,train,,0.1.0,datasets/DeLTA/data/clips.csv,0f31e29d1161d67dc8cc4c87bf43d0d1c7d0ee43bdc16e39baaacea6546ea716
mosaiq-benchmark-v0.1-candidate-20260716,mosaiq-benchmark,0.1.0-dev,delta_source_multilabel,0.1.0,DeLTA,clip,DeLTA_Rf130_2,DeLTA_Rf130_2,dev,,0.1.0,datasets/DeLTA/data/clips.csv,1bac1ff90ea172ed91bcc89df6c42611af0edb24ef699d8f97e858cfd387e527
mosaiq-benchmark-v0.1-candidate-20260716,mosaiq-benchmark,0.1.0-dev,delta_source_multilabel,0.1.0,DeLTA,clip,DeLTA_ts202_1,DeLTA_ts202_1,train,,0.1.0,datasets/DeLTA/data/clips.csv,7effdc22c56703f83cf78659e27287d92c2754c335c94313efcb29dff3d54757
mosaiq-benchmark-v0.1-candidate-20260716,mosaiq-benchmark,0.1.0-dev,delta_source_multilabel,0.1.0,DeLTA,clip,DeLTA_Rf220_1,DeLTA_Rf220_1,train,,0.1.0,datasets/DeLTA/data/clips.csv,b07068783ec1f4b96faa3a3bba2c8dccf99b70997a2477be75c2a7afe4670f01
mosaiq-benchmark-v0.1-candidate-20260716,mosaiq-benchmark,0.1.0-dev,delta_source_multilabel,0.1.0,DeLTA,clip,DeLTA_ts310_2,DeLTA_ts310_2,train,,0.1.0,datasets/DeLTA/data/clips.csv,0eadf6794eb268a481095e15acccb3504f37446382b43d76213aaf81499a987e
mosaiq-benchmark-v0.1-candidate-20260716,mosaiq-benchmark,0.1.0-dev,delta_source_multilabel,0.1.0,DeLTA,clip,DeLTA_TS515_2,DeLTA_TS515_2,dev,,0.1.0,datasets/DeLTA/data/clips.csv,5f0dd339f4928320a036a1b6d1d1c9cd79a8366585135d6b476fdc199b06f9de
mosaiq-benchmark-v0.1-candidate-20260716,mosaiq-benchmark,0.1.0-dev,delta_source_multilabel,0.1.0,DeLTA,clip,DeLTA_AM02_1,DeLTA_AM02_1,train,,0.1.0,datasets/DeLTA/data/clips.csv,ad52b4451de75ceececc36040d65979e1e318f5f6d539f7209640cff545e9844
mosaiq-benchmark-v0.1-candidate-20260716,mosaiq-benchmark,0.1.0-dev,delta_source_multilabel,0.1.0,DeLTA,clip,DeLTA_SM301_2,DeLTA_SM301_2,train,,0.1.0,datasets/DeLTA/data/clips.csv,44b2eae90c6470b37b764c19b1345942f98fb3f640a95998ef3eec4e44363837
mosaiq-benchmark-v0.1-candidate-20260716,mosaiq-benchmark,0.1.0-dev,delta_source_multilabel,0.1.0,DeLTA,clip,DeLTA_RP320_1,DeLTA_RP320_1,test,,0.1.0,datasets/DeLTA/data/clips.csv,c59db4053dd9c52081861fb9fd82c06d8851301eac3a050ab60bd780563fb280
mosaiq-benchmark-v0.1-candidate-20260716,mosaiq-benchmark,0.1.0-dev,delta_source_multilabel,0.1.0,DeLTA,clip,DeLTA_Rs221_2,DeLTA_Rs221_2,dev,,0.1.0,datasets/DeLTA/data/clips.csv,4387d1bfef0d64a410ac56e8512ce374b509b7196872f5e5072e95cae587fe78
mosaiq-benchmark-v0.1-candidate-20260716,mosaiq-benchmark,0.1.0-dev,delta_source_multilabel,0.1.0,DeLTA,clip,DeLTA_MG217_1,DeLTA_MG217_1,train,,0.1.0,datasets/DeLTA/data/clips.csv,f693e972bba6b2d4b146f64438c208c8743a718bc8b96c1cb42667b26d7ca60e
mosaiq-benchmark-v0.1-candidate-20260716,mosaiq-benchmark,0.1.0-dev,delta_source_multilabel,0.1.0,DeLTA,clip,DeLTA_ET107_1,DeLTA_ET107_1,train,,0.1.0,datasets/DeLTA/data/clips.csv,a3b53b1c4baa1507c2d15daf0ccac3b078030b60bcc57c1fe94fd2bfc8f0433f
mosaiq-benchmark-v0.1-candidate-20260716,mosaiq-benchmark,0.1.0-dev,delta_source_multilabel,0.1.0,DeLTA,clip,DeLTA_ET427_2,DeLTA_ET427_2,train,,0.1.0,datasets/DeLTA/data/clips.csv,4cdc334a1fd3a6919f0b9e1a7b040e19a84c528c3e5ebdd9e751fc390d51b448
mosaiq-benchmark-v0.1-candidate-20260716,mosaiq-benchmark,0.1.0-dev,delta_source_multilabel,0.1.0,DeLTA,clip,DeLTA_Rp233_1,DeLTA_Rp233_1,train,,0.1.0,datasets/DeLTA/data/clips.csv,6ca5e04c14550868786273ab8e791bbb3011069730085da220fe0288c39f737b
mosaiq-benchmark-v0.1-candidate-20260716,mosaiq-benchmark,0.1.0-dev,delta_source_multilabel,0.1.0,DeLTA,clip,DeLTA_RF304_2,DeLTA_RF304_2,train,,0.1.0,datasets/DeLTA/data/clips.csv,f52a09cded477785e96fa285c2bd7c8efb0ca743e1e1be7f20be8ad7054148bf
mosaiq-benchmark-v0.1-candidate-20260716,mosaiq-benchmark,0.1.0-dev,delta_source_multilabel,0.1.0,DeLTA,clip,DeLTA_TS523_1,DeLTA_TS523_1,train,,0.1.0,datasets/DeLTA/data/clips.csv,ac3f545a4ec711ccd9535e2ab9b2a99d871e4a254ebd25938e1e620ca0757fc2
mosaiq-benchmark-v0.1-candidate-20260716,mosaiq-benchmark,0.1.0-dev,delta_source_multilabel,0.1.0,DeLTA,clip,DeLTA_tm320_2,DeLTA_tm320_2,train,,0.1.0,datasets/DeLTA/data/clips.csv,56b64ee95ef6e344712ac8c19c7135a6e727a3965242614a96d53b6fb6871d16
mosaiq-benchmark-v0.1-candidate-20260716,mosaiq-benchmark,0.1.0-dev,delta_source_multilabel,0.1.0,DeLTA,clip,DeLTA_TM435_2,DeLTA_TM435_2,train,,0.1.0,datasets/DeLTA/data/clips.csv,df149f8eb246543478f19fc9190bf4e0325d9546a030a4a2a10afa287a73dbf3
mosaiq-benchmark-v0.1-candidate-20260716,mosaiq-benchmark,0.1.0-dev,delta_source_multilabel,0.1.0,DeLTA,clip,DeLTA_SC223_2,DeLTA_SC223_2,train,,0.1.0,datasets/DeLTA/data/clips.csv,105658541ee47df42d9017cf7e3902b0452b8fe19a0cde952432c9d31b06bf2b
mosaiq-benchmark-v0.1-candidate-20260716,mosaiq-benchmark,0.1.0-dev,delta_source_multilabel,0.1.0,DeLTA,clip,DeLTA_ML132_3,DeLTA_ML132_3,dev,,0.1.0,datasets/DeLTA/data/clips.csv,2e142b5365844823798261981637beb7c850758e4f817a0040fd0a9e23c0f5d2
mosaiq-benchmark-v0.1-candidate-20260716,mosaiq-benchmark,0.1.0-dev,delta_source_multilabel,0.1.0,DeLTA,clip,DeLTA_m12_2,DeLTA_m12_2,test,,0.1.0,datasets/DeLTA/data/clips.csv,f9249f44fa3a34ccb97eaed01ac74f1d978bed3f5b7f8bd36589426e8716c1c6
mosaiq-benchmark-v0.1-candidate-20260716,mosaiq-benchmark,0.1.0-dev,delta_source_multilabel,0.1.0,DeLTA,clip,DeLTA_sr117_1,DeLTA_sr117_1,train,,0.1.0,datasets/DeLTA/data/clips.csv,00e203170cb4cfb1e7d07d93cdfafecda3f4a7bf5099cedd410c84fbb7255067
mosaiq-benchmark-v0.1-candidate-20260716,mosaiq-benchmark,0.1.0-dev,delta_source_multilabel,0.1.0,DeLTA,clip,DeLTA_Rs214_1,DeLTA_Rs214_1,train,,0.1.0,datasets/DeLTA/data/clips.csv,51fdd1dcfd2b78942baae3772734513d58346ec6c655a916d42d7ef2460851d7
mosaiq-benchmark-v0.1-candidate-20260716,mosaiq-benchmark,0.1.0-dev,delta_source_multilabel,0.1.0,DeLTA,clip,DeLTA_SM310_1,DeLTA_SM310_1,train,,0.1.0,datasets/DeLTA/data/clips.csv,226fc7aee205ebab430cf9063c07d7e27d198469fdfdf8318edb3e2896e1dd65
mosaiq-benchmark-v0.1-candidate-20260716,mosaiq-benchmark,0.1.0-dev,delta_source_multilabel,0.1.0,DeLTA,clip,DeLTA_CT309_1,DeLTA_CT309_1,train,,0.1.0,datasets/DeLTA/data/clips.csv,2d6a3d939b8309ec01024572bea0fb8d0045e1ad41c06cb51743b1544c879124
mosaiq-benchmark-v0.1-candidate-20260716,mosaiq-benchmark,0.1.0-dev,delta_source_multilabel,0.1.0,DeLTA,clip,DeLTA_CT415_2,DeLTA_CT415_2,test,,0.1.0,datasets/DeLTA/data/clips.csv,bb7a7f81b5019c496814f1133c600b5f1c0942cc8e657159b53da119ceafd7bb
mosaiq-benchmark-v0.1-candidate-20260716,mosaiq-benchmark,0.1.0-dev,delta_source_multilabel,0.1.0,DeLTA,clip,DeLTA_MG105_1,DeLTA_MG105_1,train,,0.1.0,datasets/DeLTA/data/clips.csv,06a412c73491af3ab8b71684fdde4b3c623b7b31d990623fed3b473a8c62c66c
mosaiq-benchmark-v0.1-candidate-20260716,mosaiq-benchmark,0.1.0-dev,delta_source_multilabel,0.1.0,DeLTA,clip,DeLTA_SR202_2,DeLTA_SR202_2,test,,0.1.0,datasets/DeLTA/data/clips.csv,a03987a14d83934ee9f32b604720301c1b1976f60b36330aee89a587b5abd2e6
mosaiq-benchmark-v0.1-candidate-20260716,mosaiq-benchmark,0.1.0-dev,delta_source_multilabel,0.1.0,DeLTA,clip,DeLTA_tm101_1,DeLTA_tm101_1,train,,0.1.0,datasets/DeLTA/data/clips.csv,185d4282a20158f837f9c16f95b20d5f3c35d52f7716856da9503e6ce9c211fc
mosaiq-benchmark-v0.1-candidate-20260716,mosaiq-benchmark,0.1.0-dev,delta_source_multilabel,0.1.0,DeLTA,clip,DeLTA_PL101_1,DeLTA_PL101_1,test,,0.1.0,datasets/DeLTA/data/clips.csv,0d86aa631af7f119215d7fa59c214f9c2a663d425c27354d7215e54c33076034
mosaiq-benchmark-v0.1-candidate-20260716,mosaiq-benchmark,0.1.0-dev,delta_source_multilabel,0.1.0,DeLTA,clip,DeLTA_Pl102_2,DeLTA_Pl102_2,train,,0.1.0,datasets/DeLTA/data/clips.csv,1a791a8594d16b17d5b3d367e02a192754b8cad7ebe6c10439b8348454884b0d
mosaiq-benchmark-v0.1-candidate-20260716,mosaiq-benchmark,0.1.0-dev,delta_source_multilabel,0.1.0,DeLTA,clip,DeLTA_RF332_2,DeLTA_RF332_2,train,,0.1.0,datasets/DeLTA/data/clips.csv,382490dfd08dcfb2f048444eac581a4c97507d8960f19b556c6b38cc48231abc
mosaiq-benchmark-v0.1-candidate-20260716,mosaiq-benchmark,0.1.0-dev,delta_source_multilabel,0.1.0,DeLTA,clip,DeLTA_Ts416_1,DeLTA_Ts416_1,dev,,0.1.0,datasets/DeLTA/data/clips.csv,d501c514a36dedcb05867c0af89227d0069d9be95f5ce0f84322dca504bc91b9
mosaiq-benchmark-v0.1-candidate-20260716,mosaiq-benchmark,0.1.0-dev,delta_source_multilabel,0.1.0,DeLTA,clip,DeLTA_RP329_1,DeLTA_RP329_1,train,,0.1.0,datasets/DeLTA/data/clips.csv,05ce02aa5c67ea9753d702c6812332c023cb7c2666356e4d9d11142871de1a01
mosaiq-benchmark-v0.1-candidate-20260716,mosaiq-benchmark,0.1.0-dev,delta_source_multilabel,0.1.0,DeLTA,clip,DeLTA_Rs124_1,DeLTA_Rs124_1,train,,0.1.0,datasets/DeLTA/data/clips.csv,300c79168d0d72c2419315378a354ed2cf5a15b623a3fbfc63f174bc51d95a25
mosaiq-benchmark-v0.1-candidate-20260716,mosaiq-benchmark,0.1.0-dev,delta_source_multilabel,0.1.0,DeLTA,clip,DeLTA_CT502_1,DeLTA_CT502_1,train,,0.1.0,datasets/DeLTA/data/clips.csv,cce9b09ed2634fc110970c944ed6f909b8215c843d30893b24285f6bf29603ce
mosaiq-benchmark-v0.1-candidate-20260716,mosaiq-benchmark,0.1.0-dev,delta_source_multilabel,0.1.0,DeLTA,clip,DeLTA_PL322_1,DeLTA_PL322_1,test,,0.1.0,datasets/DeLTA/data/clips.csv,10de7c04704afdc816817b2219065f6a9b16d62366fdd3d8695ee1845313805e
mosaiq-benchmark-v0.1-candidate-20260716,mosaiq-benchmark,0.1.0-dev,delta_source_multilabel,0.1.0,DeLTA,clip,DeLTA_PL423_2,DeLTA_PL423_2,test,,0.1.0,datasets/DeLTA/data/clips.csv,c5215baf5195fe9aaf4e4c65cd61848bdc80eb8cec4359035efe2e5033293a8e
mosaiq-benchmark-v0.1-candidate-20260716,mosaiq-benchmark,0.1.0-dev,delta_source_multilabel,0.1.0,DeLTA,clip,DeLTA_CT536_2,DeLTA_CT536_2,test,,0.1.0,datasets/DeLTA/data/clips.csv,18414e52cf264883657c2380fd7b65991d6c2b7eec63c7da3defd3c654eb5104
mosaiq-benchmark-v0.1-candidate-20260716,mosaiq-benchmark,0.1.0-dev,delta_source_multilabel,0.1.0,DeLTA,clip,DeLTA_Mc406_1,DeLTA_Mc406_1,train,,0.1.0,datasets/DeLTA/data/clips.csv,b881bbec8ebb05b590c38c2b39d453768de297d3c9c7aff86064cfc99bb41019
mosaiq-benchmark-v0.1-candidate-20260716,mosaiq-benchmark,0.1.0-dev,delta_source_multilabel,0.1.0,DeLTA,clip,DeLTA_NP163_1,DeLTA_NP163_1,train,,0.1.0,datasets/DeLTA/data/clips.csv,bd9aef4f21cba9a1fd30ff79a93dbb45ade41490258d908d56a48b57607b32a4
mosaiq-benchmark-v0.1-candidate-20260716,mosaiq-benchmark,0.1.0-dev,delta_source_multilabel,0.1.0,DeLTA,clip,DeLTA_sr119_1,DeLTA_sr119_1,train,,0.1.0,datasets/DeLTA/data/clips.csv,5b416dbf5bc58861381dfc60cac1b5cf5d9b60e8654763cf9a2bec79d704ef84
mosaiq-benchmark-v0.1-candidate-20260716,mosaiq-benchmark,0.1.0-dev,delta_source_multilabel,0.1.0,DeLTA,clip,DeLTA_sc103_1,DeLTA_sc103_1,test,,0.1.0,datasets/DeLTA/data/clips.csv,ce4002aeb93df9e18b09c33d84039b425faef8cbe3f1530a8834f74fc1538e01
mosaiq-benchmark-v0.1-candidate-20260716,mosaiq-benchmark,0.1.0-dev,delta_source_multilabel,0.1.0,DeLTA,clip,DeLTA_ET423_1,DeLTA_ET423_1,train,,0.1.0,datasets/DeLTA/data/clips.csv,febf9ead828ea40abefe35e7409731f94db0aea8e7d0da63d0e26dc3fce717c0
mosaiq-benchmark-v0.1-candidate-20260716,mosaiq-benchmark,0.1.0-dev,delta_source_multilabel,0.1.0,DeLTA,clip,DeLTA_MG314_2,DeLTA_MG314_2,train,,0.1.0,datasets/DeLTA/data/clips.csv,309d93eb5e8b98ae59e6038b82ed1de416eca95b1a493f1e52b09df6542fb70b
mosaiq-benchmark-v0.1-candidate-20260716,mosaiq-benchmark,0.1.0-dev,delta_source_multilabel,0.1.0,DeLTA,clip,DeLTA_sr134_2,DeLTA_sr134_2,train,,0.1.0,datasets/DeLTA/data/clips.csv,b841418ff17c7bc38d81223cb93959dfbd64a8a5c9a6187498bb49d44cb4a441
mosaiq-benchmark-v0.1-candidate-20260716,mosaiq-benchmark,0.1.0-dev,delta_source_multilabel,0.1.0,DeLTA,clip,DeLTA_RF316_1,DeLTA_RF316_1,train,,0.1.0,datasets/DeLTA/data/clips.csv,d60f570bc4f7720aeb44f43df25d4a36520c8efa7dd1922972d9d42468b865ad
mosaiq-benchmark-v0.1-candidate-20260716,mosaiq-benchmark,0.1.0-dev,delta_source_multilabel,0.1.0,DeLTA,clip,DeLTA_sc121_1,DeLTA_sc121_1,train,,0.1.0,datasets/DeLTA/data/clips.csv,b94f43543fbf1c0726534bceff21f6bbacdbf5f4cd13cafc930e57db7143d5ec
mosaiq-benchmark-v0.1-candidate-20260716,mosaiq-benchmark,0.1.0-dev,delta_source_multilabel,0.1.0,DeLTA,clip,DeLTA_PL422_1,DeLTA_PL422_1,train,,0.1.0,datasets/DeLTA/data/clips.csv,de21f0cdf5d20404833212784cc9cfadcb26999bb3583469f6728bd7597b9b7a
mosaiq-benchmark-v0.1-candidate-20260716,mosaiq-benchmark,0.1.0-dev,delta_source_multilabel,0.1.0,DeLTA,clip,DeLTA_TM435_1,DeLTA_TM435_1,dev,,0.1.0,datasets/DeLTA/data/clips.csv,fdd37c8dc886dde087a3294c5b467f6c5db9b779c999bd87eab8d39f1bcf23c0
mosaiq-benchmark-v0.1-candidate-20260716,mosaiq-benchmark,0.1.0-dev,delta_source_multilabel,0.1.0,DeLTA,clip,DeLTA_ML103_2,DeLTA_ML103_2,test,,0.1.0,datasets/DeLTA/data/clips.csv,c7f28bc900feb36fe9598a2afedd07b3f3a3f8dcf3235655facffe861835822c
mosaiq-benchmark-v0.1-candidate-20260716,mosaiq-benchmark,0.1.0-dev,delta_source_multilabel,0.1.0,DeLTA,clip,DeLTA_PL340_2,DeLTA_PL340_2,train,,0.1.0,datasets/DeLTA/data/clips.csv,398dc30815fbaa638a197016008c38518fb67419aae438a004adca34981cadf8
mosaiq-benchmark-v0.1-candidate-20260716,mosaiq-benchmark,0.1.0-dev,delta_source_multilabel,0.1.0,DeLTA,clip,DeLTA_Rf117_2,DeLTA_Rf117_2,train,,0.1.0,datasets/DeLTA/data/clips.csv,0181aadf131dbf4984cdadeaa481adfdc43444519f03f15d834169b2186f169f
mosaiq-benchmark-v0.1-candidate-20260716,mosaiq-benchmark,0.1.0-dev,delta_source_multilabel,0.1.0,DeLTA,clip,DeLTA_ET303_2,DeLTA_ET303_2,dev,,0.1.0,datasets/DeLTA/data/clips.csv,60fe8c1f2fa0ac4ea1f1a7f34c41fbc0a6d2b01965055f048f969eaaec198830
mosaiq-benchmark-v0.1-candidate-20260716,mosaiq-benchmark,0.1.0-dev,delta_source_multilabel,0.1.0,DeLTA,clip,DeLTA_tm205_2,DeLTA_tm205_2,test,,0.1.0,datasets/DeLTA/data/clips.csv,1da4ec0fa52f199d8fdb77676c2dc6eff59a8fe42bd7076c9aec86f548041834
mosaiq-benchmark-v0.1-candidate-20260716,mosaiq-benchmark,0.1.0-dev,delta_source_multilabel,0.1.0,DeLTA,clip,DeLTA_CT537_1,DeLTA_CT537_1,train,,0.1.0,datasets/DeLTA/data/clips.csv,fd2e26ed27bbbdea77ffdd592114a940dfb33958761265e122494c446cb17ec1
mosaiq-benchmark-v0.1-candidate-20260716,mosaiq-benchmark,0.1.0-dev,delta_source_multilabel,0.1.0,DeLTA,clip,DeLTA_ML106_1,DeLTA_ML106_1,train,,0.1.0,datasets/DeLTA/data/clips.csv,506cb9058a8e574e34faf57b6d68459e9d56f6ebbef834593901912017d8c479
mosaiq-benchmark-v0.1-candidate-20260716,mosaiq-benchmark,0.1.0-dev,delta_source_multilabel,0.1.0,DeLTA,clip,DeLTA_Rf226_1,DeLTA_Rf226_1,dev,,0.1.0,datasets/DeLTA/data/clips.csv,50bb23975821a20994fb3baa3ffa802b809f2b279a9854b132f74b79fc974f70
mosaiq-benchmark-v0.1-candidate-20260716,mosaiq-benchmark,0.1.0-dev,delta_source_multilabel,0.1.0,DeLTA,clip,DeLTA_CT521_1,DeLTA_CT521_1,train,,0.1.0,datasets/DeLTA/data/clips.csv,4a1bdf4f0b49f842a5377e207afbd304487144d6e3afdbfef362e3aff718aaba
mosaiq-benchmark-v0.1-candidate-20260716,mosaiq-benchmark,0.1.0-dev,delta_source_multilabel,0.1.0,DeLTA,clip,DeLTA_CT122_1,DeLTA_CT122_1,dev,,0.1.0,datasets/DeLTA/data/clips.csv,806e403412dbe404bf2135f65f6112ff3cc00a6aa96bb4e8f922e4de159df16f
mosaiq-benchmark-v0.1-candidate-20260716,mosaiq-benchmark,0.1.0-dev,delta_source_multilabel,0.1.0,DeLTA,clip,DeLTA_PL323_2,DeLTA_PL323_2,train,,0.1.0,datasets/DeLTA/data/clips.csv,882760e94311699eff49070b95607318440b501a35b7c5b63339e38965d02614
mosaiq-benchmark-v0.1-candidate-20260716,mosaiq-benchmark,0.1.0-dev,delta_source_multilabel,0.1.0,DeLTA,clip,DeLTA_CT312_2,DeLTA_CT312_2,train,,0.1.0,datasets/DeLTA/data/clips.csv,2cc46a586d0f5f28bddb65ce6ce02f8f3e80a02e1c5f79d036a5a7fa29d0ac50
mosaiq-benchmark-v0.1-candidate-20260716,mosaiq-benchmark,0.1.0-dev,delta_source_multilabel,0.1.0,DeLTA,clip,DeLTA_CT542_2,DeLTA_CT542_2,train,,0.1.0,datasets/DeLTA/data/clips.csv,208af671d50e72288cfdcd27ef115c44dbdd04688efd29a033a1a6c889d449f2
mosaiq-benchmark-v0.1-candidate-20260716,mosaiq-benchmark,0.1.0-dev,delta_source_multilabel,0.1.0,DeLTA,clip,DeLTA_Rf103_2,DeLTA_Rf103_2,train,,0.1.0,datasets/DeLTA/data/clips.csv,dadcb3d92b85ef1c2803d4d4ff2f2bf15616a527919169c6f6a0334e3006064c
mosaiq-benchmark-v0.1-candidate-20260716,mosaiq-benchmark,0.1.0-dev,delta_source_multilabel,0.1.0,DeLTA,clip,DeLTA_SR234_2,DeLTA_SR234_2,train,,0.1.0,datasets/DeLTA/data/clips.csv,e0070438fd228bca1f72fcfa8166b1e4b9f4fb11f029131d7d823f4e4e53b016
mosaiq-benchmark-v0.1-candidate-20260716,mosaiq-benchmark,0.1.0-dev,delta_source_multilabel,0.1.0,DeLTA,clip,DeLTA_RP306_1,DeLTA_RP306_1,train,,0.1.0,datasets/DeLTA/data/clips.csv,fe4a147555b00e3a293a384f599ac61909f856446be453c0223ea0448e0c5744
mosaiq-benchmark-v0.1-candidate-20260716,mosaiq-benchmark,0.1.0-dev,delta_source_multilabel,0.1.0,DeLTA,clip,DeLTA_RF341_1,DeLTA_RF341_1,dev,,0.1.0,datasets/DeLTA/data/clips.csv,f5d3a5e4aa01909d19736e979652df25540e6e1eb9decd910a568e868b52731f
mosaiq-benchmark-v0.1-candidate-20260716,mosaiq-benchmark,0.1.0-dev,delta_source_multilabel,0.1.0,DeLTA,clip,DeLTA_Rp119_1,DeLTA_Rp119_1,train,,0.1.0,datasets/DeLTA/data/clips.csv,3c9f003d1633345d8edf059d138671d2ec2868278ae46816965afd27f5fa4be6
mosaiq-benchmark-v0.1-candidate-20260716,mosaiq-benchmark,0.1.0-dev,delta_source_multilabel,0.1.0,DeLTA,clip,DeLTA_m110_1,DeLTA_m110_1,train,,0.1.0,datasets/DeLTA/data/clips.csv,a05cb24d76f0f71da97f74a05ddef539dfd94896cd92a7f0ca82d35dda50eea9
mosaiq-benchmark-v0.1-candidate-20260716,mosaiq-benchmark,0.1.0-dev,delta_source_multilabel,0.1.0,DeLTA,clip,DeLTA_tm105_2,DeLTA_tm105_2,train,,0.1.0,datasets/DeLTA/data/clips.csv,0087706685dcccc431de36b865665914b779fa74c8bd61fa0bd9e9812047b436
mosaiq-benchmark-v0.1-candidate-20260716,mosaiq-benchmark,0.1.0-dev,delta_source_multilabel,0.1.0,DeLTA,clip,DeLTA_CT315_2,DeLTA_CT315_2,train,,0.1.0,datasets/DeLTA/data/clips.csv,a7162ed92a2d383f822b40a441dc6beb4458ddb7979324d6bdd4391cb2b515dc
mosaiq-benchmark-v0.1-candidate-20260716,mosaiq-benchmark,0.1.0-dev,delta_source_multilabel,0.1.0,DeLTA,clip,DeLTA_Rs313_1,DeLTA_Rs313_1,train,,0.1.0,datasets/DeLTA/data/clips.csv,0b3c0fed25bde5cd67056ebdada23bb77324dd46415481ff053a2045ec868db6
mosaiq-benchmark-v0.1-candidate-20260716,mosaiq-benchmark,0.1.0-dev,delta_source_multilabel,0.1.0,DeLTA,clip,DeLTA_sc107_1,DeLTA_sc107_1,dev,,0.1.0,datasets/DeLTA/data/clips.csv,408bb1315d6499ac3009c1fa27457b64a52d9afe60bdeb1b342d557507097b4b
mosaiq-benchmark-v0.1-candidate-20260716,mosaiq-benchmark,0.1.0-dev,delta_source_multilabel,0.1.0,DeLTA,clip,DeLTA_Rp113_1,DeLTA_Rp113_1,train,,0.1.0,datasets/DeLTA/data/clips.csv,d0bad35ea5387e21d281f7cb86a593cf8204e29c5a163b65b9e59fcf04a3625d
mosaiq-benchmark-v0.1-candidate-20260716,mosaiq-benchmark,0.1.0-dev,delta_source_multilabel,0.1.0,DeLTA,clip,DeLTA_ET405_2,DeLTA_ET405_2,train,,0.1.0,datasets/DeLTA/data/clips.csv,16477db50d4b3a5bb17f72534f055d8a2f61c67d59ca7415bb9a215c9ffbc3c8
mosaiq-benchmark-v0.1-candidate-20260716,mosaiq-benchmark,0.1.0-dev,delta_source_multilabel,0.1.0,DeLTA,clip,DeLTA_CT535_2,DeLTA_CT535_2,train,,0.1.0,datasets/DeLTA/data/clips.csv,5f021edf42ba93b51e8e97d73e6f1beccef5fa472d1218c257f8512bcee8f001
mosaiq-benchmark-v0.1-candidate-20260716,mosaiq-benchmark,0.1.0-dev,delta_source_multilabel,0.1.0,DeLTA,clip,DeLTA_ts215_2,DeLTA_ts215_2,train,,0.1.0,datasets/DeLTA/data/clips.csv,2f3312556619e5032c911d7afcd0fe6ce3df0ced2c84029dd8e27616121f3f75
mosaiq-benchmark-v0.1-candidate-20260716,mosaiq-benchmark,0.1.0-dev,delta_source_multilabel,0.1.0,DeLTA,clip,DeLTA_MC505_1,DeLTA_MC505_1,train,,0.1.0,datasets/DeLTA/data/clips.csv,16e6df3db3395f7699ae52380b61b11bd8ac20203b557d4394f0ec976087c732
mosaiq-benchmark-v0.1-candidate-20260716,mosaiq-benchmark,0.1.0-dev,delta_source_multilabel,0.1.0,DeLTA,clip,DeLTA_ET403_1,DeLTA_ET403_1,train,,0.1.0,datasets/DeLTA/data/clips.csv,2f86572851ff4238461ff09b6a3a103c4363b421a401d24d7a2c83b95202f115
mosaiq-benchmark-v0.1-candidate-20260716,mosaiq-benchmark,0.1.0-dev,delta_source_multilabel,0.1.0,DeLTA,clip,DeLTA_Pl103_1,DeLTA_Pl103_1,train,,0.1.0,datasets/DeLTA/data/clips.csv,56214d48c452e6f87923ae33183de83d0d0dac1a5016a8c14f0dc8616fbab30f
mosaiq-benchmark-v0.1-candidate-20260716,mosaiq-benchmark,0.1.0-dev,delta_source_multilabel,0.1.0,DeLTA,clip,DeLTA_Rp102_2,DeLTA_Rp102_2,train,,0.1.0,datasets/DeLTA/data/clips.csv,ae1755c50cd4cb1902b05fa77b3409e2644dc702fd69b03bc81f0525b085d6a3
mosaiq-benchmark-v0.1-candidate-20260716,mosaiq-benchmark,0.1.0-dev,delta_source_multilabel,0.1.0,DeLTA,clip,DeLTA_ML131_2,DeLTA_ML131_2,test,,0.1.0,datasets/DeLTA/data/clips.csv,b4f298b4f2015bc8551a91c3a42aebc70ee165a52e32ab3a19277f8bc4c8928f
mosaiq-benchmark-v0.1-candidate-20260716,mosaiq-benchmark,0.1.0-dev,delta_source_multilabel,0.1.0,DeLTA,clip,DeLTA_TS526_1,DeLTA_TS526_1,train,,0.1.0,datasets/DeLTA/data/clips.csv,c8a622a78eee87d8e0df4974334d4880c6868296bfc4485097d526c21e0ab89a
mosaiq-benchmark-v0.1-candidate-20260716,mosaiq-benchmark,0.1.0-dev,delta_source_multilabel,0.1.0,DeLTA,clip,DeLTA_Rs202_1,DeLTA_Rs202_1,dev,,0.1.0,datasets/DeLTA/data/clips.csv,f0d9596aa7f24c20a31f983c5fbb107575e2ca50f4586dd3bd77a5dcadfc3b72
mosaiq-benchmark-v0.1-candidate-20260716,mosaiq-benchmark,0.1.0-dev,delta_source_multilabel,0.1.0,DeLTA,clip,DeLTA_tm112_2,DeLTA_tm112_2,test,,0.1.0,datasets/DeLTA/data/clips.csv,e7c2d005b1598aed6fa3460dd14918c4aabcb9aa536835b6b531edbbcccffda4
mosaiq-benchmark-v0.1-candidate-20260716,mosaiq-benchmark,0.1.0-dev,delta_source_multilabel,0.1.0,DeLTA,clip,DeLTA_m16_2,DeLTA_m16_2,train,,0.1.0,datasets/DeLTA/data/clips.csv,f2fa7121b919f891b9e00f811f8608e5eb64eea0c763496713f5fb981d093540
mosaiq-benchmark-v0.1-candidate-20260716,mosaiq-benchmark,0.1.0-dev,delta_source_multilabel,0.1.0,DeLTA,clip,DeLTA_tm107_1,DeLTA_tm107_1,train,,0.1.0,datasets/DeLTA/data/clips.csv,3239f434379d76589be9a0e5f94dc8a521886fb5dd8d18053f65384b0789af4e
mosaiq-benchmark-v0.1-candidate-20260716,mosaiq-benchmark,0.1.0-dev,delta_source_multilabel,0.1.0,DeLTA,clip,DeLTA_CT117_1,DeLTA_CT117_1,test,,0.1.0,datasets/DeLTA/data/clips.csv,131bdeba1cc5c3ee6313cacafbbc71a5b5c6710ca262d19fb80b32037d360eb5
mosaiq-benchmark-v0.1-candidate-20260716,mosaiq-benchmark,0.1.0-dev,delta_source_multilabel,0.1.0,DeLTA,clip,DeLTA_ET306_1,DeLTA_ET306_1,dev,,0.1.0,datasets/DeLTA/data/clips.csv,bce7bd4c7052371f1fa00bae320f856aef978955ed3c15f775a7040d0286787c
mosaiq-benchmark-v0.1-candidate-20260716,mosaiq-benchmark,0.1.0-dev,delta_source_multilabel,0.1.0,DeLTA,clip,DeLTA_cp17_1,DeLTA_cp17_1,train,,0.1.0,datasets/DeLTA/data/clips.csv,175d09a15dc7919a31424265c8af2a3c7cd74c76da0ae12d677032917d9d8491
mosaiq-benchmark-v0.1-candidate-20260716,mosaiq-benchmark,0.1.0-dev,delta_source_multilabel,0.1.0,DeLTA,clip,DeLTA_ts202_2,DeLTA_ts202_2,test,,0.1.0,datasets/DeLTA/data/clips.csv,0ae7465577701894b910918b00f593dbeb4a5b25305a02bd7c2528c1f82eabb7
mosaiq-benchmark-v0.1-candidate-20260716,mosaiq-benchmark,0.1.0-dev,delta_source_multilabel,0.1.0,DeLTA,clip,DeLTA_SM511_1,DeLTA_SM511_1,train,,0.1.0,datasets/DeLTA/data/clips.csv,d1c4baedd7a6a6adff098bf344b300210f0461626b3754080d3ba3c535d1d54d
mosaiq-benchmark-v0.1-candidate-20260716,mosaiq-benchmark,0.1.0-dev,delta_source_multilabel,0.1.0,DeLTA,clip,DeLTA_ML205_1,DeLTA_ML205_1,train,,0.1.0,datasets/DeLTA/data/clips.csv,176788f2e2082ef4b00bcf885e22eb17f9b6e057f4c901727279bfa003c1da54
mosaiq-benchmark-v0.1-candidate-20260716,mosaiq-benchmark,0.1.0-dev,delta_source_multilabel,0.1.0,DeLTA,clip,DeLTA_MG308_2,DeLTA_MG308_2,train,,0.1.0,datasets/DeLTA/data/clips.csv,2eabbf43d05702044d76fe5d4509767bdfe00a8c59599aea9c717915c067587e
mosaiq-benchmark-v0.1-candidate-20260716,mosaiq-benchmark,0.1.0-dev,delta_source_multilabel,0.1.0,DeLTA,clip,DeLTA_CT313_2,DeLTA_CT313_2,test,,0.1.0,datasets/DeLTA/data/clips.csv,08e3af7f36e02105e1c7511b7ce7aada33ffabd1af444b91e251cfd7e95b927a
mosaiq-benchmark-v0.1-candidate-20260716,mosaiq-benchmark,0.1.0-dev,delta_source_multilabel,0.1.0,DeLTA,clip,DeLTA_Mc108_2,DeLTA_Mc108_2,test,,0.1.0,datasets/DeLTA/data/clips.csv,01411a76ff27ff5b03f28fbf667e0fe5fe8ceb22821dd914208d57e014c0597b
mosaiq-benchmark-v0.1-candidate-20260716,mosaiq-benchmark,0.1.0-dev,delta_source_multilabel,0.1.0,DeLTA,clip,DeLTA_SM516_1,DeLTA_SM516_1,dev,,0.1.0,datasets/DeLTA/data/clips.csv,7c7338e53fa1322604eb53ce5095942a86a52bcd29782dd7078d53c86d50cef2
mosaiq-benchmark-v0.1-candidate-20260716,mosaiq-benchmark,0.1.0-dev,delta_source_multilabel,0.1.0,DeLTA,clip,DeLTA_SR245_2,DeLTA_SR245_2,train,,0.1.0,datasets/DeLTA/data/clips.csv,ff27240eea1d163ba6ff5bbd2877820a83be6a86f093f2f202dd12aef7ac648d
mosaiq-benchmark-v0.1-candidate-20260716,mosaiq-benchmark,0.1.0-dev,delta_source_multilabel,0.1.0,DeLTA,clip,DeLTA_Mc206_1,DeLTA_Mc206_1,train,,0.1.0,datasets/DeLTA/data/clips.csv,ce8f8b5bea0cf8ddb9485eda70630f7aeccbf076c1d8ae3dc06160cd92c92a2d
mosaiq-benchmark-v0.1-candidate-20260716,mosaiq-benchmark,0.1.0-dev,delta_source_multilabel,0.1.0,DeLTA,clip,DeLTA_SR210_2,DeLTA_SR210_2,dev,,0.1.0,datasets/DeLTA/data/clips.csv,86ed9dff636143a51950222c558793a5d60da0089f432ff2ef15565d213bcf78
mosaiq-benchmark-v0.1-candidate-20260716,mosaiq-benchmark,0.1.0-dev,delta_source_multilabel,0.1.0,DeLTA,clip,DeLTA_tm226_2,DeLTA_tm226_2,train,,0.1.0,datasets/DeLTA/data/clips.csv,0a69a567c7f6cf281f03bf978e1f2a772eff4a584487fcf577644ee0ace60c37
mosaiq-benchmark-v0.1-candidate-20260716,mosaiq-benchmark,0.1.0-dev,delta_source_multilabel,0.1.0,DeLTA,clip,DeLTA_Rs319_1,DeLTA_Rs319_1,dev,,0.1.0,datasets/DeLTA/data/clips.csv,c1e0f5fb7bfe1ec940acc1a492e36ddd6936fb2cd78cdf829d6ccb62fa6a1d4f
mosaiq-benchmark-v0.1-candidate-20260716,mosaiq-benchmark,0.1.0-dev,delta_source_multilabel,0.1.0,DeLTA,clip,DeLTA_Rf105_3,DeLTA_Rf105_3,train,,0.1.0,datasets/DeLTA/data/clips.csv,1b9202f57153a6766169737870ef99bc2f16383b6e2fd03beed0cb20e8d11127
mosaiq-benchmark-v0.1-candidate-20260716,mosaiq-benchmark,0.1.0-dev,delta_source_multilabel,0.1.0,DeLTA,clip,DeLTA_ET415_1,DeLTA_ET415_1,train,,0.1.0,datasets/DeLTA/data/clips.csv,bc7e7945c964fc02e0d27e1c5784cf22b6e2ce57939629de37f3562c87857fc2
mosaiq-benchmark-v0.1-candidate-20260716,mosaiq-benchmark,0.1.0-dev,delta_source_multilabel,0.1.0,DeLTA,clip,DeLTA_tm329_2,DeLTA_tm329_2,train,,0.1.0,datasets/DeLTA/data/clips.csv,152d71f299d6dd0cc5971b0a90be5e4dc9b91d6b1ae9965a49b8ced6d06add20
mosaiq-benchmark-v0.1-candidate-20260716,mosaiq-benchmark,0.1.0-dev,delta_source_multilabel,0.1.0,DeLTA,clip,DeLTA_SM516_2,DeLTA_SM516_2,train,,0.1.0,datasets/DeLTA/data/clips.csv,af05f9ac9aab107182b5d61d7386c21c497fd4f9d8ae07eec312defc5fae615c
mosaiq-benchmark-v0.1-candidate-20260716,mosaiq-benchmark,0.1.0-dev,delta_source_multilabel,0.1.0,DeLTA,clip,DeLTA_Rf124_1,DeLTA_Rf124_1,dev,,0.1.0,datasets/DeLTA/data/clips.csv,9a66481f2c0666eddea7dc7454450a4e6bbad3fe21c3f28438bfdf53c4b3cffe
mosaiq-benchmark-v0.1-candidate-20260716,mosaiq-benchmark,0.1.0-dev,delta_source_multilabel,0.1.0,DeLTA,clip,DeLTA_PL436_1,DeLTA_PL436_1,train,,0.1.0,datasets/DeLTA/data/clips.csv,3d7413bb2cc50e671cd673332cf1f4912e4da4d33a231435c8b2cbffba3a9756
mosaiq-benchmark-v0.1-candidate-20260716,mosaiq-benchmark,0.1.0-dev,delta_source_multilabel,0.1.0,DeLTA,clip,DeLTA_CT510_2,DeLTA_CT510_2,train,,0.1.0,datasets/DeLTA/data/clips.csv,07031743d01c6d203e914f6c24593e1055c82a02d34c93f3d52cc7a270f26906
mosaiq-benchmark-v0.1-candidate-20260716,mosaiq-benchmark,0.1.0-dev,delta_source_multilabel,0.1.0,DeLTA,clip,DeLTA_sc102_1,DeLTA_sc102_1,train,,0.1.0,datasets/DeLTA/data/clips.csv,bd33d6f6f0cc1167dcf18f4f0e05c0622d8835fbffcd726737809b55a52d609e
mosaiq-benchmark-v0.1-candidate-20260716,mosaiq-benchmark,0.1.0-dev,delta_source_multilabel,0.1.0,DeLTA,clip,DeLTA_sc112_2,DeLTA_sc112_2,train,,0.1.0,datasets/DeLTA/data/clips.csv,49e1c5a0302eccd44d3081cf35fdcc2a2c45bbde6017e4538a12f0f97c6c8fd8
mosaiq-benchmark-v0.1-candidate-20260716,mosaiq-benchmark,0.1.0-dev,delta_source_multilabel,0.1.0,DeLTA,clip,DeLTA_NP109_1,DeLTA_NP109_1,train,,0.1.0,datasets/DeLTA/data/clips.csv,4d1d6bcb8ffb99f97a238941fb33f2bf4c7f1a15ffff5f9cfc7fb56263564b27
mosaiq-benchmark-v0.1-candidate-20260716,mosaiq-benchmark,0.1.0-dev,delta_source_multilabel,0.1.0,DeLTA,clip,DeLTA_CT415_1,DeLTA_CT415_1,train,,0.1.0,datasets/DeLTA/data/clips.csv,d0583a8ba8b0e08c7525b8cd09bb4fdd2977185776f89a3b1fe4dc23aab9908f
mosaiq-benchmark-v0.1-candidate-20260716,mosaiq-benchmark,0.1.0-dev,delta_source_multilabel,0.1.0,DeLTA,clip,DeLTA_Rp220_1,DeLTA_Rp220_1,train,,0.1.0,datasets/DeLTA/data/clips.csv,fa170e85d182306be161bacf2c55ca96de6d214ad4a45df98ba8e4fefd1c74a9
mosaiq-benchmark-v0.1-candidate-20260716,mosaiq-benchmark,0.1.0-dev,delta_source_multilabel,0.1.0,DeLTA,clip,DeLTA_sr103_1,DeLTA_sr103_1,train,,0.1.0,datasets/DeLTA/data/clips.csv,bc1a15211797060446f6c80ec6e1eedbd6e508c8c78cdd1ab65ff06a223c9cc7
mosaiq-benchmark-v0.1-candidate-20260716,mosaiq-benchmark,0.1.0-dev,delta_source_multilabel,0.1.0,DeLTA,clip,DeLTA_RS416_1,DeLTA_RS416_1,train,,0.1.0,datasets/DeLTA/data/clips.csv,de44bbe6662aa09bacd17c47789d9e326db38a5ea4adae871532f8e8424279d6
mosaiq-benchmark-v0.1-candidate-20260716,mosaiq-benchmark,0.1.0-dev,delta_source_multilabel,0.1.0,DeLTA,clip,DeLTA_MG310_1,DeLTA_MG310_1,test,,0.1.0,datasets/DeLTA/data/clips.csv,62972ddc826db049694bae4b64272e9d4c7f9e1beae0554c1304f804f2ba8d77
mosaiq-benchmark-v0.1-candidate-20260716,mosaiq-benchmark,0.1.0-dev,delta_source_multilabel,0.1.0,DeLTA,clip,DeLTA_MC511_2,DeLTA_MC511_2,dev,,0.1.0,datasets/DeLTA/data/clips.csv,929640755dc3b1f46be146a89b8176a5675e0cc09bb74ca328ac69b8693f814e
mosaiq-benchmark-v0.1-candidate-20260716,mosaiq-benchmark,0.1.0-dev,delta_source_multilabel,0.1.0,DeLTA,clip,DeLTA_RS409_2,DeLTA_RS409_2,train,,0.1.0,datasets/DeLTA/data/clips.csv,8343977f0bc569b72c9d70fb876eb1b9a320c6af8ee5d8cc641b6eb141c1ccec
mosaiq-benchmark-v0.1-candidate-20260716,mosaiq-benchmark,0.1.0-dev,delta_source_multilabel,0.1.0,DeLTA,clip,DeLTA_AM07_1,DeLTA_AM07_1,train,,0.1.0,datasets/DeLTA/data/clips.csv,76aabcd1a463942c70b848f733963af0ac8609926357477e5784d8427bb2aa8d
mosaiq-benchmark-v0.1-candidate-20260716,mosaiq-benchmark,0.1.0-dev,delta_source_multilabel,0.1.0,DeLTA,clip,DeLTA_tm334_2,DeLTA_tm334_2,test,,0.1.0,datasets/DeLTA/data/clips.csv,e171eeb23b7dec04a86656f69e8188efd26f7205ce7567a4dd444fd568b8ef58
mosaiq-benchmark-v0.1-candidate-20260716,mosaiq-benchmark,0.1.0-dev,delta_source_multilabel,0.1.0,DeLTA,clip,DeLTA_PL405_1,DeLTA_PL405_1,train,,0.1.0,datasets/DeLTA/data/clips.csv,68c3de3d8ec778e6ff3970ef03d569fe8b8b3fea45b5f59a16599fb55974722e
mosaiq-benchmark-v0.1-candidate-20260716,mosaiq-benchmark,0.1.0-dev,delta_source_multilabel,0.1.0,DeLTA,clip,DeLTA_Rp121_2,DeLTA_Rp121_2,dev,,0.1.0,datasets/DeLTA/data/clips.csv,c1e2aaa10e9076a0eb2f55f313902132c76c771d349d5d704adc4cd30851e70c
mosaiq-benchmark-v0.1-candidate-20260716,mosaiq-benchmark,0.1.0-dev,delta_source_multilabel,0.1.0,DeLTA,clip,DeLTA_NP142_1,DeLTA_NP142_1,train,,0.1.0,datasets/DeLTA/data/clips.csv,fec4c1f053c10cb8089905c76ed1fc13373443050ca443592c326a11449ab503
mosaiq-benchmark-v0.1-candidate-20260716,mosaiq-benchmark,0.1.0-dev,delta_source_multilabel,0.1.0,DeLTA,clip,DeLTA_PL425_1,DeLTA_PL425_1,train,,0.1.0,datasets/DeLTA/data/clips.csv,b0541feedbc4feb111f7734e6385e52be0ce67e0225da9a1765435659eb58a76
mosaiq-benchmark-v0.1-candidate-20260716,mosaiq-benchmark,0.1.0-dev,delta_source_multilabel,0.1.0,DeLTA,clip,DeLTA_Rs323_2,DeLTA_Rs323_2,train,,0.1.0,datasets/DeLTA/data/clips.csv,338ca7f87e759a328c947609fb97d531fb240c04ac1d1feddc37946ffd60d613
mosaiq-benchmark-v0.1-candidate-20260716,mosaiq-benchmark,0.1.0-dev,delta_source_multilabel,0.1.0,DeLTA,clip,DeLTA_TM404_2,DeLTA_TM404_2,train,,0.1.0,datasets/DeLTA/data/clips.csv,9caeaa6e5b08311f459cd63bae4a2629006361e89eafbb498793cb6719efa5df
mosaiq-benchmark-v0.1-candidate-20260716,mosaiq-benchmark,0.1.0-dev,delta_source_multilabel,0.1.0,DeLTA,clip,DeLTA_MG105_2,DeLTA_MG105_2,train,,0.1.0,datasets/DeLTA/data/clips.csv,d732046b41d2c2e27c3af6fe0a000b4651fbf388b050cf3ed9852e8b8c6d8f17
mosaiq-benchmark-v0.1-candidate-20260716,mosaiq-benchmark,0.1.0-dev,delta_source_multilabel,0.1.0,DeLTA,clip,DeLTA_MG206_2,DeLTA_MG206_2,test,,0.1.0,datasets/DeLTA/data/clips.csv,b774adb008d232ec84d8b7b0e45ec30e482e0b2f94e2f4ef4a55deac9a90024b
mosaiq-benchmark-v0.1-candidate-20260716,mosaiq-benchmark,0.1.0-dev,delta_source_multilabel,0.1.0,DeLTA,clip,DeLTA_tm325_2,DeLTA_tm325_2,test,,0.1.0,datasets/DeLTA/data/clips.csv,df98c7fd8688c76a392f592d68e4be6cfb9f2fb4e65bfae066a1ff4ef5378647
mosaiq-benchmark-v0.1-candidate-20260716,mosaiq-benchmark,0.1.0-dev,delta_source_multilabel,0.1.0,DeLTA,clip,DeLTA_CT110_2,DeLTA_CT110_2,test,,0.1.0,datasets/DeLTA/data/clips.csv,0df9bc66529499ec22c70e31d03e7910ec8b358ba3335fee6a6d9b99a5fc84c0
mosaiq-benchmark-v0.1-candidate-20260716,mosaiq-benchmark,0.1.0-dev,delta_source_multilabel,0.1.0,DeLTA,clip,DeLTA_NP132_2,DeLTA_NP132_2,train,,0.1.0,datasets/DeLTA/data/clips.csv,71d6aaa09e521d357a6c595917a7c08b13d010b1f7207b2d820182c9b70d835e
mosaiq-benchmark-v0.1-candidate-20260716,mosaiq-benchmark,0.1.0-dev,delta_source_multilabel,0.1.0,DeLTA,clip,DeLTA_m13_2,DeLTA_m13_2,train,,0.1.0,datasets/DeLTA/data/clips.csv,e1e8106bf41d877e294260caf846e1333b4192c448e8e721b8f7ff0f9ac15aa5
mosaiq-benchmark-v0.1-candidate-20260716,mosaiq-benchmark,0.1.0-dev,delta_source_multilabel,0.1.0,DeLTA,clip,DeLTA_tm335_1,DeLTA_tm335_1,test,,0.1.0,datasets/DeLTA/data/clips.csv,24b6c190ed21e88592b2d8afcae6a2a4a31f6e1c97698247cede2976145b13e5
mosaiq-benchmark-v0.1-candidate-20260716,mosaiq-benchmark,0.1.0-dev,delta_source_multilabel,0.1.0,DeLTA,clip,DeLTA_SC219_1,DeLTA_SC219_1,train,,0.1.0,datasets/DeLTA/data/clips.csv,88d268c3028759862a6128b273f1d7711d3e7c6a3b048cf36aaf71bd8c601314
mosaiq-benchmark-v0.1-candidate-20260716,mosaiq-benchmark,0.1.0-dev,delta_source_multilabel,0.1.0,DeLTA,clip,DeLTA_Rf128_2,DeLTA_Rf128_2,train,,0.1.0,datasets/DeLTA/data/clips.csv,140f308f59ff7799fd92de6912cd55be49779bbb1b5b985b75525dea44ccb339
mosaiq-benchmark-v0.1-candidate-20260716,mosaiq-benchmark,0.1.0-dev,delta_source_multilabel,0.1.0,DeLTA,clip,DeLTA_Rs118_1,DeLTA_Rs118_1,test,,0.1.0,datasets/DeLTA/data/clips.csv,79cd541f373510b9de2b50b22339ebc3ceef06b81bbef5d5a0018a2628cdebce
mosaiq-benchmark-v0.1-candidate-20260716,mosaiq-benchmark,0.1.0-dev,delta_source_multilabel,0.1.0,DeLTA,clip,DeLTA_CT325_1,DeLTA_CT325_1,dev,,0.1.0,datasets/DeLTA/data/clips.csv,25effd07fd253dcff4cb6dfa1513ac1be365340fdb8acacb67bcc0f348c31b66
mosaiq-benchmark-v0.1-candidate-20260716,mosaiq-benchmark,0.1.0-dev,delta_source_multilabel,0.1.0,DeLTA,clip,DeLTA_Ts408_2,DeLTA_Ts408_2,train,,0.1.0,datasets/DeLTA/data/clips.csv,f05eb345184cd5450f15ce06975d24b0f5f58c3d9e5a5815f16f2180393c0014
mosaiq-benchmark-v0.1-candidate-20260716,mosaiq-benchmark,0.1.0-dev,delta_source_multilabel,0.1.0,DeLTA,clip,DeLTA_CT530_2,DeLTA_CT530_2,train,,0.1.0,datasets/DeLTA/data/clips.csv,0734641d0129256c191599ca348db02997da8f58c27fe1a15348c6e17d314414
mosaiq-benchmark-v0.1-candidate-20260716,mosaiq-benchmark,0.1.0-dev,delta_source_multilabel,0.1.0,DeLTA,clip,DeLTA_TM439_2,DeLTA_TM439_2,test,,0.1.0,datasets/DeLTA/data/clips.csv,f29fd455ecbdb3be8e1c3d49d7e49d70e02d26879abe58239a763b1e240c3cd7
mosaiq-benchmark-v0.1-candidate-20260716,mosaiq-benchmark,0.1.0-dev,delta_source_multilabel,0.1.0,DeLTA,clip,DeLTA_Rp117_1,DeLTA_Rp117_1,test,,0.1.0,datasets/DeLTA/data/clips.csv,290101db382ec1b6561fcc6298bc9fc955f7592d2181325808863d6d05743625
mosaiq-benchmark-v0.1-candidate-20260716,mosaiq-benchmark,0.1.0-dev,delta_source_multilabel,0.1.0,DeLTA,clip,DeLTA_m21_2,DeLTA_m21_2,train,,0.1.0,datasets/DeLTA/data/clips.csv,6cce830672d8c5da88d03e7e4b6494d55e155a59418c4adf2f93aadd63142834
mosaiq-benchmark-v0.1-candidate-20260716,mosaiq-benchmark,0.1.0-dev,delta_source_multilabel,0.1.0,DeLTA,clip,DeLTA_RF329_2,DeLTA_RF329_2,train,,0.1.0,datasets/DeLTA/data/clips.csv,f046e038002463fac92f556384e0d0e34db4ee780e6a59d0bbd917b4f63ad75d
mosaiq-benchmark-v0.1-candidate-20260716,mosaiq-benchmark,0.1.0-dev,delta_source_multilabel,0.1.0,DeLTA,clip,DeLTA_ET435_1,DeLTA_ET435_1,train,,0.1.0,datasets/DeLTA/data/clips.csv,5a54e88f39a341df5f1000c72e0b16fe01e8c6bbd5cf8d7bfed6e53be9108a2f
mosaiq-benchmark-v0.1-candidate-20260716,mosaiq-benchmark,0.1.0-dev,delta_source_multilabel,0.1.0,DeLTA,clip,DeLTA_TM402_2,DeLTA_TM402_2,test,,0.1.0,datasets/DeLTA/data/clips.csv,a98e6821e17a2af30de2dc2df24e82dceb9bba2e44e478c944e9059e78cf03f6
mosaiq-benchmark-v0.1-candidate-20260716,mosaiq-benchmark,0.1.0-dev,delta_source_multilabel,0.1.0,DeLTA,clip,DeLTA_RF343_1,DeLTA_RF343_1,train,,0.1.0,datasets/DeLTA/data/clips.csv,64d3672f1b0a16ea8fd64511254c9ffdfb88a799b08f235560551797dc748785
mosaiq-benchmark-v0.1-candidate-20260716,mosaiq-benchmark,0.1.0-dev,delta_source_multilabel,0.1.0,DeLTA,clip,DeLTA_SM312_1,DeLTA_SM312_1,train,,0.1.0,datasets/DeLTA/data/clips.csv,087c817e5bc506641fe033afb696a91cbac8e068b7d73cd047b76325313f241a
mosaiq-benchmark-v0.1-candidate-20260716,mosaiq-benchmark,0.1.0-dev,delta_source_multilabel,0.1.0,DeLTA,clip,DeLTA_Rf108_2,DeLTA_Rf108_2,dev,,0.1.0,datasets/DeLTA/data/clips.csv,a21e2808e3ee6a97f0c05425690d42ad9b2bf30f941ff1ef9bfb2beb0a134d2e
mosaiq-benchmark-v0.1-candidate-20260716,mosaiq-benchmark,0.1.0-dev,delta_source_multilabel,0.1.0,DeLTA,clip,DeLTA_MG103_1,DeLTA_MG103_1,train,,0.1.0,datasets/DeLTA/data/clips.csv,173874528a266d37c5f8e26b86c0e2b5e5d8c3e5ae365647ac8abe5dd32bf9a5
mosaiq-benchmark-v0.1-candidate-20260716,mosaiq-benchmark,0.1.0-dev,delta_source_multilabel,0.1.0,DeLTA,clip,DeLTA_sc130_2,DeLTA_sc130_2,dev,,0.1.0,datasets/DeLTA/data/clips.csv,30f44980d9e9fdff77279a202482cba551a07cd2fd0a5786bf094f7313ce58d1
mosaiq-benchmark-v0.1-candidate-20260716,mosaiq-benchmark,0.1.0-dev,delta_source_multilabel,0.1.0,DeLTA,clip,DeLTA_MC530_1,DeLTA_MC530_1,test,,0.1.0,datasets/DeLTA/data/clips.csv,94f54c837e75b018f9ee1cc545623627208386e0a991a15f6bc4b8c20a22db7e
mosaiq-benchmark-v0.1-candidate-20260716,mosaiq-benchmark,0.1.0-dev,delta_source_multilabel,0.1.0,DeLTA,clip,DeLTA_cv35_2,DeLTA_cv35_2,train,,0.1.0,datasets/DeLTA/data/clips.csv,33be27a0ba4780ebab41a5a679eb4991ef9667cdfd60b9ac2171af1aac5309f2
mosaiq-benchmark-v0.1-candidate-20260716,mosaiq-benchmark,0.1.0-dev,delta_source_multilabel,0.1.0,DeLTA,clip,DeLTA_RS425_2,DeLTA_RS425_2,train,,0.1.0,datasets/DeLTA/data/clips.csv,15530a098532e4d67fecdc736b65ba73d9fc18d7cec45a5f865d46c1f3be75a7
mosaiq-benchmark-v0.1-candidate-20260716,mosaiq-benchmark,0.1.0-dev,delta_source_multilabel,0.1.0,DeLTA,clip,DeLTA_SR244_2,DeLTA_SR244_2,test,,0.1.0,datasets/DeLTA/data/clips.csv,8c0c255fe903a81398d9126dd47b00e199178e7003db79daeb0cab9b1605058b
mosaiq-benchmark-v0.1-candidate-20260716,mosaiq-benchmark,0.1.0-dev,delta_source_multilabel,0.1.0,DeLTA,clip,DeLTA_NP149_1,DeLTA_NP149_1,train,,0.1.0,datasets/DeLTA/data/clips.csv,aa5ea42eb70a32b5e812d1090cb78cc984a476ad31b428c3a1dbbaac6d748981
mosaiq-benchmark-v0.1-candidate-20260716,mosaiq-benchmark,0.1.0-dev,delta_source_multilabel,0.1.0,DeLTA,clip,DeLTA_SR209_1,DeLTA_SR209_1,train,,0.1.0,datasets/DeLTA/data/clips.csv,44ed7aa2d02a3d3790a54d0d9b374d92e3db8d46bb280bd032023f7fa035bcb0
mosaiq-benchmark-v0.1-candidate-20260716,mosaiq-benchmark,0.1.0-dev,delta_source_multilabel,0.1.0,DeLTA,clip,DeLTA_PL427_2,DeLTA_PL427_2,train,,0.1.0,datasets/DeLTA/data/clips.csv,7a012d29cb403cd02137529b0c1f0c0423e20365c0fee385a3a1bf9e660cda5b
mosaiq-benchmark-v0.1-candidate-20260716,mosaiq-benchmark,0.1.0-dev,delta_source_multilabel,0.1.0,DeLTA,clip,DeLTA_CT321_2,DeLTA_CT321_2,train,,0.1.0,datasets/DeLTA/data/clips.csv,b5ec61fdc4940a04093b737d340213a98153265cdab1744ae3fc3a6c76618f0e
mosaiq-benchmark-v0.1-candidate-20260716,mosaiq-benchmark,0.1.0-dev,delta_source_multilabel,0.1.0,DeLTA,clip,DeLTA_sc116_2,DeLTA_sc116_2,train,,0.1.0,datasets/DeLTA/data/clips.csv,91b7d29327541f6bd1944f3ae561486493c6e201b9d2dbe83a5be0ad62812667
mosaiq-benchmark-v0.1-candidate-20260716,mosaiq-benchmark,0.1.0-dev,delta_source_multilabel,0.1.0,DeLTA,clip,DeLTA_TM426_1,DeLTA_TM426_1,train,,0.1.0,datasets/DeLTA/data/clips.csv,235fadc38564bcd2a797c13f83f397ad7b57f35c16c88b7cba6804714edec8cd
mosaiq-benchmark-v0.1-candidate-20260716,mosaiq-benchmark,0.1.0-dev,delta_source_multilabel,0.1.0,DeLTA,clip,DeLTA_PL419_2,DeLTA_PL419_2,dev,,0.1.0,datasets/DeLTA/data/clips.csv,c809db1964c28ccb52c83f15c4d477297d7e883734494bfecbc6b01f95aa0a9c
mosaiq-benchmark-v0.1-candidate-20260716,mosaiq-benchmark,0.1.0-dev,delta_source_multilabel,0.1.0,DeLTA,clip,DeLTA_SC222_2,DeLTA_SC222_2,dev,,0.1.0,datasets/DeLTA/data/clips.csv,268fb76cb1bca142398c199845391247a258bcea8592ba48178b5fe0a15a011e
mosaiq-benchmark-v0.1-candidate-20260716,mosaiq-benchmark,0.1.0-dev,delta_source_multilabel,0.1.0,DeLTA,clip,DeLTA_Rs112_2,DeLTA_Rs112_2,train,,0.1.0,datasets/DeLTA/data/clips.csv,21385e511ba8a2d0d727f8d3654ef29922e54a496212f38012f101bea8595ff5
mosaiq-benchmark-v0.1-candidate-20260716,mosaiq-benchmark,0.1.0-dev,delta_source_multilabel,0.1.0,DeLTA,clip,DeLTA_CT322_1,DeLTA_CT322_1,train,,0.1.0,datasets/DeLTA/data/clips.csv,4e4210365fa82a647e32beeaec0239a2498e0ca333de172ca31f2b91b697ebdc
mosaiq-benchmark-v0.1-candidate-20260716,mosaiq-benchmark,0.1.0-dev,delta_source_multilabel,0.1.0,DeLTA,clip,DeLTA_RS424_1,DeLTA_RS424_1,dev,,0.1.0,datasets/DeLTA/data/clips.csv,a41200e95d47788a9a68941bccbba3908c72e5c435dd95cab994fce2e013ae47
mosaiq-benchmark-v0.1-candidate-20260716,mosaiq-benchmark,0.1.0-dev,delta_source_multilabel,0.1.0,DeLTA,clip,DeLTA_Rf110_2,DeLTA_Rf110_2,test,,0.1.0,datasets/DeLTA/data/clips.csv,cddc7a549d00ca4d052abf3907856c2c8e2a7e2fe991b1ba6cee828a0b8f41a7
mosaiq-benchmark-v0.1-candidate-20260716,mosaiq-benchmark,0.1.0-dev,delta_source_multilabel,0.1.0,DeLTA,clip,DeLTA_Rs310_2,DeLTA_Rs310_2,train,,0.1.0,datasets/DeLTA/data/clips.csv,03a669841c4880020214b8da8f7268bacd2167ce44e92be457f2abd560d03724
mosaiq-benchmark-v0.1-candidate-20260716,mosaiq-benchmark,0.1.0-dev,delta_source_multilabel,0.1.0,DeLTA,clip,DeLTA_sc144_1,DeLTA_sc144_1,dev,,0.1.0,datasets/DeLTA/data/clips.csv,cc14c8fa0b467c7e3a1620ed90b3434ca30b7a02d3048c7c2440ac2252b981c6
mosaiq-benchmark-v0.1-candidate-20260716,mosaiq-benchmark,0.1.0-dev,delta_source_multilabel,0.1.0,DeLTA,clip,DeLTA_Rp105_3,DeLTA_Rp105_3,train,,0.1.0,datasets/DeLTA/data/clips.csv,f5efa61adce82832c28cb7a665270462b010dfd20f06ed020cf8ee024e90f7c1
mosaiq-benchmark-v0.1-candidate-20260716,mosaiq-benchmark,0.1.0-dev,delta_source_multilabel,0.1.0,DeLTA,clip,DeLTA_Mc333_2,DeLTA_Mc333_2,train,,0.1.0,datasets/DeLTA/data/clips.csv,2795ec554d6ff18ddfce3e6b07a86036d1e94cb3c1235d756f9b688827c3304a
mosaiq-benchmark-v0.1-candidate-20260716,mosaiq-benchmark,0.1.0-dev,delta_source_multilabel,0.1.0,DeLTA,clip,DeLTA_TS506_2,DeLTA_TS506_2,train,,0.1.0,datasets/DeLTA/data/clips.csv,53a390e927affb6d7d16cbd4ca2b100f940a1a262bf6f6918eb4acd9f0acd69d
mosaiq-benchmark-v0.1-candidate-20260716,mosaiq-benchmark,0.1.0-dev,delta_source_multilabel,0.1.0,DeLTA,clip,DeLTA_NP116_2,DeLTA_NP116_2,train,,0.1.0,datasets/DeLTA/data/clips.csv,955f6e1716377ea523814eb5f4f461ef924fc4f1b8a65b763e56baf6e00d361e
mosaiq-benchmark-v0.1-candidate-20260716,mosaiq-benchmark,0.1.0-dev,delta_source_multilabel,0.1.0,DeLTA,clip,DeLTA_cv14_2,DeLTA_cv14_2,test,,0.1.0,datasets/DeLTA/data/clips.csv,86c8a5db06325958ee3419b3026666c32e0c8b17275780c3f5cbc1f544443bb3
mosaiq-benchmark-v0.1-candidate-20260716,mosaiq-benchmark,0.1.0-dev,delta_source_multilabel,0.1.0,DeLTA,clip,DeLTA_CT541_1,DeLTA_CT541_1,train,,0.1.0,datasets/DeLTA/data/clips.csv,f55c5872afc3e12afb805d4ed59619effe385cb05b51bf18cbfbe5f84e61683c
mosaiq-benchmark-v0.1-candidate-20260716,mosaiq-benchmark,0.1.0-dev,delta_source_multilabel,0.1.0,DeLTA,clip,DeLTA_bib6_1,DeLTA_bib6_1,train,,0.1.0,datasets/DeLTA/data/clips.csv,31ef29440f5eb9a8ecb7ef7f27eea5e19f5825928c6f8b95b960c28d89a47a4b
mosaiq-benchmark-v0.1-candidate-20260716,mosaiq-benchmark,0.1.0-dev,delta_source_multilabel,0.1.0,DeLTA,clip,DeLTA_tm206_2,DeLTA_tm206_2,train,,0.1.0,datasets/DeLTA/data/clips.csv,e98e59ad39fb1b33c6e12c2c19645e01fd1b275d3df2ff2bc87356650875ad71
mosaiq-benchmark-v0.1-candidate-20260716,mosaiq-benchmark,0.1.0-dev,delta_source_multilabel,0.1.0,DeLTA,clip,DeLTA_bib12_2,DeLTA_bib12_2,train,,0.1.0,datasets/DeLTA/data/clips.csv,0d937eea0e4a14eb1f9876106e2d4bd72fea3dded64861085cb3ab2322e63c88
mosaiq-benchmark-v0.1-candidate-20260716,mosaiq-benchmark,0.1.0-dev,delta_source_multilabel,0.1.0,DeLTA,clip,DeLTA_tm325_1,DeLTA_tm325_1,train,,0.1.0,datasets/DeLTA/data/clips.csv,484168834c65a72751775d7b2515b5c46a82984a212d9c3d7c08e5c579fd36ab
mosaiq-benchmark-v0.1-candidate-20260716,mosaiq-benchmark,0.1.0-dev,delta_source_multilabel,0.1.0,DeLTA,clip,DeLTA_PL421_1,DeLTA_PL421_1,test,,0.1.0,datasets/DeLTA/data/clips.csv,fe22d9e90bb8bfeb5f4e4df98a66b5d8e55ae774285608cd0554408b4064c784
mosaiq-benchmark-v0.1-candidate-20260716,mosaiq-benchmark,0.1.0-dev,delta_source_multilabel,0.1.0,DeLTA,clip,DeLTA_CT507_2,DeLTA_CT507_2,train,,0.1.0,datasets/DeLTA/data/clips.csv,9a20f58593be31e71369b202c84b7984ae3dc54dcddd9ae1e77ad73b5359106b
mosaiq-benchmark-v0.1-candidate-20260716,mosaiq-benchmark,0.1.0-dev,delta_source_multilabel,0.1.0,DeLTA,clip,DeLTA_tm213_1,DeLTA_tm213_1,train,,0.1.0,datasets/DeLTA/data/clips.csv,f6254d33eeb9cf0fac3563abc3e241b0bd38f8faf0e537494f3e4ea30cbdcfda
mosaiq-benchmark-v0.1-candidate-20260716,mosaiq-benchmark,0.1.0-dev,delta_source_multilabel,0.1.0,DeLTA,clip,DeLTA_Mc103_3,DeLTA_Mc103_3,train,,0.1.0,datasets/DeLTA/data/clips.csv,bcbe60e94e5bb4275d3ce1f3035cebd7fbeba039f2b3db9c51e3b6c594733104
mosaiq-benchmark-v0.1-candidate-20260716,mosaiq-benchmark,0.1.0-dev,delta_source_multilabel,0.1.0,DeLTA,clip,DeLTA_TS530_1,DeLTA_TS530_1,train,,0.1.0,datasets/DeLTA/data/clips.csv,863654f8962f0f50cf5b594993dfc3c88ba9d1fa4617e938ffea0fd116f8f03b
mosaiq-benchmark-v0.1-candidate-20260716,mosaiq-benchmark,0.1.0-dev,delta_source_multilabel,0.1.0,DeLTA,clip,DeLTA_Mc127_1,DeLTA_Mc127_1,train,,0.1.0,datasets/DeLTA/data/clips.csv,7b6cae1ae485413afa006736255cdc039f400f20b540a1e90292bfe6d6267162
mosaiq-benchmark-v0.1-candidate-20260716,mosaiq-benchmark,0.1.0-dev,delta_source_multilabel,0.1.0,DeLTA,clip,DeLTA_Rs303_2,DeLTA_Rs303_2,train,,0.1.0,datasets/DeLTA/data/clips.csv,63c2012765666678686d33f246386173046f501b6f6bc9442075d26477278adb
mosaiq-benchmark-v0.1-candidate-20260716,mosaiq-benchmark,0.1.0-dev,delta_source_multilabel,0.1.0,DeLTA,clip,DeLTA_Rs203_2,DeLTA_Rs203_2,test,,0.1.0,datasets/DeLTA/data/clips.csv,8dc75f3920a846bc1f7a0b82ea228b58020bb0dd124817153e4a63f0a11e55a7
mosaiq-benchmark-v0.1-candidate-20260716,mosaiq-benchmark,0.1.0-dev,delta_source_multilabel,0.1.0,DeLTA,clip,DeLTA_SM513_2,DeLTA_SM513_2,train,,0.1.0,datasets/DeLTA/data/clips.csv,472e6337b5bdb8b6e2e47d20e65ec5ffaef9e945d5c77d62b28eeb4ebf1a8eef
mosaiq-benchmark-v0.1-candidate-20260716,mosaiq-benchmark,0.1.0-dev,delta_source_multilabel,0.1.0,DeLTA,clip,DeLTA_ML206_4,DeLTA_ML206_4,test,,0.1.0,datasets/DeLTA/data/clips.csv,9d647b780f7b927f4b40d914ddb938105a9736f03913a3abc5aeb60f4bf5dd20
mosaiq-benchmark-v0.1-candidate-20260716,mosaiq-benchmark,0.1.0-dev,delta_source_multilabel,0.1.0,DeLTA,clip,DeLTA_SM411_2,DeLTA_SM411_2,train,,0.1.0,datasets/DeLTA/data/clips.csv,6d8aa2438d2b3de37fa4ed0331de3d2221b5ea624be44a50c947c04029abddea
mosaiq-benchmark-v0.1-candidate-20260716,mosaiq-benchmark,0.1.0-dev,delta_source_multilabel,0.1.0,DeLTA,clip,DeLTA_ts317_1,DeLTA_ts317_1,dev,,0.1.0,datasets/DeLTA/data/clips.csv,de812c6435a8aea9177158c84a2c66f2bbb742ddac6c64b67504e54c35a55fad
mosaiq-benchmark-v0.1-candidate-20260716,mosaiq-benchmark,0.1.0-dev,delta_source_multilabel,0.1.0,DeLTA,clip,DeLTA_sc143_2,DeLTA_sc143_2,train,,0.1.0,datasets/DeLTA/data/clips.csv,f9637350194f2635d2ede8ecf1d862cab045885726089a7c46b7041185e217da
mosaiq-benchmark-v0.1-candidate-20260716,mosaiq-benchmark,0.1.0-dev,delta_source_multilabel,0.1.0,DeLTA,clip,DeLTA_PL320_2,DeLTA_PL320_2,dev,,0.1.0,datasets/DeLTA/data/clips.csv,ecd9fd46deb9ae2b8c7548b3df65aa44d989eb63fdf43e9f259b8bee4faba2af
mosaiq-benchmark-v0.1-candidate-20260716,mosaiq-benchmark,0.1.0-dev,delta_source_multilabel,0.1.0,DeLTA,clip,DeLTA_Pl114_1,DeLTA_Pl114_1,train,,0.1.0,datasets/DeLTA/data/clips.csv,3f641ed609b1104ccd85bb9a97c8dde122db3664f20ad355bf74f1c1983f541c
mosaiq-benchmark-v0.1-candidate-20260716,mosaiq-benchmark,0.1.0-dev,delta_source_multilabel,0.1.0,DeLTA,clip,DeLTA_RF301_2,DeLTA_RF301_2,train,,0.1.0,datasets/DeLTA/data/clips.csv,d018beacca452df6cecd5a3931014c29db1fb5f53c0901bc2f97f3764c8691ac
mosaiq-benchmark-v0.1-candidate-20260716,mosaiq-benchmark,0.1.0-dev,delta_source_multilabel,0.1.0,DeLTA,clip,DeLTA_ET417_1,DeLTA_ET417_1,test,,0.1.0,datasets/DeLTA/data/clips.csv,876097748e0e6db4ab1e3c80982c513df1712c87f95a8ffb6aba527c12fd9182
mosaiq-benchmark-v0.1-candidate-20260716,mosaiq-benchmark,0.1.0-dev,delta_source_multilabel,0.1.0,DeLTA,clip,DeLTA_CT517_4,DeLTA_CT517_4,train,,0.1.0,datasets/DeLTA/data/clips.csv,2af37a135c1026d2b15d7a5daa18078bd0ed9ad42d76f18024d9cac9c76dd44b
mosaiq-benchmark-v0.1-candidate-20260716,mosaiq-benchmark,0.1.0-dev,delta_source_multilabel,0.1.0,DeLTA,clip,DeLTA_cp18_1,DeLTA_cp18_1,train,,0.1.0,datasets/DeLTA/data/clips.csv,1a36e5021a4aa5d1a64c3e5a113c969849ffcf1b34ccc8c8ea3e8c4bac5076e8
mosaiq-benchmark-v0.1-candidate-20260716,mosaiq-benchmark,0.1.0-dev,delta_source_multilabel,0.1.0,DeLTA,clip,DeLTA_Rs127_1,DeLTA_Rs127_1,train,,0.1.0,datasets/DeLTA/data/clips.csv,3cd793d1d7647f2317b46208c38cf00ddc8e9bd1d79491b660e2f1c4397e3e7b
mosaiq-benchmark-v0.1-candidate-20260716,mosaiq-benchmark,0.1.0-dev,delta_source_multilabel,0.1.0,DeLTA,clip,DeLTA_ET305_2,DeLTA_ET305_2,train,,0.1.0,datasets/DeLTA/data/clips.csv,41b91cde8dd714ce28bbfa7dd3cee8634356ad219d6b74a46de1b7d01f1b0e32
mosaiq-benchmark-v0.1-candidate-20260716,mosaiq-benchmark,0.1.0-dev,delta_source_multilabel,0.1.0,DeLTA,clip,DeLTA_RS407_1,DeLTA_RS407_1,train,,0.1.0,datasets/DeLTA/data/clips.csv,bc41075e221ee96b8d5a8a82a35d2a9fcb3d4ae8a2eaa606d79651b140e1da39
mosaiq-benchmark-v0.1-candidate-20260716,mosaiq-benchmark,0.1.0-dev,delta_source_multilabel,0.1.0,DeLTA,clip,DeLTA_ts312_1,DeLTA_ts312_1,train,,0.1.0,datasets/DeLTA/data/clips.csv,73717a2405f7057b2dfb3312d55a9145cc65e06d5beb6e80d5767703c8b0fc05
mosaiq-benchmark-v0.1-candidate-20260716,mosaiq-benchmark,0.1.0-dev,delta_source_multilabel,0.1.0,DeLTA,clip,DeLTA_PL108_1,DeLTA_PL108_1,dev,,0.1.0,datasets/DeLTA/data/clips.csv,8850042c93c7ebd9d58b12868378985e6c664389539252ca0045c160ab9e8442
mosaiq-benchmark-v0.1-candidate-20260716,mosaiq-benchmark,0.1.0-dev,delta_source_multilabel,0.1.0,DeLTA,clip,DeLTA_SM508_1,DeLTA_SM508_1,test,,0.1.0,datasets/DeLTA/data/clips.csv,dfdc79abd499519c5a637e5b079b4108d6293a50e831b38042d2023771b43e1b
mosaiq-benchmark-v0.1-candidate-20260716,mosaiq-benchmark,0.1.0-dev,delta_source_multilabel,0.1.0,DeLTA,clip,DeLTA_RP332_2,DeLTA_RP332_2,test,,0.1.0,datasets/DeLTA/data/clips.csv,0a80572feb0429451ac02e6323a27cb68c946f09fb8e5ac0681bd1752089ddf9
mosaiq-benchmark-v0.1-candidate-20260716,mosaiq-benchmark,0.1.0-dev,delta_source_multilabel,0.1.0,DeLTA,clip,DeLTA_CT523_1,DeLTA_CT523_1,train,,0.1.0,datasets/DeLTA/data/clips.csv,4c355f48c2bee29a793e01485cb73d2b3d66bc8fc38580b38bd8703576c9d0c0
mosaiq-benchmark-v0.1-candidate-20260716,mosaiq-benchmark,0.1.0-dev,delta_source_multilabel,0.1.0,DeLTA,clip,DeLTA_Ts419_1,DeLTA_Ts419_1,dev,,0.1.0,datasets/DeLTA/data/clips.csv,66d2d9cc33f2e789052e7ebd760ca8e076aa83d6a7a9338c14443ff5d9897866
mosaiq-benchmark-v0.1-candidate-20260716,mosaiq-benchmark,0.1.0-dev,delta_source_multilabel,0.1.0,DeLTA,clip,DeLTA_MG218_2,DeLTA_MG218_2,dev,,0.1.0,datasets/DeLTA/data/clips.csv,30b921df847dd341c9af749840946e04673493e8be373b647e6bdee3358eab4b
mosaiq-benchmark-v0.1-candidate-20260716,mosaiq-benchmark,0.1.0-dev,delta_source_multilabel,0.1.0,DeLTA,clip,DeLTA_Rs225_1,DeLTA_Rs225_1,train,,0.1.0,datasets/DeLTA/data/clips.csv,35a443503dd0e9708e0005ee9233b37e97f6530963646185ad9b93079270c14f
mosaiq-benchmark-v0.1-candidate-20260716,mosaiq-benchmark,0.1.0-dev,delta_source_multilabel,0.1.0,DeLTA,clip,DeLTA_CT408_1,DeLTA_CT408_1,train,,0.1.0,datasets/DeLTA/data/clips.csv,263bc40a42fb1674f125c7fb49fe04c56394a312b8c09f2bd5a5f06c24c38643
mosaiq-benchmark-v0.1-candidate-20260716,mosaiq-benchmark,0.1.0-dev,delta_source_multilabel,0.1.0,DeLTA,clip,DeLTA_SR222_2,DeLTA_SR222_2,train,,0.1.0,datasets/DeLTA/data/clips.csv,732e6e5e28cee8b3a802c0a925051ce716af043703ca7ad7c494970a582347a9
mosaiq-benchmark-v0.1-candidate-20260716,mosaiq-benchmark,0.1.0-dev,delta_source_multilabel,0.1.0,DeLTA,clip,DeLTA_RP308_2,DeLTA_RP308_2,train,,0.1.0,datasets/DeLTA/data/clips.csv,4bfbc5804c376845abf30890f72b098c9c93876cecca2f1a9aca511e1e0b0eaf
mosaiq-benchmark-v0.1-candidate-20260716,mosaiq-benchmark,0.1.0-dev,delta_source_multilabel,0.1.0,DeLTA,clip,DeLTA_TS530_2,DeLTA_TS530_2,dev,,0.1.0,datasets/DeLTA/data/clips.csv,9bb1b15bd93d2028d48612b95111a6721df12b29c2b0cf6fe87c44c407dd8b32
mosaiq-benchmark-v0.1-candidate-20260716,mosaiq-benchmark,0.1.0-dev,delta_source_multilabel,0.1.0,DeLTA,clip,DeLTA_sc117_1,DeLTA_sc117_1,test,,0.1.0,datasets/DeLTA/data/clips.csv,11df7a1aa03840ac8e682b34997f5e1e062ab757a0e1f994cda988c8eb67d359
mosaiq-benchmark-v0.1-candidate-20260716,mosaiq-benchmark,0.1.0-dev,delta_source_multilabel,0.1.0,DeLTA,clip,DeLTA_tm321_2,DeLTA_tm321_2,train,,0.1.0,datasets/DeLTA/data/clips.csv,bcd77215259c9ecdd771d83fab0ad3494221685d9bbce77b0d8062d616555ca8
mosaiq-benchmark-v0.1-candidate-20260716,mosaiq-benchmark,0.1.0-dev,delta_source_multilabel,0.1.0,DeLTA,clip,DeLTA_ET417_2,DeLTA_ET417_2,train,,0.1.0,datasets/DeLTA/data/clips.csv,a89451cebedcb17736dda97e9e81c3fc9e271fb2e212b3ece645adb01efa9134
mosaiq-benchmark-v0.1-candidate-20260716,mosaiq-benchmark,0.1.0-dev,delta_source_multilabel,0.1.0,DeLTA,clip,DeLTA_ML203_3,DeLTA_ML203_3,train,,0.1.0,datasets/DeLTA/data/clips.csv,d02c1dfd63a3ca39410286059a4d140e01180ef9732819a8d4bdaa52aa296cf3
mosaiq-benchmark-v0.1-candidate-20260716,mosaiq-benchmark,0.1.0-dev,delta_source_multilabel,0.1.0,DeLTA,clip,DeLTA_bib4_2,DeLTA_bib4_2,train,,0.1.0,datasets/DeLTA/data/clips.csv,4ef8ce53019387e7a77fd39399037a586917874a7dfca241fcf19e99cc5f72bd
mosaiq-benchmark-v0.1-candidate-20260716,mosaiq-benchmark,0.1.0-dev,delta_source_multilabel,0.1.0,DeLTA,clip,DeLTA_SM413_2,DeLTA_SM413_2,train,,0.1.0,datasets/DeLTA/data/clips.csv,855593d22668b908493301a6849b54211707faff75a03aa3badd8b773faefcbf
mosaiq-benchmark-v0.1-candidate-20260716,mosaiq-benchmark,0.1.0-dev,delta_source_multilabel,0.1.0,DeLTA,clip,DeLTA_Mc320_2,DeLTA_Mc320_2,dev,,0.1.0,datasets/DeLTA/data/clips.csv,3a18f89eb889af3ff0ae4dd8e6c139cd788cf0f5555cf184b9704b91b4494b27
mosaiq-benchmark-v0.1-candidate-20260716,mosaiq-benchmark,0.1.0-dev,delta_source_multilabel,0.1.0,DeLTA,clip,DeLTA_Ts417_3,DeLTA_Ts417_3,train,,0.1.0,datasets/DeLTA/data/clips.csv,e77600299c5df5c553567d9f2da78f6f0877ce9b91cd0ede26bf04ac4b7f4e01
mosaiq-benchmark-v0.1-candidate-20260716,mosaiq-benchmark,0.1.0-dev,delta_source_multilabel,0.1.0,DeLTA,clip,DeLTA_sc102_2,DeLTA_sc102_2,train,,0.1.0,datasets/DeLTA/data/clips.csv,0e7c0d56356f28e4c8b36d8a13f4d334180731ee5a22ff9b1fde959ab5dfbcd0
mosaiq-benchmark-v0.1-candidate-20260716,mosaiq-benchmark,0.1.0-dev,delta_source_multilabel,0.1.0,DeLTA,clip,DeLTA_Mc110_2,DeLTA_Mc110_2,train,,0.1.0,datasets/DeLTA/data/clips.csv,88fa56eeb226c75dba063640894e754788b6ad093558898455019ada7e74b92f
mosaiq-benchmark-v0.1-candidate-20260716,mosaiq-benchmark,0.1.0-dev,delta_source_multilabel,0.1.0,DeLTA,clip,DeLTA_tm128_2,DeLTA_tm128_2,dev,,0.1.0,datasets/DeLTA/data/clips.csv,b2b4194fd837eb88a897ae960d4ad764d8169b99042bfca37218795583d35841
mosaiq-benchmark-v0.1-candidate-20260716,mosaiq-benchmark,0.1.0-dev,delta_source_multilabel,0.1.0,DeLTA,clip,DeLTA_Rs219_2,DeLTA_Rs219_2,train,,0.1.0,datasets/DeLTA/data/clips.csv,555493e0a41708d53b5e029c62fae5c8c69e98262fa737cc29ee7307535abbf6
mosaiq-benchmark-v0.1-candidate-20260716,mosaiq-benchmark,0.1.0-dev,delta_source_multilabel,0.1.0,DeLTA,clip,DeLTA_RF327_1,DeLTA_RF327_1,train,,0.1.0,datasets/DeLTA/data/clips.csv,3aee6a41dfe756d86ead3dbe4f9c0e8aa64593aea500fd93c9c997426b78b784
mosaiq-benchmark-v0.1-candidate-20260716,mosaiq-benchmark,0.1.0-dev,delta_source_multilabel,0.1.0,DeLTA,clip,DeLTA_MG316_1,DeLTA_MG316_1,test,,0.1.0,datasets/DeLTA/data/clips.csv,5c6f048b167964cb00e20b44cf3b6b4f25c4a99c12076113ffc48a15453add17
mosaiq-benchmark-v0.1-candidate-20260716,mosaiq-benchmark,0.1.0-dev,delta_source_multilabel,0.1.0,DeLTA,clip,DeLTA_MG327_2,DeLTA_MG327_2,train,,0.1.0,datasets/DeLTA/data/clips.csv,2986f968a8fc426b57cf0dcdc81a55e88b08b7e016157f5c57cad203f979f13f
mosaiq-benchmark-v0.1-candidate-20260716,mosaiq-benchmark,0.1.0-dev,delta_source_multilabel,0.1.0,DeLTA,clip,DeLTA_RF328_2,DeLTA_RF328_2,test,,0.1.0,datasets/DeLTA/data/clips.csv,380d4564dbbaf375ec9d69283ca11276c3dc221672b0dceb7bdfcbbda860be9f
mosaiq-benchmark-v0.1-candidate-20260716,mosaiq-benchmark,0.1.0-dev,delta_source_multilabel,0.1.0,DeLTA,clip,DeLTA_tm327_1,DeLTA_tm327_1,train,,0.1.0,datasets/DeLTA/data/clips.csv,f40efd10dd145566f210d0c357c76bed45e50a785ec8dd76c0db7c7f4c562922
mosaiq-benchmark-v0.1-candidate-20260716,mosaiq-benchmark,0.1.0-dev,delta_source_multilabel,0.1.0,DeLTA,clip,DeLTA_Rp137_2,DeLTA_Rp137_2,train,,0.1.0,datasets/DeLTA/data/clips.csv,87078ba6ec52f1ceeb428511d213008251c4e66f4e6bca68f7ee943f80159958
mosaiq-benchmark-v0.1-candidate-20260716,mosaiq-benchmark,0.1.0-dev,delta_source_multilabel,0.1.0,DeLTA,clip,DeLTA_PL412_1,DeLTA_PL412_1,dev,,0.1.0,datasets/DeLTA/data/clips.csv,16e6634d9df30da09c3f7bbda8ddcc29b02421cb50dd05f3fa8978cd260f09a5
mosaiq-benchmark-v0.1-candidate-20260716,mosaiq-benchmark,0.1.0-dev,delta_source_multilabel,0.1.0,DeLTA,clip,DeLTA_MG203_2,DeLTA_MG203_2,test,,0.1.0,datasets/DeLTA/data/clips.csv,d3e5a5ee54c2e17911fda1e60229a766ab9954e89de3c7e0561f9454d41d2fef
mosaiq-benchmark-v0.1-candidate-20260716,mosaiq-benchmark,0.1.0-dev,delta_source_multilabel,0.1.0,DeLTA,clip,DeLTA_PL336_2,DeLTA_PL336_2,train,,0.1.0,datasets/DeLTA/data/clips.csv,223953ed82e281a63817864b1b529146c91389beb6f6c95065ab3dd04b5988c2
mosaiq-benchmark-v0.1-candidate-20260716,mosaiq-benchmark,0.1.0-dev,delta_source_multilabel,0.1.0,DeLTA,clip,DeLTA_Rp118_1,DeLTA_Rp118_1,train,,0.1.0,datasets/DeLTA/data/clips.csv,378d80b7e3b9f1ad819edeb4aae7459b38d3a931829244b5dec7b7a97d219890
mosaiq-benchmark-v0.1-candidate-20260716,mosaiq-benchmark,0.1.0-dev,delta_source_multilabel,0.1.0,DeLTA,clip,DeLTA_TM408_1,DeLTA_TM408_1,train,,0.1.0,datasets/DeLTA/data/clips.csv,4de9ea3b2847f4ab8b0ea0010999d9449c59681d1f4e825c339bc7767bc9ced6
mosaiq-benchmark-v0.1-candidate-20260716,mosaiq-benchmark,0.1.0-dev,delta_source_multilabel,0.1.0,DeLTA,clip,DeLTA_sc111_2,DeLTA_sc111_2,train,,0.1.0,datasets/DeLTA/data/clips.csv,b96ebd4311f691142252155c9f8a9e7b1338b8b743cb31278fae7cceb2b63c97
mosaiq-benchmark-v0.1-candidate-20260716,mosaiq-benchmark,0.1.0-dev,delta_source_multilabel,0.1.0,DeLTA,clip,DeLTA_SR235_2,DeLTA_SR235_2,train,,0.1.0,datasets/DeLTA/data/clips.csv,a3d8542327754764c6355578cfb170a78fa82f789b5e4145f553a92ab0a7ca7f
mosaiq-benchmark-v0.1-candidate-20260716,mosaiq-benchmark,0.1.0-dev,delta_source_multilabel,0.1.0,DeLTA,clip,DeLTA_sc139_1,DeLTA_sc139_1,train,,0.1.0,datasets/DeLTA/data/clips.csv,292db553effdef672cf1c2b96cdf08703712ab922c1631f8432077ad07d82c34
mosaiq-benchmark-v0.1-candidate-20260716,mosaiq-benchmark,0.1.0-dev,delta_source_multilabel,0.1.0,DeLTA,clip,DeLTA_Rp127_2,DeLTA_Rp127_2,dev,,0.1.0,datasets/DeLTA/data/clips.csv,8b2e4cccbfab2227989ac5b1c52de3ede5d2eef59614c71e007f4a022479554c
mosaiq-benchmark-v0.1-candidate-20260716,mosaiq-benchmark,0.1.0-dev,delta_source_multilabel,0.1.0,DeLTA,clip,DeLTA_CT529_2,DeLTA_CT529_2,train,,0.1.0,datasets/DeLTA/data/clips.csv,41bd49c3904f4142fde947e1d90dd7a22df7f31d6d822dce8de5c6a027ca0688
mosaiq-benchmark-v0.1-candidate-20260716,mosaiq-benchmark,0.1.0-dev,delta_source_multilabel,0.1.0,DeLTA,clip,DeLTA_Rp120_2,DeLTA_Rp120_2,train,,0.1.0,datasets/DeLTA/data/clips.csv,00d7674a0ddb469afd8a04cbc175bcb2d3b81efd59141e4a27119dd5efaedeca
mosaiq-benchmark-v0.1-candidate-20260716,mosaiq-benchmark,0.1.0-dev,delta_source_multilabel,0.1.0,DeLTA,clip,DeLTA_CT411_2,DeLTA_CT411_2,train,,0.1.0,datasets/DeLTA/data/clips.csv,74975f76675bcbda0b6091587d1a44f9a05f00c21bfa213f0a37b1ca7669475e
mosaiq-benchmark-v0.1-candidate-20260716,mosaiq-benchmark,0.1.0-dev,delta_source_multilabel,0.1.0,DeLTA,clip,DeLTA_TM422_1,DeLTA_TM422_1,train,,0.1.0,datasets/DeLTA/data/clips.csv,8725d4c9ea5d899b4f18a2b29433fe724755add140e50a3fcce7a098f97ccaff
mosaiq-benchmark-v0.1-candidate-20260716,mosaiq-benchmark,0.1.0-dev,delta_source_multilabel,0.1.0,DeLTA,clip,DeLTA_tm119_1,DeLTA_tm119_1,train,,0.1.0,datasets/DeLTA/data/clips.csv,2af227560b4c951d29d8c1e4d8bfdd86fac71b91aee057095e5f1802ee6df65a
mosaiq-benchmark-v0.1-candidate-20260716,mosaiq-benchmark,0.1.0-dev,delta_source_multilabel,0.1.0,DeLTA,clip,DeLTA_TS525_1,DeLTA_TS525_1,train,,0.1.0,datasets/DeLTA/data/clips.csv,b2e4e9a0f10a07c15ea612eaf6dcbf085337b51195d9e00b649bbbc95e96bbe1
mosaiq-benchmark-v0.1-candidate-20260716,mosaiq-benchmark,0.1.0-dev,delta_source_multilabel,0.1.0,DeLTA,clip,DeLTA_PL326_2,DeLTA_PL326_2,train,,0.1.0,datasets/DeLTA/data/clips.csv,84bc9f78a4953d3b6241d59a46a9365b24f1acf253b0e8bb316f89e73e085e2f
mosaiq-benchmark-v0.1-candidate-20260716,mosaiq-benchmark,0.1.0-dev,delta_source_multilabel,0.1.0,DeLTA,clip,DeLTA_MC510_2,DeLTA_MC510_2,test,,0.1.0,datasets/DeLTA/data/clips.csv,73525b0b79b5d8032353d02e97a186c37e49e566fecef0cc6536686ea95fe89f
mosaiq-benchmark-v0.1-candidate-20260716,mosaiq-benchmark,0.1.0-dev,delta_source_multilabel,0.1.0,DeLTA,clip,DeLTA_Rs101_2,DeLTA_Rs101_2,test,,0.1.0,datasets/DeLTA/data/clips.csv,a68264d16c3a780fcd9bf59477e62151d92e4efc858f12f9ff85d49aacd3c52b
mosaiq-benchmark-v0.1-candidate-20260716,mosaiq-benchmark,0.1.0-dev,delta_source_multilabel,0.1.0,DeLTA,clip,DeLTA_Rp134_2,DeLTA_Rp134_2,test,,0.1.0,datasets/DeLTA/data/clips.csv,2753552bae7e7854c2c057c94bc4392ae618ae78ad1d180440172c640b364643
mosaiq-benchmark-v0.1-candidate-20260716,mosaiq-benchmark,0.1.0-dev,delta_source_multilabel,0.1.0,DeLTA,clip,DeLTA_bib13_2,DeLTA_bib13_2,train,,0.1.0,datasets/DeLTA/data/clips.csv,485acc9fe86207324dda3008b284e5db4d09c963fca45336db7941e9787b5848
mosaiq-benchmark-v0.1-candidate-20260716,mosaiq-benchmark,0.1.0-dev,delta_source_multilabel,0.1.0,DeLTA,clip,DeLTA_MC531_2,DeLTA_MC531_2,test,,0.1.0,datasets/DeLTA/data/clips.csv,d24707312ed5046968479773ffbfa3fd8332ec9ffc31741e7a9be8375ca05597
mosaiq-benchmark-v0.1-candidate-20260716,mosaiq-benchmark,0.1.0-dev,delta_source_multilabel,0.1.0,DeLTA,clip,DeLTA_Rp113_2,DeLTA_Rp113_2,train,,0.1.0,datasets/DeLTA/data/clips.csv,f76f77859246fc8835f8c01fdf39e67e4252ded3c509bafcb2908e77539b8c99
mosaiq-benchmark-v0.1-candidate-20260716,mosaiq-benchmark,0.1.0-dev,delta_source_multilabel,0.1.0,DeLTA,clip,DeLTA_Ts405_3,DeLTA_Ts405_3,train,,0.1.0,datasets/DeLTA/data/clips.csv,54ad4bae2c3dc349c03bb1487f506756abc0cf2ce602b2b6ce28eb520b466345
mosaiq-benchmark-v0.1-candidate-20260716,mosaiq-benchmark,0.1.0-dev,delta_source_multilabel,0.1.0,DeLTA,clip,DeLTA_PL415_2,DeLTA_PL415_2,train,,0.1.0,datasets/DeLTA/data/clips.csv,c2ac6e6df9689e70fd0d5acea877f05efd2d213c16cfa8aa3cfbda473d2699aa
mosaiq-benchmark-v0.1-candidate-20260716,mosaiq-benchmark,0.1.0-dev,delta_source_multilabel,0.1.0,DeLTA,clip,DeLTA_MC521_2,DeLTA_MC521_2,train,,0.1.0,datasets/DeLTA/data/clips.csv,635262981a1f14778a45211a8c5e1fb57b09bc69f9f4cf3c1d19a6c3ccc2f34d
mosaiq-benchmark-v0.1-candidate-20260716,mosaiq-benchmark,0.1.0-dev,delta_source_multilabel,0.1.0,DeLTA,clip,DeLTA_RS436_2,DeLTA_RS436_2,train,,0.1.0,datasets/DeLTA/data/clips.csv,adaf5c1636fa3dfb7526bc40a3cc03833237a1d3a62c8d078600dd4439d8d7b1
mosaiq-benchmark-v0.1-candidate-20260716,mosaiq-benchmark,0.1.0-dev,delta_source_multilabel,0.1.0,DeLTA,clip,DeLTA_Pl217_1,DeLTA_Pl217_1,train,,0.1.0,datasets/DeLTA/data/clips.csv,53a336c2a5b9e452fbf4414133d1370e25f7703d25d033f79b0c787ed8f44b7f
mosaiq-benchmark-v0.1-candidate-20260716,mosaiq-benchmark,0.1.0-dev,delta_source_multilabel,0.1.0,DeLTA,clip,DeLTA_PL431_1,DeLTA_PL431_1,train,,0.1.0,datasets/DeLTA/data/clips.csv,21f7bd7cb4c57953984cc7716b73d9994cc20c5a47f6fbfdf8931eb5c41f5bc9
mosaiq-benchmark-v0.1-candidate-20260716,mosaiq-benchmark,0.1.0-dev,delta_source_multilabel,0.1.0,DeLTA,clip,DeLTA_CT108_1,DeLTA_CT108_1,train,,0.1.0,datasets/DeLTA/data/clips.csv,df29e45c28c85a7d9363b2c2923ed563bfb3d5363e56b955c10f7310cc0f2215
mosaiq-benchmark-v0.1-candidate-20260716,mosaiq-benchmark,0.1.0-dev,delta_source_multilabel,0.1.0,DeLTA,clip,DeLTA_Rs215_2,DeLTA_Rs215_2,train,,0.1.0,datasets/DeLTA/data/clips.csv,2f19c05122e051c4da5dcf1029ffe302e9506d9ef8e965c295b9ee2dedd73693
mosaiq-benchmark-v0.1-candidate-20260716,mosaiq-benchmark,0.1.0-dev,delta_source_multilabel,0.1.0,DeLTA,clip,DeLTA_ET125_1,DeLTA_ET125_1,train,,0.1.0,datasets/DeLTA/data/clips.csv,de97790307ea7315758f14473111da3916b629cee148fabac253bcb13b8928fd
mosaiq-benchmark-v0.1-candidate-20260716,mosaiq-benchmark,0.1.0-dev,delta_source_multilabel,0.1.0,DeLTA,clip,DeLTA_RP311_2,DeLTA_RP311_2,train,,0.1.0,datasets/DeLTA/data/clips.csv,d3f43239757324a65e0ea15286fb5ae2fa6a8badec51fee1d63b70c8f619cc3f
mosaiq-benchmark-v0.1-candidate-20260716,mosaiq-benchmark,0.1.0-dev,delta_source_multilabel,0.1.0,DeLTA,clip,DeLTA_ET118_1,DeLTA_ET118_1,train,,0.1.0,datasets/DeLTA/data/clips.csv,ea817981a8bf584eefcb1852cacc9b8cd3a923f8f1fdc4bd2b447ac34c50a696
mosaiq-benchmark-v0.1-candidate-20260716,mosaiq-benchmark,0.1.0-dev,delta_source_multilabel,0.1.0,DeLTA,clip,DeLTA_PL341_2,DeLTA_PL341_2,train,,0.1.0,datasets/DeLTA/data/clips.csv,80988da82236fd18c15ad38bc11b2f0186e376912f8ac1db06966c1413ccf065
mosaiq-benchmark-v0.1-candidate-20260716,mosaiq-benchmark,0.1.0-dev,delta_source_multilabel,0.1.0,DeLTA,clip,DeLTA_Rs227_2,DeLTA_Rs227_2,test,,0.1.0,datasets/DeLTA/data/clips.csv,499d3b065c08828d4cf2a94262680233de4c19fbe53bf53c6704829e9f62fbda
mosaiq-benchmark-v0.1-candidate-20260716,mosaiq-benchmark,0.1.0-dev,delta_source_multilabel,0.1.0,DeLTA,clip,DeLTA_ts318_2,DeLTA_ts318_2,train,,0.1.0,datasets/DeLTA/data/clips.csv,842436b7391251ffdf284095fc797db8457a79318490762d5b7bc68729b1af95
mosaiq-benchmark-v0.1-candidate-20260716,mosaiq-benchmark,0.1.0-dev,delta_source_multilabel,0.1.0,DeLTA,clip,DeLTA_TS507_2,DeLTA_TS507_2,train,,0.1.0,datasets/DeLTA/data/clips.csv,99c2660e1fcfc8598bb683b6a8609ea27889ff700427805818ddd9fbd127bf63
mosaiq-benchmark-v0.1-candidate-20260716,mosaiq-benchmark,0.1.0-dev,delta_source_multilabel,0.1.0,DeLTA,clip,DeLTA_CT306_1,DeLTA_CT306_1,dev,,0.1.0,datasets/DeLTA/data/clips.csv,db3d4d502d9f0fe3a86a08a363738a2bd35967946c54454911335df11e96734c
mosaiq-benchmark-v0.1-candidate-20260716,mosaiq-benchmark,0.1.0-dev,delta_source_multilabel,0.1.0,DeLTA,clip,DeLTA_Pl215_1,DeLTA_Pl215_1,train,,0.1.0,datasets/DeLTA/data/clips.csv,87288ca9b55825d3d2b45d89b3fc275b81db2bc4475649aa771bfa30ba811cea
mosaiq-benchmark-v0.1-candidate-20260716,mosaiq-benchmark,0.1.0-dev,delta_source_multilabel,0.1.0,DeLTA,clip,DeLTA_CT308_1,DeLTA_CT308_1,train,,0.1.0,datasets/DeLTA/data/clips.csv,d9fec732b7c1ac2ed9c485eb846c49c7e62f77a4e299360fce4c3de76c7d4825
mosaiq-benchmark-v0.1-candidate-20260716,mosaiq-benchmark,0.1.0-dev,delta_source_multilabel,0.1.0,DeLTA,clip,DeLTA_RF311_2,DeLTA_RF311_2,dev,,0.1.0,datasets/DeLTA/data/clips.csv,c54591c5735e1d6179dbd3b62288a42a6b0c7bb3ffabf3c32f452434a17c8e08
mosaiq-benchmark-v0.1-candidate-20260716,mosaiq-benchmark,0.1.0-dev,delta_source_multilabel,0.1.0,DeLTA,clip,DeLTA_MG116_1,DeLTA_MG116_1,dev,,0.1.0,datasets/DeLTA/data/clips.csv,3fd3779a5f58bca25322841f7a1f8279a8cdf4509bbac008b2263eb411c0f322
mosaiq-benchmark-v0.1-candidate-20260716,mosaiq-benchmark,0.1.0-dev,delta_source_multilabel,0.1.0,DeLTA,clip,DeLTA_RF338_1,DeLTA_RF338_1,dev,,0.1.0,datasets/DeLTA/data/clips.csv,96a62f67feb00154f24fa53af3bf038c7b9c42388a84fa97623e845577d23937
mosaiq-benchmark-v0.1-candidate-20260716,mosaiq-benchmark,0.1.0-dev,delta_source_multilabel,0.1.0,DeLTA,clip,DeLTA_SR207_1,DeLTA_SR207_1,train,,0.1.0,datasets/DeLTA/data/clips.csv,df68980e8eb3019dbdfb92593981efb71030d3a1fb90abc13cd247059fd4b56a
mosaiq-benchmark-v0.1-candidate-20260716,mosaiq-benchmark,0.1.0-dev,delta_source_multilabel,0.1.0,DeLTA,clip,DeLTA_Rf122_3,DeLTA_Rf122_3,train,,0.1.0,datasets/DeLTA/data/clips.csv,8a177e4deb2b4892f19bb55b9de01f9b50d383d6c8cdffc8710d46814850e1d8
mosaiq-benchmark-v0.1-candidate-20260716,mosaiq-benchmark,0.1.0-dev,delta_source_multilabel,0.1.0,DeLTA,clip,DeLTA_Rp136_2,DeLTA_Rp136_2,dev,,0.1.0,datasets/DeLTA/data/clips.csv,86eba0a14a4ad6657ef2d2f8358a492fd92874851883488c9c5e76ad7ddfe2f1
mosaiq-benchmark-v0.1-candidate-20260716,mosaiq-benchmark,0.1.0-dev,delta_source_multilabel,0.1.0,DeLTA,clip,DeLTA_sc106_1,DeLTA_sc106_1,train,,0.1.0,datasets/DeLTA/data/clips.csv,05c15f4e4fb099041c75d0e15eb3cd7ad53d7b4fdfdee393766b06dc109b68c9
mosaiq-benchmark-v0.1-candidate-20260716,mosaiq-benchmark,0.1.0-dev,delta_source_multilabel,0.1.0,DeLTA,clip,DeLTA_ts207_2,DeLTA_ts207_2,test,,0.1.0,datasets/DeLTA/data/clips.csv,0bfe4ccb157f3b697c8064d52b38398ffc4cd6804e43582b2e8fcb9be678c7a7
mosaiq-benchmark-v0.1-candidate-20260716,mosaiq-benchmark,0.1.0-dev,delta_source_multilabel,0.1.0,DeLTA,clip,DeLTA_PL316_2,DeLTA_PL316_2,train,,0.1.0,datasets/DeLTA/data/clips.csv,5eb7474bbfd92c9daa379f2db7457fd0d3f81f2b5bbc9750aa00f50c1906a57b
mosaiq-benchmark-v0.1-candidate-20260716,mosaiq-benchmark,0.1.0-dev,delta_source_multilabel,0.1.0,DeLTA,clip,DeLTA_ET202_2,DeLTA_ET202_2,test,,0.1.0,datasets/DeLTA/data/clips.csv,df2784dfcc4111eaa29630bec0a339b83e4f36a73ee1f113c1ee57d36379afb9
mosaiq-benchmark-v0.1-candidate-20260716,mosaiq-benchmark,0.1.0-dev,delta_source_multilabel,0.1.0,DeLTA,clip,DeLTA_SM416_1,DeLTA_SM416_1,train,,0.1.0,datasets/DeLTA/data/clips.csv,37896ef64a7c9bea222c11befe2c3f4fd82d94bb1ee52b976adb9e66afad75fa
mosaiq-benchmark-v0.1-candidate-20260716,mosaiq-benchmark,0.1.0-dev,delta_source_multilabel,0.1.0,DeLTA,clip,DeLTA_Pl230_1,DeLTA_Pl230_1,dev,,0.1.0,datasets/DeLTA/data/clips.csv,305796970c5e9456fd6cf1b5bd4f99ae6d936a85efdb5bc67ed7ce844365d24a
mosaiq-benchmark-v0.1-candidate-20260716,mosaiq-benchmark,0.1.0-dev,delta_source_multilabel,0.1.0,DeLTA,clip,DeLTA_tm104_1,DeLTA_tm104_1,test,,0.1.0,datasets/DeLTA/data/clips.csv,bc7212978d1776976f1844e905a6402f1f44d8e3b03d43c5badae2a2b6dfc4e1
mosaiq-benchmark-v0.1-candidate-20260716,mosaiq-benchmark,0.1.0-dev,delta_source_multilabel,0.1.0,DeLTA,clip,DeLTA_Rs207_1,DeLTA_Rs207_1,train,,0.1.0,datasets/DeLTA/data/clips.csv,ff499e283a556bc311dff31735aa6ddc7eb02508ce7bba7bcb22dbdfa7f9cc89
mosaiq-benchmark-v0.1-candidate-20260716,mosaiq-benchmark,0.1.0-dev,delta_source_multilabel,0.1.0,DeLTA,clip,DeLTA_ET407_2,DeLTA_ET407_2,test,,0.1.0,datasets/DeLTA/data/clips.csv,bbc0266ad3cff30e0675ced4ca48a5aebb640fd391018ceee3c64b0f7460ca45
mosaiq-benchmark-v0.1-candidate-20260716,mosaiq-benchmark,0.1.0-dev,delta_source_multilabel,0.1.0,DeLTA,clip,DeLTA_ts214_2,DeLTA_ts214_2,test,,0.1.0,datasets/DeLTA/data/clips.csv,b7e34254242ca863b823156bfd80f6bfe8ec2c04e3ef765633f27a2147d52b28
mosaiq-benchmark-v0.1-candidate-20260716,mosaiq-benchmark,0.1.0-dev,delta_source_multilabel,0.1.0,DeLTA,clip,DeLTA_SR219_2,DeLTA_SR219_2,train,,0.1.0,datasets/DeLTA/data/clips.csv,c79bbf4f69ee318ec34fe9b28dc5de2248b3f5d24ec8b7351ff6cae66b9465bb
mosaiq-benchmark-v0.1-candidate-20260716,mosaiq-benchmark,0.1.0-dev,delta_source_multilabel,0.1.0,DeLTA,clip,DeLTA_MG104_1,DeLTA_MG104_1,test,,0.1.0,datasets/DeLTA/data/clips.csv,c3f2e63904d163ecf5d050eec3ca0816e31d6b83bcddb715daa262edbaeb0f6f
mosaiq-benchmark-v0.1-candidate-20260716,mosaiq-benchmark,0.1.0-dev,delta_source_multilabel,0.1.0,DeLTA,clip,DeLTA_RP324_2,DeLTA_RP324_2,train,,0.1.0,datasets/DeLTA/data/clips.csv,e3821e694ff5794022dc4e5eda2e53675700a4704bce929b139acc8334ef40c9
mosaiq-benchmark-v0.1-candidate-20260716,mosaiq-benchmark,0.1.0-dev,delta_source_multilabel,0.1.0,DeLTA,clip,DeLTA_tm308_2,DeLTA_tm308_2,train,,0.1.0,datasets/DeLTA/data/clips.csv,e707997c4c0059b3d05258b4197ef1a775d5d17e434d0ea08221472f308120ea
mosaiq-benchmark-v0.1-candidate-20260716,mosaiq-benchmark,0.1.0-dev,delta_source_multilabel,0.1.0,DeLTA,clip,DeLTA_CT534_2,DeLTA_CT534_2,train,,0.1.0,datasets/DeLTA/data/clips.csv,34a65dc3115f389645c2c8244c7b10a1fbd2cbe7cde0cf6aca04420a9f458267
mosaiq-benchmark-v0.1-candidate-20260716,mosaiq-benchmark,0.1.0-dev,delta_source_multilabel,0.1.0,DeLTA,clip,DeLTA_RS418_1,DeLTA_RS418_1,train,,0.1.0,datasets/DeLTA/data/clips.csv,25dbe230415830cef8592312fa3781b21d8bb119d4b4be3a48cd46b9c1d144ba
mosaiq-benchmark-v0.1-candidate-20260716,mosaiq-benchmark,0.1.0-dev,delta_source_multilabel,0.1.0,DeLTA,clip,DeLTA_Pl219_1,DeLTA_Pl219_1,dev,,0.1.0,datasets/DeLTA/data/clips.csv,db22b93f697716f65d2adea9669cd480dda9b6117531e92978b75e53b1c23121
mosaiq-benchmark-v0.1-candidate-20260716,mosaiq-benchmark,0.1.0-dev,delta_source_multilabel,0.1.0,DeLTA,clip,DeLTA_Rs308_2,DeLTA_Rs308_2,train,,0.1.0,datasets/DeLTA/data/clips.csv,420e2df39bfc8d7cb91e30efc517fb43d7f1cb5045a63551a1a9491fadd923ae
mosaiq-benchmark-v0.1-candidate-20260716,mosaiq-benchmark,0.1.0-dev,delta_source_multilabel,0.1.0,DeLTA,clip,DeLTA_CT314_2,DeLTA_CT314_2,train,,0.1.0,datasets/DeLTA/data/clips.csv,2f9ba1c4eb70f02ffdb2062d6b49dd2bc985ef12295a9a6c8d71317c5a86c16e
mosaiq-benchmark-v0.1-candidate-20260716,mosaiq-benchmark,0.1.0-dev,delta_source_multilabel,0.1.0,DeLTA,clip,DeLTA_CT408_2,DeLTA_CT408_2,train,,0.1.0,datasets/DeLTA/data/clips.csv,2e113932882d58b0b6b82fbaba9dcd96133e9f3c01866cf887f0eec05ad28502
mosaiq-benchmark-v0.1-candidate-20260716,mosaiq-benchmark,0.1.0-dev,delta_source_multilabel,0.1.0,DeLTA,clip,DeLTA_CT301_2,DeLTA_CT301_2,train,,0.1.0,datasets/DeLTA/data/clips.csv,e5d05b22dbc0d1f325093d3d5de4f326dc8351df2dd6d64b4a1a04b7d7364ed0
mosaiq-benchmark-v0.1-candidate-20260716,mosaiq-benchmark,0.1.0-dev,delta_source_multilabel,0.1.0,DeLTA,clip,DeLTA_RF331_2,DeLTA_RF331_2,dev,,0.1.0,datasets/DeLTA/data/clips.csv,f7260d16f3c84f138b2496f578aa686518fc22b6dd1bf320e979643472052d16
mosaiq-benchmark-v0.1-candidate-20260716,mosaiq-benchmark,0.1.0-dev,delta_source_multilabel,0.1.0,DeLTA,clip,DeLTA_Mc416_2,DeLTA_Mc416_2,dev,,0.1.0,datasets/DeLTA/data/clips.csv,7a2d02cce86fbf49263c3dddd7b45903ab92ca35dbbf37ba4aafb7898e887a39
mosaiq-benchmark-v0.1-candidate-20260716,mosaiq-benchmark,0.1.0-dev,delta_source_multilabel,0.1.0,DeLTA,clip,DeLTA_CT318_2,DeLTA_CT318_2,test,,0.1.0,datasets/DeLTA/data/clips.csv,924aff964747034ed640568796d118bd40c8f27fd168a843cec8ef582b61eeed
mosaiq-benchmark-v0.1-candidate-20260716,mosaiq-benchmark,0.1.0-dev,delta_source_multilabel,0.1.0,DeLTA,clip,DeLTA_MG213_2,DeLTA_MG213_2,train,,0.1.0,datasets/DeLTA/data/clips.csv,14b3f96a9e206a5a1a328b01c6da099a2c88f30c6e6bed516cbbfe589323b268
mosaiq-benchmark-v0.1-candidate-20260716,mosaiq-benchmark,0.1.0-dev,delta_source_multilabel,0.1.0,DeLTA,clip,DeLTA_CT120_1,DeLTA_CT120_1,dev,,0.1.0,datasets/DeLTA/data/clips.csv,706cf307617b4ae8dbfab293f32821d9a0151a4a79f99a4648264b2738178204
mosaiq-benchmark-v0.1-candidate-20260716,mosaiq-benchmark,0.1.0-dev,delta_source_multilabel,0.1.0,DeLTA,clip,DeLTA_Rs309_2,DeLTA_Rs309_2,train,,0.1.0,datasets/DeLTA/data/clips.csv,b8edee065be2f52286eefe65bd8aed084a5ffb2750476f278c236346010bedb7
mosaiq-benchmark-v0.1-candidate-20260716,mosaiq-benchmark,0.1.0-dev,delta_source_multilabel,0.1.0,DeLTA,clip,DeLTA_RP313_2,DeLTA_RP313_2,train,,0.1.0,datasets/DeLTA/data/clips.csv,2cf8112d7f28663750a8d5b360e18a23fdc7165845b41f616e64562fb1d924b5
mosaiq-benchmark-v0.1-candidate-20260716,mosaiq-benchmark,0.1.0-dev,delta_source_multilabel,0.1.0,DeLTA,clip,DeLTA_Mc121_1,DeLTA_Mc121_1,train,,0.1.0,datasets/DeLTA/data/clips.csv,bd1274c6442ebfc1ec3873d084dcd509401c34f3ddb5e9857ef44c3a9f1739ac
mosaiq-benchmark-v0.1-candidate-20260716,mosaiq-benchmark,0.1.0-dev,delta_source_multilabel,0.1.0,DeLTA,clip,DeLTA_ET309_1,DeLTA_ET309_1,train,,0.1.0,datasets/DeLTA/data/clips.csv,26c8eef7d0a9b31596ad7e37c8875fb647f7a8d2c80ede016e9a59b02efab7df
mosaiq-benchmark-v0.1-candidate-20260716,mosaiq-benchmark,0.1.0-dev,delta_source_multilabel,0.1.0,DeLTA,clip,DeLTA_RP310_1,DeLTA_RP310_1,train,,0.1.0,datasets/DeLTA/data/clips.csv,b55317fde42855c39aa84b6456d1bae6082d08010adb86834572c16e0d402c7e
mosaiq-benchmark-v0.1-candidate-20260716,mosaiq-benchmark,0.1.0-dev,delta_source_multilabel,0.1.0,DeLTA,clip,DeLTA_MC519_1,DeLTA_MC519_1,train,,0.1.0,datasets/DeLTA/data/clips.csv,ab932be8843f96bf68c319b1e41d47649c69bbfdbc4e7546bddf488fcec2d5ba
mosaiq-benchmark-v0.1-candidate-20260716,mosaiq-benchmark,0.1.0-dev,delta_source_multilabel,0.1.0,DeLTA,clip,DeLTA_MG332_2,DeLTA_MG332_2,train,,0.1.0,datasets/DeLTA/data/clips.csv,d761241e6c32bafbd2d55bc46002fa8b25b292cc1e56044cee64eb31dab1810d
mosaiq-benchmark-v0.1-candidate-20260716,mosaiq-benchmark,0.1.0-dev,delta_source_multilabel,0.1.0,DeLTA,clip,DeLTA_tm209_1,DeLTA_tm209_1,train,,0.1.0,datasets/DeLTA/data/clips.csv,99433165f5403f1ac060b62da7c47d5b50cbe04ff50ef9b92de09b93205c2fb9
mosaiq-benchmark-v0.1-candidate-20260716,mosaiq-benchmark,0.1.0-dev,delta_source_multilabel,0.1.0,DeLTA,clip,DeLTA_ts218_3,DeLTA_ts218_3,train,,0.1.0,datasets/DeLTA/data/clips.csv,15e8795541ad3d2ac0e7934d7bb17b919d8c7df82b77ff72fb00ab0d91faf93c
mosaiq-benchmark-v0.1-candidate-20260716,mosaiq-benchmark,0.1.0-dev,delta_source_multilabel,0.1.0,DeLTA,clip,DeLTA_SC212_2,DeLTA_SC212_2,train,,0.1.0,datasets/DeLTA/data/clips.csv,bb84348bc2a99423f4a46dfa2ea094e8c4472a9dbc51f0f61efa8661dd94a541
mosaiq-benchmark-v0.1-candidate-20260716,mosaiq-benchmark,0.1.0-dev,delta_source_multilabel,0.1.0,DeLTA,clip,DeLTA_2cv15_2,DeLTA_2cv15_2,test,,0.1.0,datasets/DeLTA/data/clips.csv,4e9de465570319e45dec7975c9cbb8a0aae1ab6b4f8417c6d0d9c801a47eb8c2
mosaiq-benchmark-v0.1-candidate-20260716,mosaiq-benchmark,0.1.0-dev,delta_source_multilabel,0.1.0,DeLTA,clip,DeLTA_ML209_2,DeLTA_ML209_2,dev,,0.1.0,datasets/DeLTA/data/clips.csv,510dd6d92fd166b6724f484d7825bf451c3c6d6d9634faf7622b2864718f0298
mosaiq-benchmark-v0.1-candidate-20260716,mosaiq-benchmark,0.1.0-dev,delta_source_multilabel,0.1.0,DeLTA,clip,DeLTA_Rs121_1,DeLTA_Rs121_1,test,,0.1.0,datasets/DeLTA/data/clips.csv,3c56ac0d824e1130ada4dde67746ad598e370e0d1059cea939a14a53ae99fe50
mosaiq-benchmark-v0.1-candidate-20260716,mosaiq-benchmark,0.1.0-dev,delta_source_multilabel,0.1.0,DeLTA,clip,DeLTA_cv31_1,DeLTA_cv31_1,train,,0.1.0,datasets/DeLTA/data/clips.csv,b7055b127e59cc42af8ec3e856773beb94babf905b2ca115e3159ca26cb102f8
mosaiq-benchmark-v0.1-candidate-20260716,mosaiq-benchmark,0.1.0-dev,delta_source_multilabel,0.1.0,DeLTA,clip,DeLTA_Mc115_1,DeLTA_Mc115_1,dev,,0.1.0,datasets/DeLTA/data/clips.csv,6c6ceed35d27bf99ce1808d42e42cec1e88a4517c12c297e57a35b8ebb8ac4c3
mosaiq-benchmark-v0.1-candidate-20260716,mosaiq-benchmark,0.1.0-dev,delta_source_multilabel,0.1.0,DeLTA,clip,DeLTA_TS502_2,DeLTA_TS502_2,train,,0.1.0,datasets/DeLTA/data/clips.csv,53b4961ff9e4a1ebe6f1d2fc5c1ee3ed85f9106faf30ad50af45cc4bf47580bd
mosaiq-benchmark-v0.1-candidate-20260716,mosaiq-benchmark,0.1.0-dev,delta_source_multilabel,0.1.0,DeLTA,clip,DeLTA_RP329_2,DeLTA_RP329_2,dev,,0.1.0,datasets/DeLTA/data/clips.csv,7aeee22c091ee0af9b78f040b2998bb721a20dc8d590ec3aaa03647f16024e44
mosaiq-benchmark-v0.1-candidate-20260716,mosaiq-benchmark,0.1.0-dev,delta_source_multilabel,0.1.0,DeLTA,clip,DeLTA_Mc116_1,DeLTA_Mc116_1,train,,0.1.0,datasets/DeLTA/data/clips.csv,85e228e5760bfc1668138011c9093cded51ae8353a4410dbadbdb23339322235
mosaiq-benchmark-v0.1-candidate-20260716,mosaiq-benchmark,0.1.0-dev,delta_source_multilabel,0.1.0,DeLTA,clip,DeLTA_Rp214_1,DeLTA_Rp214_1,train,,0.1.0,datasets/DeLTA/data/clips.csv,9050c4a305a4c00b2613cba697600a779232a939d01f910d655fd794c81f85b9
mosaiq-benchmark-v0.1-candidate-20260716,mosaiq-benchmark,0.1.0-dev,delta_source_multilabel,0.1.0,DeLTA,clip,DeLTA_MC533_1,DeLTA_MC533_1,train,,0.1.0,datasets/DeLTA/data/clips.csv,0ac6b7afccf2babee4a6b82a9ba54c83a90dcbb39c1b5b991eda37053d9bcdaa
mosaiq-benchmark-v0.1-candidate-20260716,mosaiq-benchmark,0.1.0-dev,delta_source_multilabel,0.1.0,DeLTA,clip,DeLTA_TM410_1,DeLTA_TM410_1,train,,0.1.0,datasets/DeLTA/data/clips.csv,f129344a8d036c52a4360b6b67a32bc324355eab93489a4350da3fa890b851bc
mosaiq-benchmark-v0.1-candidate-20260716,mosaiq-benchmark,0.1.0-dev,delta_source_multilabel,0.1.0,DeLTA,clip,DeLTA_sr126_2,DeLTA_sr126_2,train,,0.1.0,datasets/DeLTA/data/clips.csv,fcf0d683023161b02d9dff5b4efaf8c4e0ba428a2546fb713f15e0e5a583e772
mosaiq-benchmark-v0.1-candidate-20260716,mosaiq-benchmark,0.1.0-dev,delta_source_multilabel,0.1.0,DeLTA,clip,DeLTA_TS527_1,DeLTA_TS527_1,test,,0.1.0,datasets/DeLTA/data/clips.csv,b127ad09fa9eadc5824e66cd79543c8041a0d6718f7cda80235baa609b107eff
mosaiq-benchmark-v0.1-candidate-20260716,mosaiq-benchmark,0.1.0-dev,delta_source_multilabel,0.1.0,DeLTA,clip,DeLTA_ET427_1,DeLTA_ET427_1,train,,0.1.0,datasets/DeLTA/data/clips.csv,a41a54d01d1b1d59542038688234d25c2ac1baa8a2db2ca5b513efb5c15f8fcd
mosaiq-benchmark-v0.1-candidate-20260716,mosaiq-benchmark,0.1.0-dev,delta_source_multilabel,0.1.0,DeLTA,clip,DeLTA_SR210_1,DeLTA_SR210_1,train,,0.1.0,datasets/DeLTA/data/clips.csv,08cb13b56fab35c68dbe6025ccae06b061d980adb01f29d802992459ba3dc61e
mosaiq-benchmark-v0.1-candidate-20260716,mosaiq-benchmark,0.1.0-dev,delta_source_multilabel,0.1.0,DeLTA,clip,DeLTA_tm110_1,DeLTA_tm110_1,train,,0.1.0,datasets/DeLTA/data/clips.csv,1d6b9b2601b1e86ca7fae676fee0c3fea3bd4ad0442e1a37aaa8066ee254ef31
mosaiq-benchmark-v0.1-candidate-20260716,mosaiq-benchmark,0.1.0-dev,delta_source_multilabel,0.1.0,DeLTA,clip,DeLTA_cv39_2,DeLTA_cv39_2,dev,,0.1.0,datasets/DeLTA/data/clips.csv,e774a6c082a85f85a38977a2910ca850ee92ea4310111ebec147b72dbb0dc27e
mosaiq-benchmark-v0.1-candidate-20260716,mosaiq-benchmark,0.1.0-dev,delta_source_multilabel,0.1.0,DeLTA,clip,DeLTA_ET409_2,DeLTA_ET409_2,dev,,0.1.0,datasets/DeLTA/data/clips.csv,045e3f703a6edfe26fdb056396b68422659ce7da478e0d5e10f715e399421f1b
mosaiq-benchmark-v0.1-candidate-20260716,mosaiq-benchmark,0.1.0-dev,delta_source_multilabel,0.1.0,DeLTA,clip,DeLTA_SM510_1,DeLTA_SM510_1,train,,0.1.0,datasets/DeLTA/data/clips.csv,9018006ef5ab8b5385d9c99a429d35caab8b878f260ad7504b54407247e407e0
mosaiq-benchmark-v0.1-candidate-20260716,mosaiq-benchmark,0.1.0-dev,delta_source_multilabel,0.1.0,DeLTA,clip,DeLTA_Mc129_1,DeLTA_Mc129_1,train,,0.1.0,datasets/DeLTA/data/clips.csv,67aab339f5eea6368473d46e0279be79cb137a6d0b8192ccf30f7b548f4b7cc8
mosaiq-benchmark-v0.1-candidate-20260716,mosaiq-benchmark,0.1.0-dev,delta_source_multilabel,0.1.0,DeLTA,clip,DeLTA_PL201_1,DeLTA_PL201_1,train,,0.1.0,datasets/DeLTA/data/clips.csv,b31a1d1fe5518211ecb601d1e86e2f59f95dd8faaa0451509c55bee0836adaac
mosaiq-benchmark-v0.1-candidate-20260716,mosaiq-benchmark,0.1.0-dev,delta_source_multilabel,0.1.0,DeLTA,clip,DeLTA_CT311_2,DeLTA_CT311_2,train,,0.1.0,datasets/DeLTA/data/clips.csv,a3307f12622fd44548d619724197863ed606728ac1c0c50dcd7d8f64f63b1dd0
mosaiq-benchmark-v0.1-candidate-20260716,mosaiq-benchmark,0.1.0-dev,delta_source_multilabel,0.1.0,DeLTA,clip,DeLTA_TM403_2,DeLTA_TM403_2,train,,0.1.0,datasets/DeLTA/data/clips.csv,f662790400ecf5eb4bf2781c6b43804b19f1e46f719dd1cb17ef647cb29df026
mosaiq-benchmark-v0.1-candidate-20260716,mosaiq-benchmark,0.1.0-dev,delta_source_multilabel,0.1.0,DeLTA,clip,DeLTA_Rp221_1,DeLTA_Rp221_1,test,,0.1.0,datasets/DeLTA/data/clips.csv,60d691781d7a3648492c83fbc4ce58096a14e1257f3fa99adda323b7311f6d54
mosaiq-benchmark-v0.1-candidate-20260716,mosaiq-benchmark,0.1.0-dev,delta_source_multilabel,0.1.0,DeLTA,clip,DeLTA_ET434_2,DeLTA_ET434_2,train,,0.1.0,datasets/DeLTA/data/clips.csv,0598a76036ad68851b97ab8f900d7c84052e7e6ac44cca27682c94fb066db712
mosaiq-benchmark-v0.1-candidate-20260716,mosaiq-benchmark,0.1.0-dev,delta_source_multilabel,0.1.0,DeLTA,clip,DeLTA_PL426_1,DeLTA_PL426_1,train,,0.1.0,datasets/DeLTA/data/clips.csv,321348d3ec80739f74423b8f5849208bc58b2a53fdee63c1af58e47deb827bbb
mosaiq-benchmark-v0.1-candidate-20260716,mosaiq-benchmark,0.1.0-dev,delta_source_multilabel,0.1.0,DeLTA,clip,DeLTA_cv15_2,DeLTA_cv15_2,train,,0.1.0,datasets/DeLTA/data/clips.csv,31aa33ad996e3cf9301acabac7a268a3695cbe772a371fee1127ff9d1400e023
mosaiq-benchmark-v0.1-candidate-20260716,mosaiq-benchmark,0.1.0-dev,delta_source_multilabel,0.1.0,DeLTA,clip,DeLTA_ts306_2,DeLTA_ts306_2,train,,0.1.0,datasets/DeLTA/data/clips.csv,028b8b552db491b02bedbb3408032cd0f83a05e8002ff82909a1e9f2d41fb1a9
mosaiq-benchmark-v0.1-candidate-20260716,mosaiq-benchmark,0.1.0-dev,delta_source_multilabel,0.1.0,DeLTA,clip,DeLTA_SC201_2,DeLTA_SC201_2,train,,0.1.0,datasets/DeLTA/data/clips.csv,e1b25a39cd5cceabfa15d387120b7a4663563654bee55f7f1e009296c0b4b58f
mosaiq-benchmark-v0.1-candidate-20260716,mosaiq-benchmark,0.1.0-dev,delta_source_multilabel,0.1.0,DeLTA,clip,DeLTA_sc135_1,DeLTA_sc135_1,train,,0.1.0,datasets/DeLTA/data/clips.csv,382324d01a991598fcbe69dda0e900e3fb69fb023bdd5a10b75376dbdd8065d1
mosaiq-benchmark-v0.1-candidate-20260716,mosaiq-benchmark,0.1.0-dev,delta_source_multilabel,0.1.0,DeLTA,clip,DeLTA_PL432_2,DeLTA_PL432_2,dev,,0.1.0,datasets/DeLTA/data/clips.csv,22fab1bf35120d860aebc5288341508c9d0856fb8bbd93ee7ac31e86fb307f9b
mosaiq-benchmark-v0.1-candidate-20260716,mosaiq-benchmark,0.1.0-dev,delta_source_multilabel,0.1.0,DeLTA,clip,DeLTA_NP108_1,DeLTA_NP108_1,train,,0.1.0,datasets/DeLTA/data/clips.csv,cd53cbf734c538643ed691a5a92f555efccbe3378d96cd6fe415735f3fd0bc6c
mosaiq-benchmark-v0.1-candidate-20260716,mosaiq-benchmark,0.1.0-dev,delta_source_multilabel,0.1.0,DeLTA,clip,DeLTA_SC218_2,DeLTA_SC218_2,train,,0.1.0,datasets/DeLTA/data/clips.csv,9c2a47287ea4857328ddf42a3b8883128a3c51fc374c3dc209b15acc146c54e4
mosaiq-benchmark-v0.1-candidate-20260716,mosaiq-benchmark,0.1.0-dev,delta_source_multilabel,0.1.0,DeLTA,clip,DeLTA_m15_2,DeLTA_m15_2,train,,0.1.0,datasets/DeLTA/data/clips.csv,ec7192861cfbe06e96c201d45398fef22b63b068942eac5cec4e5f5a2a4a7544
mosaiq-benchmark-v0.1-candidate-20260716,mosaiq-benchmark,0.1.0-dev,delta_source_multilabel,0.1.0,DeLTA,clip,DeLTA_Rs112_1,DeLTA_Rs112_1,train,,0.1.0,datasets/DeLTA/data/clips.csv,5cc6e8910994b8d7fc749b1989cca45a9963af6f26c416abaa64b14acefa597f
mosaiq-benchmark-v0.1-candidate-20260716,mosaiq-benchmark,0.1.0-dev,delta_source_multilabel,0.1.0,DeLTA,clip,DeLTA_PL423_1,DeLTA_PL423_1,train,,0.1.0,datasets/DeLTA/data/clips.csv,055e39b221230232040aa4550e9c6c43087b6bc880574861c1be57522a801cc1
mosaiq-benchmark-v0.1-candidate-20260716,mosaiq-benchmark,0.1.0-dev,delta_source_multilabel,0.1.0,DeLTA,clip,DeLTA_MG102_1,DeLTA_MG102_1,train,,0.1.0,datasets/DeLTA/data/clips.csv,da25449ce2a7bdccb5f4c145fee79e18165a16608a16404588630df162528edc
mosaiq-benchmark-v0.1-candidate-20260716,mosaiq-benchmark,0.1.0-dev,delta_source_multilabel,0.1.0,DeLTA,clip,DeLTA_SM306_1,DeLTA_SM306_1,train,,0.1.0,datasets/DeLTA/data/clips.csv,12d8fba993477169c3bcd929cf00f367518cbb6ee09e883d7c154f06c998816b
mosaiq-benchmark-v0.1-candidate-20260716,mosaiq-benchmark,0.1.0-dev,delta_source_multilabel,0.1.0,DeLTA,clip,DeLTA_RS414_2,DeLTA_RS414_2,dev,,0.1.0,datasets/DeLTA/data/clips.csv,8893e517d9b41215013dac01e6a41ca82f8ff80372f65cecbc754948e8c9e552
mosaiq-benchmark-v0.1-candidate-20260716,mosaiq-benchmark,0.1.0-dev,delta_source_multilabel,0.1.0,DeLTA,clip,DeLTA_cv28_1,DeLTA_cv28_1,dev,,0.1.0,datasets/DeLTA/data/clips.csv,7520796a12fe76150e3b3b73cf68ec57c00842e25f09dd2ae4ddd01d68d2ceb1
mosaiq-benchmark-v0.1-candidate-20260716,mosaiq-benchmark,0.1.0-dev,delta_source_multilabel,0.1.0,DeLTA,clip,DeLTA_ET309_2,DeLTA_ET309_2,dev,,0.1.0,datasets/DeLTA/data/clips.csv,a1b2aff72966063dabcebd9764a56c18e4e455e395f08818994a7b28895f0b40
mosaiq-benchmark-v0.1-candidate-20260716,mosaiq-benchmark,0.1.0-dev,delta_source_multilabel,0.1.0,DeLTA,clip,DeLTA_Rs326_2,DeLTA_Rs326_2,test,,0.1.0,datasets/DeLTA/data/clips.csv,de76cd3313cac11c4214202c7dee308a4287f13f169d2547ef47f478295f5dfc
mosaiq-benchmark-v0.1-candidate-20260716,mosaiq-benchmark,0.1.0-dev,delta_source_multilabel,0.1.0,DeLTA,clip,DeLTA_PL321_2,DeLTA_PL321_2,dev,,0.1.0,datasets/DeLTA/data/clips.csv,4544c61562a3ae209b864f352f71c0e9855dce2917ae48a3eb0881ba7eda5639
mosaiq-benchmark-v0.1-candidate-20260716,mosaiq-benchmark,0.1.0-dev,delta_source_multilabel,0.1.0,DeLTA,clip,DeLTA_TS520_1,DeLTA_TS520_1,train,,0.1.0,datasets/DeLTA/data/clips.csv,1f2ef23a9f5e0c1af60e137a4e44321879b559c65ef505550e1aafc2d1fe0ee0
mosaiq-benchmark-v0.1-candidate-20260716,mosaiq-benchmark,0.1.0-dev,delta_source_multilabel,0.1.0,DeLTA,clip,DeLTA_2cv32_1,DeLTA_2cv32_1,train,,0.1.0,datasets/DeLTA/data/clips.csv,06637078350b8c18210f27603bf2245fcb08b92ff971e026477187cb0eb9d2c7
mosaiq-benchmark-v0.1-candidate-20260716,mosaiq-benchmark,0.1.0-dev,delta_source_multilabel,0.1.0,DeLTA,clip,DeLTA_Pl114_2,DeLTA_Pl114_2,dev,,0.1.0,datasets/DeLTA/data/clips.csv,49bfa83d88d5435f174f3da0e2f45dc571d42f3ab4d26e71b49a9e11cccd190b
mosaiq-benchmark-v0.1-candidate-20260716,mosaiq-benchmark,0.1.0-dev,delta_source_multilabel,0.1.0,DeLTA,clip,DeLTA_sr146_1,DeLTA_sr146_1,train,,0.1.0,datasets/DeLTA/data/clips.csv,6fc2bb58d13f6131cc23ea01f33f009f4eee36f151ce45f9291e3dbc2679d37d
mosaiq-benchmark-v0.1-candidate-20260716,mosaiq-benchmark,0.1.0-dev,delta_source_multilabel,0.1.0,DeLTA,clip,DeLTA_Rs217_1,DeLTA_Rs217_1,dev,,0.1.0,datasets/DeLTA/data/clips.csv,ecaed7d6e26f8415b5377bd12d78931d8d1495e082f00f242536f6d62bd29ed9
mosaiq-benchmark-v0.1-candidate-20260716,mosaiq-benchmark,0.1.0-dev,delta_source_multilabel,0.1.0,DeLTA,clip,DeLTA_RF315_1,DeLTA_RF315_1,train,,0.1.0,datasets/DeLTA/data/clips.csv,c84f024f57999a4b308780dca0c623e12a9332b3923d7a15574cc8a35f9d1cb9
mosaiq-benchmark-v0.1-candidate-20260716,mosaiq-benchmark,0.1.0-dev,delta_source_multilabel,0.1.0,DeLTA,clip,DeLTA_cv23_2,DeLTA_cv23_2,dev,,0.1.0,datasets/DeLTA/data/clips.csv,0ecba1c20de41440bc586ec822805f87c693c576e29e682de457ee72ed375278
mosaiq-benchmark-v0.1-candidate-20260716,mosaiq-benchmark,0.1.0-dev,delta_source_multilabel,0.1.0,DeLTA,clip,DeLTA_sr118_3,DeLTA_sr118_3,train,,0.1.0,datasets/DeLTA/data/clips.csv,19c59a3b670cfac25395ad4b30e6542239ea55532da215b143e3f300fc9ca276
mosaiq-benchmark-v0.1-candidate-20260716,mosaiq-benchmark,0.1.0-dev,delta_source_multilabel,0.1.0,DeLTA,clip,DeLTA_ET311_2,DeLTA_ET311_2,train,,0.1.0,datasets/DeLTA/data/clips.csv,f5182cac8e7a0f080b958bb76c7448d86848d42541dff9a87f2534d3728b14b0
mosaiq-benchmark-v0.1-candidate-20260716,mosaiq-benchmark,0.1.0-dev,delta_source_multilabel,0.1.0,DeLTA,clip,DeLTA_SR211_1,DeLTA_SR211_1,dev,,0.1.0,datasets/DeLTA/data/clips.csv,4b8a4c03394bda3b3399bdafabfabc6efc15976c420c9690b34bdfeb5d7397a4
mosaiq-benchmark-v0.1-candidate-20260716,mosaiq-benchmark,0.1.0-dev,delta_source_multilabel,0.1.0,DeLTA,clip,DeLTA_NP129_1,DeLTA_NP129_1,dev,,0.1.0,datasets/DeLTA/data/clips.csv,281c97ad0047979b0b70f6e02f17374d582781400bdc21bf0da987c7bbac24a9
mosaiq-benchmark-v0.1-candidate-20260716,mosaiq-benchmark,0.1.0-dev,delta_source_multilabel,0.1.0,DeLTA,clip,DeLTA_NP148_1,DeLTA_NP148_1,train,,0.1.0,datasets/DeLTA/data/clips.csv,aca073b6a59685118cf67a65090f8784c18ce50781736cbb68c8d996dea3d916
mosaiq-benchmark-v0.1-candidate-20260716,mosaiq-benchmark,0.1.0-dev,delta_source_multilabel,0.1.0,DeLTA,clip,DeLTA_cp6_2,DeLTA_cp6_2,test,,0.1.0,datasets/DeLTA/data/clips.csv,46f532005e657dfbe829ee87f145060359f875857d4d2c35ba2e76751d5860df
mosaiq-benchmark-v0.1-candidate-20260716,mosaiq-benchmark,0.1.0-dev,delta_source_multilabel,0.1.0,DeLTA,clip,DeLTA_RP321_1,DeLTA_RP321_1,train,,0.1.0,datasets/DeLTA/data/clips.csv,3e4ac72f26e85d59839eb890c9b2e732d371ed543f885f3553074fe8caa56be9
mosaiq-benchmark-v0.1-candidate-20260716,mosaiq-benchmark,0.1.0-dev,delta_source_multilabel,0.1.0,DeLTA,clip,DeLTA_sr116_2,DeLTA_sr116_2,train,,0.1.0,datasets/DeLTA/data/clips.csv,c8cf0c1f8346e97c869f91290b4ad448610d9571c44a0e9c3d87692d1f02643f
mosaiq-benchmark-v0.1-candidate-20260716,mosaiq-benchmark,0.1.0-dev,delta_source_multilabel,0.1.0,DeLTA,clip,DeLTA_ET404_2,DeLTA_ET404_2,train,,0.1.0,datasets/DeLTA/data/clips.csv,b4459dda4086da8490557bd0691a8268843d9ad4b75394e36259c8363b0f496c
mosaiq-benchmark-v0.1-candidate-20260716,mosaiq-benchmark,0.1.0-dev,delta_source_multilabel,0.1.0,DeLTA,clip,DeLTA_Rs325_1,DeLTA_Rs325_1,train,,0.1.0,datasets/DeLTA/data/clips.csv,030867e43f673fc86ff60690adc4f2f1c30b6327dcafc35413b3090e6a002962
mosaiq-benchmark-v0.1-candidate-20260716,mosaiq-benchmark,0.1.0-dev,delta_source_multilabel,0.1.0,DeLTA,clip,DeLTA_CT502_2,DeLTA_CT502_2,train,,0.1.0,datasets/DeLTA/data/clips.csv,0320523809647cb638ee48a2caa1d34d7046156091fb201293d34f935f1c6bfd
mosaiq-benchmark-v0.1-candidate-20260716,mosaiq-benchmark,0.1.0-dev,delta_source_multilabel,0.1.0,DeLTA,clip,DeLTA_TM409_2,DeLTA_TM409_2,dev,,0.1.0,datasets/DeLTA/data/clips.csv,42fa9e884b7d3c4ee733d4ac8fdee5df13cb847a5918dd5ba8f31a54976027f9
mosaiq-benchmark-v0.1-candidate-20260716,mosaiq-benchmark,0.1.0-dev,delta_source_multilabel,0.1.0,DeLTA,clip,DeLTA_NP113_2,DeLTA_NP113_2,train,,0.1.0,datasets/DeLTA/data/clips.csv,474d10c4f393fbec5baa4d5ffb3daed2cad62130862fb11a202579badd5f317b
mosaiq-benchmark-v0.1-candidate-20260716,mosaiq-benchmark,0.1.0-dev,delta_source_multilabel,0.1.0,DeLTA,clip,DeLTA_Rp224_2,DeLTA_Rp224_2,train,,0.1.0,datasets/DeLTA/data/clips.csv,01f373b1d01f7a82b2d18abf7c9a6fb8ed8d7a902ca1634f8c222cf48bc04f2f
mosaiq-benchmark-v0.1-candidate-20260716,mosaiq-benchmark,0.1.0-dev,delta_source_multilabel,0.1.0,DeLTA,clip,DeLTA_Mc108_1,DeLTA_Mc108_1,train,,0.1.0,datasets/DeLTA/data/clips.csv,52c03a6b3afb998759e70b1da9e7664e42b20f5b1a1869b74f55ead8ef461a1a
mosaiq-benchmark-v0.1-candidate-20260716,mosaiq-benchmark,0.1.0-dev,delta_source_multilabel,0.1.0,DeLTA,clip,DeLTA_Rp210_2,DeLTA_Rp210_2,train,,0.1.0,datasets/DeLTA/data/clips.csv,0f28fed8078ba59b479d580381eeb9896edc7fad06add05d18ef28211657818a
mosaiq-benchmark-v0.1-candidate-20260716,mosaiq-benchmark,0.1.0-dev,delta_source_multilabel,0.1.0,DeLTA,clip,DeLTA_Rs317_2,DeLTA_Rs317_2,train,,0.1.0,datasets/DeLTA/data/clips.csv,0424878ef8e300bf2d06aaf71d9abb5301faad7e4bc88e8bf9eef97ea554a9d9
mosaiq-benchmark-v0.1-candidate-20260716,mosaiq-benchmark,0.1.0-dev,delta_source_multilabel,0.1.0,DeLTA,clip,DeLTA_PL325_1,DeLTA_PL325_1,train,,0.1.0,datasets/DeLTA/data/clips.csv,5a1c6aaaf8fb1eb5e7f69c96e9738295016c86c01a33baa7f835daedfe8cbde4
mosaiq-benchmark-v0.1-candidate-20260716,mosaiq-benchmark,0.1.0-dev,delta_source_multilabel,0.1.0,DeLTA,clip,DeLTA_MC524_1,DeLTA_MC524_1,train,,0.1.0,datasets/DeLTA/data/clips.csv,ae868a0aa7538af0131dce6675159c7a9c73d3048f1e2acfdf4391bd784c683f
mosaiq-benchmark-v0.1-candidate-20260716,mosaiq-benchmark,0.1.0-dev,delta_source_multilabel,0.1.0,DeLTA,clip,DeLTA_SM419_1,DeLTA_SM419_1,dev,,0.1.0,datasets/DeLTA/data/clips.csv,69dcb56224591c8bff7ee2eba7065de943d18a98db51f0a89bd6763500e5efe6
mosaiq-benchmark-v0.1-candidate-20260716,mosaiq-benchmark,0.1.0-dev,delta_source_multilabel,0.1.0,DeLTA,clip,DeLTA_Rs122_2,DeLTA_Rs122_2,train,,0.1.0,datasets/DeLTA/data/clips.csv,9f4a13e92ce5151868fcae9eec646d239425cc5592dca063f2bc2c1b3c965a23
mosaiq-benchmark-v0.1-candidate-20260716,mosaiq-benchmark,0.1.0-dev,delta_source_multilabel,0.1.0,DeLTA,clip,DeLTA_PL304_2,DeLTA_PL304_2,test,,0.1.0,datasets/DeLTA/data/clips.csv,4e71c0e87ec132267ce2abc5af14e677fbe130e56d7fc72e265e8e8870af0506
mosaiq-benchmark-v0.1-candidate-20260716,mosaiq-benchmark,0.1.0-dev,delta_source_multilabel,0.1.0,DeLTA,clip,DeLTA_NP161_1,DeLTA_NP161_1,train,,0.1.0,datasets/DeLTA/data/clips.csv,81b5f8e33a33c807e1fa9ba411ba91a6154980ede7eefafea6911191b526237a
mosaiq-benchmark-v0.1-candidate-20260716,mosaiq-benchmark,0.1.0-dev,delta_source_multilabel,0.1.0,DeLTA,clip,DeLTA_tm124_1,DeLTA_tm124_1,train,,0.1.0,datasets/DeLTA/data/clips.csv,50af3ae61f0516f3a5c5c0243c7d482fdc6ee6eac9d4fe08b22c7e6e9f1e1993
mosaiq-benchmark-v0.1-candidate-20260716,mosaiq-benchmark,0.1.0-dev,delta_source_multilabel,0.1.0,DeLTA,clip,DeLTA_sr118_1,DeLTA_sr118_1,train,,0.1.0,datasets/DeLTA/data/clips.csv,ad525f1b81214bc43a575f5437b8818880248e9ecc2ac54115b9f8ec60d50d2a
mosaiq-benchmark-v0.1-candidate-20260716,mosaiq-benchmark,0.1.0-dev,delta_source_multilabel,0.1.0,DeLTA,clip,DeLTA_TS505_1,DeLTA_TS505_1,train,,0.1.0,datasets/DeLTA/data/clips.csv,6317ca028f576d7801990b9def59bd29aa53b809d0092fe87548e6b91c430f51
mosaiq-benchmark-v0.1-candidate-20260716,mosaiq-benchmark,0.1.0-dev,delta_source_multilabel,0.1.0,DeLTA,clip,DeLTA_ML112_2,DeLTA_ML112_2,test,,0.1.0,datasets/DeLTA/data/clips.csv,3a2c072543eb4b548ba2f1a9a65e19cd69c8dcbc7d067203fad63c6af8f69df7
mosaiq-benchmark-v0.1-candidate-20260716,mosaiq-benchmark,0.1.0-dev,delta_source_multilabel,0.1.0,DeLTA,clip,DeLTA_cp11_2,DeLTA_cp11_2,test,,0.1.0,datasets/DeLTA/data/clips.csv,670a2976d3d5436f511f841bbee05cf1f97638770c20cf2bf62b5fb5e3c0613e
mosaiq-benchmark-v0.1-candidate-20260716,mosaiq-benchmark,0.1.0-dev,delta_source_multilabel,0.1.0,DeLTA,clip,DeLTA_NP144_1,DeLTA_NP144_1,train,,0.1.0,datasets/DeLTA/data/clips.csv,4405eeee07af7f3a34a75f61a2cb41183efb17f9359909b62f4d945874b8c317
mosaiq-benchmark-v0.1-candidate-20260716,mosaiq-benchmark,0.1.0-dev,delta_source_multilabel,0.1.0,DeLTA,clip,DeLTA_TS510_1,DeLTA_TS510_1,test,,0.1.0,datasets/DeLTA/data/clips.csv,9237900d504bac27de279e15b460d5be97ab1ac6b9d4778c86e50860011191d7
mosaiq-benchmark-v0.1-candidate-20260716,mosaiq-benchmark,0.1.0-dev,delta_source_multilabel,0.1.0,DeLTA,clip,DeLTA_ts308_2,DeLTA_ts308_2,train,,0.1.0,datasets/DeLTA/data/clips.csv,1fca905d6e9db5750445c93833fa86ce609211f89c0338e162486d00f8ff4f38
mosaiq-benchmark-v0.1-candidate-20260716,mosaiq-benchmark,0.1.0-dev,delta_source_multilabel,0.1.0,DeLTA,clip,DeLTA_CT124_1,DeLTA_CT124_1,train,,0.1.0,datasets/DeLTA/data/clips.csv,abd884fc9eea333edf40d7f83820f27fb6867461b88bce9f55ded23c3c643f3e
mosaiq-benchmark-v0.1-candidate-20260716,mosaiq-benchmark,0.1.0-dev,delta_source_multilabel,0.1.0,DeLTA,clip,DeLTA_RS423_2,DeLTA_RS423_2,test,,0.1.0,datasets/DeLTA/data/clips.csv,ae41ddc116718a1f4177bd37c0bba2b70b8f6a3d3682686ca0f00ca5610a884a
mosaiq-benchmark-v0.1-candidate-20260716,mosaiq-benchmark,0.1.0-dev,delta_source_multilabel,0.1.0,DeLTA,clip,DeLTA_2cv11_2,DeLTA_2cv11_2,train,,0.1.0,datasets/DeLTA/data/clips.csv,f44e31af3dcda3862bea0c5a05539972cb0719cc575dfb2374ab3126b0782e9a
mosaiq-benchmark-v0.1-candidate-20260716,mosaiq-benchmark,0.1.0-dev,delta_source_multilabel,0.1.0,DeLTA,clip,DeLTA_RF337_1,DeLTA_RF337_1,test,,0.1.0,datasets/DeLTA/data/clips.csv,83d06b22255c77157bbcc76cb6f0a4c5ffc0f634c2a8c8322fdfb6c7d5e0b59e
mosaiq-benchmark-v0.1-candidate-20260716,mosaiq-benchmark,0.1.0-dev,delta_source_multilabel,0.1.0,DeLTA,clip,DeLTA_RP333_2,DeLTA_RP333_2,dev,,0.1.0,datasets/DeLTA/data/clips.csv,164eadfc7cfe575529f6fbc61d882ac32856acc3e991146e6e8645efe56f64bb
mosaiq-benchmark-v0.1-candidate-20260716,mosaiq-benchmark,0.1.0-dev,delta_source_multilabel,0.1.0,DeLTA,clip,DeLTA_tm202_2,DeLTA_tm202_2,test,,0.1.0,datasets/DeLTA/data/clips.csv,a2e5b8ef373b2d0c53ae9347ca42c7b846705df2cf67472ed7f3e90b3eac3c65
mosaiq-benchmark-v0.1-candidate-20260716,mosaiq-benchmark,0.1.0-dev,delta_source_multilabel,0.1.0,DeLTA,clip,DeLTA_tm304_1,DeLTA_tm304_1,train,,0.1.0,datasets/DeLTA/data/clips.csv,07b92fc2060473452daf66c7e3d086f9624becd0d6e5407e35a2b2bead850311
mosaiq-benchmark-v0.1-candidate-20260716,mosaiq-benchmark,0.1.0-dev,delta_source_multilabel,0.1.0,DeLTA,clip,DeLTA_MG329_1,DeLTA_MG329_1,train,,0.1.0,datasets/DeLTA/data/clips.csv,2205219d6fb3bdd2ce48f93bbfa8903257af044cad7087217fdf19289014cc49
mosaiq-benchmark-v0.1-candidate-20260716,mosaiq-benchmark,0.1.0-dev,delta_source_multilabel,0.1.0,DeLTA,clip,DeLTA_Pl106_1,DeLTA_Pl106_1,test,,0.1.0,datasets/DeLTA/data/clips.csv,ac3d8b8161ae7e0f4ebf32d7e056e4cb8af08c3d2adea10ee46751dcbde165df
mosaiq-benchmark-v0.1-candidate-20260716,mosaiq-benchmark,0.1.0-dev,delta_source_multilabel,0.1.0,DeLTA,clip,DeLTA_cv27_2,DeLTA_cv27_2,dev,,0.1.0,datasets/DeLTA/data/clips.csv,70593207b160d834d4c27d76fa12fbec89d3761c206d60691811a6ce389fcedb
mosaiq-benchmark-v0.1-candidate-20260716,mosaiq-benchmark,0.1.0-dev,delta_source_multilabel,0.1.0,DeLTA,clip,DeLTA_Rs106_2,DeLTA_Rs106_2,train,,0.1.0,datasets/DeLTA/data/clips.csv,84180d94e6e1ebc2ecf9a6c8156857f551d169aa0bcfb764d8d06ee644592325
mosaiq-benchmark-v0.1-candidate-20260716,mosaiq-benchmark,0.1.0-dev,delta_source_multilabel,0.1.0,DeLTA,clip,DeLTA_ML111_2,DeLTA_ML111_2,train,,0.1.0,datasets/DeLTA/data/clips.csv,df07a1921fc337a1f5e97a810ff20a2ef0e7e117c05457aa5a2b8ee668bf1f07
mosaiq-benchmark-v0.1-candidate-20260716,mosaiq-benchmark,0.1.0-dev,delta_source_multilabel,0.1.0,DeLTA,clip,DeLTA_ts308_1,DeLTA_ts308_1,train,,0.1.0,datasets/DeLTA/data/clips.csv,c8d8866325a6de7596a5dc383b377f805f493755c1ce133b121f2124ae66b024
mosaiq-benchmark-v0.1-candidate-20260716,mosaiq-benchmark,0.1.0-dev,delta_source_multilabel,0.1.0,DeLTA,clip,DeLTA_MG206_1,DeLTA_MG206_1,train,,0.1.0,datasets/DeLTA/data/clips.csv,05929dae3910c1f6ce3836a846cea5f821ffc31f9c06f89ea2abeac4f517faad
mosaiq-benchmark-v0.1-candidate-20260716,mosaiq-benchmark,0.1.0-dev,delta_source_multilabel,0.1.0,DeLTA,clip,DeLTA_ET418_1,DeLTA_ET418_1,train,,0.1.0,datasets/DeLTA/data/clips.csv,7faba5f183853a6421aba02d8440616a246117b8110c7e9c64845e253c3d52be
mosaiq-benchmark-v0.1-candidate-20260716,mosaiq-benchmark,0.1.0-dev,delta_source_multilabel,0.1.0,DeLTA,clip,DeLTA_TM411_2,DeLTA_TM411_2,dev,,0.1.0,datasets/DeLTA/data/clips.csv,ebd3dbaa49e9f723d7f3c91776d059721fddad2c4a1af9fb3a9b4835dc7c6a8c
mosaiq-benchmark-v0.1-candidate-20260716,mosaiq-benchmark,0.1.0-dev,delta_source_multilabel,0.1.0,DeLTA,clip,DeLTA_Mc318_2,DeLTA_Mc318_2,train,,0.1.0,datasets/DeLTA/data/clips.csv,4ef5ea215ebfd55f4b1cc61d97a36aaf75c2af88f48c01b9bc61bd9c01f23729
mosaiq-benchmark-v0.1-candidate-20260716,mosaiq-benchmark,0.1.0-dev,delta_source_multilabel,0.1.0,DeLTA,clip,DeLTA_MC540_1,DeLTA_MC540_1,test,,0.1.0,datasets/DeLTA/data/clips.csv,ba1314ea076e8a212b304ffe2c6f56178ed8c2396f3ebce83415576308122ec3
mosaiq-benchmark-v0.1-candidate-20260716,mosaiq-benchmark,0.1.0-dev,delta_source_multilabel,0.1.0,DeLTA,clip,DeLTA_2cv33_1,DeLTA_2cv33_1,train,,0.1.0,datasets/DeLTA/data/clips.csv,87e84c8f3f9899fc55203437e6441aaa649ed056ad379c576973e662203f9d16
mosaiq-benchmark-v0.1-candidate-20260716,mosaiq-benchmark,0.1.0-dev,delta_source_multilabel,0.1.0,DeLTA,clip,DeLTA_PL338_2,DeLTA_PL338_2,train,,0.1.0,datasets/DeLTA/data/clips.csv,df967ffc08622b7552ab74f2db926d6b835def5b142ed1c5eb881bec7837d9e3
mosaiq-benchmark-v0.1-candidate-20260716,mosaiq-benchmark,0.1.0-dev,delta_source_multilabel,0.1.0,DeLTA,clip,DeLTA_ET401_2,DeLTA_ET401_2,train,,0.1.0,datasets/DeLTA/data/clips.csv,8762e39afde1e55d5e0d71390ca40dcc14adb9b49338ff9d5cbe78ba5987d296
mosaiq-benchmark-v0.1-candidate-20260716,mosaiq-benchmark,0.1.0-dev,delta_source_multilabel,0.1.0,DeLTA,clip,DeLTA_Mc105_2,DeLTA_Mc105_2,train,,0.1.0,datasets/DeLTA/data/clips.csv,9e1cc7d2437b85fd64bdd1f8bb77bb04cf77c8e88fe93199b9045339c80a5dde
mosaiq-benchmark-v0.1-candidate-20260716,mosaiq-benchmark,0.1.0-dev,delta_source_multilabel,0.1.0,DeLTA,clip,DeLTA_ts226_1,DeLTA_ts226_1,train,,0.1.0,datasets/DeLTA/data/clips.csv,62bf351cf6b55367fbb996ca5583e1675f4eb274abb5a72c5ef379506974bb1e
mosaiq-benchmark-v0.1-candidate-20260716,mosaiq-benchmark,0.1.0-dev,delta_source_multilabel,0.1.0,DeLTA,clip,DeLTA_TS512_2,DeLTA_TS512_2,test,,0.1.0,datasets/DeLTA/data/clips.csv,30696d27daef43c00198255b81c093fb6b6957d4a2ae60708f59d1f42dd047b7
mosaiq-benchmark-v0.1-candidate-20260716,mosaiq-benchmark,0.1.0-dev,delta_source_multilabel,0.1.0,DeLTA,clip,DeLTA_Mc120_1,DeLTA_Mc120_1,train,,0.1.0,datasets/DeLTA/data/clips.csv,9f146ed837764b5fc1fd1efed133a51e8049fe8532609e96a48ad770a7454cf1
mosaiq-benchmark-v0.1-candidate-20260716,mosaiq-benchmark,0.1.0-dev,delta_source_multilabel,0.1.0,DeLTA,clip,DeLTA_tm331_1,DeLTA_tm331_1,train,,0.1.0,datasets/DeLTA/data/clips.csv,c485a9c74b5dd215df8323f1e86b1211fb95d3ce84c8bd8721c3c9f206910a9e
mosaiq-benchmark-v0.1-candidate-20260716,mosaiq-benchmark,0.1.0-dev,delta_source_multilabel,0.1.0,DeLTA,clip,DeLTA_TM416_1,DeLTA_TM416_1,train,,0.1.0,datasets/DeLTA/data/clips.csv,92db6c24d93bc1551893d6d78ae77e60513cb05e5a741ee3897f4ebd19a554e6
mosaiq-benchmark-v0.1-candidate-20260716,mosaiq-benchmark,0.1.0-dev,delta_source_multilabel,0.1.0,DeLTA,clip,DeLTA_tm312_2,DeLTA_tm312_2,train,,0.1.0,datasets/DeLTA/data/clips.csv,7ee84abf1de4bd5badbafcedd08c57804c4b75ff6702c94829e667297b6b9c93
mosaiq-benchmark-v0.1-candidate-20260716,mosaiq-benchmark,0.1.0-dev,delta_source_multilabel,0.1.0,DeLTA,clip,DeLTA_ts224_2,DeLTA_ts224_2,train,,0.1.0,datasets/DeLTA/data/clips.csv,ae23de33363a29ee0ac734878ac182be19f56b167570fcc38e84723f11d043dc
mosaiq-benchmark-v0.1-candidate-20260716,mosaiq-benchmark,0.1.0-dev,delta_source_multilabel,0.1.0,DeLTA,clip,DeLTA_MC523_2,DeLTA_MC523_2,train,,0.1.0,datasets/DeLTA/data/clips.csv,2f3e17be350e48ee76b65709a318898644b15d6d5b792a7902cc1fc3cf623a3a
mosaiq-benchmark-v0.1-candidate-20260716,mosaiq-benchmark,0.1.0-dev,delta_source_multilabel,0.1.0,DeLTA,clip,DeLTA_tm211_1,DeLTA_tm211_1,dev,,0.1.0,datasets/DeLTA/data/clips.csv,6e309bcbb0f99f1a07ac67e32c0fd5a792bc6c75acd076707a82b511d383163e
mosaiq-benchmark-v0.1-candidate-20260716,mosaiq-benchmark,0.1.0-dev,delta_source_multilabel,0.1.0,DeLTA,clip,DeLTA_Mc301_2,DeLTA_Mc301_2,train,,0.1.0,datasets/DeLTA/data/clips.csv,3151829fd7ce7bcd6f292c893745f54ff5faaa2786ff04794b1e1d67847f5492
mosaiq-benchmark-v0.1-candidate-20260716,mosaiq-benchmark,0.1.0-dev,delta_source_multilabel,0.1.0,DeLTA,clip,DeLTA_RP316_1,DeLTA_RP316_1,train,,0.1.0,datasets/DeLTA/data/clips.csv,6ef7563460d2e60b4f41f991dd2a01acb12e6ce0e340532adba540e9226ddfcb
mosaiq-benchmark-v0.1-candidate-20260716,mosaiq-benchmark,0.1.0-dev,delta_source_multilabel,0.1.0,DeLTA,clip,DeLTA_ts319_1,DeLTA_ts319_1,train,,0.1.0,datasets/DeLTA/data/clips.csv,cf8d680902fa00dbc6c43c5455da6477082fc83671acac2f962947dbd4ac4e8a
mosaiq-benchmark-v0.1-candidate-20260716,mosaiq-benchmark,0.1.0-dev,delta_source_multilabel,0.1.0,DeLTA,clip,DeLTA_Rp228_1,DeLTA_Rp228_1,train,,0.1.0,datasets/DeLTA/data/clips.csv,e2c460330e17680a3be4cc65e7307c077e73649ad4dbb95bff72d9e94d8cff9e
mosaiq-benchmark-v0.1-candidate-20260716,mosaiq-benchmark,0.1.0-dev,delta_source_multilabel,0.1.0,DeLTA,clip,DeLTA_ET304_2,DeLTA_ET304_2,dev,,0.1.0,datasets/DeLTA/data/clips.csv,b6c9596d506d0c50200b68478f8a9d58fe8b6946fa669557ee8e91d43488e307
mosaiq-benchmark-v0.1-candidate-20260716,mosaiq-benchmark,0.1.0-dev,delta_source_multilabel,0.1.0,DeLTA,clip,DeLTA_tm303_1,DeLTA_tm303_1,train,,0.1.0,datasets/DeLTA/data/clips.csv,5a608423f5219a09b3b0e19bb7a981d0c2a0f3f972670617996218382fb54efc
mosaiq-benchmark-v0.1-candidate-20260716,mosaiq-benchmark,0.1.0-dev,delta_source_multilabel,0.1.0,DeLTA,clip,DeLTA_RF344_2,DeLTA_RF344_2,test,,0.1.0,datasets/DeLTA/data/clips.csv,1c3f50ac20a4fffbcccc85ed6ef177502dbed4d94e9c54a0fbe99ca88f6baba1
mosaiq-benchmark-v0.1-candidate-20260716,mosaiq-benchmark,0.1.0-dev,delta_source_multilabel,0.1.0,DeLTA,clip,DeLTA_sc105_1,DeLTA_sc105_1,train,,0.1.0,datasets/DeLTA/data/clips.csv,35f48c9ae56f4b52df59ef084e176daf2e3426469ebf55be62854400f86d43ef
mosaiq-benchmark-v0.1-candidate-20260716,mosaiq-benchmark,0.1.0-dev,delta_source_multilabel,0.1.0,DeLTA,clip,DeLTA_ts211_2,DeLTA_ts211_2,dev,,0.1.0,datasets/DeLTA/data/clips.csv,ba592c36e6edc0b44322c90e02ca315a2ab273f74d88b8ff17cdde84024f3d7c
mosaiq-benchmark-v0.1-candidate-20260716,mosaiq-benchmark,0.1.0-dev,delta_source_multilabel,0.1.0,DeLTA,clip,DeLTA_NP110_2,DeLTA_NP110_2,dev,,0.1.0,datasets/DeLTA/data/clips.csv,1c895baa24b4f009605ddc5901a202d0cf3b5c5703647350eb6b40a75495cb19
mosaiq-benchmark-v0.1-candidate-20260716,mosaiq-benchmark,0.1.0-dev,delta_source_multilabel,0.1.0,DeLTA,clip,DeLTA_ET218_2,DeLTA_ET218_2,train,,0.1.0,datasets/DeLTA/data/clips.csv,cef7018b72f57316df7f65c6abb3f76c4e677321861230592e6e893711c4b70f
mosaiq-benchmark-v0.1-candidate-20260716,mosaiq-benchmark,0.1.0-dev,delta_source_multilabel,0.1.0,DeLTA,clip,DeLTA_Rp125_2,DeLTA_Rp125_2,dev,,0.1.0,datasets/DeLTA/data/clips.csv,d467d676384836e2fa0a3ca99363171d86e29f334892ec3e44c0775704b9c960
mosaiq-benchmark-v0.1-candidate-20260716,mosaiq-benchmark,0.1.0-dev,delta_source_multilabel,0.1.0,DeLTA,clip,DeLTA_TM413_2,DeLTA_TM413_2,dev,,0.1.0,datasets/DeLTA/data/clips.csv,4436494d45b626a0c2b483cd256c877576ed4552bc6d7183f8b29f0d2308f424
mosaiq-benchmark-v0.1-candidate-20260716,mosaiq-benchmark,0.1.0-dev,delta_source_multilabel,0.1.0,DeLTA,clip,DeLTA_ET432_1,DeLTA_ET432_1,dev,,0.1.0,datasets/DeLTA/data/clips.csv,cf157b1d6e54fe8778e3887b998ccd8b294443768f22bb32eab32bad721ae65c
mosaiq-benchmark-v0.1-candidate-20260716,mosaiq-benchmark,0.1.0-dev,delta_source_multilabel,0.1.0,DeLTA,clip,DeLTA_Rs213_2,DeLTA_Rs213_2,train,,0.1.0,datasets/DeLTA/data/clips.csv,ce7209b1c3593fc053a75cc830229e6b4e96a94bfcb91fda0bc198e3ece3934a
mosaiq-benchmark-v0.1-candidate-20260716,mosaiq-benchmark,0.1.0-dev,delta_source_multilabel,0.1.0,DeLTA,clip,DeLTA_ts203_1,DeLTA_ts203_1,train,,0.1.0,datasets/DeLTA/data/clips.csv,88bcb4c4c6706df55a6bb8fc378a55696942bc97deda8d448756503707f27e89
mosaiq-benchmark-v0.1-candidate-20260716,mosaiq-benchmark,0.1.0-dev,delta_source_multilabel,0.1.0,DeLTA,clip,DeLTA_RS438_2,DeLTA_RS438_2,train,,0.1.0,datasets/DeLTA/data/clips.csv,6523af7dce16533a422ae77c3a19c6b811d7dce4c89b6116733bd6e17c84e731
mosaiq-benchmark-v0.1-candidate-20260716,mosaiq-benchmark,0.1.0-dev,delta_source_multilabel,0.1.0,DeLTA,clip,DeLTA_sr109_2,DeLTA_sr109_2,dev,,0.1.0,datasets/DeLTA/data/clips.csv,f742049f9d3893c039dea041bd417680c522dd307fcfa0c06bdbca39b928b733
mosaiq-benchmark-v0.1-candidate-20260716,mosaiq-benchmark,0.1.0-dev,delta_source_multilabel,0.1.0,DeLTA,clip,DeLTA_cp18_2,DeLTA_cp18_2,train,,0.1.0,datasets/DeLTA/data/clips.csv,71155ee8e9bc0b373ae2a289c6c19f7f79d53ea4e6c3033e5c309f67970aafa5
mosaiq-benchmark-v0.1-candidate-20260716,mosaiq-benchmark,0.1.0-dev,delta_source_multilabel,0.1.0,DeLTA,clip,DeLTA_SM301_1,DeLTA_SM301_1,train,,0.1.0,datasets/DeLTA/data/clips.csv,26fe7e5ad881957bea3d789302b4d57ae1d61efb4dd31350f1b503c20d816ab2
mosaiq-benchmark-v0.1-candidate-20260716,mosaiq-benchmark,0.1.0-dev,delta_source_multilabel,0.1.0,DeLTA,clip,DeLTA_PL301_1,DeLTA_PL301_1,train,,0.1.0,datasets/DeLTA/data/clips.csv,230641e8ab2eba3cfce03e51f235619175e6804b3f9b0c04f3b07473734e13f3
mosaiq-benchmark-v0.1-candidate-20260716,mosaiq-benchmark,0.1.0-dev,delta_source_multilabel,0.1.0,DeLTA,clip,DeLTA_Mc307_2,DeLTA_Mc307_2,test,,0.1.0,datasets/DeLTA/data/clips.csv,5cbf81cf3f18f9e7b52801f46eafba024e30c6c1b8239650648839314910b775
mosaiq-benchmark-v0.1-candidate-20260716,mosaiq-benchmark,0.1.0-dev,delta_source_multilabel,0.1.0,DeLTA,clip,DeLTA_RP327_1,DeLTA_RP327_1,dev,,0.1.0,datasets/DeLTA/data/clips.csv,b9401c2dd7403cec54de44a32ed23d101a73990b49d0200a1d57c84a60481133
mosaiq-benchmark-v0.1-candidate-20260716,mosaiq-benchmark,0.1.0-dev,delta_source_multilabel,0.1.0,DeLTA,clip,DeLTA_Rs122_1,DeLTA_Rs122_1,train,,0.1.0,datasets/DeLTA/data/clips.csv,0ada0fbca4193d9436abeecf79626fce17ad54e16342437899926728ad712e47
mosaiq-benchmark-v0.1-candidate-20260716,mosaiq-benchmark,0.1.0-dev,delta_source_multilabel,0.1.0,DeLTA,clip,DeLTA_MC520_2,DeLTA_MC520_2,test,,0.1.0,datasets/DeLTA/data/clips.csv,68ec2ac662018eaa245a74074ec0baf4a12ab64b79c18ad003f749e816d3ed8a
mosaiq-benchmark-v0.1-candidate-20260716,mosaiq-benchmark,0.1.0-dev,delta_source_multilabel,0.1.0,DeLTA,clip,DeLTA_ML131_4,DeLTA_ML131_4,train,,0.1.0,datasets/DeLTA/data/clips.csv,2a80e6563e878b03b8007bf0cc39e5239cfda9ec18f469cf66a569415b775006
mosaiq-benchmark-v0.1-candidate-20260716,mosaiq-benchmark,0.1.0-dev,delta_source_multilabel,0.1.0,DeLTA,clip,DeLTA_NP136_1,DeLTA_NP136_1,train,,0.1.0,datasets/DeLTA/data/clips.csv,9f85ff09cc7a0b0b5e9df3922ac57be55ceb1c70cb2b8940fc28e395a9371a24
mosaiq-benchmark-v0.1-candidate-20260716,mosaiq-benchmark,0.1.0-dev,delta_source_multilabel,0.1.0,DeLTA,clip,DeLTA_PL415_1,DeLTA_PL415_1,dev,,0.1.0,datasets/DeLTA/data/clips.csv,7edd7ac01b1b6a52ea12333807295fa885a1672d1c57595e209e451b04b872ec
mosaiq-benchmark-v0.1-candidate-20260716,mosaiq-benchmark,0.1.0-dev,delta_source_multilabel,0.1.0,DeLTA,clip,DeLTA_Rs226_1,DeLTA_Rs226_1,train,,0.1.0,datasets/DeLTA/data/clips.csv,fc4f9284f93b5cead81b5dc158dd3cf101fb5b5d4fb0538cc6253d20aed704a8
mosaiq-benchmark-v0.1-candidate-20260716,mosaiq-benchmark,0.1.0-dev,delta_source_multilabel,0.1.0,DeLTA,clip,DeLTA_PL335_1,DeLTA_PL335_1,train,,0.1.0,datasets/DeLTA/data/clips.csv,68208c1d06b68235ebcd568352a514e6b1e813bb3908c96612753cbaf9c90bc9
mosaiq-benchmark-v0.1-candidate-20260716,mosaiq-benchmark,0.1.0-dev,delta_source_multilabel,0.1.0,DeLTA,clip,DeLTA_SR204_1,DeLTA_SR204_1,test,,0.1.0,datasets/DeLTA/data/clips.csv,23e25069f1de442a782f22b209e9e10f0c95d2cb1cb94a88ee509f08c4b9334a
mosaiq-benchmark-v0.1-candidate-20260716,mosaiq-benchmark,0.1.0-dev,delta_source_multilabel,0.1.0,DeLTA,clip,DeLTA_Mc312_1,DeLTA_Mc312_1,train,,0.1.0,datasets/DeLTA/data/clips.csv,fc7514c0a49e8cc672f81acfdcad4ab0ec2fc5de00cdd564e6e03df1168dc852
mosaiq-benchmark-v0.1-candidate-20260716,mosaiq-benchmark,0.1.0-dev,delta_source_multilabel,0.1.0,DeLTA,clip,DeLTA_Rs329_2,DeLTA_Rs329_2,test,,0.1.0,datasets/DeLTA/data/clips.csv,ccd73b49406ee313faf3135e5e8481b22cc9275ab1af8c7b8e8497ac273a3c1b
mosaiq-benchmark-v0.1-candidate-20260716,mosaiq-benchmark,0.1.0-dev,delta_source_multilabel,0.1.0,DeLTA,clip,DeLTA_Rs211_2,DeLTA_Rs211_2,train,,0.1.0,datasets/DeLTA/data/clips.csv,8065a73236ad09d49161aad66788bd8c55e642fbf88113db8efc8d79f20d7e33
mosaiq-benchmark-v0.1-candidate-20260716,mosaiq-benchmark,0.1.0-dev,delta_source_multilabel,0.1.0,DeLTA,clip,DeLTA_MG207_1,DeLTA_MG207_1,dev,,0.1.0,datasets/DeLTA/data/clips.csv,5551eb04cebb8eb1b83a4a0f5557c984d29c1cf3822d84305125a4bb4c7d334c
mosaiq-benchmark-v0.1-candidate-20260716,mosaiq-benchmark,0.1.0-dev,delta_source_multilabel,0.1.0,DeLTA,clip,DeLTA_Rs104_1,DeLTA_Rs104_1,dev,,0.1.0,datasets/DeLTA/data/clips.csv,fb89a44c896af4856f7078ee85606bce11164c2d1b6e3298494aacf7c36076ba
mosaiq-benchmark-v0.1-candidate-20260716,mosaiq-benchmark,0.1.0-dev,delta_source_multilabel,0.1.0,DeLTA,clip,DeLTA_Rp209_2,DeLTA_Rp209_2,dev,,0.1.0,datasets/DeLTA/data/clips.csv,b091f228c6107da3a07998f8050a9466ca3fdf4e812181e55aee65c99d87a413
mosaiq-benchmark-v0.1-candidate-20260716,mosaiq-benchmark,0.1.0-dev,delta_source_multilabel,0.1.0,DeLTA,clip,DeLTA_tm128_1,DeLTA_tm128_1,train,,0.1.0,datasets/DeLTA/data/clips.csv,d72758e41be906e59214a32da7b972249896659b092318c68b4dc1d8297e1dc1
mosaiq-benchmark-v0.1-candidate-20260716,mosaiq-benchmark,0.1.0-dev,delta_source_multilabel,0.1.0,DeLTA,clip,DeLTA_Ts411_3,DeLTA_Ts411_3,dev,,0.1.0,datasets/DeLTA/data/clips.csv,649cf093ea8305d4e326fef3b3495b6d657780cc6779ab51a117e61cafe5b0d0
mosaiq-benchmark-v0.1-candidate-20260716,mosaiq-benchmark,0.1.0-dev,delta_source_multilabel,0.1.0,DeLTA,clip,DeLTA_Rp132_1,DeLTA_Rp132_1,test,,0.1.0,datasets/DeLTA/data/clips.csv,b6d758ebb1c7b4a42b11fa0c73b24c310c4d532a24e070d3cee664179a937aa3
mosaiq-benchmark-v0.1-candidate-20260716,mosaiq-benchmark,0.1.0-dev,delta_source_multilabel,0.1.0,DeLTA,clip,DeLTA_TS529_2,DeLTA_TS529_2,train,,0.1.0,datasets/DeLTA/data/clips.csv,7a3c7fbc50dcc97079e126cd49e3100e5de97a947649676fa12be8830ce8f937
mosaiq-benchmark-v0.1-candidate-20260716,mosaiq-benchmark,0.1.0-dev,delta_source_multilabel,0.1.0,DeLTA,clip,DeLTA_sc134_1,DeLTA_sc134_1,dev,,0.1.0,datasets/DeLTA/data/clips.csv,d15216a4be7ed52bc03fa286bdf3ea63d1a696a6d1d62f60cc7ad4503ceafb21
mosaiq-benchmark-v0.1-candidate-20260716,mosaiq-benchmark,0.1.0-dev,delta_source_multilabel,0.1.0,DeLTA,clip,DeLTA_NP107_1,DeLTA_NP107_1,train,,0.1.0,datasets/DeLTA/data/clips.csv,9f6db3f32a722ae0769d2218708772c75d128b6c9aaa97c1d6e7d381e1a92392
mosaiq-benchmark-v0.1-candidate-20260716,mosaiq-benchmark,0.1.0-dev,delta_source_multilabel,0.1.0,DeLTA,clip,DeLTA_PL401_1,DeLTA_PL401_1,test,,0.1.0,datasets/DeLTA/data/clips.csv,47c040751103f66ff2e5899f37e5151375c8c43f6d2a0fb7903b3599bb9e1a22
mosaiq-benchmark-v0.1-candidate-20260716,mosaiq-benchmark,0.1.0-dev,delta_source_multilabel,0.1.0,DeLTA,clip,DeLTA_Pl105_2,DeLTA_Pl105_2,train,,0.1.0,datasets/DeLTA/data/clips.csv,578b09ccc8c47952c27e8ac9b2f246da98d5faf241f85a34a331e3d157a6ebaa
mosaiq-benchmark-v0.1-candidate-20260716,mosaiq-benchmark,0.1.0-dev,delta_source_multilabel,0.1.0,DeLTA,clip,DeLTA_CT511_1,DeLTA_CT511_1,train,,0.1.0,datasets/DeLTA/data/clips.csv,a3f02c597aef43daede43024f63f503789c61f09b8e2c5bd4672a12078f4d942
mosaiq-benchmark-v0.1-candidate-20260716,mosaiq-benchmark,0.1.0-dev,delta_source_multilabel,0.1.0,DeLTA,clip,DeLTA_Rs309_1,DeLTA_Rs309_1,train,,0.1.0,datasets/DeLTA/data/clips.csv,43a29185e75c86224cedd0b8a19b012bc0e86cddc59a852ee1f43aa05a78e05a
mosaiq-benchmark-v0.1-candidate-20260716,mosaiq-benchmark,0.1.0-dev,delta_source_multilabel,0.1.0,DeLTA,clip,DeLTA_SM307_2,DeLTA_SM307_2,dev,,0.1.0,datasets/DeLTA/data/clips.csv,5d71061c828d28f3e004e15f09ae5d8957fa0a8755d69d0c8d511ca1a61bcfcb
mosaiq-benchmark-v0.1-candidate-20260716,mosaiq-benchmark,0.1.0-dev,delta_source_multilabel,0.1.0,DeLTA,clip,DeLTA_RF319_2,DeLTA_RF319_2,train,,0.1.0,datasets/DeLTA/data/clips.csv,156395a83649b9d755ab73c68387db315bfd146d851dff6fb5c5f982de008f7e
mosaiq-benchmark-v0.1-candidate-20260716,mosaiq-benchmark,0.1.0-dev,delta_source_multilabel,0.1.0,DeLTA,clip,DeLTA_Rs306_1,DeLTA_Rs306_1,test,,0.1.0,datasets/DeLTA/data/clips.csv,90e3c7a1a5f9781a0d767a688ec59ac9bb4e1095e12da0b766a635e8472a1a23
mosaiq-benchmark-v0.1-candidate-20260716,mosaiq-benchmark,0.1.0-dev,delta_source_multilabel,0.1.0,DeLTA,clip,DeLTA_ET213_1,DeLTA_ET213_1,train,,0.1.0,datasets/DeLTA/data/clips.csv,8d2e54d865e87bbfcde26980d3b6f64f79ef6b0bd192881744acfa79bfc90561
mosaiq-benchmark-v0.1-candidate-20260716,mosaiq-benchmark,0.1.0-dev,delta_source_multilabel,0.1.0,DeLTA,clip,DeLTA_Rp110_3,DeLTA_Rp110_3,dev,,0.1.0,datasets/DeLTA/data/clips.csv,ad5617f20b879bdc6d50e1233ee65b08a148dcb1c729b628ef24a95841b3cf68
mosaiq-benchmark-v0.1-candidate-20260716,mosaiq-benchmark,0.1.0-dev,delta_source_multilabel,0.1.0,DeLTA,clip,DeLTA_SR227_2,DeLTA_SR227_2,dev,,0.1.0,datasets/DeLTA/data/clips.csv,5756d13e478ed593b2900d97482d3e57c0485b7296b283bdd2f47a452bb8ee6f
mosaiq-benchmark-v0.1-candidate-20260716,mosaiq-benchmark,0.1.0-dev,delta_source_multilabel,0.1.0,DeLTA,clip,DeLTA_PL405_2,DeLTA_PL405_2,train,,0.1.0,datasets/DeLTA/data/clips.csv,83d4b98d2d554dc0ec7b18c632aade9deb420d0307c76d4bb8066bfbb986e882
mosaiq-benchmark-v0.1-candidate-20260716,mosaiq-benchmark,0.1.0-dev,delta_source_multilabel,0.1.0,DeLTA,clip,DeLTA_ET121_2,DeLTA_ET121_2,train,,0.1.0,datasets/DeLTA/data/clips.csv,92171fef558529d35fdb5e96baa8058637a4d69b3ee2b70c527069bd4b918915
mosaiq-benchmark-v0.1-candidate-20260716,mosaiq-benchmark,0.1.0-dev,delta_source_multilabel,0.1.0,DeLTA,clip,DeLTA_ML130_1,DeLTA_ML130_1,test,,0.1.0,datasets/DeLTA/data/clips.csv,92c510faee4fc5b2af6676ac25a4246802735bad54c1c035b4fa40811104a80c
mosaiq-benchmark-v0.1-candidate-20260716,mosaiq-benchmark,0.1.0-dev,delta_source_multilabel,0.1.0,DeLTA,clip,DeLTA_SR216_2,DeLTA_SR216_2,dev,,0.1.0,datasets/DeLTA/data/clips.csv,de0bfcdd4b82ac15c9c8e594c2386ea67bb61eecc5eb61af5f68c6419774fed6
mosaiq-benchmark-v0.1-candidate-20260716,mosaiq-benchmark,0.1.0-dev,delta_source_multilabel,0.1.0,DeLTA,clip,DeLTA_RS406_2,DeLTA_RS406_2,test,,0.1.0,datasets/DeLTA/data/clips.csv,ba0db81ebb9f5347e20c2801fb3df32a1b79715d628488d504867b1721447e57
mosaiq-benchmark-v0.1-candidate-20260716,mosaiq-benchmark,0.1.0-dev,delta_source_multilabel,0.1.0,DeLTA,clip,DeLTA_Rf140_2,DeLTA_Rf140_2,train,,0.1.0,datasets/DeLTA/data/clips.csv,8d7d7301d329a2fb04b7f3364f2dd42efb70c4ce321f534e750b5d2be0755a1b
mosaiq-benchmark-v0.1-candidate-20260716,mosaiq-benchmark,0.1.0-dev,delta_source_multilabel,0.1.0,DeLTA,clip,DeLTA_CT531_1,DeLTA_CT531_1,train,,0.1.0,datasets/DeLTA/data/clips.csv,c4bc7d32469da8a72148aa1218cce3e9082d6d0966901d93a50da32d58fc9a2b
mosaiq-benchmark-v0.1-candidate-20260716,mosaiq-benchmark,0.1.0-dev,delta_source_multilabel,0.1.0,DeLTA,clip,DeLTA_TM440_1,DeLTA_TM440_1,train,,0.1.0,datasets/DeLTA/data/clips.csv,1b046aa50b3dba69c8de56c00112f12db5f30c43871cce0890c792059503dcc3
mosaiq-benchmark-v0.1-candidate-20260716,mosaiq-benchmark,0.1.0-dev,delta_source_multilabel,0.1.0,DeLTA,clip,DeLTA_RF315_2,DeLTA_RF315_2,train,,0.1.0,datasets/DeLTA/data/clips.csv,0584005d7292f0cf5fb574d8b5f28809de01bb69786cc33dade087823ddea030
mosaiq-benchmark-v0.1-candidate-20260716,mosaiq-benchmark,0.1.0-dev,delta_source_multilabel,0.1.0,DeLTA,clip,DeLTA_RS410_2,DeLTA_RS410_2,train,,0.1.0,datasets/DeLTA/data/clips.csv,8c992f54f6b2816752861b3d111d3cd5f5a613e210e8e202d142de589968129c
mosaiq-benchmark-v0.1-candidate-20260716,mosaiq-benchmark,0.1.0-dev,delta_source_multilabel,0.1.0,DeLTA,clip,DeLTA_MG215_1,DeLTA_MG215_1,train,,0.1.0,datasets/DeLTA/data/clips.csv,056bf5331d9f24d83802f60d1ef5ea222289080400a12e4d82a6517a54288291
mosaiq-benchmark-v0.1-candidate-20260716,mosaiq-benchmark,0.1.0-dev,delta_source_multilabel,0.1.0,DeLTA,clip,DeLTA_TM430_2,DeLTA_TM430_2,train,,0.1.0,datasets/DeLTA/data/clips.csv,b5ddf970d2e41b3cd1a89a15bd07fe1310e6c8f2683a9121fccc22749e77bd7c
mosaiq-benchmark-v0.1-candidate-20260716,mosaiq-benchmark,0.1.0-dev,delta_source_multilabel,0.1.0,DeLTA,clip,DeLTA_ET428_2,DeLTA_ET428_2,train,,0.1.0,datasets/DeLTA/data/clips.csv,a0fc83142981211cce9ce1c289759b5e2005c89da4a072c5ac1372f9a8009130
mosaiq-benchmark-v0.1-candidate-20260716,mosaiq-benchmark,0.1.0-dev,delta_source_multilabel,0.1.0,DeLTA,clip,DeLTA_MG331_2,DeLTA_MG331_2,dev,,0.1.0,datasets/DeLTA/data/clips.csv,923aa8672a6a9310147fab357d58029a4ca93d97ecf742751a7b1462ed3a98e5
mosaiq-benchmark-v0.1-candidate-20260716,mosaiq-benchmark,0.1.0-dev,delta_source_multilabel,0.1.0,DeLTA,clip,DeLTA_Mc318_1,DeLTA_Mc318_1,train,,0.1.0,datasets/DeLTA/data/clips.csv,d99a067e01b41bcc0348cebf466e5ef7d8516594b1f0d329ad632adde2403be7
mosaiq-benchmark-v0.1-candidate-20260716,mosaiq-benchmark,0.1.0-dev,delta_source_multilabel,0.1.0,DeLTA,clip,DeLTA_m21_1,DeLTA_m21_1,dev,,0.1.0,datasets/DeLTA/data/clips.csv,5eef96984ca0d298423fc8696c2337cca869afa7d86a1ff092303f0faf665b83
mosaiq-benchmark-v0.1-candidate-20260716,mosaiq-benchmark,0.1.0-dev,delta_source_multilabel,0.1.0,DeLTA,clip,DeLTA_RP321_2,DeLTA_RP321_2,dev,,0.1.0,datasets/DeLTA/data/clips.csv,81d41fcbe032f6e14e488e365abcbc9474ac51c672371975dc3797bcfa2005f9
mosaiq-benchmark-v0.1-candidate-20260716,mosaiq-benchmark,0.1.0-dev,delta_source_multilabel,0.1.0,DeLTA,clip,DeLTA_tm206_1,DeLTA_tm206_1,dev,,0.1.0,datasets/DeLTA/data/clips.csv,fb6641fa04fbb8005a9907638971834cd56f4b7dfe57b99a87f161b6a481033d
mosaiq-benchmark-v0.1-candidate-20260716,mosaiq-benchmark,0.1.0-dev,delta_source_multilabel,0.1.0,DeLTA,clip,DeLTA_sr140_2,DeLTA_sr140_2,test,,0.1.0,datasets/DeLTA/data/clips.csv,0444193a8e7be2c902e73aaa728f4aa1ff3620da7e61d3ae3a95894af4588d34
mosaiq-benchmark-v0.1-candidate-20260716,mosaiq-benchmark,0.1.0-dev,delta_source_multilabel,0.1.0,DeLTA,clip,DeLTA_2cv62_2,DeLTA_2cv62_2,test,,0.1.0,datasets/DeLTA/data/clips.csv,f0a961e09a5d34ccf9487e9cf2d13eccf58bd8e7ce2d4ea108ef6a1dc4b60265
mosaiq-benchmark-v0.1-candidate-20260716,mosaiq-benchmark,0.1.0-dev,delta_source_multilabel,0.1.0,DeLTA,clip,DeLTA_sc115_1,DeLTA_sc115_1,dev,,0.1.0,datasets/DeLTA/data/clips.csv,229dcd2eb3c3797072a6cf0da4772db5fc5850a76a7e2b16df8c8bcf5357828e
mosaiq-benchmark-v0.1-candidate-20260716,mosaiq-benchmark,0.1.0-dev,delta_source_multilabel,0.1.0,DeLTA,clip,DeLTA_RF340_1,DeLTA_RF340_1,train,,0.1.0,datasets/DeLTA/data/clips.csv,d598d489b77ef65cf909939caec3889d2a0581b2162f8b40458e92f6cec74670
mosaiq-benchmark-v0.1-candidate-20260716,mosaiq-benchmark,0.1.0-dev,delta_source_multilabel,0.1.0,DeLTA,clip,DeLTA_2cv62_1,DeLTA_2cv62_1,train,,0.1.0,datasets/DeLTA/data/clips.csv,b41833f73eaf60855d48c1e320cd9f409ad495f64edec3b8536ad3ceaf73ce4b
mosaiq-benchmark-v0.1-candidate-20260716,mosaiq-benchmark,0.1.0-dev,delta_source_multilabel,0.1.0,DeLTA,clip,DeLTA_sc126_1,DeLTA_sc126_1,train,,0.1.0,datasets/DeLTA/data/clips.csv,1170d6645229ee6ee9faf001679cf0b026424f2539cc4702a0c9fbe285074838
mosaiq-benchmark-v0.1-candidate-20260716,mosaiq-benchmark,0.1.0-dev,delta_source_multilabel,0.1.0,DeLTA,clip,DeLTA_Mc312_2,DeLTA_Mc312_2,train,,0.1.0,datasets/DeLTA/data/clips.csv,ba65ad248e97826849a7d02843502926cb7515757db26f069d06b814543361af
mosaiq-benchmark-v0.1-candidate-20260716,mosaiq-benchmark,0.1.0-dev,delta_source_multilabel,0.1.0,DeLTA,clip,DeLTA_SM504_1,DeLTA_SM504_1,dev,,0.1.0,datasets/DeLTA/data/clips.csv,5e36933e76d4fa5630c1962fc59e4d4568e6d2ea90242e4bcae4f3acd8fe1c3a
mosaiq-benchmark-v0.1-candidate-20260716,mosaiq-benchmark,0.1.0-dev,delta_source_multilabel,0.1.0,DeLTA,clip,DeLTA_MC532_1,DeLTA_MC532_1,train,,0.1.0,datasets/DeLTA/data/clips.csv,f0664711c649497c236ae7507ef19a50f6c79ece156cff12823b2c58246a0076
mosaiq-benchmark-v0.1-candidate-20260716,mosaiq-benchmark,0.1.0-dev,delta_source_multilabel,0.1.0,DeLTA,clip,DeLTA_tm202_1,DeLTA_tm202_1,train,,0.1.0,datasets/DeLTA/data/clips.csv,0d84ff0ccc19179c50e656c45f989a1d71da96a656619bcc48c69a847e8e712f
mosaiq-benchmark-v0.1-candidate-20260716,mosaiq-benchmark,0.1.0-dev,delta_source_multilabel,0.1.0,DeLTA,clip,DeLTA_RS437_2,DeLTA_RS437_2,train,,0.1.0,datasets/DeLTA/data/clips.csv,9a3330b3e03517fd15a83029ca8780cf21c32d03bce9932cc37fab5da2e9c660
mosaiq-benchmark-v0.1-candidate-20260716,mosaiq-benchmark,0.1.0-dev,delta_source_multilabel,0.1.0,DeLTA,clip,DeLTA_RP315_2,DeLTA_RP315_2,train,,0.1.0,datasets/DeLTA/data/clips.csv,74aa2e8ab05152d9b4bd14839fa9f2388a7f0971828bfbbe813b94e9ecd05a7b
mosaiq-benchmark-v0.1-candidate-20260716,mosaiq-benchmark,0.1.0-dev,delta_source_multilabel,0.1.0,DeLTA,clip,DeLTA_ET204_3,DeLTA_ET204_3,train,,0.1.0,datasets/DeLTA/data/clips.csv,dd6cb9004675a3c6900502aca524bc9ed05e25e2c129c8fdd2ab4a64f1f8ba7a
mosaiq-benchmark-v0.1-candidate-20260716,mosaiq-benchmark,0.1.0-dev,delta_source_multilabel,0.1.0,DeLTA,clip,DeLTA_Rf220_2,DeLTA_Rf220_2,dev,,0.1.0,datasets/DeLTA/data/clips.csv,a07e6beb63eafe75e0caccdf51bb21bd7874ef8b96c991ed6d6e6f3371ece4e4
mosaiq-benchmark-v0.1-candidate-20260716,mosaiq-benchmark,0.1.0-dev,delta_source_multilabel,0.1.0,DeLTA,clip,DeLTA_MG114_2,DeLTA_MG114_2,train,,0.1.0,datasets/DeLTA/data/clips.csv,dd73214d861b23da7bb422445290fd3eebd486e83b911264bfdca237efb7261c
mosaiq-benchmark-v0.1-candidate-20260716,mosaiq-benchmark,0.1.0-dev,delta_source_multilabel,0.1.0,DeLTA,clip,DeLTA_Rf216_2,DeLTA_Rf216_2,test,,0.1.0,datasets/DeLTA/data/clips.csv,1306340811bcfe300de781a198edfb12242d059fe669b312e8f4bfbb4c617956
mosaiq-benchmark-v0.1-candidate-20260716,mosaiq-benchmark,0.1.0-dev,delta_source_multilabel,0.1.0,DeLTA,clip,DeLTA_Rs314_1,DeLTA_Rs314_1,train,,0.1.0,datasets/DeLTA/data/clips.csv,57d34f2010a40b4ed3d46c20c6febfa7a5d3c04711649c9700079cdcfee57dc9
mosaiq-benchmark-v0.1-candidate-20260716,mosaiq-benchmark,0.1.0-dev,delta_source_multilabel,0.1.0,DeLTA,clip,DeLTA_sr124_1,DeLTA_sr124_1,train,,0.1.0,datasets/DeLTA/data/clips.csv,9df5cd13830e3f359fd42a3f0e8015ced284f603bc7348a415e5b86748ef1db2
mosaiq-benchmark-v0.1-candidate-20260716,mosaiq-benchmark,0.1.0-dev,delta_source_multilabel,0.1.0,DeLTA,clip,DeLTA_Rf201_1,DeLTA_Rf201_1,train,,0.1.0,datasets/DeLTA/data/clips.csv,669994d4aad585c332c061d72b237c44e1ae9e5150519a0862b44178e455a92e
mosaiq-benchmark-v0.1-candidate-20260716,mosaiq-benchmark,0.1.0-dev,delta_source_multilabel,0.1.0,DeLTA,clip,DeLTA_Rp129_2,DeLTA_Rp129_2,train,,0.1.0,datasets/DeLTA/data/clips.csv,baec758f214f84ee2c45ed53c0edc08abdfe4a45d4f67f96b92eadde64017886
mosaiq-benchmark-v0.1-candidate-20260716,mosaiq-benchmark,0.1.0-dev,delta_source_multilabel,0.1.0,DeLTA,clip,DeLTA_sr118_2,DeLTA_sr118_2,dev,,0.1.0,datasets/DeLTA/data/clips.csv,0f58b8da2ea46859dbef1027865d3703031cca70ccae615a5f5a8dccb2c80b30
mosaiq-benchmark-v0.1-candidate-20260716,mosaiq-benchmark,0.1.0-dev,delta_source_multilabel,0.1.0,DeLTA,clip,DeLTA_SC214_2,DeLTA_SC214_2,train,,0.1.0,datasets/DeLTA/data/clips.csv,904a344ffeba3123cf5c15ef6cc32455649014647f78048e9089df2c7c979c43
mosaiq-benchmark-v0.1-candidate-20260716,mosaiq-benchmark,0.1.0-dev,delta_source_multilabel,0.1.0,DeLTA,clip,DeLTA_sr110_1,DeLTA_sr110_1,dev,,0.1.0,datasets/DeLTA/data/clips.csv,bdf445b74150d464cdac1ae5d9e7ae7d3eee48e326c14f0974f2511a4de47eb6
mosaiq-benchmark-v0.1-candidate-20260716,mosaiq-benchmark,0.1.0-dev,delta_source_multilabel,0.1.0,DeLTA,clip,DeLTA_RP317_2,DeLTA_RP317_2,train,,0.1.0,datasets/DeLTA/data/clips.csv,604eca817548d42495a4b890217d71f20ddd1a3a75ed6c7acf99b527bb502512
mosaiq-benchmark-v0.1-candidate-20260716,mosaiq-benchmark,0.1.0-dev,delta_source_multilabel,0.1.0,DeLTA,clip,DeLTA_SR208_1,DeLTA_SR208_1,train,,0.1.0,datasets/DeLTA/data/clips.csv,820620ea521816cc201bc9b0599a7306c255d572738b977aaa00f8e2522efe38
mosaiq-benchmark-v0.1-candidate-20260716,mosaiq-benchmark,0.1.0-dev,delta_source_multilabel,0.1.0,DeLTA,clip,DeLTA_MC506_2,DeLTA_MC506_2,test,,0.1.0,datasets/DeLTA/data/clips.csv,d0929f5154af667695bf640a79f6a8e6ca5ee7ca6fd2def289b3078958359cbe
mosaiq-benchmark-v0.1-candidate-20260716,mosaiq-benchmark,0.1.0-dev,delta_source_multilabel,0.1.0,DeLTA,clip,DeLTA_Mc328_2,DeLTA_Mc328_2,test,,0.1.0,datasets/DeLTA/data/clips.csv,72b1b8aedbe7fb39c63226f7091c1d47712ed888e112ecd4234a59318cf40980
mosaiq-benchmark-v0.1-candidate-20260716,mosaiq-benchmark,0.1.0-dev,delta_source_multilabel,0.1.0,DeLTA,clip,DeLTA_NP123_1,DeLTA_NP123_1,test,,0.1.0,datasets/DeLTA/data/clips.csv,3c399dd719e2c971eb79cf0c633de7bf36748be5241cbf1d2530946c8ea77c4f
mosaiq-benchmark-v0.1-candidate-20260716,mosaiq-benchmark,0.1.0-dev,delta_source_multilabel,0.1.0,DeLTA,clip,DeLTA_tm333_2,DeLTA_tm333_2,train,,0.1.0,datasets/DeLTA/data/clips.csv,6e09a4600eb2384f13eb8bde9a62df93f3a275a0dcd9240b4c4b97288d54fe4a
mosaiq-benchmark-v0.1-candidate-20260716,mosaiq-benchmark,0.1.0-dev,delta_source_multilabel,0.1.0,DeLTA,clip,DeLTA_Ts405_1,DeLTA_Ts405_1,test,,0.1.0,datasets/DeLTA/data/clips.csv,1044ddf52839716da9164f81114f19e04824aaa741f0ff31e7dffe1f1d094eea
mosaiq-benchmark-v0.1-candidate-20260716,mosaiq-benchmark,0.1.0-dev,delta_source_multilabel,0.1.0,DeLTA,clip,DeLTA_RS421_1,DeLTA_RS421_1,test,,0.1.0,datasets/DeLTA/data/clips.csv,615fa13e81d9d8525469038004c2e68f869bc171b06f364802a5e4f54b662278
mosaiq-benchmark-v0.1-candidate-20260716,mosaiq-benchmark,0.1.0-dev,delta_source_multilabel,0.1.0,DeLTA,clip,DeLTA_tm205_1,DeLTA_tm205_1,train,,0.1.0,datasets/DeLTA/data/clips.csv,c1849f268d23855618c4092c79e14f450fa2f41fc97832792285923d4b281e75
mosaiq-benchmark-v0.1-candidate-20260716,mosaiq-benchmark,0.1.0-dev,delta_source_multilabel,0.1.0,DeLTA,clip,DeLTA_CT407_2,DeLTA_CT407_2,train,,0.1.0,datasets/DeLTA/data/clips.csv,73f70f539a7ea7db2e1b6d3dd5d9715ffd92fce75c5623c26e32bc8349165de7
mosaiq-benchmark-v0.1-candidate-20260716,mosaiq-benchmark,0.1.0-dev,delta_source_multilabel,0.1.0,DeLTA,clip,DeLTA_Mc316_1,DeLTA_Mc316_1,train,,0.1.0,datasets/DeLTA/data/clips.csv,199ce544101e7b1b8c7ace25b5f2aac0f85d38024f2aac5e87ee56ddadd5d5cc
mosaiq-benchmark-v0.1-candidate-20260716,mosaiq-benchmark,0.1.0-dev,delta_source_multilabel,0.1.0,DeLTA,clip,DeLTA_SC204_1,DeLTA_SC204_1,train,,0.1.0,datasets/DeLTA/data/clips.csv,fb6267aa38dc85c879b4a27132cb83f94b7491bd4a609c23fcc3f32e7f53cf9e
mosaiq-benchmark-v0.1-candidate-20260716,mosaiq-benchmark,0.1.0-dev,delta_source_multilabel,0.1.0,DeLTA,clip,DeLTA_2cv14_2,DeLTA_2cv14_2,train,,0.1.0,datasets/DeLTA/data/clips.csv,cebbb8ee0a427689a2e239de65f42a28547a778512714b192514d67664f14161
mosaiq-benchmark-v0.1-candidate-20260716,mosaiq-benchmark,0.1.0-dev,delta_source_multilabel,0.1.0,DeLTA,clip,DeLTA_RP312_2,DeLTA_RP312_2,dev,,0.1.0,datasets/DeLTA/data/clips.csv,51e5e977032f4e066bdacb95d53f104ded767d419a93fd1f1bca5ab8b4bd53c6
mosaiq-benchmark-v0.1-candidate-20260716,mosaiq-benchmark,0.1.0-dev,delta_source_multilabel,0.1.0,DeLTA,clip,DeLTA_MC502_1,DeLTA_MC502_1,test,,0.1.0,datasets/DeLTA/data/clips.csv,37981fbd58a764ce0d01fe1c36a459d3b4d3e4b6525ea6d5b25c6b1539c077da
mosaiq-benchmark-v0.1-candidate-20260716,mosaiq-benchmark,0.1.0-dev,delta_source_multilabel,0.1.0,DeLTA,clip,DeLTA_Rf109_1,DeLTA_Rf109_1,test,,0.1.0,datasets/DeLTA/data/clips.csv,1867d841c7bcc8bb7b6cb18623ac68e6a42043ecc060b699880c4b031d75914d
mosaiq-benchmark-v0.1-candidate-20260716,mosaiq-benchmark,0.1.0-dev,delta_source_multilabel,0.1.0,DeLTA,clip,DeLTA_bib3_1,DeLTA_bib3_1,train,,0.1.0,datasets/DeLTA/data/clips.csv,a4d76349b566a721fcbc0042e5833672e018b9a2069addaa579f2cf86bbac3f4
mosaiq-benchmark-v0.1-candidate-20260716,mosaiq-benchmark,0.1.0-dev,delta_source_multilabel,0.1.0,DeLTA,clip,DeLTA_SR231_2,DeLTA_SR231_2,train,,0.1.0,datasets/DeLTA/data/clips.csv,292872f80048e2698bca7f1495cc730cdd23d1de6647d23024bdddf54a3143c8
mosaiq-benchmark-v0.1-candidate-20260716,mosaiq-benchmark,0.1.0-dev,delta_source_multilabel,0.1.0,DeLTA,clip,DeLTA_ET115_1,DeLTA_ET115_1,train,,0.1.0,datasets/DeLTA/data/clips.csv,2961d28ea0c60b41f3a9fb9e48010fda4b88b431ad38f1378b12d8d512a4049c
mosaiq-benchmark-v0.1-candidate-20260716,mosaiq-benchmark,0.1.0-dev,delta_source_multilabel,0.1.0,DeLTA,clip,DeLTA_Mc332_1,DeLTA_Mc332_1,train,,0.1.0,datasets/DeLTA/data/clips.csv,0a8d0cb9e4a2778c47a449ea79726a50e3d3b78356b301ad20f80392d5316634
mosaiq-benchmark-v0.1-candidate-20260716,mosaiq-benchmark,0.1.0-dev,delta_source_multilabel,0.1.0,DeLTA,clip,DeLTA_TS503_2,DeLTA_TS503_2,train,,0.1.0,datasets/DeLTA/data/clips.csv,e4e5d88af6d03c2c08e6a9e091d4fc99bf00331d65cb9874e6f78c7c15ad69eb
mosaiq-benchmark-v0.1-candidate-20260716,mosaiq-benchmark,0.1.0-dev,delta_source_multilabel,0.1.0,DeLTA,clip,DeLTA_RF333_2,DeLTA_RF333_2,dev,,0.1.0,datasets/DeLTA/data/clips.csv,7c59379cd948c913f7d12177e4f22e4ce6e4b66d529b65853177b4c3fbc2c7a3
mosaiq-benchmark-v0.1-candidate-20260716,mosaiq-benchmark,0.1.0-dev,delta_source_multilabel,0.1.0,DeLTA,clip,DeLTA_ts208_1,DeLTA_ts208_1,train,,0.1.0,datasets/DeLTA/data/clips.csv,1f0ec2e6f1aa3cbb6229aa3004bb00cff6027a81d1ca297b518cb985c672e117
mosaiq-benchmark-v0.1-candidate-20260716,mosaiq-benchmark,0.1.0-dev,delta_source_multilabel,0.1.0,DeLTA,clip,DeLTA_CT543_1,DeLTA_CT543_1,train,,0.1.0,datasets/DeLTA/data/clips.csv,36fb4175661e0e51a4366f7c4a88b3d287dd7b83e5eb3560d4f780cbfe1a4d01
mosaiq-benchmark-v0.1-candidate-20260716,mosaiq-benchmark,0.1.0-dev,delta_source_multilabel,0.1.0,DeLTA,clip,DeLTA_Rs114_1,DeLTA_Rs114_1,test,,0.1.0,datasets/DeLTA/data/clips.csv,2ca5268840f3cd1c2be0cf24fd452db0c46d26c920ca183d80f5cbe202d15561
mosaiq-benchmark-v0.1-candidate-20260716,mosaiq-benchmark,0.1.0-dev,delta_source_multilabel,0.1.0,DeLTA,clip,DeLTA_ET409_1,DeLTA_ET409_1,train,,0.1.0,datasets/DeLTA/data/clips.csv,64c91383b9acf27efaac2a04dd42e30bd1ef4caad3d0f5b3c38181f7780f1de3
mosaiq-benchmark-v0.1-candidate-20260716,mosaiq-benchmark,0.1.0-dev,delta_source_multilabel,0.1.0,DeLTA,clip,DeLTA_ts206_1,DeLTA_ts206_1,train,,0.1.0,datasets/DeLTA/data/clips.csv,19bead3b0a0a24d3ca97ba2f7ea0f30ff0f079e9566d01e86f4e81bdc7d0fe85
mosaiq-benchmark-v0.1-candidate-20260716,mosaiq-benchmark,0.1.0-dev,delta_source_multilabel,0.1.0,DeLTA,clip,DeLTA_ML131_6,DeLTA_ML131_6,train,,0.1.0,datasets/DeLTA/data/clips.csv,6dec9045dc66e7b3eb323f51e0eefc623a58aa06cb45ed83ba105978ea0c51b1
mosaiq-benchmark-v0.1-candidate-20260716,mosaiq-benchmark,0.1.0-dev,delta_source_multilabel,0.1.0,DeLTA,clip,DeLTA_SC208_1,DeLTA_SC208_1,train,,0.1.0,datasets/DeLTA/data/clips.csv,21fa9fc9a2ceb929c8376350aabeb7e9629f3dd04c197275be11f2dc38ba4268
mosaiq-benchmark-v0.1-candidate-20260716,mosaiq-benchmark,0.1.0-dev,delta_source_multilabel,0.1.0,DeLTA,clip,DeLTA_Rf211_2,DeLTA_Rf211_2,train,,0.1.0,datasets/DeLTA/data/clips.csv,fddabbf0a9f993ed3229b72aafd80de2a9e82320aa9912250c9828205e732780
mosaiq-benchmark-v0.1-candidate-20260716,mosaiq-benchmark,0.1.0-dev,delta_source_multilabel,0.1.0,DeLTA,clip,DeLTA_cp4_2,DeLTA_cp4_2,dev,,0.1.0,datasets/DeLTA/data/clips.csv,b5481c8fa9480077604c3d8bfea2f099c06a7b00b6ea45f0484b6a1b559ca894
mosaiq-benchmark-v0.1-candidate-20260716,mosaiq-benchmark,0.1.0-dev,delta_source_multilabel,0.1.0,DeLTA,clip,DeLTA_MG104_2,DeLTA_MG104_2,test,,0.1.0,datasets/DeLTA/data/clips.csv,4d8d675e8338a4ae1b8693349b585f12313b8d2303d2215f28956e311449467f
mosaiq-benchmark-v0.1-candidate-20260716,mosaiq-benchmark,0.1.0-dev,delta_source_multilabel,0.1.0,DeLTA,clip,DeLTA_Rf207_1,DeLTA_Rf207_1,train,,0.1.0,datasets/DeLTA/data/clips.csv,2cf6d498bb3c782e75df39bf1fd612c8d6d7aed7690e951705799c72ee1672cb
mosaiq-benchmark-v0.1-candidate-20260716,mosaiq-benchmark,0.1.0-dev,delta_source_multilabel,0.1.0,DeLTA,clip,DeLTA_Mc122_1,DeLTA_Mc122_1,train,,0.1.0,datasets/DeLTA/data/clips.csv,7696fb7900246f617c2aed36696bd58a2d5b37786d603d6a20966611f0e61abd
mosaiq-benchmark-v0.1-candidate-20260716,mosaiq-benchmark,0.1.0-dev,delta_source_multilabel,0.1.0,DeLTA,clip,DeLTA_MG110_1,DeLTA_MG110_1,train,,0.1.0,datasets/DeLTA/data/clips.csv,715b8c396a68f9f133fed3833521405daeddac977fc78383f275312e87216f45
mosaiq-benchmark-v0.1-candidate-20260716,mosaiq-benchmark,0.1.0-dev,delta_source_multilabel,0.1.0,DeLTA,clip,DeLTA_ML133_3,DeLTA_ML133_3,test,,0.1.0,datasets/DeLTA/data/clips.csv,211d1fa60fb93a3f99cd4768e31d6deadccf78add9168a5390b94058f0c96c5a
mosaiq-benchmark-v0.1-candidate-20260716,mosaiq-benchmark,0.1.0-dev,delta_source_multilabel,0.1.0,DeLTA,clip,DeLTA_m24_2,DeLTA_m24_2,train,,0.1.0,datasets/DeLTA/data/clips.csv,7cbd08e646e119d12fc369a2996e210d5dc43a9d12fdd520b72a6cc566724bf1
mosaiq-benchmark-v0.1-candidate-20260716,mosaiq-benchmark,0.1.0-dev,delta_source_multilabel,0.1.0,DeLTA,clip,DeLTA_Rp217_1,DeLTA_Rp217_1,train,,0.1.0,datasets/DeLTA/data/clips.csv,bde0ebae8258641634319123149b4b6f4627682eb206a9e8c04f74db13360b25
mosaiq-benchmark-v0.1-candidate-20260716,mosaiq-benchmark,0.1.0-dev,delta_source_multilabel,0.1.0,DeLTA,clip,DeLTA_ML112_1,DeLTA_ML112_1,train,,0.1.0,datasets/DeLTA/data/clips.csv,fe4314d01f56327bd9a138f0bb14f82765bd2ad6f8b758ced13c8463fc78c7b1
mosaiq-benchmark-v0.1-candidate-20260716,mosaiq-benchmark,0.1.0-dev,delta_source_multilabel,0.1.0,DeLTA,clip,DeLTA_ET301_2,DeLTA_ET301_2,test,,0.1.0,datasets/DeLTA/data/clips.csv,e01b61dd9c686f472c1e497447ed74e2716f580fa2b2d60f214cdf2897e55ecc
mosaiq-benchmark-v0.1-candidate-20260716,mosaiq-benchmark,0.1.0-dev,delta_source_multilabel,0.1.0,DeLTA,clip,DeLTA_TM422_2,DeLTA_TM422_2,dev,,0.1.0,datasets/DeLTA/data/clips.csv,1f50d2b90048353df4cafef762b203b203033eb40487bec2b27ce69b1683fad2
mosaiq-benchmark-v0.1-candidate-20260716,mosaiq-benchmark,0.1.0-dev,delta_source_multilabel,0.1.0,DeLTA,clip,DeLTA_ET219_1,DeLTA_ET219_1,train,,0.1.0,datasets/DeLTA/data/clips.csv,d1e1c117c3854c45b14323e44abc8cb14316d46d079bd8154ac5c73b705f24ab
mosaiq-benchmark-v0.1-candidate-20260716,mosaiq-benchmark,0.1.0-dev,delta_source_multilabel,0.1.0,DeLTA,clip,DeLTA_cv210_2,DeLTA_cv210_2,train,,0.1.0,datasets/DeLTA/data/clips.csv,b9d7d04c4308956e9f26ba1f133a4d574739e324a96663b5a4d6d2ce8390cd11
mosaiq-benchmark-v0.1-candidate-20260716,mosaiq-benchmark,0.1.0-dev,delta_source_multilabel,0.1.0,DeLTA,clip,DeLTA_SR217_2,DeLTA_SR217_2,train,,0.1.0,datasets/DeLTA/data/clips.csv,d3eda31b7b6108e4573ee3353276834dd20f896af9fc1e884b84ea4f4be537fd
mosaiq-benchmark-v0.1-candidate-20260716,mosaiq-benchmark,0.1.0-dev,delta_source_multilabel,0.1.0,DeLTA,clip,DeLTA_Mc405_2,DeLTA_Mc405_2,train,,0.1.0,datasets/DeLTA/data/clips.csv,e02efc8c208d07bdcfa2082a637ad519df60bda8a8dc6ba3c8f4b67466a318be
mosaiq-benchmark-v0.1-candidate-20260716,mosaiq-benchmark,0.1.0-dev,delta_source_multilabel,0.1.0,DeLTA,clip,DeLTA_Mc329_1,DeLTA_Mc329_1,dev,,0.1.0,datasets/DeLTA/data/clips.csv,f31a04e8458511d04a2918f7a2daf2050fd8eb6dcd59314ed1e2fa5988b0e56d
mosaiq-benchmark-v0.1-candidate-20260716,mosaiq-benchmark,0.1.0-dev,delta_source_multilabel,0.1.0,DeLTA,clip,DeLTA_ET211_2,DeLTA_ET211_2,train,,0.1.0,datasets/DeLTA/data/clips.csv,8a859c9e5e8c40dad1b11f6fee1afbc453eba1b8461c05093e1ad9e6ae302c63
mosaiq-benchmark-v0.1-candidate-20260716,mosaiq-benchmark,0.1.0-dev,delta_source_multilabel,0.1.0,DeLTA,clip,DeLTA_CT414_2,DeLTA_CT414_2,train,,0.1.0,datasets/DeLTA/data/clips.csv,202ebc12ef4d17b37ce18c4da04983593919ebf638e99dfccdb59ef103ee6439
mosaiq-benchmark-v0.1-candidate-20260716,mosaiq-benchmark,0.1.0-dev,delta_source_multilabel,0.1.0,DeLTA,clip,DeLTA_RS412_1,DeLTA_RS412_1,train,,0.1.0,datasets/DeLTA/data/clips.csv,bbc4df03dbdbbd87ca7d40410fea6f4116631b59386062163ba95ba18511c901
mosaiq-benchmark-v0.1-candidate-20260716,mosaiq-benchmark,0.1.0-dev,delta_source_multilabel,0.1.0,DeLTA,clip,DeLTA_sc107_2,DeLTA_sc107_2,train,,0.1.0,datasets/DeLTA/data/clips.csv,6c945a41bf943a19b8c15c131781f4f1f814ac80bebfe61406174e4c7225035e
mosaiq-benchmark-v0.1-candidate-20260716,mosaiq-benchmark,0.1.0-dev,delta_source_multilabel,0.1.0,DeLTA,clip,DeLTA_MG103_2,DeLTA_MG103_2,train,,0.1.0,datasets/DeLTA/data/clips.csv,5156404b7419e0ee5e91c8a5297f7e041a9a101ef3161284e7d5809e4c5dcafd
mosaiq-benchmark-v0.1-candidate-20260716,mosaiq-benchmark,0.1.0-dev,delta_source_multilabel,0.1.0,DeLTA,clip,DeLTA_ET214_2,DeLTA_ET214_2,test,,0.1.0,datasets/DeLTA/data/clips.csv,31ecaee209840d4e730743c46b85d3541c3c1764e9c6be502270357cd650ba64
mosaiq-benchmark-v0.1-candidate-20260716,mosaiq-benchmark,0.1.0-dev,delta_source_multilabel,0.1.0,DeLTA,clip,DeLTA_Rp220_2,DeLTA_Rp220_2,test,,0.1.0,datasets/DeLTA/data/clips.csv,0cda462247fd9487f5cf4b3960313bb54f893759ce8da3d3c0d79ebbf85dac60
mosaiq-benchmark-v0.1-candidate-20260716,mosaiq-benchmark,0.1.0-dev,delta_source_multilabel,0.1.0,DeLTA,clip,DeLTA_MG332_1,DeLTA_MG332_1,train,,0.1.0,datasets/DeLTA/data/clips.csv,5063a86fd47183f069c35cc9e98e4013d070a6e57d229ffb9a42b33f4135e24d
mosaiq-benchmark-v0.1-candidate-20260716,mosaiq-benchmark,0.1.0-dev,delta_source_multilabel,0.1.0,DeLTA,clip,DeLTA_SC217_2,DeLTA_SC217_2,test,,0.1.0,datasets/DeLTA/data/clips.csv,6b9d773c59f048c123779c370f48f8c7cd427c63e7676d66364bd6e3bfb5eb27
mosaiq-benchmark-v0.1-candidate-20260716,mosaiq-benchmark,0.1.0-dev,delta_source_multilabel,0.1.0,DeLTA,clip,DeLTA_CT325_2,DeLTA_CT325_2,train,,0.1.0,datasets/DeLTA/data/clips.csv,46ba1fb2ee3819544f3f2f53e36e3607dea66d344f6a4ef0c9c734ae09843a7c
mosaiq-benchmark-v0.1-candidate-20260716,mosaiq-benchmark,0.1.0-dev,delta_source_multilabel,0.1.0,DeLTA,clip,DeLTA_ts220_1,DeLTA_ts220_1,train,,0.1.0,datasets/DeLTA/data/clips.csv,368cd24a49581b1dc560bac30a818327530b49d89c04309df6f14fbb1be0975d
mosaiq-benchmark-v0.1-candidate-20260716,mosaiq-benchmark,0.1.0-dev,delta_source_multilabel,0.1.0,DeLTA,clip,DeLTA_m111_2,DeLTA_m111_2,train,,0.1.0,datasets/DeLTA/data/clips.csv,2afe4f120735dddde14ad496a9c2ac0603b463fec6cd96c88d3e43cd635707bb
mosaiq-benchmark-v0.1-candidate-20260716,mosaiq-benchmark,0.1.0-dev,delta_source_multilabel,0.1.0,DeLTA,clip,DeLTA_NP133_2,DeLTA_NP133_2,train,,0.1.0,datasets/DeLTA/data/clips.csv,c42d356dc097ccea39eb9bca4a066a363434a41858bc0b7e982d3bd6db35eeb0
mosaiq-benchmark-v0.1-candidate-20260716,mosaiq-benchmark,0.1.0-dev,delta_source_multilabel,0.1.0,DeLTA,clip,DeLTA_ML213_1,DeLTA_ML213_1,test,,0.1.0,datasets/DeLTA/data/clips.csv,06b37bc31779acb0d3bd44a3aafa523c404706ce9ad9c6e045822a0efc71dfe1
mosaiq-benchmark-v0.1-candidate-20260716,mosaiq-benchmark,0.1.0-dev,delta_source_multilabel,0.1.0,DeLTA,clip,DeLTA_ts322_1,DeLTA_ts322_1,test,,0.1.0,datasets/DeLTA/data/clips.csv,c3d499714fd519deb87e30cca898c33cd0c61076974e3dc2e4b6c6c5b587047b
mosaiq-benchmark-v0.1-candidate-20260716,mosaiq-benchmark,0.1.0-dev,delta_source_multilabel,0.1.0,DeLTA,clip,DeLTA_SM514_2,DeLTA_SM514_2,train,,0.1.0,datasets/DeLTA/data/clips.csv,4ec66e4dbf9c788e1aca88ba8a6e62c73f6eb212b523dfdfa253cf62432b2797
mosaiq-benchmark-v0.1-candidate-20260716,mosaiq-benchmark,0.1.0-dev,delta_source_multilabel,0.1.0,DeLTA,clip,DeLTA_RS435_2,DeLTA_RS435_2,test,,0.1.0,datasets/DeLTA/data/clips.csv,c783a17f69d5cf8d7ce566db2d00f81772adb989ac3fb615269cb2b7f523584c
mosaiq-benchmark-v0.1-candidate-20260716,mosaiq-benchmark,0.1.0-dev,delta_source_multilabel,0.1.0,DeLTA,clip,DeLTA_Mc129_2,DeLTA_Mc129_2,train,,0.1.0,datasets/DeLTA/data/clips.csv,fa82edc1f6f00e867bd6ccc14a2732e9a6117b8f17d0d637c652c1fc9e3ef385
mosaiq-benchmark-v0.1-candidate-20260716,mosaiq-benchmark,0.1.0-dev,delta_source_multilabel,0.1.0,DeLTA,clip,DeLTA_SC201_1,DeLTA_SC201_1,train,,0.1.0,datasets/DeLTA/data/clips.csv,05606f5a76500f9a3aa00030670baed682b4cc0ecff26019bdfca85ce36706d5
mosaiq-benchmark-v0.1-candidate-20260716,mosaiq-benchmark,0.1.0-dev,delta_source_multilabel,0.1.0,DeLTA,clip,DeLTA_PL329_2,DeLTA_PL329_2,train,,0.1.0,datasets/DeLTA/data/clips.csv,09726cf2fbf6e9522fba78a845ed861b7e61e43e6d608f120876b56e7141481b
mosaiq-benchmark-v0.1-candidate-20260716,mosaiq-benchmark,0.1.0-dev,delta_source_multilabel,0.1.0,DeLTA,clip,DeLTA_SM309_1,DeLTA_SM309_1,dev,,0.1.0,datasets/DeLTA/data/clips.csv,aa5655d86cf5100b19ebae0fe3d31732c4e1b2d5b5c99d618aedddf007009d7b
mosaiq-benchmark-v0.1-candidate-20260716,mosaiq-benchmark,0.1.0-dev,delta_source_multilabel,0.1.0,DeLTA,clip,DeLTA_CT520_1,DeLTA_CT520_1,train,,0.1.0,datasets/DeLTA/data/clips.csv,54b8f8614c362974d79e42000d5fd907a68285bb1b55a56ac9d6df39ebdeed2b
mosaiq-benchmark-v0.1-candidate-20260716,mosaiq-benchmark,0.1.0-dev,delta_source_multilabel,0.1.0,DeLTA,clip,DeLTA_ts204_1,DeLTA_ts204_1,train,,0.1.0,datasets/DeLTA/data/clips.csv,5d3344690a48626ce31d7f37bbeb217aecfdbcec9ca113a2695263c7345f4af7
mosaiq-benchmark-v0.1-candidate-20260716,mosaiq-benchmark,0.1.0-dev,delta_source_multilabel,0.1.0,DeLTA,clip,DeLTA_sr132_1,DeLTA_sr132_1,train,,0.1.0,datasets/DeLTA/data/clips.csv,6375bd097d140653c99bbe4ed794578afbb777609cbed7b8f75fa5fbfe24f262
mosaiq-benchmark-v0.1-candidate-20260716,mosaiq-benchmark,0.1.0-dev,delta_source_multilabel,0.1.0,DeLTA,clip,DeLTA_MG213_1,DeLTA_MG213_1,train,,0.1.0,datasets/DeLTA/data/clips.csv,ba8c439b01fb431c716a8781c122f4afb4febeab37ea8f6d8e4e7218524ecf57
mosaiq-benchmark-v0.1-candidate-20260716,mosaiq-benchmark,0.1.0-dev,delta_source_multilabel,0.1.0,DeLTA,clip,DeLTA_Mc103_1,DeLTA_Mc103_1,dev,,0.1.0,datasets/DeLTA/data/clips.csv,b67f306a3f78a09b2b3b201b69f7de2d0d53fcc3cd491ec9e504826a328f063f
mosaiq-benchmark-v0.1-candidate-20260716,mosaiq-benchmark,0.1.0-dev,delta_source_multilabel,0.1.0,DeLTA,clip,DeLTA_RP302_2,DeLTA_RP302_2,train,,0.1.0,datasets/DeLTA/data/clips.csv,c08b680cc3137f001bb40a18a0796fe9a766a7ea27f50a992859d923b43eeb08
mosaiq-benchmark-v0.1-candidate-20260716,mosaiq-benchmark,0.1.0-dev,delta_source_multilabel,0.1.0,DeLTA,clip,DeLTA_Rp131_1,DeLTA_Rp131_1,train,,0.1.0,datasets/DeLTA/data/clips.csv,83cc1e05708b0d5843553e52994c8597cc121e6503360a2fa7b839ae9fd7e12c
mosaiq-benchmark-v0.1-candidate-20260716,mosaiq-benchmark,0.1.0-dev,delta_source_multilabel,0.1.0,DeLTA,clip,DeLTA_tm221_2,DeLTA_tm221_2,test,,0.1.0,datasets/DeLTA/data/clips.csv,70627602b622b5c72ba2adbc0d5f9244c5f9173d689501312d67b129f5fcebf0
mosaiq-benchmark-v0.1-candidate-20260716,mosaiq-benchmark,0.1.0-dev,delta_source_multilabel,0.1.0,DeLTA,clip,DeLTA_RS427_1,DeLTA_RS427_1,train,,0.1.0,datasets/DeLTA/data/clips.csv,cd6941de3f6f9b62c51bd27954a48bef798d626e038e1a517f8f709ca43be3f3
mosaiq-benchmark-v0.1-candidate-20260716,mosaiq-benchmark,0.1.0-dev,delta_source_multilabel,0.1.0,DeLTA,clip,DeLTA_SM501_2,DeLTA_SM501_2,dev,,0.1.0,datasets/DeLTA/data/clips.csv,7c85786fa2519c5ba0831aaa759194d7acc76c05483353a98100f07468b0dc18
mosaiq-benchmark-v0.1-candidate-20260716,mosaiq-benchmark,0.1.0-dev,delta_source_multilabel,0.1.0,DeLTA,clip,DeLTA_MC534_2,DeLTA_MC534_2,train,,0.1.0,datasets/DeLTA/data/clips.csv,ad52cc97fc568f9bcecfbc73fa1887b1b85b17c00a2c428333f145b43652c123
mosaiq-benchmark-v0.1-candidate-20260716,mosaiq-benchmark,0.1.0-dev,delta_source_multilabel,0.1.0,DeLTA,clip,DeLTA_Pl119_1,DeLTA_Pl119_1,train,,0.1.0,datasets/DeLTA/data/clips.csv,5320a436e018f5331876d4fedc8bb9b8c14855d0448e9729b850192d12f9e0e3
mosaiq-benchmark-v0.1-candidate-20260716,mosaiq-benchmark,0.1.0-dev,delta_source_multilabel,0.1.0,DeLTA,clip,DeLTA_tm127_1,DeLTA_tm127_1,train,,0.1.0,datasets/DeLTA/data/clips.csv,ecb7ac440d6a401fb13fbb7a412d413e14a8d40b4c02004ecbeb3784178ce86a
mosaiq-benchmark-v0.1-candidate-20260716,mosaiq-benchmark,0.1.0-dev,delta_source_multilabel,0.1.0,DeLTA,clip,DeLTA_TS517_2,DeLTA_TS517_2,train,,0.1.0,datasets/DeLTA/data/clips.csv,3c99447a35fb41aa5fabe1688a5f36fbbcfcb9012187f97d9b29e3e0bc3d7708
mosaiq-benchmark-v0.1-candidate-20260716,mosaiq-benchmark,0.1.0-dev,delta_source_multilabel,0.1.0,DeLTA,clip,DeLTA_Rp110_1,DeLTA_Rp110_1,train,,0.1.0,datasets/DeLTA/data/clips.csv,da1c0ec7fba85f88f99ec07dbaf1b3a5ebb1efe87e59cfc60728889e20630784
mosaiq-benchmark-v0.1-candidate-20260716,mosaiq-benchmark,0.1.0-dev,delta_source_multilabel,0.1.0,DeLTA,clip,DeLTA_MC525_1,DeLTA_MC525_1,train,,0.1.0,datasets/DeLTA/data/clips.csv,6fe4befef2f8b651aa864c52a991c91051b2d962b35dd670da7f198b2d803bfe
mosaiq-benchmark-v0.1-candidate-20260716,mosaiq-benchmark,0.1.0-dev,delta_source_multilabel,0.1.0,DeLTA,clip,DeLTA_SM412_1,DeLTA_SM412_1,train,,0.1.0,datasets/DeLTA/data/clips.csv,155ff4f3b275fc4f1e4b83122119a6771689cfd32c7bc97bf80a07cf8acaef63
mosaiq-benchmark-v0.1-candidate-20260716,mosaiq-benchmark,0.1.0-dev,delta_source_multilabel,0.1.0,DeLTA,clip,DeLTA_PL439_1,DeLTA_PL439_1,dev,,0.1.0,datasets/DeLTA/data/clips.csv,088de83c4b86aa5723a0ef6db30d745257c2436373301e0efa1e27626918fc3e
mosaiq-benchmark-v0.1-candidate-20260716,mosaiq-benchmark,0.1.0-dev,delta_source_multilabel,0.1.0,DeLTA,clip,DeLTA_Rs102_2,DeLTA_Rs102_2,train,,0.1.0,datasets/DeLTA/data/clips.csv,f164ca20060ea00ced348cb2357345469d74851252a781d8c526c5ecfc578148
mosaiq-benchmark-v0.1-candidate-20260716,mosaiq-benchmark,0.1.0-dev,delta_source_multilabel,0.1.0,DeLTA,clip,DeLTA_SR224_2,DeLTA_SR224_2,test,,0.1.0,datasets/DeLTA/data/clips.csv,9fbacdebe22e019981701b8b09e2305f50ecfc96f48406da50cba6d70676ec2a
mosaiq-benchmark-v0.1-candidate-20260716,mosaiq-benchmark,0.1.0-dev,delta_source_multilabel,0.1.0,DeLTA,clip,DeLTA_ML111_4,DeLTA_ML111_4,train,,0.1.0,datasets/DeLTA/data/clips.csv,e7b8fe8538ba0e1649fa7f573c69c23cf6dccd9bbe69bc7a97bd497abedd193d
mosaiq-benchmark-v0.1-candidate-20260716,mosaiq-benchmark,0.1.0-dev,delta_source_multilabel,0.1.0,DeLTA,clip,DeLTA_ts314_1,DeLTA_ts314_1,train,,0.1.0,datasets/DeLTA/data/clips.csv,2ec2ba0b69c1e1e553c769739cd70cbbc4223895141a8bedd9b6195f8ab74fe1
mosaiq-benchmark-v0.1-candidate-20260716,mosaiq-benchmark,0.1.0-dev,delta_source_multilabel,0.1.0,DeLTA,clip,DeLTA_MC517_2,DeLTA_MC517_2,test,,0.1.0,datasets/DeLTA/data/clips.csv,f2db188038bed36a99f591ae278436ff25567fbb91fe439b01b4af3cf9593dfb
mosaiq-benchmark-v0.1-candidate-20260716,mosaiq-benchmark,0.1.0-dev,delta_source_multilabel,0.1.0,DeLTA,clip,DeLTA_RS427_2,DeLTA_RS427_2,test,,0.1.0,datasets/DeLTA/data/clips.csv,907dceb94379855446f8218a97bc882c6dcb794c76ec7990ac4aea200190445b
mosaiq-benchmark-v0.1-candidate-20260716,mosaiq-benchmark,0.1.0-dev,delta_source_multilabel,0.1.0,DeLTA,clip,DeLTA_Ts414_1,DeLTA_Ts414_1,train,,0.1.0,datasets/DeLTA/data/clips.csv,d9ad02ab82706e1ed396c050c41090a23203e8bc544ec02d249e1d5745f08e01
mosaiq-benchmark-v0.1-candidate-20260716,mosaiq-benchmark,0.1.0-dev,delta_source_multilabel,0.1.0,DeLTA,clip,DeLTA_Mc333_1,DeLTA_Mc333_1,train,,0.1.0,datasets/DeLTA/data/clips.csv,c4ddd913d02f033421531a91ecc25edb33fae21f521c13dddb29e17fd7511d1a
mosaiq-benchmark-v0.1-candidate-20260716,mosaiq-benchmark,0.1.0-dev,delta_source_multilabel,0.1.0,DeLTA,clip,DeLTA_bib11_1,DeLTA_bib11_1,train,,0.1.0,datasets/DeLTA/data/clips.csv,8afdb13a6032d5a4a606609d05e9564cbabe9978a12ff894d8eff97d5e29a347
mosaiq-benchmark-v0.1-candidate-20260716,mosaiq-benchmark,0.1.0-dev,delta_source_multilabel,0.1.0,DeLTA,clip,DeLTA_Mc204_2,DeLTA_Mc204_2,train,,0.1.0,datasets/DeLTA/data/clips.csv,62488e0a4431189cf687d763ff9f0b21e5ff9141216d70c8c0bbfcfb73e26f0d
mosaiq-benchmark-v0.1-candidate-20260716,mosaiq-benchmark,0.1.0-dev,delta_source_multilabel,0.1.0,DeLTA,clip,DeLTA_Mc111_2,DeLTA_Mc111_2,train,,0.1.0,datasets/DeLTA/data/clips.csv,5d1ddbf09faa56f12bc0c5efce39a1147ab30e1ad67520f16c602f511e27d9c1
mosaiq-benchmark-v0.1-candidate-20260716,mosaiq-benchmark,0.1.0-dev,delta_source_multilabel,0.1.0,DeLTA,clip,DeLTA_Rf208_2,DeLTA_Rf208_2,train,,0.1.0,datasets/DeLTA/data/clips.csv,4147d8a59348e2352df7295c672bcfb5ae5cc008ea3f4815f1fa635bd6b9a52f
mosaiq-benchmark-v0.1-candidate-20260716,mosaiq-benchmark,0.1.0-dev,delta_source_multilabel,0.1.0,DeLTA,clip,DeLTA_PL301_2,DeLTA_PL301_2,test,,0.1.0,datasets/DeLTA/data/clips.csv,19d6a28db01d6d7624f08248c29d6bea154b4d6fc773dbe72e39432dda4f3028
mosaiq-benchmark-v0.1-candidate-20260716,mosaiq-benchmark,0.1.0-dev,delta_source_multilabel,0.1.0,DeLTA,clip,DeLTA_RP315_1,DeLTA_RP315_1,train,,0.1.0,datasets/DeLTA/data/clips.csv,0932bee6f843679ef95ddc3676f45482b41d1fdd4b05b759e23a19d8c06b06f4
mosaiq-benchmark-v0.1-candidate-20260716,mosaiq-benchmark,0.1.0-dev,delta_source_multilabel,0.1.0,DeLTA,clip,DeLTA_CT310_2,DeLTA_CT310_2,test,,0.1.0,datasets/DeLTA/data/clips.csv,615b2072d0fa5190bdc3e9ac2a4b2e80f91bc177bb9a2a432e5486508b4b6711
mosaiq-benchmark-v0.1-candidate-20260716,mosaiq-benchmark,0.1.0-dev,delta_source_multilabel,0.1.0,DeLTA,clip,DeLTA_SR203_1,DeLTA_SR203_1,train,,0.1.0,datasets/DeLTA/data/clips.csv,317d4df69afb3abf609d83f203300d865737ec7f8c84ee1644f546422a11b813
mosaiq-benchmark-v0.1-candidate-20260716,mosaiq-benchmark,0.1.0-dev,delta_source_multilabel,0.1.0,DeLTA,clip,DeLTA_ET123_1,DeLTA_ET123_1,train,,0.1.0,datasets/DeLTA/data/clips.csv,f3793e5567db00b5435a6bef9f30dc0c0b0584e1293c131903190e015a23bcba
mosaiq-benchmark-v0.1-candidate-20260716,mosaiq-benchmark,0.1.0-dev,delta_source_multilabel,0.1.0,DeLTA,clip,DeLTA_RF320_2,DeLTA_RF320_2,test,,0.1.0,datasets/DeLTA/data/clips.csv,813de919478aaef52ef7919c17a40ef7112e9f22fa3db74481a52e60cecdbcd2
mosaiq-benchmark-v0.1-candidate-20260716,mosaiq-benchmark,0.1.0-dev,delta_source_multilabel,0.1.0,DeLTA,clip,DeLTA_RF322_2,DeLTA_RF322_2,train,,0.1.0,datasets/DeLTA/data/clips.csv,646cb97c9571680a2483ac54f3ea176bd37c576db503cd3d92df882986001db2
mosaiq-benchmark-v0.1-candidate-20260716,mosaiq-benchmark,0.1.0-dev,delta_source_multilabel,0.1.0,DeLTA,clip,DeLTA_SC202_2,DeLTA_SC202_2,train,,0.1.0,datasets/DeLTA/data/clips.csv,d40207de50ac5f9abd1824cb052d056129c489fe346450aae6ee58ead7bface6
mosaiq-benchmark-v0.1-candidate-20260716,mosaiq-benchmark,0.1.0-dev,delta_source_multilabel,0.1.0,DeLTA,clip,DeLTA_m112_2,DeLTA_m112_2,train,,0.1.0,datasets/DeLTA/data/clips.csv,3a3b8b966833a214aeef3bfb072303a31d7cf0ca740fe63a33af3bb622d918ca
mosaiq-benchmark-v0.1-candidate-20260716,mosaiq-benchmark,0.1.0-dev,delta_source_multilabel,0.1.0,DeLTA,clip,DeLTA_CT522_2,DeLTA_CT522_2,train,,0.1.0,datasets/DeLTA/data/clips.csv,d346180c1dc2be211374790c433b71964ce2a65e00f593d274bb56aa62f9183c
mosaiq-benchmark-v0.1-candidate-20260716,mosaiq-benchmark,0.1.0-dev,delta_source_multilabel,0.1.0,DeLTA,clip,DeLTA_CT529_1,DeLTA_CT529_1,train,,0.1.0,datasets/DeLTA/data/clips.csv,c9323abd52e29f83922435547b8506872d2d7e6e96744a9f3b5b376fda6028d7
mosaiq-benchmark-v0.1-candidate-20260716,mosaiq-benchmark,0.1.0-dev,delta_source_multilabel,0.1.0,DeLTA,clip,DeLTA_TM415_1,DeLTA_TM415_1,train,,0.1.0,datasets/DeLTA/data/clips.csv,330c889236645ea51355acd9befea01416af3fc73a160f21bdb1a248cbc20a17
mosaiq-benchmark-v0.1-candidate-20260716,mosaiq-benchmark,0.1.0-dev,delta_source_multilabel,0.1.0,DeLTA,clip,DeLTA_Pl220_1,DeLTA_Pl220_1,train,,0.1.0,datasets/DeLTA/data/clips.csv,513379f4f264b36c4589f2f51562c5a53abf34a5fea534c8b3af8155ad87ba9b
mosaiq-benchmark-v0.1-candidate-20260716,mosaiq-benchmark,0.1.0-dev,delta_source_multilabel,0.1.0,DeLTA,clip,DeLTA_TM419_2,DeLTA_TM419_2,train,,0.1.0,datasets/DeLTA/data/clips.csv,97ddc99f812166ad389db661e0cf2adc0f11b3e9762e439b9c68f2d362398175
mosaiq-benchmark-v0.1-candidate-20260716,mosaiq-benchmark,0.1.0-dev,delta_source_multilabel,0.1.0,DeLTA,clip,DeLTA_RF305_2,DeLTA_RF305_2,train,,0.1.0,datasets/DeLTA/data/clips.csv,962bbf124aa08136488dc7d9b086bf103a6e8c230f165aed1bf11da074c11f78
mosaiq-benchmark-v0.1-candidate-20260716,mosaiq-benchmark,0.1.0-dev,delta_source_multilabel,0.1.0,DeLTA,clip,DeLTA_ET201_2,DeLTA_ET201_2,train,,0.1.0,datasets/DeLTA/data/clips.csv,c04e78f2ffe7492f2b8b2cb31ac33f2adf31fa63c641d76b4ec223db210558ad
mosaiq-benchmark-v0.1-candidate-20260716,mosaiq-benchmark,0.1.0-dev,delta_source_multilabel,0.1.0,DeLTA,clip,DeLTA_Ts423_4,DeLTA_Ts423_4,train,,0.1.0,datasets/DeLTA/data/clips.csv,89bddb6dd9a0988836bab5993410c67b0a2ccbcde3940e9d56f931c983593ccd
mosaiq-benchmark-v0.1-candidate-20260716,mosaiq-benchmark,0.1.0-dev,delta_source_multilabel,0.1.0,DeLTA,clip,DeLTA_ML211_2,DeLTA_ML211_2,train,,0.1.0,datasets/DeLTA/data/clips.csv,3e82cf6e2b04440fe4f943c93b5d91692f1c830abd97fe49823e648d035aee42
mosaiq-benchmark-v0.1-candidate-20260716,mosaiq-benchmark,0.1.0-dev,delta_source_multilabel,0.1.0,DeLTA,clip,DeLTA_Rp212_1,DeLTA_Rp212_1,train,,0.1.0,datasets/DeLTA/data/clips.csv,04a7c8664d00ed8bfd011ca147e2dc82e2fd47d461cc5b89a87d078928e5aeb2
mosaiq-benchmark-v0.1-candidate-20260716,mosaiq-benchmark,0.1.0-dev,delta_source_multilabel,0.1.0,DeLTA,clip,DeLTA_SC220_1,DeLTA_SC220_1,test,,0.1.0,datasets/DeLTA/data/clips.csv,9ce347508fa453c7bb84f6da24b8ac771c898f63cd8e1949aec67795d68829bc
mosaiq-benchmark-v0.1-candidate-20260716,mosaiq-benchmark,0.1.0-dev,delta_source_multilabel,0.1.0,DeLTA,clip,DeLTA_CT403_1,DeLTA_CT403_1,train,,0.1.0,datasets/DeLTA/data/clips.csv,c26123c8ca2369ec4f49c9c6beab7ff41c84d9785dda3cdb1fc0dbd2832fc4dc
mosaiq-benchmark-v0.1-candidate-20260716,mosaiq-benchmark,0.1.0-dev,delta_source_multilabel,0.1.0,DeLTA,clip,DeLTA_sc127_2,DeLTA_sc127_2,train,,0.1.0,datasets/DeLTA/data/clips.csv,2232faf96ab3d8171d05a61d7c443a6cd5c6858829e901a86e397d67d8797719
mosaiq-benchmark-v0.1-candidate-20260716,mosaiq-benchmark,0.1.0-dev,delta_source_multilabel,0.1.0,DeLTA,clip,DeLTA_sc144_2,DeLTA_sc144_2,train,,0.1.0,datasets/DeLTA/data/clips.csv,19ce148e94731a256872c17db8b2bb90a327819e9d3c8e0059015e65a51624e0
mosaiq-benchmark-v0.1-candidate-20260716,mosaiq-benchmark,0.1.0-dev,delta_source_multilabel,0.1.0,DeLTA,clip,DeLTA_PL417_1,DeLTA_PL417_1,test,,0.1.0,datasets/DeLTA/data/clips.csv,ede67831a6197520e1bf2965a384c361be26ad1d2f07446e01613612c4ed37c5
mosaiq-benchmark-v0.1-candidate-20260716,mosaiq-benchmark,0.1.0-dev,delta_source_multilabel,0.1.0,DeLTA,clip,DeLTA_ML111_3,DeLTA_ML111_3,dev,,0.1.0,datasets/DeLTA/data/clips.csv,91e6339cef4c0a4ee3fb1f5d8c99e1a08f8c9c3e998a0091b084d16158f2e120
mosaiq-benchmark-v0.1-candidate-20260716,mosaiq-benchmark,0.1.0-dev,delta_source_multilabel,0.1.0,DeLTA,clip,DeLTA_MC541_1,DeLTA_MC541_1,train,,0.1.0,datasets/DeLTA/data/clips.csv,7d1b218ca19d366f276b5b48c856c77067c139e419f4a1591e27e1064904d8b1
mosaiq-benchmark-v0.1-candidate-20260716,mosaiq-benchmark,0.1.0-dev,delta_source_multilabel,0.1.0,DeLTA,clip,DeLTA_Rp226_2,DeLTA_Rp226_2,train,,0.1.0,datasets/DeLTA/data/clips.csv,ee2ad14ecfd303f34932e945618390920d1c2a08ac394382ae95484e66d0999a
mosaiq-benchmark-v0.1-candidate-20260716,mosaiq-benchmark,0.1.0-dev,delta_source_multilabel,0.1.0,DeLTA,clip,DeLTA_MG326_1,DeLTA_MG326_1,dev,,0.1.0,datasets/DeLTA/data/clips.csv,e256bb10276df360e104d8561272a6e014e0e8900722ddf648cf802d41baa6c2
mosaiq-benchmark-v0.1-candidate-20260716,mosaiq-benchmark,0.1.0-dev,delta_source_multilabel,0.1.0,DeLTA,clip,DeLTA_RS401_2,DeLTA_RS401_2,dev,,0.1.0,datasets/DeLTA/data/clips.csv,469fd1386c14ee44d51b7b980472368f3f64d90dd298168681831ed5acbdfda2
mosaiq-benchmark-v0.1-candidate-20260716,mosaiq-benchmark,0.1.0-dev,delta_source_multilabel,0.1.0,DeLTA,clip,DeLTA_ts225_1,DeLTA_ts225_1,train,,0.1.0,datasets/DeLTA/data/clips.csv,e2961bdb803731461f0aa3e9c43f10a3e523ee53596aa4acb77f108606bc20af
mosaiq-benchmark-v0.1-candidate-20260716,mosaiq-benchmark,0.1.0-dev,delta_source_multilabel,0.1.0,DeLTA,clip,DeLTA_CT322_2,DeLTA_CT322_2,test,,0.1.0,datasets/DeLTA/data/clips.csv,2febb71e8ac82e0ea1bb107b6d30450913f650b67e4c68a406d710720eab7c8d
mosaiq-benchmark-v0.1-candidate-20260716,mosaiq-benchmark,0.1.0-dev,delta_source_multilabel,0.1.0,DeLTA,clip,DeLTA_RF342_1,DeLTA_RF342_1,test,,0.1.0,datasets/DeLTA/data/clips.csv,8793784191a0b78cf654db58cc64ca74ee1316f12835f932c39061eaa10c72ac
mosaiq-benchmark-v0.1-candidate-20260716,mosaiq-benchmark,0.1.0-dev,delta_source_multilabel,0.1.0,DeLTA,clip,DeLTA_CT121_2,DeLTA_CT121_2,dev,,0.1.0,datasets/DeLTA/data/clips.csv,3caad768060572679f6caa127c6e4571c8c37a0bfd3ab6ab4572f3a7fff71c1e
mosaiq-benchmark-v0.1-candidate-20260716,mosaiq-benchmark,0.1.0-dev,delta_source_multilabel,0.1.0,DeLTA,clip,DeLTA_MC522_2,DeLTA_MC522_2,train,,0.1.0,datasets/DeLTA/data/clips.csv,0c83c7e457de3be6a44542ef1bec0234a7b21e545442b28b314393e3ba05c29f
mosaiq-benchmark-v0.1-candidate-20260716,mosaiq-benchmark,0.1.0-dev,delta_source_multilabel,0.1.0,DeLTA,clip,DeLTA_TM439_1,DeLTA_TM439_1,train,,0.1.0,datasets/DeLTA/data/clips.csv,c2039516280ff78871f6446be7669e71fbd788faf7e5b7b8f1196c375ba0d0a1
mosaiq-benchmark-v0.1-candidate-20260716,mosaiq-benchmark,0.1.0-dev,delta_source_multilabel,0.1.0,DeLTA,clip,DeLTA_ET106_2,DeLTA_ET106_2,train,,0.1.0,datasets/DeLTA/data/clips.csv,337d8a91b15663d1ec33dc7c5e53c429862b198736828bde881049605364c95a
mosaiq-benchmark-v0.1-candidate-20260716,mosaiq-benchmark,0.1.0-dev,delta_source_multilabel,0.1.0,DeLTA,clip,DeLTA_m27_1,DeLTA_m27_1,train,,0.1.0,datasets/DeLTA/data/clips.csv,20da366269291c9e8149b8e67bf0fc9846c96cf5e276f99ee82f700393289a57
mosaiq-benchmark-v0.1-candidate-20260716,mosaiq-benchmark,0.1.0-dev,delta_source_multilabel,0.1.0,DeLTA,clip,DeLTA_CT407_1,DeLTA_CT407_1,test,,0.1.0,datasets/DeLTA/data/clips.csv,2393e91cc445beaff0cf460858facb650b3728684fcd32c5e62a9fc5457b336d
mosaiq-benchmark-v0.1-candidate-20260716,mosaiq-benchmark,0.1.0-dev,delta_source_multilabel,0.1.0,DeLTA,clip,DeLTA_RF319_1,DeLTA_RF319_1,train,,0.1.0,datasets/DeLTA/data/clips.csv,38cd1b9ff77529c30f4b6d9582207b8c1df7f4a41a9e16db9cc220c19e71d8f0
mosaiq-benchmark-v0.1-candidate-20260716,mosaiq-benchmark,0.1.0-dev,delta_source_multilabel,0.1.0,DeLTA,clip,DeLTA_tm115_2,DeLTA_tm115_2,test,,0.1.0,datasets/DeLTA/data/clips.csv,03afce5d1319383fabcb1eb4d34568fa3687ab1fcd43e0122dd9a8ce3fd8bfec
mosaiq-benchmark-v0.1-candidate-20260716,mosaiq-benchmark,0.1.0-dev,delta_source_multilabel,0.1.0,DeLTA,clip,DeLTA_NP143_2,DeLTA_NP143_2,train,,0.1.0,datasets/DeLTA/data/clips.csv,75cb412bedbe14798f42017d8ad345657388001e5e1c2ede133eac353f4f9433
mosaiq-benchmark-v0.1-candidate-20260716,mosaiq-benchmark,0.1.0-dev,delta_source_multilabel,0.1.0,DeLTA,clip,DeLTA_cp1_2,DeLTA_cp1_2,train,,0.1.0,datasets/DeLTA/data/clips.csv,901960e6e57f3d897a988973a4d73bc3c043a1fde9f0e62c1b071de715a05e9e
mosaiq-benchmark-v0.1-candidate-20260716,mosaiq-benchmark,0.1.0-dev,delta_source_multilabel,0.1.0,DeLTA,clip,DeLTA_NP139_1,DeLTA_NP139_1,train,,0.1.0,datasets/DeLTA/data/clips.csv,f91e593e6fa816c9b297137cd0dd711ef671544214d4931e69615ff0115838b1
mosaiq-benchmark-v0.1-candidate-20260716,mosaiq-benchmark,0.1.0-dev,delta_source_multilabel,0.1.0,DeLTA,clip,DeLTA_Mc404_2,DeLTA_Mc404_2,train,,0.1.0,datasets/DeLTA/data/clips.csv,663712ca7e933797841ebe2ce8e4e813c3b1ad66e1bfa861d5851f7416fb315c
mosaiq-benchmark-v0.1-candidate-20260716,mosaiq-benchmark,0.1.0-dev,delta_source_multilabel,0.1.0,DeLTA,clip,DeLTA_RS417_1,DeLTA_RS417_1,train,,0.1.0,datasets/DeLTA/data/clips.csv,8d39d6db3487c6dcdf2f6eea4b79535ad4f5d5320de3249685b895c1d65f7c22
mosaiq-benchmark-v0.1-candidate-20260716,mosaiq-benchmark,0.1.0-dev,delta_source_multilabel,0.1.0,DeLTA,clip,DeLTA_sc115_2,DeLTA_sc115_2,train,,0.1.0,datasets/DeLTA/data/clips.csv,5bfef1ec1173f8f08ffc1642efbf6c1c5e19a53a32f3b4cf655c48668405f687
mosaiq-benchmark-v0.1-candidate-20260716,mosaiq-benchmark,0.1.0-dev,delta_source_multilabel,0.1.0,DeLTA,clip,DeLTA_sr114_1,DeLTA_sr114_1,train,,0.1.0,datasets/DeLTA/data/clips.csv,499c39a937f1e9e1d2c9b88b216f6dfcb64f4d61fb440f507ce543321351f9e6
mosaiq-benchmark-v0.1-candidate-20260716,mosaiq-benchmark,0.1.0-dev,delta_source_multilabel,0.1.0,DeLTA,clip,DeLTA_TM401_1,DeLTA_TM401_1,train,,0.1.0,datasets/DeLTA/data/clips.csv,d695a7a04f16e5d094c8b5c2ffc502a3e43c761636894d8d15ecec638ee86f9b
mosaiq-benchmark-v0.1-candidate-20260716,mosaiq-benchmark,0.1.0-dev,delta_source_multilabel,0.1.0,DeLTA,clip,DeLTA_SR223_1,DeLTA_SR223_1,test,,0.1.0,datasets/DeLTA/data/clips.csv,f5d9b884950c01e4b0381b7d42065528f7e831cfda337177b8111f4ffb2e8b5e
mosaiq-benchmark-v0.1-candidate-20260716,mosaiq-benchmark,0.1.0-dev,delta_source_multilabel,0.1.0,DeLTA,clip,DeLTA_PL425_2,DeLTA_PL425_2,train,,0.1.0,datasets/DeLTA/data/clips.csv,07ed3f13700b738d1e7b21308eb53bce3eeae076748ee93b1e1171240f6df709
mosaiq-benchmark-v0.1-candidate-20260716,mosaiq-benchmark,0.1.0-dev,delta_source_multilabel,0.1.0,DeLTA,clip,DeLTA_SC207_1,DeLTA_SC207_1,dev,,0.1.0,datasets/DeLTA/data/clips.csv,8ace1991cbaf831ab38caf544bda66c6eec6433f9dc22e2bd0f0f58f5978cbf5
mosaiq-benchmark-v0.1-candidate-20260716,mosaiq-benchmark,0.1.0-dev,delta_source_multilabel,0.1.0,DeLTA,clip,DeLTA_CT314_1,DeLTA_CT314_1,train,,0.1.0,datasets/DeLTA/data/clips.csv,36ae24cc1b1d82e9b25a421f08ece52fe466fb865cd3f38744c0b3c917c8be42
mosaiq-benchmark-v0.1-candidate-20260716,mosaiq-benchmark,0.1.0-dev,delta_source_multilabel,0.1.0,DeLTA,clip,DeLTA_TM414_1,DeLTA_TM414_1,dev,,0.1.0,datasets/DeLTA/data/clips.csv,9f0ac4aeb27c11163a8342165846aa9c6f8c7ec9fb1e27232c7a43e56212d367
mosaiq-benchmark-v0.1-candidate-20260716,mosaiq-benchmark,0.1.0-dev,delta_source_multilabel,0.1.0,DeLTA,clip,DeLTA_RS409_1,DeLTA_RS409_1,train,,0.1.0,datasets/DeLTA/data/clips.csv,6d166ddb54054f018220a89848f47421bfcb3ea8f9464ea0b1dba061898ab4f6
mosaiq-benchmark-v0.1-candidate-20260716,mosaiq-benchmark,0.1.0-dev,delta_source_multilabel,0.1.0,DeLTA,clip,DeLTA_Pl215_2,DeLTA_Pl215_2,train,,0.1.0,datasets/DeLTA/data/clips.csv,75ce943a1b0cc5247896e51b18c7fcb2ccb29e9c0258509958e12438b033484c
mosaiq-benchmark-v0.1-candidate-20260716,mosaiq-benchmark,0.1.0-dev,delta_source_multilabel,0.1.0,DeLTA,clip,DeLTA_Rp104_1,DeLTA_Rp104_1,dev,,0.1.0,datasets/DeLTA/data/clips.csv,69f1d689f98db089543c2a04ee192855b42904dfe4bc061f71770169a5bf0049
mosaiq-benchmark-v0.1-candidate-20260716,mosaiq-benchmark,0.1.0-dev,delta_source_multilabel,0.1.0,DeLTA,clip,DeLTA_Rf131_2,DeLTA_Rf131_2,dev,,0.1.0,datasets/DeLTA/data/clips.csv,55a278881a229cfbf5c3ad7ef6e5df2907f2bf6e1914dd1b258ee2461aa3e746
mosaiq-benchmark-v0.1-candidate-20260716,mosaiq-benchmark,0.1.0-dev,delta_source_multilabel,0.1.0,DeLTA,clip,DeLTA_TS537_2,DeLTA_TS537_2,train,,0.1.0,datasets/DeLTA/data/clips.csv,f6fb9aa86b87f55e1162af05ad93f0558f1e915fe892721dadc453824f8b286a
mosaiq-benchmark-v0.1-candidate-20260716,mosaiq-benchmark,0.1.0-dev,delta_source_multilabel,0.1.0,DeLTA,clip,DeLTA_cp1_1,DeLTA_cp1_1,train,,0.1.0,datasets/DeLTA/data/clips.csv,9cdfbb384aa8573a4609c40812b20513f8873a76c81c735a619ae5a982fb9e6c
mosaiq-benchmark-v0.1-candidate-20260716,mosaiq-benchmark,0.1.0-dev,delta_source_multilabel,0.1.0,DeLTA,clip,DeLTA_SM308_2,DeLTA_SM308_2,train,,0.1.0,datasets/DeLTA/data/clips.csv,ffc2114cee3ff590e09d8098be5ac08f7f901dfe3d85bb543aecddfef64e4395
mosaiq-benchmark-v0.1-candidate-20260716,mosaiq-benchmark,0.1.0-dev,delta_source_multilabel,0.1.0,DeLTA,clip,DeLTA_CT536_1,DeLTA_CT536_1,train,,0.1.0,datasets/DeLTA/data/clips.csv,2de046d148263f1340066930075a7c23c07972eaa2cdd6d41e8667de83071eee
mosaiq-benchmark-v0.1-candidate-20260716,mosaiq-benchmark,0.1.0-dev,delta_source_multilabel,0.1.0,DeLTA,clip,DeLTA_MG305_1,DeLTA_MG305_1,train,,0.1.0,datasets/DeLTA/data/clips.csv,e060c63dd60af19d0b58e44f2c11bcaf3e99f880d1eb3a8b16971d97aa9fa02e
mosaiq-benchmark-v0.1-candidate-20260716,mosaiq-benchmark,0.1.0-dev,delta_source_multilabel,0.1.0,DeLTA,clip,DeLTA_PL433_2,DeLTA_PL433_2,test,,0.1.0,datasets/DeLTA/data/clips.csv,595713f8b0d311996b97299e78b3a626664b3e3ff5fd8aabbe027c47f7b00c56
mosaiq-benchmark-v0.1-candidate-20260716,mosaiq-benchmark,0.1.0-dev,delta_source_multilabel,0.1.0,DeLTA,clip,DeLTA_sc131_1,DeLTA_sc131_1,train,,0.1.0,datasets/DeLTA/data/clips.csv,1799ee56dc9cc1add930cae0e429f0c274ed832ff8a2401f4d5f6a93dc984e6f
mosaiq-benchmark-v0.1-candidate-20260716,mosaiq-benchmark,0.1.0-dev,delta_source_multilabel,0.1.0,DeLTA,clip,DeLTA_tm216_1,DeLTA_tm216_1,train,,0.1.0,datasets/DeLTA/data/clips.csv,fca48e4c2c19e9b0cbf3703a6db72a41d01b8e682e79768778bec624ae6f16c6
mosaiq-benchmark-v0.1-candidate-20260716,mosaiq-benchmark,0.1.0-dev,delta_source_multilabel,0.1.0,DeLTA,clip,DeLTA_SR228_1,DeLTA_SR228_1,train,,0.1.0,datasets/DeLTA/data/clips.csv,dd5e2dd1c22f67885b7994f30b9834d0fbc897ef1d6bb781c46e0d2bbdf95399
mosaiq-benchmark-v0.1-candidate-20260716,mosaiq-benchmark,0.1.0-dev,delta_source_multilabel,0.1.0,DeLTA,clip,DeLTA_TM410_2,DeLTA_TM410_2,train,,0.1.0,datasets/DeLTA/data/clips.csv,b86dc38893e205a22bfe5e54f106c8993a16e3619c401a39916207abe32d531f
mosaiq-benchmark-v0.1-candidate-20260716,mosaiq-benchmark,0.1.0-dev,delta_source_multilabel,0.1.0,DeLTA,clip,DeLTA_PL341_1,DeLTA_PL341_1,train,,0.1.0,datasets/DeLTA/data/clips.csv,6b30dd7c1f8ecee97a0e13f10ea7ab76f93dad9c72c5e3712432087d6ad9b670
mosaiq-benchmark-v0.1-candidate-20260716,mosaiq-benchmark,0.1.0-dev,delta_source_multilabel,0.1.0,DeLTA,clip,DeLTA_Rs123_1,DeLTA_Rs123_1,train,,0.1.0,datasets/DeLTA/data/clips.csv,78216beb4e848d58b59b3b08079a18d93dff4890cc68bfbaaf488220b321ce8e
mosaiq-benchmark-v0.1-candidate-20260716,mosaiq-benchmark,0.1.0-dev,delta_source_multilabel,0.1.0,DeLTA,clip,DeLTA_SM417_2,DeLTA_SM417_2,dev,,0.1.0,datasets/DeLTA/data/clips.csv,8e2385d36d6cb36afe2d8264300fd38c885ba0e222ab1f85ad2efe27eb599bd0
mosaiq-benchmark-v0.1-candidate-20260716,mosaiq-benchmark,0.1.0-dev,delta_source_multilabel,0.1.0,DeLTA,clip,DeLTA_TS513_1,DeLTA_TS513_1,train,,0.1.0,datasets/DeLTA/data/clips.csv,b6f9ae35c470a031d37ca03b43de81b893d03632f2cac565702e531c5045558a
mosaiq-benchmark-v0.1-candidate-20260716,mosaiq-benchmark,0.1.0-dev,delta_source_multilabel,0.1.0,DeLTA,clip,DeLTA_Pl203_1,DeLTA_Pl203_1,train,,0.1.0,datasets/DeLTA/data/clips.csv,b0e2c41e0a7c279c44e6d181e22d9cfa0732db26e6628869c6e9f4bf684f7e74
mosaiq-benchmark-v0.1-candidate-20260716,mosaiq-benchmark,0.1.0-dev,delta_source_multilabel,0.1.0,DeLTA,clip,DeLTA_Rp138_1,DeLTA_Rp138_1,train,,0.1.0,datasets/DeLTA/data/clips.csv,90eb5114a1156a358ede630bca830d5abcb9868b57aad67ef646a818a839bac5
mosaiq-benchmark-v0.1-candidate-20260716,mosaiq-benchmark,0.1.0-dev,delta_source_multilabel,0.1.0,DeLTA,clip,DeLTA_Mc106_1,DeLTA_Mc106_1,train,,0.1.0,datasets/DeLTA/data/clips.csv,77bf959317546bb846137f7b6d8139015ef92b4e8f3fab2ae3fcbf7830c7a621
mosaiq-benchmark-v0.1-candidate-20260716,mosaiq-benchmark,0.1.0-dev,delta_source_multilabel,0.1.0,DeLTA,clip,DeLTA_NP106_1,DeLTA_NP106_1,train,,0.1.0,datasets/DeLTA/data/clips.csv,100f02cc6c468dafb091f1856e8748f3164c0ef4ada2b7c7732b4d774c204dc7
mosaiq-benchmark-v0.1-candidate-20260716,mosaiq-benchmark,0.1.0-dev,delta_source_multilabel,0.1.0,DeLTA,clip,DeLTA_Rs110_2,DeLTA_Rs110_2,train,,0.1.0,datasets/DeLTA/data/clips.csv,908db6d19f51e0f84812e5026a27330aeb1361704b878af9c4d5891f568ff324
mosaiq-benchmark-v0.1-candidate-20260716,mosaiq-benchmark,0.1.0-dev,delta_source_multilabel,0.1.0,DeLTA,clip,DeLTA_tm212_2,DeLTA_tm212_2,train,,0.1.0,datasets/DeLTA/data/clips.csv,3ea8169ae59a1ea1a3cc04f5db53f95e9a084abc7fb1fdcd03b89cf392a23009
mosaiq-benchmark-v0.1-candidate-20260716,mosaiq-benchmark,0.1.0-dev,delta_source_multilabel,0.1.0,DeLTA,clip,DeLTA_Rs113_2,DeLTA_Rs113_2,dev,,0.1.0,datasets/DeLTA/data/clips.csv,70dc43d41b370e47380da7fa3ca84c1951a57ddffdbe4c48006305df44885513
mosaiq-benchmark-v0.1-candidate-20260716,mosaiq-benchmark,0.1.0-dev,delta_source_multilabel,0.1.0,DeLTA,clip,DeLTA_Rf122_1,DeLTA_Rf122_1,dev,,0.1.0,datasets/DeLTA/data/clips.csv,03846ecaef8a32888a6311ff464dd7c970361bb9d6a5abd39b798fcc3c2b68a3
mosaiq-benchmark-v0.1-candidate-20260716,mosaiq-benchmark,0.1.0-dev,delta_source_multilabel,0.1.0,DeLTA,clip,DeLTA_tm217_1,DeLTA_tm217_1,train,,0.1.0,datasets/DeLTA/data/clips.csv,f7ec988875b1faa9ce3834c3d224b3e6cddb10ccd3bda70a4f143b3a94005af6
mosaiq-benchmark-v0.1-candidate-20260716,mosaiq-benchmark,0.1.0-dev,delta_source_multilabel,0.1.0,DeLTA,clip,DeLTA_Rf137_1,DeLTA_Rf137_1,dev,,0.1.0,datasets/DeLTA/data/clips.csv,d53815c626260d334585b359a568d172353edab167c1656441633ee5d0feadc7
mosaiq-benchmark-v0.1-candidate-20260716,mosaiq-benchmark,0.1.0-dev,delta_source_multilabel,0.1.0,DeLTA,clip,DeLTA_tm107_2,DeLTA_tm107_2,train,,0.1.0,datasets/DeLTA/data/clips.csv,5c44591075ac8568306ef6c28321c57f7a5ba852bfc0de6188dffab6666c8a75
mosaiq-benchmark-v0.1-candidate-20260716,mosaiq-benchmark,0.1.0-dev,delta_source_multilabel,0.1.0,DeLTA,clip,DeLTA_TM426_2,DeLTA_TM426_2,dev,,0.1.0,datasets/DeLTA/data/clips.csv,2787538960fe7d02a3261129094cc7bb62e2c533af16f24166e99facbdd9d3d3
mosaiq-benchmark-v0.1-candidate-20260716,mosaiq-benchmark,0.1.0-dev,delta_source_multilabel,0.1.0,DeLTA,clip,DeLTA_Mc311_2,DeLTA_Mc311_2,train,,0.1.0,datasets/DeLTA/data/clips.csv,fca6466391aeb6927189b3fbf6283c191cb0ef50c8b720691f04e606c5b6fe34
mosaiq-benchmark-v0.1-candidate-20260716,mosaiq-benchmark,0.1.0-dev,delta_source_multilabel,0.1.0,DeLTA,clip,DeLTA_CT320_2,DeLTA_CT320_2,train,,0.1.0,datasets/DeLTA/data/clips.csv,fe51f85193ad2fd484405274677152f6272e29488bd31e5279e4af4f2700d1d8
mosaiq-benchmark-v0.1-candidate-20260716,mosaiq-benchmark,0.1.0-dev,delta_source_multilabel,0.1.0,DeLTA,clip,DeLTA_Rs105_1,DeLTA_Rs105_1,train,,0.1.0,datasets/DeLTA/data/clips.csv,d7fecf51d4a1374e30904441b96b158fcc096b57bb81681190106028496c7a20
mosaiq-benchmark-v0.1-candidate-20260716,mosaiq-benchmark,0.1.0-dev,delta_source_multilabel,0.1.0,DeLTA,clip,DeLTA_PL411_2,DeLTA_PL411_2,train,,0.1.0,datasets/DeLTA/data/clips.csv,c85eb1bae809099c250501d8f73c30f215c053e1107c93e230eca56788fcc4c7
mosaiq-benchmark-v0.1-candidate-20260716,mosaiq-benchmark,0.1.0-dev,delta_source_multilabel,0.1.0,DeLTA,clip,DeLTA_tm321_1,DeLTA_tm321_1,train,,0.1.0,datasets/DeLTA/data/clips.csv,70829c9d100af0063642b0f1ef17b27622a184a065926cdb72f3269696e30410
mosaiq-benchmark-v0.1-candidate-20260716,mosaiq-benchmark,0.1.0-dev,delta_source_multilabel,0.1.0,DeLTA,clip,DeLTA_RP332_1,DeLTA_RP332_1,train,,0.1.0,datasets/DeLTA/data/clips.csv,33d28c7a529a1dd46e9f788102a7c02856eaa3160dd05fd3c1f781a3d91d96ac
mosaiq-benchmark-v0.1-candidate-20260716,mosaiq-benchmark,0.1.0-dev,delta_source_multilabel,0.1.0,DeLTA,clip,DeLTA_sc117_2,DeLTA_sc117_2,train,,0.1.0,datasets/DeLTA/data/clips.csv,4ffd8bc6783051af9db724a6ccefa592d3acd2e20f5a32dfeaf18b41cc9dfc94
mosaiq-benchmark-v0.1-candidate-20260716,mosaiq-benchmark,0.1.0-dev,delta_source_multilabel,0.1.0,DeLTA,clip,DeLTA_MG311_1,DeLTA_MG311_1,train,,0.1.0,datasets/DeLTA/data/clips.csv,4f49b8351f7566726aa83279f2ad8c8bed26229469ab22d9fe902a9fe7a0a3f0
mosaiq-benchmark-v0.1-candidate-20260716,mosaiq-benchmark,0.1.0-dev,delta_source_multilabel,0.1.0,DeLTA,clip,DeLTA_TM413_1,DeLTA_TM413_1,train,,0.1.0,datasets/DeLTA/data/clips.csv,4a87b84ea2f99bfa3e50c65f870d836b85990d1cc5788bef7012d9c66baa6fe1
mosaiq-benchmark-v0.1-candidate-20260716,mosaiq-benchmark,0.1.0-dev,delta_source_multilabel,0.1.0,DeLTA,clip,DeLTA_m14_2,DeLTA_m14_2,train,,0.1.0,datasets/DeLTA/data/clips.csv,be16d348acaad958a9661903dcfe3317fc9c2fc1ae6ce3258baca22e14d909be
mosaiq-benchmark-v0.1-candidate-20260716,mosaiq-benchmark,0.1.0-dev,delta_source_multilabel,0.1.0,DeLTA,clip,DeLTA_Ts423_2,DeLTA_Ts423_2,dev,,0.1.0,datasets/DeLTA/data/clips.csv,96d026c3e53df0b0be0ec6adf5603aa3bcb2f04859174defd36d61c5c4d0a5d1
mosaiq-benchmark-v0.1-candidate-20260716,mosaiq-benchmark,0.1.0-dev,delta_source_multilabel,0.1.0,DeLTA,clip,DeLTA_CT202_1,DeLTA_CT202_1,train,,0.1.0,datasets/DeLTA/data/clips.csv,259bb133acc2ce86ce0ffe6607ac3f8bef80f410d89fb5b05ad308a955eace39
mosaiq-benchmark-v0.1-candidate-20260716,mosaiq-benchmark,0.1.0-dev,delta_source_multilabel,0.1.0,DeLTA,clip,DeLTA_Mc305_2,DeLTA_Mc305_2,train,,0.1.0,datasets/DeLTA/data/clips.csv,c2ee6e19555e93f27bc1429f3c29e2464477347df0a6c93e45b1f0de71045480
mosaiq-benchmark-v0.1-candidate-20260716,mosaiq-benchmark,0.1.0-dev,delta_source_multilabel,0.1.0,DeLTA,clip,DeLTA_RF309_2,DeLTA_RF309_2,train,,0.1.0,datasets/DeLTA/data/clips.csv,499f90c3448677a95b564954db06ab843b66a8f2f6df4c0ea4499e3728f0c8d0
mosaiq-benchmark-v0.1-candidate-20260716,mosaiq-benchmark,0.1.0-dev,delta_source_multilabel,0.1.0,DeLTA,clip,DeLTA_SR230_2,DeLTA_SR230_2,train,,0.1.0,datasets/DeLTA/data/clips.csv,ca2386beb7dfb4d1d2c4ac316e7e0041f137ed8dde6fef4ff1ec7bf3ab7d2d7f
mosaiq-benchmark-v0.1-candidate-20260716,mosaiq-benchmark,0.1.0-dev,delta_source_multilabel,0.1.0,DeLTA,clip,DeLTA_Mc109_2,DeLTA_Mc109_2,test,,0.1.0,datasets/DeLTA/data/clips.csv,a57707f128ecda7c63c83055b81643dd9c370d996616c62691c9cd85b29ea115
mosaiq-benchmark-v0.1-candidate-20260716,mosaiq-benchmark,0.1.0-dev,delta_source_multilabel,0.1.0,DeLTA,clip,DeLTA_RS422_1,DeLTA_RS422_1,train,,0.1.0,datasets/DeLTA/data/clips.csv,93998e3ec2fec6cefaea4fa217d8e5b17d5f34799916b863e3ec8c51447df031
mosaiq-benchmark-v0.1-candidate-20260716,mosaiq-benchmark,0.1.0-dev,delta_source_multilabel,0.1.0,DeLTA,clip,DeLTA_MC538_1,DeLTA_MC538_1,train,,0.1.0,datasets/DeLTA/data/clips.csv,118283e0c5a734c67fe4f828ea002477fea7bee634f45220c28ef40d6a40d840
mosaiq-benchmark-v0.1-candidate-20260716,mosaiq-benchmark,0.1.0-dev,delta_source_multilabel,0.1.0,DeLTA,clip,DeLTA_TS524_2,DeLTA_TS524_2,train,,0.1.0,datasets/DeLTA/data/clips.csv,c8ddf59b38ac1e9584edbf1096f378caf1f2b807e94ceb54fd732d68dc3db934
mosaiq-benchmark-v0.1-candidate-20260716,mosaiq-benchmark,0.1.0-dev,delta_source_multilabel,0.1.0,DeLTA,clip,DeLTA_NP112_1,DeLTA_NP112_1,train,,0.1.0,datasets/DeLTA/data/clips.csv,de2c9445a3e09514a1a9a172031719ea61ecf02ab63e69d5db51063ee231211b
mosaiq-benchmark-v0.1-candidate-20260716,mosaiq-benchmark,0.1.0-dev,delta_source_multilabel,0.1.0,DeLTA,clip,DeLTA_ts224_1,DeLTA_ts224_1,train,,0.1.0,datasets/DeLTA/data/clips.csv,9f6c666262bb13040b09fbf400f159aad2bd02a2322337e200c7c84f1f0802ee
mosaiq-benchmark-v0.1-candidate-20260716,mosaiq-benchmark,0.1.0-dev,delta_source_multilabel,0.1.0,DeLTA,clip,DeLTA_SR225_2,DeLTA_SR225_2,train,,0.1.0,datasets/DeLTA/data/clips.csv,d0a552b053112146a9cbb79be053e92643192a2d4c37832cb091fe262f56df00
mosaiq-benchmark-v0.1-candidate-20260716,mosaiq-benchmark,0.1.0-dev,delta_source_multilabel,0.1.0,DeLTA,clip,DeLTA_Rf132_1,DeLTA_Rf132_1,train,,0.1.0,datasets/DeLTA/data/clips.csv,a90438a1182f5fb93402b2c0a2e36f3acd34c5f97943d7c2aba6abc066375b63
mosaiq-benchmark-v0.1-candidate-20260716,mosaiq-benchmark,0.1.0-dev,delta_source_multilabel,0.1.0,DeLTA,clip,DeLTA_Rp135_3,DeLTA_Rp135_3,train,,0.1.0,datasets/DeLTA/data/clips.csv,e2bf3470b944389c04e40d4bcf56ce559eac622557aeddb7f2674772ae14378a
mosaiq-benchmark-v0.1-candidate-20260716,mosaiq-benchmark,0.1.0-dev,delta_source_multilabel,0.1.0,DeLTA,clip,DeLTA_NP106_2,DeLTA_NP106_2,test,,0.1.0,datasets/DeLTA/data/clips.csv,a371ba4f82e2a192c41164241eb6a24b7645ec7738f4edc418f4f8cb74e2a9f0
mosaiq-benchmark-v0.1-candidate-20260716,mosaiq-benchmark,0.1.0-dev,delta_source_multilabel,0.1.0,DeLTA,clip,DeLTA_ET421_2,DeLTA_ET421_2,train,,0.1.0,datasets/DeLTA/data/clips.csv,d6407efd3bab06dc82f72084d8c5fd5b2df8bbd71f6de7ec59e7330a7340c72a
mosaiq-benchmark-v0.1-candidate-20260716,mosaiq-benchmark,0.1.0-dev,delta_source_multilabel,0.1.0,DeLTA,clip,DeLTA_MG119_1,DeLTA_MG119_1,train,,0.1.0,datasets/DeLTA/data/clips.csv,b34935caa3e67e374f6f270defef7c9876d5942709638b98460f5c1fdc4b9e38
mosaiq-benchmark-v0.1-candidate-20260716,mosaiq-benchmark,0.1.0-dev,delta_source_multilabel,0.1.0,DeLTA,clip,DeLTA_sc134_2,DeLTA_sc134_2,train,,0.1.0,datasets/DeLTA/data/clips.csv,cb180f1f5ee36c0886fc04905ab7130705772744c3e41354d851a2382ba50f37
mosaiq-benchmark-v0.1-candidate-20260716,mosaiq-benchmark,0.1.0-dev,delta_source_multilabel,0.1.0,DeLTA,clip,DeLTA_RP331_1,DeLTA_RP331_1,test,,0.1.0,datasets/DeLTA/data/clips.csv,74e670205a4262c2176436198465c36bc14f9ac6e46e50c2a8b8e6c32828f2e0
mosaiq-benchmark-v0.1-candidate-20260716,mosaiq-benchmark,0.1.0-dev,delta_source_multilabel,0.1.0,DeLTA,clip,DeLTA_MC524_2,DeLTA_MC524_2,train,,0.1.0,datasets/DeLTA/data/clips.csv,68373a63252dd3d39788662c20f3f91755565484ae9dcbfa0cfd0731714c9bbf
mosaiq-benchmark-v0.1-candidate-20260716,mosaiq-benchmark,0.1.0-dev,delta_source_multilabel,0.1.0,DeLTA,clip,DeLTA_RP318_2,DeLTA_RP318_2,test,,0.1.0,datasets/DeLTA/data/clips.csv,d670c7c9fdfdff967bd0f9e17be686e0bd07617321fc48b6ba6bf8aa01f4ebdb
mosaiq-benchmark-v0.1-candidate-20260716,mosaiq-benchmark,0.1.0-dev,delta_source_multilabel,0.1.0,DeLTA,clip,DeLTA_MG209_2,DeLTA_MG209_2,dev,,0.1.0,datasets/DeLTA/data/clips.csv,afd69b111d224dca52e60967d9868da2c19bfd65dd6c80f8c1fcdadbeccc6ff8
mosaiq-benchmark-v0.1-candidate-20260716,mosaiq-benchmark,0.1.0-dev,delta_source_multilabel,0.1.0,DeLTA,clip,DeLTA_CT525_1,DeLTA_CT525_1,train,,0.1.0,datasets/DeLTA/data/clips.csv,7bacf66a3490bc79726dd51c06cdfe2ef4daec2bfcb18183db44a6700772c3b3
mosaiq-benchmark-v0.1-candidate-20260716,mosaiq-benchmark,0.1.0-dev,delta_source_multilabel,0.1.0,DeLTA,clip,DeLTA_Rp224_1,DeLTA_Rp224_1,train,,0.1.0,datasets/DeLTA/data/clips.csv,bc825959d254b06ff3c6c09ef75d499c11e8c3c18dba3b7254cc365a717cbd4c
mosaiq-benchmark-v0.1-candidate-20260716,mosaiq-benchmark,0.1.0-dev,delta_source_multilabel,0.1.0,DeLTA,clip,DeLTA_Rf219_2,DeLTA_Rf219_2,test,,0.1.0,datasets/DeLTA/data/clips.csv,31d0209e153d2947726009b7f0f43cd289f27d0aa2911f601c7c995ff969ded9
mosaiq-benchmark-v0.1-candidate-20260716,mosaiq-benchmark,0.1.0-dev,delta_source_multilabel,0.1.0,DeLTA,clip,DeLTA_TM404_1,DeLTA_TM404_1,test,,0.1.0,datasets/DeLTA/data/clips.csv,dacfdd31a8d062f46fdd2a4477651975b39bcf5899be7e7d05da9c312de64d8a
mosaiq-benchmark-v0.1-candidate-20260716,mosaiq-benchmark,0.1.0-dev,delta_source_multilabel,0.1.0,DeLTA,clip,DeLTA_Rp124_1,DeLTA_Rp124_1,train,,0.1.0,datasets/DeLTA/data/clips.csv,f85b3cc5080f8dd3d311afd52dcb83cbc397077efd88dc8339cde458904d2de5
mosaiq-benchmark-v0.1-candidate-20260716,mosaiq-benchmark,0.1.0-dev,delta_source_multilabel,0.1.0,DeLTA,clip,DeLTA_CT542_1,DeLTA_CT542_1,test,,0.1.0,datasets/DeLTA/data/clips.csv,7741d91d602ad939da6869a0e4ee3d359c8d0285271e53a83cec039192c6b3f5
mosaiq-benchmark-v0.1-candidate-20260716,mosaiq-benchmark,0.1.0-dev,delta_source_multilabel,0.1.0,DeLTA,clip,DeLTA_MG203_1,DeLTA_MG203_1,test,,0.1.0,datasets/DeLTA/data/clips.csv,b7ffd45c6293e8b8c7ffb8261b4e909ea07f2e698725a4e6344e4218a8dba493
mosaiq-benchmark-v0.1-candidate-20260716,mosaiq-benchmark,0.1.0-dev,delta_source_multilabel,0.1.0,DeLTA,clip,DeLTA_TS535_2,DeLTA_TS535_2,train,,0.1.0,datasets/DeLTA/data/clips.csv,311e458ef350cba95e77440806802c98efbbee7f0841999d1681a1c1faedd7ce
mosaiq-benchmark-v0.1-candidate-20260716,mosaiq-benchmark,0.1.0-dev,delta_source_multilabel,0.1.0,DeLTA,clip,DeLTA_ET435_2,DeLTA_ET435_2,test,,0.1.0,datasets/DeLTA/data/clips.csv,0de9b5d279e30e6b837faf1e100833bb4c06b165e570e83e0a6afb0e41528201
mosaiq-benchmark-v0.1-candidate-20260716,mosaiq-benchmark,0.1.0-dev,delta_source_multilabel,0.1.0,DeLTA,clip,DeLTA_PL107_4,DeLTA_PL107_4,train,,0.1.0,datasets/DeLTA/data/clips.csv,4db463fef8c576cca4acaa30ea02d42c056b235e1d8dfafc512a787851b798f5
mosaiq-benchmark-v0.1-candidate-20260716,mosaiq-benchmark,0.1.0-dev,delta_source_multilabel,0.1.0,DeLTA,clip,DeLTA_CT203_1,DeLTA_CT203_1,train,,0.1.0,datasets/DeLTA/data/clips.csv,fb466ffc1d598eeb555f837df69b6964eb66c119af62d0d27211147d086a4e02
mosaiq-benchmark-v0.1-candidate-20260716,mosaiq-benchmark,0.1.0-dev,delta_source_multilabel,0.1.0,DeLTA,clip,DeLTA_SC210_2,DeLTA_SC210_2,test,,0.1.0,datasets/DeLTA/data/clips.csv,5e8aee6e9f351da4fed59e42fb61424f1f877af2b32c4918c5582364ef87bd59
mosaiq-benchmark-v0.1-candidate-20260716,mosaiq-benchmark,0.1.0-dev,delta_source_multilabel,0.1.0,DeLTA,clip,DeLTA_SM510_2,DeLTA_SM510_2,dev,,0.1.0,datasets/DeLTA/data/clips.csv,d5ca2cb10b42e421b5f1c142b62e7e79e8ac2e52ba629ea575ef188478d4be4f
mosaiq-benchmark-v0.1-candidate-20260716,mosaiq-benchmark,0.1.0-dev,delta_source_multilabel,0.1.0,DeLTA,clip,DeLTA_SM416_2,DeLTA_SM416_2,train,,0.1.0,datasets/DeLTA/data/clips.csv,efa1daa94c383304913daaff450f4fc19a08ccafb7a32a49589eb95e50e89bf6
mosaiq-benchmark-v0.1-candidate-20260716,mosaiq-benchmark,0.1.0-dev,delta_source_multilabel,0.1.0,DeLTA,clip,DeLTA_TM438_1,DeLTA_TM438_1,test,,0.1.0,datasets/DeLTA/data/clips.csv,69cf8c385f456f889674bd802a9ca270e24172027e9c744dda710360dc859a9a
mosaiq-benchmark-v0.1-candidate-20260716,mosaiq-benchmark,0.1.0-dev,delta_source_multilabel,0.1.0,DeLTA,clip,DeLTA_MC539_1,DeLTA_MC539_1,test,,0.1.0,datasets/DeLTA/data/clips.csv,93a10aeec9d67ede9f84b649672f429bd21d5528bef89e65cb4e1e389324461a
mosaiq-benchmark-v0.1-candidate-20260716,mosaiq-benchmark,0.1.0-dev,delta_source_multilabel,0.1.0,DeLTA,clip,DeLTA_RF314_1,DeLTA_RF314_1,test,,0.1.0,datasets/DeLTA/data/clips.csv,298a0ff466d788062ea62e562d242a0a61881d18b6f6244384088195c67d78c0
mosaiq-benchmark-v0.1-candidate-20260716,mosaiq-benchmark,0.1.0-dev,delta_source_multilabel,0.1.0,DeLTA,clip,DeLTA_MG212_2,DeLTA_MG212_2,dev,,0.1.0,datasets/DeLTA/data/clips.csv,530493871b25897a4078ecdb57a061ab33e53cafc8153b88ad3c5a7dcb70c5c1
mosaiq-benchmark-v0.1-candidate-20260716,mosaiq-benchmark,0.1.0-dev,delta_source_multilabel,0.1.0,DeLTA,clip,DeLTA_ts304_2,DeLTA_ts304_2,test,,0.1.0,datasets/DeLTA/data/clips.csv,68665db7881fc95dd92d3b8d49a2df054befc300e5c6ab1c4b36dd89be90173b
mosaiq-benchmark-v0.1-candidate-20260716,mosaiq-benchmark,0.1.0-dev,delta_source_multilabel,0.1.0,DeLTA,clip,DeLTA_PL202_2,DeLTA_PL202_2,train,,0.1.0,datasets/DeLTA/data/clips.csv,8620e640426b73b8e208f96683533876df6159f72118596ebe8f5955ce2c02df
mosaiq-benchmark-v0.1-candidate-20260716,mosaiq-benchmark,0.1.0-dev,delta_source_multilabel,0.1.0,DeLTA,clip,DeLTA_PL327_2,DeLTA_PL327_2,train,,0.1.0,datasets/DeLTA/data/clips.csv,362422014d49df891a773bd3589fda33f56f34132fc8e0e8cf921673e1d3d91a
mosaiq-benchmark-v0.1-candidate-20260716,mosaiq-benchmark,0.1.0-dev,delta_source_multilabel,0.1.0,DeLTA,clip,DeLTA_TM437_1,DeLTA_TM437_1,train,,0.1.0,datasets/DeLTA/data/clips.csv,68d4f43940760a184c972687e3d7fcf925378b1998a47c3eb130e7a33dc29d46
mosaiq-benchmark-v0.1-candidate-20260716,mosaiq-benchmark,0.1.0-dev,delta_source_multilabel,0.1.0,DeLTA,clip,DeLTA_ET221_2,DeLTA_ET221_2,train,,0.1.0,datasets/DeLTA/data/clips.csv,dfd4f356f5f9f8b655dcacc89c4e8a8239e846175b9255993b519a9d37d401f7
mosaiq-benchmark-v0.1-candidate-20260716,mosaiq-benchmark,0.1.0-dev,delta_source_multilabel,0.1.0,DeLTA,clip,DeLTA_Mc207_1,DeLTA_Mc207_1,dev,,0.1.0,datasets/DeLTA/data/clips.csv,a0c6fee6303807c3a9fd60ddb9fffe323a6000e894417abec156d543798f9965
mosaiq-benchmark-v0.1-candidate-20260716,mosaiq-benchmark,0.1.0-dev,delta_source_multilabel,0.1.0,DeLTA,clip,DeLTA_Mc127_3,DeLTA_Mc127_3,train,,0.1.0,datasets/DeLTA/data/clips.csv,83ca0550d1bf6eee99b4b9d4ae52d1a3d00b5e02b8f7a2a3ce90fe4a51162e45
mosaiq-benchmark-v0.1-candidate-20260716,mosaiq-benchmark,0.1.0-dev,delta_source_multilabel,0.1.0,DeLTA,clip,DeLTA_PL430_2,DeLTA_PL430_2,train,,0.1.0,datasets/DeLTA/data/clips.csv,f52f5e7f652e47a6214be03461de14db301e60645b24af8ffd6a04d1788de217
mosaiq-benchmark-v0.1-candidate-20260716,mosaiq-benchmark,0.1.0-dev,delta_source_multilabel,0.1.0,DeLTA,clip,DeLTA_SR233_2,DeLTA_SR233_2,test,,0.1.0,datasets/DeLTA/data/clips.csv,3a30310427a3cce434574164bbf448aff4b4d4d82c759452f1e7cfe18fd998e4
mosaiq-benchmark-v0.1-candidate-20260716,mosaiq-benchmark,0.1.0-dev,delta_source_multilabel,0.1.0,DeLTA,clip,DeLTA_PL409_2,DeLTA_PL409_2,train,,0.1.0,datasets/DeLTA/data/clips.csv,0f9d454433528f134a9dfd8f13d296b005aba87fe4ee9b5559970e8df0566bdf
mosaiq-benchmark-v0.1-candidate-20260716,mosaiq-benchmark,0.1.0-dev,delta_source_multilabel,0.1.0,DeLTA,clip,DeLTA_SM408_1,DeLTA_SM408_1,train,,0.1.0,datasets/DeLTA/data/clips.csv,c0e515713fd2f9ad8a629a4cba097cddc550d03d74c645547054131ada7c3db1
mosaiq-benchmark-v0.1-candidate-20260716,mosaiq-benchmark,0.1.0-dev,delta_source_multilabel,0.1.0,DeLTA,clip,DeLTA_SR237_2,DeLTA_SR237_2,train,,0.1.0,datasets/DeLTA/data/clips.csv,a8e7c6c2dfcc79cc2cb2f22db012b29a3af6a266bb5c77e1d417d839e550636a
mosaiq-benchmark-v0.1-candidate-20260716,mosaiq-benchmark,0.1.0-dev,delta_source_multilabel,0.1.0,DeLTA,clip,DeLTA_ML213_2,DeLTA_ML213_2,train,,0.1.0,datasets/DeLTA/data/clips.csv,7a2ce780a3d922dcc56d69ad87005bc5361bac09caa0705cd1358b3c80f63c62
mosaiq-benchmark-v0.1-candidate-20260716,mosaiq-benchmark,0.1.0-dev,delta_source_multilabel,0.1.0,DeLTA,clip,DeLTA_SC206_1,DeLTA_SC206_1,test,,0.1.0,datasets/DeLTA/data/clips.csv,98e6772afe12ae14899ec0081425c381e93adcabb87b00d871146b6c24d87877
mosaiq-benchmark-v0.1-candidate-20260716,mosaiq-benchmark,0.1.0-dev,delta_source_multilabel,0.1.0,DeLTA,clip,DeLTA_sr145_2,DeLTA_sr145_2,test,,0.1.0,datasets/DeLTA/data/clips.csv,985d957963b862cf8c3718f4cc8e8b97ff5a6bac6dc4800dc2e5d14314760c34
mosaiq-benchmark-v0.1-candidate-20260716,mosaiq-benchmark,0.1.0-dev,delta_source_multilabel,0.1.0,DeLTA,clip,DeLTA_Pl224_1,DeLTA_Pl224_1,train,,0.1.0,datasets/DeLTA/data/clips.csv,53238e7434dc96850ed75a8b45b60100aaefa7b41dbc719fdc11b653666a1cc6
mosaiq-benchmark-v0.1-candidate-20260716,mosaiq-benchmark,0.1.0-dev,delta_source_multilabel,0.1.0,DeLTA,clip,DeLTA_PL315_1,DeLTA_PL315_1,dev,,0.1.0,datasets/DeLTA/data/clips.csv,3801efd4b7bdfe7dc466c6de7cb2cbe14e065cc4e934afde4d82de10ec207518
mosaiq-benchmark-v0.1-candidate-20260716,mosaiq-benchmark,0.1.0-dev,delta_source_multilabel,0.1.0,DeLTA,clip,DeLTA_PL409_1,DeLTA_PL409_1,train,,0.1.0,datasets/DeLTA/data/clips.csv,51b0474f1f37bd2e78e7e478a53bcfdd8cc486ebc26caab91ac13728fbebe57b
mosaiq-benchmark-v0.1-candidate-20260716,mosaiq-benchmark,0.1.0-dev,delta_source_multilabel,0.1.0,DeLTA,clip,DeLTA_ET206_1,DeLTA_ET206_1,dev,,0.1.0,datasets/DeLTA/data/clips.csv,4ec3cb823d255d7028339e4820fa7b8b4412083fbae3219e42de55487b03aa93
mosaiq-benchmark-v0.1-candidate-20260716,mosaiq-benchmark,0.1.0-dev,delta_source_multilabel,0.1.0,DeLTA,clip,DeLTA_SM308_1,DeLTA_SM308_1,train,,0.1.0,datasets/DeLTA/data/clips.csv,27d1c1d84291390dbc4886d353d61f1b44b92b2cf03b121c5e0167460287d8ae
mosaiq-benchmark-v0.1-candidate-20260716,mosaiq-benchmark,0.1.0-dev,delta_source_multilabel,0.1.0,DeLTA,clip,DeLTA_2cv26_1,DeLTA_2cv26_1,train,,0.1.0,datasets/DeLTA/data/clips.csv,ae2c30256a6ff67e2a3876230a518c0a83efa588fb8f322c29ae0a17ee8a1da5
mosaiq-benchmark-v0.1-candidate-20260716,mosaiq-benchmark,0.1.0-dev,delta_source_multilabel,0.1.0,DeLTA,clip,DeLTA_CT318_1,DeLTA_CT318_1,train,,0.1.0,datasets/DeLTA/data/clips.csv,39e1f9cb1fe7427d1726d9a0ecc3c3af79abad15b3e7d936d124b94067d64562
mosaiq-benchmark-v0.1-candidate-20260716,mosaiq-benchmark,0.1.0-dev,delta_source_multilabel,0.1.0,DeLTA,clip,DeLTA_SM314_1,DeLTA_SM314_1,train,,0.1.0,datasets/DeLTA/data/clips.csv,6c67ddd7561865d5c7a2359a7312551b1a050d065dafb4190d524bb5db74654a
mosaiq-benchmark-v0.1-candidate-20260716,mosaiq-benchmark,0.1.0-dev,delta_source_multilabel,0.1.0,DeLTA,clip,DeLTA_MG208_1,DeLTA_MG208_1,test,,0.1.0,datasets/DeLTA/data/clips.csv,11b082e0bf19eb804b153657050e4761a01e01c3ee4353ae00b9bac525e5363d
mosaiq-benchmark-v0.1-candidate-20260716,mosaiq-benchmark,0.1.0-dev,delta_source_multilabel,0.1.0,DeLTA,clip,DeLTA_MC541_2,DeLTA_MC541_2,train,,0.1.0,datasets/DeLTA/data/clips.csv,ffd54b6ec8a430abd6402794ece527374e43611856a2d7321ec4bc43cbd36bfa
mosaiq-benchmark-v0.1-candidate-20260716,mosaiq-benchmark,0.1.0-dev,delta_source_multilabel,0.1.0,DeLTA,clip,DeLTA_Rs109_2,DeLTA_Rs109_2,train,,0.1.0,datasets/DeLTA/data/clips.csv,d928a1b933f82be2cdd71163cc20b5e111ddcc34a05b4fe1e50a6c50a2ab2c55
mosaiq-benchmark-v0.1-candidate-20260716,mosaiq-benchmark,0.1.0-dev,delta_source_multilabel,0.1.0,DeLTA,clip,DeLTA_m28_2,DeLTA_m28_2,test,,0.1.0,datasets/DeLTA/data/clips.csv,377bdc9121c2b9cee38adc615e12561e0f61d6d1cec3faa921206af75c90cb0b
mosaiq-benchmark-v0.1-candidate-20260716,mosaiq-benchmark,0.1.0-dev,delta_source_multilabel,0.1.0,DeLTA,clip,DeLTA_CT509_1,DeLTA_CT509_1,train,,0.1.0,datasets/DeLTA/data/clips.csv,95546f045a8964eaca6a58ba7d02179e623c76ee885bebcb0b395b8e391019f1
mosaiq-benchmark-v0.1-candidate-20260716,mosaiq-benchmark,0.1.0-dev,delta_source_multilabel,0.1.0,DeLTA,clip,DeLTA_Mc319_1,DeLTA_Mc319_1,train,,0.1.0,datasets/DeLTA/data/clips.csv,d6577966606101676369e90f91a27a5ee8579fe762128f3a0a8d591b23c60355
mosaiq-benchmark-v0.1-candidate-20260716,mosaiq-benchmark,0.1.0-dev,delta_source_multilabel,0.1.0,DeLTA,clip,DeLTA_PL420_1,DeLTA_PL420_1,test,,0.1.0,datasets/DeLTA/data/clips.csv,62afe2559893bf2646e4c36904d1ac31ee4ac537e022061e22aa1d18c7a09396
mosaiq-benchmark-v0.1-candidate-20260716,mosaiq-benchmark,0.1.0-dev,delta_source_multilabel,0.1.0,DeLTA,clip,DeLTA_cv212_1,DeLTA_cv212_1,train,,0.1.0,datasets/DeLTA/data/clips.csv,3940401d3ca115b73cfcea64b66366a6a20269f17253718675ac2acc8ef5e29d
mosaiq-benchmark-v0.1-candidate-20260716,mosaiq-benchmark,0.1.0-dev,delta_source_multilabel,0.1.0,DeLTA,clip,DeLTA_Rs313_2,DeLTA_Rs313_2,train,,0.1.0,datasets/DeLTA/data/clips.csv,9900e16a1bffff78191e6b0e24670fd6afb3ca3b34f445443e2a0c0b83661397
mosaiq-benchmark-v0.1-candidate-20260716,mosaiq-benchmark,0.1.0-dev,delta_source_multilabel,0.1.0,DeLTA,clip,DeLTA_ET434_1,DeLTA_ET434_1,train,,0.1.0,datasets/DeLTA/data/clips.csv,70b65802d8c93832ea22c3dbafbffd14116f91d45272bf3b1abb44d171e4e3a8
mosaiq-benchmark-v0.1-candidate-20260716,mosaiq-benchmark,0.1.0-dev,delta_source_multilabel,0.1.0,DeLTA,clip,DeLTA_sc119_2,DeLTA_sc119_2,train,,0.1.0,datasets/DeLTA/data/clips.csv,c9085e4f14833a2e34eb7e642e3b5c2dbe85dee41aa5d1b4d2a8666b2622b690
mosaiq-benchmark-v0.1-candidate-20260716,mosaiq-benchmark,0.1.0-dev,delta_source_multilabel,0.1.0,DeLTA,clip,DeLTA_Rp218_1,DeLTA_Rp218_1,train,,0.1.0,datasets/DeLTA/data/clips.csv,4cd61b153dc09b14a5b4c49ee4cff8e372f234be2f09fb7731118632d32efe84
mosaiq-benchmark-v0.1-candidate-20260716,mosaiq-benchmark,0.1.0-dev,delta_source_multilabel,0.1.0,DeLTA,clip,DeLTA_bib5_1,DeLTA_bib5_1,test,,0.1.0,datasets/DeLTA/data/clips.csv,9d451f49cccf0ed2754af5dc86acde314e22a92fc6a760bb49706d9b5b424cc9
mosaiq-benchmark-v0.1-candidate-20260716,mosaiq-benchmark,0.1.0-dev,delta_source_multilabel,0.1.0,DeLTA,clip,DeLTA_MG308_1,DeLTA_MG308_1,train,,0.1.0,datasets/DeLTA/data/clips.csv,6e5f6531c18dc63c4d507c8e2f4c588fda292cb5836b3cefb2e6c1bd9d73b19a
mosaiq-benchmark-v0.1-candidate-20260716,mosaiq-benchmark,0.1.0-dev,delta_source_multilabel,0.1.0,DeLTA,clip,DeLTA_TS508_4,DeLTA_TS508_4,train,,0.1.0,datasets/DeLTA/data/clips.csv,05062421092297044c4645dd7ae74efbe7a9e7462b5ace39583b174016b9189b
mosaiq-benchmark-v0.1-candidate-20260716,mosaiq-benchmark,0.1.0-dev,delta_source_multilabel,0.1.0,DeLTA,clip,DeLTA_CT103_1,DeLTA_CT103_1,train,,0.1.0,datasets/DeLTA/data/clips.csv,3e34d8e7e6f02bfb6e2c125598193176c06b9bb0a303bb01c0eab60e16b024ab
mosaiq-benchmark-v0.1-candidate-20260716,mosaiq-benchmark,0.1.0-dev,delta_source_multilabel,0.1.0,DeLTA,clip,DeLTA_SM417_1,DeLTA_SM417_1,dev,,0.1.0,datasets/DeLTA/data/clips.csv,de1cc60f4a2ca27ac9698c056079d5f63795aa7794cdfa90ac4046f1baf545dc
mosaiq-benchmark-v0.1-candidate-20260716,mosaiq-benchmark,0.1.0-dev,delta_source_multilabel,0.1.0,DeLTA,clip,DeLTA_Rs120_2,DeLTA_Rs120_2,dev,,0.1.0,datasets/DeLTA/data/clips.csv,21627e5d659492210b81ae7f1336422ca85a8b79877618aaf810561e441cdbd6
mosaiq-benchmark-v0.1-candidate-20260716,mosaiq-benchmark,0.1.0-dev,delta_source_multilabel,0.1.0,DeLTA,clip,DeLTA_tm111_1,DeLTA_tm111_1,train,,0.1.0,datasets/DeLTA/data/clips.csv,f85ffb4438b78da21e187a928311c7c90ca342ef2228700c39a5f463a9a00951
mosaiq-benchmark-v0.1-candidate-20260716,mosaiq-benchmark,0.1.0-dev,delta_source_multilabel,0.1.0,DeLTA,clip,DeLTA_PL333_1,DeLTA_PL333_1,train,,0.1.0,datasets/DeLTA/data/clips.csv,b96b712d65dea2a341b74df75badd3782e7eedb2887d007e35fb9196e76ff4a5
mosaiq-benchmark-v0.1-candidate-20260716,mosaiq-benchmark,0.1.0-dev,delta_source_multilabel,0.1.0,DeLTA,clip,DeLTA_MC509_2,DeLTA_MC509_2,train,,0.1.0,datasets/DeLTA/data/clips.csv,4c4895dd363e8cefb92aa979b341c705d007b195e190133ce76c5b62e2b00b01
mosaiq-benchmark-v0.1-candidate-20260716,mosaiq-benchmark,0.1.0-dev,delta_source_multilabel,0.1.0,DeLTA,clip,DeLTA_PL309_2,DeLTA_PL309_2,test,,0.1.0,datasets/DeLTA/data/clips.csv,522acc0ea5862effa823ad85548bc217b648fd663aafd34eb8f5e0c22cfd4d9c
mosaiq-benchmark-v0.1-candidate-20260716,mosaiq-benchmark,0.1.0-dev,delta_source_multilabel,0.1.0,DeLTA,clip,DeLTA_sc114_2,DeLTA_sc114_2,test,,0.1.0,datasets/DeLTA/data/clips.csv,67137a2d5c31db21718ac2c6020a324c1394e0fcd62ddd37d49b50beb3797624
mosaiq-benchmark-v0.1-candidate-20260716,mosaiq-benchmark,0.1.0-dev,delta_source_multilabel,0.1.0,DeLTA,clip,DeLTA_CT201_1,DeLTA_CT201_1,train,,0.1.0,datasets/DeLTA/data/clips.csv,c6bd5f0477c8adce67ef1484da90881ba45744208e27bbe80229c36d00300563
mosaiq-benchmark-v0.1-candidate-20260716,mosaiq-benchmark,0.1.0-dev,delta_source_multilabel,0.1.0,DeLTA,clip,DeLTA_cv28_2,DeLTA_cv28_2,test,,0.1.0,datasets/DeLTA/data/clips.csv,d3525a5b4efb563f56286c66aaa73c52d65246909b982ea585fc1c3325de9cd8
mosaiq-benchmark-v0.1-candidate-20260716,mosaiq-benchmark,0.1.0-dev,delta_source_multilabel,0.1.0,DeLTA,clip,DeLTA_Mc103_4,DeLTA_Mc103_4,train,,0.1.0,datasets/DeLTA/data/clips.csv,2a5727be3e76138772c13f316a7e5854c7b270a6575d2c0845668d86062d3ffd
mosaiq-benchmark-v0.1-candidate-20260716,mosaiq-benchmark,0.1.0-dev,delta_source_multilabel,0.1.0,DeLTA,clip,DeLTA_tm309_1,DeLTA_tm309_1,train,,0.1.0,datasets/DeLTA/data/clips.csv,5bac20e48fa6306b2faa8b77babd14f9aa2500eec021d613e4152bd0ef1120c3
mosaiq-benchmark-v0.1-candidate-20260716,mosaiq-benchmark,0.1.0-dev,delta_source_multilabel,0.1.0,DeLTA,clip,DeLTA_PL306_2,DeLTA_PL306_2,train,,0.1.0,datasets/DeLTA/data/clips.csv,b2d6ddf30d0f8d36ecbe738fd83687c0a60ec04f49ee9c988c07446389b2637d
mosaiq-benchmark-v0.1-candidate-20260716,mosaiq-benchmark,0.1.0-dev,delta_source_multilabel,0.1.0,DeLTA,clip,DeLTA_MC507_1,DeLTA_MC507_1,train,,0.1.0,datasets/DeLTA/data/clips.csv,e6f9f986111dbbed5095dcc290e18070ccfe16653a47f36f59ba3db527251dad
mosaiq-benchmark-v0.1-candidate-20260716,mosaiq-benchmark,0.1.0-dev,delta_source_multilabel,0.1.0,DeLTA,clip,DeLTA_CT319_2,DeLTA_CT319_2,test,,0.1.0,datasets/DeLTA/data/clips.csv,65143e36b686862c818bc8d33ff334c9c32e1043fcf1ba683dfa80c27d91b397
mosaiq-benchmark-v0.1-candidate-20260716,mosaiq-benchmark,0.1.0-dev,delta_source_multilabel,0.1.0,DeLTA,clip,DeLTA_Rp122_2,DeLTA_Rp122_2,train,,0.1.0,datasets/DeLTA/data/clips.csv,f7cb7a1afab4f3007f243e21927c992c7f9977cfbf1922ad386fdae3f86ce88e
mosaiq-benchmark-v0.1-candidate-20260716,mosaiq-benchmark,0.1.0-dev,delta_source_multilabel,0.1.0,DeLTA,clip,DeLTA_ts305_2,DeLTA_ts305_2,train,,0.1.0,datasets/DeLTA/data/clips.csv,dcc3c8e7b8d75ba8438388575b8979a2fe1618a233d7c323199633325fde081b
mosaiq-benchmark-v0.1-candidate-20260716,mosaiq-benchmark,0.1.0-dev,delta_source_multilabel,0.1.0,DeLTA,clip,DeLTA_ts309_2,DeLTA_ts309_2,test,,0.1.0,datasets/DeLTA/data/clips.csv,6bdd1ff4dfa6d6fd699ba123d0b0685b69a66688790b0ad58cffbec76a78209e
mosaiq-benchmark-v0.1-candidate-20260716,mosaiq-benchmark,0.1.0-dev,delta_source_multilabel,0.1.0,DeLTA,clip,DeLTA_Rp105_1,DeLTA_Rp105_1,dev,,0.1.0,datasets/DeLTA/data/clips.csv,072a2777caa130a7bb40fdd9c26bf57d09c7ace2a5eea2d797fe0b387540abfc
mosaiq-benchmark-v0.1-candidate-20260716,mosaiq-benchmark,0.1.0-dev,delta_source_multilabel,0.1.0,DeLTA,clip,DeLTA_MC533_2,DeLTA_MC533_2,train,,0.1.0,datasets/DeLTA/data/clips.csv,a9b2adf740aba1732aae612ae634bfd016a029338b7182e661ed17a15f7f5572
mosaiq-benchmark-v0.1-candidate-20260716,mosaiq-benchmark,0.1.0-dev,delta_source_multilabel,0.1.0,DeLTA,clip,DeLTA_ET219_2,DeLTA_ET219_2,train,,0.1.0,datasets/DeLTA/data/clips.csv,6448610f8b557da390b70d908038bb72ee7a0466d8b3e3c28360a2b4a31d4d71
mosaiq-benchmark-v0.1-candidate-20260716,mosaiq-benchmark,0.1.0-dev,delta_source_multilabel,0.1.0,DeLTA,clip,DeLTA_SC211_2,DeLTA_SC211_2,train,,0.1.0,datasets/DeLTA/data/clips.csv,f5ff113c349ed7907fda2163d853f1340d9df570ee0ca9160b66b59966923d92
mosaiq-benchmark-v0.1-candidate-20260716,mosaiq-benchmark,0.1.0-dev,delta_source_multilabel,0.1.0,DeLTA,clip,DeLTA_ts322_2,DeLTA_ts322_2,dev,,0.1.0,datasets/DeLTA/data/clips.csv,18e32a219348e3755580e41a2762f91e1ffefe16025b4f73ac54b7a2a39acc96
mosaiq-benchmark-v0.1-candidate-20260716,mosaiq-benchmark,0.1.0-dev,delta_source_multilabel,0.1.0,DeLTA,clip,DeLTA_tm123_2,DeLTA_tm123_2,test,,0.1.0,datasets/DeLTA/data/clips.csv,9b759c1d14426c05d7b1994286ada650ff2adaa1ef07d8a5be1780cd2f0069ba
mosaiq-benchmark-v0.1-candidate-20260716,mosaiq-benchmark,0.1.0-dev,delta_source_multilabel,0.1.0,DeLTA,clip,DeLTA_CT112_2,DeLTA_CT112_2,train,,0.1.0,datasets/DeLTA/data/clips.csv,edc449906c00b11d93a431631d41fd0b82a823459b0a96de2b6ebe1fb97224dd
mosaiq-benchmark-v0.1-candidate-20260716,mosaiq-benchmark,0.1.0-dev,delta_source_multilabel,0.1.0,DeLTA,clip,DeLTA_RP311_1,DeLTA_RP311_1,train,,0.1.0,datasets/DeLTA/data/clips.csv,31347e641b8a4b220b0c33efcf1ca60b01bec3b62545aae70e1ed4f1e8c48da6
mosaiq-benchmark-v0.1-candidate-20260716,mosaiq-benchmark,0.1.0-dev,delta_source_multilabel,0.1.0,DeLTA,clip,DeLTA_Rs222_2,DeLTA_Rs222_2,train,,0.1.0,datasets/DeLTA/data/clips.csv,f1310da45f431fb2f73e4750a11dcb169d83a1347afa2000b233a69a93f183ac
mosaiq-benchmark-v0.1-candidate-20260716,mosaiq-benchmark,0.1.0-dev,delta_source_multilabel,0.1.0,DeLTA,clip,DeLTA_2cv31_2,DeLTA_2cv31_2,train,,0.1.0,datasets/DeLTA/data/clips.csv,fa019770c8257a93c974a75b4a1bc56392aadca2d9f01451e98b50afd10fd6ac
mosaiq-benchmark-v0.1-candidate-20260716,mosaiq-benchmark,0.1.0-dev,delta_source_multilabel,0.1.0,DeLTA,clip,DeLTA_MC518_1,DeLTA_MC518_1,test,,0.1.0,datasets/DeLTA/data/clips.csv,be642fdc06f76e253ad7803cb37b9aeef659d3f7e7cbacc4690ee5219a96ed76
mosaiq-benchmark-v0.1-candidate-20260716,mosaiq-benchmark,0.1.0-dev,delta_source_multilabel,0.1.0,DeLTA,clip,DeLTA_NP136_2,DeLTA_NP136_2,train,,0.1.0,datasets/DeLTA/data/clips.csv,33ad1d23612601cf1e2b50ba4e3b8e9f7064f4ae29f9f0584bb42b4c0be5befc
mosaiq-benchmark-v0.1-candidate-20260716,mosaiq-benchmark,0.1.0-dev,delta_source_multilabel,0.1.0,DeLTA,clip,DeLTA_PL308_1,DeLTA_PL308_1,train,,0.1.0,datasets/DeLTA/data/clips.csv,edcda3ad85a928c83a38e8f94b1f056ce5a779747510427fc027e5d1f510d6ed
mosaiq-benchmark-v0.1-candidate-20260716,mosaiq-benchmark,0.1.0-dev,delta_source_multilabel,0.1.0,DeLTA,clip,DeLTA_ML103_1,DeLTA_ML103_1,test,,0.1.0,datasets/DeLTA/data/clips.csv,a5388fdef84d33f59fb8566bc45ba4ea9be14f3637094c9339df57eb698b65fa
mosaiq-benchmark-v0.1-candidate-20260716,mosaiq-benchmark,0.1.0-dev,delta_source_multilabel,0.1.0,DeLTA,clip,DeLTA_ET112_2,DeLTA_ET112_2,train,,0.1.0,datasets/DeLTA/data/clips.csv,ac7b0630d242f479366e593d971c6d39c1b1ae4a3321c304eb956bcd45f9733d
mosaiq-benchmark-v0.1-candidate-20260716,mosaiq-benchmark,0.1.0-dev,delta_source_multilabel,0.1.0,DeLTA,clip,DeLTA_m26_1,DeLTA_m26_1,train,,0.1.0,datasets/DeLTA/data/clips.csv,3d8647b0761ffe6629dad6d8f71ab92a9bd9be22f63ed5f9ef13b5146210d12c
mosaiq-benchmark-v0.1-candidate-20260716,mosaiq-benchmark,0.1.0-dev,delta_source_multilabel,0.1.0,DeLTA,clip,DeLTA_Ts418_2,DeLTA_Ts418_2,train,,0.1.0,datasets/DeLTA/data/clips.csv,0d1eaf11425d259cfbaece5b03290d0090f998a50c5cd3c312c9f87092fa7290
mosaiq-benchmark-v0.1-candidate-20260716,mosaiq-benchmark,0.1.0-dev,delta_source_multilabel,0.1.0,DeLTA,clip,DeLTA_TM432_2,DeLTA_TM432_2,train,,0.1.0,datasets/DeLTA/data/clips.csv,8ebdba7fb6b07519c230e85b346e3ee110a4ce0d9df0d3180c6c38774f040e4f
mosaiq-benchmark-v0.1-candidate-20260716,mosaiq-benchmark,0.1.0-dev,delta_source_multilabel,0.1.0,DeLTA,clip,DeLTA_Rf133_2,DeLTA_Rf133_2,train,,0.1.0,datasets/DeLTA/data/clips.csv,2998eb2a0895431e8b491bad7f40420cc2b9f4ac85d56ddfe6edec30afa0638c
mosaiq-benchmark-v0.1-candidate-20260716,mosaiq-benchmark,0.1.0-dev,delta_source_multilabel,0.1.0,DeLTA,clip,DeLTA_2cv14_1,DeLTA_2cv14_1,train,,0.1.0,datasets/DeLTA/data/clips.csv,ccd57ac63f5aa1d4544baf492026012833bec12a49a2808640c832379e50d848
mosaiq-benchmark-v0.1-candidate-20260716,mosaiq-benchmark,0.1.0-dev,delta_source_multilabel,0.1.0,DeLTA,clip,DeLTA_PL437_2,DeLTA_PL437_2,train,,0.1.0,datasets/DeLTA/data/clips.csv,5b553349415124a072b338924cb324376016d0eda9bc174659b690a829985edd
mosaiq-benchmark-v0.1-candidate-20260716,mosaiq-benchmark,0.1.0-dev,delta_source_multilabel,0.1.0,DeLTA,clip,DeLTA_ML212_2,DeLTA_ML212_2,dev,,0.1.0,datasets/DeLTA/data/clips.csv,d7782ee119a42e99d6bee43ab121b175a4ad02e759965323fcb5eb1e2057005a
mosaiq-benchmark-v0.1-candidate-20260716,mosaiq-benchmark,0.1.0-dev,delta_source_multilabel,0.1.0,DeLTA,clip,DeLTA_TS501_1,DeLTA_TS501_1,train,,0.1.0,datasets/DeLTA/data/clips.csv,90c21858d716bd4c37f08db39b45398fb40ba1473a467d3e54ab7eed647c26d8
mosaiq-benchmark-v0.1-candidate-20260716,mosaiq-benchmark,0.1.0-dev,delta_source_multilabel,0.1.0,DeLTA,clip,DeLTA_Pl221_1,DeLTA_Pl221_1,train,,0.1.0,datasets/DeLTA/data/clips.csv,b7467129b2f895fd78c33dde76b02b0a4cf586f8ee4623e86c6666cea04e4ad0
mosaiq-benchmark-v0.1-candidate-20260716,mosaiq-benchmark,0.1.0-dev,delta_source_multilabel,0.1.0,DeLTA,clip,DeLTA_Rf106_2,DeLTA_Rf106_2,train,,0.1.0,datasets/DeLTA/data/clips.csv,2f3fff73bd9c66d7bc3e732106c33088d9256ea350cc7bb8d4821ace77bbac8b
mosaiq-benchmark-v0.1-candidate-20260716,mosaiq-benchmark,0.1.0-dev,delta_source_multilabel,0.1.0,DeLTA,clip,DeLTA_PL337_1,DeLTA_PL337_1,train,,0.1.0,datasets/DeLTA/data/clips.csv,196ab6907319c6d483e915f4cbaff3f0f738fda274e14b83e6a3744cea993243
mosaiq-benchmark-v0.1-candidate-20260716,mosaiq-benchmark,0.1.0-dev,delta_source_multilabel,0.1.0,DeLTA,clip,DeLTA_Rs205_1,DeLTA_Rs205_1,dev,,0.1.0,datasets/DeLTA/data/clips.csv,9fb7018b6bf8451db64e3ac2156d7acb6f14bae5f77868475acc64570818615b
mosaiq-benchmark-v0.1-candidate-20260716,mosaiq-benchmark,0.1.0-dev,delta_source_multilabel,0.1.0,DeLTA,clip,DeLTA_Mc115_2,DeLTA_Mc115_2,train,,0.1.0,datasets/DeLTA/data/clips.csv,046c2ba44cbd907edac774456e57990b2f57339ee0373d4db4baaa2925d047dd
mosaiq-benchmark-v0.1-candidate-20260716,mosaiq-benchmark,0.1.0-dev,delta_source_multilabel,0.1.0,DeLTA,clip,DeLTA_Rp130_1,DeLTA_Rp130_1,dev,,0.1.0,datasets/DeLTA/data/clips.csv,53c5a392f6cd6f868d9ab161264acf762649e3b277ee27d20e62c5746b2b643b
mosaiq-benchmark-v0.1-candidate-20260716,mosaiq-benchmark,0.1.0-dev,delta_source_multilabel,0.1.0,DeLTA,clip,DeLTA_PL310_2,DeLTA_PL310_2,train,,0.1.0,datasets/DeLTA/data/clips.csv,87a69be112f6c5fdffa1bfce8a21382e0f8aa81919848878d5f891b9d102a9f2
mosaiq-benchmark-v0.1-candidate-20260716,mosaiq-benchmark,0.1.0-dev,delta_source_multilabel,0.1.0,DeLTA,clip,DeLTA_CT121_1,DeLTA_CT121_1,train,,0.1.0,datasets/DeLTA/data/clips.csv,81f6b230bc3fb5a2967dd6f1af6d188b4cde8f4f5bfc9d621feaadbb39f320e5
mosaiq-benchmark-v0.1-candidate-20260716,mosaiq-benchmark,0.1.0-dev,delta_source_multilabel,0.1.0,DeLTA,clip,DeLTA_MC531_1,DeLTA_MC531_1,train,,0.1.0,datasets/DeLTA/data/clips.csv,552d0ef5e5ccc3579083445ad215a00a230e32921f97668a7e598fdd84507158
mosaiq-benchmark-v0.1-candidate-20260716,mosaiq-benchmark,0.1.0-dev,delta_source_multilabel,0.1.0,DeLTA,clip,DeLTA_tm328_2,DeLTA_tm328_2,train,,0.1.0,datasets/DeLTA/data/clips.csv,179e0c7b5cc138a3fdbb6626815340121839f955768868126f94604319429695
mosaiq-benchmark-v0.1-candidate-20260716,mosaiq-benchmark,0.1.0-dev,delta_source_multilabel,0.1.0,DeLTA,clip,DeLTA_ET112_1,DeLTA_ET112_1,train,,0.1.0,datasets/DeLTA/data/clips.csv,97d220c1200478bf11bcc6510b85b623b5bbe110ce860a647bbe86dd5ac84018
mosaiq-benchmark-v0.1-candidate-20260716,mosaiq-benchmark,0.1.0-dev,delta_source_multilabel,0.1.0,DeLTA,clip,DeLTA_Rs123_2,DeLTA_Rs123_2,train,,0.1.0,datasets/DeLTA/data/clips.csv,9915c9f7d673abd59c3a1819bff03b2c34a32eeb722073f90d8da8334de1e168
mosaiq-benchmark-v0.1-candidate-20260716,mosaiq-benchmark,0.1.0-dev,delta_source_multilabel,0.1.0,DeLTA,clip,DeLTA_sr120_1,DeLTA_sr120_1,train,,0.1.0,datasets/DeLTA/data/clips.csv,aa633e707ba44cdaf0e9f6b12561969a5c3f53dd0028f170814fd53abd6f23e0
mosaiq-benchmark-v0.1-candidate-20260716,mosaiq-benchmark,0.1.0-dev,delta_source_multilabel,0.1.0,DeLTA,clip,DeLTA_PL428_1,DeLTA_PL428_1,test,,0.1.0,datasets/DeLTA/data/clips.csv,9867f365b4ec32335a85de686e4effc32af5149c4880cc00eb2235e453e417f8
mosaiq-benchmark-v0.1-candidate-20260716,mosaiq-benchmark,0.1.0-dev,delta_source_multilabel,0.1.0,DeLTA,clip,DeLTA_Rf128_1,DeLTA_Rf128_1,train,,0.1.0,datasets/DeLTA/data/clips.csv,15d2e39d1fa0afe0bc84deb94da4ff043e41df289e992bad0a72c6e05f8f7d73
mosaiq-benchmark-v0.1-candidate-20260716,mosaiq-benchmark,0.1.0-dev,delta_source_multilabel,0.1.0,DeLTA,clip,DeLTA_PL434_1,DeLTA_PL434_1,dev,,0.1.0,datasets/DeLTA/data/clips.csv,02e53471f4fdcb8fdc99d1940d18036ffb171dd70238f76f41ca7348ae8d7356
mosaiq-benchmark-v0.1-candidate-20260716,mosaiq-benchmark,0.1.0-dev,delta_source_multilabel,0.1.0,DeLTA,clip,DeLTA_MG106_1,DeLTA_MG106_1,train,,0.1.0,datasets/DeLTA/data/clips.csv,325cb01f740592032ea6f0ea03f4f1acd8ed1f31e501574b137684bcfd0381af
mosaiq-benchmark-v0.1-candidate-20260716,mosaiq-benchmark,0.1.0-dev,delta_source_multilabel,0.1.0,DeLTA,clip,DeLTA_bib1_1,DeLTA_bib1_1,dev,,0.1.0,datasets/DeLTA/data/clips.csv,13f060552c33bd8b7f78e708dbecfa3b8da0202d1433a6a35bd8d99709cc789e
mosaiq-benchmark-v0.1-candidate-20260716,mosaiq-benchmark,0.1.0-dev,delta_source_multilabel,0.1.0,DeLTA,clip,DeLTA_Rf139_1,DeLTA_Rf139_1,train,,0.1.0,datasets/DeLTA/data/clips.csv,5507d5e05ceec0b2968138895349ecd26ee8470a08529d8dd445b53c7dc2fb92
mosaiq-benchmark-v0.1-candidate-20260716,mosaiq-benchmark,0.1.0-dev,delta_source_multilabel,0.1.0,DeLTA,clip,DeLTA_ET305_1,DeLTA_ET305_1,train,,0.1.0,datasets/DeLTA/data/clips.csv,dba25d3998075d1f8ab5e0b399fd7ac0e5107f8c93a666069d30d069d115cecc
mosaiq-benchmark-v0.1-candidate-20260716,mosaiq-benchmark,0.1.0-dev,delta_source_multilabel,0.1.0,DeLTA,clip,DeLTA_ts229_1,DeLTA_ts229_1,dev,,0.1.0,datasets/DeLTA/data/clips.csv,bd7874b275e05436c55759636f1e907cbc7758c094ccdfff90d0075bee0d92cf
mosaiq-benchmark-v0.1-candidate-20260716,mosaiq-benchmark,0.1.0-dev,delta_source_multilabel,0.1.0,DeLTA,clip,DeLTA_Rs328_2,DeLTA_Rs328_2,train,,0.1.0,datasets/DeLTA/data/clips.csv,e4e66ae1db1f66378f6a4103ad86e0c5802bb349bfc58543d14bf40a5c021ebd
mosaiq-benchmark-v0.1-candidate-20260716,mosaiq-benchmark,0.1.0-dev,delta_source_multilabel,0.1.0,DeLTA,clip,DeLTA_CT328_2,DeLTA_CT328_2,test,,0.1.0,datasets/DeLTA/data/clips.csv,b79e44328792cc3191c1f2a881d45d091a5bb5eda619f8d3ab689d36374a96f4
mosaiq-benchmark-v0.1-candidate-20260716,mosaiq-benchmark,0.1.0-dev,delta_source_multilabel,0.1.0,DeLTA,clip,DeLTA_PL340_1,DeLTA_PL340_1,train,,0.1.0,datasets/DeLTA/data/clips.csv,c7b7dd77cd3777007910dcf14c35923cf6f3e7e3de6b24df84d4c9eda75fc573
mosaiq-benchmark-v0.1-candidate-20260716,mosaiq-benchmark,0.1.0-dev,delta_source_multilabel,0.1.0,DeLTA,clip,DeLTA_ET416_1,DeLTA_ET416_1,train,,0.1.0,datasets/DeLTA/data/clips.csv,51e28329006b19fc66f58e58615d09582fe5859c3ef2628759b2bc7eb593c82f
mosaiq-benchmark-v0.1-candidate-20260716,mosaiq-benchmark,0.1.0-dev,delta_source_multilabel,0.1.0,DeLTA,clip,DeLTA_Rf204_2,DeLTA_Rf204_2,train,,0.1.0,datasets/DeLTA/data/clips.csv,7379bb401dbcb29fc29d9fe6b4b6a6512978f2750f9df5f33c97702af2370fd6
mosaiq-benchmark-v0.1-candidate-20260716,mosaiq-benchmark,0.1.0-dev,delta_source_multilabel,0.1.0,DeLTA,clip,DeLTA_ET216_1,DeLTA_ET216_1,train,,0.1.0,datasets/DeLTA/data/clips.csv,af045a76bd7faa7cd8a5d6cdfa406e2e2f1163b969a69b71b67ef3aec3f6480d
mosaiq-benchmark-v0.1-candidate-20260716,mosaiq-benchmark,0.1.0-dev,delta_source_multilabel,0.1.0,DeLTA,clip,DeLTA_Rs110_1,DeLTA_Rs110_1,train,,0.1.0,datasets/DeLTA/data/clips.csv,8769ac4ebfdf448002f0c912fed83f5085b6fb59134d8ed85b60853e3f8987c1
mosaiq-benchmark-v0.1-candidate-20260716,mosaiq-benchmark,0.1.0-dev,delta_source_multilabel,0.1.0,DeLTA,clip,DeLTA_ts316_1,DeLTA_ts316_1,train,,0.1.0,datasets/DeLTA/data/clips.csv,0620aa375d98add348f83666183e1f8aff6e6179ca26ed3893e3f94ac871767a
mosaiq-benchmark-v0.1-candidate-20260716,mosaiq-benchmark,0.1.0-dev,delta_source_multilabel,0.1.0,DeLTA,clip,DeLTA_tm201_1,DeLTA_tm201_1,dev,,0.1.0,datasets/DeLTA/data/clips.csv,81ea67cc316a3cf4450aa843e72b2704bd3d0d55d3f84c929d0c5c7abc29a35c
mosaiq-benchmark-v0.1-candidate-20260716,mosaiq-benchmark,0.1.0-dev,delta_source_multilabel,0.1.0,DeLTA,clip,DeLTA_SR230_1,DeLTA_SR230_1,test,,0.1.0,datasets/DeLTA/data/clips.csv,4ed5c4feea283f9879c19ef7cba1975b24fd4acfa6a5b16f9f80b11a4385e6ae
mosaiq-benchmark-v0.1-candidate-20260716,mosaiq-benchmark,0.1.0-dev,delta_source_multilabel,0.1.0,DeLTA,clip,DeLTA_cv23_1,DeLTA_cv23_1,train,,0.1.0,datasets/DeLTA/data/clips.csv,8bfa136a593eb0f973477b0f0637b6df52819238844c3b6ae9474955b6782bdd
mosaiq-benchmark-v0.1-candidate-20260716,mosaiq-benchmark,0.1.0-dev,delta_source_multilabel,0.1.0,DeLTA,clip,DeLTA_Rs312_1,DeLTA_Rs312_1,test,,0.1.0,datasets/DeLTA/data/clips.csv,d81377a6a9881927f8e680e20e37cf6180c877d9cc571e83676c906461aa89b7
mosaiq-benchmark-v0.1-candidate-20260716,mosaiq-benchmark,0.1.0-dev,delta_source_multilabel,0.1.0,DeLTA,clip,DeLTA_ts207_1,DeLTA_ts207_1,train,,0.1.0,datasets/DeLTA/data/clips.csv,97d2f38484dc21d410af4c91c868756611be3dc0318cba236cb1974c4381d6c8
mosaiq-benchmark-v0.1-candidate-20260716,mosaiq-benchmark,0.1.0-dev,delta_source_multilabel,0.1.0,DeLTA,clip,DeLTA_Ts418_3,DeLTA_Ts418_3,train,,0.1.0,datasets/DeLTA/data/clips.csv,dd9029f3dd688cde7bc8bfaf984c1c3c905cdd51f5a5ed928d3a001058e54fdb
mosaiq-benchmark-v0.1-candidate-20260716,mosaiq-benchmark,0.1.0-dev,delta_source_multilabel,0.1.0,DeLTA,clip,DeLTA_Pl109_2,DeLTA_Pl109_2,train,,0.1.0,datasets/DeLTA/data/clips.csv,64c1ff09fb297c595203270ceeb0b90879ac2c1ec8ca9134294ab5fa7f63ef11
mosaiq-benchmark-v0.1-candidate-20260716,mosaiq-benchmark,0.1.0-dev,delta_source_multilabel,0.1.0,DeLTA,clip,DeLTA_sc136_1,DeLTA_sc136_1,train,,0.1.0,datasets/DeLTA/data/clips.csv,bc2ad716778d1740cc075efd1fa59aad360f89bc86a57b06dd41dac94817fe54
mosaiq-benchmark-v0.1-candidate-20260716,mosaiq-benchmark,0.1.0-dev,delta_source_multilabel,0.1.0,DeLTA,clip,DeLTA_ET416_2,DeLTA_ET416_2,test,,0.1.0,datasets/DeLTA/data/clips.csv,a70ef2efcb08dabc00de52f897c94d974b4a3601388613b3369c6b67d8786dbc
mosaiq-benchmark-v0.1-candidate-20260716,mosaiq-benchmark,0.1.0-dev,delta_source_multilabel,0.1.0,DeLTA,clip,DeLTA_SR211_2,DeLTA_SR211_2,train,,0.1.0,datasets/DeLTA/data/clips.csv,538fe5a7557254dfe734ee5598b31c081082f2627453b32720276540d58c08ab
mosaiq-benchmark-v0.1-candidate-20260716,mosaiq-benchmark,0.1.0-dev,delta_source_multilabel,0.1.0,DeLTA,clip,DeLTA_MG305_2,DeLTA_MG305_2,dev,,0.1.0,datasets/DeLTA/data/clips.csv,01269756cc5f578df540f23bce34c4c981da4e1b3f264831e8c2e58a7bddb6ad
mosaiq-benchmark-v0.1-candidate-20260716,mosaiq-benchmark,0.1.0-dev,delta_source_multilabel,0.1.0,DeLTA,clip,DeLTA_ML208_4,DeLTA_ML208_4,train,,0.1.0,datasets/DeLTA/data/clips.csv,7cd6328aded45664b571f0297d6e9092f71a22a1054b16dbbc107c8a012e8f2a
mosaiq-benchmark-v0.1-candidate-20260716,mosaiq-benchmark,0.1.0-dev,delta_source_multilabel,0.1.0,DeLTA,clip,DeLTA_TS502_1,DeLTA_TS502_1,train,,0.1.0,datasets/DeLTA/data/clips.csv,86543823db6bd238de70ab05379fc829fdb3989804e87cc3bbba1f40bdf00ae5
mosaiq-benchmark-v0.1-candidate-20260716,mosaiq-benchmark,0.1.0-dev,delta_source_multilabel,0.1.0,DeLTA,clip,DeLTA_NP120_2,DeLTA_NP120_2,train,,0.1.0,datasets/DeLTA/data/clips.csv,6bb868e13e4e414dfad86b3ada420c0d7591ce0dbbbf71942b21ab6e947c3ef8
mosaiq-benchmark-v0.1-candidate-20260716,mosaiq-benchmark,0.1.0-dev,delta_source_multilabel,0.1.0,DeLTA,clip,DeLTA_PL304_1,DeLTA_PL304_1,train,,0.1.0,datasets/DeLTA/data/clips.csv,d5883553848203b03b8c369c0f65d3ca9537d1012aa7faabc2613215eccc7149
mosaiq-benchmark-v0.1-candidate-20260716,mosaiq-benchmark,0.1.0-dev,delta_source_multilabel,0.1.0,DeLTA,clip,DeLTA_RF301_4,DeLTA_RF301_4,test,,0.1.0,datasets/DeLTA/data/clips.csv,912b219f5bd02240f77de341bfba543500a57694b0dde7d3864c0e37edaf40ca
mosaiq-benchmark-v0.1-candidate-20260716,mosaiq-benchmark,0.1.0-dev,delta_source_multilabel,0.1.0,DeLTA,clip,DeLTA_NP101_2,DeLTA_NP101_2,train,,0.1.0,datasets/DeLTA/data/clips.csv,d1281aaba431d3aa8348e1a9c68f9f7681981f97bb2795440b5d3928fa3381b6
mosaiq-benchmark-v0.1-candidate-20260716,mosaiq-benchmark,0.1.0-dev,delta_source_multilabel,0.1.0,DeLTA,clip,DeLTA_bib13_1,DeLTA_bib13_1,train,,0.1.0,datasets/DeLTA/data/clips.csv,5fe9e5a50844416f825d330640a8d01a2250d2038eb1e98c8d3d375c585a5763
mosaiq-benchmark-v0.1-candidate-20260716,mosaiq-benchmark,0.1.0-dev,delta_source_multilabel,0.1.0,DeLTA,clip,DeLTA_PL424_1,DeLTA_PL424_1,train,,0.1.0,datasets/DeLTA/data/clips.csv,57fd314c852e5c75922473dc239468a30dfd264d173e75b3208de151fed1f59f
mosaiq-benchmark-v0.1-candidate-20260716,mosaiq-benchmark,0.1.0-dev,delta_source_multilabel,0.1.0,DeLTA,clip,DeLTA_CT324_2,DeLTA_CT324_2,test,,0.1.0,datasets/DeLTA/data/clips.csv,97071e874187d1e32bc1818b5945baf08c6c9ad9efbd4f50afe3a4feb09727d9
mosaiq-benchmark-v0.1-candidate-20260716,mosaiq-benchmark,0.1.0-dev,delta_source_multilabel,0.1.0,DeLTA,clip,DeLTA_Rp203_2,DeLTA_Rp203_2,train,,0.1.0,datasets/DeLTA/data/clips.csv,a9c664cc3ef73057ebf52c2f568081fc648b3069374c6a316b49b143e417c2e4
mosaiq-benchmark-v0.1-candidate-20260716,mosaiq-benchmark,0.1.0-dev,delta_source_multilabel,0.1.0,DeLTA,clip,DeLTA_MG207_2,DeLTA_MG207_2,test,,0.1.0,datasets/DeLTA/data/clips.csv,2b4f0a373b2694222ca9e9bc2b0f4b934cd624ef97830bad0a34596502ed0cc1
mosaiq-benchmark-v0.1-candidate-20260716,mosaiq-benchmark,0.1.0-dev,delta_source_multilabel,0.1.0,DeLTA,clip,DeLTA_RF302_1,DeLTA_RF302_1,test,,0.1.0,datasets/DeLTA/data/clips.csv,90b743fbb65fec54b0527f6bc7c4bed0f65f963568fd4c8de46f1c3695f1a7aa
mosaiq-benchmark-v0.1-candidate-20260716,mosaiq-benchmark,0.1.0-dev,delta_source_multilabel,0.1.0,DeLTA,clip,DeLTA_MC527_1,DeLTA_MC527_1,train,,0.1.0,datasets/DeLTA/data/clips.csv,df7b6bd912e0a9e0aa4bd086c51ac6faec4fb99ef06a3f3982dbdfa07fdafc20
mosaiq-benchmark-v0.1-candidate-20260716,mosaiq-benchmark,0.1.0-dev,delta_source_multilabel,0.1.0,DeLTA,clip,DeLTA_SC209_1,DeLTA_SC209_1,train,,0.1.0,datasets/DeLTA/data/clips.csv,8cd47fa59cdc4f32f2e7e269d2753b80baf2364abf974a8bfe170e7cdcc21db6
mosaiq-benchmark-v0.1-candidate-20260716,mosaiq-benchmark,0.1.0-dev,delta_source_multilabel,0.1.0,DeLTA,clip,DeLTA_CT537_2,DeLTA_CT537_2,train,,0.1.0,datasets/DeLTA/data/clips.csv,a7a3cea35221bd48cab84f0d58f92bbf887f779c37803539259ca7f768e54eda
mosaiq-benchmark-v0.1-candidate-20260716,mosaiq-benchmark,0.1.0-dev,delta_source_multilabel,0.1.0,DeLTA,clip,DeLTA_RF304_3,DeLTA_RF304_3,train,,0.1.0,datasets/DeLTA/data/clips.csv,b69431f653d497c1a0e67796a66a718502822cd6234a5c047ebc63f4a507ff45
mosaiq-benchmark-v0.1-candidate-20260716,mosaiq-benchmark,0.1.0-dev,delta_source_multilabel,0.1.0,DeLTA,clip,DeLTA_Rs204_1,DeLTA_Rs204_1,test,,0.1.0,datasets/DeLTA/data/clips.csv,bbaea375b3298fafb8bfd25411716b7d7bdbbe383881dff6fc1b559acf6e854e
mosaiq-benchmark-v0.1-candidate-20260716,mosaiq-benchmark,0.1.0-dev,delta_source_multilabel,0.1.0,DeLTA,clip,DeLTA_RF328_1,DeLTA_RF328_1,test,,0.1.0,datasets/DeLTA/data/clips.csv,b3153c68a3121fd430b7f9dbf69b829ce93bf962b39753a669894e4b07e28ed3
mosaiq-benchmark-v0.1-candidate-20260716,mosaiq-benchmark,0.1.0-dev,delta_source_multilabel,0.1.0,DeLTA,clip,DeLTA_sr139_1,DeLTA_sr139_1,train,,0.1.0,datasets/DeLTA/data/clips.csv,747d3177715a7bd9fbe59941141e9867b668b18086909b77647b00db6f1374c5
mosaiq-benchmark-v0.1-candidate-20260716,mosaiq-benchmark,0.1.0-dev,delta_source_multilabel,0.1.0,DeLTA,clip,DeLTA_RF312_1,DeLTA_RF312_1,train,,0.1.0,datasets/DeLTA/data/clips.csv,b12477dd940ac2d4b307f5b17258257987621aabf80336f88b5f6e12e88ab92e
mosaiq-benchmark-v0.1-candidate-20260716,mosaiq-benchmark,0.1.0-dev,delta_source_multilabel,0.1.0,DeLTA,clip,DeLTA_cv38_1,DeLTA_cv38_1,test,,0.1.0,datasets/DeLTA/data/clips.csv,652cfc122e31679d05088d48834ca817a43c59f3640b2765cb99c8dc8e088bb4
mosaiq-benchmark-v0.1-candidate-20260716,mosaiq-benchmark,0.1.0-dev,delta_source_multilabel,0.1.0,DeLTA,clip,DeLTA_NP131_1,DeLTA_NP131_1,train,,0.1.0,datasets/DeLTA/data/clips.csv,18c04c3ae591553c3e1570836f2902a889a4e1e9411f03b603be1f45c477263b
mosaiq-benchmark-v0.1-candidate-20260716,mosaiq-benchmark,0.1.0-dev,delta_source_multilabel,0.1.0,DeLTA,clip,DeLTA_NP143_1,DeLTA_NP143_1,dev,,0.1.0,datasets/DeLTA/data/clips.csv,9a0cd18ba98b43dd9e59a33a1457619ac43cb661fcb47d2a5af82bc8ece5f986
mosaiq-benchmark-v0.1-candidate-20260716,mosaiq-benchmark,0.1.0-dev,delta_source_multilabel,0.1.0,DeLTA,clip,DeLTA_cv214_1,DeLTA_cv214_1,train,,0.1.0,datasets/DeLTA/data/clips.csv,7cc2daa53f9d9cc909707800f0e2598c29879795ea1e663043cbc82266cac78f
mosaiq-benchmark-v0.1-candidate-20260716,mosaiq-benchmark,0.1.0-dev,delta_source_multilabel,0.1.0,DeLTA,clip,DeLTA_tm326_1,DeLTA_tm326_1,train,,0.1.0,datasets/DeLTA/data/clips.csv,4d69cd0aff75359640ef233f92ffaca0c5b6bd7f42c2e81e3787ec446dc32d07
mosaiq-benchmark-v0.1-candidate-20260716,mosaiq-benchmark,0.1.0-dev,delta_source_multilabel,0.1.0,DeLTA,clip,DeLTA_Ts401_1,DeLTA_Ts401_1,train,,0.1.0,datasets/DeLTA/data/clips.csv,bfc940f86ea3429f38a6dd6f8bc2d97497752ab906f3bf7e4f932a59268e91c5
mosaiq-benchmark-v0.1-candidate-20260716,mosaiq-benchmark,0.1.0-dev,delta_source_multilabel,0.1.0,DeLTA,clip,DeLTA_Rf136_1,DeLTA_Rf136_1,dev,,0.1.0,datasets/DeLTA/data/clips.csv,4d8f099cb344885a161d07217736c5c969f4d28fd42b74106578a8b4397b87af
mosaiq-benchmark-v0.1-candidate-20260716,mosaiq-benchmark,0.1.0-dev,delta_source_multilabel,0.1.0,DeLTA,clip,DeLTA_TM442_1,DeLTA_TM442_1,train,,0.1.0,datasets/DeLTA/data/clips.csv,93004b19eac0ef1745efb39012aaaeabe970df21b4dfa1baa762e0f96fcbe6c5
mosaiq-benchmark-v0.1-candidate-20260716,mosaiq-benchmark,0.1.0-dev,delta_source_multilabel,0.1.0,DeLTA,clip,DeLTA_RS435_1,DeLTA_RS435_1,train,,0.1.0,datasets/DeLTA/data/clips.csv,254197e39fd5d12385251b95da89d8721dd3d56a086d5be51ae08a16c8cc8a5d
mosaiq-benchmark-v0.1-candidate-20260716,mosaiq-benchmark,0.1.0-dev,delta_source_multilabel,0.1.0,DeLTA,clip,DeLTA_sr125_1,DeLTA_sr125_1,test,,0.1.0,datasets/DeLTA/data/clips.csv,235063fc2cc1bf10e18d5fdfa2f9fd1da41bb360045ba25a807b70630c8678ae
mosaiq-benchmark-v0.1-candidate-20260716,mosaiq-benchmark,0.1.0-dev,delta_source_multilabel,0.1.0,DeLTA,clip,DeLTA_SR243_2,DeLTA_SR243_2,train,,0.1.0,datasets/DeLTA/data/clips.csv,9ab591bf81c718d92def6e8b0a75c4909a4ff4caa47ad1cf1415610f7c114c93
mosaiq-benchmark-v0.1-candidate-20260716,mosaiq-benchmark,0.1.0-dev,delta_source_multilabel,0.1.0,DeLTA,clip,DeLTA_ML212_3,DeLTA_ML212_3,train,,0.1.0,datasets/DeLTA/data/clips.csv,57c020808170bb9399b77ab9496aacb7bd48e3ad07215be9120c6f2e96e27aba
mosaiq-benchmark-v0.1-candidate-20260716,mosaiq-benchmark,0.1.0-dev,delta_source_multilabel,0.1.0,DeLTA,clip,DeLTA_Rf106_1,DeLTA_Rf106_1,train,,0.1.0,datasets/DeLTA/data/clips.csv,8d8c8c6e13404f92969e19530141a179a76fb290e33236bc3b36e2683fedd3ee
mosaiq-benchmark-v0.1-candidate-20260716,mosaiq-benchmark,0.1.0-dev,delta_source_multilabel,0.1.0,DeLTA,clip,DeLTA_SC226_1,DeLTA_SC226_1,train,,0.1.0,datasets/DeLTA/data/clips.csv,3e8a660e5f84753457f40601ff2215427c2d4e06f9ab5eda1bb77da259e043fd
mosaiq-benchmark-v0.1-candidate-20260716,mosaiq-benchmark,0.1.0-dev,delta_source_multilabel,0.1.0,DeLTA,clip,DeLTA_TS537_1,DeLTA_TS537_1,train,,0.1.0,datasets/DeLTA/data/clips.csv,58b89175f43dff7a0e11d67a44f712c974589e687b76bca031b1b658d7e6fa16
mosaiq-benchmark-v0.1-candidate-20260716,mosaiq-benchmark,0.1.0-dev,delta_source_multilabel,0.1.0,DeLTA,clip,DeLTA_NP131_2,DeLTA_NP131_2,test,,0.1.0,datasets/DeLTA/data/clips.csv,e68c61a4ebaab9e17d70a4beea7169c8ef626f83af8d16a77f05413643c9f9b6
mosaiq-benchmark-v0.1-candidate-20260716,mosaiq-benchmark,0.1.0-dev,delta_source_multilabel,0.1.0,DeLTA,clip,DeLTA_CT323_1,DeLTA_CT323_1,test,,0.1.0,datasets/DeLTA/data/clips.csv,bafd3b64f1f345964ea168a36e77fbc1915dc3875cdbbb347dde080cd8624998
mosaiq-benchmark-v0.1-candidate-20260716,mosaiq-benchmark,0.1.0-dev,delta_source_multilabel,0.1.0,DeLTA,clip,DeLTA_ET218_1,DeLTA_ET218_1,train,,0.1.0,datasets/DeLTA/data/clips.csv,c96b0b96bcc62157ba2e035c0c2cb50fb1ad39d45e82821bc2961d46dd61f3dd
mosaiq-benchmark-v0.1-candidate-20260716,mosaiq-benchmark,0.1.0-dev,delta_source_multilabel,0.1.0,DeLTA,clip,DeLTA_CT308_2,DeLTA_CT308_2,train,,0.1.0,datasets/DeLTA/data/clips.csv,167a927be948b575aecf536d5a5d66294586869532bde958fb6a362292921ece
mosaiq-benchmark-v0.1-candidate-20260716,mosaiq-benchmark,0.1.0-dev,delta_source_multilabel,0.1.0,DeLTA,clip,DeLTA_MG219_2,DeLTA_MG219_2,train,,0.1.0,datasets/DeLTA/data/clips.csv,5227fce8a1376ebc5e414543dcba66bd2d341a19d78b5df2fbc8c94aff20fe56
mosaiq-benchmark-v0.1-candidate-20260716,mosaiq-benchmark,0.1.0-dev,delta_source_multilabel,0.1.0,DeLTA,clip,DeLTA_SM514_1,DeLTA_SM514_1,test,,0.1.0,datasets/DeLTA/data/clips.csv,4ba8218a1913e5b2c5650be7650fe6f93554d70a8f1204d52d20fc10294399fe
mosaiq-benchmark-v0.1-candidate-20260716,mosaiq-benchmark,0.1.0-dev,delta_source_multilabel,0.1.0,DeLTA,clip,DeLTA_RF307_2,DeLTA_RF307_2,dev,,0.1.0,datasets/DeLTA/data/clips.csv,d16583850bdf4f8ae3d190d1927dc541595f19badae062535007ba2d8263586f
mosaiq-benchmark-v0.1-candidate-20260716,mosaiq-benchmark,0.1.0-dev,delta_source_multilabel,0.1.0,DeLTA,clip,DeLTA_tm130_1,DeLTA_tm130_1,train,,0.1.0,datasets/DeLTA/data/clips.csv,50b7bbc20b3a4737e3b6cd45b2cf318fb5e1fe3f72b94983bb27571aa4318a87
mosaiq-benchmark-v0.1-candidate-20260716,mosaiq-benchmark,0.1.0-dev,delta_source_multilabel,0.1.0,DeLTA,clip,DeLTA_PL319_1,DeLTA_PL319_1,train,,0.1.0,datasets/DeLTA/data/clips.csv,d34343c19b0c31dc0654663baf0675f141cb61547a0d1a0fe67a8bdd6d984cda
mosaiq-benchmark-v0.1-candidate-20260716,mosaiq-benchmark,0.1.0-dev,delta_source_multilabel,0.1.0,DeLTA,clip,DeLTA_ET432_2,DeLTA_ET432_2,dev,,0.1.0,datasets/DeLTA/data/clips.csv,863573c6f8a99bcb840834d11daa7140b1d63f16f925be925921e05bc5ca28b5
mosaiq-benchmark-v0.1-candidate-20260716,mosaiq-benchmark,0.1.0-dev,delta_source_multilabel,0.1.0,DeLTA,clip,DeLTA_MG324_1,DeLTA_MG324_1,train,,0.1.0,datasets/DeLTA/data/clips.csv,49fe7102db85954ed419c2297b203881535c3c4055d4a6a9394e641a6661a2d7
mosaiq-benchmark-v0.1-candidate-20260716,mosaiq-benchmark,0.1.0-dev,delta_source_multilabel,0.1.0,DeLTA,clip,DeLTA_Mc323_1,DeLTA_Mc323_1,dev,,0.1.0,datasets/DeLTA/data/clips.csv,887050c7a1a99057af400e473e37c84016609d6bb85b2f3a6f8eb6f9e64b7421
mosaiq-benchmark-v0.1-candidate-20260716,mosaiq-benchmark,0.1.0-dev,delta_source_multilabel,0.1.0,DeLTA,clip,DeLTA_Rs205_2,DeLTA_Rs205_2,train,,0.1.0,datasets/DeLTA/data/clips.csv,3f2287b2b8907b2d84c1407f757a1a2cd84acf975ca076d8bb7e8d8c85dbba16
mosaiq-benchmark-v0.1-candidate-20260716,mosaiq-benchmark,0.1.0-dev,delta_source_multilabel,0.1.0,DeLTA,clip,DeLTA_ts321_2,DeLTA_ts321_2,train,,0.1.0,datasets/DeLTA/data/clips.csv,66d01866f6b77e3e1251d9508f94ecd8018de2a59cb370db0f7763a15067299d
mosaiq-benchmark-v0.1-candidate-20260716,mosaiq-benchmark,0.1.0-dev,delta_source_multilabel,0.1.0,DeLTA,clip,DeLTA_PL410_1,DeLTA_PL410_1,train,,0.1.0,datasets/DeLTA/data/clips.csv,3868609540142701d47aca7686c42634632a66323177f4388809dfab5208dd1f
mosaiq-benchmark-v0.1-candidate-20260716,mosaiq-benchmark,0.1.0-dev,delta_source_multilabel,0.1.0,DeLTA,clip,DeLTA_ET413_1,DeLTA_ET413_1,train,,0.1.0,datasets/DeLTA/data/clips.csv,8669e15333ae070a85eb1d9d0db0583a6322d7b4e35f5534fd7d4961966f1b72
mosaiq-benchmark-v0.1-candidate-20260716,mosaiq-benchmark,0.1.0-dev,delta_source_multilabel,0.1.0,DeLTA,clip,DeLTA_ML131_1,DeLTA_ML131_1,train,,0.1.0,datasets/DeLTA/data/clips.csv,d12db049830a62c18c66d9277289e7e4ba6c1d6983afaed750efde88716b9557
mosaiq-benchmark-v0.1-candidate-20260716,mosaiq-benchmark,0.1.0-dev,delta_source_multilabel,0.1.0,DeLTA,clip,DeLTA_RS434_2,DeLTA_RS434_2,train,,0.1.0,datasets/DeLTA/data/clips.csv,b5436c9e5f1f375e35d98cc24c9f21b326bfda5a81e06feced115e60e87cf7c8
mosaiq-benchmark-v0.1-candidate-20260716,mosaiq-benchmark,0.1.0-dev,delta_source_multilabel,0.1.0,DeLTA,clip,DeLTA_ML212_1,DeLTA_ML212_1,dev,,0.1.0,datasets/DeLTA/data/clips.csv,6301b0308d852181da09ad51acf1870761029d7f73291308c2270d78c763d1c5
mosaiq-benchmark-v0.1-candidate-20260716,mosaiq-benchmark,0.1.0-dev,delta_source_multilabel,0.1.0,DeLTA,clip,DeLTA_MG319_2,DeLTA_MG319_2,train,,0.1.0,datasets/DeLTA/data/clips.csv,065ebc369197e5f2c88684e121e25bc78446c41c329466483c4a7abd77915196
mosaiq-benchmark-v0.1-candidate-20260716,mosaiq-benchmark,0.1.0-dev,delta_source_multilabel,0.1.0,DeLTA,clip,DeLTA_ET124_2,DeLTA_ET124_2,train,,0.1.0,datasets/DeLTA/data/clips.csv,1d06a5fb03f126e3213aa9eb2156b459b853d66552c15901578d78881458a0e6
mosaiq-benchmark-v0.1-candidate-20260716,mosaiq-benchmark,0.1.0-dev,delta_source_multilabel,0.1.0,DeLTA,clip,DeLTA_tm214_2,DeLTA_tm214_2,train,,0.1.0,datasets/DeLTA/data/clips.csv,bdfed558710bb439eddd079c46c8917c0678653ce3a5d5aae451717b803abec2
mosaiq-benchmark-v0.1-candidate-20260716,mosaiq-benchmark,0.1.0-dev,delta_source_multilabel,0.1.0,DeLTA,clip,DeLTA_TS519_2,DeLTA_TS519_2,train,,0.1.0,datasets/DeLTA/data/clips.csv,13961cae92f79a696265b479aef05f587515e3a556af8edb23ca92d350098de9
mosaiq-benchmark-v0.1-candidate-20260716,mosaiq-benchmark,0.1.0-dev,delta_source_multilabel,0.1.0,DeLTA,clip,DeLTA_m111_1,DeLTA_m111_1,test,,0.1.0,datasets/DeLTA/data/clips.csv,b7b47832c3488acb54fc32fbcea09696b75107b8b71508fb8f1b265ded9b3448
mosaiq-benchmark-v0.1-candidate-20260716,mosaiq-benchmark,0.1.0-dev,delta_source_multilabel,0.1.0,DeLTA,clip,DeLTA_sc140_2,DeLTA_sc140_2,train,,0.1.0,datasets/DeLTA/data/clips.csv,2ae592dce05f868c9c8f130d0dcc653b564ee9596d0489857d60d52fe5e14a1c
mosaiq-benchmark-v0.1-candidate-20260716,mosaiq-benchmark,0.1.0-dev,delta_source_multilabel,0.1.0,DeLTA,clip,DeLTA_Pl106_2,DeLTA_Pl106_2,train,,0.1.0,datasets/DeLTA/data/clips.csv,770a8118f647e74098cd3407dcce61765dcc3620e90200f2121fedd6e123ffe4
mosaiq-benchmark-v0.1-candidate-20260716,mosaiq-benchmark,0.1.0-dev,delta_source_multilabel,0.1.0,DeLTA,clip,DeLTA_ET433_2,DeLTA_ET433_2,test,,0.1.0,datasets/DeLTA/data/clips.csv,52a17632ddfd8a4f07d2d5655916380cf074230da3ccf9642729dbcf9ce3a621
mosaiq-benchmark-v0.1-candidate-20260716,mosaiq-benchmark,0.1.0-dev,delta_source_multilabel,0.1.0,DeLTA,clip,DeLTA_tm126_2,DeLTA_tm126_2,train,,0.1.0,datasets/DeLTA/data/clips.csv,27f9311b2b326ac20e175566418018db1b3c93a109c61ab8312e3d85b2fbdb72
mosaiq-benchmark-v0.1-candidate-20260716,mosaiq-benchmark,0.1.0-dev,delta_source_multilabel,0.1.0,DeLTA,clip,DeLTA_PL421_2,DeLTA_PL421_2,dev,,0.1.0,datasets/DeLTA/data/clips.csv,604ce59fcebacb901eb8022b6587a8853b080b993187adade11f067b7ed6c7b2
mosaiq-benchmark-v0.1-candidate-20260716,mosaiq-benchmark,0.1.0-dev,delta_source_multilabel,0.1.0,DeLTA,clip,DeLTA_CT404_1,DeLTA_CT404_1,train,,0.1.0,datasets/DeLTA/data/clips.csv,4afd9cd16f31a6a0e28f61d374a3047fc43e3acbb6d73c8725b2b9d7e54b819f
mosaiq-benchmark-v0.1-candidate-20260716,mosaiq-benchmark,0.1.0-dev,delta_source_multilabel,0.1.0,DeLTA,clip,DeLTA_ML210_2,DeLTA_ML210_2,train,,0.1.0,datasets/DeLTA/data/clips.csv,345c42293668c187c8b5ea817b178fda03830c35e361a4c9900c46be35e406b3
mosaiq-benchmark-v0.1-candidate-20260716,mosaiq-benchmark,0.1.0-dev,delta_source_multilabel,0.1.0,DeLTA,clip,DeLTA_SM313_1,DeLTA_SM313_1,train,,0.1.0,datasets/DeLTA/data/clips.csv,5c6cac859e716bf971eccd46f3e17eee02a846edb0140c7aabf3a1c7b80a3766
mosaiq-benchmark-v0.1-candidate-20260716,mosaiq-benchmark,0.1.0-dev,delta_source_multilabel,0.1.0,DeLTA,clip,DeLTA_CT412_1,DeLTA_CT412_1,train,,0.1.0,datasets/DeLTA/data/clips.csv,08b14d6d48cfb62903ad755804bf78bbc37d193de1abf67ae477538be71d814c
mosaiq-benchmark-v0.1-candidate-20260716,mosaiq-benchmark,0.1.0-dev,delta_source_multilabel,0.1.0,DeLTA,clip,DeLTA_ET423_2,DeLTA_ET423_2,train,,0.1.0,datasets/DeLTA/data/clips.csv,d871718fbd1020e7b51ad95177aa4bb18af37022891f34cae39fa44f27389159
mosaiq-benchmark-v0.1-candidate-20260716,mosaiq-benchmark,0.1.0-dev,delta_source_multilabel,0.1.0,DeLTA,clip,DeLTA_ET216_2,DeLTA_ET216_2,train,,0.1.0,datasets/DeLTA/data/clips.csv,1616005ca741b8da6a5b4f17235604267181bf258967eeba5908ba2efa501038
mosaiq-benchmark-v0.1-candidate-20260716,mosaiq-benchmark,0.1.0-dev,delta_source_multilabel,0.1.0,DeLTA,clip,DeLTA_ET220_3,DeLTA_ET220_3,train,,0.1.0,datasets/DeLTA/data/clips.csv,843b358fb40ac05214e7949ab913140b953e3fb32d8fec155e929c4844d59b29
mosaiq-benchmark-v0.1-candidate-20260716,mosaiq-benchmark,0.1.0-dev,delta_source_multilabel,0.1.0,DeLTA,clip,DeLTA_SR223_2,DeLTA_SR223_2,train,,0.1.0,datasets/DeLTA/data/clips.csv,038706793593055973b010e25c56d952b25c89eb067a4db6aff5b9d156377bbd
mosaiq-benchmark-v0.1-candidate-20260716,mosaiq-benchmark,0.1.0-dev,delta_source_multilabel,0.1.0,DeLTA,clip,DeLTA_2cv13_2,DeLTA_2cv13_2,train,,0.1.0,datasets/DeLTA/data/clips.csv,cb46222e7e8b1ce77e05f824ec29609e85eb9a91638f67c162522f658f329abc
mosaiq-benchmark-v0.1-candidate-20260716,mosaiq-benchmark,0.1.0-dev,delta_source_multilabel,0.1.0,DeLTA,clip,DeLTA_cv212_2,DeLTA_cv212_2,train,,0.1.0,datasets/DeLTA/data/clips.csv,ae8bcb463dcc632f54eba9f9e57160837732358d87ab0dd1e924e1d4abf4fbdf
mosaiq-benchmark-v0.1-candidate-20260716,mosaiq-benchmark,0.1.0-dev,delta_source_multilabel,0.1.0,DeLTA,clip,DeLTA_TS513_2,DeLTA_TS513_2,test,,0.1.0,datasets/DeLTA/data/clips.csv,2d690e870f3e3883588b36cd0d2a270963558c549be9dd73ee00e3ce673a2a5a
mosaiq-benchmark-v0.1-candidate-20260716,mosaiq-benchmark,0.1.0-dev,delta_source_multilabel,0.1.0,DeLTA,clip,DeLTA_Mc203_1,DeLTA_Mc203_1,train,,0.1.0,datasets/DeLTA/data/clips.csv,aa5a53a13facb5cc469a62184dbe62d2d866011c5fe47e396441d7551d1231d5
mosaiq-benchmark-v0.1-candidate-20260716,mosaiq-benchmark,0.1.0-dev,delta_source_multilabel,0.1.0,DeLTA,clip,DeLTA_Mc112_1,DeLTA_Mc112_1,train,,0.1.0,datasets/DeLTA/data/clips.csv,c4b866c526193d3a2a5c910ee915ae6e532b43015012affd3ce5b37058897ac4
mosaiq-benchmark-v0.1-candidate-20260716,mosaiq-benchmark,0.1.0-dev,delta_source_multilabel,0.1.0,DeLTA,clip,DeLTA_tm327_2,DeLTA_tm327_2,train,,0.1.0,datasets/DeLTA/data/clips.csv,548c73cea66ce847b9f608a33acd118c7abada24e1018dc38882faff2d8314dd
mosaiq-benchmark-v0.1-candidate-20260716,mosaiq-benchmark,0.1.0-dev,delta_source_multilabel,0.1.0,DeLTA,clip,DeLTA_RF308_2,DeLTA_RF308_2,train,,0.1.0,datasets/DeLTA/data/clips.csv,4ae52b7d9343d0193ea26235f233860dc92e59cea295f469347edee62d94a0b6
mosaiq-benchmark-v0.1-candidate-20260716,mosaiq-benchmark,0.1.0-dev,delta_source_multilabel,0.1.0,DeLTA,clip,DeLTA_RP301_2,DeLTA_RP301_2,dev,,0.1.0,datasets/DeLTA/data/clips.csv,640e0f44fb5d0a432a80561ccc66decc2d6b6fb38b34b3357b98cac34574b214
mosaiq-benchmark-v0.1-candidate-20260716,mosaiq-benchmark,0.1.0-dev,delta_source_multilabel,0.1.0,DeLTA,clip,DeLTA_tm312_1,DeLTA_tm312_1,train,,0.1.0,datasets/DeLTA/data/clips.csv,a499c3caef237e512ce8e2ad07682f6ac27d90ab8728dbeed1842dbe1ebe6350
mosaiq-benchmark-v0.1-candidate-20260716,mosaiq-benchmark,0.1.0-dev,delta_source_multilabel,0.1.0,DeLTA,clip,DeLTA_tm109_2,DeLTA_tm109_2,test,,0.1.0,datasets/DeLTA/data/clips.csv,f6e43a05a0e3c21e36f2f563f0735713f74ef63bd279f1415379b4cd33c40b28
mosaiq-benchmark-v0.1-candidate-20260716,mosaiq-benchmark,0.1.0-dev,delta_source_multilabel,0.1.0,DeLTA,clip,DeLTA_SR232_1,DeLTA_SR232_1,train,,0.1.0,datasets/DeLTA/data/clips.csv,8f0cd004514207381d3c389784664c106825d01e38368288ed25466af6cf1478
mosaiq-benchmark-v0.1-candidate-20260716,mosaiq-benchmark,0.1.0-dev,delta_source_multilabel,0.1.0,DeLTA,clip,DeLTA_SR247_2,DeLTA_SR247_2,train,,0.1.0,datasets/DeLTA/data/clips.csv,7c9731bc47b00e9ef245ee2a80f8c67b88f178a6ae3eec3ee3f9ff57a727eda4
mosaiq-benchmark-v0.1-candidate-20260716,mosaiq-benchmark,0.1.0-dev,delta_source_multilabel,0.1.0,DeLTA,clip,DeLTA_Mc412_1,DeLTA_Mc412_1,dev,,0.1.0,datasets/DeLTA/data/clips.csv,d2d6a7436e8f4ad1b99cd0ddea16aef0803c62a8ad49ca83511e2fdae5558b2a
mosaiq-benchmark-v0.1-candidate-20260716,mosaiq-benchmark,0.1.0-dev,delta_source_multilabel,0.1.0,DeLTA,clip,DeLTA_Rp132_2,DeLTA_Rp132_2,train,,0.1.0,datasets/DeLTA/data/clips.csv,cbec31caf3457a90c1840bd2d2243de6a91f17520836a8d1840d2838a7294bb6
mosaiq-benchmark-v0.1-candidate-20260716,mosaiq-benchmark,0.1.0-dev,delta_source_multilabel,0.1.0,DeLTA,clip,DeLTA_CT109_1,DeLTA_CT109_1,train,,0.1.0,datasets/DeLTA/data/clips.csv,3572ee61a43aaf511403c0b928f0700022ffa41eb32d7d95e4098c943e28c513
mosaiq-benchmark-v0.1-candidate-20260716,mosaiq-benchmark,0.1.0-dev,delta_source_multilabel,0.1.0,DeLTA,clip,DeLTA_PL307_1,DeLTA_PL307_1,train,,0.1.0,datasets/DeLTA/data/clips.csv,38b0f2e2ccfb222cf714bc20c7a309acaa9d226e2f82f92e55e92f253892f99a
mosaiq-benchmark-v0.1-candidate-20260716,mosaiq-benchmark,0.1.0-dev,delta_source_multilabel,0.1.0,DeLTA,clip,DeLTA_RP334_1,DeLTA_RP334_1,dev,,0.1.0,datasets/DeLTA/data/clips.csv,420d9a9af88a5fdc48b9916cbb1532a5b6975005b1de7bc5d5f15a49f5843278
mosaiq-benchmark-v0.1-candidate-20260716,mosaiq-benchmark,0.1.0-dev,delta_source_multilabel,0.1.0,DeLTA,clip,DeLTA_ML206_3,DeLTA_ML206_3,dev,,0.1.0,datasets/DeLTA/data/clips.csv,11164faf5a80756f9e705bcf15ef8ad3be47685f326735d2fc2f3769fb5ba672
mosaiq-benchmark-v0.1-candidate-20260716,mosaiq-benchmark,0.1.0-dev,delta_source_multilabel,0.1.0,DeLTA,clip,DeLTA_MG333_1,DeLTA_MG333_1,train,,0.1.0,datasets/DeLTA/data/clips.csv,04c42af104bf6c648814ef30a8e082860b43655fab4f3c5f9260713d7848fa3b
mosaiq-benchmark-v0.1-candidate-20260716,mosaiq-benchmark,0.1.0-dev,delta_source_multilabel,0.1.0,DeLTA,clip,DeLTA_SR231_1,DeLTA_SR231_1,test,,0.1.0,datasets/DeLTA/data/clips.csv,2e545e7dbedc3d893a773de373a1112018f6863afdc09626032ee98292e82533
mosaiq-benchmark-v0.1-candidate-20260716,mosaiq-benchmark,0.1.0-dev,delta_source_multilabel,0.1.0,DeLTA,clip,DeLTA_RP317_1,DeLTA_RP317_1,test,,0.1.0,datasets/DeLTA/data/clips.csv,db4685122228a05e4280cc1f378ebb8af62fa09df1bf5aa1b8a8cfad21c49a82
mosaiq-benchmark-v0.1-candidate-20260716,mosaiq-benchmark,0.1.0-dev,delta_source_multilabel,0.1.0,DeLTA,clip,DeLTA_TM427_2,DeLTA_TM427_2,train,,0.1.0,datasets/DeLTA/data/clips.csv,c9a27062cc1828f069029dc757fc93a87f3647a352a0f30cf6bc9c5667925230
mosaiq-benchmark-v0.1-candidate-20260716,mosaiq-benchmark,0.1.0-dev,delta_source_multilabel,0.1.0,DeLTA,clip,DeLTA_m29_2,DeLTA_m29_2,train,,0.1.0,datasets/DeLTA/data/clips.csv,ff5fc4dcc99f71cad7299e376077394e710b355183448d62e0a4de8f726fa666
mosaiq-benchmark-v0.1-candidate-20260716,mosaiq-benchmark,0.1.0-dev,delta_source_multilabel,0.1.0,DeLTA,clip,DeLTA_CT414_1,DeLTA_CT414_1,dev,,0.1.0,datasets/DeLTA/data/clips.csv,eed22c6bfa3da278dcda035aa9c91f4d78fd732bf07e428fb0375ad2356a6833
mosaiq-benchmark-v0.1-candidate-20260716,mosaiq-benchmark,0.1.0-dev,delta_source_multilabel,0.1.0,DeLTA,clip,DeLTA_ML214_3,DeLTA_ML214_3,train,,0.1.0,datasets/DeLTA/data/clips.csv,b0c288a17630808502dd41df9e2722146df6cc7ed91ef07707e213f837a7ec05
mosaiq-benchmark-v0.1-candidate-20260716,mosaiq-benchmark,0.1.0-dev,delta_source_multilabel,0.1.0,DeLTA,clip,DeLTA_MC501_1,DeLTA_MC501_1,test,,0.1.0,datasets/DeLTA/data/clips.csv,ad69148740f6c9679bb5f87c3ce183e77f0640344fbbaff5fa716e3a29c70748
mosaiq-benchmark-v0.1-candidate-20260716,mosaiq-benchmark,0.1.0-dev,delta_source_multilabel,0.1.0,DeLTA,clip,DeLTA_CT102_2,DeLTA_CT102_2,train,,0.1.0,datasets/DeLTA/data/clips.csv,2e3967d0721f30b0922367a26020abd7bb34b59c66c5f31f24870ee457e108d8
mosaiq-benchmark-v0.1-candidate-20260716,mosaiq-benchmark,0.1.0-dev,delta_source_multilabel,0.1.0,DeLTA,clip,DeLTA_Ts425_1,DeLTA_Ts425_1,train,,0.1.0,datasets/DeLTA/data/clips.csv,d3f2d4389994766c154e692fa708c2d6b87b4567484a24b6a1f18ba7ff00563c
mosaiq-benchmark-v0.1-candidate-20260716,mosaiq-benchmark,0.1.0-dev,delta_source_multilabel,0.1.0,DeLTA,clip,DeLTA_CT545_2,DeLTA_CT545_2,train,,0.1.0,datasets/DeLTA/data/clips.csv,d55e9772c32147a8821cab35136e4f048ebc95e970a78e1b68da88e150c81d61
mosaiq-benchmark-v0.1-candidate-20260716,mosaiq-benchmark,0.1.0-dev,delta_source_multilabel,0.1.0,DeLTA,clip,DeLTA_TS511_2,DeLTA_TS511_2,train,,0.1.0,datasets/DeLTA/data/clips.csv,6dfcb1a73adf2058349f37f14feea29d71d26054f21b23eb434b32fcf175befb
mosaiq-benchmark-v0.1-candidate-20260716,mosaiq-benchmark,0.1.0-dev,delta_source_multilabel,0.1.0,DeLTA,clip,DeLTA_TS534_1,DeLTA_TS534_1,train,,0.1.0,datasets/DeLTA/data/clips.csv,5b377ccb6c2287d3f0f23f5228ba5c212748e61dbff7fabb8a2b6940b4f2aaa0
mosaiq-benchmark-v0.1-candidate-20260716,mosaiq-benchmark,0.1.0-dev,delta_source_multilabel,0.1.0,DeLTA,clip,DeLTA_RF343_2,DeLTA_RF343_2,train,,0.1.0,datasets/DeLTA/data/clips.csv,ed5abbf9d1fdbeaa86d38254117a187f978788817c5c3ce2dbfe7e7cee80854e
mosaiq-benchmark-v0.1-candidate-20260716,mosaiq-benchmark,0.1.0-dev,delta_source_multilabel,0.1.0,DeLTA,clip,DeLTA_cp8_2,DeLTA_cp8_2,dev,,0.1.0,datasets/DeLTA/data/clips.csv,23d5aba5b02b774452154bd3b3d04673023baa196063997a3ce41edf12981456
mosaiq-benchmark-v0.1-candidate-20260716,mosaiq-benchmark,0.1.0-dev,delta_source_multilabel,0.1.0,DeLTA,clip,DeLTA_RP325_2,DeLTA_RP325_2,test,,0.1.0,datasets/DeLTA/data/clips.csv,8687e9d8aefe621ab859b8654bebcb0c6bff1ddd7fc6465da2a767635b7a5685
mosaiq-benchmark-v0.1-candidate-20260716,mosaiq-benchmark,0.1.0-dev,delta_source_multilabel,0.1.0,DeLTA,clip,DeLTA_TS532_1,DeLTA_TS532_1,train,,0.1.0,datasets/DeLTA/data/clips.csv,d532eb1328c3d00a07adb41f50bff16ebb14ba3dde6991b9a777d8a26db78838
mosaiq-benchmark-v0.1-candidate-20260716,mosaiq-benchmark,0.1.0-dev,delta_source_multilabel,0.1.0,DeLTA,clip,DeLTA_TS536_1,DeLTA_TS536_1,train,,0.1.0,datasets/DeLTA/data/clips.csv,d23821ad1037ed1f9c65803f88c1b444108e5b5128433886d5dd30e350e295e5
mosaiq-benchmark-v0.1-candidate-20260716,mosaiq-benchmark,0.1.0-dev,delta_source_multilabel,0.1.0,DeLTA,clip,DeLTA_Rp123_1,DeLTA_Rp123_1,train,,0.1.0,datasets/DeLTA/data/clips.csv,5eaba1a10b4ac6e4d9c4ab40228fce7f0db74cfb1267905ec3f8b34bb4b14a3d
mosaiq-benchmark-v0.1-candidate-20260716,mosaiq-benchmark,0.1.0-dev,delta_source_multilabel,0.1.0,DeLTA,clip,DeLTA_SM518_2,DeLTA_SM518_2,train,,0.1.0,datasets/DeLTA/data/clips.csv,447b29d1979cfa199c531e6ddf88ebb223365e2665f62d58333e072cc07cc0c5
mosaiq-benchmark-v0.1-candidate-20260716,mosaiq-benchmark,0.1.0-dev,delta_source_multilabel,0.1.0,DeLTA,clip,DeLTA_SC225_2,DeLTA_SC225_2,train,,0.1.0,datasets/DeLTA/data/clips.csv,78c2f62b045fca63ac56a601c791ccfb570aee0744949217df14645a5fc1abf7
mosaiq-benchmark-v0.1-candidate-20260716,mosaiq-benchmark,0.1.0-dev,delta_source_multilabel,0.1.0,DeLTA,clip,DeLTA_sr108_1,DeLTA_sr108_1,train,,0.1.0,datasets/DeLTA/data/clips.csv,732d69ef53051ba01de84d472efeaf9110ad35d8ef845c007f323cd2f20be15f
mosaiq-benchmark-v0.1-candidate-20260716,mosaiq-benchmark,0.1.0-dev,delta_source_multilabel,0.1.0,DeLTA,clip,DeLTA_cv39_1,DeLTA_cv39_1,dev,,0.1.0,datasets/DeLTA/data/clips.csv,8ee205f43e9ae5073e2031b3e5270108d513bcca76986784c70ea784625e5cb4
mosaiq-benchmark-v0.1-candidate-20260716,mosaiq-benchmark,0.1.0-dev,delta_source_multilabel,0.1.0,DeLTA,clip,DeLTA_Rf103_1,DeLTA_Rf103_1,train,,0.1.0,datasets/DeLTA/data/clips.csv,16b1d96cf580cecc61d59b42f18ca0b58255d69b3bb56bdc36c5ea9b2784004a
mosaiq-benchmark-v0.1-candidate-20260716,mosaiq-benchmark,0.1.0-dev,delta_source_multilabel,0.1.0,DeLTA,clip,DeLTA_sr107_2,DeLTA_sr107_2,dev,,0.1.0,datasets/DeLTA/data/clips.csv,754ecb86b29c9eb6a6893f199d10a31fc3968a1cfa6be0d503038ffee4434b42
mosaiq-benchmark-v0.1-candidate-20260716,mosaiq-benchmark,0.1.0-dev,delta_source_multilabel,0.1.0,DeLTA,clip,DeLTA_sr133_1,DeLTA_sr133_1,train,,0.1.0,datasets/DeLTA/data/clips.csv,b67a8e34bf36e12861de99e3d8d310d6cd2b9110b615a699c2d04baaad6eb951
mosaiq-benchmark-v0.1-candidate-20260716,mosaiq-benchmark,0.1.0-dev,delta_source_multilabel,0.1.0,DeLTA,clip,DeLTA_TS522_1,DeLTA_TS522_1,test,,0.1.0,datasets/DeLTA/data/clips.csv,ff3246aac4d665566c9f47c2abf8c109a66dde28ed613be2892038337acbff31
mosaiq-benchmark-v0.1-candidate-20260716,mosaiq-benchmark,0.1.0-dev,delta_source_multilabel,0.1.0,DeLTA,clip,DeLTA_TM406_1,DeLTA_TM406_1,train,,0.1.0,datasets/DeLTA/data/clips.csv,8f912b78d06520d10358427cd5dc0f6e89758f73a6cdc83f2c48991fe6e78b0a
mosaiq-benchmark-v0.1-candidate-20260716,mosaiq-benchmark,0.1.0-dev,delta_source_multilabel,0.1.0,DeLTA,clip,DeLTA_SM310_2,DeLTA_SM310_2,train,,0.1.0,datasets/DeLTA/data/clips.csv,1858e558204df74dbc919628e13825bad08967f83e36a6880beeb99103a6a676
mosaiq-benchmark-v0.1-candidate-20260716,mosaiq-benchmark,0.1.0-dev,delta_source_multilabel,0.1.0,DeLTA,clip,DeLTA_RF321_2,DeLTA_RF321_2,train,,0.1.0,datasets/DeLTA/data/clips.csv,d7ecf85cfff4450ac68564b9e078e322166545e0e810a133b9ed0fc4b5c271d0
mosaiq-benchmark-v0.1-candidate-20260716,mosaiq-benchmark,0.1.0-dev,delta_source_multilabel,0.1.0,DeLTA,clip,DeLTA_cp5_2,DeLTA_cp5_2,train,,0.1.0,datasets/DeLTA/data/clips.csv,75f2cb72fcbb62eafd990767dc9ed97676f3a366e374bb4f22e8c6b182200fde
mosaiq-benchmark-v0.1-candidate-20260716,mosaiq-benchmark,0.1.0-dev,delta_source_multilabel,0.1.0,DeLTA,clip,DeLTA_CT519_1,DeLTA_CT519_1,train,,0.1.0,datasets/DeLTA/data/clips.csv,4d065eee79e4cfba7cf0ae114de5f683fe27d3ff3525f930d234b25b1969bc4b
mosaiq-benchmark-v0.1-candidate-20260716,mosaiq-benchmark,0.1.0-dev,delta_source_multilabel,0.1.0,DeLTA,clip,DeLTA_Rp228_2,DeLTA_Rp228_2,test,,0.1.0,datasets/DeLTA/data/clips.csv,22812e7e36f291b07581fd15dbab69ed06f428a5b0e65b1ff1fbd73b117b13cd
mosaiq-benchmark-v0.1-candidate-20260716,mosaiq-benchmark,0.1.0-dev,delta_source_multilabel,0.1.0,DeLTA,clip,DeLTA_sc124_1,DeLTA_sc124_1,train,,0.1.0,datasets/DeLTA/data/clips.csv,92995811568900a5ea3dcace3a16554ef0c2d2e73cabe1bbacf4bcfb794ad91c
mosaiq-benchmark-v0.1-candidate-20260716,mosaiq-benchmark,0.1.0-dev,delta_source_multilabel,0.1.0,DeLTA,clip,DeLTA_SM402_2,DeLTA_SM402_2,train,,0.1.0,datasets/DeLTA/data/clips.csv,1ecba695972e90655b9914036c98e65f5ee9072fa6b01f89a7833e2fc179fed8
mosaiq-benchmark-v0.1-candidate-20260716,mosaiq-benchmark,0.1.0-dev,delta_source_multilabel,0.1.0,DeLTA,clip,DeLTA_ts226_3,DeLTA_ts226_3,train,,0.1.0,datasets/DeLTA/data/clips.csv,77f9aa60b732a4e895cbe6484948c295c79bab2bba78c04b5dae058253e8b37c
mosaiq-benchmark-v0.1-candidate-20260716,mosaiq-benchmark,0.1.0-dev,delta_source_multilabel,0.1.0,DeLTA,clip,DeLTA_sr128_1,DeLTA_sr128_1,dev,,0.1.0,datasets/DeLTA/data/clips.csv,835b41dd706a86de976ab75251e43e5b1e17412b16cf9075fad08c5aef2838af
mosaiq-benchmark-v0.1-candidate-20260716,mosaiq-benchmark,0.1.0-dev,delta_source_multilabel,0.1.0,DeLTA,clip,DeLTA_CT404_2,DeLTA_CT404_2,train,,0.1.0,datasets/DeLTA/data/clips.csv,3011d607b0a87aa6e24027607b79c89983da73ae2657b3b7e8a14b1ff16a1a41
mosaiq-benchmark-v0.1-candidate-20260716,mosaiq-benchmark,0.1.0-dev,delta_source_multilabel,0.1.0,DeLTA,clip,DeLTA_SR213_1,DeLTA_SR213_1,train,,0.1.0,datasets/DeLTA/data/clips.csv,eddd95b7694346d17a9f145161143ebdd46e9d694d484d96efbfdb085af711ed
mosaiq-benchmark-v0.1-candidate-20260716,mosaiq-benchmark,0.1.0-dev,delta_source_multilabel,0.1.0,DeLTA,clip,DeLTA_st104_1,DeLTA_st104_1,dev,,0.1.0,datasets/DeLTA/data/clips.csv,d5a461744248c2f688a2008e9ea4c13b14c99960b1b2bfeeedae6d931304ff49
mosaiq-benchmark-v0.1-candidate-20260716,mosaiq-benchmark,0.1.0-dev,delta_source_multilabel,0.1.0,DeLTA,clip,DeLTA_RF339_2,DeLTA_RF339_2,train,,0.1.0,datasets/DeLTA/data/clips.csv,55c183f9291a5ad560f5d888df2ac82880a8b094648190aed9ec0ad9cd0351cd
mosaiq-benchmark-v0.1-candidate-20260716,mosaiq-benchmark,0.1.0-dev,delta_source_multilabel,0.1.0,DeLTA,clip,DeLTA_RS402_2,DeLTA_RS402_2,test,,0.1.0,datasets/DeLTA/data/clips.csv,39d08872e28ad45017848dabc1767c32363bca1864506a60fe21345fca219878
mosaiq-benchmark-v0.1-candidate-20260716,mosaiq-benchmark,0.1.0-dev,delta_source_multilabel,0.1.0,DeLTA,clip,DeLTA_cv45_1,DeLTA_cv45_1,train,,0.1.0,datasets/DeLTA/data/clips.csv,d574822e630cfe0d0aaea0ef626afc925a16c083ee0df6d06d1c5d4bbc938f1c
mosaiq-benchmark-v0.1-candidate-20260716,mosaiq-benchmark,0.1.0-dev,delta_source_multilabel,0.1.0,DeLTA,clip,DeLTA_AM06_2,DeLTA_AM06_2,train,,0.1.0,datasets/DeLTA/data/clips.csv,7620dddb278d42c9bdbfd7208c502ae58d8227941de03ec6cf845340d3d8a5d3
mosaiq-benchmark-v0.1-candidate-20260716,mosaiq-benchmark,0.1.0-dev,delta_source_multilabel,0.1.0,DeLTA,clip,DeLTA_MG318_2,DeLTA_MG318_2,train,,0.1.0,datasets/DeLTA/data/clips.csv,1c3f6ee53444587437364f6bbef03992efc3948f0ff403fbc569d4be28ba2ad6
mosaiq-benchmark-v0.1-candidate-20260716,mosaiq-benchmark,0.1.0-dev,delta_source_multilabel,0.1.0,DeLTA,clip,DeLTA_tm129_1,DeLTA_tm129_1,train,,0.1.0,datasets/DeLTA/data/clips.csv,bc50b55fdc74833d5441660b94fdf4f3014ab7ca55813355c466f9e225d31758
mosaiq-benchmark-v0.1-candidate-20260716,mosaiq-benchmark,0.1.0-dev,delta_source_multilabel,0.1.0,DeLTA,clip,DeLTA_Rs120_1,DeLTA_Rs120_1,train,,0.1.0,datasets/DeLTA/data/clips.csv,c5864036691f9c5e4b066d33481512c2ec50f7d308d92e9835acd1165edfbd94
mosaiq-benchmark-v0.1-candidate-20260716,mosaiq-benchmark,0.1.0-dev,delta_source_multilabel,0.1.0,DeLTA,clip,DeLTA_ET426_1,DeLTA_ET426_1,train,,0.1.0,datasets/DeLTA/data/clips.csv,ff8ff7353b43bc59a783008f55bd299aded1101208872bf09912ded767ef730c
mosaiq-benchmark-v0.1-candidate-20260716,mosaiq-benchmark,0.1.0-dev,delta_source_multilabel,0.1.0,DeLTA,clip,DeLTA_SR205_1,DeLTA_SR205_1,train,,0.1.0,datasets/DeLTA/data/clips.csv,8eda891e6e48fcb842580566051354adf63ff8369ab35706eeb3c669e0b2a1f2
mosaiq-benchmark-v0.1-candidate-20260716,mosaiq-benchmark,0.1.0-dev,delta_source_multilabel,0.1.0,DeLTA,clip,DeLTA_PL330_1,DeLTA_PL330_1,train,,0.1.0,datasets/DeLTA/data/clips.csv,6f604ef619292a776c4882cfa32f38d0bbea1668ff62453d07d350e6486e0f3f
mosaiq-benchmark-v0.1-candidate-20260716,mosaiq-benchmark,0.1.0-dev,delta_source_multilabel,0.1.0,DeLTA,clip,DeLTA_sc118_2,DeLTA_sc118_2,dev,,0.1.0,datasets/DeLTA/data/clips.csv,1b9c81fb86230aff24125cccc0152f2903a04ea1f9597555eb7cf9cbf5006d69
mosaiq-benchmark-v0.1-candidate-20260716,mosaiq-benchmark,0.1.0-dev,delta_source_multilabel,0.1.0,DeLTA,clip,DeLTA_Pl205_2,DeLTA_Pl205_2,train,,0.1.0,datasets/DeLTA/data/clips.csv,d7b420797ea57d84fcaa5a1f24c6e9214e3eac7e64cd9a26fb00a8069bfca7f8
mosaiq-benchmark-v0.1-candidate-20260716,mosaiq-benchmark,0.1.0-dev,delta_source_multilabel,0.1.0,DeLTA,clip,DeLTA_SM512_2,DeLTA_SM512_2,train,,0.1.0,datasets/DeLTA/data/clips.csv,21b98d089ec374bf93688f7a005643a29f0eedea521d8dba0bba35a539c464d0
mosaiq-benchmark-v0.1-candidate-20260716,mosaiq-benchmark,0.1.0-dev,delta_source_multilabel,0.1.0,DeLTA,clip,DeLTA_SC203_1,DeLTA_SC203_1,train,,0.1.0,datasets/DeLTA/data/clips.csv,a4077198a2b952201f256e935ddb32a361b13c74ff1215a724b199cd6b78b9ea
mosaiq-benchmark-v0.1-candidate-20260716,mosaiq-benchmark,0.1.0-dev,delta_source_multilabel,0.1.0,DeLTA,clip,DeLTA_RS433_2,DeLTA_RS433_2,train,,0.1.0,datasets/DeLTA/data/clips.csv,395e225363a5c0b359e10c62f759718871721639600059afc7dade829630ea57
mosaiq-benchmark-v0.1-candidate-20260716,mosaiq-benchmark,0.1.0-dev,delta_source_multilabel,0.1.0,DeLTA,clip,DeLTA_ET426_2,DeLTA_ET426_2,dev,,0.1.0,datasets/DeLTA/data/clips.csv,10ed24478cfe83f88a8a58a0d59c598b84fba3b75f03024ddc6a8094f6817a9f
mosaiq-benchmark-v0.1-candidate-20260716,mosaiq-benchmark,0.1.0-dev,delta_source_multilabel,0.1.0,DeLTA,clip,DeLTA_SM305_2,DeLTA_SM305_2,train,,0.1.0,datasets/DeLTA/data/clips.csv,4e7aaa3d4fa2a6b10142f8821accf227acfaafcaac30d3688fbb195c0e7de7e0
mosaiq-benchmark-v0.1-candidate-20260716,mosaiq-benchmark,0.1.0-dev,delta_source_multilabel,0.1.0,DeLTA,clip,DeLTA_Ts421_2,DeLTA_Ts421_2,train,,0.1.0,datasets/DeLTA/data/clips.csv,23ee293011a375f9d584d461341250aeae60e8bdc88802d7bffba04863b046b3
mosaiq-benchmark-v0.1-candidate-20260716,mosaiq-benchmark,0.1.0-dev,delta_source_multilabel,0.1.0,DeLTA,clip,DeLTA_SR229_1,DeLTA_SR229_1,test,,0.1.0,datasets/DeLTA/data/clips.csv,40c4ca19b8d59f691c32f41b9e413396b10354ca2ced99bb5a074e19778c4535
mosaiq-benchmark-v0.1-candidate-20260716,mosaiq-benchmark,0.1.0-dev,delta_source_multilabel,0.1.0,DeLTA,clip,DeLTA_SM509_1,DeLTA_SM509_1,train,,0.1.0,datasets/DeLTA/data/clips.csv,cac16066ef0c690575a9abe189d82ee512925dedac41d8cc8f8e6dcc7ec8fd1b
mosaiq-benchmark-v0.1-candidate-20260716,mosaiq-benchmark,0.1.0-dev,delta_source_multilabel,0.1.0,DeLTA,clip,DeLTA_ET107_2,DeLTA_ET107_2,train,,0.1.0,datasets/DeLTA/data/clips.csv,305f0e37f20937d352002bc61497d7561e269de5dbe797181f08cf6b06567524
mosaiq-benchmark-v0.1-candidate-20260716,mosaiq-benchmark,0.1.0-dev,delta_source_multilabel,0.1.0,DeLTA,clip,DeLTA_SR234_1,DeLTA_SR234_1,train,,0.1.0,datasets/DeLTA/data/clips.csv,7fc55ddecea618127d958a670e71621c4d74e35e5e4b47a449a09735829cf344
mosaiq-benchmark-v0.1-candidate-20260716,mosaiq-benchmark,0.1.0-dev,delta_source_multilabel,0.1.0,DeLTA,clip,DeLTA_Rf136_2,DeLTA_Rf136_2,train,,0.1.0,datasets/DeLTA/data/clips.csv,3ead51651a0a40b9c6fdd8ee82d44518226665e4a8863fbecc68f2250f0ad3e2
mosaiq-benchmark-v0.1-candidate-20260716,mosaiq-benchmark,0.1.0-dev,delta_source_multilabel,0.1.0,DeLTA,clip,DeLTA_sr131_3,DeLTA_sr131_3,train,,0.1.0,datasets/DeLTA/data/clips.csv,2d32b80ea834bb04d811d0294a522525421172c079d833ffde273c494d6a94a4
mosaiq-benchmark-v0.1-candidate-20260716,mosaiq-benchmark,0.1.0-dev,delta_source_multilabel,0.1.0,DeLTA,clip,DeLTA_MG307_1,DeLTA_MG307_1,train,,0.1.0,datasets/DeLTA/data/clips.csv,020881908fa033dbfba8463cbaf2cbf0e1f771b3d3ea7e563b0536dfcfe44c60
mosaiq-benchmark-v0.1-candidate-20260716,mosaiq-benchmark,0.1.0-dev,delta_source_multilabel,0.1.0,DeLTA,clip,DeLTA_Rs104_2,DeLTA_Rs104_2,train,,0.1.0,datasets/DeLTA/data/clips.csv,7389aa5310b4b0590fa187005f70307e95040ca97d7e229f617f45ba4c4507fb
mosaiq-benchmark-v0.1-candidate-20260716,mosaiq-benchmark,0.1.0-dev,delta_source_multilabel,0.1.0,DeLTA,clip,DeLTA_m22_1,DeLTA_m22_1,dev,,0.1.0,datasets/DeLTA/data/clips.csv,28d13fcbdeeb3dc37eb3ad0f5516a1ceffc9d2e6f7241ac917b8f86e27095fb2
mosaiq-benchmark-v0.1-candidate-20260716,mosaiq-benchmark,0.1.0-dev,delta_source_multilabel,0.1.0,DeLTA,clip,DeLTA_Mc413_1,DeLTA_Mc413_1,test,,0.1.0,datasets/DeLTA/data/clips.csv,d99c9abdb28a29c0e48d5e0cb0e7513781c4be1c2aaac68922a6d20d280ea0f5
mosaiq-benchmark-v0.1-candidate-20260716,mosaiq-benchmark,0.1.0-dev,delta_source_multilabel,0.1.0,DeLTA,clip,DeLTA_CT539_2,DeLTA_CT539_2,test,,0.1.0,datasets/DeLTA/data/clips.csv,d9c0cab3c7d2d7f23e5e4b7767b803647985d184e309fc6dfab63103922ebe7e
mosaiq-benchmark-v0.1-candidate-20260716,mosaiq-benchmark,0.1.0-dev,delta_source_multilabel,0.1.0,DeLTA,clip,DeLTA_CT112_1,DeLTA_CT112_1,train,,0.1.0,datasets/DeLTA/data/clips.csv,f9b28ef8e05e4d5af81ff77cf1d03bc9b5d89ff50db50fe8f4adfce9148fe85d
mosaiq-benchmark-v0.1-candidate-20260716,mosaiq-benchmark,0.1.0-dev,delta_source_multilabel,0.1.0,DeLTA,clip,DeLTA_NP109_2,DeLTA_NP109_2,train,,0.1.0,datasets/DeLTA/data/clips.csv,606c62ba608741defcb3fe85f77a63cdeff50018d493e27ecbc6449c571a33b1
mosaiq-benchmark-v0.1-candidate-20260716,mosaiq-benchmark,0.1.0-dev,delta_source_multilabel,0.1.0,DeLTA,clip,DeLTA_Rf112_1,DeLTA_Rf112_1,test,,0.1.0,datasets/DeLTA/data/clips.csv,42748bdd165e59be436bdb66def1e621672ea14fec035b65e02552e91c6ac81b
mosaiq-benchmark-v0.1-candidate-20260716,mosaiq-benchmark,0.1.0-dev,delta_source_multilabel,0.1.0,DeLTA,clip,DeLTA_SM407_2,DeLTA_SM407_2,train,,0.1.0,datasets/DeLTA/data/clips.csv,8f724ff6486c4b01cdeb845ae863257ef9aafe6fe8a3b9dac18c7aa7cff19e6c
mosaiq-benchmark-v0.1-candidate-20260716,mosaiq-benchmark,0.1.0-dev,delta_source_multilabel,0.1.0,DeLTA,clip,DeLTA_Ts421_1,DeLTA_Ts421_1,train,,0.1.0,datasets/DeLTA/data/clips.csv,d5da62d0abaaebe1ad523b9bea9b3c7edb36a201585ad7c894191bd958bf6617
mosaiq-benchmark-v0.1-candidate-20260716,mosaiq-benchmark,0.1.0-dev,delta_source_multilabel,0.1.0,DeLTA,clip,DeLTA_ET211_1,DeLTA_ET211_1,train,,0.1.0,datasets/DeLTA/data/clips.csv,cb3783f8a984b6f2ca71fac64480d8449b30f3acc4ed5391ca613b9499ce69b4
mosaiq-benchmark-v0.1-candidate-20260716,mosaiq-benchmark,0.1.0-dev,delta_source_multilabel,0.1.0,DeLTA,clip,DeLTA_SM402_1,DeLTA_SM402_1,dev,,0.1.0,datasets/DeLTA/data/clips.csv,8246d011d9db1c95c3a32e013b40ee1f65878e78cd81fbe7ad5793058af896a9
mosaiq-benchmark-v0.1-candidate-20260716,mosaiq-benchmark,0.1.0-dev,delta_source_multilabel,0.1.0,DeLTA,clip,DeLTA_ET307_1,DeLTA_ET307_1,train,,0.1.0,datasets/DeLTA/data/clips.csv,b11d713bb7a0b87e5a70105c1decf6a533eb339a3428480f3545ad93f655ee7e
mosaiq-benchmark-v0.1-candidate-20260716,mosaiq-benchmark,0.1.0-dev,delta_source_multilabel,0.1.0,DeLTA,clip,DeLTA_tm229_1,DeLTA_tm229_1,dev,,0.1.0,datasets/DeLTA/data/clips.csv,d52b27d2ca8f5da13df82bd82092f7db3eb364555debcb3a508c88576a8a7048
mosaiq-benchmark-v0.1-candidate-20260716,mosaiq-benchmark,0.1.0-dev,delta_source_multilabel,0.1.0,DeLTA,clip,DeLTA_PL413_2,DeLTA_PL413_2,test,,0.1.0,datasets/DeLTA/data/clips.csv,08f6a5b7d776d358557e6e950383c0a3a3462f7ff6d98aa2fa15276019cccbe5
mosaiq-benchmark-v0.1-candidate-20260716,mosaiq-benchmark,0.1.0-dev,delta_source_multilabel,0.1.0,DeLTA,clip,DeLTA_RF308_1,DeLTA_RF308_1,train,,0.1.0,datasets/DeLTA/data/clips.csv,ac9cda62df466e98f68e844a52d697f71ac331c782fb3f26d729637897db5a7a
mosaiq-benchmark-v0.1-candidate-20260716,mosaiq-benchmark,0.1.0-dev,delta_source_multilabel,0.1.0,DeLTA,clip,DeLTA_TM425_1,DeLTA_TM425_1,train,,0.1.0,datasets/DeLTA/data/clips.csv,a79c51f0e5066f33ded06380b5754475fa36df8bccf60a1f74823940dc2334a0
mosaiq-benchmark-v0.1-candidate-20260716,mosaiq-benchmark,0.1.0-dev,delta_source_multilabel,0.1.0,DeLTA,clip,DeLTA_NP114_2,DeLTA_NP114_2,train,,0.1.0,datasets/DeLTA/data/clips.csv,721e011af2dd841e94a2aa889398cb92eafe9bdeae4d62960aa3133ebdc4a254
mosaiq-benchmark-v0.1-candidate-20260716,mosaiq-benchmark,0.1.0-dev,delta_source_multilabel,0.1.0,DeLTA,clip,DeLTA_sr129_1,DeLTA_sr129_1,dev,,0.1.0,datasets/DeLTA/data/clips.csv,d815b00461ef071127849b7c9814cda5861d5d3be471961b7dc087b1d5eb9058
mosaiq-benchmark-v0.1-candidate-20260716,mosaiq-benchmark,0.1.0-dev,delta_source_multilabel,0.1.0,DeLTA,clip,DeLTA_ET205_3,DeLTA_ET205_3,test,,0.1.0,datasets/DeLTA/data/clips.csv,73241e2399ce0c034446601fff00ef678675deb868bc28a1d1a201f59603fa74
mosaiq-benchmark-v0.1-candidate-20260716,mosaiq-benchmark,0.1.0-dev,delta_source_multilabel,0.1.0,DeLTA,clip,DeLTA_Rf221_1,DeLTA_Rf221_1,train,,0.1.0,datasets/DeLTA/data/clips.csv,07bbbeaa6dec5a2406b5fa29f7bd22c17a957b7228fbdad0259db3a3f7b09ba8
mosaiq-benchmark-v0.1-candidate-20260716,mosaiq-benchmark,0.1.0-dev,delta_source_multilabel,0.1.0,DeLTA,clip,DeLTA_TM406_2,DeLTA_TM406_2,train,,0.1.0,datasets/DeLTA/data/clips.csv,40f507fd54eb64ca428ecab97209c45b56d7c203b2629914651f67d971e50d30
mosaiq-benchmark-v0.1-candidate-20260716,mosaiq-benchmark,0.1.0-dev,delta_source_multilabel,0.1.0,DeLTA,clip,DeLTA_Mc404_3,DeLTA_Mc404_3,train,,0.1.0,datasets/DeLTA/data/clips.csv,fc290539319e2f5199763a04bf00f6afa69f71ea780e051bbfaf0b599eb33561
mosaiq-benchmark-v0.1-candidate-20260716,mosaiq-benchmark,0.1.0-dev,delta_source_multilabel,0.1.0,DeLTA,clip,DeLTA_cv213_2,DeLTA_cv213_2,train,,0.1.0,datasets/DeLTA/data/clips.csv,7185bdda1572599461f95d77a5ce50ade74f73b7169fc7b75936cc055c05901a
mosaiq-benchmark-v0.1-candidate-20260716,mosaiq-benchmark,0.1.0-dev,delta_source_multilabel,0.1.0,DeLTA,clip,DeLTA_Ts422_1,DeLTA_Ts422_1,dev,,0.1.0,datasets/DeLTA/data/clips.csv,5f7dbe872bbc56912cb5cb0f00567cc63e5087657e6a538bdbdf598ea8b978ac
mosaiq-benchmark-v0.1-candidate-20260716,mosaiq-benchmark,0.1.0-dev,delta_source_multilabel,0.1.0,DeLTA,clip,DeLTA_SR212_2,DeLTA_SR212_2,train,,0.1.0,datasets/DeLTA/data/clips.csv,6bc7f73aec6d38d2930c19e8b6c29da1af2eee8a8741cca104ad60dfbe6c17cc
mosaiq-benchmark-v0.1-candidate-20260716,mosaiq-benchmark,0.1.0-dev,delta_source_multilabel,0.1.0,DeLTA,clip,DeLTA_TM405_1,DeLTA_TM405_1,test,,0.1.0,datasets/DeLTA/data/clips.csv,d569304cb3358c70359873cd2304911d2a2439414ea05a59449299f99a04b89d
mosaiq-benchmark-v0.1-candidate-20260716,mosaiq-benchmark,0.1.0-dev,delta_source_multilabel,0.1.0,DeLTA,clip,DeLTA_CT327_3,DeLTA_CT327_3,test,,0.1.0,datasets/DeLTA/data/clips.csv,b62cbdd525e1be497c551a645e29cb5b0bcc525212304efdbd0bc40135a5a1b6
mosaiq-benchmark-v0.1-candidate-20260716,mosaiq-benchmark,0.1.0-dev,delta_source_multilabel,0.1.0,DeLTA,clip,DeLTA_sc129_1,DeLTA_sc129_1,dev,,0.1.0,datasets/DeLTA/data/clips.csv,0e188c8e516ab0b4a63e14a6edaba2c3c55657af2526bfd2d6a02dd3da72b333
mosaiq-benchmark-v0.1-candidate-20260716,mosaiq-benchmark,0.1.0-dev,delta_source_multilabel,0.1.0,DeLTA,clip,DeLTA_CT107_2,DeLTA_CT107_2,train,,0.1.0,datasets/DeLTA/data/clips.csv,c429a3677c89d6a23cd5d064bf8dd41898501d7da16a594c1a527afc9080cf77
mosaiq-benchmark-v0.1-candidate-20260716,mosaiq-benchmark,0.1.0-dev,delta_source_multilabel,0.1.0,DeLTA,clip,DeLTA_cp00_1,DeLTA_cp00_1,train,,0.1.0,datasets/DeLTA/data/clips.csv,3811ef099789e27b5cf8658aacfe7c91bb281bc4eaf6abd8882df6580519aa47
mosaiq-benchmark-v0.1-candidate-20260716,mosaiq-benchmark,0.1.0-dev,delta_source_multilabel,0.1.0,DeLTA,clip,DeLTA_SR239_1,DeLTA_SR239_1,train,,0.1.0,datasets/DeLTA/data/clips.csv,888b5e2e501dbf78acb92bd7b424381e6e1b3f2bd301d1efb0ae6c1ff628b65f
mosaiq-benchmark-v0.1-candidate-20260716,mosaiq-benchmark,0.1.0-dev,delta_source_multilabel,0.1.0,DeLTA,clip,DeLTA_RS401_1,DeLTA_RS401_1,train,,0.1.0,datasets/DeLTA/data/clips.csv,3badbc2feb149ad34118f5b2099bafd39ff047005a2f12ed6610745e97190136
mosaiq-benchmark-v0.1-candidate-20260716,mosaiq-benchmark,0.1.0-dev,delta_source_multilabel,0.1.0,DeLTA,clip,DeLTA_Rs312_2,DeLTA_Rs312_2,train,,0.1.0,datasets/DeLTA/data/clips.csv,c6e5b9965e2a5e57f2537691e50deb88529fe030cd6df32e13aef939d6025de8
mosaiq-benchmark-v0.1-candidate-20260716,mosaiq-benchmark,0.1.0-dev,delta_source_multilabel,0.1.0,DeLTA,clip,DeLTA_TS508_3,DeLTA_TS508_3,train,,0.1.0,datasets/DeLTA/data/clips.csv,2150d0a2a0f5b4de90f652980a4e2c9adc6c800f0178c056b7b0ee39cedfbeba
mosaiq-benchmark-v0.1-candidate-20260716,mosaiq-benchmark,0.1.0-dev,delta_source_multilabel,0.1.0,DeLTA,clip,DeLTA_Mc110_1,DeLTA_Mc110_1,train,,0.1.0,datasets/DeLTA/data/clips.csv,c75cc80eaeafcb10c27f45f3aff5e7f2e19c2193ef87fa461ffdcd76a37662c3
mosaiq-benchmark-v0.1-candidate-20260716,mosaiq-benchmark,0.1.0-dev,delta_source_multilabel,0.1.0,DeLTA,clip,DeLTA_MC525_2,DeLTA_MC525_2,train,,0.1.0,datasets/DeLTA/data/clips.csv,b7fb0e79cf0cc66271b2211b7ff5336f38a419e7cf02e3dea7f49fa22b04863d
mosaiq-benchmark-v0.1-candidate-20260716,mosaiq-benchmark,0.1.0-dev,delta_source_multilabel,0.1.0,DeLTA,clip,DeLTA_MG306_1,DeLTA_MG306_1,train,,0.1.0,datasets/DeLTA/data/clips.csv,e5b8299f1c2beaa5de96de0e940407535d735337907a8e042021477793e70511
mosaiq-benchmark-v0.1-candidate-20260716,mosaiq-benchmark,0.1.0-dev,delta_source_multilabel,0.1.0,DeLTA,clip,DeLTA_Pl213_1,DeLTA_Pl213_1,train,,0.1.0,datasets/DeLTA/data/clips.csv,4780a23182928170d9d6b6a62bc3a98131c72d609c39e5406622297be564cdcd
mosaiq-benchmark-v0.1-candidate-20260716,mosaiq-benchmark,0.1.0-dev,delta_source_multilabel,0.1.0,DeLTA,clip,DeLTA_TS528_2,DeLTA_TS528_2,train,,0.1.0,datasets/DeLTA/data/clips.csv,1b4521214dded0706ae54c147d5840dd6d1aa48c227b3ce74b02fadda30d258b
mosaiq-benchmark-v0.1-candidate-20260716,mosaiq-benchmark,0.1.0-dev,delta_source_multilabel,0.1.0,DeLTA,clip,DeLTA_CT544_1,DeLTA_CT544_1,train,,0.1.0,datasets/DeLTA/data/clips.csv,ae5d3103d4b8de0401bb43e0bc4a9b0bab66291cd1342082497a0a86014718e0
mosaiq-benchmark-v0.1-candidate-20260716,mosaiq-benchmark,0.1.0-dev,delta_source_multilabel,0.1.0,DeLTA,clip,DeLTA_CT517_5,DeLTA_CT517_5,dev,,0.1.0,datasets/DeLTA/data/clips.csv,6eadbb4dd5257d8f139b3d07cc9a1d42d41506ac5b827ed46008bfa3431078e8
mosaiq-benchmark-v0.1-candidate-20260716,mosaiq-benchmark,0.1.0-dev,delta_source_multilabel,0.1.0,DeLTA,clip,DeLTA_PL427_1,DeLTA_PL427_1,train,,0.1.0,datasets/DeLTA/data/clips.csv,abb8a69c43457b0f96a432e61f9729a02e33bda8c49091a7354e3656570ffbe6
mosaiq-benchmark-v0.1-candidate-20260716,mosaiq-benchmark,0.1.0-dev,delta_source_multilabel,0.1.0,DeLTA,clip,DeLTA_tm218_2,DeLTA_tm218_2,train,,0.1.0,datasets/DeLTA/data/clips.csv,4568f261e0215431452a28b0af31cf411a43d122267798efff6d6fa12f1b0eae
mosaiq-benchmark-v0.1-candidate-20260716,mosaiq-benchmark,0.1.0-dev,delta_source_multilabel,0.1.0,DeLTA,clip,DeLTA_Rs115_1,DeLTA_Rs115_1,train,,0.1.0,datasets/DeLTA/data/clips.csv,3b83573bcedf45d77c58811c103651276289a9d5d2d3822e41a20279f66a88af
mosaiq-benchmark-v0.1-candidate-20260716,mosaiq-benchmark,0.1.0-dev,delta_source_multilabel,0.1.0,DeLTA,clip,DeLTA_CT526_1,DeLTA_CT526_1,train,,0.1.0,datasets/DeLTA/data/clips.csv,82b4a46a59353bd463bba13bd7c6aacdc73348b5f48ffd62acd6f16fcf896e8c
mosaiq-benchmark-v0.1-candidate-20260716,mosaiq-benchmark,0.1.0-dev,delta_source_multilabel,0.1.0,DeLTA,clip,DeLTA_sc106_2,DeLTA_sc106_2,dev,,0.1.0,datasets/DeLTA/data/clips.csv,646858e15cdf892cc806ecd138b210b0e9e94882c3b646cbcffac9b5868d976a
mosaiq-benchmark-v0.1-candidate-20260716,mosaiq-benchmark,0.1.0-dev,delta_source_multilabel,0.1.0,DeLTA,clip,DeLTA_MC522_1,DeLTA_MC522_1,dev,,0.1.0,datasets/DeLTA/data/clips.csv,bcf50b963e449dfc466c134c7afb0f29e7ff0bf5d07683482a3b69e4644430cb
mosaiq-benchmark-v0.1-candidate-20260716,mosaiq-benchmark,0.1.0-dev,delta_source_multilabel,0.1.0,DeLTA,clip,DeLTA_CT306_2,DeLTA_CT306_2,train,,0.1.0,datasets/DeLTA/data/clips.csv,fe7c1fc69a00482553181a008f064bb023bf5d62a6f6688a2c3e1539c4bb6384
mosaiq-benchmark-v0.1-candidate-20260716,mosaiq-benchmark,0.1.0-dev,delta_source_multilabel,0.1.0,DeLTA,clip,DeLTA_PL408_2,DeLTA_PL408_2,train,,0.1.0,datasets/DeLTA/data/clips.csv,867ebabdfe075b4a641dc2f997d804fc2e351b44adbba8f4d8659fa53e4c86f2
mosaiq-benchmark-v0.1-candidate-20260716,mosaiq-benchmark,0.1.0-dev,delta_source_multilabel,0.1.0,DeLTA,clip,DeLTA_RP323_1,DeLTA_RP323_1,train,,0.1.0,datasets/DeLTA/data/clips.csv,8e81a77cb84c58bbf3680df4092db729c8217230b616e16c1d597ba49a51a27d
mosaiq-benchmark-v0.1-candidate-20260716,mosaiq-benchmark,0.1.0-dev,delta_source_multilabel,0.1.0,DeLTA,clip,DeLTA_SM303_1,DeLTA_SM303_1,train,,0.1.0,datasets/DeLTA/data/clips.csv,e51a33775d0f3a3d9e8fa4dcf4926191bb4e425ad230ea3133b2e9f0463a1585
mosaiq-benchmark-v0.1-candidate-20260716,mosaiq-benchmark,0.1.0-dev,delta_source_multilabel,0.1.0,DeLTA,clip,DeLTA_Pl230_2,DeLTA_Pl230_2,train,,0.1.0,datasets/DeLTA/data/clips.csv,427d7288103e622fef408d68be41745a43fe67951ef8b75280354f67b31000a0
mosaiq-benchmark-v0.1-candidate-20260716,mosaiq-benchmark,0.1.0-dev,delta_source_multilabel,0.1.0,DeLTA,clip,DeLTA_Rf104_2,DeLTA_Rf104_2,train,,0.1.0,datasets/DeLTA/data/clips.csv,260cf5ce0481f5eb40c30ffaaffeafa6a16b42b72a3ac8efc6b30ac77fbd2b61
mosaiq-benchmark-v0.1-candidate-20260716,mosaiq-benchmark,0.1.0-dev,delta_source_multilabel,0.1.0,DeLTA,clip,DeLTA_RS436_1,DeLTA_RS436_1,test,,0.1.0,datasets/DeLTA/data/clips.csv,33bfaad77971905b75b8aa684722292e00a74de6b17adec387a6293186f65baa
mosaiq-benchmark-v0.1-candidate-20260716,mosaiq-benchmark,0.1.0-dev,delta_source_multilabel,0.1.0,DeLTA,clip,DeLTA_MG216_2,DeLTA_MG216_2,dev,,0.1.0,datasets/DeLTA/data/clips.csv,b1d354aea51a5fb09d88c73c7c04712ed6675f84fdd250f6d34cb9d248cc0ec7
mosaiq-benchmark-v0.1-candidate-20260716,mosaiq-benchmark,0.1.0-dev,delta_source_multilabel,0.1.0,DeLTA,clip,DeLTA_sr115_1,DeLTA_sr115_1,train,,0.1.0,datasets/DeLTA/data/clips.csv,c60ee2ef7b1aa3481b7726eb155221b1b575efa653eff1fb681a5f324a0b4379
mosaiq-benchmark-v0.1-candidate-20260716,mosaiq-benchmark,0.1.0-dev,delta_source_multilabel,0.1.0,DeLTA,clip,DeLTA_ET220_2,DeLTA_ET220_2,dev,,0.1.0,datasets/DeLTA/data/clips.csv,7468902c6c0fec66e0df57f8d01440c1b606fab4827d175ff2f0f9625e9d3668
mosaiq-benchmark-v0.1-candidate-20260716,mosaiq-benchmark,0.1.0-dev,delta_source_multilabel,0.1.0,DeLTA,clip,DeLTA_ET430_2,DeLTA_ET430_2,train,,0.1.0,datasets/DeLTA/data/clips.csv,879f0cd7cb97ab0a60804fc5674e1f668f8b4315c6dd4c94b318471ba8418d7f
mosaiq-benchmark-v0.1-candidate-20260716,mosaiq-benchmark,0.1.0-dev,delta_source_multilabel,0.1.0,DeLTA,clip,DeLTA_Rs208_1,DeLTA_Rs208_1,test,,0.1.0,datasets/DeLTA/data/clips.csv,05d788b7f444b309856f47c212c71ff9beb6a21e24d47bc7cf03a80b74236c61
mosaiq-benchmark-v0.1-candidate-20260716,mosaiq-benchmark,0.1.0-dev,delta_source_multilabel,0.1.0,DeLTA,clip,DeLTA_Rs213_1,DeLTA_Rs213_1,train,,0.1.0,datasets/DeLTA/data/clips.csv,81673b0c88be487ff0814a87688cf50fad6d56198c5b36d54ba134022000c7b8
mosaiq-benchmark-v0.1-candidate-20260716,mosaiq-benchmark,0.1.0-dev,delta_source_multilabel,0.1.0,DeLTA,clip,DeLTA_bib10_2,DeLTA_bib10_2,test,,0.1.0,datasets/DeLTA/data/clips.csv,e302ddb76bd4c8855246aed345d113334d54e4ca5d4db70be547b41f9432c58c
mosaiq-benchmark-v0.1-candidate-20260716,mosaiq-benchmark,0.1.0-dev,delta_source_multilabel,0.1.0,DeLTA,clip,DeLTA_cp13_1,DeLTA_cp13_1,train,,0.1.0,datasets/DeLTA/data/clips.csv,b1429160a14bc48178843314b599c652982079cbb72d4a59d55ee6c6480bf31b
mosaiq-benchmark-v0.1-candidate-20260716,mosaiq-benchmark,0.1.0-dev,delta_source_multilabel,0.1.0,DeLTA,clip,DeLTA_CT510_1,DeLTA_CT510_1,dev,,0.1.0,datasets/DeLTA/data/clips.csv,dd2711b4bd974fce1b3a172f10611fe8fe4ce1aa9e7efcf9f701184d4755b0c0
mosaiq-benchmark-v0.1-candidate-20260716,mosaiq-benchmark,0.1.0-dev,delta_source_multilabel,0.1.0,DeLTA,clip,DeLTA_ET424_1,DeLTA_ET424_1,train,,0.1.0,datasets/DeLTA/data/clips.csv,e55db7e33b351f592f624d6b3260d3ed9eaa3680fc6cd1ad52f9daf84d55f8b8
mosaiq-benchmark-v0.1-candidate-20260716,mosaiq-benchmark,0.1.0-dev,delta_source_multilabel,0.1.0,DeLTA,clip,DeLTA_Rs125_2,DeLTA_Rs125_2,train,,0.1.0,datasets/DeLTA/data/clips.csv,13771bd0cf085ebb4ebbb9cc02263dcc72f9f4db48d52b8a5db5dbb896c579e1
mosaiq-benchmark-v0.1-candidate-20260716,mosaiq-benchmark,0.1.0-dev,delta_source_multilabel,0.1.0,DeLTA,clip,DeLTA_MC514_2,DeLTA_MC514_2,train,,0.1.0,datasets/DeLTA/data/clips.csv,4e6e43d1391d986d30ab5ded28f64bcdd637604e916b66d483fe2539aaffddf8
mosaiq-benchmark-v0.1-candidate-20260716,mosaiq-benchmark,0.1.0-dev,delta_source_multilabel,0.1.0,DeLTA,clip,DeLTA_RS415_1,DeLTA_RS415_1,test,,0.1.0,datasets/DeLTA/data/clips.csv,c024385fad6de4749ca0cfada6101bc590e96001bfc0ec4687967f8963aeacde
mosaiq-benchmark-v0.1-candidate-20260716,mosaiq-benchmark,0.1.0-dev,delta_source_multilabel,0.1.0,DeLTA,clip,DeLTA_sc127_1,DeLTA_sc127_1,train,,0.1.0,datasets/DeLTA/data/clips.csv,34bb3a50a87bbb0f30c43c0ed858e137b63b9b43a08009a478f945a305b1690d
mosaiq-benchmark-v0.1-candidate-20260716,mosaiq-benchmark,0.1.0-dev,delta_source_multilabel,0.1.0,DeLTA,clip,DeLTA_cp5_1,DeLTA_cp5_1,train,,0.1.0,datasets/DeLTA/data/clips.csv,6849802837aab1d73f215cb58c0534aa6227110547e395327e999f3042fc17ec
mosaiq-benchmark-v0.1-candidate-20260716,mosaiq-benchmark,0.1.0-dev,delta_source_multilabel,0.1.0,DeLTA,clip,DeLTA_RF318_1,DeLTA_RF318_1,dev,,0.1.0,datasets/DeLTA/data/clips.csv,fa60757279a2a583a6ee64a1aeef4681e1a77f7f4155d488fb8ec8232491a693
mosaiq-benchmark-v0.1-candidate-20260716,mosaiq-benchmark,0.1.0-dev,delta_source_multilabel,0.1.0,DeLTA,clip,DeLTA_Rf102_2,DeLTA_Rf102_2,train,,0.1.0,datasets/DeLTA/data/clips.csv,12212e789fce520b0b1d12214f137cadbb6225418ef25ad309bbd83b3dc0fac1
mosaiq-benchmark-v0.1-candidate-20260716,mosaiq-benchmark,0.1.0-dev,delta_source_multilabel,0.1.0,DeLTA,clip,DeLTA_Rs202_2,DeLTA_Rs202_2,train,,0.1.0,datasets/DeLTA/data/clips.csv,574b2f41162c15d40c56fe16037ad0b909fcdb5276559bd720ccbc9470fa01a4
mosaiq-benchmark-v0.1-candidate-20260716,mosaiq-benchmark,0.1.0-dev,delta_source_multilabel,0.1.0,DeLTA,clip,DeLTA_sc104_1,DeLTA_sc104_1,train,,0.1.0,datasets/DeLTA/data/clips.csv,fef96890646339e429c08dc10127bce8cb39d4ae4c0d3f698397074b5879e807
mosaiq-benchmark-v0.1-candidate-20260716,mosaiq-benchmark,0.1.0-dev,delta_source_multilabel,0.1.0,DeLTA,clip,DeLTA_CT528_1,DeLTA_CT528_1,train,,0.1.0,datasets/DeLTA/data/clips.csv,5cfb38e3e0f832c2cc1b0bb9cef4e0e8fac48f5a5a68663f5e74acca1874e5bb
mosaiq-benchmark-v0.1-candidate-20260716,mosaiq-benchmark,0.1.0-dev,delta_source_multilabel,0.1.0,DeLTA,clip,DeLTA_Ts426_1,DeLTA_Ts426_1,train,,0.1.0,datasets/DeLTA/data/clips.csv,7b5bcefd6de11a68854faed63c9239f1cc22710bcee4695afd8cbcbc6464433f
mosaiq-benchmark-v0.1-candidate-20260716,mosaiq-benchmark,0.1.0-dev,delta_source_multilabel,0.1.0,DeLTA,clip,DeLTA_cv41_2,DeLTA_cv41_2,train,,0.1.0,datasets/DeLTA/data/clips.csv,96c98ab98a81c574f4f60dceae5a2752e545502c8d4b5fb0e1db2da6ea49fcc8
mosaiq-benchmark-v0.1-candidate-20260716,mosaiq-benchmark,0.1.0-dev,delta_source_multilabel,0.1.0,DeLTA,clip,DeLTA_cp8_1,DeLTA_cp8_1,train,,0.1.0,datasets/DeLTA/data/clips.csv,09841923c6bd86ff6e70d5002b5d191c1fe3aa3fc827fbd196ba74b025c3f1db
mosaiq-benchmark-v0.1-candidate-20260716,mosaiq-benchmark,0.1.0-dev,delta_source_multilabel,0.1.0,DeLTA,clip,DeLTA_ET115_2,DeLTA_ET115_2,train,,0.1.0,datasets/DeLTA/data/clips.csv,3fdbbca311e6c3f2b6da11f0e52355f982173ea030682cbe15d2511832168ad7
mosaiq-benchmark-v0.1-candidate-20260716,mosaiq-benchmark,0.1.0-dev,delta_source_multilabel,0.1.0,DeLTA,clip,DeLTA_RP307_2,DeLTA_RP307_2,train,,0.1.0,datasets/DeLTA/data/clips.csv,3408fe079b309e8ab5dfe69e46910fa2fa0d96ffc8216099b17720d69db03f57
mosaiq-benchmark-v0.1-candidate-20260716,mosaiq-benchmark,0.1.0-dev,delta_source_multilabel,0.1.0,DeLTA,clip,DeLTA_PL433_1,DeLTA_PL433_1,train,,0.1.0,datasets/DeLTA/data/clips.csv,119aafb62ed10e746358b217199e12d3d655fdafe7cb45d70e8ce40a66feffee
mosaiq-benchmark-v0.1-candidate-20260716,mosaiq-benchmark,0.1.0-dev,delta_source_multilabel,0.1.0,DeLTA,clip,DeLTA_m112_1,DeLTA_m112_1,dev,,0.1.0,datasets/DeLTA/data/clips.csv,c07528a11f2e6789bb88913e3f43313a108fc1598aced75f4de251a6029d46ca
mosaiq-benchmark-v0.1-candidate-20260716,mosaiq-benchmark,0.1.0-dev,delta_source_multilabel,0.1.0,DeLTA,clip,DeLTA_ET437_2,DeLTA_ET437_2,train,,0.1.0,datasets/DeLTA/data/clips.csv,01c602b6fb79c833a62a6e37bb1283eb559e6bb60d3dd04aa72729d393757592
mosaiq-benchmark-v0.1-candidate-20260716,mosaiq-benchmark,0.1.0-dev,delta_source_multilabel,0.1.0,DeLTA,clip,DeLTA_RP331_2,DeLTA_RP331_2,train,,0.1.0,datasets/DeLTA/data/clips.csv,2490bea916009219afc497446c8582b42105927678a70a806931179c668e7d10
mosaiq-benchmark-v0.1-candidate-20260716,mosaiq-benchmark,0.1.0-dev,delta_source_multilabel,0.1.0,DeLTA,clip,DeLTA_cv12_2,DeLTA_cv12_2,train,,0.1.0,datasets/DeLTA/data/clips.csv,11dca8d248e90b7965ee6dfa05b91371d84931319e0cfac91ae59bce1fc22788
mosaiq-benchmark-v0.1-candidate-20260716,mosaiq-benchmark,0.1.0-dev,delta_source_multilabel,0.1.0,DeLTA,clip,DeLTA_MC510_1,DeLTA_MC510_1,train,,0.1.0,datasets/DeLTA/data/clips.csv,d162ad7254def7cd293a09f3f72d5cf5b7608c0b1285d17a5f6ddf067070e500
mosaiq-benchmark-v0.1-candidate-20260716,mosaiq-benchmark,0.1.0-dev,delta_source_multilabel,0.1.0,DeLTA,clip,DeLTA_RS439_2,DeLTA_RS439_2,train,,0.1.0,datasets/DeLTA/data/clips.csv,94e71d511975c878a3544c1ad6a98a47f22df381ff44a15302dcbead87a4fbc4
mosaiq-benchmark-v0.1-candidate-20260716,mosaiq-benchmark,0.1.0-dev,delta_source_multilabel,0.1.0,DeLTA,clip,DeLTA_ET404_1,DeLTA_ET404_1,test,,0.1.0,datasets/DeLTA/data/clips.csv,e1607bb3a5cc85fb364f591974d5bf026b51abf79959db5d8223b8f0ef273122
mosaiq-benchmark-v0.1-candidate-20260716,mosaiq-benchmark,0.1.0-dev,delta_source_multilabel,0.1.0,DeLTA,clip,DeLTA_MC528_1,DeLTA_MC528_1,dev,,0.1.0,datasets/DeLTA/data/clips.csv,82707e4ea529db139bf5a1d3e9907328f913240239d8331657ee67325bc9938e
mosaiq-benchmark-v0.1-candidate-20260716,mosaiq-benchmark,0.1.0-dev,delta_source_multilabel,0.1.0,DeLTA,clip,DeLTA_CT538_1,DeLTA_CT538_1,train,,0.1.0,datasets/DeLTA/data/clips.csv,9ee428574caa56035698ab41b77fb979cce468c5036169a1a8e4f01b61e6c691
mosaiq-benchmark-v0.1-candidate-20260716,mosaiq-benchmark,0.1.0-dev,delta_source_multilabel,0.1.0,DeLTA,clip,DeLTA_CT405_1,DeLTA_CT405_1,train,,0.1.0,datasets/DeLTA/data/clips.csv,63093f8095d3240a298578c5632f79a53c9793e7ba9360f2843c73b4adcd51b0
mosaiq-benchmark-v0.1-candidate-20260716,mosaiq-benchmark,0.1.0-dev,delta_source_multilabel,0.1.0,DeLTA,clip,DeLTA_Rs325_2,DeLTA_Rs325_2,train,,0.1.0,datasets/DeLTA/data/clips.csv,38030a200f838f75d86f058d8de3a3bc7787c11581349e59d02f54cd4179f1e5
mosaiq-benchmark-v0.1-candidate-20260716,mosaiq-benchmark,0.1.0-dev,delta_source_multilabel,0.1.0,DeLTA,clip,DeLTA_PL325_2,DeLTA_PL325_2,train,,0.1.0,datasets/DeLTA/data/clips.csv,495cd5cbabd57e01375ec14ae67c63230ddb900403e2dfc5842d4da9a63fc294
mosaiq-benchmark-v0.1-candidate-20260716,mosaiq-benchmark,0.1.0-dev,delta_source_multilabel,0.1.0,DeLTA,clip,DeLTA_SC215_2,DeLTA_SC215_2,train,,0.1.0,datasets/DeLTA/data/clips.csv,dfa5591cac866b1a90c93d2eb2b0d750af53874d06e10001c5fc44fe7f730b4c
mosaiq-benchmark-v0.1-candidate-20260716,mosaiq-benchmark,0.1.0-dev,delta_source_multilabel,0.1.0,DeLTA,clip,DeLTA_bib8_1,DeLTA_bib8_1,dev,,0.1.0,datasets/DeLTA/data/clips.csv,c86e60b065d90849904675345029cb0da31608f6df3a4daccfbc97495b2c6b36
mosaiq-benchmark-v0.1-candidate-20260716,mosaiq-benchmark,0.1.0-dev,delta_source_multilabel,0.1.0,DeLTA,clip,DeLTA_TS501_2,DeLTA_TS501_2,train,,0.1.0,datasets/DeLTA/data/clips.csv,2ec11e6e37f289d750d70db603c9179297a5d50d514d6557ae36edb7738817fc
mosaiq-benchmark-v0.1-candidate-20260716,mosaiq-benchmark,0.1.0-dev,delta_source_multilabel,0.1.0,DeLTA,clip,DeLTA_Rs204_2,DeLTA_Rs204_2,train,,0.1.0,datasets/DeLTA/data/clips.csv,2d472061b96a2541c57da329efcabc9e230620f2ecfec824dad29c027c4bcba0
mosaiq-benchmark-v0.1-candidate-20260716,mosaiq-benchmark,0.1.0-dev,delta_source_multilabel,0.1.0,DeLTA,clip,DeLTA_Mc316_2,DeLTA_Mc316_2,train,,0.1.0,datasets/DeLTA/data/clips.csv,12e234cc01fe717536a555c1e998db894d043fce7aec8f535ff10ad402bc863e
mosaiq-benchmark-v0.1-candidate-20260716,mosaiq-benchmark,0.1.0-dev,delta_source_multilabel,0.1.0,DeLTA,clip,DeLTA_bib9_2,DeLTA_bib9_2,train,,0.1.0,datasets/DeLTA/data/clips.csv,a0aa0789afe0c8855a31a4df07c7aa8cbd290b5524245d97494a9c313e905676
mosaiq-benchmark-v0.1-candidate-20260716,mosaiq-benchmark,0.1.0-dev,delta_source_multilabel,0.1.0,DeLTA,clip,DeLTA_PL303_1,DeLTA_PL303_1,train,,0.1.0,datasets/DeLTA/data/clips.csv,c5410bc48a8a18a37458ee7fa7708e710cbea9b76680b31ae6ea3392f666cdf8
mosaiq-benchmark-v0.1-candidate-20260716,mosaiq-benchmark,0.1.0-dev,delta_source_multilabel,0.1.0,DeLTA,clip,DeLTA_PL331_2,DeLTA_PL331_2,train,,0.1.0,datasets/DeLTA/data/clips.csv,66b3a8b17b90e8720c2d3726a7d914c89a119bb41b5ee960ffd450e4ff532245
mosaiq-benchmark-v0.1-candidate-20260716,mosaiq-benchmark,0.1.0-dev,delta_source_multilabel,0.1.0,DeLTA,clip,DeLTA_ML211_1,DeLTA_ML211_1,train,,0.1.0,datasets/DeLTA/data/clips.csv,c4383cf3e2e491b8439fa9a6fcee61c30d78222499f70cc08505f52f12635b11
mosaiq-benchmark-v0.1-candidate-20260716,mosaiq-benchmark,0.1.0-dev,delta_source_multilabel,0.1.0,DeLTA,clip,DeLTA_ts204_2,DeLTA_ts204_2,train,,0.1.0,datasets/DeLTA/data/clips.csv,bb4fbe78b0d658c22dbeff7fb1163b48924f3e226e5a1c0b359a248b662f10b2
mosaiq-benchmark-v0.1-candidate-20260716,mosaiq-benchmark,0.1.0-dev,delta_source_multilabel,0.1.0,DeLTA,clip,DeLTA_m16_1,DeLTA_m16_1,dev,,0.1.0,datasets/DeLTA/data/clips.csv,219b5a49d4e575e18cac30285db8c2f0911bcc6ba904b2241125a4f78b9eaa1c
mosaiq-benchmark-v0.1-candidate-20260716,mosaiq-benchmark,0.1.0-dev,delta_source_multilabel,0.1.0,DeLTA,clip,DeLTA_NP101_1,DeLTA_NP101_1,train,,0.1.0,datasets/DeLTA/data/clips.csv,f0ec83bce5ed57b3526358b4b10d309dce67bc782265e4eb146761fabda4f780
mosaiq-benchmark-v0.1-candidate-20260716,mosaiq-benchmark,0.1.0-dev,delta_source_multilabel,0.1.0,DeLTA,clip,DeLTA_SC218_1,DeLTA_SC218_1,test,,0.1.0,datasets/DeLTA/data/clips.csv,10f99f2dd67fdb03dda3a1b7dc35b25fc159e7a9a6921648b6ac712448760be0
mosaiq-benchmark-v0.1-candidate-20260716,mosaiq-benchmark,0.1.0-dev,delta_source_multilabel,0.1.0,DeLTA,clip,DeLTA_CT505_1,DeLTA_CT505_1,train,,0.1.0,datasets/DeLTA/data/clips.csv,b3c9150da3b3328857888c45a19c566292630f0b928e68089de09bd4b85d8c02
mosaiq-benchmark-v0.1-candidate-20260716,mosaiq-benchmark,0.1.0-dev,delta_source_multilabel,0.1.0,DeLTA,clip,DeLTA_sc121_2,DeLTA_sc121_2,train,,0.1.0,datasets/DeLTA/data/clips.csv,c324a712a54c12501fff66685db1ccc299d0a044f99eecba4ea5598be361ac64
mosaiq-benchmark-v0.1-candidate-20260716,mosaiq-benchmark,0.1.0-dev,delta_source_multilabel,0.1.0,DeLTA,clip,DeLTA_TS536_2,DeLTA_TS536_2,train,,0.1.0,datasets/DeLTA/data/clips.csv,511c99cdd6d79ea160fb3046c511cb37de77d0e0381a7ee6c130a69d96f28616
mosaiq-benchmark-v0.1-candidate-20260716,mosaiq-benchmark,0.1.0-dev,delta_source_multilabel,0.1.0,DeLTA,clip,DeLTA_NP141_1,DeLTA_NP141_1,train,,0.1.0,datasets/DeLTA/data/clips.csv,5681840818e7788f8039e8d0838dd25b16a5730c30ecef1352296e889b04b157
mosaiq-benchmark-v0.1-candidate-20260716,mosaiq-benchmark,0.1.0-dev,delta_source_multilabel,0.1.0,DeLTA,clip,DeLTA_TM420_2,DeLTA_TM420_2,test,,0.1.0,datasets/DeLTA/data/clips.csv,5666451b9c9d0046401d1f2cf08c4da3ca5c1560d739ca7c9679d7282b4dde46
mosaiq-benchmark-v0.1-candidate-20260716,mosaiq-benchmark,0.1.0-dev,delta_source_multilabel,0.1.0,DeLTA,clip,DeLTA_ET421_1,DeLTA_ET421_1,train,,0.1.0,datasets/DeLTA/data/clips.csv,d2577a433d283b70bc0361430008292d74403f5eb349fe89df41a88be2ac6c8c
mosaiq-benchmark-v0.1-candidate-20260716,mosaiq-benchmark,0.1.0-dev,delta_source_multilabel,0.1.0,DeLTA,clip,DeLTA_RF306_2,DeLTA_RF306_2,train,,0.1.0,datasets/DeLTA/data/clips.csv,2dcb89094feb9324afd818c2f69969e02f6eddacd0f483531a2a906fac2d0d60
mosaiq-benchmark-v0.1-candidate-20260716,mosaiq-benchmark,0.1.0-dev,delta_source_multilabel,0.1.0,DeLTA,clip,DeLTA_tm318_1,DeLTA_tm318_1,test,,0.1.0,datasets/DeLTA/data/clips.csv,9effcd713f1408018df7cf3178d914978eabc74a6b1b5f36126e3fed799ada4d
mosaiq-benchmark-v0.1-candidate-20260716,mosaiq-benchmark,0.1.0-dev,delta_source_multilabel,0.1.0,DeLTA,clip,DeLTA_Rp212_2,DeLTA_Rp212_2,train,,0.1.0,datasets/DeLTA/data/clips.csv,fbc76a136aa6e5acadcfb23d924636571fe3baf9b4ae701f13a3c8ed96277613
mosaiq-benchmark-v0.1-candidate-20260716,mosaiq-benchmark,0.1.0-dev,delta_source_multilabel,0.1.0,DeLTA,clip,DeLTA_cp3_2,DeLTA_cp3_2,train,,0.1.0,datasets/DeLTA/data/clips.csv,e73f8f3500a9d18226e33de38c16a2915f2bc836df5df67d91a37cc7fc2f486d
mosaiq-benchmark-v0.1-candidate-20260716,mosaiq-benchmark,0.1.0-dev,delta_source_multilabel,0.1.0,DeLTA,clip,DeLTA_SM504_2,DeLTA_SM504_2,train,,0.1.0,datasets/DeLTA/data/clips.csv,20d9dcf02d69cca0afb506476fbee1c68c69adeb6ec24ce36748335de8b33708
mosaiq-benchmark-v0.1-candidate-20260716,mosaiq-benchmark,0.1.0-dev,delta_source_multilabel,0.1.0,DeLTA,clip,DeLTA_PL324_2,DeLTA_PL324_2,train,,0.1.0,datasets/DeLTA/data/clips.csv,5a97ce80d6bab840b20ad78159fedf65308ca622b8da6c708847ca190fd5cbef
mosaiq-benchmark-v0.1-candidate-20260716,mosaiq-benchmark,0.1.0-dev,delta_source_multilabel,0.1.0,DeLTA,clip,DeLTA_Rf206_1,DeLTA_Rf206_1,train,,0.1.0,datasets/DeLTA/data/clips.csv,adeb70d35d5dfa35aa3ee649e50e032bcc1107767fbbdecd78772e259854a209
mosaiq-benchmark-v0.1-candidate-20260716,mosaiq-benchmark,0.1.0-dev,delta_source_multilabel,0.1.0,DeLTA,clip,DeLTA_Rf140_1,DeLTA_Rf140_1,train,,0.1.0,datasets/DeLTA/data/clips.csv,06f0c5644594766446cee6ab4cc1df74da591a196947864844dc0118617cb490
mosaiq-benchmark-v0.1-candidate-20260716,mosaiq-benchmark,0.1.0-dev,delta_source_multilabel,0.1.0,DeLTA,clip,DeLTA_SM312_2,DeLTA_SM312_2,train,,0.1.0,datasets/DeLTA/data/clips.csv,72070690b6c2d862f942b6d18ac98f668fe72f7393f832502670225981f637f7
mosaiq-benchmark-v0.1-candidate-20260716,mosaiq-benchmark,0.1.0-dev,delta_source_multilabel,0.1.0,DeLTA,clip,DeLTA_ML210_1,DeLTA_ML210_1,dev,,0.1.0,datasets/DeLTA/data/clips.csv,433ffbb0dff1813472c408fda5a788db80d8ee7e80679df14f64a768c8bd0796
mosaiq-benchmark-v0.1-candidate-20260716,mosaiq-benchmark,0.1.0-dev,delta_source_multilabel,0.1.0,DeLTA,clip,DeLTA_NP110_1,DeLTA_NP110_1,test,,0.1.0,datasets/DeLTA/data/clips.csv,f0b686fef3b899d4ffb51a7ae26a4026400d6e28865c7f8562750b772ff6ddae
mosaiq-benchmark-v0.1-candidate-20260716,mosaiq-benchmark,0.1.0-dev,delta_source_multilabel,0.1.0,DeLTA,clip,DeLTA_RS422_2,DeLTA_RS422_2,dev,,0.1.0,datasets/DeLTA/data/clips.csv,783f0185fbecf15150adc3b775c99bfc84f0c90f81ab4b69295b3ead72aca315
mosaiq-benchmark-v0.1-candidate-20260716,mosaiq-benchmark,0.1.0-dev,delta_source_multilabel,0.1.0,DeLTA,clip,DeLTA_Rs108_2,DeLTA_Rs108_2,train,,0.1.0,datasets/DeLTA/data/clips.csv,57ab2ae604d4ea34a80673d3299d7ce091ceb7185be6eb9f82647438f664d705
mosaiq-benchmark-v0.1-candidate-20260716,mosaiq-benchmark,0.1.0-dev,delta_source_multilabel,0.1.0,DeLTA,clip,DeLTA_tm108_1,DeLTA_tm108_1,train,,0.1.0,datasets/DeLTA/data/clips.csv,e3c10e67ce77686918588d0877352a1eced02f829aabb2f44e53009dfb968e22
mosaiq-benchmark-v0.1-candidate-20260716,mosaiq-benchmark,0.1.0-dev,delta_source_multilabel,0.1.0,DeLTA,clip,DeLTA_NP128_2,DeLTA_NP128_2,dev,,0.1.0,datasets/DeLTA/data/clips.csv,d9e25e5de1f9651d1b7ec71c09b98db4b952e1b8c1741290a7b65267356e777c
mosaiq-benchmark-v0.1-candidate-20260716,mosaiq-benchmark,0.1.0-dev,delta_source_multilabel,0.1.0,DeLTA,clip,DeLTA_ET203_1,DeLTA_ET203_1,dev,,0.1.0,datasets/DeLTA/data/clips.csv,a7cbc217353c587d7418dcdaf7e07bc730704da387e52730cc841e3619507413
mosaiq-benchmark-v0.1-candidate-20260716,mosaiq-benchmark,0.1.0-dev,delta_source_multilabel,0.1.0,DeLTA,clip,DeLTA_RF310_2,DeLTA_RF310_2,test,,0.1.0,datasets/DeLTA/data/clips.csv,0304fa43b6e9a5e6f7f96cb19427a46e3490db1c724f5c2e498108f14fccf00b
mosaiq-benchmark-v0.1-candidate-20260716,mosaiq-benchmark,0.1.0-dev,delta_source_multilabel,0.1.0,DeLTA,clip,DeLTA_ET402_1,DeLTA_ET402_1,train,,0.1.0,datasets/DeLTA/data/clips.csv,dc4c70732901cca2227bf802f6d310abe15025416c2fc3af401d936e3678aa33
mosaiq-benchmark-v0.1-candidate-20260716,mosaiq-benchmark,0.1.0-dev,delta_source_multilabel,0.1.0,DeLTA,clip,DeLTA_tm104_2,DeLTA_tm104_2,train,,0.1.0,datasets/DeLTA/data/clips.csv,8b357b865b34d5c5a74bae78ce7fb7d6df524dadd7997d9e3325e761123f5e78
mosaiq-benchmark-v0.1-candidate-20260716,mosaiq-benchmark,0.1.0-dev,delta_source_multilabel,0.1.0,DeLTA,clip,DeLTA_Rf217_2,DeLTA_Rf217_2,train,,0.1.0,datasets/DeLTA/data/clips.csv,d763a3b27dd085cd185e0d0427f75677fc6868b12cbc5e4959c60fdc59eb9f1c
mosaiq-benchmark-v0.1-candidate-20260716,mosaiq-benchmark,0.1.0-dev,delta_source_multilabel,0.1.0,DeLTA,clip,DeLTA_NP147_1,DeLTA_NP147_1,train,,0.1.0,datasets/DeLTA/data/clips.csv,bc80653970783fcfcc3149ff0a5104501252a45b6238b68d3bee9511eaff1e8a
mosaiq-benchmark-v0.1-candidate-20260716,mosaiq-benchmark,0.1.0-dev,delta_source_multilabel,0.1.0,DeLTA,clip,DeLTA_SC221_2,DeLTA_SC221_2,train,,0.1.0,datasets/DeLTA/data/clips.csv,65e4b4c439ea5ce1efa504cd4d498150a4f4123673cf2d478d3a729357692805
mosaiq-benchmark-v0.1-candidate-20260716,mosaiq-benchmark,0.1.0-dev,delta_source_multilabel,0.1.0,DeLTA,clip,DeLTA_PL303_2,DeLTA_PL303_2,train,,0.1.0,datasets/DeLTA/data/clips.csv,bbaf541eec00d3a03f971f27e7a4fcc199eb0ed11f5760d43118596fc1548857
mosaiq-benchmark-v0.1-candidate-20260716,mosaiq-benchmark,0.1.0-dev,delta_source_multilabel,0.1.0,DeLTA,clip,DeLTA_TM415_2,DeLTA_TM415_2,train,,0.1.0,datasets/DeLTA/data/clips.csv,fe064b67d4193f6fef974c4faa786d5461b60a60c3789c59a37742373492a50f
mosaiq-benchmark-v0.1-candidate-20260716,mosaiq-benchmark,0.1.0-dev,delta_source_multilabel,0.1.0,DeLTA,clip,DeLTA_NP138_1,DeLTA_NP138_1,test,,0.1.0,datasets/DeLTA/data/clips.csv,d13adc48aef7cf3309876c01b827605e7ddc442563067c90d5067e3df91ee177
mosaiq-benchmark-v0.1-candidate-20260716,mosaiq-benchmark,0.1.0-dev,delta_source_multilabel,0.1.0,DeLTA,clip,DeLTA_CT530_1,DeLTA_CT530_1,train,,0.1.0,datasets/DeLTA/data/clips.csv,33acc699ab01cd01e2de95cbb1215b1de59932b58c1c87bda7d114462ba45dd8
mosaiq-benchmark-v0.1-candidate-20260716,mosaiq-benchmark,0.1.0-dev,delta_source_multilabel,0.1.0,DeLTA,clip,DeLTA_RP310_2,DeLTA_RP310_2,train,,0.1.0,datasets/DeLTA/data/clips.csv,ca7fd0a50c811376de9040cd703b87b3ea43d9752100aaf0ba7d88799dc45e81
mosaiq-benchmark-v0.1-candidate-20260716,mosaiq-benchmark,0.1.0-dev,delta_source_multilabel,0.1.0,DeLTA,clip,DeLTA_Pl112_1,DeLTA_Pl112_1,train,,0.1.0,datasets/DeLTA/data/clips.csv,65b215ba00f28a05c17f2f61e820f063d04ceb3ac84a6b84681d5c8569b59cb9
mosaiq-benchmark-v0.1-candidate-20260716,mosaiq-benchmark,0.1.0-dev,delta_source_multilabel,0.1.0,DeLTA,clip,DeLTA_Rs224_2,DeLTA_Rs224_2,train,,0.1.0,datasets/DeLTA/data/clips.csv,5de2f6f25762b67862ceb29c619d4f37c5be53353a4fd7361e93a8a5db312622
mosaiq-benchmark-v0.1-candidate-20260716,mosaiq-benchmark,0.1.0-dev,delta_source_multilabel,0.1.0,DeLTA,clip,DeLTA_TM419_1,DeLTA_TM419_1,train,,0.1.0,datasets/DeLTA/data/clips.csv,b6db974e77697b5b0d76e258074f4c54f03cb7034a89e22ea03b39f53d461eef
mosaiq-benchmark-v0.1-candidate-20260716,mosaiq-benchmark,0.1.0-dev,delta_source_multilabel,0.1.0,DeLTA,clip,DeLTA_Rs310_1,DeLTA_Rs310_1,train,,0.1.0,datasets/DeLTA/data/clips.csv,8486cce1f41e92e949b0ea819162976f22fa8f551a1064dba065e183062ec81d
mosaiq-benchmark-v0.1-candidate-20260716,mosaiq-benchmark,0.1.0-dev,delta_source_multilabel,0.1.0,DeLTA,clip,DeLTA_Rp219_1,DeLTA_Rp219_1,train,,0.1.0,datasets/DeLTA/data/clips.csv,0e84b3afa5e506f3635b4be0053c99f269ba6e43d9ca46c81596d450826f6558
mosaiq-benchmark-v0.1-candidate-20260716,mosaiq-benchmark,0.1.0-dev,delta_source_multilabel,0.1.0,DeLTA,clip,DeLTA_ML131_3,DeLTA_ML131_3,train,,0.1.0,datasets/DeLTA/data/clips.csv,ccd61a0709199d76ea3f90c22f1fb9ae4f1f26a840a0752c7ad7ee57c4579b44
mosaiq-benchmark-v0.1-candidate-20260716,mosaiq-benchmark,0.1.0-dev,delta_source_multilabel,0.1.0,DeLTA,clip,DeLTA_SC217_1,DeLTA_SC217_1,dev,,0.1.0,datasets/DeLTA/data/clips.csv,a498bc31ac661f463cb5862ff887a14fcbaf13234a2ce4a7fb8918bc0a2a813d
mosaiq-benchmark-v0.1-candidate-20260716,mosaiq-benchmark,0.1.0-dev,delta_source_multilabel,0.1.0,DeLTA,clip,DeLTA_SM507_1,DeLTA_SM507_1,train,,0.1.0,datasets/DeLTA/data/clips.csv,ac72e260c2fcd0f848c27d78b614a043fa73e21289efc71d5f011b952aef42f1
mosaiq-benchmark-v0.1-candidate-20260716,mosaiq-benchmark,0.1.0-dev,delta_source_multilabel,0.1.0,DeLTA,clip,DeLTA_CT506_1,DeLTA_CT506_1,train,,0.1.0,datasets/DeLTA/data/clips.csv,7123c5898af2131613909e6fbe9dd57fde32fcaebdbdce5aade2c9d17580fd9b
mosaiq-benchmark-v0.1-candidate-20260716,mosaiq-benchmark,0.1.0-dev,delta_source_multilabel,0.1.0,DeLTA,clip,DeLTA_Mc409_2,DeLTA_Mc409_2,train,,0.1.0,datasets/DeLTA/data/clips.csv,a583be1ca149b459ef15c5581d8f729b6095ad0935bbd2e4d85494199df08979
mosaiq-benchmark-v0.1-candidate-20260716,mosaiq-benchmark,0.1.0-dev,delta_source_multilabel,0.1.0,DeLTA,clip,DeLTA_tm336_1,DeLTA_tm336_1,train,,0.1.0,datasets/DeLTA/data/clips.csv,a869fd7619dde7bb1e0fd3372a15c43dd5bf74188f218b1995a2601fbddc9e88
mosaiq-benchmark-v0.1-candidate-20260716,mosaiq-benchmark,0.1.0-dev,delta_source_multilabel,0.1.0,DeLTA,clip,DeLTA_MG334_2,DeLTA_MG334_2,train,,0.1.0,datasets/DeLTA/data/clips.csv,3c1fe72ed75427ff70f61435cd26a846af4ea53111bc09a70c1b3ccce0bf2336
mosaiq-benchmark-v0.1-candidate-20260716,mosaiq-benchmark,0.1.0-dev,delta_source_multilabel,0.1.0,DeLTA,clip,DeLTA_NP118_2,DeLTA_NP118_2,train,,0.1.0,datasets/DeLTA/data/clips.csv,9bb68caa66700b45ba66276dba7a5d2f910ff9aff88d2d13667ade9769bb0e33
mosaiq-benchmark-v0.1-candidate-20260716,mosaiq-benchmark,0.1.0-dev,delta_source_multilabel,0.1.0,DeLTA,clip,DeLTA_sc109_1,DeLTA_sc109_1,train,,0.1.0,datasets/DeLTA/data/clips.csv,bd0198903abeedb7f44a36af75686e97d85b5b5424d27f04a2ed09713c51dbb3
mosaiq-benchmark-v0.1-candidate-20260716,mosaiq-benchmark,0.1.0-dev,delta_source_multilabel,0.1.0,DeLTA,clip,DeLTA_PL432_1,DeLTA_PL432_1,train,,0.1.0,datasets/DeLTA/data/clips.csv,c70f14f016ab0c95b60794ca2f6d16bed9309b2a3e2993daf89d15f5df7ebdd8
mosaiq-benchmark-v0.1-candidate-20260716,mosaiq-benchmark,0.1.0-dev,delta_source_multilabel,0.1.0,DeLTA,clip,DeLTA_sr132_2,DeLTA_sr132_2,dev,,0.1.0,datasets/DeLTA/data/clips.csv,70a1b82ac878357ba7f1df22baf7acf165b2eba9d07ec4e29fb36f29f3412350
mosaiq-benchmark-v0.1-candidate-20260716,mosaiq-benchmark,0.1.0-dev,delta_source_multilabel,0.1.0,DeLTA,clip,DeLTA_ET105_1,DeLTA_ET105_1,dev,,0.1.0,datasets/DeLTA/data/clips.csv,1cd4444cd2c51ca0c34363d1ef8fc0d40a544b68c2c9c0286b97c9143ba9f64f
mosaiq-benchmark-v0.1-candidate-20260716,mosaiq-benchmark,0.1.0-dev,delta_source_multilabel,0.1.0,DeLTA,clip,DeLTA_Rp215_2,DeLTA_Rp215_2,train,,0.1.0,datasets/DeLTA/data/clips.csv,fc12c044df0de9d496556b571fa6c43ea305fde45b37dddebdc6abcfdeb39242
mosaiq-benchmark-v0.1-candidate-20260716,mosaiq-benchmark,0.1.0-dev,delta_source_multilabel,0.1.0,DeLTA,clip,DeLTA_MC536_1,DeLTA_MC536_1,dev,,0.1.0,datasets/DeLTA/data/clips.csv,6c25057533a8c7de9a72450003caee5f8698bf9abc9ff05317a7ae786c183275
mosaiq-benchmark-v0.1-candidate-20260716,mosaiq-benchmark,0.1.0-dev,delta_source_multilabel,0.1.0,DeLTA,clip,DeLTA_Mc334_2,DeLTA_Mc334_2,train,,0.1.0,datasets/DeLTA/data/clips.csv,705e559b248e35238e5dacb4f5c694f9db559f214972061ce2100d8b9c621703
mosaiq-benchmark-v0.1-candidate-20260716,mosaiq-benchmark,0.1.0-dev,delta_source_multilabel,0.1.0,DeLTA,clip,DeLTA_CT511_2,DeLTA_CT511_2,train,,0.1.0,datasets/DeLTA/data/clips.csv,7bea6905a1417469eb2c95678672896ee0ee8fca3e42c140c2901d25c2fdd6f5
mosaiq-benchmark-v0.1-candidate-20260716,mosaiq-benchmark,0.1.0-dev,delta_source_multilabel,0.1.0,DeLTA,clip,DeLTA_ts323_1,DeLTA_ts323_1,train,,0.1.0,datasets/DeLTA/data/clips.csv,65f16f6c29260c1d4fe8dac24c8039d37084e36f31bb4441f98ca0f7a32b559b
mosaiq-benchmark-v0.1-candidate-20260716,mosaiq-benchmark,0.1.0-dev,delta_source_multilabel,0.1.0,DeLTA,clip,DeLTA_SM415_2,DeLTA_SM415_2,train,,0.1.0,datasets/DeLTA/data/clips.csv,f75cb126b08627c46c4d7d3f9809e3289f5db978237f9896983d9bddb0ecb8f2
mosaiq-benchmark-v0.1-candidate-20260716,mosaiq-benchmark,0.1.0-dev,delta_source_multilabel,0.1.0,DeLTA,clip,DeLTA_RS404_1,DeLTA_RS404_1,train,,0.1.0,datasets/DeLTA/data/clips.csv,a9cc5953f70657c61d1e2fea0e6a1ee1f3be08687e54a11b557bab16539ed184
mosaiq-benchmark-v0.1-candidate-20260716,mosaiq-benchmark,0.1.0-dev,delta_source_multilabel,0.1.0,DeLTA,clip,DeLTA_RS417_2,DeLTA_RS417_2,test,,0.1.0,datasets/DeLTA/data/clips.csv,aed5850bfba09b53e7671ae2d15e1549f71de14b65abc536ae8e3e2fa8f64953
mosaiq-benchmark-v0.1-candidate-20260716,mosaiq-benchmark,0.1.0-dev,delta_source_multilabel,0.1.0,DeLTA,clip,DeLTA_TS535_1,DeLTA_TS535_1,train,,0.1.0,datasets/DeLTA/data/clips.csv,a832c92f900c5cf8ab5883bb619b0cc9c6186d62d172a294d95e4e2cfd08e2e3
mosaiq-benchmark-v0.1-candidate-20260716,mosaiq-benchmark,0.1.0-dev,delta_source_multilabel,0.1.0,DeLTA,clip,DeLTA_PL406_1,DeLTA_PL406_1,train,,0.1.0,datasets/DeLTA/data/clips.csv,dd6c49854750edacde3e4c5b89fa1392d1323d97a9067d83707168ef76e7285f
mosaiq-benchmark-v0.1-candidate-20260716,mosaiq-benchmark,0.1.0-dev,delta_source_multilabel,0.1.0,DeLTA,clip,DeLTA_ML208_3,DeLTA_ML208_3,train,,0.1.0,datasets/DeLTA/data/clips.csv,faac3f7a3b3ea3c1a9e84124d89c0ade3945b08f80bec1e4502315a75adbf09b
mosaiq-benchmark-v0.1-candidate-20260716,mosaiq-benchmark,0.1.0-dev,delta_source_multilabel,0.1.0,DeLTA,clip,DeLTA_SR203_2,DeLTA_SR203_2,train,,0.1.0,datasets/DeLTA/data/clips.csv,7bf70aebbc21297e457cb86b6163ba0283ff2c0d9f58ae9bf3df00eb4ae3bac3
mosaiq-benchmark-v0.1-candidate-20260716,mosaiq-benchmark,0.1.0-dev,delta_source_multilabel,0.1.0,DeLTA,clip,DeLTA_RF322_1,DeLTA_RF322_1,train,,0.1.0,datasets/DeLTA/data/clips.csv,eb2db8cacac1b3e2e8b68ab5db671caa3b9951e9c388dc08520bcb4a9788598e
mosaiq-benchmark-v0.1-candidate-20260716,mosaiq-benchmark,0.1.0-dev,delta_source_multilabel,0.1.0,DeLTA,clip,DeLTA_ts230_1,DeLTA_ts230_1,dev,,0.1.0,datasets/DeLTA/data/clips.csv,80d39918907f944104d0fedf838578d15d18804d40a8c848f9ade526a82f5908
mosaiq-benchmark-v0.1-candidate-20260716,mosaiq-benchmark,0.1.0-dev,delta_source_multilabel,0.1.0,DeLTA,clip,DeLTA_bib9_1,DeLTA_bib9_1,dev,,0.1.0,datasets/DeLTA/data/clips.csv,a84ff9fff3e0f4512e60778ff2bb8464757e3257e0596018894d1cd33083ef93
mosaiq-benchmark-v0.1-candidate-20260716,mosaiq-benchmark,0.1.0-dev,delta_source_multilabel,0.1.0,DeLTA,clip,DeLTA_CT323_2,DeLTA_CT323_2,train,,0.1.0,datasets/DeLTA/data/clips.csv,4852eba897f407de2702db139c371abbb12c4866e00fc69daae53a64564c04bc
mosaiq-benchmark-v0.1-candidate-20260716,mosaiq-benchmark,0.1.0-dev,delta_source_multilabel,0.1.0,DeLTA,clip,DeLTA_CT329_1,DeLTA_CT329_1,test,,0.1.0,datasets/DeLTA/data/clips.csv,631a702b80c87e9297b355404eafafe85d198eb94386d370c272fae05d7053bf
mosaiq-benchmark-v0.1-candidate-20260716,mosaiq-benchmark,0.1.0-dev,delta_source_multilabel,0.1.0,DeLTA,clip,DeLTA_Rf218_1,DeLTA_Rf218_1,train,,0.1.0,datasets/DeLTA/data/clips.csv,401eb5208dda0a524ba26bbe96fcbdca4b51ee5621a839100e57763295c193f2
mosaiq-benchmark-v0.1-candidate-20260716,mosaiq-benchmark,0.1.0-dev,delta_source_multilabel,0.1.0,DeLTA,clip,DeLTA_RS411_2,DeLTA_RS411_2,train,,0.1.0,datasets/DeLTA/data/clips.csv,0438aca34741c7a9b68b1dc88a87ca4615ba384ade325195130e12fa124add8c
mosaiq-benchmark-v0.1-candidate-20260716,mosaiq-benchmark,0.1.0-dev,delta_source_multilabel,0.1.0,DeLTA,clip,DeLTA_Mc410_2,DeLTA_Mc410_2,train,,0.1.0,datasets/DeLTA/data/clips.csv,4487b283cec33ad6f05b972423d97ac8046aa05d9e76558c9aaabfb4d1708eec
mosaiq-benchmark-v0.1-candidate-20260716,mosaiq-benchmark,0.1.0-dev,delta_source_multilabel,0.1.0,DeLTA,clip,DeLTA_TM434_1,DeLTA_TM434_1,dev,,0.1.0,datasets/DeLTA/data/clips.csv,5f0ec2a263f7f6e144acf5045916769afc79c75da3fb1c340aea7b372085ab78
mosaiq-benchmark-v0.1-candidate-20260716,mosaiq-benchmark,0.1.0-dev,delta_source_multilabel,0.1.0,DeLTA,clip,DeLTA_ts320_1,DeLTA_ts320_1,test,,0.1.0,datasets/DeLTA/data/clips.csv,7c669a5628cd887e7b9e74c7e99168f1840c9da90e660b20be80c3cc099ebd69
mosaiq-benchmark-v0.1-candidate-20260716,mosaiq-benchmark,0.1.0-dev,delta_source_multilabel,0.1.0,DeLTA,clip,DeLTA_NP108_2,DeLTA_NP108_2,train,,0.1.0,datasets/DeLTA/data/clips.csv,dee1f40b38a40ff2d7496187007c793054320d3bc22403c0d2e9b4a981396cf8
mosaiq-benchmark-v0.1-candidate-20260716,mosaiq-benchmark,0.1.0-dev,delta_source_multilabel,0.1.0,DeLTA,clip,DeLTA_MG218_1,DeLTA_MG218_1,train,,0.1.0,datasets/DeLTA/data/clips.csv,1ec0597b932e43dc6212f2034367909e2b3cd4885fad1a2ec387acffba319196
mosaiq-benchmark-v0.1-candidate-20260716,mosaiq-benchmark,0.1.0-dev,delta_source_multilabel,0.1.0,DeLTA,clip,DeLTA_SR217_1,DeLTA_SR217_1,train,,0.1.0,datasets/DeLTA/data/clips.csv,26dfafa3a70861f36c951053ad667cf4cff8560d7e3f2723e168aa94ebdd79c4
mosaiq-benchmark-v0.1-candidate-20260716,mosaiq-benchmark,0.1.0-dev,delta_source_multilabel,0.1.0,DeLTA,clip,DeLTA_sc136_2,DeLTA_sc136_2,test,,0.1.0,datasets/DeLTA/data/clips.csv,5bd828a8d775f14f714dd0a972e2ba91d55c1f75fcbdc0a202c6d7e18565f838
mosaiq-benchmark-v0.1-candidate-20260716,mosaiq-benchmark,0.1.0-dev,delta_source_multilabel,0.1.0,DeLTA,clip,DeLTA_SR241_1,DeLTA_SR241_1,train,,0.1.0,datasets/DeLTA/data/clips.csv,58adcf3cb467e21c419469b9170d750ebef30c0d65bf0f0665ef6a6d7f67f49f
mosaiq-benchmark-v0.1-candidate-20260716,mosaiq-benchmark,0.1.0-dev,delta_source_multilabel,0.1.0,DeLTA,clip,DeLTA_tm126_1,DeLTA_tm126_1,train,,0.1.0,datasets/DeLTA/data/clips.csv,3489d43678257ea479fc36ebb0efa1e9acc635f2a579aab92f8d0d5a5ee33550
mosaiq-benchmark-v0.1-candidate-20260716,mosaiq-benchmark,0.1.0-dev,delta_source_multilabel,0.1.0,DeLTA,clip,DeLTA_MC504_2,DeLTA_MC504_2,train,,0.1.0,datasets/DeLTA/data/clips.csv,25cf0b8472eeb8fe9d6565d90e9e63f348b8c2584a1baee7faf3be61d4f0a6e6
mosaiq-benchmark-v0.1-candidate-20260716,mosaiq-benchmark,0.1.0-dev,delta_source_multilabel,0.1.0,DeLTA,clip,DeLTA_Pl223_2,DeLTA_Pl223_2,train,,0.1.0,datasets/DeLTA/data/clips.csv,46233f097daf986847e076a61d0b64e22e484b6dbdbe05c86359b7ed0b0f841c
mosaiq-benchmark-v0.1-candidate-20260716,mosaiq-benchmark,0.1.0-dev,delta_source_multilabel,0.1.0,DeLTA,clip,DeLTA_RP305_2,DeLTA_RP305_2,train,,0.1.0,datasets/DeLTA/data/clips.csv,167964f782e435d3cf95fe57446f8b38686efb0884d674f4181956538154ec38
mosaiq-benchmark-v0.1-candidate-20260716,mosaiq-benchmark,0.1.0-dev,delta_source_multilabel,0.1.0,DeLTA,clip,DeLTA_RS403_2,DeLTA_RS403_2,train,,0.1.0,datasets/DeLTA/data/clips.csv,a65f97d7bb7f7dc0696bb2757a77bbd2dbfb37a41e72de63aab595095c273f0a
mosaiq-benchmark-v0.1-candidate-20260716,mosaiq-benchmark,0.1.0-dev,delta_source_multilabel,0.1.0,DeLTA,clip,DeLTA_sr147_2,DeLTA_sr147_2,train,,0.1.0,datasets/DeLTA/data/clips.csv,1229a2a74ac53b54d794b68eb66fd9ab2ba83c8ea730b454295c59aa100f328b
mosaiq-benchmark-v0.1-candidate-20260716,mosaiq-benchmark,0.1.0-dev,delta_source_multilabel,0.1.0,DeLTA,clip,DeLTA_cv33_1,DeLTA_cv33_1,train,,0.1.0,datasets/DeLTA/data/clips.csv,6e23e3823042d6672993780504d4cf129577d81620c038cdaf224e2299efd8ca
mosaiq-benchmark-v0.1-candidate-20260716,mosaiq-benchmark,0.1.0-dev,delta_source_multilabel,0.1.0,DeLTA,clip,DeLTA_TM414_2,DeLTA_TM414_2,train,,0.1.0,datasets/DeLTA/data/clips.csv,de406c81e481e88b30b469064bdbc941779d78344a2abad7bc67ee877146d69e
mosaiq-benchmark-v0.1-candidate-20260716,mosaiq-benchmark,0.1.0-dev,delta_source_multilabel,0.1.0,DeLTA,clip,DeLTA_m213_2,DeLTA_m213_2,train,,0.1.0,datasets/DeLTA/data/clips.csv,90f9b702147d437d03091e49516a231124cb363c1164513ca5ac13a771ceb951
mosaiq-benchmark-v0.1-candidate-20260716,mosaiq-benchmark,0.1.0-dev,delta_source_multilabel,0.1.0,DeLTA,clip,DeLTA_RS420_2,DeLTA_RS420_2,test,,0.1.0,datasets/DeLTA/data/clips.csv,7375189201d9b1f9d7dec0c7eecb6923896f41bde8db971818adfc348f6da35a
mosaiq-benchmark-v0.1-candidate-20260716,mosaiq-benchmark,0.1.0-dev,delta_source_multilabel,0.1.0,DeLTA,clip,DeLTA_SR240_1,DeLTA_SR240_1,train,,0.1.0,datasets/DeLTA/data/clips.csv,9dfc3892de7b3856a95b1ce751fa6721fc429b192d9433610dc9f33983c9054d
mosaiq-benchmark-v0.1-candidate-20260716,mosaiq-benchmark,0.1.0-dev,delta_source_multilabel,0.1.0,DeLTA,clip,DeLTA_MG322_1,DeLTA_MG322_1,train,,0.1.0,datasets/DeLTA/data/clips.csv,5159b86241b74d9ecc7cb3e751f8c11c3a2172cdcc83b7dc9b825288d8316966
mosaiq-benchmark-v0.1-candidate-20260716,mosaiq-benchmark,0.1.0-dev,delta_source_multilabel,0.1.0,DeLTA,clip,DeLTA_m24_1,DeLTA_m24_1,train,,0.1.0,datasets/DeLTA/data/clips.csv,e720d8c13ba05b17a6e8793c3990df0c60f083e01946219afb6e88ea4ac11e6a
mosaiq-benchmark-v0.1-candidate-20260716,mosaiq-benchmark,0.1.0-dev,delta_source_multilabel,0.1.0,DeLTA,clip,DeLTA_ET202_1,DeLTA_ET202_1,dev,,0.1.0,datasets/DeLTA/data/clips.csv,a36079ebadeb178c16e407b8683fe63b7995870e3747aa4e162e760a8aa04134
mosaiq-benchmark-v0.1-candidate-20260716,mosaiq-benchmark,0.1.0-dev,delta_source_multilabel,0.1.0,DeLTA,clip,DeLTA_TM429_2,DeLTA_TM429_2,train,,0.1.0,datasets/DeLTA/data/clips.csv,09023b80c8e3b9849453557af8c96a760fbb5cad53943085c2caa113e42ac1a1
mosaiq-benchmark-v0.1-candidate-20260716,mosaiq-benchmark,0.1.0-dev,delta_source_multilabel,0.1.0,DeLTA,clip,DeLTA_tm328_1,DeLTA_tm328_1,train,,0.1.0,datasets/DeLTA/data/clips.csv,514935584f92b00e3ecadc06696007e913c19ee6762ff01ec31d619b48db49dc
mosaiq-benchmark-v0.1-candidate-20260716,mosaiq-benchmark,0.1.0-dev,delta_source_multilabel,0.1.0,DeLTA,clip,DeLTA_Rf126_1,DeLTA_Rf126_1,train,,0.1.0,datasets/DeLTA/data/clips.csv,c43eb93ebc52be3ad314e493cd9b89d47e2e98bf1e02010c421a3ed49291db19
mosaiq-benchmark-v0.1-candidate-20260716,mosaiq-benchmark,0.1.0-dev,delta_source_multilabel,0.1.0,DeLTA,clip,DeLTA_Rp223_1,DeLTA_Rp223_1,train,,0.1.0,datasets/DeLTA/data/clips.csv,6f902f79cfc35ff806f283d5c1ac921ec1ecf489f5cc35978996c1da98e60a9f
mosaiq-benchmark-v0.1-candidate-20260716,mosaiq-benchmark,0.1.0-dev,delta_source_multilabel,0.1.0,DeLTA,clip,DeLTA_SM409_1,DeLTA_SM409_1,dev,,0.1.0,datasets/DeLTA/data/clips.csv,02abced903494de6e197ff2bd4d5262904d86a881b58ef5a9b644c648e7d8856
mosaiq-benchmark-v0.1-candidate-20260716,mosaiq-benchmark,0.1.0-dev,delta_source_multilabel,0.1.0,DeLTA,clip,DeLTA_ts313_2,DeLTA_ts313_2,train,,0.1.0,datasets/DeLTA/data/clips.csv,722ffa8a4c2d86f9a9116eaf18d275514538e14438ec6ae23b9108719dbea225
mosaiq-benchmark-v0.1-candidate-20260716,mosaiq-benchmark,0.1.0-dev,delta_source_multilabel,0.1.0,DeLTA,clip,DeLTA_TM432_1,DeLTA_TM432_1,train,,0.1.0,datasets/DeLTA/data/clips.csv,024eb93d98b8ff7f09adbe60dc7f3cb50a6b75d2953af74cef9048582c2301bf
mosaiq-benchmark-v0.1-candidate-20260716,mosaiq-benchmark,0.1.0-dev,delta_source_multilabel,0.1.0,DeLTA,clip,DeLTA_ET313_2,DeLTA_ET313_2,train,,0.1.0,datasets/DeLTA/data/clips.csv,4cd0330cd27a4ccbda8c6a7c022d00240a1f39d44f2dac2a4908161aaf5399f8
mosaiq-benchmark-v0.1-candidate-20260716,mosaiq-benchmark,0.1.0-dev,delta_source_multilabel,0.1.0,DeLTA,clip,DeLTA_TS539_2,DeLTA_TS539_2,train,,0.1.0,datasets/DeLTA/data/clips.csv,14e41d73bcb36db4fe54860cc1ea108793b0f317bff7385ff79596431ff51f86
mosaiq-benchmark-v0.1-candidate-20260716,mosaiq-benchmark,0.1.0-dev,delta_source_multilabel,0.1.0,DeLTA,clip,DeLTA_ts234_1,DeLTA_ts234_1,train,,0.1.0,datasets/DeLTA/data/clips.csv,45e43a9ba80379f0d72157747c03079a26a0a3f693c000c38497c00569af95ad
mosaiq-benchmark-v0.1-candidate-20260716,mosaiq-benchmark,0.1.0-dev,delta_source_multilabel,0.1.0,DeLTA,clip,DeLTA_PL431_2,DeLTA_PL431_2,train,,0.1.0,datasets/DeLTA/data/clips.csv,8cb7f99b3970878bf2eee5797447ea309e696718ff63b5f00858cbd835f0a0e2
mosaiq-benchmark-v0.1-candidate-20260716,mosaiq-benchmark,0.1.0-dev,delta_source_multilabel,0.1.0,DeLTA,clip,DeLTA_RS410_1,DeLTA_RS410_1,train,,0.1.0,datasets/DeLTA/data/clips.csv,c0f3be9465a4964203ad9fb286da94ac20267af8a688918514e8e61999067303
mosaiq-benchmark-v0.1-candidate-20260716,mosaiq-benchmark,0.1.0-dev,delta_source_multilabel,0.1.0,DeLTA,clip,DeLTA_sr128_2,DeLTA_sr128_2,train,,0.1.0,datasets/DeLTA/data/clips.csv,f0e66cd59da9305f6c0be1b2015d16e95dc4a54ee1b2b7fa586183c2f82ac1da
mosaiq-benchmark-v0.1-candidate-20260716,mosaiq-benchmark,0.1.0-dev,delta_source_multilabel,0.1.0,DeLTA,clip,DeLTA_RF335_1,DeLTA_RF335_1,test,,0.1.0,datasets/DeLTA/data/clips.csv,f7fb1a89c79dd0e2e1de30d32ff50658bfc5cbe41e4929711252fa73ed09a659
mosaiq-benchmark-v0.1-candidate-20260716,mosaiq-benchmark,0.1.0-dev,delta_source_multilabel,0.1.0,DeLTA,clip,DeLTA_Pl222_1,DeLTA_Pl222_1,dev,,0.1.0,datasets/DeLTA/data/clips.csv,d1929e68061147455315bba2105d8a0591bebcfa901263e947372ad3fc0712e0
mosaiq-benchmark-v0.1-candidate-20260716,mosaiq-benchmark,0.1.0-dev,delta_source_multilabel,0.1.0,DeLTA,clip,DeLTA_ET438_2,DeLTA_ET438_2,train,,0.1.0,datasets/DeLTA/data/clips.csv,ba421a0ea1f86c8d05a3f5bd48992a2433354aa912f406321bd4ac43802f7ec0
mosaiq-benchmark-v0.1-candidate-20260716,mosaiq-benchmark,0.1.0-dev,delta_source_multilabel,0.1.0,DeLTA,clip,DeLTA_ts236_2,DeLTA_ts236_2,dev,,0.1.0,datasets/DeLTA/data/clips.csv,78a8c765680f1497f0f69bea7a0f5126d78e366691ec59df0c59854a5f0eb1ae
mosaiq-benchmark-v0.1-candidate-20260716,mosaiq-benchmark,0.1.0-dev,delta_source_multilabel,0.1.0,DeLTA,clip,DeLTA_NP132_1,DeLTA_NP132_1,test,,0.1.0,datasets/DeLTA/data/clips.csv,575b491b9ce64012591b8a396387f0422806b95b33152cc108bb978da663ee58
mosaiq-benchmark-v0.1-candidate-20260716,mosaiq-benchmark,0.1.0-dev,delta_source_multilabel,0.1.0,DeLTA,clip,DeLTA_Rp210_1,DeLTA_Rp210_1,train,,0.1.0,datasets/DeLTA/data/clips.csv,425c7888f9b103fe6a92b7c2f1012c9b7d412d9497a3d2d59896b36dcab1c1fc
mosaiq-benchmark-v0.1-candidate-20260716,mosaiq-benchmark,0.1.0-dev,delta_source_multilabel,0.1.0,DeLTA,clip,DeLTA_TM418_2,DeLTA_TM418_2,train,,0.1.0,datasets/DeLTA/data/clips.csv,29bd80f0f560d1fed3c2daebd169b30409a3289a3c4e1405550f575244665945
mosaiq-benchmark-v0.1-candidate-20260716,mosaiq-benchmark,0.1.0-dev,delta_source_multilabel,0.1.0,DeLTA,clip,DeLTA_RP304_2,DeLTA_RP304_2,train,,0.1.0,datasets/DeLTA/data/clips.csv,e348dfb1aa8d243201c9a2ddd73fbfbf8b9040f5ccdbd650dcd2e0274cf3438e
mosaiq-benchmark-v0.1-candidate-20260716,mosaiq-benchmark,0.1.0-dev,delta_source_multilabel,0.1.0,DeLTA,clip,DeLTA_ET222_2,DeLTA_ET222_2,train,,0.1.0,datasets/DeLTA/data/clips.csv,e50da8d55fd18fa49a35bdd0dd9dbab146febf58d4c15a0fe3e9bc0d736bc45d
mosaiq-benchmark-v0.1-candidate-20260716,mosaiq-benchmark,0.1.0-dev,delta_source_multilabel,0.1.0,DeLTA,clip,DeLTA_ET419_2,DeLTA_ET419_2,train,,0.1.0,datasets/DeLTA/data/clips.csv,40f2fe65c20644b8b8190761c0e3b60274ebff8dbbe0df551008204ebb487d13
mosaiq-benchmark-v0.1-candidate-20260716,mosaiq-benchmark,0.1.0-dev,delta_source_multilabel,0.1.0,DeLTA,clip,DeLTA_ML104_2,DeLTA_ML104_2,train,,0.1.0,datasets/DeLTA/data/clips.csv,dd67749968a7dfa18b15d56a172ef9494dd24f76fee0a61eb4c88a315120afa5
mosaiq-benchmark-v0.1-candidate-20260716,mosaiq-benchmark,0.1.0-dev,delta_source_multilabel,0.1.0,DeLTA,clip,DeLTA_Rs228_1,DeLTA_Rs228_1,train,,0.1.0,datasets/DeLTA/data/clips.csv,bad793be18a31de28e926e2889bffae73b885b7e566d108f712e19ff73616412
mosaiq-benchmark-v0.1-candidate-20260716,mosaiq-benchmark,0.1.0-dev,delta_source_multilabel,0.1.0,DeLTA,clip,DeLTA_CT123_1,DeLTA_CT123_1,train,,0.1.0,datasets/DeLTA/data/clips.csv,e469ad2f0eb0aab03944c4a25d156b584f8a294b4e75d0e151dfded4b4dd04cc
mosaiq-benchmark-v0.1-candidate-20260716,mosaiq-benchmark,0.1.0-dev,delta_source_multilabel,0.1.0,DeLTA,clip,DeLTA_RF310_1,DeLTA_RF310_1,train,,0.1.0,datasets/DeLTA/data/clips.csv,78b821458daf368ad7e47100450160fa349fd931c68620f1874708de5b0f5ced
mosaiq-benchmark-v0.1-candidate-20260716,mosaiq-benchmark,0.1.0-dev,delta_source_multilabel,0.1.0,DeLTA,clip,DeLTA_CT116_1,DeLTA_CT116_1,dev,,0.1.0,datasets/DeLTA/data/clips.csv,a8c14fde0fc12d3aa44dd97f6c93f86f373db729ad53b0b0a3991ded17c53b9b
mosaiq-benchmark-v0.1-candidate-20260716,mosaiq-benchmark,0.1.0-dev,delta_source_multilabel,0.1.0,DeLTA,clip,DeLTA_ts226_2,DeLTA_ts226_2,train,,0.1.0,datasets/DeLTA/data/clips.csv,404b8dab4826f23919bd3612aeb3d5e4f9f1f744404f146301c94b39dc7904dc
mosaiq-benchmark-v0.1-candidate-20260716,mosaiq-benchmark,0.1.0-dev,delta_source_multilabel,0.1.0,DeLTA,clip,DeLTA_Rf222_1,DeLTA_Rf222_1,test,,0.1.0,datasets/DeLTA/data/clips.csv,09c4eaf3fb0a8ae892464ba483de9d34a4b66a0c5a1daaeb7c654d7a71f58d15
mosaiq-benchmark-v0.1-candidate-20260716,mosaiq-benchmark,0.1.0-dev,delta_source_multilabel,0.1.0,DeLTA,clip,DeLTA_SR202_1,DeLTA_SR202_1,train,,0.1.0,datasets/DeLTA/data/clips.csv,798d11beec3856670a85f9310c31e2372e80736bfb9204a919ae096ec8d2db84
mosaiq-benchmark-v0.1-candidate-20260716,mosaiq-benchmark,0.1.0-dev,delta_source_multilabel,0.1.0,DeLTA,clip,DeLTA_Rf104_1,DeLTA_Rf104_1,train,,0.1.0,datasets/DeLTA/data/clips.csv,1b3cbbf8e2dff3725353e4e9d0933c8333273e824293025f0a9c9096c048d8e1
mosaiq-benchmark-v0.1-candidate-20260716,mosaiq-benchmark,0.1.0-dev,delta_source_multilabel,0.1.0,DeLTA,clip,DeLTA_m211_1,DeLTA_m211_1,train,,0.1.0,datasets/DeLTA/data/clips.csv,522bcfcc0ffffb3fdc935b0788040e5a17ef0250a5ec2f4550f1e8605e938a1e
mosaiq-benchmark-v0.1-candidate-20260716,mosaiq-benchmark,0.1.0-dev,delta_source_multilabel,0.1.0,DeLTA,clip,DeLTA_Mc206_2,DeLTA_Mc206_2,test,,0.1.0,datasets/DeLTA/data/clips.csv,7236f1337df8f062322815534a3718daba80ee1db2ca3e6a43e2f2b4e5641c5f
mosaiq-benchmark-v0.1-candidate-20260716,mosaiq-benchmark,0.1.0-dev,delta_source_multilabel,0.1.0,DeLTA,clip,DeLTA_TM403_1,DeLTA_TM403_1,dev,,0.1.0,datasets/DeLTA/data/clips.csv,96e0b7782816a5ae8f8fb15369a889d6f72d04689534b912891456793111e77a
mosaiq-benchmark-v0.1-candidate-20260716,mosaiq-benchmark,0.1.0-dev,delta_source_multilabel,0.1.0,DeLTA,clip,DeLTA_MC502_2,DeLTA_MC502_2,train,,0.1.0,datasets/DeLTA/data/clips.csv,2eb0a063a00f6e1f7cf04c982e4dca3e7837a41a623b3c4a6f67cf9e7700515b
mosaiq-benchmark-v0.1-candidate-20260716,mosaiq-benchmark,0.1.0-dev,delta_source_multilabel,0.1.0,DeLTA,clip,DeLTA_Rp138_2,DeLTA_Rp138_2,train,,0.1.0,datasets/DeLTA/data/clips.csv,b36e3e0fcde5001b3ab2a9fb4c60fb6ce6b3c930ecf22e986e80103d52a727a8
mosaiq-benchmark-v0.1-candidate-20260716,mosaiq-benchmark,0.1.0-dev,delta_source_multilabel,0.1.0,DeLTA,clip,DeLTA_bib5_2,DeLTA_bib5_2,dev,,0.1.0,datasets/DeLTA/data/clips.csv,a1089962279f0690c36716689baa4031937996d4faf5cf81cee3ab526eed7169
mosaiq-benchmark-v0.1-candidate-20260716,mosaiq-benchmark,0.1.0-dev,delta_source_multilabel,0.1.0,DeLTA,clip,DeLTA_Rs126_1,DeLTA_Rs126_1,train,,0.1.0,datasets/DeLTA/data/clips.csv,8afdc4ccf65919e4bf2af92f817bfaed2b9dd5e46a90a47286f0dd4103f46f40
mosaiq-benchmark-v0.1-candidate-20260716,mosaiq-benchmark,0.1.0-dev,delta_source_multilabel,0.1.0,DeLTA,clip,DeLTA_TM417_1,DeLTA_TM417_1,train,,0.1.0,datasets/DeLTA/data/clips.csv,2010c7a22c26dcb84a8f0b78ad03a598e9db4066b75d607ceb78f8a79c6e5091
mosaiq-benchmark-v0.1-candidate-20260716,mosaiq-benchmark,0.1.0-dev,delta_source_multilabel,0.1.0,DeLTA,clip,DeLTA_sr111_1,DeLTA_sr111_1,train,,0.1.0,datasets/DeLTA/data/clips.csv,ec23fd7fa759b5a096496bda77886b217d3fb25151105f063998d21b610c699d
mosaiq-benchmark-v0.1-candidate-20260716,mosaiq-benchmark,0.1.0-dev,delta_source_multilabel,0.1.0,DeLTA,clip,DeLTA_SM509_2,DeLTA_SM509_2,train,,0.1.0,datasets/DeLTA/data/clips.csv,719d0f47dd802ab7ca7edc752d363e5377413e0668c2eff2eef531eae81eb55f
mosaiq-benchmark-v0.1-candidate-20260716,mosaiq-benchmark,0.1.0-dev,delta_source_multilabel,0.1.0,DeLTA,clip,DeLTA_RS413_1,DeLTA_RS413_1,train,,0.1.0,datasets/DeLTA/data/clips.csv,21f6c040178cda22cec4a2b12259b7e3552710b5ca63d585afe1820439e78b75
mosaiq-benchmark-v0.1-candidate-20260716,mosaiq-benchmark,0.1.0-dev,delta_source_multilabel,0.1.0,DeLTA,clip,DeLTA_ET108_2,DeLTA_ET108_2,test,,0.1.0,datasets/DeLTA/data/clips.csv,109c10a02a139108d7f657f093dc5abfaed63c97b896f45d43763630a272db2c
mosaiq-benchmark-v0.1-candidate-20260716,mosaiq-benchmark,0.1.0-dev,delta_source_multilabel,0.1.0,DeLTA,clip,DeLTA_SM311_1,DeLTA_SM311_1,train,,0.1.0,datasets/DeLTA/data/clips.csv,6d696396b52a582b69a1a23e97a1a15cedc27958601c607344f1698830a78474
mosaiq-benchmark-v0.1-candidate-20260716,mosaiq-benchmark,0.1.0-dev,delta_source_multilabel,0.1.0,DeLTA,clip,DeLTA_Rp232_1,DeLTA_Rp232_1,train,,0.1.0,datasets/DeLTA/data/clips.csv,f27e49680e37147a0712b01c7cf6e03c8246f20c2a6fd0e209a46a02616bd664
mosaiq-benchmark-v0.1-candidate-20260716,mosaiq-benchmark,0.1.0-dev,delta_source_multilabel,0.1.0,DeLTA,clip,DeLTA_Pl102_1,DeLTA_Pl102_1,dev,,0.1.0,datasets/DeLTA/data/clips.csv,f735548b3ad0c35a9541347d496d1a5e13f688beab50d6ee4b58d9cb1477d700
mosaiq-benchmark-v0.1-candidate-20260716,mosaiq-benchmark,0.1.0-dev,delta_source_multilabel,0.1.0,DeLTA,clip,DeLTA_ET425_2,DeLTA_ET425_2,dev,,0.1.0,datasets/DeLTA/data/clips.csv,8626191f4dc514682255e3ed639036af978e5f1577ba7201bc8e56e8b8249c74
mosaiq-benchmark-v0.1-candidate-20260716,mosaiq-benchmark,0.1.0-dev,delta_source_multilabel,0.1.0,DeLTA,clip,DeLTA_TS504_2,DeLTA_TS504_2,train,,0.1.0,datasets/DeLTA/data/clips.csv,1a769d6978dcc30430e6e88a3c5b889f3dc3e22076ac298c2d127dbef3bc3fc3
mosaiq-benchmark-v0.1-candidate-20260716,mosaiq-benchmark,0.1.0-dev,delta_source_multilabel,0.1.0,DeLTA,clip,DeLTA_ET307_2,DeLTA_ET307_2,train,,0.1.0,datasets/DeLTA/data/clips.csv,ea476643fff125c91db645e6383edf215dd8f5650e53d990816ac5159b400910
mosaiq-benchmark-v0.1-candidate-20260716,mosaiq-benchmark,0.1.0-dev,delta_source_multilabel,0.1.0,DeLTA,clip,DeLTA_AM06_1,DeLTA_AM06_1,train,,0.1.0,datasets/DeLTA/data/clips.csv,4edffe8d2b7ae6234e494cdc812545df70dca34fd59610d2463b3636898eb1da
mosaiq-benchmark-v0.1-candidate-20260716,mosaiq-benchmark,0.1.0-dev,delta_source_multilabel,0.1.0,DeLTA,clip,DeLTA_sr146_2,DeLTA_sr146_2,train,,0.1.0,datasets/DeLTA/data/clips.csv,c6cc9e0f25994c2b12fb124211fc1e433825f66397a35c270d8be0c06fd17dc1
mosaiq-benchmark-v0.1-candidate-20260716,mosaiq-benchmark,0.1.0-dev,delta_source_multilabel,0.1.0,DeLTA,clip,DeLTA_NP134_1,DeLTA_NP134_1,train,,0.1.0,datasets/DeLTA/data/clips.csv,dcd3f65a1577b56246515864095294f7ef01842e1c0287c2d71b605c744c00f0
mosaiq-benchmark-v0.1-candidate-20260716,mosaiq-benchmark,0.1.0-dev,delta_source_multilabel,0.1.0,DeLTA,clip,DeLTA_Rp102_1,DeLTA_Rp102_1,train,,0.1.0,datasets/DeLTA/data/clips.csv,c96fbc066dbb3a3ef0173c0861496a16da6583edb9bab717ae90a91a7810aab7
mosaiq-benchmark-v0.1-candidate-20260716,mosaiq-benchmark,0.1.0-dev,delta_source_multilabel,0.1.0,DeLTA,clip,DeLTA_Rs217_2,DeLTA_Rs217_2,train,,0.1.0,datasets/DeLTA/data/clips.csv,e7943142f672ee30af69050530b102b64b6d8daeb23d55728c84dc78500fbcd4
mosaiq-benchmark-v0.1-candidate-20260716,mosaiq-benchmark,0.1.0-dev,delta_source_multilabel,0.1.0,DeLTA,clip,DeLTA_Rf143_1,DeLTA_Rf143_1,train,,0.1.0,datasets/DeLTA/data/clips.csv,7cd2864b733e60e0a5209fa52ced77645836ae8b23051cfd0f270b3bfe7e531b
mosaiq-benchmark-v0.1-candidate-20260716,mosaiq-benchmark,0.1.0-dev,delta_source_multilabel,0.1.0,DeLTA,clip,DeLTA_Rp206_1,DeLTA_Rp206_1,dev,,0.1.0,datasets/DeLTA/data/clips.csv,ac4e2bf19427720b3ffc999123e7fa5c38506abb67e5ce75613c0e00c558c044
mosaiq-benchmark-v0.1-candidate-20260716,mosaiq-benchmark,0.1.0-dev,delta_source_multilabel,0.1.0,DeLTA,clip,DeLTA_Rf210_2,DeLTA_Rf210_2,train,,0.1.0,datasets/DeLTA/data/clips.csv,cc6f99056815e8397add3b970e2d1890d294b45816eb4c286ec1847e23343dce
mosaiq-benchmark-v0.1-candidate-20260716,mosaiq-benchmark,0.1.0-dev,delta_source_multilabel,0.1.0,DeLTA,clip,DeLTA_MG108_1,DeLTA_MG108_1,train,,0.1.0,datasets/DeLTA/data/clips.csv,4f23d5c200dcca5e95c0827ee3d3a9e9854d6d2a1da31ec56647e1d8e785c3a0
mosaiq-benchmark-v0.1-candidate-20260716,mosaiq-benchmark,0.1.0-dev,delta_source_multilabel,0.1.0,DeLTA,clip,DeLTA_ts239_1,DeLTA_ts239_1,train,,0.1.0,datasets/DeLTA/data/clips.csv,aa46237169eaa860aada8b470d67187c5d1ea366941cf923b5ac36e7bf97f83d
mosaiq-benchmark-v0.1-candidate-20260716,mosaiq-benchmark,0.1.0-dev,delta_source_multilabel,0.1.0,DeLTA,clip,DeLTA_ET407_1,DeLTA_ET407_1,train,,0.1.0,datasets/DeLTA/data/clips.csv,3826c421ea7f52e0b92d44399804c81f9b5de4a4662644dd295b4a885ac7836a
mosaiq-benchmark-v0.1-candidate-20260716,mosaiq-benchmark,0.1.0-dev,delta_source_multilabel,0.1.0,DeLTA,clip,DeLTA_Rs119_2,DeLTA_Rs119_2,train,,0.1.0,datasets/DeLTA/data/clips.csv,158347fe82539690746dcf9547e816c442a03ac50594578c52b242d11db2d5c5
mosaiq-benchmark-v0.1-candidate-20260716,mosaiq-benchmark,0.1.0-dev,delta_source_multilabel,0.1.0,DeLTA,clip,DeLTA_cp20_2,DeLTA_cp20_2,train,,0.1.0,datasets/DeLTA/data/clips.csv,13bec38df1a57d82b0660ba021fc8e2196241e709739bc8b92eaf3da39cd8102
mosaiq-benchmark-v0.1-candidate-20260716,mosaiq-benchmark,0.1.0-dev,delta_source_multilabel,0.1.0,DeLTA,clip,DeLTA_SC222_1,DeLTA_SC222_1,train,,0.1.0,datasets/DeLTA/data/clips.csv,e3b64c682035c572611b9b98e9b8d3eca0c0ab96120a9741add4950763b43802
mosaiq-benchmark-v0.1-candidate-20260716,mosaiq-benchmark,0.1.0-dev,delta_source_multilabel,0.1.0,DeLTA,clip,DeLTA_sr144_1,DeLTA_sr144_1,test,,0.1.0,datasets/DeLTA/data/clips.csv,98800185d5b26d4f082cf02d330b2ca591a53bac117052d3d1c01f430ff9fe52
mosaiq-benchmark-v0.1-candidate-20260716,mosaiq-benchmark,0.1.0-dev,delta_source_multilabel,0.1.0,DeLTA,clip,DeLTA_Rf209_2,DeLTA_Rf209_2,dev,,0.1.0,datasets/DeLTA/data/clips.csv,5b11b01803b71b0a4721bf2444fbccfab8cd369c0abe3ed15cc12eb979482854
mosaiq-benchmark-v0.1-candidate-20260716,mosaiq-benchmark,0.1.0-dev,delta_source_multilabel,0.1.0,DeLTA,clip,DeLTA_ET113_3,DeLTA_ET113_3,train,,0.1.0,datasets/DeLTA/data/clips.csv,8c2619d5ceb54f1fff9ed5cd91300eaa0d04389d7caa1a12e5105a0a878d130e
mosaiq-benchmark-v0.1-candidate-20260716,mosaiq-benchmark,0.1.0-dev,delta_source_multilabel,0.1.0,DeLTA,clip,DeLTA_ET109_1,DeLTA_ET109_1,train,,0.1.0,datasets/DeLTA/data/clips.csv,f25aab9308fee984d2957a03c72b00c07e45bb838141dc1abbb4f7a94a37eaf0
mosaiq-benchmark-v0.1-candidate-20260716,mosaiq-benchmark,0.1.0-dev,delta_source_multilabel,0.1.0,DeLTA,clip,DeLTA_CT311_1,DeLTA_CT311_1,train,,0.1.0,datasets/DeLTA/data/clips.csv,68d907e0f4bc90467c9667e3b8c81ca339c6f0c2030f3d064eca7ff341644912
mosaiq-benchmark-v0.1-candidate-20260716,mosaiq-benchmark,0.1.0-dev,delta_source_multilabel,0.1.0,DeLTA,clip,DeLTA_ET410_1,DeLTA_ET410_1,train,,0.1.0,datasets/DeLTA/data/clips.csv,0394951037e480e6fc68756868ad071f8c70724464e7d83c8a1a4d6965ff2654
mosaiq-benchmark-v0.1-candidate-20260716,mosaiq-benchmark,0.1.0-dev,delta_source_multilabel,0.1.0,DeLTA,clip,DeLTA_MG320_1,DeLTA_MG320_1,train,,0.1.0,datasets/DeLTA/data/clips.csv,7eee89de0c357a47745075b63aa171acdc9cc769f383cd5ca3dfc6b96c2384cd
mosaiq-benchmark-v0.1-candidate-20260716,mosaiq-benchmark,0.1.0-dev,delta_source_multilabel,0.1.0,DeLTA,clip,DeLTA_MC511_1,DeLTA_MC511_1,train,,0.1.0,datasets/DeLTA/data/clips.csv,2bcd7f3cad17a6dcab2957f918cfe5265bfb06571008eafd0c30b5f0ac4201a3
mosaiq-benchmark-v0.1-candidate-20260716,mosaiq-benchmark,0.1.0-dev,delta_source_multilabel,0.1.0,DeLTA,clip,DeLTA_Rf101_1,DeLTA_Rf101_1,train,,0.1.0,datasets/DeLTA/data/clips.csv,26355e6d83f6d3d7a533b77e3de9e010f161f072a136e1f83797b11de4a913e8
mosaiq-benchmark-v0.1-candidate-20260716,mosaiq-benchmark,0.1.0-dev,delta_source_multilabel,0.1.0,DeLTA,clip,DeLTA_CT520_2,DeLTA_CT520_2,train,,0.1.0,datasets/DeLTA/data/clips.csv,5a0a93ad75cc7f16176217cb9e596aef37bc0dd8d213b67f83e4cef325bf14bf
mosaiq-benchmark-v0.1-candidate-20260716,mosaiq-benchmark,0.1.0-dev,delta_source_multilabel,0.1.0,DeLTA,clip,DeLTA_CT517_1,DeLTA_CT517_1,train,,0.1.0,datasets/DeLTA/data/clips.csv,60aafe5aebf4cb48a2e49ea89034a2329a38559d1679f36094f1c1828b7756d9
mosaiq-benchmark-v0.1-candidate-20260716,mosaiq-benchmark,0.1.0-dev,delta_source_multilabel,0.1.0,DeLTA,clip,DeLTA_m113_2,DeLTA_m113_2,train,,0.1.0,datasets/DeLTA/data/clips.csv,e96283ad3b3ba2ada26450c56d03eb771332e796272d308d0ea128bd4a9e9cd2
mosaiq-benchmark-v0.1-candidate-20260716,mosaiq-benchmark,0.1.0-dev,delta_source_multilabel,0.1.0,DeLTA,clip,DeLTA_SM501_1,DeLTA_SM501_1,train,,0.1.0,datasets/DeLTA/data/clips.csv,8773c2a752ca815a437997e8aae70f3f5bd94e2b6acffa270a76be718dc07a58
mosaiq-benchmark-v0.1-candidate-20260716,mosaiq-benchmark,0.1.0-dev,delta_source_multilabel,0.1.0,DeLTA,clip,DeLTA_sr131_1,DeLTA_sr131_1,train,,0.1.0,datasets/DeLTA/data/clips.csv,50292bd5e88514a6e2fd70393c3a1c2d8fe42b09b105bb5304e5b9cb9ac669f1
mosaiq-benchmark-v0.1-candidate-20260716,mosaiq-benchmark,0.1.0-dev,delta_source_multilabel,0.1.0,DeLTA,clip,DeLTA_Pl231_2,DeLTA_Pl231_2,test,,0.1.0,datasets/DeLTA/data/clips.csv,c38cbba1f22bea0c4010ea37c039805d286635f4bb905c6d05dc1e441beca796
mosaiq-benchmark-v0.1-candidate-20260716,mosaiq-benchmark,0.1.0-dev,delta_source_multilabel,0.1.0,DeLTA,clip,DeLTA_MG321_1,DeLTA_MG321_1,train,,0.1.0,datasets/DeLTA/data/clips.csv,37e166c6db4103a32497d6198d7cbe3d9c274fd18ecfc11fa1d4fb9abec35387
mosaiq-benchmark-v0.1-candidate-20260716,mosaiq-benchmark,0.1.0-dev,delta_source_multilabel,0.1.0,DeLTA,clip,DeLTA_Rs102_1,DeLTA_Rs102_1,train,,0.1.0,datasets/DeLTA/data/clips.csv,f87f96651112badf36af9b95f10edca486d995858ea0f52abc3b79b403807c62
mosaiq-benchmark-v0.1-candidate-20260716,mosaiq-benchmark,0.1.0-dev,delta_source_multilabel,0.1.0,DeLTA,clip,DeLTA_cv22_1,DeLTA_cv22_1,test,,0.1.0,datasets/DeLTA/data/clips.csv,70714b9a67f48e2c6d9391fef26939ea72b9b89d803005aa4a55f384173903b4
mosaiq-benchmark-v0.1-candidate-20260716,mosaiq-benchmark,0.1.0-dev,delta_source_multilabel,0.1.0,DeLTA,clip,DeLTA_ET425_1,DeLTA_ET425_1,train,,0.1.0,datasets/DeLTA/data/clips.csv,840ef19e34cc9fb752cad344d37f648bb60c10f717940fc6942abaeaaa533e65
mosaiq-benchmark-v0.1-candidate-20260716,mosaiq-benchmark,0.1.0-dev,delta_source_multilabel,0.1.0,DeLTA,clip,DeLTA_SM415_1,DeLTA_SM415_1,train,,0.1.0,datasets/DeLTA/data/clips.csv,7684b8d1f5a7467bc7095814d1548886f2bc874c6bc1e641dd7558272e389b1b
mosaiq-benchmark-v0.1-candidate-20260716,mosaiq-benchmark,0.1.0-dev,delta_source_multilabel,0.1.0,DeLTA,clip,DeLTA_Mc114_1,DeLTA_Mc114_1,train,,0.1.0,datasets/DeLTA/data/clips.csv,ab53e3a7ad0068de57d8aca187974313879a2818046c33a140498544df4726db
mosaiq-benchmark-v0.1-candidate-20260716,mosaiq-benchmark,0.1.0-dev,delta_source_multilabel,0.1.0,DeLTA,clip,DeLTA_RF313_1,DeLTA_RF313_1,train,,0.1.0,datasets/DeLTA/data/clips.csv,ac46b1553146c66eb752789ea2cbfeb431503962e08389952d0335be4eb077a5
mosaiq-benchmark-v0.1-candidate-20260716,mosaiq-benchmark,0.1.0-dev,delta_source_multilabel,0.1.0,DeLTA,clip,DeLTA_ET212_2,DeLTA_ET212_2,dev,,0.1.0,datasets/DeLTA/data/clips.csv,d3c9057698910cfd8ef8956fd4a600b07e1da9663d2621a4167496d0fb43c392
mosaiq-benchmark-v0.1-candidate-20260716,mosaiq-benchmark,0.1.0-dev,delta_source_multilabel,0.1.0,DeLTA,clip,DeLTA_RP301_1,DeLTA_RP301_1,dev,,0.1.0,datasets/DeLTA/data/clips.csv,18c8bdc611308a24d7fe8f1bc9c7fd95b195bded3a515911bcfc475527066c05
mosaiq-benchmark-v0.1-candidate-20260716,mosaiq-benchmark,0.1.0-dev,delta_source_multilabel,0.1.0,DeLTA,clip,DeLTA_SM405_1,DeLTA_SM405_1,train,,0.1.0,datasets/DeLTA/data/clips.csv,1b0608f58e3c9413efbb72f1a96b5ee71eae02bbd34a0015e4316d558cefd8c6
mosaiq-benchmark-v0.1-candidate-20260716,mosaiq-benchmark,0.1.0-dev,delta_source_multilabel,0.1.0,DeLTA,clip,DeLTA_PL403_1,DeLTA_PL403_1,train,,0.1.0,datasets/DeLTA/data/clips.csv,7c3c6142f52749c9329969397eecb69b7c80ea4b25e4ee3d35b2366f85040998
mosaiq-benchmark-v0.1-candidate-20260716,mosaiq-benchmark,0.1.0-dev,delta_source_multilabel,0.1.0,DeLTA,clip,DeLTA_ts314_2,DeLTA_ts314_2,train,,0.1.0,datasets/DeLTA/data/clips.csv,f784deb58399b20dd347d7bcc71b10717f4e599e0b19c56bcb49278b8a3b478c
mosaiq-benchmark-v0.1-candidate-20260716,mosaiq-benchmark,0.1.0-dev,delta_source_multilabel,0.1.0,DeLTA,clip,DeLTA_Pl203_2,DeLTA_Pl203_2,train,,0.1.0,datasets/DeLTA/data/clips.csv,d4e7507792d9517e3bfc2be9f59a667825546051d3596b2bf7aa0ea12a5f9fa3
mosaiq-benchmark-v0.1-candidate-20260716,mosaiq-benchmark,0.1.0-dev,delta_source_multilabel,0.1.0,DeLTA,clip,DeLTA_Mc111_1,DeLTA_Mc111_1,test,,0.1.0,datasets/DeLTA/data/clips.csv,76d4fc6f8192123ff9f00ec9130f8f87dcf71a8ff54f7075518a53c5b64a81db
mosaiq-benchmark-v0.1-candidate-20260716,mosaiq-benchmark,0.1.0-dev,delta_source_multilabel,0.1.0,DeLTA,clip,DeLTA_tm112_1,DeLTA_tm112_1,train,,0.1.0,datasets/DeLTA/data/clips.csv,84a2ac9981655f2a8ad6f339c036c3dff3021bfcfd4910a26484a30828e1c2d4
mosaiq-benchmark-v0.1-candidate-20260716,mosaiq-benchmark,0.1.0-dev,delta_source_multilabel,0.1.0,DeLTA,clip,DeLTA_RP306_2,DeLTA_RP306_2,train,,0.1.0,datasets/DeLTA/data/clips.csv,1f85346b36f0191422eaa28d515d92ad6551b6858f02ad5570978dde1e05012c
mosaiq-benchmark-v0.1-candidate-20260716,mosaiq-benchmark,0.1.0-dev,delta_source_multilabel,0.1.0,DeLTA,clip,DeLTA_Rs318_1,DeLTA_Rs318_1,train,,0.1.0,datasets/DeLTA/data/clips.csv,7ecb49fe685ec623f754476f63afd52dad95c075bc02e47ceb953fb1ff1465ce
mosaiq-benchmark-v0.1-candidate-20260716,mosaiq-benchmark,0.1.0-dev,delta_source_multilabel,0.1.0,DeLTA,clip,DeLTA_SR218_2,DeLTA_SR218_2,train,,0.1.0,datasets/DeLTA/data/clips.csv,a441b864b5fb571e0a5558b9a8dc98c277c73081f3ab62c249c606ed4a92508f
mosaiq-benchmark-v0.1-candidate-20260716,mosaiq-benchmark,0.1.0-dev,delta_source_multilabel,0.1.0,DeLTA,clip,DeLTA_TS523_2,DeLTA_TS523_2,test,,0.1.0,datasets/DeLTA/data/clips.csv,2258421a2c22bbdb6be614d674d6439779f44cf1efbe83689024959ff2779d61
mosaiq-benchmark-v0.1-candidate-20260716,mosaiq-benchmark,0.1.0-dev,delta_source_multilabel,0.1.0,DeLTA,clip,DeLTA_SR225_1,DeLTA_SR225_1,train,,0.1.0,datasets/DeLTA/data/clips.csv,4bdcf7edee5e333cf97a5b75b2c471db43fabd6939248b0bd6007ab7449b9667
mosaiq-benchmark-v0.1-candidate-20260716,mosaiq-benchmark,0.1.0-dev,delta_source_multilabel,0.1.0,DeLTA,clip,DeLTA_MC532_2,DeLTA_MC532_2,train,,0.1.0,datasets/DeLTA/data/clips.csv,e230e3729b6fb42251c24ce24376ca9dc27ce020f6ef1aeb6984d4e3c0ff9e4a
mosaiq-benchmark-v0.1-candidate-20260716,mosaiq-benchmark,0.1.0-dev,delta_source_multilabel,0.1.0,DeLTA,clip,DeLTA_SM313_2,DeLTA_SM313_2,train,,0.1.0,datasets/DeLTA/data/clips.csv,437707a4f00e2e7a24262e9dd2b8e9e3f8bb60ed267cb8ed5db631278bf3f64f
mosaiq-benchmark-v0.1-candidate-20260716,mosaiq-benchmark,0.1.0-dev,delta_source_multilabel,0.1.0,DeLTA,clip,DeLTA_PL324_1,DeLTA_PL324_1,train,,0.1.0,datasets/DeLTA/data/clips.csv,794882af9d767bf768f8dd3e5371e8f3ec7c59e935d24fa1e66773e4b168cc81
mosaiq-benchmark-v0.1-candidate-20260716,mosaiq-benchmark,0.1.0-dev,delta_source_multilabel,0.1.0,DeLTA,clip,DeLTA_TS540_1,DeLTA_TS540_1,train,,0.1.0,datasets/DeLTA/data/clips.csv,68b9e31eb95b049f1139a40a4af362edf2c7a34147eb138388ad281a165ab61c
mosaiq-benchmark-v0.1-candidate-20260716,mosaiq-benchmark,0.1.0-dev,delta_source_multilabel,0.1.0,DeLTA,clip,DeLTA_Rs201_2,DeLTA_Rs201_2,train,,0.1.0,datasets/DeLTA/data/clips.csv,1f7916726e5b031347683fbcfe1b41a41dfd33040d5a48ef22e7b2a409f68567
mosaiq-benchmark-v0.1-candidate-20260716,mosaiq-benchmark,0.1.0-dev,delta_source_multilabel,0.1.0,DeLTA,clip,DeLTA_ET111_2,DeLTA_ET111_2,train,,0.1.0,datasets/DeLTA/data/clips.csv,9a51cdde5147c7b990a6bf2a1248b4d1278c8df5665f9e6290534bdfd11eb8c2
mosaiq-benchmark-v0.1-candidate-20260716,mosaiq-benchmark,0.1.0-dev,delta_source_multilabel,0.1.0,DeLTA,clip,DeLTA_PL428_2,DeLTA_PL428_2,test,,0.1.0,datasets/DeLTA/data/clips.csv,4183eb8ea3a796b271e484e7675a09afbde846e4dda925ad189ea0a221467f0a
mosaiq-benchmark-v0.1-candidate-20260716,mosaiq-benchmark,0.1.0-dev,delta_source_multilabel,0.1.0,DeLTA,clip,DeLTA_TS538_2,DeLTA_TS538_2,train,,0.1.0,datasets/DeLTA/data/clips.csv,288a2f555bf78d7be8bc9d70e442c87049634d5538b71c1e22f35bc430c004fb
mosaiq-benchmark-v0.1-candidate-20260716,mosaiq-benchmark,0.1.0-dev,delta_source_multilabel,0.1.0,DeLTA,clip,DeLTA_RP334_2,DeLTA_RP334_2,train,,0.1.0,datasets/DeLTA/data/clips.csv,a6675c90e52bbd5f017343602b00c8876062d989443b5cf2f39e9e8019636728
mosaiq-benchmark-v0.1-candidate-20260716,mosaiq-benchmark,0.1.0-dev,delta_source_multilabel,0.1.0,DeLTA,clip,DeLTA_Mc317_2,DeLTA_Mc317_2,dev,,0.1.0,datasets/DeLTA/data/clips.csv,d1e9a96fc882db3ccc095c93a88972486aa04dbf0a22c58e056fcfa40b87969f
mosaiq-benchmark-v0.1-candidate-20260716,mosaiq-benchmark,0.1.0-dev,delta_source_multilabel,0.1.0,DeLTA,clip,DeLTA_CT406_1,DeLTA_CT406_1,train,,0.1.0,datasets/DeLTA/data/clips.csv,678adc61ab8e98224b4e6a3edd77e76768680d5f48eee5b38cd914efb808d9be
mosaiq-benchmark-v0.1-candidate-20260716,mosaiq-benchmark,0.1.0-dev,delta_source_multilabel,0.1.0,DeLTA,clip,DeLTA_SR228_2,DeLTA_SR228_2,test,,0.1.0,datasets/DeLTA/data/clips.csv,1559f621357b434f5d4a0c2b0f98590be291290e5d42a904b345789220f7fb03
mosaiq-benchmark-v0.1-candidate-20260716,mosaiq-benchmark,0.1.0-dev,delta_source_multilabel,0.1.0,DeLTA,clip,DeLTA_Rs209_2,DeLTA_Rs209_2,train,,0.1.0,datasets/DeLTA/data/clips.csv,b54ebcd8b997788fbdf5b73add22f0403ffbcc82c956199381017191c9ef8628
mosaiq-benchmark-v0.1-candidate-20260716,mosaiq-benchmark,0.1.0-dev,delta_source_multilabel,0.1.0,DeLTA,clip,DeLTA_PL116_2,DeLTA_PL116_2,train,,0.1.0,datasets/DeLTA/data/clips.csv,a68c465d4296d67323f087074d2a079df232f183507f2aa0317a1134c1174f69
mosaiq-benchmark-v0.1-candidate-20260716,mosaiq-benchmark,0.1.0-dev,delta_source_multilabel,0.1.0,DeLTA,clip,DeLTA_SR209_2,DeLTA_SR209_2,train,,0.1.0,datasets/DeLTA/data/clips.csv,5e10d11f66ad2d86e4f22b7a0704c5d21f83f0a7700c1b3616b7d5b1d71da4d8
mosaiq-benchmark-v0.1-candidate-20260716,mosaiq-benchmark,0.1.0-dev,delta_source_multilabel,0.1.0,DeLTA,clip,DeLTA_RF318_2,DeLTA_RF318_2,train,,0.1.0,datasets/DeLTA/data/clips.csv,5e1b9360ef2bed7bdae5dd968230279f7e0bbc449cb400594af336e19e631ba7
mosaiq-benchmark-v0.1-candidate-20260716,mosaiq-benchmark,0.1.0-dev,delta_source_multilabel,0.1.0,DeLTA,clip,DeLTA_TS521_1,DeLTA_TS521_1,train,,0.1.0,datasets/DeLTA/data/clips.csv,8389229f4b7f459d10e98d99624b4506809628cd9e90a122bb0af58fa734f6f0
mosaiq-benchmark-v0.1-candidate-20260716,mosaiq-benchmark,0.1.0-dev,delta_source_multilabel,0.1.0,DeLTA,clip,DeLTA_ET210_1,DeLTA_ET210_1,train,,0.1.0,datasets/DeLTA/data/clips.csv,c6d5866c0b8235146312641eec2e4ca61a99150f511756ad29aa527685971d40
mosaiq-benchmark-v0.1-candidate-20260716,mosaiq-benchmark,0.1.0-dev,delta_source_multilabel,0.1.0,DeLTA,clip,DeLTA_TS508_2,DeLTA_TS508_2,dev,,0.1.0,datasets/DeLTA/data/clips.csv,27d9439ab77a2cd91810ae56fb3d32f0a681db379806b74bfeca24ff3a22f09b
mosaiq-benchmark-v0.1-candidate-20260716,mosaiq-benchmark,0.1.0-dev,delta_source_multilabel,0.1.0,DeLTA,clip,DeLTA_SC220_2,DeLTA_SC220_2,train,,0.1.0,datasets/DeLTA/data/clips.csv,13a739f14563ea5919e16dbc9b743e4e748be440d7b7a75871075eff72685e13
mosaiq-benchmark-v0.1-candidate-20260716,mosaiq-benchmark,0.1.0-dev,delta_source_multilabel,0.1.0,DeLTA,clip,DeLTA_ET302_1,DeLTA_ET302_1,test,,0.1.0,datasets/DeLTA/data/clips.csv,152953f8a468e1e277fcc7e5bc26b4d72447f64861a4ccec734464faa9fafa08
mosaiq-benchmark-v0.1-candidate-20260716,mosaiq-benchmark,0.1.0-dev,delta_source_multilabel,0.1.0,DeLTA,clip,DeLTA_SM503_2,DeLTA_SM503_2,dev,,0.1.0,datasets/DeLTA/data/clips.csv,cc1be2c446c2f4be946cf1bd0188472e69d9ec4113d47d3592bc972357787f29
mosaiq-benchmark-v0.1-candidate-20260716,mosaiq-benchmark,0.1.0-dev,delta_source_multilabel,0.1.0,DeLTA,clip,DeLTA_tm326_2,DeLTA_tm326_2,train,,0.1.0,datasets/DeLTA/data/clips.csv,9a78c36f161daa5ad22a3dbff63a03063c8dc3a1726cf98b4a42abb46f583f8c
mosaiq-benchmark-v0.1-candidate-20260716,mosaiq-benchmark,0.1.0-dev,delta_source_multilabel,0.1.0,DeLTA,clip,DeLTA_tm322_1,DeLTA_tm322_1,train,,0.1.0,datasets/DeLTA/data/clips.csv,c43dff559a75f236d49fbf27387fe44d54d719e1921fbb6d7203a3b98cc4250c
mosaiq-benchmark-v0.1-candidate-20260716,mosaiq-benchmark,0.1.0-dev,delta_source_multilabel,0.1.0,DeLTA,clip,DeLTA_Ts405_2,DeLTA_Ts405_2,dev,,0.1.0,datasets/DeLTA/data/clips.csv,b2ba8062bfe7e24c58c1e5810df07b3ec118d677a5283df1b2a43b1d2f9b46b3
mosaiq-benchmark-v0.1-candidate-20260716,mosaiq-benchmark,0.1.0-dev,delta_source_multilabel,0.1.0,DeLTA,clip,DeLTA_MC506_1,DeLTA_MC506_1,train,,0.1.0,datasets/DeLTA/data/clips.csv,c0849ed08d9125278d6d56ee54abb7f31b0808afbdf65ba90bce639712b06f34
mosaiq-benchmark-v0.1-candidate-20260716,mosaiq-benchmark,0.1.0-dev,delta_source_multilabel,0.1.0,DeLTA,clip,DeLTA_MC509_1,DeLTA_MC509_1,train,,0.1.0,datasets/DeLTA/data/clips.csv,6781ec70483d806f82408364e26fe17035eebd097913759d93903a18bba6b110
mosaiq-benchmark-v0.1-candidate-20260716,mosaiq-benchmark,0.1.0-dev,delta_source_multilabel,0.1.0,DeLTA,clip,DeLTA_Rp218_2,DeLTA_Rp218_2,train,,0.1.0,datasets/DeLTA/data/clips.csv,1197117e53d788aa15463407a29324d53dcdb3e82b1e14d1795cb86b6fa0ce40
mosaiq-benchmark-v0.1-candidate-20260716,mosaiq-benchmark,0.1.0-dev,delta_source_multilabel,0.1.0,DeLTA,clip,DeLTA_Mc106_4,DeLTA_Mc106_4,train,,0.1.0,datasets/DeLTA/data/clips.csv,449c9d56484c75f5fd31d58c849eb27240ee83f63a950b68a11d16eecd3809ea
mosaiq-benchmark-v0.1-candidate-20260716,mosaiq-benchmark,0.1.0-dev,delta_source_multilabel,0.1.0,DeLTA,clip,DeLTA_PL120_2,DeLTA_PL120_2,train,,0.1.0,datasets/DeLTA/data/clips.csv,90914b715115ad78674856a82033d25e234b51e8700a9c655705c4328d017d66
mosaiq-benchmark-v0.1-candidate-20260716,mosaiq-benchmark,0.1.0-dev,delta_source_multilabel,0.1.0,DeLTA,clip,DeLTA_RP302_1,DeLTA_RP302_1,train,,0.1.0,datasets/DeLTA/data/clips.csv,50d70f68c136c7d1dda1e264f7e60e75c21aae115a58f5bd420d0b604b55d1d2
mosaiq-benchmark-v0.1-candidate-20260716,mosaiq-benchmark,0.1.0-dev,delta_source_multilabel,0.1.0,DeLTA,clip,DeLTA_Mc328_1,DeLTA_Mc328_1,train,,0.1.0,datasets/DeLTA/data/clips.csv,58a1f09fb2ca47e3a5c26e6b38e79b61c92a52da2bad0d91548b2e4821a22bc6
mosaiq-benchmark-v0.1-candidate-20260716,mosaiq-benchmark,0.1.0-dev,delta_source_multilabel,0.1.0,DeLTA,clip,DeLTA_TS524_3,DeLTA_TS524_3,test,,0.1.0,datasets/DeLTA/data/clips.csv,c330ac0750163307d0e34393ab802223cdb6acb4f7d71cd30338bfd8c9280273
mosaiq-benchmark-v0.1-candidate-20260716,mosaiq-benchmark,0.1.0-dev,delta_source_multilabel,0.1.0,DeLTA,clip,DeLTA_MG204_1,DeLTA_MG204_1,train,,0.1.0,datasets/DeLTA/data/clips.csv,d836265363b92434fe8ab679fecac2eeb00f8899459c2fd09c22191b4a0b9fc9
mosaiq-benchmark-v0.1-candidate-20260716,mosaiq-benchmark,0.1.0-dev,delta_source_multilabel,0.1.0,DeLTA,clip,DeLTA_Rs231_2,DeLTA_Rs231_2,train,,0.1.0,datasets/DeLTA/data/clips.csv,4cc0f86c6cbb11178f97d5bb990fede4d991bca0145faf8ace175408375b485c
mosaiq-benchmark-v0.1-candidate-20260716,mosaiq-benchmark,0.1.0-dev,delta_source_multilabel,0.1.0,DeLTA,clip,DeLTA_Rp139_1,DeLTA_Rp139_1,train,,0.1.0,datasets/DeLTA/data/clips.csv,e132b1bfe03c30f1856e087de7c71412c0e9fb426d57c46bc99478f47fab2052
mosaiq-benchmark-v0.1-candidate-20260716,mosaiq-benchmark,0.1.0-dev,delta_source_multilabel,0.1.0,DeLTA,clip,DeLTA_ts312_2,DeLTA_ts312_2,train,,0.1.0,datasets/DeLTA/data/clips.csv,a5fcbd6bb5a498af76d71701f3b2bd7880f1bd4745cf33da083bba8a88e8e937
mosaiq-benchmark-v0.1-candidate-20260716,mosaiq-benchmark,0.1.0-dev,delta_source_multilabel,0.1.0,DeLTA,clip,DeLTA_sr116_1,DeLTA_sr116_1,train,,0.1.0,datasets/DeLTA/data/clips.csv,95c95a590b7ff25bd6d8b35b78a0cd462343ffb6506721e918a69591ba9c208c
mosaiq-benchmark-v0.1-candidate-20260716,mosaiq-benchmark,0.1.0-dev,delta_source_multilabel,0.1.0,DeLTA,clip,DeLTA_ts218_2,DeLTA_ts218_2,train,,0.1.0,datasets/DeLTA/data/clips.csv,6695c6fcacf59ae4110e21a89972b9ae10d70760fd114aecf912ab80b2730988
mosaiq-benchmark-v0.1-candidate-20260716,mosaiq-benchmark,0.1.0-dev,delta_source_multilabel,0.1.0,DeLTA,clip,DeLTA_RF327_2,DeLTA_RF327_2,train,,0.1.0,datasets/DeLTA/data/clips.csv,c94ee284d0047adb60332e8071915ef2e60c1a3db237d33d579a441723573402
mosaiq-benchmark-v0.1-candidate-20260716,mosaiq-benchmark,0.1.0-dev,delta_source_multilabel,0.1.0,DeLTA,clip,DeLTA_RP326_1,DeLTA_RP326_1,train,,0.1.0,datasets/DeLTA/data/clips.csv,1859516a1383edd95c3f256d978b7b3012a9bd5418fddf3f90102be6715613bf
mosaiq-benchmark-v0.1-candidate-20260716,mosaiq-benchmark,0.1.0-dev,delta_source_multilabel,0.1.0,DeLTA,clip,DeLTA_cv214_2,DeLTA_cv214_2,train,,0.1.0,datasets/DeLTA/data/clips.csv,6a516fb82aa0a3b0d4eac756315d7abfb6e0a0c69aca58c341073c45cd670411
mosaiq-benchmark-v0.1-candidate-20260716,mosaiq-benchmark,0.1.0-dev,delta_source_multilabel,0.1.0,DeLTA,clip,DeLTA_SR235_1,DeLTA_SR235_1,test,,0.1.0,datasets/DeLTA/data/clips.csv,ad2079ea8355d3f58dd24a24c53b834be6bb2d02cd25649d9d403cf97744c886
mosaiq-benchmark-v0.1-candidate-20260716,mosaiq-benchmark,0.1.0-dev,delta_source_multilabel,0.1.0,DeLTA,clip,DeLTA_Rf117_3,DeLTA_Rf117_3,dev,,0.1.0,datasets/DeLTA/data/clips.csv,bcc1f078d23d421d3745cfd654d301540db0f84b7f590ad144765f7c232bd15f
mosaiq-benchmark-v0.1-candidate-20260716,mosaiq-benchmark,0.1.0-dev,delta_source_multilabel,0.1.0,DeLTA,clip,DeLTA_MG334_1,DeLTA_MG334_1,test,,0.1.0,datasets/DeLTA/data/clips.csv,0a6d1622c0bfaf8eb519e3b5eb739dd5c7ca6bec3393fca8dcc01b076fe9b997
mosaiq-benchmark-v0.1-candidate-20260716,mosaiq-benchmark,0.1.0-dev,delta_source_multilabel,0.1.0,DeLTA,clip,DeLTA_tm105_1,DeLTA_tm105_1,train,,0.1.0,datasets/DeLTA/data/clips.csv,f884c67e92a1cc87bd8d333cd3b4fa88526190cdec899fc795598eb9a1a59e4a
mosaiq-benchmark-v0.1-candidate-20260716,mosaiq-benchmark,0.1.0-dev,delta_source_multilabel,0.1.0,DeLTA,clip,DeLTA_RS407_2,DeLTA_RS407_2,train,,0.1.0,datasets/DeLTA/data/clips.csv,fce41a97034c3fcf761f9da2667062bf20e201cba1f7d0753177122f2cd195ca
mosaiq-benchmark-v0.1-candidate-20260716,mosaiq-benchmark,0.1.0-dev,delta_source_multilabel,0.1.0,DeLTA,clip,DeLTA_sc101_1,DeLTA_sc101_1,train,,0.1.0,datasets/DeLTA/data/clips.csv,9f47be9ac7de327291439f83d0f4781ccfe324607d29c1e40732bad26165758d
mosaiq-benchmark-v0.1-candidate-20260716,mosaiq-benchmark,0.1.0-dev,delta_source_multilabel,0.1.0,DeLTA,clip,DeLTA_SR206_1,DeLTA_SR206_1,train,,0.1.0,datasets/DeLTA/data/clips.csv,ae0bed194770274d9c11b38ec3ed523e44adf421c7e65a9aa5363688635107e5
mosaiq-benchmark-v0.1-candidate-20260716,mosaiq-benchmark,0.1.0-dev,delta_source_multilabel,0.1.0,DeLTA,clip,DeLTA_sr124_2,DeLTA_sr124_2,train,,0.1.0,datasets/DeLTA/data/clips.csv,95a80adeb1cfb998f47345b19171afe8ffc160abc4263e369bae3be1fcd9177c
mosaiq-benchmark-v0.1-candidate-20260716,mosaiq-benchmark,0.1.0-dev,delta_source_multilabel,0.1.0,DeLTA,clip,DeLTA_TS540_2,DeLTA_TS540_2,train,,0.1.0,datasets/DeLTA/data/clips.csv,51af4d46a0fe84518899f4a0c85c523d21591fe288978912f5c9396e41de7435
mosaiq-benchmark-v0.1-candidate-20260716,mosaiq-benchmark,0.1.0-dev,delta_source_multilabel,0.1.0,DeLTA,clip,DeLTA_ts311_1,DeLTA_ts311_1,train,,0.1.0,datasets/DeLTA/data/clips.csv,5bcfae2f8b4bf12caa334550cf975864a48f270bf9baa95f9f215c33a8d15ffa
mosaiq-benchmark-v0.1-candidate-20260716,mosaiq-benchmark,0.1.0-dev,delta_source_multilabel,0.1.0,DeLTA,clip,DeLTA_CT528_2,DeLTA_CT528_2,train,,0.1.0,datasets/DeLTA/data/clips.csv,cbf4ea1b7789b2254c5a28dd3e1fbbd4c18540d76c847396bb21785eca0cc624
mosaiq-benchmark-v0.1-candidate-20260716,mosaiq-benchmark,0.1.0-dev,delta_source_multilabel,0.1.0,DeLTA,clip,DeLTA_CT504_1,DeLTA_CT504_1,dev,,0.1.0,datasets/DeLTA/data/clips.csv,e92c0d92833ccea4f840cdbb778636761c7313ab8885e8024eb684868d5b442f
mosaiq-benchmark-v0.1-candidate-20260716,mosaiq-benchmark,0.1.0-dev,delta_source_multilabel,0.1.0,DeLTA,clip,DeLTA_ts214_1,DeLTA_ts214_1,train,,0.1.0,datasets/DeLTA/data/clips.csv,f872a3cee2210790a2dfa87510c51d3bd3aa938119051e029d75da35116eb4d3
mosaiq-benchmark-v0.1-candidate-20260716,mosaiq-benchmark,0.1.0-dev,delta_source_multilabel,0.1.0,DeLTA,clip,DeLTA_Rp116_2,DeLTA_Rp116_2,train,,0.1.0,datasets/DeLTA/data/clips.csv,7a6e94bbcdf72a30b4f374f7dd0b166b845c0ce6451b735a8955bdfcab7751ff
mosaiq-benchmark-v0.1-candidate-20260716,mosaiq-benchmark,0.1.0-dev,delta_source_multilabel,0.1.0,DeLTA,clip,DeLTA_sc103_2,DeLTA_sc103_2,dev,,0.1.0,datasets/DeLTA/data/clips.csv,36b6dfc60662b9173ae8947cf64ac2da43ee240cd98ad3c0ff83f022a7d29932
mosaiq-benchmark-v0.1-candidate-20260716,mosaiq-benchmark,0.1.0-dev,delta_source_multilabel,0.1.0,DeLTA,clip,DeLTA_Ts423_3,DeLTA_Ts423_3,train,,0.1.0,datasets/DeLTA/data/clips.csv,9b95054c365de1b09281e1e2cdfd24ac4232fb3e5f7fb02ff833488559df87f2
mosaiq-benchmark-v0.1-candidate-20260716,mosaiq-benchmark,0.1.0-dev,delta_source_multilabel,0.1.0,DeLTA,clip,DeLTA_Rf139_2,DeLTA_Rf139_2,train,,0.1.0,datasets/DeLTA/data/clips.csv,314ae2a4de3d0faa8db935e01d6092a1ced0c6bf4a52280fc49ca0407a51bd5e
mosaiq-benchmark-v0.1-candidate-20260716,mosaiq-benchmark,0.1.0-dev,delta_source_multilabel,0.1.0,DeLTA,clip,DeLTA_CT319_1,DeLTA_CT319_1,train,,0.1.0,datasets/DeLTA/data/clips.csv,92ed74cccce707eb05d1ecca5bfca143ba94763d5a1c8d953b89bce309ee3fcc
mosaiq-benchmark-v0.1-candidate-20260716,mosaiq-benchmark,0.1.0-dev,delta_source_multilabel,0.1.0,DeLTA,clip,DeLTA_CT508_2,DeLTA_CT508_2,train,,0.1.0,datasets/DeLTA/data/clips.csv,9859e40155366e0c49700834fadea96df9ad88d5ac586f6a8f3c9f4767a5a5e1
mosaiq-benchmark-v0.1-candidate-20260716,mosaiq-benchmark,0.1.0-dev,delta_source_multilabel,0.1.0,DeLTA,clip,DeLTA_ET113_2,DeLTA_ET113_2,train,,0.1.0,datasets/DeLTA/data/clips.csv,7dac6e51249ca4d1cee64d9d1620d8a5dea5e42966ceb604362093696ef29cad
mosaiq-benchmark-v0.1-candidate-20260716,mosaiq-benchmark,0.1.0-dev,delta_source_multilabel,0.1.0,DeLTA,clip,DeLTA_CT403_2,DeLTA_CT403_2,train,,0.1.0,datasets/DeLTA/data/clips.csv,dc8873d527a9c720d355b9d6ebef28a5acf5323f45bd39da09b7dd843244c37d
mosaiq-benchmark-v0.1-candidate-20260716,mosaiq-benchmark,0.1.0-dev,delta_source_multilabel,0.1.0,DeLTA,clip,DeLTA_cp0_1,DeLTA_cp0_1,train,,0.1.0,datasets/DeLTA/data/clips.csv,04e3feb7ed3afddacf06a1465c94c6a05599c68b4735888b5479313bfee26597
mosaiq-benchmark-v0.1-candidate-20260716,mosaiq-benchmark,0.1.0-dev,delta_source_multilabel,0.1.0,DeLTA,clip,DeLTA_MC540_2,DeLTA_MC540_2,train,,0.1.0,datasets/DeLTA/data/clips.csv,e1f7b6e803635737f8aaf9dd01f709d9ab5373aff608f310bb9a243c288a15a0
mosaiq-benchmark-v0.1-candidate-20260716,mosaiq-benchmark,0.1.0-dev,delta_source_multilabel,0.1.0,DeLTA,clip,DeLTA_MC527_2,DeLTA_MC527_2,train,,0.1.0,datasets/DeLTA/data/clips.csv,d4b1efe9fc9372003c83d4e2ffda4f03229394d0b97819687244741de5a754d7
mosaiq-benchmark-v0.1-candidate-20260716,mosaiq-benchmark,0.1.0-dev,delta_source_multilabel,0.1.0,DeLTA,clip,DeLTA_PL402_2,DeLTA_PL402_2,train,,0.1.0,datasets/DeLTA/data/clips.csv,b5c30a2e3f055348ac135bc8b1d6a0a61e7f20ac4ce3770537aef51a91445f66
mosaiq-benchmark-v0.1-candidate-20260716,mosaiq-benchmark,0.1.0-dev,delta_source_multilabel,0.1.0,DeLTA,clip,DeLTA_PL339_2,DeLTA_PL339_2,train,,0.1.0,datasets/DeLTA/data/clips.csv,d09fd1516de450df57b051c554e0adcc4b2297c2ea533b2ff69dfb109760fecb
mosaiq-benchmark-v0.1-candidate-20260716,mosaiq-benchmark,0.1.0-dev,delta_source_multilabel,0.1.0,DeLTA,clip,DeLTA_MC512_1,DeLTA_MC512_1,train,,0.1.0,datasets/DeLTA/data/clips.csv,96fbcc402f75b9fbbca1712c1e1caaffdf758d2eae4cfa08378f18bf44831776
mosaiq-benchmark-v0.1-candidate-20260716,mosaiq-benchmark,0.1.0-dev,delta_source_multilabel,0.1.0,DeLTA,clip,DeLTA_CT508_1,DeLTA_CT508_1,train,,0.1.0,datasets/DeLTA/data/clips.csv,8fae9c58ca66b1758b7159ab9b67be8c5f0ee1562c6175f69f775d7ee943965b
mosaiq-benchmark-v0.1-candidate-20260716,mosaiq-benchmark,0.1.0-dev,delta_source_multilabel,0.1.0,DeLTA,clip,DeLTA_Rf211_1,DeLTA_Rf211_1,dev,,0.1.0,datasets/DeLTA/data/clips.csv,aed6491a37ffcf7b37c45e519d276a2dc8682cc6d45633d4553081fbcc59333f
mosaiq-benchmark-v0.1-candidate-20260716,mosaiq-benchmark,0.1.0-dev,delta_source_multilabel,0.1.0,DeLTA,clip,DeLTA_PL332_2,DeLTA_PL332_2,train,,0.1.0,datasets/DeLTA/data/clips.csv,b1d29bf467a962350ec020ed8dca15f38fb304ee34452f12b9802766a37cf6e6
mosaiq-benchmark-v0.1-candidate-20260716,mosaiq-benchmark,0.1.0-dev,delta_source_multilabel,0.1.0,DeLTA,clip,DeLTA_sr105_2,DeLTA_sr105_2,train,,0.1.0,datasets/DeLTA/data/clips.csv,06e1cc6e24b53d90f5cc199e446741217b1aa05b9449a1d7fae23b797056b35a
mosaiq-benchmark-v0.1-candidate-20260716,mosaiq-benchmark,0.1.0-dev,delta_source_multilabel,0.1.0,DeLTA,clip,DeLTA_RF317_2,DeLTA_RF317_2,train,,0.1.0,datasets/DeLTA/data/clips.csv,4cc046e55b573d98bb069b451ad029a35ebbd486adb9d9d55eedf9a9d3d83790
mosaiq-benchmark-v0.1-candidate-20260716,mosaiq-benchmark,0.1.0-dev,delta_source_multilabel,0.1.0,DeLTA,clip,DeLTA_2cv61_1,DeLTA_2cv61_1,dev,,0.1.0,datasets/DeLTA/data/clips.csv,f81c09a894946e0857b506dd5e7e61a362092c702e2c2bfebf46c3018bcaebf2
mosaiq-benchmark-v0.1-candidate-20260716,mosaiq-benchmark,0.1.0-dev,delta_source_multilabel,0.1.0,DeLTA,clip,DeLTA_Rf214_2,DeLTA_Rf214_2,train,,0.1.0,datasets/DeLTA/data/clips.csv,369200c982fbb98a337e58e2527c91d1522308821f3d32b2960579b47b2e16f1
mosaiq-benchmark-v0.1-candidate-20260716,mosaiq-benchmark,0.1.0-dev,delta_source_multilabel,0.1.0,DeLTA,clip,DeLTA_m23_2,DeLTA_m23_2,train,,0.1.0,datasets/DeLTA/data/clips.csv,b5ad89ced9b655437544356f95ec3ca7a0966fb25eedcbb9641beab58cd2eae0
mosaiq-benchmark-v0.1-candidate-20260716,mosaiq-benchmark,0.1.0-dev,delta_source_multilabel,0.1.0,DeLTA,clip,DeLTA_Pl220_2,DeLTA_Pl220_2,train,,0.1.0,datasets/DeLTA/data/clips.csv,61c1961b83217891fa4380e3e4eead1a81becd8f55c0d1e39ec68b552d2d502d
mosaiq-benchmark-v0.1-candidate-20260716,mosaiq-benchmark,0.1.0-dev,delta_source_multilabel,0.1.0,DeLTA,clip,DeLTA_RF338_2,DeLTA_RF338_2,dev,,0.1.0,datasets/DeLTA/data/clips.csv,ff4d9017930d8f9c5185e0852e3b7b89a72fd77be06495a27bb2c1f1f4bd12ff
mosaiq-benchmark-v0.1-candidate-20260716,mosaiq-benchmark,0.1.0-dev,delta_source_multilabel,0.1.0,DeLTA,clip,DeLTA_NP129_2,DeLTA_NP129_2,train,,0.1.0,datasets/DeLTA/data/clips.csv,1b956ce76cbbce57f665e56ee681c9c32bcfc9cb51c357087536cb7625ba582a
mosaiq-benchmark-v0.1-candidate-20260716,mosaiq-benchmark,0.1.0-dev,delta_source_multilabel,0.1.0,DeLTA,clip,DeLTA_SM418_1,DeLTA_SM418_1,train,,0.1.0,datasets/DeLTA/data/clips.csv,238f06cc02bfb9fb337c3102eeb3ade8d6deab969f46b9e5b36b5946284ccf07
mosaiq-benchmark-v0.1-candidate-20260716,mosaiq-benchmark,0.1.0-dev,delta_source_multilabel,0.1.0,DeLTA,clip,DeLTA_SM418_2,DeLTA_SM418_2,train,,0.1.0,datasets/DeLTA/data/clips.csv,0f31162107a0833ab952cccea0bbcd07f89ed8b2e2175794544efd87c3533e5f
mosaiq-benchmark-v0.1-candidate-20260716,mosaiq-benchmark,0.1.0-dev,delta_source_multilabel,0.1.0,DeLTA,clip,DeLTA_MG304_1,DeLTA_MG304_1,test,,0.1.0,datasets/DeLTA/data/clips.csv,a8ac219c358ea6e85514737b14624931e7b0a764eed69e0f8cbaa2e7d79ada27
mosaiq-benchmark-v0.1-candidate-20260716,mosaiq-benchmark,0.1.0-dev,delta_source_multilabel,0.1.0,DeLTA,clip,DeLTA_RS434_1,DeLTA_RS434_1,train,,0.1.0,datasets/DeLTA/data/clips.csv,412fd0543ddc366b9b91946f9f22ce4d07a6f8813942edfabe2391b2b70b09b9
mosaiq-benchmark-v0.1-candidate-20260716,mosaiq-benchmark,0.1.0-dev,delta_source_multilabel,0.1.0,DeLTA,clip,DeLTA_Rp227_1,DeLTA_Rp227_1,train,,0.1.0,datasets/DeLTA/data/clips.csv,b041a17d4658735fd4e060c23e58c7650a9eb7de97478e96e2cf73d575d3cdf3
mosaiq-benchmark-v0.1-candidate-20260716,mosaiq-benchmark,0.1.0-dev,delta_source_multilabel,0.1.0,DeLTA,clip,DeLTA_sc122_2,DeLTA_sc122_2,train,,0.1.0,datasets/DeLTA/data/clips.csv,f81ca99c30e1f3cb19bbe3238b6628e718d7b39a372f57a57be3eaa115e73f0c
mosaiq-benchmark-v0.1-candidate-20260716,mosaiq-benchmark,0.1.0-dev,delta_source_multilabel,0.1.0,DeLTA,clip,DeLTA_RF313_2,DeLTA_RF313_2,dev,,0.1.0,datasets/DeLTA/data/clips.csv,cb5bf263459d162d73abace190145d3d0e77a07e8084dbc4a6c81eb9405bbae8
mosaiq-benchmark-v0.1-candidate-20260716,mosaiq-benchmark,0.1.0-dev,delta_source_multilabel,0.1.0,DeLTA,clip,DeLTA_tm213_2,DeLTA_tm213_2,train,,0.1.0,datasets/DeLTA/data/clips.csv,d3e39253ea703bf2ae62c60a8b269c5f2e8ca38dcb69bd48042307c0020d4a55
mosaiq-benchmark-v0.1-candidate-20260716,mosaiq-benchmark,0.1.0-dev,delta_source_multilabel,0.1.0,DeLTA,clip,DeLTA_Rs121_2,DeLTA_Rs121_2,train,,0.1.0,datasets/DeLTA/data/clips.csv,53e92369c12bfac5e3ba18b61ece489d5e7a054f80b284a69acb88153b1b6840
mosaiq-benchmark-v0.1-candidate-20260716,mosaiq-benchmark,0.1.0-dev,delta_source_multilabel,0.1.0,DeLTA,clip,DeLTA_ts212_1,DeLTA_ts212_1,train,,0.1.0,datasets/DeLTA/data/clips.csv,955f4ca46e34cc38341933873b4dd6a4a44207ee529ddcdd7b3351ac0f449911
mosaiq-benchmark-v0.1-candidate-20260716,mosaiq-benchmark,0.1.0-dev,delta_source_multilabel,0.1.0,DeLTA,clip,DeLTA_cp9_1,DeLTA_cp9_1,train,,0.1.0,datasets/DeLTA/data/clips.csv,62e9b089d5494b93980f3bb685bbd561a0b386d3a542a444badffbec7fead299
mosaiq-benchmark-v0.1-candidate-20260716,mosaiq-benchmark,0.1.0-dev,delta_source_multilabel,0.1.0,DeLTA,clip,DeLTA_sc101_2,DeLTA_sc101_2,train,,0.1.0,datasets/DeLTA/data/clips.csv,c3b9cd62059686e7d426386a1fc6e24643ac5b4ca2c320e0b48b54c4a020f644
mosaiq-benchmark-v0.1-candidate-20260716,mosaiq-benchmark,0.1.0-dev,delta_source_multilabel,0.1.0,DeLTA,clip,DeLTA_sc131_2,DeLTA_sc131_2,train,,0.1.0,datasets/DeLTA/data/clips.csv,ed34cdd1ffb0e1254e94e50d8a10b448ab653f1653e5178cf071838d262d87f1
mosaiq-benchmark-v0.1-candidate-20260716,mosaiq-benchmark,0.1.0-dev,delta_source_multilabel,0.1.0,DeLTA,clip,DeLTA_MC517_1,DeLTA_MC517_1,train,,0.1.0,datasets/DeLTA/data/clips.csv,9e332113cbdd60bf4d03965217e71ae5ffcb1c4dc1d8324434e3edc9a80abf68
mosaiq-benchmark-v0.1-candidate-20260716,mosaiq-benchmark,0.1.0-dev,delta_source_multilabel,0.1.0,DeLTA,clip,DeLTA_tm215_1,DeLTA_tm215_1,train,,0.1.0,datasets/DeLTA/data/clips.csv,b56cd929f3d72012f251f2f24026af4e4306c8cbef54ee953aacb89e2dbde71a
mosaiq-benchmark-v0.1-candidate-20260716,mosaiq-benchmark,0.1.0-dev,delta_source_multilabel,0.1.0,DeLTA,clip,DeLTA_Mc324_2,DeLTA_Mc324_2,train,,0.1.0,datasets/DeLTA/data/clips.csv,96013a3a3bba893f970ecd1d4cdb6a54e3bb5d72bed63961ff74191a65da46a0
mosaiq-benchmark-v0.1-candidate-20260716,mosaiq-benchmark,0.1.0-dev,delta_source_multilabel,0.1.0,DeLTA,clip,DeLTA_Mc416_1,DeLTA_Mc416_1,test,,0.1.0,datasets/DeLTA/data/clips.csv,61045b3e3ca85d07737a9b57c4d3ae12ad4a1fa89c8e1862b192c601ea5d4e45
mosaiq-benchmark-v0.1-candidate-20260716,mosaiq-benchmark,0.1.0-dev,delta_source_multilabel,0.1.0,DeLTA,clip,DeLTA_CT203_2,DeLTA_CT203_2,test,,0.1.0,datasets/DeLTA/data/clips.csv,cd1d936f21e314f67b795077c93cd5a3c1281da604ac370f61bc85805831cb70
mosaiq-benchmark-v0.1-candidate-20260716,mosaiq-benchmark,0.1.0-dev,delta_source_multilabel,0.1.0,DeLTA,clip,DeLTA_RP318_1,DeLTA_RP318_1,test,,0.1.0,datasets/DeLTA/data/clips.csv,ad0527b5a14a1c5f9b13068b27ee344f50022fccad667643eb0723b9a2cfde99
mosaiq-benchmark-v0.1-candidate-20260716,mosaiq-benchmark,0.1.0-dev,delta_source_multilabel,0.1.0,DeLTA,clip,DeLTA_CT101_2,DeLTA_CT101_2,test,,0.1.0,datasets/DeLTA/data/clips.csv,9e2bddfcc3c726edf3d5c09c58c83ee2db62a40356ccd1758d65274b3dbedaa6
mosaiq-benchmark-v0.1-candidate-20260716,mosaiq-benchmark,0.1.0-dev,delta_source_multilabel,0.1.0,DeLTA,clip,DeLTA_sc113_2,DeLTA_sc113_2,dev,,0.1.0,datasets/DeLTA/data/clips.csv,1e6f38be44386cac6c7f4c146d1d21ff9cc068dfc07e63178aa1e30f583ff1af
mosaiq-benchmark-v0.1-candidate-20260716,mosaiq-benchmark,0.1.0-dev,delta_source_multilabel,0.1.0,DeLTA,clip,DeLTA_MG205_2,DeLTA_MG205_2,dev,,0.1.0,datasets/DeLTA/data/clips.csv,fdd59cac3e4da23458dc17567f7f2186b8200a36ea3bb32758f011838f435297
mosaiq-benchmark-v0.1-candidate-20260716,mosaiq-benchmark,0.1.0-dev,delta_source_multilabel,0.1.0,DeLTA,clip,DeLTA_cv38_2,DeLTA_cv38_2,train,,0.1.0,datasets/DeLTA/data/clips.csv,b5aeaabf5acce38625016da45b8d5eb740b8fd332a49ca585b26aff6df25c533
mosaiq-benchmark-v0.1-candidate-20260716,mosaiq-benchmark,0.1.0-dev,delta_source_multilabel,0.1.0,DeLTA,clip,DeLTA_sr137_2,DeLTA_sr137_2,train,,0.1.0,datasets/DeLTA/data/clips.csv,936245de9a95ad6135e71b0ef5eb6793af273bc872f2c162bbf21e6feab5acd8
mosaiq-benchmark-v0.1-candidate-20260716,mosaiq-benchmark,0.1.0-dev,delta_source_multilabel,0.1.0,DeLTA,clip,DeLTA_Rf204_1,DeLTA_Rf204_1,train,,0.1.0,datasets/DeLTA/data/clips.csv,0630feb057cf9ee126d0c583c8fb44d15494623bafc23eec4db778edc78973a0
mosaiq-benchmark-v0.1-candidate-20260716,mosaiq-benchmark,0.1.0-dev,delta_source_multilabel,0.1.0,DeLTA,clip,DeLTA_PL305_1,DeLTA_PL305_1,test,,0.1.0,datasets/DeLTA/data/clips.csv,96b4171f022b41ecb57289eea2d7c3ea4fb2df3fa663c3c6e1f4bd5da3af24a5
mosaiq-benchmark-v0.1-candidate-20260716,mosaiq-benchmark,0.1.0-dev,delta_source_multilabel,0.1.0,DeLTA,clip,DeLTA_PL438_1,DeLTA_PL438_1,train,,0.1.0,datasets/DeLTA/data/clips.csv,f50a754f10114dd0510268ce2f9c31b1824dd9bad66895653c9fab846d44ca39
mosaiq-benchmark-v0.1-candidate-20260716,mosaiq-benchmark,0.1.0-dev,delta_source_multilabel,0.1.0,DeLTA,clip,DeLTA_Ts411_1,DeLTA_Ts411_1,train,,0.1.0,datasets/DeLTA/data/clips.csv,39943fc3d7a0a21b83571f8f7ad980b90f102815873d5283070cd3b243cb3a54
mosaiq-benchmark-v0.1-candidate-20260716,mosaiq-benchmark,0.1.0-dev,delta_source_multilabel,0.1.0,DeLTA,clip,DeLTA_SC203_2,DeLTA_SC203_2,train,,0.1.0,datasets/DeLTA/data/clips.csv,56b96b229ea53795eb6194a29fe96c2686d6a5d9ddc78a9913d88d4a94bcbbdd
mosaiq-benchmark-v0.1-candidate-20260716,mosaiq-benchmark,0.1.0-dev,delta_source_multilabel,0.1.0,DeLTA,clip,DeLTA_CT518_2,DeLTA_CT518_2,train,,0.1.0,datasets/DeLTA/data/clips.csv,f8b85873ff18dccc2b21353a9fcac16d7a2a57e5c55fa17e606a06d5d4ae5e9b
mosaiq-benchmark-v0.1-candidate-20260716,mosaiq-benchmark,0.1.0-dev,delta_source_multilabel,0.1.0,DeLTA,clip,DeLTA_MC512_2,DeLTA_MC512_2,dev,,0.1.0,datasets/DeLTA/data/clips.csv,c22eabb8fb3de2e9ab45fd4cfc262c9091ff751a728418260122328be230fbfb
mosaiq-benchmark-v0.1-candidate-20260716,mosaiq-benchmark,0.1.0-dev,delta_source_multilabel,0.1.0,DeLTA,clip,DeLTA_Rs223_2,DeLTA_Rs223_2,dev,,0.1.0,datasets/DeLTA/data/clips.csv,5fa4f5017a6b3fc0db583d1e3c0120b413107333477e842b88ec97c9f4c36c5a
mosaiq-benchmark-v0.1-candidate-20260716,mosaiq-benchmark,0.1.0-dev,delta_source_multilabel,0.1.0,DeLTA,clip,DeLTA_cp14_1,DeLTA_cp14_1,test,,0.1.0,datasets/DeLTA/data/clips.csv,551fd8f13661285b628dee6be0152e757c99b61a600a6ea9bfc3a6fdcd89c0b3
mosaiq-benchmark-v0.1-candidate-20260716,mosaiq-benchmark,0.1.0-dev,delta_source_multilabel,0.1.0,DeLTA,clip,DeLTA_MG303_2,DeLTA_MG303_2,dev,,0.1.0,datasets/DeLTA/data/clips.csv,c41c250b23531fb1dc829a6bcebb10433a371f2f4ef3079288cb56cbed134cee
mosaiq-benchmark-v0.1-candidate-20260716,mosaiq-benchmark,0.1.0-dev,delta_source_multilabel,0.1.0,DeLTA,clip,DeLTA_mc102_1,DeLTA_mc102_1,test,,0.1.0,datasets/DeLTA/data/clips.csv,e3235fe5d5931c015cf6c8cdc82648b59474ead7c3f313904323189d95221db7
mosaiq-benchmark-v0.1-candidate-20260716,mosaiq-benchmark,0.1.0-dev,delta_source_multilabel,0.1.0,DeLTA,clip,DeLTA_Rf205_2,DeLTA_Rf205_2,train,,0.1.0,datasets/DeLTA/data/clips.csv,9ad4a6ff327431d551aef2c7b01c13cd4f948a8177a335ef338c27dd4831bcdb
mosaiq-benchmark-v0.1-candidate-20260716,mosaiq-benchmark,0.1.0-dev,delta_source_multilabel,0.1.0,DeLTA,clip,DeLTA_ET436_2,DeLTA_ET436_2,dev,,0.1.0,datasets/DeLTA/data/clips.csv,c268ff9eefffae91fba2e4ab4f6315648a0521f434b9cb5bd0318bd1854fc1b3
mosaiq-benchmark-v0.1-candidate-20260716,mosaiq-benchmark,0.1.0-dev,delta_source_multilabel,0.1.0,DeLTA,clip,DeLTA_PL430_1,DeLTA_PL430_1,dev,,0.1.0,datasets/DeLTA/data/clips.csv,39068bd8f84fc3d2b56561ce6c4f329e822d857d63be7e171c1a48919f3304a3
mosaiq-benchmark-v0.1-candidate-20260716,mosaiq-benchmark,0.1.0-dev,delta_source_multilabel,0.1.0,DeLTA,clip,DeLTA_tm208_1,DeLTA_tm208_1,train,,0.1.0,datasets/DeLTA/data/clips.csv,7d49d05fe1970aac929bc63f3db4d0f116f2ff1b9a72805845feeef81aaca248
mosaiq-benchmark-v0.1-candidate-20260716,mosaiq-benchmark,0.1.0-dev,delta_source_multilabel,0.1.0,DeLTA,clip,DeLTA_ML206_2,DeLTA_ML206_2,dev,,0.1.0,datasets/DeLTA/data/clips.csv,eab151e627b7187bef5f40e1088f960000bd1fd5d86d7d4bff0b0339ed7448da
mosaiq-benchmark-v0.1-candidate-20260716,mosaiq-benchmark,0.1.0-dev,delta_source_multilabel,0.1.0,DeLTA,clip,DeLTA_RP313_1,DeLTA_RP313_1,train,,0.1.0,datasets/DeLTA/data/clips.csv,f7042fb65503d19500b2d29dfb94d99915ecf622cb66865bc1696b091e889e8a
mosaiq-benchmark-v0.1-candidate-20260716,mosaiq-benchmark,0.1.0-dev,delta_source_multilabel,0.1.0,DeLTA,clip,DeLTA_Pl210_1,DeLTA_Pl210_1,train,,0.1.0,datasets/DeLTA/data/clips.csv,7b5851fb9e2bbc69577fe58cc9df39caa2933a7f9e277023c89cb045b2b26f3e
mosaiq-benchmark-v0.1-candidate-20260716,mosaiq-benchmark,0.1.0-dev,delta_source_multilabel,0.1.0,DeLTA,clip,DeLTA_ET420_1,DeLTA_ET420_1,train,,0.1.0,datasets/DeLTA/data/clips.csv,76c38ebcad7b791a8f86a1a1ea10f79a08729a8b4ec4aeda62151285f83fe053
mosaiq-benchmark-v0.1-candidate-20260716,mosaiq-benchmark,0.1.0-dev,delta_source_multilabel,0.1.0,DeLTA,clip,DeLTA_CT123_2,DeLTA_CT123_2,test,,0.1.0,datasets/DeLTA/data/clips.csv,172f1d1c66f7fc09899458d625ae7c86813aab940cc4ddd4848b3f79285d945b
mosaiq-benchmark-v0.1-candidate-20260716,mosaiq-benchmark,0.1.0-dev,delta_source_multilabel,0.1.0,DeLTA,clip,DeLTA_ET122_2,DeLTA_ET122_2,train,,0.1.0,datasets/DeLTA/data/clips.csv,53c9725d753964d61bf5617e90d71df8e2c34116c575a91ae4e3c140a280320b
mosaiq-benchmark-v0.1-candidate-20260716,mosaiq-benchmark,0.1.0-dev,delta_source_multilabel,0.1.0,DeLTA,clip,DeLTA_sr117_2,DeLTA_sr117_2,train,,0.1.0,datasets/DeLTA/data/clips.csv,221240b27dc700437f75e6a1d1c62b03ae310cd94081a1c97d08654f7db53e1b
mosaiq-benchmark-v0.1-candidate-20260716,mosaiq-benchmark,0.1.0-dev,delta_source_multilabel,0.1.0,DeLTA,clip,DeLTA_ts215_1,DeLTA_ts215_1,train,,0.1.0,datasets/DeLTA/data/clips.csv,5a742fd46af3212d10459379f4931653bc249787251d294bd4de15b1844195b0
mosaiq-benchmark-v0.1-candidate-20260716,mosaiq-benchmark,0.1.0-dev,delta_source_multilabel,0.1.0,DeLTA,clip,DeLTA_MG220_2,DeLTA_MG220_2,train,,0.1.0,datasets/DeLTA/data/clips.csv,1b214b6c62995a7845e8fa7b81c401541ca6ef76479f27719872e6a46c26f584
mosaiq-benchmark-v0.1-candidate-20260716,mosaiq-benchmark,0.1.0-dev,delta_source_multilabel,0.1.0,DeLTA,clip,DeLTA_CT406_2,DeLTA_CT406_2,dev,,0.1.0,datasets/DeLTA/data/clips.csv,f606ffdf4310873dd1d6c11745205bed4288efce112c9ab7fdd5ed41d832c588
mosaiq-benchmark-v0.1-candidate-20260716,mosaiq-benchmark,0.1.0-dev,delta_source_multilabel,0.1.0,DeLTA,clip,DeLTA_Rf225_2,DeLTA_Rf225_2,train,,0.1.0,datasets/DeLTA/data/clips.csv,88bd7e38925ab32d8da9b7052d9c8599a7b8a90554fd1ef4032f814ee9021a92
mosaiq-benchmark-v0.1-candidate-20260716,mosaiq-benchmark,0.1.0-dev,delta_source_multilabel,0.1.0,DeLTA,clip,DeLTA_PL435_1,DeLTA_PL435_1,train,,0.1.0,datasets/DeLTA/data/clips.csv,7ec5a3a3e4e442f6be850ee3655e4135ee0638b39e56b087336b37216c5973b0
mosaiq-benchmark-v0.1-candidate-20260716,mosaiq-benchmark,0.1.0-dev,delta_source_multilabel,0.1.0,DeLTA,clip,DeLTA_CT516_2,DeLTA_CT516_2,test,,0.1.0,datasets/DeLTA/data/clips.csv,4e08a64f2a401520a9084155df28770929589efa990b2481ea4791364d69e656
mosaiq-benchmark-v0.1-candidate-20260716,mosaiq-benchmark,0.1.0-dev,delta_source_multilabel,0.1.0,DeLTA,clip,DeLTA_cp21_1,DeLTA_cp21_1,test,,0.1.0,datasets/DeLTA/data/clips.csv,f83c47bdc77f4995b17193501d092b01fa483479de986b53874269b62575f672
mosaiq-benchmark-v0.1-candidate-20260716,mosaiq-benchmark,0.1.0-dev,delta_source_multilabel,0.1.0,DeLTA,clip,DeLTA_ET116_1,DeLTA_ET116_1,train,,0.1.0,datasets/DeLTA/data/clips.csv,080b7b3270fb50df3a78067fc0f7b20ac12446c596281eb4afedb72688b586c4
mosaiq-benchmark-v0.1-candidate-20260716,mosaiq-benchmark,0.1.0-dev,delta_source_multilabel,0.1.0,DeLTA,clip,DeLTA_CT117_2,DeLTA_CT117_2,train,,0.1.0,datasets/DeLTA/data/clips.csv,52f0724b6a2bd6d726d38f38e91123b7dac2b387a806f21a8900bd7abd85ef7a
mosaiq-benchmark-v0.1-candidate-20260716,mosaiq-benchmark,0.1.0-dev,delta_source_multilabel,0.1.0,DeLTA,clip,DeLTA_tm203_2,DeLTA_tm203_2,train,,0.1.0,datasets/DeLTA/data/clips.csv,a13ea4d28238b8c65e38645b63e3241a4675def3ff6444bceb7a3de0df20663d
mosaiq-benchmark-v0.1-candidate-20260716,mosaiq-benchmark,0.1.0-dev,delta_source_multilabel,0.1.0,DeLTA,clip,DeLTA_CT104_1,DeLTA_CT104_1,dev,,0.1.0,datasets/DeLTA/data/clips.csv,7d376316d4f42f3f495d7ad8a79bb44e76bb072a912d57e90a4eaca9396417f4
mosaiq-benchmark-v0.1-candidate-20260716,mosaiq-benchmark,0.1.0-dev,delta_source_multilabel,0.1.0,DeLTA,clip,DeLTA_Rs225_2,DeLTA_Rs225_2,train,,0.1.0,datasets/DeLTA/data/clips.csv,a9ea94dd8916afd770efe4ef0164215f91e734ec6cca59e6aef177354e225008
mosaiq-benchmark-v0.1-candidate-20260716,mosaiq-benchmark,0.1.0-dev,delta_source_multilabel,0.1.0,DeLTA,clip,DeLTA_Rs206_2,DeLTA_Rs206_2,train,,0.1.0,datasets/DeLTA/data/clips.csv,778db42f006e3269c41555fc4e2f6e3d5236b66eb97350c19e439762ddfcc2fb
mosaiq-benchmark-v0.1-candidate-20260716,mosaiq-benchmark,0.1.0-dev,delta_source_multilabel,0.1.0,DeLTA,clip,DeLTA_Rp215_1,DeLTA_Rp215_1,train,,0.1.0,datasets/DeLTA/data/clips.csv,a19bdd8e1fec10d5c765c6b49ff4ceaa03b88e67683406903da48eafc9c1c64a
mosaiq-benchmark-v0.1-candidate-20260716,mosaiq-benchmark,0.1.0-dev,delta_source_multilabel,0.1.0,DeLTA,clip,DeLTA_Mc103_2,DeLTA_Mc103_2,test,,0.1.0,datasets/DeLTA/data/clips.csv,698405a594f5da02f282449ad8030fba4f01dded7019d222276ee0b1027c92f0
mosaiq-benchmark-v0.1-candidate-20260716,mosaiq-benchmark,0.1.0-dev,delta_source_multilabel,0.1.0,DeLTA,clip,DeLTA_tm310_1,DeLTA_tm310_1,train,,0.1.0,datasets/DeLTA/data/clips.csv,547b0b21559070cd7364e9472b361c25bf0209d0dd1011784b9640eda022b22b
mosaiq-benchmark-v0.1-candidate-20260716,mosaiq-benchmark,0.1.0-dev,delta_source_multilabel,0.1.0,DeLTA,clip,DeLTA_ML105_2,DeLTA_ML105_2,train,,0.1.0,datasets/DeLTA/data/clips.csv,65591b9d8b4189d487e36cb7970fdaf65e268bd394e4f36825ad58fa000fd0de
mosaiq-benchmark-v0.1-candidate-20260716,mosaiq-benchmark,0.1.0-dev,delta_source_multilabel,0.1.0,DeLTA,clip,DeLTA_CT540_2,DeLTA_CT540_2,train,,0.1.0,datasets/DeLTA/data/clips.csv,0a6eb3a904afc28894e3501eb8b848dc930a21554bd3cd89eab7cbd28829b326
mosaiq-benchmark-v0.1-candidate-20260716,mosaiq-benchmark,0.1.0-dev,delta_source_multilabel,0.1.0,DeLTA,clip,DeLTA_Mc116_2,DeLTA_Mc116_2,train,,0.1.0,datasets/DeLTA/data/clips.csv,b5fa1a523adad2da9f81a291c9390308250a0bf1a55abe589be6665b2e98af49
mosaiq-benchmark-v0.1-candidate-20260716,mosaiq-benchmark,0.1.0-dev,delta_source_multilabel,0.1.0,DeLTA,clip,DeLTA_PL331_1,DeLTA_PL331_1,test,,0.1.0,datasets/DeLTA/data/clips.csv,99173627a38edc718009bf610be970ac33664a4f60d0d7b8a14f251db568b79a
mosaiq-benchmark-v0.1-candidate-20260716,mosaiq-benchmark,0.1.0-dev,delta_source_multilabel,0.1.0,DeLTA,clip,DeLTA_MG214_2,DeLTA_MG214_2,dev,,0.1.0,datasets/DeLTA/data/clips.csv,e1566b0503caa6353d3c209beaa454e4e1a3a9a097df64dfb5bbe6880612e283
mosaiq-benchmark-v0.1-candidate-20260716,mosaiq-benchmark,0.1.0-dev,delta_source_multilabel,0.1.0,DeLTA,clip,DeLTA_SM401_2,DeLTA_SM401_2,train,,0.1.0,datasets/DeLTA/data/clips.csv,ebfb74ab435c684e9cad94313d239271fdaacbe03d813ab04b657a86d82c514f
mosaiq-benchmark-v0.1-candidate-20260716,mosaiq-benchmark,0.1.0-dev,delta_source_multilabel,0.1.0,DeLTA,clip,DeLTA_CT119_1,DeLTA_CT119_1,train,,0.1.0,datasets/DeLTA/data/clips.csv,f0db4de58af54995fc4720548c1ddbff57f17d7b24016fe561c70e3bbdc686ae
mosaiq-benchmark-v0.1-candidate-20260716,mosaiq-benchmark,0.1.0-dev,delta_source_multilabel,0.1.0,DeLTA,clip,DeLTA_Rs311_1,DeLTA_Rs311_1,test,,0.1.0,datasets/DeLTA/data/clips.csv,b099d2628aad833b34769bab114b24fa99f4bb8cb3a18d155ed42cec3bc6ba02
mosaiq-benchmark-v0.1-candidate-20260716,mosaiq-benchmark,0.1.0-dev,delta_source_multilabel,0.1.0,DeLTA,clip,DeLTA_ts315_1,DeLTA_ts315_1,train,,0.1.0,datasets/DeLTA/data/clips.csv,aa783a46973411b64dd7fd03b9037afb101a77914958c795e61ec00c118207c4
mosaiq-benchmark-v0.1-candidate-20260716,mosaiq-benchmark,0.1.0-dev,delta_source_multilabel,0.1.0,DeLTA,clip,DeLTA_st106_2,DeLTA_st106_2,train,,0.1.0,datasets/DeLTA/data/clips.csv,49a0d4467b0a947b2a240c2d4d5f8bf58b88a0ea264869581cc8870960f159a5
mosaiq-benchmark-v0.1-candidate-20260716,mosaiq-benchmark,0.1.0-dev,delta_source_multilabel,0.1.0,DeLTA,clip,DeLTA_RS440_2,DeLTA_RS440_2,train,,0.1.0,datasets/DeLTA/data/clips.csv,fa15c4321fb50aa3e6d0fbd6a122fb31728f1d5bd18a76a57c66bd453c24e271
mosaiq-benchmark-v0.1-candidate-20260716,mosaiq-benchmark,0.1.0-dev,delta_source_multilabel,0.1.0,DeLTA,clip,DeLTA_Rp209_1,DeLTA_Rp209_1,train,,0.1.0,datasets/DeLTA/data/clips.csv,3935709692491cb8c3dd8aaccac735fdb2b10424a659f2d785aebe20ee898a8c
mosaiq-benchmark-v0.1-candidate-20260716,mosaiq-benchmark,0.1.0-dev,delta_source_multilabel,0.1.0,DeLTA,clip,DeLTA_Rf215_2,DeLTA_Rf215_2,dev,,0.1.0,datasets/DeLTA/data/clips.csv,e7ec1ef7d0b6f21394b0eb8e11962126c757ec6fef9557bf5d0b64cd702e2600
mosaiq-benchmark-v0.1-candidate-20260716,mosaiq-benchmark,0.1.0-dev,delta_source_multilabel,0.1.0,DeLTA,clip,DeLTA_CT114_1,DeLTA_CT114_1,dev,,0.1.0,datasets/DeLTA/data/clips.csv,90897b51f2e65ccb69cc3d5a5e8bfc212406479f48a56c95a281c007ace69b47
mosaiq-benchmark-v0.1-candidate-20260716,mosaiq-benchmark,0.1.0-dev,delta_source_multilabel,0.1.0,DeLTA,clip,DeLTA_Rs115_2,DeLTA_Rs115_2,train,,0.1.0,datasets/DeLTA/data/clips.csv,e2fe03f90d19f11841649fa2757f7a8008fe241bb3aa8372327c53c6fa49f20b
mosaiq-benchmark-v0.1-candidate-20260716,mosaiq-benchmark,0.1.0-dev,delta_source_multilabel,0.1.0,DeLTA,clip,DeLTA_NP142_2,DeLTA_NP142_2,test,,0.1.0,datasets/DeLTA/data/clips.csv,dd0dcf77a47dcc7e3b65d32b3e467303c3d6502dbab0a0f5c97cb0545bbf3613
mosaiq-benchmark-v0.1-candidate-20260716,mosaiq-benchmark,0.1.0-dev,delta_source_multilabel,0.1.0,DeLTA,clip,DeLTA_RP305_1,DeLTA_RP305_1,train,,0.1.0,datasets/DeLTA/data/clips.csv,aef6b4839b7affcae51999405d37f075bcc79f9186e545be14bf7b8af89fc67f
mosaiq-benchmark-v0.1-candidate-20260716,mosaiq-benchmark,0.1.0-dev,delta_source_multilabel,0.1.0,DeLTA,clip,DeLTA_SM518_1,DeLTA_SM518_1,train,,0.1.0,datasets/DeLTA/data/clips.csv,2d1ecf0b90d518623abc214871aaba7898741e5173da80bfe96ddd5b0f1d3564
mosaiq-benchmark-v0.1-candidate-20260716,mosaiq-benchmark,0.1.0-dev,delta_source_multilabel,0.1.0,DeLTA,clip,DeLTA_SC205_1,DeLTA_SC205_1,train,,0.1.0,datasets/DeLTA/data/clips.csv,6edc9f9517abd6af0802c584cd8d06b15c8d0d4cad6ef2ea72ae5205352f2485
mosaiq-benchmark-v0.1-candidate-20260716,mosaiq-benchmark,0.1.0-dev,delta_source_multilabel,0.1.0,DeLTA,clip,DeLTA_CT506_2,DeLTA_CT506_2,dev,,0.1.0,datasets/DeLTA/data/clips.csv,dbb301fb1501b87632b9509520e6438f1c2094c9e4d3eb4d6e613e013c623972
mosaiq-benchmark-v0.1-candidate-20260716,mosaiq-benchmark,0.1.0-dev,delta_source_multilabel,0.1.0,DeLTA,clip,DeLTA_PL338_1,DeLTA_PL338_1,train,,0.1.0,datasets/DeLTA/data/clips.csv,56bb04773950b8c12adc4f7d7ca211a6b84a26af0fddb1ce28de8489cd3c2d33
mosaiq-benchmark-v0.1-candidate-20260716,mosaiq-benchmark,0.1.0-dev,delta_source_multilabel,0.1.0,DeLTA,clip,DeLTA_cv213_1,DeLTA_cv213_1,train,,0.1.0,datasets/DeLTA/data/clips.csv,ba7d96155961715b587d84ee587b5804e3aa02decc412016d564c7cc3a56a1a2
mosaiq-benchmark-v0.1-candidate-20260716,mosaiq-benchmark,0.1.0-dev,delta_source_multilabel,0.1.0,DeLTA,clip,DeLTA_ET311_1,DeLTA_ET311_1,dev,,0.1.0,datasets/DeLTA/data/clips.csv,896f07333a02e014406821499e202e55a74f40c2c243fe150debf4d5e0fef9e5
mosaiq-benchmark-v0.1-candidate-20260716,mosaiq-benchmark,0.1.0-dev,delta_source_multilabel,0.1.0,DeLTA,clip,DeLTA_TS541_3,DeLTA_TS541_3,train,,0.1.0,datasets/DeLTA/data/clips.csv,70aa4825454e87c9018f830a24241f3dcfb998daf728d117dc3d18979a09a1b7
mosaiq-benchmark-v0.1-candidate-20260716,mosaiq-benchmark,0.1.0-dev,delta_source_multilabel,0.1.0,DeLTA,clip,DeLTA_2cv51_1,DeLTA_2cv51_1,train,,0.1.0,datasets/DeLTA/data/clips.csv,b7746119baca8594599e482d563a66e80fc7f9a6ec0d16aa1d31c5ee9506b3b3
mosaiq-benchmark-v0.1-candidate-20260716,mosaiq-benchmark,0.1.0-dev,delta_source_multilabel,0.1.0,DeLTA,clip,DeLTA_SM404_2,DeLTA_SM404_2,train,,0.1.0,datasets/DeLTA/data/clips.csv,0f921850a15352e6528a897aa3ca8637aaf864f1937d671f1c5e481226541393
mosaiq-benchmark-v0.1-candidate-20260716,mosaiq-benchmark,0.1.0-dev,delta_source_multilabel,0.1.0,DeLTA,clip,DeLTA_TM412_2,DeLTA_TM412_2,train,,0.1.0,datasets/DeLTA/data/clips.csv,a50c97dc9fa4a8442df72b8cd3d7a35924815b1cf5a96b707abffa0c5b5c4fb4
mosaiq-benchmark-v0.1-candidate-20260716,mosaiq-benchmark,0.1.0-dev,delta_source_multilabel,0.1.0,DeLTA,clip,DeLTA_ET120_1,DeLTA_ET120_1,train,,0.1.0,datasets/DeLTA/data/clips.csv,7cc102ccb29be87fb2d33ccd0955182adae48e2ff19d3cced38f667679637a6a
mosaiq-benchmark-v0.1-candidate-20260716,mosaiq-benchmark,0.1.0-dev,delta_source_multilabel,0.1.0,DeLTA,clip,DeLTA_MG328_1,DeLTA_MG328_1,test,,0.1.0,datasets/DeLTA/data/clips.csv,039479f1a43e1c643823e11d6811c1be2ee77eac8d60fbcf17ed08338ed4a5a7
mosaiq-benchmark-v0.1-candidate-20260716,mosaiq-benchmark,0.1.0-dev,delta_source_multilabel,0.1.0,DeLTA,clip,DeLTA_NP127_2,DeLTA_NP127_2,train,,0.1.0,datasets/DeLTA/data/clips.csv,33f99e34fd57b25460bd7111d35c6d29faebeb5e19f1342696072a1155918252
mosaiq-benchmark-v0.1-candidate-20260716,mosaiq-benchmark,0.1.0-dev,delta_source_multilabel,0.1.0,DeLTA,clip,DeLTA_RS402_1,DeLTA_RS402_1,train,,0.1.0,datasets/DeLTA/data/clips.csv,e9070b8361d0d1df1fce262b57fa9b22f12cac1fc8d30aefc714c55985ae57fc
mosaiq-benchmark-v0.1-candidate-20260716,mosaiq-benchmark,0.1.0-dev,delta_source_multilabel,0.1.0,DeLTA,clip,DeLTA_ET413_2,DeLTA_ET413_2,test,,0.1.0,datasets/DeLTA/data/clips.csv,ddd11376e5835c6815538137437c7413d48385e40cca3e6da4e56c397218809c
mosaiq-benchmark-v0.1-candidate-20260716,mosaiq-benchmark,0.1.0-dev,delta_source_multilabel,0.1.0,DeLTA,clip,DeLTA_SM512_1,DeLTA_SM512_1,train,,0.1.0,datasets/DeLTA/data/clips.csv,f937b5bb34193834743669118deed63aa4f5e352da35aa6b1aeec418ab7c13df
mosaiq-benchmark-v0.1-candidate-20260716,mosaiq-benchmark,0.1.0-dev,delta_source_multilabel,0.1.0,DeLTA,clip,DeLTA_bib12_1,DeLTA_bib12_1,test,,0.1.0,datasets/DeLTA/data/clips.csv,669b4488dfe43dcebae5f327735b74dfad2c44c16e484fd581f727cfdb97e2d4
mosaiq-benchmark-v0.1-candidate-20260716,mosaiq-benchmark,0.1.0-dev,delta_source_multilabel,0.1.0,DeLTA,clip,DeLTA_ts305_1,DeLTA_ts305_1,dev,,0.1.0,datasets/DeLTA/data/clips.csv,704c6b51dcba8c7a7b88316ae749e497cd287954bd939052f916ed29eb86521a
mosaiq-benchmark-v0.1-candidate-20260716,mosaiq-benchmark,0.1.0-dev,delta_source_multilabel,0.1.0,DeLTA,clip,DeLTA_SM520_1,DeLTA_SM520_1,dev,,0.1.0,datasets/DeLTA/data/clips.csv,2dc917ced39e8b29011f4767cef8f0c4bcc5887b2f60844bfd8249797c9cc1aa
mosaiq-benchmark-v0.1-candidate-20260716,mosaiq-benchmark,0.1.0-dev,delta_source_multilabel,0.1.0,DeLTA,clip,DeLTA_MG201_1,DeLTA_MG201_1,train,,0.1.0,datasets/DeLTA/data/clips.csv,bbf302c62a1ccaadbcc18d526c42f4e50cd1b3da0e0e491762413db0b7953447
mosaiq-benchmark-v0.1-candidate-20260716,mosaiq-benchmark,0.1.0-dev,delta_source_multilabel,0.1.0,DeLTA,clip,DeLTA_sc119_1,DeLTA_sc119_1,test,,0.1.0,datasets/DeLTA/data/clips.csv,4e54ea410aa06bcde42d620fbab723ad1c8da06cb96c1ce6ac686132e39df192
mosaiq-benchmark-v0.1-candidate-20260716,mosaiq-benchmark,0.1.0-dev,delta_source_multilabel,0.1.0,DeLTA,clip,DeLTA_tm121_1,DeLTA_tm121_1,train,,0.1.0,datasets/DeLTA/data/clips.csv,2289778cfd385dbd3e224eb9a89db6c68ba4ca1986d013c10d30dfd85ae7db33
mosaiq-benchmark-v0.1-candidate-20260716,mosaiq-benchmark,0.1.0-dev,delta_source_multilabel,0.1.0,DeLTA,clip,DeLTA_Rs228_2,DeLTA_Rs228_2,train,,0.1.0,datasets/DeLTA/data/clips.csv,045eb2670c0dfe546ec609dcea050f30bcafa6f0e2e07d1a516ebe0257d5fa1c
mosaiq-benchmark-v0.1-candidate-20260716,mosaiq-benchmark,0.1.0-dev,delta_source_multilabel,0.1.0,DeLTA,clip,DeLTA_Rs321_1,DeLTA_Rs321_1,test,,0.1.0,datasets/DeLTA/data/clips.csv,57b5bcbf127fdfee762c9c6a4a8ab62bf5b00df0bff77f762c9675f355d7f227
mosaiq-benchmark-v0.1-candidate-20260716,mosaiq-benchmark,0.1.0-dev,delta_source_multilabel,0.1.0,DeLTA,clip,DeLTA_PL323_1,DeLTA_PL323_1,train,,0.1.0,datasets/DeLTA/data/clips.csv,2354d9a48bb25283d5eb7f4ec9beae638c9ebef6239f29d39cba8b1bfccf94f5
mosaiq-benchmark-v0.1-candidate-20260716,mosaiq-benchmark,0.1.0-dev,delta_source_multilabel,0.1.0,DeLTA,clip,DeLTA_MG331_1,DeLTA_MG331_1,train,,0.1.0,datasets/DeLTA/data/clips.csv,abd5ba46a366fcdc9bbcbe05dcef43b3e3baa7437d79d5adf75ce21838a8f8b0
mosaiq-benchmark-v0.1-candidate-20260716,mosaiq-benchmark,0.1.0-dev,delta_source_multilabel,0.1.0,DeLTA,clip,DeLTA_cp20_1,DeLTA_cp20_1,dev,,0.1.0,datasets/DeLTA/data/clips.csv,82ba64307cb8d9558531d54d41b5f41025447c059a3b0456137da28baa910843
mosaiq-benchmark-v0.1-candidate-20260716,mosaiq-benchmark,0.1.0-dev,delta_source_multilabel,0.1.0,DeLTA,clip,DeLTA_Rf113_3,DeLTA_Rf113_3,train,,0.1.0,datasets/DeLTA/data/clips.csv,efb443a67aeebc47938839590e8068b265cd04e45a519b7972a43921e4a64e4e
mosaiq-benchmark-v0.1-candidate-20260716,mosaiq-benchmark,0.1.0-dev,delta_source_multilabel,0.1.0,DeLTA,clip,DeLTA_Mc330_1,DeLTA_Mc330_1,train,,0.1.0,datasets/DeLTA/data/clips.csv,19f6b067016f0278849347748e92f252dd7f5293916cf02145ad282ec80214bb
mosaiq-benchmark-v0.1-candidate-20260716,mosaiq-benchmark,0.1.0-dev,delta_source_multilabel,0.1.0,DeLTA,clip,DeLTA_ts210_1,DeLTA_ts210_1,train,,0.1.0,datasets/DeLTA/data/clips.csv,581a1f571809e915d0a7b1bfe87ed030612eb72e118a5a02f027125df15b333b
mosaiq-benchmark-v0.1-candidate-20260716,mosaiq-benchmark,0.1.0-dev,delta_source_multilabel,0.1.0,DeLTA,clip,DeLTA_RF323_2,DeLTA_RF323_2,train,,0.1.0,datasets/DeLTA/data/clips.csv,e9ad1c56e3212a69a54df731250ed796009c91264b09dc198645c1d86c74c72e
mosaiq-benchmark-v0.1-candidate-20260716,mosaiq-benchmark,0.1.0-dev,delta_source_multilabel,0.1.0,DeLTA,clip,DeLTA_MG301_2,DeLTA_MG301_2,train,,0.1.0,datasets/DeLTA/data/clips.csv,671a2d397c326fa13e57d1fd97879f2a3d52fcf68cdbebbe4b01d511bbc9a6a4
mosaiq-benchmark-v0.1-candidate-20260716,mosaiq-benchmark,0.1.0-dev,delta_source_multilabel,0.1.0,DeLTA,clip,DeLTA_RS433_1,DeLTA_RS433_1,test,,0.1.0,datasets/DeLTA/data/clips.csv,9178e35f0f1f59f1a17c2de920dd59be17f59450d37c88b99c7f26231aebe646
mosaiq-benchmark-v0.1-candidate-20260716,mosaiq-benchmark,0.1.0-dev,delta_source_multilabel,0.1.0,DeLTA,clip,DeLTA_cp6_1,DeLTA_cp6_1,test,,0.1.0,datasets/DeLTA/data/clips.csv,cca72918efd99fbcc49f40931b841454e825404d9c347999f08b315070349fa1
mosaiq-benchmark-v0.1-candidate-20260716,mosaiq-benchmark,0.1.0-dev,delta_source_multilabel,0.1.0,DeLTA,clip,DeLTA_ts313_1,DeLTA_ts313_1,train,,0.1.0,datasets/DeLTA/data/clips.csv,2aa2f11175bf801494eabc5d57221d7a79d979751066ed291a6599f6beb9569a
mosaiq-benchmark-v0.1-candidate-20260716,mosaiq-benchmark,0.1.0-dev,delta_source_multilabel,0.1.0,DeLTA,clip,DeLTA_Mc309_1,DeLTA_Mc309_1,train,,0.1.0,datasets/DeLTA/data/clips.csv,e2fec10adce3ef9708bec84b727012a281459dac1f0996a62f286a8e705c4508
mosaiq-benchmark-v0.1-candidate-20260716,mosaiq-benchmark,0.1.0-dev,delta_source_multilabel,0.1.0,DeLTA,clip,DeLTA_Rp130_2,DeLTA_Rp130_2,train,,0.1.0,datasets/DeLTA/data/clips.csv,9e930bb229777ed2a8315d313c01b1f0bf907d0f22a1af1b588c05d89d9853d6
mosaiq-benchmark-v0.1-candidate-20260716,mosaiq-benchmark,0.1.0-dev,delta_source_multilabel,0.1.0,DeLTA,clip,DeLTA_MC535_1,DeLTA_MC535_1,dev,,0.1.0,datasets/DeLTA/data/clips.csv,963273c7fcd717435ee9b12f82c65fa19e44294daf00b57e5ca340f6497a0d36
mosaiq-benchmark-v0.1-candidate-20260716,mosaiq-benchmark,0.1.0-dev,delta_source_multilabel,0.1.0,DeLTA,clip,DeLTA_ML132_2,DeLTA_ML132_2,train,,0.1.0,datasets/DeLTA/data/clips.csv,0ebb77683e6490dfe7d00b1b3d9f51204894fc1ce2e79e83022c4fc8d3b3ee1c
mosaiq-benchmark-v0.1-candidate-20260716,mosaiq-benchmark,0.1.0-dev,delta_source_multilabel,0.1.0,DeLTA,clip,DeLTA_ET118_2,DeLTA_ET118_2,dev,,0.1.0,datasets/DeLTA/data/clips.csv,48f86ec82d024162f448219735e723b82aab1e97d621a46c2f2392fd88735dbb
mosaiq-benchmark-v0.1-candidate-20260716,mosaiq-benchmark,0.1.0-dev,delta_source_multilabel,0.1.0,DeLTA,clip,DeLTA_PL401_2,DeLTA_PL401_2,train,,0.1.0,datasets/DeLTA/data/clips.csv,6bca81259b66f2e39240390c0724efbd2d48bb7878ed2aa29b3517e1fb6b61f2
mosaiq-benchmark-v0.1-candidate-20260716,mosaiq-benchmark,0.1.0-dev,delta_source_multilabel,0.1.0,DeLTA,clip,DeLTA_Rf121_2,DeLTA_Rf121_2,train,,0.1.0,datasets/DeLTA/data/clips.csv,ff88574d75785525f6f54cbdb0b04938159cbb9e93bb0ccff2fbd603bdc2c754
mosaiq-benchmark-v0.1-candidate-20260716,mosaiq-benchmark,0.1.0-dev,delta_source_multilabel,0.1.0,DeLTA,clip,DeLTA_TM402_1,DeLTA_TM402_1,train,,0.1.0,datasets/DeLTA/data/clips.csv,56fc7d0618a536fa5e394e19777cca713c0b56e433464da600845496066a3c5c
mosaiq-benchmark-v0.1-candidate-20260716,mosaiq-benchmark,0.1.0-dev,delta_source_multilabel,0.1.0,DeLTA,clip,DeLTA_ET412_1,DeLTA_ET412_1,train,,0.1.0,datasets/DeLTA/data/clips.csv,008b74580aa645cf7fbef9635a4a3a0cc85f9e1f3d7dfd5a0527c7e4efdd4bb5
mosaiq-benchmark-v0.1-candidate-20260716,mosaiq-benchmark,0.1.0-dev,delta_source_multilabel,0.1.0,DeLTA,clip,DeLTA_MG312_2,DeLTA_MG312_2,train,,0.1.0,datasets/DeLTA/data/clips.csv,fb9f406c3a6a23b6e7b8759507a16ba4250da39832c9e31ad3f80d9695bb99fb
mosaiq-benchmark-v0.1-candidate-20260716,mosaiq-benchmark,0.1.0-dev,delta_source_multilabel,0.1.0,DeLTA,clip,DeLTA_tm320_1,DeLTA_tm320_1,train,,0.1.0,datasets/DeLTA/data/clips.csv,02670e34ee3ee69ef153eb03eb43b4aca46e29d33bb78dc5cdae5cd8d4431f1b
mosaiq-benchmark-v0.1-candidate-20260716,mosaiq-benchmark,0.1.0-dev,delta_source_multilabel,0.1.0,DeLTA,clip,DeLTA_SM519_1,DeLTA_SM519_1,train,,0.1.0,datasets/DeLTA/data/clips.csv,b7e2d88dc5aa44216c457d162958bb87142db174a24a52547b062f354f59307d
mosaiq-benchmark-v0.1-candidate-20260716,mosaiq-benchmark,0.1.0-dev,delta_source_multilabel,0.1.0,DeLTA,clip,DeLTA_ts232_1,DeLTA_ts232_1,train,,0.1.0,datasets/DeLTA/data/clips.csv,284be96ac70c32921f78ae611bcdb1b1995c4be233dd58ac53a4063965c0b875
mosaiq-benchmark-v0.1-candidate-20260716,mosaiq-benchmark,0.1.0-dev,delta_source_multilabel,0.1.0,DeLTA,clip,DeLTA_cp11_1,DeLTA_cp11_1,train,,0.1.0,datasets/DeLTA/data/clips.csv,e5e7b03c41f3978104f880080fee775e50ab972b63ff2327a7692b50ebc93e40
mosaiq-benchmark-v0.1-candidate-20260716,mosaiq-benchmark,0.1.0-dev,delta_source_multilabel,0.1.0,DeLTA,clip,DeLTA_RP322_1,DeLTA_RP322_1,dev,,0.1.0,datasets/DeLTA/data/clips.csv,20fcc1f86ad4ae83c54ed44326f06de5f6cdc28ff190106b6f25489dccdf68ce
mosaiq-benchmark-v0.1-candidate-20260716,mosaiq-benchmark,0.1.0-dev,delta_source_multilabel,0.1.0,DeLTA,clip,DeLTA_ts303_2,DeLTA_ts303_2,train,,0.1.0,datasets/DeLTA/data/clips.csv,df6f517fcf10c297389250d996aa9200605576f7513c71959dce80a617c5d6b4
mosaiq-benchmark-v0.1-candidate-20260716,mosaiq-benchmark,0.1.0-dev,delta_source_multilabel,0.1.0,DeLTA,clip,DeLTA_Rf118_2,DeLTA_Rf118_2,train,,0.1.0,datasets/DeLTA/data/clips.csv,472aaf3d355ab75edd6749e70671e9b4ffb704b4d3e54138d00dd4b755dcde55
mosaiq-benchmark-v0.1-candidate-20260716,mosaiq-benchmark,0.1.0-dev,delta_source_multilabel,0.1.0,DeLTA,clip,DeLTA_Rf227_3,DeLTA_Rf227_3,dev,,0.1.0,datasets/DeLTA/data/clips.csv,84fbe3f1cb16686bd2005088870d9ea3885784e49f9328627f65e440c7dbbdeb
mosaiq-benchmark-v0.1-candidate-20260716,mosaiq-benchmark,0.1.0-dev,delta_source_multilabel,0.1.0,DeLTA,clip,DeLTA_MG211_2,DeLTA_MG211_2,train,,0.1.0,datasets/DeLTA/data/clips.csv,4a5a5c9f109b54d9ce4b18baf7f01bd8fbda676240a278950fc019dd2ed154e6
mosaiq-benchmark-v0.1-candidate-20260716,mosaiq-benchmark,0.1.0-dev,delta_source_multilabel,0.1.0,DeLTA,clip,DeLTA_SM515_2,DeLTA_SM515_2,test,,0.1.0,datasets/DeLTA/data/clips.csv,3ae33cd153bbd5aef1e684bea65d1a35e7b872ede93aa79efb1cd233f890657c
mosaiq-benchmark-v0.1-candidate-20260716,mosaiq-benchmark,0.1.0-dev,delta_source_multilabel,0.1.0,DeLTA,clip,DeLTA_Mc305_1,DeLTA_Mc305_1,train,,0.1.0,datasets/DeLTA/data/clips.csv,35fcf17e131e91b6db13fc0a6e23f3d563c98872c652ab1dcffb8c5fef4c554f
mosaiq-benchmark-v0.1-candidate-20260716,mosaiq-benchmark,0.1.0-dev,delta_source_multilabel,0.1.0,DeLTA,clip,DeLTA_RS424_2,DeLTA_RS424_2,train,,0.1.0,datasets/DeLTA/data/clips.csv,4ddbcc0325f2c382d44dee2bbb0d9d512bd9f7304897ef7d61755fb21d7dbb45
mosaiq-benchmark-v0.1-candidate-20260716,mosaiq-benchmark,0.1.0-dev,delta_source_multilabel,0.1.0,DeLTA,clip,DeLTA_Rp116_3,DeLTA_Rp116_3,test,,0.1.0,datasets/DeLTA/data/clips.csv,41f4c461b012c26e55fe8f9790aa47d74672dab38d80ed4103a06cc02a6dcdbf
mosaiq-benchmark-v0.1-candidate-20260716,mosaiq-benchmark,0.1.0-dev,delta_source_multilabel,0.1.0,DeLTA,clip,DeLTA_RS432_1,DeLTA_RS432_1,dev,,0.1.0,datasets/DeLTA/data/clips.csv,d2177b75089e30164b7001afaa12bfaec5791d2bf9887fb98114cc2509542699
mosaiq-benchmark-v0.1-candidate-20260716,mosaiq-benchmark,0.1.0-dev,delta_source_multilabel,0.1.0,DeLTA,clip,DeLTA_SC204_2,DeLTA_SC204_2,train,,0.1.0,datasets/DeLTA/data/clips.csv,3359689dfe88e040ec9892682945b8700813b9f9c421ee810c07c11ebfc32046
mosaiq-benchmark-v0.1-candidate-20260716,mosaiq-benchmark,0.1.0-dev,delta_source_multilabel,0.1.0,DeLTA,clip,DeLTA_tm308_1,DeLTA_tm308_1,train,,0.1.0,datasets/DeLTA/data/clips.csv,1f249f04353f29a41db4ef4a291c182792f4f91bc6281101a31430d2cfbf95ba
mosaiq-benchmark-v0.1-candidate-20260716,mosaiq-benchmark,0.1.0-dev,delta_source_multilabel,0.1.0,DeLTA,clip,DeLTA_tm223_2,DeLTA_tm223_2,train,,0.1.0,datasets/DeLTA/data/clips.csv,f475c20cb4b77a750215752c83e96e1379e83422fa755d71b6e851cafd712307
mosaiq-benchmark-v0.1-candidate-20260716,mosaiq-benchmark,0.1.0-dev,delta_source_multilabel,0.1.0,DeLTA,clip,DeLTA_PL402_1,DeLTA_PL402_1,dev,,0.1.0,datasets/DeLTA/data/clips.csv,d24d9b891d97ba8f1771e5afb62748c4c7939a6fa7837c78805e6744330682d3
mosaiq-benchmark-v0.1-candidate-20260716,mosaiq-benchmark,0.1.0-dev,delta_source_multilabel,0.1.0,DeLTA,clip,DeLTA_ts309_1,DeLTA_ts309_1,train,,0.1.0,datasets/DeLTA/data/clips.csv,e58d1dc9cd697e7211978297bfc22da056a0ce26151f241562dc30e8a3195a89
mosaiq-benchmark-v0.1-candidate-20260716,mosaiq-benchmark,0.1.0-dev,delta_source_multilabel,0.1.0,DeLTA,clip,DeLTA_ts235_2,DeLTA_ts235_2,train,,0.1.0,datasets/DeLTA/data/clips.csv,c864622e15754d8a391c93231bbaa4d4f17830c51055f1e2ad1722c788418f97
mosaiq-benchmark-v0.1-candidate-20260716,mosaiq-benchmark,0.1.0-dev,delta_source_multilabel,0.1.0,DeLTA,clip,DeLTA_PL107_1,DeLTA_PL107_1,train,,0.1.0,datasets/DeLTA/data/clips.csv,9b2f74c0293eb1025499a7a44205d042cddf5ad2c596be16f63feaccd7d6419d
mosaiq-benchmark-v0.1-candidate-20260716,mosaiq-benchmark,0.1.0-dev,delta_source_multilabel,0.1.0,DeLTA,clip,DeLTA_Pl213_2,DeLTA_Pl213_2,train,,0.1.0,datasets/DeLTA/data/clips.csv,c95e946cbb1a754f89458e7e1666567a9b73a6ffa541a10b95dbf96131cdd4ac
mosaiq-benchmark-v0.1-candidate-20260716,mosaiq-benchmark,0.1.0-dev,delta_source_multilabel,0.1.0,DeLTA,clip,DeLTA_cv22_2,DeLTA_cv22_2,train,,0.1.0,datasets/DeLTA/data/clips.csv,c5977acfccfc3c36e102f378047d649f4f14fb587389dea438d9d2fce974e9d1
mosaiq-benchmark-v0.1-candidate-20260716,mosaiq-benchmark,0.1.0-dev,delta_source_multilabel,0.1.0,DeLTA,clip,DeLTA_Ts424_2,DeLTA_Ts424_2,dev,,0.1.0,datasets/DeLTA/data/clips.csv,923ba2b52dd1a900caa783434934be8f0330efb0afc005c54c031dee471ca816
mosaiq-benchmark-v0.1-candidate-20260716,mosaiq-benchmark,0.1.0-dev,delta_source_multilabel,0.1.0,DeLTA,clip,DeLTA_NP139_2,DeLTA_NP139_2,train,,0.1.0,datasets/DeLTA/data/clips.csv,0ca09facab6bac511be2c7f68a9c7896a28360df3b913ebd3a0da4a2a08306b3
mosaiq-benchmark-v0.1-candidate-20260716,mosaiq-benchmark,0.1.0-dev,delta_source_multilabel,0.1.0,DeLTA,clip,DeLTA_RF316_2,DeLTA_RF316_2,train,,0.1.0,datasets/DeLTA/data/clips.csv,93771d561641e21910ed74cc77a6bbc8e5224415dc28f9ccb0a8a91a9d99eecc
mosaiq-benchmark-v0.1-candidate-20260716,mosaiq-benchmark,0.1.0-dev,delta_source_multilabel,0.1.0,DeLTA,clip,DeLTA_tm120_1,DeLTA_tm120_1,dev,,0.1.0,datasets/DeLTA/data/clips.csv,bde45c55d5343a4db215529a1304a16dc8f0529e55009cdcc20f4ff73ac09c97
mosaiq-benchmark-v0.1-candidate-20260716,mosaiq-benchmark,0.1.0-dev,delta_source_multilabel,0.1.0,DeLTA,clip,DeLTA_PL424_2,DeLTA_PL424_2,train,,0.1.0,datasets/DeLTA/data/clips.csv,df65d262e904f04a876b60f8bed71136262b351bd45a987905d89975373ce610
mosaiq-benchmark-v0.1-candidate-20260716,mosaiq-benchmark,0.1.0-dev,delta_source_multilabel,0.1.0,DeLTA,clip,DeLTA_TS533_1,DeLTA_TS533_1,test,,0.1.0,datasets/DeLTA/data/clips.csv,795c74336874e432870201d42fa8fdda0d8ee25f95f51b0193c8c0333e23541d
mosaiq-benchmark-v0.1-candidate-20260716,mosaiq-benchmark,0.1.0-dev,delta_source_multilabel,0.1.0,DeLTA,clip,DeLTA_SM314_2,DeLTA_SM314_2,dev,,0.1.0,datasets/DeLTA/data/clips.csv,9f70383192d1c0a40c33abd300c6dc7eda84fc8d3c4ac196bf8f50263a7c48f6
mosaiq-benchmark-v0.1-candidate-20260716,mosaiq-benchmark,0.1.0-dev,delta_source_multilabel,0.1.0,DeLTA,clip,DeLTA_Rf117_1,DeLTA_Rf117_1,train,,0.1.0,datasets/DeLTA/data/clips.csv,ae17fb7d110516c6bedd517508739e523367b294bbb877607be7a7be6e284996
mosaiq-benchmark-v0.1-candidate-20260716,mosaiq-benchmark,0.1.0-dev,delta_source_multilabel,0.1.0,DeLTA,clip,DeLTA_ET106_1,DeLTA_ET106_1,dev,,0.1.0,datasets/DeLTA/data/clips.csv,60b52bcfc9c69be2a7e11012bfdbbb8ab70a56fe6088840785fff392a76414e8
mosaiq-benchmark-v0.1-candidate-20260716,mosaiq-benchmark,0.1.0-dev,delta_source_multilabel,0.1.0,DeLTA,clip,DeLTA_Rp114_2,DeLTA_Rp114_2,train,,0.1.0,datasets/DeLTA/data/clips.csv,f8b2c559388ffa8848ca4a5f512c306f539dd3c1fd1541d0d4a36115c5da954f
mosaiq-benchmark-v0.1-candidate-20260716,mosaiq-benchmark,0.1.0-dev,delta_source_multilabel,0.1.0,DeLTA,clip,DeLTA_MG119_2,DeLTA_MG119_2,dev,,0.1.0,datasets/DeLTA/data/clips.csv,2c56249957efea727d7246c7a91467bb7f712ae3c7fdc022d36d12a33a0f8126
mosaiq-benchmark-v0.1-candidate-20260716,mosaiq-benchmark,0.1.0-dev,delta_source_multilabel,0.1.0,DeLTA,clip,DeLTA_PL339_1,DeLTA_PL339_1,train,,0.1.0,datasets/DeLTA/data/clips.csv,528f87a51993c924d38bb17a36d1a5a7851143140a4e6353dc579ca59cb505bf
mosaiq-benchmark-v0.1-candidate-20260716,mosaiq-benchmark,0.1.0-dev,delta_source_multilabel,0.1.0,DeLTA,clip,DeLTA_2cv32_2,DeLTA_2cv32_2,test,,0.1.0,datasets/DeLTA/data/clips.csv,5d7f2f0c635c20e1fde0f119ce576ffd165b49baffd793044728b7ba83f67da1
mosaiq-benchmark-v0.1-candidate-20260716,mosaiq-benchmark,0.1.0-dev,delta_source_multilabel,0.1.0,DeLTA,clip,DeLTA_ET116_2,DeLTA_ET116_2,train,,0.1.0,datasets/DeLTA/data/clips.csv,7e4ff399becc00a114de826bea0680a2bace852b9321f6bf343e538bd1e2aa26
mosaiq-benchmark-v0.1-candidate-20260716,mosaiq-benchmark,0.1.0-dev,delta_source_multilabel,0.1.0,DeLTA,clip,DeLTA_ET102_1,DeLTA_ET102_1,test,,0.1.0,datasets/DeLTA/data/clips.csv,bbb4df8293c93c83e44ecc6a86cba715ebeb478afa9831cbb8fe8d7b782171b3
mosaiq-benchmark-v0.1-candidate-20260716,mosaiq-benchmark,0.1.0-dev,delta_source_multilabel,0.1.0,DeLTA,clip,DeLTA_MG323_1,DeLTA_MG323_1,train,,0.1.0,datasets/DeLTA/data/clips.csv,90e549c64172980671aa61b3470ad48d3e2e869d556bc4aa1dcc72908debb947
mosaiq-benchmark-v0.1-candidate-20260716,mosaiq-benchmark,0.1.0-dev,delta_source_multilabel,0.1.0,DeLTA,clip,DeLTA_SR219_1,DeLTA_SR219_1,train,,0.1.0,datasets/DeLTA/data/clips.csv,58e0a014a577827a313dd01db505c56de01038d085f879ff1a87ab727274e43e
mosaiq-benchmark-v0.1-candidate-20260716,mosaiq-benchmark,0.1.0-dev,delta_source_multilabel,0.1.0,DeLTA,clip,DeLTA_MG329_2,DeLTA_MG329_2,train,,0.1.0,datasets/DeLTA/data/clips.csv,a9ed7dd71ab98a4ed8c493cf8ffb6ae2ee710898b23c9ef18cdded04949d4f91
mosaiq-benchmark-v0.1-candidate-20260716,mosaiq-benchmark,0.1.0-dev,delta_source_multilabel,0.1.0,DeLTA,clip,DeLTA_Rs331_2,DeLTA_Rs331_2,train,,0.1.0,datasets/DeLTA/data/clips.csv,0d8fe7554f1ec4064372c90ea6084ad98049c153d7554a89e785b7794319cee7
mosaiq-benchmark-v0.1-candidate-20260716,mosaiq-benchmark,0.1.0-dev,delta_source_multilabel,0.1.0,DeLTA,clip,DeLTA_ET420_2,DeLTA_ET420_2,train,,0.1.0,datasets/DeLTA/data/clips.csv,20f04476ff3ac4360353e798084218020ddd3dbd901f94f38b902920d8291d85
mosaiq-benchmark-v0.1-candidate-20260716,mosaiq-benchmark,0.1.0-dev,delta_source_multilabel,0.1.0,DeLTA,clip,DeLTA_Mc307_1,DeLTA_Mc307_1,train,,0.1.0,datasets/DeLTA/data/clips.csv,105a357700fa6f3059b9be81a73f7df4a8fd5383461aff79602b7aac96421d38
mosaiq-benchmark-v0.1-candidate-20260716,mosaiq-benchmark,0.1.0-dev,delta_source_multilabel,0.1.0,DeLTA,clip,DeLTA_SR232_2,DeLTA_SR232_2,test,,0.1.0,datasets/DeLTA/data/clips.csv,273e36bc346466a5fe8f0a68ea8deb0d0c461b9caae0cc3a3e4c56a34c84eb5c
mosaiq-benchmark-v0.1-candidate-20260716,mosaiq-benchmark,0.1.0-dev,delta_source_multilabel,0.1.0,DeLTA,clip,DeLTA_Mc412_2,DeLTA_Mc412_2,test,,0.1.0,datasets/DeLTA/data/clips.csv,0bd9e4de3cbd603bc774ae3b7663df9916c911865117c1f8d914e464a14c56a0
mosaiq-benchmark-v0.1-candidate-20260716,mosaiq-benchmark,0.1.0-dev,delta_source_multilabel,0.1.0,DeLTA,clip,DeLTA_TS521_2,DeLTA_TS521_2,train,,0.1.0,datasets/DeLTA/data/clips.csv,2e83d1df9ad8397d4da20b8eae465d8224759c0633c15794d4651a1f2c431798
mosaiq-benchmark-v0.1-candidate-20260716,mosaiq-benchmark,0.1.0-dev,delta_source_multilabel,0.1.0,DeLTA,clip,DeLTA_cv210_1,DeLTA_cv210_1,train,,0.1.0,datasets/DeLTA/data/clips.csv,6cdfa92b73381719aa37471515cd75082e8f5abd004cf23eb71f2f6889f0802e
mosaiq-benchmark-v0.1-candidate-20260716,mosaiq-benchmark,0.1.0-dev,delta_source_multilabel,0.1.0,DeLTA,clip,DeLTA_SM304_2,DeLTA_SM304_2,train,,0.1.0,datasets/DeLTA/data/clips.csv,cf0b22cce23d28bc88e6086f0847b221d3bc4ef097a72e9f08f80dfd26606db2
mosaiq-benchmark-v0.1-candidate-20260716,mosaiq-benchmark,0.1.0-dev,delta_source_multilabel,0.1.0,DeLTA,clip,DeLTA_Pl102_3,DeLTA_Pl102_3,train,,0.1.0,datasets/DeLTA/data/clips.csv,e4d183c187aad523d2b55199d4440692071614be11d14c7ce51d224ab19258bd
mosaiq-benchmark-v0.1-candidate-20260716,mosaiq-benchmark,0.1.0-dev,delta_source_multilabel,0.1.0,DeLTA,clip,DeLTA_sr119_2,DeLTA_sr119_2,train,,0.1.0,datasets/DeLTA/data/clips.csv,a89ffda2c7237d6f376ee6f086628f8a71baf5198df9450bc4de52cf880e4d84
mosaiq-benchmark-v0.1-candidate-20260716,mosaiq-benchmark,0.1.0-dev,delta_source_multilabel,0.1.0,DeLTA,clip,DeLTA_sr115_2,DeLTA_sr115_2,train,,0.1.0,datasets/DeLTA/data/clips.csv,d0ff9798624d5085cd6b980234f3fd5c69b0da188ec77f31fec8b84d0f0283cb
mosaiq-benchmark-v0.1-candidate-20260716,mosaiq-benchmark,0.1.0-dev,delta_source_multilabel,0.1.0,DeLTA,clip,DeLTA_SR236_2,DeLTA_SR236_2,dev,,0.1.0,datasets/DeLTA/data/clips.csv,ae41896d252f40413b734b3e2629d78dd005af9cdecefe837ef27108192e4a1e
mosaiq-benchmark-v0.1-candidate-20260716,mosaiq-benchmark,0.1.0-dev,delta_source_multilabel,0.1.0,DeLTA,clip,DeLTA_Rp122_1,DeLTA_Rp122_1,train,,0.1.0,datasets/DeLTA/data/clips.csv,e3cabda6fc7427fc1b14896e82020a2b14c455b37f0f817301d720c20de453b8
mosaiq-benchmark-v0.1-candidate-20260716,mosaiq-benchmark,0.1.0-dev,delta_source_multilabel,0.1.0,DeLTA,clip,DeLTA_PL332_1,DeLTA_PL332_1,train,,0.1.0,datasets/DeLTA/data/clips.csv,5fa2caabe763c14bf7ac521841497635d2f098c8bda8686fbaacc927149e7895
mosaiq-benchmark-v0.1-candidate-20260716,mosaiq-benchmark,0.1.0-dev,delta_source_multilabel,0.1.0,DeLTA,clip,DeLTA_MC523_1,DeLTA_MC523_1,test,,0.1.0,datasets/DeLTA/data/clips.csv,af869d89d197963ca2c7b49e14ead0dd3506a2e5267ab57c7c9860752fb6b76c
mosaiq-benchmark-v0.1-candidate-20260716,mosaiq-benchmark,0.1.0-dev,delta_source_multilabel,0.1.0,DeLTA,clip,DeLTA_sc129_2,DeLTA_sc129_2,train,,0.1.0,datasets/DeLTA/data/clips.csv,24dabb57d99c07a3adbc4cacc3dfe92a4a32ffd7566b6588bf515c7ab4587427
mosaiq-benchmark-v0.1-candidate-20260716,mosaiq-benchmark,0.1.0-dev,delta_source_multilabel,0.1.0,DeLTA,clip,DeLTA_Rs304_1,DeLTA_Rs304_1,train,,0.1.0,datasets/DeLTA/data/clips.csv,747c8899c66e4da4848984e3f940d467734ef00770e57fab1aed67eeac727e59
mosaiq-benchmark-v0.1-candidate-20260716,mosaiq-benchmark,0.1.0-dev,delta_source_multilabel,0.1.0,DeLTA,clip,DeLTA_PL429_2,DeLTA_PL429_2,train,,0.1.0,datasets/DeLTA/data/clips.csv,2d92cca9f60c2f9720cb63c6273e933eb9fdee5b7c6223f5bf821d5d29e4bcb2
mosaiq-benchmark-v0.1-candidate-20260716,mosaiq-benchmark,0.1.0-dev,delta_source_multilabel,0.1.0,DeLTA,clip,DeLTA_PL434_2,DeLTA_PL434_2,train,,0.1.0,datasets/DeLTA/data/clips.csv,ebaafd9cefdb90e17a6daeaa7fbc4532f52757254a111adab4bb3132b0480204
mosaiq-benchmark-v0.1-candidate-20260716,mosaiq-benchmark,0.1.0-dev,delta_source_multilabel,0.1.0,DeLTA,clip,DeLTA_Mc415_2,DeLTA_Mc415_2,test,,0.1.0,datasets/DeLTA/data/clips.csv,b167b5a24301e2f10197e6e49d47dd9b1bd393b0046f03678b5423ab4cf9df20
mosaiq-benchmark-v0.1-candidate-20260716,mosaiq-benchmark,0.1.0-dev,delta_source_multilabel,0.1.0,DeLTA,clip,DeLTA_Rs229_1,DeLTA_Rs229_1,test,,0.1.0,datasets/DeLTA/data/clips.csv,3a0155bb41b5bf65a579e59192e081ae20a10d18d9925a818ce1a9ff881277e7
mosaiq-benchmark-v0.1-candidate-20260716,mosaiq-benchmark,0.1.0-dev,delta_source_multilabel,0.1.0,DeLTA,clip,DeLTA_SM408_2,DeLTA_SM408_2,test,,0.1.0,datasets/DeLTA/data/clips.csv,e4b4681fe63317d03681cefe0f962b8ff0920887e1a562e06f116206ee43f1a1
mosaiq-benchmark-v0.1-candidate-20260716,mosaiq-benchmark,0.1.0-dev,delta_source_multilabel,0.1.0,DeLTA,clip,DeLTA_Rf112_2,DeLTA_Rf112_2,train,,0.1.0,datasets/DeLTA/data/clips.csv,4e8bac1c0973e2060645969c507571314d777f2751fa2800b8f273b123a67906
mosaiq-benchmark-v0.1-candidate-20260716,mosaiq-benchmark,0.1.0-dev,delta_source_multilabel,0.1.0,DeLTA,clip,DeLTA_PL309_1,DeLTA_PL309_1,dev,,0.1.0,datasets/DeLTA/data/clips.csv,3379ae2cdc70b80a0df6ed5eb1bad3bff2f1ce930df82c51665eaadb6c77b5d8
mosaiq-benchmark-v0.1-candidate-20260716,mosaiq-benchmark,0.1.0-dev,delta_source_multilabel,0.1.0,DeLTA,clip,DeLTA_tm119_2,DeLTA_tm119_2,dev,,0.1.0,datasets/DeLTA/data/clips.csv,0e834903da2e874fb330d8fba968c2c80527adbf9285863c27f1ac38a8d2e272
mosaiq-benchmark-v0.1-candidate-20260716,mosaiq-benchmark,0.1.0-dev,delta_source_multilabel,0.1.0,DeLTA,clip,DeLTA_Rs126_2,DeLTA_Rs126_2,train,,0.1.0,datasets/DeLTA/data/clips.csv,f93a60f44e3ccd0737ff254e1554ab849d3da73cf53d41adebdd2da173b18539
mosaiq-benchmark-v0.1-candidate-20260716,mosaiq-benchmark,0.1.0-dev,delta_source_multilabel,0.1.0,DeLTA,clip,DeLTA_TM405_2,DeLTA_TM405_2,train,,0.1.0,datasets/DeLTA/data/clips.csv,1d0b6ffc64faa97b6c83a2537556bfb6dd65c01d3380e68123d577db41631357
mosaiq-benchmark-v0.1-candidate-20260716,mosaiq-benchmark,0.1.0-dev,delta_source_multilabel,0.1.0,DeLTA,clip,DeLTA_Rs220_2,DeLTA_Rs220_2,train,,0.1.0,datasets/DeLTA/data/clips.csv,5545f73575fb17720439311f09b86f97cbec6f30c07cdf8acf17ef3c48eba803
mosaiq-benchmark-v0.1-candidate-20260716,mosaiq-benchmark,0.1.0-dev,delta_source_multilabel,0.1.0,DeLTA,clip,DeLTA_RP333_1,DeLTA_RP333_1,train,,0.1.0,datasets/DeLTA/data/clips.csv,53aed3bdad26b254266b73e4d20e826c67857d25f3757c654da8c8444feff5f3
mosaiq-benchmark-v0.1-candidate-20260716,mosaiq-benchmark,0.1.0-dev,delta_source_multilabel,0.1.0,DeLTA,clip,DeLTA_Rf130_1,DeLTA_Rf130_1,train,,0.1.0,datasets/DeLTA/data/clips.csv,860b873d3f7f5ccc11c1526c50aa55c498fe72075a12e93a870c0899081a7291
mosaiq-benchmark-v0.1-candidate-20260716,mosaiq-benchmark,0.1.0-dev,delta_source_multilabel,0.1.0,DeLTA,clip,DeLTA_Rs214_2,DeLTA_Rs214_2,train,,0.1.0,datasets/DeLTA/data/clips.csv,53c5888a82b0106637c98ae7fb2c49ccf1681d4208da7666b4e7e0a25c0c375a
mosaiq-benchmark-v0.1-candidate-20260716,mosaiq-benchmark,0.1.0-dev,delta_source_multilabel,0.1.0,DeLTA,clip,DeLTA_Rs124_2,DeLTA_Rs124_2,dev,,0.1.0,datasets/DeLTA/data/clips.csv,52f063e30bb8f88d974f315ca50ea2966e5cca297cccd4d68a6d459daf5fbad7
mosaiq-benchmark-v0.1-candidate-20260716,mosaiq-benchmark,0.1.0-dev,delta_source_multilabel,0.1.0,DeLTA,clip,DeLTA_sc118_1,DeLTA_sc118_1,train,,0.1.0,datasets/DeLTA/data/clips.csv,1e2d26661c09d583bc87395e203f19ece7594098730c662e265a348a2a1650b7
mosaiq-benchmark-v0.1-candidate-20260716,mosaiq-benchmark,0.1.0-dev,delta_source_multilabel,0.1.0,DeLTA,clip,DeLTA_tm307_2,DeLTA_tm307_2,test,,0.1.0,datasets/DeLTA/data/clips.csv,f1bdf4b54e3867e6ab422daf07c151426ef56aa0e208d551d9c79046dd3ec84d
mosaiq-benchmark-v0.1-candidate-20260716,mosaiq-benchmark,0.1.0-dev,delta_source_multilabel,0.1.0,DeLTA,clip,DeLTA_sr105_1,DeLTA_sr105_1,dev,,0.1.0,datasets/DeLTA/data/clips.csv,e9eafdb619281d435c57320af6d80f84201908c073d6fde6d0205950965206c4
mosaiq-benchmark-v0.1-candidate-20260716,mosaiq-benchmark,0.1.0-dev,delta_source_multilabel,0.1.0,DeLTA,clip,DeLTA_ET105_2,DeLTA_ET105_2,test,,0.1.0,datasets/DeLTA/data/clips.csv,077de294e7d6e9415582076fe803ea0a8b049563663b67c147a02411c9b99b00
mosaiq-benchmark-v0.1-candidate-20260716,mosaiq-benchmark,0.1.0-dev,delta_source_multilabel,0.1.0,DeLTA,clip,DeLTA_SC209_2,DeLTA_SC209_2,dev,,0.1.0,datasets/DeLTA/data/clips.csv,58cb8e576a55554eb1987239488cd331bc7d98b5d32e5bcc443ba3ed204c1c3b
mosaiq-benchmark-v0.1-candidate-20260716,mosaiq-benchmark,0.1.0-dev,delta_source_multilabel,0.1.0,DeLTA,clip,DeLTA_NP123_2,DeLTA_NP123_2,train,,0.1.0,datasets/DeLTA/data/clips.csv,d5187e7d6889acdc6df961be771b718ebb871029dc90247c06e56a41d88ee66d
mosaiq-benchmark-v0.1-candidate-20260716,mosaiq-benchmark,0.1.0-dev,delta_source_multilabel,0.1.0,DeLTA,clip,DeLTA_Pl216_1,DeLTA_Pl216_1,train,,0.1.0,datasets/DeLTA/data/clips.csv,684a8acb2e141e0d39c4effcc0b3e4b8c03de953b7632010c1c2598e5afc60f3
mosaiq-benchmark-v0.1-candidate-20260716,mosaiq-benchmark,0.1.0-dev,delta_source_multilabel,0.1.0,DeLTA,clip,DeLTA_Rs305_1,DeLTA_Rs305_1,dev,,0.1.0,datasets/DeLTA/data/clips.csv,d3bf6d2529e369d6b3f5a6554c10a3ae527ea7293bc3be9ab57f4383b106c133
mosaiq-benchmark-v0.1-candidate-20260716,mosaiq-benchmark,0.1.0-dev,delta_source_multilabel,0.1.0,DeLTA,clip,DeLTA_SR242_2,DeLTA_SR242_2,train,,0.1.0,datasets/DeLTA/data/clips.csv,c66e6baa40da6513334e7673725e389e0abcd314b6c5e148b0f720f1366bfc19
mosaiq-benchmark-v0.1-candidate-20260716,mosaiq-benchmark,0.1.0-dev,delta_source_multilabel,0.1.0,DeLTA,clip,DeLTA_Ts423_1,DeLTA_Ts423_1,dev,,0.1.0,datasets/DeLTA/data/clips.csv,e3c4679ab8f0b5ee95a32e30cd695317aa31f04b9f09c4cf019baed81272ef9d
mosaiq-benchmark-v0.1-candidate-20260716,mosaiq-benchmark,0.1.0-dev,delta_source_multilabel,0.1.0,DeLTA,clip,DeLTA_Mc321_2,DeLTA_Mc321_2,train,,0.1.0,datasets/DeLTA/data/clips.csv,3e36536a13e2c0b8b277de040b5efaa5c4fd445490fd1c09cbf94a3b5f197409
mosaiq-benchmark-v0.1-candidate-20260716,mosaiq-benchmark,0.1.0-dev,delta_source_multilabel,0.1.0,DeLTA,clip,DeLTA_Mc331_1,DeLTA_Mc331_1,test,,0.1.0,datasets/DeLTA/data/clips.csv,ee2dc93c252c51ed67ba5bd3576e94507c7b9e130127050799c8e2b4217efdce
mosaiq-benchmark-v0.1-candidate-20260716,mosaiq-benchmark,0.1.0-dev,delta_source_multilabel,0.1.0,DeLTA,clip,DeLTA_TM437_2,DeLTA_TM437_2,dev,,0.1.0,datasets/DeLTA/data/clips.csv,a432a11572c45a88addad8fbf2d3e2863a3dc512a738e5cdc16f8b3af3789af2
mosaiq-benchmark-v0.1-candidate-20260716,mosaiq-benchmark,0.1.0-dev,delta_source_multilabel,0.1.0,DeLTA,clip,DeLTA_ML131_5,DeLTA_ML131_5,train,,0.1.0,datasets/DeLTA/data/clips.csv,982a114e1271772831e8e529c9059c5eb85fdc1f5bf7fe99644d34064bf8a115
mosaiq-benchmark-v0.1-candidate-20260716,mosaiq-benchmark,0.1.0-dev,delta_source_multilabel,0.1.0,DeLTA,clip,DeLTA_RP328_2,DeLTA_RP328_2,train,,0.1.0,datasets/DeLTA/data/clips.csv,d49be93ebab305d6ab9e91c13ec12bd4b6453d249d0094903ccf1d7291971d54
mosaiq-benchmark-v0.1-candidate-20260716,mosaiq-benchmark,0.1.0-dev,delta_source_multilabel,0.1.0,DeLTA,clip,DeLTA_RP322_2,DeLTA_RP322_2,train,,0.1.0,datasets/DeLTA/data/clips.csv,88232c59bc0fc6663a022efb1dcf475560256311109ba05bf4427e490d4da525
mosaiq-benchmark-v0.1-candidate-20260716,mosaiq-benchmark,0.1.0-dev,delta_source_multilabel,0.1.0,DeLTA,clip,DeLTA_MG313_1,DeLTA_MG313_1,train,,0.1.0,datasets/DeLTA/data/clips.csv,736c6008a7a0e4fb883cf787c7e8610cd5031f7a59175432227816859b0c7626
mosaiq-benchmark-v0.1-candidate-20260716,mosaiq-benchmark,0.1.0-dev,delta_source_multilabel,0.1.0,DeLTA,clip,DeLTA_Rs203_1,DeLTA_Rs203_1,train,,0.1.0,datasets/DeLTA/data/clips.csv,7f9c6c8f461d1d50cdef0da7ee7b941ae44211297480f6fe6b017c5e65b65bfb
mosaiq-benchmark-v0.1-candidate-20260716,mosaiq-benchmark,0.1.0-dev,delta_source_multilabel,0.1.0,DeLTA,clip,DeLTA_MG205_1,DeLTA_MG205_1,train,,0.1.0,datasets/DeLTA/data/clips.csv,b23f7540ae1a6aee057981cafb9825c6f76d8a3e62527ecc1a8d0bddaba612c2
mosaiq-benchmark-v0.1-candidate-20260716,mosaiq-benchmark,0.1.0-dev,delta_source_multilabel,0.1.0,DeLTA,clip,DeLTA_Rf141_1,DeLTA_Rf141_1,train,,0.1.0,datasets/DeLTA/data/clips.csv,757e9dba7fb54a19ae9cd43860a5220b5bdd0bba5b7611ae3e2d82daec5c2d0f
mosaiq-benchmark-v0.1-candidate-20260716,mosaiq-benchmark,0.1.0-dev,delta_source_multilabel,0.1.0,DeLTA,clip,DeLTA_ET114_2,DeLTA_ET114_2,train,,0.1.0,datasets/DeLTA/data/clips.csv,c9b0dd91995a8e10a47caed53ffa0435bac1795b0deeed4094b534c686fffaa3
mosaiq-benchmark-v0.1-candidate-20260716,mosaiq-benchmark,0.1.0-dev,delta_source_multilabel,0.1.0,DeLTA,clip,DeLTA_RF344_1,DeLTA_RF344_1,train,,0.1.0,datasets/DeLTA/data/clips.csv,88c6319d6f10d7425cba435eb882febc3d4a4c3ea1c792b3973140a72bf7473e
mosaiq-benchmark-v0.1-candidate-20260716,mosaiq-benchmark,0.1.0-dev,delta_source_multilabel,0.1.0,DeLTA,clip,DeLTA_CT116_2,DeLTA_CT116_2,train,,0.1.0,datasets/DeLTA/data/clips.csv,2405532a2998bec7ae1077be1eab95999d05263edcd492f38dd44fb46e52fdd6
mosaiq-benchmark-v0.1-candidate-20260716,mosaiq-benchmark,0.1.0-dev,delta_source_multilabel,0.1.0,DeLTA,clip,DeLTA_SR241_2,DeLTA_SR241_2,train,,0.1.0,datasets/DeLTA/data/clips.csv,1a6f5039af3f8d9f2edfaa3cb1643d0b47703d1ad580899ff78b051ab41ed721
mosaiq-benchmark-v0.1-candidate-20260716,mosaiq-benchmark,0.1.0-dev,delta_source_multilabel,0.1.0,DeLTA,clip,DeLTA_Rf113_2,DeLTA_Rf113_2,train,,0.1.0,datasets/DeLTA/data/clips.csv,5dc7846ecceca4f5da85d313a37f162720d8500d68ae0c00b54c6252b0cddc74
mosaiq-benchmark-v0.1-candidate-20260716,mosaiq-benchmark,0.1.0-dev,delta_source_multilabel,0.1.0,DeLTA,clip,DeLTA_ts237_2,DeLTA_ts237_2,test,,0.1.0,datasets/DeLTA/data/clips.csv,c506decfb7257c54bf0d8d7c74932ed3fbc5d3ee50442ab8a2067cb7be5b737c
mosaiq-benchmark-v0.1-candidate-20260716,mosaiq-benchmark,0.1.0-dev,delta_source_multilabel,0.1.0,DeLTA,clip,DeLTA_MC539_2,DeLTA_MC539_2,train,,0.1.0,datasets/DeLTA/data/clips.csv,69a240b11dcd1cdde20a7ff009baf3d1bcc58d2fc8ee95684a4b3b28b22fb0a4
mosaiq-benchmark-v0.1-candidate-20260716,mosaiq-benchmark,0.1.0-dev,delta_source_multilabel,0.1.0,DeLTA,clip,DeLTA_2cv12_2,DeLTA_2cv12_2,dev,,0.1.0,datasets/DeLTA/data/clips.csv,54fc9a186c9f9d090821c43a4b85130fc4ca8de5f2be5f5f49dd6502d338203f
mosaiq-benchmark-v0.1-candidate-20260716,mosaiq-benchmark,0.1.0-dev,delta_source_multilabel,0.1.0,DeLTA,clip,DeLTA_ML106_2,DeLTA_ML106_2,train,,0.1.0,datasets/DeLTA/data/clips.csv,3e55ce65e0431313d77477a48dacbd1a464c44820da0345f9794184ef5ea4a16
mosaiq-benchmark-v0.1-candidate-20260716,mosaiq-benchmark,0.1.0-dev,delta_source_multilabel,0.1.0,DeLTA,clip,DeLTA_TS514_1,DeLTA_TS514_1,train,,0.1.0,datasets/DeLTA/data/clips.csv,cfb2e6097599afc5cec42bce7c3d4304d475594607467f474d1c28c216b02045
mosaiq-benchmark-v0.1-candidate-20260716,mosaiq-benchmark,0.1.0-dev,delta_source_multilabel,0.1.0,DeLTA,clip,DeLTA_Mc336_2,DeLTA_Mc336_2,train,,0.1.0,datasets/DeLTA/data/clips.csv,b33c53d0559acc6cfc71d283b3a85b8bc66518ca10cb3d64f9d4d284c1bb896c
mosaiq-benchmark-v0.1-candidate-20260716,mosaiq-benchmark,0.1.0-dev,delta_source_multilabel,0.1.0,DeLTA,clip,DeLTA_MC501_2,DeLTA_MC501_2,train,,0.1.0,datasets/DeLTA/data/clips.csv,255bfb7c1bb43908206fa4e021607909642b4cf0a8dee69afe5b6f114153ffdb
mosaiq-benchmark-v0.1-candidate-20260716,mosaiq-benchmark,0.1.0-dev,delta_source_multilabel,0.1.0,DeLTA,clip,DeLTA_tm319_2,DeLTA_tm319_2,train,,0.1.0,datasets/DeLTA/data/clips.csv,de16bbb7d89e5694c40cdb2f71ec3a444e2df0e120b3b50241aae0cca50380d9
mosaiq-benchmark-v0.1-candidate-20260716,mosaiq-benchmark,0.1.0-dev,delta_source_multilabel,0.1.0,DeLTA,clip,DeLTA_MG319_1,DeLTA_MG319_1,train,,0.1.0,datasets/DeLTA/data/clips.csv,80be4b3ac71cde8711cf076e2d167f6e20b1d6e72bdd795e22aae3fb97998b50
mosaiq-benchmark-v0.1-candidate-20260716,mosaiq-benchmark,0.1.0-dev,delta_source_multilabel,0.1.0,DeLTA,clip,DeLTA_PL314_1,DeLTA_PL314_1,dev,,0.1.0,datasets/DeLTA/data/clips.csv,9e9392a7f0ebaf61cd95e64a4660f6786812314426888f10dffb53e8fb62c358
mosaiq-benchmark-v0.1-candidate-20260716,mosaiq-benchmark,0.1.0-dev,delta_source_multilabel,0.1.0,DeLTA,clip,DeLTA_TS515_1,DeLTA_TS515_1,train,,0.1.0,datasets/DeLTA/data/clips.csv,87bcfa9d7fd3dd31c5c7ef18588dbe6dbbb74b5228be8274a22474d1ca71984b
mosaiq-benchmark-v0.1-candidate-20260716,mosaiq-benchmark,0.1.0-dev,delta_source_multilabel,0.1.0,DeLTA,clip,DeLTA_MC530_2,DeLTA_MC530_2,train,,0.1.0,datasets/DeLTA/data/clips.csv,70fae07992cd5a4dbd2b09417860b4de63b96685331ab6fc9b039c4fbc1c3820
mosaiq-benchmark-v0.1-candidate-20260716,mosaiq-benchmark,0.1.0-dev,delta_source_multilabel,0.1.0,DeLTA,clip,DeLTA_sr112_2,DeLTA_sr112_2,train,,0.1.0,datasets/DeLTA/data/clips.csv,b79ead0596fa93df0e9721d09884c23145d036c88e5284ffbe66a213c1ff4886
mosaiq-benchmark-v0.1-candidate-20260716,mosaiq-benchmark,0.1.0-dev,delta_source_multilabel,0.1.0,DeLTA,clip,DeLTA_m11_2,DeLTA_m11_2,dev,,0.1.0,datasets/DeLTA/data/clips.csv,ff80a519ed59a65fef9159d3626c6a134d15c48b32c83a1457ddae02837d9562
mosaiq-benchmark-v0.1-candidate-20260716,mosaiq-benchmark,0.1.0-dev,delta_source_multilabel,0.1.0,DeLTA,clip,DeLTA_tm203_1,DeLTA_tm203_1,train,,0.1.0,datasets/DeLTA/data/clips.csv,e0d2595e23c82150bb3374e33dcbf944e1794a654ff23566ec521c4dc3126e2a
mosaiq-benchmark-v0.1-candidate-20260716,mosaiq-benchmark,0.1.0-dev,delta_source_multilabel,0.1.0,DeLTA,clip,DeLTA_Rs231_1,DeLTA_Rs231_1,train,,0.1.0,datasets/DeLTA/data/clips.csv,e295e46765e4867b600db7e605ddb62d7ea2d4031a966b549771c0e7134883c3
mosaiq-benchmark-v0.1-candidate-20260716,mosaiq-benchmark,0.1.0-dev,delta_source_multilabel,0.1.0,DeLTA,clip,DeLTA_tm218_1,DeLTA_tm218_1,train,,0.1.0,datasets/DeLTA/data/clips.csv,79295cc442d4d19163c0756e28a9c67a6dccf644054a581e1d67543f1d9f1b34
mosaiq-benchmark-v0.1-candidate-20260716,mosaiq-benchmark,0.1.0-dev,delta_source_multilabel,0.1.0,DeLTA,clip,DeLTA_MG201_2,DeLTA_MG201_2,dev,,0.1.0,datasets/DeLTA/data/clips.csv,cd704ee5df1665981d16b2108e010b1b744641d818404acf3c6158f29253ec57
mosaiq-benchmark-v0.1-candidate-20260716,mosaiq-benchmark,0.1.0-dev,delta_source_multilabel,0.1.0,DeLTA,clip,DeLTA_Ts412_2,DeLTA_Ts412_2,dev,,0.1.0,datasets/DeLTA/data/clips.csv,c6f7c90c935971dcaeb5b57fae606287cd5f1e79cd1bae4c7b22624ac41c154f
mosaiq-benchmark-v0.1-candidate-20260716,mosaiq-benchmark,0.1.0-dev,delta_source_multilabel,0.1.0,DeLTA,clip,DeLTA_MC514_1,DeLTA_MC514_1,train,,0.1.0,datasets/DeLTA/data/clips.csv,43e8d1917ab4343a858de4830acf8bfd84f1465ce9a625c8acdc7fbc18064fad
mosaiq-benchmark-v0.1-candidate-20260716,mosaiq-benchmark,0.1.0-dev,delta_source_multilabel,0.1.0,DeLTA,clip,DeLTA_RS430_2,DeLTA_RS430_2,train,,0.1.0,datasets/DeLTA/data/clips.csv,792a237e1b74fa74dd953143664c58bc21cefa7ff63fde3bdc3f9aed98017c5f
mosaiq-benchmark-v0.1-candidate-20260716,mosaiq-benchmark,0.1.0-dev,delta_source_multilabel,0.1.0,DeLTA,clip,DeLTA_Rf105_2,DeLTA_Rf105_2,train,,0.1.0,datasets/DeLTA/data/clips.csv,a131cd5dba79897e85cbc3f5a9f301cbcca4d77020de5f4f27f2fd67ce13e20f
mosaiq-benchmark-v0.1-candidate-20260716,mosaiq-benchmark,0.1.0-dev,delta_source_multilabel,0.1.0,DeLTA,clip,DeLTA_SM502_1,DeLTA_SM502_1,train,,0.1.0,datasets/DeLTA/data/clips.csv,a9181d27db437e20d84a291d0f20a17596422340ea709e3cb164cd4f194b1dfa
mosaiq-benchmark-v0.1-candidate-20260716,mosaiq-benchmark,0.1.0-dev,delta_source_multilabel,0.1.0,DeLTA,clip,DeLTA_PL202_1,DeLTA_PL202_1,test,,0.1.0,datasets/DeLTA/data/clips.csv,4ec24bcecf901ba33f0bc16dc59421149b2f9b9c40bf5126e4517c17e7ab9d53
mosaiq-benchmark-v0.1-candidate-20260716,mosaiq-benchmark,0.1.0-dev,delta_source_multilabel,0.1.0,DeLTA,clip,DeLTA_cp12_1,DeLTA_cp12_1,train,,0.1.0,datasets/DeLTA/data/clips.csv,5634259b340cfa32d96806571adda84b7472c01a955abbcd2a78ccbe7d37401c
mosaiq-benchmark-v0.1-candidate-20260716,mosaiq-benchmark,0.1.0-dev,delta_source_multilabel,0.1.0,DeLTA,clip,DeLTA_ET204_1,DeLTA_ET204_1,train,,0.1.0,datasets/DeLTA/data/clips.csv,31652cb9d6053ce49ee0389ec51ab853bf64f3ab3740dd8cc867c38ee65903a6
mosaiq-benchmark-v0.1-candidate-20260716,mosaiq-benchmark,0.1.0-dev,delta_source_multilabel,0.1.0,DeLTA,clip,DeLTA_2cv15_1,DeLTA_2cv15_1,dev,,0.1.0,datasets/DeLTA/data/clips.csv,5a299f193e48e159345c6a95799a269f6139f6e0a3da25e46af0344f73823965
mosaiq-benchmark-v0.1-candidate-20260716,mosaiq-benchmark,0.1.0-dev,delta_source_multilabel,0.1.0,DeLTA,clip,DeLTA_Rs210_2,DeLTA_Rs210_2,train,,0.1.0,datasets/DeLTA/data/clips.csv,26c64c95fdd2956f230b74fae0aa2a4a276555d9d344ee1e92d2e6c42a9ce4f4
mosaiq-benchmark-v0.1-candidate-20260716,mosaiq-benchmark,0.1.0-dev,delta_source_multilabel,0.1.0,DeLTA,clip,DeLTA_ts216_1,DeLTA_ts216_1,train,,0.1.0,datasets/DeLTA/data/clips.csv,75b35f48684a4811e2b8fba4e095b4e3d1b50b763f274c304a8f23a5bd1685fc
mosaiq-benchmark-v0.1-candidate-20260716,mosaiq-benchmark,0.1.0-dev,delta_source_multilabel,0.1.0,DeLTA,clip,DeLTA_Mc101_2,DeLTA_Mc101_2,train,,0.1.0,datasets/DeLTA/data/clips.csv,d516130c7f7868f96f01b988e0d5ab16b14bc30265363866128158fe77eddfc4
mosaiq-benchmark-v0.1-candidate-20260716,mosaiq-benchmark,0.1.0-dev,delta_source_multilabel,0.1.0,DeLTA,clip,DeLTA_MC537_1,DeLTA_MC537_1,test,,0.1.0,datasets/DeLTA/data/clips.csv,08db28e33474372261a11b42894ad4d61a61b9eec3b5587e1a38de53f52902bb
mosaiq-benchmark-v0.1-candidate-20260716,mosaiq-benchmark,0.1.0-dev,delta_source_multilabel,0.1.0,DeLTA,clip,DeLTA_Rf134_2,DeLTA_Rf134_2,dev,,0.1.0,datasets/DeLTA/data/clips.csv,3c80034fdb3de2d746b6e70fbb49c463352778cffb09a44f3ec8b4aba780509b
mosaiq-benchmark-v0.1-candidate-20260716,mosaiq-benchmark,0.1.0-dev,delta_source_multilabel,0.1.0,DeLTA,clip,DeLTA_Rs327_1,DeLTA_Rs327_1,train,,0.1.0,datasets/DeLTA/data/clips.csv,18f7de39c60f29f518ad1be8ff8adf7a7d7c99a073d8603d29dd5457e4163172
mosaiq-benchmark-v0.1-candidate-20260716,mosaiq-benchmark,0.1.0-dev,delta_source_multilabel,0.1.0,DeLTA,clip,DeLTA_PL416_2,DeLTA_PL416_2,train,,0.1.0,datasets/DeLTA/data/clips.csv,5475702eeeea5aa15919972a907dab4b2f0be4c7cfaec40aeeefa236e1795eb7
mosaiq-benchmark-v0.1-candidate-20260716,mosaiq-benchmark,0.1.0-dev,delta_source_multilabel,0.1.0,DeLTA,clip,DeLTA_Pl211_2,DeLTA_Pl211_2,train,,0.1.0,datasets/DeLTA/data/clips.csv,aefe59d73f7216c304e4bbd68d8d3cd5e4abc71ef42365a6e72fa5ab026159f0
mosaiq-benchmark-v0.1-candidate-20260716,mosaiq-benchmark,0.1.0-dev,delta_source_multilabel,0.1.0,DeLTA,clip,DeLTA_SM517_2,DeLTA_SM517_2,train,,0.1.0,datasets/DeLTA/data/clips.csv,39d32208899901ad6ff9bf7c96476f4717dffe118fb4a54521ef930fee7db8e5
mosaiq-benchmark-v0.1-candidate-20260716,mosaiq-benchmark,0.1.0-dev,delta_source_multilabel,0.1.0,DeLTA,clip,DeLTA_PL321_1,DeLTA_PL321_1,dev,,0.1.0,datasets/DeLTA/data/clips.csv,84b926701201ccccdb79382162d47e0012240b9c63f7b940dcf58930c4a3d426
mosaiq-benchmark-v0.1-candidate-20260716,mosaiq-benchmark,0.1.0-dev,delta_source_multilabel,0.1.0,DeLTA,clip,DeLTA_TM401_2,DeLTA_TM401_2,train,,0.1.0,datasets/DeLTA/data/clips.csv,ac52faf108401148be1feaccd07109cd5d87a9f72b471850d063ae9c98951b23
mosaiq-benchmark-v0.1-candidate-20260716,mosaiq-benchmark,0.1.0-dev,delta_source_multilabel,0.1.0,DeLTA,clip,DeLTA_Mc417_2,DeLTA_Mc417_2,train,,0.1.0,datasets/DeLTA/data/clips.csv,1394ce5ed0439ddd80553476b876b45ba76d0773d1d12d683278c9a7eb6b4863
mosaiq-benchmark-v0.1-candidate-20260716,mosaiq-benchmark,0.1.0-dev,delta_source_multilabel,0.1.0,DeLTA,clip,DeLTA_sc128_2,DeLTA_sc128_2,train,,0.1.0,datasets/DeLTA/data/clips.csv,b2c36f71a928ff6f01855e78f129cf8a42d79262c603a3eaaa34eed2c60ca06a
mosaiq-benchmark-v0.1-candidate-20260716,mosaiq-benchmark,0.1.0-dev,delta_source_multilabel,0.1.0,DeLTA,clip,DeLTA_Ts417_2,DeLTA_Ts417_2,train,,0.1.0,datasets/DeLTA/data/clips.csv,9db6854e2c6b78806425e4108585fa738310ef15eb3a0721106c1b73ce64570a
mosaiq-benchmark-v0.1-candidate-20260716,mosaiq-benchmark,0.1.0-dev,delta_source_multilabel,0.1.0,DeLTA,clip,DeLTA_Rf118_1,DeLTA_Rf118_1,train,,0.1.0,datasets/DeLTA/data/clips.csv,7fc058e2257c6f15dff2add808fe75f699cc4ffda8e31e78bd0a58627685f0d8
mosaiq-benchmark-v0.1-candidate-20260716,mosaiq-benchmark,0.1.0-dev,delta_source_multilabel,0.1.0,DeLTA,clip,DeLTA_ET419_1,DeLTA_ET419_1,dev,,0.1.0,datasets/DeLTA/data/clips.csv,8ebc0f7e13842cd409f7cfc7a0cfc7423f679c37c14c49a0c28c32d05d0e8eeb
mosaiq-benchmark-v0.1-candidate-20260716,mosaiq-benchmark,0.1.0-dev,delta_source_multilabel,0.1.0,DeLTA,clip,DeLTA_RS403_1,DeLTA_RS403_1,train,,0.1.0,datasets/DeLTA/data/clips.csv,09d0053562843a0237869235f32fc4c10d0b1f9d657bc9b6b262fed9b3bdf285
mosaiq-benchmark-v0.1-candidate-20260716,mosaiq-benchmark,0.1.0-dev,delta_source_multilabel,0.1.0,DeLTA,clip,DeLTA_Mc118_1,DeLTA_Mc118_1,test,,0.1.0,datasets/DeLTA/data/clips.csv,d7d79b57f571c32418927d844bfc16624f4bbd6d40b0075d4cb18e50164d1686
mosaiq-benchmark-v0.1-candidate-20260716,mosaiq-benchmark,0.1.0-dev,delta_source_multilabel,0.1.0,DeLTA,clip,DeLTA_Mc104_2,DeLTA_Mc104_2,train,,0.1.0,datasets/DeLTA/data/clips.csv,5a91e188c671c93b246bd4ec5ac1947576b2bb7fb186544b010f526c1a6d1a5c
mosaiq-benchmark-v0.1-candidate-20260716,mosaiq-benchmark,0.1.0-dev,delta_source_multilabel,0.1.0,DeLTA,clip,DeLTA_TM420_1,DeLTA_TM420_1,train,,0.1.0,datasets/DeLTA/data/clips.csv,66cad209ee85358ca9176f66c935c05ce1deb86b597dc6eb2f768ecec1f92cfe
mosaiq-benchmark-v0.1-candidate-20260716,mosaiq-benchmark,0.1.0-dev,delta_source_multilabel,0.1.0,DeLTA,clip,DeLTA_CT327_1,DeLTA_CT327_1,train,,0.1.0,datasets/DeLTA/data/clips.csv,f844e36fb4c041c70e1ebd2ea0333072d0547fa7781fe94e6f5e60106e5ba815
mosaiq-benchmark-v0.1-candidate-20260716,mosaiq-benchmark,0.1.0-dev,delta_source_multilabel,0.1.0,DeLTA,clip,DeLTA_TS528_1,DeLTA_TS528_1,train,,0.1.0,datasets/DeLTA/data/clips.csv,66ebf7df4aa5eb9cb99dc9f1a848cd57cf3e131a20c1ba01aca3da08bb466f41
mosaiq-benchmark-v0.1-candidate-20260716,mosaiq-benchmark,0.1.0-dev,delta_source_multilabel,0.1.0,DeLTA,clip,DeLTA_ET215_2,DeLTA_ET215_2,test,,0.1.0,datasets/DeLTA/data/clips.csv,495cb0b2a2a001d8eb1393fccca1a915599ef73273904d68246f53ab7fd9c062
mosaiq-benchmark-v0.1-candidate-20260716,mosaiq-benchmark,0.1.0-dev,delta_source_multilabel,0.1.0,DeLTA,clip,DeLTA_TS522_2,DeLTA_TS522_2,train,,0.1.0,datasets/DeLTA/data/clips.csv,fca3077d7cbcdb5e8e9b4236716e97d2218d477073a0c9de5ac110350ce72d46
mosaiq-benchmark-v0.1-candidate-20260716,mosaiq-benchmark,0.1.0-dev,delta_source_multilabel,0.1.0,DeLTA,clip,DeLTA_ML203_1,DeLTA_ML203_1,dev,,0.1.0,datasets/DeLTA/data/clips.csv,1eccae7fbf4f8f2beba11ac82f3219bf6a62b783eac72608ac1e681f094968d2
mosaiq-benchmark-v0.1-candidate-20260716,mosaiq-benchmark,0.1.0-dev,delta_source_multilabel,0.1.0,DeLTA,clip,DeLTA_RF307_1,DeLTA_RF307_1,dev,,0.1.0,datasets/DeLTA/data/clips.csv,de7590cb8d5fadae990b0a78e976b50b210ed88a338f8ea959a4862f62c05dad
mosaiq-benchmark-v0.1-candidate-20260716,mosaiq-benchmark,0.1.0-dev,delta_source_multilabel,0.1.0,DeLTA,clip,DeLTA_Mc106_2,DeLTA_Mc106_2,train,,0.1.0,datasets/DeLTA/data/clips.csv,ea9635dfe9d4146de685bcb4c9d628c6e3a88b6f165b8cd3737a79542fe6fa79
mosaiq-benchmark-v0.1-candidate-20260716,mosaiq-benchmark,0.1.0-dev,delta_source_multilabel,0.1.0,DeLTA,clip,DeLTA_PL334_1,DeLTA_PL334_1,test,,0.1.0,datasets/DeLTA/data/clips.csv,6553840dcc51f837fb39260a4e69ab383304c97ecfca26fd9b496d567b6e74fc
mosaiq-benchmark-v0.1-candidate-20260716,mosaiq-benchmark,0.1.0-dev,delta_source_multilabel,0.1.0,DeLTA,clip,DeLTA_CT532_1,DeLTA_CT532_1,dev,,0.1.0,datasets/DeLTA/data/clips.csv,bb9324db1d37f39d3856e1210bd180ad2e4b362f2570d781161975b959e294ae
mosaiq-benchmark-v0.1-candidate-20260716,mosaiq-benchmark,0.1.0-dev,delta_source_multilabel,0.1.0,DeLTA,clip,DeLTA_tm208_2,DeLTA_tm208_2,train,,0.1.0,datasets/DeLTA/data/clips.csv,cdeeb9039a18a2bc68081dbf2467af15e2bd2e197e6665421dba214a245fb97d
mosaiq-benchmark-v0.1-candidate-20260716,mosaiq-benchmark,0.1.0-dev,delta_source_multilabel,0.1.0,DeLTA,clip,DeLTA_NP112_2,DeLTA_NP112_2,train,,0.1.0,datasets/DeLTA/data/clips.csv,d50eacba51a951a83b82e945f3ce55cccff91dc411a94c096bc3c1a582650431
mosaiq-benchmark-v0.1-candidate-20260716,mosaiq-benchmark,0.1.0-dev,delta_source_multilabel,0.1.0,DeLTA,clip,DeLTA_Ts425_2,DeLTA_Ts425_2,train,,0.1.0,datasets/DeLTA/data/clips.csv,a274ca567fef8d8d7c1b9eca566f6bb3c87786ef03685f66642764c6fb495d2e
mosaiq-benchmark-v0.1-candidate-20260716,mosaiq-benchmark,0.1.0-dev,delta_source_multilabel,0.1.0,DeLTA,clip,DeLTA_cv15_1,DeLTA_cv15_1,train,,0.1.0,datasets/DeLTA/data/clips.csv,d0c85cb0b446d66bb3d42e6d64b4714c2bcc3031587ffd0b2a77370aba84af41
mosaiq-benchmark-v0.1-candidate-20260716,mosaiq-benchmark,0.1.0-dev,delta_source_multilabel,0.1.0,DeLTA,clip,DeLTA_Rs103_1,DeLTA_Rs103_1,dev,,0.1.0,datasets/DeLTA/data/clips.csv,bc06144b9a0be6332f8014a964f9af8d4cb242839fff28fd6b063411cdfa855a
mosaiq-benchmark-v0.1-candidate-20260716,mosaiq-benchmark,0.1.0-dev,delta_source_multilabel,0.1.0,DeLTA,clip,DeLTA_PL418_1,DeLTA_PL418_1,train,,0.1.0,datasets/DeLTA/data/clips.csv,2064a79cafd2489ab6e86fd3cd884870e5ff307c1d4cb056aca469350ef02d88
mosaiq-benchmark-v0.1-candidate-20260716,mosaiq-benchmark,0.1.0-dev,delta_source_multilabel,0.1.0,DeLTA,clip,DeLTA_PL436_2,DeLTA_PL436_2,train,,0.1.0,datasets/DeLTA/data/clips.csv,c4244233dbd2fc23809008f0eea954d84c8534ddd1e9748efde428761c8472db
mosaiq-benchmark-v0.1-candidate-20260716,mosaiq-benchmark,0.1.0-dev,delta_source_multilabel,0.1.0,DeLTA,clip,DeLTA_ET210_2,DeLTA_ET210_2,train,,0.1.0,datasets/DeLTA/data/clips.csv,fea6efdc8734602cfd8f5dc0b1d9698180ed496229eebfb733be9785fc5667bd
mosaiq-benchmark-v0.1-candidate-20260716,mosaiq-benchmark,0.1.0-dev,delta_source_multilabel,0.1.0,DeLTA,clip,DeLTA_NP157_1,DeLTA_NP157_1,train,,0.1.0,datasets/DeLTA/data/clips.csv,8b773a504e53978ea7560003a2c6fea75c0792109e76fb7e3d88dfaa8519b8f2
mosaiq-benchmark-v0.1-candidate-20260716,mosaiq-benchmark,0.1.0-dev,delta_source_multilabel,0.1.0,DeLTA,clip,DeLTA_SM412_2,DeLTA_SM412_2,train,,0.1.0,datasets/DeLTA/data/clips.csv,bb2d203a529ad39e5649cbd9b47813c4cbbd1d21119343a5f66dedc0c8a1dccd
mosaiq-benchmark-v0.1-candidate-20260716,mosaiq-benchmark,0.1.0-dev,delta_source_multilabel,0.1.0,DeLTA,clip,DeLTA_tm133_2,DeLTA_tm133_2,dev,,0.1.0,datasets/DeLTA/data/clips.csv,a1cb9ccac477e621a73d70c34d0b8ace0be70c7652c56c1bef634dc7337348cd
mosaiq-benchmark-v0.1-candidate-20260716,mosaiq-benchmark,0.1.0-dev,delta_source_multilabel,0.1.0,DeLTA,clip,DeLTA_tm309_3,DeLTA_tm309_3,train,,0.1.0,datasets/DeLTA/data/clips.csv,09c6b553b34dced8ba1e911a43f409a5ea8fb74ed8fd9b300d116bc48a2014f9
mosaiq-benchmark-v0.1-candidate-20260716,mosaiq-benchmark,0.1.0-dev,delta_source_multilabel,0.1.0,DeLTA,clip,DeLTA_ET102_2,DeLTA_ET102_2,train,,0.1.0,datasets/DeLTA/data/clips.csv,ec963cf71630f419522c00bd2ef2c1100ec5f23e053e7d39f0a9f4f5dbc3d892
mosaiq-benchmark-v0.1-candidate-20260716,mosaiq-benchmark,0.1.0-dev,delta_source_multilabel,0.1.0,DeLTA,clip,DeLTA_SM406_2,DeLTA_SM406_2,train,,0.1.0,datasets/DeLTA/data/clips.csv,87d32d3dcf69de11bdf7a4c48887bf7addef33d42c3927dcc5df5a6487052031
mosaiq-benchmark-v0.1-candidate-20260716,mosaiq-benchmark,0.1.0-dev,delta_source_multilabel,0.1.0,DeLTA,clip,DeLTA_SR247_1,DeLTA_SR247_1,train,,0.1.0,datasets/DeLTA/data/clips.csv,d4e9be3ad075ca4dc21979aac771499d021c7225f00ce3ac82f5ca525eccf3b8
mosaiq-benchmark-v0.1-candidate-20260716,mosaiq-benchmark,0.1.0-dev,delta_source_multilabel,0.1.0,DeLTA,clip,DeLTA_PL302_1,DeLTA_PL302_1,train,,0.1.0,datasets/DeLTA/data/clips.csv,16751d9aa26237bf96f9c6ab79db140c26004c21a48a93f61deaf7ae04ddf260
mosaiq-benchmark-v0.1-candidate-20260716,mosaiq-benchmark,0.1.0-dev,delta_source_multilabel,0.1.0,DeLTA,clip,DeLTA_PL413_1,DeLTA_PL413_1,train,,0.1.0,datasets/DeLTA/data/clips.csv,f6a47d276d2ecfb60c7955a91590472bb5a76e7bd91730ea1e55ac29e02694d9
mosaiq-benchmark-v0.1-candidate-20260716,mosaiq-benchmark,0.1.0-dev,delta_source_multilabel,0.1.0,DeLTA,clip,DeLTA_tm217_2,DeLTA_tm217_2,train,,0.1.0,datasets/DeLTA/data/clips.csv,7a25736f4a5e0a1fd9fa642e0d71d00f5657a267d2340b18a609453e64ef0463
mosaiq-benchmark-v0.1-candidate-20260716,mosaiq-benchmark,0.1.0-dev,delta_source_multilabel,0.1.0,DeLTA,clip,DeLTA_ET111_1,DeLTA_ET111_1,dev,,0.1.0,datasets/DeLTA/data/clips.csv,43f6e07fea2b88d7a454d03a4e6c7755532cce2185e8978eafa0899df020ae55
mosaiq-benchmark-v0.1-candidate-20260716,mosaiq-benchmark,0.1.0-dev,delta_source_multilabel,0.1.0,DeLTA,clip,DeLTA_ET308_1,DeLTA_ET308_1,train,,0.1.0,datasets/DeLTA/data/clips.csv,a878d2dcdfb6c207bb55abc625666385fc9ece662c47ff8cc8089625b697193c
mosaiq-benchmark-v0.1-candidate-20260716,mosaiq-benchmark,0.1.0-dev,delta_source_multilabel,0.1.0,DeLTA,clip,DeLTA_MC503_1,DeLTA_MC503_1,train,,0.1.0,datasets/DeLTA/data/clips.csv,c3bb5e8592f1abd0dec9e71b11e36ed24a4578839addd964d0ca3c8592ede57b
mosaiq-benchmark-v0.1-candidate-20260716,mosaiq-benchmark,0.1.0-dev,delta_source_multilabel,0.1.0,DeLTA,clip,DeLTA_ts239_2,DeLTA_ts239_2,dev,,0.1.0,datasets/DeLTA/data/clips.csv,6f66cdf858ff74f233af7b78bd0b9fdf2f0a133b31be2a27cddeced28c148369
mosaiq-benchmark-v0.1-candidate-20260716,mosaiq-benchmark,0.1.0-dev,delta_source_multilabel,0.1.0,DeLTA,clip,DeLTA_MC529_1,DeLTA_MC529_1,test,,0.1.0,datasets/DeLTA/data/clips.csv,8efc081aabc42f2a3feab19d928738c31b607395f8409867018bf9923d60853f
mosaiq-benchmark-v0.1-candidate-20260716,mosaiq-benchmark,0.1.0-dev,delta_source_multilabel,0.1.0,DeLTA,clip,DeLTA_Rs220_1,DeLTA_Rs220_1,dev,,0.1.0,datasets/DeLTA/data/clips.csv,2beb9557b97bbe4f2b076db0f427a20f2b32d84226fd2a547772184d99776065
mosaiq-benchmark-v0.1-candidate-20260716,mosaiq-benchmark,0.1.0-dev,delta_source_multilabel,0.1.0,DeLTA,clip,DeLTA_ET122_1,DeLTA_ET122_1,dev,,0.1.0,datasets/DeLTA/data/clips.csv,55ab1eb1e53f45577fa89f152e8ceb62e61b9be0b8708900903b74242463e035
mosaiq-benchmark-v0.1-candidate-20260716,mosaiq-benchmark,0.1.0-dev,delta_source_multilabel,0.1.0,DeLTA,clip,DeLTA_PL310_1,DeLTA_PL310_1,train,,0.1.0,datasets/DeLTA/data/clips.csv,397c911cc45bf7c0024c7f6623a0f1caeb1a176d7d764d94f545120a1b090b26
mosaiq-benchmark-v0.1-candidate-20260716,mosaiq-benchmark,0.1.0-dev,delta_source_multilabel,0.1.0,DeLTA,clip,DeLTA_ts321_1,DeLTA_ts321_1,train,,0.1.0,datasets/DeLTA/data/clips.csv,ca9ebfe540a21b2f857f85374f9fc1029bd89da6052b28d8c2eb48f86febde4c
mosaiq-benchmark-v0.1-candidate-20260716,mosaiq-benchmark,0.1.0-dev,delta_source_multilabel,0.1.0,DeLTA,clip,DeLTA_CT522_1,DeLTA_CT522_1,train,,0.1.0,datasets/DeLTA/data/clips.csv,3eda6e6721f844a28d6c7f64352516a2a20c2fa4c58359ec7aec0acfe95d9bd2
mosaiq-benchmark-v0.1-candidate-20260716,mosaiq-benchmark,0.1.0-dev,delta_source_multilabel,0.1.0,DeLTA,clip,DeLTA_MC508_1,DeLTA_MC508_1,train,,0.1.0,datasets/DeLTA/data/clips.csv,9a6481f7991e095b754c58c417f1300ae7d291d44f6821ec573baf7967ff230e
mosaiq-benchmark-v0.1-candidate-20260716,mosaiq-benchmark,0.1.0-dev,delta_source_multilabel,0.1.0,DeLTA,clip,DeLTA_CT313_1,DeLTA_CT313_1,train,,0.1.0,datasets/DeLTA/data/clips.csv,8dd90822cf199d18e30ac2d0d3c64283c61fb238d5e44d7d37c7b05710215db9
mosaiq-benchmark-v0.1-candidate-20260716,mosaiq-benchmark,0.1.0-dev,delta_source_multilabel,0.1.0,DeLTA,clip,DeLTA_sc130_1,DeLTA_sc130_1,test,,0.1.0,datasets/DeLTA/data/clips.csv,62698322b6330c1e9bd954699e485799e06b1a15e7e9fd96383d72b76a3d18ce
mosaiq-benchmark-v0.1-candidate-20260716,mosaiq-benchmark,0.1.0-dev,delta_source_multilabel,0.1.0,DeLTA,clip,DeLTA_Ts419_2,DeLTA_Ts419_2,dev,,0.1.0,datasets/DeLTA/data/clips.csv,cafcf124216c0ed5abfe89f1f8456d672e6d494021955dcc5947880b231a1ca9
mosaiq-benchmark-v0.1-candidate-20260716,mosaiq-benchmark,0.1.0-dev,delta_source_multilabel,0.1.0,DeLTA,clip,DeLTA_sc123_2,DeLTA_sc123_2,train,,0.1.0,datasets/DeLTA/data/clips.csv,3ce46afce6679a9a5c8941579997d9298f6feef41b32555bf831792b6515d97a
mosaiq-benchmark-v0.1-candidate-20260716,mosaiq-benchmark,0.1.0-dev,delta_source_multilabel,0.1.0,DeLTA,clip,DeLTA_sc123_1,DeLTA_sc123_1,train,,0.1.0,datasets/DeLTA/data/clips.csv,f0b92113254b53bb6f3527bb0c48646ddd13cfa00ff337a9e52a4789d9a2b438
mosaiq-benchmark-v0.1-candidate-20260716,mosaiq-benchmark,0.1.0-dev,delta_source_multilabel,0.1.0,DeLTA,clip,DeLTA_MG102_2,DeLTA_MG102_2,train,,0.1.0,datasets/DeLTA/data/clips.csv,2d6258f94b60f7cc4d8d506fb2919a30910411eb9c0f91fea62f473eb102b542
mosaiq-benchmark-v0.1-candidate-20260716,mosaiq-benchmark,0.1.0-dev,delta_source_multilabel,0.1.0,DeLTA,clip,DeLTA_tm101_2,DeLTA_tm101_2,test,,0.1.0,datasets/DeLTA/data/clips.csv,b5a6726132ab69f1ab4de5e07b95ba6734aa5abc67004beac5fa02f1c03d8ca5
mosaiq-benchmark-v0.1-candidate-20260716,mosaiq-benchmark,0.1.0-dev,delta_source_multilabel,0.1.0,DeLTA,clip,DeLTA_Rf133_1,DeLTA_Rf133_1,train,,0.1.0,datasets/DeLTA/data/clips.csv,0081e989b3cb214018411cfbeec7101c8f056b2999b8479907555dba79f05731
mosaiq-benchmark-v0.1-candidate-20260716,mosaiq-benchmark,0.1.0-dev,delta_source_multilabel,0.1.0,DeLTA,clip,DeLTA_SM413_1,DeLTA_SM413_1,test,,0.1.0,datasets/DeLTA/data/clips.csv,a54ab4374e6063fb25f93e921a11ed901a04e00cb0886d12101468f34ea0216f
mosaiq-benchmark-v0.1-candidate-20260716,mosaiq-benchmark,0.1.0-dev,delta_source_multilabel,0.1.0,DeLTA,clip,DeLTA_tm333_1,DeLTA_tm333_1,dev,,0.1.0,datasets/DeLTA/data/clips.csv,356cbf1c1129118d3cba7aba876e917881f65e5ba6e1bce8a8a449feed8813e9
mosaiq-benchmark-v0.1-candidate-20260716,mosaiq-benchmark,0.1.0-dev,delta_source_multilabel,0.1.0,DeLTA,clip,DeLTA_MG202_1,DeLTA_MG202_1,train,,0.1.0,datasets/DeLTA/data/clips.csv,10ca120438f8de1106c733fc653037ff9ab06818ac54f2723aa9c1a5115e6605
mosaiq-benchmark-v0.1-candidate-20260716,mosaiq-benchmark,0.1.0-dev,delta_source_multilabel,0.1.0,DeLTA,clip,DeLTA_TS539_1,DeLTA_TS539_1,train,,0.1.0,datasets/DeLTA/data/clips.csv,f6805a7455aafb8e4fec113fe7354f9dcd52a6d39f9411f9e026c9e2ea33cb56
mosaiq-benchmark-v0.1-candidate-20260716,mosaiq-benchmark,0.1.0-dev,delta_source_multilabel,0.1.0,DeLTA,clip,DeLTA_ET110_2,DeLTA_ET110_2,train,,0.1.0,datasets/DeLTA/data/clips.csv,76c66b2467073588cd83294ecccffb5ae99b321cfb22c095ef064336870778aa
mosaiq-benchmark-v0.1-candidate-20260716,mosaiq-benchmark,0.1.0-dev,delta_source_multilabel,0.1.0,DeLTA,clip,DeLTA_MG317_1,DeLTA_MG317_1,train,,0.1.0,datasets/DeLTA/data/clips.csv,37024c56b512dcdbf1f5b749870c68b0b6892f16ebc59ccfb64d37018254e26d
mosaiq-benchmark-v0.1-candidate-20260716,mosaiq-benchmark,0.1.0-dev,delta_source_multilabel,0.1.0,DeLTA,clip,DeLTA_SC205_2,DeLTA_SC205_2,dev,,0.1.0,datasets/DeLTA/data/clips.csv,fc5d469350ac795f97fd30e4b727469fb035b4481ebae5371d0be5b0c1f93837
mosaiq-benchmark-v0.1-candidate-20260716,mosaiq-benchmark,0.1.0-dev,delta_source_multilabel,0.1.0,DeLTA,clip,DeLTA_Rf227_2,DeLTA_Rf227_2,train,,0.1.0,datasets/DeLTA/data/clips.csv,7d176278df3f9aab3b5bf80175292e84c570b64d543a27c2187c76fa33017ad6
mosaiq-benchmark-v0.1-candidate-20260716,mosaiq-benchmark,0.1.0-dev,delta_source_multilabel,0.1.0,DeLTA,clip,DeLTA_SC224_1,DeLTA_SC224_1,train,,0.1.0,datasets/DeLTA/data/clips.csv,f2ca55afecae8612fbc7a3142683e379261cf1df621b9de74d47ac4ec351c1cd
