freeze_id,benchmark_id,benchmark_version,task_id,task_version,dataset_id,unit_of_analysis,record_id,clip_id,partition,fold,split_version,source_path,source_row_sha256
mosaiq-benchmark-v0.1-candidate-20260716,mosaiq-benchmark,0.1.0-dev,iso_paq_regression,0.1.0,ISD,clip,ISD_CamdenTown_CamdenTown1_CT101,ISD_CamdenTown_CamdenTown1_CT101,train,,0.1.0,datasets/ISD/data/clips.csv,61e7f42c5ca7897fc62f23b2becb347da58a9dda70f0cb0dc80390f6f51857c4
mosaiq-benchmark-v0.1-candidate-20260716,mosaiq-benchmark,0.1.0-dev,iso_paq_regression,0.1.0,ISD,clip,ISD_CamdenTown_CamdenTown1_CT102,ISD_CamdenTown_CamdenTown1_CT102,train,,0.1.0,datasets/ISD/data/clips.csv,db6205848e5a77086a2d7be5e3f7f125e68522f4cb8746c5c5dcc798a8f00814
mosaiq-benchmark-v0.1-candidate-20260716,mosaiq-benchmark,0.1.0-dev,iso_paq_regression,0.1.0,ISD,clip,ISD_CamdenTown_CamdenTown1_CT103,ISD_CamdenTown_CamdenTown1_CT103,train,,0.1.0,datasets/ISD/data/clips.csv,a9314d2a361fb218bad8cd40edf5c2b4a3575d76d8d28e5e51667e2f0995510c
mosaiq-benchmark-v0.1-candidate-20260716,mosaiq-benchmark,0.1.0-dev,iso_paq_regression,0.1.0,ISD,clip,ISD_CamdenTown_CamdenTown1_CT104,ISD_CamdenTown_CamdenTown1_CT104,train,,0.1.0,datasets/ISD/data/clips.csv,213a80caf98147738f682e685375f15de5096597a4f39ab0e5e01938c0c7c62d
mosaiq-benchmark-v0.1-candidate-20260716,mosaiq-benchmark,0.1.0-dev,iso_paq_regression,0.1.0,ISD,clip,ISD_CamdenTown_CamdenTown1_CT105,ISD_CamdenTown_CamdenTown1_CT105,train,,0.1.0,datasets/ISD/data/clips.csv,ba138dc69df26f32837821b8bfc79994bf236ba9b1d516196358ef83f36d142e
mosaiq-benchmark-v0.1-candidate-20260716,mosaiq-benchmark,0.1.0-dev,iso_paq_regression,0.1.0,ISD,clip,ISD_CamdenTown_CamdenTown1_CT106,ISD_CamdenTown_CamdenTown1_CT106,train,,0.1.0,datasets/ISD/data/clips.csv,f909711417d4543e3aa039dc9f2dc9aed2279a902c24c20f02a9f8d9e7d0aa10
mosaiq-benchmark-v0.1-candidate-20260716,mosaiq-benchmark,0.1.0-dev,iso_paq_regression,0.1.0,ISD,clip,ISD_CamdenTown_CamdenTown1_CT107,ISD_CamdenTown_CamdenTown1_CT107,train,,0.1.0,datasets/ISD/data/clips.csv,6be91171432ab3a283492b0075d75a14bd2a1897a1e206496cc17507f60259ef
mosaiq-benchmark-v0.1-candidate-20260716,mosaiq-benchmark,0.1.0-dev,iso_paq_regression,0.1.0,ISD,clip,ISD_CamdenTown_CamdenTown1_CT108,ISD_CamdenTown_CamdenTown1_CT108,train,,0.1.0,datasets/ISD/data/clips.csv,ca72abb28f906b4e783e19f2356f5a687e67be898c7d1737bdb24461cdf1a17a
mosaiq-benchmark-v0.1-candidate-20260716,mosaiq-benchmark,0.1.0-dev,iso_paq_regression,0.1.0,ISD,clip,ISD_CamdenTown_CamdenTown1_CT109,ISD_CamdenTown_CamdenTown1_CT109,train,,0.1.0,datasets/ISD/data/clips.csv,135183ce5676debe6743cc7ff1a2099634ef53b1d87481a9ac0e533fcd0472a9
mosaiq-benchmark-v0.1-candidate-20260716,mosaiq-benchmark,0.1.0-dev,iso_paq_regression,0.1.0,ISD,clip,ISD_CamdenTown_CamdenTown1_CT110,ISD_CamdenTown_CamdenTown1_CT110,train,,0.1.0,datasets/ISD/data/clips.csv,b2271d878bc0b08e8115c50f06cc5feee5a13d5f64206a02b1fbf3a04f03e7ef
mosaiq-benchmark-v0.1-candidate-20260716,mosaiq-benchmark,0.1.0-dev,iso_paq_regression,0.1.0,ISD,clip,ISD_CamdenTown_CamdenTown1_CT111,ISD_CamdenTown_CamdenTown1_CT111,train,,0.1.0,datasets/ISD/data/clips.csv,d2a0e53ba3ffaf7f4d8c70d9a793cdb0d862b4539293f3843b6c04a4d2a5d6fa
mosaiq-benchmark-v0.1-candidate-20260716,mosaiq-benchmark,0.1.0-dev,iso_paq_regression,0.1.0,ISD,clip,ISD_CamdenTown_CamdenTown1_CT112,ISD_CamdenTown_CamdenTown1_CT112,train,,0.1.0,datasets/ISD/data/clips.csv,743d8641d1f395a20e60f5e33600851abf040de517dde2d00fa611b053237969
mosaiq-benchmark-v0.1-candidate-20260716,mosaiq-benchmark,0.1.0-dev,iso_paq_regression,0.1.0,ISD,clip,ISD_CamdenTown_CamdenTown1_CT113,ISD_CamdenTown_CamdenTown1_CT113,train,,0.1.0,datasets/ISD/data/clips.csv,d6353dfc539b3b1de9a9fae6d700260fadf5555964b9210258fa6a0d1aa52a29
mosaiq-benchmark-v0.1-candidate-20260716,mosaiq-benchmark,0.1.0-dev,iso_paq_regression,0.1.0,ISD,clip,ISD_CamdenTown_CamdenTown1_CT114,ISD_CamdenTown_CamdenTown1_CT114,train,,0.1.0,datasets/ISD/data/clips.csv,34b75bfa7dc1a3dbfe48b8675e09a42270f0b8ef7f1704d8be683b84b8260f42
mosaiq-benchmark-v0.1-candidate-20260716,mosaiq-benchmark,0.1.0-dev,iso_paq_regression,0.1.0,ISD,clip,ISD_CamdenTown_CamdenTown1_CT115,ISD_CamdenTown_CamdenTown1_CT115,train,,0.1.0,datasets/ISD/data/clips.csv,0c0ccdf45eb542c18c3f32279d6a88eaa2048f4104e9e2c4ed2c652d991f3da7
mosaiq-benchmark-v0.1-candidate-20260716,mosaiq-benchmark,0.1.0-dev,iso_paq_regression,0.1.0,ISD,clip,ISD_CamdenTown_CamdenTown1_CT116,ISD_CamdenTown_CamdenTown1_CT116,train,,0.1.0,datasets/ISD/data/clips.csv,424b4248f557c11e75728af8a7164eb58df82d025f955fcc59de2b28ebad596b
mosaiq-benchmark-v0.1-candidate-20260716,mosaiq-benchmark,0.1.0-dev,iso_paq_regression,0.1.0,ISD,clip,ISD_CamdenTown_CamdenTown1_CT117,ISD_CamdenTown_CamdenTown1_CT117,train,,0.1.0,datasets/ISD/data/clips.csv,a7cf3306b5120990a690f4a762eec9480cd2aeea621df2e017fd05f9bbf14adf
mosaiq-benchmark-v0.1-candidate-20260716,mosaiq-benchmark,0.1.0-dev,iso_paq_regression,0.1.0,ISD,clip,ISD_CamdenTown_CamdenTown1_CT118,ISD_CamdenTown_CamdenTown1_CT118,train,,0.1.0,datasets/ISD/data/clips.csv,f26ace7badd0c92375ea6a8ee0f2e6db75f5f0f443961da3c7dc8324bf4bb86b
mosaiq-benchmark-v0.1-candidate-20260716,mosaiq-benchmark,0.1.0-dev,iso_paq_regression,0.1.0,ISD,clip,ISD_CamdenTown_CamdenTown1_CT119,ISD_CamdenTown_CamdenTown1_CT119,train,,0.1.0,datasets/ISD/data/clips.csv,d378c5134b262e5a3073aa3c8aba1705f1c0ce7b1dbb7200208042bceefa1609
mosaiq-benchmark-v0.1-candidate-20260716,mosaiq-benchmark,0.1.0-dev,iso_paq_regression,0.1.0,ISD,clip,ISD_CamdenTown_CamdenTown1_CT120,ISD_CamdenTown_CamdenTown1_CT120,train,,0.1.0,datasets/ISD/data/clips.csv,4af8aec9c3b3b33d615d758b323478e2e74d07cb9febac428cb5e5ece21cc364
mosaiq-benchmark-v0.1-candidate-20260716,mosaiq-benchmark,0.1.0-dev,iso_paq_regression,0.1.0,ISD,clip,ISD_CamdenTown_CamdenTown1_CT121,ISD_CamdenTown_CamdenTown1_CT121,train,,0.1.0,datasets/ISD/data/clips.csv,32aa73105f7a9ca623f1e3d1cf6bf7c757998c4a080553e8c6e465f1170b804a
mosaiq-benchmark-v0.1-candidate-20260716,mosaiq-benchmark,0.1.0-dev,iso_paq_regression,0.1.0,ISD,clip,ISD_CamdenTown_CamdenTown1_CT122,ISD_CamdenTown_CamdenTown1_CT122,train,,0.1.0,datasets/ISD/data/clips.csv,810e3db979898dcd6a6a99eb9ae710da1ab524f4fdcc646a042f80c981151f23
mosaiq-benchmark-v0.1-candidate-20260716,mosaiq-benchmark,0.1.0-dev,iso_paq_regression,0.1.0,ISD,clip,ISD_CamdenTown_CamdenTown1_CT123,ISD_CamdenTown_CamdenTown1_CT123,train,,0.1.0,datasets/ISD/data/clips.csv,9fe4bce882ef6a1ed6ce3a3a53f8f95ab25cdb36a76ced9054f0dc0fe5eaf095
mosaiq-benchmark-v0.1-candidate-20260716,mosaiq-benchmark,0.1.0-dev,iso_paq_regression,0.1.0,ISD,clip,ISD_CamdenTown_CamdenTown1_CT124,ISD_CamdenTown_CamdenTown1_CT124,train,,0.1.0,datasets/ISD/data/clips.csv,7867e36e9f5191c38fac4b5e81853219c6521f916bb5283041e4507423651e4b
mosaiq-benchmark-v0.1-candidate-20260716,mosaiq-benchmark,0.1.0-dev,iso_paq_regression,0.1.0,ISD,clip,ISD_CamdenTown_CamdenTown2_CT201,ISD_CamdenTown_CamdenTown2_CT201,train,,0.1.0,datasets/ISD/data/clips.csv,6591be4fa6c184681dde54cef1f0dbc03269a76b110e6fa99b1b080466c92b4a
mosaiq-benchmark-v0.1-candidate-20260716,mosaiq-benchmark,0.1.0-dev,iso_paq_regression,0.1.0,ISD,clip,ISD_CamdenTown_CamdenTown2_CT202,ISD_CamdenTown_CamdenTown2_CT202,train,,0.1.0,datasets/ISD/data/clips.csv,4ca60198c5bde76b07758200903b86b2d750c1e1b2da421c085442545c47878c
mosaiq-benchmark-v0.1-candidate-20260716,mosaiq-benchmark,0.1.0-dev,iso_paq_regression,0.1.0,ISD,clip,ISD_CamdenTown_CamdenTown2_CT203,ISD_CamdenTown_CamdenTown2_CT203,train,,0.1.0,datasets/ISD/data/clips.csv,04c7865eb808ab5d335b18aee701ac110c20464fdbd923c2dec310ab59441e47
mosaiq-benchmark-v0.1-candidate-20260716,mosaiq-benchmark,0.1.0-dev,iso_paq_regression,0.1.0,ISD,clip,ISD_CamdenTown_CamdenTown2_CT204,ISD_CamdenTown_CamdenTown2_CT204,train,,0.1.0,datasets/ISD/data/clips.csv,c8ac0c111fab1b0f0a513e0bfb15e33a9d1ce849e7ca68da5c3d7b93bacd5d5e
mosaiq-benchmark-v0.1-candidate-20260716,mosaiq-benchmark,0.1.0-dev,iso_paq_regression,0.1.0,ISD,clip,ISD_CamdenTown_CamdenTown2_CT205,ISD_CamdenTown_CamdenTown2_CT205,train,,0.1.0,datasets/ISD/data/clips.csv,611074a68ab4f6b34a62cb3a2794b9dd3ac4a327937a39cdbe92b376603b59eb
mosaiq-benchmark-v0.1-candidate-20260716,mosaiq-benchmark,0.1.0-dev,iso_paq_regression,0.1.0,ISD,clip,ISD_CamdenTown_CamdenTown3_CT301,ISD_CamdenTown_CamdenTown3_CT301,train,,0.1.0,datasets/ISD/data/clips.csv,85ebef532b2a9a420e05fea43c7c5e4a7b6f1932834361139b2f09d24da59252
mosaiq-benchmark-v0.1-candidate-20260716,mosaiq-benchmark,0.1.0-dev,iso_paq_regression,0.1.0,ISD,clip,ISD_CamdenTown_CamdenTown3_CT302,ISD_CamdenTown_CamdenTown3_CT302,train,,0.1.0,datasets/ISD/data/clips.csv,371dff939c67e23c0e90d69d97623d83494f252864b0bcf9e89054094ed6f736
mosaiq-benchmark-v0.1-candidate-20260716,mosaiq-benchmark,0.1.0-dev,iso_paq_regression,0.1.0,ISD,clip,ISD_CamdenTown_CamdenTown3_CT304,ISD_CamdenTown_CamdenTown3_CT304,train,,0.1.0,datasets/ISD/data/clips.csv,7a6a2dab29c458973710415d9c28aad3614e73dc8cbdf378d36120de6faea841
mosaiq-benchmark-v0.1-candidate-20260716,mosaiq-benchmark,0.1.0-dev,iso_paq_regression,0.1.0,ISD,clip,ISD_CamdenTown_CamdenTown3_CT305,ISD_CamdenTown_CamdenTown3_CT305,train,,0.1.0,datasets/ISD/data/clips.csv,c978649cdea32291c8ccafce745f56468554ae38688867fb9cb9e179c8c893d2
mosaiq-benchmark-v0.1-candidate-20260716,mosaiq-benchmark,0.1.0-dev,iso_paq_regression,0.1.0,ISD,clip,ISD_CamdenTown_CamdenTown3_CT306,ISD_CamdenTown_CamdenTown3_CT306,train,,0.1.0,datasets/ISD/data/clips.csv,900673700ec5ef6fdfe2b4492bbfeca38300938c26f2165ac2b197eb975891d1
mosaiq-benchmark-v0.1-candidate-20260716,mosaiq-benchmark,0.1.0-dev,iso_paq_regression,0.1.0,ISD,clip,ISD_CamdenTown_CamdenTown3_CT308,ISD_CamdenTown_CamdenTown3_CT308,train,,0.1.0,datasets/ISD/data/clips.csv,d40a7964d9c2b41f3b733e11ba4b8fb396e4f16ce3f95ad982818d5bb1047866
mosaiq-benchmark-v0.1-candidate-20260716,mosaiq-benchmark,0.1.0-dev,iso_paq_regression,0.1.0,ISD,clip,ISD_CamdenTown_CamdenTown3_CT309,ISD_CamdenTown_CamdenTown3_CT309,train,,0.1.0,datasets/ISD/data/clips.csv,640bcb39d21ac4594def61bc41c05003b0efc4f904a2930e2d0e4ccbea83182c
mosaiq-benchmark-v0.1-candidate-20260716,mosaiq-benchmark,0.1.0-dev,iso_paq_regression,0.1.0,ISD,clip,ISD_CamdenTown_CamdenTown3_CT310,ISD_CamdenTown_CamdenTown3_CT310,train,,0.1.0,datasets/ISD/data/clips.csv,17b3b845e479f439153137d519b28aad932ddfd00df0b2b97972460302b9820d
mosaiq-benchmark-v0.1-candidate-20260716,mosaiq-benchmark,0.1.0-dev,iso_paq_regression,0.1.0,ISD,clip,ISD_CamdenTown_CamdenTown3_CT311,ISD_CamdenTown_CamdenTown3_CT311,train,,0.1.0,datasets/ISD/data/clips.csv,3fcc21288c9f7bc491d031091b0c014d34fda2d6afe94d1f2c30e6b3145f77cf
mosaiq-benchmark-v0.1-candidate-20260716,mosaiq-benchmark,0.1.0-dev,iso_paq_regression,0.1.0,ISD,clip,ISD_CamdenTown_CamdenTown3_CT312,ISD_CamdenTown_CamdenTown3_CT312,train,,0.1.0,datasets/ISD/data/clips.csv,dd13a5f0dffefe38113efb05d7362dc8ca69030cd7d6b2f84051d13324df75aa
mosaiq-benchmark-v0.1-candidate-20260716,mosaiq-benchmark,0.1.0-dev,iso_paq_regression,0.1.0,ISD,clip,ISD_CamdenTown_CamdenTown3_CT313,ISD_CamdenTown_CamdenTown3_CT313,train,,0.1.0,datasets/ISD/data/clips.csv,7a98557c5dc3b20e847c918371d299321db5aca7396ffccd4632723cda6dbb41
mosaiq-benchmark-v0.1-candidate-20260716,mosaiq-benchmark,0.1.0-dev,iso_paq_regression,0.1.0,ISD,clip,ISD_CamdenTown_CamdenTown3_CT314,ISD_CamdenTown_CamdenTown3_CT314,train,,0.1.0,datasets/ISD/data/clips.csv,d69e2c0b91270848d2204a5236075a38b17e3bd0e83dec749c3f0f2de10c8b06
mosaiq-benchmark-v0.1-candidate-20260716,mosaiq-benchmark,0.1.0-dev,iso_paq_regression,0.1.0,ISD,clip,ISD_CamdenTown_CamdenTown3_CT315,ISD_CamdenTown_CamdenTown3_CT315,train,,0.1.0,datasets/ISD/data/clips.csv,7553262e4be4c284c9a5df409fba7993295efa61eaff50e16400edaf823ce819
mosaiq-benchmark-v0.1-candidate-20260716,mosaiq-benchmark,0.1.0-dev,iso_paq_regression,0.1.0,ISD,clip,ISD_CamdenTown_CamdenTown3_CT317,ISD_CamdenTown_CamdenTown3_CT317,train,,0.1.0,datasets/ISD/data/clips.csv,ff4b24660d6273ca07159fe74b110ab4702ea8028ed2ec57ed627483c11dca4b
mosaiq-benchmark-v0.1-candidate-20260716,mosaiq-benchmark,0.1.0-dev,iso_paq_regression,0.1.0,ISD,clip,ISD_CamdenTown_CamdenTown3_CT318,ISD_CamdenTown_CamdenTown3_CT318,train,,0.1.0,datasets/ISD/data/clips.csv,bf5c5e86b878aa0226f2f544671320e09eee6e4271bea20fff52e63f28ce8ff4
mosaiq-benchmark-v0.1-candidate-20260716,mosaiq-benchmark,0.1.0-dev,iso_paq_regression,0.1.0,ISD,clip,ISD_CamdenTown_CamdenTown3_CT319,ISD_CamdenTown_CamdenTown3_CT319,train,,0.1.0,datasets/ISD/data/clips.csv,1a0b243df0c4b2cde4661f1fc7b8901993503d3a997a3e1ca70bd302e0d5d34d
mosaiq-benchmark-v0.1-candidate-20260716,mosaiq-benchmark,0.1.0-dev,iso_paq_regression,0.1.0,ISD,clip,ISD_CamdenTown_CamdenTown3_CT320,ISD_CamdenTown_CamdenTown3_CT320,train,,0.1.0,datasets/ISD/data/clips.csv,e9563ec49f6845f0df1cc55c4cef4d6bd69ad55b9cc1d037232f03e5e440fa4e
mosaiq-benchmark-v0.1-candidate-20260716,mosaiq-benchmark,0.1.0-dev,iso_paq_regression,0.1.0,ISD,clip,ISD_CamdenTown_CamdenTown3_CT321,ISD_CamdenTown_CamdenTown3_CT321,train,,0.1.0,datasets/ISD/data/clips.csv,fdc7b8d64f6e7f1a95df4a13a437b20c4f1cd1b9efc11769b924894d0f8ff5a5
mosaiq-benchmark-v0.1-candidate-20260716,mosaiq-benchmark,0.1.0-dev,iso_paq_regression,0.1.0,ISD,clip,ISD_CamdenTown_CamdenTown3_CT322,ISD_CamdenTown_CamdenTown3_CT322,train,,0.1.0,datasets/ISD/data/clips.csv,bd948da2f5560920d3c774fc7e330f8d65002206d927becd2cf4ae82e482da0c
mosaiq-benchmark-v0.1-candidate-20260716,mosaiq-benchmark,0.1.0-dev,iso_paq_regression,0.1.0,ISD,clip,ISD_CamdenTown_CamdenTown3_CT323,ISD_CamdenTown_CamdenTown3_CT323,train,,0.1.0,datasets/ISD/data/clips.csv,e8a22c7d1ccd68505a45a6e523ec517c0c475b3f411ccbd491393c59ec51379d
mosaiq-benchmark-v0.1-candidate-20260716,mosaiq-benchmark,0.1.0-dev,iso_paq_regression,0.1.0,ISD,clip,ISD_CamdenTown_CamdenTown3_CT324,ISD_CamdenTown_CamdenTown3_CT324,train,,0.1.0,datasets/ISD/data/clips.csv,c332c889b4e3d982ed2980b65988f2044b58780a6fa1eeb40e80f5f135c0356b
mosaiq-benchmark-v0.1-candidate-20260716,mosaiq-benchmark,0.1.0-dev,iso_paq_regression,0.1.0,ISD,clip,ISD_CamdenTown_CamdenTown3_CT325,ISD_CamdenTown_CamdenTown3_CT325,train,,0.1.0,datasets/ISD/data/clips.csv,c4ba013f8cbc1de1c10abb082cd966ceb3f230798127fffd5655fb4412e9b5f3
mosaiq-benchmark-v0.1-candidate-20260716,mosaiq-benchmark,0.1.0-dev,iso_paq_regression,0.1.0,ISD,clip,ISD_CamdenTown_CamdenTown3_CT326,ISD_CamdenTown_CamdenTown3_CT326,train,,0.1.0,datasets/ISD/data/clips.csv,2effb0529b7e70545f890c58bbe024247bedab33dd03b9d623f6821e17446bee
mosaiq-benchmark-v0.1-candidate-20260716,mosaiq-benchmark,0.1.0-dev,iso_paq_regression,0.1.0,ISD,clip,ISD_CamdenTown_CamdenTown3_CT327,ISD_CamdenTown_CamdenTown3_CT327,train,,0.1.0,datasets/ISD/data/clips.csv,a1c5431e7739351883b5aa9cbfe4f385b95b4750feae8bc9cb731dc0691bcb7c
mosaiq-benchmark-v0.1-candidate-20260716,mosaiq-benchmark,0.1.0-dev,iso_paq_regression,0.1.0,ISD,clip,ISD_CamdenTown_CamdenTown3_CT328,ISD_CamdenTown_CamdenTown3_CT328,train,,0.1.0,datasets/ISD/data/clips.csv,971716d32a49bc46a99e4dfee897cb5ab1f3e47af7f5ce471df0cf629b37c00f
mosaiq-benchmark-v0.1-candidate-20260716,mosaiq-benchmark,0.1.0-dev,iso_paq_regression,0.1.0,ISD,clip,ISD_CamdenTown_CamdenTown3_CT329,ISD_CamdenTown_CamdenTown3_CT329,train,,0.1.0,datasets/ISD/data/clips.csv,9363c0aac80148ff3aa22985096964858717389768d9dc5cc51b7b71f86e57fd
mosaiq-benchmark-v0.1-candidate-20260716,mosaiq-benchmark,0.1.0-dev,iso_paq_regression,0.1.0,ISD,clip,ISD_CamdenTown_CamdenTown4_CT401,ISD_CamdenTown_CamdenTown4_CT401,train,,0.1.0,datasets/ISD/data/clips.csv,b1288db4909e9f3cc9ac798a254d5c860b51fe5b6685d77f72a1c41828c0155e
mosaiq-benchmark-v0.1-candidate-20260716,mosaiq-benchmark,0.1.0-dev,iso_paq_regression,0.1.0,ISD,clip,ISD_CamdenTown_CamdenTown4_CT402,ISD_CamdenTown_CamdenTown4_CT402,train,,0.1.0,datasets/ISD/data/clips.csv,ac119221420d94da2be324753b5516fad4192afcc93a08ff97d82c1bbe4dab5a
mosaiq-benchmark-v0.1-candidate-20260716,mosaiq-benchmark,0.1.0-dev,iso_paq_regression,0.1.0,ISD,clip,ISD_CamdenTown_CamdenTown4_CT403,ISD_CamdenTown_CamdenTown4_CT403,train,,0.1.0,datasets/ISD/data/clips.csv,f4c259a4e39edc2788573ae970425787b8bd40aabd07b1e396fe4a9e887f9c42
mosaiq-benchmark-v0.1-candidate-20260716,mosaiq-benchmark,0.1.0-dev,iso_paq_regression,0.1.0,ISD,clip,ISD_CamdenTown_CamdenTown4_CT404,ISD_CamdenTown_CamdenTown4_CT404,train,,0.1.0,datasets/ISD/data/clips.csv,7a6280fc944bfe73f502fb8847eab9bdac42f2c020a08cd3a6b609a11d04469a
mosaiq-benchmark-v0.1-candidate-20260716,mosaiq-benchmark,0.1.0-dev,iso_paq_regression,0.1.0,ISD,clip,ISD_CamdenTown_CamdenTown4_CT405,ISD_CamdenTown_CamdenTown4_CT405,train,,0.1.0,datasets/ISD/data/clips.csv,2a161105955364488c227c421b204e7d8b28b9c7775dc5c52c1217d2f0cceaf6
mosaiq-benchmark-v0.1-candidate-20260716,mosaiq-benchmark,0.1.0-dev,iso_paq_regression,0.1.0,ISD,clip,ISD_CamdenTown_CamdenTown4_CT406,ISD_CamdenTown_CamdenTown4_CT406,train,,0.1.0,datasets/ISD/data/clips.csv,b4dbf3d48ccfc5a9583db188fda5c9ad1ecb9cfcb34c9e7dc23b367c35607385
mosaiq-benchmark-v0.1-candidate-20260716,mosaiq-benchmark,0.1.0-dev,iso_paq_regression,0.1.0,ISD,clip,ISD_CamdenTown_CamdenTown4_CT407,ISD_CamdenTown_CamdenTown4_CT407,train,,0.1.0,datasets/ISD/data/clips.csv,db3bb121954cf0c07460c885d8d594f633241b4cb0c7a9be70e6ea86517ba713
mosaiq-benchmark-v0.1-candidate-20260716,mosaiq-benchmark,0.1.0-dev,iso_paq_regression,0.1.0,ISD,clip,ISD_CamdenTown_CamdenTown4_CT408,ISD_CamdenTown_CamdenTown4_CT408,train,,0.1.0,datasets/ISD/data/clips.csv,3b8630306155bc45ce267a9f5cfc2f4af3d305888a19a70c4c129ed9f3ff668f
mosaiq-benchmark-v0.1-candidate-20260716,mosaiq-benchmark,0.1.0-dev,iso_paq_regression,0.1.0,ISD,clip,ISD_CamdenTown_CamdenTown4_CT410,ISD_CamdenTown_CamdenTown4_CT410,train,,0.1.0,datasets/ISD/data/clips.csv,bba906e7e1f136dbcd0d7b9bf6e7f91ff4c71337197f8e025b3eed2af220b967
mosaiq-benchmark-v0.1-candidate-20260716,mosaiq-benchmark,0.1.0-dev,iso_paq_regression,0.1.0,ISD,clip,ISD_CamdenTown_CamdenTown4_CT412,ISD_CamdenTown_CamdenTown4_CT412,train,,0.1.0,datasets/ISD/data/clips.csv,ee2497393d5729890b00625bbc7686f4e0f48c7c9777cfdb161e0398c1af23a5
mosaiq-benchmark-v0.1-candidate-20260716,mosaiq-benchmark,0.1.0-dev,iso_paq_regression,0.1.0,ISD,clip,ISD_CamdenTown_CamdenTown4_CT413,ISD_CamdenTown_CamdenTown4_CT413,train,,0.1.0,datasets/ISD/data/clips.csv,f7e0644f21e751225d5c6ac08415123adc582bdeb3ce26597cff1080a063e500
mosaiq-benchmark-v0.1-candidate-20260716,mosaiq-benchmark,0.1.0-dev,iso_paq_regression,0.1.0,ISD,clip,ISD_CamdenTown_CamdenTown4_CT414,ISD_CamdenTown_CamdenTown4_CT414,train,,0.1.0,datasets/ISD/data/clips.csv,98b2cd73439bb7c6a5bc61856a2f9efc5d4d79e5f3741d83a137c5306bc41df9
mosaiq-benchmark-v0.1-candidate-20260716,mosaiq-benchmark,0.1.0-dev,iso_paq_regression,0.1.0,ISD,clip,ISD_CamdenTown_CamdenTown4_CT415,ISD_CamdenTown_CamdenTown4_CT415,train,,0.1.0,datasets/ISD/data/clips.csv,ba18926be809116726e5609941cb01a9df2a3cecf07396752845b2d46227299c
mosaiq-benchmark-v0.1-candidate-20260716,mosaiq-benchmark,0.1.0-dev,iso_paq_regression,0.1.0,ISD,clip,ISD_CampoPrincipe_CampoPrincipe1_CP0,ISD_CampoPrincipe_CampoPrincipe1_CP0,train,,0.1.0,datasets/ISD/data/clips.csv,6fde10a19274b537769d605ccad31fa2619aeb53ba38c7ee65fd55d647aed9a2
mosaiq-benchmark-v0.1-candidate-20260716,mosaiq-benchmark,0.1.0-dev,iso_paq_regression,0.1.0,ISD,clip,ISD_CampoPrincipe_CampoPrincipe1_CP00,ISD_CampoPrincipe_CampoPrincipe1_CP00,train,,0.1.0,datasets/ISD/data/clips.csv,b6d408736ec10d07b51a6c71adaeda68a03c4e544add45cfee123cf94d67106b
mosaiq-benchmark-v0.1-candidate-20260716,mosaiq-benchmark,0.1.0-dev,iso_paq_regression,0.1.0,ISD,clip,ISD_CampoPrincipe_CampoPrincipe1_CP1,ISD_CampoPrincipe_CampoPrincipe1_CP1,train,,0.1.0,datasets/ISD/data/clips.csv,5334d85afd42c446e8b2fca60a4a5c458a266ecebf7c7ad22ec25e5d52a470c0
mosaiq-benchmark-v0.1-candidate-20260716,mosaiq-benchmark,0.1.0-dev,iso_paq_regression,0.1.0,ISD,clip,ISD_CampoPrincipe_CampoPrincipe1_CP10,ISD_CampoPrincipe_CampoPrincipe1_CP10,train,,0.1.0,datasets/ISD/data/clips.csv,8728302d75a5d1aa842a53911ee370b721f43ba69e8b98ba790d1b65f958df9f
mosaiq-benchmark-v0.1-candidate-20260716,mosaiq-benchmark,0.1.0-dev,iso_paq_regression,0.1.0,ISD,clip,ISD_CampoPrincipe_CampoPrincipe1_CP11,ISD_CampoPrincipe_CampoPrincipe1_CP11,train,,0.1.0,datasets/ISD/data/clips.csv,47d6607b8546ce9aae21d186f9eb1b38557b9abeb8961235661c19cb310d6b8f
mosaiq-benchmark-v0.1-candidate-20260716,mosaiq-benchmark,0.1.0-dev,iso_paq_regression,0.1.0,ISD,clip,ISD_CampoPrincipe_CampoPrincipe1_CP12,ISD_CampoPrincipe_CampoPrincipe1_CP12,train,,0.1.0,datasets/ISD/data/clips.csv,06636aac70033ed756d981429ee753a75cdab5a6252eeb8ce054c58ed1ad234a
mosaiq-benchmark-v0.1-candidate-20260716,mosaiq-benchmark,0.1.0-dev,iso_paq_regression,0.1.0,ISD,clip,ISD_CampoPrincipe_CampoPrincipe1_CP13,ISD_CampoPrincipe_CampoPrincipe1_CP13,train,,0.1.0,datasets/ISD/data/clips.csv,d1518fa05d89bea949f8abc5d3e616849f421e424b9b1fe322a352f0235a74bb
mosaiq-benchmark-v0.1-candidate-20260716,mosaiq-benchmark,0.1.0-dev,iso_paq_regression,0.1.0,ISD,clip,ISD_CampoPrincipe_CampoPrincipe1_CP14,ISD_CampoPrincipe_CampoPrincipe1_CP14,train,,0.1.0,datasets/ISD/data/clips.csv,74cfd50d1931bdeae33b03c4939a50c69afbe6e1fc588db9df637b4b7cc4f34c
mosaiq-benchmark-v0.1-candidate-20260716,mosaiq-benchmark,0.1.0-dev,iso_paq_regression,0.1.0,ISD,clip,ISD_CampoPrincipe_CampoPrincipe1_CP15,ISD_CampoPrincipe_CampoPrincipe1_CP15,train,,0.1.0,datasets/ISD/data/clips.csv,fa0428467cb7d6f7fa5e28fb84c3d10f53e7758420486933d5f66aac50c01248
mosaiq-benchmark-v0.1-candidate-20260716,mosaiq-benchmark,0.1.0-dev,iso_paq_regression,0.1.0,ISD,clip,ISD_CampoPrincipe_CampoPrincipe1_CP16,ISD_CampoPrincipe_CampoPrincipe1_CP16,train,,0.1.0,datasets/ISD/data/clips.csv,a7d3d64b4bbe3e862b2a211d7fb50b22a7712c3edcf51281f07711d9f89cf06b
mosaiq-benchmark-v0.1-candidate-20260716,mosaiq-benchmark,0.1.0-dev,iso_paq_regression,0.1.0,ISD,clip,ISD_CampoPrincipe_CampoPrincipe1_CP17,ISD_CampoPrincipe_CampoPrincipe1_CP17,train,,0.1.0,datasets/ISD/data/clips.csv,8f2487320feaec58967c890a556f53772ac721ed2eeaee48fb2cd349cfc06ba2
mosaiq-benchmark-v0.1-candidate-20260716,mosaiq-benchmark,0.1.0-dev,iso_paq_regression,0.1.0,ISD,clip,ISD_CampoPrincipe_CampoPrincipe1_CP18,ISD_CampoPrincipe_CampoPrincipe1_CP18,train,,0.1.0,datasets/ISD/data/clips.csv,cf63687c69cce8d9e27c7b932dc909b2b0e55ae788cdcb9d4b7cd31fb06b3c74
mosaiq-benchmark-v0.1-candidate-20260716,mosaiq-benchmark,0.1.0-dev,iso_paq_regression,0.1.0,ISD,clip,ISD_CampoPrincipe_CampoPrincipe1_CP19,ISD_CampoPrincipe_CampoPrincipe1_CP19,train,,0.1.0,datasets/ISD/data/clips.csv,720f161d2518929e7ff44979807a73a3e60c1ae99dbd7e739ec0369552bedc86
mosaiq-benchmark-v0.1-candidate-20260716,mosaiq-benchmark,0.1.0-dev,iso_paq_regression,0.1.0,ISD,clip,ISD_CampoPrincipe_CampoPrincipe1_CP20,ISD_CampoPrincipe_CampoPrincipe1_CP20,train,,0.1.0,datasets/ISD/data/clips.csv,622bf7143417fd6914e9ab76936f016b1a0a74f3f9f6aabc8b89c7815acfdbd1
mosaiq-benchmark-v0.1-candidate-20260716,mosaiq-benchmark,0.1.0-dev,iso_paq_regression,0.1.0,ISD,clip,ISD_CampoPrincipe_CampoPrincipe1_CP21,ISD_CampoPrincipe_CampoPrincipe1_CP21,train,,0.1.0,datasets/ISD/data/clips.csv,0f26f85ec603136996cf7caf3bf8a0018768e9b059df72af844522e312367525
mosaiq-benchmark-v0.1-candidate-20260716,mosaiq-benchmark,0.1.0-dev,iso_paq_regression,0.1.0,ISD,clip,ISD_CampoPrincipe_CampoPrincipe1_CP22,ISD_CampoPrincipe_CampoPrincipe1_CP22,train,,0.1.0,datasets/ISD/data/clips.csv,3f4f910c8e137b0ca3c7b3f7ed47367d796885fc90432eb75722eb593f4f7017
mosaiq-benchmark-v0.1-candidate-20260716,mosaiq-benchmark,0.1.0-dev,iso_paq_regression,0.1.0,ISD,clip,ISD_CampoPrincipe_CampoPrincipe1_CP23,ISD_CampoPrincipe_CampoPrincipe1_CP23,train,,0.1.0,datasets/ISD/data/clips.csv,489cf1ca7ace88f947d63980081ed79bd44e4c5a367416281cddd2f8695d8c6a
mosaiq-benchmark-v0.1-candidate-20260716,mosaiq-benchmark,0.1.0-dev,iso_paq_regression,0.1.0,ISD,clip,ISD_CampoPrincipe_CampoPrincipe1_CP3,ISD_CampoPrincipe_CampoPrincipe1_CP3,train,,0.1.0,datasets/ISD/data/clips.csv,cf8fadaee3d92e27c53b417b7804515c0fb163de32e04f85c169f2e4a659a267
mosaiq-benchmark-v0.1-candidate-20260716,mosaiq-benchmark,0.1.0-dev,iso_paq_regression,0.1.0,ISD,clip,ISD_CampoPrincipe_CampoPrincipe1_CP4,ISD_CampoPrincipe_CampoPrincipe1_CP4,train,,0.1.0,datasets/ISD/data/clips.csv,3bcff9913bd75642c752c865d7b8729583a40486e9b9573d1504a3acf4f7faa5
mosaiq-benchmark-v0.1-candidate-20260716,mosaiq-benchmark,0.1.0-dev,iso_paq_regression,0.1.0,ISD,clip,ISD_CampoPrincipe_CampoPrincipe1_CP5,ISD_CampoPrincipe_CampoPrincipe1_CP5,train,,0.1.0,datasets/ISD/data/clips.csv,815abc1f32d4b595b0d5b4b26cc1a867bb6ff055042ba18807b3ebd29cd23a0d
mosaiq-benchmark-v0.1-candidate-20260716,mosaiq-benchmark,0.1.0-dev,iso_paq_regression,0.1.0,ISD,clip,ISD_CampoPrincipe_CampoPrincipe1_CP6,ISD_CampoPrincipe_CampoPrincipe1_CP6,train,,0.1.0,datasets/ISD/data/clips.csv,dd1332eea3f9081a36cf32266ad5d189014d719b9573128f522be4f247d3a3d7
mosaiq-benchmark-v0.1-candidate-20260716,mosaiq-benchmark,0.1.0-dev,iso_paq_regression,0.1.0,ISD,clip,ISD_CampoPrincipe_CampoPrincipe1_CP7,ISD_CampoPrincipe_CampoPrincipe1_CP7,train,,0.1.0,datasets/ISD/data/clips.csv,1832440f795d37bf2d9f53aa434335b35a82106b5462523abec4c01224968d53
mosaiq-benchmark-v0.1-candidate-20260716,mosaiq-benchmark,0.1.0-dev,iso_paq_regression,0.1.0,ISD,clip,ISD_CampoPrincipe_CampoPrincipe1_CP8,ISD_CampoPrincipe_CampoPrincipe1_CP8,train,,0.1.0,datasets/ISD/data/clips.csv,e1fe6d8d01bfc07b14dd85e2abfcc095d57d02d816c4bd4fba70475e760ea736
mosaiq-benchmark-v0.1-candidate-20260716,mosaiq-benchmark,0.1.0-dev,iso_paq_regression,0.1.0,ISD,clip,ISD_CampoPrincipe_CampoPrincipe1_CP9,ISD_CampoPrincipe_CampoPrincipe1_CP9,train,,0.1.0,datasets/ISD/data/clips.csv,9079b413ef1648e1e0619c497d61fe848ea536bd5cbffa695389cf01e2d2f1c8
mosaiq-benchmark-v0.1-candidate-20260716,mosaiq-benchmark,0.1.0-dev,iso_paq_regression,0.1.0,ISD,clip,ISD_CarloV_CarloV1_CV11,ISD_CarloV_CarloV1_CV11,train,,0.1.0,datasets/ISD/data/clips.csv,1f080ad51ae82b6c86ef3b022247fd28aac17befeb6c4af7509b5fee30f8ab47
mosaiq-benchmark-v0.1-candidate-20260716,mosaiq-benchmark,0.1.0-dev,iso_paq_regression,0.1.0,ISD,clip,ISD_CarloV_CarloV1_CV12,ISD_CarloV_CarloV1_CV12,train,,0.1.0,datasets/ISD/data/clips.csv,352a4eb85fcd2452bb7549a18674823ed47e782e43f1d61b2fd24a261447d078
mosaiq-benchmark-v0.1-candidate-20260716,mosaiq-benchmark,0.1.0-dev,iso_paq_regression,0.1.0,ISD,clip,ISD_CarloV_CarloV1_CV13,ISD_CarloV_CarloV1_CV13,train,,0.1.0,datasets/ISD/data/clips.csv,cf9415417e82d8cf1e88162166b0eafd24ab2f96830b120046f5b801449416d5
mosaiq-benchmark-v0.1-candidate-20260716,mosaiq-benchmark,0.1.0-dev,iso_paq_regression,0.1.0,ISD,clip,ISD_CarloV_CarloV1_CV14,ISD_CarloV_CarloV1_CV14,train,,0.1.0,datasets/ISD/data/clips.csv,43c562354c53ec8637b263fd06f355b7b504b2a03eebbee1aeae6a9506a74377
mosaiq-benchmark-v0.1-candidate-20260716,mosaiq-benchmark,0.1.0-dev,iso_paq_regression,0.1.0,ISD,clip,ISD_CarloV_CarloV1_CV15,ISD_CarloV_CarloV1_CV15,train,,0.1.0,datasets/ISD/data/clips.csv,eefe57669a2d91c86d68a0cc610b4c53bcbdcbf1c08c189338642db7534fdb4c
mosaiq-benchmark-v0.1-candidate-20260716,mosaiq-benchmark,0.1.0-dev,iso_paq_regression,0.1.0,ISD,clip,ISD_CarloV_CarloV1_CV16,ISD_CarloV_CarloV1_CV16,train,,0.1.0,datasets/ISD/data/clips.csv,b1fed0fc2f1b4c70109ec6bb5d69924062cd358ead86a99c6f33b77f3c68c8a4
mosaiq-benchmark-v0.1-candidate-20260716,mosaiq-benchmark,0.1.0-dev,iso_paq_regression,0.1.0,ISD,clip,ISD_CarloV_CarloV1_CV17,ISD_CarloV_CarloV1_CV17,train,,0.1.0,datasets/ISD/data/clips.csv,de7130920eeff2cc842692cfc67e4cbd747cc047f6d651bb69344e9b50b2ecc5
mosaiq-benchmark-v0.1-candidate-20260716,mosaiq-benchmark,0.1.0-dev,iso_paq_regression,0.1.0,ISD,clip,ISD_CarloV_CarloV1_CV21,ISD_CarloV_CarloV1_CV21,train,,0.1.0,datasets/ISD/data/clips.csv,ac930f8f1ab1f13de31998729df8c3a6abe98d196f0773a0414b7566adc6478d
mosaiq-benchmark-v0.1-candidate-20260716,mosaiq-benchmark,0.1.0-dev,iso_paq_regression,0.1.0,ISD,clip,ISD_CarloV_CarloV1_CV210,ISD_CarloV_CarloV1_CV210,train,,0.1.0,datasets/ISD/data/clips.csv,202942a69d51eafa0ca20c73ef9a1057fa36a35529bba5d526c71f60696fc6c4
mosaiq-benchmark-v0.1-candidate-20260716,mosaiq-benchmark,0.1.0-dev,iso_paq_regression,0.1.0,ISD,clip,ISD_CarloV_CarloV1_CV211,ISD_CarloV_CarloV1_CV211,train,,0.1.0,datasets/ISD/data/clips.csv,ac00ee2a925110e26e9c54a4e361c57fcb91fa6ddf7d1a0fbda139341f352a92
mosaiq-benchmark-v0.1-candidate-20260716,mosaiq-benchmark,0.1.0-dev,iso_paq_regression,0.1.0,ISD,clip,ISD_CarloV_CarloV1_CV212,ISD_CarloV_CarloV1_CV212,train,,0.1.0,datasets/ISD/data/clips.csv,04dffe0419b0d4f85fc60fbed6a45827e8980d0cb481eee10df074f0ee46a828
mosaiq-benchmark-v0.1-candidate-20260716,mosaiq-benchmark,0.1.0-dev,iso_paq_regression,0.1.0,ISD,clip,ISD_CarloV_CarloV1_CV214,ISD_CarloV_CarloV1_CV214,train,,0.1.0,datasets/ISD/data/clips.csv,2d1622cde2ff00bf01a9f9c2512b6a571d84b1585b8c5e1a9ecf7a505fed6dc9
mosaiq-benchmark-v0.1-candidate-20260716,mosaiq-benchmark,0.1.0-dev,iso_paq_regression,0.1.0,ISD,clip,ISD_CarloV_CarloV1_CV22,ISD_CarloV_CarloV1_CV22,train,,0.1.0,datasets/ISD/data/clips.csv,298bff8efd7b2b9b015e65267ae59ee2274b8b3ac13b9df06be58047aaf596b2
mosaiq-benchmark-v0.1-candidate-20260716,mosaiq-benchmark,0.1.0-dev,iso_paq_regression,0.1.0,ISD,clip,ISD_CarloV_CarloV1_CV23,ISD_CarloV_CarloV1_CV23,train,,0.1.0,datasets/ISD/data/clips.csv,e04e550bbb373753fbd52e8c80e99c6e1b07136a1955b13e38fadd2396d93bd8
mosaiq-benchmark-v0.1-candidate-20260716,mosaiq-benchmark,0.1.0-dev,iso_paq_regression,0.1.0,ISD,clip,ISD_CarloV_CarloV1_CV24,ISD_CarloV_CarloV1_CV24,train,,0.1.0,datasets/ISD/data/clips.csv,0d64257b3a61255a657e335b6cd46d997921a4767ffad4a7c4bc14d7dd60a812
mosaiq-benchmark-v0.1-candidate-20260716,mosaiq-benchmark,0.1.0-dev,iso_paq_regression,0.1.0,ISD,clip,ISD_CarloV_CarloV1_CV25,ISD_CarloV_CarloV1_CV25,train,,0.1.0,datasets/ISD/data/clips.csv,497be67fdb4f3385d538843e399c57e98ab2979431be9c0bffb314d6bf6a8c2e
mosaiq-benchmark-v0.1-candidate-20260716,mosaiq-benchmark,0.1.0-dev,iso_paq_regression,0.1.0,ISD,clip,ISD_CarloV_CarloV1_CV26,ISD_CarloV_CarloV1_CV26,train,,0.1.0,datasets/ISD/data/clips.csv,a58015d35d79a337e452581293f168c40f3f4a61cf96c943fdba4b0400723297
mosaiq-benchmark-v0.1-candidate-20260716,mosaiq-benchmark,0.1.0-dev,iso_paq_regression,0.1.0,ISD,clip,ISD_CarloV_CarloV1_CV27,ISD_CarloV_CarloV1_CV27,train,,0.1.0,datasets/ISD/data/clips.csv,76f11bb79a24538b7b6fe56d5e1e33becf7d135f7902498ce8fc858555c7109b
mosaiq-benchmark-v0.1-candidate-20260716,mosaiq-benchmark,0.1.0-dev,iso_paq_regression,0.1.0,ISD,clip,ISD_CarloV_CarloV1_CV28,ISD_CarloV_CarloV1_CV28,train,,0.1.0,datasets/ISD/data/clips.csv,6e5630920710cf63c27cc9bdfffbeb368e52786ad76ef7a18e57c8b3a22d6cc7
mosaiq-benchmark-v0.1-candidate-20260716,mosaiq-benchmark,0.1.0-dev,iso_paq_regression,0.1.0,ISD,clip,ISD_CarloV_CarloV1_CV29,ISD_CarloV_CarloV1_CV29,train,,0.1.0,datasets/ISD/data/clips.csv,bec19d76887dd950e697e71139bd74f39836c27696804bc0f36254ad31f4951c
mosaiq-benchmark-v0.1-candidate-20260716,mosaiq-benchmark,0.1.0-dev,iso_paq_regression,0.1.0,ISD,clip,ISD_CarloV_CarloV1_CV31,ISD_CarloV_CarloV1_CV31,train,,0.1.0,datasets/ISD/data/clips.csv,302db5a0ca2690cb37c08bbd4dea69569fc537137c202c97f7f15abe5f5f6721
mosaiq-benchmark-v0.1-candidate-20260716,mosaiq-benchmark,0.1.0-dev,iso_paq_regression,0.1.0,ISD,clip,ISD_CarloV_CarloV1_CV310,ISD_CarloV_CarloV1_CV310,train,,0.1.0,datasets/ISD/data/clips.csv,47db5afba3b99f7c39778fa6eddad730b07616dac0c50e20c4220999ac5a9abb
mosaiq-benchmark-v0.1-candidate-20260716,mosaiq-benchmark,0.1.0-dev,iso_paq_regression,0.1.0,ISD,clip,ISD_CarloV_CarloV1_CV32,ISD_CarloV_CarloV1_CV32,train,,0.1.0,datasets/ISD/data/clips.csv,a2b28992905b27b70ec75c6d1a0358aacdff5d487e645a99d67f42477bf40faa
mosaiq-benchmark-v0.1-candidate-20260716,mosaiq-benchmark,0.1.0-dev,iso_paq_regression,0.1.0,ISD,clip,ISD_CarloV_CarloV1_CV33,ISD_CarloV_CarloV1_CV33,train,,0.1.0,datasets/ISD/data/clips.csv,ab60ea20b238eeed29ef40fd3baf68fb4f44e6659fcb7f8c7b61516515fc1aea
mosaiq-benchmark-v0.1-candidate-20260716,mosaiq-benchmark,0.1.0-dev,iso_paq_regression,0.1.0,ISD,clip,ISD_CarloV_CarloV1_CV35,ISD_CarloV_CarloV1_CV35,train,,0.1.0,datasets/ISD/data/clips.csv,3b443d35054678285679ddb63a95314752182110e8f00df2af41c3cb279b8ecc
mosaiq-benchmark-v0.1-candidate-20260716,mosaiq-benchmark,0.1.0-dev,iso_paq_regression,0.1.0,ISD,clip,ISD_CarloV_CarloV1_CV37,ISD_CarloV_CarloV1_CV37,train,,0.1.0,datasets/ISD/data/clips.csv,b0a605417b5681435ed7226e422fd23e35f2494241055c65abeb1b54b30be915
mosaiq-benchmark-v0.1-candidate-20260716,mosaiq-benchmark,0.1.0-dev,iso_paq_regression,0.1.0,ISD,clip,ISD_CarloV_CarloV1_CV38,ISD_CarloV_CarloV1_CV38,train,,0.1.0,datasets/ISD/data/clips.csv,6335658be781fa51b3da3fe78102723e202f76c3efa680f42c1dee0d93527014
mosaiq-benchmark-v0.1-candidate-20260716,mosaiq-benchmark,0.1.0-dev,iso_paq_regression,0.1.0,ISD,clip,ISD_CarloV_CarloV1_CV39,ISD_CarloV_CarloV1_CV39,train,,0.1.0,datasets/ISD/data/clips.csv,631b2fc7b96db0c7c6caa6249ff771d22c360836f0c46705ca598253fe432ac6
mosaiq-benchmark-v0.1-candidate-20260716,mosaiq-benchmark,0.1.0-dev,iso_paq_regression,0.1.0,ISD,clip,ISD_CarloV_CarloV1_CV41,ISD_CarloV_CarloV1_CV41,train,,0.1.0,datasets/ISD/data/clips.csv,c3c12540eb098585bdcc6c277636ef6b93a23791943c462cddba2690890fee82
mosaiq-benchmark-v0.1-candidate-20260716,mosaiq-benchmark,0.1.0-dev,iso_paq_regression,0.1.0,ISD,clip,ISD_CarloV_CarloV1_CV42,ISD_CarloV_CarloV1_CV42,train,,0.1.0,datasets/ISD/data/clips.csv,77227857e86189a9678cfa3635fef6b9dcaa3a5c55be43a4d2a166d27c9614fe
mosaiq-benchmark-v0.1-candidate-20260716,mosaiq-benchmark,0.1.0-dev,iso_paq_regression,0.1.0,ISD,clip,ISD_CarloV_CarloV1_CV43,ISD_CarloV_CarloV1_CV43,train,,0.1.0,datasets/ISD/data/clips.csv,26761cc2a20486670d23d86ad37280b0e28b1a924e566e08c96c0e5c36e401d3
mosaiq-benchmark-v0.1-candidate-20260716,mosaiq-benchmark,0.1.0-dev,iso_paq_regression,0.1.0,ISD,clip,ISD_CarloV_CarloV1_CV45,ISD_CarloV_CarloV1_CV45,train,,0.1.0,datasets/ISD/data/clips.csv,9fe9b7d7c85c38c4b06f025663045dae3822b3b57f2fc32a6c1e754228d79c92
mosaiq-benchmark-v0.1-candidate-20260716,mosaiq-benchmark,0.1.0-dev,iso_paq_regression,0.1.0,ISD,clip,ISD_CarloV_CarloV2_2CV11,ISD_CarloV_CarloV2_2CV11,train,,0.1.0,datasets/ISD/data/clips.csv,87c033811a277e18d4d83672b20c15800cbf482ee3e36173f1f408366907306a
mosaiq-benchmark-v0.1-candidate-20260716,mosaiq-benchmark,0.1.0-dev,iso_paq_regression,0.1.0,ISD,clip,ISD_CarloV_CarloV2_2CV12,ISD_CarloV_CarloV2_2CV12,train,,0.1.0,datasets/ISD/data/clips.csv,8f965d4b1ec954c977f0eadc80c4f1921ab5f8c0d714abe1771bf082ffc6aeaf
mosaiq-benchmark-v0.1-candidate-20260716,mosaiq-benchmark,0.1.0-dev,iso_paq_regression,0.1.0,ISD,clip,ISD_CarloV_CarloV2_2CV13,ISD_CarloV_CarloV2_2CV13,train,,0.1.0,datasets/ISD/data/clips.csv,ae3b9ce38ad08f349a9ea13765d094565ec63748a961b92cd90209b03a308390
mosaiq-benchmark-v0.1-candidate-20260716,mosaiq-benchmark,0.1.0-dev,iso_paq_regression,0.1.0,ISD,clip,ISD_CarloV_CarloV2_2CV14,ISD_CarloV_CarloV2_2CV14,train,,0.1.0,datasets/ISD/data/clips.csv,00c2c3824cb0de24c275a5d36c94550e523e70bb73ecc960833073de39a2fee2
mosaiq-benchmark-v0.1-candidate-20260716,mosaiq-benchmark,0.1.0-dev,iso_paq_regression,0.1.0,ISD,clip,ISD_CarloV_CarloV2_2CV15,ISD_CarloV_CarloV2_2CV15,train,,0.1.0,datasets/ISD/data/clips.csv,efd9da99ff9e0d67025a3cad212f62a02a18565bb98308828187277a15597f63
mosaiq-benchmark-v0.1-candidate-20260716,mosaiq-benchmark,0.1.0-dev,iso_paq_regression,0.1.0,ISD,clip,ISD_CarloV_CarloV2_2CV22,ISD_CarloV_CarloV2_2CV22,train,,0.1.0,datasets/ISD/data/clips.csv,acc8a81ace5f5eaa1104b2b4c0e7491324387b65f6233b237b98876b319c5572
mosaiq-benchmark-v0.1-candidate-20260716,mosaiq-benchmark,0.1.0-dev,iso_paq_regression,0.1.0,ISD,clip,ISD_CarloV_CarloV2_2CV23,ISD_CarloV_CarloV2_2CV23,train,,0.1.0,datasets/ISD/data/clips.csv,2a794abdda29af927438f4c4b7b2a05cbb06712ba6910e63e9dc8072d0b0c7e3
mosaiq-benchmark-v0.1-candidate-20260716,mosaiq-benchmark,0.1.0-dev,iso_paq_regression,0.1.0,ISD,clip,ISD_CarloV_CarloV2_2CV24,ISD_CarloV_CarloV2_2CV24,train,,0.1.0,datasets/ISD/data/clips.csv,20d361df31acdd901e6c1eb38816aa0bef6c1b9e7d1cd46d9da5f855fba6f964
mosaiq-benchmark-v0.1-candidate-20260716,mosaiq-benchmark,0.1.0-dev,iso_paq_regression,0.1.0,ISD,clip,ISD_CarloV_CarloV2_2CV25,ISD_CarloV_CarloV2_2CV25,train,,0.1.0,datasets/ISD/data/clips.csv,f65b43ed699e91eae2b072249385cb250dedc5f34899c67536caafc833ac66b6
mosaiq-benchmark-v0.1-candidate-20260716,mosaiq-benchmark,0.1.0-dev,iso_paq_regression,0.1.0,ISD,clip,ISD_CarloV_CarloV2_2CV31,ISD_CarloV_CarloV2_2CV31,train,,0.1.0,datasets/ISD/data/clips.csv,53b1a06aca86a3118023238d80d85c93056eb0a95e25268396092fbeac2b8999
mosaiq-benchmark-v0.1-candidate-20260716,mosaiq-benchmark,0.1.0-dev,iso_paq_regression,0.1.0,ISD,clip,ISD_CarloV_CarloV2_2CV32,ISD_CarloV_CarloV2_2CV32,train,,0.1.0,datasets/ISD/data/clips.csv,1da15df1ce6b4d44d94f451a936ca0679d7a5b14bf2837d8794b8dd78cca07ed
mosaiq-benchmark-v0.1-candidate-20260716,mosaiq-benchmark,0.1.0-dev,iso_paq_regression,0.1.0,ISD,clip,ISD_CarloV_CarloV2_2CV33,ISD_CarloV_CarloV2_2CV33,train,,0.1.0,datasets/ISD/data/clips.csv,1ba33b208a64f3699457cfd2f91aa34e4ac9a22f58e6c39ec229e2a224931c60
mosaiq-benchmark-v0.1-candidate-20260716,mosaiq-benchmark,0.1.0-dev,iso_paq_regression,0.1.0,ISD,clip,ISD_CarloV_CarloV2_2CV34,ISD_CarloV_CarloV2_2CV34,train,,0.1.0,datasets/ISD/data/clips.csv,98fc065a18d9c7f3464d28c6484a2b6614bf92e1a5ceb7a245304b00728f8926
mosaiq-benchmark-v0.1-candidate-20260716,mosaiq-benchmark,0.1.0-dev,iso_paq_regression,0.1.0,ISD,clip,ISD_CarloV_CarloV2_2CV41,ISD_CarloV_CarloV2_2CV41,train,,0.1.0,datasets/ISD/data/clips.csv,320ea4f665c883cb07bc96bdb36d623bbacb71e3ff8e5e8a9e79f71415e4587b
mosaiq-benchmark-v0.1-candidate-20260716,mosaiq-benchmark,0.1.0-dev,iso_paq_regression,0.1.0,ISD,clip,ISD_CarloV_CarloV2_2CV51,ISD_CarloV_CarloV2_2CV51,train,,0.1.0,datasets/ISD/data/clips.csv,4211901b6c015e68d0c5fa58729744abba30c738c2d3a0f30942ffc1a1aca0d5
mosaiq-benchmark-v0.1-candidate-20260716,mosaiq-benchmark,0.1.0-dev,iso_paq_regression,0.1.0,ISD,clip,ISD_CarloV_CarloV2_2CV52,ISD_CarloV_CarloV2_2CV52,train,,0.1.0,datasets/ISD/data/clips.csv,7fc7e5d72cd758ff0329a1339cdda90ef3ad99aa5a91cbe8eeadb96817d52f6b
mosaiq-benchmark-v0.1-candidate-20260716,mosaiq-benchmark,0.1.0-dev,iso_paq_regression,0.1.0,ISD,clip,ISD_CarloV_CarloV2_2CV61,ISD_CarloV_CarloV2_2CV61,train,,0.1.0,datasets/ISD/data/clips.csv,4b739f298775691f15a6ee87a8a1fa79511996bb01402bc329fffe35f753864b
mosaiq-benchmark-v0.1-candidate-20260716,mosaiq-benchmark,0.1.0-dev,iso_paq_regression,0.1.0,ISD,clip,ISD_CarloV_CarloV2_2CV62,ISD_CarloV_CarloV2_2CV62,train,,0.1.0,datasets/ISD/data/clips.csv,ec113662ecf61d670a49394c06dbe99e5765fdcca2959f225951eaea24f8ac82
mosaiq-benchmark-v0.1-candidate-20260716,mosaiq-benchmark,0.1.0-dev,iso_paq_regression,0.1.0,ISD,clip,ISD_CarloV_CarloV2_2CV7,ISD_CarloV_CarloV2_2CV7,train,,0.1.0,datasets/ISD/data/clips.csv,93383a1e630e39595504a085c5123373bde6cea75a9f2428375ef22ae9db5949
mosaiq-benchmark-v0.1-candidate-20260716,mosaiq-benchmark,0.1.0-dev,iso_paq_regression,0.1.0,ISD,clip,ISD_DadongSquare_DadongSquare1_DSQ1001,ISD_DadongSquare_DadongSquare1_DSQ1001,train,,0.1.0,datasets/ISD/data/clips.csv,d30a9eece3237b42caee11f9ecd424afed2f7b3d4d44907da827cfffef9a8aeb
mosaiq-benchmark-v0.1-candidate-20260716,mosaiq-benchmark,0.1.0-dev,iso_paq_regression,0.1.0,ISD,clip,ISD_DadongSquare_DadongSquare1_DSQ1002,ISD_DadongSquare_DadongSquare1_DSQ1002,train,,0.1.0,datasets/ISD/data/clips.csv,db45e8163c47e08b531167a4648f746f3c4a0bc2f3677b69ab1c4b2a2a33880c
mosaiq-benchmark-v0.1-candidate-20260716,mosaiq-benchmark,0.1.0-dev,iso_paq_regression,0.1.0,ISD,clip,ISD_DadongSquare_DadongSquare1_DSQ1003,ISD_DadongSquare_DadongSquare1_DSQ1003,train,,0.1.0,datasets/ISD/data/clips.csv,f4f0ca559eb2fc75b607e46aafbfbcb1dfd8c8c6c424abb88f8ebd0a25fa83d6
mosaiq-benchmark-v0.1-candidate-20260716,mosaiq-benchmark,0.1.0-dev,iso_paq_regression,0.1.0,ISD,clip,ISD_DadongSquare_DadongSquare1_DSQ1004,ISD_DadongSquare_DadongSquare1_DSQ1004,train,,0.1.0,datasets/ISD/data/clips.csv,3117d013569746648678f1b92d3f11a6099874a1fe0422390ed59921d3b52ee7
mosaiq-benchmark-v0.1-candidate-20260716,mosaiq-benchmark,0.1.0-dev,iso_paq_regression,0.1.0,ISD,clip,ISD_DadongSquare_DadongSquare1_DSQ1005,ISD_DadongSquare_DadongSquare1_DSQ1005,train,,0.1.0,datasets/ISD/data/clips.csv,8e8386c1dd1f1bf7989cd7bb8c92d5988fe4e33eef1360452b02feb58030654a
mosaiq-benchmark-v0.1-candidate-20260716,mosaiq-benchmark,0.1.0-dev,iso_paq_regression,0.1.0,ISD,clip,ISD_DadongSquare_DadongSquare1_DSQ1006,ISD_DadongSquare_DadongSquare1_DSQ1006,train,,0.1.0,datasets/ISD/data/clips.csv,03bb562bead14e3bb93eab436ba1e98f281b2957f0940f4b0e78fa8f931533c5
mosaiq-benchmark-v0.1-candidate-20260716,mosaiq-benchmark,0.1.0-dev,iso_paq_regression,0.1.0,ISD,clip,ISD_DadongSquare_DadongSquare1_DSQ1007,ISD_DadongSquare_DadongSquare1_DSQ1007,train,,0.1.0,datasets/ISD/data/clips.csv,3380deaa54abd6751b2f137559adde4168d686caefda540c7f4e2619ecc8ea7b
mosaiq-benchmark-v0.1-candidate-20260716,mosaiq-benchmark,0.1.0-dev,iso_paq_regression,0.1.0,ISD,clip,ISD_DadongSquare_DadongSquare1_DSQ1008,ISD_DadongSquare_DadongSquare1_DSQ1008,train,,0.1.0,datasets/ISD/data/clips.csv,3242c10d36e9032a28061ef51e4c42b92a37e92a7b51acd648d0cab43293a2ad
mosaiq-benchmark-v0.1-candidate-20260716,mosaiq-benchmark,0.1.0-dev,iso_paq_regression,0.1.0,ISD,clip,ISD_DadongSquare_DadongSquare1_DSQ1009,ISD_DadongSquare_DadongSquare1_DSQ1009,train,,0.1.0,datasets/ISD/data/clips.csv,9121df8d6a025d92e59f315a8dec96f89efebac2992c54f02adb3296cc1bb3fe
mosaiq-benchmark-v0.1-candidate-20260716,mosaiq-benchmark,0.1.0-dev,iso_paq_regression,0.1.0,ISD,clip,ISD_DadongSquare_DadongSquare1_DSQ1010,ISD_DadongSquare_DadongSquare1_DSQ1010,train,,0.1.0,datasets/ISD/data/clips.csv,c665a05e8124195e9246423655b5f82630c8c345d0bfde481f468738bc8baf66
mosaiq-benchmark-v0.1-candidate-20260716,mosaiq-benchmark,0.1.0-dev,iso_paq_regression,0.1.0,ISD,clip,ISD_DadongSquare_DadongSquare1_DSQ1011,ISD_DadongSquare_DadongSquare1_DSQ1011,train,,0.1.0,datasets/ISD/data/clips.csv,1fdfc97e5d61ffa64c9306bcab0648d0f425927516880b70a827f65b141034f7
mosaiq-benchmark-v0.1-candidate-20260716,mosaiq-benchmark,0.1.0-dev,iso_paq_regression,0.1.0,ISD,clip,ISD_DadongSquare_DadongSquare1_DSQ1012,ISD_DadongSquare_DadongSquare1_DSQ1012,train,,0.1.0,datasets/ISD/data/clips.csv,96cfa86915505538a44de762c63c534a6782adaf4c0ceee74bc1420c33c130cb
mosaiq-benchmark-v0.1-candidate-20260716,mosaiq-benchmark,0.1.0-dev,iso_paq_regression,0.1.0,ISD,clip,ISD_DadongSquare_DadongSquare1_DSQ1013,ISD_DadongSquare_DadongSquare1_DSQ1013,train,,0.1.0,datasets/ISD/data/clips.csv,b13488007cc144748ea4d6ff48f60135d32111d9126e9e7b4ac56057366b7f39
mosaiq-benchmark-v0.1-candidate-20260716,mosaiq-benchmark,0.1.0-dev,iso_paq_regression,0.1.0,ISD,clip,ISD_DadongSquare_DadongSquare1_DSQ1014,ISD_DadongSquare_DadongSquare1_DSQ1014,train,,0.1.0,datasets/ISD/data/clips.csv,770b59eae36406189d663e99d2e080570b69ead4491fc2462d1b59c1249ff59f
mosaiq-benchmark-v0.1-candidate-20260716,mosaiq-benchmark,0.1.0-dev,iso_paq_regression,0.1.0,ISD,clip,ISD_DadongSquare_DadongSquare1_DSQ1015,ISD_DadongSquare_DadongSquare1_DSQ1015,train,,0.1.0,datasets/ISD/data/clips.csv,9d0ab328da47376ac39254be626e18f52adee222e6b5505617d8fce1ee390b76
mosaiq-benchmark-v0.1-candidate-20260716,mosaiq-benchmark,0.1.0-dev,iso_paq_regression,0.1.0,ISD,clip,ISD_DadongSquare_DadongSquare1_DSQ1016,ISD_DadongSquare_DadongSquare1_DSQ1016,train,,0.1.0,datasets/ISD/data/clips.csv,45aaa57fd6be151d71fd1a1876d773659af2ebb69587c4aa58664eac51d56284
mosaiq-benchmark-v0.1-candidate-20260716,mosaiq-benchmark,0.1.0-dev,iso_paq_regression,0.1.0,ISD,clip,ISD_DadongSquare_DadongSquare1_DSQ1017,ISD_DadongSquare_DadongSquare1_DSQ1017,train,,0.1.0,datasets/ISD/data/clips.csv,38e357decbe4cb9c4513cb5a61c7eea935c349a5fe61bf9273e078c99f3f6dab
mosaiq-benchmark-v0.1-candidate-20260716,mosaiq-benchmark,0.1.0-dev,iso_paq_regression,0.1.0,ISD,clip,ISD_DadongSquare_DadongSquare1_DSQ1018,ISD_DadongSquare_DadongSquare1_DSQ1018,train,,0.1.0,datasets/ISD/data/clips.csv,44f250d688ee783081223112c8247df127500d26317e3a5764a62cfc46478fa4
mosaiq-benchmark-v0.1-candidate-20260716,mosaiq-benchmark,0.1.0-dev,iso_paq_regression,0.1.0,ISD,clip,ISD_DadongSquare_DadongSquare1_DSQ1019,ISD_DadongSquare_DadongSquare1_DSQ1019,train,,0.1.0,datasets/ISD/data/clips.csv,90b5a32a714b7cf8cb43dccdd8c66d79e1a6cfe005745696b12177350f4e87ef
mosaiq-benchmark-v0.1-candidate-20260716,mosaiq-benchmark,0.1.0-dev,iso_paq_regression,0.1.0,ISD,clip,ISD_DadongSquare_DadongSquare1_DSQ1020,ISD_DadongSquare_DadongSquare1_DSQ1020,train,,0.1.0,datasets/ISD/data/clips.csv,c0938d82d50f32af58a2e8f4622ef05f9c17b5c4d272127fcb3cfd73abfb3751
mosaiq-benchmark-v0.1-candidate-20260716,mosaiq-benchmark,0.1.0-dev,iso_paq_regression,0.1.0,ISD,clip,ISD_DadongSquare_DadongSquare1_DSQ1021,ISD_DadongSquare_DadongSquare1_DSQ1021,train,,0.1.0,datasets/ISD/data/clips.csv,4670195e86f433bbbedd68c403794ff3dea909ddb05177f48fe8c95b7d376b18
mosaiq-benchmark-v0.1-candidate-20260716,mosaiq-benchmark,0.1.0-dev,iso_paq_regression,0.1.0,ISD,clip,ISD_DadongSquare_DadongSquare1_DSQ1022,ISD_DadongSquare_DadongSquare1_DSQ1022,train,,0.1.0,datasets/ISD/data/clips.csv,34892d96cc9ca679438e1acef9dccbc049c171c1ce289b131f48f132a6bf025e
mosaiq-benchmark-v0.1-candidate-20260716,mosaiq-benchmark,0.1.0-dev,iso_paq_regression,0.1.0,ISD,clip,ISD_DadongSquare_DadongSquare1_DSQ1023,ISD_DadongSquare_DadongSquare1_DSQ1023,train,,0.1.0,datasets/ISD/data/clips.csv,544dd7164978c793f910c463c4c0706f6e3ccf8c48259204ec0fe6840217850b
mosaiq-benchmark-v0.1-candidate-20260716,mosaiq-benchmark,0.1.0-dev,iso_paq_regression,0.1.0,ISD,clip,ISD_DadongSquare_DadongSquare1_DSQ1024,ISD_DadongSquare_DadongSquare1_DSQ1024,train,,0.1.0,datasets/ISD/data/clips.csv,f23cbed4cbcf22e331bd78a4f518ffb735ad6898f86822fa6eea6c07a59ada3c
mosaiq-benchmark-v0.1-candidate-20260716,mosaiq-benchmark,0.1.0-dev,iso_paq_regression,0.1.0,ISD,clip,ISD_DadongSquare_DadongSquare1_DSQ1025,ISD_DadongSquare_DadongSquare1_DSQ1025,train,,0.1.0,datasets/ISD/data/clips.csv,8c92f7fa00d8dd24fb8bb0b75054fac021e473f09d174a11ab2144b5d5a79f03
mosaiq-benchmark-v0.1-candidate-20260716,mosaiq-benchmark,0.1.0-dev,iso_paq_regression,0.1.0,ISD,clip,ISD_DadongSquare_DadongSquare1_DSQ1026,ISD_DadongSquare_DadongSquare1_DSQ1026,train,,0.1.0,datasets/ISD/data/clips.csv,fd5fa08c1dff8173f6c37d680e5238c2b79eefc5d4c20104691b79d047d590e3
mosaiq-benchmark-v0.1-candidate-20260716,mosaiq-benchmark,0.1.0-dev,iso_paq_regression,0.1.0,ISD,clip,ISD_DadongSquare_DadongSquare1_DSQ1027,ISD_DadongSquare_DadongSquare1_DSQ1027,train,,0.1.0,datasets/ISD/data/clips.csv,805e67fe67c4d6aefe3ff9e39d49dba3ef69b0f4b67924b782ad5a6d10a7423b
mosaiq-benchmark-v0.1-candidate-20260716,mosaiq-benchmark,0.1.0-dev,iso_paq_regression,0.1.0,ISD,clip,ISD_DadongSquare_DadongSquare1_DSQ1028,ISD_DadongSquare_DadongSquare1_DSQ1028,train,,0.1.0,datasets/ISD/data/clips.csv,d14f262ab40130ade3c05b9b778c0603cc6bc826c41e8ac980d937eeac9b5797
mosaiq-benchmark-v0.1-candidate-20260716,mosaiq-benchmark,0.1.0-dev,iso_paq_regression,0.1.0,ISD,clip,ISD_DadongSquare_DadongSquare1_DSQ1029,ISD_DadongSquare_DadongSquare1_DSQ1029,train,,0.1.0,datasets/ISD/data/clips.csv,1068842d7efc08e6ec04b43859b3185e1f99a6f33085f7a315e47e60ef06bd52
mosaiq-benchmark-v0.1-candidate-20260716,mosaiq-benchmark,0.1.0-dev,iso_paq_regression,0.1.0,ISD,clip,ISD_DadongSquare_DadongSquare1_DSQ1030,ISD_DadongSquare_DadongSquare1_DSQ1030,train,,0.1.0,datasets/ISD/data/clips.csv,55e7bd1274eefb839fd717895fac8a86799a40b560324f4f7d01859836ec4737
mosaiq-benchmark-v0.1-candidate-20260716,mosaiq-benchmark,0.1.0-dev,iso_paq_regression,0.1.0,ISD,clip,ISD_DadongSquare_DadongSquare1_DSQ1031,ISD_DadongSquare_DadongSquare1_DSQ1031,train,,0.1.0,datasets/ISD/data/clips.csv,74191a5e4b1593c261aa571afc6450ba5f8fb6d624b2b2aa72390d9cd5b90c50
mosaiq-benchmark-v0.1-candidate-20260716,mosaiq-benchmark,0.1.0-dev,iso_paq_regression,0.1.0,ISD,clip,ISD_DadongSquare_DadongSquare1_DSQ1032,ISD_DadongSquare_DadongSquare1_DSQ1032,train,,0.1.0,datasets/ISD/data/clips.csv,46fb0318a67016617831529e3259c9479a626735c6b3280815f67fae833d74f6
mosaiq-benchmark-v0.1-candidate-20260716,mosaiq-benchmark,0.1.0-dev,iso_paq_regression,0.1.0,ISD,clip,ISD_DadongSquare_DadongSquare2_DSQ2001,ISD_DadongSquare_DadongSquare2_DSQ2001,train,,0.1.0,datasets/ISD/data/clips.csv,c719f5da67ccc681518b91ac0c67fb8734bf9dc167df3936b0544d7fea9127b8
mosaiq-benchmark-v0.1-candidate-20260716,mosaiq-benchmark,0.1.0-dev,iso_paq_regression,0.1.0,ISD,clip,ISD_DadongSquare_DadongSquare2_DSQ2002,ISD_DadongSquare_DadongSquare2_DSQ2002,train,,0.1.0,datasets/ISD/data/clips.csv,fd14b74c4f13243eed46e81afa69feda5769d9577dc82e51462ea14e3ade3ae1
mosaiq-benchmark-v0.1-candidate-20260716,mosaiq-benchmark,0.1.0-dev,iso_paq_regression,0.1.0,ISD,clip,ISD_DadongSquare_DadongSquare2_DSQ2003,ISD_DadongSquare_DadongSquare2_DSQ2003,train,,0.1.0,datasets/ISD/data/clips.csv,c307d36a0b1e04fdb4d77cc36ddb364954a4465e23ad24683ceb4d172822d39a
mosaiq-benchmark-v0.1-candidate-20260716,mosaiq-benchmark,0.1.0-dev,iso_paq_regression,0.1.0,ISD,clip,ISD_DadongSquare_DadongSquare2_DSQ2004,ISD_DadongSquare_DadongSquare2_DSQ2004,train,,0.1.0,datasets/ISD/data/clips.csv,141202234d7ed8ab32777b2da74878aadeeb2e6bf762c1d107b2d3adb006d64a
mosaiq-benchmark-v0.1-candidate-20260716,mosaiq-benchmark,0.1.0-dev,iso_paq_regression,0.1.0,ISD,clip,ISD_DadongSquare_DadongSquare2_DSQ2005,ISD_DadongSquare_DadongSquare2_DSQ2005,train,,0.1.0,datasets/ISD/data/clips.csv,718e5f7686c234588f157e636d21d5dc147d3475919afec35b678e0963d30673
mosaiq-benchmark-v0.1-candidate-20260716,mosaiq-benchmark,0.1.0-dev,iso_paq_regression,0.1.0,ISD,clip,ISD_DadongSquare_DadongSquare2_DSQ2006,ISD_DadongSquare_DadongSquare2_DSQ2006,train,,0.1.0,datasets/ISD/data/clips.csv,cada9a32f2e06b2783f1c2c88e548fd063ca1aa8a984797444611061613b893b
mosaiq-benchmark-v0.1-candidate-20260716,mosaiq-benchmark,0.1.0-dev,iso_paq_regression,0.1.0,ISD,clip,ISD_DadongSquare_DadongSquare2_DSQ2007,ISD_DadongSquare_DadongSquare2_DSQ2007,train,,0.1.0,datasets/ISD/data/clips.csv,185dd432bb94982814a6207d404d6a0df89378cbdcdc89d77b09520725bd660f
mosaiq-benchmark-v0.1-candidate-20260716,mosaiq-benchmark,0.1.0-dev,iso_paq_regression,0.1.0,ISD,clip,ISD_DadongSquare_DadongSquare2_DSQ2008,ISD_DadongSquare_DadongSquare2_DSQ2008,train,,0.1.0,datasets/ISD/data/clips.csv,b4092946c91c0c66f2518c0eaf58fedb5c15fed95a223f163f1d958fd2792c31
mosaiq-benchmark-v0.1-candidate-20260716,mosaiq-benchmark,0.1.0-dev,iso_paq_regression,0.1.0,ISD,clip,ISD_DadongSquare_DadongSquare2_DSQ2009,ISD_DadongSquare_DadongSquare2_DSQ2009,train,,0.1.0,datasets/ISD/data/clips.csv,9224b8fc1f81dbb91ac74c92207a14310d9800d106ff89dfd813570fe66a6809
mosaiq-benchmark-v0.1-candidate-20260716,mosaiq-benchmark,0.1.0-dev,iso_paq_regression,0.1.0,ISD,clip,ISD_DadongSquare_DadongSquare2_DSQ2010,ISD_DadongSquare_DadongSquare2_DSQ2010,train,,0.1.0,datasets/ISD/data/clips.csv,2ca06cb46fc5a62c3b5ac2333e394468f88d6145f06665bf138b16466b3d9276
mosaiq-benchmark-v0.1-candidate-20260716,mosaiq-benchmark,0.1.0-dev,iso_paq_regression,0.1.0,ISD,clip,ISD_DadongSquare_DadongSquare2_DSQ2011,ISD_DadongSquare_DadongSquare2_DSQ2011,train,,0.1.0,datasets/ISD/data/clips.csv,2ee8bbfcf8b8567af8a31558ada4324e2891d330c194c85ffc7b7a6ee754e098
mosaiq-benchmark-v0.1-candidate-20260716,mosaiq-benchmark,0.1.0-dev,iso_paq_regression,0.1.0,ISD,clip,ISD_DadongSquare_DadongSquare2_DSQ2012,ISD_DadongSquare_DadongSquare2_DSQ2012,train,,0.1.0,datasets/ISD/data/clips.csv,a5ddc725ab95597408da2066734d57b6f9471c7f02b151b73f1df2a1a89ef336
mosaiq-benchmark-v0.1-candidate-20260716,mosaiq-benchmark,0.1.0-dev,iso_paq_regression,0.1.0,ISD,clip,ISD_DadongSquare_DadongSquare2_DSQ2013,ISD_DadongSquare_DadongSquare2_DSQ2013,train,,0.1.0,datasets/ISD/data/clips.csv,f49a26f38a5dc6a328a0c60720bf172b3d7610b970e98e4106329384a8c6479c
mosaiq-benchmark-v0.1-candidate-20260716,mosaiq-benchmark,0.1.0-dev,iso_paq_regression,0.1.0,ISD,clip,ISD_DadongSquare_DadongSquare2_DSQ2014,ISD_DadongSquare_DadongSquare2_DSQ2014,train,,0.1.0,datasets/ISD/data/clips.csv,5e48b444968e9ddfc12aadbd4439ac0945e93b2136aab394f703de57d0d94d6e
mosaiq-benchmark-v0.1-candidate-20260716,mosaiq-benchmark,0.1.0-dev,iso_paq_regression,0.1.0,ISD,clip,ISD_DadongSquare_DadongSquare2_DSQ2015,ISD_DadongSquare_DadongSquare2_DSQ2015,train,,0.1.0,datasets/ISD/data/clips.csv,e04384a713451c9b16fd0ffe62dfb75dbe91486407dccb5430149a7f7b87d816
mosaiq-benchmark-v0.1-candidate-20260716,mosaiq-benchmark,0.1.0-dev,iso_paq_regression,0.1.0,ISD,clip,ISD_DadongSquare_DadongSquare2_DSQ2016,ISD_DadongSquare_DadongSquare2_DSQ2016,train,,0.1.0,datasets/ISD/data/clips.csv,c40a1ca6d84776f0b71ac100a6a7305e391d56cf309f42a6c86a1e7db1966b6b
mosaiq-benchmark-v0.1-candidate-20260716,mosaiq-benchmark,0.1.0-dev,iso_paq_regression,0.1.0,ISD,clip,ISD_DadongSquare_DadongSquare2_DSQ2017,ISD_DadongSquare_DadongSquare2_DSQ2017,train,,0.1.0,datasets/ISD/data/clips.csv,e7f251d4c18b59be087ce16e92187cfbb0fff2f239d83dfdf31b6ba842635a2a
mosaiq-benchmark-v0.1-candidate-20260716,mosaiq-benchmark,0.1.0-dev,iso_paq_regression,0.1.0,ISD,clip,ISD_DadongSquare_DadongSquare2_DSQ2018,ISD_DadongSquare_DadongSquare2_DSQ2018,train,,0.1.0,datasets/ISD/data/clips.csv,0bf2e7db71c7b9b0976e504620c52550f32d88212ca92432f0ec1067c4598742
mosaiq-benchmark-v0.1-candidate-20260716,mosaiq-benchmark,0.1.0-dev,iso_paq_regression,0.1.0,ISD,clip,ISD_DadongSquare_DadongSquare2_DSQ2019,ISD_DadongSquare_DadongSquare2_DSQ2019,train,,0.1.0,datasets/ISD/data/clips.csv,442bc25fa656fcb3a946f858cb493f85fac496e0d675cb4ffbf2b8f7d14270a7
mosaiq-benchmark-v0.1-candidate-20260716,mosaiq-benchmark,0.1.0-dev,iso_paq_regression,0.1.0,ISD,clip,ISD_DadongSquare_DadongSquare2_DSQ2020,ISD_DadongSquare_DadongSquare2_DSQ2020,train,,0.1.0,datasets/ISD/data/clips.csv,b840eedb9d870a785593e479f4c2ce15c544ba39817cdd5a11c9316b84a24be3
mosaiq-benchmark-v0.1-candidate-20260716,mosaiq-benchmark,0.1.0-dev,iso_paq_regression,0.1.0,ISD,clip,ISD_DadongSquare_DadongSquare2_DSQ2021,ISD_DadongSquare_DadongSquare2_DSQ2021,train,,0.1.0,datasets/ISD/data/clips.csv,2bbdfc5908163d14f0e4ac4b44c62d20f1f44192b4a3b26cad3e747268b1d757
mosaiq-benchmark-v0.1-candidate-20260716,mosaiq-benchmark,0.1.0-dev,iso_paq_regression,0.1.0,ISD,clip,ISD_DadongSquare_DadongSquare2_DSQ2022,ISD_DadongSquare_DadongSquare2_DSQ2022,train,,0.1.0,datasets/ISD/data/clips.csv,7b301fc0ccd4c1a4bc266b86355dbe54c5228a2e36d6ddfc98e9fc6ac0dba1c3
mosaiq-benchmark-v0.1-candidate-20260716,mosaiq-benchmark,0.1.0-dev,iso_paq_regression,0.1.0,ISD,clip,ISD_DadongSquare_DadongSquare2_DSQ2023,ISD_DadongSquare_DadongSquare2_DSQ2023,train,,0.1.0,datasets/ISD/data/clips.csv,4fee380f21b397320a2ba471458c503c4322d6aaad71ed0d6ca8b29b0496fff3
mosaiq-benchmark-v0.1-candidate-20260716,mosaiq-benchmark,0.1.0-dev,iso_paq_regression,0.1.0,ISD,clip,ISD_DadongSquare_DadongSquare2_DSQ2024,ISD_DadongSquare_DadongSquare2_DSQ2024,train,,0.1.0,datasets/ISD/data/clips.csv,2c31f4eb72ca379a050a0695f4b6abe697dfb3453938336d669ccaeb88388ee6
mosaiq-benchmark-v0.1-candidate-20260716,mosaiq-benchmark,0.1.0-dev,iso_paq_regression,0.1.0,ISD,clip,ISD_DadongSquare_DadongSquare2_DSQ2025,ISD_DadongSquare_DadongSquare2_DSQ2025,train,,0.1.0,datasets/ISD/data/clips.csv,dc6e11f910b0b312fed0a589e5ee468766b9a77e6dd582e1f7404f6e3d685090
mosaiq-benchmark-v0.1-candidate-20260716,mosaiq-benchmark,0.1.0-dev,iso_paq_regression,0.1.0,ISD,clip,ISD_DadongSquare_DadongSquare2_DSQ2026,ISD_DadongSquare_DadongSquare2_DSQ2026,train,,0.1.0,datasets/ISD/data/clips.csv,b4eac55a0f24fb0645afcfd55db6dea3deb7f2dc4b17d45164ea5464c12bd7ef
mosaiq-benchmark-v0.1-candidate-20260716,mosaiq-benchmark,0.1.0-dev,iso_paq_regression,0.1.0,ISD,clip,ISD_DadongSquare_DadongSquare2_DSQ2027,ISD_DadongSquare_DadongSquare2_DSQ2027,train,,0.1.0,datasets/ISD/data/clips.csv,bb2b4ef73861df1f5c4f5d9d8de4ebee5ab8a134146eea725ca26fac1ed21db8
mosaiq-benchmark-v0.1-candidate-20260716,mosaiq-benchmark,0.1.0-dev,iso_paq_regression,0.1.0,ISD,clip,ISD_DadongSquare_DadongSquare2_DSQ2028,ISD_DadongSquare_DadongSquare2_DSQ2028,train,,0.1.0,datasets/ISD/data/clips.csv,59c90c915506c6a3956b68eafd9e55c73c7a8442d7d263c00a8b5d1abf2c1bed
mosaiq-benchmark-v0.1-candidate-20260716,mosaiq-benchmark,0.1.0-dev,iso_paq_regression,0.1.0,ISD,clip,ISD_DadongSquare_DadongSquare2_DSQ2029,ISD_DadongSquare_DadongSquare2_DSQ2029,train,,0.1.0,datasets/ISD/data/clips.csv,178d052bca49b4cd72e194195033b5a1c37afce989a469cbb03791ddbd4e0237
mosaiq-benchmark-v0.1-candidate-20260716,mosaiq-benchmark,0.1.0-dev,iso_paq_regression,0.1.0,ISD,clip,ISD_DadongSquare_DadongSquare2_DSQ2030,ISD_DadongSquare_DadongSquare2_DSQ2030,train,,0.1.0,datasets/ISD/data/clips.csv,01da9016d1f74cdee410bdd2661e1d423ecf6365e941b3bcf5015fb9e2838dbb
mosaiq-benchmark-v0.1-candidate-20260716,mosaiq-benchmark,0.1.0-dev,iso_paq_regression,0.1.0,ISD,clip,ISD_DadongSquare_DadongSquare2_DSQ2031,ISD_DadongSquare_DadongSquare2_DSQ2031,train,,0.1.0,datasets/ISD/data/clips.csv,578c66f0ead6612e16e3fed3c1bfe49071926ef758fdaa3ff5cec7578c40bc23
mosaiq-benchmark-v0.1-candidate-20260716,mosaiq-benchmark,0.1.0-dev,iso_paq_regression,0.1.0,ISD,clip,ISD_DadongSquare_DadongSquare2_DSQ2032,ISD_DadongSquare_DadongSquare2_DSQ2032,train,,0.1.0,datasets/ISD/data/clips.csv,8cf0835229898c1e21464eaaedb14f2f36c466d3dcc556963340118b0508602f
mosaiq-benchmark-v0.1-candidate-20260716,mosaiq-benchmark,0.1.0-dev,iso_paq_regression,0.1.0,ISD,clip,ISD_DadongSquare_DadongSquare2_DSQ2033,ISD_DadongSquare_DadongSquare2_DSQ2033,train,,0.1.0,datasets/ISD/data/clips.csv,97b8c6b78ceef8f0a9c4688a65d3a1f332e39370c5840e297dd4d0020b29f2a7
mosaiq-benchmark-v0.1-candidate-20260716,mosaiq-benchmark,0.1.0-dev,iso_paq_regression,0.1.0,ISD,clip,ISD_DadongSquare_DadongSquare2_DSQ2034,ISD_DadongSquare_DadongSquare2_DSQ2034,train,,0.1.0,datasets/ISD/data/clips.csv,28e71d8e349b135c984f510369ce49da9a82e8e605a9f656cd454b0a9eb73bb4
mosaiq-benchmark-v0.1-candidate-20260716,mosaiq-benchmark,0.1.0-dev,iso_paq_regression,0.1.0,ISD,clip,ISD_DadongSquare_DadongSquare2_DSQ2035,ISD_DadongSquare_DadongSquare2_DSQ2035,train,,0.1.0,datasets/ISD/data/clips.csv,6ff9bbf855e656697bd3b54747f0eadc0089e8f65fca3d4feec4fefb995eca07
mosaiq-benchmark-v0.1-candidate-20260716,mosaiq-benchmark,0.1.0-dev,iso_paq_regression,0.1.0,ISD,clip,ISD_DadongSquare_DadongSquare2_DSQ2036,ISD_DadongSquare_DadongSquare2_DSQ2036,train,,0.1.0,datasets/ISD/data/clips.csv,ca2ce5681849b0f6f6c48b991e9cd909572040dac57e850f225deba2e3102596
mosaiq-benchmark-v0.1-candidate-20260716,mosaiq-benchmark,0.1.0-dev,iso_paq_regression,0.1.0,ISD,clip,ISD_DadongSquare_DadongSquare2_DSQ2037,ISD_DadongSquare_DadongSquare2_DSQ2037,train,,0.1.0,datasets/ISD/data/clips.csv,bb8f99a9a8bff2c484b275a6140dd7f3582fcb889f839e10336f12a5c142c170
mosaiq-benchmark-v0.1-candidate-20260716,mosaiq-benchmark,0.1.0-dev,iso_paq_regression,0.1.0,ISD,clip,ISD_DadongSquare_DadongSquare2_DSQ2038,ISD_DadongSquare_DadongSquare2_DSQ2038,train,,0.1.0,datasets/ISD/data/clips.csv,a0c50abb276a3a71121f0da7f0615cababe7c6214c4f4abfa1ee511c05bf5e72
mosaiq-benchmark-v0.1-candidate-20260716,mosaiq-benchmark,0.1.0-dev,iso_paq_regression,0.1.0,ISD,clip,ISD_DadongSquare_DadongSquare2_DSQ2039,ISD_DadongSquare_DadongSquare2_DSQ2039,train,,0.1.0,datasets/ISD/data/clips.csv,d75c36b1108b52642af153d565b17150d8f2f551651fc3b8069d7dc47ad86ae2
mosaiq-benchmark-v0.1-candidate-20260716,mosaiq-benchmark,0.1.0-dev,iso_paq_regression,0.1.0,ISD,clip,ISD_DadongSquare_DadongSquare2_DSQ2040,ISD_DadongSquare_DadongSquare2_DSQ2040,train,,0.1.0,datasets/ISD/data/clips.csv,088c5c35fc58059779178f5e93e5689c6e51533a436f45aaa4c46fb865a492a5
mosaiq-benchmark-v0.1-candidate-20260716,mosaiq-benchmark,0.1.0-dev,iso_paq_regression,0.1.0,ISD,clip,ISD_DadongSquare_DadongSquare2_DSQ2041,ISD_DadongSquare_DadongSquare2_DSQ2041,train,,0.1.0,datasets/ISD/data/clips.csv,2ff2e659626e4e00be2686179a71d86f469b78261cc691a0c9f0024d61839494
mosaiq-benchmark-v0.1-candidate-20260716,mosaiq-benchmark,0.1.0-dev,iso_paq_regression,0.1.0,ISD,clip,ISD_DadongSquare_DadongSquare2_DSQ2042,ISD_DadongSquare_DadongSquare2_DSQ2042,train,,0.1.0,datasets/ISD/data/clips.csv,2d179f31c686963dc06fc5b33f2684ea3270a3bd29e1b9263b01819db3c1683a
mosaiq-benchmark-v0.1-candidate-20260716,mosaiq-benchmark,0.1.0-dev,iso_paq_regression,0.1.0,ISD,clip,ISD_DadongSquare_DadongSquare2_DSQ2043,ISD_DadongSquare_DadongSquare2_DSQ2043,train,,0.1.0,datasets/ISD/data/clips.csv,6fbf625d0bd84a494fb31124c26f0226b25d294419279169ab6368591ac653fe
mosaiq-benchmark-v0.1-candidate-20260716,mosaiq-benchmark,0.1.0-dev,iso_paq_regression,0.1.0,ISD,clip,ISD_DadongSquare_DadongSquare2_DSQ2044,ISD_DadongSquare_DadongSquare2_DSQ2044,train,,0.1.0,datasets/ISD/data/clips.csv,b9eff72bbeb9b760c2107a5729c147d421c53b66cd2e2fbef473502bfaf66fbb
mosaiq-benchmark-v0.1-candidate-20260716,mosaiq-benchmark,0.1.0-dev,iso_paq_regression,0.1.0,ISD,clip,ISD_DadongSquare_DadongSquare2_DSQ2045,ISD_DadongSquare_DadongSquare2_DSQ2045,train,,0.1.0,datasets/ISD/data/clips.csv,ed9f5fe36c818bae77ad032be137a5dec8523815d3d9e6c37b88ed3b768235f2
mosaiq-benchmark-v0.1-candidate-20260716,mosaiq-benchmark,0.1.0-dev,iso_paq_regression,0.1.0,ISD,clip,ISD_DadongSquare_DadongSquare2_DSQ2046,ISD_DadongSquare_DadongSquare2_DSQ2046,train,,0.1.0,datasets/ISD/data/clips.csv,4b49aad613ff638568b6fe2b0f3aa242c17f9267ad9e3c20b0c353041bafe30f
mosaiq-benchmark-v0.1-candidate-20260716,mosaiq-benchmark,0.1.0-dev,iso_paq_regression,0.1.0,ISD,clip,ISD_DadongSquare_DadongSquare2_DSQ2047,ISD_DadongSquare_DadongSquare2_DSQ2047,train,,0.1.0,datasets/ISD/data/clips.csv,2ead65f5e8c3ac6b3391e00785c4857c0a72cdfbfe37b1c93921a4ed7e755ce1
mosaiq-benchmark-v0.1-candidate-20260716,mosaiq-benchmark,0.1.0-dev,iso_paq_regression,0.1.0,ISD,clip,ISD_DadongSquare_DadongSquare2_DSQ2048,ISD_DadongSquare_DadongSquare2_DSQ2048,train,,0.1.0,datasets/ISD/data/clips.csv,e7c55c9f2924d8f990c831fff8e6be7f65f07d7665f0ac528aa85e35e6a8c935
mosaiq-benchmark-v0.1-candidate-20260716,mosaiq-benchmark,0.1.0-dev,iso_paq_regression,0.1.0,ISD,clip,ISD_DadongSquare_DadongSquare2_DSQ2049,ISD_DadongSquare_DadongSquare2_DSQ2049,train,,0.1.0,datasets/ISD/data/clips.csv,692208b889384031492cc610307ae63e30c4c82c78868391c3d6cd5efa2cda73
mosaiq-benchmark-v0.1-candidate-20260716,mosaiq-benchmark,0.1.0-dev,iso_paq_regression,0.1.0,ISD,clip,ISD_DadongSquare_DadongSquare2_DSQ2050,ISD_DadongSquare_DadongSquare2_DSQ2050,train,,0.1.0,datasets/ISD/data/clips.csv,ddfc24f369db3c55f6281fdae3a89ed45c0ec31e66c2322970d49e76909695d6
mosaiq-benchmark-v0.1-candidate-20260716,mosaiq-benchmark,0.1.0-dev,iso_paq_regression,0.1.0,ISD,clip,ISD_DadongSquare_DadongSquare2_DSQ2051,ISD_DadongSquare_DadongSquare2_DSQ2051,train,,0.1.0,datasets/ISD/data/clips.csv,af22933e8e73dc501f2e348db45381e967df1da3126cd60d624fc72e041b00f5
mosaiq-benchmark-v0.1-candidate-20260716,mosaiq-benchmark,0.1.0-dev,iso_paq_regression,0.1.0,ISD,clip,ISD_DadongSquare_DadongSquare2_DSQ2052,ISD_DadongSquare_DadongSquare2_DSQ2052,train,,0.1.0,datasets/ISD/data/clips.csv,cd412a1b7c2c6f83b5834cce265214e6de6293cc128a09ce5462b51ce83be11c
mosaiq-benchmark-v0.1-candidate-20260716,mosaiq-benchmark,0.1.0-dev,iso_paq_regression,0.1.0,ISD,clip,ISD_DadongSquare_DadongSquare2_DSQ2053,ISD_DadongSquare_DadongSquare2_DSQ2053,train,,0.1.0,datasets/ISD/data/clips.csv,0ae5be52498be5b2c1623a3ff4d432c483e52416415405e425c41a0c15ab4af7
mosaiq-benchmark-v0.1-candidate-20260716,mosaiq-benchmark,0.1.0-dev,iso_paq_regression,0.1.0,ISD,clip,ISD_DadongSquare_DadongSquare2_DSQ2054,ISD_DadongSquare_DadongSquare2_DSQ2054,train,,0.1.0,datasets/ISD/data/clips.csv,67a6b0d2f0d1e21923cfa50aa641ed10de15d7700f9bebd499c083ea80eb8073
mosaiq-benchmark-v0.1-candidate-20260716,mosaiq-benchmark,0.1.0-dev,iso_paq_regression,0.1.0,ISD,clip,ISD_DadongSquare_DadongSquare2_DSQ2055,ISD_DadongSquare_DadongSquare2_DSQ2055,train,,0.1.0,datasets/ISD/data/clips.csv,27e368bc0746b02d3eda203519e89083f00b409ce4298cdb6500a5a1a0d28f66
mosaiq-benchmark-v0.1-candidate-20260716,mosaiq-benchmark,0.1.0-dev,iso_paq_regression,0.1.0,ISD,clip,ISD_DadongSquare_DadongSquare2_DSQ2056,ISD_DadongSquare_DadongSquare2_DSQ2056,train,,0.1.0,datasets/ISD/data/clips.csv,46f5d074397e8397280cda0c40e8e23b82648895f8edc2ea9d21a23749b86ff4
mosaiq-benchmark-v0.1-candidate-20260716,mosaiq-benchmark,0.1.0-dev,iso_paq_regression,0.1.0,ISD,clip,ISD_DadongSquare_DadongSquare2_DSQ2057,ISD_DadongSquare_DadongSquare2_DSQ2057,train,,0.1.0,datasets/ISD/data/clips.csv,3909275d7cc0fae08b208384f5abd6f93841f99114560a61ccfee99dd3cd6198
mosaiq-benchmark-v0.1-candidate-20260716,mosaiq-benchmark,0.1.0-dev,iso_paq_regression,0.1.0,ISD,clip,ISD_DadongSquare_DadongSquare2_DSQ2058,ISD_DadongSquare_DadongSquare2_DSQ2058,train,,0.1.0,datasets/ISD/data/clips.csv,ecdbe27fd76309f385cea97446f7a7c54335b1f4aa4759e7f8d1728009e1a86a
mosaiq-benchmark-v0.1-candidate-20260716,mosaiq-benchmark,0.1.0-dev,iso_paq_regression,0.1.0,ISD,clip,ISD_DadongSquare_DadongSquare2_DSQ2059,ISD_DadongSquare_DadongSquare2_DSQ2059,train,,0.1.0,datasets/ISD/data/clips.csv,600cb5c5a586541f4d5a5e800c735cd5d076bf63e98b5559272227127d98c241
mosaiq-benchmark-v0.1-candidate-20260716,mosaiq-benchmark,0.1.0-dev,iso_paq_regression,0.1.0,ISD,clip,ISD_DadongSquare_DadongSquare2_DSQ2060,ISD_DadongSquare_DadongSquare2_DSQ2060,train,,0.1.0,datasets/ISD/data/clips.csv,8c9af6376209ae3329aa3bf57cff0e73e1ed5d0605dc5fa656649ef0219504ed
mosaiq-benchmark-v0.1-candidate-20260716,mosaiq-benchmark,0.1.0-dev,iso_paq_regression,0.1.0,ISD,clip,ISD_DadongSquare_DadongSquare2_DSQ2061,ISD_DadongSquare_DadongSquare2_DSQ2061,train,,0.1.0,datasets/ISD/data/clips.csv,7ce08f162232a359f8b3425a7e25e8cb64886a770e4a2df0fee076ab2ad2a7ae
mosaiq-benchmark-v0.1-candidate-20260716,mosaiq-benchmark,0.1.0-dev,iso_paq_regression,0.1.0,ISD,clip,ISD_DadongSquare_DadongSquare2_DSQ2062,ISD_DadongSquare_DadongSquare2_DSQ2062,train,,0.1.0,datasets/ISD/data/clips.csv,f3140afbed25dca3e02a022949684334e690f0df149445984380605b0297fe01
mosaiq-benchmark-v0.1-candidate-20260716,mosaiq-benchmark,0.1.0-dev,iso_paq_regression,0.1.0,ISD,clip,ISD_DadongSquare_DadongSquare2_DSQ2063,ISD_DadongSquare_DadongSquare2_DSQ2063,train,,0.1.0,datasets/ISD/data/clips.csv,1506ffcb892fbc2fb2dd577e0943192b55b3397b30be818c374d8470b091af30
mosaiq-benchmark-v0.1-candidate-20260716,mosaiq-benchmark,0.1.0-dev,iso_paq_regression,0.1.0,ISD,clip,ISD_DadongSquare_DadongSquare2_DSQ2064,ISD_DadongSquare_DadongSquare2_DSQ2064,train,,0.1.0,datasets/ISD/data/clips.csv,d0d7426ab68c6217255411ff6fd37eeefd6d1fc9f3cdff0901598bd766b598fe
mosaiq-benchmark-v0.1-candidate-20260716,mosaiq-benchmark,0.1.0-dev,iso_paq_regression,0.1.0,ISD,clip,ISD_DadongSquare_DadongSquare2_DSQ2065,ISD_DadongSquare_DadongSquare2_DSQ2065,train,,0.1.0,datasets/ISD/data/clips.csv,58d004f274d85197c8a71490879b3e73ab9b93929b165172c84ec11d7fb487f7
mosaiq-benchmark-v0.1-candidate-20260716,mosaiq-benchmark,0.1.0-dev,iso_paq_regression,0.1.0,ISD,clip,ISD_DadongSquare_DadongSquare2_DSQ2066,ISD_DadongSquare_DadongSquare2_DSQ2066,train,,0.1.0,datasets/ISD/data/clips.csv,4fb29a606364f5b4af9aa61989f0749b6fac3ecdb6f41bc556832842eef919f5
mosaiq-benchmark-v0.1-candidate-20260716,mosaiq-benchmark,0.1.0-dev,iso_paq_regression,0.1.0,ISD,clip,ISD_DadongSquare_DadongSquare2_DSQ2067,ISD_DadongSquare_DadongSquare2_DSQ2067,train,,0.1.0,datasets/ISD/data/clips.csv,c05afe11a1eb3c8f498717b1fee584e769d9f883ede741b0744faa0bd71fa188
mosaiq-benchmark-v0.1-candidate-20260716,mosaiq-benchmark,0.1.0-dev,iso_paq_regression,0.1.0,ISD,clip,ISD_DadongSquare_DadongSquare2_DSQ2068,ISD_DadongSquare_DadongSquare2_DSQ2068,train,,0.1.0,datasets/ISD/data/clips.csv,1d7e99cefc063579ccc1363d80a3c2a22372a5f3ff5e9ebce45f3af43340ad71
mosaiq-benchmark-v0.1-candidate-20260716,mosaiq-benchmark,0.1.0-dev,iso_paq_regression,0.1.0,ISD,clip,ISD_DadongSquare_DadongSquare2_DSQ2069,ISD_DadongSquare_DadongSquare2_DSQ2069,train,,0.1.0,datasets/ISD/data/clips.csv,c9f679b77b88a26065f51f9ced630106e2740d4c78d2965bb609a4dd9939e5e4
mosaiq-benchmark-v0.1-candidate-20260716,mosaiq-benchmark,0.1.0-dev,iso_paq_regression,0.1.0,ISD,clip,ISD_DadongSquare_DadongSquare2_DSQ2070,ISD_DadongSquare_DadongSquare2_DSQ2070,train,,0.1.0,datasets/ISD/data/clips.csv,cad2a1613332618bbc70373c5188ab67e8c9acc2fbb9a6834d83fa17acf9b15e
mosaiq-benchmark-v0.1-candidate-20260716,mosaiq-benchmark,0.1.0-dev,iso_paq_regression,0.1.0,ISD,clip,ISD_DadongSquare_DadongSquare2_DSQ2071,ISD_DadongSquare_DadongSquare2_DSQ2071,train,,0.1.0,datasets/ISD/data/clips.csv,400be412852637b6246ceb9e41f5f898020a3b74cffeb064c9e3074dd553f560
mosaiq-benchmark-v0.1-candidate-20260716,mosaiq-benchmark,0.1.0-dev,iso_paq_regression,0.1.0,ISD,clip,ISD_DadongSquare_DadongSquare2_DSQ2072,ISD_DadongSquare_DadongSquare2_DSQ2072,train,,0.1.0,datasets/ISD/data/clips.csv,d6410f4aa9d588bfea821ff33ffe72c40c0d43eebd5fa2c34200d9beed1c3075
mosaiq-benchmark-v0.1-candidate-20260716,mosaiq-benchmark,0.1.0-dev,iso_paq_regression,0.1.0,ISD,clip,ISD_DadongSquare_DadongSquare2_DSQ2073,ISD_DadongSquare_DadongSquare2_DSQ2073,train,,0.1.0,datasets/ISD/data/clips.csv,c3ca566903e783665332a43ec78f40d8b42235b3e636df714b200946f2995562
mosaiq-benchmark-v0.1-candidate-20260716,mosaiq-benchmark,0.1.0-dev,iso_paq_regression,0.1.0,ISD,clip,ISD_DadongSquare_DadongSquare2_DSQ2074,ISD_DadongSquare_DadongSquare2_DSQ2074,train,,0.1.0,datasets/ISD/data/clips.csv,df7992b3c0e19bfa19ad61b5cd9ac90b142148820b4842012ea8eb2a38752342
mosaiq-benchmark-v0.1-candidate-20260716,mosaiq-benchmark,0.1.0-dev,iso_paq_regression,0.1.0,ISD,clip,ISD_DadongSquare_DadongSquare2_DSQ2075,ISD_DadongSquare_DadongSquare2_DSQ2075,train,,0.1.0,datasets/ISD/data/clips.csv,5e175ab29eec3ddb062854a85ce4d94c50dbc1cd946ea48a97c02ddbd5bd6b21
mosaiq-benchmark-v0.1-candidate-20260716,mosaiq-benchmark,0.1.0-dev,iso_paq_regression,0.1.0,ISD,clip,ISD_DadongSquare_DadongSquare2_DSQ2076,ISD_DadongSquare_DadongSquare2_DSQ2076,train,,0.1.0,datasets/ISD/data/clips.csv,49ed4584116b4633aaaee129f2be21cdc017389e0a6823671cbf81d93522aaf3
mosaiq-benchmark-v0.1-candidate-20260716,mosaiq-benchmark,0.1.0-dev,iso_paq_regression,0.1.0,ISD,clip,ISD_DadongSquare_DadongSquare2_DSQ2077,ISD_DadongSquare_DadongSquare2_DSQ2077,train,,0.1.0,datasets/ISD/data/clips.csv,d56a646da614c91da5bcd75167fc0e98e84c0137927771a0c94bd83624cc8cff
mosaiq-benchmark-v0.1-candidate-20260716,mosaiq-benchmark,0.1.0-dev,iso_paq_regression,0.1.0,ISD,clip,ISD_DadongSquare_DadongSquare2_DSQ2078,ISD_DadongSquare_DadongSquare2_DSQ2078,train,,0.1.0,datasets/ISD/data/clips.csv,1c003a4ab194ab4a6aff162a5021fd275e46311fc79686a553f26af87236f77b
mosaiq-benchmark-v0.1-candidate-20260716,mosaiq-benchmark,0.1.0-dev,iso_paq_regression,0.1.0,ISD,clip,ISD_DadongSquare_DadongSquare2_DSQ2079,ISD_DadongSquare_DadongSquare2_DSQ2079,train,,0.1.0,datasets/ISD/data/clips.csv,28efc433c2a6112e5d8f6db8ea1737efcc9155f3df4cd3c15a7cfc798a0078ac
mosaiq-benchmark-v0.1-candidate-20260716,mosaiq-benchmark,0.1.0-dev,iso_paq_regression,0.1.0,ISD,clip,ISD_DadongSquare_DadongSquare2_DSQ2080,ISD_DadongSquare_DadongSquare2_DSQ2080,train,,0.1.0,datasets/ISD/data/clips.csv,ea4f27642fffe0ec96f19a172a7b983815ff60b4b23f998a254c9252d040ca0f
mosaiq-benchmark-v0.1-candidate-20260716,mosaiq-benchmark,0.1.0-dev,iso_paq_regression,0.1.0,ISD,clip,ISD_DadongSquare_DadongSquare2_DSQ2081,ISD_DadongSquare_DadongSquare2_DSQ2081,train,,0.1.0,datasets/ISD/data/clips.csv,3efeeea63f6016452d2b6d87714af762529ea607c7d64cb48545714c9cc2691a
mosaiq-benchmark-v0.1-candidate-20260716,mosaiq-benchmark,0.1.0-dev,iso_paq_regression,0.1.0,ISD,clip,ISD_DadongSquare_DadongSquare2_DSQ2082,ISD_DadongSquare_DadongSquare2_DSQ2082,train,,0.1.0,datasets/ISD/data/clips.csv,a775c97c1a7bc7f26d372c07e0a707333a92eb2218f981d808d18dba98862029
mosaiq-benchmark-v0.1-candidate-20260716,mosaiq-benchmark,0.1.0-dev,iso_paq_regression,0.1.0,ISD,clip,ISD_DadongSquare_DadongSquare2_DSQ2083,ISD_DadongSquare_DadongSquare2_DSQ2083,train,,0.1.0,datasets/ISD/data/clips.csv,a0be4e25b9ffba5f662e778a9d747e9c1026d510c97920fb60b9e3172348555a
mosaiq-benchmark-v0.1-candidate-20260716,mosaiq-benchmark,0.1.0-dev,iso_paq_regression,0.1.0,ISD,clip,ISD_DadongSquare_DadongSquare2_DSQ2084,ISD_DadongSquare_DadongSquare2_DSQ2084,train,,0.1.0,datasets/ISD/data/clips.csv,1a920f234079b37f25a7a9ba1b868afecd6d6c47561c74a0b68f6c141739d740
mosaiq-benchmark-v0.1-candidate-20260716,mosaiq-benchmark,0.1.0-dev,iso_paq_regression,0.1.0,ISD,clip,ISD_DadongSquare_DadongSquare2_DSQ2085,ISD_DadongSquare_DadongSquare2_DSQ2085,train,,0.1.0,datasets/ISD/data/clips.csv,4e1fb3e8ad472de1f3e07f2d4a8889c4fb497548e4f482fcb05a5380dca970d5
mosaiq-benchmark-v0.1-candidate-20260716,mosaiq-benchmark,0.1.0-dev,iso_paq_regression,0.1.0,ISD,clip,ISD_DadongSquare_DadongSquare2_DSQ2086,ISD_DadongSquare_DadongSquare2_DSQ2086,train,,0.1.0,datasets/ISD/data/clips.csv,b2a3df7a906bb04b0415e7f9c69c4b2d43b50b284607ab6432d88aab360df628
mosaiq-benchmark-v0.1-candidate-20260716,mosaiq-benchmark,0.1.0-dev,iso_paq_regression,0.1.0,ISD,clip,ISD_DadongSquare_DadongSquare2_DSQ2087,ISD_DadongSquare_DadongSquare2_DSQ2087,train,,0.1.0,datasets/ISD/data/clips.csv,ad1062d0ebdc6cf8ca03a6dc732bb0825e4abb40fac2d45460472ce585161075
mosaiq-benchmark-v0.1-candidate-20260716,mosaiq-benchmark,0.1.0-dev,iso_paq_regression,0.1.0,ISD,clip,ISD_DadongSquare_DadongSquare2_DSQ2088,ISD_DadongSquare_DadongSquare2_DSQ2088,train,,0.1.0,datasets/ISD/data/clips.csv,67212076e06d3d0d25a17dcbd0a9c5dd9ba228172a2813975d7a4e9b3846208c
mosaiq-benchmark-v0.1-candidate-20260716,mosaiq-benchmark,0.1.0-dev,iso_paq_regression,0.1.0,ISD,clip,ISD_DadongSquare_DadongSquare2_DSQ2089,ISD_DadongSquare_DadongSquare2_DSQ2089,train,,0.1.0,datasets/ISD/data/clips.csv,a05d14383e31cf89189ff0f49765afdf72a7bf097becda6ee47ed837eee10880
mosaiq-benchmark-v0.1-candidate-20260716,mosaiq-benchmark,0.1.0-dev,iso_paq_regression,0.1.0,ISD,clip,ISD_DadongSquare_DadongSquare2_DSQ2090,ISD_DadongSquare_DadongSquare2_DSQ2090,train,,0.1.0,datasets/ISD/data/clips.csv,337f13767e3a75bbea523dd952ff1d34765890eae46dc46329fa655b7f217759
mosaiq-benchmark-v0.1-candidate-20260716,mosaiq-benchmark,0.1.0-dev,iso_paq_regression,0.1.0,ISD,clip,ISD_DadongSquare_DadongSquare2_DSQ2091,ISD_DadongSquare_DadongSquare2_DSQ2091,train,,0.1.0,datasets/ISD/data/clips.csv,47d986e6b35be757510d530eb33d28b191ba8635204f0874dc070883e276d336
mosaiq-benchmark-v0.1-candidate-20260716,mosaiq-benchmark,0.1.0-dev,iso_paq_regression,0.1.0,ISD,clip,ISD_DadongSquare_DadongSquare2_DSQ2092,ISD_DadongSquare_DadongSquare2_DSQ2092,train,,0.1.0,datasets/ISD/data/clips.csv,692c7ad4ba059a3aad5ad2dc8cac78a5754bf83d44762d3532861d851864045e
mosaiq-benchmark-v0.1-candidate-20260716,mosaiq-benchmark,0.1.0-dev,iso_paq_regression,0.1.0,ISD,clip,ISD_DadongSquare_DadongSquare2_DSQ2093,ISD_DadongSquare_DadongSquare2_DSQ2093,train,,0.1.0,datasets/ISD/data/clips.csv,35f3a02728a149a243daf91daed6ef55496b76c46eb84f1c40cd389bc76e9820
mosaiq-benchmark-v0.1-candidate-20260716,mosaiq-benchmark,0.1.0-dev,iso_paq_regression,0.1.0,ISD,clip,ISD_DadongSquare_DadongSquare2_DSQ2094,ISD_DadongSquare_DadongSquare2_DSQ2094,train,,0.1.0,datasets/ISD/data/clips.csv,7d3c4a6d320860dd4788a1833977661982bb2fc006fcdab70a61644604b5ec08
mosaiq-benchmark-v0.1-candidate-20260716,mosaiq-benchmark,0.1.0-dev,iso_paq_regression,0.1.0,ISD,clip,ISD_DadongSquare_DadongSquare2_DSQ2095,ISD_DadongSquare_DadongSquare2_DSQ2095,train,,0.1.0,datasets/ISD/data/clips.csv,05f2555838a86eb0d5539d45ac04fad2040508c18a8d3eb0c1e95dc550994364
mosaiq-benchmark-v0.1-candidate-20260716,mosaiq-benchmark,0.1.0-dev,iso_paq_regression,0.1.0,ISD,clip,ISD_DadongSquare_DadongSquare2_DSQ2096,ISD_DadongSquare_DadongSquare2_DSQ2096,train,,0.1.0,datasets/ISD/data/clips.csv,db7bf544faa881619d620906c80ceb6146fa1bd83364ae2202dd00fe54e9028e
mosaiq-benchmark-v0.1-candidate-20260716,mosaiq-benchmark,0.1.0-dev,iso_paq_regression,0.1.0,ISD,clip,ISD_DadongSquare_DadongSquare2_DSQ2097,ISD_DadongSquare_DadongSquare2_DSQ2097,train,,0.1.0,datasets/ISD/data/clips.csv,f34bf3d4795926e39f5b064fc68130d688d901ce70e9bdc9016336b44159864d
mosaiq-benchmark-v0.1-candidate-20260716,mosaiq-benchmark,0.1.0-dev,iso_paq_regression,0.1.0,ISD,clip,ISD_DadongSquare_DadongSquare2_DSQ2098,ISD_DadongSquare_DadongSquare2_DSQ2098,train,,0.1.0,datasets/ISD/data/clips.csv,142187047db23192a91cf34313462eff27928060c64ca7e5eb0b468f6bd1cb3c
mosaiq-benchmark-v0.1-candidate-20260716,mosaiq-benchmark,0.1.0-dev,iso_paq_regression,0.1.0,ISD,clip,ISD_DadongSquare_DadongSquare2_DSQ2099,ISD_DadongSquare_DadongSquare2_DSQ2099,train,,0.1.0,datasets/ISD/data/clips.csv,90a28f57bfaf6cb4796d339b03a919d8037102790d818ac5f8375e9309f62f02
mosaiq-benchmark-v0.1-candidate-20260716,mosaiq-benchmark,0.1.0-dev,iso_paq_regression,0.1.0,ISD,clip,ISD_DadongSquare_DadongSquare2_DSQ2100,ISD_DadongSquare_DadongSquare2_DSQ2100,train,,0.1.0,datasets/ISD/data/clips.csv,0687452304f511d15a683f5fb45aa920a4cac1627acea4d00b2f6494782fb1ba
mosaiq-benchmark-v0.1-candidate-20260716,mosaiq-benchmark,0.1.0-dev,iso_paq_regression,0.1.0,ISD,clip,ISD_DadongSquare_DadongSquare2_DSQ2101,ISD_DadongSquare_DadongSquare2_DSQ2101,train,,0.1.0,datasets/ISD/data/clips.csv,83f6f39260317b6506798ddc50c086648336bc39cdad8cc35f8a2b6c483c45d4
mosaiq-benchmark-v0.1-candidate-20260716,mosaiq-benchmark,0.1.0-dev,iso_paq_regression,0.1.0,ISD,clip,ISD_DadongSquare_DadongSquare2_DSQ2102,ISD_DadongSquare_DadongSquare2_DSQ2102,train,,0.1.0,datasets/ISD/data/clips.csv,42bb8880ea51b93d9c7c92c78b2348a44d671b72398c271497079dc087f8fdcc
mosaiq-benchmark-v0.1-candidate-20260716,mosaiq-benchmark,0.1.0-dev,iso_paq_regression,0.1.0,ISD,clip,ISD_DadongSquare_DadongSquare2_DSQ2103,ISD_DadongSquare_DadongSquare2_DSQ2103,train,,0.1.0,datasets/ISD/data/clips.csv,a04b78cdd1321e3ff6ec832658a5ab6a58777bf271d1a6176156a106ebf3bfbb
mosaiq-benchmark-v0.1-candidate-20260716,mosaiq-benchmark,0.1.0-dev,iso_paq_regression,0.1.0,ISD,clip,ISD_DadongSquare_DadongSquare2_DSQ2104,ISD_DadongSquare_DadongSquare2_DSQ2104,train,,0.1.0,datasets/ISD/data/clips.csv,1ed58b92215fcfa7e3026a605031a272d3e88950cfe41ca08fb13ab855634cd1
mosaiq-benchmark-v0.1-candidate-20260716,mosaiq-benchmark,0.1.0-dev,iso_paq_regression,0.1.0,ISD,clip,ISD_DadongSquare_DadongSquare2_DSQ2105,ISD_DadongSquare_DadongSquare2_DSQ2105,train,,0.1.0,datasets/ISD/data/clips.csv,474aa51c56850722cc7a0d720101cf7e4cc99a877bdab2d3451a1a76b43cac0d
mosaiq-benchmark-v0.1-candidate-20260716,mosaiq-benchmark,0.1.0-dev,iso_paq_regression,0.1.0,ISD,clip,ISD_DadongSquare_DadongSquare2_DSQ2106,ISD_DadongSquare_DadongSquare2_DSQ2106,train,,0.1.0,datasets/ISD/data/clips.csv,0fa465f6c7fa299019a8ba1ab5ed99c233ff6e6425feed0fa7bce6482722fead
mosaiq-benchmark-v0.1-candidate-20260716,mosaiq-benchmark,0.1.0-dev,iso_paq_regression,0.1.0,ISD,clip,ISD_DadongSquare_DadongSquare2_DSQ2107,ISD_DadongSquare_DadongSquare2_DSQ2107,train,,0.1.0,datasets/ISD/data/clips.csv,cef02eb52e53fdbaee44baff2f06f46d76c628c7648f5aacfce41b6802d30122
mosaiq-benchmark-v0.1-candidate-20260716,mosaiq-benchmark,0.1.0-dev,iso_paq_regression,0.1.0,ISD,clip,ISD_DadongSquare_DadongSquare2_DSQ2108,ISD_DadongSquare_DadongSquare2_DSQ2108,train,,0.1.0,datasets/ISD/data/clips.csv,7d83bf59954dab7c4052412cd88b1ef6db74366155e2e3e2fa5e3209afab439e
mosaiq-benchmark-v0.1-candidate-20260716,mosaiq-benchmark,0.1.0-dev,iso_paq_regression,0.1.0,ISD,clip,ISD_DadongSquare_DadongSquare2_DSQ2109,ISD_DadongSquare_DadongSquare2_DSQ2109,train,,0.1.0,datasets/ISD/data/clips.csv,7138bb28b24fed64823dadf88f8a288257b48c142f6e230c084ffa22b09f2380
mosaiq-benchmark-v0.1-candidate-20260716,mosaiq-benchmark,0.1.0-dev,iso_paq_regression,0.1.0,ISD,clip,ISD_DadongSquare_DadongSquare2_DSQ2110,ISD_DadongSquare_DadongSquare2_DSQ2110,train,,0.1.0,datasets/ISD/data/clips.csv,cdf980c878cd49a481fd861709cf95fe122d63f41d98af320cd189c15773c4b8
mosaiq-benchmark-v0.1-candidate-20260716,mosaiq-benchmark,0.1.0-dev,iso_paq_regression,0.1.0,ISD,clip,ISD_DadongSquare_DadongSquare2_DSQ2111,ISD_DadongSquare_DadongSquare2_DSQ2111,train,,0.1.0,datasets/ISD/data/clips.csv,f086bd778d3bdccaa0fea66c43e43498387b5d9414b9de1f97338e367be96f91
mosaiq-benchmark-v0.1-candidate-20260716,mosaiq-benchmark,0.1.0-dev,iso_paq_regression,0.1.0,ISD,clip,ISD_DadongSquare_DadongSquare2_DSQ2112,ISD_DadongSquare_DadongSquare2_DSQ2112,train,,0.1.0,datasets/ISD/data/clips.csv,0abd8cba6cbcd003b2363795349517c600da1144c18d41bc4594240d46552635
mosaiq-benchmark-v0.1-candidate-20260716,mosaiq-benchmark,0.1.0-dev,iso_paq_regression,0.1.0,ISD,clip,ISD_DadongSquare_DadongSquare3_DSQ3001,ISD_DadongSquare_DadongSquare3_DSQ3001,train,,0.1.0,datasets/ISD/data/clips.csv,7c4fae03cdc7ee22c74e946f3eda1bacc5ddab9ce14954eb045837f5e33bf212
mosaiq-benchmark-v0.1-candidate-20260716,mosaiq-benchmark,0.1.0-dev,iso_paq_regression,0.1.0,ISD,clip,ISD_DadongSquare_DadongSquare3_DSQ3002,ISD_DadongSquare_DadongSquare3_DSQ3002,train,,0.1.0,datasets/ISD/data/clips.csv,d1ee4be0c6876db38e720474828c0e390c0b79ee4d706eec73277a44837044c7
mosaiq-benchmark-v0.1-candidate-20260716,mosaiq-benchmark,0.1.0-dev,iso_paq_regression,0.1.0,ISD,clip,ISD_DadongSquare_DadongSquare3_DSQ3003,ISD_DadongSquare_DadongSquare3_DSQ3003,train,,0.1.0,datasets/ISD/data/clips.csv,563a9063ab6c0c0954835c8dfedda5d1e80c5b44a08fa80ca521109939857870
mosaiq-benchmark-v0.1-candidate-20260716,mosaiq-benchmark,0.1.0-dev,iso_paq_regression,0.1.0,ISD,clip,ISD_DadongSquare_DadongSquare3_DSQ3004,ISD_DadongSquare_DadongSquare3_DSQ3004,train,,0.1.0,datasets/ISD/data/clips.csv,2d2a5f9052d8f7afa01d06edad7b31ddad0c0718fb330471ad7b7b319a63c9e3
mosaiq-benchmark-v0.1-candidate-20260716,mosaiq-benchmark,0.1.0-dev,iso_paq_regression,0.1.0,ISD,clip,ISD_DadongSquare_DadongSquare3_DSQ3005,ISD_DadongSquare_DadongSquare3_DSQ3005,train,,0.1.0,datasets/ISD/data/clips.csv,733d337185f45ace47ca3e5267d03b363d8e5978b818251c0b7e4313f8a8b6df
mosaiq-benchmark-v0.1-candidate-20260716,mosaiq-benchmark,0.1.0-dev,iso_paq_regression,0.1.0,ISD,clip,ISD_DadongSquare_DadongSquare3_DSQ3006,ISD_DadongSquare_DadongSquare3_DSQ3006,train,,0.1.0,datasets/ISD/data/clips.csv,cd71b46f8c001d94d036c26ce7cf264dd8304dff2ceededc163b6acd52e60542
mosaiq-benchmark-v0.1-candidate-20260716,mosaiq-benchmark,0.1.0-dev,iso_paq_regression,0.1.0,ISD,clip,ISD_DadongSquare_DadongSquare3_DSQ3007,ISD_DadongSquare_DadongSquare3_DSQ3007,train,,0.1.0,datasets/ISD/data/clips.csv,8f07a849bd938f1d47b780062d9f6ac1d30a05fdc4f1c17701140c12331b862c
mosaiq-benchmark-v0.1-candidate-20260716,mosaiq-benchmark,0.1.0-dev,iso_paq_regression,0.1.0,ISD,clip,ISD_DadongSquare_DadongSquare3_DSQ3008,ISD_DadongSquare_DadongSquare3_DSQ3008,train,,0.1.0,datasets/ISD/data/clips.csv,c972db86bcbf3ed8cbc39ba93902e8fc3be75e5c267888dcb7323a7c03175746
mosaiq-benchmark-v0.1-candidate-20260716,mosaiq-benchmark,0.1.0-dev,iso_paq_regression,0.1.0,ISD,clip,ISD_DadongSquare_DadongSquare3_DSQ3009,ISD_DadongSquare_DadongSquare3_DSQ3009,train,,0.1.0,datasets/ISD/data/clips.csv,372ede5c466fc49ce9b032fa0273f103069ebf3f95c5afc501798aec3d1394d5
mosaiq-benchmark-v0.1-candidate-20260716,mosaiq-benchmark,0.1.0-dev,iso_paq_regression,0.1.0,ISD,clip,ISD_DadongSquare_DadongSquare3_DSQ3010,ISD_DadongSquare_DadongSquare3_DSQ3010,train,,0.1.0,datasets/ISD/data/clips.csv,ff9636dfcf34a010dd22a53e5e54146fc59d69a01fb52bce895b9821d1dc95f9
mosaiq-benchmark-v0.1-candidate-20260716,mosaiq-benchmark,0.1.0-dev,iso_paq_regression,0.1.0,ISD,clip,ISD_DadongSquare_DadongSquare3_DSQ3011,ISD_DadongSquare_DadongSquare3_DSQ3011,train,,0.1.0,datasets/ISD/data/clips.csv,aca9c6bd96538f4626bd450e5032ab7d081b6c6fd7d107a10d0ae690e4ab9cdd
mosaiq-benchmark-v0.1-candidate-20260716,mosaiq-benchmark,0.1.0-dev,iso_paq_regression,0.1.0,ISD,clip,ISD_DadongSquare_DadongSquare3_DSQ3012,ISD_DadongSquare_DadongSquare3_DSQ3012,train,,0.1.0,datasets/ISD/data/clips.csv,ea75f2ad811dfadf3487a154da7d916bd70a82a66c6222c116d233fc102c1d0c
mosaiq-benchmark-v0.1-candidate-20260716,mosaiq-benchmark,0.1.0-dev,iso_paq_regression,0.1.0,ISD,clip,ISD_DadongSquare_DadongSquare3_DSQ3013,ISD_DadongSquare_DadongSquare3_DSQ3013,train,,0.1.0,datasets/ISD/data/clips.csv,e21b7f3287de39115d704888c17b195b262d10c30dc8e529b8e7be55b6ba22cd
mosaiq-benchmark-v0.1-candidate-20260716,mosaiq-benchmark,0.1.0-dev,iso_paq_regression,0.1.0,ISD,clip,ISD_DadongSquare_DadongSquare3_DSQ3014,ISD_DadongSquare_DadongSquare3_DSQ3014,train,,0.1.0,datasets/ISD/data/clips.csv,10f394745174d13a4b9c862af40c8496a415a978c39fd4f08b1a3e97325a0542
mosaiq-benchmark-v0.1-candidate-20260716,mosaiq-benchmark,0.1.0-dev,iso_paq_regression,0.1.0,ISD,clip,ISD_DadongSquare_DadongSquare3_DSQ3015,ISD_DadongSquare_DadongSquare3_DSQ3015,train,,0.1.0,datasets/ISD/data/clips.csv,214d1df95bd6d703d71c50d96b5a721270c41d31f078e471aac163d638319b1b
mosaiq-benchmark-v0.1-candidate-20260716,mosaiq-benchmark,0.1.0-dev,iso_paq_regression,0.1.0,ISD,clip,ISD_DadongSquare_DadongSquare3_DSQ3016,ISD_DadongSquare_DadongSquare3_DSQ3016,train,,0.1.0,datasets/ISD/data/clips.csv,664702b4a619b91adff790eef2734de7dca04e212aa17fb0ba49eeb14e9b8bd4
mosaiq-benchmark-v0.1-candidate-20260716,mosaiq-benchmark,0.1.0-dev,iso_paq_regression,0.1.0,ISD,clip,ISD_DadongSquare_DadongSquare3_DSQ3017,ISD_DadongSquare_DadongSquare3_DSQ3017,train,,0.1.0,datasets/ISD/data/clips.csv,23433b9269cd1b6294a632bb184e96343bab7b6e6d0e67755466a0d62751f8dc
mosaiq-benchmark-v0.1-candidate-20260716,mosaiq-benchmark,0.1.0-dev,iso_paq_regression,0.1.0,ISD,clip,ISD_DadongSquare_DadongSquare3_DSQ3018,ISD_DadongSquare_DadongSquare3_DSQ3018,train,,0.1.0,datasets/ISD/data/clips.csv,99b2d63ceebb9e32e6b83d96b82650a7b614def50a4eab593d767b00e1614941
mosaiq-benchmark-v0.1-candidate-20260716,mosaiq-benchmark,0.1.0-dev,iso_paq_regression,0.1.0,ISD,clip,ISD_DadongSquare_DadongSquare3_DSQ3019,ISD_DadongSquare_DadongSquare3_DSQ3019,train,,0.1.0,datasets/ISD/data/clips.csv,9c17e0efbb0dc2411c11d851e5eb73c4b800ad86ccb717f01eca00c9cbf0585a
mosaiq-benchmark-v0.1-candidate-20260716,mosaiq-benchmark,0.1.0-dev,iso_paq_regression,0.1.0,ISD,clip,ISD_DadongSquare_DadongSquare3_DSQ3020,ISD_DadongSquare_DadongSquare3_DSQ3020,train,,0.1.0,datasets/ISD/data/clips.csv,da28989376e0f865fbf8873b2ae6b2e8e36110323edb571b92736f68e6d635f3
mosaiq-benchmark-v0.1-candidate-20260716,mosaiq-benchmark,0.1.0-dev,iso_paq_regression,0.1.0,ISD,clip,ISD_DadongSquare_DadongSquare3_DSQ3021,ISD_DadongSquare_DadongSquare3_DSQ3021,train,,0.1.0,datasets/ISD/data/clips.csv,caa4011ffde6704063a7c6d4858328392e0f27ed11a9799fe64b11ee24c2eece
mosaiq-benchmark-v0.1-candidate-20260716,mosaiq-benchmark,0.1.0-dev,iso_paq_regression,0.1.0,ISD,clip,ISD_DadongSquare_DadongSquare3_DSQ3022,ISD_DadongSquare_DadongSquare3_DSQ3022,train,,0.1.0,datasets/ISD/data/clips.csv,f3eb7d8f2998c09e43d0843ff97494bc6461db2e2ab3bb724698b1d9d659dd2d
mosaiq-benchmark-v0.1-candidate-20260716,mosaiq-benchmark,0.1.0-dev,iso_paq_regression,0.1.0,ISD,clip,ISD_DadongSquare_DadongSquare3_DSQ3023,ISD_DadongSquare_DadongSquare3_DSQ3023,train,,0.1.0,datasets/ISD/data/clips.csv,e247a898a3d0a1704e447062a3ec7204a4ff28b7244d4feb7fda8238dfac8a5a
mosaiq-benchmark-v0.1-candidate-20260716,mosaiq-benchmark,0.1.0-dev,iso_paq_regression,0.1.0,ISD,clip,ISD_DadongSquare_DadongSquare3_DSQ3024,ISD_DadongSquare_DadongSquare3_DSQ3024,train,,0.1.0,datasets/ISD/data/clips.csv,cef203e5726095eab5c118d9d84a24c8d9b849e9bfeafc34d4f25588030c0b2a
mosaiq-benchmark-v0.1-candidate-20260716,mosaiq-benchmark,0.1.0-dev,iso_paq_regression,0.1.0,ISD,clip,ISD_DadongSquare_DadongSquare3_DSQ3025,ISD_DadongSquare_DadongSquare3_DSQ3025,train,,0.1.0,datasets/ISD/data/clips.csv,08de8ed12140dbf704a19c6ea2432f16d5a1242a0668f2f5ba41f09c7151f79d
mosaiq-benchmark-v0.1-candidate-20260716,mosaiq-benchmark,0.1.0-dev,iso_paq_regression,0.1.0,ISD,clip,ISD_DadongSquare_DadongSquare3_DSQ3026,ISD_DadongSquare_DadongSquare3_DSQ3026,train,,0.1.0,datasets/ISD/data/clips.csv,19a4489faccf4484d873970fd9ecb43eb48463bdd5e67a8ec3188abe2e0217c7
mosaiq-benchmark-v0.1-candidate-20260716,mosaiq-benchmark,0.1.0-dev,iso_paq_regression,0.1.0,ISD,clip,ISD_DadongSquare_DadongSquare3_DSQ3027,ISD_DadongSquare_DadongSquare3_DSQ3027,train,,0.1.0,datasets/ISD/data/clips.csv,b59095b815ff71d35d1c8068302cabfd748cab354b182bb41154781af4609c5d
mosaiq-benchmark-v0.1-candidate-20260716,mosaiq-benchmark,0.1.0-dev,iso_paq_regression,0.1.0,ISD,clip,ISD_DadongSquare_DadongSquare3_DSQ3028,ISD_DadongSquare_DadongSquare3_DSQ3028,train,,0.1.0,datasets/ISD/data/clips.csv,61885d7ec29c8123442ec08bf9c98ea429ecbad5255ec9c57a07cde3fa8bddf6
mosaiq-benchmark-v0.1-candidate-20260716,mosaiq-benchmark,0.1.0-dev,iso_paq_regression,0.1.0,ISD,clip,ISD_DadongSquare_DadongSquare3_DSQ3029,ISD_DadongSquare_DadongSquare3_DSQ3029,train,,0.1.0,datasets/ISD/data/clips.csv,24c19942fbe896c7c397fb267887dc256e2b4c2e5f5f4ada54f892fb8227e306
mosaiq-benchmark-v0.1-candidate-20260716,mosaiq-benchmark,0.1.0-dev,iso_paq_regression,0.1.0,ISD,clip,ISD_DadongSquare_DadongSquare3_DSQ3030,ISD_DadongSquare_DadongSquare3_DSQ3030,train,,0.1.0,datasets/ISD/data/clips.csv,5c04aae1b20fe88c5a9cef4968e4134c5a60ba9654e58c49971d5162331545d8
mosaiq-benchmark-v0.1-candidate-20260716,mosaiq-benchmark,0.1.0-dev,iso_paq_regression,0.1.0,ISD,clip,ISD_DadongSquare_DadongSquare3_DSQ3031,ISD_DadongSquare_DadongSquare3_DSQ3031,train,,0.1.0,datasets/ISD/data/clips.csv,6b3804cde9cace094d89163ec1f80a5a0bbfd38586d39a13de508ed53111f575
mosaiq-benchmark-v0.1-candidate-20260716,mosaiq-benchmark,0.1.0-dev,iso_paq_regression,0.1.0,ISD,clip,ISD_DadongSquare_DadongSquare3_DSQ3032,ISD_DadongSquare_DadongSquare3_DSQ3032,train,,0.1.0,datasets/ISD/data/clips.csv,b165a8e22826d2f51380020cc0a442d1b5876bf8efda6728cdd4fca5d0aac7cd
mosaiq-benchmark-v0.1-candidate-20260716,mosaiq-benchmark,0.1.0-dev,iso_paq_regression,0.1.0,ISD,clip,ISD_DadongSquare_DadongSquare3_DSQ3033,ISD_DadongSquare_DadongSquare3_DSQ3033,train,,0.1.0,datasets/ISD/data/clips.csv,06b775488c1e7fd939dddba5a655ad57cfcb8dfd72c07f5c5474645e2fdb8278
mosaiq-benchmark-v0.1-candidate-20260716,mosaiq-benchmark,0.1.0-dev,iso_paq_regression,0.1.0,ISD,clip,ISD_DadongSquare_DadongSquare3_DSQ3034,ISD_DadongSquare_DadongSquare3_DSQ3034,train,,0.1.0,datasets/ISD/data/clips.csv,304507cb0a8eb933b667ff2f410a70d02431683ac81272f193a4c3128d6de646
mosaiq-benchmark-v0.1-candidate-20260716,mosaiq-benchmark,0.1.0-dev,iso_paq_regression,0.1.0,ISD,clip,ISD_DadongSquare_DadongSquare3_DSQ3035,ISD_DadongSquare_DadongSquare3_DSQ3035,train,,0.1.0,datasets/ISD/data/clips.csv,509a5b343df1af6db2a3376b1c009e1dc38ca02dd433e6e4907facdd7232ba11
mosaiq-benchmark-v0.1-candidate-20260716,mosaiq-benchmark,0.1.0-dev,iso_paq_regression,0.1.0,ISD,clip,ISD_DadongSquare_DadongSquare3_DSQ3036,ISD_DadongSquare_DadongSquare3_DSQ3036,train,,0.1.0,datasets/ISD/data/clips.csv,ae756f6e359083c3dd40a03718699e81e26ba4e5dedd0cf547a8228033e95446
mosaiq-benchmark-v0.1-candidate-20260716,mosaiq-benchmark,0.1.0-dev,iso_paq_regression,0.1.0,ISD,clip,ISD_DadongSquare_DadongSquare3_DSQ3037,ISD_DadongSquare_DadongSquare3_DSQ3037,train,,0.1.0,datasets/ISD/data/clips.csv,da3b5e2c95283f5560840600957ec64216c7229b657ecf1fd45c426e7e20fe15
mosaiq-benchmark-v0.1-candidate-20260716,mosaiq-benchmark,0.1.0-dev,iso_paq_regression,0.1.0,ISD,clip,ISD_DadongSquare_DadongSquare3_DSQ3038,ISD_DadongSquare_DadongSquare3_DSQ3038,train,,0.1.0,datasets/ISD/data/clips.csv,d6e90dfc84d4d7311b984aad0b02d254377be77370f8ce591bfd2b8221919c25
mosaiq-benchmark-v0.1-candidate-20260716,mosaiq-benchmark,0.1.0-dev,iso_paq_regression,0.1.0,ISD,clip,ISD_DadongSquare_DadongSquare3_DSQ3039,ISD_DadongSquare_DadongSquare3_DSQ3039,train,,0.1.0,datasets/ISD/data/clips.csv,943aff7fc8bd08ca972b54ca71a91b0523fa2d324fad2f23a7e941d879d61b31
mosaiq-benchmark-v0.1-candidate-20260716,mosaiq-benchmark,0.1.0-dev,iso_paq_regression,0.1.0,ISD,clip,ISD_DadongSquare_DadongSquare3_DSQ3040,ISD_DadongSquare_DadongSquare3_DSQ3040,train,,0.1.0,datasets/ISD/data/clips.csv,20f0473f57b7b2ad12fe5d7ac2d29aaa65b86af472804bb4a7411f03934e34b5
mosaiq-benchmark-v0.1-candidate-20260716,mosaiq-benchmark,0.1.0-dev,iso_paq_regression,0.1.0,ISD,clip,ISD_DadongSquare_DadongSquare3_DSQ3041,ISD_DadongSquare_DadongSquare3_DSQ3041,train,,0.1.0,datasets/ISD/data/clips.csv,487bb9530e94ec0d0a2eca945c4ea6a07510b2a16c69e08d6efdea0176a387f9
mosaiq-benchmark-v0.1-candidate-20260716,mosaiq-benchmark,0.1.0-dev,iso_paq_regression,0.1.0,ISD,clip,ISD_DadongSquare_DadongSquare3_DSQ3042,ISD_DadongSquare_DadongSquare3_DSQ3042,train,,0.1.0,datasets/ISD/data/clips.csv,d35e3c674f0e520473f00b5d89c8ead682eb6d172a82e34c9f5fb9e01f6c737b
mosaiq-benchmark-v0.1-candidate-20260716,mosaiq-benchmark,0.1.0-dev,iso_paq_regression,0.1.0,ISD,clip,ISD_DadongSquare_DadongSquare3_DSQ3043,ISD_DadongSquare_DadongSquare3_DSQ3043,train,,0.1.0,datasets/ISD/data/clips.csv,e901134e2ccd0c48ea7a49be25bcae636cb1731e63db47177fcc09225fd437c3
mosaiq-benchmark-v0.1-candidate-20260716,mosaiq-benchmark,0.1.0-dev,iso_paq_regression,0.1.0,ISD,clip,ISD_DadongSquare_DadongSquare3_DSQ3044,ISD_DadongSquare_DadongSquare3_DSQ3044,train,,0.1.0,datasets/ISD/data/clips.csv,5c2295459b548d7683031d7294e3f47e2ebb8dbabf29e8ede0aca4da67f1a143
mosaiq-benchmark-v0.1-candidate-20260716,mosaiq-benchmark,0.1.0-dev,iso_paq_regression,0.1.0,ISD,clip,ISD_DadongSquare_DadongSquare3_DSQ3045,ISD_DadongSquare_DadongSquare3_DSQ3045,train,,0.1.0,datasets/ISD/data/clips.csv,daa7d437fbaf3d57773e4002190a8df168f393b7b144f5adb52324c994247040
mosaiq-benchmark-v0.1-candidate-20260716,mosaiq-benchmark,0.1.0-dev,iso_paq_regression,0.1.0,ISD,clip,ISD_DadongSquare_DadongSquare3_DSQ3046,ISD_DadongSquare_DadongSquare3_DSQ3046,train,,0.1.0,datasets/ISD/data/clips.csv,a20899a2c8e3dab16f3e5d319c26ff9547d0469140c75f16fea5edf21c90b9c1
mosaiq-benchmark-v0.1-candidate-20260716,mosaiq-benchmark,0.1.0-dev,iso_paq_regression,0.1.0,ISD,clip,ISD_DadongSquare_DadongSquare3_DSQ3047,ISD_DadongSquare_DadongSquare3_DSQ3047,train,,0.1.0,datasets/ISD/data/clips.csv,85f028776eab8e6db296ff31f5dc731f12ab8eab07de8534fb22bfee945fdfd0
mosaiq-benchmark-v0.1-candidate-20260716,mosaiq-benchmark,0.1.0-dev,iso_paq_regression,0.1.0,ISD,clip,ISD_DadongSquare_DadongSquare3_DSQ3048,ISD_DadongSquare_DadongSquare3_DSQ3048,train,,0.1.0,datasets/ISD/data/clips.csv,dcd191a778473896d8e02c65d92fb0370b339b5b8b298f2375f14a5b8dbeaa07
mosaiq-benchmark-v0.1-candidate-20260716,mosaiq-benchmark,0.1.0-dev,iso_paq_regression,0.1.0,ISD,clip,ISD_DadongSquare_DadongSquare3_DSQ3049,ISD_DadongSquare_DadongSquare3_DSQ3049,train,,0.1.0,datasets/ISD/data/clips.csv,43c704a5c0817257e5839d96c2c53eb1cfb91f7ffb8e3afc5573702478fbf8ec
mosaiq-benchmark-v0.1-candidate-20260716,mosaiq-benchmark,0.1.0-dev,iso_paq_regression,0.1.0,ISD,clip,ISD_DadongSquare_DadongSquare3_DSQ3050,ISD_DadongSquare_DadongSquare3_DSQ3050,train,,0.1.0,datasets/ISD/data/clips.csv,591638a458a86efa367dc11394867326598a6b2989b1f158a8ceda0115c44221
mosaiq-benchmark-v0.1-candidate-20260716,mosaiq-benchmark,0.1.0-dev,iso_paq_regression,0.1.0,ISD,clip,ISD_DadongSquare_DadongSquare3_DSQ3051,ISD_DadongSquare_DadongSquare3_DSQ3051,train,,0.1.0,datasets/ISD/data/clips.csv,f4eaf3ce76d716e315018fe50ed1c4ed005f4622f4b499c5fc6d2714d4e359fb
mosaiq-benchmark-v0.1-candidate-20260716,mosaiq-benchmark,0.1.0-dev,iso_paq_regression,0.1.0,ISD,clip,ISD_DadongSquare_DadongSquare3_DSQ3052,ISD_DadongSquare_DadongSquare3_DSQ3052,train,,0.1.0,datasets/ISD/data/clips.csv,c1a9f0dc379871445cc6da380cb1cc161143d7720b228c4a0caf4df60e1bfbc9
mosaiq-benchmark-v0.1-candidate-20260716,mosaiq-benchmark,0.1.0-dev,iso_paq_regression,0.1.0,ISD,clip,ISD_DadongSquare_DadongSquare3_DSQ3053,ISD_DadongSquare_DadongSquare3_DSQ3053,train,,0.1.0,datasets/ISD/data/clips.csv,409097337dee85b0a26be2a15e4f050c203be8b58aa15191701acec6f5458864
mosaiq-benchmark-v0.1-candidate-20260716,mosaiq-benchmark,0.1.0-dev,iso_paq_regression,0.1.0,ISD,clip,ISD_DadongSquare_DadongSquare3_DSQ3054,ISD_DadongSquare_DadongSquare3_DSQ3054,train,,0.1.0,datasets/ISD/data/clips.csv,62f8063af667dcce871a55881de74038c0151ed2d75f64e0317db19d89c64247
mosaiq-benchmark-v0.1-candidate-20260716,mosaiq-benchmark,0.1.0-dev,iso_paq_regression,0.1.0,ISD,clip,ISD_DadongSquare_DadongSquare3_DSQ3055,ISD_DadongSquare_DadongSquare3_DSQ3055,train,,0.1.0,datasets/ISD/data/clips.csv,75891a258bdf7f910eedb783c3763f82ebb6ebffb2c702c0cf8d97b536ab38dd
mosaiq-benchmark-v0.1-candidate-20260716,mosaiq-benchmark,0.1.0-dev,iso_paq_regression,0.1.0,ISD,clip,ISD_DadongSquare_DadongSquare3_DSQ3056,ISD_DadongSquare_DadongSquare3_DSQ3056,train,,0.1.0,datasets/ISD/data/clips.csv,5d916580245d975efce63af3d3a8593085501f0ac31daf312bf2808d0febc4cd
mosaiq-benchmark-v0.1-candidate-20260716,mosaiq-benchmark,0.1.0-dev,iso_paq_regression,0.1.0,ISD,clip,ISD_DadongSquare_DadongSquare3_DSQ3057,ISD_DadongSquare_DadongSquare3_DSQ3057,train,,0.1.0,datasets/ISD/data/clips.csv,35774f49270c25ccb031222b7cbb963c3f9c629dabef362319f71ff347ba3169
mosaiq-benchmark-v0.1-candidate-20260716,mosaiq-benchmark,0.1.0-dev,iso_paq_regression,0.1.0,ISD,clip,ISD_DadongSquare_DadongSquare3_DSQ3058,ISD_DadongSquare_DadongSquare3_DSQ3058,train,,0.1.0,datasets/ISD/data/clips.csv,10c2d05707688bdf094f3a705a42e9fcd8bfddc20332f70ff30341b98b121831
mosaiq-benchmark-v0.1-candidate-20260716,mosaiq-benchmark,0.1.0-dev,iso_paq_regression,0.1.0,ISD,clip,ISD_DadongSquare_DadongSquare3_DSQ3059,ISD_DadongSquare_DadongSquare3_DSQ3059,train,,0.1.0,datasets/ISD/data/clips.csv,ed75f297b15e8283b700ee47328cfa0cde6fafa20ea3c5ba2b7a080488c5ccce
mosaiq-benchmark-v0.1-candidate-20260716,mosaiq-benchmark,0.1.0-dev,iso_paq_regression,0.1.0,ISD,clip,ISD_DadongSquare_DadongSquare3_DSQ3060,ISD_DadongSquare_DadongSquare3_DSQ3060,train,,0.1.0,datasets/ISD/data/clips.csv,cd5e6e865d7c5cfa115a3e3bc2e1c5bc9b33ca8e09c96eb3f8e451ab757a4cbb
mosaiq-benchmark-v0.1-candidate-20260716,mosaiq-benchmark,0.1.0-dev,iso_paq_regression,0.1.0,ISD,clip,ISD_DadongSquare_DadongSquare3_DSQ3061,ISD_DadongSquare_DadongSquare3_DSQ3061,train,,0.1.0,datasets/ISD/data/clips.csv,aeaa02e4ef1439df9b66db374d9cb93a8b4c4fc0296db2c81064844638bdb859
mosaiq-benchmark-v0.1-candidate-20260716,mosaiq-benchmark,0.1.0-dev,iso_paq_regression,0.1.0,ISD,clip,ISD_DadongSquare_DadongSquare3_DSQ3062,ISD_DadongSquare_DadongSquare3_DSQ3062,train,,0.1.0,datasets/ISD/data/clips.csv,fd6979b754b7832b3465b2d0e72cfc1ca48d84babbfa43563589004deed0bf71
mosaiq-benchmark-v0.1-candidate-20260716,mosaiq-benchmark,0.1.0-dev,iso_paq_regression,0.1.0,ISD,clip,ISD_DadongSquare_DadongSquare3_DSQ3063,ISD_DadongSquare_DadongSquare3_DSQ3063,train,,0.1.0,datasets/ISD/data/clips.csv,6fd8af1b20bc8e9661ff1e6b7157ce3f68174fc82a8a214a5028ae204c7470d7
mosaiq-benchmark-v0.1-candidate-20260716,mosaiq-benchmark,0.1.0-dev,iso_paq_regression,0.1.0,ISD,clip,ISD_DadongSquare_DadongSquare3_DSQ3064,ISD_DadongSquare_DadongSquare3_DSQ3064,train,,0.1.0,datasets/ISD/data/clips.csv,03dc9f825c8ee57db39f016fdad1ce7acdb82eebdbffc57d36a3a724f4d8fe85
mosaiq-benchmark-v0.1-candidate-20260716,mosaiq-benchmark,0.1.0-dev,iso_paq_regression,0.1.0,ISD,clip,ISD_DadongSquare_DadongSquare3_DSQ3065,ISD_DadongSquare_DadongSquare3_DSQ3065,train,,0.1.0,datasets/ISD/data/clips.csv,306022454c2cc64b2eaa986c344c8044525fb3e1c63d46918b810754cfb07f01
mosaiq-benchmark-v0.1-candidate-20260716,mosaiq-benchmark,0.1.0-dev,iso_paq_regression,0.1.0,ISD,clip,ISD_DadongSquare_DadongSquare3_DSQ3066,ISD_DadongSquare_DadongSquare3_DSQ3066,train,,0.1.0,datasets/ISD/data/clips.csv,33570b660a99f4cd8cd098888b28ab6212de6fe1fc2b175725861e52b8befd71
mosaiq-benchmark-v0.1-candidate-20260716,mosaiq-benchmark,0.1.0-dev,iso_paq_regression,0.1.0,ISD,clip,ISD_DadongSquare_DadongSquare3_DSQ3067,ISD_DadongSquare_DadongSquare3_DSQ3067,train,,0.1.0,datasets/ISD/data/clips.csv,66ed06981ff756965b18f76c8e5ae147a434e693c5fb411b4943ebb5633aae2f
mosaiq-benchmark-v0.1-candidate-20260716,mosaiq-benchmark,0.1.0-dev,iso_paq_regression,0.1.0,ISD,clip,ISD_DadongSquare_DadongSquare3_DSQ3068,ISD_DadongSquare_DadongSquare3_DSQ3068,train,,0.1.0,datasets/ISD/data/clips.csv,cd65273da4f01087a110b616efded1431403df66825170eb45d9668782233996
mosaiq-benchmark-v0.1-candidate-20260716,mosaiq-benchmark,0.1.0-dev,iso_paq_regression,0.1.0,ISD,clip,ISD_DadongSquare_DadongSquare3_DSQ3069,ISD_DadongSquare_DadongSquare3_DSQ3069,train,,0.1.0,datasets/ISD/data/clips.csv,52bc6c5ceeb36991b7aea0acb57ec074ab2410f14021a7b3d74767b81683e44b
mosaiq-benchmark-v0.1-candidate-20260716,mosaiq-benchmark,0.1.0-dev,iso_paq_regression,0.1.0,ISD,clip,ISD_DadongSquare_DadongSquare3_DSQ3070,ISD_DadongSquare_DadongSquare3_DSQ3070,train,,0.1.0,datasets/ISD/data/clips.csv,43d2c795fb5fe2aafe4fcd756e01201593c907882471194487d5a485948d9919
mosaiq-benchmark-v0.1-candidate-20260716,mosaiq-benchmark,0.1.0-dev,iso_paq_regression,0.1.0,ISD,clip,ISD_DadongSquare_DadongSquare3_DSQ3071,ISD_DadongSquare_DadongSquare3_DSQ3071,train,,0.1.0,datasets/ISD/data/clips.csv,350abe3e6270a09a34e5fc49807b685dd7a40826845416544f37554be4203d4a
mosaiq-benchmark-v0.1-candidate-20260716,mosaiq-benchmark,0.1.0-dev,iso_paq_regression,0.1.0,ISD,clip,ISD_DadongSquare_DadongSquare3_DSQ3072,ISD_DadongSquare_DadongSquare3_DSQ3072,train,,0.1.0,datasets/ISD/data/clips.csv,b6b3d9c660a7476772447f4301507b9f582f0201bb1ebb33c0d076b8ba024739
mosaiq-benchmark-v0.1-candidate-20260716,mosaiq-benchmark,0.1.0-dev,iso_paq_regression,0.1.0,ISD,clip,ISD_DadongSquare_DadongSquare3_DSQ3073,ISD_DadongSquare_DadongSquare3_DSQ3073,train,,0.1.0,datasets/ISD/data/clips.csv,187b80cfc00661b84dd47b7f5deb030c49b2a3907f2e547fcd9e0b1b83bf72e3
mosaiq-benchmark-v0.1-candidate-20260716,mosaiq-benchmark,0.1.0-dev,iso_paq_regression,0.1.0,ISD,clip,ISD_DadongSquare_DadongSquare3_DSQ3074,ISD_DadongSquare_DadongSquare3_DSQ3074,train,,0.1.0,datasets/ISD/data/clips.csv,66f0e5f161e3ea5f51c684c637d9ab244af3e3eb694bbb8a6d0dfaf2be76a662
mosaiq-benchmark-v0.1-candidate-20260716,mosaiq-benchmark,0.1.0-dev,iso_paq_regression,0.1.0,ISD,clip,ISD_DadongSquare_DadongSquare3_DSQ3075,ISD_DadongSquare_DadongSquare3_DSQ3075,train,,0.1.0,datasets/ISD/data/clips.csv,7148df2667434f57d9a554f10764d5567cd00df155f2e6c6ba31929fc9a0946c
mosaiq-benchmark-v0.1-candidate-20260716,mosaiq-benchmark,0.1.0-dev,iso_paq_regression,0.1.0,ISD,clip,ISD_DadongSquare_DadongSquare3_DSQ3076,ISD_DadongSquare_DadongSquare3_DSQ3076,train,,0.1.0,datasets/ISD/data/clips.csv,d3caf907df3f7738cab5b17a0216763e957d4eb44b0d97804067307c34f7f203
mosaiq-benchmark-v0.1-candidate-20260716,mosaiq-benchmark,0.1.0-dev,iso_paq_regression,0.1.0,ISD,clip,ISD_DadongSquare_DadongSquare3_DSQ3077,ISD_DadongSquare_DadongSquare3_DSQ3077,train,,0.1.0,datasets/ISD/data/clips.csv,bc8dac31d34902d51b5cafd9f56ce03abdbbc9299618c5a375e490d1a49f3d26
mosaiq-benchmark-v0.1-candidate-20260716,mosaiq-benchmark,0.1.0-dev,iso_paq_regression,0.1.0,ISD,clip,ISD_DadongSquare_DadongSquare3_DSQ3078,ISD_DadongSquare_DadongSquare3_DSQ3078,train,,0.1.0,datasets/ISD/data/clips.csv,5dc9cd89c4d23a262efe8486cda92839a543dab8da16009a8ecb1f716ae77cc6
mosaiq-benchmark-v0.1-candidate-20260716,mosaiq-benchmark,0.1.0-dev,iso_paq_regression,0.1.0,ISD,clip,ISD_DadongSquare_DadongSquare3_DSQ3079,ISD_DadongSquare_DadongSquare3_DSQ3079,train,,0.1.0,datasets/ISD/data/clips.csv,e058d39bef6c5fa6f92b0396634c8dc9dd3d06157de5efc69c8dff3b286f8d92
mosaiq-benchmark-v0.1-candidate-20260716,mosaiq-benchmark,0.1.0-dev,iso_paq_regression,0.1.0,ISD,clip,ISD_DadongSquare_DadongSquare3_DSQ3080,ISD_DadongSquare_DadongSquare3_DSQ3080,train,,0.1.0,datasets/ISD/data/clips.csv,2e8bf66550cd6f658bdc085795bf128710d674b848f8c8326b39f9cca9936596
mosaiq-benchmark-v0.1-candidate-20260716,mosaiq-benchmark,0.1.0-dev,iso_paq_regression,0.1.0,ISD,clip,ISD_DadongSquare_DadongSquare3_DSQ3081,ISD_DadongSquare_DadongSquare3_DSQ3081,train,,0.1.0,datasets/ISD/data/clips.csv,1fd306a05ccb2428f61872befe280dc92299c2ded11d1beddd4bde4d5e887e1a
mosaiq-benchmark-v0.1-candidate-20260716,mosaiq-benchmark,0.1.0-dev,iso_paq_regression,0.1.0,ISD,clip,ISD_DadongSquare_DadongSquare3_DSQ3082,ISD_DadongSquare_DadongSquare3_DSQ3082,train,,0.1.0,datasets/ISD/data/clips.csv,fa024886785457a035c20499f51e581b487647ce151422bfa92e29b43b14f2f1
mosaiq-benchmark-v0.1-candidate-20260716,mosaiq-benchmark,0.1.0-dev,iso_paq_regression,0.1.0,ISD,clip,ISD_DadongSquare_DadongSquare3_DSQ3083,ISD_DadongSquare_DadongSquare3_DSQ3083,train,,0.1.0,datasets/ISD/data/clips.csv,2e85ff2710a6db472ff4e74d64856c0943f0c8412619e6d390d0addb0cb28edc
mosaiq-benchmark-v0.1-candidate-20260716,mosaiq-benchmark,0.1.0-dev,iso_paq_regression,0.1.0,ISD,clip,ISD_DadongSquare_DadongSquare3_DSQ3084,ISD_DadongSquare_DadongSquare3_DSQ3084,train,,0.1.0,datasets/ISD/data/clips.csv,6b439b0d02cbd59d0bdea4cc2f27bc282b4e1324c08957e150982583f4c8e44d
mosaiq-benchmark-v0.1-candidate-20260716,mosaiq-benchmark,0.1.0-dev,iso_paq_regression,0.1.0,ISD,clip,ISD_DadongSquare_DadongSquare3_DSQ3085,ISD_DadongSquare_DadongSquare3_DSQ3085,train,,0.1.0,datasets/ISD/data/clips.csv,58c9146ed4731fa039014d1fbff9c1b7dd290433db0646da12ddf1ed5b33634e
mosaiq-benchmark-v0.1-candidate-20260716,mosaiq-benchmark,0.1.0-dev,iso_paq_regression,0.1.0,ISD,clip,ISD_DadongSquare_DadongSquare3_DSQ3086,ISD_DadongSquare_DadongSquare3_DSQ3086,train,,0.1.0,datasets/ISD/data/clips.csv,0032adfa0aa985640938534a5f315024028853fbe7c50a52dcd7ecb4465280aa
mosaiq-benchmark-v0.1-candidate-20260716,mosaiq-benchmark,0.1.0-dev,iso_paq_regression,0.1.0,ISD,clip,ISD_DadongSquare_DadongSquare3_DSQ3087,ISD_DadongSquare_DadongSquare3_DSQ3087,train,,0.1.0,datasets/ISD/data/clips.csv,5e070c071e6658ac313790eefd632f6f619c4a9db8fb404818f8fe99d119c20f
mosaiq-benchmark-v0.1-candidate-20260716,mosaiq-benchmark,0.1.0-dev,iso_paq_regression,0.1.0,ISD,clip,ISD_DadongSquare_DadongSquare3_DSQ3088,ISD_DadongSquare_DadongSquare3_DSQ3088,train,,0.1.0,datasets/ISD/data/clips.csv,fed3e638b2b409cdd7d7fc3ccf2a4114a2ecc014e2808a88c9cfaac8d7e4f463
mosaiq-benchmark-v0.1-candidate-20260716,mosaiq-benchmark,0.1.0-dev,iso_paq_regression,0.1.0,ISD,clip,ISD_DadongSquare_DadongSquare3_DSQ3089,ISD_DadongSquare_DadongSquare3_DSQ3089,train,,0.1.0,datasets/ISD/data/clips.csv,efe7b906145899b20f8a5a575b9cba76fd6c3b99d426111a5aec26d0279743f4
mosaiq-benchmark-v0.1-candidate-20260716,mosaiq-benchmark,0.1.0-dev,iso_paq_regression,0.1.0,ISD,clip,ISD_DadongSquare_DadongSquare3_DSQ3090,ISD_DadongSquare_DadongSquare3_DSQ3090,train,,0.1.0,datasets/ISD/data/clips.csv,4db48b9d9fb2de146977a817767d26d2394cd6a08812b782e7f81aed47d56dd3
mosaiq-benchmark-v0.1-candidate-20260716,mosaiq-benchmark,0.1.0-dev,iso_paq_regression,0.1.0,ISD,clip,ISD_DadongSquare_DadongSquare3_DSQ3091,ISD_DadongSquare_DadongSquare3_DSQ3091,train,,0.1.0,datasets/ISD/data/clips.csv,ea48dc6c184ef43ebd542abb93a3bf6796a89ed391c096d6e5cf1b497e9f429e
mosaiq-benchmark-v0.1-candidate-20260716,mosaiq-benchmark,0.1.0-dev,iso_paq_regression,0.1.0,ISD,clip,ISD_DadongSquare_DadongSquare3_DSQ3092,ISD_DadongSquare_DadongSquare3_DSQ3092,train,,0.1.0,datasets/ISD/data/clips.csv,4c59a34253bd4bdba591c73539d2d495d33eb796c2ba4d910996e4fa876b9ead
mosaiq-benchmark-v0.1-candidate-20260716,mosaiq-benchmark,0.1.0-dev,iso_paq_regression,0.1.0,ISD,clip,ISD_DadongSquare_DadongSquare3_DSQ3093,ISD_DadongSquare_DadongSquare3_DSQ3093,train,,0.1.0,datasets/ISD/data/clips.csv,ff860184da468388d45d481b64f74529762693c7eef8932b584cb813d8c8e16c
mosaiq-benchmark-v0.1-candidate-20260716,mosaiq-benchmark,0.1.0-dev,iso_paq_regression,0.1.0,ISD,clip,ISD_DadongSquare_DadongSquare3_DSQ3094,ISD_DadongSquare_DadongSquare3_DSQ3094,train,,0.1.0,datasets/ISD/data/clips.csv,eefbef6b9c3f0b1621ab4deec7881907cd4e45dc2a534bcbd58ae209fa60d05a
mosaiq-benchmark-v0.1-candidate-20260716,mosaiq-benchmark,0.1.0-dev,iso_paq_regression,0.1.0,ISD,clip,ISD_DadongSquare_DadongSquare3_DSQ3095,ISD_DadongSquare_DadongSquare3_DSQ3095,train,,0.1.0,datasets/ISD/data/clips.csv,b7c5c521b8615a59fe6119908b149c755d7a9bd84e86819fdd8e45726f6b4147
mosaiq-benchmark-v0.1-candidate-20260716,mosaiq-benchmark,0.1.0-dev,iso_paq_regression,0.1.0,ISD,clip,ISD_DadongSquare_DadongSquare3_DSQ3096,ISD_DadongSquare_DadongSquare3_DSQ3096,train,,0.1.0,datasets/ISD/data/clips.csv,4442d7ed009a443b7449184eecbed7aab45f984e6c3948a8657057a1db522ce5
mosaiq-benchmark-v0.1-candidate-20260716,mosaiq-benchmark,0.1.0-dev,iso_paq_regression,0.1.0,ISD,clip,ISD_DadongSquare_DadongSquare3_DSQ3097,ISD_DadongSquare_DadongSquare3_DSQ3097,train,,0.1.0,datasets/ISD/data/clips.csv,ee89d6ed0e4a2ae86a0dcb07723af059e90a068bb75f4c1f696f969b7037beb8
mosaiq-benchmark-v0.1-candidate-20260716,mosaiq-benchmark,0.1.0-dev,iso_paq_regression,0.1.0,ISD,clip,ISD_DadongSquare_DadongSquare3_DSQ3098,ISD_DadongSquare_DadongSquare3_DSQ3098,train,,0.1.0,datasets/ISD/data/clips.csv,c0e29b454951d5d8d23eafd72995af1b3729d715a744710c6d32afdd495e050b
mosaiq-benchmark-v0.1-candidate-20260716,mosaiq-benchmark,0.1.0-dev,iso_paq_regression,0.1.0,ISD,clip,ISD_DadongSquare_DadongSquare3_DSQ3099,ISD_DadongSquare_DadongSquare3_DSQ3099,train,,0.1.0,datasets/ISD/data/clips.csv,8020dd6c4e8feec461da8d2d8bdb5eef6cc59cb7776f9e6fbc83e1e18ee8795f
mosaiq-benchmark-v0.1-candidate-20260716,mosaiq-benchmark,0.1.0-dev,iso_paq_regression,0.1.0,ISD,clip,ISD_DadongSquare_DadongSquare3_DSQ3100,ISD_DadongSquare_DadongSquare3_DSQ3100,train,,0.1.0,datasets/ISD/data/clips.csv,94627448dab45116c3bd69759ff4bc1addd909605cbb4f1969919e8904a3b85e
mosaiq-benchmark-v0.1-candidate-20260716,mosaiq-benchmark,0.1.0-dev,iso_paq_regression,0.1.0,ISD,clip,ISD_DadongSquare_DadongSquare4_DSQ4001,ISD_DadongSquare_DadongSquare4_DSQ4001,train,,0.1.0,datasets/ISD/data/clips.csv,45ffc2e129c1f7a339e6741f9c2da47c1a5f3fd8ddba17d65a385b35f29f9c42
mosaiq-benchmark-v0.1-candidate-20260716,mosaiq-benchmark,0.1.0-dev,iso_paq_regression,0.1.0,ISD,clip,ISD_DadongSquare_DadongSquare4_DSQ4002,ISD_DadongSquare_DadongSquare4_DSQ4002,train,,0.1.0,datasets/ISD/data/clips.csv,237eaf367a1dd84375a12f3dfff9cdad68b1c8d474e78c9b568fa0904287f8c5
mosaiq-benchmark-v0.1-candidate-20260716,mosaiq-benchmark,0.1.0-dev,iso_paq_regression,0.1.0,ISD,clip,ISD_DadongSquare_DadongSquare4_DSQ4003,ISD_DadongSquare_DadongSquare4_DSQ4003,train,,0.1.0,datasets/ISD/data/clips.csv,3abce5e4ee85c10220712fd10f5a71429c20a1920a08fce73d1aa7e94cfab88b
mosaiq-benchmark-v0.1-candidate-20260716,mosaiq-benchmark,0.1.0-dev,iso_paq_regression,0.1.0,ISD,clip,ISD_DadongSquare_DadongSquare4_DSQ4004,ISD_DadongSquare_DadongSquare4_DSQ4004,train,,0.1.0,datasets/ISD/data/clips.csv,dbb806d66a27425271c016c6e6a4b5de68d276cb40eda6e5504b26f37e7f468e
mosaiq-benchmark-v0.1-candidate-20260716,mosaiq-benchmark,0.1.0-dev,iso_paq_regression,0.1.0,ISD,clip,ISD_DadongSquare_DadongSquare4_DSQ4005,ISD_DadongSquare_DadongSquare4_DSQ4005,train,,0.1.0,datasets/ISD/data/clips.csv,ea6bb4e8da588fd96ad49199a5fbb263dd0b6a3e98d6d0744952eaa325289ba4
mosaiq-benchmark-v0.1-candidate-20260716,mosaiq-benchmark,0.1.0-dev,iso_paq_regression,0.1.0,ISD,clip,ISD_DadongSquare_DadongSquare4_DSQ4006,ISD_DadongSquare_DadongSquare4_DSQ4006,train,,0.1.0,datasets/ISD/data/clips.csv,f461c557bfa1a9494d63d91e3078c15bf3effc30eae5e3fa2365262c04494bb8
mosaiq-benchmark-v0.1-candidate-20260716,mosaiq-benchmark,0.1.0-dev,iso_paq_regression,0.1.0,ISD,clip,ISD_DadongSquare_DadongSquare4_DSQ4007,ISD_DadongSquare_DadongSquare4_DSQ4007,train,,0.1.0,datasets/ISD/data/clips.csv,7da4cd9750527ec092e0d9ea22477f268e5c88213a2f0091fbbe9dd1c508b571
mosaiq-benchmark-v0.1-candidate-20260716,mosaiq-benchmark,0.1.0-dev,iso_paq_regression,0.1.0,ISD,clip,ISD_DadongSquare_DadongSquare4_DSQ4008,ISD_DadongSquare_DadongSquare4_DSQ4008,train,,0.1.0,datasets/ISD/data/clips.csv,e213141ad7135f6485d2e48c0d77e7e619e11b1ab3b19bb8ade73a2c8413d3e9
mosaiq-benchmark-v0.1-candidate-20260716,mosaiq-benchmark,0.1.0-dev,iso_paq_regression,0.1.0,ISD,clip,ISD_DadongSquare_DadongSquare4_DSQ4009,ISD_DadongSquare_DadongSquare4_DSQ4009,train,,0.1.0,datasets/ISD/data/clips.csv,0be76cd3e19a03fdb9279a48a5188e8832488e25b6b5f12319c6caa0b27d1aaa
mosaiq-benchmark-v0.1-candidate-20260716,mosaiq-benchmark,0.1.0-dev,iso_paq_regression,0.1.0,ISD,clip,ISD_DadongSquare_DadongSquare4_DSQ4010,ISD_DadongSquare_DadongSquare4_DSQ4010,train,,0.1.0,datasets/ISD/data/clips.csv,a75e0128924c5917aced7d001df043aea8f53eb1bb0ac20a764db59a0faacd09
mosaiq-benchmark-v0.1-candidate-20260716,mosaiq-benchmark,0.1.0-dev,iso_paq_regression,0.1.0,ISD,clip,ISD_DadongSquare_DadongSquare4_DSQ4011,ISD_DadongSquare_DadongSquare4_DSQ4011,train,,0.1.0,datasets/ISD/data/clips.csv,864011740ac89665f059a079c0c0d47941470e5655f4a1afbdd0341d4c15dc57
mosaiq-benchmark-v0.1-candidate-20260716,mosaiq-benchmark,0.1.0-dev,iso_paq_regression,0.1.0,ISD,clip,ISD_DadongSquare_DadongSquare4_DSQ4012,ISD_DadongSquare_DadongSquare4_DSQ4012,train,,0.1.0,datasets/ISD/data/clips.csv,cb6466a032ce60b4235ff81730bb6645281b291f21fee1b7bc3d1627657977fc
mosaiq-benchmark-v0.1-candidate-20260716,mosaiq-benchmark,0.1.0-dev,iso_paq_regression,0.1.0,ISD,clip,ISD_DadongSquare_DadongSquare4_DSQ4013,ISD_DadongSquare_DadongSquare4_DSQ4013,train,,0.1.0,datasets/ISD/data/clips.csv,0dfb1a5a1f2ce792ac1d3f548e7bc86174516c6d17433bf28618489ecb4ca161
mosaiq-benchmark-v0.1-candidate-20260716,mosaiq-benchmark,0.1.0-dev,iso_paq_regression,0.1.0,ISD,clip,ISD_DadongSquare_DadongSquare4_DSQ4014,ISD_DadongSquare_DadongSquare4_DSQ4014,train,,0.1.0,datasets/ISD/data/clips.csv,b40010873b42649a0ef945afb905a75464359c8f3ebfdd59f499297ed579af90
mosaiq-benchmark-v0.1-candidate-20260716,mosaiq-benchmark,0.1.0-dev,iso_paq_regression,0.1.0,ISD,clip,ISD_DadongSquare_DadongSquare4_DSQ4015,ISD_DadongSquare_DadongSquare4_DSQ4015,train,,0.1.0,datasets/ISD/data/clips.csv,f1d42e19f0e46dfe0a247a413d62e5e852af54692dfb49adeed61737d3689717
mosaiq-benchmark-v0.1-candidate-20260716,mosaiq-benchmark,0.1.0-dev,iso_paq_regression,0.1.0,ISD,clip,ISD_DadongSquare_DadongSquare4_DSQ4016,ISD_DadongSquare_DadongSquare4_DSQ4016,train,,0.1.0,datasets/ISD/data/clips.csv,d479eb3b5fd5404acefca901be15451d9787f8a1786c2d585961986d0cc4dac6
mosaiq-benchmark-v0.1-candidate-20260716,mosaiq-benchmark,0.1.0-dev,iso_paq_regression,0.1.0,ISD,clip,ISD_DadongSquare_DadongSquare4_DSQ4017,ISD_DadongSquare_DadongSquare4_DSQ4017,train,,0.1.0,datasets/ISD/data/clips.csv,a4a7c057af1bff0cbb726e6cceba280a43d8e637641f10d3993a67b3afb50a1b
mosaiq-benchmark-v0.1-candidate-20260716,mosaiq-benchmark,0.1.0-dev,iso_paq_regression,0.1.0,ISD,clip,ISD_DadongSquare_DadongSquare4_DSQ4018,ISD_DadongSquare_DadongSquare4_DSQ4018,train,,0.1.0,datasets/ISD/data/clips.csv,0a2f2e645622f40c94c0af2cff13083230c0889ac7f1bea1d0808c39bbc99450
mosaiq-benchmark-v0.1-candidate-20260716,mosaiq-benchmark,0.1.0-dev,iso_paq_regression,0.1.0,ISD,clip,ISD_DadongSquare_DadongSquare4_DSQ4019,ISD_DadongSquare_DadongSquare4_DSQ4019,train,,0.1.0,datasets/ISD/data/clips.csv,47f9af3353875e40a0a5357e3308752897221a30a680d4e4f2c1c5c4cf180876
mosaiq-benchmark-v0.1-candidate-20260716,mosaiq-benchmark,0.1.0-dev,iso_paq_regression,0.1.0,ISD,clip,ISD_DadongSquare_DadongSquare4_DSQ4020,ISD_DadongSquare_DadongSquare4_DSQ4020,train,,0.1.0,datasets/ISD/data/clips.csv,68f56fc667242c45319ec007b106dc7bccfc1bfae0fe4b663382696c9761ccb3
mosaiq-benchmark-v0.1-candidate-20260716,mosaiq-benchmark,0.1.0-dev,iso_paq_regression,0.1.0,ISD,clip,ISD_DadongSquare_DadongSquare4_DSQ4021,ISD_DadongSquare_DadongSquare4_DSQ4021,train,,0.1.0,datasets/ISD/data/clips.csv,49c355e5c61e5e10157a1cfe5f99342d40b7fc2efbd1d2e9eace744b0fc82990
mosaiq-benchmark-v0.1-candidate-20260716,mosaiq-benchmark,0.1.0-dev,iso_paq_regression,0.1.0,ISD,clip,ISD_DadongSquare_DadongSquare4_DSQ4022,ISD_DadongSquare_DadongSquare4_DSQ4022,train,,0.1.0,datasets/ISD/data/clips.csv,71d793d8515c867cdab8d82972159aec0680b60a9ef23e8518faffff4994593c
mosaiq-benchmark-v0.1-candidate-20260716,mosaiq-benchmark,0.1.0-dev,iso_paq_regression,0.1.0,ISD,clip,ISD_DadongSquare_DadongSquare4_DSQ4023,ISD_DadongSquare_DadongSquare4_DSQ4023,train,,0.1.0,datasets/ISD/data/clips.csv,e6aab1d41746223706ac71f6eaa521d69c985645b2196051c8d547fe9cb5f3d0
mosaiq-benchmark-v0.1-candidate-20260716,mosaiq-benchmark,0.1.0-dev,iso_paq_regression,0.1.0,ISD,clip,ISD_DadongSquare_DadongSquare4_DSQ4024,ISD_DadongSquare_DadongSquare4_DSQ4024,train,,0.1.0,datasets/ISD/data/clips.csv,45132b4d412b1be99b9e7a3380818f6448200dbec5277ce5caf4438c7003957d
mosaiq-benchmark-v0.1-candidate-20260716,mosaiq-benchmark,0.1.0-dev,iso_paq_regression,0.1.0,ISD,clip,ISD_DadongSquare_DadongSquare4_DSQ4025,ISD_DadongSquare_DadongSquare4_DSQ4025,train,,0.1.0,datasets/ISD/data/clips.csv,aa86d357275c866625098a96b3465aebc4040d0e17ffe933fc6e327f5637b6f4
mosaiq-benchmark-v0.1-candidate-20260716,mosaiq-benchmark,0.1.0-dev,iso_paq_regression,0.1.0,ISD,clip,ISD_DadongSquare_DadongSquare4_DSQ4026,ISD_DadongSquare_DadongSquare4_DSQ4026,train,,0.1.0,datasets/ISD/data/clips.csv,c2367387cbe9241e6181c4a6f9a31967cbe9e073396bda0ab93153a70d07ccbb
mosaiq-benchmark-v0.1-candidate-20260716,mosaiq-benchmark,0.1.0-dev,iso_paq_regression,0.1.0,ISD,clip,ISD_DadongSquare_DadongSquare4_DSQ4027,ISD_DadongSquare_DadongSquare4_DSQ4027,train,,0.1.0,datasets/ISD/data/clips.csv,3724b51feecb88157c3f4e8fcb755ae3d99dc769c6eee3da6b800db9ed986bb4
mosaiq-benchmark-v0.1-candidate-20260716,mosaiq-benchmark,0.1.0-dev,iso_paq_regression,0.1.0,ISD,clip,ISD_DadongSquare_DadongSquare4_DSQ4028,ISD_DadongSquare_DadongSquare4_DSQ4028,train,,0.1.0,datasets/ISD/data/clips.csv,37247c9eafd443a4a313ec1335f6387a94615a7f2d15106fe65901036f362805
mosaiq-benchmark-v0.1-candidate-20260716,mosaiq-benchmark,0.1.0-dev,iso_paq_regression,0.1.0,ISD,clip,ISD_DadongSquare_DadongSquare4_DSQ4029,ISD_DadongSquare_DadongSquare4_DSQ4029,train,,0.1.0,datasets/ISD/data/clips.csv,80a66028993a8ef5a142434f651ef6bb1f7f1a32c01c40c23712c4af2bcf3974
mosaiq-benchmark-v0.1-candidate-20260716,mosaiq-benchmark,0.1.0-dev,iso_paq_regression,0.1.0,ISD,clip,ISD_DadongSquare_DadongSquare4_DSQ4030,ISD_DadongSquare_DadongSquare4_DSQ4030,train,,0.1.0,datasets/ISD/data/clips.csv,d57c6a47ebb4b226e306d0e42f096cb6a009529b2f6edea42c85ba5edd955918
mosaiq-benchmark-v0.1-candidate-20260716,mosaiq-benchmark,0.1.0-dev,iso_paq_regression,0.1.0,ISD,clip,ISD_DadongSquare_DadongSquare4_DSQ4031,ISD_DadongSquare_DadongSquare4_DSQ4031,train,,0.1.0,datasets/ISD/data/clips.csv,70e0b5700f290373c51d449e2ab5c5ef8d52bf85e1c17e97d9ee69f5666ee406
mosaiq-benchmark-v0.1-candidate-20260716,mosaiq-benchmark,0.1.0-dev,iso_paq_regression,0.1.0,ISD,clip,ISD_DadongSquare_DadongSquare4_DSQ4032,ISD_DadongSquare_DadongSquare4_DSQ4032,train,,0.1.0,datasets/ISD/data/clips.csv,4d1c2bb654dc42867ef0bb4c464f0206be0f180c82904b3640e17c366552f3be
mosaiq-benchmark-v0.1-candidate-20260716,mosaiq-benchmark,0.1.0-dev,iso_paq_regression,0.1.0,ISD,clip,ISD_DadongSquare_DadongSquare4_DSQ4033,ISD_DadongSquare_DadongSquare4_DSQ4033,train,,0.1.0,datasets/ISD/data/clips.csv,b449e0688d44443e380f63f7b6846f29fedb405fc0ddff4f87fa6a04028e98e5
mosaiq-benchmark-v0.1-candidate-20260716,mosaiq-benchmark,0.1.0-dev,iso_paq_regression,0.1.0,ISD,clip,ISD_DadongSquare_DadongSquare4_DSQ4034,ISD_DadongSquare_DadongSquare4_DSQ4034,train,,0.1.0,datasets/ISD/data/clips.csv,13efce1b92afaef1340c1ea336c317d808709339c86289c6565eee460481ebb0
mosaiq-benchmark-v0.1-candidate-20260716,mosaiq-benchmark,0.1.0-dev,iso_paq_regression,0.1.0,ISD,clip,ISD_DadongSquare_DadongSquare4_DSQ4035,ISD_DadongSquare_DadongSquare4_DSQ4035,train,,0.1.0,datasets/ISD/data/clips.csv,8500a3f495622c0c77ac80114e6a38a9c7bf41dc9b4f19a8a5c3432eacd7aa23
mosaiq-benchmark-v0.1-candidate-20260716,mosaiq-benchmark,0.1.0-dev,iso_paq_regression,0.1.0,ISD,clip,ISD_DadongSquare_DadongSquare4_DSQ4036,ISD_DadongSquare_DadongSquare4_DSQ4036,train,,0.1.0,datasets/ISD/data/clips.csv,629b5e8a9ec94aedc7420935ae06bf2d346b1043b0c4127b9de23151390761e6
mosaiq-benchmark-v0.1-candidate-20260716,mosaiq-benchmark,0.1.0-dev,iso_paq_regression,0.1.0,ISD,clip,ISD_DadongSquare_DadongSquare4_DSQ4037,ISD_DadongSquare_DadongSquare4_DSQ4037,train,,0.1.0,datasets/ISD/data/clips.csv,e3a7bd62aedee6b0118bf4f585321729fcb61caa95bb9367bfbfeeaa7a2c38c7
mosaiq-benchmark-v0.1-candidate-20260716,mosaiq-benchmark,0.1.0-dev,iso_paq_regression,0.1.0,ISD,clip,ISD_DadongSquare_DadongSquare4_DSQ4038,ISD_DadongSquare_DadongSquare4_DSQ4038,train,,0.1.0,datasets/ISD/data/clips.csv,ab16bfd310fbb9ac49c56ae8bbc274112e2df8d004d5395f71b3cfb9d2122664
mosaiq-benchmark-v0.1-candidate-20260716,mosaiq-benchmark,0.1.0-dev,iso_paq_regression,0.1.0,ISD,clip,ISD_DadongSquare_DadongSquare4_DSQ4039,ISD_DadongSquare_DadongSquare4_DSQ4039,train,,0.1.0,datasets/ISD/data/clips.csv,59f89693e59966f51766c251b5cc3898c8400e4e597c3e76c72846b43d87f9da
mosaiq-benchmark-v0.1-candidate-20260716,mosaiq-benchmark,0.1.0-dev,iso_paq_regression,0.1.0,ISD,clip,ISD_DadongSquare_DadongSquare4_DSQ4040,ISD_DadongSquare_DadongSquare4_DSQ4040,train,,0.1.0,datasets/ISD/data/clips.csv,f1f1c80e84618adbc9dfe89d2062d51d208b2ff08428c8b9aee0810e64aa65dc
mosaiq-benchmark-v0.1-candidate-20260716,mosaiq-benchmark,0.1.0-dev,iso_paq_regression,0.1.0,ISD,clip,ISD_DadongSquare_DadongSquare4_DSQ4041,ISD_DadongSquare_DadongSquare4_DSQ4041,train,,0.1.0,datasets/ISD/data/clips.csv,4278e24f7428c13d351d907cc1694098208598bfef847e0a0f48119f49d13f70
mosaiq-benchmark-v0.1-candidate-20260716,mosaiq-benchmark,0.1.0-dev,iso_paq_regression,0.1.0,ISD,clip,ISD_DadongSquare_DadongSquare4_DSQ4042,ISD_DadongSquare_DadongSquare4_DSQ4042,train,,0.1.0,datasets/ISD/data/clips.csv,e9e21e24226bae87b96a3ca88c1d00f2ddbeb515e2a1d178fe742118ae48ff8e
mosaiq-benchmark-v0.1-candidate-20260716,mosaiq-benchmark,0.1.0-dev,iso_paq_regression,0.1.0,ISD,clip,ISD_DadongSquare_DadongSquare4_DSQ4043,ISD_DadongSquare_DadongSquare4_DSQ4043,train,,0.1.0,datasets/ISD/data/clips.csv,607ef89dffe806d0286156700bb26847eff1ac4b1c408bb3cb130abc919021d3
mosaiq-benchmark-v0.1-candidate-20260716,mosaiq-benchmark,0.1.0-dev,iso_paq_regression,0.1.0,ISD,clip,ISD_DadongSquare_DadongSquare4_DSQ4044,ISD_DadongSquare_DadongSquare4_DSQ4044,train,,0.1.0,datasets/ISD/data/clips.csv,10109564871b71136170942eb91243b7a73320d24a3a7d7cdbf4710a8ee93454
mosaiq-benchmark-v0.1-candidate-20260716,mosaiq-benchmark,0.1.0-dev,iso_paq_regression,0.1.0,ISD,clip,ISD_DadongSquare_DadongSquare4_DSQ4045,ISD_DadongSquare_DadongSquare4_DSQ4045,train,,0.1.0,datasets/ISD/data/clips.csv,e8ed1e5c162e71463578c25de5a19bba5947e42eb9f728a313033b03e5f1e174
mosaiq-benchmark-v0.1-candidate-20260716,mosaiq-benchmark,0.1.0-dev,iso_paq_regression,0.1.0,ISD,clip,ISD_DadongSquare_DadongSquare4_DSQ4046,ISD_DadongSquare_DadongSquare4_DSQ4046,train,,0.1.0,datasets/ISD/data/clips.csv,b02e3c01d597976ec91b18426a7eaadfa1f02d7af2e40d3fdc1c294757e542bc
mosaiq-benchmark-v0.1-candidate-20260716,mosaiq-benchmark,0.1.0-dev,iso_paq_regression,0.1.0,ISD,clip,ISD_DadongSquare_DadongSquare4_DSQ4047,ISD_DadongSquare_DadongSquare4_DSQ4047,train,,0.1.0,datasets/ISD/data/clips.csv,b80f380b3403d879b2051e2d3c48e16e909e99ff323dccc76d978328792fd39b
mosaiq-benchmark-v0.1-candidate-20260716,mosaiq-benchmark,0.1.0-dev,iso_paq_regression,0.1.0,ISD,clip,ISD_DadongSquare_DadongSquare4_DSQ4048,ISD_DadongSquare_DadongSquare4_DSQ4048,train,,0.1.0,datasets/ISD/data/clips.csv,d5a0345ef59acae2cd019b644d5943926d5f57b3809bc5b07712c703b8852be6
mosaiq-benchmark-v0.1-candidate-20260716,mosaiq-benchmark,0.1.0-dev,iso_paq_regression,0.1.0,ISD,clip,ISD_DadongSquare_DadongSquare4_DSQ4049,ISD_DadongSquare_DadongSquare4_DSQ4049,train,,0.1.0,datasets/ISD/data/clips.csv,17d6a69ff38a41dc061fc7b0befb499113de41fe5ef1a8a500e67dbb4816cd25
mosaiq-benchmark-v0.1-candidate-20260716,mosaiq-benchmark,0.1.0-dev,iso_paq_regression,0.1.0,ISD,clip,ISD_DadongSquare_DadongSquare4_DSQ4050,ISD_DadongSquare_DadongSquare4_DSQ4050,train,,0.1.0,datasets/ISD/data/clips.csv,c2c998905bcb07f1fc0468e01b7e4d9f3aa1429eb173df3e3311198e3405d31a
mosaiq-benchmark-v0.1-candidate-20260716,mosaiq-benchmark,0.1.0-dev,iso_paq_regression,0.1.0,ISD,clip,ISD_DadongSquare_DadongSquare4_DSQ4051,ISD_DadongSquare_DadongSquare4_DSQ4051,train,,0.1.0,datasets/ISD/data/clips.csv,9befaff4d4e1d807dff0abfffa51fc0119be988143689fd3e3275f9fcb24eb25
mosaiq-benchmark-v0.1-candidate-20260716,mosaiq-benchmark,0.1.0-dev,iso_paq_regression,0.1.0,ISD,clip,ISD_DadongSquare_DadongSquare4_DSQ4052,ISD_DadongSquare_DadongSquare4_DSQ4052,train,,0.1.0,datasets/ISD/data/clips.csv,db00cc7f68ec3c50c932a9b1e76638a2c44df42d92d3c33627f18083adb9e423
mosaiq-benchmark-v0.1-candidate-20260716,mosaiq-benchmark,0.1.0-dev,iso_paq_regression,0.1.0,ISD,clip,ISD_DadongSquare_DadongSquare4_DSQ4053,ISD_DadongSquare_DadongSquare4_DSQ4053,train,,0.1.0,datasets/ISD/data/clips.csv,8242c2fecd7f4d6f19ff71ad62dff110df84152f7d6e079d24a2a2cd1013496b
mosaiq-benchmark-v0.1-candidate-20260716,mosaiq-benchmark,0.1.0-dev,iso_paq_regression,0.1.0,ISD,clip,ISD_DadongSquare_DadongSquare4_DSQ4054,ISD_DadongSquare_DadongSquare4_DSQ4054,train,,0.1.0,datasets/ISD/data/clips.csv,c00f35f8a52bc1651a40a739822f45b57e90a11a07d203edb92d0a3457e7c669
mosaiq-benchmark-v0.1-candidate-20260716,mosaiq-benchmark,0.1.0-dev,iso_paq_regression,0.1.0,ISD,clip,ISD_DadongSquare_DadongSquare4_DSQ4055,ISD_DadongSquare_DadongSquare4_DSQ4055,train,,0.1.0,datasets/ISD/data/clips.csv,c018a8f7f1556fb27a2243c9d77ea7b89e365860052cbec0f8b37b3d036a67ff
mosaiq-benchmark-v0.1-candidate-20260716,mosaiq-benchmark,0.1.0-dev,iso_paq_regression,0.1.0,ISD,clip,ISD_DadongSquare_DadongSquare4_DSQ4056,ISD_DadongSquare_DadongSquare4_DSQ4056,train,,0.1.0,datasets/ISD/data/clips.csv,59dd5d7f917d0b6c122cb388167c22dc88be01fddc34c06de080703d18ce1ba6
mosaiq-benchmark-v0.1-candidate-20260716,mosaiq-benchmark,0.1.0-dev,iso_paq_regression,0.1.0,ISD,clip,ISD_DadongSquare_DadongSquare4_DSQ4057,ISD_DadongSquare_DadongSquare4_DSQ4057,train,,0.1.0,datasets/ISD/data/clips.csv,0ce5e05be149595e3b5a2973ba42b2e5bae3238d0f797598128400f492d8de64
mosaiq-benchmark-v0.1-candidate-20260716,mosaiq-benchmark,0.1.0-dev,iso_paq_regression,0.1.0,ISD,clip,ISD_DadongSquare_DadongSquare4_DSQ4058,ISD_DadongSquare_DadongSquare4_DSQ4058,train,,0.1.0,datasets/ISD/data/clips.csv,2024e395e144119c070e9bf74d5d7af4df470592023a01de2b2d01e1ea091dc6
mosaiq-benchmark-v0.1-candidate-20260716,mosaiq-benchmark,0.1.0-dev,iso_paq_regression,0.1.0,ISD,clip,ISD_DadongSquare_DadongSquare4_DSQ4059,ISD_DadongSquare_DadongSquare4_DSQ4059,train,,0.1.0,datasets/ISD/data/clips.csv,b9a37c5e94fe53cd3330069cc3d105a8679c7680420bd69b74ced189c3e7ecab
mosaiq-benchmark-v0.1-candidate-20260716,mosaiq-benchmark,0.1.0-dev,iso_paq_regression,0.1.0,ISD,clip,ISD_DadongSquare_DadongSquare4_DSQ4060,ISD_DadongSquare_DadongSquare4_DSQ4060,train,,0.1.0,datasets/ISD/data/clips.csv,44cdfe36f8b4690ba45a3278c16cc6cc962861db0d39bb8acce2dc0228985145
mosaiq-benchmark-v0.1-candidate-20260716,mosaiq-benchmark,0.1.0-dev,iso_paq_regression,0.1.0,ISD,clip,ISD_DadongSquare_DadongSquare4_DSQ4061,ISD_DadongSquare_DadongSquare4_DSQ4061,train,,0.1.0,datasets/ISD/data/clips.csv,136972b9408699106b029d1df59fa8c6044a9ceb9bbd9afe3a5596276611f12f
mosaiq-benchmark-v0.1-candidate-20260716,mosaiq-benchmark,0.1.0-dev,iso_paq_regression,0.1.0,ISD,clip,ISD_DadongSquare_DadongSquare4_DSQ4062,ISD_DadongSquare_DadongSquare4_DSQ4062,train,,0.1.0,datasets/ISD/data/clips.csv,f6998d710583453f4ce4e09f874ff67c82f6498e79125c6c1cdb0be901a41d17
mosaiq-benchmark-v0.1-candidate-20260716,mosaiq-benchmark,0.1.0-dev,iso_paq_regression,0.1.0,ISD,clip,ISD_DadongSquare_DadongSquare4_DSQ4063,ISD_DadongSquare_DadongSquare4_DSQ4063,train,,0.1.0,datasets/ISD/data/clips.csv,65f877e04efb1b01e6cf1cde777b9f6447c21cb4e57d91e17d704650f7a756b6
mosaiq-benchmark-v0.1-candidate-20260716,mosaiq-benchmark,0.1.0-dev,iso_paq_regression,0.1.0,ISD,clip,ISD_DadongSquare_DadongSquare4_DSQ4064,ISD_DadongSquare_DadongSquare4_DSQ4064,train,,0.1.0,datasets/ISD/data/clips.csv,b7c84a66d2ca82b51d1c26e505aa475fa20e6f481f8be9d485d5d03263b95cfb
mosaiq-benchmark-v0.1-candidate-20260716,mosaiq-benchmark,0.1.0-dev,iso_paq_regression,0.1.0,ISD,clip,ISD_DadongSquare_DadongSquare4_DSQ4065,ISD_DadongSquare_DadongSquare4_DSQ4065,train,,0.1.0,datasets/ISD/data/clips.csv,0e5ede49a559319815451b8a93591202e9147319a4a22f09b3d0978f88c576ea
mosaiq-benchmark-v0.1-candidate-20260716,mosaiq-benchmark,0.1.0-dev,iso_paq_regression,0.1.0,ISD,clip,ISD_DadongSquare_DadongSquare4_DSQ4066,ISD_DadongSquare_DadongSquare4_DSQ4066,train,,0.1.0,datasets/ISD/data/clips.csv,8874246510e0941f155dd1b5e9c6dec0abef9942adac60108ca8957912d54851
mosaiq-benchmark-v0.1-candidate-20260716,mosaiq-benchmark,0.1.0-dev,iso_paq_regression,0.1.0,ISD,clip,ISD_DadongSquare_DadongSquare4_DSQ4067,ISD_DadongSquare_DadongSquare4_DSQ4067,train,,0.1.0,datasets/ISD/data/clips.csv,93fa479601d9a57bcd630d20e6ff3a4e55f7f6087c39057f2d84165d79121899
mosaiq-benchmark-v0.1-candidate-20260716,mosaiq-benchmark,0.1.0-dev,iso_paq_regression,0.1.0,ISD,clip,ISD_DadongSquare_DadongSquare4_DSQ4068,ISD_DadongSquare_DadongSquare4_DSQ4068,train,,0.1.0,datasets/ISD/data/clips.csv,b0a2fb9b00e2e7eb3110f95ac63501358ecf577906947372b4366213e9c9462e
mosaiq-benchmark-v0.1-candidate-20260716,mosaiq-benchmark,0.1.0-dev,iso_paq_regression,0.1.0,ISD,clip,ISD_DadongSquare_DadongSquare4_DSQ4069,ISD_DadongSquare_DadongSquare4_DSQ4069,train,,0.1.0,datasets/ISD/data/clips.csv,05f331f00a6aa88de2303bd92fcfb2b22e505c0981e020fcb2596f0e0bb1fe58
mosaiq-benchmark-v0.1-candidate-20260716,mosaiq-benchmark,0.1.0-dev,iso_paq_regression,0.1.0,ISD,clip,ISD_DadongSquare_DadongSquare4_DSQ4070,ISD_DadongSquare_DadongSquare4_DSQ4070,train,,0.1.0,datasets/ISD/data/clips.csv,68236d1ebc4dd9e081f38411dc439a4d09fe949be2df098a44b6ade5e0d9ee76
mosaiq-benchmark-v0.1-candidate-20260716,mosaiq-benchmark,0.1.0-dev,iso_paq_regression,0.1.0,ISD,clip,ISD_DadongSquare_DadongSquare4_DSQ4071,ISD_DadongSquare_DadongSquare4_DSQ4071,train,,0.1.0,datasets/ISD/data/clips.csv,6d699402541bbba95fd0b2a29f3bc05c7316906c5005e02b803143d91448bb00
mosaiq-benchmark-v0.1-candidate-20260716,mosaiq-benchmark,0.1.0-dev,iso_paq_regression,0.1.0,ISD,clip,ISD_DadongSquare_DadongSquare4_DSQ4072,ISD_DadongSquare_DadongSquare4_DSQ4072,train,,0.1.0,datasets/ISD/data/clips.csv,96b6d187e40f08c77e1e6ab6491ebdcd50110c94d9cf6983f79b1057d7fdc3e7
mosaiq-benchmark-v0.1-candidate-20260716,mosaiq-benchmark,0.1.0-dev,iso_paq_regression,0.1.0,ISD,clip,ISD_DadongSquare_DadongSquare4_DSQ4073,ISD_DadongSquare_DadongSquare4_DSQ4073,train,,0.1.0,datasets/ISD/data/clips.csv,65983b74148dd04409974a6d4c5a9c7545c1d2b60d5dc3a89bab9c2d4872ac5f
mosaiq-benchmark-v0.1-candidate-20260716,mosaiq-benchmark,0.1.0-dev,iso_paq_regression,0.1.0,ISD,clip,ISD_DadongSquare_DadongSquare4_DSQ4074,ISD_DadongSquare_DadongSquare4_DSQ4074,train,,0.1.0,datasets/ISD/data/clips.csv,008f128a1d42ac7eb4bb47ed1072f52f8815f3ecbfdd3e3b46a71c40ee912712
mosaiq-benchmark-v0.1-candidate-20260716,mosaiq-benchmark,0.1.0-dev,iso_paq_regression,0.1.0,ISD,clip,ISD_DadongSquare_DadongSquare4_DSQ4075,ISD_DadongSquare_DadongSquare4_DSQ4075,train,,0.1.0,datasets/ISD/data/clips.csv,4bf109e17a9c89bd88243bbd9b4ec119678ac455bc6167d38f3f2a5843d57968
mosaiq-benchmark-v0.1-candidate-20260716,mosaiq-benchmark,0.1.0-dev,iso_paq_regression,0.1.0,ISD,clip,ISD_DadongSquare_DadongSquare4_DSQ4076,ISD_DadongSquare_DadongSquare4_DSQ4076,train,,0.1.0,datasets/ISD/data/clips.csv,28738551b76a0c95b07f531651af47a65eba6ecd5277c18f0657df4608394579
mosaiq-benchmark-v0.1-candidate-20260716,mosaiq-benchmark,0.1.0-dev,iso_paq_regression,0.1.0,ISD,clip,ISD_DadongSquare_DadongSquare4_DSQ4077,ISD_DadongSquare_DadongSquare4_DSQ4077,train,,0.1.0,datasets/ISD/data/clips.csv,0e86c272e85c7ce374ed6a04c95a7b30cc99f7fc0a9a7faec4163935ce5a9bd2
mosaiq-benchmark-v0.1-candidate-20260716,mosaiq-benchmark,0.1.0-dev,iso_paq_regression,0.1.0,ISD,clip,ISD_DadongSquare_DadongSquare4_DSQ4078,ISD_DadongSquare_DadongSquare4_DSQ4078,train,,0.1.0,datasets/ISD/data/clips.csv,b96c2966899c83fc5b0a7df9387c85b771ccb397dbac07ca731f0b304c1d8b71
mosaiq-benchmark-v0.1-candidate-20260716,mosaiq-benchmark,0.1.0-dev,iso_paq_regression,0.1.0,ISD,clip,ISD_DadongSquare_DadongSquare4_DSQ4079,ISD_DadongSquare_DadongSquare4_DSQ4079,train,,0.1.0,datasets/ISD/data/clips.csv,d56f8ccdb65c127da89de4c57fb035c0fda06ed97e4a78dc05bb980cc61548ca
mosaiq-benchmark-v0.1-candidate-20260716,mosaiq-benchmark,0.1.0-dev,iso_paq_regression,0.1.0,ISD,clip,ISD_DadongSquare_DadongSquare4_DSQ4080,ISD_DadongSquare_DadongSquare4_DSQ4080,train,,0.1.0,datasets/ISD/data/clips.csv,60f6e2671e8efea0669bd3d7ba5b44a90e900e84ef2a7418148e7b00569eb971
mosaiq-benchmark-v0.1-candidate-20260716,mosaiq-benchmark,0.1.0-dev,iso_paq_regression,0.1.0,ISD,clip,ISD_DadongSquare_DadongSquare4_DSQ4081,ISD_DadongSquare_DadongSquare4_DSQ4081,train,,0.1.0,datasets/ISD/data/clips.csv,642e8ca0fb9a050ac1f0a782e815152b01799549c8b482808023f80a45fa1fbf
mosaiq-benchmark-v0.1-candidate-20260716,mosaiq-benchmark,0.1.0-dev,iso_paq_regression,0.1.0,ISD,clip,ISD_DadongSquare_DadongSquare4_DSQ4082,ISD_DadongSquare_DadongSquare4_DSQ4082,train,,0.1.0,datasets/ISD/data/clips.csv,c3b3221c61b1b9858cc2e1d90c8e14b3c1cdbd22dec38f669d2afe945916d5df
mosaiq-benchmark-v0.1-candidate-20260716,mosaiq-benchmark,0.1.0-dev,iso_paq_regression,0.1.0,ISD,clip,ISD_DadongSquare_DadongSquare4_DSQ4083,ISD_DadongSquare_DadongSquare4_DSQ4083,train,,0.1.0,datasets/ISD/data/clips.csv,0746077c849867e5afbfa4eb6dd3d95bfab90e313b1b9e08e46cc96284c4b827
mosaiq-benchmark-v0.1-candidate-20260716,mosaiq-benchmark,0.1.0-dev,iso_paq_regression,0.1.0,ISD,clip,ISD_DadongSquare_DadongSquare4_DSQ4084,ISD_DadongSquare_DadongSquare4_DSQ4084,train,,0.1.0,datasets/ISD/data/clips.csv,a9ed2e18a58913ed86aa926ef2563c8666329edf1c919154bd220a24c4ba9469
mosaiq-benchmark-v0.1-candidate-20260716,mosaiq-benchmark,0.1.0-dev,iso_paq_regression,0.1.0,ISD,clip,ISD_DadongSquare_DadongSquare4_DSQ4085,ISD_DadongSquare_DadongSquare4_DSQ4085,train,,0.1.0,datasets/ISD/data/clips.csv,53d18ed2dcc702f3c03c21190b4cacc3d57138cd2efcafc7fa970eb4248e78b9
mosaiq-benchmark-v0.1-candidate-20260716,mosaiq-benchmark,0.1.0-dev,iso_paq_regression,0.1.0,ISD,clip,ISD_DadongSquare_DadongSquare4_DSQ4086,ISD_DadongSquare_DadongSquare4_DSQ4086,train,,0.1.0,datasets/ISD/data/clips.csv,62195db2a2ad862c57eced52e265c52e3a41b6831f1b286d00dc253f46bf2dd7
mosaiq-benchmark-v0.1-candidate-20260716,mosaiq-benchmark,0.1.0-dev,iso_paq_regression,0.1.0,ISD,clip,ISD_DadongSquare_DadongSquare4_DSQ4087,ISD_DadongSquare_DadongSquare4_DSQ4087,train,,0.1.0,datasets/ISD/data/clips.csv,a237a350481e7ad2a16b7369dbb731ee90c1df0f1092ec36c73edaf54d498c38
mosaiq-benchmark-v0.1-candidate-20260716,mosaiq-benchmark,0.1.0-dev,iso_paq_regression,0.1.0,ISD,clip,ISD_DadongSquare_DadongSquare4_DSQ4088,ISD_DadongSquare_DadongSquare4_DSQ4088,train,,0.1.0,datasets/ISD/data/clips.csv,d928755d330cafdb28e2edd5849df5617150c2f38fef4d71dd66d926e2c58c21
mosaiq-benchmark-v0.1-candidate-20260716,mosaiq-benchmark,0.1.0-dev,iso_paq_regression,0.1.0,ISD,clip,ISD_DadongSquare_DadongSquare4_DSQ4089,ISD_DadongSquare_DadongSquare4_DSQ4089,train,,0.1.0,datasets/ISD/data/clips.csv,128800bdd7d6cd70fec3a4b2f7681c1604a53881cb221a5060fcc05aba250f0c
mosaiq-benchmark-v0.1-candidate-20260716,mosaiq-benchmark,0.1.0-dev,iso_paq_regression,0.1.0,ISD,clip,ISD_DadongSquare_DadongSquare4_DSQ4090,ISD_DadongSquare_DadongSquare4_DSQ4090,train,,0.1.0,datasets/ISD/data/clips.csv,25d55caecafdea68121b5a78173bb28165637cd67c288dfb2e659647cc70272d
mosaiq-benchmark-v0.1-candidate-20260716,mosaiq-benchmark,0.1.0-dev,iso_paq_regression,0.1.0,ISD,clip,ISD_DadongSquare_DadongSquare4_DSQ4091,ISD_DadongSquare_DadongSquare4_DSQ4091,train,,0.1.0,datasets/ISD/data/clips.csv,1e6582439e5db10cfb8b89de0d1e10708e2933621343ee0b0022db99cdf8d1a0
mosaiq-benchmark-v0.1-candidate-20260716,mosaiq-benchmark,0.1.0-dev,iso_paq_regression,0.1.0,ISD,clip,ISD_DadongSquare_DadongSquare4_DSQ4092,ISD_DadongSquare_DadongSquare4_DSQ4092,train,,0.1.0,datasets/ISD/data/clips.csv,f88d0b3ee485595635f32d268dc0a4f06bb39c2bd770f3bae3923d3589f1ba49
mosaiq-benchmark-v0.1-candidate-20260716,mosaiq-benchmark,0.1.0-dev,iso_paq_regression,0.1.0,ISD,clip,ISD_DadongSquare_DadongSquare4_DSQ4093,ISD_DadongSquare_DadongSquare4_DSQ4093,train,,0.1.0,datasets/ISD/data/clips.csv,c8948b17552b35c80c57247b67ac3c7c7c30cfb0bb34abb2908395d81e0709f5
mosaiq-benchmark-v0.1-candidate-20260716,mosaiq-benchmark,0.1.0-dev,iso_paq_regression,0.1.0,ISD,clip,ISD_DadongSquare_DadongSquare4_DSQ4094,ISD_DadongSquare_DadongSquare4_DSQ4094,train,,0.1.0,datasets/ISD/data/clips.csv,c2ee2eef28a4f9d4a78d9a4ac65d286338ff2e50b29a19b0343bbdf45f26dba8
mosaiq-benchmark-v0.1-candidate-20260716,mosaiq-benchmark,0.1.0-dev,iso_paq_regression,0.1.0,ISD,clip,ISD_DadongSquare_DadongSquare4_DSQ4095,ISD_DadongSquare_DadongSquare4_DSQ4095,train,,0.1.0,datasets/ISD/data/clips.csv,7ccbd121f3f27e56311d05b89ae0e305d9b537ed55d6afa9635f98510fd4ba81
mosaiq-benchmark-v0.1-candidate-20260716,mosaiq-benchmark,0.1.0-dev,iso_paq_regression,0.1.0,ISD,clip,ISD_DadongSquare_DadongSquare4_DSQ4096,ISD_DadongSquare_DadongSquare4_DSQ4096,train,,0.1.0,datasets/ISD/data/clips.csv,78318d49f1f6612f30e5d00f56bd490b7cbd5670dc8a5fdde8eeed0c787d033e
mosaiq-benchmark-v0.1-candidate-20260716,mosaiq-benchmark,0.1.0-dev,iso_paq_regression,0.1.0,ISD,clip,ISD_DadongSquare_DadongSquare4_DSQ4097,ISD_DadongSquare_DadongSquare4_DSQ4097,train,,0.1.0,datasets/ISD/data/clips.csv,aa6be9fc1fd0d90453f5af9f6ecbe331103f7b19f9df09462c1ff8c3644e6a47
mosaiq-benchmark-v0.1-candidate-20260716,mosaiq-benchmark,0.1.0-dev,iso_paq_regression,0.1.0,ISD,clip,ISD_DadongSquare_DadongSquare4_DSQ4098,ISD_DadongSquare_DadongSquare4_DSQ4098,train,,0.1.0,datasets/ISD/data/clips.csv,7ecf6061ed0894bb78d1f164395e625fc997261a8bf15aa3f4672b001718c8a7
mosaiq-benchmark-v0.1-candidate-20260716,mosaiq-benchmark,0.1.0-dev,iso_paq_regression,0.1.0,ISD,clip,ISD_DadongSquare_DadongSquare4_DSQ4099,ISD_DadongSquare_DadongSquare4_DSQ4099,train,,0.1.0,datasets/ISD/data/clips.csv,eb6d26964b4fa51b619ac54401afad11a2589bc1df000dabe67c49db6c9cd98b
mosaiq-benchmark-v0.1-candidate-20260716,mosaiq-benchmark,0.1.0-dev,iso_paq_regression,0.1.0,ISD,clip,ISD_DadongSquare_DadongSquare4_DSQ4100,ISD_DadongSquare_DadongSquare4_DSQ4100,train,,0.1.0,datasets/ISD/data/clips.csv,8a20c0282847950165e5a871b8151c0491db377521cc15255ab6aba6d1d71407
mosaiq-benchmark-v0.1-candidate-20260716,mosaiq-benchmark,0.1.0-dev,iso_paq_regression,0.1.0,ISD,clip,ISD_DadongSquare_DadongSquare4_DSQ4101,ISD_DadongSquare_DadongSquare4_DSQ4101,train,,0.1.0,datasets/ISD/data/clips.csv,8110de60d8e3d074806cd6a5b63569c0f456092e7d75c9ea9bfc7aa588a85b08
mosaiq-benchmark-v0.1-candidate-20260716,mosaiq-benchmark,0.1.0-dev,iso_paq_regression,0.1.0,ISD,clip,ISD_DadongSquare_DadongSquare4_DSQ4102,ISD_DadongSquare_DadongSquare4_DSQ4102,train,,0.1.0,datasets/ISD/data/clips.csv,e012ae2be71e268ec1ab59f6f600a1db35370c8cc54005bf5aa2a2143816c990
mosaiq-benchmark-v0.1-candidate-20260716,mosaiq-benchmark,0.1.0-dev,iso_paq_regression,0.1.0,ISD,clip,ISD_DadongSquare_DadongSquare4_DSQ4103,ISD_DadongSquare_DadongSquare4_DSQ4103,train,,0.1.0,datasets/ISD/data/clips.csv,a74183da8c737d4731979f28e6536ad3c29da986290b0a81857ab8e02d8184eb
mosaiq-benchmark-v0.1-candidate-20260716,mosaiq-benchmark,0.1.0-dev,iso_paq_regression,0.1.0,ISD,clip,ISD_DadongSquare_DadongSquare4_DSQ4104,ISD_DadongSquare_DadongSquare4_DSQ4104,train,,0.1.0,datasets/ISD/data/clips.csv,d4a1ec408810313eb0dbab6bfe4302e67634eac6b60f9a644792c592b51935dd
mosaiq-benchmark-v0.1-candidate-20260716,mosaiq-benchmark,0.1.0-dev,iso_paq_regression,0.1.0,ISD,clip,ISD_DadongSquare_DadongSquare4_DSQ4105,ISD_DadongSquare_DadongSquare4_DSQ4105,train,,0.1.0,datasets/ISD/data/clips.csv,d4759fe39a0ba3f3f2a01897d91a752fd73e122ae73b880b05588393d8361926
mosaiq-benchmark-v0.1-candidate-20260716,mosaiq-benchmark,0.1.0-dev,iso_paq_regression,0.1.0,ISD,clip,ISD_DadongSquare_DadongSquare4_DSQ4106,ISD_DadongSquare_DadongSquare4_DSQ4106,train,,0.1.0,datasets/ISD/data/clips.csv,f1a7ceba99484d70e806f340bc2ae635c8c3ba5de2a093feaf7cc16752ebd527
mosaiq-benchmark-v0.1-candidate-20260716,mosaiq-benchmark,0.1.0-dev,iso_paq_regression,0.1.0,ISD,clip,ISD_DadongSquare_DadongSquare4_DSQ4107,ISD_DadongSquare_DadongSquare4_DSQ4107,train,,0.1.0,datasets/ISD/data/clips.csv,e661e0fc29090fb2a5bbe33f20f9856a59a651aeced5edc8e0daf8fe77613dcd
mosaiq-benchmark-v0.1-candidate-20260716,mosaiq-benchmark,0.1.0-dev,iso_paq_regression,0.1.0,ISD,clip,ISD_DadongSquare_DadongSquare4_DSQ4108,ISD_DadongSquare_DadongSquare4_DSQ4108,train,,0.1.0,datasets/ISD/data/clips.csv,1cade573593488ac276f1613bc0774c3030e29547be257897ad82f568adc23d7
mosaiq-benchmark-v0.1-candidate-20260716,mosaiq-benchmark,0.1.0-dev,iso_paq_regression,0.1.0,ISD,clip,ISD_DadongSquare_DadongSquare4_DSQ4109,ISD_DadongSquare_DadongSquare4_DSQ4109,train,,0.1.0,datasets/ISD/data/clips.csv,8fa3483b824cfc37c985113be95002ce00c5f6044e697b5d265b56c9b8c9627c
mosaiq-benchmark-v0.1-candidate-20260716,mosaiq-benchmark,0.1.0-dev,iso_paq_regression,0.1.0,ISD,clip,ISD_DadongSquare_DadongSquare4_DSQ4110,ISD_DadongSquare_DadongSquare4_DSQ4110,train,,0.1.0,datasets/ISD/data/clips.csv,02c998e42069aa513c3738c00e9b8c349b870575c9b261e1736a0b869cb5d2f8
mosaiq-benchmark-v0.1-candidate-20260716,mosaiq-benchmark,0.1.0-dev,iso_paq_regression,0.1.0,ISD,clip,ISD_DadongSquare_DadongSquare4_DSQ4111,ISD_DadongSquare_DadongSquare4_DSQ4111,train,,0.1.0,datasets/ISD/data/clips.csv,3175ec079bd84122a0e8e9d34badb120a91a7d902b156695b24974eaa0071654
mosaiq-benchmark-v0.1-candidate-20260716,mosaiq-benchmark,0.1.0-dev,iso_paq_regression,0.1.0,ISD,clip,ISD_DadongSquare_DadongSquare4_DSQ4112,ISD_DadongSquare_DadongSquare4_DSQ4112,train,,0.1.0,datasets/ISD/data/clips.csv,61ba44a37414e2cadb80c4d58f22803e3b63b5cafb1970a3015afc796bdc19aa
mosaiq-benchmark-v0.1-candidate-20260716,mosaiq-benchmark,0.1.0-dev,iso_paq_regression,0.1.0,ISD,clip,ISD_DadongSquare_DadongSquare4_DSQ4113,ISD_DadongSquare_DadongSquare4_DSQ4113,train,,0.1.0,datasets/ISD/data/clips.csv,78019e0bd3d1cdea798b270400e3536f00a61bb78504fb1d0234158b6d44141e
mosaiq-benchmark-v0.1-candidate-20260716,mosaiq-benchmark,0.1.0-dev,iso_paq_regression,0.1.0,ISD,clip,ISD_DadongSquare_DadongSquare4_DSQ4114,ISD_DadongSquare_DadongSquare4_DSQ4114,train,,0.1.0,datasets/ISD/data/clips.csv,7a3d9ac291dba564ab49981019facad5abc776dc39b9b1dd32577c2185897655
mosaiq-benchmark-v0.1-candidate-20260716,mosaiq-benchmark,0.1.0-dev,iso_paq_regression,0.1.0,ISD,clip,ISD_DadongSquare_DadongSquare4_DSQ4115,ISD_DadongSquare_DadongSquare4_DSQ4115,train,,0.1.0,datasets/ISD/data/clips.csv,72ac99dc22e33496ff8d1b8c6362b104d64a483788cf1ca4b29e73c9d8a2b6ed
mosaiq-benchmark-v0.1-candidate-20260716,mosaiq-benchmark,0.1.0-dev,iso_paq_regression,0.1.0,ISD,clip,ISD_DadongSquare_DadongSquare4_DSQ4116,ISD_DadongSquare_DadongSquare4_DSQ4116,train,,0.1.0,datasets/ISD/data/clips.csv,a33aafa892d6e8bf18b85c99c55b7168bd55a0f67a3f837e8d86a00526ad53a8
mosaiq-benchmark-v0.1-candidate-20260716,mosaiq-benchmark,0.1.0-dev,iso_paq_regression,0.1.0,ISD,clip,ISD_DadongSquare_DadongSquare4_DSQ4117,ISD_DadongSquare_DadongSquare4_DSQ4117,train,,0.1.0,datasets/ISD/data/clips.csv,33312b3607a573f233f3c2f6f1d4d58c20886aa82d6422421c33fdef50fd0cad
mosaiq-benchmark-v0.1-candidate-20260716,mosaiq-benchmark,0.1.0-dev,iso_paq_regression,0.1.0,ISD,clip,ISD_DadongSquare_DadongSquare4_DSQ4118,ISD_DadongSquare_DadongSquare4_DSQ4118,train,,0.1.0,datasets/ISD/data/clips.csv,19579749810a6effd0bb7a21b5488e19237c9eed97401b800f10dc96aa31c929
mosaiq-benchmark-v0.1-candidate-20260716,mosaiq-benchmark,0.1.0-dev,iso_paq_regression,0.1.0,ISD,clip,ISD_DadongSquare_DadongSquare4_DSQ4119,ISD_DadongSquare_DadongSquare4_DSQ4119,train,,0.1.0,datasets/ISD/data/clips.csv,dbb88236b1f88190187ba55cb027780a7504fd527c6c83c8c31b10a50c4d7e36
mosaiq-benchmark-v0.1-candidate-20260716,mosaiq-benchmark,0.1.0-dev,iso_paq_regression,0.1.0,ISD,clip,ISD_DadongSquare_DadongSquare4_DSQ4120,ISD_DadongSquare_DadongSquare4_DSQ4120,train,,0.1.0,datasets/ISD/data/clips.csv,fad15d4eff7aabd7d6c92dd616e0728c2a19100bd62684e1b41a49c2544d54b8
mosaiq-benchmark-v0.1-candidate-20260716,mosaiq-benchmark,0.1.0-dev,iso_paq_regression,0.1.0,ISD,clip,ISD_EustonTap_EustonTap1_ET101,ISD_EustonTap_EustonTap1_ET101,dev,,0.1.0,datasets/ISD/data/clips.csv,2d09dd0bf45bd69b5cf75f939ae53b0a48404bbac6a56b91fc4be28efb2ee477
mosaiq-benchmark-v0.1-candidate-20260716,mosaiq-benchmark,0.1.0-dev,iso_paq_regression,0.1.0,ISD,clip,ISD_EustonTap_EustonTap1_ET103,ISD_EustonTap_EustonTap1_ET103,dev,,0.1.0,datasets/ISD/data/clips.csv,1bb1841a0ea016243e8fa9087a5e3206a4393a37fc97578123c695d369c8a517
mosaiq-benchmark-v0.1-candidate-20260716,mosaiq-benchmark,0.1.0-dev,iso_paq_regression,0.1.0,ISD,clip,ISD_EustonTap_EustonTap1_ET104,ISD_EustonTap_EustonTap1_ET104,dev,,0.1.0,datasets/ISD/data/clips.csv,a791f00cf3f3d319d47392c4be1a8a7a90843d82b66578d0d2dff5abccc1cc59
mosaiq-benchmark-v0.1-candidate-20260716,mosaiq-benchmark,0.1.0-dev,iso_paq_regression,0.1.0,ISD,clip,ISD_EustonTap_EustonTap1_ET105,ISD_EustonTap_EustonTap1_ET105,dev,,0.1.0,datasets/ISD/data/clips.csv,791648ada053267c1bb3dc65d30b55de3375f9e066534de9d6b8482651daff3d
mosaiq-benchmark-v0.1-candidate-20260716,mosaiq-benchmark,0.1.0-dev,iso_paq_regression,0.1.0,ISD,clip,ISD_EustonTap_EustonTap1_ET106,ISD_EustonTap_EustonTap1_ET106,dev,,0.1.0,datasets/ISD/data/clips.csv,a8ab7c73bc3797c0ecca761ba6763580bef1b1c949746a84564ca8106a2838a1
mosaiq-benchmark-v0.1-candidate-20260716,mosaiq-benchmark,0.1.0-dev,iso_paq_regression,0.1.0,ISD,clip,ISD_EustonTap_EustonTap1_ET107,ISD_EustonTap_EustonTap1_ET107,dev,,0.1.0,datasets/ISD/data/clips.csv,3f7054032af41ee29f906f0f37f2fc53bdf74de059defc39fbab4205d0398ac0
mosaiq-benchmark-v0.1-candidate-20260716,mosaiq-benchmark,0.1.0-dev,iso_paq_regression,0.1.0,ISD,clip,ISD_EustonTap_EustonTap1_ET108,ISD_EustonTap_EustonTap1_ET108,dev,,0.1.0,datasets/ISD/data/clips.csv,1c754254a7ff8084188502966bb4e73c02e7c7dd4dbb3b9a1f99a8993d3eb4d5
mosaiq-benchmark-v0.1-candidate-20260716,mosaiq-benchmark,0.1.0-dev,iso_paq_regression,0.1.0,ISD,clip,ISD_EustonTap_EustonTap1_ET109,ISD_EustonTap_EustonTap1_ET109,dev,,0.1.0,datasets/ISD/data/clips.csv,31b68e2e332b28f6e25e193d3f25be10246a290660a719923146fafdd9b902e4
mosaiq-benchmark-v0.1-candidate-20260716,mosaiq-benchmark,0.1.0-dev,iso_paq_regression,0.1.0,ISD,clip,ISD_EustonTap_EustonTap1_ET110,ISD_EustonTap_EustonTap1_ET110,dev,,0.1.0,datasets/ISD/data/clips.csv,b8362e2aa02e88d6069019c87aae08a0eba26f58ac7ca0b54bec510ac42f3dfa
mosaiq-benchmark-v0.1-candidate-20260716,mosaiq-benchmark,0.1.0-dev,iso_paq_regression,0.1.0,ISD,clip,ISD_EustonTap_EustonTap1_ET111,ISD_EustonTap_EustonTap1_ET111,dev,,0.1.0,datasets/ISD/data/clips.csv,622940253418c6f5fe85a01d87c985ac3185964147931078bcddb844abe56478
mosaiq-benchmark-v0.1-candidate-20260716,mosaiq-benchmark,0.1.0-dev,iso_paq_regression,0.1.0,ISD,clip,ISD_EustonTap_EustonTap1_ET112,ISD_EustonTap_EustonTap1_ET112,dev,,0.1.0,datasets/ISD/data/clips.csv,3837abd19e45b44b1d86f67863bcb07a5b9e791e0cea87e97b3fff8a7e7b0bfc
mosaiq-benchmark-v0.1-candidate-20260716,mosaiq-benchmark,0.1.0-dev,iso_paq_regression,0.1.0,ISD,clip,ISD_EustonTap_EustonTap1_ET113,ISD_EustonTap_EustonTap1_ET113,dev,,0.1.0,datasets/ISD/data/clips.csv,215d2529342e4c9a93ea4b3d4d50abae624efd1d2edf49b3b23b01173cdd7b97
mosaiq-benchmark-v0.1-candidate-20260716,mosaiq-benchmark,0.1.0-dev,iso_paq_regression,0.1.0,ISD,clip,ISD_EustonTap_EustonTap1_ET115,ISD_EustonTap_EustonTap1_ET115,dev,,0.1.0,datasets/ISD/data/clips.csv,d59205fc4f03c81efa214245eb6d94dae29e482ab6f9e86e4f599340766ca35f
mosaiq-benchmark-v0.1-candidate-20260716,mosaiq-benchmark,0.1.0-dev,iso_paq_regression,0.1.0,ISD,clip,ISD_EustonTap_EustonTap1_ET116,ISD_EustonTap_EustonTap1_ET116,dev,,0.1.0,datasets/ISD/data/clips.csv,8d9d79194ec7883c6dca7a3255938f4c50a1bbcfe5f37bf52dd360a7cd8c3b88
mosaiq-benchmark-v0.1-candidate-20260716,mosaiq-benchmark,0.1.0-dev,iso_paq_regression,0.1.0,ISD,clip,ISD_EustonTap_EustonTap1_ET117,ISD_EustonTap_EustonTap1_ET117,dev,,0.1.0,datasets/ISD/data/clips.csv,2c2c2d366dabbea28e67d79b0c15fc6e0570cea4af3a55acf558f69cbeec5de5
mosaiq-benchmark-v0.1-candidate-20260716,mosaiq-benchmark,0.1.0-dev,iso_paq_regression,0.1.0,ISD,clip,ISD_EustonTap_EustonTap1_ET118,ISD_EustonTap_EustonTap1_ET118,dev,,0.1.0,datasets/ISD/data/clips.csv,f275127360224c555fce504ec0296468be927115d1aa8a06d63651b66fb9ab1b
mosaiq-benchmark-v0.1-candidate-20260716,mosaiq-benchmark,0.1.0-dev,iso_paq_regression,0.1.0,ISD,clip,ISD_EustonTap_EustonTap1_ET119,ISD_EustonTap_EustonTap1_ET119,dev,,0.1.0,datasets/ISD/data/clips.csv,f988723dfb418b525bb7969e040cf89481ea720eff964fd6c0d68c2e091bd0a8
mosaiq-benchmark-v0.1-candidate-20260716,mosaiq-benchmark,0.1.0-dev,iso_paq_regression,0.1.0,ISD,clip,ISD_EustonTap_EustonTap1_ET120,ISD_EustonTap_EustonTap1_ET120,dev,,0.1.0,datasets/ISD/data/clips.csv,0c9e9d88ae44a3fdfd855df5de0c86f121f7e737d0806a6b52814d944606bca9
mosaiq-benchmark-v0.1-candidate-20260716,mosaiq-benchmark,0.1.0-dev,iso_paq_regression,0.1.0,ISD,clip,ISD_EustonTap_EustonTap1_ET121,ISD_EustonTap_EustonTap1_ET121,dev,,0.1.0,datasets/ISD/data/clips.csv,97b385a594b338e0555d8f0397adf0b1be07fd6ac7ccf8f5043df2f682e5f9e4
mosaiq-benchmark-v0.1-candidate-20260716,mosaiq-benchmark,0.1.0-dev,iso_paq_regression,0.1.0,ISD,clip,ISD_EustonTap_EustonTap1_ET122,ISD_EustonTap_EustonTap1_ET122,dev,,0.1.0,datasets/ISD/data/clips.csv,fa2fa8f63be6e640f105ff611bd40cc99c23a001ab4cd43c8918f307c168a312
mosaiq-benchmark-v0.1-candidate-20260716,mosaiq-benchmark,0.1.0-dev,iso_paq_regression,0.1.0,ISD,clip,ISD_EustonTap_EustonTap1_ET123,ISD_EustonTap_EustonTap1_ET123,dev,,0.1.0,datasets/ISD/data/clips.csv,a5cddf43dd81af4986830e80c2f1c2856db20756564e8f615653922f38afda26
mosaiq-benchmark-v0.1-candidate-20260716,mosaiq-benchmark,0.1.0-dev,iso_paq_regression,0.1.0,ISD,clip,ISD_EustonTap_EustonTap1_ET124,ISD_EustonTap_EustonTap1_ET124,dev,,0.1.0,datasets/ISD/data/clips.csv,f455d62d050f14e30711d8c94454074867f80151932603b268b221ab777d45b5
mosaiq-benchmark-v0.1-candidate-20260716,mosaiq-benchmark,0.1.0-dev,iso_paq_regression,0.1.0,ISD,clip,ISD_EustonTap_EustonTap1_ET125,ISD_EustonTap_EustonTap1_ET125,dev,,0.1.0,datasets/ISD/data/clips.csv,087b9ae744faaf410b643cca6cc5f25f870cbf839e8ffc4265e22f6e146a8044
mosaiq-benchmark-v0.1-candidate-20260716,mosaiq-benchmark,0.1.0-dev,iso_paq_regression,0.1.0,ISD,clip,ISD_EustonTap_EustonTap2_ET201,ISD_EustonTap_EustonTap2_ET201,dev,,0.1.0,datasets/ISD/data/clips.csv,a1c337dbec0e46635a5dfe52e1d5239de9cc52042c832a7a2031800756c7b81e
mosaiq-benchmark-v0.1-candidate-20260716,mosaiq-benchmark,0.1.0-dev,iso_paq_regression,0.1.0,ISD,clip,ISD_EustonTap_EustonTap2_ET202,ISD_EustonTap_EustonTap2_ET202,dev,,0.1.0,datasets/ISD/data/clips.csv,561331cd0f6de5dd8b8aa62b24e4d1a632a958eb4dd7510aa0be0ec586351d9b
mosaiq-benchmark-v0.1-candidate-20260716,mosaiq-benchmark,0.1.0-dev,iso_paq_regression,0.1.0,ISD,clip,ISD_EustonTap_EustonTap2_ET203,ISD_EustonTap_EustonTap2_ET203,dev,,0.1.0,datasets/ISD/data/clips.csv,1128f17be7b1e3e344512536a53179b082aa5cf68287e8d58685560cf4ed7ccb
mosaiq-benchmark-v0.1-candidate-20260716,mosaiq-benchmark,0.1.0-dev,iso_paq_regression,0.1.0,ISD,clip,ISD_EustonTap_EustonTap2_ET205,ISD_EustonTap_EustonTap2_ET205,dev,,0.1.0,datasets/ISD/data/clips.csv,3f54a1f93189af4d38a8c00311a08985fc8ca3e077a7cd2064ae102aaaf50690
mosaiq-benchmark-v0.1-candidate-20260716,mosaiq-benchmark,0.1.0-dev,iso_paq_regression,0.1.0,ISD,clip,ISD_EustonTap_EustonTap2_ET206,ISD_EustonTap_EustonTap2_ET206,dev,,0.1.0,datasets/ISD/data/clips.csv,a409055a1ea845adc475c116b8ffbd502b7109584a779c005257a5fc7ce38d26
mosaiq-benchmark-v0.1-candidate-20260716,mosaiq-benchmark,0.1.0-dev,iso_paq_regression,0.1.0,ISD,clip,ISD_EustonTap_EustonTap2_ET207,ISD_EustonTap_EustonTap2_ET207,dev,,0.1.0,datasets/ISD/data/clips.csv,d233d389aea5521d88d371c7288ba4ea12dc3c064c432fd4788efc9783ec00dd
mosaiq-benchmark-v0.1-candidate-20260716,mosaiq-benchmark,0.1.0-dev,iso_paq_regression,0.1.0,ISD,clip,ISD_EustonTap_EustonTap2_ET208,ISD_EustonTap_EustonTap2_ET208,dev,,0.1.0,datasets/ISD/data/clips.csv,a03d4caf0c0eec20e32e37d639ea0503a20f2bce836e23adee86502076dc9683
mosaiq-benchmark-v0.1-candidate-20260716,mosaiq-benchmark,0.1.0-dev,iso_paq_regression,0.1.0,ISD,clip,ISD_EustonTap_EustonTap2_ET209,ISD_EustonTap_EustonTap2_ET209,dev,,0.1.0,datasets/ISD/data/clips.csv,2a78e7e8f8e5dce3d7d05030acd5978680c99f6ff595d07e8ac5d62d51b3bef7
mosaiq-benchmark-v0.1-candidate-20260716,mosaiq-benchmark,0.1.0-dev,iso_paq_regression,0.1.0,ISD,clip,ISD_EustonTap_EustonTap2_ET210,ISD_EustonTap_EustonTap2_ET210,dev,,0.1.0,datasets/ISD/data/clips.csv,7adefe72af2aff7737dff8df4c703497cfc6cdfd70158e02c154e3ad46b317af
mosaiq-benchmark-v0.1-candidate-20260716,mosaiq-benchmark,0.1.0-dev,iso_paq_regression,0.1.0,ISD,clip,ISD_EustonTap_EustonTap2_ET211,ISD_EustonTap_EustonTap2_ET211,dev,,0.1.0,datasets/ISD/data/clips.csv,363997ea1a7c0c9d70ec08dd0b6c4282ad5f9de451ecde75cc6e713c09d98447
mosaiq-benchmark-v0.1-candidate-20260716,mosaiq-benchmark,0.1.0-dev,iso_paq_regression,0.1.0,ISD,clip,ISD_EustonTap_EustonTap2_ET212,ISD_EustonTap_EustonTap2_ET212,dev,,0.1.0,datasets/ISD/data/clips.csv,99ee08e6a3eb8e42a7193c5fb1b4f99389d24b913e3158333681dcf07253c90f
mosaiq-benchmark-v0.1-candidate-20260716,mosaiq-benchmark,0.1.0-dev,iso_paq_regression,0.1.0,ISD,clip,ISD_EustonTap_EustonTap2_ET213,ISD_EustonTap_EustonTap2_ET213,dev,,0.1.0,datasets/ISD/data/clips.csv,6c9179b6a36c1ff76358afd9bb7db3139cee8924709d88ba03065034448ac3fd
mosaiq-benchmark-v0.1-candidate-20260716,mosaiq-benchmark,0.1.0-dev,iso_paq_regression,0.1.0,ISD,clip,ISD_EustonTap_EustonTap2_ET214,ISD_EustonTap_EustonTap2_ET214,dev,,0.1.0,datasets/ISD/data/clips.csv,d8b97deb632694cfba93141e92662400e33facff4c25c757dde5f8604c3d9bc4
mosaiq-benchmark-v0.1-candidate-20260716,mosaiq-benchmark,0.1.0-dev,iso_paq_regression,0.1.0,ISD,clip,ISD_EustonTap_EustonTap2_ET215,ISD_EustonTap_EustonTap2_ET215,dev,,0.1.0,datasets/ISD/data/clips.csv,7095e13b9f2c1adabcfeffe8dca9f99fa92bdd0693da619bfbc065269a8a4cd0
mosaiq-benchmark-v0.1-candidate-20260716,mosaiq-benchmark,0.1.0-dev,iso_paq_regression,0.1.0,ISD,clip,ISD_EustonTap_EustonTap2_ET216,ISD_EustonTap_EustonTap2_ET216,dev,,0.1.0,datasets/ISD/data/clips.csv,d1ff1bfcfca7c8cc622234018321bec8b5c637d1946a20b50ba543148e97b3e1
mosaiq-benchmark-v0.1-candidate-20260716,mosaiq-benchmark,0.1.0-dev,iso_paq_regression,0.1.0,ISD,clip,ISD_EustonTap_EustonTap2_ET217,ISD_EustonTap_EustonTap2_ET217,dev,,0.1.0,datasets/ISD/data/clips.csv,b2074c9e922451cd87674eb4e246b3c144f571d3bc1b776143f9c0539bebcf51
mosaiq-benchmark-v0.1-candidate-20260716,mosaiq-benchmark,0.1.0-dev,iso_paq_regression,0.1.0,ISD,clip,ISD_EustonTap_EustonTap2_ET218,ISD_EustonTap_EustonTap2_ET218,dev,,0.1.0,datasets/ISD/data/clips.csv,1906bd45f939ae69b21752648a32626fe182c8505d0f4990630711c77bfd9f92
mosaiq-benchmark-v0.1-candidate-20260716,mosaiq-benchmark,0.1.0-dev,iso_paq_regression,0.1.0,ISD,clip,ISD_EustonTap_EustonTap2_ET219,ISD_EustonTap_EustonTap2_ET219,dev,,0.1.0,datasets/ISD/data/clips.csv,f0b102c0560f84f2ae30cb788fd40f3345d68d46d90061bb6d16a1b78d8606a3
mosaiq-benchmark-v0.1-candidate-20260716,mosaiq-benchmark,0.1.0-dev,iso_paq_regression,0.1.0,ISD,clip,ISD_EustonTap_EustonTap2_ET220,ISD_EustonTap_EustonTap2_ET220,dev,,0.1.0,datasets/ISD/data/clips.csv,e121bd2d91754516bb3307a5120916083625175ac444fde54dcf8931aec6ef57
mosaiq-benchmark-v0.1-candidate-20260716,mosaiq-benchmark,0.1.0-dev,iso_paq_regression,0.1.0,ISD,clip,ISD_EustonTap_EustonTap2_ET221,ISD_EustonTap_EustonTap2_ET221,dev,,0.1.0,datasets/ISD/data/clips.csv,6e11f1a03db1e26c02b27051f92ebe91888bdf0f2a3fbd0d557cc29f795c0cbe
mosaiq-benchmark-v0.1-candidate-20260716,mosaiq-benchmark,0.1.0-dev,iso_paq_regression,0.1.0,ISD,clip,ISD_EustonTap_EustonTap2_ET222,ISD_EustonTap_EustonTap2_ET222,dev,,0.1.0,datasets/ISD/data/clips.csv,544dc31b8132fbf84aac92b1405a1a7e6d639715fc3cc5a0921c95b3e754fc13
mosaiq-benchmark-v0.1-candidate-20260716,mosaiq-benchmark,0.1.0-dev,iso_paq_regression,0.1.0,ISD,clip,ISD_EustonTap_EustonTap3_ET203,ISD_EustonTap_EustonTap3_ET203,dev,,0.1.0,datasets/ISD/data/clips.csv,8047828cab72b693f408c15f494d4de1b28962d25e166d1275dc07757f270476
mosaiq-benchmark-v0.1-candidate-20260716,mosaiq-benchmark,0.1.0-dev,iso_paq_regression,0.1.0,ISD,clip,ISD_EustonTap_EustonTap3_ET302,ISD_EustonTap_EustonTap3_ET302,dev,,0.1.0,datasets/ISD/data/clips.csv,87749f7b96480cd3686321145f9d280a14fa619d8b4edd26d51ed589804bdbe7
mosaiq-benchmark-v0.1-candidate-20260716,mosaiq-benchmark,0.1.0-dev,iso_paq_regression,0.1.0,ISD,clip,ISD_EustonTap_EustonTap3_ET303,ISD_EustonTap_EustonTap3_ET303,dev,,0.1.0,datasets/ISD/data/clips.csv,863866e23617f834b26328a2ed8cd6b18886828d62b6eeda605fe85d5be35c6c
mosaiq-benchmark-v0.1-candidate-20260716,mosaiq-benchmark,0.1.0-dev,iso_paq_regression,0.1.0,ISD,clip,ISD_EustonTap_EustonTap3_ET304,ISD_EustonTap_EustonTap3_ET304,dev,,0.1.0,datasets/ISD/data/clips.csv,e73a771cf99c52e48954d8a8836d05b4524fe366adc1e0f3b50373a08d884e50
mosaiq-benchmark-v0.1-candidate-20260716,mosaiq-benchmark,0.1.0-dev,iso_paq_regression,0.1.0,ISD,clip,ISD_EustonTap_EustonTap3_ET305,ISD_EustonTap_EustonTap3_ET305,dev,,0.1.0,datasets/ISD/data/clips.csv,871e4355345d8a6e4f4f3686b8cd1c9d02f2b3e58c0fb0466df43fe6a103a1cf
mosaiq-benchmark-v0.1-candidate-20260716,mosaiq-benchmark,0.1.0-dev,iso_paq_regression,0.1.0,ISD,clip,ISD_EustonTap_EustonTap3_ET306,ISD_EustonTap_EustonTap3_ET306,dev,,0.1.0,datasets/ISD/data/clips.csv,766fde46cdcc10459a991bc9fe4e1c4d75f9d62f0fd65d4a846fde97ae3e1eb1
mosaiq-benchmark-v0.1-candidate-20260716,mosaiq-benchmark,0.1.0-dev,iso_paq_regression,0.1.0,ISD,clip,ISD_EustonTap_EustonTap3_ET307,ISD_EustonTap_EustonTap3_ET307,dev,,0.1.0,datasets/ISD/data/clips.csv,1256003a9fc3d80dcf17b3c62a0c9b690fbd4e72295a75f0d3524b272396e792
mosaiq-benchmark-v0.1-candidate-20260716,mosaiq-benchmark,0.1.0-dev,iso_paq_regression,0.1.0,ISD,clip,ISD_EustonTap_EustonTap3_ET308,ISD_EustonTap_EustonTap3_ET308,dev,,0.1.0,datasets/ISD/data/clips.csv,761a0dd3c21d9e3e1a6cae55239f945cc48cba10339c1566f2492980c90a96a4
mosaiq-benchmark-v0.1-candidate-20260716,mosaiq-benchmark,0.1.0-dev,iso_paq_regression,0.1.0,ISD,clip,ISD_EustonTap_EustonTap3_ET310,ISD_EustonTap_EustonTap3_ET310,dev,,0.1.0,datasets/ISD/data/clips.csv,8ccc036b44218a8b5b9891df26cc675b71c822b879b462387fee5b98d095bff4
mosaiq-benchmark-v0.1-candidate-20260716,mosaiq-benchmark,0.1.0-dev,iso_paq_regression,0.1.0,ISD,clip,ISD_EustonTap_EustonTap3_ET311,ISD_EustonTap_EustonTap3_ET311,dev,,0.1.0,datasets/ISD/data/clips.csv,c5d818439414c755637cccf6c737f942cc87ee2b25870fc359adec365ae3206d
mosaiq-benchmark-v0.1-candidate-20260716,mosaiq-benchmark,0.1.0-dev,iso_paq_regression,0.1.0,ISD,clip,ISD_EustonTap_EustonTap3_ET312,ISD_EustonTap_EustonTap3_ET312,dev,,0.1.0,datasets/ISD/data/clips.csv,51a3d1b0bca8aca60aa8f85e8c252c6fd00307035c700775d62fb2a6dc557e42
mosaiq-benchmark-v0.1-candidate-20260716,mosaiq-benchmark,0.1.0-dev,iso_paq_regression,0.1.0,ISD,clip,ISD_EustonTap_EustonTap3_ET313,ISD_EustonTap_EustonTap3_ET313,dev,,0.1.0,datasets/ISD/data/clips.csv,42a3916b5885a1299e1f9f880267d03538a3d6333ce213c6afc1997d544ef4f5
mosaiq-benchmark-v0.1-candidate-20260716,mosaiq-benchmark,0.1.0-dev,iso_paq_regression,0.1.0,ISD,clip,ISD_EustonTap_EustonTap3_ET314,ISD_EustonTap_EustonTap3_ET314,dev,,0.1.0,datasets/ISD/data/clips.csv,19cd6884f233fc1869590f0e088ae3e9231fde084aeec82f0e2fbd70d68909b6
mosaiq-benchmark-v0.1-candidate-20260716,mosaiq-benchmark,0.1.0-dev,iso_paq_regression,0.1.0,ISD,clip,ISD_LianhuashanParkEntrance_LianhuashanParkEntrance1_LPE1093,ISD_LianhuashanParkEntrance_LianhuashanParkEntrance1_LPE1093,train,,0.1.0,datasets/ISD/data/clips.csv,0a7e3ab4e61e76b5923beba219fb0f52922fe6a53cc385101705271dca5c5f92
mosaiq-benchmark-v0.1-candidate-20260716,mosaiq-benchmark,0.1.0-dev,iso_paq_regression,0.1.0,ISD,clip,ISD_LianhuashanParkEntrance_LianhuashanParkEntrance1_LPE1094,ISD_LianhuashanParkEntrance_LianhuashanParkEntrance1_LPE1094,train,,0.1.0,datasets/ISD/data/clips.csv,dfad7d43a6f04fe66da6373e08b17ef5f691489f7087aa4d39a492cfa03b830c
mosaiq-benchmark-v0.1-candidate-20260716,mosaiq-benchmark,0.1.0-dev,iso_paq_regression,0.1.0,ISD,clip,ISD_LianhuashanParkEntrance_LianhuashanParkEntrance1_LPE1095,ISD_LianhuashanParkEntrance_LianhuashanParkEntrance1_LPE1095,train,,0.1.0,datasets/ISD/data/clips.csv,47ae92e281280b45cbe7d233c8d71a6a4c0ba6f661c46a9f6c9bbd59e2bb73cf
mosaiq-benchmark-v0.1-candidate-20260716,mosaiq-benchmark,0.1.0-dev,iso_paq_regression,0.1.0,ISD,clip,ISD_LianhuashanParkEntrance_LianhuashanParkEntrance1_LPE1096,ISD_LianhuashanParkEntrance_LianhuashanParkEntrance1_LPE1096,train,,0.1.0,datasets/ISD/data/clips.csv,adb96c63a88755618ec529ca77729ca60be6625cf3cdc5dcf2c0d808af45aa91
mosaiq-benchmark-v0.1-candidate-20260716,mosaiq-benchmark,0.1.0-dev,iso_paq_regression,0.1.0,ISD,clip,ISD_LianhuashanParkEntrance_LianhuashanParkEntrance1_LPE1097,ISD_LianhuashanParkEntrance_LianhuashanParkEntrance1_LPE1097,train,,0.1.0,datasets/ISD/data/clips.csv,a56dd0819e9b9a8e0ee7b2d859bf60201b34ad3a766eecb1ebfae9ea84bd8949
mosaiq-benchmark-v0.1-candidate-20260716,mosaiq-benchmark,0.1.0-dev,iso_paq_regression,0.1.0,ISD,clip,ISD_LianhuashanParkEntrance_LianhuashanParkEntrance1_LPE1098,ISD_LianhuashanParkEntrance_LianhuashanParkEntrance1_LPE1098,train,,0.1.0,datasets/ISD/data/clips.csv,4e8fe48cce313e97a754c21bce45bf001fc3d033b039f227b20dfaa1aa6da28c
mosaiq-benchmark-v0.1-candidate-20260716,mosaiq-benchmark,0.1.0-dev,iso_paq_regression,0.1.0,ISD,clip,ISD_LianhuashanParkEntrance_LianhuashanParkEntrance1_LPE1099,ISD_LianhuashanParkEntrance_LianhuashanParkEntrance1_LPE1099,train,,0.1.0,datasets/ISD/data/clips.csv,7e40f3dc28f4ffeb995d27a8af85bf048b004f6f0e94d1f4ed8cb97848e32556
mosaiq-benchmark-v0.1-candidate-20260716,mosaiq-benchmark,0.1.0-dev,iso_paq_regression,0.1.0,ISD,clip,ISD_LianhuashanParkEntrance_LianhuashanParkEntrance1_LPE1100,ISD_LianhuashanParkEntrance_LianhuashanParkEntrance1_LPE1100,train,,0.1.0,datasets/ISD/data/clips.csv,b7c23832b4357f9796a0c02a97afb671a1431ee1e671ea8c0797ef7f499da5a0
mosaiq-benchmark-v0.1-candidate-20260716,mosaiq-benchmark,0.1.0-dev,iso_paq_regression,0.1.0,ISD,clip,ISD_LianhuashanParkEntrance_LianhuashanParkEntrance1_LPE1101,ISD_LianhuashanParkEntrance_LianhuashanParkEntrance1_LPE1101,train,,0.1.0,datasets/ISD/data/clips.csv,8b5e7621df35ece613bbdbc028bb2b503e42f0f42b1a72b490c5f1046de8c59f
mosaiq-benchmark-v0.1-candidate-20260716,mosaiq-benchmark,0.1.0-dev,iso_paq_regression,0.1.0,ISD,clip,ISD_LianhuashanParkEntrance_LianhuashanParkEntrance1_LPE1102,ISD_LianhuashanParkEntrance_LianhuashanParkEntrance1_LPE1102,train,,0.1.0,datasets/ISD/data/clips.csv,20cada086b368bf07f29f6fe85f4949ffb3b821dd3c603c299b5e4663a01c44b
mosaiq-benchmark-v0.1-candidate-20260716,mosaiq-benchmark,0.1.0-dev,iso_paq_regression,0.1.0,ISD,clip,ISD_LianhuashanParkEntrance_LianhuashanParkEntrance1_LPE1103,ISD_LianhuashanParkEntrance_LianhuashanParkEntrance1_LPE1103,train,,0.1.0,datasets/ISD/data/clips.csv,bafc04b6adbf0aa4c0ef92bb5f5cea79b8ff1eb5a8ea2dbda6830f2f3934d8ab
mosaiq-benchmark-v0.1-candidate-20260716,mosaiq-benchmark,0.1.0-dev,iso_paq_regression,0.1.0,ISD,clip,ISD_LianhuashanParkEntrance_LianhuashanParkEntrance1_LPE1104,ISD_LianhuashanParkEntrance_LianhuashanParkEntrance1_LPE1104,train,,0.1.0,datasets/ISD/data/clips.csv,a3f7da94011716965449a7d89713570c7616fed4a5a0f5464bd2df1d8cdaf4ab
mosaiq-benchmark-v0.1-candidate-20260716,mosaiq-benchmark,0.1.0-dev,iso_paq_regression,0.1.0,ISD,clip,ISD_LianhuashanParkEntrance_LianhuashanParkEntrance1_LPE1105,ISD_LianhuashanParkEntrance_LianhuashanParkEntrance1_LPE1105,train,,0.1.0,datasets/ISD/data/clips.csv,e27206eec4c8c1d23e9035632627221afa9699fb22e5ce7067ef1e4dc5b8d5c4
mosaiq-benchmark-v0.1-candidate-20260716,mosaiq-benchmark,0.1.0-dev,iso_paq_regression,0.1.0,ISD,clip,ISD_LianhuashanParkEntrance_LianhuashanParkEntrance2_LPE2124,ISD_LianhuashanParkEntrance_LianhuashanParkEntrance2_LPE2124,train,,0.1.0,datasets/ISD/data/clips.csv,d6b441ffad96110ab457acf579dd6750a7c3522c5bd36f722fce0708d5b787f2
mosaiq-benchmark-v0.1-candidate-20260716,mosaiq-benchmark,0.1.0-dev,iso_paq_regression,0.1.0,ISD,clip,ISD_LianhuashanParkEntrance_LianhuashanParkEntrance2_LPE2125,ISD_LianhuashanParkEntrance_LianhuashanParkEntrance2_LPE2125,train,,0.1.0,datasets/ISD/data/clips.csv,38fdfd9993a3df1e6e8f5a6eae73489f73956f14c08a852c1fb3eddbe37494e3
mosaiq-benchmark-v0.1-candidate-20260716,mosaiq-benchmark,0.1.0-dev,iso_paq_regression,0.1.0,ISD,clip,ISD_LianhuashanParkEntrance_LianhuashanParkEntrance2_LPE2126,ISD_LianhuashanParkEntrance_LianhuashanParkEntrance2_LPE2126,train,,0.1.0,datasets/ISD/data/clips.csv,189a0e86d80e9fadbb28d6cd2a6191edf4f5a02966e762e3f6e9a628cab36fd0
mosaiq-benchmark-v0.1-candidate-20260716,mosaiq-benchmark,0.1.0-dev,iso_paq_regression,0.1.0,ISD,clip,ISD_LianhuashanParkEntrance_LianhuashanParkEntrance2_LPE2127,ISD_LianhuashanParkEntrance_LianhuashanParkEntrance2_LPE2127,train,,0.1.0,datasets/ISD/data/clips.csv,dac42ef1df3dacb8f087407d25f87326636509e114f6bbfda005076cc6d716a3
mosaiq-benchmark-v0.1-candidate-20260716,mosaiq-benchmark,0.1.0-dev,iso_paq_regression,0.1.0,ISD,clip,ISD_LianhuashanParkEntrance_LianhuashanParkEntrance2_LPE2128,ISD_LianhuashanParkEntrance_LianhuashanParkEntrance2_LPE2128,train,,0.1.0,datasets/ISD/data/clips.csv,614802ee374097f8628f47fbf13982bcd358a7342342fd25ac5e1d6f56eba2c2
mosaiq-benchmark-v0.1-candidate-20260716,mosaiq-benchmark,0.1.0-dev,iso_paq_regression,0.1.0,ISD,clip,ISD_LianhuashanParkEntrance_LianhuashanParkEntrance2_LPE2129,ISD_LianhuashanParkEntrance_LianhuashanParkEntrance2_LPE2129,train,,0.1.0,datasets/ISD/data/clips.csv,f170f17309fd5e75fe3ac8f06aeb15ff0f79636a47ec85aabea0f079b081f567
mosaiq-benchmark-v0.1-candidate-20260716,mosaiq-benchmark,0.1.0-dev,iso_paq_regression,0.1.0,ISD,clip,ISD_LianhuashanParkEntrance_LianhuashanParkEntrance2_LPE2130,ISD_LianhuashanParkEntrance_LianhuashanParkEntrance2_LPE2130,train,,0.1.0,datasets/ISD/data/clips.csv,ee4f1994e114f43ed7a2f6144b4a2406c48a311ac986edbb80bb3c736df70a2d
mosaiq-benchmark-v0.1-candidate-20260716,mosaiq-benchmark,0.1.0-dev,iso_paq_regression,0.1.0,ISD,clip,ISD_LianhuashanParkEntrance_LianhuashanParkEntrance2_LPE2131,ISD_LianhuashanParkEntrance_LianhuashanParkEntrance2_LPE2131,train,,0.1.0,datasets/ISD/data/clips.csv,93ed10b60b57d544473d009abca723fbfbecf407f91063eef17e811418cf5cf5
mosaiq-benchmark-v0.1-candidate-20260716,mosaiq-benchmark,0.1.0-dev,iso_paq_regression,0.1.0,ISD,clip,ISD_LianhuashanParkEntrance_LianhuashanParkEntrance2_LPE2132,ISD_LianhuashanParkEntrance_LianhuashanParkEntrance2_LPE2132,train,,0.1.0,datasets/ISD/data/clips.csv,626b7dd5687a594d2b1373e045d571e817d8418576ddf97b225042ba556c8e65
mosaiq-benchmark-v0.1-candidate-20260716,mosaiq-benchmark,0.1.0-dev,iso_paq_regression,0.1.0,ISD,clip,ISD_LianhuashanParkEntrance_LianhuashanParkEntrance2_LPE2133,ISD_LianhuashanParkEntrance_LianhuashanParkEntrance2_LPE2133,train,,0.1.0,datasets/ISD/data/clips.csv,4d4ef4cd3cd791f38cfb2ab764a841915315c7dae680602fc2156bde4f548f89
mosaiq-benchmark-v0.1-candidate-20260716,mosaiq-benchmark,0.1.0-dev,iso_paq_regression,0.1.0,ISD,clip,ISD_LianhuashanParkEntrance_LianhuashanParkEntrance2_LPE2134,ISD_LianhuashanParkEntrance_LianhuashanParkEntrance2_LPE2134,train,,0.1.0,datasets/ISD/data/clips.csv,e595fc1266e1549f90775d32a9238215953b9d689649b34b8b0a4e77596e68f4
mosaiq-benchmark-v0.1-candidate-20260716,mosaiq-benchmark,0.1.0-dev,iso_paq_regression,0.1.0,ISD,clip,ISD_LianhuashanParkEntrance_LianhuashanParkEntrance2_LPE2135,ISD_LianhuashanParkEntrance_LianhuashanParkEntrance2_LPE2135,train,,0.1.0,datasets/ISD/data/clips.csv,9f714689862618c019a86ea1a7d2b56c97ffa3fdcb8ef4d8aede499bdd1bff9a
mosaiq-benchmark-v0.1-candidate-20260716,mosaiq-benchmark,0.1.0-dev,iso_paq_regression,0.1.0,ISD,clip,ISD_LianhuashanParkEntrance_LianhuashanParkEntrance2_LPE2136,ISD_LianhuashanParkEntrance_LianhuashanParkEntrance2_LPE2136,train,,0.1.0,datasets/ISD/data/clips.csv,e21f58be2ad676e15e3f206318ab87e5c0e133cc0f8b390f57d70152acab05c8
mosaiq-benchmark-v0.1-candidate-20260716,mosaiq-benchmark,0.1.0-dev,iso_paq_regression,0.1.0,ISD,clip,ISD_LianhuashanParkEntrance_LianhuashanParkEntrance2_LPE2137,ISD_LianhuashanParkEntrance_LianhuashanParkEntrance2_LPE2137,train,,0.1.0,datasets/ISD/data/clips.csv,bb4780279630dd38fa49c780c7241048ed3c1f056aa4ac84c58ba2f925447a6a
mosaiq-benchmark-v0.1-candidate-20260716,mosaiq-benchmark,0.1.0-dev,iso_paq_regression,0.1.0,ISD,clip,ISD_LianhuashanParkEntrance_LianhuashanParkEntrance2_LPE2138,ISD_LianhuashanParkEntrance_LianhuashanParkEntrance2_LPE2138,train,,0.1.0,datasets/ISD/data/clips.csv,fd944c8c283aa3f367daa8fd516776022240aec6ff165b3c387c0c0ee0098414
mosaiq-benchmark-v0.1-candidate-20260716,mosaiq-benchmark,0.1.0-dev,iso_paq_regression,0.1.0,ISD,clip,ISD_LianhuashanParkForest_LianhuashanParkForest1_LPF1107,ISD_LianhuashanParkForest_LianhuashanParkForest1_LPF1107,train,,0.1.0,datasets/ISD/data/clips.csv,2fb397d705d54eac16c844e42e0a1756ea90ebb691a651eecfc5e4469e692617
mosaiq-benchmark-v0.1-candidate-20260716,mosaiq-benchmark,0.1.0-dev,iso_paq_regression,0.1.0,ISD,clip,ISD_LianhuashanParkForest_LianhuashanParkForest1_LPF1108,ISD_LianhuashanParkForest_LianhuashanParkForest1_LPF1108,train,,0.1.0,datasets/ISD/data/clips.csv,7aba387e1cb4587eebae5b9cbd65bbb824133f5339d0d6f81679f0d924a9efdc
mosaiq-benchmark-v0.1-candidate-20260716,mosaiq-benchmark,0.1.0-dev,iso_paq_regression,0.1.0,ISD,clip,ISD_LianhuashanParkForest_LianhuashanParkForest1_LPF1109,ISD_LianhuashanParkForest_LianhuashanParkForest1_LPF1109,train,,0.1.0,datasets/ISD/data/clips.csv,3dc70dc4875dce3d1ced2aa2b41e319beeea7e2f8feb07cd8638afda05425a77
mosaiq-benchmark-v0.1-candidate-20260716,mosaiq-benchmark,0.1.0-dev,iso_paq_regression,0.1.0,ISD,clip,ISD_LianhuashanParkForest_LianhuashanParkForest1_LPF1110,ISD_LianhuashanParkForest_LianhuashanParkForest1_LPF1110,train,,0.1.0,datasets/ISD/data/clips.csv,3badc34351c5a2917aef181e0913437341d6fca0d7fba9b4ab342eee90aaff6a
mosaiq-benchmark-v0.1-candidate-20260716,mosaiq-benchmark,0.1.0-dev,iso_paq_regression,0.1.0,ISD,clip,ISD_LianhuashanParkForest_LianhuashanParkForest1_LPF1111,ISD_LianhuashanParkForest_LianhuashanParkForest1_LPF1111,train,,0.1.0,datasets/ISD/data/clips.csv,e9e461e55b2ff8792304ddb25a031672d4e1b49fc5768b53629dac27df05190c
mosaiq-benchmark-v0.1-candidate-20260716,mosaiq-benchmark,0.1.0-dev,iso_paq_regression,0.1.0,ISD,clip,ISD_LianhuashanParkForest_LianhuashanParkForest1_LPF1112,ISD_LianhuashanParkForest_LianhuashanParkForest1_LPF1112,train,,0.1.0,datasets/ISD/data/clips.csv,2d3fca702c84ddd3b707ffb24986acf06c1042698bd100ea3b9435844060452b
mosaiq-benchmark-v0.1-candidate-20260716,mosaiq-benchmark,0.1.0-dev,iso_paq_regression,0.1.0,ISD,clip,ISD_LianhuashanParkForest_LianhuashanParkForest1_LPF1113,ISD_LianhuashanParkForest_LianhuashanParkForest1_LPF1113,train,,0.1.0,datasets/ISD/data/clips.csv,fd2f4a2cb5c41a355587f7577859e02ca34567ace3882ae0e98b082d02090601
mosaiq-benchmark-v0.1-candidate-20260716,mosaiq-benchmark,0.1.0-dev,iso_paq_regression,0.1.0,ISD,clip,ISD_LianhuashanParkForest_LianhuashanParkForest1_LPF1114,ISD_LianhuashanParkForest_LianhuashanParkForest1_LPF1114,train,,0.1.0,datasets/ISD/data/clips.csv,6ac9590fb585309d55e9b07fd5b0ee9e7d0e54bf19f67a8e809d001967e044bb
mosaiq-benchmark-v0.1-candidate-20260716,mosaiq-benchmark,0.1.0-dev,iso_paq_regression,0.1.0,ISD,clip,ISD_LianhuashanParkForest_LianhuashanParkForest1_LPF1115,ISD_LianhuashanParkForest_LianhuashanParkForest1_LPF1115,train,,0.1.0,datasets/ISD/data/clips.csv,9c0ec708ff12b8884dfc3c379dd33c488a5a9cedb13c3bace138e2fb768ae583
mosaiq-benchmark-v0.1-candidate-20260716,mosaiq-benchmark,0.1.0-dev,iso_paq_regression,0.1.0,ISD,clip,ISD_LianhuashanParkForest_LianhuashanParkForest1_LPF1116,ISD_LianhuashanParkForest_LianhuashanParkForest1_LPF1116,train,,0.1.0,datasets/ISD/data/clips.csv,f02abd2aca5b285953a92f5889d99aa1f1757e60581badf6ad258a02c5dc34ca
mosaiq-benchmark-v0.1-candidate-20260716,mosaiq-benchmark,0.1.0-dev,iso_paq_regression,0.1.0,ISD,clip,ISD_LianhuashanParkForest_LianhuashanParkForest1_LPF1117,ISD_LianhuashanParkForest_LianhuashanParkForest1_LPF1117,train,,0.1.0,datasets/ISD/data/clips.csv,c48b5ee9593efb5e4ead344315f94bb904738d718e365a5d19b5e1505ec625e4
mosaiq-benchmark-v0.1-candidate-20260716,mosaiq-benchmark,0.1.0-dev,iso_paq_regression,0.1.0,ISD,clip,ISD_LianhuashanParkForest_LianhuashanParkForest1_LPF1118,ISD_LianhuashanParkForest_LianhuashanParkForest1_LPF1118,train,,0.1.0,datasets/ISD/data/clips.csv,6831de7c73d11bc85ef7ca19e356da493841ed6b2999bf152eb02be216a16c70
mosaiq-benchmark-v0.1-candidate-20260716,mosaiq-benchmark,0.1.0-dev,iso_paq_regression,0.1.0,ISD,clip,ISD_LianhuashanParkForest_LianhuashanParkForest1_LPF1119,ISD_LianhuashanParkForest_LianhuashanParkForest1_LPF1119,train,,0.1.0,datasets/ISD/data/clips.csv,d7d7e91e7894896840086db8100d6f226fa9d5adae07d153281e8d50338733c0
mosaiq-benchmark-v0.1-candidate-20260716,mosaiq-benchmark,0.1.0-dev,iso_paq_regression,0.1.0,ISD,clip,ISD_LianhuashanParkForest_LianhuashanParkForest1_LPF1120,ISD_LianhuashanParkForest_LianhuashanParkForest1_LPF1120,train,,0.1.0,datasets/ISD/data/clips.csv,dc29f70af353ea56a2fb011ff31d2cfad5ba398c83408045c9da79ec87a95538
mosaiq-benchmark-v0.1-candidate-20260716,mosaiq-benchmark,0.1.0-dev,iso_paq_regression,0.1.0,ISD,clip,ISD_LianhuashanParkForest_LianhuashanParkForest1_LPF1122,ISD_LianhuashanParkForest_LianhuashanParkForest1_LPF1122,train,,0.1.0,datasets/ISD/data/clips.csv,45b8f790f8f8ddafe6d71e41ed59b0ec29e31b213639329d63f45ce0d0463c58
mosaiq-benchmark-v0.1-candidate-20260716,mosaiq-benchmark,0.1.0-dev,iso_paq_regression,0.1.0,ISD,clip,ISD_LianhuashanParkForest_LianhuashanParkForest2_LPF2140,ISD_LianhuashanParkForest_LianhuashanParkForest2_LPF2140,train,,0.1.0,datasets/ISD/data/clips.csv,c86f31c731e07dfdff73131bcd91141231a5217bc9a4acf7ad791b3c02b8b4b4
mosaiq-benchmark-v0.1-candidate-20260716,mosaiq-benchmark,0.1.0-dev,iso_paq_regression,0.1.0,ISD,clip,ISD_LianhuashanParkForest_LianhuashanParkForest2_LPF2141,ISD_LianhuashanParkForest_LianhuashanParkForest2_LPF2141,train,,0.1.0,datasets/ISD/data/clips.csv,399d40d378bfcea2bf37f079eb775000c592f86b6c85d21d47f188193c09d425
mosaiq-benchmark-v0.1-candidate-20260716,mosaiq-benchmark,0.1.0-dev,iso_paq_regression,0.1.0,ISD,clip,ISD_LianhuashanParkForest_LianhuashanParkForest2_LPF2142,ISD_LianhuashanParkForest_LianhuashanParkForest2_LPF2142,train,,0.1.0,datasets/ISD/data/clips.csv,6e69eaf2e236014ff48abd53c70c59c52350a38964f2b331d3010fdcf29d7c57
mosaiq-benchmark-v0.1-candidate-20260716,mosaiq-benchmark,0.1.0-dev,iso_paq_regression,0.1.0,ISD,clip,ISD_LianhuashanParkForest_LianhuashanParkForest2_LPF2143,ISD_LianhuashanParkForest_LianhuashanParkForest2_LPF2143,train,,0.1.0,datasets/ISD/data/clips.csv,c6cad21867528d815a9c3645cd4e844ea7725d37c533471d7f5f9ce31325c7fc
mosaiq-benchmark-v0.1-candidate-20260716,mosaiq-benchmark,0.1.0-dev,iso_paq_regression,0.1.0,ISD,clip,ISD_LianhuashanParkForest_LianhuashanParkForest2_LPF2144,ISD_LianhuashanParkForest_LianhuashanParkForest2_LPF2144,train,,0.1.0,datasets/ISD/data/clips.csv,2d810af685de981b0307f0b3c1af99803dbb2c71543319db590e2ea794f4b386
mosaiq-benchmark-v0.1-candidate-20260716,mosaiq-benchmark,0.1.0-dev,iso_paq_regression,0.1.0,ISD,clip,ISD_LianhuashanParkForest_LianhuashanParkForest2_LPF2145,ISD_LianhuashanParkForest_LianhuashanParkForest2_LPF2145,train,,0.1.0,datasets/ISD/data/clips.csv,015024a0748b9bc93882cf8e9b0fa53d06814d718e1560d861da60c161e9b9ab
mosaiq-benchmark-v0.1-candidate-20260716,mosaiq-benchmark,0.1.0-dev,iso_paq_regression,0.1.0,ISD,clip,ISD_LianhuashanParkForest_LianhuashanParkForest2_LPF2146,ISD_LianhuashanParkForest_LianhuashanParkForest2_LPF2146,train,,0.1.0,datasets/ISD/data/clips.csv,35db0dab9488e6c73fa314adbcd2bb95104275ebbea1f1fa5a458105b8ab7f86
mosaiq-benchmark-v0.1-candidate-20260716,mosaiq-benchmark,0.1.0-dev,iso_paq_regression,0.1.0,ISD,clip,ISD_LianhuashanParkForest_LianhuashanParkForest2_LPF2148,ISD_LianhuashanParkForest_LianhuashanParkForest2_LPF2148,train,,0.1.0,datasets/ISD/data/clips.csv,2b59dbbc7c7c95785d40cbc0e7e2368792fee5aba050304ff411e18f0a8a726c
mosaiq-benchmark-v0.1-candidate-20260716,mosaiq-benchmark,0.1.0-dev,iso_paq_regression,0.1.0,ISD,clip,ISD_LianhuashanParkForest_LianhuashanParkForest2_LPF2149,ISD_LianhuashanParkForest_LianhuashanParkForest2_LPF2149,train,,0.1.0,datasets/ISD/data/clips.csv,ac8300e85fa0f8334df21f74a1de7e1a816796ac654085c7234aec773d8e87b5
mosaiq-benchmark-v0.1-candidate-20260716,mosaiq-benchmark,0.1.0-dev,iso_paq_regression,0.1.0,ISD,clip,ISD_LianhuashanParkForest_LianhuashanParkForest2_LPF2150,ISD_LianhuashanParkForest_LianhuashanParkForest2_LPF2150,train,,0.1.0,datasets/ISD/data/clips.csv,358bf0e1bfb1711a018473d34d83b8a650e7328934bddb15e250a0d4acf34b1d
mosaiq-benchmark-v0.1-candidate-20260716,mosaiq-benchmark,0.1.0-dev,iso_paq_regression,0.1.0,ISD,clip,ISD_LianhuashanParkForest_LianhuashanParkForest2_LPF2151,ISD_LianhuashanParkForest_LianhuashanParkForest2_LPF2151,train,,0.1.0,datasets/ISD/data/clips.csv,115f50b96e2137c195ba4e5776fea012f9dcf0d974ebf975eaf1e124d88b9d1f
mosaiq-benchmark-v0.1-candidate-20260716,mosaiq-benchmark,0.1.0-dev,iso_paq_regression,0.1.0,ISD,clip,ISD_LianhuashanParkForest_LianhuashanParkForest2_LPF2152,ISD_LianhuashanParkForest_LianhuashanParkForest2_LPF2152,train,,0.1.0,datasets/ISD/data/clips.csv,a86cd29f0638688bd5d49102b31ae2f1db091df1a29fa426659524a0f36b16af
mosaiq-benchmark-v0.1-candidate-20260716,mosaiq-benchmark,0.1.0-dev,iso_paq_regression,0.1.0,ISD,clip,ISD_LianhuashanParkForest_LianhuashanParkForest2_LPF2153,ISD_LianhuashanParkForest_LianhuashanParkForest2_LPF2153,train,,0.1.0,datasets/ISD/data/clips.csv,5949e94902d0cb05634f853c2bf676ff3bf8ca4165118e55ffdf24f000ce8f70
mosaiq-benchmark-v0.1-candidate-20260716,mosaiq-benchmark,0.1.0-dev,iso_paq_regression,0.1.0,ISD,clip,ISD_LianhuashanParkForest_LianhuashanParkForest2_LPF2154,ISD_LianhuashanParkForest_LianhuashanParkForest2_LPF2154,train,,0.1.0,datasets/ISD/data/clips.csv,8daeeae4dfcd87945543c8ead869401d8eeb38ccaa6e95d74a539ffe1375f56c
mosaiq-benchmark-v0.1-candidate-20260716,mosaiq-benchmark,0.1.0-dev,iso_paq_regression,0.1.0,ISD,clip,ISD_MarchmontGarden_MarchmontGarden1_MC101,ISD_MarchmontGarden_MarchmontGarden1_MC101,dev,,0.1.0,datasets/ISD/data/clips.csv,182c967f8d07fa1a52e196885de2357ef7fd8d65328d2da2b6a66cd6880b22c6
mosaiq-benchmark-v0.1-candidate-20260716,mosaiq-benchmark,0.1.0-dev,iso_paq_regression,0.1.0,ISD,clip,ISD_MarchmontGarden_MarchmontGarden1_MC102,ISD_MarchmontGarden_MarchmontGarden1_MC102,dev,,0.1.0,datasets/ISD/data/clips.csv,3f103dbfe5d8ca32507291cefc2dc2837e30d180ab84a08c8afa3f6ecb49c594
mosaiq-benchmark-v0.1-candidate-20260716,mosaiq-benchmark,0.1.0-dev,iso_paq_regression,0.1.0,ISD,clip,ISD_MarchmontGarden_MarchmontGarden1_MC103,ISD_MarchmontGarden_MarchmontGarden1_MC103,dev,,0.1.0,datasets/ISD/data/clips.csv,6512c26b75c1d2fa23a4db2bd78dc421dbcd2151dbbe6159af06e864b27a551e
mosaiq-benchmark-v0.1-candidate-20260716,mosaiq-benchmark,0.1.0-dev,iso_paq_regression,0.1.0,ISD,clip,ISD_MarchmontGarden_MarchmontGarden1_MC104,ISD_MarchmontGarden_MarchmontGarden1_MC104,dev,,0.1.0,datasets/ISD/data/clips.csv,3a6c792cfe61b06a0fd3aede95a095b880cf25743cab027459557658fd3a065b
mosaiq-benchmark-v0.1-candidate-20260716,mosaiq-benchmark,0.1.0-dev,iso_paq_regression,0.1.0,ISD,clip,ISD_MarchmontGarden_MarchmontGarden1_MC105,ISD_MarchmontGarden_MarchmontGarden1_MC105,dev,,0.1.0,datasets/ISD/data/clips.csv,ad34ddf0ba7951117563a9225e31c1e9333849532ca93ea997f250cd79e927ec
mosaiq-benchmark-v0.1-candidate-20260716,mosaiq-benchmark,0.1.0-dev,iso_paq_regression,0.1.0,ISD,clip,ISD_MarchmontGarden_MarchmontGarden1_MC106,ISD_MarchmontGarden_MarchmontGarden1_MC106,dev,,0.1.0,datasets/ISD/data/clips.csv,07738331702210d8d1c63527920e23c3a6c5d8763505a8d5af00af78cacfe797
mosaiq-benchmark-v0.1-candidate-20260716,mosaiq-benchmark,0.1.0-dev,iso_paq_regression,0.1.0,ISD,clip,ISD_MarchmontGarden_MarchmontGarden1_MC107,ISD_MarchmontGarden_MarchmontGarden1_MC107,dev,,0.1.0,datasets/ISD/data/clips.csv,3b94ae38f5309777bb1753b83f287cd33af0ee90dcbf42726012b704946373dc
mosaiq-benchmark-v0.1-candidate-20260716,mosaiq-benchmark,0.1.0-dev,iso_paq_regression,0.1.0,ISD,clip,ISD_MarchmontGarden_MarchmontGarden1_MC108,ISD_MarchmontGarden_MarchmontGarden1_MC108,dev,,0.1.0,datasets/ISD/data/clips.csv,fa52c64cbebd4b15694b55402b244ebc561bca9f83150d9a35ceed5ab100745e
mosaiq-benchmark-v0.1-candidate-20260716,mosaiq-benchmark,0.1.0-dev,iso_paq_regression,0.1.0,ISD,clip,ISD_MarchmontGarden_MarchmontGarden1_MC110,ISD_MarchmontGarden_MarchmontGarden1_MC110,dev,,0.1.0,datasets/ISD/data/clips.csv,5fa32482ddd3e676e3b01700af4e144d1b08e45e5303147bee4a67344e8db7c8
mosaiq-benchmark-v0.1-candidate-20260716,mosaiq-benchmark,0.1.0-dev,iso_paq_regression,0.1.0,ISD,clip,ISD_MarchmontGarden_MarchmontGarden1_MC111,ISD_MarchmontGarden_MarchmontGarden1_MC111,dev,,0.1.0,datasets/ISD/data/clips.csv,b9e40f6f1c7cc59e54bd84fd539b49429a7c1e60b70501aa057831689c1cac91
mosaiq-benchmark-v0.1-candidate-20260716,mosaiq-benchmark,0.1.0-dev,iso_paq_regression,0.1.0,ISD,clip,ISD_MarchmontGarden_MarchmontGarden1_MC112,ISD_MarchmontGarden_MarchmontGarden1_MC112,dev,,0.1.0,datasets/ISD/data/clips.csv,541b646c6cfc3521e860ab7a8e7a875233a1a8508f0730c4e44326399254bb53
mosaiq-benchmark-v0.1-candidate-20260716,mosaiq-benchmark,0.1.0-dev,iso_paq_regression,0.1.0,ISD,clip,ISD_MarchmontGarden_MarchmontGarden1_MC114,ISD_MarchmontGarden_MarchmontGarden1_MC114,dev,,0.1.0,datasets/ISD/data/clips.csv,3aeababac59f7ff5c7c1a8c7d2c0e6a9d4e63cba5619748175ef74c223d48a62
mosaiq-benchmark-v0.1-candidate-20260716,mosaiq-benchmark,0.1.0-dev,iso_paq_regression,0.1.0,ISD,clip,ISD_MarchmontGarden_MarchmontGarden1_MC115,ISD_MarchmontGarden_MarchmontGarden1_MC115,dev,,0.1.0,datasets/ISD/data/clips.csv,77040e0d4eac3bfd320bc07361184b637316cddc7336f606c55f670b3808d3ed
mosaiq-benchmark-v0.1-candidate-20260716,mosaiq-benchmark,0.1.0-dev,iso_paq_regression,0.1.0,ISD,clip,ISD_MarchmontGarden_MarchmontGarden1_MC116,ISD_MarchmontGarden_MarchmontGarden1_MC116,dev,,0.1.0,datasets/ISD/data/clips.csv,ffe331d85fcd0e6bf2cd0748f5dea85c8f93b198ff3526f1d490426d431a8362
mosaiq-benchmark-v0.1-candidate-20260716,mosaiq-benchmark,0.1.0-dev,iso_paq_regression,0.1.0,ISD,clip,ISD_MarchmontGarden_MarchmontGarden1_MC117,ISD_MarchmontGarden_MarchmontGarden1_MC117,dev,,0.1.0,datasets/ISD/data/clips.csv,4801785bdefed51ff584c1fe61b1bf0234dabb488e79d769a56ae1d22ceffe18
mosaiq-benchmark-v0.1-candidate-20260716,mosaiq-benchmark,0.1.0-dev,iso_paq_regression,0.1.0,ISD,clip,ISD_MarchmontGarden_MarchmontGarden1_MC118,ISD_MarchmontGarden_MarchmontGarden1_MC118,dev,,0.1.0,datasets/ISD/data/clips.csv,d943b4d2e5a160c230769a058b040e6b40bfb2f3a2c2595b5ed9e9a7fa4654bf
mosaiq-benchmark-v0.1-candidate-20260716,mosaiq-benchmark,0.1.0-dev,iso_paq_regression,0.1.0,ISD,clip,ISD_MarchmontGarden_MarchmontGarden1_MC119,ISD_MarchmontGarden_MarchmontGarden1_MC119,dev,,0.1.0,datasets/ISD/data/clips.csv,0c649e5e7b69e65c12477c46717a7a06fed06c2004acd47a1eb4532548f35ae5
mosaiq-benchmark-v0.1-candidate-20260716,mosaiq-benchmark,0.1.0-dev,iso_paq_regression,0.1.0,ISD,clip,ISD_MarchmontGarden_MarchmontGarden1_MC120,ISD_MarchmontGarden_MarchmontGarden1_MC120,dev,,0.1.0,datasets/ISD/data/clips.csv,f40ebdb954f48a7fe2f2936513702e259b65ea8c46ffbe917f6c4b85994915ba
mosaiq-benchmark-v0.1-candidate-20260716,mosaiq-benchmark,0.1.0-dev,iso_paq_regression,0.1.0,ISD,clip,ISD_MarchmontGarden_MarchmontGarden1_MC121,ISD_MarchmontGarden_MarchmontGarden1_MC121,dev,,0.1.0,datasets/ISD/data/clips.csv,0ffff66303ae2fc54377952a116bb2c2ea2896e23e4d246c1554b9dd20bef575
mosaiq-benchmark-v0.1-candidate-20260716,mosaiq-benchmark,0.1.0-dev,iso_paq_regression,0.1.0,ISD,clip,ISD_MarchmontGarden_MarchmontGarden1_MC122,ISD_MarchmontGarden_MarchmontGarden1_MC122,dev,,0.1.0,datasets/ISD/data/clips.csv,704b98b0813ed489e691696e18c4455c1f55f85367268344ba18af3df902ceb8
mosaiq-benchmark-v0.1-candidate-20260716,mosaiq-benchmark,0.1.0-dev,iso_paq_regression,0.1.0,ISD,clip,ISD_MarchmontGarden_MarchmontGarden1_MC123,ISD_MarchmontGarden_MarchmontGarden1_MC123,dev,,0.1.0,datasets/ISD/data/clips.csv,7273d8d027f23c6cf68be682854e1ee23c251432fad889f5e3ab29b4045de0c1
mosaiq-benchmark-v0.1-candidate-20260716,mosaiq-benchmark,0.1.0-dev,iso_paq_regression,0.1.0,ISD,clip,ISD_MarchmontGarden_MarchmontGarden1_MC127,ISD_MarchmontGarden_MarchmontGarden1_MC127,dev,,0.1.0,datasets/ISD/data/clips.csv,d8d00d6957ce68565a2f6c4002d1fe0c08fef2cecaa3404c7c6d9cbdacc25aad
mosaiq-benchmark-v0.1-candidate-20260716,mosaiq-benchmark,0.1.0-dev,iso_paq_regression,0.1.0,ISD,clip,ISD_MarchmontGarden_MarchmontGarden1_MC128,ISD_MarchmontGarden_MarchmontGarden1_MC128,dev,,0.1.0,datasets/ISD/data/clips.csv,4d40c464a7af327d643801466399fbda0c93eb81d50e56a3d165c198f835d0a3
mosaiq-benchmark-v0.1-candidate-20260716,mosaiq-benchmark,0.1.0-dev,iso_paq_regression,0.1.0,ISD,clip,ISD_MarchmontGarden_MarchmontGarden1_MC129,ISD_MarchmontGarden_MarchmontGarden1_MC129,dev,,0.1.0,datasets/ISD/data/clips.csv,00c616e6251b9a68e358dad22a5d538834d8652ce4e62c30d30540955d3660d7
mosaiq-benchmark-v0.1-candidate-20260716,mosaiq-benchmark,0.1.0-dev,iso_paq_regression,0.1.0,ISD,clip,ISD_MarchmontGarden_MarchmontGarden2_MC201,ISD_MarchmontGarden_MarchmontGarden2_MC201,dev,,0.1.0,datasets/ISD/data/clips.csv,1a12ffc5dfb3a16c4ef43dce30844fe0635e3b410cffce4e1b968785092d1e5a
mosaiq-benchmark-v0.1-candidate-20260716,mosaiq-benchmark,0.1.0-dev,iso_paq_regression,0.1.0,ISD,clip,ISD_MarchmontGarden_MarchmontGarden2_MC202,ISD_MarchmontGarden_MarchmontGarden2_MC202,dev,,0.1.0,datasets/ISD/data/clips.csv,1c0d92e39e995f9fb600f7da70ddafe765950be38f4d74a785c10167582762d5
mosaiq-benchmark-v0.1-candidate-20260716,mosaiq-benchmark,0.1.0-dev,iso_paq_regression,0.1.0,ISD,clip,ISD_MarchmontGarden_MarchmontGarden2_MC203,ISD_MarchmontGarden_MarchmontGarden2_MC203,dev,,0.1.0,datasets/ISD/data/clips.csv,5fc342dc56ea07bcd70748df731622b80be0b9839786242d40a81835df24ec91
mosaiq-benchmark-v0.1-candidate-20260716,mosaiq-benchmark,0.1.0-dev,iso_paq_regression,0.1.0,ISD,clip,ISD_MarchmontGarden_MarchmontGarden2_MC204,ISD_MarchmontGarden_MarchmontGarden2_MC204,dev,,0.1.0,datasets/ISD/data/clips.csv,293c40d052c3f6905c2d75b3632eee6f7eaf45b04098f7e277c08cc718c0b6b3
mosaiq-benchmark-v0.1-candidate-20260716,mosaiq-benchmark,0.1.0-dev,iso_paq_regression,0.1.0,ISD,clip,ISD_MarchmontGarden_MarchmontGarden2_MC205,ISD_MarchmontGarden_MarchmontGarden2_MC205,dev,,0.1.0,datasets/ISD/data/clips.csv,188f53b957417328df3293138cda3b4c5a0e381de1d5450a11db82e0fe993b56
mosaiq-benchmark-v0.1-candidate-20260716,mosaiq-benchmark,0.1.0-dev,iso_paq_regression,0.1.0,ISD,clip,ISD_MarchmontGarden_MarchmontGarden2_MC206,ISD_MarchmontGarden_MarchmontGarden2_MC206,dev,,0.1.0,datasets/ISD/data/clips.csv,f35d5fc4e4e29bd6131a54bd2c9b290e51e5e7ddd1bdf2714ed08efc10a6bb68
mosaiq-benchmark-v0.1-candidate-20260716,mosaiq-benchmark,0.1.0-dev,iso_paq_regression,0.1.0,ISD,clip,ISD_MarchmontGarden_MarchmontGarden2_MC207,ISD_MarchmontGarden_MarchmontGarden2_MC207,dev,,0.1.0,datasets/ISD/data/clips.csv,16aa27b558d874c6f14ecbdd02196c84bdffc8837e3f75353e355887912a0200
mosaiq-benchmark-v0.1-candidate-20260716,mosaiq-benchmark,0.1.0-dev,iso_paq_regression,0.1.0,ISD,clip,ISD_MarchmontGarden_MarchmontGarden3_MC301,ISD_MarchmontGarden_MarchmontGarden3_MC301,dev,,0.1.0,datasets/ISD/data/clips.csv,3ba13226d1b6a7b01a21ccee230ccae0f93bc17c73763901c50c3b094b703eee
mosaiq-benchmark-v0.1-candidate-20260716,mosaiq-benchmark,0.1.0-dev,iso_paq_regression,0.1.0,ISD,clip,ISD_MarchmontGarden_MarchmontGarden3_MC302,ISD_MarchmontGarden_MarchmontGarden3_MC302,dev,,0.1.0,datasets/ISD/data/clips.csv,41d547bb7f94a3e81ce5e1233e51f98b6220b00e1fe3da6f0b93ddff1de9f190
mosaiq-benchmark-v0.1-candidate-20260716,mosaiq-benchmark,0.1.0-dev,iso_paq_regression,0.1.0,ISD,clip,ISD_MarchmontGarden_MarchmontGarden3_MC303,ISD_MarchmontGarden_MarchmontGarden3_MC303,dev,,0.1.0,datasets/ISD/data/clips.csv,0774d2c01e36b6478cf5fbc9ed2020a57b4147a056622be3bb65b7c13731c226
mosaiq-benchmark-v0.1-candidate-20260716,mosaiq-benchmark,0.1.0-dev,iso_paq_regression,0.1.0,ISD,clip,ISD_MarchmontGarden_MarchmontGarden3_MC306,ISD_MarchmontGarden_MarchmontGarden3_MC306,dev,,0.1.0,datasets/ISD/data/clips.csv,7615a462651831b0226235bb783db34709ee577bcd103b72d9e07d8c7526656f
mosaiq-benchmark-v0.1-candidate-20260716,mosaiq-benchmark,0.1.0-dev,iso_paq_regression,0.1.0,ISD,clip,ISD_MarchmontGarden_MarchmontGarden3_MC307,ISD_MarchmontGarden_MarchmontGarden3_MC307,dev,,0.1.0,datasets/ISD/data/clips.csv,a6cb681c3efdf57cafb5ec45224152d14886c7527db19bf8ceadac119f593b1f
mosaiq-benchmark-v0.1-candidate-20260716,mosaiq-benchmark,0.1.0-dev,iso_paq_regression,0.1.0,ISD,clip,ISD_MarchmontGarden_MarchmontGarden3_MC308,ISD_MarchmontGarden_MarchmontGarden3_MC308,dev,,0.1.0,datasets/ISD/data/clips.csv,b5a3c5864442a988a2a35ab96d8e5d1736eb48f548f473146f102de74e4cdedb
mosaiq-benchmark-v0.1-candidate-20260716,mosaiq-benchmark,0.1.0-dev,iso_paq_regression,0.1.0,ISD,clip,ISD_MarchmontGarden_MarchmontGarden3_MC309,ISD_MarchmontGarden_MarchmontGarden3_MC309,dev,,0.1.0,datasets/ISD/data/clips.csv,52bc6ddf181cc6f65bfe86493c34f9ea97a8173c255f7786d63f98edcfe38f0b
mosaiq-benchmark-v0.1-candidate-20260716,mosaiq-benchmark,0.1.0-dev,iso_paq_regression,0.1.0,ISD,clip,ISD_MarchmontGarden_MarchmontGarden3_MC310,ISD_MarchmontGarden_MarchmontGarden3_MC310,dev,,0.1.0,datasets/ISD/data/clips.csv,e33565201f865fbed9dbf407cf07820075e7e2a30c4654c06b37df06765b15cb
mosaiq-benchmark-v0.1-candidate-20260716,mosaiq-benchmark,0.1.0-dev,iso_paq_regression,0.1.0,ISD,clip,ISD_MarchmontGarden_MarchmontGarden3_MC311,ISD_MarchmontGarden_MarchmontGarden3_MC311,dev,,0.1.0,datasets/ISD/data/clips.csv,0240042fc65d861c20d1b51c0d014d0392f77ff51a4975ad77e42a1939020378
mosaiq-benchmark-v0.1-candidate-20260716,mosaiq-benchmark,0.1.0-dev,iso_paq_regression,0.1.0,ISD,clip,ISD_MarchmontGarden_MarchmontGarden3_MC312,ISD_MarchmontGarden_MarchmontGarden3_MC312,dev,,0.1.0,datasets/ISD/data/clips.csv,aecdc4de0d37b165c445e727253e58576775532db6312433f826b9e91c2dcf55
mosaiq-benchmark-v0.1-candidate-20260716,mosaiq-benchmark,0.1.0-dev,iso_paq_regression,0.1.0,ISD,clip,ISD_MarchmontGarden_MarchmontGarden3_MC313,ISD_MarchmontGarden_MarchmontGarden3_MC313,dev,,0.1.0,datasets/ISD/data/clips.csv,3c8ee511350044f384012d18619302645e962481432cc541237a940f4e844e7b
mosaiq-benchmark-v0.1-candidate-20260716,mosaiq-benchmark,0.1.0-dev,iso_paq_regression,0.1.0,ISD,clip,ISD_MarchmontGarden_MarchmontGarden3_MC315,ISD_MarchmontGarden_MarchmontGarden3_MC315,dev,,0.1.0,datasets/ISD/data/clips.csv,1e04dd3d7731d48621bd1f782b3d03e34414105de9b04e705a95fa53a45e8515
mosaiq-benchmark-v0.1-candidate-20260716,mosaiq-benchmark,0.1.0-dev,iso_paq_regression,0.1.0,ISD,clip,ISD_MarchmontGarden_MarchmontGarden3_MC316,ISD_MarchmontGarden_MarchmontGarden3_MC316,dev,,0.1.0,datasets/ISD/data/clips.csv,da38831151c31aaf698113aaadfa3c939777d8ee19a9f980a53cb99d89b841b2
mosaiq-benchmark-v0.1-candidate-20260716,mosaiq-benchmark,0.1.0-dev,iso_paq_regression,0.1.0,ISD,clip,ISD_MarchmontGarden_MarchmontGarden3_MC317,ISD_MarchmontGarden_MarchmontGarden3_MC317,dev,,0.1.0,datasets/ISD/data/clips.csv,cc8d709fefe0b828c022d161f98270c7e72fc34775c7d8fd59eee55dde5d34f5
mosaiq-benchmark-v0.1-candidate-20260716,mosaiq-benchmark,0.1.0-dev,iso_paq_regression,0.1.0,ISD,clip,ISD_MarchmontGarden_MarchmontGarden3_MC318,ISD_MarchmontGarden_MarchmontGarden3_MC318,dev,,0.1.0,datasets/ISD/data/clips.csv,e7cc30d16ea40d7006d878747c5f4f147556b9ceaf3949be90e33c96e3ac6848
mosaiq-benchmark-v0.1-candidate-20260716,mosaiq-benchmark,0.1.0-dev,iso_paq_regression,0.1.0,ISD,clip,ISD_MarchmontGarden_MarchmontGarden3_MC319,ISD_MarchmontGarden_MarchmontGarden3_MC319,dev,,0.1.0,datasets/ISD/data/clips.csv,1481911b7b4108be5bed949d2caaeb7c307886c5d9bb571a26086672ab797693
mosaiq-benchmark-v0.1-candidate-20260716,mosaiq-benchmark,0.1.0-dev,iso_paq_regression,0.1.0,ISD,clip,ISD_MarchmontGarden_MarchmontGarden3_MC320,ISD_MarchmontGarden_MarchmontGarden3_MC320,dev,,0.1.0,datasets/ISD/data/clips.csv,141431bf9c3541c3e3c39ea0d4c1a86d789b88b424188f344368df1efbcea377
mosaiq-benchmark-v0.1-candidate-20260716,mosaiq-benchmark,0.1.0-dev,iso_paq_regression,0.1.0,ISD,clip,ISD_MarchmontGarden_MarchmontGarden3_MC321,ISD_MarchmontGarden_MarchmontGarden3_MC321,dev,,0.1.0,datasets/ISD/data/clips.csv,f328ad3901a513a7b27f72748b4c99720b6b62991b3f5b645e16cc4e527a00f8
mosaiq-benchmark-v0.1-candidate-20260716,mosaiq-benchmark,0.1.0-dev,iso_paq_regression,0.1.0,ISD,clip,ISD_MarchmontGarden_MarchmontGarden3_MC322,ISD_MarchmontGarden_MarchmontGarden3_MC322,dev,,0.1.0,datasets/ISD/data/clips.csv,2ad4ed896acbfce8a521c33cf7f1967ceaf52606c3ee862195198e44c1450481
mosaiq-benchmark-v0.1-candidate-20260716,mosaiq-benchmark,0.1.0-dev,iso_paq_regression,0.1.0,ISD,clip,ISD_MarchmontGarden_MarchmontGarden3_MC323,ISD_MarchmontGarden_MarchmontGarden3_MC323,dev,,0.1.0,datasets/ISD/data/clips.csv,83384cadc40589c5c702be591274fd85b3b1edaad9603b56f5a4e4ed90c71a33
mosaiq-benchmark-v0.1-candidate-20260716,mosaiq-benchmark,0.1.0-dev,iso_paq_regression,0.1.0,ISD,clip,ISD_MarchmontGarden_MarchmontGarden3_MC324,ISD_MarchmontGarden_MarchmontGarden3_MC324,dev,,0.1.0,datasets/ISD/data/clips.csv,691b7393ba855b84c716767e24ef5d095d8d451553f5f5adbdeab2d64f74eeea
mosaiq-benchmark-v0.1-candidate-20260716,mosaiq-benchmark,0.1.0-dev,iso_paq_regression,0.1.0,ISD,clip,ISD_MarchmontGarden_MarchmontGarden3_MC325,ISD_MarchmontGarden_MarchmontGarden3_MC325,dev,,0.1.0,datasets/ISD/data/clips.csv,d777a5e1eee7bec066c04fc7807d8a7fea5fa5ff0953ab04fcab80d4c75b9165
mosaiq-benchmark-v0.1-candidate-20260716,mosaiq-benchmark,0.1.0-dev,iso_paq_regression,0.1.0,ISD,clip,ISD_MarchmontGarden_MarchmontGarden3_MC327,ISD_MarchmontGarden_MarchmontGarden3_MC327,dev,,0.1.0,datasets/ISD/data/clips.csv,e2a0c00d5395ca0d4429889e6a03e38f1eb96a39d86f96764ecab2fbd7acf575
mosaiq-benchmark-v0.1-candidate-20260716,mosaiq-benchmark,0.1.0-dev,iso_paq_regression,0.1.0,ISD,clip,ISD_MarchmontGarden_MarchmontGarden3_MC328,ISD_MarchmontGarden_MarchmontGarden3_MC328,dev,,0.1.0,datasets/ISD/data/clips.csv,d0c20ef8ebb55421f4417a939d10a48afdd06d285638b6b995080cdaf5e03934
mosaiq-benchmark-v0.1-candidate-20260716,mosaiq-benchmark,0.1.0-dev,iso_paq_regression,0.1.0,ISD,clip,ISD_MarchmontGarden_MarchmontGarden3_MC329,ISD_MarchmontGarden_MarchmontGarden3_MC329,dev,,0.1.0,datasets/ISD/data/clips.csv,490fdc211f990d6ac4a2c63714539805e10d0a2b85988764a592c728abc20dc9
mosaiq-benchmark-v0.1-candidate-20260716,mosaiq-benchmark,0.1.0-dev,iso_paq_regression,0.1.0,ISD,clip,ISD_MarchmontGarden_MarchmontGarden3_MC330,ISD_MarchmontGarden_MarchmontGarden3_MC330,dev,,0.1.0,datasets/ISD/data/clips.csv,548bc945a30cb91564e7ffad9689910b7733ff994d8fa0efb6a896df50156e5e
mosaiq-benchmark-v0.1-candidate-20260716,mosaiq-benchmark,0.1.0-dev,iso_paq_regression,0.1.0,ISD,clip,ISD_MarchmontGarden_MarchmontGarden3_MC331,ISD_MarchmontGarden_MarchmontGarden3_MC331,dev,,0.1.0,datasets/ISD/data/clips.csv,e5b8f0b8472e35828b15cc1b1c6d83652d336b48a50d5bd36d0ab9fc0898d82c
mosaiq-benchmark-v0.1-candidate-20260716,mosaiq-benchmark,0.1.0-dev,iso_paq_regression,0.1.0,ISD,clip,ISD_MarchmontGarden_MarchmontGarden3_MC332,ISD_MarchmontGarden_MarchmontGarden3_MC332,dev,,0.1.0,datasets/ISD/data/clips.csv,db225ee3fcc6ec5c473bc234e6f8f27c5616e89ac8c04e6533761a55ac58b7f2
mosaiq-benchmark-v0.1-candidate-20260716,mosaiq-benchmark,0.1.0-dev,iso_paq_regression,0.1.0,ISD,clip,ISD_MarchmontGarden_MarchmontGarden3_MC333,ISD_MarchmontGarden_MarchmontGarden3_MC333,dev,,0.1.0,datasets/ISD/data/clips.csv,4c97c190eea98a25fb2adb596af8c9e3379d16ab80cf227689b83fc9cc81b087
mosaiq-benchmark-v0.1-candidate-20260716,mosaiq-benchmark,0.1.0-dev,iso_paq_regression,0.1.0,ISD,clip,ISD_MarchmontGarden_MarchmontGarden3_MC334,ISD_MarchmontGarden_MarchmontGarden3_MC334,dev,,0.1.0,datasets/ISD/data/clips.csv,9c4d0ad5f3179a4a72fb1c9669c39012f7071ffdee1a48b7537c1207490d28e6
mosaiq-benchmark-v0.1-candidate-20260716,mosaiq-benchmark,0.1.0-dev,iso_paq_regression,0.1.0,ISD,clip,ISD_MarchmontGarden_MarchmontGarden3_MC335,ISD_MarchmontGarden_MarchmontGarden3_MC335,dev,,0.1.0,datasets/ISD/data/clips.csv,7243dee51594bdccaf3598dfdb4db66771ee9cba6085180ee829281ecb478b72
mosaiq-benchmark-v0.1-candidate-20260716,mosaiq-benchmark,0.1.0-dev,iso_paq_regression,0.1.0,ISD,clip,ISD_MarchmontGarden_MarchmontGarden3_MC336,ISD_MarchmontGarden_MarchmontGarden3_MC336,dev,,0.1.0,datasets/ISD/data/clips.csv,91b02c734e735843f74426d3ba76e66132323d7ef474abde8826e64caabd7731
mosaiq-benchmark-v0.1-candidate-20260716,mosaiq-benchmark,0.1.0-dev,iso_paq_regression,0.1.0,ISD,clip,ISD_MarchmontGarden_MarchmontGarden4_MC401,ISD_MarchmontGarden_MarchmontGarden4_MC401,dev,,0.1.0,datasets/ISD/data/clips.csv,6fa86cb06c0d5e992e36e2a9da253821bfc0cc2b567e3ee4f3cae02bce390484
mosaiq-benchmark-v0.1-candidate-20260716,mosaiq-benchmark,0.1.0-dev,iso_paq_regression,0.1.0,ISD,clip,ISD_MarchmontGarden_MarchmontGarden4_MC402,ISD_MarchmontGarden_MarchmontGarden4_MC402,dev,,0.1.0,datasets/ISD/data/clips.csv,5195c1b5ef94a432d9518a2b72cbfef802a61c8870dc8f4a13ee33d4d1a85933
mosaiq-benchmark-v0.1-candidate-20260716,mosaiq-benchmark,0.1.0-dev,iso_paq_regression,0.1.0,ISD,clip,ISD_MarchmontGarden_MarchmontGarden4_MC403,ISD_MarchmontGarden_MarchmontGarden4_MC403,dev,,0.1.0,datasets/ISD/data/clips.csv,b34bb2b85d4967350863abd971a1c6e44ffdf17d85443ea93ee90f54099dba2a
mosaiq-benchmark-v0.1-candidate-20260716,mosaiq-benchmark,0.1.0-dev,iso_paq_regression,0.1.0,ISD,clip,ISD_MarchmontGarden_MarchmontGarden4_MC404,ISD_MarchmontGarden_MarchmontGarden4_MC404,dev,,0.1.0,datasets/ISD/data/clips.csv,ec908cf2f2af74955f9c4009304405828f790cbb703cdbaf33dd3f02c4b5f09c
mosaiq-benchmark-v0.1-candidate-20260716,mosaiq-benchmark,0.1.0-dev,iso_paq_regression,0.1.0,ISD,clip,ISD_MarchmontGarden_MarchmontGarden4_MC405,ISD_MarchmontGarden_MarchmontGarden4_MC405,dev,,0.1.0,datasets/ISD/data/clips.csv,208eb9974a9e9c7fefdfe512fcc78f5815b108c45b23239d93f25cb6e0a99d5f
mosaiq-benchmark-v0.1-candidate-20260716,mosaiq-benchmark,0.1.0-dev,iso_paq_regression,0.1.0,ISD,clip,ISD_MarchmontGarden_MarchmontGarden4_MC406,ISD_MarchmontGarden_MarchmontGarden4_MC406,dev,,0.1.0,datasets/ISD/data/clips.csv,c5c4ba0206c83ddf43a456345569aa9f312edaf1b30b855be446dc127d035026
mosaiq-benchmark-v0.1-candidate-20260716,mosaiq-benchmark,0.1.0-dev,iso_paq_regression,0.1.0,ISD,clip,ISD_MarchmontGarden_MarchmontGarden4_MC407,ISD_MarchmontGarden_MarchmontGarden4_MC407,dev,,0.1.0,datasets/ISD/data/clips.csv,7b5a2eb878df70a10ae24fbcff91e03cf87103063297e8c4ef0a2e885aebddbd
mosaiq-benchmark-v0.1-candidate-20260716,mosaiq-benchmark,0.1.0-dev,iso_paq_regression,0.1.0,ISD,clip,ISD_MarchmontGarden_MarchmontGarden4_MC409,ISD_MarchmontGarden_MarchmontGarden4_MC409,dev,,0.1.0,datasets/ISD/data/clips.csv,106710e17746ab1398984e78a842060e129184f72ed922aeaf9e43aed25cbc35
mosaiq-benchmark-v0.1-candidate-20260716,mosaiq-benchmark,0.1.0-dev,iso_paq_regression,0.1.0,ISD,clip,ISD_MarchmontGarden_MarchmontGarden4_MC410,ISD_MarchmontGarden_MarchmontGarden4_MC410,dev,,0.1.0,datasets/ISD/data/clips.csv,5a101073959350a80b479d1fe6b6dd23fdec47263e14708a918c35e957420e05
mosaiq-benchmark-v0.1-candidate-20260716,mosaiq-benchmark,0.1.0-dev,iso_paq_regression,0.1.0,ISD,clip,ISD_MarchmontGarden_MarchmontGarden4_MC411,ISD_MarchmontGarden_MarchmontGarden4_MC411,dev,,0.1.0,datasets/ISD/data/clips.csv,5356e9e8fc4ed6e7df2800ae1f04f848f8155768271b672cd50382f3ebc4b9d8
mosaiq-benchmark-v0.1-candidate-20260716,mosaiq-benchmark,0.1.0-dev,iso_paq_regression,0.1.0,ISD,clip,ISD_MarchmontGarden_MarchmontGarden4_MC412,ISD_MarchmontGarden_MarchmontGarden4_MC412,dev,,0.1.0,datasets/ISD/data/clips.csv,9e256234ddcf378703470420ccc059a4cd49852b6ce50412035416beae473a5b
mosaiq-benchmark-v0.1-candidate-20260716,mosaiq-benchmark,0.1.0-dev,iso_paq_regression,0.1.0,ISD,clip,ISD_MarchmontGarden_MarchmontGarden4_MC413,ISD_MarchmontGarden_MarchmontGarden4_MC413,dev,,0.1.0,datasets/ISD/data/clips.csv,56c5530248a1952c6e757e5223a1d4f2032b66d9d653868dc527ba941e45ea22
mosaiq-benchmark-v0.1-candidate-20260716,mosaiq-benchmark,0.1.0-dev,iso_paq_regression,0.1.0,ISD,clip,ISD_MarchmontGarden_MarchmontGarden4_MC414,ISD_MarchmontGarden_MarchmontGarden4_MC414,dev,,0.1.0,datasets/ISD/data/clips.csv,7afa306f93839d5e2745e082822ed6e17ff618d105471f1f3c0923b4a033de06
mosaiq-benchmark-v0.1-candidate-20260716,mosaiq-benchmark,0.1.0-dev,iso_paq_regression,0.1.0,ISD,clip,ISD_MarchmontGarden_MarchmontGarden4_MC415,ISD_MarchmontGarden_MarchmontGarden4_MC415,dev,,0.1.0,datasets/ISD/data/clips.csv,e1847e81411ff5206b533efd01d0a31321b334e975af3c5b7c1c1b015fe64ccb
mosaiq-benchmark-v0.1-candidate-20260716,mosaiq-benchmark,0.1.0-dev,iso_paq_regression,0.1.0,ISD,clip,ISD_MarchmontGarden_MarchmontGarden4_MC416,ISD_MarchmontGarden_MarchmontGarden4_MC416,dev,,0.1.0,datasets/ISD/data/clips.csv,66b5817b29254a9eb22b105533a0f8dde324049adcda8ae49cf29881c52ff84b
mosaiq-benchmark-v0.1-candidate-20260716,mosaiq-benchmark,0.1.0-dev,iso_paq_regression,0.1.0,ISD,clip,ISD_MarchmontGarden_MarchmontGarden4_MC417,ISD_MarchmontGarden_MarchmontGarden4_MC417,dev,,0.1.0,datasets/ISD/data/clips.csv,70a94bf04a9bf6983eb458f6d2c2fa5f98ef43dc0d8338a5c22eac8abf72a8d2
mosaiq-benchmark-v0.1-candidate-20260716,mosaiq-benchmark,0.1.0-dev,iso_paq_regression,0.1.0,ISD,clip,ISD_MarchmontGarden_MarchmontGarden4_MC418,ISD_MarchmontGarden_MarchmontGarden4_MC418,dev,,0.1.0,datasets/ISD/data/clips.csv,92523298d25069aad2256a8180f1682caaa1dac00758cf5ebe70ed1318e25989
mosaiq-benchmark-v0.1-candidate-20260716,mosaiq-benchmark,0.1.0-dev,iso_paq_regression,0.1.0,ISD,clip,ISD_MiradorSanNicolas_MiradorSanNicolas1_M11,ISD_MiradorSanNicolas_MiradorSanNicolas1_M11,test,,0.1.0,datasets/ISD/data/clips.csv,3f5b61b05dd74ba4451566755fce2c61e141f9c54d3c803fa749ab9427735f7d
mosaiq-benchmark-v0.1-candidate-20260716,mosaiq-benchmark,0.1.0-dev,iso_paq_regression,0.1.0,ISD,clip,ISD_MiradorSanNicolas_MiradorSanNicolas1_M110,ISD_MiradorSanNicolas_MiradorSanNicolas1_M110,test,,0.1.0,datasets/ISD/data/clips.csv,c12a52acec78b52da4ba5dd8267f9d6b427d3a9a84460573eea6d6509ec2874d
mosaiq-benchmark-v0.1-candidate-20260716,mosaiq-benchmark,0.1.0-dev,iso_paq_regression,0.1.0,ISD,clip,ISD_MiradorSanNicolas_MiradorSanNicolas1_M111,ISD_MiradorSanNicolas_MiradorSanNicolas1_M111,test,,0.1.0,datasets/ISD/data/clips.csv,53859bbae6ed4622575229b1e4c26900d8aebd9d922b58ce9d13d210882494c3
mosaiq-benchmark-v0.1-candidate-20260716,mosaiq-benchmark,0.1.0-dev,iso_paq_regression,0.1.0,ISD,clip,ISD_MiradorSanNicolas_MiradorSanNicolas1_M113,ISD_MiradorSanNicolas_MiradorSanNicolas1_M113,test,,0.1.0,datasets/ISD/data/clips.csv,f21adce18636518a9ec8f15b988ef59849349eb3b789f066b16908eccdad93b7
mosaiq-benchmark-v0.1-candidate-20260716,mosaiq-benchmark,0.1.0-dev,iso_paq_regression,0.1.0,ISD,clip,ISD_MiradorSanNicolas_MiradorSanNicolas1_M12,ISD_MiradorSanNicolas_MiradorSanNicolas1_M12,test,,0.1.0,datasets/ISD/data/clips.csv,9abab7ef94a3bdc5f1c4d763f642781dd573a083427a092600367f3e322c71fd
mosaiq-benchmark-v0.1-candidate-20260716,mosaiq-benchmark,0.1.0-dev,iso_paq_regression,0.1.0,ISD,clip,ISD_MiradorSanNicolas_MiradorSanNicolas1_M13,ISD_MiradorSanNicolas_MiradorSanNicolas1_M13,test,,0.1.0,datasets/ISD/data/clips.csv,82f54d339c5c59f3dd9f789ff533122354de4b08f746ffc2f573b49cd25f04ca
mosaiq-benchmark-v0.1-candidate-20260716,mosaiq-benchmark,0.1.0-dev,iso_paq_regression,0.1.0,ISD,clip,ISD_MiradorSanNicolas_MiradorSanNicolas1_M16,ISD_MiradorSanNicolas_MiradorSanNicolas1_M16,test,,0.1.0,datasets/ISD/data/clips.csv,014fbc24782f0a04e5a0f9b0cb78ad0a9baa13c2671cf3c244c2931762374721
mosaiq-benchmark-v0.1-candidate-20260716,mosaiq-benchmark,0.1.0-dev,iso_paq_regression,0.1.0,ISD,clip,ISD_MiradorSanNicolas_MiradorSanNicolas1_M17,ISD_MiradorSanNicolas_MiradorSanNicolas1_M17,test,,0.1.0,datasets/ISD/data/clips.csv,22686260ea6da4ff137d053fd82a18c6384ff6e7645e110fe7c442503578870a
mosaiq-benchmark-v0.1-candidate-20260716,mosaiq-benchmark,0.1.0-dev,iso_paq_regression,0.1.0,ISD,clip,ISD_MiradorSanNicolas_MiradorSanNicolas1_M19,ISD_MiradorSanNicolas_MiradorSanNicolas1_M19,test,,0.1.0,datasets/ISD/data/clips.csv,baff50cf314ea7b414dd1ca0b7d0e3c139685403940b530be2552163cc942687
mosaiq-benchmark-v0.1-candidate-20260716,mosaiq-benchmark,0.1.0-dev,iso_paq_regression,0.1.0,ISD,clip,ISD_MiradorSanNicolas_MiradorSanNicolas1_M21,ISD_MiradorSanNicolas_MiradorSanNicolas1_M21,test,,0.1.0,datasets/ISD/data/clips.csv,a82e69d58920e6919b5ede3ceaca845dc7e096ded57a1230c2ff330f71ba2ed9
mosaiq-benchmark-v0.1-candidate-20260716,mosaiq-benchmark,0.1.0-dev,iso_paq_regression,0.1.0,ISD,clip,ISD_MiradorSanNicolas_MiradorSanNicolas1_M210,ISD_MiradorSanNicolas_MiradorSanNicolas1_M210,test,,0.1.0,datasets/ISD/data/clips.csv,6f82e09d07e8860da4729d574a20b983e57910622344be7cf1699ab0a54a61ad
mosaiq-benchmark-v0.1-candidate-20260716,mosaiq-benchmark,0.1.0-dev,iso_paq_regression,0.1.0,ISD,clip,ISD_MiradorSanNicolas_MiradorSanNicolas1_M22,ISD_MiradorSanNicolas_MiradorSanNicolas1_M22,test,,0.1.0,datasets/ISD/data/clips.csv,c930c1c604eb6073ed1bd8d418051a243e7ee33f1f8459a69561f826fd61c0ad
mosaiq-benchmark-v0.1-candidate-20260716,mosaiq-benchmark,0.1.0-dev,iso_paq_regression,0.1.0,ISD,clip,ISD_MiradorSanNicolas_MiradorSanNicolas1_M23,ISD_MiradorSanNicolas_MiradorSanNicolas1_M23,test,,0.1.0,datasets/ISD/data/clips.csv,1008f5cac661c39c6d87653638fc2971407a5e62a08149e96f36b83b98fa5c53
mosaiq-benchmark-v0.1-candidate-20260716,mosaiq-benchmark,0.1.0-dev,iso_paq_regression,0.1.0,ISD,clip,ISD_MiradorSanNicolas_MiradorSanNicolas1_M24,ISD_MiradorSanNicolas_MiradorSanNicolas1_M24,test,,0.1.0,datasets/ISD/data/clips.csv,ec481d4e11bad1a07b1331dfb7a7cbe4dc4398976387072b7c5fe19d9f7cfb40
mosaiq-benchmark-v0.1-candidate-20260716,mosaiq-benchmark,0.1.0-dev,iso_paq_regression,0.1.0,ISD,clip,ISD_MiradorSanNicolas_MiradorSanNicolas1_M26,ISD_MiradorSanNicolas_MiradorSanNicolas1_M26,test,,0.1.0,datasets/ISD/data/clips.csv,9facf1f2fe262a12e72e906c68f5835ce5c56f7c52f2b401b9fc692c793cd242
mosaiq-benchmark-v0.1-candidate-20260716,mosaiq-benchmark,0.1.0-dev,iso_paq_regression,0.1.0,ISD,clip,ISD_MiradorSanNicolas_MiradorSanNicolas1_M28,ISD_MiradorSanNicolas_MiradorSanNicolas1_M28,test,,0.1.0,datasets/ISD/data/clips.csv,f6b7f930aa2f9848a40ca82d149a5766f6cbb63c7d18246f17079a89e48f1fa9
mosaiq-benchmark-v0.1-candidate-20260716,mosaiq-benchmark,0.1.0-dev,iso_paq_regression,0.1.0,ISD,clip,ISD_MiradorSanNicolas_MiradorSanNicolas1_M29,ISD_MiradorSanNicolas_MiradorSanNicolas1_M29,test,,0.1.0,datasets/ISD/data/clips.csv,74fbcd5b721f1eeddef3e1508170fdcea9f4c359ece1ab19572bcaee6d536a91
mosaiq-benchmark-v0.1-candidate-20260716,mosaiq-benchmark,0.1.0-dev,iso_paq_regression,0.1.0,ISD,clip,ISD_MonumentoGaribaldi_MonumentoGaribaldi1_MG101,ISD_MonumentoGaribaldi_MonumentoGaribaldi1_MG101,train,,0.1.0,datasets/ISD/data/clips.csv,6d6c06099fddc815407139ee94327da2f907d08738de38be849784b3bf8f7283
mosaiq-benchmark-v0.1-candidate-20260716,mosaiq-benchmark,0.1.0-dev,iso_paq_regression,0.1.0,ISD,clip,ISD_MonumentoGaribaldi_MonumentoGaribaldi1_MG102,ISD_MonumentoGaribaldi_MonumentoGaribaldi1_MG102,train,,0.1.0,datasets/ISD/data/clips.csv,de1ca8335adc634a1f6c925f7cf875524be62bdb23b4b0b0257e276ef53ae929
mosaiq-benchmark-v0.1-candidate-20260716,mosaiq-benchmark,0.1.0-dev,iso_paq_regression,0.1.0,ISD,clip,ISD_MonumentoGaribaldi_MonumentoGaribaldi1_MG103,ISD_MonumentoGaribaldi_MonumentoGaribaldi1_MG103,train,,0.1.0,datasets/ISD/data/clips.csv,683b026c1ba21f00603c07fb3b32b125aca15c10dbd58e3acd068197b069a9e8
mosaiq-benchmark-v0.1-candidate-20260716,mosaiq-benchmark,0.1.0-dev,iso_paq_regression,0.1.0,ISD,clip,ISD_MonumentoGaribaldi_MonumentoGaribaldi1_MG104,ISD_MonumentoGaribaldi_MonumentoGaribaldi1_MG104,train,,0.1.0,datasets/ISD/data/clips.csv,2b3a9740006f8a4c1a7232d93f20718766c210f957b36ea20d47d4b3bb144469
mosaiq-benchmark-v0.1-candidate-20260716,mosaiq-benchmark,0.1.0-dev,iso_paq_regression,0.1.0,ISD,clip,ISD_MonumentoGaribaldi_MonumentoGaribaldi1_MG105,ISD_MonumentoGaribaldi_MonumentoGaribaldi1_MG105,train,,0.1.0,datasets/ISD/data/clips.csv,3431a21b33b238a1d8096b23a5fd48480e74c6231508e45a25ee70beb4b36baf
mosaiq-benchmark-v0.1-candidate-20260716,mosaiq-benchmark,0.1.0-dev,iso_paq_regression,0.1.0,ISD,clip,ISD_MonumentoGaribaldi_MonumentoGaribaldi1_MG106,ISD_MonumentoGaribaldi_MonumentoGaribaldi1_MG106,train,,0.1.0,datasets/ISD/data/clips.csv,ff35a7c44d909218dcf7b3578af28198c71e59ec23efca215ea6dcb1933d2342
mosaiq-benchmark-v0.1-candidate-20260716,mosaiq-benchmark,0.1.0-dev,iso_paq_regression,0.1.0,ISD,clip,ISD_MonumentoGaribaldi_MonumentoGaribaldi1_MG108,ISD_MonumentoGaribaldi_MonumentoGaribaldi1_MG108,train,,0.1.0,datasets/ISD/data/clips.csv,4744c1fbe9f7fcdad94392bada219e9eb921c63d84bf46638548b85d597f180f
mosaiq-benchmark-v0.1-candidate-20260716,mosaiq-benchmark,0.1.0-dev,iso_paq_regression,0.1.0,ISD,clip,ISD_MonumentoGaribaldi_MonumentoGaribaldi1_MG109,ISD_MonumentoGaribaldi_MonumentoGaribaldi1_MG109,train,,0.1.0,datasets/ISD/data/clips.csv,cc69694f811649c130f5cd4375e9f6af99006875bcceda0dcc9bedd1d8915202
mosaiq-benchmark-v0.1-candidate-20260716,mosaiq-benchmark,0.1.0-dev,iso_paq_regression,0.1.0,ISD,clip,ISD_MonumentoGaribaldi_MonumentoGaribaldi1_MG110,ISD_MonumentoGaribaldi_MonumentoGaribaldi1_MG110,train,,0.1.0,datasets/ISD/data/clips.csv,b6a29b89dc04135172acaeb99ecc514fa249d04de52a27097e5555c3b925af26
mosaiq-benchmark-v0.1-candidate-20260716,mosaiq-benchmark,0.1.0-dev,iso_paq_regression,0.1.0,ISD,clip,ISD_MonumentoGaribaldi_MonumentoGaribaldi1_MG111,ISD_MonumentoGaribaldi_MonumentoGaribaldi1_MG111,train,,0.1.0,datasets/ISD/data/clips.csv,b95892e4c32fbd425be3c37fe7671c5edf1547944704d0017647a31ab951b3a4
mosaiq-benchmark-v0.1-candidate-20260716,mosaiq-benchmark,0.1.0-dev,iso_paq_regression,0.1.0,ISD,clip,ISD_MonumentoGaribaldi_MonumentoGaribaldi1_MG112,ISD_MonumentoGaribaldi_MonumentoGaribaldi1_MG112,train,,0.1.0,datasets/ISD/data/clips.csv,70b35a15ecafc3280b99fcb0b1636873cb4343978b7ae2bebf0b294be0663769
mosaiq-benchmark-v0.1-candidate-20260716,mosaiq-benchmark,0.1.0-dev,iso_paq_regression,0.1.0,ISD,clip,ISD_MonumentoGaribaldi_MonumentoGaribaldi1_MG113,ISD_MonumentoGaribaldi_MonumentoGaribaldi1_MG113,train,,0.1.0,datasets/ISD/data/clips.csv,d8fb2854575956a228680a7ad63b4f9b10e2b2bdb746301edbc026979cb04dc5
mosaiq-benchmark-v0.1-candidate-20260716,mosaiq-benchmark,0.1.0-dev,iso_paq_regression,0.1.0,ISD,clip,ISD_MonumentoGaribaldi_MonumentoGaribaldi1_MG114,ISD_MonumentoGaribaldi_MonumentoGaribaldi1_MG114,train,,0.1.0,datasets/ISD/data/clips.csv,56748bb37c017db800da15d5de1ea77b8e27ece7abce9b81899d275eeab7b21c
mosaiq-benchmark-v0.1-candidate-20260716,mosaiq-benchmark,0.1.0-dev,iso_paq_regression,0.1.0,ISD,clip,ISD_MonumentoGaribaldi_MonumentoGaribaldi1_MG115,ISD_MonumentoGaribaldi_MonumentoGaribaldi1_MG115,train,,0.1.0,datasets/ISD/data/clips.csv,ca1732a2aec9dd106dd8dc024e3d764bc6d8654afbdc430aa4ac71ec73d0e393
mosaiq-benchmark-v0.1-candidate-20260716,mosaiq-benchmark,0.1.0-dev,iso_paq_regression,0.1.0,ISD,clip,ISD_MonumentoGaribaldi_MonumentoGaribaldi1_MG116,ISD_MonumentoGaribaldi_MonumentoGaribaldi1_MG116,train,,0.1.0,datasets/ISD/data/clips.csv,81b6d3a110067410377998042a5996a1ec679fc36427f58104ccd06bc0f9b342
mosaiq-benchmark-v0.1-candidate-20260716,mosaiq-benchmark,0.1.0-dev,iso_paq_regression,0.1.0,ISD,clip,ISD_MonumentoGaribaldi_MonumentoGaribaldi1_MG117,ISD_MonumentoGaribaldi_MonumentoGaribaldi1_MG117,train,,0.1.0,datasets/ISD/data/clips.csv,06f96f88849b79f2501445adfa111de1ecd59b763ecea93069166fb8e67f695a
mosaiq-benchmark-v0.1-candidate-20260716,mosaiq-benchmark,0.1.0-dev,iso_paq_regression,0.1.0,ISD,clip,ISD_MonumentoGaribaldi_MonumentoGaribaldi1_MG118,ISD_MonumentoGaribaldi_MonumentoGaribaldi1_MG118,train,,0.1.0,datasets/ISD/data/clips.csv,48dbfdf89f0d796588a7d40eebc90985f7be544a9abf2053616c703b29cd178d
mosaiq-benchmark-v0.1-candidate-20260716,mosaiq-benchmark,0.1.0-dev,iso_paq_regression,0.1.0,ISD,clip,ISD_MonumentoGaribaldi_MonumentoGaribaldi1_MG119,ISD_MonumentoGaribaldi_MonumentoGaribaldi1_MG119,train,,0.1.0,datasets/ISD/data/clips.csv,d50a1292afce70d48b597837558dcfb8d5a52ae62ed3ca94348b5996a0c5ff43
mosaiq-benchmark-v0.1-candidate-20260716,mosaiq-benchmark,0.1.0-dev,iso_paq_regression,0.1.0,ISD,clip,ISD_MonumentoGaribaldi_MonumentoGaribaldi1_MG120,ISD_MonumentoGaribaldi_MonumentoGaribaldi1_MG120,train,,0.1.0,datasets/ISD/data/clips.csv,4b2a0803f7d0a474fba842bedc7cdd14ac18ba231c515c4507592d846556cd66
mosaiq-benchmark-v0.1-candidate-20260716,mosaiq-benchmark,0.1.0-dev,iso_paq_regression,0.1.0,ISD,clip,ISD_Noorderplantsoen_Noorderplantsoen1_NP101,ISD_Noorderplantsoen_Noorderplantsoen1_NP101,test,,0.1.0,datasets/ISD/data/clips.csv,d6e93e090658ed4110f430b3402dfd53ab5d5802b231a3026c27dcc73df26862
mosaiq-benchmark-v0.1-candidate-20260716,mosaiq-benchmark,0.1.0-dev,iso_paq_regression,0.1.0,ISD,clip,ISD_Noorderplantsoen_Noorderplantsoen1_NP102,ISD_Noorderplantsoen_Noorderplantsoen1_NP102,test,,0.1.0,datasets/ISD/data/clips.csv,0b489c0a9913cadcf82e82113a871b675ded501413ba62cd810e69b8164fbe2d
mosaiq-benchmark-v0.1-candidate-20260716,mosaiq-benchmark,0.1.0-dev,iso_paq_regression,0.1.0,ISD,clip,ISD_Noorderplantsoen_Noorderplantsoen1_NP103,ISD_Noorderplantsoen_Noorderplantsoen1_NP103,test,,0.1.0,datasets/ISD/data/clips.csv,4159ef000f0c46895aacddc1479557ec975c11ba14981ee230d612ebb5beb197
mosaiq-benchmark-v0.1-candidate-20260716,mosaiq-benchmark,0.1.0-dev,iso_paq_regression,0.1.0,ISD,clip,ISD_Noorderplantsoen_Noorderplantsoen1_NP106,ISD_Noorderplantsoen_Noorderplantsoen1_NP106,test,,0.1.0,datasets/ISD/data/clips.csv,0db1bfdd40b37df6ade842ab7f801c04b3aa3933264e916a15e6fd23b9e27d5d
mosaiq-benchmark-v0.1-candidate-20260716,mosaiq-benchmark,0.1.0-dev,iso_paq_regression,0.1.0,ISD,clip,ISD_Noorderplantsoen_Noorderplantsoen1_NP107,ISD_Noorderplantsoen_Noorderplantsoen1_NP107,test,,0.1.0,datasets/ISD/data/clips.csv,ca52a6b343cf69a93083c4e294b03f9b098c09fac3100235159f77156ff9ee05
mosaiq-benchmark-v0.1-candidate-20260716,mosaiq-benchmark,0.1.0-dev,iso_paq_regression,0.1.0,ISD,clip,ISD_Noorderplantsoen_Noorderplantsoen1_NP108,ISD_Noorderplantsoen_Noorderplantsoen1_NP108,test,,0.1.0,datasets/ISD/data/clips.csv,ba67286c38d2a1e3cfe3bd6b33eb2f8f5d8e8f64bd3a86db01cc788759ea0427
mosaiq-benchmark-v0.1-candidate-20260716,mosaiq-benchmark,0.1.0-dev,iso_paq_regression,0.1.0,ISD,clip,ISD_Noorderplantsoen_Noorderplantsoen1_NP109,ISD_Noorderplantsoen_Noorderplantsoen1_NP109,test,,0.1.0,datasets/ISD/data/clips.csv,c1cd5fa60899fd60d878982fb7af5ab0bf8e4fc1a3b76ae94b91eb8fbc6a3b66
mosaiq-benchmark-v0.1-candidate-20260716,mosaiq-benchmark,0.1.0-dev,iso_paq_regression,0.1.0,ISD,clip,ISD_Noorderplantsoen_Noorderplantsoen1_NP110,ISD_Noorderplantsoen_Noorderplantsoen1_NP110,test,,0.1.0,datasets/ISD/data/clips.csv,641784d890d6ffd8190d373ced1e9c8539e4bee8b50cb24874c5d46dd04aa271
mosaiq-benchmark-v0.1-candidate-20260716,mosaiq-benchmark,0.1.0-dev,iso_paq_regression,0.1.0,ISD,clip,ISD_Noorderplantsoen_Noorderplantsoen1_NP111,ISD_Noorderplantsoen_Noorderplantsoen1_NP111,test,,0.1.0,datasets/ISD/data/clips.csv,fcb14df60c48bd919c3ca70bff4ea7bbf26c04b40bc0c1a23d0feebf5fb09b07
mosaiq-benchmark-v0.1-candidate-20260716,mosaiq-benchmark,0.1.0-dev,iso_paq_regression,0.1.0,ISD,clip,ISD_Noorderplantsoen_Noorderplantsoen1_NP112,ISD_Noorderplantsoen_Noorderplantsoen1_NP112,test,,0.1.0,datasets/ISD/data/clips.csv,dd05fb371bfaa3198055ca6d34970a0a91a7a2ddd4b15db13094252221578404
mosaiq-benchmark-v0.1-candidate-20260716,mosaiq-benchmark,0.1.0-dev,iso_paq_regression,0.1.0,ISD,clip,ISD_Noorderplantsoen_Noorderplantsoen1_NP113,ISD_Noorderplantsoen_Noorderplantsoen1_NP113,test,,0.1.0,datasets/ISD/data/clips.csv,e9eb49c6e9e96841fd97342b05479e908d83d367c2bbacc79df00ab8360f5a08
mosaiq-benchmark-v0.1-candidate-20260716,mosaiq-benchmark,0.1.0-dev,iso_paq_regression,0.1.0,ISD,clip,ISD_Noorderplantsoen_Noorderplantsoen1_NP114,ISD_Noorderplantsoen_Noorderplantsoen1_NP114,test,,0.1.0,datasets/ISD/data/clips.csv,6340c608dc92511fb64cf6c98c9c3f71e778c93f40389bb9a2fab702afbdbd6b
mosaiq-benchmark-v0.1-candidate-20260716,mosaiq-benchmark,0.1.0-dev,iso_paq_regression,0.1.0,ISD,clip,ISD_Noorderplantsoen_Noorderplantsoen1_NP115,ISD_Noorderplantsoen_Noorderplantsoen1_NP115,test,,0.1.0,datasets/ISD/data/clips.csv,80e70bb7b1cb84f72e0c67c5aa2f45c9b6dd106cc59e2d1c821794634c538660
mosaiq-benchmark-v0.1-candidate-20260716,mosaiq-benchmark,0.1.0-dev,iso_paq_regression,0.1.0,ISD,clip,ISD_Noorderplantsoen_Noorderplantsoen1_NP116,ISD_Noorderplantsoen_Noorderplantsoen1_NP116,test,,0.1.0,datasets/ISD/data/clips.csv,d2e16842c70cd67029eff764b6c669278afa9f046ff0a3f23a67ca2a28132bad
mosaiq-benchmark-v0.1-candidate-20260716,mosaiq-benchmark,0.1.0-dev,iso_paq_regression,0.1.0,ISD,clip,ISD_Noorderplantsoen_Noorderplantsoen1_NP117,ISD_Noorderplantsoen_Noorderplantsoen1_NP117,test,,0.1.0,datasets/ISD/data/clips.csv,311ca71c239f959c4700483a9b552af1c17e4735883a872be28df683735d9c98
mosaiq-benchmark-v0.1-candidate-20260716,mosaiq-benchmark,0.1.0-dev,iso_paq_regression,0.1.0,ISD,clip,ISD_Noorderplantsoen_Noorderplantsoen1_NP118,ISD_Noorderplantsoen_Noorderplantsoen1_NP118,test,,0.1.0,datasets/ISD/data/clips.csv,a621ad0a0033e80e6977a42016d83a320ec988c80776044cac55d1b03ac57aae
mosaiq-benchmark-v0.1-candidate-20260716,mosaiq-benchmark,0.1.0-dev,iso_paq_regression,0.1.0,ISD,clip,ISD_Noorderplantsoen_Noorderplantsoen1_NP119,ISD_Noorderplantsoen_Noorderplantsoen1_NP119,test,,0.1.0,datasets/ISD/data/clips.csv,ee932c767db414f466cc5f10c9698043c02e25de57c8d744f693dec8f53e7167
mosaiq-benchmark-v0.1-candidate-20260716,mosaiq-benchmark,0.1.0-dev,iso_paq_regression,0.1.0,ISD,clip,ISD_Noorderplantsoen_Noorderplantsoen1_NP120,ISD_Noorderplantsoen_Noorderplantsoen1_NP120,test,,0.1.0,datasets/ISD/data/clips.csv,96b103c43921c3415322c8f47a764ef6d8aab544cb111042c0731b5f0483a633
mosaiq-benchmark-v0.1-candidate-20260716,mosaiq-benchmark,0.1.0-dev,iso_paq_regression,0.1.0,ISD,clip,ISD_Noorderplantsoen_Noorderplantsoen1_NP121,ISD_Noorderplantsoen_Noorderplantsoen1_NP121,test,,0.1.0,datasets/ISD/data/clips.csv,d950aec3efa2fdc0b89b7c77bd36179f5f85d92eb42fa6a81a7238352f122aa5
mosaiq-benchmark-v0.1-candidate-20260716,mosaiq-benchmark,0.1.0-dev,iso_paq_regression,0.1.0,ISD,clip,ISD_Noorderplantsoen_Noorderplantsoen1_NP122,ISD_Noorderplantsoen_Noorderplantsoen1_NP122,test,,0.1.0,datasets/ISD/data/clips.csv,337a17aee004aef4b321063d8d82e326b9f20949416d1ab0d72c23befe88d387
mosaiq-benchmark-v0.1-candidate-20260716,mosaiq-benchmark,0.1.0-dev,iso_paq_regression,0.1.0,ISD,clip,ISD_Noorderplantsoen_Noorderplantsoen1_NP123,ISD_Noorderplantsoen_Noorderplantsoen1_NP123,test,,0.1.0,datasets/ISD/data/clips.csv,a593fdac4ea504fff3eb44ada88248f20c08ac3139561054f8f88f36a450a6e8
mosaiq-benchmark-v0.1-candidate-20260716,mosaiq-benchmark,0.1.0-dev,iso_paq_regression,0.1.0,ISD,clip,ISD_Noorderplantsoen_Noorderplantsoen1_NP125,ISD_Noorderplantsoen_Noorderplantsoen1_NP125,test,,0.1.0,datasets/ISD/data/clips.csv,0c185058b782d36c64c960b1be6586bcf23a84d59b1b3e7f707dfa1ae620a6e5
mosaiq-benchmark-v0.1-candidate-20260716,mosaiq-benchmark,0.1.0-dev,iso_paq_regression,0.1.0,ISD,clip,ISD_Noorderplantsoen_Noorderplantsoen1_NP126,ISD_Noorderplantsoen_Noorderplantsoen1_NP126,test,,0.1.0,datasets/ISD/data/clips.csv,7e6155cc5914bb96d3bc2b491e179e75743bd6ddc7122723016ad3a55603edf9
mosaiq-benchmark-v0.1-candidate-20260716,mosaiq-benchmark,0.1.0-dev,iso_paq_regression,0.1.0,ISD,clip,ISD_Noorderplantsoen_Noorderplantsoen1_NP127,ISD_Noorderplantsoen_Noorderplantsoen1_NP127,test,,0.1.0,datasets/ISD/data/clips.csv,d69d3bf045e424fcbb4e86fb575f83a0baad03cf0531bb208803e0af983dc61b
mosaiq-benchmark-v0.1-candidate-20260716,mosaiq-benchmark,0.1.0-dev,iso_paq_regression,0.1.0,ISD,clip,ISD_Noorderplantsoen_Noorderplantsoen1_NP128,ISD_Noorderplantsoen_Noorderplantsoen1_NP128,test,,0.1.0,datasets/ISD/data/clips.csv,a8d6a188da310095e89960a31e44374f8da1d333ee5cb35ac011f16fda603461
mosaiq-benchmark-v0.1-candidate-20260716,mosaiq-benchmark,0.1.0-dev,iso_paq_regression,0.1.0,ISD,clip,ISD_Noorderplantsoen_Noorderplantsoen1_NP129,ISD_Noorderplantsoen_Noorderplantsoen1_NP129,test,,0.1.0,datasets/ISD/data/clips.csv,779646b064f5d7d86e2ea8f6da7d4b5f8f905529cf1823781998e5f8351f17d2
mosaiq-benchmark-v0.1-candidate-20260716,mosaiq-benchmark,0.1.0-dev,iso_paq_regression,0.1.0,ISD,clip,ISD_Noorderplantsoen_Noorderplantsoen1_NP130,ISD_Noorderplantsoen_Noorderplantsoen1_NP130,test,,0.1.0,datasets/ISD/data/clips.csv,7d82a0286ca71c9e0b25525125614f00a53fe503e9e371dc06ab03a830f730e6
mosaiq-benchmark-v0.1-candidate-20260716,mosaiq-benchmark,0.1.0-dev,iso_paq_regression,0.1.0,ISD,clip,ISD_Noorderplantsoen_Noorderplantsoen1_NP131,ISD_Noorderplantsoen_Noorderplantsoen1_NP131,test,,0.1.0,datasets/ISD/data/clips.csv,3ad4149ca5a69819610a5e9cc3536031f6c30c802bb71a11920a6d97c330dbcf
mosaiq-benchmark-v0.1-candidate-20260716,mosaiq-benchmark,0.1.0-dev,iso_paq_regression,0.1.0,ISD,clip,ISD_Noorderplantsoen_Noorderplantsoen1_NP132,ISD_Noorderplantsoen_Noorderplantsoen1_NP132,test,,0.1.0,datasets/ISD/data/clips.csv,f004b0f854fbd2624d0d7158ad0ce0b32c4cc0f5750cc83445c8b60c0570df52
mosaiq-benchmark-v0.1-candidate-20260716,mosaiq-benchmark,0.1.0-dev,iso_paq_regression,0.1.0,ISD,clip,ISD_Noorderplantsoen_Noorderplantsoen1_NP133,ISD_Noorderplantsoen_Noorderplantsoen1_NP133,test,,0.1.0,datasets/ISD/data/clips.csv,a35cfda46af6a5995f720285751d0126bbf251a9efd436b7168951a9ee35ea98
mosaiq-benchmark-v0.1-candidate-20260716,mosaiq-benchmark,0.1.0-dev,iso_paq_regression,0.1.0,ISD,clip,ISD_Noorderplantsoen_Noorderplantsoen1_NP134,ISD_Noorderplantsoen_Noorderplantsoen1_NP134,test,,0.1.0,datasets/ISD/data/clips.csv,194ca895ab710955a411a10cf1c0b68d84a58714520f001c343804c48d599cc2
mosaiq-benchmark-v0.1-candidate-20260716,mosaiq-benchmark,0.1.0-dev,iso_paq_regression,0.1.0,ISD,clip,ISD_Noorderplantsoen_Noorderplantsoen1_NP135,ISD_Noorderplantsoen_Noorderplantsoen1_NP135,test,,0.1.0,datasets/ISD/data/clips.csv,1782b2b5fdcebe65bb5af068510a5e6b3a3bea913a895083b748698f9c05a1e3
mosaiq-benchmark-v0.1-candidate-20260716,mosaiq-benchmark,0.1.0-dev,iso_paq_regression,0.1.0,ISD,clip,ISD_Noorderplantsoen_Noorderplantsoen1_NP136,ISD_Noorderplantsoen_Noorderplantsoen1_NP136,test,,0.1.0,datasets/ISD/data/clips.csv,c66a31421a0dc7ed99479dd5661e2b4ef501cfe0d8355fa0cec3573454ba02f3
mosaiq-benchmark-v0.1-candidate-20260716,mosaiq-benchmark,0.1.0-dev,iso_paq_regression,0.1.0,ISD,clip,ISD_Noorderplantsoen_Noorderplantsoen1_NP138,ISD_Noorderplantsoen_Noorderplantsoen1_NP138,test,,0.1.0,datasets/ISD/data/clips.csv,a61e24683ba30a98ed6ec01b2cc3997c868c93e1d9f9a8456f0770b6f822f3a0
mosaiq-benchmark-v0.1-candidate-20260716,mosaiq-benchmark,0.1.0-dev,iso_paq_regression,0.1.0,ISD,clip,ISD_Noorderplantsoen_Noorderplantsoen1_NP139,ISD_Noorderplantsoen_Noorderplantsoen1_NP139,test,,0.1.0,datasets/ISD/data/clips.csv,e88c6a69c356bc4893ed86451893e88079d14ca6a252b391a4fd953d331b18e3
mosaiq-benchmark-v0.1-candidate-20260716,mosaiq-benchmark,0.1.0-dev,iso_paq_regression,0.1.0,ISD,clip,ISD_Noorderplantsoen_Noorderplantsoen1_NP140,ISD_Noorderplantsoen_Noorderplantsoen1_NP140,test,,0.1.0,datasets/ISD/data/clips.csv,8db36c422c5612aa2b04a70a44cde9634e4d7ca5adcbef1ac640dd8a080aad31
mosaiq-benchmark-v0.1-candidate-20260716,mosaiq-benchmark,0.1.0-dev,iso_paq_regression,0.1.0,ISD,clip,ISD_Noorderplantsoen_Noorderplantsoen1_NP141,ISD_Noorderplantsoen_Noorderplantsoen1_NP141,test,,0.1.0,datasets/ISD/data/clips.csv,53eaa5b6be17d790ddf5c56f96a20116423a9441c9691eda0fa6a58ff1919fa2
mosaiq-benchmark-v0.1-candidate-20260716,mosaiq-benchmark,0.1.0-dev,iso_paq_regression,0.1.0,ISD,clip,ISD_Noorderplantsoen_Noorderplantsoen1_NP142,ISD_Noorderplantsoen_Noorderplantsoen1_NP142,test,,0.1.0,datasets/ISD/data/clips.csv,320e420da7eaca9091f7c0da1dade4285dc14f592ea4bd0e63ca40a0297d5e0d
mosaiq-benchmark-v0.1-candidate-20260716,mosaiq-benchmark,0.1.0-dev,iso_paq_regression,0.1.0,ISD,clip,ISD_Noorderplantsoen_Noorderplantsoen1_NP143,ISD_Noorderplantsoen_Noorderplantsoen1_NP143,test,,0.1.0,datasets/ISD/data/clips.csv,6a63794979651f9c69fda5bba7207a816acfc50c15a150a05e3a9acfdd94bdd7
mosaiq-benchmark-v0.1-candidate-20260716,mosaiq-benchmark,0.1.0-dev,iso_paq_regression,0.1.0,ISD,clip,ISD_Noorderplantsoen_Noorderplantsoen1_NP144,ISD_Noorderplantsoen_Noorderplantsoen1_NP144,test,,0.1.0,datasets/ISD/data/clips.csv,0f5219da071f6f8b84e2d67334e4add0a68258070babeb9645728e7160e8d28c
mosaiq-benchmark-v0.1-candidate-20260716,mosaiq-benchmark,0.1.0-dev,iso_paq_regression,0.1.0,ISD,clip,ISD_Noorderplantsoen_Noorderplantsoen1_NP145,ISD_Noorderplantsoen_Noorderplantsoen1_NP145,test,,0.1.0,datasets/ISD/data/clips.csv,bae1ed8b2868979a05f1646957ba226a58c300da0558b6e2af7a3a4df40ed0cf
mosaiq-benchmark-v0.1-candidate-20260716,mosaiq-benchmark,0.1.0-dev,iso_paq_regression,0.1.0,ISD,clip,ISD_Noorderplantsoen_Noorderplantsoen1_NP146,ISD_Noorderplantsoen_Noorderplantsoen1_NP146,test,,0.1.0,datasets/ISD/data/clips.csv,616544203c3171f3c7fa60e367867154bc9616f017ad41e8d09c09825ef2d821
mosaiq-benchmark-v0.1-candidate-20260716,mosaiq-benchmark,0.1.0-dev,iso_paq_regression,0.1.0,ISD,clip,ISD_Noorderplantsoen_Noorderplantsoen1_NP147,ISD_Noorderplantsoen_Noorderplantsoen1_NP147,test,,0.1.0,datasets/ISD/data/clips.csv,cd0ab69451dd0279a9e3b214b3f1988c03088f5e2b6d5748cdffd554e40fe568
mosaiq-benchmark-v0.1-candidate-20260716,mosaiq-benchmark,0.1.0-dev,iso_paq_regression,0.1.0,ISD,clip,ISD_Noorderplantsoen_Noorderplantsoen1_NP148,ISD_Noorderplantsoen_Noorderplantsoen1_NP148,test,,0.1.0,datasets/ISD/data/clips.csv,bea9f29900e485bf6af3442660c79172d099acd5988a1fda2c858f9459f28721
mosaiq-benchmark-v0.1-candidate-20260716,mosaiq-benchmark,0.1.0-dev,iso_paq_regression,0.1.0,ISD,clip,ISD_Noorderplantsoen_Noorderplantsoen1_NP149,ISD_Noorderplantsoen_Noorderplantsoen1_NP149,test,,0.1.0,datasets/ISD/data/clips.csv,b2eebfb2e394c8fed3cac36552ca2be4a5eb3ae240a310fdfad650b21c8ba16e
mosaiq-benchmark-v0.1-candidate-20260716,mosaiq-benchmark,0.1.0-dev,iso_paq_regression,0.1.0,ISD,clip,ISD_Noorderplantsoen_Noorderplantsoen1_NP150,ISD_Noorderplantsoen_Noorderplantsoen1_NP150,test,,0.1.0,datasets/ISD/data/clips.csv,eadd87103f4a88c0bcd4c1d8573c8590b05bbb863494ccaeec94dec9164f6bfc
mosaiq-benchmark-v0.1-candidate-20260716,mosaiq-benchmark,0.1.0-dev,iso_paq_regression,0.1.0,ISD,clip,ISD_Noorderplantsoen_Noorderplantsoen1_NP151,ISD_Noorderplantsoen_Noorderplantsoen1_NP151,test,,0.1.0,datasets/ISD/data/clips.csv,adc9974168b2920467ca6581a5728563ae475857cc1639efef9b9afa15c9a125
mosaiq-benchmark-v0.1-candidate-20260716,mosaiq-benchmark,0.1.0-dev,iso_paq_regression,0.1.0,ISD,clip,ISD_Noorderplantsoen_Noorderplantsoen1_NP152,ISD_Noorderplantsoen_Noorderplantsoen1_NP152,test,,0.1.0,datasets/ISD/data/clips.csv,8efdc037ab5123dfde406c23f9edfba80e039a37adaf8d4b750196dd0ede0367
mosaiq-benchmark-v0.1-candidate-20260716,mosaiq-benchmark,0.1.0-dev,iso_paq_regression,0.1.0,ISD,clip,ISD_Noorderplantsoen_Noorderplantsoen1_NP153,ISD_Noorderplantsoen_Noorderplantsoen1_NP153,test,,0.1.0,datasets/ISD/data/clips.csv,b32b43a619c58fe07c6642d529021f2c407f069efbd727d7ec68759ad28e9573
mosaiq-benchmark-v0.1-candidate-20260716,mosaiq-benchmark,0.1.0-dev,iso_paq_regression,0.1.0,ISD,clip,ISD_Noorderplantsoen_Noorderplantsoen1_NP154,ISD_Noorderplantsoen_Noorderplantsoen1_NP154,test,,0.1.0,datasets/ISD/data/clips.csv,2e351c5612b8b5817c8613a971b3a4b4164196dc2a810119766edb55d824a7ac
mosaiq-benchmark-v0.1-candidate-20260716,mosaiq-benchmark,0.1.0-dev,iso_paq_regression,0.1.0,ISD,clip,ISD_Noorderplantsoen_Noorderplantsoen1_NP155,ISD_Noorderplantsoen_Noorderplantsoen1_NP155,test,,0.1.0,datasets/ISD/data/clips.csv,d8bb98f125172926418cc2be80120b434f1b2ae0590119f8468ec4bf3866d857
mosaiq-benchmark-v0.1-candidate-20260716,mosaiq-benchmark,0.1.0-dev,iso_paq_regression,0.1.0,ISD,clip,ISD_Noorderplantsoen_Noorderplantsoen1_NP156,ISD_Noorderplantsoen_Noorderplantsoen1_NP156,test,,0.1.0,datasets/ISD/data/clips.csv,627954b40dbcbf8b018f90670a2a36076a06b8f37ef3d44322c2afbbc394e07f
mosaiq-benchmark-v0.1-candidate-20260716,mosaiq-benchmark,0.1.0-dev,iso_paq_regression,0.1.0,ISD,clip,ISD_Noorderplantsoen_Noorderplantsoen1_NP157,ISD_Noorderplantsoen_Noorderplantsoen1_NP157,test,,0.1.0,datasets/ISD/data/clips.csv,e0d060e91606cc7ee82ce3942a0b59c3ba13e29d7db4b79d32a5b2a76fae686c
mosaiq-benchmark-v0.1-candidate-20260716,mosaiq-benchmark,0.1.0-dev,iso_paq_regression,0.1.0,ISD,clip,ISD_Noorderplantsoen_Noorderplantsoen1_NP158,ISD_Noorderplantsoen_Noorderplantsoen1_NP158,test,,0.1.0,datasets/ISD/data/clips.csv,b8dd1792b2845d4bf992977c5e8de1b00f0ed37e759be3f17880fb1c00fe19a5
mosaiq-benchmark-v0.1-candidate-20260716,mosaiq-benchmark,0.1.0-dev,iso_paq_regression,0.1.0,ISD,clip,ISD_Noorderplantsoen_Noorderplantsoen1_NP159,ISD_Noorderplantsoen_Noorderplantsoen1_NP159,test,,0.1.0,datasets/ISD/data/clips.csv,b8008cc039b8bc613d43cc4e766a34bc5a58dbdc5eba9692b83039c8debed4ab
mosaiq-benchmark-v0.1-candidate-20260716,mosaiq-benchmark,0.1.0-dev,iso_paq_regression,0.1.0,ISD,clip,ISD_Noorderplantsoen_Noorderplantsoen1_NP160,ISD_Noorderplantsoen_Noorderplantsoen1_NP160,test,,0.1.0,datasets/ISD/data/clips.csv,ffe79790b867c5a245e3de10b8bf99f5f84e58258af907fbb5a212dc927fb982
mosaiq-benchmark-v0.1-candidate-20260716,mosaiq-benchmark,0.1.0-dev,iso_paq_regression,0.1.0,ISD,clip,ISD_Noorderplantsoen_Noorderplantsoen1_NP161,ISD_Noorderplantsoen_Noorderplantsoen1_NP161,test,,0.1.0,datasets/ISD/data/clips.csv,1a8fc74dfb980c477f6d9c7e909e5b2da0daab41165416ca342bcd6a510215c9
mosaiq-benchmark-v0.1-candidate-20260716,mosaiq-benchmark,0.1.0-dev,iso_paq_regression,0.1.0,ISD,clip,ISD_Noorderplantsoen_Noorderplantsoen1_NP162,ISD_Noorderplantsoen_Noorderplantsoen1_NP162,test,,0.1.0,datasets/ISD/data/clips.csv,ef438b553c6fe115de8d1758b36f1d54092e89c03dc96a5094978593b19f758e
mosaiq-benchmark-v0.1-candidate-20260716,mosaiq-benchmark,0.1.0-dev,iso_paq_regression,0.1.0,ISD,clip,ISD_Noorderplantsoen_Noorderplantsoen1_NP163,ISD_Noorderplantsoen_Noorderplantsoen1_NP163,test,,0.1.0,datasets/ISD/data/clips.csv,d2e3109f12e613621352297ccd42cac05190a5e62cd67675702a85971fdc6b73
mosaiq-benchmark-v0.1-candidate-20260716,mosaiq-benchmark,0.1.0-dev,iso_paq_regression,0.1.0,ISD,clip,ISD_OlympicSquare_OlympicSquare1_OSQ1001,ISD_OlympicSquare_OlympicSquare1_OSQ1001,dev,,0.1.0,datasets/ISD/data/clips.csv,db2d1dbe41b69e07cf8c5b3a877b6f46b1bf7046559d528b4fb43440147080a0
mosaiq-benchmark-v0.1-candidate-20260716,mosaiq-benchmark,0.1.0-dev,iso_paq_regression,0.1.0,ISD,clip,ISD_OlympicSquare_OlympicSquare1_OSQ1002,ISD_OlympicSquare_OlympicSquare1_OSQ1002,dev,,0.1.0,datasets/ISD/data/clips.csv,c26a7eb5befe650343e12aa4fd191529e4b771676be908e00628d3c483492e17
mosaiq-benchmark-v0.1-candidate-20260716,mosaiq-benchmark,0.1.0-dev,iso_paq_regression,0.1.0,ISD,clip,ISD_OlympicSquare_OlympicSquare1_OSQ1003,ISD_OlympicSquare_OlympicSquare1_OSQ1003,dev,,0.1.0,datasets/ISD/data/clips.csv,0ce582d798434c2a1fd9891840bb6e21827e3800a85552171350689392af52a7
mosaiq-benchmark-v0.1-candidate-20260716,mosaiq-benchmark,0.1.0-dev,iso_paq_regression,0.1.0,ISD,clip,ISD_OlympicSquare_OlympicSquare1_OSQ1004,ISD_OlympicSquare_OlympicSquare1_OSQ1004,dev,,0.1.0,datasets/ISD/data/clips.csv,6506edf431c176f8905f268aa2b213b52676d9c0a7a6ab421a80f0b42e6385ca
mosaiq-benchmark-v0.1-candidate-20260716,mosaiq-benchmark,0.1.0-dev,iso_paq_regression,0.1.0,ISD,clip,ISD_OlympicSquare_OlympicSquare1_OSQ1005,ISD_OlympicSquare_OlympicSquare1_OSQ1005,dev,,0.1.0,datasets/ISD/data/clips.csv,628411419f17394d3088f169f757b0e42de934c6097c3393448f1eaa0926f42c
mosaiq-benchmark-v0.1-candidate-20260716,mosaiq-benchmark,0.1.0-dev,iso_paq_regression,0.1.0,ISD,clip,ISD_OlympicSquare_OlympicSquare1_OSQ1006,ISD_OlympicSquare_OlympicSquare1_OSQ1006,dev,,0.1.0,datasets/ISD/data/clips.csv,5a33884f6892eb0cfd5c48c13c2a9099391c8118042cbed4e43c59d705ed166e
mosaiq-benchmark-v0.1-candidate-20260716,mosaiq-benchmark,0.1.0-dev,iso_paq_regression,0.1.0,ISD,clip,ISD_OlympicSquare_OlympicSquare1_OSQ1007,ISD_OlympicSquare_OlympicSquare1_OSQ1007,dev,,0.1.0,datasets/ISD/data/clips.csv,03c69b489824acdafb6e94c25416e65a6567b8c67aef9184552d7dc82d4c87b9
mosaiq-benchmark-v0.1-candidate-20260716,mosaiq-benchmark,0.1.0-dev,iso_paq_regression,0.1.0,ISD,clip,ISD_OlympicSquare_OlympicSquare1_OSQ1008,ISD_OlympicSquare_OlympicSquare1_OSQ1008,dev,,0.1.0,datasets/ISD/data/clips.csv,cd67a6b0b586ce1487f44f049eec68b55a029278da06c827584ba4952497b810
mosaiq-benchmark-v0.1-candidate-20260716,mosaiq-benchmark,0.1.0-dev,iso_paq_regression,0.1.0,ISD,clip,ISD_OlympicSquare_OlympicSquare1_OSQ1009,ISD_OlympicSquare_OlympicSquare1_OSQ1009,dev,,0.1.0,datasets/ISD/data/clips.csv,aa168799cfadb0e803937e91c8ed48dddc8f31f637b8c616d0dcaf6c21ec50b7
mosaiq-benchmark-v0.1-candidate-20260716,mosaiq-benchmark,0.1.0-dev,iso_paq_regression,0.1.0,ISD,clip,ISD_OlympicSquare_OlympicSquare1_OSQ1010,ISD_OlympicSquare_OlympicSquare1_OSQ1010,dev,,0.1.0,datasets/ISD/data/clips.csv,f8d54083a693e275862cd624e255111653bbdc675af570e465265905b6f562fd
mosaiq-benchmark-v0.1-candidate-20260716,mosaiq-benchmark,0.1.0-dev,iso_paq_regression,0.1.0,ISD,clip,ISD_OlympicSquare_OlympicSquare1_OSQ1011,ISD_OlympicSquare_OlympicSquare1_OSQ1011,dev,,0.1.0,datasets/ISD/data/clips.csv,ddc9f4a37acf2d6c5cea94c730c4fc342782df3740558ca64ef91268695d527d
mosaiq-benchmark-v0.1-candidate-20260716,mosaiq-benchmark,0.1.0-dev,iso_paq_regression,0.1.0,ISD,clip,ISD_OlympicSquare_OlympicSquare1_OSQ1012,ISD_OlympicSquare_OlympicSquare1_OSQ1012,dev,,0.1.0,datasets/ISD/data/clips.csv,7ec49b1a21f06e3a0fab3ace14c3264a25a0cb42c64fd46684605613a58b00a2
mosaiq-benchmark-v0.1-candidate-20260716,mosaiq-benchmark,0.1.0-dev,iso_paq_regression,0.1.0,ISD,clip,ISD_OlympicSquare_OlympicSquare1_OSQ1013,ISD_OlympicSquare_OlympicSquare1_OSQ1013,dev,,0.1.0,datasets/ISD/data/clips.csv,55c26c3c2dc6080ef1b4544da63b9057efe6840a44bfa66aab4169c8e5db5ea7
mosaiq-benchmark-v0.1-candidate-20260716,mosaiq-benchmark,0.1.0-dev,iso_paq_regression,0.1.0,ISD,clip,ISD_OlympicSquare_OlympicSquare1_OSQ1014,ISD_OlympicSquare_OlympicSquare1_OSQ1014,dev,,0.1.0,datasets/ISD/data/clips.csv,1fcd5fb955d6be901ab8c33ca6f504de49f931f4db1b5514a5fbed3ba86151e3
mosaiq-benchmark-v0.1-candidate-20260716,mosaiq-benchmark,0.1.0-dev,iso_paq_regression,0.1.0,ISD,clip,ISD_OlympicSquare_OlympicSquare1_OSQ1015,ISD_OlympicSquare_OlympicSquare1_OSQ1015,dev,,0.1.0,datasets/ISD/data/clips.csv,b41e6e84fb89b0033f3c575e3376d1ca924400dff42d6944a3b10ef20019c5f6
mosaiq-benchmark-v0.1-candidate-20260716,mosaiq-benchmark,0.1.0-dev,iso_paq_regression,0.1.0,ISD,clip,ISD_OlympicSquare_OlympicSquare1_OSQ1016,ISD_OlympicSquare_OlympicSquare1_OSQ1016,dev,,0.1.0,datasets/ISD/data/clips.csv,e7538da7c3a467fc876c4e67b9a14eba1159cb2dac87a5481e80c911dc4f0feb
mosaiq-benchmark-v0.1-candidate-20260716,mosaiq-benchmark,0.1.0-dev,iso_paq_regression,0.1.0,ISD,clip,ISD_OlympicSquare_OlympicSquare1_OSQ1017,ISD_OlympicSquare_OlympicSquare1_OSQ1017,dev,,0.1.0,datasets/ISD/data/clips.csv,5702e0e7abdfc1c7af12b160d0ab7996c92b84666c5afab2876f14cae19a895d
mosaiq-benchmark-v0.1-candidate-20260716,mosaiq-benchmark,0.1.0-dev,iso_paq_regression,0.1.0,ISD,clip,ISD_OlympicSquare_OlympicSquare1_OSQ1018,ISD_OlympicSquare_OlympicSquare1_OSQ1018,dev,,0.1.0,datasets/ISD/data/clips.csv,5afc7688d50d55a326a30a50278c9a0c7246c1d357e4ebff1411ef5f7601ca54
mosaiq-benchmark-v0.1-candidate-20260716,mosaiq-benchmark,0.1.0-dev,iso_paq_regression,0.1.0,ISD,clip,ISD_OlympicSquare_OlympicSquare1_OSQ1019,ISD_OlympicSquare_OlympicSquare1_OSQ1019,dev,,0.1.0,datasets/ISD/data/clips.csv,00d7cb2d3b9db5f2c4d1f59a139d627169dc69691491a9156cb1e7572383b51e
mosaiq-benchmark-v0.1-candidate-20260716,mosaiq-benchmark,0.1.0-dev,iso_paq_regression,0.1.0,ISD,clip,ISD_OlympicSquare_OlympicSquare1_OSQ1020,ISD_OlympicSquare_OlympicSquare1_OSQ1020,dev,,0.1.0,datasets/ISD/data/clips.csv,72e98c934c199d8431c46733ce657a2cbbe84d1769ea8d36ad1f969b6f388202
mosaiq-benchmark-v0.1-candidate-20260716,mosaiq-benchmark,0.1.0-dev,iso_paq_regression,0.1.0,ISD,clip,ISD_OlympicSquare_OlympicSquare1_OSQ1021,ISD_OlympicSquare_OlympicSquare1_OSQ1021,dev,,0.1.0,datasets/ISD/data/clips.csv,826c8b988e39e637652f82280242f8a8b751230c38b6c92de1cf02e09d7f7107
mosaiq-benchmark-v0.1-candidate-20260716,mosaiq-benchmark,0.1.0-dev,iso_paq_regression,0.1.0,ISD,clip,ISD_OlympicSquare_OlympicSquare1_OSQ1022,ISD_OlympicSquare_OlympicSquare1_OSQ1022,dev,,0.1.0,datasets/ISD/data/clips.csv,777f22d8b1eafd39c219c3e893c53be03123ac36bf3f08e93bef48712a90f71e
mosaiq-benchmark-v0.1-candidate-20260716,mosaiq-benchmark,0.1.0-dev,iso_paq_regression,0.1.0,ISD,clip,ISD_OlympicSquare_OlympicSquare1_OSQ1023,ISD_OlympicSquare_OlympicSquare1_OSQ1023,dev,,0.1.0,datasets/ISD/data/clips.csv,e244cd76f1b7b272802c350c6d2ac7e199ae6ac362188b80ce1152f8b52c319b
mosaiq-benchmark-v0.1-candidate-20260716,mosaiq-benchmark,0.1.0-dev,iso_paq_regression,0.1.0,ISD,clip,ISD_OlympicSquare_OlympicSquare1_OSQ1024,ISD_OlympicSquare_OlympicSquare1_OSQ1024,dev,,0.1.0,datasets/ISD/data/clips.csv,ce875b5d9cf080acd4cfdf719803f8ec8afd58fa7d1c9b1969e4f3feab66de49
mosaiq-benchmark-v0.1-candidate-20260716,mosaiq-benchmark,0.1.0-dev,iso_paq_regression,0.1.0,ISD,clip,ISD_OlympicSquare_OlympicSquare1_OSQ1025,ISD_OlympicSquare_OlympicSquare1_OSQ1025,dev,,0.1.0,datasets/ISD/data/clips.csv,cca2cd2029bcb0f0fc662948037b72779f7ca9a888f3dc32a1302522432639f1
mosaiq-benchmark-v0.1-candidate-20260716,mosaiq-benchmark,0.1.0-dev,iso_paq_regression,0.1.0,ISD,clip,ISD_OlympicSquare_OlympicSquare1_OSQ1026,ISD_OlympicSquare_OlympicSquare1_OSQ1026,dev,,0.1.0,datasets/ISD/data/clips.csv,6810fae92a35100b82d2fce95a844c415adb97eaaa1fdafa5621492ef0adce4d
mosaiq-benchmark-v0.1-candidate-20260716,mosaiq-benchmark,0.1.0-dev,iso_paq_regression,0.1.0,ISD,clip,ISD_OlympicSquare_OlympicSquare1_OSQ1027,ISD_OlympicSquare_OlympicSquare1_OSQ1027,dev,,0.1.0,datasets/ISD/data/clips.csv,617dbfabbee690df77fe64f8eb7c64f1407ca216dda4da4b9e907208421ea828
mosaiq-benchmark-v0.1-candidate-20260716,mosaiq-benchmark,0.1.0-dev,iso_paq_regression,0.1.0,ISD,clip,ISD_OlympicSquare_OlympicSquare1_OSQ1028,ISD_OlympicSquare_OlympicSquare1_OSQ1028,dev,,0.1.0,datasets/ISD/data/clips.csv,b45a8988b87f2d814fde72a852e6dccf349ae1d3c15152450c51444b3941ee53
mosaiq-benchmark-v0.1-candidate-20260716,mosaiq-benchmark,0.1.0-dev,iso_paq_regression,0.1.0,ISD,clip,ISD_OlympicSquare_OlympicSquare1_OSQ1029,ISD_OlympicSquare_OlympicSquare1_OSQ1029,dev,,0.1.0,datasets/ISD/data/clips.csv,bbd186fb8a3ecac27bc7add988ec649d758f0a72848c5d3f49dd6e64b778d8a9
mosaiq-benchmark-v0.1-candidate-20260716,mosaiq-benchmark,0.1.0-dev,iso_paq_regression,0.1.0,ISD,clip,ISD_OlympicSquare_OlympicSquare1_OSQ1030,ISD_OlympicSquare_OlympicSquare1_OSQ1030,dev,,0.1.0,datasets/ISD/data/clips.csv,41366ace79a982755f01fbfe19ca7924ae03b0b91344b944a331a6ca0ca9c8e4
mosaiq-benchmark-v0.1-candidate-20260716,mosaiq-benchmark,0.1.0-dev,iso_paq_regression,0.1.0,ISD,clip,ISD_OlympicSquare_OlympicSquare1_OSQ1031,ISD_OlympicSquare_OlympicSquare1_OSQ1031,dev,,0.1.0,datasets/ISD/data/clips.csv,dcc88034ed9a468d3f33e21feb07e263d787693b74caabfbe66f5cb226d8ff5f
mosaiq-benchmark-v0.1-candidate-20260716,mosaiq-benchmark,0.1.0-dev,iso_paq_regression,0.1.0,ISD,clip,ISD_OlympicSquare_OlympicSquare1_OSQ1032,ISD_OlympicSquare_OlympicSquare1_OSQ1032,dev,,0.1.0,datasets/ISD/data/clips.csv,2551c62f41a077117e5f71d10557646e6863c1426ebb2857171d8d19175ec275
mosaiq-benchmark-v0.1-candidate-20260716,mosaiq-benchmark,0.1.0-dev,iso_paq_regression,0.1.0,ISD,clip,ISD_OlympicSquare_OlympicSquare1_OSQ1033,ISD_OlympicSquare_OlympicSquare1_OSQ1033,dev,,0.1.0,datasets/ISD/data/clips.csv,0a82192d1a6d4c87a43834a0e2a59313b909aa854ec7db2fda5eb11a7b3b2ba8
mosaiq-benchmark-v0.1-candidate-20260716,mosaiq-benchmark,0.1.0-dev,iso_paq_regression,0.1.0,ISD,clip,ISD_OlympicSquare_OlympicSquare1_OSQ1034,ISD_OlympicSquare_OlympicSquare1_OSQ1034,dev,,0.1.0,datasets/ISD/data/clips.csv,1405070ab1b8af14a6b353af5c29e644148eab495a314bd3bec5a3b4b99b6180
mosaiq-benchmark-v0.1-candidate-20260716,mosaiq-benchmark,0.1.0-dev,iso_paq_regression,0.1.0,ISD,clip,ISD_OlympicSquare_OlympicSquare1_OSQ1035,ISD_OlympicSquare_OlympicSquare1_OSQ1035,dev,,0.1.0,datasets/ISD/data/clips.csv,3b533099d2f889e86cf4243e38320397a1d6b834234c5d24859d57a61f76fac8
mosaiq-benchmark-v0.1-candidate-20260716,mosaiq-benchmark,0.1.0-dev,iso_paq_regression,0.1.0,ISD,clip,ISD_OlympicSquare_OlympicSquare1_OSQ1036,ISD_OlympicSquare_OlympicSquare1_OSQ1036,dev,,0.1.0,datasets/ISD/data/clips.csv,e5c5609bedde22faac65124ad9757ea598a2ad8f0b48435e443063c6a904308b
mosaiq-benchmark-v0.1-candidate-20260716,mosaiq-benchmark,0.1.0-dev,iso_paq_regression,0.1.0,ISD,clip,ISD_OlympicSquare_OlympicSquare1_OSQ1037,ISD_OlympicSquare_OlympicSquare1_OSQ1037,dev,,0.1.0,datasets/ISD/data/clips.csv,d4a21367bf2b1da6c9f8d3cf362d0c88bd228cb617baf7b5330f6667114a438d
mosaiq-benchmark-v0.1-candidate-20260716,mosaiq-benchmark,0.1.0-dev,iso_paq_regression,0.1.0,ISD,clip,ISD_OlympicSquare_OlympicSquare1_OSQ1038,ISD_OlympicSquare_OlympicSquare1_OSQ1038,dev,,0.1.0,datasets/ISD/data/clips.csv,cfe3b5e955a70677c549d3900c8cdafd3148296aac1f26834348386cfc56feec
mosaiq-benchmark-v0.1-candidate-20260716,mosaiq-benchmark,0.1.0-dev,iso_paq_regression,0.1.0,ISD,clip,ISD_OlympicSquare_OlympicSquare1_OSQ1039,ISD_OlympicSquare_OlympicSquare1_OSQ1039,dev,,0.1.0,datasets/ISD/data/clips.csv,809c1dc341538ebec9c27da0d38ede3951c8a4087dcc6eab4030ef8380aaffa2
mosaiq-benchmark-v0.1-candidate-20260716,mosaiq-benchmark,0.1.0-dev,iso_paq_regression,0.1.0,ISD,clip,ISD_OlympicSquare_OlympicSquare1_OSQ1040,ISD_OlympicSquare_OlympicSquare1_OSQ1040,dev,,0.1.0,datasets/ISD/data/clips.csv,218a2cebc220d901f89d71ba314d5631dc5107d857a0523db2e8d1901985af70
mosaiq-benchmark-v0.1-candidate-20260716,mosaiq-benchmark,0.1.0-dev,iso_paq_regression,0.1.0,ISD,clip,ISD_OlympicSquare_OlympicSquare1_OSQ1041,ISD_OlympicSquare_OlympicSquare1_OSQ1041,dev,,0.1.0,datasets/ISD/data/clips.csv,45d3c98f57ef77d551dfac9346926f1ae8708761f2ac08113cb23134a4d8bdd0
mosaiq-benchmark-v0.1-candidate-20260716,mosaiq-benchmark,0.1.0-dev,iso_paq_regression,0.1.0,ISD,clip,ISD_OlympicSquare_OlympicSquare1_OSQ1042,ISD_OlympicSquare_OlympicSquare1_OSQ1042,dev,,0.1.0,datasets/ISD/data/clips.csv,a9b357a13fcf7f1e1d6f44344a32660713e7de8f1eebb6b285b0d61f7cea2a64
mosaiq-benchmark-v0.1-candidate-20260716,mosaiq-benchmark,0.1.0-dev,iso_paq_regression,0.1.0,ISD,clip,ISD_OlympicSquare_OlympicSquare1_OSQ1043,ISD_OlympicSquare_OlympicSquare1_OSQ1043,dev,,0.1.0,datasets/ISD/data/clips.csv,aafa20aed8550a15a33456dcdf72ad38ae828fbb7ca581c448165d21633b362a
mosaiq-benchmark-v0.1-candidate-20260716,mosaiq-benchmark,0.1.0-dev,iso_paq_regression,0.1.0,ISD,clip,ISD_OlympicSquare_OlympicSquare1_OSQ1044,ISD_OlympicSquare_OlympicSquare1_OSQ1044,dev,,0.1.0,datasets/ISD/data/clips.csv,2a52f332ce7fc91645d407de7a9818b5270de104c8d4634f024760bad18ee04f
mosaiq-benchmark-v0.1-candidate-20260716,mosaiq-benchmark,0.1.0-dev,iso_paq_regression,0.1.0,ISD,clip,ISD_OlympicSquare_OlympicSquare1_OSQ1045,ISD_OlympicSquare_OlympicSquare1_OSQ1045,dev,,0.1.0,datasets/ISD/data/clips.csv,38dda6a04bb3dd503c031cd674f13ccf9f3f2369b3f6adea9efbdbe09be5dfb6
mosaiq-benchmark-v0.1-candidate-20260716,mosaiq-benchmark,0.1.0-dev,iso_paq_regression,0.1.0,ISD,clip,ISD_OlympicSquare_OlympicSquare1_OSQ1046,ISD_OlympicSquare_OlympicSquare1_OSQ1046,dev,,0.1.0,datasets/ISD/data/clips.csv,0f852ab2773f75a5346db23b6c9d4c313144cc00e8218f31d0918ded03dc094b
mosaiq-benchmark-v0.1-candidate-20260716,mosaiq-benchmark,0.1.0-dev,iso_paq_regression,0.1.0,ISD,clip,ISD_OlympicSquare_OlympicSquare1_OSQ1047,ISD_OlympicSquare_OlympicSquare1_OSQ1047,dev,,0.1.0,datasets/ISD/data/clips.csv,99f6605442cad626852fcb876e47cc23cf54c2fc7fe091c3e0d8ba134614282a
mosaiq-benchmark-v0.1-candidate-20260716,mosaiq-benchmark,0.1.0-dev,iso_paq_regression,0.1.0,ISD,clip,ISD_OlympicSquare_OlympicSquare1_OSQ1048,ISD_OlympicSquare_OlympicSquare1_OSQ1048,dev,,0.1.0,datasets/ISD/data/clips.csv,f66dd1f65bde5edd6038c7282958982b55f4ee38a9da4ade98196bf6724de262
mosaiq-benchmark-v0.1-candidate-20260716,mosaiq-benchmark,0.1.0-dev,iso_paq_regression,0.1.0,ISD,clip,ISD_OlympicSquare_OlympicSquare1_OSQ1049,ISD_OlympicSquare_OlympicSquare1_OSQ1049,dev,,0.1.0,datasets/ISD/data/clips.csv,e2cce756e6bfb04bd8dcf5488deede86d4456c313301c7095b770b20720687e5
mosaiq-benchmark-v0.1-candidate-20260716,mosaiq-benchmark,0.1.0-dev,iso_paq_regression,0.1.0,ISD,clip,ISD_OlympicSquare_OlympicSquare1_OSQ1050,ISD_OlympicSquare_OlympicSquare1_OSQ1050,dev,,0.1.0,datasets/ISD/data/clips.csv,ce63ff9c5e5ae0bc144b2783c048f22103c26bb1eb94adba23b995145f5fd349
mosaiq-benchmark-v0.1-candidate-20260716,mosaiq-benchmark,0.1.0-dev,iso_paq_regression,0.1.0,ISD,clip,ISD_OlympicSquare_OlympicSquare1_OSQ1051,ISD_OlympicSquare_OlympicSquare1_OSQ1051,dev,,0.1.0,datasets/ISD/data/clips.csv,8463bee5736b48ba19f909a7eecd5f6f2dea3b3b231547930bfda560be205668
mosaiq-benchmark-v0.1-candidate-20260716,mosaiq-benchmark,0.1.0-dev,iso_paq_regression,0.1.0,ISD,clip,ISD_OlympicSquare_OlympicSquare1_OSQ1052,ISD_OlympicSquare_OlympicSquare1_OSQ1052,dev,,0.1.0,datasets/ISD/data/clips.csv,83b2a2298267f16027ac87ec6ca8f0fac279d88e621b373c75c69472004105e1
mosaiq-benchmark-v0.1-candidate-20260716,mosaiq-benchmark,0.1.0-dev,iso_paq_regression,0.1.0,ISD,clip,ISD_OlympicSquare_OlympicSquare1_OSQ1053,ISD_OlympicSquare_OlympicSquare1_OSQ1053,dev,,0.1.0,datasets/ISD/data/clips.csv,31e71c7c0e8ed9442d347b706d45a7c39d800e56307a48a22547fc0bfd70aa41
mosaiq-benchmark-v0.1-candidate-20260716,mosaiq-benchmark,0.1.0-dev,iso_paq_regression,0.1.0,ISD,clip,ISD_OlympicSquare_OlympicSquare1_OSQ1054,ISD_OlympicSquare_OlympicSquare1_OSQ1054,dev,,0.1.0,datasets/ISD/data/clips.csv,57b2b424017c9e7010523f26a4b1dc3f5d5715807b58cbf9e0c7ca968fdcfc07
mosaiq-benchmark-v0.1-candidate-20260716,mosaiq-benchmark,0.1.0-dev,iso_paq_regression,0.1.0,ISD,clip,ISD_OlympicSquare_OlympicSquare1_OSQ1055,ISD_OlympicSquare_OlympicSquare1_OSQ1055,dev,,0.1.0,datasets/ISD/data/clips.csv,a218fd4910c04a1e99d2037bbf976afd8d4b86d806a302c089f202d2a76604b1
mosaiq-benchmark-v0.1-candidate-20260716,mosaiq-benchmark,0.1.0-dev,iso_paq_regression,0.1.0,ISD,clip,ISD_OlympicSquare_OlympicSquare1_OSQ1056,ISD_OlympicSquare_OlympicSquare1_OSQ1056,dev,,0.1.0,datasets/ISD/data/clips.csv,6d44472fb89aa4da46e1545b0fab65470af3cc9cf4d9087ac7a8a4e72f3e9fe6
mosaiq-benchmark-v0.1-candidate-20260716,mosaiq-benchmark,0.1.0-dev,iso_paq_regression,0.1.0,ISD,clip,ISD_OlympicSquare_OlympicSquare1_OSQ1057,ISD_OlympicSquare_OlympicSquare1_OSQ1057,dev,,0.1.0,datasets/ISD/data/clips.csv,c4731f4c469429d7caa7710c8d575697aea49413c533cfb28aaa1064ff0c2b66
mosaiq-benchmark-v0.1-candidate-20260716,mosaiq-benchmark,0.1.0-dev,iso_paq_regression,0.1.0,ISD,clip,ISD_OlympicSquare_OlympicSquare1_OSQ1058,ISD_OlympicSquare_OlympicSquare1_OSQ1058,dev,,0.1.0,datasets/ISD/data/clips.csv,99ce64ce401c6b5b32635f9d7e754714294c44a24f8d75b3c60d90e237cf76f3
mosaiq-benchmark-v0.1-candidate-20260716,mosaiq-benchmark,0.1.0-dev,iso_paq_regression,0.1.0,ISD,clip,ISD_OlympicSquare_OlympicSquare1_OSQ1059,ISD_OlympicSquare_OlympicSquare1_OSQ1059,dev,,0.1.0,datasets/ISD/data/clips.csv,518eb29d7bf14ba50974e0d72f8ef6f06ed9a38e827a70bcf90715b4ddb0ebe9
mosaiq-benchmark-v0.1-candidate-20260716,mosaiq-benchmark,0.1.0-dev,iso_paq_regression,0.1.0,ISD,clip,ISD_OlympicSquare_OlympicSquare1_OSQ1060,ISD_OlympicSquare_OlympicSquare1_OSQ1060,dev,,0.1.0,datasets/ISD/data/clips.csv,8fa3b1d8d8e209a741f66ab60214f78eb4e3108cd6b412eb86de4b9d99bf5c4c
mosaiq-benchmark-v0.1-candidate-20260716,mosaiq-benchmark,0.1.0-dev,iso_paq_regression,0.1.0,ISD,clip,ISD_OlympicSquare_OlympicSquare1_OSQ1061,ISD_OlympicSquare_OlympicSquare1_OSQ1061,dev,,0.1.0,datasets/ISD/data/clips.csv,14489f7698c716aa81970696b432a8fe10dec2d36c134aae9ea55117b8760d20
mosaiq-benchmark-v0.1-candidate-20260716,mosaiq-benchmark,0.1.0-dev,iso_paq_regression,0.1.0,ISD,clip,ISD_OlympicSquare_OlympicSquare1_OSQ1062,ISD_OlympicSquare_OlympicSquare1_OSQ1062,dev,,0.1.0,datasets/ISD/data/clips.csv,91270c8f28f952c54096bd77b25b01330297da45d4b894282e37950eb6755283
mosaiq-benchmark-v0.1-candidate-20260716,mosaiq-benchmark,0.1.0-dev,iso_paq_regression,0.1.0,ISD,clip,ISD_OlympicSquare_OlympicSquare1_OSQ1063,ISD_OlympicSquare_OlympicSquare1_OSQ1063,dev,,0.1.0,datasets/ISD/data/clips.csv,b41fa6b0a7d2a1f885d96d783635da8224e07eaa11ed8e7d849d24ba634cf332
mosaiq-benchmark-v0.1-candidate-20260716,mosaiq-benchmark,0.1.0-dev,iso_paq_regression,0.1.0,ISD,clip,ISD_OlympicSquare_OlympicSquare2_OSQ2001,ISD_OlympicSquare_OlympicSquare2_OSQ2001,dev,,0.1.0,datasets/ISD/data/clips.csv,35c34d9d088be5579612f9419a5360ee1bc65b568f0438e58072207a775b51b9
mosaiq-benchmark-v0.1-candidate-20260716,mosaiq-benchmark,0.1.0-dev,iso_paq_regression,0.1.0,ISD,clip,ISD_OlympicSquare_OlympicSquare2_OSQ2002,ISD_OlympicSquare_OlympicSquare2_OSQ2002,dev,,0.1.0,datasets/ISD/data/clips.csv,a6b86335575330847324caeb28cdbf8ed570245d9da4f65565e12e6fad81d837
mosaiq-benchmark-v0.1-candidate-20260716,mosaiq-benchmark,0.1.0-dev,iso_paq_regression,0.1.0,ISD,clip,ISD_OlympicSquare_OlympicSquare2_OSQ2003,ISD_OlympicSquare_OlympicSquare2_OSQ2003,dev,,0.1.0,datasets/ISD/data/clips.csv,5ddbcc6af1ccd935aedcababaf196cc23b0f07b7e9f48f347841d336268bc4d6
mosaiq-benchmark-v0.1-candidate-20260716,mosaiq-benchmark,0.1.0-dev,iso_paq_regression,0.1.0,ISD,clip,ISD_OlympicSquare_OlympicSquare2_OSQ2004,ISD_OlympicSquare_OlympicSquare2_OSQ2004,dev,,0.1.0,datasets/ISD/data/clips.csv,bfec819dff69a1d5bf61d8d2fa9fc0c078d9ff022424ede1e67a9001ad2bcdf3
mosaiq-benchmark-v0.1-candidate-20260716,mosaiq-benchmark,0.1.0-dev,iso_paq_regression,0.1.0,ISD,clip,ISD_OlympicSquare_OlympicSquare2_OSQ2005,ISD_OlympicSquare_OlympicSquare2_OSQ2005,dev,,0.1.0,datasets/ISD/data/clips.csv,afdb1e73ada81c37a878f2def4da1136f4aef6bfc21c7c8770ca138be441e030
mosaiq-benchmark-v0.1-candidate-20260716,mosaiq-benchmark,0.1.0-dev,iso_paq_regression,0.1.0,ISD,clip,ISD_OlympicSquare_OlympicSquare2_OSQ2006,ISD_OlympicSquare_OlympicSquare2_OSQ2006,dev,,0.1.0,datasets/ISD/data/clips.csv,6eda740bcea14dad10811c19b386a28d1e5760752faf174bbc92ec01fb54c0d1
mosaiq-benchmark-v0.1-candidate-20260716,mosaiq-benchmark,0.1.0-dev,iso_paq_regression,0.1.0,ISD,clip,ISD_OlympicSquare_OlympicSquare2_OSQ2007,ISD_OlympicSquare_OlympicSquare2_OSQ2007,dev,,0.1.0,datasets/ISD/data/clips.csv,3087397a0dbb9e0be353e057907f5006b67a4e301e96cb9bf561f00593b0f864
mosaiq-benchmark-v0.1-candidate-20260716,mosaiq-benchmark,0.1.0-dev,iso_paq_regression,0.1.0,ISD,clip,ISD_OlympicSquare_OlympicSquare2_OSQ2008,ISD_OlympicSquare_OlympicSquare2_OSQ2008,dev,,0.1.0,datasets/ISD/data/clips.csv,dc3e4cdd0437cfe6464f15c1620ed8e846e00cccd40b42a4d55c4daf79dcf5f5
mosaiq-benchmark-v0.1-candidate-20260716,mosaiq-benchmark,0.1.0-dev,iso_paq_regression,0.1.0,ISD,clip,ISD_OlympicSquare_OlympicSquare2_OSQ2009,ISD_OlympicSquare_OlympicSquare2_OSQ2009,dev,,0.1.0,datasets/ISD/data/clips.csv,9533deebed92621e3cb79761ad254081502ee0ca6b1e8a9d9b29cddbed6b9ac2
mosaiq-benchmark-v0.1-candidate-20260716,mosaiq-benchmark,0.1.0-dev,iso_paq_regression,0.1.0,ISD,clip,ISD_OlympicSquare_OlympicSquare2_OSQ2010,ISD_OlympicSquare_OlympicSquare2_OSQ2010,dev,,0.1.0,datasets/ISD/data/clips.csv,15171490622d3b09f826ff1075e5c5fec1ac00f8e1b9b92d685bc7de5e07b1e9
mosaiq-benchmark-v0.1-candidate-20260716,mosaiq-benchmark,0.1.0-dev,iso_paq_regression,0.1.0,ISD,clip,ISD_OlympicSquare_OlympicSquare2_OSQ2011,ISD_OlympicSquare_OlympicSquare2_OSQ2011,dev,,0.1.0,datasets/ISD/data/clips.csv,b14e42aaba1b434b378dd3d3bdf741ce97950119a2414cab549e49513675f58b
mosaiq-benchmark-v0.1-candidate-20260716,mosaiq-benchmark,0.1.0-dev,iso_paq_regression,0.1.0,ISD,clip,ISD_OlympicSquare_OlympicSquare2_OSQ2012,ISD_OlympicSquare_OlympicSquare2_OSQ2012,dev,,0.1.0,datasets/ISD/data/clips.csv,addbcef1e6fe6463d77cea25c567a58cff3dcac06a30b23b44f07471156d38d8
mosaiq-benchmark-v0.1-candidate-20260716,mosaiq-benchmark,0.1.0-dev,iso_paq_regression,0.1.0,ISD,clip,ISD_OlympicSquare_OlympicSquare2_OSQ2013,ISD_OlympicSquare_OlympicSquare2_OSQ2013,dev,,0.1.0,datasets/ISD/data/clips.csv,fb6afeaaa8b71a8b770e93f92bf06c8ae9471cdfdcd6b9c7ce659aa9431fb368
mosaiq-benchmark-v0.1-candidate-20260716,mosaiq-benchmark,0.1.0-dev,iso_paq_regression,0.1.0,ISD,clip,ISD_OlympicSquare_OlympicSquare2_OSQ2014,ISD_OlympicSquare_OlympicSquare2_OSQ2014,dev,,0.1.0,datasets/ISD/data/clips.csv,27d9037371b550d8afe4ab95ed7f0f03d075496f79a34d71306b883e4b90505a
mosaiq-benchmark-v0.1-candidate-20260716,mosaiq-benchmark,0.1.0-dev,iso_paq_regression,0.1.0,ISD,clip,ISD_OlympicSquare_OlympicSquare2_OSQ2015,ISD_OlympicSquare_OlympicSquare2_OSQ2015,dev,,0.1.0,datasets/ISD/data/clips.csv,dd0ee7447ec5a0063a489be9534d6f2a7401f46ecbac3ccce26cb3d42b0ab552
mosaiq-benchmark-v0.1-candidate-20260716,mosaiq-benchmark,0.1.0-dev,iso_paq_regression,0.1.0,ISD,clip,ISD_OlympicSquare_OlympicSquare2_OSQ2016,ISD_OlympicSquare_OlympicSquare2_OSQ2016,dev,,0.1.0,datasets/ISD/data/clips.csv,b95d51f4bfe740c2bfcc5515eda868bec7fe1a7c08e5bf3c2c8124238c6f39f8
mosaiq-benchmark-v0.1-candidate-20260716,mosaiq-benchmark,0.1.0-dev,iso_paq_regression,0.1.0,ISD,clip,ISD_OlympicSquare_OlympicSquare2_OSQ2017,ISD_OlympicSquare_OlympicSquare2_OSQ2017,dev,,0.1.0,datasets/ISD/data/clips.csv,86de885513643dc7b37d3abab39d9c2ca89fd0718adf9f83fe27fea1a86968bd
mosaiq-benchmark-v0.1-candidate-20260716,mosaiq-benchmark,0.1.0-dev,iso_paq_regression,0.1.0,ISD,clip,ISD_OlympicSquare_OlympicSquare2_OSQ2018,ISD_OlympicSquare_OlympicSquare2_OSQ2018,dev,,0.1.0,datasets/ISD/data/clips.csv,9ad7aa6942d1705b80b0a6039359175b2e1fad7df5a9449384650c26967681c1
mosaiq-benchmark-v0.1-candidate-20260716,mosaiq-benchmark,0.1.0-dev,iso_paq_regression,0.1.0,ISD,clip,ISD_OlympicSquare_OlympicSquare2_OSQ2019,ISD_OlympicSquare_OlympicSquare2_OSQ2019,dev,,0.1.0,datasets/ISD/data/clips.csv,9879a95c380c7d65b8781ca8075a5e2bc5575af6d1824e6d4b3a244aead0caca
mosaiq-benchmark-v0.1-candidate-20260716,mosaiq-benchmark,0.1.0-dev,iso_paq_regression,0.1.0,ISD,clip,ISD_OlympicSquare_OlympicSquare2_OSQ2020,ISD_OlympicSquare_OlympicSquare2_OSQ2020,dev,,0.1.0,datasets/ISD/data/clips.csv,e799f50b3f367d5895c2d0d646a4d8f804e71370b393d93829de5097e35f08f4
mosaiq-benchmark-v0.1-candidate-20260716,mosaiq-benchmark,0.1.0-dev,iso_paq_regression,0.1.0,ISD,clip,ISD_OlympicSquare_OlympicSquare2_OSQ2021,ISD_OlympicSquare_OlympicSquare2_OSQ2021,dev,,0.1.0,datasets/ISD/data/clips.csv,a48fe02e6c93ea6305d595011b7a0de15ec3064ec263ce22329db9a53cf636c4
mosaiq-benchmark-v0.1-candidate-20260716,mosaiq-benchmark,0.1.0-dev,iso_paq_regression,0.1.0,ISD,clip,ISD_OlympicSquare_OlympicSquare2_OSQ2022,ISD_OlympicSquare_OlympicSquare2_OSQ2022,dev,,0.1.0,datasets/ISD/data/clips.csv,4d61e2e092badf91040deb6d06b370b461ec0cebec8596fd1b2db06ef78b17b1
mosaiq-benchmark-v0.1-candidate-20260716,mosaiq-benchmark,0.1.0-dev,iso_paq_regression,0.1.0,ISD,clip,ISD_OlympicSquare_OlympicSquare2_OSQ2023,ISD_OlympicSquare_OlympicSquare2_OSQ2023,dev,,0.1.0,datasets/ISD/data/clips.csv,958607e9bf92dcd818fdbe40a12792d1519964179b8cb649996e485c0964d144
mosaiq-benchmark-v0.1-candidate-20260716,mosaiq-benchmark,0.1.0-dev,iso_paq_regression,0.1.0,ISD,clip,ISD_OlympicSquare_OlympicSquare2_OSQ2024,ISD_OlympicSquare_OlympicSquare2_OSQ2024,dev,,0.1.0,datasets/ISD/data/clips.csv,5645e886739b7ec9083c548a307d182cc484ea9a70461b56afe29bef8777af53
mosaiq-benchmark-v0.1-candidate-20260716,mosaiq-benchmark,0.1.0-dev,iso_paq_regression,0.1.0,ISD,clip,ISD_OlympicSquare_OlympicSquare2_OSQ2025,ISD_OlympicSquare_OlympicSquare2_OSQ2025,dev,,0.1.0,datasets/ISD/data/clips.csv,6c3263df247f14a887db51d9ad1b07f6f100e63da49bb345705b8ea551b0d064
mosaiq-benchmark-v0.1-candidate-20260716,mosaiq-benchmark,0.1.0-dev,iso_paq_regression,0.1.0,ISD,clip,ISD_OlympicSquare_OlympicSquare2_OSQ2026,ISD_OlympicSquare_OlympicSquare2_OSQ2026,dev,,0.1.0,datasets/ISD/data/clips.csv,6ac5437085b2cce4fd655df15f5457e168d9a0e4531f5914b7a473d6c46bf801
mosaiq-benchmark-v0.1-candidate-20260716,mosaiq-benchmark,0.1.0-dev,iso_paq_regression,0.1.0,ISD,clip,ISD_OlympicSquare_OlympicSquare2_OSQ2027,ISD_OlympicSquare_OlympicSquare2_OSQ2027,dev,,0.1.0,datasets/ISD/data/clips.csv,2d2bd71031b804f3ebe02bbfa57382ea4541f6c7d32d71b9d061731d09aab78c
mosaiq-benchmark-v0.1-candidate-20260716,mosaiq-benchmark,0.1.0-dev,iso_paq_regression,0.1.0,ISD,clip,ISD_OlympicSquare_OlympicSquare2_OSQ2028,ISD_OlympicSquare_OlympicSquare2_OSQ2028,dev,,0.1.0,datasets/ISD/data/clips.csv,577834c347640cdf0a864436862bc46cc3c7e363b3cadaeab067a5b485b6e9c9
mosaiq-benchmark-v0.1-candidate-20260716,mosaiq-benchmark,0.1.0-dev,iso_paq_regression,0.1.0,ISD,clip,ISD_OlympicSquare_OlympicSquare2_OSQ2029,ISD_OlympicSquare_OlympicSquare2_OSQ2029,dev,,0.1.0,datasets/ISD/data/clips.csv,6e0bd9daa97911750d77a36d27454a547da78bbf8e3021391171f2eca5aed0bf
mosaiq-benchmark-v0.1-candidate-20260716,mosaiq-benchmark,0.1.0-dev,iso_paq_regression,0.1.0,ISD,clip,ISD_OlympicSquare_OlympicSquare2_OSQ2030,ISD_OlympicSquare_OlympicSquare2_OSQ2030,dev,,0.1.0,datasets/ISD/data/clips.csv,562fa6a168a6c26b63b0ade91683c2e338b5a04b1e9bad00c412b9f55cd3c3f0
mosaiq-benchmark-v0.1-candidate-20260716,mosaiq-benchmark,0.1.0-dev,iso_paq_regression,0.1.0,ISD,clip,ISD_OlympicSquare_OlympicSquare2_OSQ2031,ISD_OlympicSquare_OlympicSquare2_OSQ2031,dev,,0.1.0,datasets/ISD/data/clips.csv,2105935c595b5e8a1443cc6fc6967438a04ff4ee1abc8bd5c6b17879bc36a15d
mosaiq-benchmark-v0.1-candidate-20260716,mosaiq-benchmark,0.1.0-dev,iso_paq_regression,0.1.0,ISD,clip,ISD_OlympicSquare_OlympicSquare2_OSQ2032,ISD_OlympicSquare_OlympicSquare2_OSQ2032,dev,,0.1.0,datasets/ISD/data/clips.csv,14a5b3aa1b3ac4a7c8b67494779bfbf41f169def76a4e5aeb4bd9d56278c6225
mosaiq-benchmark-v0.1-candidate-20260716,mosaiq-benchmark,0.1.0-dev,iso_paq_regression,0.1.0,ISD,clip,ISD_OlympicSquare_OlympicSquare2_OSQ2033,ISD_OlympicSquare_OlympicSquare2_OSQ2033,dev,,0.1.0,datasets/ISD/data/clips.csv,710ff78def4548b043177d857db3001e2f987ecccf2a16e7893bf6bb13cda51c
mosaiq-benchmark-v0.1-candidate-20260716,mosaiq-benchmark,0.1.0-dev,iso_paq_regression,0.1.0,ISD,clip,ISD_OlympicSquare_OlympicSquare2_OSQ2034,ISD_OlympicSquare_OlympicSquare2_OSQ2034,dev,,0.1.0,datasets/ISD/data/clips.csv,2e37d2a449a194e78e3f557deca2a54d3f69fd23d72e27a5111877ff1aa696b1
mosaiq-benchmark-v0.1-candidate-20260716,mosaiq-benchmark,0.1.0-dev,iso_paq_regression,0.1.0,ISD,clip,ISD_OlympicSquare_OlympicSquare2_OSQ2035,ISD_OlympicSquare_OlympicSquare2_OSQ2035,dev,,0.1.0,datasets/ISD/data/clips.csv,c4cef2f2aba5b38951eb30a246f07330a364ac013f8d7da932103f9497ab7bd1
mosaiq-benchmark-v0.1-candidate-20260716,mosaiq-benchmark,0.1.0-dev,iso_paq_regression,0.1.0,ISD,clip,ISD_OlympicSquare_OlympicSquare2_OSQ2036,ISD_OlympicSquare_OlympicSquare2_OSQ2036,dev,,0.1.0,datasets/ISD/data/clips.csv,63343c21c72ef69f6413b5edcbb803296d76f512065d9d07991a2d413a001a65
mosaiq-benchmark-v0.1-candidate-20260716,mosaiq-benchmark,0.1.0-dev,iso_paq_regression,0.1.0,ISD,clip,ISD_OlympicSquare_OlympicSquare2_OSQ2037,ISD_OlympicSquare_OlympicSquare2_OSQ2037,dev,,0.1.0,datasets/ISD/data/clips.csv,f6c04ef6db8f11c7081579f0f69e81e5c278f7a539e9be6ccde2796606a6e146
mosaiq-benchmark-v0.1-candidate-20260716,mosaiq-benchmark,0.1.0-dev,iso_paq_regression,0.1.0,ISD,clip,ISD_OlympicSquare_OlympicSquare2_OSQ2038,ISD_OlympicSquare_OlympicSquare2_OSQ2038,dev,,0.1.0,datasets/ISD/data/clips.csv,15339c323936b530b82cc992dcaefb59c99a523036865d6de51127540f6b434c
mosaiq-benchmark-v0.1-candidate-20260716,mosaiq-benchmark,0.1.0-dev,iso_paq_regression,0.1.0,ISD,clip,ISD_OlympicSquare_OlympicSquare2_OSQ2039,ISD_OlympicSquare_OlympicSquare2_OSQ2039,dev,,0.1.0,datasets/ISD/data/clips.csv,31d31ad79c4a3aba5e4e841270212ea830600403c22cf97bedd97908419bc44e
mosaiq-benchmark-v0.1-candidate-20260716,mosaiq-benchmark,0.1.0-dev,iso_paq_regression,0.1.0,ISD,clip,ISD_OlympicSquare_OlympicSquare2_OSQ2040,ISD_OlympicSquare_OlympicSquare2_OSQ2040,dev,,0.1.0,datasets/ISD/data/clips.csv,902bbd46fecfecc5e57739469e6ffcc33f943a1061d280518cbd1d7708fdb223
mosaiq-benchmark-v0.1-candidate-20260716,mosaiq-benchmark,0.1.0-dev,iso_paq_regression,0.1.0,ISD,clip,ISD_OlympicSquare_OlympicSquare2_OSQ2041,ISD_OlympicSquare_OlympicSquare2_OSQ2041,dev,,0.1.0,datasets/ISD/data/clips.csv,e7e9c0f9880eb4173e99d0e0a1462ace53e7f40d901b4a45a188d20753bb6b55
mosaiq-benchmark-v0.1-candidate-20260716,mosaiq-benchmark,0.1.0-dev,iso_paq_regression,0.1.0,ISD,clip,ISD_OlympicSquare_OlympicSquare2_OSQ2042,ISD_OlympicSquare_OlympicSquare2_OSQ2042,dev,,0.1.0,datasets/ISD/data/clips.csv,ae5693be8a37be48bb2ab9ebbe8e2ad79c4a5e2d0625c423498127ecc2012d84
mosaiq-benchmark-v0.1-candidate-20260716,mosaiq-benchmark,0.1.0-dev,iso_paq_regression,0.1.0,ISD,clip,ISD_OlympicSquare_OlympicSquare2_OSQ2043,ISD_OlympicSquare_OlympicSquare2_OSQ2043,dev,,0.1.0,datasets/ISD/data/clips.csv,784b480ea9df710b9347eef696db3e0e166746028e1ee244c37e12fc9050e017
mosaiq-benchmark-v0.1-candidate-20260716,mosaiq-benchmark,0.1.0-dev,iso_paq_regression,0.1.0,ISD,clip,ISD_OlympicSquare_OlympicSquare2_OSQ2044,ISD_OlympicSquare_OlympicSquare2_OSQ2044,dev,,0.1.0,datasets/ISD/data/clips.csv,05ac56ec97f0e6839f93082478a3fe9ada2e431c69e78e6821278aa2ce8c2ecb
mosaiq-benchmark-v0.1-candidate-20260716,mosaiq-benchmark,0.1.0-dev,iso_paq_regression,0.1.0,ISD,clip,ISD_OlympicSquare_OlympicSquare2_OSQ2045,ISD_OlympicSquare_OlympicSquare2_OSQ2045,dev,,0.1.0,datasets/ISD/data/clips.csv,18de4a39a1dc0c686c10014edc6f6484a2735157f726ff39bc4efb07ee88527d
mosaiq-benchmark-v0.1-candidate-20260716,mosaiq-benchmark,0.1.0-dev,iso_paq_regression,0.1.0,ISD,clip,ISD_OlympicSquare_OlympicSquare2_OSQ2046,ISD_OlympicSquare_OlympicSquare2_OSQ2046,dev,,0.1.0,datasets/ISD/data/clips.csv,8e4fbce001ba2d87c3b272999caf8e5693eb41b6500b50b5ddec6f659f3976d8
mosaiq-benchmark-v0.1-candidate-20260716,mosaiq-benchmark,0.1.0-dev,iso_paq_regression,0.1.0,ISD,clip,ISD_OlympicSquare_OlympicSquare2_OSQ2047,ISD_OlympicSquare_OlympicSquare2_OSQ2047,dev,,0.1.0,datasets/ISD/data/clips.csv,840ac39d3a03c29ac6640d8b32a0a2ec2799125829abc865ba31b3fdd00553e0
mosaiq-benchmark-v0.1-candidate-20260716,mosaiq-benchmark,0.1.0-dev,iso_paq_regression,0.1.0,ISD,clip,ISD_OlympicSquare_OlympicSquare2_OSQ2048,ISD_OlympicSquare_OlympicSquare2_OSQ2048,dev,,0.1.0,datasets/ISD/data/clips.csv,2f8c01627e6ee5cd66fbb4a4ff9e3b7a35af685c280661a1339ff550cb65adfc
mosaiq-benchmark-v0.1-candidate-20260716,mosaiq-benchmark,0.1.0-dev,iso_paq_regression,0.1.0,ISD,clip,ISD_OlympicSquare_OlympicSquare2_OSQ2049,ISD_OlympicSquare_OlympicSquare2_OSQ2049,dev,,0.1.0,datasets/ISD/data/clips.csv,1f3dec45d375f0f6aed9d86096f2cdd03299b87f6e352ab9af0bf431b2157892
mosaiq-benchmark-v0.1-candidate-20260716,mosaiq-benchmark,0.1.0-dev,iso_paq_regression,0.1.0,ISD,clip,ISD_OlympicSquare_OlympicSquare2_OSQ2050,ISD_OlympicSquare_OlympicSquare2_OSQ2050,dev,,0.1.0,datasets/ISD/data/clips.csv,5dc5aed9f39fa14366e3b46250090f1aa83a1ca2dd68a56f5d9e1295174713e8
mosaiq-benchmark-v0.1-candidate-20260716,mosaiq-benchmark,0.1.0-dev,iso_paq_regression,0.1.0,ISD,clip,ISD_OlympicSquare_OlympicSquare2_OSQ2051,ISD_OlympicSquare_OlympicSquare2_OSQ2051,dev,,0.1.0,datasets/ISD/data/clips.csv,7056c8637dde9e2c4d57fbefd6006c7bb57c0c596a7999d170d02c1419dc00ea
mosaiq-benchmark-v0.1-candidate-20260716,mosaiq-benchmark,0.1.0-dev,iso_paq_regression,0.1.0,ISD,clip,ISD_OlympicSquare_OlympicSquare2_OSQ2052,ISD_OlympicSquare_OlympicSquare2_OSQ2052,dev,,0.1.0,datasets/ISD/data/clips.csv,4093211d78065feb701072cf8b2df05f779aa0ec9cfd4a7815c355d479068e1c
mosaiq-benchmark-v0.1-candidate-20260716,mosaiq-benchmark,0.1.0-dev,iso_paq_regression,0.1.0,ISD,clip,ISD_OlympicSquare_OlympicSquare2_OSQ2053,ISD_OlympicSquare_OlympicSquare2_OSQ2053,dev,,0.1.0,datasets/ISD/data/clips.csv,22d37b8d9c5ca068bac2d5871eb00be38753834ffa5e1b3cc865607b1cd93580
mosaiq-benchmark-v0.1-candidate-20260716,mosaiq-benchmark,0.1.0-dev,iso_paq_regression,0.1.0,ISD,clip,ISD_OlympicSquare_OlympicSquare2_OSQ2054,ISD_OlympicSquare_OlympicSquare2_OSQ2054,dev,,0.1.0,datasets/ISD/data/clips.csv,2bbf3840ee386a3670a39d845bc73d2989a00ae753606b0c7792b50680c064bb
mosaiq-benchmark-v0.1-candidate-20260716,mosaiq-benchmark,0.1.0-dev,iso_paq_regression,0.1.0,ISD,clip,ISD_OlympicSquare_OlympicSquare2_OSQ2055,ISD_OlympicSquare_OlympicSquare2_OSQ2055,dev,,0.1.0,datasets/ISD/data/clips.csv,864241727c54a9d4df81c7c44af0fc5275465420d8933a80822831d86ecda02e
mosaiq-benchmark-v0.1-candidate-20260716,mosaiq-benchmark,0.1.0-dev,iso_paq_regression,0.1.0,ISD,clip,ISD_OlympicSquare_OlympicSquare2_OSQ2056,ISD_OlympicSquare_OlympicSquare2_OSQ2056,dev,,0.1.0,datasets/ISD/data/clips.csv,18737551446da4ccc966684aa29d2584b5743ef170cc8fe607f92d4c013723f1
mosaiq-benchmark-v0.1-candidate-20260716,mosaiq-benchmark,0.1.0-dev,iso_paq_regression,0.1.0,ISD,clip,ISD_OlympicSquare_OlympicSquare3_OSQ3001,ISD_OlympicSquare_OlympicSquare3_OSQ3001,dev,,0.1.0,datasets/ISD/data/clips.csv,cd56e44acfd23cba7c233d8203a08597087c426abffd6d690cf48e79804332a3
mosaiq-benchmark-v0.1-candidate-20260716,mosaiq-benchmark,0.1.0-dev,iso_paq_regression,0.1.0,ISD,clip,ISD_OlympicSquare_OlympicSquare3_OSQ3002,ISD_OlympicSquare_OlympicSquare3_OSQ3002,dev,,0.1.0,datasets/ISD/data/clips.csv,f68de8c63ebf0dd0ef27f0fb0e3760b1b3e6f56cfe4a16fda22a8aae02e87a10
mosaiq-benchmark-v0.1-candidate-20260716,mosaiq-benchmark,0.1.0-dev,iso_paq_regression,0.1.0,ISD,clip,ISD_OlympicSquare_OlympicSquare3_OSQ3003,ISD_OlympicSquare_OlympicSquare3_OSQ3003,dev,,0.1.0,datasets/ISD/data/clips.csv,e4f25823bfdd9476958fce6da7d85f4f39f27d69a10a38dfea65825180e85ca8
mosaiq-benchmark-v0.1-candidate-20260716,mosaiq-benchmark,0.1.0-dev,iso_paq_regression,0.1.0,ISD,clip,ISD_OlympicSquare_OlympicSquare3_OSQ3004,ISD_OlympicSquare_OlympicSquare3_OSQ3004,dev,,0.1.0,datasets/ISD/data/clips.csv,af107754bb52b804dfb2a16a9b5b6519ba4050387d583e781d7aee082723095e
mosaiq-benchmark-v0.1-candidate-20260716,mosaiq-benchmark,0.1.0-dev,iso_paq_regression,0.1.0,ISD,clip,ISD_OlympicSquare_OlympicSquare3_OSQ3005,ISD_OlympicSquare_OlympicSquare3_OSQ3005,dev,,0.1.0,datasets/ISD/data/clips.csv,3cce43ca6c0a090b7b67d390dfc4ecaec993654882d138d01b7468e23c93c383
mosaiq-benchmark-v0.1-candidate-20260716,mosaiq-benchmark,0.1.0-dev,iso_paq_regression,0.1.0,ISD,clip,ISD_OlympicSquare_OlympicSquare3_OSQ3006,ISD_OlympicSquare_OlympicSquare3_OSQ3006,dev,,0.1.0,datasets/ISD/data/clips.csv,e3c9b4d8702baac365325f7020bd92b7425e8f64119a7ec101bb9a22ed36eb81
mosaiq-benchmark-v0.1-candidate-20260716,mosaiq-benchmark,0.1.0-dev,iso_paq_regression,0.1.0,ISD,clip,ISD_OlympicSquare_OlympicSquare3_OSQ3007,ISD_OlympicSquare_OlympicSquare3_OSQ3007,dev,,0.1.0,datasets/ISD/data/clips.csv,29382b10a2387590df5369f819b0866cdb7c73f3e3d6d70cf115c094a867dc84
mosaiq-benchmark-v0.1-candidate-20260716,mosaiq-benchmark,0.1.0-dev,iso_paq_regression,0.1.0,ISD,clip,ISD_OlympicSquare_OlympicSquare3_OSQ3008,ISD_OlympicSquare_OlympicSquare3_OSQ3008,dev,,0.1.0,datasets/ISD/data/clips.csv,8d45cb1f799c8eaf2379979bf728e6a57a7f8a64269f807d60f82d834ec20fdb
mosaiq-benchmark-v0.1-candidate-20260716,mosaiq-benchmark,0.1.0-dev,iso_paq_regression,0.1.0,ISD,clip,ISD_OlympicSquare_OlympicSquare3_OSQ3009,ISD_OlympicSquare_OlympicSquare3_OSQ3009,dev,,0.1.0,datasets/ISD/data/clips.csv,104a3ebdb2e5f471440e1069e812494637ee135bb01758004b9dee47328b137a
mosaiq-benchmark-v0.1-candidate-20260716,mosaiq-benchmark,0.1.0-dev,iso_paq_regression,0.1.0,ISD,clip,ISD_OlympicSquare_OlympicSquare3_OSQ3010,ISD_OlympicSquare_OlympicSquare3_OSQ3010,dev,,0.1.0,datasets/ISD/data/clips.csv,8415930cb9925652df6c38de7377dc472a779722bd2b5e26f1451dee3cafcc03
mosaiq-benchmark-v0.1-candidate-20260716,mosaiq-benchmark,0.1.0-dev,iso_paq_regression,0.1.0,ISD,clip,ISD_OlympicSquare_OlympicSquare3_OSQ3011,ISD_OlympicSquare_OlympicSquare3_OSQ3011,dev,,0.1.0,datasets/ISD/data/clips.csv,e423e74065b12f5db3ad58e4fe1f378f927502ee71b1418b895e417e21932079
mosaiq-benchmark-v0.1-candidate-20260716,mosaiq-benchmark,0.1.0-dev,iso_paq_regression,0.1.0,ISD,clip,ISD_OlympicSquare_OlympicSquare3_OSQ3012,ISD_OlympicSquare_OlympicSquare3_OSQ3012,dev,,0.1.0,datasets/ISD/data/clips.csv,aeea9963ae2378358cdb5593a267e54c40d0f3748771274d80b02157f72fb065
mosaiq-benchmark-v0.1-candidate-20260716,mosaiq-benchmark,0.1.0-dev,iso_paq_regression,0.1.0,ISD,clip,ISD_OlympicSquare_OlympicSquare3_OSQ3013,ISD_OlympicSquare_OlympicSquare3_OSQ3013,dev,,0.1.0,datasets/ISD/data/clips.csv,5c5a77b14ca653afcafb3738ef80649489f0965d6e4df06e6e46e2d891a3f785
mosaiq-benchmark-v0.1-candidate-20260716,mosaiq-benchmark,0.1.0-dev,iso_paq_regression,0.1.0,ISD,clip,ISD_OlympicSquare_OlympicSquare3_OSQ3014,ISD_OlympicSquare_OlympicSquare3_OSQ3014,dev,,0.1.0,datasets/ISD/data/clips.csv,52d0b905f79862bb18c217da7f23baa726372b5b4ee3f4cf9cd7a1c1d1201102
mosaiq-benchmark-v0.1-candidate-20260716,mosaiq-benchmark,0.1.0-dev,iso_paq_regression,0.1.0,ISD,clip,ISD_OlympicSquare_OlympicSquare3_OSQ3015,ISD_OlympicSquare_OlympicSquare3_OSQ3015,dev,,0.1.0,datasets/ISD/data/clips.csv,8e1dbffaea33929daf0c4fff67884f47702ce6c2a15402eb320bf498ed70eb24
mosaiq-benchmark-v0.1-candidate-20260716,mosaiq-benchmark,0.1.0-dev,iso_paq_regression,0.1.0,ISD,clip,ISD_OlympicSquare_OlympicSquare3_OSQ3016,ISD_OlympicSquare_OlympicSquare3_OSQ3016,dev,,0.1.0,datasets/ISD/data/clips.csv,72d28dd62a75d1b5064279acbefa4a83fa745314c8a98c40616e0eee57ef7e61
mosaiq-benchmark-v0.1-candidate-20260716,mosaiq-benchmark,0.1.0-dev,iso_paq_regression,0.1.0,ISD,clip,ISD_OlympicSquare_OlympicSquare3_OSQ3017,ISD_OlympicSquare_OlympicSquare3_OSQ3017,dev,,0.1.0,datasets/ISD/data/clips.csv,ea56999d31339edd6779b89fac6d0dc955f3e96f210cc3ef4492b849a2bdcdcf
mosaiq-benchmark-v0.1-candidate-20260716,mosaiq-benchmark,0.1.0-dev,iso_paq_regression,0.1.0,ISD,clip,ISD_OlympicSquare_OlympicSquare3_OSQ3018,ISD_OlympicSquare_OlympicSquare3_OSQ3018,dev,,0.1.0,datasets/ISD/data/clips.csv,d1c173140225f57fd18e0e7f75bbbd8c961fde5b56b9a6fc68f5f4010f41eae1
mosaiq-benchmark-v0.1-candidate-20260716,mosaiq-benchmark,0.1.0-dev,iso_paq_regression,0.1.0,ISD,clip,ISD_OlympicSquare_OlympicSquare3_OSQ3019,ISD_OlympicSquare_OlympicSquare3_OSQ3019,dev,,0.1.0,datasets/ISD/data/clips.csv,42380ce95ad356c8ac5a3c70a294a3edaae04c3f11a9a31de9121a7a96f0b69f
mosaiq-benchmark-v0.1-candidate-20260716,mosaiq-benchmark,0.1.0-dev,iso_paq_regression,0.1.0,ISD,clip,ISD_OlympicSquare_OlympicSquare3_OSQ3020,ISD_OlympicSquare_OlympicSquare3_OSQ3020,dev,,0.1.0,datasets/ISD/data/clips.csv,9b2eb0f502f229de8a4872ddaebb64093aff34634b9dc9e1566425bb62b7d4f5
mosaiq-benchmark-v0.1-candidate-20260716,mosaiq-benchmark,0.1.0-dev,iso_paq_regression,0.1.0,ISD,clip,ISD_OlympicSquare_OlympicSquare3_OSQ3021,ISD_OlympicSquare_OlympicSquare3_OSQ3021,dev,,0.1.0,datasets/ISD/data/clips.csv,35952a5b0c9215ecde4b6d6bcd0c0c84ae1186148e85cf790ea3201c51f82631
mosaiq-benchmark-v0.1-candidate-20260716,mosaiq-benchmark,0.1.0-dev,iso_paq_regression,0.1.0,ISD,clip,ISD_OlympicSquare_OlympicSquare3_OSQ3022,ISD_OlympicSquare_OlympicSquare3_OSQ3022,dev,,0.1.0,datasets/ISD/data/clips.csv,54253d18d14bf92e46177448833b89e292d9d74f6e7ba6d48976d63cfbfb2d2b
mosaiq-benchmark-v0.1-candidate-20260716,mosaiq-benchmark,0.1.0-dev,iso_paq_regression,0.1.0,ISD,clip,ISD_OlympicSquare_OlympicSquare3_OSQ3023,ISD_OlympicSquare_OlympicSquare3_OSQ3023,dev,,0.1.0,datasets/ISD/data/clips.csv,a44429e59736bce0a7004516b30a9f131bec0d0bc00f30a5a108e1633a41d589
mosaiq-benchmark-v0.1-candidate-20260716,mosaiq-benchmark,0.1.0-dev,iso_paq_regression,0.1.0,ISD,clip,ISD_OlympicSquare_OlympicSquare3_OSQ3024,ISD_OlympicSquare_OlympicSquare3_OSQ3024,dev,,0.1.0,datasets/ISD/data/clips.csv,bf1fdd0b93c63d15840a7521bf35e671e60a0984c33c1b5d72b41ec0f00b44e8
mosaiq-benchmark-v0.1-candidate-20260716,mosaiq-benchmark,0.1.0-dev,iso_paq_regression,0.1.0,ISD,clip,ISD_OlympicSquare_OlympicSquare3_OSQ3025,ISD_OlympicSquare_OlympicSquare3_OSQ3025,dev,,0.1.0,datasets/ISD/data/clips.csv,666f52668142281042089023a36ca3a5fedc4a06e27866bcfe2a61d420e28c31
mosaiq-benchmark-v0.1-candidate-20260716,mosaiq-benchmark,0.1.0-dev,iso_paq_regression,0.1.0,ISD,clip,ISD_OlympicSquare_OlympicSquare3_OSQ3026,ISD_OlympicSquare_OlympicSquare3_OSQ3026,dev,,0.1.0,datasets/ISD/data/clips.csv,c4502f23c0f9b3c85049358e2e57021895555ab6882f5b1808547a96245cefab
mosaiq-benchmark-v0.1-candidate-20260716,mosaiq-benchmark,0.1.0-dev,iso_paq_regression,0.1.0,ISD,clip,ISD_OlympicSquare_OlympicSquare3_OSQ3027,ISD_OlympicSquare_OlympicSquare3_OSQ3027,dev,,0.1.0,datasets/ISD/data/clips.csv,4e5208d9bd3ae28c4dbf9a4785ce575796a3ff1ddfa0dd8923a5fd7a2bca17bc
mosaiq-benchmark-v0.1-candidate-20260716,mosaiq-benchmark,0.1.0-dev,iso_paq_regression,0.1.0,ISD,clip,ISD_OlympicSquare_OlympicSquare3_OSQ3028,ISD_OlympicSquare_OlympicSquare3_OSQ3028,dev,,0.1.0,datasets/ISD/data/clips.csv,909106b5ac472f4bbf7d47cb62a5b358ec274ab3a4043334a52349ed31be6f8a
mosaiq-benchmark-v0.1-candidate-20260716,mosaiq-benchmark,0.1.0-dev,iso_paq_regression,0.1.0,ISD,clip,ISD_OlympicSquare_OlympicSquare3_OSQ3029,ISD_OlympicSquare_OlympicSquare3_OSQ3029,dev,,0.1.0,datasets/ISD/data/clips.csv,15ef191d780ad2ed200730d897afdf8fdf54fb758d03a2246fe0842c35b6da63
mosaiq-benchmark-v0.1-candidate-20260716,mosaiq-benchmark,0.1.0-dev,iso_paq_regression,0.1.0,ISD,clip,ISD_OlympicSquare_OlympicSquare3_OSQ3030,ISD_OlympicSquare_OlympicSquare3_OSQ3030,dev,,0.1.0,datasets/ISD/data/clips.csv,b8672de3f32ddcc7fb5741b10ed0bcf99953fdf045de52dcdba9da0e77fb9dd8
mosaiq-benchmark-v0.1-candidate-20260716,mosaiq-benchmark,0.1.0-dev,iso_paq_regression,0.1.0,ISD,clip,ISD_OlympicSquare_OlympicSquare3_OSQ3031,ISD_OlympicSquare_OlympicSquare3_OSQ3031,dev,,0.1.0,datasets/ISD/data/clips.csv,67af472f28d023993c00b347dda9683f0e19349bbac9a79258fa5a8903efefed
mosaiq-benchmark-v0.1-candidate-20260716,mosaiq-benchmark,0.1.0-dev,iso_paq_regression,0.1.0,ISD,clip,ISD_OlympicSquare_OlympicSquare3_OSQ3032,ISD_OlympicSquare_OlympicSquare3_OSQ3032,dev,,0.1.0,datasets/ISD/data/clips.csv,218cd55abfa9ba5654fab3e7014cd0338eca7f91100a6d680140cc74cfd78429
mosaiq-benchmark-v0.1-candidate-20260716,mosaiq-benchmark,0.1.0-dev,iso_paq_regression,0.1.0,ISD,clip,ISD_OlympicSquare_OlympicSquare3_OSQ3033,ISD_OlympicSquare_OlympicSquare3_OSQ3033,dev,,0.1.0,datasets/ISD/data/clips.csv,87178ad3211e6d71cdcd089fa6a93daaf6a60ef5556c4c2e2fbd6daaebe35197
mosaiq-benchmark-v0.1-candidate-20260716,mosaiq-benchmark,0.1.0-dev,iso_paq_regression,0.1.0,ISD,clip,ISD_OlympicSquare_OlympicSquare3_OSQ3034,ISD_OlympicSquare_OlympicSquare3_OSQ3034,dev,,0.1.0,datasets/ISD/data/clips.csv,55f91c49e47e561845b263ea004195ae11f5be1ceabe4d858159e40204338537
mosaiq-benchmark-v0.1-candidate-20260716,mosaiq-benchmark,0.1.0-dev,iso_paq_regression,0.1.0,ISD,clip,ISD_OlympicSquare_OlympicSquare3_OSQ3035,ISD_OlympicSquare_OlympicSquare3_OSQ3035,dev,,0.1.0,datasets/ISD/data/clips.csv,da069527fc470d9e6df120934e50eaa75e77f81dca2df14029a09160c891939c
mosaiq-benchmark-v0.1-candidate-20260716,mosaiq-benchmark,0.1.0-dev,iso_paq_regression,0.1.0,ISD,clip,ISD_OlympicSquare_OlympicSquare3_OSQ3036,ISD_OlympicSquare_OlympicSquare3_OSQ3036,dev,,0.1.0,datasets/ISD/data/clips.csv,8d962280c9093769b87b0427987d166c771b5c40a736379f1287e95052fef5c0
mosaiq-benchmark-v0.1-candidate-20260716,mosaiq-benchmark,0.1.0-dev,iso_paq_regression,0.1.0,ISD,clip,ISD_OlympicSquare_OlympicSquare3_OSQ3037,ISD_OlympicSquare_OlympicSquare3_OSQ3037,dev,,0.1.0,datasets/ISD/data/clips.csv,381b6cb15cb5b5bf75fc9f24c44eede4c415be8742b0bf19223dc61a134f1aae
mosaiq-benchmark-v0.1-candidate-20260716,mosaiq-benchmark,0.1.0-dev,iso_paq_regression,0.1.0,ISD,clip,ISD_OlympicSquare_OlympicSquare3_OSQ3038,ISD_OlympicSquare_OlympicSquare3_OSQ3038,dev,,0.1.0,datasets/ISD/data/clips.csv,7607ccf38edd9f3c5523a68ac91602e1f32f9339553d8a7716a02ec10394d329
mosaiq-benchmark-v0.1-candidate-20260716,mosaiq-benchmark,0.1.0-dev,iso_paq_regression,0.1.0,ISD,clip,ISD_OlympicSquare_OlympicSquare3_OSQ3039,ISD_OlympicSquare_OlympicSquare3_OSQ3039,dev,,0.1.0,datasets/ISD/data/clips.csv,5c8d33a0de9e3d17f9530b9b2d52e7f9a34c0078841b90a2f627d4f28dc94dfa
mosaiq-benchmark-v0.1-candidate-20260716,mosaiq-benchmark,0.1.0-dev,iso_paq_regression,0.1.0,ISD,clip,ISD_OlympicSquare_OlympicSquare3_OSQ3040,ISD_OlympicSquare_OlympicSquare3_OSQ3040,dev,,0.1.0,datasets/ISD/data/clips.csv,4c835476b94f677994269697758fb6d984333409af5235031594890b735bba54
mosaiq-benchmark-v0.1-candidate-20260716,mosaiq-benchmark,0.1.0-dev,iso_paq_regression,0.1.0,ISD,clip,ISD_OlympicSquare_OlympicSquare3_OSQ3041,ISD_OlympicSquare_OlympicSquare3_OSQ3041,dev,,0.1.0,datasets/ISD/data/clips.csv,9762652ebece2823721b7612e84c961e2b941ae7e15bc2790b2e0b5c166d7070
mosaiq-benchmark-v0.1-candidate-20260716,mosaiq-benchmark,0.1.0-dev,iso_paq_regression,0.1.0,ISD,clip,ISD_OlympicSquare_OlympicSquare3_OSQ3042,ISD_OlympicSquare_OlympicSquare3_OSQ3042,dev,,0.1.0,datasets/ISD/data/clips.csv,f259d7892d7a5755a6cfe478073e02b33661c2f3e777605e84283259a2f00636
mosaiq-benchmark-v0.1-candidate-20260716,mosaiq-benchmark,0.1.0-dev,iso_paq_regression,0.1.0,ISD,clip,ISD_OlympicSquare_OlympicSquare3_OSQ3043,ISD_OlympicSquare_OlympicSquare3_OSQ3043,dev,,0.1.0,datasets/ISD/data/clips.csv,3f0f495533a1d3ba3e67a7031da5e14ef4a496e4dd5848f11559ec99083bf6b4
mosaiq-benchmark-v0.1-candidate-20260716,mosaiq-benchmark,0.1.0-dev,iso_paq_regression,0.1.0,ISD,clip,ISD_OlympicSquare_OlympicSquare3_OSQ3044,ISD_OlympicSquare_OlympicSquare3_OSQ3044,dev,,0.1.0,datasets/ISD/data/clips.csv,50f75077dd7c37418e5783e64db3e1f97b544cdd176b261ea75b87d8af34a3d0
mosaiq-benchmark-v0.1-candidate-20260716,mosaiq-benchmark,0.1.0-dev,iso_paq_regression,0.1.0,ISD,clip,ISD_OlympicSquare_OlympicSquare3_OSQ3045,ISD_OlympicSquare_OlympicSquare3_OSQ3045,dev,,0.1.0,datasets/ISD/data/clips.csv,38b9a41dc86ac62a2455128a82897f5a17eb0a590a1bd2f02a53d6d199e4389b
mosaiq-benchmark-v0.1-candidate-20260716,mosaiq-benchmark,0.1.0-dev,iso_paq_regression,0.1.0,ISD,clip,ISD_OlympicSquare_OlympicSquare3_OSQ3046,ISD_OlympicSquare_OlympicSquare3_OSQ3046,dev,,0.1.0,datasets/ISD/data/clips.csv,4011ab08178d2a8e6aa323eaea3e05504bda3f60df3e8eb0bb19ccfcfd455d7b
mosaiq-benchmark-v0.1-candidate-20260716,mosaiq-benchmark,0.1.0-dev,iso_paq_regression,0.1.0,ISD,clip,ISD_OlympicSquare_OlympicSquare3_OSQ3047,ISD_OlympicSquare_OlympicSquare3_OSQ3047,dev,,0.1.0,datasets/ISD/data/clips.csv,f77a94a85fbaa6f70542e47b187fdb53c41e7c46886232da85e538a287fae61d
mosaiq-benchmark-v0.1-candidate-20260716,mosaiq-benchmark,0.1.0-dev,iso_paq_regression,0.1.0,ISD,clip,ISD_OlympicSquare_OlympicSquare3_OSQ3048,ISD_OlympicSquare_OlympicSquare3_OSQ3048,dev,,0.1.0,datasets/ISD/data/clips.csv,65d41e59e0cb27e1ab3b8dbd01fa71bc7af44d91bf1da744fc87a0aed03d9ac0
mosaiq-benchmark-v0.1-candidate-20260716,mosaiq-benchmark,0.1.0-dev,iso_paq_regression,0.1.0,ISD,clip,ISD_OlympicSquare_OlympicSquare3_OSQ3049,ISD_OlympicSquare_OlympicSquare3_OSQ3049,dev,,0.1.0,datasets/ISD/data/clips.csv,9f227f981476d34bc0c4c559e35ee870af14648ab6a25f84e89ebd0dbdb5cc99
mosaiq-benchmark-v0.1-candidate-20260716,mosaiq-benchmark,0.1.0-dev,iso_paq_regression,0.1.0,ISD,clip,ISD_OlympicSquare_OlympicSquare3_OSQ3050,ISD_OlympicSquare_OlympicSquare3_OSQ3050,dev,,0.1.0,datasets/ISD/data/clips.csv,d30615955d91b999a1690078ef15cfea629278ad3dc92a5938793b0bc1d76b10
mosaiq-benchmark-v0.1-candidate-20260716,mosaiq-benchmark,0.1.0-dev,iso_paq_regression,0.1.0,ISD,clip,ISD_OlympicSquare_OlympicSquare3_OSQ3051,ISD_OlympicSquare_OlympicSquare3_OSQ3051,dev,,0.1.0,datasets/ISD/data/clips.csv,35be9057f959077d1f256a5a3ce90a40799dec531ca84e0647583429fe048297
mosaiq-benchmark-v0.1-candidate-20260716,mosaiq-benchmark,0.1.0-dev,iso_paq_regression,0.1.0,ISD,clip,ISD_OlympicSquare_OlympicSquare3_OSQ3052,ISD_OlympicSquare_OlympicSquare3_OSQ3052,dev,,0.1.0,datasets/ISD/data/clips.csv,6506c47c59d86066e440e10c20b1994d54f1b41f14eba0a67f5d4ecc9e82db37
mosaiq-benchmark-v0.1-candidate-20260716,mosaiq-benchmark,0.1.0-dev,iso_paq_regression,0.1.0,ISD,clip,ISD_OlympicSquare_OlympicSquare3_OSQ3053,ISD_OlympicSquare_OlympicSquare3_OSQ3053,dev,,0.1.0,datasets/ISD/data/clips.csv,b0928ca08a69dee7e196a45220ae1ad1fb881791c822eb3bc4839100052d7286
mosaiq-benchmark-v0.1-candidate-20260716,mosaiq-benchmark,0.1.0-dev,iso_paq_regression,0.1.0,ISD,clip,ISD_OlympicSquare_OlympicSquare3_OSQ3054,ISD_OlympicSquare_OlympicSquare3_OSQ3054,dev,,0.1.0,datasets/ISD/data/clips.csv,fb268a883a9f23a0af5eca97749028f01618280dff1fe693f2b32e40a3488c1d
mosaiq-benchmark-v0.1-candidate-20260716,mosaiq-benchmark,0.1.0-dev,iso_paq_regression,0.1.0,ISD,clip,ISD_OlympicSquare_OlympicSquare3_OSQ3055,ISD_OlympicSquare_OlympicSquare3_OSQ3055,dev,,0.1.0,datasets/ISD/data/clips.csv,11aec20af2c7527f70d1480ffbac5ce070682db604b6d4682713eff132a2e923
mosaiq-benchmark-v0.1-candidate-20260716,mosaiq-benchmark,0.1.0-dev,iso_paq_regression,0.1.0,ISD,clip,ISD_OlympicSquare_OlympicSquare3_OSQ3056,ISD_OlympicSquare_OlympicSquare3_OSQ3056,dev,,0.1.0,datasets/ISD/data/clips.csv,e1dd64922c8df74d6c6b4b29a7e51b03a3bd8e4baef6c99dbf10835629e01508
mosaiq-benchmark-v0.1-candidate-20260716,mosaiq-benchmark,0.1.0-dev,iso_paq_regression,0.1.0,ISD,clip,ISD_OlympicSquare_OlympicSquare3_OSQ3057,ISD_OlympicSquare_OlympicSquare3_OSQ3057,dev,,0.1.0,datasets/ISD/data/clips.csv,328d8df03c93756defd48eb9f3c31652c26fbbf66eba5e510d3842870e8da71e
mosaiq-benchmark-v0.1-candidate-20260716,mosaiq-benchmark,0.1.0-dev,iso_paq_regression,0.1.0,ISD,clip,ISD_OlympicSquare_OlympicSquare3_OSQ3058,ISD_OlympicSquare_OlympicSquare3_OSQ3058,dev,,0.1.0,datasets/ISD/data/clips.csv,416b7afcdce642af24b881c17dc622bf9757bee2d8b8d4aecc706d256aef9478
mosaiq-benchmark-v0.1-candidate-20260716,mosaiq-benchmark,0.1.0-dev,iso_paq_regression,0.1.0,ISD,clip,ISD_OlympicSquare_OlympicSquare3_OSQ3059,ISD_OlympicSquare_OlympicSquare3_OSQ3059,dev,,0.1.0,datasets/ISD/data/clips.csv,3f8973e94e10b8f0f63ee42228b97aa5ea09266e5f08e02d43ece00ee961b375
mosaiq-benchmark-v0.1-candidate-20260716,mosaiq-benchmark,0.1.0-dev,iso_paq_regression,0.1.0,ISD,clip,ISD_OlympicSquare_OlympicSquare3_OSQ3060,ISD_OlympicSquare_OlympicSquare3_OSQ3060,dev,,0.1.0,datasets/ISD/data/clips.csv,d93f9c58468a5b269d6bdcd5cf326ba640ce8a8c1a5c8cf936b89668e656f345
mosaiq-benchmark-v0.1-candidate-20260716,mosaiq-benchmark,0.1.0-dev,iso_paq_regression,0.1.0,ISD,clip,ISD_OlympicSquare_OlympicSquare3_OSQ3061,ISD_OlympicSquare_OlympicSquare3_OSQ3061,dev,,0.1.0,datasets/ISD/data/clips.csv,f348ddd7c14fbbb84bfeea6691f646d674b98686c74846d13414603134ad3688
mosaiq-benchmark-v0.1-candidate-20260716,mosaiq-benchmark,0.1.0-dev,iso_paq_regression,0.1.0,ISD,clip,ISD_OlympicSquare_OlympicSquare3_OSQ3062,ISD_OlympicSquare_OlympicSquare3_OSQ3062,dev,,0.1.0,datasets/ISD/data/clips.csv,9dd7d16f0389d51b47cb63f951e990f69623a3afc1eb931cfa733b4e8d70bf39
mosaiq-benchmark-v0.1-candidate-20260716,mosaiq-benchmark,0.1.0-dev,iso_paq_regression,0.1.0,ISD,clip,ISD_OlympicSquare_OlympicSquare3_OSQ3063,ISD_OlympicSquare_OlympicSquare3_OSQ3063,dev,,0.1.0,datasets/ISD/data/clips.csv,452e6e69f90c5d490f4103555d20bc1649a68749b3190b62daaea399966728b1
mosaiq-benchmark-v0.1-candidate-20260716,mosaiq-benchmark,0.1.0-dev,iso_paq_regression,0.1.0,ISD,clip,ISD_OlympicSquare_OlympicSquare3_OSQ3064,ISD_OlympicSquare_OlympicSquare3_OSQ3064,dev,,0.1.0,datasets/ISD/data/clips.csv,5635eb22a6fc53e911112313f4e28016ee9c49f2ef7edaf8fa33b366cb61fe7d
mosaiq-benchmark-v0.1-candidate-20260716,mosaiq-benchmark,0.1.0-dev,iso_paq_regression,0.1.0,ISD,clip,ISD_OlympicSquare_OlympicSquare3_OSQ3065,ISD_OlympicSquare_OlympicSquare3_OSQ3065,dev,,0.1.0,datasets/ISD/data/clips.csv,eca7da4cd4c946b4e5b290870acf7c67e3d99d6d70d8b861ecf87a4d7d8f6b81
mosaiq-benchmark-v0.1-candidate-20260716,mosaiq-benchmark,0.1.0-dev,iso_paq_regression,0.1.0,ISD,clip,ISD_OlympicSquare_OlympicSquare3_OSQ3066,ISD_OlympicSquare_OlympicSquare3_OSQ3066,dev,,0.1.0,datasets/ISD/data/clips.csv,80b3240e7034c9d23a766ffdcb93bd80d31329158cbca8d0c955af3355eb73b8
mosaiq-benchmark-v0.1-candidate-20260716,mosaiq-benchmark,0.1.0-dev,iso_paq_regression,0.1.0,ISD,clip,ISD_OlympicSquare_OlympicSquare3_OSQ3067,ISD_OlympicSquare_OlympicSquare3_OSQ3067,dev,,0.1.0,datasets/ISD/data/clips.csv,f0f471d24b8a9b8825f06bdb1ac442b510c2cbcff7a0596741168e39571346fe
mosaiq-benchmark-v0.1-candidate-20260716,mosaiq-benchmark,0.1.0-dev,iso_paq_regression,0.1.0,ISD,clip,ISD_OlympicSquare_OlympicSquare3_OSQ3068,ISD_OlympicSquare_OlympicSquare3_OSQ3068,dev,,0.1.0,datasets/ISD/data/clips.csv,f9f14b24af40d68744c41af5dec040483b7b1529a59251e43e73f8b67a30fd53
mosaiq-benchmark-v0.1-candidate-20260716,mosaiq-benchmark,0.1.0-dev,iso_paq_regression,0.1.0,ISD,clip,ISD_OlympicSquare_OlympicSquare3_OSQ3069,ISD_OlympicSquare_OlympicSquare3_OSQ3069,dev,,0.1.0,datasets/ISD/data/clips.csv,cf356780130ee86df4ee212f92068a233731b4934e2a409d3fb0f613de1ce4ad
mosaiq-benchmark-v0.1-candidate-20260716,mosaiq-benchmark,0.1.0-dev,iso_paq_regression,0.1.0,ISD,clip,ISD_OlympicSquare_OlympicSquare3_OSQ3070,ISD_OlympicSquare_OlympicSquare3_OSQ3070,dev,,0.1.0,datasets/ISD/data/clips.csv,3923a47d6f1b5e0d1fd700f953f0915c1a69c9beaacdf5982a9d92ea66b25c57
mosaiq-benchmark-v0.1-candidate-20260716,mosaiq-benchmark,0.1.0-dev,iso_paq_regression,0.1.0,ISD,clip,ISD_OlympicSquare_OlympicSquare3_OSQ3071,ISD_OlympicSquare_OlympicSquare3_OSQ3071,dev,,0.1.0,datasets/ISD/data/clips.csv,2a975aa9e6886e5e869626724b5b69005ef27878c478313e1685842ba5a7c494
mosaiq-benchmark-v0.1-candidate-20260716,mosaiq-benchmark,0.1.0-dev,iso_paq_regression,0.1.0,ISD,clip,ISD_OlympicSquare_OlympicSquare3_OSQ3072,ISD_OlympicSquare_OlympicSquare3_OSQ3072,dev,,0.1.0,datasets/ISD/data/clips.csv,2aef1368332587ae1fa80920b43768d5a9ab8aac4004a43d8cc8e033234381be
mosaiq-benchmark-v0.1-candidate-20260716,mosaiq-benchmark,0.1.0-dev,iso_paq_regression,0.1.0,ISD,clip,ISD_OlympicSquare_OlympicSquare3_OSQ3073,ISD_OlympicSquare_OlympicSquare3_OSQ3073,dev,,0.1.0,datasets/ISD/data/clips.csv,d42168cc30ef51929c477c6065f12ac23658b3999ed4e483caf38ff5da7ef781
mosaiq-benchmark-v0.1-candidate-20260716,mosaiq-benchmark,0.1.0-dev,iso_paq_regression,0.1.0,ISD,clip,ISD_OlympicSquare_OlympicSquare3_OSQ3074,ISD_OlympicSquare_OlympicSquare3_OSQ3074,dev,,0.1.0,datasets/ISD/data/clips.csv,46041d4b0bdb85b5ee15e5df37ae8dbf9379eaa6b32013c5e8e73fa473e08694
mosaiq-benchmark-v0.1-candidate-20260716,mosaiq-benchmark,0.1.0-dev,iso_paq_regression,0.1.0,ISD,clip,ISD_OlympicSquare_OlympicSquare3_OSQ3075,ISD_OlympicSquare_OlympicSquare3_OSQ3075,dev,,0.1.0,datasets/ISD/data/clips.csv,0f2505da2df83d7543838a4c953ed1f0c754996cc2ea3018bd32aa29897bc71f
mosaiq-benchmark-v0.1-candidate-20260716,mosaiq-benchmark,0.1.0-dev,iso_paq_regression,0.1.0,ISD,clip,ISD_OlympicSquare_OlympicSquare3_OSQ3076,ISD_OlympicSquare_OlympicSquare3_OSQ3076,dev,,0.1.0,datasets/ISD/data/clips.csv,665cc8ae65a327279e8a8844a97a6c2cca1aa62b0e0bf6b472579dc340258860
mosaiq-benchmark-v0.1-candidate-20260716,mosaiq-benchmark,0.1.0-dev,iso_paq_regression,0.1.0,ISD,clip,ISD_OlympicSquare_OlympicSquare3_OSQ3077,ISD_OlympicSquare_OlympicSquare3_OSQ3077,dev,,0.1.0,datasets/ISD/data/clips.csv,244cd1e7e846145e4e5752419fe38ab513e0a55547d728b6ab7bea8fcc70f687
mosaiq-benchmark-v0.1-candidate-20260716,mosaiq-benchmark,0.1.0-dev,iso_paq_regression,0.1.0,ISD,clip,ISD_OlympicSquare_OlympicSquare3_OSQ3078,ISD_OlympicSquare_OlympicSquare3_OSQ3078,dev,,0.1.0,datasets/ISD/data/clips.csv,08338dcb571d92ed2a66af178e148a047e2b6da9850807c4e543542766675805
mosaiq-benchmark-v0.1-candidate-20260716,mosaiq-benchmark,0.1.0-dev,iso_paq_regression,0.1.0,ISD,clip,ISD_OlympicSquare_OlympicSquare3_OSQ3079,ISD_OlympicSquare_OlympicSquare3_OSQ3079,dev,,0.1.0,datasets/ISD/data/clips.csv,e9a2df198fee05e384d584bd518a5be7cf39223c3633591563cb5e6aac7b4ba3
mosaiq-benchmark-v0.1-candidate-20260716,mosaiq-benchmark,0.1.0-dev,iso_paq_regression,0.1.0,ISD,clip,ISD_OlympicSquare_OlympicSquare3_OSQ3080,ISD_OlympicSquare_OlympicSquare3_OSQ3080,dev,,0.1.0,datasets/ISD/data/clips.csv,cff3187da56028f29186e1960e868762b10ecc2111c5c7456ad4f9eb7b2fb55f
mosaiq-benchmark-v0.1-candidate-20260716,mosaiq-benchmark,0.1.0-dev,iso_paq_regression,0.1.0,ISD,clip,ISD_OlympicSquare_OlympicSquare3_OSQ3081,ISD_OlympicSquare_OlympicSquare3_OSQ3081,dev,,0.1.0,datasets/ISD/data/clips.csv,4827aa3cc16e4c9e711bfe76e7ff5d26b71ef11ebda27970362650be414bcaf1
mosaiq-benchmark-v0.1-candidate-20260716,mosaiq-benchmark,0.1.0-dev,iso_paq_regression,0.1.0,ISD,clip,ISD_OlympicSquare_OlympicSquare3_OSQ3082,ISD_OlympicSquare_OlympicSquare3_OSQ3082,dev,,0.1.0,datasets/ISD/data/clips.csv,5652f7edf3d2f40aca19e02ebf3e1aac4e4f4d7e08707b3fe650f972dba1c074
mosaiq-benchmark-v0.1-candidate-20260716,mosaiq-benchmark,0.1.0-dev,iso_paq_regression,0.1.0,ISD,clip,ISD_OlympicSquare_OlympicSquare3_OSQ3083,ISD_OlympicSquare_OlympicSquare3_OSQ3083,dev,,0.1.0,datasets/ISD/data/clips.csv,d421611935b05ad0093d5d6ff99632fc36aff8d6435d1c798950106f780c00f7
mosaiq-benchmark-v0.1-candidate-20260716,mosaiq-benchmark,0.1.0-dev,iso_paq_regression,0.1.0,ISD,clip,ISD_OlympicSquare_OlympicSquare3_OSQ3084,ISD_OlympicSquare_OlympicSquare3_OSQ3084,dev,,0.1.0,datasets/ISD/data/clips.csv,5897d594f06a32e42fc13605eacbaafe937d3ab064abb7895e5ecca5b68c3922
mosaiq-benchmark-v0.1-candidate-20260716,mosaiq-benchmark,0.1.0-dev,iso_paq_regression,0.1.0,ISD,clip,ISD_OlympicSquare_OlympicSquare3_OSQ3085,ISD_OlympicSquare_OlympicSquare3_OSQ3085,dev,,0.1.0,datasets/ISD/data/clips.csv,01f822c7516809980b088b77feb040c44a3ff125bf8bb143226a5731a7f9231a
mosaiq-benchmark-v0.1-candidate-20260716,mosaiq-benchmark,0.1.0-dev,iso_paq_regression,0.1.0,ISD,clip,ISD_OlympicSquare_OlympicSquare3_OSQ3086,ISD_OlympicSquare_OlympicSquare3_OSQ3086,dev,,0.1.0,datasets/ISD/data/clips.csv,61c46f31d390fabb55229e4185293ec65f507a9d4b1e06a60fd213c44dc9875e
mosaiq-benchmark-v0.1-candidate-20260716,mosaiq-benchmark,0.1.0-dev,iso_paq_regression,0.1.0,ISD,clip,ISD_OlympicSquare_OlympicSquare3_OSQ3087,ISD_OlympicSquare_OlympicSquare3_OSQ3087,dev,,0.1.0,datasets/ISD/data/clips.csv,43569d25447f2eebf8aa330bd5425ba7e148ce4866d53f996c92eee8c0ff25a4
mosaiq-benchmark-v0.1-candidate-20260716,mosaiq-benchmark,0.1.0-dev,iso_paq_regression,0.1.0,ISD,clip,ISD_OlympicSquare_OlympicSquare3_OSQ3088,ISD_OlympicSquare_OlympicSquare3_OSQ3088,dev,,0.1.0,datasets/ISD/data/clips.csv,8665f500841a5902cbfad217e803ff35568a63e519ecdec2e85887f49d9a91b4
mosaiq-benchmark-v0.1-candidate-20260716,mosaiq-benchmark,0.1.0-dev,iso_paq_regression,0.1.0,ISD,clip,ISD_OlympicSquare_OlympicSquare3_OSQ3089,ISD_OlympicSquare_OlympicSquare3_OSQ3089,dev,,0.1.0,datasets/ISD/data/clips.csv,9473ced714647cff18bf303ff6908446dff2d59a3d688862a88c3ae6227cf79a
mosaiq-benchmark-v0.1-candidate-20260716,mosaiq-benchmark,0.1.0-dev,iso_paq_regression,0.1.0,ISD,clip,ISD_OlympicSquare_OlympicSquare3_OSQ3090,ISD_OlympicSquare_OlympicSquare3_OSQ3090,dev,,0.1.0,datasets/ISD/data/clips.csv,b12f07e5b4ca56ca61f1b3a711880a211b6c6de0211ee8023645d4f87f1668c8
mosaiq-benchmark-v0.1-candidate-20260716,mosaiq-benchmark,0.1.0-dev,iso_paq_regression,0.1.0,ISD,clip,ISD_OlympicSquare_OlympicSquare3_OSQ3091,ISD_OlympicSquare_OlympicSquare3_OSQ3091,dev,,0.1.0,datasets/ISD/data/clips.csv,b7d40564d162f0d0d764276f170e27e8924fd11bdd74cf2b1d8d446d657bc586
mosaiq-benchmark-v0.1-candidate-20260716,mosaiq-benchmark,0.1.0-dev,iso_paq_regression,0.1.0,ISD,clip,ISD_OlympicSquare_OlympicSquare3_OSQ3092,ISD_OlympicSquare_OlympicSquare3_OSQ3092,dev,,0.1.0,datasets/ISD/data/clips.csv,d28de71fceffa84b6bc1cd647ac795713c2391f68afd27b295a0395893e32e79
mosaiq-benchmark-v0.1-candidate-20260716,mosaiq-benchmark,0.1.0-dev,iso_paq_regression,0.1.0,ISD,clip,ISD_OlympicSquare_OlympicSquare3_OSQ3093,ISD_OlympicSquare_OlympicSquare3_OSQ3093,dev,,0.1.0,datasets/ISD/data/clips.csv,3b30b8ea920fc48c501bd9c3f4a9adccc6402005f02128ce40a4c29ff1f21f74
mosaiq-benchmark-v0.1-candidate-20260716,mosaiq-benchmark,0.1.0-dev,iso_paq_regression,0.1.0,ISD,clip,ISD_OlympicSquare_OlympicSquare3_OSQ3094,ISD_OlympicSquare_OlympicSquare3_OSQ3094,dev,,0.1.0,datasets/ISD/data/clips.csv,aa1a108faa6e8c8f0d73003fae8d919982eaf201da4eb354f5d4429ae64ceae3
mosaiq-benchmark-v0.1-candidate-20260716,mosaiq-benchmark,0.1.0-dev,iso_paq_regression,0.1.0,ISD,clip,ISD_OlympicSquare_OlympicSquare3_OSQ3095,ISD_OlympicSquare_OlympicSquare3_OSQ3095,dev,,0.1.0,datasets/ISD/data/clips.csv,b97f26f2de589dc21d18e0f4b7905506d626f33408144005d6a333d4b466284f
mosaiq-benchmark-v0.1-candidate-20260716,mosaiq-benchmark,0.1.0-dev,iso_paq_regression,0.1.0,ISD,clip,ISD_OlympicSquare_OlympicSquare3_OSQ3096,ISD_OlympicSquare_OlympicSquare3_OSQ3096,dev,,0.1.0,datasets/ISD/data/clips.csv,30d0ca4e36ccefc556711b40952a71f846d606101b06d8ad79a2d2c30dbda1cb
mosaiq-benchmark-v0.1-candidate-20260716,mosaiq-benchmark,0.1.0-dev,iso_paq_regression,0.1.0,ISD,clip,ISD_OlympicSquare_OlympicSquare3_OSQ3097,ISD_OlympicSquare_OlympicSquare3_OSQ3097,dev,,0.1.0,datasets/ISD/data/clips.csv,2aa6da421af0202a7169c483847cb687e9355bbc573e3282dcaefd1a00c15626
mosaiq-benchmark-v0.1-candidate-20260716,mosaiq-benchmark,0.1.0-dev,iso_paq_regression,0.1.0,ISD,clip,ISD_OlympicSquare_OlympicSquare3_OSQ3098,ISD_OlympicSquare_OlympicSquare3_OSQ3098,dev,,0.1.0,datasets/ISD/data/clips.csv,908ecf62c22399a0164737ea30e2728358d2178c5ed168f1de84c4be93df1fb0
mosaiq-benchmark-v0.1-candidate-20260716,mosaiq-benchmark,0.1.0-dev,iso_paq_regression,0.1.0,ISD,clip,ISD_OlympicSquare_OlympicSquare3_OSQ3099,ISD_OlympicSquare_OlympicSquare3_OSQ3099,dev,,0.1.0,datasets/ISD/data/clips.csv,a00dfc65639a8434a9700c454ecded7991e2acdf4c4d67a493b5a226d0ee91ee
mosaiq-benchmark-v0.1-candidate-20260716,mosaiq-benchmark,0.1.0-dev,iso_paq_regression,0.1.0,ISD,clip,ISD_OlympicSquare_OlympicSquare3_OSQ3100,ISD_OlympicSquare_OlympicSquare3_OSQ3100,dev,,0.1.0,datasets/ISD/data/clips.csv,9f371e1177f6a726da9abece9fda2180d20c4dd76987fca4d3335391212cae7a
mosaiq-benchmark-v0.1-candidate-20260716,mosaiq-benchmark,0.1.0-dev,iso_paq_regression,0.1.0,ISD,clip,ISD_OlympicSquare_OlympicSquare3_OSQ3101,ISD_OlympicSquare_OlympicSquare3_OSQ3101,dev,,0.1.0,datasets/ISD/data/clips.csv,9e5a776db213be9ee1ae78ed608d593d81a3707886cb9401e862cc2d2d3fc277
mosaiq-benchmark-v0.1-candidate-20260716,mosaiq-benchmark,0.1.0-dev,iso_paq_regression,0.1.0,ISD,clip,ISD_OlympicSquare_OlympicSquare3_OSQ3102,ISD_OlympicSquare_OlympicSquare3_OSQ3102,dev,,0.1.0,datasets/ISD/data/clips.csv,5d078a8437454da0ad1c863bad8fbb05512bb9c20a1da334ea5c501d85393cc7
mosaiq-benchmark-v0.1-candidate-20260716,mosaiq-benchmark,0.1.0-dev,iso_paq_regression,0.1.0,ISD,clip,ISD_OlympicSquare_OlympicSquare3_OSQ3103,ISD_OlympicSquare_OlympicSquare3_OSQ3103,dev,,0.1.0,datasets/ISD/data/clips.csv,4d05bf8253c89d7bb58b8bc5446dc5954b6c10ca7de55ead853daac041bc1df9
mosaiq-benchmark-v0.1-candidate-20260716,mosaiq-benchmark,0.1.0-dev,iso_paq_regression,0.1.0,ISD,clip,ISD_OlympicSquare_OlympicSquare3_OSQ3104,ISD_OlympicSquare_OlympicSquare3_OSQ3104,dev,,0.1.0,datasets/ISD/data/clips.csv,68a03286b2dcdd6fa3c1ca8fe0a4f71e90409ebcf0ea96155a3934f36487f7c7
mosaiq-benchmark-v0.1-candidate-20260716,mosaiq-benchmark,0.1.0-dev,iso_paq_regression,0.1.0,ISD,clip,ISD_OlympicSquare_OlympicSquare4_OSQ4001,ISD_OlympicSquare_OlympicSquare4_OSQ4001,dev,,0.1.0,datasets/ISD/data/clips.csv,0020dfcfea6e2a49a9433a63e21eeab6d0353597e55b6a20bc4b9c0ef9d46fe8
mosaiq-benchmark-v0.1-candidate-20260716,mosaiq-benchmark,0.1.0-dev,iso_paq_regression,0.1.0,ISD,clip,ISD_OlympicSquare_OlympicSquare4_OSQ4002,ISD_OlympicSquare_OlympicSquare4_OSQ4002,dev,,0.1.0,datasets/ISD/data/clips.csv,21fcec36f9851477233c3f4dd5e4b3d2a1dc7f1f300ac928a9735fdff656303b
mosaiq-benchmark-v0.1-candidate-20260716,mosaiq-benchmark,0.1.0-dev,iso_paq_regression,0.1.0,ISD,clip,ISD_OlympicSquare_OlympicSquare4_OSQ4003,ISD_OlympicSquare_OlympicSquare4_OSQ4003,dev,,0.1.0,datasets/ISD/data/clips.csv,8f2d5feca8dda8dd10c4086042aa2e112eae63a1c1b76d4cf6346d1211ca213d
mosaiq-benchmark-v0.1-candidate-20260716,mosaiq-benchmark,0.1.0-dev,iso_paq_regression,0.1.0,ISD,clip,ISD_OlympicSquare_OlympicSquare4_OSQ4004,ISD_OlympicSquare_OlympicSquare4_OSQ4004,dev,,0.1.0,datasets/ISD/data/clips.csv,6e1135ab08cb506fdf1e20760857d337a0b30058d31f8771be0539adc6033938
mosaiq-benchmark-v0.1-candidate-20260716,mosaiq-benchmark,0.1.0-dev,iso_paq_regression,0.1.0,ISD,clip,ISD_OlympicSquare_OlympicSquare4_OSQ4005,ISD_OlympicSquare_OlympicSquare4_OSQ4005,dev,,0.1.0,datasets/ISD/data/clips.csv,72a02c5e3558950e25f6e2786c3bdaa5ce9d4582666a5c5d32aaa5fcd8fc9b65
mosaiq-benchmark-v0.1-candidate-20260716,mosaiq-benchmark,0.1.0-dev,iso_paq_regression,0.1.0,ISD,clip,ISD_OlympicSquare_OlympicSquare4_OSQ4006,ISD_OlympicSquare_OlympicSquare4_OSQ4006,dev,,0.1.0,datasets/ISD/data/clips.csv,156997c5f37685b533c30b1861d018b66dc0f9f719311329ba672577e3b45901
mosaiq-benchmark-v0.1-candidate-20260716,mosaiq-benchmark,0.1.0-dev,iso_paq_regression,0.1.0,ISD,clip,ISD_OlympicSquare_OlympicSquare4_OSQ4007,ISD_OlympicSquare_OlympicSquare4_OSQ4007,dev,,0.1.0,datasets/ISD/data/clips.csv,fafa238f3d9c9d4b6577c7ed270f3ca624a41aede940e03a110c4f90eac5a568
mosaiq-benchmark-v0.1-candidate-20260716,mosaiq-benchmark,0.1.0-dev,iso_paq_regression,0.1.0,ISD,clip,ISD_OlympicSquare_OlympicSquare4_OSQ4008,ISD_OlympicSquare_OlympicSquare4_OSQ4008,dev,,0.1.0,datasets/ISD/data/clips.csv,ead0bd424e4848496ee4166ad3047e89e2f2819d0a8cb8ee80f404af6b2f2c13
mosaiq-benchmark-v0.1-candidate-20260716,mosaiq-benchmark,0.1.0-dev,iso_paq_regression,0.1.0,ISD,clip,ISD_OlympicSquare_OlympicSquare4_OSQ4009,ISD_OlympicSquare_OlympicSquare4_OSQ4009,dev,,0.1.0,datasets/ISD/data/clips.csv,6a01828549fd69fba04f85e72f3e7c8863091301c95fdbb5d06e130f68dc58d2
mosaiq-benchmark-v0.1-candidate-20260716,mosaiq-benchmark,0.1.0-dev,iso_paq_regression,0.1.0,ISD,clip,ISD_OlympicSquare_OlympicSquare4_OSQ4010,ISD_OlympicSquare_OlympicSquare4_OSQ4010,dev,,0.1.0,datasets/ISD/data/clips.csv,ecef47c4060d8be6802a8bccef1f563512a31732b4e73042944bc2f77d1b85a3
mosaiq-benchmark-v0.1-candidate-20260716,mosaiq-benchmark,0.1.0-dev,iso_paq_regression,0.1.0,ISD,clip,ISD_OlympicSquare_OlympicSquare4_OSQ4011,ISD_OlympicSquare_OlympicSquare4_OSQ4011,dev,,0.1.0,datasets/ISD/data/clips.csv,0232c093644cf46009fb78aa51e6e51fcddef80a8307378157ad9c69fa16f87c
mosaiq-benchmark-v0.1-candidate-20260716,mosaiq-benchmark,0.1.0-dev,iso_paq_regression,0.1.0,ISD,clip,ISD_OlympicSquare_OlympicSquare4_OSQ4012,ISD_OlympicSquare_OlympicSquare4_OSQ4012,dev,,0.1.0,datasets/ISD/data/clips.csv,c1e085d0ef62f7cd8de5311c919a55643dd16c6b89eb0e9315efcdefdc9ce034
mosaiq-benchmark-v0.1-candidate-20260716,mosaiq-benchmark,0.1.0-dev,iso_paq_regression,0.1.0,ISD,clip,ISD_OlympicSquare_OlympicSquare4_OSQ4013,ISD_OlympicSquare_OlympicSquare4_OSQ4013,dev,,0.1.0,datasets/ISD/data/clips.csv,d26b2dee9edb4d0cae8a9df2054c3cfed6c3003efab4d21f4e9bc5b6958072cb
mosaiq-benchmark-v0.1-candidate-20260716,mosaiq-benchmark,0.1.0-dev,iso_paq_regression,0.1.0,ISD,clip,ISD_OlympicSquare_OlympicSquare4_OSQ4014,ISD_OlympicSquare_OlympicSquare4_OSQ4014,dev,,0.1.0,datasets/ISD/data/clips.csv,a8a3f24b5c45e1ed44fbe6e9f4a91b0fc5ee8a24cc326a7b1b28dba09c7db504
mosaiq-benchmark-v0.1-candidate-20260716,mosaiq-benchmark,0.1.0-dev,iso_paq_regression,0.1.0,ISD,clip,ISD_OlympicSquare_OlympicSquare4_OSQ4015,ISD_OlympicSquare_OlympicSquare4_OSQ4015,dev,,0.1.0,datasets/ISD/data/clips.csv,48eb6f74ab1b841e3a56c965c6e0902afc4e5bac950bd2ec8dea122bf0d216a4
mosaiq-benchmark-v0.1-candidate-20260716,mosaiq-benchmark,0.1.0-dev,iso_paq_regression,0.1.0,ISD,clip,ISD_OlympicSquare_OlympicSquare4_OSQ4016,ISD_OlympicSquare_OlympicSquare4_OSQ4016,dev,,0.1.0,datasets/ISD/data/clips.csv,269aaa61b04fab45400734d8b7bd0cb455597998255e9a12043f26b713b3b5ea
mosaiq-benchmark-v0.1-candidate-20260716,mosaiq-benchmark,0.1.0-dev,iso_paq_regression,0.1.0,ISD,clip,ISD_OlympicSquare_OlympicSquare4_OSQ4017,ISD_OlympicSquare_OlympicSquare4_OSQ4017,dev,,0.1.0,datasets/ISD/data/clips.csv,e42513efc5fd650070b744cd6730cc393a7fe51cb6321b267524108fa3f815a0
mosaiq-benchmark-v0.1-candidate-20260716,mosaiq-benchmark,0.1.0-dev,iso_paq_regression,0.1.0,ISD,clip,ISD_OlympicSquare_OlympicSquare4_OSQ4018,ISD_OlympicSquare_OlympicSquare4_OSQ4018,dev,,0.1.0,datasets/ISD/data/clips.csv,a977fd453f76f2032d39ea263afe7381170502fab961dc3be7a78bfe96ac3250
mosaiq-benchmark-v0.1-candidate-20260716,mosaiq-benchmark,0.1.0-dev,iso_paq_regression,0.1.0,ISD,clip,ISD_OlympicSquare_OlympicSquare4_OSQ4019,ISD_OlympicSquare_OlympicSquare4_OSQ4019,dev,,0.1.0,datasets/ISD/data/clips.csv,a30a5bf89bd57eb834c7f7b42c668d744aa042399a9cd3b1ab71be8be1ae2611
mosaiq-benchmark-v0.1-candidate-20260716,mosaiq-benchmark,0.1.0-dev,iso_paq_regression,0.1.0,ISD,clip,ISD_OlympicSquare_OlympicSquare4_OSQ4020,ISD_OlympicSquare_OlympicSquare4_OSQ4020,dev,,0.1.0,datasets/ISD/data/clips.csv,1f330c563808e39d0bf1e62c9ad763ba2007a3d412c65fd6fed6f198320a41fb
mosaiq-benchmark-v0.1-candidate-20260716,mosaiq-benchmark,0.1.0-dev,iso_paq_regression,0.1.0,ISD,clip,ISD_OlympicSquare_OlympicSquare4_OSQ4021,ISD_OlympicSquare_OlympicSquare4_OSQ4021,dev,,0.1.0,datasets/ISD/data/clips.csv,ecbf02f773492c9bf1e6767de30eb313c2c43a6087b5c45d4891f4142465e4ee
mosaiq-benchmark-v0.1-candidate-20260716,mosaiq-benchmark,0.1.0-dev,iso_paq_regression,0.1.0,ISD,clip,ISD_OlympicSquare_OlympicSquare4_OSQ4022,ISD_OlympicSquare_OlympicSquare4_OSQ4022,dev,,0.1.0,datasets/ISD/data/clips.csv,5f6bed0645175c6168f56556d6f3ebede9b53298e6b40ac1e063a4b0ca77d833
mosaiq-benchmark-v0.1-candidate-20260716,mosaiq-benchmark,0.1.0-dev,iso_paq_regression,0.1.0,ISD,clip,ISD_OlympicSquare_OlympicSquare4_OSQ4023,ISD_OlympicSquare_OlympicSquare4_OSQ4023,dev,,0.1.0,datasets/ISD/data/clips.csv,7a68256eff9b51339834c7b1af649d2c17fee0498eb7395afd78f6959dcb0554
mosaiq-benchmark-v0.1-candidate-20260716,mosaiq-benchmark,0.1.0-dev,iso_paq_regression,0.1.0,ISD,clip,ISD_OlympicSquare_OlympicSquare4_OSQ4024,ISD_OlympicSquare_OlympicSquare4_OSQ4024,dev,,0.1.0,datasets/ISD/data/clips.csv,4b99d2245460c29556feddb8cf6d4abd493eef9bedc58592d8d612ecc02fa7a7
mosaiq-benchmark-v0.1-candidate-20260716,mosaiq-benchmark,0.1.0-dev,iso_paq_regression,0.1.0,ISD,clip,ISD_OlympicSquare_OlympicSquare4_OSQ4025,ISD_OlympicSquare_OlympicSquare4_OSQ4025,dev,,0.1.0,datasets/ISD/data/clips.csv,da19052979080a7aae11601a1e37ad3dafb0a2fa8ffc33ba8fae8b2cec60fbc9
mosaiq-benchmark-v0.1-candidate-20260716,mosaiq-benchmark,0.1.0-dev,iso_paq_regression,0.1.0,ISD,clip,ISD_OlympicSquare_OlympicSquare4_OSQ4026,ISD_OlympicSquare_OlympicSquare4_OSQ4026,dev,,0.1.0,datasets/ISD/data/clips.csv,5c7571aedc6d828100323ec64ccedb0be0cb7e384d981d252e3d2cb01c1d2160
mosaiq-benchmark-v0.1-candidate-20260716,mosaiq-benchmark,0.1.0-dev,iso_paq_regression,0.1.0,ISD,clip,ISD_OlympicSquare_OlympicSquare4_OSQ4027,ISD_OlympicSquare_OlympicSquare4_OSQ4027,dev,,0.1.0,datasets/ISD/data/clips.csv,c2c9c591d40ea982a77edd0fce887480818d7948a8873cacf911bba43f220ada
mosaiq-benchmark-v0.1-candidate-20260716,mosaiq-benchmark,0.1.0-dev,iso_paq_regression,0.1.0,ISD,clip,ISD_OlympicSquare_OlympicSquare4_OSQ4028,ISD_OlympicSquare_OlympicSquare4_OSQ4028,dev,,0.1.0,datasets/ISD/data/clips.csv,a044097f5a3c682aa4dac560bf657e3a8c8c389314f93966b582e03194671038
mosaiq-benchmark-v0.1-candidate-20260716,mosaiq-benchmark,0.1.0-dev,iso_paq_regression,0.1.0,ISD,clip,ISD_OlympicSquare_OlympicSquare4_OSQ4029,ISD_OlympicSquare_OlympicSquare4_OSQ4029,dev,,0.1.0,datasets/ISD/data/clips.csv,a1be95aaadd53049eb7a84b73866b20aa7149ee69c0d6735fcf1fb7483c94e5c
mosaiq-benchmark-v0.1-candidate-20260716,mosaiq-benchmark,0.1.0-dev,iso_paq_regression,0.1.0,ISD,clip,ISD_OlympicSquare_OlympicSquare4_OSQ4030,ISD_OlympicSquare_OlympicSquare4_OSQ4030,dev,,0.1.0,datasets/ISD/data/clips.csv,32fd332f72ffe59102d7ab355f4e8cc6b1ef6dcc8571f46f85534a03028e92f9
mosaiq-benchmark-v0.1-candidate-20260716,mosaiq-benchmark,0.1.0-dev,iso_paq_regression,0.1.0,ISD,clip,ISD_OlympicSquare_OlympicSquare4_OSQ4031,ISD_OlympicSquare_OlympicSquare4_OSQ4031,dev,,0.1.0,datasets/ISD/data/clips.csv,b4029aedf2d91c8b49bf3535615584160a0427eb8489d4c8a5f4de1ddfaf35cf
mosaiq-benchmark-v0.1-candidate-20260716,mosaiq-benchmark,0.1.0-dev,iso_paq_regression,0.1.0,ISD,clip,ISD_OlympicSquare_OlympicSquare4_OSQ4032,ISD_OlympicSquare_OlympicSquare4_OSQ4032,dev,,0.1.0,datasets/ISD/data/clips.csv,597dce1d9571963280b5b881c02130833ad17c35f97f387914c411c2170d2efb
mosaiq-benchmark-v0.1-candidate-20260716,mosaiq-benchmark,0.1.0-dev,iso_paq_regression,0.1.0,ISD,clip,ISD_OlympicSquare_OlympicSquare4_OSQ4033,ISD_OlympicSquare_OlympicSquare4_OSQ4033,dev,,0.1.0,datasets/ISD/data/clips.csv,df5cd0a75c312ca04edc32280e93620f53185af3af58c236e8942f2ed806d2fa
mosaiq-benchmark-v0.1-candidate-20260716,mosaiq-benchmark,0.1.0-dev,iso_paq_regression,0.1.0,ISD,clip,ISD_OlympicSquare_OlympicSquare4_OSQ4034,ISD_OlympicSquare_OlympicSquare4_OSQ4034,dev,,0.1.0,datasets/ISD/data/clips.csv,fcedb30b6b07b8f523307548cb90bbf3c46b6f680c15677885bdbdf001a86550
mosaiq-benchmark-v0.1-candidate-20260716,mosaiq-benchmark,0.1.0-dev,iso_paq_regression,0.1.0,ISD,clip,ISD_OlympicSquare_OlympicSquare4_OSQ4035,ISD_OlympicSquare_OlympicSquare4_OSQ4035,dev,,0.1.0,datasets/ISD/data/clips.csv,7ac5332989d21a4602e16122688769948bf61c6fbbfc3086c56bff3310b9d30e
mosaiq-benchmark-v0.1-candidate-20260716,mosaiq-benchmark,0.1.0-dev,iso_paq_regression,0.1.0,ISD,clip,ISD_OlympicSquare_OlympicSquare4_OSQ4036,ISD_OlympicSquare_OlympicSquare4_OSQ4036,dev,,0.1.0,datasets/ISD/data/clips.csv,8594a75719126678ed411d949af96b0bc48c4323095a22f05c47b781b21b4322
mosaiq-benchmark-v0.1-candidate-20260716,mosaiq-benchmark,0.1.0-dev,iso_paq_regression,0.1.0,ISD,clip,ISD_OlympicSquare_OlympicSquare4_OSQ4037,ISD_OlympicSquare_OlympicSquare4_OSQ4037,dev,,0.1.0,datasets/ISD/data/clips.csv,aca239f901f85e7827bf2e6fae39decf93d3d7bb56190cc7c97782654fa3ece4
mosaiq-benchmark-v0.1-candidate-20260716,mosaiq-benchmark,0.1.0-dev,iso_paq_regression,0.1.0,ISD,clip,ISD_OlympicSquare_OlympicSquare4_OSQ4038,ISD_OlympicSquare_OlympicSquare4_OSQ4038,dev,,0.1.0,datasets/ISD/data/clips.csv,40c2babcf33839be15b0813c3d495aedb314e9925e1829f1b375873ce9c2ee35
mosaiq-benchmark-v0.1-candidate-20260716,mosaiq-benchmark,0.1.0-dev,iso_paq_regression,0.1.0,ISD,clip,ISD_OlympicSquare_OlympicSquare4_OSQ4039,ISD_OlympicSquare_OlympicSquare4_OSQ4039,dev,,0.1.0,datasets/ISD/data/clips.csv,ce9934e79f86995bd67e7511599592b659c4959dfca49a2d032cd926c19d9eec
mosaiq-benchmark-v0.1-candidate-20260716,mosaiq-benchmark,0.1.0-dev,iso_paq_regression,0.1.0,ISD,clip,ISD_OlympicSquare_OlympicSquare4_OSQ4040,ISD_OlympicSquare_OlympicSquare4_OSQ4040,dev,,0.1.0,datasets/ISD/data/clips.csv,fef8f804b09914e663f20c097571b4521ea185137bb191583d951fc8e552731b
mosaiq-benchmark-v0.1-candidate-20260716,mosaiq-benchmark,0.1.0-dev,iso_paq_regression,0.1.0,ISD,clip,ISD_OlympicSquare_OlympicSquare4_OSQ4041,ISD_OlympicSquare_OlympicSquare4_OSQ4041,dev,,0.1.0,datasets/ISD/data/clips.csv,046667864eb2e1892ce3c47903487984443b4b0209a54949e7a24f8c72f8e476
mosaiq-benchmark-v0.1-candidate-20260716,mosaiq-benchmark,0.1.0-dev,iso_paq_regression,0.1.0,ISD,clip,ISD_OlympicSquare_OlympicSquare4_OSQ4042,ISD_OlympicSquare_OlympicSquare4_OSQ4042,dev,,0.1.0,datasets/ISD/data/clips.csv,593bbbdff35b39f6fd78378b20617d36653c179ccacb736a9506cfad4dec54f2
mosaiq-benchmark-v0.1-candidate-20260716,mosaiq-benchmark,0.1.0-dev,iso_paq_regression,0.1.0,ISD,clip,ISD_OlympicSquare_OlympicSquare4_OSQ4043,ISD_OlympicSquare_OlympicSquare4_OSQ4043,dev,,0.1.0,datasets/ISD/data/clips.csv,8c4060bbc66c2d33627623a5bee1b656f686cbc855d7e5f8a57ffc567d816d04
mosaiq-benchmark-v0.1-candidate-20260716,mosaiq-benchmark,0.1.0-dev,iso_paq_regression,0.1.0,ISD,clip,ISD_OlympicSquare_OlympicSquare4_OSQ4044,ISD_OlympicSquare_OlympicSquare4_OSQ4044,dev,,0.1.0,datasets/ISD/data/clips.csv,fd8ec9fd2130ec8e68b8ba87a6719d5d96e570040bcda0538d894d2b2cacd44c
mosaiq-benchmark-v0.1-candidate-20260716,mosaiq-benchmark,0.1.0-dev,iso_paq_regression,0.1.0,ISD,clip,ISD_OlympicSquare_OlympicSquare4_OSQ4045,ISD_OlympicSquare_OlympicSquare4_OSQ4045,dev,,0.1.0,datasets/ISD/data/clips.csv,f58fb818341b3ab6e13c4b082365849cf0bd136a362a7464a1fef11c9890909e
mosaiq-benchmark-v0.1-candidate-20260716,mosaiq-benchmark,0.1.0-dev,iso_paq_regression,0.1.0,ISD,clip,ISD_OlympicSquare_OlympicSquare4_OSQ4046,ISD_OlympicSquare_OlympicSquare4_OSQ4046,dev,,0.1.0,datasets/ISD/data/clips.csv,a389782567b15e28d7c0f84c67d30b506a2e93fbd74ae8f5eef651da735950cb
mosaiq-benchmark-v0.1-candidate-20260716,mosaiq-benchmark,0.1.0-dev,iso_paq_regression,0.1.0,ISD,clip,ISD_OlympicSquare_OlympicSquare4_OSQ4047,ISD_OlympicSquare_OlympicSquare4_OSQ4047,dev,,0.1.0,datasets/ISD/data/clips.csv,8afcb859ec657713953d2ea6fea91399b36122a919d3266d315b5a411629a042
mosaiq-benchmark-v0.1-candidate-20260716,mosaiq-benchmark,0.1.0-dev,iso_paq_regression,0.1.0,ISD,clip,ISD_OlympicSquare_OlympicSquare4_OSQ4048,ISD_OlympicSquare_OlympicSquare4_OSQ4048,dev,,0.1.0,datasets/ISD/data/clips.csv,484bc96d68e92a2a3c3fc020bdeef25e28a377ddf15f81450357761e48facde8
mosaiq-benchmark-v0.1-candidate-20260716,mosaiq-benchmark,0.1.0-dev,iso_paq_regression,0.1.0,ISD,clip,ISD_OlympicSquare_OlympicSquare4_OSQ4049,ISD_OlympicSquare_OlympicSquare4_OSQ4049,dev,,0.1.0,datasets/ISD/data/clips.csv,7a4cfed16f35191e38a9ac85fc3f7fb3eb23e96b6af54fe6c5c370cab4f8e941
mosaiq-benchmark-v0.1-candidate-20260716,mosaiq-benchmark,0.1.0-dev,iso_paq_regression,0.1.0,ISD,clip,ISD_OlympicSquare_OlympicSquare4_OSQ4050,ISD_OlympicSquare_OlympicSquare4_OSQ4050,dev,,0.1.0,datasets/ISD/data/clips.csv,dd8f52d2467da3ad4ca9bf27ce600a2f31d0c6426a4d09c74e43606d61d60e06
mosaiq-benchmark-v0.1-candidate-20260716,mosaiq-benchmark,0.1.0-dev,iso_paq_regression,0.1.0,ISD,clip,ISD_OlympicSquare_OlympicSquare4_OSQ4051,ISD_OlympicSquare_OlympicSquare4_OSQ4051,dev,,0.1.0,datasets/ISD/data/clips.csv,baa27dbdacb46ab0e0e5f8435017f9a7de7c353fec84d2fbc80d094dc184828b
mosaiq-benchmark-v0.1-candidate-20260716,mosaiq-benchmark,0.1.0-dev,iso_paq_regression,0.1.0,ISD,clip,ISD_OlympicSquare_OlympicSquare4_OSQ4052,ISD_OlympicSquare_OlympicSquare4_OSQ4052,dev,,0.1.0,datasets/ISD/data/clips.csv,a0c7b3454031d6860cf2d52a45a715bc7ba29adefdc1691c64737fea0c6146d0
mosaiq-benchmark-v0.1-candidate-20260716,mosaiq-benchmark,0.1.0-dev,iso_paq_regression,0.1.0,ISD,clip,ISD_OlympicSquare_OlympicSquare4_OSQ4053,ISD_OlympicSquare_OlympicSquare4_OSQ4053,dev,,0.1.0,datasets/ISD/data/clips.csv,06fd5a919b3a8efdec4239cf5d2dd1243ab00c9bd0dc743ea7fbd554f0e6fb5f
mosaiq-benchmark-v0.1-candidate-20260716,mosaiq-benchmark,0.1.0-dev,iso_paq_regression,0.1.0,ISD,clip,ISD_OlympicSquare_OlympicSquare4_OSQ4054,ISD_OlympicSquare_OlympicSquare4_OSQ4054,dev,,0.1.0,datasets/ISD/data/clips.csv,058c6f32dcf06200ebc99a6eb53a7112ec1e479d4a8a382a83e0c7049864a356
mosaiq-benchmark-v0.1-candidate-20260716,mosaiq-benchmark,0.1.0-dev,iso_paq_regression,0.1.0,ISD,clip,ISD_OlympicSquare_OlympicSquare4_OSQ4055,ISD_OlympicSquare_OlympicSquare4_OSQ4055,dev,,0.1.0,datasets/ISD/data/clips.csv,8bf3794d2d4c6389628a8f64a3141e2bfea4aab41f6e303596d81e9fe16fc054
mosaiq-benchmark-v0.1-candidate-20260716,mosaiq-benchmark,0.1.0-dev,iso_paq_regression,0.1.0,ISD,clip,ISD_OlympicSquare_OlympicSquare4_OSQ4056,ISD_OlympicSquare_OlympicSquare4_OSQ4056,dev,,0.1.0,datasets/ISD/data/clips.csv,ce1e848047e04dc2f33f255d775fb4679aae4d48dd71172e333908826370ab08
mosaiq-benchmark-v0.1-candidate-20260716,mosaiq-benchmark,0.1.0-dev,iso_paq_regression,0.1.0,ISD,clip,ISD_OlympicSquare_OlympicSquare4_OSQ4057,ISD_OlympicSquare_OlympicSquare4_OSQ4057,dev,,0.1.0,datasets/ISD/data/clips.csv,2c3bc786102e7d0693319430e9da810afe37d57be25b413599183b75d047c929
mosaiq-benchmark-v0.1-candidate-20260716,mosaiq-benchmark,0.1.0-dev,iso_paq_regression,0.1.0,ISD,clip,ISD_OlympicSquare_OlympicSquare4_OSQ4058,ISD_OlympicSquare_OlympicSquare4_OSQ4058,dev,,0.1.0,datasets/ISD/data/clips.csv,bdae914fccb70ab998b6cd38a10e854e6fbf90efe35d4d711dd284be814b2768
mosaiq-benchmark-v0.1-candidate-20260716,mosaiq-benchmark,0.1.0-dev,iso_paq_regression,0.1.0,ISD,clip,ISD_OlympicSquare_OlympicSquare4_OSQ4059,ISD_OlympicSquare_OlympicSquare4_OSQ4059,dev,,0.1.0,datasets/ISD/data/clips.csv,916b1101c2ed061fecb088f6064a28da07eda14fb234c736a5f0fc73391dc5a6
mosaiq-benchmark-v0.1-candidate-20260716,mosaiq-benchmark,0.1.0-dev,iso_paq_regression,0.1.0,ISD,clip,ISD_OlympicSquare_OlympicSquare4_OSQ4060,ISD_OlympicSquare_OlympicSquare4_OSQ4060,dev,,0.1.0,datasets/ISD/data/clips.csv,bafe6c902caea48ad668e32f70bd8ab9f749b20259942937e6c7cef1fd6289a9
mosaiq-benchmark-v0.1-candidate-20260716,mosaiq-benchmark,0.1.0-dev,iso_paq_regression,0.1.0,ISD,clip,ISD_OlympicSquare_OlympicSquare4_OSQ4061,ISD_OlympicSquare_OlympicSquare4_OSQ4061,dev,,0.1.0,datasets/ISD/data/clips.csv,683f688b8cbcdf6b9d5d048f97c8218a0b54779cabb07b2791275e7b043f0b68
mosaiq-benchmark-v0.1-candidate-20260716,mosaiq-benchmark,0.1.0-dev,iso_paq_regression,0.1.0,ISD,clip,ISD_OlympicSquare_OlympicSquare4_OSQ4062,ISD_OlympicSquare_OlympicSquare4_OSQ4062,dev,,0.1.0,datasets/ISD/data/clips.csv,f88d7d4b73ccff3f8de10878992a1777016267ab2825cc4b6a3398ce32757e86
mosaiq-benchmark-v0.1-candidate-20260716,mosaiq-benchmark,0.1.0-dev,iso_paq_regression,0.1.0,ISD,clip,ISD_OlympicSquare_OlympicSquare4_OSQ4063,ISD_OlympicSquare_OlympicSquare4_OSQ4063,dev,,0.1.0,datasets/ISD/data/clips.csv,9903a9fb6fa87b87cd5c7c9d891b06ccc2f1c930010f8c9fe2fd5dc3143f5e98
mosaiq-benchmark-v0.1-candidate-20260716,mosaiq-benchmark,0.1.0-dev,iso_paq_regression,0.1.0,ISD,clip,ISD_OlympicSquare_OlympicSquare4_OSQ4064,ISD_OlympicSquare_OlympicSquare4_OSQ4064,dev,,0.1.0,datasets/ISD/data/clips.csv,e4b5d4b443d5bc70f813e1b1321b83cbc0a7272e7dd761314eb8c3950180a780
mosaiq-benchmark-v0.1-candidate-20260716,mosaiq-benchmark,0.1.0-dev,iso_paq_regression,0.1.0,ISD,clip,ISD_OlympicSquare_OlympicSquare4_OSQ4065,ISD_OlympicSquare_OlympicSquare4_OSQ4065,dev,,0.1.0,datasets/ISD/data/clips.csv,449b6ca5815f87bf7512fb706869393b61fe65749cd4eaf5641879f1b32e344b
mosaiq-benchmark-v0.1-candidate-20260716,mosaiq-benchmark,0.1.0-dev,iso_paq_regression,0.1.0,ISD,clip,ISD_OlympicSquare_OlympicSquare4_OSQ4066,ISD_OlympicSquare_OlympicSquare4_OSQ4066,dev,,0.1.0,datasets/ISD/data/clips.csv,082e3c8e3cb2b20655c4f38751da387f248237a8b7f99f85b4afa6556083aae1
mosaiq-benchmark-v0.1-candidate-20260716,mosaiq-benchmark,0.1.0-dev,iso_paq_regression,0.1.0,ISD,clip,ISD_OlympicSquare_OlympicSquare4_OSQ4067,ISD_OlympicSquare_OlympicSquare4_OSQ4067,dev,,0.1.0,datasets/ISD/data/clips.csv,7fa51d7be17aaad95518092a4a3ccf09072b7486d0213bb472977b4afbcc3e78
mosaiq-benchmark-v0.1-candidate-20260716,mosaiq-benchmark,0.1.0-dev,iso_paq_regression,0.1.0,ISD,clip,ISD_OlympicSquare_OlympicSquare4_OSQ4068,ISD_OlympicSquare_OlympicSquare4_OSQ4068,dev,,0.1.0,datasets/ISD/data/clips.csv,f009e494be7d8ccc859b85a8929f4d03613a8da399d3c8f33bd481c478985519
mosaiq-benchmark-v0.1-candidate-20260716,mosaiq-benchmark,0.1.0-dev,iso_paq_regression,0.1.0,ISD,clip,ISD_OlympicSquare_OlympicSquare4_OSQ4069,ISD_OlympicSquare_OlympicSquare4_OSQ4069,dev,,0.1.0,datasets/ISD/data/clips.csv,935606bcae2b9415c92e095bf2f3ba7b478f4768dfec93db9d90f1fea001a1d0
mosaiq-benchmark-v0.1-candidate-20260716,mosaiq-benchmark,0.1.0-dev,iso_paq_regression,0.1.0,ISD,clip,ISD_OlympicSquare_OlympicSquare4_OSQ4070,ISD_OlympicSquare_OlympicSquare4_OSQ4070,dev,,0.1.0,datasets/ISD/data/clips.csv,4c46172b4bdf9bedd23f05f8c030b8cc418026972f3502a4c05d7572609b8723
mosaiq-benchmark-v0.1-candidate-20260716,mosaiq-benchmark,0.1.0-dev,iso_paq_regression,0.1.0,ISD,clip,ISD_OlympicSquare_OlympicSquare4_OSQ4071,ISD_OlympicSquare_OlympicSquare4_OSQ4071,dev,,0.1.0,datasets/ISD/data/clips.csv,efe04399f34ac8f192c145ecb677f1a786d64a3d5e29cba7fdc3dd8cbacea38f
mosaiq-benchmark-v0.1-candidate-20260716,mosaiq-benchmark,0.1.0-dev,iso_paq_regression,0.1.0,ISD,clip,ISD_OlympicSquare_OlympicSquare4_OSQ4072,ISD_OlympicSquare_OlympicSquare4_OSQ4072,dev,,0.1.0,datasets/ISD/data/clips.csv,06b00e7e73030d6c77416ee008379eb5ec0c918e7138046c7f46e8d769526b1e
mosaiq-benchmark-v0.1-candidate-20260716,mosaiq-benchmark,0.1.0-dev,iso_paq_regression,0.1.0,ISD,clip,ISD_OlympicSquare_OlympicSquare4_OSQ4073,ISD_OlympicSquare_OlympicSquare4_OSQ4073,dev,,0.1.0,datasets/ISD/data/clips.csv,a5a1c7c287b85e024cc46c30e4a08828b35ef3046654c8600958d1102f9f9523
mosaiq-benchmark-v0.1-candidate-20260716,mosaiq-benchmark,0.1.0-dev,iso_paq_regression,0.1.0,ISD,clip,ISD_OlympicSquare_OlympicSquare4_OSQ4074,ISD_OlympicSquare_OlympicSquare4_OSQ4074,dev,,0.1.0,datasets/ISD/data/clips.csv,a5eecefc46699f37e56303d2bfcbc57ec0eef2bf437686b78de96d2fef65b1b3
mosaiq-benchmark-v0.1-candidate-20260716,mosaiq-benchmark,0.1.0-dev,iso_paq_regression,0.1.0,ISD,clip,ISD_OlympicSquare_OlympicSquare4_OSQ4075,ISD_OlympicSquare_OlympicSquare4_OSQ4075,dev,,0.1.0,datasets/ISD/data/clips.csv,6c96f39c6419be09cadddd8bfb4a75620726854d10b7194e10c429f95b1ad028
mosaiq-benchmark-v0.1-candidate-20260716,mosaiq-benchmark,0.1.0-dev,iso_paq_regression,0.1.0,ISD,clip,ISD_OlympicSquare_OlympicSquare4_OSQ4076,ISD_OlympicSquare_OlympicSquare4_OSQ4076,dev,,0.1.0,datasets/ISD/data/clips.csv,f460b4437ae60149f2d17eefee88fe6b5d9d35f99acd284f097c312118518fc5
mosaiq-benchmark-v0.1-candidate-20260716,mosaiq-benchmark,0.1.0-dev,iso_paq_regression,0.1.0,ISD,clip,ISD_OlympicSquare_OlympicSquare4_OSQ4077,ISD_OlympicSquare_OlympicSquare4_OSQ4077,dev,,0.1.0,datasets/ISD/data/clips.csv,5f34956e8da494461c65651b28ac36ac58ebcb2de22ae0c1d8cfb23804838de2
mosaiq-benchmark-v0.1-candidate-20260716,mosaiq-benchmark,0.1.0-dev,iso_paq_regression,0.1.0,ISD,clip,ISD_OlympicSquare_OlympicSquare4_OSQ4078,ISD_OlympicSquare_OlympicSquare4_OSQ4078,dev,,0.1.0,datasets/ISD/data/clips.csv,a4402c93f4f815f46dafebbd21bd4419f6f06d0966a677b4ac6d73e1f5b0bb93
mosaiq-benchmark-v0.1-candidate-20260716,mosaiq-benchmark,0.1.0-dev,iso_paq_regression,0.1.0,ISD,clip,ISD_OlympicSquare_OlympicSquare4_OSQ4079,ISD_OlympicSquare_OlympicSquare4_OSQ4079,dev,,0.1.0,datasets/ISD/data/clips.csv,03e688cca11ffec409f7b10be161db269d66341107ea4739d9c2625b4a2b8af8
mosaiq-benchmark-v0.1-candidate-20260716,mosaiq-benchmark,0.1.0-dev,iso_paq_regression,0.1.0,ISD,clip,ISD_OlympicSquare_OlympicSquare4_OSQ4080,ISD_OlympicSquare_OlympicSquare4_OSQ4080,dev,,0.1.0,datasets/ISD/data/clips.csv,adbfbf3c2d893a263bc3b276e8e4924e22f1a67f42a8d605e93b079f99d084e8
mosaiq-benchmark-v0.1-candidate-20260716,mosaiq-benchmark,0.1.0-dev,iso_paq_regression,0.1.0,ISD,clip,ISD_OlympicSquare_OlympicSquare4_OSQ4081,ISD_OlympicSquare_OlympicSquare4_OSQ4081,dev,,0.1.0,datasets/ISD/data/clips.csv,f2a49ae36aca739b6ef3916aa0dab5765e326ab6cc88c2bf7ff2f749c412fac8
mosaiq-benchmark-v0.1-candidate-20260716,mosaiq-benchmark,0.1.0-dev,iso_paq_regression,0.1.0,ISD,clip,ISD_OlympicSquare_OlympicSquare4_OSQ4082,ISD_OlympicSquare_OlympicSquare4_OSQ4082,dev,,0.1.0,datasets/ISD/data/clips.csv,c389a0d5e62c9a11913e5d238c2ce833ddd7817a7c272ed376db0d69fa45a99a
mosaiq-benchmark-v0.1-candidate-20260716,mosaiq-benchmark,0.1.0-dev,iso_paq_regression,0.1.0,ISD,clip,ISD_OlympicSquare_OlympicSquare4_OSQ4083,ISD_OlympicSquare_OlympicSquare4_OSQ4083,dev,,0.1.0,datasets/ISD/data/clips.csv,01892103717a6eaa528c7d011965fa36fe9b4ef2f261a366c845d0fca45a422b
mosaiq-benchmark-v0.1-candidate-20260716,mosaiq-benchmark,0.1.0-dev,iso_paq_regression,0.1.0,ISD,clip,ISD_OlympicSquare_OlympicSquare4_OSQ4084,ISD_OlympicSquare_OlympicSquare4_OSQ4084,dev,,0.1.0,datasets/ISD/data/clips.csv,b83443b41a9a867a119bd6294cf0407ce37fd555a51d886dd708ccbfb40142f2
mosaiq-benchmark-v0.1-candidate-20260716,mosaiq-benchmark,0.1.0-dev,iso_paq_regression,0.1.0,ISD,clip,ISD_OlympicSquare_OlympicSquare4_OSQ4085,ISD_OlympicSquare_OlympicSquare4_OSQ4085,dev,,0.1.0,datasets/ISD/data/clips.csv,eff4aa637ff9b348f69e959c2adecb4c299e3ad6be8da51a3393bf442c2c997b
mosaiq-benchmark-v0.1-candidate-20260716,mosaiq-benchmark,0.1.0-dev,iso_paq_regression,0.1.0,ISD,clip,ISD_OlympicSquare_OlympicSquare4_OSQ4086,ISD_OlympicSquare_OlympicSquare4_OSQ4086,dev,,0.1.0,datasets/ISD/data/clips.csv,fb4034d40fa009ff19774830c30c0e600ca2383a33fdbf72d6c8f07c213af57d
mosaiq-benchmark-v0.1-candidate-20260716,mosaiq-benchmark,0.1.0-dev,iso_paq_regression,0.1.0,ISD,clip,ISD_OlympicSquare_OlympicSquare4_OSQ4087,ISD_OlympicSquare_OlympicSquare4_OSQ4087,dev,,0.1.0,datasets/ISD/data/clips.csv,d20de080479121886cf1b2ddcee20e7b0b984b9d15ef7c4210fd47689ebbd76f
mosaiq-benchmark-v0.1-candidate-20260716,mosaiq-benchmark,0.1.0-dev,iso_paq_regression,0.1.0,ISD,clip,ISD_OlympicSquare_OlympicSquare4_OSQ4088,ISD_OlympicSquare_OlympicSquare4_OSQ4088,dev,,0.1.0,datasets/ISD/data/clips.csv,96be8339f801fd9f3573b06722bddb0f25c2b5092d6dd2b9b06bd723b557da5e
mosaiq-benchmark-v0.1-candidate-20260716,mosaiq-benchmark,0.1.0-dev,iso_paq_regression,0.1.0,ISD,clip,ISD_OlympicSquare_OlympicSquare4_OSQ4089,ISD_OlympicSquare_OlympicSquare4_OSQ4089,dev,,0.1.0,datasets/ISD/data/clips.csv,11c56ba296734631002d2d6b96bc20c8e3074e3d7713e93c38aa63a35882bb64
mosaiq-benchmark-v0.1-candidate-20260716,mosaiq-benchmark,0.1.0-dev,iso_paq_regression,0.1.0,ISD,clip,ISD_OlympicSquare_OlympicSquare4_OSQ4090,ISD_OlympicSquare_OlympicSquare4_OSQ4090,dev,,0.1.0,datasets/ISD/data/clips.csv,2755eb78a3b043415d100112a706ea47d8ea0cf353d126c017adb9dae26ecedf
mosaiq-benchmark-v0.1-candidate-20260716,mosaiq-benchmark,0.1.0-dev,iso_paq_regression,0.1.0,ISD,clip,ISD_OlympicSquare_OlympicSquare4_OSQ4091,ISD_OlympicSquare_OlympicSquare4_OSQ4091,dev,,0.1.0,datasets/ISD/data/clips.csv,dd62af1e8e5762ba581a0c0149ccaed98c0ec49c497c2ba4776542869d776041
mosaiq-benchmark-v0.1-candidate-20260716,mosaiq-benchmark,0.1.0-dev,iso_paq_regression,0.1.0,ISD,clip,ISD_OlympicSquare_OlympicSquare4_OSQ4092,ISD_OlympicSquare_OlympicSquare4_OSQ4092,dev,,0.1.0,datasets/ISD/data/clips.csv,ad83a7b2037b97da47415eb6452faa0338c92e42b6262b2eb99b2a1e5fb88f39
mosaiq-benchmark-v0.1-candidate-20260716,mosaiq-benchmark,0.1.0-dev,iso_paq_regression,0.1.0,ISD,clip,ISD_OlympicSquare_OlympicSquare4_OSQ4093,ISD_OlympicSquare_OlympicSquare4_OSQ4093,dev,,0.1.0,datasets/ISD/data/clips.csv,1a91d7666b16dacf4cb77ffeb4595b5b2be946439daa517af9f3780838948b0a
mosaiq-benchmark-v0.1-candidate-20260716,mosaiq-benchmark,0.1.0-dev,iso_paq_regression,0.1.0,ISD,clip,ISD_OlympicSquare_OlympicSquare4_OSQ4094,ISD_OlympicSquare_OlympicSquare4_OSQ4094,dev,,0.1.0,datasets/ISD/data/clips.csv,0181b2af599e9142ced259d22c94008fb6e38b74aacbd0e18b131e44aabfa4d3
mosaiq-benchmark-v0.1-candidate-20260716,mosaiq-benchmark,0.1.0-dev,iso_paq_regression,0.1.0,ISD,clip,ISD_OlympicSquare_OlympicSquare4_OSQ4095,ISD_OlympicSquare_OlympicSquare4_OSQ4095,dev,,0.1.0,datasets/ISD/data/clips.csv,a1659c99dba0fee694d7787208672d539261102d9dcfe123351ef3d51024668e
mosaiq-benchmark-v0.1-candidate-20260716,mosaiq-benchmark,0.1.0-dev,iso_paq_regression,0.1.0,ISD,clip,ISD_OlympicSquare_OlympicSquare4_OSQ4096,ISD_OlympicSquare_OlympicSquare4_OSQ4096,dev,,0.1.0,datasets/ISD/data/clips.csv,01104ea0a37a558abe896c3c34b8c38c3d1639e00a48f4264a2b850f7dbf64e1
mosaiq-benchmark-v0.1-candidate-20260716,mosaiq-benchmark,0.1.0-dev,iso_paq_regression,0.1.0,ISD,clip,ISD_OlympicSquare_OlympicSquare4_OSQ4097,ISD_OlympicSquare_OlympicSquare4_OSQ4097,dev,,0.1.0,datasets/ISD/data/clips.csv,64e229b3faba934b6b0ea723452479b944369997677affd661790e4a41b53bac
mosaiq-benchmark-v0.1-candidate-20260716,mosaiq-benchmark,0.1.0-dev,iso_paq_regression,0.1.0,ISD,clip,ISD_OlympicSquare_OlympicSquare4_OSQ4098,ISD_OlympicSquare_OlympicSquare4_OSQ4098,dev,,0.1.0,datasets/ISD/data/clips.csv,8226f905d61337f0f5f77dc6ebbd6285bf7bb70f7bd8f343d6bdfb3cee72a312
mosaiq-benchmark-v0.1-candidate-20260716,mosaiq-benchmark,0.1.0-dev,iso_paq_regression,0.1.0,ISD,clip,ISD_OlympicSquare_OlympicSquare4_OSQ4099,ISD_OlympicSquare_OlympicSquare4_OSQ4099,dev,,0.1.0,datasets/ISD/data/clips.csv,30b1a94e9611237cc42bdef4148d547fa1b91651ab5da6021dd677b3e2f76c27
mosaiq-benchmark-v0.1-candidate-20260716,mosaiq-benchmark,0.1.0-dev,iso_paq_regression,0.1.0,ISD,clip,ISD_OlympicSquare_OlympicSquare4_OSQ4100,ISD_OlympicSquare_OlympicSquare4_OSQ4100,dev,,0.1.0,datasets/ISD/data/clips.csv,9ab90f11f599aff0aebf69990b08704ffeefd6f089c649e536d8016e499f6bca
mosaiq-benchmark-v0.1-candidate-20260716,mosaiq-benchmark,0.1.0-dev,iso_paq_regression,0.1.0,ISD,clip,ISD_OlympicSquare_OlympicSquare4_OSQ4101,ISD_OlympicSquare_OlympicSquare4_OSQ4101,dev,,0.1.0,datasets/ISD/data/clips.csv,0b4e4a17cf95686002f44c563a23acedf88d1bf044677445d02e983925e6e67a
mosaiq-benchmark-v0.1-candidate-20260716,mosaiq-benchmark,0.1.0-dev,iso_paq_regression,0.1.0,ISD,clip,ISD_OlympicSquare_OlympicSquare4_OSQ4102,ISD_OlympicSquare_OlympicSquare4_OSQ4102,dev,,0.1.0,datasets/ISD/data/clips.csv,9b17490177cb338d89f9fb4b7cb3dcac3d60929c39e6ff415af8a921ddc78c74
mosaiq-benchmark-v0.1-candidate-20260716,mosaiq-benchmark,0.1.0-dev,iso_paq_regression,0.1.0,ISD,clip,ISD_OlympicSquare_OlympicSquare4_OSQ4103,ISD_OlympicSquare_OlympicSquare4_OSQ4103,dev,,0.1.0,datasets/ISD/data/clips.csv,a0ccaefdabe083289381431ab04ae9253d370282439e6c49d9361b0c3cb2a8ba
mosaiq-benchmark-v0.1-candidate-20260716,mosaiq-benchmark,0.1.0-dev,iso_paq_regression,0.1.0,ISD,clip,ISD_OlympicSquare_OlympicSquare4_OSQ4104,ISD_OlympicSquare_OlympicSquare4_OSQ4104,dev,,0.1.0,datasets/ISD/data/clips.csv,8a612ad5e74b4832490f0e4ce95fcdcfebf271bb8a276c557173185731323d62
mosaiq-benchmark-v0.1-candidate-20260716,mosaiq-benchmark,0.1.0-dev,iso_paq_regression,0.1.0,ISD,clip,ISD_OlympicSquare_OlympicSquare4_OSQ4105,ISD_OlympicSquare_OlympicSquare4_OSQ4105,dev,,0.1.0,datasets/ISD/data/clips.csv,066406c287db53396bbbcb7745a7c46e1190e6e147222b43dcbed4239b02ddcd
mosaiq-benchmark-v0.1-candidate-20260716,mosaiq-benchmark,0.1.0-dev,iso_paq_regression,0.1.0,ISD,clip,ISD_OlympicSquare_OlympicSquare4_OSQ4106,ISD_OlympicSquare_OlympicSquare4_OSQ4106,dev,,0.1.0,datasets/ISD/data/clips.csv,2d751523107faf9699dea4fab1392aa8f7a72cef4ab2d53adfca9f8d1eca1281
mosaiq-benchmark-v0.1-candidate-20260716,mosaiq-benchmark,0.1.0-dev,iso_paq_regression,0.1.0,ISD,clip,ISD_OlympicSquare_OlympicSquare4_OSQ4107,ISD_OlympicSquare_OlympicSquare4_OSQ4107,dev,,0.1.0,datasets/ISD/data/clips.csv,8eb6900009f0c13dec4c90c53d4c59217d98f2eb71428bd462d97d446b845495
mosaiq-benchmark-v0.1-candidate-20260716,mosaiq-benchmark,0.1.0-dev,iso_paq_regression,0.1.0,ISD,clip,ISD_OlympicSquare_OlympicSquare4_OSQ4108,ISD_OlympicSquare_OlympicSquare4_OSQ4108,dev,,0.1.0,datasets/ISD/data/clips.csv,60ba6a606733fab657bfdebf63c04bcb8b7e1dbc87e5665e87deea3ba72ef190
mosaiq-benchmark-v0.1-candidate-20260716,mosaiq-benchmark,0.1.0-dev,iso_paq_regression,0.1.0,ISD,clip,ISD_OlympicSquare_OlympicSquare4_OSQ4109,ISD_OlympicSquare_OlympicSquare4_OSQ4109,dev,,0.1.0,datasets/ISD/data/clips.csv,da1ade70d1537c2780ca8ea8ffed21249d48d019a06118c43a32910cad9a5206
mosaiq-benchmark-v0.1-candidate-20260716,mosaiq-benchmark,0.1.0-dev,iso_paq_regression,0.1.0,ISD,clip,ISD_OlympicSquare_OlympicSquare4_OSQ4110,ISD_OlympicSquare_OlympicSquare4_OSQ4110,dev,,0.1.0,datasets/ISD/data/clips.csv,450aa2312ce199d4ae782e8d520f9f3ad4aa9dfd7e644333db7b2ace407c77c8
mosaiq-benchmark-v0.1-candidate-20260716,mosaiq-benchmark,0.1.0-dev,iso_paq_regression,0.1.0,ISD,clip,ISD_OlympicSquare_OlympicSquare4_OSQ4111,ISD_OlympicSquare_OlympicSquare4_OSQ4111,dev,,0.1.0,datasets/ISD/data/clips.csv,028cae27984d527d0380fce201c49aed92f5fdb514da700252a2d961ce437b73
mosaiq-benchmark-v0.1-candidate-20260716,mosaiq-benchmark,0.1.0-dev,iso_paq_regression,0.1.0,ISD,clip,ISD_OlympicSquare_OlympicSquare4_OSQ4112,ISD_OlympicSquare_OlympicSquare4_OSQ4112,dev,,0.1.0,datasets/ISD/data/clips.csv,d7b4941409a37bdaae484909a0c0d7acabf205f96c7c281e9bf8f3ca1e4e546c
mosaiq-benchmark-v0.1-candidate-20260716,mosaiq-benchmark,0.1.0-dev,iso_paq_regression,0.1.0,ISD,clip,ISD_OlympicSquare_OlympicSquare4_OSQ4113,ISD_OlympicSquare_OlympicSquare4_OSQ4113,dev,,0.1.0,datasets/ISD/data/clips.csv,2475c7264d0dab93dc0faa5907b559bed934eb893abac2905df84f173037f7fe
mosaiq-benchmark-v0.1-candidate-20260716,mosaiq-benchmark,0.1.0-dev,iso_paq_regression,0.1.0,ISD,clip,ISD_OlympicSquare_OlympicSquare4_OSQ4114,ISD_OlympicSquare_OlympicSquare4_OSQ4114,dev,,0.1.0,datasets/ISD/data/clips.csv,0790c5cd508cef93a57a1081edbe451f1af18bce81decacd3cdee98b2e48c334
mosaiq-benchmark-v0.1-candidate-20260716,mosaiq-benchmark,0.1.0-dev,iso_paq_regression,0.1.0,ISD,clip,ISD_PancrasLock_PancrasLock1_PL101,ISD_PancrasLock_PancrasLock1_PL101,dev,,0.1.0,datasets/ISD/data/clips.csv,e489aafbb30adc3d7472704a9fc7b964650d55f17eee84c4a05f2ae1565cdd3c
mosaiq-benchmark-v0.1-candidate-20260716,mosaiq-benchmark,0.1.0-dev,iso_paq_regression,0.1.0,ISD,clip,ISD_PancrasLock_PancrasLock1_PL102,ISD_PancrasLock_PancrasLock1_PL102,dev,,0.1.0,datasets/ISD/data/clips.csv,4948a397562748c45519149a836c9203e6f459f3454855ffac108236a0724090
mosaiq-benchmark-v0.1-candidate-20260716,mosaiq-benchmark,0.1.0-dev,iso_paq_regression,0.1.0,ISD,clip,ISD_PancrasLock_PancrasLock1_PL103,ISD_PancrasLock_PancrasLock1_PL103,dev,,0.1.0,datasets/ISD/data/clips.csv,ac82c600204c852af490041be477559746f9e5d29f0173d145884c7cec371a71
mosaiq-benchmark-v0.1-candidate-20260716,mosaiq-benchmark,0.1.0-dev,iso_paq_regression,0.1.0,ISD,clip,ISD_PancrasLock_PancrasLock1_PL104,ISD_PancrasLock_PancrasLock1_PL104,dev,,0.1.0,datasets/ISD/data/clips.csv,4c67b57096118900bb38f22b87532640b8ce0a188b6889a9d420e859b85fa6ab
mosaiq-benchmark-v0.1-candidate-20260716,mosaiq-benchmark,0.1.0-dev,iso_paq_regression,0.1.0,ISD,clip,ISD_PancrasLock_PancrasLock1_PL105,ISD_PancrasLock_PancrasLock1_PL105,dev,,0.1.0,datasets/ISD/data/clips.csv,79e58e07e499632d78947ba33622e57f8df237954855aa9d436f45db5dba3b49
mosaiq-benchmark-v0.1-candidate-20260716,mosaiq-benchmark,0.1.0-dev,iso_paq_regression,0.1.0,ISD,clip,ISD_PancrasLock_PancrasLock1_PL106,ISD_PancrasLock_PancrasLock1_PL106,dev,,0.1.0,datasets/ISD/data/clips.csv,8fbf2cb3dde5b6b2fee44b50965110521c2fe05999a2a1acb1a9773096394049
mosaiq-benchmark-v0.1-candidate-20260716,mosaiq-benchmark,0.1.0-dev,iso_paq_regression,0.1.0,ISD,clip,ISD_PancrasLock_PancrasLock1_PL107,ISD_PancrasLock_PancrasLock1_PL107,dev,,0.1.0,datasets/ISD/data/clips.csv,7aa504cc490493762e7a5d2f67e707e565475815405e4f38d958c098b422fc8a
mosaiq-benchmark-v0.1-candidate-20260716,mosaiq-benchmark,0.1.0-dev,iso_paq_regression,0.1.0,ISD,clip,ISD_PancrasLock_PancrasLock1_PL108,ISD_PancrasLock_PancrasLock1_PL108,dev,,0.1.0,datasets/ISD/data/clips.csv,832db61126565abe3a950e40853bb706e6e1c97e0ffa0726a8178517f2c76e32
mosaiq-benchmark-v0.1-candidate-20260716,mosaiq-benchmark,0.1.0-dev,iso_paq_regression,0.1.0,ISD,clip,ISD_PancrasLock_PancrasLock1_PL109,ISD_PancrasLock_PancrasLock1_PL109,dev,,0.1.0,datasets/ISD/data/clips.csv,aeafa8a7ff8043b6a96cef3295cd5095ef9719653108853d1247d27f4cf9821e
mosaiq-benchmark-v0.1-candidate-20260716,mosaiq-benchmark,0.1.0-dev,iso_paq_regression,0.1.0,ISD,clip,ISD_PancrasLock_PancrasLock1_PL110,ISD_PancrasLock_PancrasLock1_PL110,dev,,0.1.0,datasets/ISD/data/clips.csv,cf87109002638a76f54df784fe73dd6a8a16f377ebbc9f0e607606cbc3ffe526
mosaiq-benchmark-v0.1-candidate-20260716,mosaiq-benchmark,0.1.0-dev,iso_paq_regression,0.1.0,ISD,clip,ISD_PancrasLock_PancrasLock1_PL112,ISD_PancrasLock_PancrasLock1_PL112,dev,,0.1.0,datasets/ISD/data/clips.csv,e857457c7fa0e92904291df3504c26c93d28bb7c3ab526de57bf0aae6bcb5f81
mosaiq-benchmark-v0.1-candidate-20260716,mosaiq-benchmark,0.1.0-dev,iso_paq_regression,0.1.0,ISD,clip,ISD_PancrasLock_PancrasLock1_PL113,ISD_PancrasLock_PancrasLock1_PL113,dev,,0.1.0,datasets/ISD/data/clips.csv,ab73fdebd060afcceafcf0b19df764245000e7d8c6d76130c36b7c2eaf306962
mosaiq-benchmark-v0.1-candidate-20260716,mosaiq-benchmark,0.1.0-dev,iso_paq_regression,0.1.0,ISD,clip,ISD_PancrasLock_PancrasLock1_PL114,ISD_PancrasLock_PancrasLock1_PL114,dev,,0.1.0,datasets/ISD/data/clips.csv,21a071dbe8b05d8b17a13f5f3a607df3455472812da5f02efd9dfee38e45d42f
mosaiq-benchmark-v0.1-candidate-20260716,mosaiq-benchmark,0.1.0-dev,iso_paq_regression,0.1.0,ISD,clip,ISD_PancrasLock_PancrasLock1_PL115,ISD_PancrasLock_PancrasLock1_PL115,dev,,0.1.0,datasets/ISD/data/clips.csv,29a0c34cbbac2e5141986a7a113a079db013eec5a8c3940a303ebc4f6ce88cf8
mosaiq-benchmark-v0.1-candidate-20260716,mosaiq-benchmark,0.1.0-dev,iso_paq_regression,0.1.0,ISD,clip,ISD_PancrasLock_PancrasLock1_PL116,ISD_PancrasLock_PancrasLock1_PL116,dev,,0.1.0,datasets/ISD/data/clips.csv,d2567efe2bf5be9cd636413615dfcfaf56e83c04e1964b4163ba2884f03223e8
mosaiq-benchmark-v0.1-candidate-20260716,mosaiq-benchmark,0.1.0-dev,iso_paq_regression,0.1.0,ISD,clip,ISD_PancrasLock_PancrasLock1_PL117,ISD_PancrasLock_PancrasLock1_PL117,dev,,0.1.0,datasets/ISD/data/clips.csv,ee6bfc05551c74f6608fb89a12a3851d9ab7ee02e19147563258576ae0ca3164
mosaiq-benchmark-v0.1-candidate-20260716,mosaiq-benchmark,0.1.0-dev,iso_paq_regression,0.1.0,ISD,clip,ISD_PancrasLock_PancrasLock1_PL118,ISD_PancrasLock_PancrasLock1_PL118,dev,,0.1.0,datasets/ISD/data/clips.csv,1af859a8c88236d0e36e591a28a41b5ebb1e580be8a8fd604905c3b861d1bdb6
mosaiq-benchmark-v0.1-candidate-20260716,mosaiq-benchmark,0.1.0-dev,iso_paq_regression,0.1.0,ISD,clip,ISD_PancrasLock_PancrasLock1_PL119,ISD_PancrasLock_PancrasLock1_PL119,dev,,0.1.0,datasets/ISD/data/clips.csv,4fa74fc2c28a684731e7a1d46071cf689ff261f9d19023251a1dcfad5ba6fb32
mosaiq-benchmark-v0.1-candidate-20260716,mosaiq-benchmark,0.1.0-dev,iso_paq_regression,0.1.0,ISD,clip,ISD_PancrasLock_PancrasLock1_PL120,ISD_PancrasLock_PancrasLock1_PL120,dev,,0.1.0,datasets/ISD/data/clips.csv,d8bf119bda942a771e5af6342b95ed123ccf6cf5755389f3cc31f2d324efdaef
mosaiq-benchmark-v0.1-candidate-20260716,mosaiq-benchmark,0.1.0-dev,iso_paq_regression,0.1.0,ISD,clip,ISD_PancrasLock_PancrasLock2_PL201,ISD_PancrasLock_PancrasLock2_PL201,dev,,0.1.0,datasets/ISD/data/clips.csv,7544e4a50876d384486d16dbc366d6af0d59ef1580dc04bf2a067e2244ea69f3
mosaiq-benchmark-v0.1-candidate-20260716,mosaiq-benchmark,0.1.0-dev,iso_paq_regression,0.1.0,ISD,clip,ISD_PancrasLock_PancrasLock2_PL202,ISD_PancrasLock_PancrasLock2_PL202,dev,,0.1.0,datasets/ISD/data/clips.csv,2f2128ddc908037f233f83024629ac46c0e33c58bbc19f920fb4d42f73f7d63f
mosaiq-benchmark-v0.1-candidate-20260716,mosaiq-benchmark,0.1.0-dev,iso_paq_regression,0.1.0,ISD,clip,ISD_PancrasLock_PancrasLock2_PL203,ISD_PancrasLock_PancrasLock2_PL203,dev,,0.1.0,datasets/ISD/data/clips.csv,7f0f5de5e469f2f0229347dbbe2cdae3fae906cfd8b26745945def40e4bdb52a
mosaiq-benchmark-v0.1-candidate-20260716,mosaiq-benchmark,0.1.0-dev,iso_paq_regression,0.1.0,ISD,clip,ISD_PancrasLock_PancrasLock2_PL205,ISD_PancrasLock_PancrasLock2_PL205,dev,,0.1.0,datasets/ISD/data/clips.csv,98dff2ec2d756d4318825f953c2aa8a3dca99d18362696ee5fb154cfaccd8dc7
mosaiq-benchmark-v0.1-candidate-20260716,mosaiq-benchmark,0.1.0-dev,iso_paq_regression,0.1.0,ISD,clip,ISD_PancrasLock_PancrasLock2_PL206,ISD_PancrasLock_PancrasLock2_PL206,dev,,0.1.0,datasets/ISD/data/clips.csv,03349f7f45af466f8e86d9bad9fc68400c405ddd9e84ede33e43dd8d75365467
mosaiq-benchmark-v0.1-candidate-20260716,mosaiq-benchmark,0.1.0-dev,iso_paq_regression,0.1.0,ISD,clip,ISD_PancrasLock_PancrasLock2_PL207,ISD_PancrasLock_PancrasLock2_PL207,dev,,0.1.0,datasets/ISD/data/clips.csv,deb272c9394a565cc455a155985cf23165318cbc746a45d06b4df599070b7921
mosaiq-benchmark-v0.1-candidate-20260716,mosaiq-benchmark,0.1.0-dev,iso_paq_regression,0.1.0,ISD,clip,ISD_PancrasLock_PancrasLock2_PL209,ISD_PancrasLock_PancrasLock2_PL209,dev,,0.1.0,datasets/ISD/data/clips.csv,919162554ae2e8f2dcf3b255fd8521c135de6cad33412db8d092a7fe1d98c96a
mosaiq-benchmark-v0.1-candidate-20260716,mosaiq-benchmark,0.1.0-dev,iso_paq_regression,0.1.0,ISD,clip,ISD_PancrasLock_PancrasLock2_PL210,ISD_PancrasLock_PancrasLock2_PL210,dev,,0.1.0,datasets/ISD/data/clips.csv,35eff12148d2c96162560ac0fe3d781a96196ffb51dc5eafe620932deaddf4f8
mosaiq-benchmark-v0.1-candidate-20260716,mosaiq-benchmark,0.1.0-dev,iso_paq_regression,0.1.0,ISD,clip,ISD_PancrasLock_PancrasLock2_PL211,ISD_PancrasLock_PancrasLock2_PL211,dev,,0.1.0,datasets/ISD/data/clips.csv,536cc537c6fc259c3b9f1c5406d5805cc5115b29d86bdef29cccea31b5f29830
mosaiq-benchmark-v0.1-candidate-20260716,mosaiq-benchmark,0.1.0-dev,iso_paq_regression,0.1.0,ISD,clip,ISD_PancrasLock_PancrasLock2_PL212,ISD_PancrasLock_PancrasLock2_PL212,dev,,0.1.0,datasets/ISD/data/clips.csv,ee2f9799408a54664d5adc57de685b74e973efd5d520e995b46fe972a88ad189
mosaiq-benchmark-v0.1-candidate-20260716,mosaiq-benchmark,0.1.0-dev,iso_paq_regression,0.1.0,ISD,clip,ISD_PancrasLock_PancrasLock2_PL213,ISD_PancrasLock_PancrasLock2_PL213,dev,,0.1.0,datasets/ISD/data/clips.csv,e16166484713064190e59b85893322ed2dd1c45dfec2f9f50e6bf8d8b6677206
mosaiq-benchmark-v0.1-candidate-20260716,mosaiq-benchmark,0.1.0-dev,iso_paq_regression,0.1.0,ISD,clip,ISD_PancrasLock_PancrasLock2_PL215,ISD_PancrasLock_PancrasLock2_PL215,dev,,0.1.0,datasets/ISD/data/clips.csv,6bacd67e5f8b1b843d3e1d0790d5a5df1619a9ef3daff1c94368edbeae821a86
mosaiq-benchmark-v0.1-candidate-20260716,mosaiq-benchmark,0.1.0-dev,iso_paq_regression,0.1.0,ISD,clip,ISD_PancrasLock_PancrasLock2_PL216,ISD_PancrasLock_PancrasLock2_PL216,dev,,0.1.0,datasets/ISD/data/clips.csv,7678a50cbb9cc792396b8cbb15e1e1a333c09212643f2a9d9e0b0899ab0205ff
mosaiq-benchmark-v0.1-candidate-20260716,mosaiq-benchmark,0.1.0-dev,iso_paq_regression,0.1.0,ISD,clip,ISD_PancrasLock_PancrasLock2_PL217,ISD_PancrasLock_PancrasLock2_PL217,dev,,0.1.0,datasets/ISD/data/clips.csv,a591be8c447a4426e12a701e96dc7a65e28747107903fc28c363bb82a374ed65
mosaiq-benchmark-v0.1-candidate-20260716,mosaiq-benchmark,0.1.0-dev,iso_paq_regression,0.1.0,ISD,clip,ISD_PancrasLock_PancrasLock2_PL218,ISD_PancrasLock_PancrasLock2_PL218,dev,,0.1.0,datasets/ISD/data/clips.csv,0c823f2307b7bbecb2d58e1d2f3d06e8db6188364555a34e695036e34b8ff776
mosaiq-benchmark-v0.1-candidate-20260716,mosaiq-benchmark,0.1.0-dev,iso_paq_regression,0.1.0,ISD,clip,ISD_PancrasLock_PancrasLock2_PL219,ISD_PancrasLock_PancrasLock2_PL219,dev,,0.1.0,datasets/ISD/data/clips.csv,09ba8c1c490935544d613e48cede5704d4cc2f337dd99fbd587f0e1fbbc4dbd0
mosaiq-benchmark-v0.1-candidate-20260716,mosaiq-benchmark,0.1.0-dev,iso_paq_regression,0.1.0,ISD,clip,ISD_PancrasLock_PancrasLock2_PL220,ISD_PancrasLock_PancrasLock2_PL220,dev,,0.1.0,datasets/ISD/data/clips.csv,ed86d528056c825d38fc00b65efba149b0a12701595c1864e52279a0c3c44405
mosaiq-benchmark-v0.1-candidate-20260716,mosaiq-benchmark,0.1.0-dev,iso_paq_regression,0.1.0,ISD,clip,ISD_PancrasLock_PancrasLock2_PL221,ISD_PancrasLock_PancrasLock2_PL221,dev,,0.1.0,datasets/ISD/data/clips.csv,fc82391a585f89d80ff376281dd992d07106e07798878d5b2c59e53e12160740
mosaiq-benchmark-v0.1-candidate-20260716,mosaiq-benchmark,0.1.0-dev,iso_paq_regression,0.1.0,ISD,clip,ISD_PancrasLock_PancrasLock2_PL222,ISD_PancrasLock_PancrasLock2_PL222,dev,,0.1.0,datasets/ISD/data/clips.csv,2e23232ba1bfd3474c3d02e238270551f30ce3278a2579fc2878c59b06b2ce8c
mosaiq-benchmark-v0.1-candidate-20260716,mosaiq-benchmark,0.1.0-dev,iso_paq_regression,0.1.0,ISD,clip,ISD_PancrasLock_PancrasLock2_PL224,ISD_PancrasLock_PancrasLock2_PL224,dev,,0.1.0,datasets/ISD/data/clips.csv,401926710e01672160cb2de23ebac1179738e57e5c1a8b69e8423e144543bb8e
mosaiq-benchmark-v0.1-candidate-20260716,mosaiq-benchmark,0.1.0-dev,iso_paq_regression,0.1.0,ISD,clip,ISD_PancrasLock_PancrasLock2_PL225,ISD_PancrasLock_PancrasLock2_PL225,dev,,0.1.0,datasets/ISD/data/clips.csv,744bd74bb978d0ff744222bc7ddb27f8bab2342b83b05415cf4c169fb19f07c0
mosaiq-benchmark-v0.1-candidate-20260716,mosaiq-benchmark,0.1.0-dev,iso_paq_regression,0.1.0,ISD,clip,ISD_PancrasLock_PancrasLock2_PL226,ISD_PancrasLock_PancrasLock2_PL226,dev,,0.1.0,datasets/ISD/data/clips.csv,8d8c36971d49aff719d9dfcdd8bf7efc57b885a39b97e129d7492ed23c10f75e
mosaiq-benchmark-v0.1-candidate-20260716,mosaiq-benchmark,0.1.0-dev,iso_paq_regression,0.1.0,ISD,clip,ISD_PancrasLock_PancrasLock2_PL227,ISD_PancrasLock_PancrasLock2_PL227,dev,,0.1.0,datasets/ISD/data/clips.csv,72bc929f0d449b339873ce69d2555c67aeef855658e2eb4425e8d1df9b7e5ae7
mosaiq-benchmark-v0.1-candidate-20260716,mosaiq-benchmark,0.1.0-dev,iso_paq_regression,0.1.0,ISD,clip,ISD_PancrasLock_PancrasLock2_PL228,ISD_PancrasLock_PancrasLock2_PL228,dev,,0.1.0,datasets/ISD/data/clips.csv,58f4e78e76fdd77e16cd7412aae5231a82f1d157d012629f782d59ccc7e25770
mosaiq-benchmark-v0.1-candidate-20260716,mosaiq-benchmark,0.1.0-dev,iso_paq_regression,0.1.0,ISD,clip,ISD_PancrasLock_PancrasLock2_PL229,ISD_PancrasLock_PancrasLock2_PL229,dev,,0.1.0,datasets/ISD/data/clips.csv,b47f5086fa402490751b75b4c62f1bfb02ea47e28977455cf2dc1c6ffb1b8546
mosaiq-benchmark-v0.1-candidate-20260716,mosaiq-benchmark,0.1.0-dev,iso_paq_regression,0.1.0,ISD,clip,ISD_PancrasLock_PancrasLock2_PL230,ISD_PancrasLock_PancrasLock2_PL230,dev,,0.1.0,datasets/ISD/data/clips.csv,8511767be8dc93ebca18eb894f35c43313188473d29137d03201f7dd10f8c0dc
mosaiq-benchmark-v0.1-candidate-20260716,mosaiq-benchmark,0.1.0-dev,iso_paq_regression,0.1.0,ISD,clip,ISD_PancrasLock_PancrasLock2_PL231,ISD_PancrasLock_PancrasLock2_PL231,dev,,0.1.0,datasets/ISD/data/clips.csv,fee51c2f77da735c60409839c4cac8df5bc83421b91e246e8fc0e9b1c72482dc
mosaiq-benchmark-v0.1-candidate-20260716,mosaiq-benchmark,0.1.0-dev,iso_paq_regression,0.1.0,ISD,clip,ISD_PancrasLock_PancrasLock2_PL232,ISD_PancrasLock_PancrasLock2_PL232,dev,,0.1.0,datasets/ISD/data/clips.csv,173193cbb9709b44dab2e38af1e0ec98bfb325b0c9767871ed7b47b44ee7f08e
mosaiq-benchmark-v0.1-candidate-20260716,mosaiq-benchmark,0.1.0-dev,iso_paq_regression,0.1.0,ISD,clip,ISD_PancrasLock_PancrasLock2_PL233,ISD_PancrasLock_PancrasLock2_PL233,dev,,0.1.0,datasets/ISD/data/clips.csv,329c2b40d10588a47e8da0af0f7cdb4e7a6ad4108635762d58b328f027917be7
mosaiq-benchmark-v0.1-candidate-20260716,mosaiq-benchmark,0.1.0-dev,iso_paq_regression,0.1.0,ISD,clip,ISD_PancrasLock_PancrasLock2_PL234,ISD_PancrasLock_PancrasLock2_PL234,dev,,0.1.0,datasets/ISD/data/clips.csv,a2e656af0aa28e04dc73920826d161e15e233a6bdd41b1a7936706bb2dab2a6b
mosaiq-benchmark-v0.1-candidate-20260716,mosaiq-benchmark,0.1.0-dev,iso_paq_regression,0.1.0,ISD,clip,ISD_PancrasLock_PancrasLock2_PL299,ISD_PancrasLock_PancrasLock2_PL299,dev,,0.1.0,datasets/ISD/data/clips.csv,458c1d86cbda1c31e5a9bb7487e523584edb3138d2fa90cb4da8a9986ad3c2fe
mosaiq-benchmark-v0.1-candidate-20260716,mosaiq-benchmark,0.1.0-dev,iso_paq_regression,0.1.0,ISD,clip,ISD_PingshanPark_PingshanPark1_PP1045,ISD_PingshanPark_PingshanPark1_PP1045,train,,0.1.0,datasets/ISD/data/clips.csv,ef289afc8817948e3b616e0fbb3ee7bed87ad2bdd2e145dd08b6e431f9de8f2a
mosaiq-benchmark-v0.1-candidate-20260716,mosaiq-benchmark,0.1.0-dev,iso_paq_regression,0.1.0,ISD,clip,ISD_PingshanPark_PingshanPark1_PP1046,ISD_PingshanPark_PingshanPark1_PP1046,train,,0.1.0,datasets/ISD/data/clips.csv,101fbd7fb7f8bc3a6ed9aa02b2e3eecb91afe5b2382fe6a22ceb4395964eff2f
mosaiq-benchmark-v0.1-candidate-20260716,mosaiq-benchmark,0.1.0-dev,iso_paq_regression,0.1.0,ISD,clip,ISD_PingshanPark_PingshanPark1_PP1047,ISD_PingshanPark_PingshanPark1_PP1047,train,,0.1.0,datasets/ISD/data/clips.csv,13fb8e475ea5a2af87bb565d115c964179b9aedcab51c3236dd96d13775b20e1
mosaiq-benchmark-v0.1-candidate-20260716,mosaiq-benchmark,0.1.0-dev,iso_paq_regression,0.1.0,ISD,clip,ISD_PingshanPark_PingshanPark1_PP1048,ISD_PingshanPark_PingshanPark1_PP1048,train,,0.1.0,datasets/ISD/data/clips.csv,33089d85e7101f52616f0a4d73fed490025d80dc73a7bbb860f9414b495fc3e1
mosaiq-benchmark-v0.1-candidate-20260716,mosaiq-benchmark,0.1.0-dev,iso_paq_regression,0.1.0,ISD,clip,ISD_PingshanPark_PingshanPark1_PP1049,ISD_PingshanPark_PingshanPark1_PP1049,train,,0.1.0,datasets/ISD/data/clips.csv,77c7513fb998264138780bb42fbee75c0fa60d39a2cdfcb5b4a476010cbba68c
mosaiq-benchmark-v0.1-candidate-20260716,mosaiq-benchmark,0.1.0-dev,iso_paq_regression,0.1.0,ISD,clip,ISD_PingshanPark_PingshanPark1_PP1050,ISD_PingshanPark_PingshanPark1_PP1050,train,,0.1.0,datasets/ISD/data/clips.csv,d1d99012df5c70ab8a775214abe55700f2af7c6bb1015a25c3e01e5de515303f
mosaiq-benchmark-v0.1-candidate-20260716,mosaiq-benchmark,0.1.0-dev,iso_paq_regression,0.1.0,ISD,clip,ISD_PingshanPark_PingshanPark1_PP1051,ISD_PingshanPark_PingshanPark1_PP1051,train,,0.1.0,datasets/ISD/data/clips.csv,df38b7caf60d4207a80b9249e8130ec29021c3abfbe8e34eb1402b24800dcc48
mosaiq-benchmark-v0.1-candidate-20260716,mosaiq-benchmark,0.1.0-dev,iso_paq_regression,0.1.0,ISD,clip,ISD_PingshanPark_PingshanPark1_PP1052,ISD_PingshanPark_PingshanPark1_PP1052,train,,0.1.0,datasets/ISD/data/clips.csv,b3d7bcab767e2d6644e951011629a251c62bb5260e7d85f934141c8df882cd48
mosaiq-benchmark-v0.1-candidate-20260716,mosaiq-benchmark,0.1.0-dev,iso_paq_regression,0.1.0,ISD,clip,ISD_PingshanPark_PingshanPark1_PP1053,ISD_PingshanPark_PingshanPark1_PP1053,train,,0.1.0,datasets/ISD/data/clips.csv,42011bc83c0e1d732e2e5392950c5be6b655294843f9e956e88b878d402fe2d8
mosaiq-benchmark-v0.1-candidate-20260716,mosaiq-benchmark,0.1.0-dev,iso_paq_regression,0.1.0,ISD,clip,ISD_PingshanPark_PingshanPark1_PP1054,ISD_PingshanPark_PingshanPark1_PP1054,train,,0.1.0,datasets/ISD/data/clips.csv,9dd3aed06cae1b70195af5459c5e931d09586787990e2ffcc45748b856285a29
mosaiq-benchmark-v0.1-candidate-20260716,mosaiq-benchmark,0.1.0-dev,iso_paq_regression,0.1.0,ISD,clip,ISD_PingshanPark_PingshanPark1_PP1055,ISD_PingshanPark_PingshanPark1_PP1055,train,,0.1.0,datasets/ISD/data/clips.csv,1659bc80f173e2b121ed76e08e9d17986de492b3c742a4314d0db9a17334cddf
mosaiq-benchmark-v0.1-candidate-20260716,mosaiq-benchmark,0.1.0-dev,iso_paq_regression,0.1.0,ISD,clip,ISD_PingshanPark_PingshanPark2_PP2062,ISD_PingshanPark_PingshanPark2_PP2062,train,,0.1.0,datasets/ISD/data/clips.csv,c519d7994a3e4454e946cc8f548f55c8a98ce46d4860457df90d40c71b78d44d
mosaiq-benchmark-v0.1-candidate-20260716,mosaiq-benchmark,0.1.0-dev,iso_paq_regression,0.1.0,ISD,clip,ISD_PingshanPark_PingshanPark2_PP2063,ISD_PingshanPark_PingshanPark2_PP2063,train,,0.1.0,datasets/ISD/data/clips.csv,ecd6597c10a117bcc39a5046a2fe46893ed8dcefaca73e4aa6219bace35a07d0
mosaiq-benchmark-v0.1-candidate-20260716,mosaiq-benchmark,0.1.0-dev,iso_paq_regression,0.1.0,ISD,clip,ISD_PingshanPark_PingshanPark2_PP2064,ISD_PingshanPark_PingshanPark2_PP2064,train,,0.1.0,datasets/ISD/data/clips.csv,2e8ceebfdc31882882983e7ef2a480c55eb401c5ea015a6dcf1db8e35b9ea49a
mosaiq-benchmark-v0.1-candidate-20260716,mosaiq-benchmark,0.1.0-dev,iso_paq_regression,0.1.0,ISD,clip,ISD_PingshanPark_PingshanPark2_PP2065,ISD_PingshanPark_PingshanPark2_PP2065,train,,0.1.0,datasets/ISD/data/clips.csv,1483e3ed12f3f8a201cd3c67397d6c3c7d9ae2e668894d261ba5158fca8132d4
mosaiq-benchmark-v0.1-candidate-20260716,mosaiq-benchmark,0.1.0-dev,iso_paq_regression,0.1.0,ISD,clip,ISD_PingshanPark_PingshanPark2_PP2066,ISD_PingshanPark_PingshanPark2_PP2066,train,,0.1.0,datasets/ISD/data/clips.csv,111c811b8a3c90e2e315b5e54cc60fa15144367707337654993123ca94b0dd85
mosaiq-benchmark-v0.1-candidate-20260716,mosaiq-benchmark,0.1.0-dev,iso_paq_regression,0.1.0,ISD,clip,ISD_PingshanPark_PingshanPark2_PP2067,ISD_PingshanPark_PingshanPark2_PP2067,train,,0.1.0,datasets/ISD/data/clips.csv,2006a0f3778528a90dcb4be7d57f5aa12ccdb14a4059040ab744cf1467a3522c
mosaiq-benchmark-v0.1-candidate-20260716,mosaiq-benchmark,0.1.0-dev,iso_paq_regression,0.1.0,ISD,clip,ISD_PingshanPark_PingshanPark2_PP2068,ISD_PingshanPark_PingshanPark2_PP2068,train,,0.1.0,datasets/ISD/data/clips.csv,6ea7aefa5f7a8655107bace0e7bf6a4dda4f6ea40b9868e58fa023561eed09b9
mosaiq-benchmark-v0.1-candidate-20260716,mosaiq-benchmark,0.1.0-dev,iso_paq_regression,0.1.0,ISD,clip,ISD_PingshanPark_PingshanPark2_PP2069,ISD_PingshanPark_PingshanPark2_PP2069,train,,0.1.0,datasets/ISD/data/clips.csv,2fba1ec353512a60ef9189e85ea9c689ff3055c3919d1cc75849826daeadd0f3
mosaiq-benchmark-v0.1-candidate-20260716,mosaiq-benchmark,0.1.0-dev,iso_paq_regression,0.1.0,ISD,clip,ISD_PingshanPark_PingshanPark2_PP2070,ISD_PingshanPark_PingshanPark2_PP2070,train,,0.1.0,datasets/ISD/data/clips.csv,0be68089d2e29d47c53a4441c2e1e1404b4f2ef2020224efcc426fbb4112ac6a
mosaiq-benchmark-v0.1-candidate-20260716,mosaiq-benchmark,0.1.0-dev,iso_paq_regression,0.1.0,ISD,clip,ISD_PingshanPark_PingshanPark2_PP2071,ISD_PingshanPark_PingshanPark2_PP2071,train,,0.1.0,datasets/ISD/data/clips.csv,fcabcb694c7b36c2deb0630c009aa2c81ad4ef6449cd17ae7cc3b541bf40012d
mosaiq-benchmark-v0.1-candidate-20260716,mosaiq-benchmark,0.1.0-dev,iso_paq_regression,0.1.0,ISD,clip,ISD_PingshanPark_PingshanPark2_PP2073,ISD_PingshanPark_PingshanPark2_PP2073,train,,0.1.0,datasets/ISD/data/clips.csv,36a882b0867bc3ba5a210befe938e16343cc13fc2054b434c81d2454e87bac41
mosaiq-benchmark-v0.1-candidate-20260716,mosaiq-benchmark,0.1.0-dev,iso_paq_regression,0.1.0,ISD,clip,ISD_PingshanPark_PingshanPark2_PP2074,ISD_PingshanPark_PingshanPark2_PP2074,train,,0.1.0,datasets/ISD/data/clips.csv,9a31e8bb536180220557683921e90ec6c19746a28c6827bbaf7e5f23c3d61b57
mosaiq-benchmark-v0.1-candidate-20260716,mosaiq-benchmark,0.1.0-dev,iso_paq_regression,0.1.0,ISD,clip,ISD_PingshanPark_PingshanPark2_PP2075,ISD_PingshanPark_PingshanPark2_PP2075,train,,0.1.0,datasets/ISD/data/clips.csv,4d4ef58d57c292e39ee2de3343affdd8cd517cf68b4756aeb5d90341938d7fe6
mosaiq-benchmark-v0.1-candidate-20260716,mosaiq-benchmark,0.1.0-dev,iso_paq_regression,0.1.0,ISD,clip,ISD_PingshanPark_PingshanPark2_PP2077,ISD_PingshanPark_PingshanPark2_PP2077,train,,0.1.0,datasets/ISD/data/clips.csv,d331addd43942c35559e8cbfde4f2569ddaa91281d8fc2b17e801937c94bdaa9
mosaiq-benchmark-v0.1-candidate-20260716,mosaiq-benchmark,0.1.0-dev,iso_paq_regression,0.1.0,ISD,clip,ISD_PingshanPark_PingshanPark2_PP2078,ISD_PingshanPark_PingshanPark2_PP2078,train,,0.1.0,datasets/ISD/data/clips.csv,436cb5264786888df24158db2dded61c8e7e2b27c5e85530e21be77ef70fc55f
mosaiq-benchmark-v0.1-candidate-20260716,mosaiq-benchmark,0.1.0-dev,iso_paq_regression,0.1.0,ISD,clip,ISD_PingshanPark_PingshanPark2_PP2079,ISD_PingshanPark_PingshanPark2_PP2079,train,,0.1.0,datasets/ISD/data/clips.csv,cfe7638002c74ee477cfdd8714f46bd36b165d7ac0f40ecfc3b6b896b8f2168a
mosaiq-benchmark-v0.1-candidate-20260716,mosaiq-benchmark,0.1.0-dev,iso_paq_regression,0.1.0,ISD,clip,ISD_PingshanPark_PingshanPark2_PP2080,ISD_PingshanPark_PingshanPark2_PP2080,train,,0.1.0,datasets/ISD/data/clips.csv,4defbfd99aa2e1f66434c7eee192cc98a6a5491c96256e8f02137c09a97f7759
mosaiq-benchmark-v0.1-candidate-20260716,mosaiq-benchmark,0.1.0-dev,iso_paq_regression,0.1.0,ISD,clip,ISD_PingshanPark_PingshanPark2_PP2081,ISD_PingshanPark_PingshanPark2_PP2081,train,,0.1.0,datasets/ISD/data/clips.csv,166ce1debc33a582f744e2fb5f72cd4dae4f6606982378d01d08b1c838daf3a5
mosaiq-benchmark-v0.1-candidate-20260716,mosaiq-benchmark,0.1.0-dev,iso_paq_regression,0.1.0,ISD,clip,ISD_PingshanPark_PingshanPark2_PP2082,ISD_PingshanPark_PingshanPark2_PP2082,train,,0.1.0,datasets/ISD/data/clips.csv,89091935e5ef144668d561b9b7cbc9b199355f095ea09cda9dc311cf44dd2835
mosaiq-benchmark-v0.1-candidate-20260716,mosaiq-benchmark,0.1.0-dev,iso_paq_regression,0.1.0,ISD,clip,ISD_PingshanPark_PingshanPark2_PP2083,ISD_PingshanPark_PingshanPark2_PP2083,train,,0.1.0,datasets/ISD/data/clips.csv,f0ce16db0d2283a4decdd7506158b98e19ec48a253821421a3f978a6a79e1b38
mosaiq-benchmark-v0.1-candidate-20260716,mosaiq-benchmark,0.1.0-dev,iso_paq_regression,0.1.0,ISD,clip,ISD_PingshanPark_PingshanPark2_PP2084,ISD_PingshanPark_PingshanPark2_PP2084,train,,0.1.0,datasets/ISD/data/clips.csv,1d253694f12c0b4dd6cd2060857f1ff0190c04a74230b3c021183752a84dc3ea
mosaiq-benchmark-v0.1-candidate-20260716,mosaiq-benchmark,0.1.0-dev,iso_paq_regression,0.1.0,ISD,clip,ISD_PingshanPark_PingshanPark2_PP2085,ISD_PingshanPark_PingshanPark2_PP2085,train,,0.1.0,datasets/ISD/data/clips.csv,54ca031af6cd5a854a1e8525c90e86b0d3725f4a9a8ccaa91a48f0c87d1e7d6d
mosaiq-benchmark-v0.1-candidate-20260716,mosaiq-benchmark,0.1.0-dev,iso_paq_regression,0.1.0,ISD,clip,ISD_PingshanPark_PingshanPark2_PP2086,ISD_PingshanPark_PingshanPark2_PP2086,train,,0.1.0,datasets/ISD/data/clips.csv,9429689baa0dcc1fa8d9bc4f7348586c950d6d345daee0fc91663dbbd4eb3d48
mosaiq-benchmark-v0.1-candidate-20260716,mosaiq-benchmark,0.1.0-dev,iso_paq_regression,0.1.0,ISD,clip,ISD_PingshanPark_PingshanPark2_PP2087,ISD_PingshanPark_PingshanPark2_PP2087,train,,0.1.0,datasets/ISD/data/clips.csv,6ff8148c76574030357ab402f645cb17fac11da17ff4aa9349bf3eb5aa70524b
mosaiq-benchmark-v0.1-candidate-20260716,mosaiq-benchmark,0.1.0-dev,iso_paq_regression,0.1.0,ISD,clip,ISD_PingshanPark_PingshanPark2_PP2088,ISD_PingshanPark_PingshanPark2_PP2088,train,,0.1.0,datasets/ISD/data/clips.csv,975020c8c92825fe71208f57474f570fb4aedd38ee6f6f88bd008158911009fa
mosaiq-benchmark-v0.1-candidate-20260716,mosaiq-benchmark,0.1.0-dev,iso_paq_regression,0.1.0,ISD,clip,ISD_PingshanPark_PingshanPark2_PP2089,ISD_PingshanPark_PingshanPark2_PP2089,train,,0.1.0,datasets/ISD/data/clips.csv,11c8ec552ee1ffce222dffc00031ac543eb28ef97bf5abbdf0e022af79d06c10
mosaiq-benchmark-v0.1-candidate-20260716,mosaiq-benchmark,0.1.0-dev,iso_paq_regression,0.1.0,ISD,clip,ISD_PingshanPark_PingshanPark2_PP2090,ISD_PingshanPark_PingshanPark2_PP2090,train,,0.1.0,datasets/ISD/data/clips.csv,32d81867b1cc5a6d99b5804eae869ddd3e90cf9cc8018cdee019354ac6a4c4dd
mosaiq-benchmark-v0.1-candidate-20260716,mosaiq-benchmark,0.1.0-dev,iso_paq_regression,0.1.0,ISD,clip,ISD_PingshanPark_PingshanPark2_PP2091,ISD_PingshanPark_PingshanPark2_PP2091,train,,0.1.0,datasets/ISD/data/clips.csv,a942b72598f74e55ad5069f20f93ad6a7ff41298890901ecde4a0e1fb25e91c0
mosaiq-benchmark-v0.1-candidate-20260716,mosaiq-benchmark,0.1.0-dev,iso_paq_regression,0.1.0,ISD,clip,ISD_PingshanStreet_PingshanStreet1_PS1180,ISD_PingshanStreet_PingshanStreet1_PS1180,train,,0.1.0,datasets/ISD/data/clips.csv,7802bc7bbecc2110686a965e125b4d7ee9ab71edddc4f0e03697ac2c9225f58f
mosaiq-benchmark-v0.1-candidate-20260716,mosaiq-benchmark,0.1.0-dev,iso_paq_regression,0.1.0,ISD,clip,ISD_PingshanStreet_PingshanStreet1_PS1181,ISD_PingshanStreet_PingshanStreet1_PS1181,train,,0.1.0,datasets/ISD/data/clips.csv,ac2bb85092ac7301e22b8b868817d40bfc94749c900b80046f0585e1fa99ff6a
mosaiq-benchmark-v0.1-candidate-20260716,mosaiq-benchmark,0.1.0-dev,iso_paq_regression,0.1.0,ISD,clip,ISD_PingshanStreet_PingshanStreet1_PS1182,ISD_PingshanStreet_PingshanStreet1_PS1182,train,,0.1.0,datasets/ISD/data/clips.csv,08bd40fa4d1038ddbfe5e2f13846af1a036dfc9fe60ccd94ea2f64c3cc09b719
mosaiq-benchmark-v0.1-candidate-20260716,mosaiq-benchmark,0.1.0-dev,iso_paq_regression,0.1.0,ISD,clip,ISD_PingshanStreet_PingshanStreet1_PS1183,ISD_PingshanStreet_PingshanStreet1_PS1183,train,,0.1.0,datasets/ISD/data/clips.csv,983d9a65cb007d9284c4d8a64bc2d4db1b005ccefdeefdb625043b78217f4864
mosaiq-benchmark-v0.1-candidate-20260716,mosaiq-benchmark,0.1.0-dev,iso_paq_regression,0.1.0,ISD,clip,ISD_PingshanStreet_PingshanStreet1_PS1184,ISD_PingshanStreet_PingshanStreet1_PS1184,train,,0.1.0,datasets/ISD/data/clips.csv,9f6075e0c40e5a04ac77746a4a041bc5a7ab46977167ec5462a355b39002ff7e
mosaiq-benchmark-v0.1-candidate-20260716,mosaiq-benchmark,0.1.0-dev,iso_paq_regression,0.1.0,ISD,clip,ISD_PingshanStreet_PingshanStreet1_PS1185,ISD_PingshanStreet_PingshanStreet1_PS1185,train,,0.1.0,datasets/ISD/data/clips.csv,30e344c914d7778278639cb34b1aa55e1b756d26b002865200fcc3caec7ba093
mosaiq-benchmark-v0.1-candidate-20260716,mosaiq-benchmark,0.1.0-dev,iso_paq_regression,0.1.0,ISD,clip,ISD_PingshanStreet_PingshanStreet1_PS1186,ISD_PingshanStreet_PingshanStreet1_PS1186,train,,0.1.0,datasets/ISD/data/clips.csv,da23e14099c0868be36d117c97967d2dcc1587fa307a523963c14a4f93d932f2
mosaiq-benchmark-v0.1-candidate-20260716,mosaiq-benchmark,0.1.0-dev,iso_paq_regression,0.1.0,ISD,clip,ISD_PingshanStreet_PingshanStreet1_PS1187,ISD_PingshanStreet_PingshanStreet1_PS1187,train,,0.1.0,datasets/ISD/data/clips.csv,5990def3f915ffded06b5bb537a82dcb07cb9ae217117404fbb5fe59eed9272c
mosaiq-benchmark-v0.1-candidate-20260716,mosaiq-benchmark,0.1.0-dev,iso_paq_regression,0.1.0,ISD,clip,ISD_PingshanStreet_PingshanStreet1_PS1188,ISD_PingshanStreet_PingshanStreet1_PS1188,train,,0.1.0,datasets/ISD/data/clips.csv,5fb51db56fcc4ce756d2f704f977d2f90c686372a48876e9b1a4b97a34d16b88
mosaiq-benchmark-v0.1-candidate-20260716,mosaiq-benchmark,0.1.0-dev,iso_paq_regression,0.1.0,ISD,clip,ISD_PingshanStreet_PingshanStreet1_PS1189,ISD_PingshanStreet_PingshanStreet1_PS1189,train,,0.1.0,datasets/ISD/data/clips.csv,c3575692f42045e1c9bd1759eb44a5bbf85e5f9ff73436d0672c4d0cd820ff0d
mosaiq-benchmark-v0.1-candidate-20260716,mosaiq-benchmark,0.1.0-dev,iso_paq_regression,0.1.0,ISD,clip,ISD_PingshanStreet_PingshanStreet1_PS1190,ISD_PingshanStreet_PingshanStreet1_PS1190,train,,0.1.0,datasets/ISD/data/clips.csv,409342d8a506dedcd0f05d9881c0dd9d701e34d09bdd194dc757459f0d986f49
mosaiq-benchmark-v0.1-candidate-20260716,mosaiq-benchmark,0.1.0-dev,iso_paq_regression,0.1.0,ISD,clip,ISD_PingshanStreet_PingshanStreet1_PS1191,ISD_PingshanStreet_PingshanStreet1_PS1191,train,,0.1.0,datasets/ISD/data/clips.csv,a431851f02b9680bae2e8b49ef44675d2d392313269e029df377ef28efc0f98e
mosaiq-benchmark-v0.1-candidate-20260716,mosaiq-benchmark,0.1.0-dev,iso_paq_regression,0.1.0,ISD,clip,ISD_PingshanStreet_PingshanStreet1_PS1192,ISD_PingshanStreet_PingshanStreet1_PS1192,train,,0.1.0,datasets/ISD/data/clips.csv,dde906d0f92739cd32bc56f6e788e8f653b51bfa5a5b2949bce660784890212f
mosaiq-benchmark-v0.1-candidate-20260716,mosaiq-benchmark,0.1.0-dev,iso_paq_regression,0.1.0,ISD,clip,ISD_PingshanStreet_PingshanStreet1_PS1193,ISD_PingshanStreet_PingshanStreet1_PS1193,train,,0.1.0,datasets/ISD/data/clips.csv,001925f36fe7d54f98f36f992318f327419805e4e6c681840968c457a098a726
mosaiq-benchmark-v0.1-candidate-20260716,mosaiq-benchmark,0.1.0-dev,iso_paq_regression,0.1.0,ISD,clip,ISD_PingshanStreet_PingshanStreet1_PS1194,ISD_PingshanStreet_PingshanStreet1_PS1194,train,,0.1.0,datasets/ISD/data/clips.csv,a9a73319975818e6163844b66cd99fe35e9ba37be966a0b227b7771e14ca59a8
mosaiq-benchmark-v0.1-candidate-20260716,mosaiq-benchmark,0.1.0-dev,iso_paq_regression,0.1.0,ISD,clip,ISD_PingshanStreet_PingshanStreet1_PS1195,ISD_PingshanStreet_PingshanStreet1_PS1195,train,,0.1.0,datasets/ISD/data/clips.csv,d345678aa3411fa900ee5ae99cfcfdb93d856586ef16b75d5ae496a82a231d1a
mosaiq-benchmark-v0.1-candidate-20260716,mosaiq-benchmark,0.1.0-dev,iso_paq_regression,0.1.0,ISD,clip,ISD_PingshanStreet_PingshanStreet1_PS1196,ISD_PingshanStreet_PingshanStreet1_PS1196,train,,0.1.0,datasets/ISD/data/clips.csv,bffb2211328defd280e349231dc12afae94a7075b004788fb505e5fe0c816a78
mosaiq-benchmark-v0.1-candidate-20260716,mosaiq-benchmark,0.1.0-dev,iso_paq_regression,0.1.0,ISD,clip,ISD_PingshanStreet_PingshanStreet1_PS1197,ISD_PingshanStreet_PingshanStreet1_PS1197,train,,0.1.0,datasets/ISD/data/clips.csv,6940767dfd27be51d671747cf19bb255da13323d260d6ff3879b97722c92eaef
mosaiq-benchmark-v0.1-candidate-20260716,mosaiq-benchmark,0.1.0-dev,iso_paq_regression,0.1.0,ISD,clip,ISD_PingshanStreet_PingshanStreet1_PS1198,ISD_PingshanStreet_PingshanStreet1_PS1198,train,,0.1.0,datasets/ISD/data/clips.csv,338638687ecc9a67dfc161013c8722d39e91ab52709de23a2cdf25fd080d6554
mosaiq-benchmark-v0.1-candidate-20260716,mosaiq-benchmark,0.1.0-dev,iso_paq_regression,0.1.0,ISD,clip,ISD_PingshanStreet_PingshanStreet1_PS1199,ISD_PingshanStreet_PingshanStreet1_PS1199,train,,0.1.0,datasets/ISD/data/clips.csv,bb9477f54e9ddbeaada1c1d7576889872c9fc7c32b3b31d842169493cb811a6e
mosaiq-benchmark-v0.1-candidate-20260716,mosaiq-benchmark,0.1.0-dev,iso_paq_regression,0.1.0,ISD,clip,ISD_PingshanStreet_PingshanStreet1_PS1200,ISD_PingshanStreet_PingshanStreet1_PS1200,train,,0.1.0,datasets/ISD/data/clips.csv,6e9b87c091f0b0577756e29317d4ce029928f2e10b43968da6a85bc1cfe0bac2
mosaiq-benchmark-v0.1-candidate-20260716,mosaiq-benchmark,0.1.0-dev,iso_paq_regression,0.1.0,ISD,clip,ISD_PingshanStreet_PingshanStreet1_PS1201,ISD_PingshanStreet_PingshanStreet1_PS1201,train,,0.1.0,datasets/ISD/data/clips.csv,95ca3340adc3a906a5cc0c889443bd09bfbee9a5fbd442506565517b712e0dcc
mosaiq-benchmark-v0.1-candidate-20260716,mosaiq-benchmark,0.1.0-dev,iso_paq_regression,0.1.0,ISD,clip,ISD_PingshanStreet_PingshanStreet1_PS1202,ISD_PingshanStreet_PingshanStreet1_PS1202,train,,0.1.0,datasets/ISD/data/clips.csv,1a26f451973ab63edd96798110456ee148a52cce246fc0cc5f5f59dad28654e5
mosaiq-benchmark-v0.1-candidate-20260716,mosaiq-benchmark,0.1.0-dev,iso_paq_regression,0.1.0,ISD,clip,ISD_PingshanStreet_PingshanStreet1_PS1204,ISD_PingshanStreet_PingshanStreet1_PS1204,train,,0.1.0,datasets/ISD/data/clips.csv,fb37aad39ed4501b29f93fd9681076a6e35163f2eb92966abd6af611c556c0fa
mosaiq-benchmark-v0.1-candidate-20260716,mosaiq-benchmark,0.1.0-dev,iso_paq_regression,0.1.0,ISD,clip,ISD_PingshanStreet_PingshanStreet2_PS2206,ISD_PingshanStreet_PingshanStreet2_PS2206,train,,0.1.0,datasets/ISD/data/clips.csv,9f95ce3fcae9e12dbf0fd5ae78988ae6762b570dcdece9201c2177f9c5a5e5c4
mosaiq-benchmark-v0.1-candidate-20260716,mosaiq-benchmark,0.1.0-dev,iso_paq_regression,0.1.0,ISD,clip,ISD_PingshanStreet_PingshanStreet2_PS2207,ISD_PingshanStreet_PingshanStreet2_PS2207,train,,0.1.0,datasets/ISD/data/clips.csv,1c282dfb7847fafa3c090d7a398f04d3c143417154b5e955e8fe49cb99a7fc96
mosaiq-benchmark-v0.1-candidate-20260716,mosaiq-benchmark,0.1.0-dev,iso_paq_regression,0.1.0,ISD,clip,ISD_PingshanStreet_PingshanStreet2_PS2208,ISD_PingshanStreet_PingshanStreet2_PS2208,train,,0.1.0,datasets/ISD/data/clips.csv,e7b3b0d084de3a596c2d87197bc203c81dd94705eee9b139b4f18075343877f6
mosaiq-benchmark-v0.1-candidate-20260716,mosaiq-benchmark,0.1.0-dev,iso_paq_regression,0.1.0,ISD,clip,ISD_PingshanStreet_PingshanStreet2_PS2209,ISD_PingshanStreet_PingshanStreet2_PS2209,train,,0.1.0,datasets/ISD/data/clips.csv,338761af3d9ac79a5f80104eed9db33c2d665810dc1e1b307497b76e79cf33ba
mosaiq-benchmark-v0.1-candidate-20260716,mosaiq-benchmark,0.1.0-dev,iso_paq_regression,0.1.0,ISD,clip,ISD_PingshanStreet_PingshanStreet2_PS2210,ISD_PingshanStreet_PingshanStreet2_PS2210,train,,0.1.0,datasets/ISD/data/clips.csv,dc0b8de81479c1f093500dac00a12329604de47872f46defa9e58e448158fd77
mosaiq-benchmark-v0.1-candidate-20260716,mosaiq-benchmark,0.1.0-dev,iso_paq_regression,0.1.0,ISD,clip,ISD_PingshanStreet_PingshanStreet2_PS2211,ISD_PingshanStreet_PingshanStreet2_PS2211,train,,0.1.0,datasets/ISD/data/clips.csv,a002ec1c134ceab215787825a29ee2e408df086339b1d02d493c268b1e935195
mosaiq-benchmark-v0.1-candidate-20260716,mosaiq-benchmark,0.1.0-dev,iso_paq_regression,0.1.0,ISD,clip,ISD_PingshanStreet_PingshanStreet2_PS2212,ISD_PingshanStreet_PingshanStreet2_PS2212,train,,0.1.0,datasets/ISD/data/clips.csv,4a41d2f60eac23d247e74c8c086b581e275c362dbc58b60daa552a57f490e78e
mosaiq-benchmark-v0.1-candidate-20260716,mosaiq-benchmark,0.1.0-dev,iso_paq_regression,0.1.0,ISD,clip,ISD_PingshanStreet_PingshanStreet2_PS2213,ISD_PingshanStreet_PingshanStreet2_PS2213,train,,0.1.0,datasets/ISD/data/clips.csv,53475a3d962a14a54fdc1c3564f3b59f45afa83a0693064ccd0b735c1403d428
mosaiq-benchmark-v0.1-candidate-20260716,mosaiq-benchmark,0.1.0-dev,iso_paq_regression,0.1.0,ISD,clip,ISD_PingshanStreet_PingshanStreet2_PS2214,ISD_PingshanStreet_PingshanStreet2_PS2214,train,,0.1.0,datasets/ISD/data/clips.csv,4049c320dd0d0658908b858550b419b09ba941a18dd3f304dd1f582901071903
mosaiq-benchmark-v0.1-candidate-20260716,mosaiq-benchmark,0.1.0-dev,iso_paq_regression,0.1.0,ISD,clip,ISD_PingshanStreet_PingshanStreet2_PS2215,ISD_PingshanStreet_PingshanStreet2_PS2215,train,,0.1.0,datasets/ISD/data/clips.csv,c997780d5f1c3109c3368f60a115d88fa3fd7aca07bf9e0dd15457f228e62e81
mosaiq-benchmark-v0.1-candidate-20260716,mosaiq-benchmark,0.1.0-dev,iso_paq_regression,0.1.0,ISD,clip,ISD_PingshanStreet_PingshanStreet2_PS2217,ISD_PingshanStreet_PingshanStreet2_PS2217,train,,0.1.0,datasets/ISD/data/clips.csv,976bbc40681a2f06eb16391f04e94ad7cfd2a1be5b0473e2dd9ea8f7812946d9
mosaiq-benchmark-v0.1-candidate-20260716,mosaiq-benchmark,0.1.0-dev,iso_paq_regression,0.1.0,ISD,clip,ISD_PingshanStreet_PingshanStreet2_PS2218,ISD_PingshanStreet_PingshanStreet2_PS2218,train,,0.1.0,datasets/ISD/data/clips.csv,dd085033cae79e4a57a941cd4b019b4447723b2ab862cb4f9bd0f1994a068876
mosaiq-benchmark-v0.1-candidate-20260716,mosaiq-benchmark,0.1.0-dev,iso_paq_regression,0.1.0,ISD,clip,ISD_PingshanStreet_PingshanStreet2_PS2219,ISD_PingshanStreet_PingshanStreet2_PS2219,train,,0.1.0,datasets/ISD/data/clips.csv,14adaa429056f514e32842e72aa470ebeeee51f1cfc50f3cc263718b02740be1
mosaiq-benchmark-v0.1-candidate-20260716,mosaiq-benchmark,0.1.0-dev,iso_paq_regression,0.1.0,ISD,clip,ISD_PingshanStreet_PingshanStreet2_PS2220,ISD_PingshanStreet_PingshanStreet2_PS2220,train,,0.1.0,datasets/ISD/data/clips.csv,48c47de507c0b900f834d78a005ff43dc8cd644a58eedac5c42fee6dfbc55b53
mosaiq-benchmark-v0.1-candidate-20260716,mosaiq-benchmark,0.1.0-dev,iso_paq_regression,0.1.0,ISD,clip,ISD_PingshanStreet_PingshanStreet2_PS2221,ISD_PingshanStreet_PingshanStreet2_PS2221,train,,0.1.0,datasets/ISD/data/clips.csv,7d082f5415cd6c958fbcaf0ba627b7b328d54dc8e9ff08bec865d9cfcd71ad41
mosaiq-benchmark-v0.1-candidate-20260716,mosaiq-benchmark,0.1.0-dev,iso_paq_regression,0.1.0,ISD,clip,ISD_PingshanStreet_PingshanStreet2_PS2222,ISD_PingshanStreet_PingshanStreet2_PS2222,train,,0.1.0,datasets/ISD/data/clips.csv,ef23434f565086b607c1eb2c2678b02d3160c463b1abef42cb9641ca5ef3eee0
mosaiq-benchmark-v0.1-candidate-20260716,mosaiq-benchmark,0.1.0-dev,iso_paq_regression,0.1.0,ISD,clip,ISD_PingshanStreet_PingshanStreet2_PS2223,ISD_PingshanStreet_PingshanStreet2_PS2223,train,,0.1.0,datasets/ISD/data/clips.csv,20c09df649b6f1ded74ad26150bbc40ff7d5f29447b20c9c71777ed250d17060
mosaiq-benchmark-v0.1-candidate-20260716,mosaiq-benchmark,0.1.0-dev,iso_paq_regression,0.1.0,ISD,clip,ISD_PingshanStreet_PingshanStreet2_PS2224,ISD_PingshanStreet_PingshanStreet2_PS2224,train,,0.1.0,datasets/ISD/data/clips.csv,c9d2929124e490babc0963f7d51a6405890b09474c6d115dac5e9b3003fbcdf3
mosaiq-benchmark-v0.1-candidate-20260716,mosaiq-benchmark,0.1.0-dev,iso_paq_regression,0.1.0,ISD,clip,ISD_PingshanStreet_PingshanStreet2_PS2225,ISD_PingshanStreet_PingshanStreet2_PS2225,train,,0.1.0,datasets/ISD/data/clips.csv,94b4d84d49b47e2e09c5b094b3be6e745f9a806b43dc985374f004e73d334709
mosaiq-benchmark-v0.1-candidate-20260716,mosaiq-benchmark,0.1.0-dev,iso_paq_regression,0.1.0,ISD,clip,ISD_PingshanStreet_PingshanStreet2_PS2226,ISD_PingshanStreet_PingshanStreet2_PS2226,train,,0.1.0,datasets/ISD/data/clips.csv,48160d3f76eb31c7dd99969261c5234137453e0e9c20c0c8da13946143ac4107
mosaiq-benchmark-v0.1-candidate-20260716,mosaiq-benchmark,0.1.0-dev,iso_paq_regression,0.1.0,ISD,clip,ISD_PingshanStreet_PingshanStreet2_PS2227,ISD_PingshanStreet_PingshanStreet2_PS2227,train,,0.1.0,datasets/ISD/data/clips.csv,0ec16e1325574777d5e4eee66850bcc2bf2896be38b81b5a89a81b42c5a5dace
mosaiq-benchmark-v0.1-candidate-20260716,mosaiq-benchmark,0.1.0-dev,iso_paq_regression,0.1.0,ISD,clip,ISD_PingshanStreet_PingshanStreet2_PS2228,ISD_PingshanStreet_PingshanStreet2_PS2228,train,,0.1.0,datasets/ISD/data/clips.csv,7005a213e6273c8bf0ac695c6efdd7077c7cc427fa23e5e6cc80abd0074d6367
mosaiq-benchmark-v0.1-candidate-20260716,mosaiq-benchmark,0.1.0-dev,iso_paq_regression,0.1.0,ISD,clip,ISD_PingshanStreet_PingshanStreet2_PS2229,ISD_PingshanStreet_PingshanStreet2_PS2229,train,,0.1.0,datasets/ISD/data/clips.csv,e919c314b9fb5797163a3201e1d507ab58579b36bcbeb3204fa532f89c08aa62
mosaiq-benchmark-v0.1-candidate-20260716,mosaiq-benchmark,0.1.0-dev,iso_paq_regression,0.1.0,ISD,clip,ISD_PingshanStreet_PingshanStreet2_PS2230,ISD_PingshanStreet_PingshanStreet2_PS2230,train,,0.1.0,datasets/ISD/data/clips.csv,3caf9568528b0ecfdd4b1586a6b4b69a06d0c55a1f7986192f1aae2c77b2a900
mosaiq-benchmark-v0.1-candidate-20260716,mosaiq-benchmark,0.1.0-dev,iso_paq_regression,0.1.0,ISD,clip,ISD_PingshanStreet_PingshanStreet2_PS2231,ISD_PingshanStreet_PingshanStreet2_PS2231,train,,0.1.0,datasets/ISD/data/clips.csv,fcb3ce3a7ed25613bbe37726b25ed3d8a5b2e242fc6ff49092e935b0f77942f0
mosaiq-benchmark-v0.1-candidate-20260716,mosaiq-benchmark,0.1.0-dev,iso_paq_regression,0.1.0,ISD,clip,ISD_PlazaBibRambla_PlazaBibRambla1_BIB1,ISD_PlazaBibRambla_PlazaBibRambla1_BIB1,test,,0.1.0,datasets/ISD/data/clips.csv,fb22eb8dc0c5da04532801235ea35769e7ca6b02e4f9dd6cf38b85ab445a2866
mosaiq-benchmark-v0.1-candidate-20260716,mosaiq-benchmark,0.1.0-dev,iso_paq_regression,0.1.0,ISD,clip,ISD_PlazaBibRambla_PlazaBibRambla1_BIB10,ISD_PlazaBibRambla_PlazaBibRambla1_BIB10,test,,0.1.0,datasets/ISD/data/clips.csv,84da454e638e75c9e0b7c2e2c621db729c1a44aa54b12fc202e10ecfdacb7ffb
mosaiq-benchmark-v0.1-candidate-20260716,mosaiq-benchmark,0.1.0-dev,iso_paq_regression,0.1.0,ISD,clip,ISD_PlazaBibRambla_PlazaBibRambla1_BIB11,ISD_PlazaBibRambla_PlazaBibRambla1_BIB11,test,,0.1.0,datasets/ISD/data/clips.csv,95452e746e4230b3601e1ffb60b784654830c17c2c42b124fd97b635fb1405fe
mosaiq-benchmark-v0.1-candidate-20260716,mosaiq-benchmark,0.1.0-dev,iso_paq_regression,0.1.0,ISD,clip,ISD_PlazaBibRambla_PlazaBibRambla1_BIB12,ISD_PlazaBibRambla_PlazaBibRambla1_BIB12,test,,0.1.0,datasets/ISD/data/clips.csv,17fa5b7d58cdb18035321389284b2d5eb1fdded62185eee132f63e4062274d2e
mosaiq-benchmark-v0.1-candidate-20260716,mosaiq-benchmark,0.1.0-dev,iso_paq_regression,0.1.0,ISD,clip,ISD_PlazaBibRambla_PlazaBibRambla1_BIB13,ISD_PlazaBibRambla_PlazaBibRambla1_BIB13,test,,0.1.0,datasets/ISD/data/clips.csv,cff82734c93cb063b36f1b9a2e41c108ab40c50dd11d2c7b9cdfc4b1c023a054
mosaiq-benchmark-v0.1-candidate-20260716,mosaiq-benchmark,0.1.0-dev,iso_paq_regression,0.1.0,ISD,clip,ISD_PlazaBibRambla_PlazaBibRambla1_BIB14,ISD_PlazaBibRambla_PlazaBibRambla1_BIB14,test,,0.1.0,datasets/ISD/data/clips.csv,cc951ff8bb420bf9b809ad4cd0d96ee1edb985aa38b0ab55f23608d4159efecf
mosaiq-benchmark-v0.1-candidate-20260716,mosaiq-benchmark,0.1.0-dev,iso_paq_regression,0.1.0,ISD,clip,ISD_PlazaBibRambla_PlazaBibRambla1_BIB15,ISD_PlazaBibRambla_PlazaBibRambla1_BIB15,test,,0.1.0,datasets/ISD/data/clips.csv,e4f75932a0e74ebd96ae309f60ebbca69d3b3568dd773fcf6862626c9c5b438a
mosaiq-benchmark-v0.1-candidate-20260716,mosaiq-benchmark,0.1.0-dev,iso_paq_regression,0.1.0,ISD,clip,ISD_PlazaBibRambla_PlazaBibRambla1_BIB16,ISD_PlazaBibRambla_PlazaBibRambla1_BIB16,test,,0.1.0,datasets/ISD/data/clips.csv,badf24882629ff3edd764dc7ff274e7b29ce282c2969c8515fea8ae7a2760a8d
mosaiq-benchmark-v0.1-candidate-20260716,mosaiq-benchmark,0.1.0-dev,iso_paq_regression,0.1.0,ISD,clip,ISD_PlazaBibRambla_PlazaBibRambla1_BIB3,ISD_PlazaBibRambla_PlazaBibRambla1_BIB3,test,,0.1.0,datasets/ISD/data/clips.csv,80d67201ccb84cb1fd837352e14388dfbf9812b3f41bbe14447cdf880fe39531
mosaiq-benchmark-v0.1-candidate-20260716,mosaiq-benchmark,0.1.0-dev,iso_paq_regression,0.1.0,ISD,clip,ISD_PlazaBibRambla_PlazaBibRambla1_BIB4,ISD_PlazaBibRambla_PlazaBibRambla1_BIB4,test,,0.1.0,datasets/ISD/data/clips.csv,af2c5d25e19571c047bd4650eda82cb2aaff1658a8ca4160e0ef7e0d59344ffb
mosaiq-benchmark-v0.1-candidate-20260716,mosaiq-benchmark,0.1.0-dev,iso_paq_regression,0.1.0,ISD,clip,ISD_PlazaBibRambla_PlazaBibRambla1_BIB5,ISD_PlazaBibRambla_PlazaBibRambla1_BIB5,test,,0.1.0,datasets/ISD/data/clips.csv,2aa964948817bbd55fcabaaf4bd73f816f64aaa41008eb39f80cf3ce13082f94
mosaiq-benchmark-v0.1-candidate-20260716,mosaiq-benchmark,0.1.0-dev,iso_paq_regression,0.1.0,ISD,clip,ISD_PlazaBibRambla_PlazaBibRambla1_BIB6,ISD_PlazaBibRambla_PlazaBibRambla1_BIB6,test,,0.1.0,datasets/ISD/data/clips.csv,a6b1efbd539f9ad4735183a8838919bfb10ba341da69be260feab213726cd2e3
mosaiq-benchmark-v0.1-candidate-20260716,mosaiq-benchmark,0.1.0-dev,iso_paq_regression,0.1.0,ISD,clip,ISD_PlazaBibRambla_PlazaBibRambla1_BIB7,ISD_PlazaBibRambla_PlazaBibRambla1_BIB7,test,,0.1.0,datasets/ISD/data/clips.csv,e77b49328f7a774799cf780620acafa643d30dbdc8f8233cda1d12bfd51778d8
mosaiq-benchmark-v0.1-candidate-20260716,mosaiq-benchmark,0.1.0-dev,iso_paq_regression,0.1.0,ISD,clip,ISD_PlazaBibRambla_PlazaBibRambla1_BIB9,ISD_PlazaBibRambla_PlazaBibRambla1_BIB9,test,,0.1.0,datasets/ISD/data/clips.csv,1175f1c6a52936b6cf60150f31e8160ae869cc5d66ca71d98162f9a6201e06ae
mosaiq-benchmark-v0.1-candidate-20260716,mosaiq-benchmark,0.1.0-dev,iso_paq_regression,0.1.0,ISD,clip,ISD_RegentsParkFields_RegentsParkFields1_RF101,ISD_RegentsParkFields_RegentsParkFields1_RF101,train,,0.1.0,datasets/ISD/data/clips.csv,b5d4ff41656c7f3d7e11318411b028fc4215dc60662a22f0a7af9013fabb6d3f
mosaiq-benchmark-v0.1-candidate-20260716,mosaiq-benchmark,0.1.0-dev,iso_paq_regression,0.1.0,ISD,clip,ISD_RegentsParkFields_RegentsParkFields1_RF102,ISD_RegentsParkFields_RegentsParkFields1_RF102,train,,0.1.0,datasets/ISD/data/clips.csv,b0b1b106c52f5705c1fe515920e01d8d6dded670a78d2731da864d355dcb7763
mosaiq-benchmark-v0.1-candidate-20260716,mosaiq-benchmark,0.1.0-dev,iso_paq_regression,0.1.0,ISD,clip,ISD_RegentsParkFields_RegentsParkFields1_RF103,ISD_RegentsParkFields_RegentsParkFields1_RF103,train,,0.1.0,datasets/ISD/data/clips.csv,8126187d71a75f29b911518fcc30d7ec10ec8c9fed72fbbee982d5e71cf1b83f
mosaiq-benchmark-v0.1-candidate-20260716,mosaiq-benchmark,0.1.0-dev,iso_paq_regression,0.1.0,ISD,clip,ISD_RegentsParkFields_RegentsParkFields1_RF104,ISD_RegentsParkFields_RegentsParkFields1_RF104,train,,0.1.0,datasets/ISD/data/clips.csv,f46bd22d45a7d645963d16d4fc8573bb5b12bdcc2fb14293ac5a86a7164ab282
mosaiq-benchmark-v0.1-candidate-20260716,mosaiq-benchmark,0.1.0-dev,iso_paq_regression,0.1.0,ISD,clip,ISD_RegentsParkFields_RegentsParkFields1_RF105,ISD_RegentsParkFields_RegentsParkFields1_RF105,train,,0.1.0,datasets/ISD/data/clips.csv,92b4506dd7d8edd0f5d6708d84c25195ac3604c2ae94256a9f739e3891199cde
mosaiq-benchmark-v0.1-candidate-20260716,mosaiq-benchmark,0.1.0-dev,iso_paq_regression,0.1.0,ISD,clip,ISD_RegentsParkFields_RegentsParkFields1_RF106,ISD_RegentsParkFields_RegentsParkFields1_RF106,train,,0.1.0,datasets/ISD/data/clips.csv,ed1ed4decf55191c56676cc8ecd8d7cad49948ccdef74ed5ec8af0b63f479bbf
mosaiq-benchmark-v0.1-candidate-20260716,mosaiq-benchmark,0.1.0-dev,iso_paq_regression,0.1.0,ISD,clip,ISD_RegentsParkFields_RegentsParkFields1_RF107,ISD_RegentsParkFields_RegentsParkFields1_RF107,train,,0.1.0,datasets/ISD/data/clips.csv,0bd9ebfb9b806099c38912c4d4a51b924825a116e78620d11bb97217db812a35
mosaiq-benchmark-v0.1-candidate-20260716,mosaiq-benchmark,0.1.0-dev,iso_paq_regression,0.1.0,ISD,clip,ISD_RegentsParkFields_RegentsParkFields1_RF108,ISD_RegentsParkFields_RegentsParkFields1_RF108,train,,0.1.0,datasets/ISD/data/clips.csv,78559083d5ebef466cbe3388ab8bdb5c0fffcd1957264ac8d2da5a153a8470fc
mosaiq-benchmark-v0.1-candidate-20260716,mosaiq-benchmark,0.1.0-dev,iso_paq_regression,0.1.0,ISD,clip,ISD_RegentsParkFields_RegentsParkFields1_RF109,ISD_RegentsParkFields_RegentsParkFields1_RF109,train,,0.1.0,datasets/ISD/data/clips.csv,e4c567a615fdd6b23bfd6aecc64f2957ccbed0bae9368870fd7bf0a3c791a171
mosaiq-benchmark-v0.1-candidate-20260716,mosaiq-benchmark,0.1.0-dev,iso_paq_regression,0.1.0,ISD,clip,ISD_RegentsParkFields_RegentsParkFields1_RF110,ISD_RegentsParkFields_RegentsParkFields1_RF110,train,,0.1.0,datasets/ISD/data/clips.csv,702e61f495ba3ff8632cd48af269180e8dab815b6f7b085ecc40fd77b208d968
mosaiq-benchmark-v0.1-candidate-20260716,mosaiq-benchmark,0.1.0-dev,iso_paq_regression,0.1.0,ISD,clip,ISD_RegentsParkFields_RegentsParkFields1_RF111,ISD_RegentsParkFields_RegentsParkFields1_RF111,train,,0.1.0,datasets/ISD/data/clips.csv,0cee5a607996562bc8caf3e813853cb73f1f8ac8743e3ce0727382adb8802b87
mosaiq-benchmark-v0.1-candidate-20260716,mosaiq-benchmark,0.1.0-dev,iso_paq_regression,0.1.0,ISD,clip,ISD_RegentsParkFields_RegentsParkFields1_RF112,ISD_RegentsParkFields_RegentsParkFields1_RF112,train,,0.1.0,datasets/ISD/data/clips.csv,928004be8d20040ad021c84c6f02f981b794bffad6956b39e431e9817d9425db
mosaiq-benchmark-v0.1-candidate-20260716,mosaiq-benchmark,0.1.0-dev,iso_paq_regression,0.1.0,ISD,clip,ISD_RegentsParkFields_RegentsParkFields1_RF113,ISD_RegentsParkFields_RegentsParkFields1_RF113,train,,0.1.0,datasets/ISD/data/clips.csv,b9a7e0721f863ae7dfe230c06ba754df5cb4fd1447cb45786ff2be2e53fd51e0
mosaiq-benchmark-v0.1-candidate-20260716,mosaiq-benchmark,0.1.0-dev,iso_paq_regression,0.1.0,ISD,clip,ISD_RegentsParkFields_RegentsParkFields1_RF114,ISD_RegentsParkFields_RegentsParkFields1_RF114,train,,0.1.0,datasets/ISD/data/clips.csv,9c75f98c38667a3b2efcfae36cd2e89af62358726ba831bdc0263cff2aaba65e
mosaiq-benchmark-v0.1-candidate-20260716,mosaiq-benchmark,0.1.0-dev,iso_paq_regression,0.1.0,ISD,clip,ISD_RegentsParkFields_RegentsParkFields1_RF115,ISD_RegentsParkFields_RegentsParkFields1_RF115,train,,0.1.0,datasets/ISD/data/clips.csv,ae70b9d01e03859142d8132eac1b74f1db1a4bf618ebdafb45cfe74e6ea0bc54
mosaiq-benchmark-v0.1-candidate-20260716,mosaiq-benchmark,0.1.0-dev,iso_paq_regression,0.1.0,ISD,clip,ISD_RegentsParkFields_RegentsParkFields1_RF116,ISD_RegentsParkFields_RegentsParkFields1_RF116,train,,0.1.0,datasets/ISD/data/clips.csv,9be5d5ef890e563d13bcbb37fa0caea30019c69f333d2f195706241b0f50280a
mosaiq-benchmark-v0.1-candidate-20260716,mosaiq-benchmark,0.1.0-dev,iso_paq_regression,0.1.0,ISD,clip,ISD_RegentsParkFields_RegentsParkFields1_RF117,ISD_RegentsParkFields_RegentsParkFields1_RF117,train,,0.1.0,datasets/ISD/data/clips.csv,dcca27851b4e3ad283c2dc35091d13925566be385563c5ecd1dbbfcef726a179
mosaiq-benchmark-v0.1-candidate-20260716,mosaiq-benchmark,0.1.0-dev,iso_paq_regression,0.1.0,ISD,clip,ISD_RegentsParkFields_RegentsParkFields1_RF118,ISD_RegentsParkFields_RegentsParkFields1_RF118,train,,0.1.0,datasets/ISD/data/clips.csv,2b3427fc935a39c63e1b1000360a0cf05f56f91671c475c9f30a1628e5cee143
mosaiq-benchmark-v0.1-candidate-20260716,mosaiq-benchmark,0.1.0-dev,iso_paq_regression,0.1.0,ISD,clip,ISD_RegentsParkFields_RegentsParkFields1_RF119,ISD_RegentsParkFields_RegentsParkFields1_RF119,train,,0.1.0,datasets/ISD/data/clips.csv,4ce5439a2e28e9ddb91eebc65b833a0bb380fb5f9f45cf75c1f2c7f1d2402922
mosaiq-benchmark-v0.1-candidate-20260716,mosaiq-benchmark,0.1.0-dev,iso_paq_regression,0.1.0,ISD,clip,ISD_RegentsParkFields_RegentsParkFields1_RF120,ISD_RegentsParkFields_RegentsParkFields1_RF120,train,,0.1.0,datasets/ISD/data/clips.csv,139561a11da2c5e60facf78234ac6750aaa8fa5c35fb8d5e3468567c664fa7d1
mosaiq-benchmark-v0.1-candidate-20260716,mosaiq-benchmark,0.1.0-dev,iso_paq_regression,0.1.0,ISD,clip,ISD_RegentsParkFields_RegentsParkFields1_RF121,ISD_RegentsParkFields_RegentsParkFields1_RF121,train,,0.1.0,datasets/ISD/data/clips.csv,25886f0a315772d51dcbf038239825f79e138d7f3ad5ed88570c58e9648c66d6
mosaiq-benchmark-v0.1-candidate-20260716,mosaiq-benchmark,0.1.0-dev,iso_paq_regression,0.1.0,ISD,clip,ISD_RegentsParkFields_RegentsParkFields1_RF122,ISD_RegentsParkFields_RegentsParkFields1_RF122,train,,0.1.0,datasets/ISD/data/clips.csv,239b7e22ca622fa4a9d747b19c7f043f064c0fefbbc6ffbf3124e615bd145166
mosaiq-benchmark-v0.1-candidate-20260716,mosaiq-benchmark,0.1.0-dev,iso_paq_regression,0.1.0,ISD,clip,ISD_RegentsParkFields_RegentsParkFields1_RF123,ISD_RegentsParkFields_RegentsParkFields1_RF123,train,,0.1.0,datasets/ISD/data/clips.csv,752fb9522e2b5b42ee0e3f73fdd6a021226f334819cdf5de3a09f293c0b439a1
mosaiq-benchmark-v0.1-candidate-20260716,mosaiq-benchmark,0.1.0-dev,iso_paq_regression,0.1.0,ISD,clip,ISD_RegentsParkFields_RegentsParkFields1_RF124,ISD_RegentsParkFields_RegentsParkFields1_RF124,train,,0.1.0,datasets/ISD/data/clips.csv,d9f38f3ec01fad7c200d50b8d3f36589c57fe8a15e92ac5d12f2a12d8b2b6ec7
mosaiq-benchmark-v0.1-candidate-20260716,mosaiq-benchmark,0.1.0-dev,iso_paq_regression,0.1.0,ISD,clip,ISD_RegentsParkFields_RegentsParkFields1_RF125,ISD_RegentsParkFields_RegentsParkFields1_RF125,train,,0.1.0,datasets/ISD/data/clips.csv,ac09dfcfc83c276d9b55cddf39ad2dd96686c55c9e6fe78cb035df448da9c3cc
mosaiq-benchmark-v0.1-candidate-20260716,mosaiq-benchmark,0.1.0-dev,iso_paq_regression,0.1.0,ISD,clip,ISD_RegentsParkFields_RegentsParkFields1_RF126,ISD_RegentsParkFields_RegentsParkFields1_RF126,train,,0.1.0,datasets/ISD/data/clips.csv,54ac3c71c01474520c666698483c62e9479c92cca12f79c363404b18e30575e2
mosaiq-benchmark-v0.1-candidate-20260716,mosaiq-benchmark,0.1.0-dev,iso_paq_regression,0.1.0,ISD,clip,ISD_RegentsParkFields_RegentsParkFields1_RF127,ISD_RegentsParkFields_RegentsParkFields1_RF127,train,,0.1.0,datasets/ISD/data/clips.csv,881c83afc3eacac61bfcadb0e19f40a0831a17607859be75d55e02315fef9192
mosaiq-benchmark-v0.1-candidate-20260716,mosaiq-benchmark,0.1.0-dev,iso_paq_regression,0.1.0,ISD,clip,ISD_RegentsParkFields_RegentsParkFields1_RF128,ISD_RegentsParkFields_RegentsParkFields1_RF128,train,,0.1.0,datasets/ISD/data/clips.csv,5e9ab3a459baac94a1c1a629c445dc53209ca3739ef9146fa5e92fc0d3508283
mosaiq-benchmark-v0.1-candidate-20260716,mosaiq-benchmark,0.1.0-dev,iso_paq_regression,0.1.0,ISD,clip,ISD_RegentsParkFields_RegentsParkFields1_RF129,ISD_RegentsParkFields_RegentsParkFields1_RF129,train,,0.1.0,datasets/ISD/data/clips.csv,0c553b822fee9ff72719184b5e21ba242328c944ec9b1af0410032b5bea4b1be
mosaiq-benchmark-v0.1-candidate-20260716,mosaiq-benchmark,0.1.0-dev,iso_paq_regression,0.1.0,ISD,clip,ISD_RegentsParkFields_RegentsParkFields1_RF130,ISD_RegentsParkFields_RegentsParkFields1_RF130,train,,0.1.0,datasets/ISD/data/clips.csv,522a3ed523d588fb7dbe4da6eb1f528745b6935da028e5f3778234bd516282e7
mosaiq-benchmark-v0.1-candidate-20260716,mosaiq-benchmark,0.1.0-dev,iso_paq_regression,0.1.0,ISD,clip,ISD_RegentsParkFields_RegentsParkFields1_RF131,ISD_RegentsParkFields_RegentsParkFields1_RF131,train,,0.1.0,datasets/ISD/data/clips.csv,903687425ca81fde06c05805206afe515d0010147ab9e07afb39460874ca8f99
mosaiq-benchmark-v0.1-candidate-20260716,mosaiq-benchmark,0.1.0-dev,iso_paq_regression,0.1.0,ISD,clip,ISD_RegentsParkFields_RegentsParkFields1_RF132,ISD_RegentsParkFields_RegentsParkFields1_RF132,train,,0.1.0,datasets/ISD/data/clips.csv,ed3fa88690e56989e20c388f3ceb0fe6c95c79f5cf08e315e33ce0b143406190
mosaiq-benchmark-v0.1-candidate-20260716,mosaiq-benchmark,0.1.0-dev,iso_paq_regression,0.1.0,ISD,clip,ISD_RegentsParkFields_RegentsParkFields1_RF133,ISD_RegentsParkFields_RegentsParkFields1_RF133,train,,0.1.0,datasets/ISD/data/clips.csv,0ad212abfe37d3218b3260d56329cc0f68787bd4c9c10a281301b90ceca57e79
mosaiq-benchmark-v0.1-candidate-20260716,mosaiq-benchmark,0.1.0-dev,iso_paq_regression,0.1.0,ISD,clip,ISD_RegentsParkFields_RegentsParkFields1_RF134,ISD_RegentsParkFields_RegentsParkFields1_RF134,train,,0.1.0,datasets/ISD/data/clips.csv,e68ce6258216ba5fd9a1a3a365e53cd7cc920ba40c3957237bc93b61ddb39d6e
mosaiq-benchmark-v0.1-candidate-20260716,mosaiq-benchmark,0.1.0-dev,iso_paq_regression,0.1.0,ISD,clip,ISD_RegentsParkFields_RegentsParkFields1_RF135,ISD_RegentsParkFields_RegentsParkFields1_RF135,train,,0.1.0,datasets/ISD/data/clips.csv,b594df40cdfaf81f754d7605706a6db375dea5c1f043f7c18de4426bf69d5d67
mosaiq-benchmark-v0.1-candidate-20260716,mosaiq-benchmark,0.1.0-dev,iso_paq_regression,0.1.0,ISD,clip,ISD_RegentsParkFields_RegentsParkFields1_RF136,ISD_RegentsParkFields_RegentsParkFields1_RF136,train,,0.1.0,datasets/ISD/data/clips.csv,e3a80b03c09686157620b7da7f6007465d845db99f34ca78cb6e4591f663572b
mosaiq-benchmark-v0.1-candidate-20260716,mosaiq-benchmark,0.1.0-dev,iso_paq_regression,0.1.0,ISD,clip,ISD_RegentsParkFields_RegentsParkFields1_RF137,ISD_RegentsParkFields_RegentsParkFields1_RF137,train,,0.1.0,datasets/ISD/data/clips.csv,b80e4cfc45ecc69b324b474bd7a31561e1e29fe39b777e2f3bf84375c6d5a47b
mosaiq-benchmark-v0.1-candidate-20260716,mosaiq-benchmark,0.1.0-dev,iso_paq_regression,0.1.0,ISD,clip,ISD_RegentsParkFields_RegentsParkFields1_RF139,ISD_RegentsParkFields_RegentsParkFields1_RF139,train,,0.1.0,datasets/ISD/data/clips.csv,8ee5de7b142fe1cdcea14761f26d88dc64291b3047511b74a36c266ec2f97e45
mosaiq-benchmark-v0.1-candidate-20260716,mosaiq-benchmark,0.1.0-dev,iso_paq_regression,0.1.0,ISD,clip,ISD_RegentsParkFields_RegentsParkFields1_RF140,ISD_RegentsParkFields_RegentsParkFields1_RF140,train,,0.1.0,datasets/ISD/data/clips.csv,de50e42b397f2f283d35428544360c28297e5593927eb80a4e4b209f1371a44a
mosaiq-benchmark-v0.1-candidate-20260716,mosaiq-benchmark,0.1.0-dev,iso_paq_regression,0.1.0,ISD,clip,ISD_RegentsParkFields_RegentsParkFields1_RF141,ISD_RegentsParkFields_RegentsParkFields1_RF141,train,,0.1.0,datasets/ISD/data/clips.csv,d8c47637f6bbe5f4762217a6311d28b5d396d08387b385d14031155517435c85
mosaiq-benchmark-v0.1-candidate-20260716,mosaiq-benchmark,0.1.0-dev,iso_paq_regression,0.1.0,ISD,clip,ISD_RegentsParkFields_RegentsParkFields1_RF142,ISD_RegentsParkFields_RegentsParkFields1_RF142,train,,0.1.0,datasets/ISD/data/clips.csv,acf091daa0cb6e1875c93548ed0ffaed25768790849ff9a11bc4291cd4580e6e
mosaiq-benchmark-v0.1-candidate-20260716,mosaiq-benchmark,0.1.0-dev,iso_paq_regression,0.1.0,ISD,clip,ISD_RegentsParkFields_RegentsParkFields1_RF143,ISD_RegentsParkFields_RegentsParkFields1_RF143,train,,0.1.0,datasets/ISD/data/clips.csv,0dc0a6d7c5e93555e639423ba7c3d4eac24880912d58b32a13238a6c1724492f
mosaiq-benchmark-v0.1-candidate-20260716,mosaiq-benchmark,0.1.0-dev,iso_paq_regression,0.1.0,ISD,clip,ISD_RegentsParkFields_RegentsParkFields2_RF201,ISD_RegentsParkFields_RegentsParkFields2_RF201,train,,0.1.0,datasets/ISD/data/clips.csv,304bd963aed10a6a4eb86c654870230d89485cb6e951bcc9368feb4cda92934c
mosaiq-benchmark-v0.1-candidate-20260716,mosaiq-benchmark,0.1.0-dev,iso_paq_regression,0.1.0,ISD,clip,ISD_RegentsParkFields_RegentsParkFields2_RF202,ISD_RegentsParkFields_RegentsParkFields2_RF202,train,,0.1.0,datasets/ISD/data/clips.csv,7f6c620ff5735db7ab5c747be7b8939779b4f6af582935efd58fbad088fefbb5
mosaiq-benchmark-v0.1-candidate-20260716,mosaiq-benchmark,0.1.0-dev,iso_paq_regression,0.1.0,ISD,clip,ISD_RegentsParkFields_RegentsParkFields2_RF203,ISD_RegentsParkFields_RegentsParkFields2_RF203,train,,0.1.0,datasets/ISD/data/clips.csv,6ba7fa85ef2306d76a4d41842fd2eb18aea9a201b5687c4d730941ba013b4f02
mosaiq-benchmark-v0.1-candidate-20260716,mosaiq-benchmark,0.1.0-dev,iso_paq_regression,0.1.0,ISD,clip,ISD_RegentsParkFields_RegentsParkFields2_RF204,ISD_RegentsParkFields_RegentsParkFields2_RF204,train,,0.1.0,datasets/ISD/data/clips.csv,f4ce21eed00b62bc8750e2cbd0c27f6e04d9763458cb5b5bf3df6e7f712b9f50
mosaiq-benchmark-v0.1-candidate-20260716,mosaiq-benchmark,0.1.0-dev,iso_paq_regression,0.1.0,ISD,clip,ISD_RegentsParkFields_RegentsParkFields2_RF205,ISD_RegentsParkFields_RegentsParkFields2_RF205,train,,0.1.0,datasets/ISD/data/clips.csv,046aab8893d9e0073a77530481d929881ec8f1cd7259fecad8055de6c75a2324
mosaiq-benchmark-v0.1-candidate-20260716,mosaiq-benchmark,0.1.0-dev,iso_paq_regression,0.1.0,ISD,clip,ISD_RegentsParkFields_RegentsParkFields2_RF206,ISD_RegentsParkFields_RegentsParkFields2_RF206,train,,0.1.0,datasets/ISD/data/clips.csv,6688579f8d2f33c6c0fbba7604cfdcf801ad15616bd3a05be4c7ca019d4fcf6d
mosaiq-benchmark-v0.1-candidate-20260716,mosaiq-benchmark,0.1.0-dev,iso_paq_regression,0.1.0,ISD,clip,ISD_RegentsParkFields_RegentsParkFields2_RF207,ISD_RegentsParkFields_RegentsParkFields2_RF207,train,,0.1.0,datasets/ISD/data/clips.csv,21cf3919007319bc8dd83502ff1fe9adb45decaa3fe8dd02172512140a4f88b4
mosaiq-benchmark-v0.1-candidate-20260716,mosaiq-benchmark,0.1.0-dev,iso_paq_regression,0.1.0,ISD,clip,ISD_RegentsParkFields_RegentsParkFields2_RF208,ISD_RegentsParkFields_RegentsParkFields2_RF208,train,,0.1.0,datasets/ISD/data/clips.csv,0bc290713d46e79ac62f58891c2363d90d5c6f9e014e1ae2c051cb5dcc4bd629
mosaiq-benchmark-v0.1-candidate-20260716,mosaiq-benchmark,0.1.0-dev,iso_paq_regression,0.1.0,ISD,clip,ISD_RegentsParkFields_RegentsParkFields2_RF209,ISD_RegentsParkFields_RegentsParkFields2_RF209,train,,0.1.0,datasets/ISD/data/clips.csv,f16355258d6ff6d304b214f9bf2cfc1a32661b177312a4520209170d26381462
mosaiq-benchmark-v0.1-candidate-20260716,mosaiq-benchmark,0.1.0-dev,iso_paq_regression,0.1.0,ISD,clip,ISD_RegentsParkFields_RegentsParkFields2_RF210,ISD_RegentsParkFields_RegentsParkFields2_RF210,train,,0.1.0,datasets/ISD/data/clips.csv,b7a45e1a9db1c3b2fd1fb9c0770e2bdd7718db0b622c3ada850f33dabe946470
mosaiq-benchmark-v0.1-candidate-20260716,mosaiq-benchmark,0.1.0-dev,iso_paq_regression,0.1.0,ISD,clip,ISD_RegentsParkFields_RegentsParkFields2_RF211,ISD_RegentsParkFields_RegentsParkFields2_RF211,train,,0.1.0,datasets/ISD/data/clips.csv,982c010772de345d9bbe5a57af9f96ef46d6902ac83a834520a88df33bc529cb
mosaiq-benchmark-v0.1-candidate-20260716,mosaiq-benchmark,0.1.0-dev,iso_paq_regression,0.1.0,ISD,clip,ISD_RegentsParkFields_RegentsParkFields2_RF212,ISD_RegentsParkFields_RegentsParkFields2_RF212,train,,0.1.0,datasets/ISD/data/clips.csv,54227bae05c1296a2d888b1a49a8471c5c11182c58e5abb346922dfc42ba1a87
mosaiq-benchmark-v0.1-candidate-20260716,mosaiq-benchmark,0.1.0-dev,iso_paq_regression,0.1.0,ISD,clip,ISD_RegentsParkFields_RegentsParkFields2_RF213,ISD_RegentsParkFields_RegentsParkFields2_RF213,train,,0.1.0,datasets/ISD/data/clips.csv,a8b8d59b37f664f537a789242d3406292c2fe16a3dda96bac669b4dfb2e82c58
mosaiq-benchmark-v0.1-candidate-20260716,mosaiq-benchmark,0.1.0-dev,iso_paq_regression,0.1.0,ISD,clip,ISD_RegentsParkFields_RegentsParkFields2_RF214,ISD_RegentsParkFields_RegentsParkFields2_RF214,train,,0.1.0,datasets/ISD/data/clips.csv,a11d10cd6ca749b55768a1a2dbf3637595af19229b833939a58b569c5e9c4c92
mosaiq-benchmark-v0.1-candidate-20260716,mosaiq-benchmark,0.1.0-dev,iso_paq_regression,0.1.0,ISD,clip,ISD_RegentsParkFields_RegentsParkFields2_RF215,ISD_RegentsParkFields_RegentsParkFields2_RF215,train,,0.1.0,datasets/ISD/data/clips.csv,95edb06d521dc514e69107fc8b529be0a9deb85eb9be34743349a2f8817a6d61
mosaiq-benchmark-v0.1-candidate-20260716,mosaiq-benchmark,0.1.0-dev,iso_paq_regression,0.1.0,ISD,clip,ISD_RegentsParkFields_RegentsParkFields2_RF216,ISD_RegentsParkFields_RegentsParkFields2_RF216,train,,0.1.0,datasets/ISD/data/clips.csv,f46cf3b7a3b41a81be11d47dc92dcf163a46715f5fa845b1503b34b7293a2426
mosaiq-benchmark-v0.1-candidate-20260716,mosaiq-benchmark,0.1.0-dev,iso_paq_regression,0.1.0,ISD,clip,ISD_RegentsParkFields_RegentsParkFields2_RF217,ISD_RegentsParkFields_RegentsParkFields2_RF217,train,,0.1.0,datasets/ISD/data/clips.csv,0943108f56c09f3619aad0ebeec4931b6ce83fd9e4a61712be9eaa078a7f42c2
mosaiq-benchmark-v0.1-candidate-20260716,mosaiq-benchmark,0.1.0-dev,iso_paq_regression,0.1.0,ISD,clip,ISD_RegentsParkFields_RegentsParkFields2_RF218,ISD_RegentsParkFields_RegentsParkFields2_RF218,train,,0.1.0,datasets/ISD/data/clips.csv,a6b16dedeb08b22286cc0b3b5bcace231d2b60cbd4642e4384113e9c381302b1
mosaiq-benchmark-v0.1-candidate-20260716,mosaiq-benchmark,0.1.0-dev,iso_paq_regression,0.1.0,ISD,clip,ISD_RegentsParkFields_RegentsParkFields2_RF219,ISD_RegentsParkFields_RegentsParkFields2_RF219,train,,0.1.0,datasets/ISD/data/clips.csv,ca3c2e0d4edc3578760e00d04c5ebdd8df59a308412f14dd5cde30ab68b14e6e
mosaiq-benchmark-v0.1-candidate-20260716,mosaiq-benchmark,0.1.0-dev,iso_paq_regression,0.1.0,ISD,clip,ISD_RegentsParkFields_RegentsParkFields2_RF220,ISD_RegentsParkFields_RegentsParkFields2_RF220,train,,0.1.0,datasets/ISD/data/clips.csv,094ac1a9cbba89544ea7aa41ae91b41f770ee2cf57decb39255488a3c25fb986
mosaiq-benchmark-v0.1-candidate-20260716,mosaiq-benchmark,0.1.0-dev,iso_paq_regression,0.1.0,ISD,clip,ISD_RegentsParkFields_RegentsParkFields2_RF221,ISD_RegentsParkFields_RegentsParkFields2_RF221,train,,0.1.0,datasets/ISD/data/clips.csv,3db378ca2d6eaecbc6d4bba58d20cc832cf6bc1fd4cdc6ca30053e628d04b63b
mosaiq-benchmark-v0.1-candidate-20260716,mosaiq-benchmark,0.1.0-dev,iso_paq_regression,0.1.0,ISD,clip,ISD_RegentsParkFields_RegentsParkFields2_RF222,ISD_RegentsParkFields_RegentsParkFields2_RF222,train,,0.1.0,datasets/ISD/data/clips.csv,876d3cb84334868e760fa3140a2b4eb8231c8fbe8416b0279a81cf04c0ce2b52
mosaiq-benchmark-v0.1-candidate-20260716,mosaiq-benchmark,0.1.0-dev,iso_paq_regression,0.1.0,ISD,clip,ISD_RegentsParkFields_RegentsParkFields2_RF223,ISD_RegentsParkFields_RegentsParkFields2_RF223,train,,0.1.0,datasets/ISD/data/clips.csv,1e1a455ac61525171c2dbd2b30df2904b8a61227eacce6dff5b66d817118e459
mosaiq-benchmark-v0.1-candidate-20260716,mosaiq-benchmark,0.1.0-dev,iso_paq_regression,0.1.0,ISD,clip,ISD_RegentsParkFields_RegentsParkFields2_RF225,ISD_RegentsParkFields_RegentsParkFields2_RF225,train,,0.1.0,datasets/ISD/data/clips.csv,4a47dfe6c0c0770dc94df05b1127d681fad8d20e1f7d613f3a71fe8e1014fccd
mosaiq-benchmark-v0.1-candidate-20260716,mosaiq-benchmark,0.1.0-dev,iso_paq_regression,0.1.0,ISD,clip,ISD_RegentsParkFields_RegentsParkFields2_RF227,ISD_RegentsParkFields_RegentsParkFields2_RF227,train,,0.1.0,datasets/ISD/data/clips.csv,6757d00e800fdaa646cb62229c251a8e436d96681b15107570581ff0c87ebcb7
mosaiq-benchmark-v0.1-candidate-20260716,mosaiq-benchmark,0.1.0-dev,iso_paq_regression,0.1.0,ISD,clip,ISD_RegentsParkJapan_RegentsParkJapan1_RP101,ISD_RegentsParkJapan_RegentsParkJapan1_RP101,train,,0.1.0,datasets/ISD/data/clips.csv,91bec6df61879a47a21a297638df20fb0d7bb046eb596c1f54a5648b69b909d7
mosaiq-benchmark-v0.1-candidate-20260716,mosaiq-benchmark,0.1.0-dev,iso_paq_regression,0.1.0,ISD,clip,ISD_RegentsParkJapan_RegentsParkJapan1_RP102,ISD_RegentsParkJapan_RegentsParkJapan1_RP102,train,,0.1.0,datasets/ISD/data/clips.csv,93150a585b6954742aa412ee06c957a37fb893f4ce065dac47f88107ff7a102a
mosaiq-benchmark-v0.1-candidate-20260716,mosaiq-benchmark,0.1.0-dev,iso_paq_regression,0.1.0,ISD,clip,ISD_RegentsParkJapan_RegentsParkJapan1_RP103,ISD_RegentsParkJapan_RegentsParkJapan1_RP103,train,,0.1.0,datasets/ISD/data/clips.csv,bed73cbd1bc9c00089d0b4ca155d841ab37c0e5b4431ae834195e40ef0458c60
mosaiq-benchmark-v0.1-candidate-20260716,mosaiq-benchmark,0.1.0-dev,iso_paq_regression,0.1.0,ISD,clip,ISD_RegentsParkJapan_RegentsParkJapan1_RP105,ISD_RegentsParkJapan_RegentsParkJapan1_RP105,train,,0.1.0,datasets/ISD/data/clips.csv,cfdf200c3b34388cc07d1b6d878ad927223fccb726e6099f23d587818b12b1a1
mosaiq-benchmark-v0.1-candidate-20260716,mosaiq-benchmark,0.1.0-dev,iso_paq_regression,0.1.0,ISD,clip,ISD_RegentsParkJapan_RegentsParkJapan1_RP107,ISD_RegentsParkJapan_RegentsParkJapan1_RP107,train,,0.1.0,datasets/ISD/data/clips.csv,9c82682e6f1924abc825c36ad2df147efb60bb2d4b8f859d5250300e2ce547a0
mosaiq-benchmark-v0.1-candidate-20260716,mosaiq-benchmark,0.1.0-dev,iso_paq_regression,0.1.0,ISD,clip,ISD_RegentsParkJapan_RegentsParkJapan1_RP108,ISD_RegentsParkJapan_RegentsParkJapan1_RP108,train,,0.1.0,datasets/ISD/data/clips.csv,a331dd1bdc7eb046a534d33b69713d1f0e8276736755d8ed03b8cc1702283496
mosaiq-benchmark-v0.1-candidate-20260716,mosaiq-benchmark,0.1.0-dev,iso_paq_regression,0.1.0,ISD,clip,ISD_RegentsParkJapan_RegentsParkJapan1_RP110,ISD_RegentsParkJapan_RegentsParkJapan1_RP110,train,,0.1.0,datasets/ISD/data/clips.csv,1cdfeb164d6f8ae0c186a139916c5bb2d55b3e7a979f51ea495b000db4184036
mosaiq-benchmark-v0.1-candidate-20260716,mosaiq-benchmark,0.1.0-dev,iso_paq_regression,0.1.0,ISD,clip,ISD_RegentsParkJapan_RegentsParkJapan1_RP111,ISD_RegentsParkJapan_RegentsParkJapan1_RP111,train,,0.1.0,datasets/ISD/data/clips.csv,9e5234a6ef75affffacf46c2d122426f5e84144ac704fb3cd11ed0653230664e
mosaiq-benchmark-v0.1-candidate-20260716,mosaiq-benchmark,0.1.0-dev,iso_paq_regression,0.1.0,ISD,clip,ISD_RegentsParkJapan_RegentsParkJapan1_RP112,ISD_RegentsParkJapan_RegentsParkJapan1_RP112,train,,0.1.0,datasets/ISD/data/clips.csv,cc94490991bdf965184fda7829cbca317cf8c86d74afb01a97d5bee303615fe5
mosaiq-benchmark-v0.1-candidate-20260716,mosaiq-benchmark,0.1.0-dev,iso_paq_regression,0.1.0,ISD,clip,ISD_RegentsParkJapan_RegentsParkJapan1_RP113,ISD_RegentsParkJapan_RegentsParkJapan1_RP113,train,,0.1.0,datasets/ISD/data/clips.csv,10245eddf03da17886bdad694ecc1432f966d11b744a1e3da95f34c5ca91ff55
mosaiq-benchmark-v0.1-candidate-20260716,mosaiq-benchmark,0.1.0-dev,iso_paq_regression,0.1.0,ISD,clip,ISD_RegentsParkJapan_RegentsParkJapan1_RP114,ISD_RegentsParkJapan_RegentsParkJapan1_RP114,train,,0.1.0,datasets/ISD/data/clips.csv,cac3f84d158bd5258aea3af50a988edb880a76dc78fe67ed5078b1115dd4730c
mosaiq-benchmark-v0.1-candidate-20260716,mosaiq-benchmark,0.1.0-dev,iso_paq_regression,0.1.0,ISD,clip,ISD_RegentsParkJapan_RegentsParkJapan1_RP116,ISD_RegentsParkJapan_RegentsParkJapan1_RP116,train,,0.1.0,datasets/ISD/data/clips.csv,5b3882e8918c6517051fe74facb2cd85f0e1bcde34a7defee798dd7e000e2833
mosaiq-benchmark-v0.1-candidate-20260716,mosaiq-benchmark,0.1.0-dev,iso_paq_regression,0.1.0,ISD,clip,ISD_RegentsParkJapan_RegentsParkJapan1_RP117,ISD_RegentsParkJapan_RegentsParkJapan1_RP117,train,,0.1.0,datasets/ISD/data/clips.csv,a55f1163cccb90bc2252f4785ad255ae807c94fba14812ecb8f5ea88018b3b6d
mosaiq-benchmark-v0.1-candidate-20260716,mosaiq-benchmark,0.1.0-dev,iso_paq_regression,0.1.0,ISD,clip,ISD_RegentsParkJapan_RegentsParkJapan1_RP118,ISD_RegentsParkJapan_RegentsParkJapan1_RP118,train,,0.1.0,datasets/ISD/data/clips.csv,123710041f4c1c4dd923b5014baf853e102813e6e01ef91367e1e0032e86df9a
mosaiq-benchmark-v0.1-candidate-20260716,mosaiq-benchmark,0.1.0-dev,iso_paq_regression,0.1.0,ISD,clip,ISD_RegentsParkJapan_RegentsParkJapan1_RP120,ISD_RegentsParkJapan_RegentsParkJapan1_RP120,train,,0.1.0,datasets/ISD/data/clips.csv,4feea8a5069c12716e442e4e0708f783b937c5bd4e661308db149b8c8260067a
mosaiq-benchmark-v0.1-candidate-20260716,mosaiq-benchmark,0.1.0-dev,iso_paq_regression,0.1.0,ISD,clip,ISD_RegentsParkJapan_RegentsParkJapan1_RP121,ISD_RegentsParkJapan_RegentsParkJapan1_RP121,train,,0.1.0,datasets/ISD/data/clips.csv,3dfd06ab10f14c61b4fcd780f3ad639eeddd938462330083622e62870b1f5887
mosaiq-benchmark-v0.1-candidate-20260716,mosaiq-benchmark,0.1.0-dev,iso_paq_regression,0.1.0,ISD,clip,ISD_RegentsParkJapan_RegentsParkJapan1_RP122,ISD_RegentsParkJapan_RegentsParkJapan1_RP122,train,,0.1.0,datasets/ISD/data/clips.csv,2430df63973a8130cd27cc1ddf5cdfa2e52c474f14eb5b75f11b6bd3e3c198d5
mosaiq-benchmark-v0.1-candidate-20260716,mosaiq-benchmark,0.1.0-dev,iso_paq_regression,0.1.0,ISD,clip,ISD_RegentsParkJapan_RegentsParkJapan1_RP123,ISD_RegentsParkJapan_RegentsParkJapan1_RP123,train,,0.1.0,datasets/ISD/data/clips.csv,25fa3eaa85e6fe3fc323bd2d2d595ca9fc4bc2a4337669479830670d2a546bbf
mosaiq-benchmark-v0.1-candidate-20260716,mosaiq-benchmark,0.1.0-dev,iso_paq_regression,0.1.0,ISD,clip,ISD_RegentsParkJapan_RegentsParkJapan1_RP124,ISD_RegentsParkJapan_RegentsParkJapan1_RP124,train,,0.1.0,datasets/ISD/data/clips.csv,9160e9a06fd57d5c7fa06094e08094d321c45afced163136910eebcd3350d613
mosaiq-benchmark-v0.1-candidate-20260716,mosaiq-benchmark,0.1.0-dev,iso_paq_regression,0.1.0,ISD,clip,ISD_RegentsParkJapan_RegentsParkJapan1_RP125,ISD_RegentsParkJapan_RegentsParkJapan1_RP125,train,,0.1.0,datasets/ISD/data/clips.csv,62f5db2ee6c0f492edd275826d227855b2164e236a5337c44813c042ad3cea7a
mosaiq-benchmark-v0.1-candidate-20260716,mosaiq-benchmark,0.1.0-dev,iso_paq_regression,0.1.0,ISD,clip,ISD_RegentsParkJapan_RegentsParkJapan1_RP126,ISD_RegentsParkJapan_RegentsParkJapan1_RP126,train,,0.1.0,datasets/ISD/data/clips.csv,a5acf35b6a04a771cf92c3e8e3cd593c90dd1256b7130c0780db216ebcf93e8c
mosaiq-benchmark-v0.1-candidate-20260716,mosaiq-benchmark,0.1.0-dev,iso_paq_regression,0.1.0,ISD,clip,ISD_RegentsParkJapan_RegentsParkJapan1_RP127,ISD_RegentsParkJapan_RegentsParkJapan1_RP127,train,,0.1.0,datasets/ISD/data/clips.csv,bf102612a2baf0f83ce90e0543430634b2c56b0799324fbb5a28a019ddd8c318
mosaiq-benchmark-v0.1-candidate-20260716,mosaiq-benchmark,0.1.0-dev,iso_paq_regression,0.1.0,ISD,clip,ISD_RegentsParkJapan_RegentsParkJapan1_RP128,ISD_RegentsParkJapan_RegentsParkJapan1_RP128,train,,0.1.0,datasets/ISD/data/clips.csv,8c04928482f8ff5646e5743a14c1df3760c75b83f6b18b6896663ed8396a2149
mosaiq-benchmark-v0.1-candidate-20260716,mosaiq-benchmark,0.1.0-dev,iso_paq_regression,0.1.0,ISD,clip,ISD_RegentsParkJapan_RegentsParkJapan1_RP129,ISD_RegentsParkJapan_RegentsParkJapan1_RP129,train,,0.1.0,datasets/ISD/data/clips.csv,51d97f99d5b155c6331dffdb3e058d524c17c65502ceee6bfafcb9a659949e8e
mosaiq-benchmark-v0.1-candidate-20260716,mosaiq-benchmark,0.1.0-dev,iso_paq_regression,0.1.0,ISD,clip,ISD_RegentsParkJapan_RegentsParkJapan1_RP130,ISD_RegentsParkJapan_RegentsParkJapan1_RP130,train,,0.1.0,datasets/ISD/data/clips.csv,d40c4acf94079afe279e5912e5ba3e23bac919a0ec3272d50a5894498d30f76d
mosaiq-benchmark-v0.1-candidate-20260716,mosaiq-benchmark,0.1.0-dev,iso_paq_regression,0.1.0,ISD,clip,ISD_RegentsParkJapan_RegentsParkJapan1_RP131,ISD_RegentsParkJapan_RegentsParkJapan1_RP131,train,,0.1.0,datasets/ISD/data/clips.csv,b51cd714c1cbc9b09761e62ae58a1799de9bc4a66658c1b8e3647ef78a9d3973
mosaiq-benchmark-v0.1-candidate-20260716,mosaiq-benchmark,0.1.0-dev,iso_paq_regression,0.1.0,ISD,clip,ISD_RegentsParkJapan_RegentsParkJapan1_RP132,ISD_RegentsParkJapan_RegentsParkJapan1_RP132,train,,0.1.0,datasets/ISD/data/clips.csv,444f341a43282fd7d0f9cc7ee4129faa32ad0a9eee66aaca757f0c004a5af514
mosaiq-benchmark-v0.1-candidate-20260716,mosaiq-benchmark,0.1.0-dev,iso_paq_regression,0.1.0,ISD,clip,ISD_RegentsParkJapan_RegentsParkJapan1_RP133,ISD_RegentsParkJapan_RegentsParkJapan1_RP133,train,,0.1.0,datasets/ISD/data/clips.csv,5d6b33a2be0c0b8a07a0acc6001681b0bc14d07a21156c564e8590ef78c97ac2
mosaiq-benchmark-v0.1-candidate-20260716,mosaiq-benchmark,0.1.0-dev,iso_paq_regression,0.1.0,ISD,clip,ISD_RegentsParkJapan_RegentsParkJapan1_RP135,ISD_RegentsParkJapan_RegentsParkJapan1_RP135,train,,0.1.0,datasets/ISD/data/clips.csv,d0a0fe93f932632bbbd97f447f039e0249ea0f8a1301a936985c12d45fb6633f
mosaiq-benchmark-v0.1-candidate-20260716,mosaiq-benchmark,0.1.0-dev,iso_paq_regression,0.1.0,ISD,clip,ISD_RegentsParkJapan_RegentsParkJapan1_RP136,ISD_RegentsParkJapan_RegentsParkJapan1_RP136,train,,0.1.0,datasets/ISD/data/clips.csv,c5f6a190875cc2d9c1f7afdee7255cf673affadac0478e363559d64b63ff30f7
mosaiq-benchmark-v0.1-candidate-20260716,mosaiq-benchmark,0.1.0-dev,iso_paq_regression,0.1.0,ISD,clip,ISD_RegentsParkJapan_RegentsParkJapan1_RP137,ISD_RegentsParkJapan_RegentsParkJapan1_RP137,train,,0.1.0,datasets/ISD/data/clips.csv,339dccca2e582314c0425c6b22925d45ff16b1c15d7a76f6b5834f114eb469b7
mosaiq-benchmark-v0.1-candidate-20260716,mosaiq-benchmark,0.1.0-dev,iso_paq_regression,0.1.0,ISD,clip,ISD_RegentsParkJapan_RegentsParkJapan1_RP138,ISD_RegentsParkJapan_RegentsParkJapan1_RP138,train,,0.1.0,datasets/ISD/data/clips.csv,75f0a4c802150b5760fa7af15dfbf2669db7c4fbdec8bd49555f080fad1f3355
mosaiq-benchmark-v0.1-candidate-20260716,mosaiq-benchmark,0.1.0-dev,iso_paq_regression,0.1.0,ISD,clip,ISD_RegentsParkJapan_RegentsParkJapan1_RP139,ISD_RegentsParkJapan_RegentsParkJapan1_RP139,train,,0.1.0,datasets/ISD/data/clips.csv,9e9458d15162fa123dc950da6b078f5e201a52f16ddc7e36cb03636afeada7e7
mosaiq-benchmark-v0.1-candidate-20260716,mosaiq-benchmark,0.1.0-dev,iso_paq_regression,0.1.0,ISD,clip,ISD_RegentsParkJapan_RegentsParkJapan2_RP201,ISD_RegentsParkJapan_RegentsParkJapan2_RP201,train,,0.1.0,datasets/ISD/data/clips.csv,b798c628ef5d2b3ad552ca627aa68e628da90eff138bc2b641f4458a9b45f067
mosaiq-benchmark-v0.1-candidate-20260716,mosaiq-benchmark,0.1.0-dev,iso_paq_regression,0.1.0,ISD,clip,ISD_RegentsParkJapan_RegentsParkJapan2_RP202,ISD_RegentsParkJapan_RegentsParkJapan2_RP202,train,,0.1.0,datasets/ISD/data/clips.csv,93e3885dcf73115379969e74d05ffe4b6490467dedd15ce6136d7dd6420b088e
mosaiq-benchmark-v0.1-candidate-20260716,mosaiq-benchmark,0.1.0-dev,iso_paq_regression,0.1.0,ISD,clip,ISD_RegentsParkJapan_RegentsParkJapan2_RP203,ISD_RegentsParkJapan_RegentsParkJapan2_RP203,train,,0.1.0,datasets/ISD/data/clips.csv,39fbccbd41c37ef253f1e90832eefcca1d3aa8ea85308c08703a9e6df9d2a748
mosaiq-benchmark-v0.1-candidate-20260716,mosaiq-benchmark,0.1.0-dev,iso_paq_regression,0.1.0,ISD,clip,ISD_RegentsParkJapan_RegentsParkJapan2_RP204,ISD_RegentsParkJapan_RegentsParkJapan2_RP204,train,,0.1.0,datasets/ISD/data/clips.csv,a4c5e2f37a5c2e722f3749ddbb9456ceb4f9b4b63deac6439ec651ff6a01118b
mosaiq-benchmark-v0.1-candidate-20260716,mosaiq-benchmark,0.1.0-dev,iso_paq_regression,0.1.0,ISD,clip,ISD_RegentsParkJapan_RegentsParkJapan2_RP205,ISD_RegentsParkJapan_RegentsParkJapan2_RP205,train,,0.1.0,datasets/ISD/data/clips.csv,3c3223e8b1aca229a41b87f8250ad9c6a38f2f9a22801d0dd3f33b0b9b240b62
mosaiq-benchmark-v0.1-candidate-20260716,mosaiq-benchmark,0.1.0-dev,iso_paq_regression,0.1.0,ISD,clip,ISD_RegentsParkJapan_RegentsParkJapan2_RP206,ISD_RegentsParkJapan_RegentsParkJapan2_RP206,train,,0.1.0,datasets/ISD/data/clips.csv,cd23146550aaf597984ae69db2e2d2bc1d342816b3c2bcb6335b1db3c040c15c
mosaiq-benchmark-v0.1-candidate-20260716,mosaiq-benchmark,0.1.0-dev,iso_paq_regression,0.1.0,ISD,clip,ISD_RegentsParkJapan_RegentsParkJapan2_RP207,ISD_RegentsParkJapan_RegentsParkJapan2_RP207,train,,0.1.0,datasets/ISD/data/clips.csv,8cc0776ffdd1a01d6ce369a68184bbaab1f4e370260bddb9d23ddabaa4abd470
mosaiq-benchmark-v0.1-candidate-20260716,mosaiq-benchmark,0.1.0-dev,iso_paq_regression,0.1.0,ISD,clip,ISD_RegentsParkJapan_RegentsParkJapan2_RP208,ISD_RegentsParkJapan_RegentsParkJapan2_RP208,train,,0.1.0,datasets/ISD/data/clips.csv,2af71e8685ec10bc7dc90c471513ef5d393bbc4deadfa7c3ca0a9906cfe55023
mosaiq-benchmark-v0.1-candidate-20260716,mosaiq-benchmark,0.1.0-dev,iso_paq_regression,0.1.0,ISD,clip,ISD_RegentsParkJapan_RegentsParkJapan2_RP209,ISD_RegentsParkJapan_RegentsParkJapan2_RP209,train,,0.1.0,datasets/ISD/data/clips.csv,3753652773fd2c63f3dca944c6de282634824fd216304c723ccb938195282a5f
mosaiq-benchmark-v0.1-candidate-20260716,mosaiq-benchmark,0.1.0-dev,iso_paq_regression,0.1.0,ISD,clip,ISD_RegentsParkJapan_RegentsParkJapan2_RP210,ISD_RegentsParkJapan_RegentsParkJapan2_RP210,train,,0.1.0,datasets/ISD/data/clips.csv,a1c945e55cb34d1e4eef8d1fb2e9ebb7ae7729461c0a9e2e310731e46a6bfc8f
mosaiq-benchmark-v0.1-candidate-20260716,mosaiq-benchmark,0.1.0-dev,iso_paq_regression,0.1.0,ISD,clip,ISD_RegentsParkJapan_RegentsParkJapan2_RP211,ISD_RegentsParkJapan_RegentsParkJapan2_RP211,train,,0.1.0,datasets/ISD/data/clips.csv,ba29683b97e5a55f781a6c5476839897114a8bc90f82c3ee059c95c6ed12d153
mosaiq-benchmark-v0.1-candidate-20260716,mosaiq-benchmark,0.1.0-dev,iso_paq_regression,0.1.0,ISD,clip,ISD_RegentsParkJapan_RegentsParkJapan2_RP212,ISD_RegentsParkJapan_RegentsParkJapan2_RP212,train,,0.1.0,datasets/ISD/data/clips.csv,a35ad3ca2605ef9477edd1c95f8106db55550481205eec00075d8490382828a4
mosaiq-benchmark-v0.1-candidate-20260716,mosaiq-benchmark,0.1.0-dev,iso_paq_regression,0.1.0,ISD,clip,ISD_RegentsParkJapan_RegentsParkJapan2_RP214,ISD_RegentsParkJapan_RegentsParkJapan2_RP214,train,,0.1.0,datasets/ISD/data/clips.csv,a0bf1e512973879eed59aabe09f0403d8ada52ac53130c3f5350842d229b74f9
mosaiq-benchmark-v0.1-candidate-20260716,mosaiq-benchmark,0.1.0-dev,iso_paq_regression,0.1.0,ISD,clip,ISD_RegentsParkJapan_RegentsParkJapan2_RP215,ISD_RegentsParkJapan_RegentsParkJapan2_RP215,train,,0.1.0,datasets/ISD/data/clips.csv,619b5eb7d78be391b8f32cad8e496c0207508904a4d5445abb064b18aa2f55b5
mosaiq-benchmark-v0.1-candidate-20260716,mosaiq-benchmark,0.1.0-dev,iso_paq_regression,0.1.0,ISD,clip,ISD_RegentsParkJapan_RegentsParkJapan2_RP216,ISD_RegentsParkJapan_RegentsParkJapan2_RP216,train,,0.1.0,datasets/ISD/data/clips.csv,a5ed50155b4f69290e89589ba34d37d6107146a28bc72523cd01853b666bec52
mosaiq-benchmark-v0.1-candidate-20260716,mosaiq-benchmark,0.1.0-dev,iso_paq_regression,0.1.0,ISD,clip,ISD_RegentsParkJapan_RegentsParkJapan2_RP217,ISD_RegentsParkJapan_RegentsParkJapan2_RP217,train,,0.1.0,datasets/ISD/data/clips.csv,258d9987e1a56666627012df38ce0805c6b314026a50021f9c7fadc2ce567d26
mosaiq-benchmark-v0.1-candidate-20260716,mosaiq-benchmark,0.1.0-dev,iso_paq_regression,0.1.0,ISD,clip,ISD_RegentsParkJapan_RegentsParkJapan2_RP218,ISD_RegentsParkJapan_RegentsParkJapan2_RP218,train,,0.1.0,datasets/ISD/data/clips.csv,40e5c19399f5c65332191c3a675262e06698cea5e5105bf2eba73e3243407628
mosaiq-benchmark-v0.1-candidate-20260716,mosaiq-benchmark,0.1.0-dev,iso_paq_regression,0.1.0,ISD,clip,ISD_RegentsParkJapan_RegentsParkJapan2_RP219,ISD_RegentsParkJapan_RegentsParkJapan2_RP219,train,,0.1.0,datasets/ISD/data/clips.csv,b5a2d3fc990087d42a8b3103a6b5694f9ad43d3902540f614e3ec638d25a7b1e
mosaiq-benchmark-v0.1-candidate-20260716,mosaiq-benchmark,0.1.0-dev,iso_paq_regression,0.1.0,ISD,clip,ISD_RegentsParkJapan_RegentsParkJapan2_RP220,ISD_RegentsParkJapan_RegentsParkJapan2_RP220,train,,0.1.0,datasets/ISD/data/clips.csv,c51b4f17dc7216abd115bca5f6b8604e2abe1749887287c0a6e2295ee51a6671
mosaiq-benchmark-v0.1-candidate-20260716,mosaiq-benchmark,0.1.0-dev,iso_paq_regression,0.1.0,ISD,clip,ISD_RegentsParkJapan_RegentsParkJapan2_RP221,ISD_RegentsParkJapan_RegentsParkJapan2_RP221,train,,0.1.0,datasets/ISD/data/clips.csv,285c3207135d02ecb9d8ccec5f0cdf4aef6bc38ee0c846ed32c9531f427dac2c
mosaiq-benchmark-v0.1-candidate-20260716,mosaiq-benchmark,0.1.0-dev,iso_paq_regression,0.1.0,ISD,clip,ISD_RegentsParkJapan_RegentsParkJapan2_RP222,ISD_RegentsParkJapan_RegentsParkJapan2_RP222,train,,0.1.0,datasets/ISD/data/clips.csv,541f6e6b7b2f3d3bf9d8d6ddb1d7e8fcc3e7a6fe552ff8d50d2a88c96f5d0a29
mosaiq-benchmark-v0.1-candidate-20260716,mosaiq-benchmark,0.1.0-dev,iso_paq_regression,0.1.0,ISD,clip,ISD_RegentsParkJapan_RegentsParkJapan2_RP223,ISD_RegentsParkJapan_RegentsParkJapan2_RP223,train,,0.1.0,datasets/ISD/data/clips.csv,a93bc1c1476c928105ad6c4b324fdb9ab5eaf71831cb6a72d22bcf6f29cfb7fd
mosaiq-benchmark-v0.1-candidate-20260716,mosaiq-benchmark,0.1.0-dev,iso_paq_regression,0.1.0,ISD,clip,ISD_RegentsParkJapan_RegentsParkJapan2_RP224,ISD_RegentsParkJapan_RegentsParkJapan2_RP224,train,,0.1.0,datasets/ISD/data/clips.csv,777889e659cd7a5bc2adc54b91b2d12e666837effadbc8f52a147b035778f947
mosaiq-benchmark-v0.1-candidate-20260716,mosaiq-benchmark,0.1.0-dev,iso_paq_regression,0.1.0,ISD,clip,ISD_RegentsParkJapan_RegentsParkJapan2_RP225,ISD_RegentsParkJapan_RegentsParkJapan2_RP225,train,,0.1.0,datasets/ISD/data/clips.csv,1b3af94b4a2f78aaee5acfcf62bcdfac1d160c17caf7e9e8a0d7fe6c47d2bd62
mosaiq-benchmark-v0.1-candidate-20260716,mosaiq-benchmark,0.1.0-dev,iso_paq_regression,0.1.0,ISD,clip,ISD_RegentsParkJapan_RegentsParkJapan2_RP226,ISD_RegentsParkJapan_RegentsParkJapan2_RP226,train,,0.1.0,datasets/ISD/data/clips.csv,bcdad47f7dfc79790016c63f9717c0993601779de004832d757bdc9537dd3427
mosaiq-benchmark-v0.1-candidate-20260716,mosaiq-benchmark,0.1.0-dev,iso_paq_regression,0.1.0,ISD,clip,ISD_RegentsParkJapan_RegentsParkJapan2_RP227,ISD_RegentsParkJapan_RegentsParkJapan2_RP227,train,,0.1.0,datasets/ISD/data/clips.csv,7a515823742a48724c954379a03f9581296cf4fd96b1f7d53f06b0ee062ed824
mosaiq-benchmark-v0.1-candidate-20260716,mosaiq-benchmark,0.1.0-dev,iso_paq_regression,0.1.0,ISD,clip,ISD_RegentsParkJapan_RegentsParkJapan2_RP228,ISD_RegentsParkJapan_RegentsParkJapan2_RP228,train,,0.1.0,datasets/ISD/data/clips.csv,0e7e546da4710640c843b65501b59f707d5da42f61dbd0c342413df7a2468f47
mosaiq-benchmark-v0.1-candidate-20260716,mosaiq-benchmark,0.1.0-dev,iso_paq_regression,0.1.0,ISD,clip,ISD_RegentsParkJapan_RegentsParkJapan2_RP229,ISD_RegentsParkJapan_RegentsParkJapan2_RP229,train,,0.1.0,datasets/ISD/data/clips.csv,36e1955be3aae428c17159e5943a76521873d37657c3aea605979af0f52ed179
mosaiq-benchmark-v0.1-candidate-20260716,mosaiq-benchmark,0.1.0-dev,iso_paq_regression,0.1.0,ISD,clip,ISD_RegentsParkJapan_RegentsParkJapan2_RP230,ISD_RegentsParkJapan_RegentsParkJapan2_RP230,train,,0.1.0,datasets/ISD/data/clips.csv,551638b2262df8d26c61b60794cd644099bbb5fab4a9af8fb0d6becdc1d27e17
mosaiq-benchmark-v0.1-candidate-20260716,mosaiq-benchmark,0.1.0-dev,iso_paq_regression,0.1.0,ISD,clip,ISD_RegentsParkJapan_RegentsParkJapan2_RP231,ISD_RegentsParkJapan_RegentsParkJapan2_RP231,train,,0.1.0,datasets/ISD/data/clips.csv,3d434736c590c3dd0c64baa905dff78bac668a3a5ab269ea1c3419086f3aa035
mosaiq-benchmark-v0.1-candidate-20260716,mosaiq-benchmark,0.1.0-dev,iso_paq_regression,0.1.0,ISD,clip,ISD_RegentsParkJapan_RegentsParkJapan2_RP232,ISD_RegentsParkJapan_RegentsParkJapan2_RP232,train,,0.1.0,datasets/ISD/data/clips.csv,1efde073b5ac95daf495059f8e02ffa97c4e05745e7e4584c2e1fdc27b18c81e
mosaiq-benchmark-v0.1-candidate-20260716,mosaiq-benchmark,0.1.0-dev,iso_paq_regression,0.1.0,ISD,clip,ISD_RegentsParkJapan_RegentsParkJapan2_RP233,ISD_RegentsParkJapan_RegentsParkJapan2_RP233,train,,0.1.0,datasets/ISD/data/clips.csv,5fa98aea4b80c2c1b99fc6c7d294c6f1c9a7dd7a04d20afb7aacf6d0e555ac98
mosaiq-benchmark-v0.1-candidate-20260716,mosaiq-benchmark,0.1.0-dev,iso_paq_regression,0.1.0,ISD,clip,ISD_RussellSq_RussellSq1_RS101,ISD_RussellSq_RussellSq1_RS101,train,,0.1.0,datasets/ISD/data/clips.csv,373002964efa024e49c174671c92ca4d1ec2f6b0494576209153a6a689735cb7
mosaiq-benchmark-v0.1-candidate-20260716,mosaiq-benchmark,0.1.0-dev,iso_paq_regression,0.1.0,ISD,clip,ISD_RussellSq_RussellSq1_RS102,ISD_RussellSq_RussellSq1_RS102,train,,0.1.0,datasets/ISD/data/clips.csv,1758b657ae8248e1fd3e57a6b52d6ee657ddd8589a9d168085fabaf154246292
mosaiq-benchmark-v0.1-candidate-20260716,mosaiq-benchmark,0.1.0-dev,iso_paq_regression,0.1.0,ISD,clip,ISD_RussellSq_RussellSq1_RS103,ISD_RussellSq_RussellSq1_RS103,train,,0.1.0,datasets/ISD/data/clips.csv,5b068adf853ad1a572ae3ba2b3a690bd42e14ce5bf01bbb762426942e70c49e2
mosaiq-benchmark-v0.1-candidate-20260716,mosaiq-benchmark,0.1.0-dev,iso_paq_regression,0.1.0,ISD,clip,ISD_RussellSq_RussellSq1_RS104,ISD_RussellSq_RussellSq1_RS104,train,,0.1.0,datasets/ISD/data/clips.csv,bd6c7833a1d3f58dd54cac40b0dd02bc6cf3d8a090e9626fd1344ecb9906dd6f
mosaiq-benchmark-v0.1-candidate-20260716,mosaiq-benchmark,0.1.0-dev,iso_paq_regression,0.1.0,ISD,clip,ISD_RussellSq_RussellSq1_RS105,ISD_RussellSq_RussellSq1_RS105,train,,0.1.0,datasets/ISD/data/clips.csv,2b4d5d7cc9d2627ff690a0adfb798164c3acbb278ed88eb328f5ea36aa09db3e
mosaiq-benchmark-v0.1-candidate-20260716,mosaiq-benchmark,0.1.0-dev,iso_paq_regression,0.1.0,ISD,clip,ISD_RussellSq_RussellSq1_RS106,ISD_RussellSq_RussellSq1_RS106,train,,0.1.0,datasets/ISD/data/clips.csv,76fa5af909c2dda409d44cf587946c68cc68e027de4c1fdd8bc9355006c21caa
mosaiq-benchmark-v0.1-candidate-20260716,mosaiq-benchmark,0.1.0-dev,iso_paq_regression,0.1.0,ISD,clip,ISD_RussellSq_RussellSq1_RS107,ISD_RussellSq_RussellSq1_RS107,train,,0.1.0,datasets/ISD/data/clips.csv,d47aabd98a9999d5944a2f9281c253027a0ab7a2869bd1744131c71696a74d38
mosaiq-benchmark-v0.1-candidate-20260716,mosaiq-benchmark,0.1.0-dev,iso_paq_regression,0.1.0,ISD,clip,ISD_RussellSq_RussellSq1_RS108,ISD_RussellSq_RussellSq1_RS108,train,,0.1.0,datasets/ISD/data/clips.csv,608c5e8788eabffced4e2a801eca8f0c75c0b900f0aee6a15086f4862da22a69
mosaiq-benchmark-v0.1-candidate-20260716,mosaiq-benchmark,0.1.0-dev,iso_paq_regression,0.1.0,ISD,clip,ISD_RussellSq_RussellSq1_RS110,ISD_RussellSq_RussellSq1_RS110,train,,0.1.0,datasets/ISD/data/clips.csv,4a4b2446bb90c7346e515704d83f5959e75d6b3430c7d6b9b7e57cb532d30e8b
mosaiq-benchmark-v0.1-candidate-20260716,mosaiq-benchmark,0.1.0-dev,iso_paq_regression,0.1.0,ISD,clip,ISD_RussellSq_RussellSq1_RS111,ISD_RussellSq_RussellSq1_RS111,train,,0.1.0,datasets/ISD/data/clips.csv,616d803499e87b8a47502239477425a7ebae928b2f804a2c31f330aabb76f54e
mosaiq-benchmark-v0.1-candidate-20260716,mosaiq-benchmark,0.1.0-dev,iso_paq_regression,0.1.0,ISD,clip,ISD_RussellSq_RussellSq1_RS112,ISD_RussellSq_RussellSq1_RS112,train,,0.1.0,datasets/ISD/data/clips.csv,db701866b5c7036488b765d5f88e09acc1a6afaf291e6515499b8b7b8fc4b283
mosaiq-benchmark-v0.1-candidate-20260716,mosaiq-benchmark,0.1.0-dev,iso_paq_regression,0.1.0,ISD,clip,ISD_RussellSq_RussellSq1_RS113,ISD_RussellSq_RussellSq1_RS113,train,,0.1.0,datasets/ISD/data/clips.csv,65b1de4ef9c1f5a40c153b3b7b1b057682f928de2493855e6841440837bd17d4
mosaiq-benchmark-v0.1-candidate-20260716,mosaiq-benchmark,0.1.0-dev,iso_paq_regression,0.1.0,ISD,clip,ISD_RussellSq_RussellSq1_RS114,ISD_RussellSq_RussellSq1_RS114,train,,0.1.0,datasets/ISD/data/clips.csv,6ac803e1309fa2d682cf9cc29ec8c86b5beea729dca6a2311f33bbe16e740ef9
mosaiq-benchmark-v0.1-candidate-20260716,mosaiq-benchmark,0.1.0-dev,iso_paq_regression,0.1.0,ISD,clip,ISD_RussellSq_RussellSq1_RS115,ISD_RussellSq_RussellSq1_RS115,train,,0.1.0,datasets/ISD/data/clips.csv,9d165dbf0720bb48d9da0e7aed7a4949a4f2c6e61658f323d2f6769af41e9ce4
mosaiq-benchmark-v0.1-candidate-20260716,mosaiq-benchmark,0.1.0-dev,iso_paq_regression,0.1.0,ISD,clip,ISD_RussellSq_RussellSq1_RS116,ISD_RussellSq_RussellSq1_RS116,train,,0.1.0,datasets/ISD/data/clips.csv,0a5f4b62ba79327fe7aeb22578518a7a12bb2e30863bd5e892a04e3f67ebb849
mosaiq-benchmark-v0.1-candidate-20260716,mosaiq-benchmark,0.1.0-dev,iso_paq_regression,0.1.0,ISD,clip,ISD_RussellSq_RussellSq1_RS117,ISD_RussellSq_RussellSq1_RS117,train,,0.1.0,datasets/ISD/data/clips.csv,a332cad28fed7fa36e1ed1bcdca63df0fd45e1365941bc16c06a74ac4e878424
mosaiq-benchmark-v0.1-candidate-20260716,mosaiq-benchmark,0.1.0-dev,iso_paq_regression,0.1.0,ISD,clip,ISD_RussellSq_RussellSq1_RS118,ISD_RussellSq_RussellSq1_RS118,train,,0.1.0,datasets/ISD/data/clips.csv,abdab8fb694c99d6f413b4ea53f7f591eaa24e71cc27293057b91480c7c8b46e
mosaiq-benchmark-v0.1-candidate-20260716,mosaiq-benchmark,0.1.0-dev,iso_paq_regression,0.1.0,ISD,clip,ISD_RussellSq_RussellSq1_RS119,ISD_RussellSq_RussellSq1_RS119,train,,0.1.0,datasets/ISD/data/clips.csv,4f6076bdee50ccc7d6497fb7269828d3b4ffa1f48ac88309a7129c122565ceb6
mosaiq-benchmark-v0.1-candidate-20260716,mosaiq-benchmark,0.1.0-dev,iso_paq_regression,0.1.0,ISD,clip,ISD_RussellSq_RussellSq1_RS120,ISD_RussellSq_RussellSq1_RS120,train,,0.1.0,datasets/ISD/data/clips.csv,dc351d46a2731fb19d779fa3aa43b576e0afcd50ca814db07335a074af40f7ed
mosaiq-benchmark-v0.1-candidate-20260716,mosaiq-benchmark,0.1.0-dev,iso_paq_regression,0.1.0,ISD,clip,ISD_RussellSq_RussellSq1_RS121,ISD_RussellSq_RussellSq1_RS121,train,,0.1.0,datasets/ISD/data/clips.csv,187b4cd6709a91395c05b5f7bacddb0a700835e10fede985942d5751a2703e82
mosaiq-benchmark-v0.1-candidate-20260716,mosaiq-benchmark,0.1.0-dev,iso_paq_regression,0.1.0,ISD,clip,ISD_RussellSq_RussellSq1_RS122,ISD_RussellSq_RussellSq1_RS122,train,,0.1.0,datasets/ISD/data/clips.csv,66f784a83d3f976b5212792c0a52fd5f40d134bfa6ba6b34aa6d2d01ec1dfc34
mosaiq-benchmark-v0.1-candidate-20260716,mosaiq-benchmark,0.1.0-dev,iso_paq_regression,0.1.0,ISD,clip,ISD_RussellSq_RussellSq1_RS123,ISD_RussellSq_RussellSq1_RS123,train,,0.1.0,datasets/ISD/data/clips.csv,86a2ca0038dbc163879b81f8f1a7049d9deab3d7903804e7ef8c521a429af4b9
mosaiq-benchmark-v0.1-candidate-20260716,mosaiq-benchmark,0.1.0-dev,iso_paq_regression,0.1.0,ISD,clip,ISD_RussellSq_RussellSq1_RS124,ISD_RussellSq_RussellSq1_RS124,train,,0.1.0,datasets/ISD/data/clips.csv,6d0e0050bb2f7999fd2583dfd2c2456c29ab06cc638edfcc835690761f4bedec
mosaiq-benchmark-v0.1-candidate-20260716,mosaiq-benchmark,0.1.0-dev,iso_paq_regression,0.1.0,ISD,clip,ISD_RussellSq_RussellSq1_RS125,ISD_RussellSq_RussellSq1_RS125,train,,0.1.0,datasets/ISD/data/clips.csv,05fc3934428be8b1da4b0a8ad023ca137a6cd84f643c8f67342335420d6823c5
mosaiq-benchmark-v0.1-candidate-20260716,mosaiq-benchmark,0.1.0-dev,iso_paq_regression,0.1.0,ISD,clip,ISD_RussellSq_RussellSq1_RS126,ISD_RussellSq_RussellSq1_RS126,train,,0.1.0,datasets/ISD/data/clips.csv,d1cd845634eecd9d81d5f5e0bc15453b53498a600a9593f7d1fb71e548d2c2cc
mosaiq-benchmark-v0.1-candidate-20260716,mosaiq-benchmark,0.1.0-dev,iso_paq_regression,0.1.0,ISD,clip,ISD_RussellSq_RussellSq1_RS127,ISD_RussellSq_RussellSq1_RS127,train,,0.1.0,datasets/ISD/data/clips.csv,ca8b5add872fcefca178af75036abe87ce5feef8a45f916a131a819e1b00fa3e
mosaiq-benchmark-v0.1-candidate-20260716,mosaiq-benchmark,0.1.0-dev,iso_paq_regression,0.1.0,ISD,clip,ISD_RussellSq_RussellSq2_RS201,ISD_RussellSq_RussellSq2_RS201,train,,0.1.0,datasets/ISD/data/clips.csv,da4f16f9985af4b482f9132915d08c6b3a777cc745f20d528b2decca4219697c
mosaiq-benchmark-v0.1-candidate-20260716,mosaiq-benchmark,0.1.0-dev,iso_paq_regression,0.1.0,ISD,clip,ISD_RussellSq_RussellSq2_RS202,ISD_RussellSq_RussellSq2_RS202,train,,0.1.0,datasets/ISD/data/clips.csv,c07f0a59578401c7be675e826f4dfface7cc7cf88a8be14fc720a2371fc9e4dd
mosaiq-benchmark-v0.1-candidate-20260716,mosaiq-benchmark,0.1.0-dev,iso_paq_regression,0.1.0,ISD,clip,ISD_RussellSq_RussellSq2_RS203,ISD_RussellSq_RussellSq2_RS203,train,,0.1.0,datasets/ISD/data/clips.csv,1b84684bd23f07e91ff6fcf4c011d8b443d21487f8c91ec3193aff0f14ee0e9d
mosaiq-benchmark-v0.1-candidate-20260716,mosaiq-benchmark,0.1.0-dev,iso_paq_regression,0.1.0,ISD,clip,ISD_RussellSq_RussellSq2_RS205,ISD_RussellSq_RussellSq2_RS205,train,,0.1.0,datasets/ISD/data/clips.csv,d7b38f32690edf447e8a34205da33925f978fbe84c1e057f078a6ae5a99247b5
mosaiq-benchmark-v0.1-candidate-20260716,mosaiq-benchmark,0.1.0-dev,iso_paq_regression,0.1.0,ISD,clip,ISD_RussellSq_RussellSq2_RS206,ISD_RussellSq_RussellSq2_RS206,train,,0.1.0,datasets/ISD/data/clips.csv,e10ce37e2ab3ff08143e9f815204d659e89d9ea65455380a2f2bd1968f70a88f
mosaiq-benchmark-v0.1-candidate-20260716,mosaiq-benchmark,0.1.0-dev,iso_paq_regression,0.1.0,ISD,clip,ISD_RussellSq_RussellSq2_RS207,ISD_RussellSq_RussellSq2_RS207,train,,0.1.0,datasets/ISD/data/clips.csv,052a20d7dc538a3e69dfed09115bc92045ab461d015ff796f45547c389eaa0b6
mosaiq-benchmark-v0.1-candidate-20260716,mosaiq-benchmark,0.1.0-dev,iso_paq_regression,0.1.0,ISD,clip,ISD_RussellSq_RussellSq2_RS208,ISD_RussellSq_RussellSq2_RS208,train,,0.1.0,datasets/ISD/data/clips.csv,555803cec84f978e4a6ecfbb35e764442b26ff6b241196cb4586d5b125addc63
mosaiq-benchmark-v0.1-candidate-20260716,mosaiq-benchmark,0.1.0-dev,iso_paq_regression,0.1.0,ISD,clip,ISD_RussellSq_RussellSq2_RS209,ISD_RussellSq_RussellSq2_RS209,train,,0.1.0,datasets/ISD/data/clips.csv,7c8ef49f8745268d6c2246bccbd63fb2cf9457c87d7fd40bf72521fdac66b679
mosaiq-benchmark-v0.1-candidate-20260716,mosaiq-benchmark,0.1.0-dev,iso_paq_regression,0.1.0,ISD,clip,ISD_RussellSq_RussellSq2_RS210,ISD_RussellSq_RussellSq2_RS210,train,,0.1.0,datasets/ISD/data/clips.csv,e39370ae9f822c201ad08d05b4d2d94c7ec1ad60a8f3d38050cf32dbff381b2a
mosaiq-benchmark-v0.1-candidate-20260716,mosaiq-benchmark,0.1.0-dev,iso_paq_regression,0.1.0,ISD,clip,ISD_RussellSq_RussellSq2_RS211,ISD_RussellSq_RussellSq2_RS211,train,,0.1.0,datasets/ISD/data/clips.csv,9fbe3e0787e4cf33ba17450021186a6d5c217a322ffed727aac6bff1c12618c2
mosaiq-benchmark-v0.1-candidate-20260716,mosaiq-benchmark,0.1.0-dev,iso_paq_regression,0.1.0,ISD,clip,ISD_RussellSq_RussellSq2_RS212,ISD_RussellSq_RussellSq2_RS212,train,,0.1.0,datasets/ISD/data/clips.csv,f0b731a843c9935984df32ea4771220ad29b129f44e4eb4de03f5151e2a062f4
mosaiq-benchmark-v0.1-candidate-20260716,mosaiq-benchmark,0.1.0-dev,iso_paq_regression,0.1.0,ISD,clip,ISD_RussellSq_RussellSq2_RS213,ISD_RussellSq_RussellSq2_RS213,train,,0.1.0,datasets/ISD/data/clips.csv,6df5fd5b38d7b6f929a1018141a35d18e0817ea61d5aaf4a6b3af0028c32f1ac
mosaiq-benchmark-v0.1-candidate-20260716,mosaiq-benchmark,0.1.0-dev,iso_paq_regression,0.1.0,ISD,clip,ISD_RussellSq_RussellSq2_RS214,ISD_RussellSq_RussellSq2_RS214,train,,0.1.0,datasets/ISD/data/clips.csv,3ca71b30436258fc2834988a078effd3c8b165021769a4ac4c8c2988cb306199
mosaiq-benchmark-v0.1-candidate-20260716,mosaiq-benchmark,0.1.0-dev,iso_paq_regression,0.1.0,ISD,clip,ISD_RussellSq_RussellSq2_RS215,ISD_RussellSq_RussellSq2_RS215,train,,0.1.0,datasets/ISD/data/clips.csv,0d64ef9fbd41d59de39dffd4727d8d827140616d727a64ea607c758deb5c00e8
mosaiq-benchmark-v0.1-candidate-20260716,mosaiq-benchmark,0.1.0-dev,iso_paq_regression,0.1.0,ISD,clip,ISD_RussellSq_RussellSq2_RS216,ISD_RussellSq_RussellSq2_RS216,train,,0.1.0,datasets/ISD/data/clips.csv,14e025e47eb384f06d6985b8f252bfd6fa107c23eff5eb817d800638681b882a
mosaiq-benchmark-v0.1-candidate-20260716,mosaiq-benchmark,0.1.0-dev,iso_paq_regression,0.1.0,ISD,clip,ISD_RussellSq_RussellSq2_RS218,ISD_RussellSq_RussellSq2_RS218,train,,0.1.0,datasets/ISD/data/clips.csv,cba5f1ef52f934d385aedb496eddab48783626f5ad58fe50633feae89b58f4ed
mosaiq-benchmark-v0.1-candidate-20260716,mosaiq-benchmark,0.1.0-dev,iso_paq_regression,0.1.0,ISD,clip,ISD_RussellSq_RussellSq2_RS219,ISD_RussellSq_RussellSq2_RS219,train,,0.1.0,datasets/ISD/data/clips.csv,1ea280da56c8d39cb05ba2e198def8d9bdda9c98a18664bf72f5e33de7948f4d
mosaiq-benchmark-v0.1-candidate-20260716,mosaiq-benchmark,0.1.0-dev,iso_paq_regression,0.1.0,ISD,clip,ISD_RussellSq_RussellSq2_RS220,ISD_RussellSq_RussellSq2_RS220,train,,0.1.0,datasets/ISD/data/clips.csv,dba2dc96b84817ed923f4596dab36f90f7e55ef27a76f3b346593008034dd423
mosaiq-benchmark-v0.1-candidate-20260716,mosaiq-benchmark,0.1.0-dev,iso_paq_regression,0.1.0,ISD,clip,ISD_RussellSq_RussellSq2_RS221,ISD_RussellSq_RussellSq2_RS221,train,,0.1.0,datasets/ISD/data/clips.csv,e4b82ea162909341e73000ddb3e86ba8c9267ef6167033f77c5639bb54fc63e0
mosaiq-benchmark-v0.1-candidate-20260716,mosaiq-benchmark,0.1.0-dev,iso_paq_regression,0.1.0,ISD,clip,ISD_RussellSq_RussellSq2_RS222,ISD_RussellSq_RussellSq2_RS222,train,,0.1.0,datasets/ISD/data/clips.csv,7940032e8b61f462d3b7157046838225c5da5d88adc50bd3abbe40f27d15d8cd
mosaiq-benchmark-v0.1-candidate-20260716,mosaiq-benchmark,0.1.0-dev,iso_paq_regression,0.1.0,ISD,clip,ISD_RussellSq_RussellSq2_RS223,ISD_RussellSq_RussellSq2_RS223,train,,0.1.0,datasets/ISD/data/clips.csv,bc117d32f507c6790e0b0b688253663177a18ef2e4f752d859d772aba3822b8a
mosaiq-benchmark-v0.1-candidate-20260716,mosaiq-benchmark,0.1.0-dev,iso_paq_regression,0.1.0,ISD,clip,ISD_RussellSq_RussellSq2_RS224,ISD_RussellSq_RussellSq2_RS224,train,,0.1.0,datasets/ISD/data/clips.csv,4a9338cb913e92f063ea25d3e696ea90bc10d958f4f80eaea6a406d4881c226b
mosaiq-benchmark-v0.1-candidate-20260716,mosaiq-benchmark,0.1.0-dev,iso_paq_regression,0.1.0,ISD,clip,ISD_RussellSq_RussellSq2_RS225,ISD_RussellSq_RussellSq2_RS225,train,,0.1.0,datasets/ISD/data/clips.csv,0677d0cc282fc106044072853dd14f39bba40e5d88ead9056a028440f16c856d
mosaiq-benchmark-v0.1-candidate-20260716,mosaiq-benchmark,0.1.0-dev,iso_paq_regression,0.1.0,ISD,clip,ISD_RussellSq_RussellSq2_RS226,ISD_RussellSq_RussellSq2_RS226,train,,0.1.0,datasets/ISD/data/clips.csv,ccca8bc91090594da66459c66ff473e3a0297c6a1c61110854c1eff6c268deb2
mosaiq-benchmark-v0.1-candidate-20260716,mosaiq-benchmark,0.1.0-dev,iso_paq_regression,0.1.0,ISD,clip,ISD_RussellSq_RussellSq2_RS227,ISD_RussellSq_RussellSq2_RS227,train,,0.1.0,datasets/ISD/data/clips.csv,f1ce7152e4822ea7c6c0a19c0118c634d3a668db53f6b65cb972033ec1755dc5
mosaiq-benchmark-v0.1-candidate-20260716,mosaiq-benchmark,0.1.0-dev,iso_paq_regression,0.1.0,ISD,clip,ISD_RussellSq_RussellSq2_RS228,ISD_RussellSq_RussellSq2_RS228,train,,0.1.0,datasets/ISD/data/clips.csv,7c97f9eda6cc184838d7d6d74e5d0d68afc2b1a4dde4886005acc17b64cce980
mosaiq-benchmark-v0.1-candidate-20260716,mosaiq-benchmark,0.1.0-dev,iso_paq_regression,0.1.0,ISD,clip,ISD_RussellSq_RussellSq2_RS229,ISD_RussellSq_RussellSq2_RS229,train,,0.1.0,datasets/ISD/data/clips.csv,d4d26ecb933ee0377e649f84d2c9c3422ab32da35774e3ddf31477c9305fcb39
mosaiq-benchmark-v0.1-candidate-20260716,mosaiq-benchmark,0.1.0-dev,iso_paq_regression,0.1.0,ISD,clip,ISD_RussellSq_RussellSq2_RS230,ISD_RussellSq_RussellSq2_RS230,train,,0.1.0,datasets/ISD/data/clips.csv,df4258c63c3b1e483ca279ec0a1ce95414079f334a7341744ccac93822ac23ec
mosaiq-benchmark-v0.1-candidate-20260716,mosaiq-benchmark,0.1.0-dev,iso_paq_regression,0.1.0,ISD,clip,ISD_RussellSq_RussellSq2_RS231,ISD_RussellSq_RussellSq2_RS231,train,,0.1.0,datasets/ISD/data/clips.csv,3bb962c25bb10e5208111f942b8218c4abfd8456fb15864751cb47d7453d2fe3
mosaiq-benchmark-v0.1-candidate-20260716,mosaiq-benchmark,0.1.0-dev,iso_paq_regression,0.1.0,ISD,clip,ISD_RussellSq_RussellSq2_RS232,ISD_RussellSq_RussellSq2_RS232,train,,0.1.0,datasets/ISD/data/clips.csv,fa34f996f699abac04e8105c8158e98a526c756d1e863bb817fbf65aeab4bbef
mosaiq-benchmark-v0.1-candidate-20260716,mosaiq-benchmark,0.1.0-dev,iso_paq_regression,0.1.0,ISD,clip,ISD_RussellSq_RussellSq3_RS303,ISD_RussellSq_RussellSq3_RS303,train,,0.1.0,datasets/ISD/data/clips.csv,2cdfaf3da8f63655391cbb104d2d89a45ae15eec719e648b09cd8e895d107c91
mosaiq-benchmark-v0.1-candidate-20260716,mosaiq-benchmark,0.1.0-dev,iso_paq_regression,0.1.0,ISD,clip,ISD_RussellSq_RussellSq3_RS304,ISD_RussellSq_RussellSq3_RS304,train,,0.1.0,datasets/ISD/data/clips.csv,2b675d8ea476ba30f8a1381b931ddfcd074d155a7fe8941c968f33672d3baab5
mosaiq-benchmark-v0.1-candidate-20260716,mosaiq-benchmark,0.1.0-dev,iso_paq_regression,0.1.0,ISD,clip,ISD_RussellSq_RussellSq3_RS305,ISD_RussellSq_RussellSq3_RS305,train,,0.1.0,datasets/ISD/data/clips.csv,e5ceaf66c3f91a5816499c1080b902460147ecc0d4618e23a2ba91e0d323b5dc
mosaiq-benchmark-v0.1-candidate-20260716,mosaiq-benchmark,0.1.0-dev,iso_paq_regression,0.1.0,ISD,clip,ISD_RussellSq_RussellSq3_RS306,ISD_RussellSq_RussellSq3_RS306,train,,0.1.0,datasets/ISD/data/clips.csv,2440ca6f592654083dfda6a2fb9d4759543e7b894567aea03185f26b028f28d0
mosaiq-benchmark-v0.1-candidate-20260716,mosaiq-benchmark,0.1.0-dev,iso_paq_regression,0.1.0,ISD,clip,ISD_RussellSq_RussellSq3_RS307,ISD_RussellSq_RussellSq3_RS307,train,,0.1.0,datasets/ISD/data/clips.csv,b19cb72eab622e0065609f1ad77c371c5483dcf2b35abe536c802b1db06810c9
mosaiq-benchmark-v0.1-candidate-20260716,mosaiq-benchmark,0.1.0-dev,iso_paq_regression,0.1.0,ISD,clip,ISD_RussellSq_RussellSq3_RS308,ISD_RussellSq_RussellSq3_RS308,train,,0.1.0,datasets/ISD/data/clips.csv,007bec7537bdbd6d08ab71c24bc9ee96f41f02d00e4b838e26c2534bdeb08109
mosaiq-benchmark-v0.1-candidate-20260716,mosaiq-benchmark,0.1.0-dev,iso_paq_regression,0.1.0,ISD,clip,ISD_RussellSq_RussellSq3_RS309,ISD_RussellSq_RussellSq3_RS309,train,,0.1.0,datasets/ISD/data/clips.csv,c0d91e626594c08899610f91abcc1f6712a318cb3c13fe3b0377f0ae83831a77
mosaiq-benchmark-v0.1-candidate-20260716,mosaiq-benchmark,0.1.0-dev,iso_paq_regression,0.1.0,ISD,clip,ISD_RussellSq_RussellSq3_RS310,ISD_RussellSq_RussellSq3_RS310,train,,0.1.0,datasets/ISD/data/clips.csv,94a30646e73f9478905e3eceaded5b161061efcee626040d3fc89815ca6f7489
mosaiq-benchmark-v0.1-candidate-20260716,mosaiq-benchmark,0.1.0-dev,iso_paq_regression,0.1.0,ISD,clip,ISD_RussellSq_RussellSq3_RS311,ISD_RussellSq_RussellSq3_RS311,train,,0.1.0,datasets/ISD/data/clips.csv,392b02408514dc4097b47260e50c2d09857e88d70488b3af6f8e84e934d60745
mosaiq-benchmark-v0.1-candidate-20260716,mosaiq-benchmark,0.1.0-dev,iso_paq_regression,0.1.0,ISD,clip,ISD_RussellSq_RussellSq3_RS312,ISD_RussellSq_RussellSq3_RS312,train,,0.1.0,datasets/ISD/data/clips.csv,5b60a96871f986c6987b5055027c50dc24de9c049c9c286622efe8e695be6887
mosaiq-benchmark-v0.1-candidate-20260716,mosaiq-benchmark,0.1.0-dev,iso_paq_regression,0.1.0,ISD,clip,ISD_RussellSq_RussellSq3_RS313,ISD_RussellSq_RussellSq3_RS313,train,,0.1.0,datasets/ISD/data/clips.csv,45355eba130f189c175a9033029a4aba6e83ccd19b9829d7ac6b4480122bbe81
mosaiq-benchmark-v0.1-candidate-20260716,mosaiq-benchmark,0.1.0-dev,iso_paq_regression,0.1.0,ISD,clip,ISD_RussellSq_RussellSq3_RS314,ISD_RussellSq_RussellSq3_RS314,train,,0.1.0,datasets/ISD/data/clips.csv,c63f185865543d0e56dce8e4229633e93cb6882b4a758350591f63b8eb69cc1d
mosaiq-benchmark-v0.1-candidate-20260716,mosaiq-benchmark,0.1.0-dev,iso_paq_regression,0.1.0,ISD,clip,ISD_RussellSq_RussellSq3_RS315,ISD_RussellSq_RussellSq3_RS315,train,,0.1.0,datasets/ISD/data/clips.csv,69c6ca75091aa3add01d38344cbe07fc6b82e9510a874dbfd1acf334408cee45
mosaiq-benchmark-v0.1-candidate-20260716,mosaiq-benchmark,0.1.0-dev,iso_paq_regression,0.1.0,ISD,clip,ISD_RussellSq_RussellSq3_RS316,ISD_RussellSq_RussellSq3_RS316,train,,0.1.0,datasets/ISD/data/clips.csv,18ac4c33d6e1b43d5aae44f63a165a024c571567b265deb2ed54c39006f29595
mosaiq-benchmark-v0.1-candidate-20260716,mosaiq-benchmark,0.1.0-dev,iso_paq_regression,0.1.0,ISD,clip,ISD_RussellSq_RussellSq3_RS317,ISD_RussellSq_RussellSq3_RS317,train,,0.1.0,datasets/ISD/data/clips.csv,74898568ec3f563b96ad66d4f4ac0d91fa74f4946df58b34f2f9eb059438d6d0
mosaiq-benchmark-v0.1-candidate-20260716,mosaiq-benchmark,0.1.0-dev,iso_paq_regression,0.1.0,ISD,clip,ISD_RussellSq_RussellSq3_RS318,ISD_RussellSq_RussellSq3_RS318,train,,0.1.0,datasets/ISD/data/clips.csv,fa35dd3b76db5290016281a482612ec70a2982b3003a43008c3eb779a45b03bc
mosaiq-benchmark-v0.1-candidate-20260716,mosaiq-benchmark,0.1.0-dev,iso_paq_regression,0.1.0,ISD,clip,ISD_RussellSq_RussellSq3_RS319,ISD_RussellSq_RussellSq3_RS319,train,,0.1.0,datasets/ISD/data/clips.csv,92357486efb51ab87895c6c6cdc40cbe1236ae64892110da9ec15a67d8a91620
mosaiq-benchmark-v0.1-candidate-20260716,mosaiq-benchmark,0.1.0-dev,iso_paq_regression,0.1.0,ISD,clip,ISD_RussellSq_RussellSq3_RS320,ISD_RussellSq_RussellSq3_RS320,train,,0.1.0,datasets/ISD/data/clips.csv,9d19e6a53be3ef7067f3d5c0c731e4bbff4ff89da685781f63ea1deb293cf8c9
mosaiq-benchmark-v0.1-candidate-20260716,mosaiq-benchmark,0.1.0-dev,iso_paq_regression,0.1.0,ISD,clip,ISD_RussellSq_RussellSq3_RS321,ISD_RussellSq_RussellSq3_RS321,train,,0.1.0,datasets/ISD/data/clips.csv,96c1aa0cb0c4de8e403972f285834fd63b6aeb047cfc62ae1150d45fc3c7d628
mosaiq-benchmark-v0.1-candidate-20260716,mosaiq-benchmark,0.1.0-dev,iso_paq_regression,0.1.0,ISD,clip,ISD_RussellSq_RussellSq3_RS322,ISD_RussellSq_RussellSq3_RS322,train,,0.1.0,datasets/ISD/data/clips.csv,c35aad2424b3ac601fca141a7840bd02cae95ab61af0472c3aecfaba18a5f844
mosaiq-benchmark-v0.1-candidate-20260716,mosaiq-benchmark,0.1.0-dev,iso_paq_regression,0.1.0,ISD,clip,ISD_RussellSq_RussellSq3_RS323,ISD_RussellSq_RussellSq3_RS323,train,,0.1.0,datasets/ISD/data/clips.csv,029a9f6070cf62a4321a6e0516a07b84ab7b781974ad9aca4676497702d9ff47
mosaiq-benchmark-v0.1-candidate-20260716,mosaiq-benchmark,0.1.0-dev,iso_paq_regression,0.1.0,ISD,clip,ISD_RussellSq_RussellSq3_RS324,ISD_RussellSq_RussellSq3_RS324,train,,0.1.0,datasets/ISD/data/clips.csv,c9b1fa8c5c8ef491b7100830c29b39076f651a3e9c5a9db33018dfed188445c5
mosaiq-benchmark-v0.1-candidate-20260716,mosaiq-benchmark,0.1.0-dev,iso_paq_regression,0.1.0,ISD,clip,ISD_RussellSq_RussellSq3_RS325,ISD_RussellSq_RussellSq3_RS325,train,,0.1.0,datasets/ISD/data/clips.csv,a925b05b8432e6faec00c0e121da6688d98ae028610c88b799eb609854b40bdd
mosaiq-benchmark-v0.1-candidate-20260716,mosaiq-benchmark,0.1.0-dev,iso_paq_regression,0.1.0,ISD,clip,ISD_RussellSq_RussellSq3_RS326,ISD_RussellSq_RussellSq3_RS326,train,,0.1.0,datasets/ISD/data/clips.csv,850e95bc2a2205a6afcc3b82e081445aec43a49f7aed8758139668ffee71313c
mosaiq-benchmark-v0.1-candidate-20260716,mosaiq-benchmark,0.1.0-dev,iso_paq_regression,0.1.0,ISD,clip,ISD_RussellSq_RussellSq3_RS327,ISD_RussellSq_RussellSq3_RS327,train,,0.1.0,datasets/ISD/data/clips.csv,1cae1d1736e64fface79686ab6218f50f098f543bc74d1e43f34ab9d771e258c
mosaiq-benchmark-v0.1-candidate-20260716,mosaiq-benchmark,0.1.0-dev,iso_paq_regression,0.1.0,ISD,clip,ISD_RussellSq_RussellSq3_RS328,ISD_RussellSq_RussellSq3_RS328,train,,0.1.0,datasets/ISD/data/clips.csv,ec2bc64cdf119be2ee4ec52d96e81b63d6dc94b529bb0fee057f3d775f4ab49c
mosaiq-benchmark-v0.1-candidate-20260716,mosaiq-benchmark,0.1.0-dev,iso_paq_regression,0.1.0,ISD,clip,ISD_RussellSq_RussellSq3_RS329,ISD_RussellSq_RussellSq3_RS329,train,,0.1.0,datasets/ISD/data/clips.csv,731fcbe7e6859f830d91695b4a02ae4da5a9d17c0c1beab33ff25a30f10da7c4
mosaiq-benchmark-v0.1-candidate-20260716,mosaiq-benchmark,0.1.0-dev,iso_paq_regression,0.1.0,ISD,clip,ISD_RussellSq_RussellSq3_RS330,ISD_RussellSq_RussellSq3_RS330,train,,0.1.0,datasets/ISD/data/clips.csv,4cb4bdd0b3e0f3e68ecc564ee19936a3d30acc13d2d9740a165bcacb7f23c71a
mosaiq-benchmark-v0.1-candidate-20260716,mosaiq-benchmark,0.1.0-dev,iso_paq_regression,0.1.0,ISD,clip,ISD_RussellSq_RussellSq3_RS331,ISD_RussellSq_RussellSq3_RS331,train,,0.1.0,datasets/ISD/data/clips.csv,c1fb0add55f27ede89ed4d4ada6936ac7a11199d778dae10ecb2ac2d6f710c5a
mosaiq-benchmark-v0.1-candidate-20260716,mosaiq-benchmark,0.1.0-dev,iso_paq_regression,0.1.0,ISD,clip,ISD_SanMarco_SanMarco1_AM01,ISD_SanMarco_SanMarco1_AM01,test,,0.1.0,datasets/ISD/data/clips.csv,0efe13bc5d555b16ed857a7d583b5a6f15606e1e035ba2d94a1f8669000a5f4f
mosaiq-benchmark-v0.1-candidate-20260716,mosaiq-benchmark,0.1.0-dev,iso_paq_regression,0.1.0,ISD,clip,ISD_SanMarco_SanMarco1_AM02,ISD_SanMarco_SanMarco1_AM02,test,,0.1.0,datasets/ISD/data/clips.csv,f4222628c1a5927f92408af4e77daa8dfc4b1c8f31c057bb58e8272c3eb142ce
mosaiq-benchmark-v0.1-candidate-20260716,mosaiq-benchmark,0.1.0-dev,iso_paq_regression,0.1.0,ISD,clip,ISD_SanMarco_SanMarco1_AM03,ISD_SanMarco_SanMarco1_AM03,test,,0.1.0,datasets/ISD/data/clips.csv,c4b25aa7e59996747b53d6c4a5fa1cabc3cb21329ee233d658f1b203e8069edb
mosaiq-benchmark-v0.1-candidate-20260716,mosaiq-benchmark,0.1.0-dev,iso_paq_regression,0.1.0,ISD,clip,ISD_SanMarco_SanMarco1_AM05,ISD_SanMarco_SanMarco1_AM05,test,,0.1.0,datasets/ISD/data/clips.csv,b442af96282e9c5f343723c0dd1b39f3f24654bed73b488287181507e1217519
mosaiq-benchmark-v0.1-candidate-20260716,mosaiq-benchmark,0.1.0-dev,iso_paq_regression,0.1.0,ISD,clip,ISD_SanMarco_SanMarco1_AM06,ISD_SanMarco_SanMarco1_AM06,test,,0.1.0,datasets/ISD/data/clips.csv,f44c1518d9c2b2c1b57188c5115a6a15dbbbb7c9e013d68d084d32ffbceaa185
mosaiq-benchmark-v0.1-candidate-20260716,mosaiq-benchmark,0.1.0-dev,iso_paq_regression,0.1.0,ISD,clip,ISD_SanMarco_SanMarco1_AM07,ISD_SanMarco_SanMarco1_AM07,test,,0.1.0,datasets/ISD/data/clips.csv,dba743cacd9937091060dcc7829d01b82c34efac176fa45ff57801603e873614
mosaiq-benchmark-v0.1-candidate-20260716,mosaiq-benchmark,0.1.0-dev,iso_paq_regression,0.1.0,ISD,clip,ISD_SanMarco_SanMarco1_ML101,ISD_SanMarco_SanMarco1_ML101,test,,0.1.0,datasets/ISD/data/clips.csv,175f04f45fae5e2fc25312763464813c36c1d8b6c25c90d144ff97cdd1698f75
mosaiq-benchmark-v0.1-candidate-20260716,mosaiq-benchmark,0.1.0-dev,iso_paq_regression,0.1.0,ISD,clip,ISD_SanMarco_SanMarco1_ML103,ISD_SanMarco_SanMarco1_ML103,test,,0.1.0,datasets/ISD/data/clips.csv,99e755fdb6cd985bf1bdf07c92992fe969abce5691c3021ede7ed24d7e2fc12b
mosaiq-benchmark-v0.1-candidate-20260716,mosaiq-benchmark,0.1.0-dev,iso_paq_regression,0.1.0,ISD,clip,ISD_SanMarco_SanMarco1_ML104,ISD_SanMarco_SanMarco1_ML104,test,,0.1.0,datasets/ISD/data/clips.csv,68ea9b9a0fa2f40502fa5bde53510714a8fb65428fc7d596238a9813ff96a6a1
mosaiq-benchmark-v0.1-candidate-20260716,mosaiq-benchmark,0.1.0-dev,iso_paq_regression,0.1.0,ISD,clip,ISD_SanMarco_SanMarco1_ML105,ISD_SanMarco_SanMarco1_ML105,test,,0.1.0,datasets/ISD/data/clips.csv,e2f399790635693d0a6e48bd5b248f2e566e913ba13c0fadf81f678d49df2471
mosaiq-benchmark-v0.1-candidate-20260716,mosaiq-benchmark,0.1.0-dev,iso_paq_regression,0.1.0,ISD,clip,ISD_SanMarco_SanMarco1_ML106,ISD_SanMarco_SanMarco1_ML106,test,,0.1.0,datasets/ISD/data/clips.csv,95cc0ad44faeee7a7508e8c43c910848a090fe481cd2535a646acaeedf946a98
mosaiq-benchmark-v0.1-candidate-20260716,mosaiq-benchmark,0.1.0-dev,iso_paq_regression,0.1.0,ISD,clip,ISD_SanMarco_SanMarco1_ML111,ISD_SanMarco_SanMarco1_ML111,test,,0.1.0,datasets/ISD/data/clips.csv,db73798507ac07fc534fa555534e66df8ca47eb9feb57719dd0f5f8b212435bd
mosaiq-benchmark-v0.1-candidate-20260716,mosaiq-benchmark,0.1.0-dev,iso_paq_regression,0.1.0,ISD,clip,ISD_SanMarco_SanMarco1_ML112,ISD_SanMarco_SanMarco1_ML112,test,,0.1.0,datasets/ISD/data/clips.csv,d89153e90d92543032030ddf3617002262ffe2c641e17e6aac11ea86937d46d7
mosaiq-benchmark-v0.1-candidate-20260716,mosaiq-benchmark,0.1.0-dev,iso_paq_regression,0.1.0,ISD,clip,ISD_SanMarco_SanMarco1_ML130,ISD_SanMarco_SanMarco1_ML130,test,,0.1.0,datasets/ISD/data/clips.csv,acbb87b6f7d6b4be049fa581a163bb1aabcbd8038a24f308b966b365b746bbf7
mosaiq-benchmark-v0.1-candidate-20260716,mosaiq-benchmark,0.1.0-dev,iso_paq_regression,0.1.0,ISD,clip,ISD_SanMarco_SanMarco1_ML131,ISD_SanMarco_SanMarco1_ML131,test,,0.1.0,datasets/ISD/data/clips.csv,b152e7e12f144e9399f714311561b4ad0213ac12e62654135fcdc1e036a7564a
mosaiq-benchmark-v0.1-candidate-20260716,mosaiq-benchmark,0.1.0-dev,iso_paq_regression,0.1.0,ISD,clip,ISD_SanMarco_SanMarco1_ML132,ISD_SanMarco_SanMarco1_ML132,test,,0.1.0,datasets/ISD/data/clips.csv,205171d34087490e20b3d7617106ba2fa438165f05e44229e891c51fdf9e0144
mosaiq-benchmark-v0.1-candidate-20260716,mosaiq-benchmark,0.1.0-dev,iso_paq_regression,0.1.0,ISD,clip,ISD_SanMarco_SanMarco1_ML133,ISD_SanMarco_SanMarco1_ML133,test,,0.1.0,datasets/ISD/data/clips.csv,437c3bf5e323b3d458dc505c24f599f8d384b2fbdedaffdda669b2ecb45b81b6
mosaiq-benchmark-v0.1-candidate-20260716,mosaiq-benchmark,0.1.0-dev,iso_paq_regression,0.1.0,ISD,clip,ISD_SanMarco_SanMarco1_RES,ISD_SanMarco_SanMarco1_RES,test,,0.1.0,datasets/ISD/data/clips.csv,366a054a5e80f83cc05450e2bd334165645d15261f202321d7fe2f48d98d5464
mosaiq-benchmark-v0.1-candidate-20260716,mosaiq-benchmark,0.1.0-dev,iso_paq_regression,0.1.0,ISD,clip,ISD_SanMarco_SanMarco2_ML201,ISD_SanMarco_SanMarco2_ML201,test,,0.1.0,datasets/ISD/data/clips.csv,be87cfd803da097f6e0edfbf9d50551f7eb93973fccf6c36286fd561f10926c4
mosaiq-benchmark-v0.1-candidate-20260716,mosaiq-benchmark,0.1.0-dev,iso_paq_regression,0.1.0,ISD,clip,ISD_SanMarco_SanMarco2_ML202,ISD_SanMarco_SanMarco2_ML202,test,,0.1.0,datasets/ISD/data/clips.csv,3fb76d02da0955d733273ccc8fe38dda1381830a351eee44f3df50e889daebb9
mosaiq-benchmark-v0.1-candidate-20260716,mosaiq-benchmark,0.1.0-dev,iso_paq_regression,0.1.0,ISD,clip,ISD_SanMarco_SanMarco2_ML203,ISD_SanMarco_SanMarco2_ML203,test,,0.1.0,datasets/ISD/data/clips.csv,9c5882025369b82ce4edf7de2c12de0a608117fd8fce18827032f27909a5f2db
mosaiq-benchmark-v0.1-candidate-20260716,mosaiq-benchmark,0.1.0-dev,iso_paq_regression,0.1.0,ISD,clip,ISD_SanMarco_SanMarco2_ML204,ISD_SanMarco_SanMarco2_ML204,test,,0.1.0,datasets/ISD/data/clips.csv,baa48fffb7cfe8b1cee8f38b102153fe0e965da43b4e6ef36c52e71644456b84
mosaiq-benchmark-v0.1-candidate-20260716,mosaiq-benchmark,0.1.0-dev,iso_paq_regression,0.1.0,ISD,clip,ISD_SanMarco_SanMarco2_ML205,ISD_SanMarco_SanMarco2_ML205,test,,0.1.0,datasets/ISD/data/clips.csv,3e24d1a380fdb1cff62a011eeb54a993c6c4b6e663e4c3edbfa7d4d7c40796fb
mosaiq-benchmark-v0.1-candidate-20260716,mosaiq-benchmark,0.1.0-dev,iso_paq_regression,0.1.0,ISD,clip,ISD_SanMarco_SanMarco2_ML206,ISD_SanMarco_SanMarco2_ML206,test,,0.1.0,datasets/ISD/data/clips.csv,674908399362126980e2da6678462fa10f3400c32782799c8c074d9dc61c8a4c
mosaiq-benchmark-v0.1-candidate-20260716,mosaiq-benchmark,0.1.0-dev,iso_paq_regression,0.1.0,ISD,clip,ISD_SanMarco_SanMarco2_ML208,ISD_SanMarco_SanMarco2_ML208,test,,0.1.0,datasets/ISD/data/clips.csv,697ce07cb6e098822a6f46f1af41c8e3e66a72148e057a66e8f1629c9806bc4b
mosaiq-benchmark-v0.1-candidate-20260716,mosaiq-benchmark,0.1.0-dev,iso_paq_regression,0.1.0,ISD,clip,ISD_SanMarco_SanMarco2_ML209,ISD_SanMarco_SanMarco2_ML209,test,,0.1.0,datasets/ISD/data/clips.csv,0cfd14bfe7a1ff23a2ec70d6b26adff4617b5a154c166c3aa0206bd5782a8510
mosaiq-benchmark-v0.1-candidate-20260716,mosaiq-benchmark,0.1.0-dev,iso_paq_regression,0.1.0,ISD,clip,ISD_SanMarco_SanMarco2_ML210,ISD_SanMarco_SanMarco2_ML210,test,,0.1.0,datasets/ISD/data/clips.csv,e85734b9fdef262afa9b88488930e5ea08b1ba6bd5c7becc84831e3e151a2700
mosaiq-benchmark-v0.1-candidate-20260716,mosaiq-benchmark,0.1.0-dev,iso_paq_regression,0.1.0,ISD,clip,ISD_SanMarco_SanMarco2_ML211,ISD_SanMarco_SanMarco2_ML211,test,,0.1.0,datasets/ISD/data/clips.csv,59e881cbcbfbef52b43da6ed83b4778954a816ba9d319dc877c6b4b9990e3135
mosaiq-benchmark-v0.1-candidate-20260716,mosaiq-benchmark,0.1.0-dev,iso_paq_regression,0.1.0,ISD,clip,ISD_SanMarco_SanMarco2_ML212,ISD_SanMarco_SanMarco2_ML212,test,,0.1.0,datasets/ISD/data/clips.csv,9215c994d390ba3c0a56a4364961dc603ad367262b95e87808c8a6249777bd8d
mosaiq-benchmark-v0.1-candidate-20260716,mosaiq-benchmark,0.1.0-dev,iso_paq_regression,0.1.0,ISD,clip,ISD_SanMarco_SanMarco2_ML213,ISD_SanMarco_SanMarco2_ML213,test,,0.1.0,datasets/ISD/data/clips.csv,493a67cf3b15cccffc491b58394041218a63290dfdd6b4bfb67e64d86505055a
mosaiq-benchmark-v0.1-candidate-20260716,mosaiq-benchmark,0.1.0-dev,iso_paq_regression,0.1.0,ISD,clip,ISD_SanMarco_SanMarco2_ML214,ISD_SanMarco_SanMarco2_ML214,test,,0.1.0,datasets/ISD/data/clips.csv,c807422e20d7f400b9f9b859c06194a2957b7027c0a66a47811e536b20d8393e
mosaiq-benchmark-v0.1-candidate-20260716,mosaiq-benchmark,0.1.0-dev,iso_paq_regression,0.1.0,ISD,clip,ISD_SanMarco_SanMarco3_SM301,ISD_SanMarco_SanMarco3_SM301,test,,0.1.0,datasets/ISD/data/clips.csv,da4c19021b9d82b9a6605ff467bdcef761b9efc6f16f5d571bccd1899a4e32e1
mosaiq-benchmark-v0.1-candidate-20260716,mosaiq-benchmark,0.1.0-dev,iso_paq_regression,0.1.0,ISD,clip,ISD_SanMarco_SanMarco3_SM302,ISD_SanMarco_SanMarco3_SM302,test,,0.1.0,datasets/ISD/data/clips.csv,1a88d91d0b9f1ed9b7bcd37278e7211a9bb7bd5227d2b2136ca6cf4296787976
mosaiq-benchmark-v0.1-candidate-20260716,mosaiq-benchmark,0.1.0-dev,iso_paq_regression,0.1.0,ISD,clip,ISD_SanMarco_SanMarco3_SM303,ISD_SanMarco_SanMarco3_SM303,test,,0.1.0,datasets/ISD/data/clips.csv,1a933636cc3014c2287ad795d0e2e244bbd26c877465f56d0b468e57c3d512ee
mosaiq-benchmark-v0.1-candidate-20260716,mosaiq-benchmark,0.1.0-dev,iso_paq_regression,0.1.0,ISD,clip,ISD_SanMarco_SanMarco3_SM304,ISD_SanMarco_SanMarco3_SM304,test,,0.1.0,datasets/ISD/data/clips.csv,b68c53caaeec6fab4cc851996e2317d305d24b325a5dc6cec7602f1b6b939bc8
mosaiq-benchmark-v0.1-candidate-20260716,mosaiq-benchmark,0.1.0-dev,iso_paq_regression,0.1.0,ISD,clip,ISD_SanMarco_SanMarco3_SM305,ISD_SanMarco_SanMarco3_SM305,test,,0.1.0,datasets/ISD/data/clips.csv,218c1032ff951e65fe832a493aa5dd2fa0ee06c8f224c7403ae0954731a35e85
mosaiq-benchmark-v0.1-candidate-20260716,mosaiq-benchmark,0.1.0-dev,iso_paq_regression,0.1.0,ISD,clip,ISD_SanMarco_SanMarco3_SM306,ISD_SanMarco_SanMarco3_SM306,test,,0.1.0,datasets/ISD/data/clips.csv,7b6e071b90f5c5fa1fcb78b431c7d8ef241193a47c63211e60c3bd638c212838
mosaiq-benchmark-v0.1-candidate-20260716,mosaiq-benchmark,0.1.0-dev,iso_paq_regression,0.1.0,ISD,clip,ISD_SanMarco_SanMarco3_SM307,ISD_SanMarco_SanMarco3_SM307,test,,0.1.0,datasets/ISD/data/clips.csv,23122e6ed4c9c72d8933e5761fe6e45ac41df60d4f3569b9bd9a4bcc53cd6fa7
mosaiq-benchmark-v0.1-candidate-20260716,mosaiq-benchmark,0.1.0-dev,iso_paq_regression,0.1.0,ISD,clip,ISD_SanMarco_SanMarco3_SM308,ISD_SanMarco_SanMarco3_SM308,test,,0.1.0,datasets/ISD/data/clips.csv,f7f5c9960343db9ff0547f8f30ed081ddb8be6188ba90331e9a3f6d40247d5e8
mosaiq-benchmark-v0.1-candidate-20260716,mosaiq-benchmark,0.1.0-dev,iso_paq_regression,0.1.0,ISD,clip,ISD_SanMarco_SanMarco3_SM309,ISD_SanMarco_SanMarco3_SM309,test,,0.1.0,datasets/ISD/data/clips.csv,7096f4b50d18f6d3b93e6a8d74a1b61b87991e8c3ff01bac476851614cc151e7
mosaiq-benchmark-v0.1-candidate-20260716,mosaiq-benchmark,0.1.0-dev,iso_paq_regression,0.1.0,ISD,clip,ISD_SanMarco_SanMarco3_SM310,ISD_SanMarco_SanMarco3_SM310,test,,0.1.0,datasets/ISD/data/clips.csv,66c1d39ef2632f994b4d9d4df522849a479c74089ec59cb50f3498560645f984
mosaiq-benchmark-v0.1-candidate-20260716,mosaiq-benchmark,0.1.0-dev,iso_paq_regression,0.1.0,ISD,clip,ISD_SanMarco_SanMarco3_SM311,ISD_SanMarco_SanMarco3_SM311,test,,0.1.0,datasets/ISD/data/clips.csv,1f7a45d8a4f37e14f82da5794a1b1b3f75391d3076b84cb631239054d3ead3ea
mosaiq-benchmark-v0.1-candidate-20260716,mosaiq-benchmark,0.1.0-dev,iso_paq_regression,0.1.0,ISD,clip,ISD_SanMarco_SanMarco3_SM312,ISD_SanMarco_SanMarco3_SM312,test,,0.1.0,datasets/ISD/data/clips.csv,673050ad9f553acaf31859d7d525928cdef3dc337fb90acb0c18e2c617a8d0ab
mosaiq-benchmark-v0.1-candidate-20260716,mosaiq-benchmark,0.1.0-dev,iso_paq_regression,0.1.0,ISD,clip,ISD_SanMarco_SanMarco3_SM313,ISD_SanMarco_SanMarco3_SM313,test,,0.1.0,datasets/ISD/data/clips.csv,0419f944f460e672f7ed4834d699d7650475363db4a5b6fa6494c4e028609537
mosaiq-benchmark-v0.1-candidate-20260716,mosaiq-benchmark,0.1.0-dev,iso_paq_regression,0.1.0,ISD,clip,ISD_SanMarco_SanMarco3_SM314,ISD_SanMarco_SanMarco3_SM314,test,,0.1.0,datasets/ISD/data/clips.csv,254aa8e2d36364b94d86ef84d5920eee263eccd4a0f6d0de850053fc9d41e1db
mosaiq-benchmark-v0.1-candidate-20260716,mosaiq-benchmark,0.1.0-dev,iso_paq_regression,0.1.0,ISD,clip,ISD_StPaulsCross_StPaulsCross1_SC101,ISD_StPaulsCross_StPaulsCross1_SC101,train,,0.1.0,datasets/ISD/data/clips.csv,040e99d5b807a97cbdef0f0c2f084ef1808add544dd6be11aa03fa1f183d9de3
mosaiq-benchmark-v0.1-candidate-20260716,mosaiq-benchmark,0.1.0-dev,iso_paq_regression,0.1.0,ISD,clip,ISD_StPaulsCross_StPaulsCross1_SC102,ISD_StPaulsCross_StPaulsCross1_SC102,train,,0.1.0,datasets/ISD/data/clips.csv,509e441b786215d5317bff73a4a907cc6e84d0a86917ef16fb124fd7206beddb
mosaiq-benchmark-v0.1-candidate-20260716,mosaiq-benchmark,0.1.0-dev,iso_paq_regression,0.1.0,ISD,clip,ISD_StPaulsCross_StPaulsCross1_SC103,ISD_StPaulsCross_StPaulsCross1_SC103,train,,0.1.0,datasets/ISD/data/clips.csv,3690a5b61bf3d8185b3ad69f512e3e7f996bf2906427f084357a41c564a1cde6
mosaiq-benchmark-v0.1-candidate-20260716,mosaiq-benchmark,0.1.0-dev,iso_paq_regression,0.1.0,ISD,clip,ISD_StPaulsCross_StPaulsCross1_SC104,ISD_StPaulsCross_StPaulsCross1_SC104,train,,0.1.0,datasets/ISD/data/clips.csv,d1902bc6e8a3b113735f959f46f393c7658d48bb381028a6f357e55c930284a0
mosaiq-benchmark-v0.1-candidate-20260716,mosaiq-benchmark,0.1.0-dev,iso_paq_regression,0.1.0,ISD,clip,ISD_StPaulsCross_StPaulsCross1_SC105,ISD_StPaulsCross_StPaulsCross1_SC105,train,,0.1.0,datasets/ISD/data/clips.csv,fbd67d4b591ff42dce90b70697fab28dfcb61b31f3454356e3d4bcaf69d4d50f
mosaiq-benchmark-v0.1-candidate-20260716,mosaiq-benchmark,0.1.0-dev,iso_paq_regression,0.1.0,ISD,clip,ISD_StPaulsCross_StPaulsCross1_SC106,ISD_StPaulsCross_StPaulsCross1_SC106,train,,0.1.0,datasets/ISD/data/clips.csv,dbe77b5eb09cfb2f4c8b27e3b1df7af5f4b39b57c9f85a41f4d207aa7814a9bb
mosaiq-benchmark-v0.1-candidate-20260716,mosaiq-benchmark,0.1.0-dev,iso_paq_regression,0.1.0,ISD,clip,ISD_StPaulsCross_StPaulsCross1_SC107,ISD_StPaulsCross_StPaulsCross1_SC107,train,,0.1.0,datasets/ISD/data/clips.csv,2bd00f10b652308adb450d1db2234d6c28460505847e18063327350bb0635500
mosaiq-benchmark-v0.1-candidate-20260716,mosaiq-benchmark,0.1.0-dev,iso_paq_regression,0.1.0,ISD,clip,ISD_StPaulsCross_StPaulsCross1_SC108,ISD_StPaulsCross_StPaulsCross1_SC108,train,,0.1.0,datasets/ISD/data/clips.csv,488f9c710bde9ad71d1636904a70badf2b5adaee90ef9dc5d181528520fd3b84
mosaiq-benchmark-v0.1-candidate-20260716,mosaiq-benchmark,0.1.0-dev,iso_paq_regression,0.1.0,ISD,clip,ISD_StPaulsCross_StPaulsCross1_SC109,ISD_StPaulsCross_StPaulsCross1_SC109,train,,0.1.0,datasets/ISD/data/clips.csv,9d17430f0322615975946eb9e082b4be3b72ceb13be9ae0d1751fd60dac71a18
mosaiq-benchmark-v0.1-candidate-20260716,mosaiq-benchmark,0.1.0-dev,iso_paq_regression,0.1.0,ISD,clip,ISD_StPaulsCross_StPaulsCross1_SC110,ISD_StPaulsCross_StPaulsCross1_SC110,train,,0.1.0,datasets/ISD/data/clips.csv,3881dedda747809d197e5adbaf38da311e2256fc640579845c0d04978b1d0675
mosaiq-benchmark-v0.1-candidate-20260716,mosaiq-benchmark,0.1.0-dev,iso_paq_regression,0.1.0,ISD,clip,ISD_StPaulsCross_StPaulsCross1_SC111,ISD_StPaulsCross_StPaulsCross1_SC111,train,,0.1.0,datasets/ISD/data/clips.csv,16d348a8dbaea198834cc16e33ad78991423c9a1e6ea383b9c9a084c7405d743
mosaiq-benchmark-v0.1-candidate-20260716,mosaiq-benchmark,0.1.0-dev,iso_paq_regression,0.1.0,ISD,clip,ISD_StPaulsCross_StPaulsCross1_SC112,ISD_StPaulsCross_StPaulsCross1_SC112,train,,0.1.0,datasets/ISD/data/clips.csv,6bc24b0908f7485adc533efdbba0daf1fa24342d86e35acbf364c42c38464521
mosaiq-benchmark-v0.1-candidate-20260716,mosaiq-benchmark,0.1.0-dev,iso_paq_regression,0.1.0,ISD,clip,ISD_StPaulsCross_StPaulsCross1_SC113,ISD_StPaulsCross_StPaulsCross1_SC113,train,,0.1.0,datasets/ISD/data/clips.csv,97f0a3b28dd13f2ec130d390dac8517b5d7124b8a882a72fbab8f3b4e3ea5209
mosaiq-benchmark-v0.1-candidate-20260716,mosaiq-benchmark,0.1.0-dev,iso_paq_regression,0.1.0,ISD,clip,ISD_StPaulsCross_StPaulsCross1_SC114,ISD_StPaulsCross_StPaulsCross1_SC114,train,,0.1.0,datasets/ISD/data/clips.csv,e17dc1365198a83cfc81bdcccad30b172ea0e24b129d441e4ca5e4f1496ebda8
mosaiq-benchmark-v0.1-candidate-20260716,mosaiq-benchmark,0.1.0-dev,iso_paq_regression,0.1.0,ISD,clip,ISD_StPaulsCross_StPaulsCross1_SC115,ISD_StPaulsCross_StPaulsCross1_SC115,train,,0.1.0,datasets/ISD/data/clips.csv,40a0cacac3aec04d7eca5bb078d2d1a0df4ed13096431fa626fb6c3992f53e87
mosaiq-benchmark-v0.1-candidate-20260716,mosaiq-benchmark,0.1.0-dev,iso_paq_regression,0.1.0,ISD,clip,ISD_StPaulsCross_StPaulsCross1_SC116,ISD_StPaulsCross_StPaulsCross1_SC116,train,,0.1.0,datasets/ISD/data/clips.csv,4cd1d80f7aab2ee5efeec00584c921ecb03b2b8a25e2fef279e4aff6a329c173
mosaiq-benchmark-v0.1-candidate-20260716,mosaiq-benchmark,0.1.0-dev,iso_paq_regression,0.1.0,ISD,clip,ISD_StPaulsCross_StPaulsCross1_SC117,ISD_StPaulsCross_StPaulsCross1_SC117,train,,0.1.0,datasets/ISD/data/clips.csv,55cf8b8bdef19e7bbf93424c404567fba6b6445d7e4be9d1645f53a5378d5bee
mosaiq-benchmark-v0.1-candidate-20260716,mosaiq-benchmark,0.1.0-dev,iso_paq_regression,0.1.0,ISD,clip,ISD_StPaulsCross_StPaulsCross1_SC118,ISD_StPaulsCross_StPaulsCross1_SC118,train,,0.1.0,datasets/ISD/data/clips.csv,784cece06b08d25853f6e6a4c8e5e4dda571239395d7f65c372cb6f37b0e4ccb
mosaiq-benchmark-v0.1-candidate-20260716,mosaiq-benchmark,0.1.0-dev,iso_paq_regression,0.1.0,ISD,clip,ISD_StPaulsCross_StPaulsCross1_SC119,ISD_StPaulsCross_StPaulsCross1_SC119,train,,0.1.0,datasets/ISD/data/clips.csv,7b81f033c47b30f42b4d27be4f4222ec2d78a24cc106b9576400175d1e7fdb8b
mosaiq-benchmark-v0.1-candidate-20260716,mosaiq-benchmark,0.1.0-dev,iso_paq_regression,0.1.0,ISD,clip,ISD_StPaulsCross_StPaulsCross1_SC120,ISD_StPaulsCross_StPaulsCross1_SC120,train,,0.1.0,datasets/ISD/data/clips.csv,8a918fc3da164d9e2eb3ec973fadd2fb375328fa8edbf8922ba3303a827e49ea
mosaiq-benchmark-v0.1-candidate-20260716,mosaiq-benchmark,0.1.0-dev,iso_paq_regression,0.1.0,ISD,clip,ISD_StPaulsCross_StPaulsCross1_SC121,ISD_StPaulsCross_StPaulsCross1_SC121,train,,0.1.0,datasets/ISD/data/clips.csv,951e43835e15e3260def96125a52e4c43c99595cfe30445ee119b383ab8b0ade
mosaiq-benchmark-v0.1-candidate-20260716,mosaiq-benchmark,0.1.0-dev,iso_paq_regression,0.1.0,ISD,clip,ISD_StPaulsCross_StPaulsCross1_SC122,ISD_StPaulsCross_StPaulsCross1_SC122,train,,0.1.0,datasets/ISD/data/clips.csv,a25c1a79e320fe0fb68d9fa15c6cf994047ee6a2071afe453b0cca3d08e158d5
mosaiq-benchmark-v0.1-candidate-20260716,mosaiq-benchmark,0.1.0-dev,iso_paq_regression,0.1.0,ISD,clip,ISD_StPaulsCross_StPaulsCross1_SC123,ISD_StPaulsCross_StPaulsCross1_SC123,train,,0.1.0,datasets/ISD/data/clips.csv,54b29a100c68b9c9ba670e003ebd2646aaa0d64d0dedb2bb107f4f660ae96a93
mosaiq-benchmark-v0.1-candidate-20260716,mosaiq-benchmark,0.1.0-dev,iso_paq_regression,0.1.0,ISD,clip,ISD_StPaulsCross_StPaulsCross1_SC124,ISD_StPaulsCross_StPaulsCross1_SC124,train,,0.1.0,datasets/ISD/data/clips.csv,f3c83415c5b00a5d2e53bc2e61c521b99db36e59b50ea7275d875f6b3ee6101a
mosaiq-benchmark-v0.1-candidate-20260716,mosaiq-benchmark,0.1.0-dev,iso_paq_regression,0.1.0,ISD,clip,ISD_StPaulsCross_StPaulsCross1_SC125,ISD_StPaulsCross_StPaulsCross1_SC125,train,,0.1.0,datasets/ISD/data/clips.csv,4880bbbd9ec03883478ec10ec969832deb6bdc2467d3df106be6d48a34196338
mosaiq-benchmark-v0.1-candidate-20260716,mosaiq-benchmark,0.1.0-dev,iso_paq_regression,0.1.0,ISD,clip,ISD_StPaulsCross_StPaulsCross1_SC126,ISD_StPaulsCross_StPaulsCross1_SC126,train,,0.1.0,datasets/ISD/data/clips.csv,3a37e0a57498ed698d3a895941b589002154f4f6da15d1923d4aefb93b806b1c
mosaiq-benchmark-v0.1-candidate-20260716,mosaiq-benchmark,0.1.0-dev,iso_paq_regression,0.1.0,ISD,clip,ISD_StPaulsCross_StPaulsCross1_SC127,ISD_StPaulsCross_StPaulsCross1_SC127,train,,0.1.0,datasets/ISD/data/clips.csv,a39b165b434a0eb17fe17056d20bd4656b3a61f2b9b08d7e755c0259a1d70549
mosaiq-benchmark-v0.1-candidate-20260716,mosaiq-benchmark,0.1.0-dev,iso_paq_regression,0.1.0,ISD,clip,ISD_StPaulsCross_StPaulsCross1_SC128,ISD_StPaulsCross_StPaulsCross1_SC128,train,,0.1.0,datasets/ISD/data/clips.csv,d16b83adf08019985e2f8e085d126d8c90cec979819c94b8253171ed0c0f0ab8
mosaiq-benchmark-v0.1-candidate-20260716,mosaiq-benchmark,0.1.0-dev,iso_paq_regression,0.1.0,ISD,clip,ISD_StPaulsCross_StPaulsCross1_SC129,ISD_StPaulsCross_StPaulsCross1_SC129,train,,0.1.0,datasets/ISD/data/clips.csv,ececa3833a8fb758f7c860e5492764d9b64c02c0b416369e6fa9436eec3a6892
mosaiq-benchmark-v0.1-candidate-20260716,mosaiq-benchmark,0.1.0-dev,iso_paq_regression,0.1.0,ISD,clip,ISD_StPaulsCross_StPaulsCross1_SC130,ISD_StPaulsCross_StPaulsCross1_SC130,train,,0.1.0,datasets/ISD/data/clips.csv,0a248acc51bb890505cf7a3dcc4bffdb3107bb52d9a3955ffc2571b82149d7ef
mosaiq-benchmark-v0.1-candidate-20260716,mosaiq-benchmark,0.1.0-dev,iso_paq_regression,0.1.0,ISD,clip,ISD_StPaulsCross_StPaulsCross1_SC131,ISD_StPaulsCross_StPaulsCross1_SC131,train,,0.1.0,datasets/ISD/data/clips.csv,3cbae2fb7b35839f3c07cc209465c1cfaef89a6d4fcb3d9bd35181f0224f2f1b
mosaiq-benchmark-v0.1-candidate-20260716,mosaiq-benchmark,0.1.0-dev,iso_paq_regression,0.1.0,ISD,clip,ISD_StPaulsCross_StPaulsCross1_SC132,ISD_StPaulsCross_StPaulsCross1_SC132,train,,0.1.0,datasets/ISD/data/clips.csv,ae9db056d45f2a3de9a724c23f0b38e2a301c1b12c111e7aa6f3aa1ecfe98228
mosaiq-benchmark-v0.1-candidate-20260716,mosaiq-benchmark,0.1.0-dev,iso_paq_regression,0.1.0,ISD,clip,ISD_StPaulsCross_StPaulsCross1_SC133,ISD_StPaulsCross_StPaulsCross1_SC133,train,,0.1.0,datasets/ISD/data/clips.csv,fcef32bbcfceab9e2ba7a1dea600e16dba5bb7e3c48b6632e660403dd2731b3c
mosaiq-benchmark-v0.1-candidate-20260716,mosaiq-benchmark,0.1.0-dev,iso_paq_regression,0.1.0,ISD,clip,ISD_StPaulsCross_StPaulsCross1_SC134,ISD_StPaulsCross_StPaulsCross1_SC134,train,,0.1.0,datasets/ISD/data/clips.csv,117f7eefb2b18b5e7967cfbfd5c1e5bd4a254c30862ed3461515a80de2efde48
mosaiq-benchmark-v0.1-candidate-20260716,mosaiq-benchmark,0.1.0-dev,iso_paq_regression,0.1.0,ISD,clip,ISD_StPaulsCross_StPaulsCross1_SC135,ISD_StPaulsCross_StPaulsCross1_SC135,train,,0.1.0,datasets/ISD/data/clips.csv,caac7d0b341a5284d687337c6dbf83b48fd8b2e485600c35895d93507305e443
mosaiq-benchmark-v0.1-candidate-20260716,mosaiq-benchmark,0.1.0-dev,iso_paq_regression,0.1.0,ISD,clip,ISD_StPaulsCross_StPaulsCross1_SC136,ISD_StPaulsCross_StPaulsCross1_SC136,train,,0.1.0,datasets/ISD/data/clips.csv,b7ea901f4d2c019d7ddd0294bacc2a6e6662f3fb652c3cd2f62efba1ffdfa2e4
mosaiq-benchmark-v0.1-candidate-20260716,mosaiq-benchmark,0.1.0-dev,iso_paq_regression,0.1.0,ISD,clip,ISD_StPaulsCross_StPaulsCross1_SC137,ISD_StPaulsCross_StPaulsCross1_SC137,train,,0.1.0,datasets/ISD/data/clips.csv,bff36d5226baf415556df0d75061ebef6c845e09ccc95a581667461e8d3f6d61
mosaiq-benchmark-v0.1-candidate-20260716,mosaiq-benchmark,0.1.0-dev,iso_paq_regression,0.1.0,ISD,clip,ISD_StPaulsCross_StPaulsCross1_SC138,ISD_StPaulsCross_StPaulsCross1_SC138,train,,0.1.0,datasets/ISD/data/clips.csv,ac89e78ac6a16fd126fd74f8c6ef67e0b184928b846e58eeb7f73a1679a98f87
mosaiq-benchmark-v0.1-candidate-20260716,mosaiq-benchmark,0.1.0-dev,iso_paq_regression,0.1.0,ISD,clip,ISD_StPaulsCross_StPaulsCross1_SC139,ISD_StPaulsCross_StPaulsCross1_SC139,train,,0.1.0,datasets/ISD/data/clips.csv,1e0168d5125ae47b325a1a604198730d3f079a6a323d1ffd9464f8548def2aa8
mosaiq-benchmark-v0.1-candidate-20260716,mosaiq-benchmark,0.1.0-dev,iso_paq_regression,0.1.0,ISD,clip,ISD_StPaulsCross_StPaulsCross1_SC140,ISD_StPaulsCross_StPaulsCross1_SC140,train,,0.1.0,datasets/ISD/data/clips.csv,963e5983dd543f4549bde35930f2ba8bce0b27a1baea3526a22bb59520870613
mosaiq-benchmark-v0.1-candidate-20260716,mosaiq-benchmark,0.1.0-dev,iso_paq_regression,0.1.0,ISD,clip,ISD_StPaulsCross_StPaulsCross1_SC141,ISD_StPaulsCross_StPaulsCross1_SC141,train,,0.1.0,datasets/ISD/data/clips.csv,667144c6922fd507b2f5c18bb26a525187be372b5393b75d1f9de474e90286cd
mosaiq-benchmark-v0.1-candidate-20260716,mosaiq-benchmark,0.1.0-dev,iso_paq_regression,0.1.0,ISD,clip,ISD_StPaulsCross_StPaulsCross1_SC142,ISD_StPaulsCross_StPaulsCross1_SC142,train,,0.1.0,datasets/ISD/data/clips.csv,e151e9c789d187749dcc4959eae582e05812cfa2303fd2486412f9cae0e28dec
mosaiq-benchmark-v0.1-candidate-20260716,mosaiq-benchmark,0.1.0-dev,iso_paq_regression,0.1.0,ISD,clip,ISD_StPaulsCross_StPaulsCross1_SC143,ISD_StPaulsCross_StPaulsCross1_SC143,train,,0.1.0,datasets/ISD/data/clips.csv,129c4cd725b40187fb3288ec49b9569c8354fbfd896208575ccd4fe6adf63cb2
mosaiq-benchmark-v0.1-candidate-20260716,mosaiq-benchmark,0.1.0-dev,iso_paq_regression,0.1.0,ISD,clip,ISD_StPaulsCross_StPaulsCross1_SC144,ISD_StPaulsCross_StPaulsCross1_SC144,train,,0.1.0,datasets/ISD/data/clips.csv,d9075b8b7a38ed1e1382b42301c4a3d6a2223c1ddcb8cd0e6e9b12c56ec54e9d
mosaiq-benchmark-v0.1-candidate-20260716,mosaiq-benchmark,0.1.0-dev,iso_paq_regression,0.1.0,ISD,clip,ISD_StPaulsCross_StPaulsCross1_SC145,ISD_StPaulsCross_StPaulsCross1_SC145,train,,0.1.0,datasets/ISD/data/clips.csv,7ec6efa9f9d820250c26e4d086f93bd78e90435fa638debb9967ae4e254f0cd6
mosaiq-benchmark-v0.1-candidate-20260716,mosaiq-benchmark,0.1.0-dev,iso_paq_regression,0.1.0,ISD,clip,ISD_StPaulsRow_StPaulsRow1_SR101,ISD_StPaulsRow_StPaulsRow1_SR101,train,,0.1.0,datasets/ISD/data/clips.csv,6c05e4733729a1e310a69e544eee23070b8650b12b10ac816d9661ee1267a309
mosaiq-benchmark-v0.1-candidate-20260716,mosaiq-benchmark,0.1.0-dev,iso_paq_regression,0.1.0,ISD,clip,ISD_StPaulsRow_StPaulsRow1_SR102,ISD_StPaulsRow_StPaulsRow1_SR102,train,,0.1.0,datasets/ISD/data/clips.csv,edbea7841d9be707d1a07f767cae0e7627108080083c571d09ae05e46fa1c08f
mosaiq-benchmark-v0.1-candidate-20260716,mosaiq-benchmark,0.1.0-dev,iso_paq_regression,0.1.0,ISD,clip,ISD_StPaulsRow_StPaulsRow1_SR103,ISD_StPaulsRow_StPaulsRow1_SR103,train,,0.1.0,datasets/ISD/data/clips.csv,c6dd9109f00598c44d8efc6aea74c6a929a5909aa1d64fbec06ffc38dc769cde
mosaiq-benchmark-v0.1-candidate-20260716,mosaiq-benchmark,0.1.0-dev,iso_paq_regression,0.1.0,ISD,clip,ISD_StPaulsRow_StPaulsRow1_SR104,ISD_StPaulsRow_StPaulsRow1_SR104,train,,0.1.0,datasets/ISD/data/clips.csv,148494ac9664dea3f17e10d78dd912f44dba547eeeadcf3913db2c768db9c7d0
mosaiq-benchmark-v0.1-candidate-20260716,mosaiq-benchmark,0.1.0-dev,iso_paq_regression,0.1.0,ISD,clip,ISD_StPaulsRow_StPaulsRow1_SR105,ISD_StPaulsRow_StPaulsRow1_SR105,train,,0.1.0,datasets/ISD/data/clips.csv,253458330a4183ee29c3ea05fc2820bcda68869b9fb53550213be18370e153a3
mosaiq-benchmark-v0.1-candidate-20260716,mosaiq-benchmark,0.1.0-dev,iso_paq_regression,0.1.0,ISD,clip,ISD_StPaulsRow_StPaulsRow1_SR106,ISD_StPaulsRow_StPaulsRow1_SR106,train,,0.1.0,datasets/ISD/data/clips.csv,e7781b0049c82fefbddf91c65d6570d2246cbe95b180cdde885b2bcf3301f682
mosaiq-benchmark-v0.1-candidate-20260716,mosaiq-benchmark,0.1.0-dev,iso_paq_regression,0.1.0,ISD,clip,ISD_StPaulsRow_StPaulsRow1_SR107,ISD_StPaulsRow_StPaulsRow1_SR107,train,,0.1.0,datasets/ISD/data/clips.csv,a5b3ae7ac3f4c81a69a63553cb4d1333f7a8043baac91670ac6f3dbf401a1170
mosaiq-benchmark-v0.1-candidate-20260716,mosaiq-benchmark,0.1.0-dev,iso_paq_regression,0.1.0,ISD,clip,ISD_StPaulsRow_StPaulsRow1_SR108,ISD_StPaulsRow_StPaulsRow1_SR108,train,,0.1.0,datasets/ISD/data/clips.csv,f18957ebe83f0f2d6e8419d7de4365f6d4b9b1dd60de5227e235dda0798aa01b
mosaiq-benchmark-v0.1-candidate-20260716,mosaiq-benchmark,0.1.0-dev,iso_paq_regression,0.1.0,ISD,clip,ISD_StPaulsRow_StPaulsRow1_SR110,ISD_StPaulsRow_StPaulsRow1_SR110,train,,0.1.0,datasets/ISD/data/clips.csv,adcfcc8408c81e76c38a72087f549f8f028c575714b091e69019d8002e61ea86
mosaiq-benchmark-v0.1-candidate-20260716,mosaiq-benchmark,0.1.0-dev,iso_paq_regression,0.1.0,ISD,clip,ISD_StPaulsRow_StPaulsRow1_SR111,ISD_StPaulsRow_StPaulsRow1_SR111,train,,0.1.0,datasets/ISD/data/clips.csv,d82ac6d07503d62743e69d5673533432aee0debb6ad44eed9760e8ed01571e3e
mosaiq-benchmark-v0.1-candidate-20260716,mosaiq-benchmark,0.1.0-dev,iso_paq_regression,0.1.0,ISD,clip,ISD_StPaulsRow_StPaulsRow1_SR112,ISD_StPaulsRow_StPaulsRow1_SR112,train,,0.1.0,datasets/ISD/data/clips.csv,6b8a76dfc1d77578afde2f5f8c495415c35decb1b48de8acfdecae1f9ec63335
mosaiq-benchmark-v0.1-candidate-20260716,mosaiq-benchmark,0.1.0-dev,iso_paq_regression,0.1.0,ISD,clip,ISD_StPaulsRow_StPaulsRow1_SR114,ISD_StPaulsRow_StPaulsRow1_SR114,train,,0.1.0,datasets/ISD/data/clips.csv,26cd21bb904a1e8469baa229a9261aa970debed742253d71a0f86f25f92db901
mosaiq-benchmark-v0.1-candidate-20260716,mosaiq-benchmark,0.1.0-dev,iso_paq_regression,0.1.0,ISD,clip,ISD_StPaulsRow_StPaulsRow1_SR115,ISD_StPaulsRow_StPaulsRow1_SR115,train,,0.1.0,datasets/ISD/data/clips.csv,4e75d3851009208534c16aaee8f332eb659562d7acf36efc0144735f3009f6e5
mosaiq-benchmark-v0.1-candidate-20260716,mosaiq-benchmark,0.1.0-dev,iso_paq_regression,0.1.0,ISD,clip,ISD_StPaulsRow_StPaulsRow1_SR116,ISD_StPaulsRow_StPaulsRow1_SR116,train,,0.1.0,datasets/ISD/data/clips.csv,3933004ff30c57ea36f43ab54912df9c4b486a260e58608259f9cfbecf87470e
mosaiq-benchmark-v0.1-candidate-20260716,mosaiq-benchmark,0.1.0-dev,iso_paq_regression,0.1.0,ISD,clip,ISD_StPaulsRow_StPaulsRow1_SR117,ISD_StPaulsRow_StPaulsRow1_SR117,train,,0.1.0,datasets/ISD/data/clips.csv,cac0bd29b8cfff550d2e66c3138910898d3fe4a1417ee5c3504211bdb7c55043
mosaiq-benchmark-v0.1-candidate-20260716,mosaiq-benchmark,0.1.0-dev,iso_paq_regression,0.1.0,ISD,clip,ISD_StPaulsRow_StPaulsRow1_SR118,ISD_StPaulsRow_StPaulsRow1_SR118,train,,0.1.0,datasets/ISD/data/clips.csv,d2d984a57dacf236f8eb1d77157fd1a24ee6f4c5a05b7f70c88e759c3efce0fc
mosaiq-benchmark-v0.1-candidate-20260716,mosaiq-benchmark,0.1.0-dev,iso_paq_regression,0.1.0,ISD,clip,ISD_StPaulsRow_StPaulsRow1_SR119,ISD_StPaulsRow_StPaulsRow1_SR119,train,,0.1.0,datasets/ISD/data/clips.csv,20b0bbfa9df2b01d70a49c3d333e7bf982b312048830f7549ac3c87866016db3
mosaiq-benchmark-v0.1-candidate-20260716,mosaiq-benchmark,0.1.0-dev,iso_paq_regression,0.1.0,ISD,clip,ISD_StPaulsRow_StPaulsRow1_SR121,ISD_StPaulsRow_StPaulsRow1_SR121,train,,0.1.0,datasets/ISD/data/clips.csv,f75f31480a640df5f85d318cc1dc24915345572ccb4ce55cf7361ee8b3b6b961
mosaiq-benchmark-v0.1-candidate-20260716,mosaiq-benchmark,0.1.0-dev,iso_paq_regression,0.1.0,ISD,clip,ISD_StPaulsRow_StPaulsRow1_SR122,ISD_StPaulsRow_StPaulsRow1_SR122,train,,0.1.0,datasets/ISD/data/clips.csv,b03584fb5f38a9b070335ca00a67c54d91499a1f6ee5cde8ad8cbeefe70ef716
mosaiq-benchmark-v0.1-candidate-20260716,mosaiq-benchmark,0.1.0-dev,iso_paq_regression,0.1.0,ISD,clip,ISD_StPaulsRow_StPaulsRow1_SR123,ISD_StPaulsRow_StPaulsRow1_SR123,train,,0.1.0,datasets/ISD/data/clips.csv,acb07c521a7fc7838fca1fcf0747ffeb2e56708ac5e5ef18337a994a881b7282
mosaiq-benchmark-v0.1-candidate-20260716,mosaiq-benchmark,0.1.0-dev,iso_paq_regression,0.1.0,ISD,clip,ISD_StPaulsRow_StPaulsRow1_SR124,ISD_StPaulsRow_StPaulsRow1_SR124,train,,0.1.0,datasets/ISD/data/clips.csv,d95589653166ac8a977ba249718e7d434d100ec39eae02085246b8755d0c7624
mosaiq-benchmark-v0.1-candidate-20260716,mosaiq-benchmark,0.1.0-dev,iso_paq_regression,0.1.0,ISD,clip,ISD_StPaulsRow_StPaulsRow1_SR125,ISD_StPaulsRow_StPaulsRow1_SR125,train,,0.1.0,datasets/ISD/data/clips.csv,ffa5cfdbe9a9c33881abf645d25cd71a52615eb7415022999e6a44ff193ee206
mosaiq-benchmark-v0.1-candidate-20260716,mosaiq-benchmark,0.1.0-dev,iso_paq_regression,0.1.0,ISD,clip,ISD_StPaulsRow_StPaulsRow1_SR126,ISD_StPaulsRow_StPaulsRow1_SR126,train,,0.1.0,datasets/ISD/data/clips.csv,ea8a350a3f170f85b55d9c8415e82836e4069fc51081e3a96b27335bbda17b3b
mosaiq-benchmark-v0.1-candidate-20260716,mosaiq-benchmark,0.1.0-dev,iso_paq_regression,0.1.0,ISD,clip,ISD_StPaulsRow_StPaulsRow1_SR127,ISD_StPaulsRow_StPaulsRow1_SR127,train,,0.1.0,datasets/ISD/data/clips.csv,fdec8a33ef1e30d4c7f27766801bfdfaaae3d2b104f67d3c5b7bdaa32239e165
mosaiq-benchmark-v0.1-candidate-20260716,mosaiq-benchmark,0.1.0-dev,iso_paq_regression,0.1.0,ISD,clip,ISD_StPaulsRow_StPaulsRow1_SR128,ISD_StPaulsRow_StPaulsRow1_SR128,train,,0.1.0,datasets/ISD/data/clips.csv,68fbfbb11bce600f1fee723d9e3fb9c59a91b06f7fbb33f2888f73226c2f387b
mosaiq-benchmark-v0.1-candidate-20260716,mosaiq-benchmark,0.1.0-dev,iso_paq_regression,0.1.0,ISD,clip,ISD_StPaulsRow_StPaulsRow1_SR129,ISD_StPaulsRow_StPaulsRow1_SR129,train,,0.1.0,datasets/ISD/data/clips.csv,5ef55005b51f9624fc83850dda7fa37b7d5e1fc6015415cdc2a5446c82ac5af9
mosaiq-benchmark-v0.1-candidate-20260716,mosaiq-benchmark,0.1.0-dev,iso_paq_regression,0.1.0,ISD,clip,ISD_StPaulsRow_StPaulsRow1_SR130,ISD_StPaulsRow_StPaulsRow1_SR130,train,,0.1.0,datasets/ISD/data/clips.csv,37aa5d9ceae3517f6e42909a51c7f428f9b85c204dfc55a15b6f12bfb963f179
mosaiq-benchmark-v0.1-candidate-20260716,mosaiq-benchmark,0.1.0-dev,iso_paq_regression,0.1.0,ISD,clip,ISD_StPaulsRow_StPaulsRow1_SR131,ISD_StPaulsRow_StPaulsRow1_SR131,train,,0.1.0,datasets/ISD/data/clips.csv,5a39a7290ee2eb6e8ec65f364afe7ac2ca08db50496aaa5e169f0bf393b58945
mosaiq-benchmark-v0.1-candidate-20260716,mosaiq-benchmark,0.1.0-dev,iso_paq_regression,0.1.0,ISD,clip,ISD_StPaulsRow_StPaulsRow1_SR133,ISD_StPaulsRow_StPaulsRow1_SR133,train,,0.1.0,datasets/ISD/data/clips.csv,be850e10930f9884a16113537134c878692fa13bbaed70a63bbe69c335dea41d
mosaiq-benchmark-v0.1-candidate-20260716,mosaiq-benchmark,0.1.0-dev,iso_paq_regression,0.1.0,ISD,clip,ISD_StPaulsRow_StPaulsRow1_SR134,ISD_StPaulsRow_StPaulsRow1_SR134,train,,0.1.0,datasets/ISD/data/clips.csv,55388a3fdcd45db6786acfdc1903c2970e283b19e5b445445ff5088ec09d953f
mosaiq-benchmark-v0.1-candidate-20260716,mosaiq-benchmark,0.1.0-dev,iso_paq_regression,0.1.0,ISD,clip,ISD_StPaulsRow_StPaulsRow1_SR135,ISD_StPaulsRow_StPaulsRow1_SR135,train,,0.1.0,datasets/ISD/data/clips.csv,9cfa203a08bbd1424d6ad03a4e9d3238b791cb564d8e3b57bcf5577f87839ac4
mosaiq-benchmark-v0.1-candidate-20260716,mosaiq-benchmark,0.1.0-dev,iso_paq_regression,0.1.0,ISD,clip,ISD_StPaulsRow_StPaulsRow1_SR136,ISD_StPaulsRow_StPaulsRow1_SR136,train,,0.1.0,datasets/ISD/data/clips.csv,e2d0ee8d18a1864cedb551b81f68ad5d52706faee9bd4c22677ff44ac4311cbe
mosaiq-benchmark-v0.1-candidate-20260716,mosaiq-benchmark,0.1.0-dev,iso_paq_regression,0.1.0,ISD,clip,ISD_StPaulsRow_StPaulsRow1_SR137,ISD_StPaulsRow_StPaulsRow1_SR137,train,,0.1.0,datasets/ISD/data/clips.csv,43eed2701e74a6018df5bb383fc89c614b543a97b24ed0c347f27664abff4912
mosaiq-benchmark-v0.1-candidate-20260716,mosaiq-benchmark,0.1.0-dev,iso_paq_regression,0.1.0,ISD,clip,ISD_StPaulsRow_StPaulsRow1_SR138,ISD_StPaulsRow_StPaulsRow1_SR138,train,,0.1.0,datasets/ISD/data/clips.csv,bd31380fa07ce5e98bd2b5dbc01f685550ce86743719662210843a331afa9ac1
mosaiq-benchmark-v0.1-candidate-20260716,mosaiq-benchmark,0.1.0-dev,iso_paq_regression,0.1.0,ISD,clip,ISD_StPaulsRow_StPaulsRow1_SR139,ISD_StPaulsRow_StPaulsRow1_SR139,train,,0.1.0,datasets/ISD/data/clips.csv,2941ea6d122852442f072254209f40b7a5e8b68fab4c391e1e650c37649eb74c
mosaiq-benchmark-v0.1-candidate-20260716,mosaiq-benchmark,0.1.0-dev,iso_paq_regression,0.1.0,ISD,clip,ISD_StPaulsRow_StPaulsRow1_SR140,ISD_StPaulsRow_StPaulsRow1_SR140,train,,0.1.0,datasets/ISD/data/clips.csv,743e6f276f7235fbd1929e1de5e55219bdcdd7a846c3ed475f3f8dc4091a2ecb
mosaiq-benchmark-v0.1-candidate-20260716,mosaiq-benchmark,0.1.0-dev,iso_paq_regression,0.1.0,ISD,clip,ISD_StPaulsRow_StPaulsRow1_SR141,ISD_StPaulsRow_StPaulsRow1_SR141,train,,0.1.0,datasets/ISD/data/clips.csv,9b65aa5c00cfa2b712e2ce867ca481d1b750420932eb46e745999ce338317661
mosaiq-benchmark-v0.1-candidate-20260716,mosaiq-benchmark,0.1.0-dev,iso_paq_regression,0.1.0,ISD,clip,ISD_StPaulsRow_StPaulsRow1_SR142,ISD_StPaulsRow_StPaulsRow1_SR142,train,,0.1.0,datasets/ISD/data/clips.csv,824d8261a5c0a7437ab86f976ef71b6b14fb2a678d1f39244bd9a6f75388f25b
mosaiq-benchmark-v0.1-candidate-20260716,mosaiq-benchmark,0.1.0-dev,iso_paq_regression,0.1.0,ISD,clip,ISD_StPaulsRow_StPaulsRow1_SR143,ISD_StPaulsRow_StPaulsRow1_SR143,train,,0.1.0,datasets/ISD/data/clips.csv,d4985d955800d7383c957d6fd5eb4fd279cda8f703a6914e042f6ce03d1c042c
mosaiq-benchmark-v0.1-candidate-20260716,mosaiq-benchmark,0.1.0-dev,iso_paq_regression,0.1.0,ISD,clip,ISD_StPaulsRow_StPaulsRow1_SR144,ISD_StPaulsRow_StPaulsRow1_SR144,train,,0.1.0,datasets/ISD/data/clips.csv,21d491d0d35637f1a19a3a61fe53ce1931faa710fea33a7a5673ad8a8d5cd64c
mosaiq-benchmark-v0.1-candidate-20260716,mosaiq-benchmark,0.1.0-dev,iso_paq_regression,0.1.0,ISD,clip,ISD_StPaulsRow_StPaulsRow1_SR145,ISD_StPaulsRow_StPaulsRow1_SR145,train,,0.1.0,datasets/ISD/data/clips.csv,a1acbc98e2ca1df6e2be0fec7709452e15e0a83aa6e9b81916c15a3f07babfd2
mosaiq-benchmark-v0.1-candidate-20260716,mosaiq-benchmark,0.1.0-dev,iso_paq_regression,0.1.0,ISD,clip,ISD_StPaulsRow_StPaulsRow1_SR146,ISD_StPaulsRow_StPaulsRow1_SR146,train,,0.1.0,datasets/ISD/data/clips.csv,0dd5f153527d02d3dc3a941726be3634e7be5ce0f041e1ce2f1bd6fe663319c2
mosaiq-benchmark-v0.1-candidate-20260716,mosaiq-benchmark,0.1.0-dev,iso_paq_regression,0.1.0,ISD,clip,ISD_StPaulsRow_StPaulsRow1_SR147,ISD_StPaulsRow_StPaulsRow1_SR147,train,,0.1.0,datasets/ISD/data/clips.csv,853a7ac95a8bc6ee1666cb977d4b306be52e405c9ed2dd3250671cd0adafbd3a
mosaiq-benchmark-v0.1-candidate-20260716,mosaiq-benchmark,0.1.0-dev,iso_paq_regression,0.1.0,ISD,clip,ISD_TateModern_TateModern1_MT102,ISD_TateModern_TateModern1_MT102,train,,0.1.0,datasets/ISD/data/clips.csv,d13ad661d459ce7b38fa84f8c85587a8902ba3a9d8dc08b7b5bc2aedbafd1f1e
mosaiq-benchmark-v0.1-candidate-20260716,mosaiq-benchmark,0.1.0-dev,iso_paq_regression,0.1.0,ISD,clip,ISD_TateModern_TateModern1_TM101,ISD_TateModern_TateModern1_TM101,train,,0.1.0,datasets/ISD/data/clips.csv,267e13dc92e2261bfad747d8f75edb239211a6074808c73710867617a33d59d6
mosaiq-benchmark-v0.1-candidate-20260716,mosaiq-benchmark,0.1.0-dev,iso_paq_regression,0.1.0,ISD,clip,ISD_TateModern_TateModern1_TM102,ISD_TateModern_TateModern1_TM102,train,,0.1.0,datasets/ISD/data/clips.csv,75847757a047eb714d0b70ad358aef8375d1738a2407d802104321249b042af5
mosaiq-benchmark-v0.1-candidate-20260716,mosaiq-benchmark,0.1.0-dev,iso_paq_regression,0.1.0,ISD,clip,ISD_TateModern_TateModern1_TM103,ISD_TateModern_TateModern1_TM103,train,,0.1.0,datasets/ISD/data/clips.csv,a3c8b06ceadc3f68509bdf9e5454e61622a9da6c0983f1f8f538825f4c9c7a09
mosaiq-benchmark-v0.1-candidate-20260716,mosaiq-benchmark,0.1.0-dev,iso_paq_regression,0.1.0,ISD,clip,ISD_TateModern_TateModern1_TM104,ISD_TateModern_TateModern1_TM104,train,,0.1.0,datasets/ISD/data/clips.csv,1796cc3278b480db0e00ada01d92e96b77548fe952fa9a37bd6069ff69ae1267
mosaiq-benchmark-v0.1-candidate-20260716,mosaiq-benchmark,0.1.0-dev,iso_paq_regression,0.1.0,ISD,clip,ISD_TateModern_TateModern1_TM106,ISD_TateModern_TateModern1_TM106,train,,0.1.0,datasets/ISD/data/clips.csv,7b62d83a39298ea836327395900ba9a450a7a0925ad6001359548c51cba1fbd4
mosaiq-benchmark-v0.1-candidate-20260716,mosaiq-benchmark,0.1.0-dev,iso_paq_regression,0.1.0,ISD,clip,ISD_TateModern_TateModern1_TM107,ISD_TateModern_TateModern1_TM107,train,,0.1.0,datasets/ISD/data/clips.csv,28d6217e77bd3388979575c1f5e68e3b6a1a53d3731027b19b301fbaf193b571
mosaiq-benchmark-v0.1-candidate-20260716,mosaiq-benchmark,0.1.0-dev,iso_paq_regression,0.1.0,ISD,clip,ISD_TateModern_TateModern1_TM108,ISD_TateModern_TateModern1_TM108,train,,0.1.0,datasets/ISD/data/clips.csv,f19744ca553b8200997e8f9e231957c56812ad6eb338ee0570edef75224ca11e
mosaiq-benchmark-v0.1-candidate-20260716,mosaiq-benchmark,0.1.0-dev,iso_paq_regression,0.1.0,ISD,clip,ISD_TateModern_TateModern1_TM109,ISD_TateModern_TateModern1_TM109,train,,0.1.0,datasets/ISD/data/clips.csv,8de8dcbd0d513b2c587bd8e0ed3acc91eec1f56da13058ff9fde5dc2f5f6d34e
mosaiq-benchmark-v0.1-candidate-20260716,mosaiq-benchmark,0.1.0-dev,iso_paq_regression,0.1.0,ISD,clip,ISD_TateModern_TateModern1_TM110,ISD_TateModern_TateModern1_TM110,train,,0.1.0,datasets/ISD/data/clips.csv,c6f1ac582ffa3a96cd1a93ae8f2a7e29eb52bb65cdf35c8d4fbd322bda8fe835
mosaiq-benchmark-v0.1-candidate-20260716,mosaiq-benchmark,0.1.0-dev,iso_paq_regression,0.1.0,ISD,clip,ISD_TateModern_TateModern1_TM111,ISD_TateModern_TateModern1_TM111,train,,0.1.0,datasets/ISD/data/clips.csv,e630f2fea2614c5fb24e00574515e5513e5993c87a51242bd255e7681777b9b8
mosaiq-benchmark-v0.1-candidate-20260716,mosaiq-benchmark,0.1.0-dev,iso_paq_regression,0.1.0,ISD,clip,ISD_TateModern_TateModern1_TM112,ISD_TateModern_TateModern1_TM112,train,,0.1.0,datasets/ISD/data/clips.csv,401e5d571c693f6061ead03f07dd21f705041924d43befca1e3f93ec41bc48e6
mosaiq-benchmark-v0.1-candidate-20260716,mosaiq-benchmark,0.1.0-dev,iso_paq_regression,0.1.0,ISD,clip,ISD_TateModern_TateModern1_TM113,ISD_TateModern_TateModern1_TM113,train,,0.1.0,datasets/ISD/data/clips.csv,ca881f752db16c52300381cf19b4afaceac8f79a8714d932dca1b0418ddacb36
mosaiq-benchmark-v0.1-candidate-20260716,mosaiq-benchmark,0.1.0-dev,iso_paq_regression,0.1.0,ISD,clip,ISD_TateModern_TateModern1_TM114,ISD_TateModern_TateModern1_TM114,train,,0.1.0,datasets/ISD/data/clips.csv,cf1e71ea50115bdeee1d8e193356287f2c9d3711f5201110b845189fed4b579c
mosaiq-benchmark-v0.1-candidate-20260716,mosaiq-benchmark,0.1.0-dev,iso_paq_regression,0.1.0,ISD,clip,ISD_TateModern_TateModern1_TM115,ISD_TateModern_TateModern1_TM115,train,,0.1.0,datasets/ISD/data/clips.csv,7a61ab72cd3c6aae21d3c4124acd8b678c504f2dba45e89a65f6e128b5ad7a6d
mosaiq-benchmark-v0.1-candidate-20260716,mosaiq-benchmark,0.1.0-dev,iso_paq_regression,0.1.0,ISD,clip,ISD_TateModern_TateModern1_TM116,ISD_TateModern_TateModern1_TM116,train,,0.1.0,datasets/ISD/data/clips.csv,600b03ab89f31d3fb71f3d595958136b321f2816b767109e1596674a3832b72a
mosaiq-benchmark-v0.1-candidate-20260716,mosaiq-benchmark,0.1.0-dev,iso_paq_regression,0.1.0,ISD,clip,ISD_TateModern_TateModern1_TM117,ISD_TateModern_TateModern1_TM117,train,,0.1.0,datasets/ISD/data/clips.csv,c5f994ef0df8056dacd6ecf58c9eb612a1b238dfe2e0298572e081c51f9dbc38
mosaiq-benchmark-v0.1-candidate-20260716,mosaiq-benchmark,0.1.0-dev,iso_paq_regression,0.1.0,ISD,clip,ISD_TateModern_TateModern1_TM118,ISD_TateModern_TateModern1_TM118,train,,0.1.0,datasets/ISD/data/clips.csv,1f215046e9af52f26ed0a2235567b04780cb105f74b40d692757b8f5659c7658
mosaiq-benchmark-v0.1-candidate-20260716,mosaiq-benchmark,0.1.0-dev,iso_paq_regression,0.1.0,ISD,clip,ISD_TateModern_TateModern1_TM119,ISD_TateModern_TateModern1_TM119,train,,0.1.0,datasets/ISD/data/clips.csv,5702f3e57cbd4f02dec453dae743581a7a10fbb270068ebec86a8f1916448ff1
mosaiq-benchmark-v0.1-candidate-20260716,mosaiq-benchmark,0.1.0-dev,iso_paq_regression,0.1.0,ISD,clip,ISD_TateModern_TateModern1_TM120,ISD_TateModern_TateModern1_TM120,train,,0.1.0,datasets/ISD/data/clips.csv,8c60e2f52403989c4373e47e80197a21f8d6919fdb3996f0a5ad090e8224dd26
mosaiq-benchmark-v0.1-candidate-20260716,mosaiq-benchmark,0.1.0-dev,iso_paq_regression,0.1.0,ISD,clip,ISD_TateModern_TateModern1_TM121,ISD_TateModern_TateModern1_TM121,train,,0.1.0,datasets/ISD/data/clips.csv,ae9cfb1528647084daabb686e3a2ad2e7c94ec3c2956aac66b3a14fe29bc69b9
mosaiq-benchmark-v0.1-candidate-20260716,mosaiq-benchmark,0.1.0-dev,iso_paq_regression,0.1.0,ISD,clip,ISD_TateModern_TateModern1_TM122,ISD_TateModern_TateModern1_TM122,train,,0.1.0,datasets/ISD/data/clips.csv,af31bf1926683bc33ca91067a058ad9a3eafeca117e274179340e89f1fa10ac8
mosaiq-benchmark-v0.1-candidate-20260716,mosaiq-benchmark,0.1.0-dev,iso_paq_regression,0.1.0,ISD,clip,ISD_TateModern_TateModern1_TM123,ISD_TateModern_TateModern1_TM123,train,,0.1.0,datasets/ISD/data/clips.csv,7f24fa2192b06f5ead1c0f7715a802400b1b2af4199f05f6f3f92138b38ab617
mosaiq-benchmark-v0.1-candidate-20260716,mosaiq-benchmark,0.1.0-dev,iso_paq_regression,0.1.0,ISD,clip,ISD_TateModern_TateModern1_TM124,ISD_TateModern_TateModern1_TM124,train,,0.1.0,datasets/ISD/data/clips.csv,86521f40ad52a546859904eb0ee01450a0137520fbfe91ebab223451c2389144
mosaiq-benchmark-v0.1-candidate-20260716,mosaiq-benchmark,0.1.0-dev,iso_paq_regression,0.1.0,ISD,clip,ISD_TateModern_TateModern1_TM125,ISD_TateModern_TateModern1_TM125,train,,0.1.0,datasets/ISD/data/clips.csv,396fca9ebcdf3df592c60e8998531d7eb84fda31bc9aed8acbff9b4e1fa2904d
mosaiq-benchmark-v0.1-candidate-20260716,mosaiq-benchmark,0.1.0-dev,iso_paq_regression,0.1.0,ISD,clip,ISD_TateModern_TateModern1_TM126,ISD_TateModern_TateModern1_TM126,train,,0.1.0,datasets/ISD/data/clips.csv,3c1e9fbf1884dcd7766f2aa61bb17409bce695df4f350aac8e46276bb3a40629
mosaiq-benchmark-v0.1-candidate-20260716,mosaiq-benchmark,0.1.0-dev,iso_paq_regression,0.1.0,ISD,clip,ISD_TateModern_TateModern1_TM127,ISD_TateModern_TateModern1_TM127,train,,0.1.0,datasets/ISD/data/clips.csv,85341e01ef7bec8a3edaba66a692b98dea96c0a1da2251615154e819fa4c6d0d
mosaiq-benchmark-v0.1-candidate-20260716,mosaiq-benchmark,0.1.0-dev,iso_paq_regression,0.1.0,ISD,clip,ISD_TateModern_TateModern1_TM128,ISD_TateModern_TateModern1_TM128,train,,0.1.0,datasets/ISD/data/clips.csv,3daea287e14d7e7d2a6255e9d7b53dadde2989af275957c40615ad7c709e2b8b
mosaiq-benchmark-v0.1-candidate-20260716,mosaiq-benchmark,0.1.0-dev,iso_paq_regression,0.1.0,ISD,clip,ISD_TateModern_TateModern1_TM129,ISD_TateModern_TateModern1_TM129,train,,0.1.0,datasets/ISD/data/clips.csv,e6cb014f437df0e1053dc22a8e308848ec3d42af1cd01cf69a5d987458b07093
mosaiq-benchmark-v0.1-candidate-20260716,mosaiq-benchmark,0.1.0-dev,iso_paq_regression,0.1.0,ISD,clip,ISD_TateModern_TateModern1_TM130,ISD_TateModern_TateModern1_TM130,train,,0.1.0,datasets/ISD/data/clips.csv,53f39e500fe21bf54ee617ae304633825fc7d517c843cab72cdc3b5a5b3bb522
mosaiq-benchmark-v0.1-candidate-20260716,mosaiq-benchmark,0.1.0-dev,iso_paq_regression,0.1.0,ISD,clip,ISD_TateModern_TateModern1_TM131,ISD_TateModern_TateModern1_TM131,train,,0.1.0,datasets/ISD/data/clips.csv,2105e27a4e7b6b40685150a7b78b74188c19e73ad279554ae69ceaaf94d5ca41
mosaiq-benchmark-v0.1-candidate-20260716,mosaiq-benchmark,0.1.0-dev,iso_paq_regression,0.1.0,ISD,clip,ISD_TateModern_TateModern1_TM132,ISD_TateModern_TateModern1_TM132,train,,0.1.0,datasets/ISD/data/clips.csv,95341dba73e5ac4c2816a5ada41a79caccf684bf383e3c0d28a7f0daf91f7a7a
mosaiq-benchmark-v0.1-candidate-20260716,mosaiq-benchmark,0.1.0-dev,iso_paq_regression,0.1.0,ISD,clip,ISD_TateModern_TateModern1_TM133,ISD_TateModern_TateModern1_TM133,train,,0.1.0,datasets/ISD/data/clips.csv,1987cf944db9944274533647762bd5ec73bc9ea7bd18488569d2f41701f424bb
mosaiq-benchmark-v0.1-candidate-20260716,mosaiq-benchmark,0.1.0-dev,iso_paq_regression,0.1.0,ISD,clip,ISD_TateModern_TateModern2_TM201,ISD_TateModern_TateModern2_TM201,train,,0.1.0,datasets/ISD/data/clips.csv,49fe4d22f6b5e974f3cdef7d4866acc9c4ceac0b4762e1aab514b8fc89cf0ac3
mosaiq-benchmark-v0.1-candidate-20260716,mosaiq-benchmark,0.1.0-dev,iso_paq_regression,0.1.0,ISD,clip,ISD_TateModern_TateModern2_TM202,ISD_TateModern_TateModern2_TM202,train,,0.1.0,datasets/ISD/data/clips.csv,6ebfd08b2b34b523d28aff81d058c885abfeb8ec02f5e429028a6fb0d1ab90a1
mosaiq-benchmark-v0.1-candidate-20260716,mosaiq-benchmark,0.1.0-dev,iso_paq_regression,0.1.0,ISD,clip,ISD_TateModern_TateModern2_TM203,ISD_TateModern_TateModern2_TM203,train,,0.1.0,datasets/ISD/data/clips.csv,ebe34f06d5a976221b5f6b709302d6bc85c4605e3490a48a1dae37fbcfda63b9
mosaiq-benchmark-v0.1-candidate-20260716,mosaiq-benchmark,0.1.0-dev,iso_paq_regression,0.1.0,ISD,clip,ISD_TateModern_TateModern2_TM204,ISD_TateModern_TateModern2_TM204,train,,0.1.0,datasets/ISD/data/clips.csv,f8089fe575788b4c0b45b559bf63860090d2a126784ff88f8489496dfc79d50a
mosaiq-benchmark-v0.1-candidate-20260716,mosaiq-benchmark,0.1.0-dev,iso_paq_regression,0.1.0,ISD,clip,ISD_TateModern_TateModern2_TM205,ISD_TateModern_TateModern2_TM205,train,,0.1.0,datasets/ISD/data/clips.csv,57f42fbb8ed0e98c95f80e172868a13bd76a1ff976a6b2866bc6c60003e52477
mosaiq-benchmark-v0.1-candidate-20260716,mosaiq-benchmark,0.1.0-dev,iso_paq_regression,0.1.0,ISD,clip,ISD_TateModern_TateModern2_TM206,ISD_TateModern_TateModern2_TM206,train,,0.1.0,datasets/ISD/data/clips.csv,4a178fe31a173d48c9ad65e3ac8a5f33ea8ed5b16ed41eac0a0221097ff738c2
mosaiq-benchmark-v0.1-candidate-20260716,mosaiq-benchmark,0.1.0-dev,iso_paq_regression,0.1.0,ISD,clip,ISD_TateModern_TateModern2_TM207,ISD_TateModern_TateModern2_TM207,train,,0.1.0,datasets/ISD/data/clips.csv,6350c8df0ecad0cd94d42a2da7d684c1435f1a699641264445e386997e1d2c34
mosaiq-benchmark-v0.1-candidate-20260716,mosaiq-benchmark,0.1.0-dev,iso_paq_regression,0.1.0,ISD,clip,ISD_TateModern_TateModern2_TM208,ISD_TateModern_TateModern2_TM208,train,,0.1.0,datasets/ISD/data/clips.csv,02df9a0a73c69f339f612e8d2b53767264555b34dc50c562c0c2985d24c138f7
mosaiq-benchmark-v0.1-candidate-20260716,mosaiq-benchmark,0.1.0-dev,iso_paq_regression,0.1.0,ISD,clip,ISD_TateModern_TateModern2_TM209,ISD_TateModern_TateModern2_TM209,train,,0.1.0,datasets/ISD/data/clips.csv,4802ba280b33a7daa55847f496c29df450c766adfc397ed15764bf9f2defc2f1
mosaiq-benchmark-v0.1-candidate-20260716,mosaiq-benchmark,0.1.0-dev,iso_paq_regression,0.1.0,ISD,clip,ISD_TateModern_TateModern2_TM210,ISD_TateModern_TateModern2_TM210,train,,0.1.0,datasets/ISD/data/clips.csv,eafe59099ddfdbaa46cf4bdbb5f3e3008808712ef874dc8a3ebab3dc85bab5f9
mosaiq-benchmark-v0.1-candidate-20260716,mosaiq-benchmark,0.1.0-dev,iso_paq_regression,0.1.0,ISD,clip,ISD_TateModern_TateModern2_TM211,ISD_TateModern_TateModern2_TM211,train,,0.1.0,datasets/ISD/data/clips.csv,962e34fbe051f21eb3b3be6b81f7d709bc0b5039d1342e2eb548d5fd009c59ce
mosaiq-benchmark-v0.1-candidate-20260716,mosaiq-benchmark,0.1.0-dev,iso_paq_regression,0.1.0,ISD,clip,ISD_TateModern_TateModern2_TM212,ISD_TateModern_TateModern2_TM212,train,,0.1.0,datasets/ISD/data/clips.csv,eb8baadb7c4b67e39684698d11da9c2b40371e9424a2951706c9f0992cdb77a4
mosaiq-benchmark-v0.1-candidate-20260716,mosaiq-benchmark,0.1.0-dev,iso_paq_regression,0.1.0,ISD,clip,ISD_TateModern_TateModern2_TM213,ISD_TateModern_TateModern2_TM213,train,,0.1.0,datasets/ISD/data/clips.csv,18b73e95b0f3f06a7a4103b49a696ca0340f540cea17ad3fa8629f1cbd3730b5
mosaiq-benchmark-v0.1-candidate-20260716,mosaiq-benchmark,0.1.0-dev,iso_paq_regression,0.1.0,ISD,clip,ISD_TateModern_TateModern2_TM214,ISD_TateModern_TateModern2_TM214,train,,0.1.0,datasets/ISD/data/clips.csv,9c57aff3b09c518143c4117a57b00fa96222d805dd788b012cf89f9a75645f30
mosaiq-benchmark-v0.1-candidate-20260716,mosaiq-benchmark,0.1.0-dev,iso_paq_regression,0.1.0,ISD,clip,ISD_TateModern_TateModern2_TM215,ISD_TateModern_TateModern2_TM215,train,,0.1.0,datasets/ISD/data/clips.csv,2ecb62f3c3213a460333eb746183c4b66ba9e550cb4f9d30b1e03490ef8f7df5
mosaiq-benchmark-v0.1-candidate-20260716,mosaiq-benchmark,0.1.0-dev,iso_paq_regression,0.1.0,ISD,clip,ISD_TateModern_TateModern2_TM216,ISD_TateModern_TateModern2_TM216,train,,0.1.0,datasets/ISD/data/clips.csv,69937e56c3ed023d2bc9d6af7ae9454911eaa7fb77c30d6a21c6fcd97b8669ac
mosaiq-benchmark-v0.1-candidate-20260716,mosaiq-benchmark,0.1.0-dev,iso_paq_regression,0.1.0,ISD,clip,ISD_TateModern_TateModern2_TM217,ISD_TateModern_TateModern2_TM217,train,,0.1.0,datasets/ISD/data/clips.csv,d846f565d6dfae67243777e964f46c4c63aeb84c4446078226db9946d69ee0c2
mosaiq-benchmark-v0.1-candidate-20260716,mosaiq-benchmark,0.1.0-dev,iso_paq_regression,0.1.0,ISD,clip,ISD_TateModern_TateModern2_TM218,ISD_TateModern_TateModern2_TM218,train,,0.1.0,datasets/ISD/data/clips.csv,9dd23467242cad46155cb750c06ac202ff2dc0b658c4cba5d49bec63c58db726
mosaiq-benchmark-v0.1-candidate-20260716,mosaiq-benchmark,0.1.0-dev,iso_paq_regression,0.1.0,ISD,clip,ISD_TateModern_TateModern2_TM219,ISD_TateModern_TateModern2_TM219,train,,0.1.0,datasets/ISD/data/clips.csv,07606cd666ab5528e2205d1448529f0c0af10518721c73a3670c764279d7b2f3
mosaiq-benchmark-v0.1-candidate-20260716,mosaiq-benchmark,0.1.0-dev,iso_paq_regression,0.1.0,ISD,clip,ISD_TateModern_TateModern2_TM220,ISD_TateModern_TateModern2_TM220,train,,0.1.0,datasets/ISD/data/clips.csv,0bfa1c4badb8e7b467321dbda9c9ac906b062f3e2dd782d7feacf16a8870594f
mosaiq-benchmark-v0.1-candidate-20260716,mosaiq-benchmark,0.1.0-dev,iso_paq_regression,0.1.0,ISD,clip,ISD_TateModern_TateModern2_TM221,ISD_TateModern_TateModern2_TM221,train,,0.1.0,datasets/ISD/data/clips.csv,8530ddfb445820b5dc7d6eb27d5f6b44e15313cd75c26015c5b2afe947b2b8ef
mosaiq-benchmark-v0.1-candidate-20260716,mosaiq-benchmark,0.1.0-dev,iso_paq_regression,0.1.0,ISD,clip,ISD_TateModern_TateModern2_TM222,ISD_TateModern_TateModern2_TM222,train,,0.1.0,datasets/ISD/data/clips.csv,0914a7a5a76705c3e2b590fe42cab22e409704e8373fce7f0ef9760559c00f7f
mosaiq-benchmark-v0.1-candidate-20260716,mosaiq-benchmark,0.1.0-dev,iso_paq_regression,0.1.0,ISD,clip,ISD_TateModern_TateModern2_TM223,ISD_TateModern_TateModern2_TM223,train,,0.1.0,datasets/ISD/data/clips.csv,16a4409b9b4e40c10c7c25abb5ef83761379ae27df5d8fd6515f484197b9645d
mosaiq-benchmark-v0.1-candidate-20260716,mosaiq-benchmark,0.1.0-dev,iso_paq_regression,0.1.0,ISD,clip,ISD_TateModern_TateModern2_TM224,ISD_TateModern_TateModern2_TM224,train,,0.1.0,datasets/ISD/data/clips.csv,1672657b91d8b32cf898d73daf7e411ca331dcea0ea947c0ee3502b472c844ab
mosaiq-benchmark-v0.1-candidate-20260716,mosaiq-benchmark,0.1.0-dev,iso_paq_regression,0.1.0,ISD,clip,ISD_TateModern_TateModern2_TM225,ISD_TateModern_TateModern2_TM225,train,,0.1.0,datasets/ISD/data/clips.csv,9741ce7ff1cc04e5ce264f4de1d5ba5255b6d1125be8bbccbf61de9b4dfb5d2a
mosaiq-benchmark-v0.1-candidate-20260716,mosaiq-benchmark,0.1.0-dev,iso_paq_regression,0.1.0,ISD,clip,ISD_TateModern_TateModern2_TM226,ISD_TateModern_TateModern2_TM226,train,,0.1.0,datasets/ISD/data/clips.csv,9b836a149d05d49b231c10f835d09e6488499cc2cadc0258df01df19eb85a85d
mosaiq-benchmark-v0.1-candidate-20260716,mosaiq-benchmark,0.1.0-dev,iso_paq_regression,0.1.0,ISD,clip,ISD_TateModern_TateModern2_TM227,ISD_TateModern_TateModern2_TM227,train,,0.1.0,datasets/ISD/data/clips.csv,8be95c24627b1b97e9e21ac82d3dde8c50472b8aaa15136937be5d670757aad4
mosaiq-benchmark-v0.1-candidate-20260716,mosaiq-benchmark,0.1.0-dev,iso_paq_regression,0.1.0,ISD,clip,ISD_TateModern_TateModern2_TM228,ISD_TateModern_TateModern2_TM228,train,,0.1.0,datasets/ISD/data/clips.csv,d05ce895f748c8c4e0a7ebc46f34231842ec4d9e52a342f83e174695d232eb13
mosaiq-benchmark-v0.1-candidate-20260716,mosaiq-benchmark,0.1.0-dev,iso_paq_regression,0.1.0,ISD,clip,ISD_TateModern_TateModern2_TM229,ISD_TateModern_TateModern2_TM229,train,,0.1.0,datasets/ISD/data/clips.csv,89e3d479e2e727f42a13a5eb4ca410b61b3c0253f2e35f0860c80376f64530b1
mosaiq-benchmark-v0.1-candidate-20260716,mosaiq-benchmark,0.1.0-dev,iso_paq_regression,0.1.0,ISD,clip,ISD_TateModern_TateModern2_TM230,ISD_TateModern_TateModern2_TM230,train,,0.1.0,datasets/ISD/data/clips.csv,46cdae4fc4d28c386cc134da41e692a1c0c44632b6add3c679916ed6aa807312
mosaiq-benchmark-v0.1-candidate-20260716,mosaiq-benchmark,0.1.0-dev,iso_paq_regression,0.1.0,ISD,clip,ISD_TateModern_TateModern2_TM231,ISD_TateModern_TateModern2_TM231,train,,0.1.0,datasets/ISD/data/clips.csv,9018565b56c79e3cbd24c4ee8e95917cc20a1157e7702a03a32ca4f98b0cc978
mosaiq-benchmark-v0.1-candidate-20260716,mosaiq-benchmark,0.1.0-dev,iso_paq_regression,0.1.0,ISD,clip,ISD_TateModern_TateModern2_TM232,ISD_TateModern_TateModern2_TM232,train,,0.1.0,datasets/ISD/data/clips.csv,425ab64642b7476b48751935b7320e62a44da937f551c265d47fa7397b16810d
mosaiq-benchmark-v0.1-candidate-20260716,mosaiq-benchmark,0.1.0-dev,iso_paq_regression,0.1.0,ISD,clip,ISD_TateModern_TateModern3_TM301,ISD_TateModern_TateModern3_TM301,train,,0.1.0,datasets/ISD/data/clips.csv,9e0bdc886057533633fe8657a6a285f1d4b95b4d05a3c61587354c2469156ebc
mosaiq-benchmark-v0.1-candidate-20260716,mosaiq-benchmark,0.1.0-dev,iso_paq_regression,0.1.0,ISD,clip,ISD_TateModern_TateModern3_TM302,ISD_TateModern_TateModern3_TM302,train,,0.1.0,datasets/ISD/data/clips.csv,00d51756dcc65ebead66d5a7021e91cb92b5a5104ab33a1046fd569033576c0e
mosaiq-benchmark-v0.1-candidate-20260716,mosaiq-benchmark,0.1.0-dev,iso_paq_regression,0.1.0,ISD,clip,ISD_TateModern_TateModern3_TM303,ISD_TateModern_TateModern3_TM303,train,,0.1.0,datasets/ISD/data/clips.csv,256c9f46ee46af7c398928049eae8c55b20aadb06d4d729350d905d7662cf600
mosaiq-benchmark-v0.1-candidate-20260716,mosaiq-benchmark,0.1.0-dev,iso_paq_regression,0.1.0,ISD,clip,ISD_TateModern_TateModern3_TM304,ISD_TateModern_TateModern3_TM304,train,,0.1.0,datasets/ISD/data/clips.csv,cc0246917a4aa570f741a25a213738c82980328e7a7008e49ee49c1809d5e635
mosaiq-benchmark-v0.1-candidate-20260716,mosaiq-benchmark,0.1.0-dev,iso_paq_regression,0.1.0,ISD,clip,ISD_TateModern_TateModern3_TM305,ISD_TateModern_TateModern3_TM305,train,,0.1.0,datasets/ISD/data/clips.csv,27ea3477eb9a0c327ac38af5b1a04148affc44860a60dbc01497cf6da3ec0ab3
mosaiq-benchmark-v0.1-candidate-20260716,mosaiq-benchmark,0.1.0-dev,iso_paq_regression,0.1.0,ISD,clip,ISD_TateModern_TateModern3_TM306,ISD_TateModern_TateModern3_TM306,train,,0.1.0,datasets/ISD/data/clips.csv,f1a6eca300fe3c0fb379501a834cccf7f1d915af922fd159192618c4db0ebad7
mosaiq-benchmark-v0.1-candidate-20260716,mosaiq-benchmark,0.1.0-dev,iso_paq_regression,0.1.0,ISD,clip,ISD_TateModern_TateModern3_TM307,ISD_TateModern_TateModern3_TM307,train,,0.1.0,datasets/ISD/data/clips.csv,b2acb4d61e311da07b3606d94618a2a387015f63c7bf7f72abec24b621eff2f2
mosaiq-benchmark-v0.1-candidate-20260716,mosaiq-benchmark,0.1.0-dev,iso_paq_regression,0.1.0,ISD,clip,ISD_TateModern_TateModern3_TM308,ISD_TateModern_TateModern3_TM308,train,,0.1.0,datasets/ISD/data/clips.csv,5141ad15e6b7e776403c54228b7a9a0150a06fa2b08c0c0bce09469aa4f13633
mosaiq-benchmark-v0.1-candidate-20260716,mosaiq-benchmark,0.1.0-dev,iso_paq_regression,0.1.0,ISD,clip,ISD_TateModern_TateModern3_TM309,ISD_TateModern_TateModern3_TM309,train,,0.1.0,datasets/ISD/data/clips.csv,34a7aadfc1933fda80949937164d7982e366f31075901d3cbeecac68decb9444
mosaiq-benchmark-v0.1-candidate-20260716,mosaiq-benchmark,0.1.0-dev,iso_paq_regression,0.1.0,ISD,clip,ISD_TateModern_TateModern3_TM310,ISD_TateModern_TateModern3_TM310,train,,0.1.0,datasets/ISD/data/clips.csv,08e8e1a5bacf5d46c2cfd34804c63741760303a90e2f1236848df283e431d748
mosaiq-benchmark-v0.1-candidate-20260716,mosaiq-benchmark,0.1.0-dev,iso_paq_regression,0.1.0,ISD,clip,ISD_TateModern_TateModern3_TM311,ISD_TateModern_TateModern3_TM311,train,,0.1.0,datasets/ISD/data/clips.csv,d267f8d40b6f2dc825b048d8f07c1dbba2cc215094249425e11cde4342b60b23
mosaiq-benchmark-v0.1-candidate-20260716,mosaiq-benchmark,0.1.0-dev,iso_paq_regression,0.1.0,ISD,clip,ISD_TateModern_TateModern3_TM312,ISD_TateModern_TateModern3_TM312,train,,0.1.0,datasets/ISD/data/clips.csv,910ddc7035029976c93fb8be90f69147b61c5af9726a6af16aba2b5525494ca8
mosaiq-benchmark-v0.1-candidate-20260716,mosaiq-benchmark,0.1.0-dev,iso_paq_regression,0.1.0,ISD,clip,ISD_TateModern_TateModern3_TM313,ISD_TateModern_TateModern3_TM313,train,,0.1.0,datasets/ISD/data/clips.csv,5733d896efb7080b7ac84fdc3ff29b2e37989ab382064b404a2dae225c00b3fe
mosaiq-benchmark-v0.1-candidate-20260716,mosaiq-benchmark,0.1.0-dev,iso_paq_regression,0.1.0,ISD,clip,ISD_TateModern_TateModern3_TM314,ISD_TateModern_TateModern3_TM314,train,,0.1.0,datasets/ISD/data/clips.csv,eae1d4cd02109c9db0eef00a3d3d78909162364ecdec7ca3e64565619484f2dc
mosaiq-benchmark-v0.1-candidate-20260716,mosaiq-benchmark,0.1.0-dev,iso_paq_regression,0.1.0,ISD,clip,ISD_TateModern_TateModern3_TM316,ISD_TateModern_TateModern3_TM316,train,,0.1.0,datasets/ISD/data/clips.csv,66b25fa4a788e8c63e2251d3c8b0aeaa242ee619658531fd0f5a4040f65b7a93
mosaiq-benchmark-v0.1-candidate-20260716,mosaiq-benchmark,0.1.0-dev,iso_paq_regression,0.1.0,ISD,clip,ISD_TateModern_TateModern3_TM318,ISD_TateModern_TateModern3_TM318,train,,0.1.0,datasets/ISD/data/clips.csv,5ccbfa0bde9f31f78ac3c58d785423409d567890a8842d92abbb64029dfdb225
mosaiq-benchmark-v0.1-candidate-20260716,mosaiq-benchmark,0.1.0-dev,iso_paq_regression,0.1.0,ISD,clip,ISD_TateModern_TateModern3_TM319,ISD_TateModern_TateModern3_TM319,train,,0.1.0,datasets/ISD/data/clips.csv,6d6ec99b0938ae4b8d1e054ccb8e8c0608e5522d9925e1db904907c9327d8e2c
mosaiq-benchmark-v0.1-candidate-20260716,mosaiq-benchmark,0.1.0-dev,iso_paq_regression,0.1.0,ISD,clip,ISD_TateModern_TateModern3_TM320,ISD_TateModern_TateModern3_TM320,train,,0.1.0,datasets/ISD/data/clips.csv,c5bca2a98e059056fc544d6860a7cff062ebf39233a29494b9bbdbe2e17db6b9
mosaiq-benchmark-v0.1-candidate-20260716,mosaiq-benchmark,0.1.0-dev,iso_paq_regression,0.1.0,ISD,clip,ISD_TateModern_TateModern3_TM321,ISD_TateModern_TateModern3_TM321,train,,0.1.0,datasets/ISD/data/clips.csv,8b3ab34d884370b4ee62793be24cbce3be3cb06caf8af1567127a1be765f4db6
mosaiq-benchmark-v0.1-candidate-20260716,mosaiq-benchmark,0.1.0-dev,iso_paq_regression,0.1.0,ISD,clip,ISD_TateModern_TateModern3_TM322,ISD_TateModern_TateModern3_TM322,train,,0.1.0,datasets/ISD/data/clips.csv,017fbfbe6a8168dd0396581b6214775e5dadff954a695f8f31d11cb1b6541d6c
mosaiq-benchmark-v0.1-candidate-20260716,mosaiq-benchmark,0.1.0-dev,iso_paq_regression,0.1.0,ISD,clip,ISD_TateModern_TateModern3_TM323,ISD_TateModern_TateModern3_TM323,train,,0.1.0,datasets/ISD/data/clips.csv,0d2d41806295980b15c9f4ca1fb4f8c3c2d8342c2aac199bba0bd43a50594a94
mosaiq-benchmark-v0.1-candidate-20260716,mosaiq-benchmark,0.1.0-dev,iso_paq_regression,0.1.0,ISD,clip,ISD_TateModern_TateModern3_TM324,ISD_TateModern_TateModern3_TM324,train,,0.1.0,datasets/ISD/data/clips.csv,3e4d11aeebadef2c088f24a6334664ff9bc6e1cfdc2e073d9fc9200eb74346e1
mosaiq-benchmark-v0.1-candidate-20260716,mosaiq-benchmark,0.1.0-dev,iso_paq_regression,0.1.0,ISD,clip,ISD_TateModern_TateModern3_TM325,ISD_TateModern_TateModern3_TM325,train,,0.1.0,datasets/ISD/data/clips.csv,4ffd5585cb8a67a948c81f453dbb516bb49ad98c64ae21a5ffdfbca53d06f64b
mosaiq-benchmark-v0.1-candidate-20260716,mosaiq-benchmark,0.1.0-dev,iso_paq_regression,0.1.0,ISD,clip,ISD_TateModern_TateModern3_TM326,ISD_TateModern_TateModern3_TM326,train,,0.1.0,datasets/ISD/data/clips.csv,7ef80c01b2b4657037094d4a1d4b6abd307c13d1bde4300c81be3e72b2f9a36c
mosaiq-benchmark-v0.1-candidate-20260716,mosaiq-benchmark,0.1.0-dev,iso_paq_regression,0.1.0,ISD,clip,ISD_TateModern_TateModern3_TM327,ISD_TateModern_TateModern3_TM327,train,,0.1.0,datasets/ISD/data/clips.csv,0e9303626c34b042d326da0b859d443d57aba75ea4a1d79831db87ee7b1d8fa8
mosaiq-benchmark-v0.1-candidate-20260716,mosaiq-benchmark,0.1.0-dev,iso_paq_regression,0.1.0,ISD,clip,ISD_TateModern_TateModern3_TM328,ISD_TateModern_TateModern3_TM328,train,,0.1.0,datasets/ISD/data/clips.csv,b56bb352a8a70aea2b1b961b4e969c373f9d9caaf8218783d16b7ec5820cbb3d
mosaiq-benchmark-v0.1-candidate-20260716,mosaiq-benchmark,0.1.0-dev,iso_paq_regression,0.1.0,ISD,clip,ISD_TateModern_TateModern3_TM329,ISD_TateModern_TateModern3_TM329,train,,0.1.0,datasets/ISD/data/clips.csv,5396d1681218686b5dd2a4a2e774f88a34a0bff3f88b61228060bc8c5c991188
mosaiq-benchmark-v0.1-candidate-20260716,mosaiq-benchmark,0.1.0-dev,iso_paq_regression,0.1.0,ISD,clip,ISD_TateModern_TateModern3_TM330,ISD_TateModern_TateModern3_TM330,train,,0.1.0,datasets/ISD/data/clips.csv,ff44f71665b27eab8b3077945eeff21bcefd1abeca7a6fe59f25d4fe13803e98
mosaiq-benchmark-v0.1-candidate-20260716,mosaiq-benchmark,0.1.0-dev,iso_paq_regression,0.1.0,ISD,clip,ISD_TateModern_TateModern3_TM331,ISD_TateModern_TateModern3_TM331,train,,0.1.0,datasets/ISD/data/clips.csv,1e950ba800dfef3562d8cdd00a43dd50bdb407d00b38924f551e26a9271becc7
mosaiq-benchmark-v0.1-candidate-20260716,mosaiq-benchmark,0.1.0-dev,iso_paq_regression,0.1.0,ISD,clip,ISD_TateModern_TateModern3_TM332,ISD_TateModern_TateModern3_TM332,train,,0.1.0,datasets/ISD/data/clips.csv,e52617331a64856f4c18b6fd3f1555dfe4ef2133f0704f420284fabe09b9b6c4
mosaiq-benchmark-v0.1-candidate-20260716,mosaiq-benchmark,0.1.0-dev,iso_paq_regression,0.1.0,ISD,clip,ISD_TateModern_TateModern3_TM333,ISD_TateModern_TateModern3_TM333,train,,0.1.0,datasets/ISD/data/clips.csv,309e7efe47dbd473c13ce091380bab9b53e02903a2bc89fe36e9bb6035b60e94
mosaiq-benchmark-v0.1-candidate-20260716,mosaiq-benchmark,0.1.0-dev,iso_paq_regression,0.1.0,ISD,clip,ISD_TateModern_TateModern3_TM334,ISD_TateModern_TateModern3_TM334,train,,0.1.0,datasets/ISD/data/clips.csv,06a3bf6b941e76fa0f8c629fe3c278b0d4b232d5525a5155f7ce11f78c83a315
mosaiq-benchmark-v0.1-candidate-20260716,mosaiq-benchmark,0.1.0-dev,iso_paq_regression,0.1.0,ISD,clip,ISD_TateModern_TateModern3_TM335,ISD_TateModern_TateModern3_TM335,train,,0.1.0,datasets/ISD/data/clips.csv,7b3be396bc70ce1e7c467153108130a431984af671b22b366a650177d2a06fad
mosaiq-benchmark-v0.1-candidate-20260716,mosaiq-benchmark,0.1.0-dev,iso_paq_regression,0.1.0,ISD,clip,ISD_TateModern_TateModern3_TM336,ISD_TateModern_TateModern3_TM336,train,,0.1.0,datasets/ISD/data/clips.csv,a04a9f1425d1dde54d1aafe2958475660426043c5c84e9e265365de751a79d75
mosaiq-benchmark-v0.1-candidate-20260716,mosaiq-benchmark,0.1.0-dev,iso_paq_regression,0.1.0,ISD,clip,ISD_TateModern_TateModern3_TN327,ISD_TateModern_TateModern3_TN327,train,,0.1.0,datasets/ISD/data/clips.csv,c07364d901835996a455afdae8e953e3f4ea27cc274864b5cb08d3a2cd95ffc3
mosaiq-benchmark-v0.1-candidate-20260716,mosaiq-benchmark,0.1.0-dev,iso_paq_regression,0.1.0,ISD,clip,ISD_TorringtonSq_TorringtonSq2_RES,ISD_TorringtonSq_TorringtonSq2_RES,train,,0.1.0,datasets/ISD/data/clips.csv,b1071ac69acb0dfcf699f4cd3c0a5d59f93c53c4da1a423728f3079ba61e8b5a
mosaiq-benchmark-v0.1-candidate-20260716,mosaiq-benchmark,0.1.0-dev,iso_paq_regression,0.1.0,ISD,clip,ISD_TorringtonSq_TorringtonSq2_TS201,ISD_TorringtonSq_TorringtonSq2_TS201,train,,0.1.0,datasets/ISD/data/clips.csv,e088cd36b0bce2497a01b6f86ab9c813f717cd7d4d8d7f3703f4f01e47aa8953
mosaiq-benchmark-v0.1-candidate-20260716,mosaiq-benchmark,0.1.0-dev,iso_paq_regression,0.1.0,ISD,clip,ISD_TorringtonSq_TorringtonSq2_TS203,ISD_TorringtonSq_TorringtonSq2_TS203,train,,0.1.0,datasets/ISD/data/clips.csv,e22addc91f044afe6785f03a90c936370e918cea1508ce62de86bdf421988f89
mosaiq-benchmark-v0.1-candidate-20260716,mosaiq-benchmark,0.1.0-dev,iso_paq_regression,0.1.0,ISD,clip,ISD_TorringtonSq_TorringtonSq2_TS205,ISD_TorringtonSq_TorringtonSq2_TS205,train,,0.1.0,datasets/ISD/data/clips.csv,0ac1c52cd5315daae14e58b78653505deef6a68979f2952ceb9db00b9b129038
mosaiq-benchmark-v0.1-candidate-20260716,mosaiq-benchmark,0.1.0-dev,iso_paq_regression,0.1.0,ISD,clip,ISD_TorringtonSq_TorringtonSq2_TS206,ISD_TorringtonSq_TorringtonSq2_TS206,train,,0.1.0,datasets/ISD/data/clips.csv,49b0906bac9bba2118378b2ed4c00cc7abdc5d8219e8d4df654c96df2c22f32e
mosaiq-benchmark-v0.1-candidate-20260716,mosaiq-benchmark,0.1.0-dev,iso_paq_regression,0.1.0,ISD,clip,ISD_TorringtonSq_TorringtonSq2_TS207,ISD_TorringtonSq_TorringtonSq2_TS207,train,,0.1.0,datasets/ISD/data/clips.csv,8478304a48e3cd7c886dd1cdf2cc18a6edb7502389c8aaf3ce43d29fb67476f1
mosaiq-benchmark-v0.1-candidate-20260716,mosaiq-benchmark,0.1.0-dev,iso_paq_regression,0.1.0,ISD,clip,ISD_TorringtonSq_TorringtonSq2_TS210,ISD_TorringtonSq_TorringtonSq2_TS210,train,,0.1.0,datasets/ISD/data/clips.csv,c0a4d352ebb6397211302be1be63673d11beeb0fc1f8993e17794ce7a3153218
mosaiq-benchmark-v0.1-candidate-20260716,mosaiq-benchmark,0.1.0-dev,iso_paq_regression,0.1.0,ISD,clip,ISD_TorringtonSq_TorringtonSq2_TS212,ISD_TorringtonSq_TorringtonSq2_TS212,train,,0.1.0,datasets/ISD/data/clips.csv,030392d61c6127c613a3c5933551ca28c3c8a5e455c0098a88c4c67f1e41b114
mosaiq-benchmark-v0.1-candidate-20260716,mosaiq-benchmark,0.1.0-dev,iso_paq_regression,0.1.0,ISD,clip,ISD_TorringtonSq_TorringtonSq2_TS213,ISD_TorringtonSq_TorringtonSq2_TS213,train,,0.1.0,datasets/ISD/data/clips.csv,723bbe493a6de476943a6ad83136edfea896b72da48766bc3e8722882e13a908
mosaiq-benchmark-v0.1-candidate-20260716,mosaiq-benchmark,0.1.0-dev,iso_paq_regression,0.1.0,ISD,clip,ISD_TorringtonSq_TorringtonSq2_TS214,ISD_TorringtonSq_TorringtonSq2_TS214,train,,0.1.0,datasets/ISD/data/clips.csv,fd984bfe55b9be34155f8cdc3b62e9132fcb46d5a28448a1995dd4dedf47b531
mosaiq-benchmark-v0.1-candidate-20260716,mosaiq-benchmark,0.1.0-dev,iso_paq_regression,0.1.0,ISD,clip,ISD_TorringtonSq_TorringtonSq2_TS216,ISD_TorringtonSq_TorringtonSq2_TS216,train,,0.1.0,datasets/ISD/data/clips.csv,31b03a4ae9b7bbb67c54ea085257611b1e0715a2323bacd56853be65e9e9aba6
mosaiq-benchmark-v0.1-candidate-20260716,mosaiq-benchmark,0.1.0-dev,iso_paq_regression,0.1.0,ISD,clip,ISD_TorringtonSq_TorringtonSq2_TS217,ISD_TorringtonSq_TorringtonSq2_TS217,train,,0.1.0,datasets/ISD/data/clips.csv,fe4b67d577d155350ed95c82da3bfd7204a27cbd7541d98fd9fcbaf30ec93a91
mosaiq-benchmark-v0.1-candidate-20260716,mosaiq-benchmark,0.1.0-dev,iso_paq_regression,0.1.0,ISD,clip,ISD_TorringtonSq_TorringtonSq2_TS218,ISD_TorringtonSq_TorringtonSq2_TS218,train,,0.1.0,datasets/ISD/data/clips.csv,5b6f9b6bea4dd9fb50c8b14df1381c5196f6bf6f270655e36bc96702c9f3ec92
mosaiq-benchmark-v0.1-candidate-20260716,mosaiq-benchmark,0.1.0-dev,iso_paq_regression,0.1.0,ISD,clip,ISD_TorringtonSq_TorringtonSq2_TS220,ISD_TorringtonSq_TorringtonSq2_TS220,train,,0.1.0,datasets/ISD/data/clips.csv,57cc5ff053bddbca85284a0981fe39be9f3df7d0629116d0589d98005590a7ae
mosaiq-benchmark-v0.1-candidate-20260716,mosaiq-benchmark,0.1.0-dev,iso_paq_regression,0.1.0,ISD,clip,ISD_TorringtonSq_TorringtonSq2_TS221,ISD_TorringtonSq_TorringtonSq2_TS221,train,,0.1.0,datasets/ISD/data/clips.csv,faa65bac9d1e3dc437ba028172d46a2e8c78e8f6958175a817933f596cf055df
mosaiq-benchmark-v0.1-candidate-20260716,mosaiq-benchmark,0.1.0-dev,iso_paq_regression,0.1.0,ISD,clip,ISD_TorringtonSq_TorringtonSq2_TS222,ISD_TorringtonSq_TorringtonSq2_TS222,train,,0.1.0,datasets/ISD/data/clips.csv,6fbe3c990c418bcabdf5fe5df40426404d804a1e8e43409a041a91dc1e8cec8f
mosaiq-benchmark-v0.1-candidate-20260716,mosaiq-benchmark,0.1.0-dev,iso_paq_regression,0.1.0,ISD,clip,ISD_TorringtonSq_TorringtonSq2_TS223,ISD_TorringtonSq_TorringtonSq2_TS223,train,,0.1.0,datasets/ISD/data/clips.csv,abfe7217299f69837779e968a5fab81d9e34a7803bdd066efda8fdcf6e0fc28e
mosaiq-benchmark-v0.1-candidate-20260716,mosaiq-benchmark,0.1.0-dev,iso_paq_regression,0.1.0,ISD,clip,ISD_TorringtonSq_TorringtonSq2_TS224,ISD_TorringtonSq_TorringtonSq2_TS224,train,,0.1.0,datasets/ISD/data/clips.csv,a8f6627fd0650c1a5d6412e558b667705d5f7bc4af99b55b2b9fad87cb844c7c
mosaiq-benchmark-v0.1-candidate-20260716,mosaiq-benchmark,0.1.0-dev,iso_paq_regression,0.1.0,ISD,clip,ISD_TorringtonSq_TorringtonSq2_TS225,ISD_TorringtonSq_TorringtonSq2_TS225,train,,0.1.0,datasets/ISD/data/clips.csv,01d7ea56b5fc3fd2dff52fc6fe8aae5fc21b05eb7fce372cb8c5a7425bafb33b
mosaiq-benchmark-v0.1-candidate-20260716,mosaiq-benchmark,0.1.0-dev,iso_paq_regression,0.1.0,ISD,clip,ISD_TorringtonSq_TorringtonSq2_TS226,ISD_TorringtonSq_TorringtonSq2_TS226,train,,0.1.0,datasets/ISD/data/clips.csv,33d613da50eaf1393094485da8831ebb76cb337ad2043f76ee14947695219234
mosaiq-benchmark-v0.1-candidate-20260716,mosaiq-benchmark,0.1.0-dev,iso_paq_regression,0.1.0,ISD,clip,ISD_TorringtonSq_TorringtonSq2_TS229,ISD_TorringtonSq_TorringtonSq2_TS229,train,,0.1.0,datasets/ISD/data/clips.csv,b4aae0cb0a2539be02fb9c6d0aadd2403f3743aeb96025b16b776e5a5ac65f41
mosaiq-benchmark-v0.1-candidate-20260716,mosaiq-benchmark,0.1.0-dev,iso_paq_regression,0.1.0,ISD,clip,ISD_TorringtonSq_TorringtonSq2_TS230,ISD_TorringtonSq_TorringtonSq2_TS230,train,,0.1.0,datasets/ISD/data/clips.csv,80103831cdb303e7c88796179b61337fffc6ecde5dd3e6c3fe25e9a15ec40cac
mosaiq-benchmark-v0.1-candidate-20260716,mosaiq-benchmark,0.1.0-dev,iso_paq_regression,0.1.0,ISD,clip,ISD_TorringtonSq_TorringtonSq2_TS231,ISD_TorringtonSq_TorringtonSq2_TS231,train,,0.1.0,datasets/ISD/data/clips.csv,16dd86f9ef2cc34156cfa652412028baf26060741872c8729b6c333f77f879b1
mosaiq-benchmark-v0.1-candidate-20260716,mosaiq-benchmark,0.1.0-dev,iso_paq_regression,0.1.0,ISD,clip,ISD_TorringtonSq_TorringtonSq2_TS232,ISD_TorringtonSq_TorringtonSq2_TS232,train,,0.1.0,datasets/ISD/data/clips.csv,06a6e091d7435d71da1744299ccf28b5d709795d9307eb80c775fd359da2a270
mosaiq-benchmark-v0.1-candidate-20260716,mosaiq-benchmark,0.1.0-dev,iso_paq_regression,0.1.0,ISD,clip,ISD_TorringtonSq_TorringtonSq2_TS233,ISD_TorringtonSq_TorringtonSq2_TS233,train,,0.1.0,datasets/ISD/data/clips.csv,c5c4b730e5a886cecb25a71a8c12a82d42b516dbb49f16c1b0d331f6c8dc4bd5
mosaiq-benchmark-v0.1-candidate-20260716,mosaiq-benchmark,0.1.0-dev,iso_paq_regression,0.1.0,ISD,clip,ISD_TorringtonSq_TorringtonSq2_TS234,ISD_TorringtonSq_TorringtonSq2_TS234,train,,0.1.0,datasets/ISD/data/clips.csv,fd6c78880fcbfa8569706ff47876906aecd848336dbb67a986a76a4a684d6063
mosaiq-benchmark-v0.1-candidate-20260716,mosaiq-benchmark,0.1.0-dev,iso_paq_regression,0.1.0,ISD,clip,ISD_TorringtonSq_TorringtonSq2_TS235,ISD_TorringtonSq_TorringtonSq2_TS235,train,,0.1.0,datasets/ISD/data/clips.csv,531837719d5f217deb07393ce053a3937c67da1ac3b9966a1f558ffd515d7224
mosaiq-benchmark-v0.1-candidate-20260716,mosaiq-benchmark,0.1.0-dev,iso_paq_regression,0.1.0,ISD,clip,ISD_TorringtonSq_TorringtonSq2_TS236,ISD_TorringtonSq_TorringtonSq2_TS236,train,,0.1.0,datasets/ISD/data/clips.csv,2a009789d3e3dfbc971a5806be796f0d28c54f44e7d47f883f104dc544ded54f
mosaiq-benchmark-v0.1-candidate-20260716,mosaiq-benchmark,0.1.0-dev,iso_paq_regression,0.1.0,ISD,clip,ISD_TorringtonSq_TorringtonSq2_TS237,ISD_TorringtonSq_TorringtonSq2_TS237,train,,0.1.0,datasets/ISD/data/clips.csv,ab70a78edb35d6654842745f9379fd6df90c8e261736251fc5f9dffb44838f71
mosaiq-benchmark-v0.1-candidate-20260716,mosaiq-benchmark,0.1.0-dev,iso_paq_regression,0.1.0,ISD,clip,ISD_TorringtonSq_TorringtonSq2_TS238,ISD_TorringtonSq_TorringtonSq2_TS238,train,,0.1.0,datasets/ISD/data/clips.csv,2d15dc1db8c123a5f213dc0934e33ea4bc3a22829c4aee0565e13d74ea1a3174
mosaiq-benchmark-v0.1-candidate-20260716,mosaiq-benchmark,0.1.0-dev,iso_paq_regression,0.1.0,ISD,clip,ISD_TorringtonSq_TorringtonSq2_UNKNOWN,ISD_TorringtonSq_TorringtonSq2_UNKNOWN,train,,0.1.0,datasets/ISD/data/clips.csv,710608750e4c758d2d33623e38188775aa0049c2d9ffcf77024a5a2943857a4d
mosaiq-benchmark-v0.1-candidate-20260716,mosaiq-benchmark,0.1.0-dev,iso_paq_regression,0.1.0,ISD,clip,ISD_TorringtonSq_TorringtonSq3_TS301,ISD_TorringtonSq_TorringtonSq3_TS301,train,,0.1.0,datasets/ISD/data/clips.csv,f94654fbcd530ae78a5735faa1d6817dff09d49984887f29c24828e7b0c550b8
mosaiq-benchmark-v0.1-candidate-20260716,mosaiq-benchmark,0.1.0-dev,iso_paq_regression,0.1.0,ISD,clip,ISD_TorringtonSq_TorringtonSq3_TS302,ISD_TorringtonSq_TorringtonSq3_TS302,train,,0.1.0,datasets/ISD/data/clips.csv,a4215945706d39b6dcda30b510e3da42f2f7a1b1f5718ae9df7a99450b54423a
mosaiq-benchmark-v0.1-candidate-20260716,mosaiq-benchmark,0.1.0-dev,iso_paq_regression,0.1.0,ISD,clip,ISD_TorringtonSq_TorringtonSq3_TS303,ISD_TorringtonSq_TorringtonSq3_TS303,train,,0.1.0,datasets/ISD/data/clips.csv,c1ba24d105a2f41429f3e33cfcae0f255d57b59d8fb79ec723617026d577b829
mosaiq-benchmark-v0.1-candidate-20260716,mosaiq-benchmark,0.1.0-dev,iso_paq_regression,0.1.0,ISD,clip,ISD_TorringtonSq_TorringtonSq3_TS304,ISD_TorringtonSq_TorringtonSq3_TS304,train,,0.1.0,datasets/ISD/data/clips.csv,b692e8156b0fef7117eedbd720b3ddbba8763a5cd1aafd82a8b896e0a6a9680c
mosaiq-benchmark-v0.1-candidate-20260716,mosaiq-benchmark,0.1.0-dev,iso_paq_regression,0.1.0,ISD,clip,ISD_TorringtonSq_TorringtonSq3_TS305,ISD_TorringtonSq_TorringtonSq3_TS305,train,,0.1.0,datasets/ISD/data/clips.csv,d9b8f0df94ef1c523842105d9fa8adbe3b8fb78e03e8e8c10abadfd6e56cfdf3
mosaiq-benchmark-v0.1-candidate-20260716,mosaiq-benchmark,0.1.0-dev,iso_paq_regression,0.1.0,ISD,clip,ISD_TorringtonSq_TorringtonSq3_TS306,ISD_TorringtonSq_TorringtonSq3_TS306,train,,0.1.0,datasets/ISD/data/clips.csv,c635ef11b03796f88f29062f28579b49746880475b6e006797bcd486a38d1a6f
mosaiq-benchmark-v0.1-candidate-20260716,mosaiq-benchmark,0.1.0-dev,iso_paq_regression,0.1.0,ISD,clip,ISD_TorringtonSq_TorringtonSq3_TS309,ISD_TorringtonSq_TorringtonSq3_TS309,train,,0.1.0,datasets/ISD/data/clips.csv,a5a51a25accbe3a5f1749a42af128e9f2a49372b79b0ec5ffc32f0e7a574fb34
mosaiq-benchmark-v0.1-candidate-20260716,mosaiq-benchmark,0.1.0-dev,iso_paq_regression,0.1.0,ISD,clip,ISD_TorringtonSq_TorringtonSq3_TS310,ISD_TorringtonSq_TorringtonSq3_TS310,train,,0.1.0,datasets/ISD/data/clips.csv,fa4073c603f654738a8d02b16f34b55220003ffe37d141131503147c1ac27620
mosaiq-benchmark-v0.1-candidate-20260716,mosaiq-benchmark,0.1.0-dev,iso_paq_regression,0.1.0,ISD,clip,ISD_TorringtonSq_TorringtonSq3_TS311,ISD_TorringtonSq_TorringtonSq3_TS311,train,,0.1.0,datasets/ISD/data/clips.csv,503bbb5fc330157426df9970a0cf94730737c5803ca0195be496fb4d30170ff3
mosaiq-benchmark-v0.1-candidate-20260716,mosaiq-benchmark,0.1.0-dev,iso_paq_regression,0.1.0,ISD,clip,ISD_TorringtonSq_TorringtonSq3_TS312,ISD_TorringtonSq_TorringtonSq3_TS312,train,,0.1.0,datasets/ISD/data/clips.csv,5d1684c3eeb7fcfaf533ef6b119ab1d5bdeef1bc89164634f58570b29e13bdd7
mosaiq-benchmark-v0.1-candidate-20260716,mosaiq-benchmark,0.1.0-dev,iso_paq_regression,0.1.0,ISD,clip,ISD_TorringtonSq_TorringtonSq3_TS313,ISD_TorringtonSq_TorringtonSq3_TS313,train,,0.1.0,datasets/ISD/data/clips.csv,5395f267c8cccda70a621e08b48c2b85b94db583f5196872c34beb9adb822f3c
mosaiq-benchmark-v0.1-candidate-20260716,mosaiq-benchmark,0.1.0-dev,iso_paq_regression,0.1.0,ISD,clip,ISD_TorringtonSq_TorringtonSq3_TS314,ISD_TorringtonSq_TorringtonSq3_TS314,train,,0.1.0,datasets/ISD/data/clips.csv,dab6cd7f95cf972e12ac8e689143ba6de30eb52028b695935070cbfb0fe8f808
mosaiq-benchmark-v0.1-candidate-20260716,mosaiq-benchmark,0.1.0-dev,iso_paq_regression,0.1.0,ISD,clip,ISD_TorringtonSq_TorringtonSq3_TS315,ISD_TorringtonSq_TorringtonSq3_TS315,train,,0.1.0,datasets/ISD/data/clips.csv,a019e1def42550104c9a0d3fb3ef15301665c6349fe7db1b90f48eb5c3036786
mosaiq-benchmark-v0.1-candidate-20260716,mosaiq-benchmark,0.1.0-dev,iso_paq_regression,0.1.0,ISD,clip,ISD_TorringtonSq_TorringtonSq3_TS316,ISD_TorringtonSq_TorringtonSq3_TS316,train,,0.1.0,datasets/ISD/data/clips.csv,1d00c3b84ba017b18e66155d332209ced1e13899caf3b019b9161a55d7444bfe
mosaiq-benchmark-v0.1-candidate-20260716,mosaiq-benchmark,0.1.0-dev,iso_paq_regression,0.1.0,ISD,clip,ISD_TorringtonSq_TorringtonSq3_TS317,ISD_TorringtonSq_TorringtonSq3_TS317,train,,0.1.0,datasets/ISD/data/clips.csv,20bbb5237a4d2b3d84908c1506f4882e650089add0bd6eda6e2b15037aca2d79
mosaiq-benchmark-v0.1-candidate-20260716,mosaiq-benchmark,0.1.0-dev,iso_paq_regression,0.1.0,ISD,clip,ISD_TorringtonSq_TorringtonSq3_TS318,ISD_TorringtonSq_TorringtonSq3_TS318,train,,0.1.0,datasets/ISD/data/clips.csv,0375413f1d36288f4f87526555c7ea5c2bbb4a602351fe10da78a91768bb08ce
mosaiq-benchmark-v0.1-candidate-20260716,mosaiq-benchmark,0.1.0-dev,iso_paq_regression,0.1.0,ISD,clip,ISD_TorringtonSq_TorringtonSq3_TS319,ISD_TorringtonSq_TorringtonSq3_TS319,train,,0.1.0,datasets/ISD/data/clips.csv,e8f9c0e5072ec87a2488d79c6e9d161661ae88c917e2c17e30a7dbde75c0f76a
mosaiq-benchmark-v0.1-candidate-20260716,mosaiq-benchmark,0.1.0-dev,iso_paq_regression,0.1.0,ISD,clip,ISD_TorringtonSq_TorringtonSq3_TS320,ISD_TorringtonSq_TorringtonSq3_TS320,train,,0.1.0,datasets/ISD/data/clips.csv,8d2b129cd516479375cc056c76900fbc4055c89e0f246a28e95d8f77a6bc8da1
mosaiq-benchmark-v0.1-candidate-20260716,mosaiq-benchmark,0.1.0-dev,iso_paq_regression,0.1.0,ISD,clip,ISD_TorringtonSq_TorringtonSq3_TS321,ISD_TorringtonSq_TorringtonSq3_TS321,train,,0.1.0,datasets/ISD/data/clips.csv,49867bf278327c50cf47e33e5abce5555e412ed3e1a8a5e8c814ea3de2e84073
mosaiq-benchmark-v0.1-candidate-20260716,mosaiq-benchmark,0.1.0-dev,iso_paq_regression,0.1.0,ISD,clip,ISD_TorringtonSq_TorringtonSq3_TS322,ISD_TorringtonSq_TorringtonSq3_TS322,train,,0.1.0,datasets/ISD/data/clips.csv,a97a703c602ae5380875fe020af1e02e45c1fb392295e111aa2dec00c0f314e9
mosaiq-benchmark-v0.1-candidate-20260716,mosaiq-benchmark,0.1.0-dev,iso_paq_regression,0.1.0,ISD,clip,ISD_TorringtonSq_TorringtonSq3_TS323,ISD_TorringtonSq_TorringtonSq3_TS323,train,,0.1.0,datasets/ISD/data/clips.csv,4fdfd88d0a7be818540d31953dda00ea3884a4ff5bedd605f806d87e3fed913e
mosaiq-benchmark-v0.1-candidate-20260716,mosaiq-benchmark,0.1.0-dev,iso_paq_regression,0.1.0,ISD,clip,ISD_TorringtonSq_TorringtonSq3_UNKNOWN,ISD_TorringtonSq_TorringtonSq3_UNKNOWN,train,,0.1.0,datasets/ISD/data/clips.csv,e79f69ef760fbbdbe08b7e7aa532aeb218c036baf28f10879c06c3a3adb010a9
mosaiq-benchmark-v0.1-candidate-20260716,mosaiq-benchmark,0.1.0-dev,iso_paq_regression,0.1.0,ISD,clip,ISD_TorringtonSq_TorringtonSq4_TS401,ISD_TorringtonSq_TorringtonSq4_TS401,train,,0.1.0,datasets/ISD/data/clips.csv,2751c39055616a7911fae2788ad17ea01214e2df8c1f352567b0474948db1450
mosaiq-benchmark-v0.1-candidate-20260716,mosaiq-benchmark,0.1.0-dev,iso_paq_regression,0.1.0,ISD,clip,ISD_TorringtonSq_TorringtonSq4_TS407,ISD_TorringtonSq_TorringtonSq4_TS407,train,,0.1.0,datasets/ISD/data/clips.csv,9ad93557c4c7edeab6c390d812dc121e4562dbde8b69db274200d011dacd3315
mosaiq-benchmark-v0.1-candidate-20260716,mosaiq-benchmark,0.1.0-dev,iso_paq_regression,0.1.0,ISD,clip,ISD_TorringtonSq_TorringtonSq4_TS408,ISD_TorringtonSq_TorringtonSq4_TS408,train,,0.1.0,datasets/ISD/data/clips.csv,018ffb20a1c1786453a9a1d738f89b6300013590b9af75e41716b245b8dad936
mosaiq-benchmark-v0.1-candidate-20260716,mosaiq-benchmark,0.1.0-dev,iso_paq_regression,0.1.0,ISD,clip,ISD_TorringtonSq_TorringtonSq4_TS411,ISD_TorringtonSq_TorringtonSq4_TS411,train,,0.1.0,datasets/ISD/data/clips.csv,b6e79e6c9331d478db5b2ebc6aa06aee2e79424364480844eea1a8702d101dcb
mosaiq-benchmark-v0.1-candidate-20260716,mosaiq-benchmark,0.1.0-dev,iso_paq_regression,0.1.0,ISD,clip,ISD_TorringtonSq_TorringtonSq4_TS412,ISD_TorringtonSq_TorringtonSq4_TS412,train,,0.1.0,datasets/ISD/data/clips.csv,ef777ddc429347c99e22b79777272c7e5bc895ab9ef61f41b45b8a1225b53a49
mosaiq-benchmark-v0.1-candidate-20260716,mosaiq-benchmark,0.1.0-dev,iso_paq_regression,0.1.0,ISD,clip,ISD_TorringtonSq_TorringtonSq4_TS413,ISD_TorringtonSq_TorringtonSq4_TS413,train,,0.1.0,datasets/ISD/data/clips.csv,05e7fd32ddf9861d61d4e7b372514cd0fd9d3b19d24f7cb92739753c82e93b2a
mosaiq-benchmark-v0.1-candidate-20260716,mosaiq-benchmark,0.1.0-dev,iso_paq_regression,0.1.0,ISD,clip,ISD_TorringtonSq_TorringtonSq4_TS414,ISD_TorringtonSq_TorringtonSq4_TS414,train,,0.1.0,datasets/ISD/data/clips.csv,f8c4833895be4b4d5ce3f4441fe78f6e4ca1448e131b08f4f3f6db6f9d959966
mosaiq-benchmark-v0.1-candidate-20260716,mosaiq-benchmark,0.1.0-dev,iso_paq_regression,0.1.0,ISD,clip,ISD_TorringtonSq_TorringtonSq4_TS415,ISD_TorringtonSq_TorringtonSq4_TS415,train,,0.1.0,datasets/ISD/data/clips.csv,d3f24440e1a9c2c7283f77895623a71337cd405924be341f1b88e5c524c7a007
mosaiq-benchmark-v0.1-candidate-20260716,mosaiq-benchmark,0.1.0-dev,iso_paq_regression,0.1.0,ISD,clip,ISD_TorringtonSq_TorringtonSq4_TS417,ISD_TorringtonSq_TorringtonSq4_TS417,train,,0.1.0,datasets/ISD/data/clips.csv,e9ab23d1874471126f22b8b697078bbd069656307b8128390b952dbd9cd38ea0
mosaiq-benchmark-v0.1-candidate-20260716,mosaiq-benchmark,0.1.0-dev,iso_paq_regression,0.1.0,ISD,clip,ISD_TorringtonSq_TorringtonSq4_TS418,ISD_TorringtonSq_TorringtonSq4_TS418,train,,0.1.0,datasets/ISD/data/clips.csv,185beddef0eef356689d651addef44d2ffb921608b9c0cc7e46feac16c8e3296
mosaiq-benchmark-v0.1-candidate-20260716,mosaiq-benchmark,0.1.0-dev,iso_paq_regression,0.1.0,ISD,clip,ISD_TorringtonSq_TorringtonSq4_TS419,ISD_TorringtonSq_TorringtonSq4_TS419,train,,0.1.0,datasets/ISD/data/clips.csv,aaed555b8c068a7ea8979584bd6d626d33ed00660e988e3843b2b8dc9b2e53ac
mosaiq-benchmark-v0.1-candidate-20260716,mosaiq-benchmark,0.1.0-dev,iso_paq_regression,0.1.0,ISD,clip,ISD_TorringtonSq_TorringtonSq4_TS420,ISD_TorringtonSq_TorringtonSq4_TS420,train,,0.1.0,datasets/ISD/data/clips.csv,f29d27620605e7d09a86a1b93777fadef84b29e42b167941b5c8696ebb5abe32
mosaiq-benchmark-v0.1-candidate-20260716,mosaiq-benchmark,0.1.0-dev,iso_paq_regression,0.1.0,ISD,clip,ISD_TorringtonSq_TorringtonSq4_TS421,ISD_TorringtonSq_TorringtonSq4_TS421,train,,0.1.0,datasets/ISD/data/clips.csv,5baccd68dbcbb653ce189ed49fe19fb07ae6bc0e6a0798fe2d4339fcbaa79950
mosaiq-benchmark-v0.1-candidate-20260716,mosaiq-benchmark,0.1.0-dev,iso_paq_regression,0.1.0,ISD,clip,ISD_TorringtonSq_TorringtonSq4_TS422,ISD_TorringtonSq_TorringtonSq4_TS422,train,,0.1.0,datasets/ISD/data/clips.csv,dd251c3ad9c4c39a154fbc1b06a167f5cccb90d7a740a4669450adde6833c6ae
mosaiq-benchmark-v0.1-candidate-20260716,mosaiq-benchmark,0.1.0-dev,iso_paq_regression,0.1.0,ISD,clip,ISD_TorringtonSq_TorringtonSq4_TS423,ISD_TorringtonSq_TorringtonSq4_TS423,train,,0.1.0,datasets/ISD/data/clips.csv,18cf7dd06c995c9c33972ec911a21fafb52d136e338aa7a29c2e37851a62ce7e
mosaiq-benchmark-v0.1-candidate-20260716,mosaiq-benchmark,0.1.0-dev,iso_paq_regression,0.1.0,ISD,clip,ISD_TorringtonSq_TorringtonSq4_TS424,ISD_TorringtonSq_TorringtonSq4_TS424,train,,0.1.0,datasets/ISD/data/clips.csv,1e53a37d12b55f0d71afd6a3f0c6e3f410f81fa33583db21808776f1afcb29b4
mosaiq-benchmark-v0.1-candidate-20260716,mosaiq-benchmark,0.1.0-dev,iso_paq_regression,0.1.0,ISD,clip,ISD_TorringtonSq_TorringtonSq4_TS425,ISD_TorringtonSq_TorringtonSq4_TS425,train,,0.1.0,datasets/ISD/data/clips.csv,bf60022cf7badf454e390b653bdb133583c46d0019e897d8b2092e11feea197e
mosaiq-benchmark-v0.1-candidate-20260716,mosaiq-benchmark,0.1.0-dev,iso_paq_regression,0.1.0,ISD,clip,ISD_TorringtonSq_TorringtonSq4_TS426,ISD_TorringtonSq_TorringtonSq4_TS426,train,,0.1.0,datasets/ISD/data/clips.csv,d9c4c956b8764eda9e2a9d6c7459982963f64ea483f79646d2b7caffa959c4ba
mosaiq-benchmark-v0.1-candidate-20260716,mosaiq-benchmark,0.1.0-dev,iso_paq_regression,0.1.0,ISD,clip,ISD_ZhongshanPark_ZhongshanPark1_ZP1001,ISD_ZhongshanPark_ZhongshanPark1_ZP1001,train,,0.1.0,datasets/ISD/data/clips.csv,42fda47ac8e32f782f9af7602f00245924f6c922f4ff3a51b030e9773708ba5b
mosaiq-benchmark-v0.1-candidate-20260716,mosaiq-benchmark,0.1.0-dev,iso_paq_regression,0.1.0,ISD,clip,ISD_ZhongshanPark_ZhongshanPark1_ZP1002,ISD_ZhongshanPark_ZhongshanPark1_ZP1002,train,,0.1.0,datasets/ISD/data/clips.csv,e32f9a520072ecc8cd85df768766dfe8713cb39c494cd8e869a7d090a5ed962c
mosaiq-benchmark-v0.1-candidate-20260716,mosaiq-benchmark,0.1.0-dev,iso_paq_regression,0.1.0,ISD,clip,ISD_ZhongshanPark_ZhongshanPark1_ZP1003,ISD_ZhongshanPark_ZhongshanPark1_ZP1003,train,,0.1.0,datasets/ISD/data/clips.csv,68ddd6cfeaa70fe3be90681b37aeb2bb13df63c5d9b904bfc33dfbb7378d90b7
mosaiq-benchmark-v0.1-candidate-20260716,mosaiq-benchmark,0.1.0-dev,iso_paq_regression,0.1.0,ISD,clip,ISD_ZhongshanPark_ZhongshanPark1_ZP1004,ISD_ZhongshanPark_ZhongshanPark1_ZP1004,train,,0.1.0,datasets/ISD/data/clips.csv,d52a3de5ae5a2ac8c929628d01575a21d82c4a06c0f0d75c851c4f80acbab4a3
mosaiq-benchmark-v0.1-candidate-20260716,mosaiq-benchmark,0.1.0-dev,iso_paq_regression,0.1.0,ISD,clip,ISD_ZhongshanPark_ZhongshanPark1_ZP1005,ISD_ZhongshanPark_ZhongshanPark1_ZP1005,train,,0.1.0,datasets/ISD/data/clips.csv,cf9735d22ead2f6aba47803287715ae0b38231e5a26f654bdf261d0329a54006
mosaiq-benchmark-v0.1-candidate-20260716,mosaiq-benchmark,0.1.0-dev,iso_paq_regression,0.1.0,ISD,clip,ISD_ZhongshanPark_ZhongshanPark1_ZP1006,ISD_ZhongshanPark_ZhongshanPark1_ZP1006,train,,0.1.0,datasets/ISD/data/clips.csv,aa0f36d2591577c551d3bfc3409e256d20cc342fdbdc328cf2547ef5df3d5d6b
mosaiq-benchmark-v0.1-candidate-20260716,mosaiq-benchmark,0.1.0-dev,iso_paq_regression,0.1.0,ISD,clip,ISD_ZhongshanPark_ZhongshanPark1_ZP1007,ISD_ZhongshanPark_ZhongshanPark1_ZP1007,train,,0.1.0,datasets/ISD/data/clips.csv,996d90751377e1b34d4a55853a288b09e9be6b90acfcb96bbfea59a0cc031cd9
mosaiq-benchmark-v0.1-candidate-20260716,mosaiq-benchmark,0.1.0-dev,iso_paq_regression,0.1.0,ISD,clip,ISD_ZhongshanPark_ZhongshanPark1_ZP1008,ISD_ZhongshanPark_ZhongshanPark1_ZP1008,train,,0.1.0,datasets/ISD/data/clips.csv,ed10b06ea384bfe35cea172753fda82c03b9108f5d5deed1b042c36a8988a679
mosaiq-benchmark-v0.1-candidate-20260716,mosaiq-benchmark,0.1.0-dev,iso_paq_regression,0.1.0,ISD,clip,ISD_ZhongshanPark_ZhongshanPark1_ZP1009,ISD_ZhongshanPark_ZhongshanPark1_ZP1009,train,,0.1.0,datasets/ISD/data/clips.csv,9d033f3958fcb61307dc6b4fc19ebbe0caa08ee4f477cd530e41ee26d96ff5e7
mosaiq-benchmark-v0.1-candidate-20260716,mosaiq-benchmark,0.1.0-dev,iso_paq_regression,0.1.0,ISD,clip,ISD_ZhongshanPark_ZhongshanPark1_ZP1010,ISD_ZhongshanPark_ZhongshanPark1_ZP1010,train,,0.1.0,datasets/ISD/data/clips.csv,b7b1da62a5aa71ae5f20aef20f11cb2cbdbb5a0bcd2a5ff8083eda362874c9cb
mosaiq-benchmark-v0.1-candidate-20260716,mosaiq-benchmark,0.1.0-dev,iso_paq_regression,0.1.0,ISD,clip,ISD_ZhongshanPark_ZhongshanPark1_ZP1011,ISD_ZhongshanPark_ZhongshanPark1_ZP1011,train,,0.1.0,datasets/ISD/data/clips.csv,77be49dd99972ca2e3366b8341802ff9168b3f5958ac604f697e89399f578bf5
mosaiq-benchmark-v0.1-candidate-20260716,mosaiq-benchmark,0.1.0-dev,iso_paq_regression,0.1.0,ISD,clip,ISD_ZhongshanPark_ZhongshanPark1_ZP1012,ISD_ZhongshanPark_ZhongshanPark1_ZP1012,train,,0.1.0,datasets/ISD/data/clips.csv,f4637d114a69b3b6df9ecdd8d208ae8ec6dde541b960e75a90056ef1ccdbb833
mosaiq-benchmark-v0.1-candidate-20260716,mosaiq-benchmark,0.1.0-dev,iso_paq_regression,0.1.0,ISD,clip,ISD_ZhongshanPark_ZhongshanPark1_ZP1013,ISD_ZhongshanPark_ZhongshanPark1_ZP1013,train,,0.1.0,datasets/ISD/data/clips.csv,9eb326115f1b99c000ca6c914cfca57920d8954d78c79061889258eb4ca7561d
mosaiq-benchmark-v0.1-candidate-20260716,mosaiq-benchmark,0.1.0-dev,iso_paq_regression,0.1.0,ISD,clip,ISD_ZhongshanPark_ZhongshanPark1_ZP1014,ISD_ZhongshanPark_ZhongshanPark1_ZP1014,train,,0.1.0,datasets/ISD/data/clips.csv,a0e9b7270909a2907eb2007a0f288d68dd048e198a33c2ca70a9043733b9abfa
mosaiq-benchmark-v0.1-candidate-20260716,mosaiq-benchmark,0.1.0-dev,iso_paq_regression,0.1.0,ISD,clip,ISD_ZhongshanPark_ZhongshanPark1_ZP1015,ISD_ZhongshanPark_ZhongshanPark1_ZP1015,train,,0.1.0,datasets/ISD/data/clips.csv,f9d8b9b348d54ae0adb59b34b48793b3bf855b85528c613639de7e3f20df34f1
mosaiq-benchmark-v0.1-candidate-20260716,mosaiq-benchmark,0.1.0-dev,iso_paq_regression,0.1.0,ISD,clip,ISD_ZhongshanPark_ZhongshanPark1_ZP1016,ISD_ZhongshanPark_ZhongshanPark1_ZP1016,train,,0.1.0,datasets/ISD/data/clips.csv,3301b89d14154a5596f706568bddd126bf630747a15408941e23d12b0de175d5
mosaiq-benchmark-v0.1-candidate-20260716,mosaiq-benchmark,0.1.0-dev,iso_paq_regression,0.1.0,ISD,clip,ISD_ZhongshanPark_ZhongshanPark1_ZP1017,ISD_ZhongshanPark_ZhongshanPark1_ZP1017,train,,0.1.0,datasets/ISD/data/clips.csv,bbb30f3235a1dc2257837d6edcf6eb4dcd4d0eed10f8404d4ee500825d5ad779
mosaiq-benchmark-v0.1-candidate-20260716,mosaiq-benchmark,0.1.0-dev,iso_paq_regression,0.1.0,ISD,clip,ISD_ZhongshanPark_ZhongshanPark1_ZP1018,ISD_ZhongshanPark_ZhongshanPark1_ZP1018,train,,0.1.0,datasets/ISD/data/clips.csv,84c540bdb82010c6e54137e82019ef41cdcafd515624c61707ef15a488fd3946
mosaiq-benchmark-v0.1-candidate-20260716,mosaiq-benchmark,0.1.0-dev,iso_paq_regression,0.1.0,ISD,clip,ISD_ZhongshanPark_ZhongshanPark1_ZP1019,ISD_ZhongshanPark_ZhongshanPark1_ZP1019,train,,0.1.0,datasets/ISD/data/clips.csv,8319f1ac38c074fede2d4dda6588cd18d577f17471176b040b4449b6fd3982fa
mosaiq-benchmark-v0.1-candidate-20260716,mosaiq-benchmark,0.1.0-dev,iso_paq_regression,0.1.0,ISD,clip,ISD_ZhongshanPark_ZhongshanPark1_ZP1020,ISD_ZhongshanPark_ZhongshanPark1_ZP1020,train,,0.1.0,datasets/ISD/data/clips.csv,8ebfaea655729a4b87c833aa4cc1a1c8871756c94579f813b596cc2a82d584f6
mosaiq-benchmark-v0.1-candidate-20260716,mosaiq-benchmark,0.1.0-dev,iso_paq_regression,0.1.0,ISD,clip,ISD_ZhongshanPark_ZhongshanPark1_ZP1021,ISD_ZhongshanPark_ZhongshanPark1_ZP1021,train,,0.1.0,datasets/ISD/data/clips.csv,13c6405dad3f7d3b868fc8e783d22d9ab4b9fa538560e363a20c5d5c041d7dca
mosaiq-benchmark-v0.1-candidate-20260716,mosaiq-benchmark,0.1.0-dev,iso_paq_regression,0.1.0,ISD,clip,ISD_ZhongshanPark_ZhongshanPark1_ZP1022,ISD_ZhongshanPark_ZhongshanPark1_ZP1022,train,,0.1.0,datasets/ISD/data/clips.csv,ebce73c0e242d854b6ab94b7023ca750f59f4e0723a1527f28c28838b9d3ba34
mosaiq-benchmark-v0.1-candidate-20260716,mosaiq-benchmark,0.1.0-dev,iso_paq_regression,0.1.0,ISD,clip,ISD_ZhongshanPark_ZhongshanPark1_ZP1023,ISD_ZhongshanPark_ZhongshanPark1_ZP1023,train,,0.1.0,datasets/ISD/data/clips.csv,bcb71d9c8698edc1c18187c880c86345eaa711b63d0de055eaeb3b396773f650
mosaiq-benchmark-v0.1-candidate-20260716,mosaiq-benchmark,0.1.0-dev,iso_paq_regression,0.1.0,ISD,clip,ISD_ZhongshanPark_ZhongshanPark1_ZP1024,ISD_ZhongshanPark_ZhongshanPark1_ZP1024,train,,0.1.0,datasets/ISD/data/clips.csv,60d6f300daede6d931250896864da4f376d079329ec3257fff30e87ea8443628
mosaiq-benchmark-v0.1-candidate-20260716,mosaiq-benchmark,0.1.0-dev,iso_paq_regression,0.1.0,ISD,clip,ISD_ZhongshanPark_ZhongshanPark1_ZP1025,ISD_ZhongshanPark_ZhongshanPark1_ZP1025,train,,0.1.0,datasets/ISD/data/clips.csv,cf2bf688f4e915e8763ee52e19924c1b3763dae00edb4d7273636ceb8dfa2acd
mosaiq-benchmark-v0.1-candidate-20260716,mosaiq-benchmark,0.1.0-dev,iso_paq_regression,0.1.0,ISD,clip,ISD_ZhongshanPark_ZhongshanPark1_ZP1026,ISD_ZhongshanPark_ZhongshanPark1_ZP1026,train,,0.1.0,datasets/ISD/data/clips.csv,5b2128938c0e61f7b665ef4567e1a7646d4e04af60565af8ce591a50cca8913c
mosaiq-benchmark-v0.1-candidate-20260716,mosaiq-benchmark,0.1.0-dev,iso_paq_regression,0.1.0,ISD,clip,ISD_ZhongshanPark_ZhongshanPark1_ZP1027,ISD_ZhongshanPark_ZhongshanPark1_ZP1027,train,,0.1.0,datasets/ISD/data/clips.csv,787c21a776eea747e89f5d63e1ba25a245ceb1cd1a28881d82e6ffa7a9e15050
mosaiq-benchmark-v0.1-candidate-20260716,mosaiq-benchmark,0.1.0-dev,iso_paq_regression,0.1.0,ISD,clip,ISD_ZhongshanPark_ZhongshanPark1_ZP1028,ISD_ZhongshanPark_ZhongshanPark1_ZP1028,train,,0.1.0,datasets/ISD/data/clips.csv,2035130dbc0ed8d14ddec3bf41519903af711258aa8c236becde5149acf89f7a
mosaiq-benchmark-v0.1-candidate-20260716,mosaiq-benchmark,0.1.0-dev,iso_paq_regression,0.1.0,ISD,clip,ISD_ZhongshanPark_ZhongshanPark1_ZP1029,ISD_ZhongshanPark_ZhongshanPark1_ZP1029,train,,0.1.0,datasets/ISD/data/clips.csv,d4b33dbbac3e4b378c92479dc40077b6ec850d965cb0809423f5656d49f5c0f8
mosaiq-benchmark-v0.1-candidate-20260716,mosaiq-benchmark,0.1.0-dev,iso_paq_regression,0.1.0,ISD,clip,ISD_ZhongshanPark_ZhongshanPark1_ZP1030,ISD_ZhongshanPark_ZhongshanPark1_ZP1030,train,,0.1.0,datasets/ISD/data/clips.csv,220862f61984e12c0e5e9cf16720f926be20b0633b05f4e6b7893cb5a44ed0e3
mosaiq-benchmark-v0.1-candidate-20260716,mosaiq-benchmark,0.1.0-dev,iso_paq_regression,0.1.0,ISD,clip,ISD_ZhongshanPark_ZhongshanPark1_ZP1031,ISD_ZhongshanPark_ZhongshanPark1_ZP1031,train,,0.1.0,datasets/ISD/data/clips.csv,911a7d6966594176d087a747ed9def4f8a805be7595329baa19c1cd473e73ac4
mosaiq-benchmark-v0.1-candidate-20260716,mosaiq-benchmark,0.1.0-dev,iso_paq_regression,0.1.0,ISD,clip,ISD_ZhongshanPark_ZhongshanPark1_ZP1032,ISD_ZhongshanPark_ZhongshanPark1_ZP1032,train,,0.1.0,datasets/ISD/data/clips.csv,e4d024780d2d4b441655cd34af70dc6cd1f081711a6542f9fef7d270fbf119cf
mosaiq-benchmark-v0.1-candidate-20260716,mosaiq-benchmark,0.1.0-dev,iso_paq_regression,0.1.0,ISD,clip,ISD_ZhongshanPark_ZhongshanPark1_ZP1033,ISD_ZhongshanPark_ZhongshanPark1_ZP1033,train,,0.1.0,datasets/ISD/data/clips.csv,0d5e687591cec98f616a787d2eef9857931ca007b2310b79eb04c9d532c4190b
mosaiq-benchmark-v0.1-candidate-20260716,mosaiq-benchmark,0.1.0-dev,iso_paq_regression,0.1.0,ISD,clip,ISD_ZhongshanPark_ZhongshanPark1_ZP1034,ISD_ZhongshanPark_ZhongshanPark1_ZP1034,train,,0.1.0,datasets/ISD/data/clips.csv,40a7d8552d4ac37920da61fa703526577f0af5b5d1e9066cb74653b5ce183515
mosaiq-benchmark-v0.1-candidate-20260716,mosaiq-benchmark,0.1.0-dev,iso_paq_regression,0.1.0,ISD,clip,ISD_ZhongshanPark_ZhongshanPark1_ZP1035,ISD_ZhongshanPark_ZhongshanPark1_ZP1035,train,,0.1.0,datasets/ISD/data/clips.csv,369aeb9873728250eeae167c38aa8aea6c1bee2d7b2fb8b67559abeeb46e5dd4
mosaiq-benchmark-v0.1-candidate-20260716,mosaiq-benchmark,0.1.0-dev,iso_paq_regression,0.1.0,ISD,clip,ISD_ZhongshanPark_ZhongshanPark1_ZP1036,ISD_ZhongshanPark_ZhongshanPark1_ZP1036,train,,0.1.0,datasets/ISD/data/clips.csv,6884e0504eb568209e4524a8b6a05fa36188d666d4f27521094880ca843769b3
mosaiq-benchmark-v0.1-candidate-20260716,mosaiq-benchmark,0.1.0-dev,iso_paq_regression,0.1.0,ISD,clip,ISD_ZhongshanPark_ZhongshanPark1_ZP1037,ISD_ZhongshanPark_ZhongshanPark1_ZP1037,train,,0.1.0,datasets/ISD/data/clips.csv,11b3407c5449563637ff9efc2dee2419efd83e631c3a23c067f15388f5c3944e
mosaiq-benchmark-v0.1-candidate-20260716,mosaiq-benchmark,0.1.0-dev,iso_paq_regression,0.1.0,ISD,clip,ISD_ZhongshanPark_ZhongshanPark1_ZP1038,ISD_ZhongshanPark_ZhongshanPark1_ZP1038,train,,0.1.0,datasets/ISD/data/clips.csv,dda11d59252c35caa33c99a493ef0a531eb994b4dcbcd90ba89d6ce8a1a6c32f
mosaiq-benchmark-v0.1-candidate-20260716,mosaiq-benchmark,0.1.0-dev,iso_paq_regression,0.1.0,ISD,clip,ISD_ZhongshanPark_ZhongshanPark1_ZP1039,ISD_ZhongshanPark_ZhongshanPark1_ZP1039,train,,0.1.0,datasets/ISD/data/clips.csv,aaa7e0d494d0e5b54c4c73c9a278dc57749358fd537fd3e9d4986ceb39576257
mosaiq-benchmark-v0.1-candidate-20260716,mosaiq-benchmark,0.1.0-dev,iso_paq_regression,0.1.0,ISD,clip,ISD_ZhongshanPark_ZhongshanPark1_ZP1040,ISD_ZhongshanPark_ZhongshanPark1_ZP1040,train,,0.1.0,datasets/ISD/data/clips.csv,7d54a64561c1dba0b2bfcb0d2b95850ad5cd3bc21fd8ad1f10606f0b0ba34cd0
mosaiq-benchmark-v0.1-candidate-20260716,mosaiq-benchmark,0.1.0-dev,iso_paq_regression,0.1.0,ISD,clip,ISD_ZhongshanPark_ZhongshanPark2_ZP2001,ISD_ZhongshanPark_ZhongshanPark2_ZP2001,train,,0.1.0,datasets/ISD/data/clips.csv,17609ef8dd71ba9d09add87ec9216ea64569984a8b81c123fd03352ea39ac7ef
mosaiq-benchmark-v0.1-candidate-20260716,mosaiq-benchmark,0.1.0-dev,iso_paq_regression,0.1.0,ISD,clip,ISD_ZhongshanPark_ZhongshanPark2_ZP2002,ISD_ZhongshanPark_ZhongshanPark2_ZP2002,train,,0.1.0,datasets/ISD/data/clips.csv,dbb9c251d26a5b7ba2f8ed6a49a85919bbdec83db663dce27232c66582fe5a5b
mosaiq-benchmark-v0.1-candidate-20260716,mosaiq-benchmark,0.1.0-dev,iso_paq_regression,0.1.0,ISD,clip,ISD_ZhongshanPark_ZhongshanPark2_ZP2003,ISD_ZhongshanPark_ZhongshanPark2_ZP2003,train,,0.1.0,datasets/ISD/data/clips.csv,c94f7a76a44cf7f546e29cef54ec6a5f3ebfb9587e49fe25d2ebc1e793a5fe07
mosaiq-benchmark-v0.1-candidate-20260716,mosaiq-benchmark,0.1.0-dev,iso_paq_regression,0.1.0,ISD,clip,ISD_ZhongshanPark_ZhongshanPark2_ZP2004,ISD_ZhongshanPark_ZhongshanPark2_ZP2004,train,,0.1.0,datasets/ISD/data/clips.csv,cf40923d6a910ced9fc6c530a3de727de427d5f922f01feba2b77f8cfe048f83
mosaiq-benchmark-v0.1-candidate-20260716,mosaiq-benchmark,0.1.0-dev,iso_paq_regression,0.1.0,ISD,clip,ISD_ZhongshanPark_ZhongshanPark2_ZP2005,ISD_ZhongshanPark_ZhongshanPark2_ZP2005,train,,0.1.0,datasets/ISD/data/clips.csv,228c51a1d0880436bf9439c206b19bb85b8315526fd1b063bc6aab4c9e14d5c9
mosaiq-benchmark-v0.1-candidate-20260716,mosaiq-benchmark,0.1.0-dev,iso_paq_regression,0.1.0,ISD,clip,ISD_ZhongshanPark_ZhongshanPark2_ZP2006,ISD_ZhongshanPark_ZhongshanPark2_ZP2006,train,,0.1.0,datasets/ISD/data/clips.csv,619a666e38ad1007d6fa7f744ef90193d8d5a3d4852ed5f306955dbaeb87c9c4
mosaiq-benchmark-v0.1-candidate-20260716,mosaiq-benchmark,0.1.0-dev,iso_paq_regression,0.1.0,ISD,clip,ISD_ZhongshanPark_ZhongshanPark3_ZP3001,ISD_ZhongshanPark_ZhongshanPark3_ZP3001,train,,0.1.0,datasets/ISD/data/clips.csv,d0bce66cc49f79912e8bdf39c0ee5387cb34ae646355bf30481b965d6cf0a052
mosaiq-benchmark-v0.1-candidate-20260716,mosaiq-benchmark,0.1.0-dev,iso_paq_regression,0.1.0,ISD,clip,ISD_ZhongshanPark_ZhongshanPark3_ZP3002,ISD_ZhongshanPark_ZhongshanPark3_ZP3002,train,,0.1.0,datasets/ISD/data/clips.csv,bec3e10f4b44fd13d83c5c3900a47c78e43957f6c06e32d832e1c49abf627d99
mosaiq-benchmark-v0.1-candidate-20260716,mosaiq-benchmark,0.1.0-dev,iso_paq_regression,0.1.0,ISD,clip,ISD_ZhongshanPark_ZhongshanPark3_ZP3003,ISD_ZhongshanPark_ZhongshanPark3_ZP3003,train,,0.1.0,datasets/ISD/data/clips.csv,a91158f460d0a95c043e421b18b27a63d6dc79d56f71bc3324e9d0eb87d37192
mosaiq-benchmark-v0.1-candidate-20260716,mosaiq-benchmark,0.1.0-dev,iso_paq_regression,0.1.0,ISD,clip,ISD_ZhongshanPark_ZhongshanPark3_ZP3004,ISD_ZhongshanPark_ZhongshanPark3_ZP3004,train,,0.1.0,datasets/ISD/data/clips.csv,50ba2ce49d41020147c1c3c3e594a3f2fbe6b8c50a67bc990f6d7a4009d3f241
mosaiq-benchmark-v0.1-candidate-20260716,mosaiq-benchmark,0.1.0-dev,iso_paq_regression,0.1.0,ISD,clip,ISD_ZhongshanPark_ZhongshanPark3_ZP3005,ISD_ZhongshanPark_ZhongshanPark3_ZP3005,train,,0.1.0,datasets/ISD/data/clips.csv,ff389c5a6edec56fefc1d431033748af2d51b018a13faf6594cbf85247b1da6d
mosaiq-benchmark-v0.1-candidate-20260716,mosaiq-benchmark,0.1.0-dev,iso_paq_regression,0.1.0,ISD,clip,ISD_ZhongshanPark_ZhongshanPark3_ZP3006,ISD_ZhongshanPark_ZhongshanPark3_ZP3006,train,,0.1.0,datasets/ISD/data/clips.csv,83b40fe02d473a4cab80128e11fbbc94ad08fe2cbe8d4c0970646f7e963ce67b
mosaiq-benchmark-v0.1-candidate-20260716,mosaiq-benchmark,0.1.0-dev,iso_paq_regression,0.1.0,ISD,clip,ISD_ZhongshanPark_ZhongshanPark3_ZP3007,ISD_ZhongshanPark_ZhongshanPark3_ZP3007,train,,0.1.0,datasets/ISD/data/clips.csv,2cc0cc17e66dae837e484e1207e973b87e6633e28fae31cfcf5ed1d098cac5d7
mosaiq-benchmark-v0.1-candidate-20260716,mosaiq-benchmark,0.1.0-dev,iso_paq_regression,0.1.0,ISD,clip,ISD_ZhongshanPark_ZhongshanPark3_ZP3008,ISD_ZhongshanPark_ZhongshanPark3_ZP3008,train,,0.1.0,datasets/ISD/data/clips.csv,befd4d3a4f7bb34f8c79f35d123256cc1bfa9a1d0296d0469ad60ccb9f9e0040
mosaiq-benchmark-v0.1-candidate-20260716,mosaiq-benchmark,0.1.0-dev,iso_paq_regression,0.1.0,ISD,clip,ISD_ZhongshanPark_ZhongshanPark3_ZP3009,ISD_ZhongshanPark_ZhongshanPark3_ZP3009,train,,0.1.0,datasets/ISD/data/clips.csv,9faa0d1c09399bd25ce36bde45d845138886f0d82af6e719c6764bc058112395
mosaiq-benchmark-v0.1-candidate-20260716,mosaiq-benchmark,0.1.0-dev,iso_paq_regression,0.1.0,ISD,clip,ISD_ZhongshanPark_ZhongshanPark3_ZP3010,ISD_ZhongshanPark_ZhongshanPark3_ZP3010,train,,0.1.0,datasets/ISD/data/clips.csv,4b26b3be784519f9362b82bddfb3478105ca881e1baa914db30759d90f1d2ca2
mosaiq-benchmark-v0.1-candidate-20260716,mosaiq-benchmark,0.1.0-dev,iso_paq_regression,0.1.0,ISD,clip,ISD_ZhongshanPark_ZhongshanPark3_ZP3011,ISD_ZhongshanPark_ZhongshanPark3_ZP3011,train,,0.1.0,datasets/ISD/data/clips.csv,389ccafa88430159981966c3c2a9ccc0125bc4b88517af9cb7775884ddced778
mosaiq-benchmark-v0.1-candidate-20260716,mosaiq-benchmark,0.1.0-dev,iso_paq_regression,0.1.0,ISD,clip,ISD_ZhongshanPark_ZhongshanPark3_ZP3012,ISD_ZhongshanPark_ZhongshanPark3_ZP3012,train,,0.1.0,datasets/ISD/data/clips.csv,ecd40ed3d7bc51de4826558e905677d27999c9219e2de9e7b00e79d89b1021e5
mosaiq-benchmark-v0.1-candidate-20260716,mosaiq-benchmark,0.1.0-dev,iso_paq_regression,0.1.0,ISD,clip,ISD_ZhongshanPark_ZhongshanPark3_ZP3013,ISD_ZhongshanPark_ZhongshanPark3_ZP3013,train,,0.1.0,datasets/ISD/data/clips.csv,130fec00bd65174fe0e76b6da8e7243d22824d702bd5a1587ffb595317d232ab
mosaiq-benchmark-v0.1-candidate-20260716,mosaiq-benchmark,0.1.0-dev,iso_paq_regression,0.1.0,ISD,clip,ISD_ZhongshanPark_ZhongshanPark3_ZP3014,ISD_ZhongshanPark_ZhongshanPark3_ZP3014,train,,0.1.0,datasets/ISD/data/clips.csv,f9bc453272d7377103743bdddb038d2b8c31b36d4f3cb16ae3bb80cba58f1513
mosaiq-benchmark-v0.1-candidate-20260716,mosaiq-benchmark,0.1.0-dev,iso_paq_regression,0.1.0,ISD,clip,ISD_ZhongshanPark_ZhongshanPark3_ZP3015,ISD_ZhongshanPark_ZhongshanPark3_ZP3015,train,,0.1.0,datasets/ISD/data/clips.csv,07de8b1f78a0dafc7ac1c9791c6ed89a7b6d8ac02fbb2f55ccc920ba9e364906
mosaiq-benchmark-v0.1-candidate-20260716,mosaiq-benchmark,0.1.0-dev,iso_paq_regression,0.1.0,ISD,clip,ISD_ZhongshanPark_ZhongshanPark3_ZP3016,ISD_ZhongshanPark_ZhongshanPark3_ZP3016,train,,0.1.0,datasets/ISD/data/clips.csv,4d35b6777451d43e9676ce8a80f34a3bb18258b6067958351858863b75f7214d
mosaiq-benchmark-v0.1-candidate-20260716,mosaiq-benchmark,0.1.0-dev,iso_paq_regression,0.1.0,ISD,clip,ISD_ZhongshanPark_ZhongshanPark3_ZP3017,ISD_ZhongshanPark_ZhongshanPark3_ZP3017,train,,0.1.0,datasets/ISD/data/clips.csv,5241506de33b4cc247d265c39a892f696f7750041979f077b91126da0063863c
mosaiq-benchmark-v0.1-candidate-20260716,mosaiq-benchmark,0.1.0-dev,iso_paq_regression,0.1.0,ISD,clip,ISD_ZhongshanPark_ZhongshanPark3_ZP3018,ISD_ZhongshanPark_ZhongshanPark3_ZP3018,train,,0.1.0,datasets/ISD/data/clips.csv,0a2cf00a9cbde1f7c9f51087f5400116e23671d2aa2744901a88c7bca2d6147f
mosaiq-benchmark-v0.1-candidate-20260716,mosaiq-benchmark,0.1.0-dev,iso_paq_regression,0.1.0,ISD,clip,ISD_ZhongshanPark_ZhongshanPark3_ZP3019,ISD_ZhongshanPark_ZhongshanPark3_ZP3019,train,,0.1.0,datasets/ISD/data/clips.csv,11d044635d195d0aa152dddff2c712fb0a4826227e6c9ce378e0f21d6f7ce0c1
mosaiq-benchmark-v0.1-candidate-20260716,mosaiq-benchmark,0.1.0-dev,iso_paq_regression,0.1.0,ISD,clip,ISD_ZhongshanPark_ZhongshanPark3_ZP3020,ISD_ZhongshanPark_ZhongshanPark3_ZP3020,train,,0.1.0,datasets/ISD/data/clips.csv,1e7e8f3946a5f53ef6b4de71de1e194d6a534b05131d93f9d306327eec0c00d8
mosaiq-benchmark-v0.1-candidate-20260716,mosaiq-benchmark,0.1.0-dev,iso_paq_regression,0.1.0,ISD,clip,ISD_ZhongshanPark_ZhongshanPark3_ZP3021,ISD_ZhongshanPark_ZhongshanPark3_ZP3021,train,,0.1.0,datasets/ISD/data/clips.csv,7b507213e9715683e1902fce136c453e18aa1031d32b8e948040770c2cf26225
mosaiq-benchmark-v0.1-candidate-20260716,mosaiq-benchmark,0.1.0-dev,iso_paq_regression,0.1.0,ISD,clip,ISD_ZhongshanPark_ZhongshanPark3_ZP3022,ISD_ZhongshanPark_ZhongshanPark3_ZP3022,train,,0.1.0,datasets/ISD/data/clips.csv,970d1ed807368f35fb07d92e99046e09c216cc40b2b2089993ef56160a9b73c1
mosaiq-benchmark-v0.1-candidate-20260716,mosaiq-benchmark,0.1.0-dev,iso_paq_regression,0.1.0,ISD,clip,ISD_ZhongshanPark_ZhongshanPark3_ZP3023,ISD_ZhongshanPark_ZhongshanPark3_ZP3023,train,,0.1.0,datasets/ISD/data/clips.csv,7549bbf1b6341f9c421ddcba3cd4720a018b94a9d5c5cb609fc01dbe8605da1c
mosaiq-benchmark-v0.1-candidate-20260716,mosaiq-benchmark,0.1.0-dev,iso_paq_regression,0.1.0,ISD,clip,ISD_ZhongshanPark_ZhongshanPark3_ZP3024,ISD_ZhongshanPark_ZhongshanPark3_ZP3024,train,,0.1.0,datasets/ISD/data/clips.csv,53769bc5085e76102b828ff394516700b431b4b8d928cedc3384d0aa87d96996
mosaiq-benchmark-v0.1-candidate-20260716,mosaiq-benchmark,0.1.0-dev,iso_paq_regression,0.1.0,ISD,clip,ISD_ZhongshanPark_ZhongshanPark3_ZP3025,ISD_ZhongshanPark_ZhongshanPark3_ZP3025,train,,0.1.0,datasets/ISD/data/clips.csv,3d21c10e111584857a8223925d8d54ac0b76f46b7267d77b37d305b91d0a93f0
mosaiq-benchmark-v0.1-candidate-20260716,mosaiq-benchmark,0.1.0-dev,iso_paq_regression,0.1.0,ISD,clip,ISD_ZhongshanPark_ZhongshanPark3_ZP3026,ISD_ZhongshanPark_ZhongshanPark3_ZP3026,train,,0.1.0,datasets/ISD/data/clips.csv,fd1237dafc38f79a196030d92d3f41b78e9414f3d6e4da352147fac8423a2c26
mosaiq-benchmark-v0.1-candidate-20260716,mosaiq-benchmark,0.1.0-dev,iso_paq_regression,0.1.0,ISD,clip,ISD_ZhongshanPark_ZhongshanPark3_ZP3027,ISD_ZhongshanPark_ZhongshanPark3_ZP3027,train,,0.1.0,datasets/ISD/data/clips.csv,62135c23e39533af0af97bb9439e4843af39018a9a32171930cd1ee48b0b37e1
mosaiq-benchmark-v0.1-candidate-20260716,mosaiq-benchmark,0.1.0-dev,iso_paq_regression,0.1.0,ISD,clip,ISD_ZhongshanPark_ZhongshanPark3_ZP3028,ISD_ZhongshanPark_ZhongshanPark3_ZP3028,train,,0.1.0,datasets/ISD/data/clips.csv,e017dda6a2bcb4ee8089b02f471deb62ade408d18cce520e29a80b85db5b2618
mosaiq-benchmark-v0.1-candidate-20260716,mosaiq-benchmark,0.1.0-dev,iso_paq_regression,0.1.0,ISD,clip,ISD_ZhongshanPark_ZhongshanPark3_ZP3029,ISD_ZhongshanPark_ZhongshanPark3_ZP3029,train,,0.1.0,datasets/ISD/data/clips.csv,d5a2bd0689bab6c0ad687f7c15d400fcbb187d87dd86bdc53a71da2da8de9efb
mosaiq-benchmark-v0.1-candidate-20260716,mosaiq-benchmark,0.1.0-dev,iso_paq_regression,0.1.0,ISD,clip,ISD_ZhongshanPark_ZhongshanPark3_ZP3030,ISD_ZhongshanPark_ZhongshanPark3_ZP3030,train,,0.1.0,datasets/ISD/data/clips.csv,8d1bba62a2a8d3ad5acc5601032d23c7e178bd6bbdd593f3e027f261ca2dd257
mosaiq-benchmark-v0.1-candidate-20260716,mosaiq-benchmark,0.1.0-dev,iso_paq_regression,0.1.0,ISD,clip,ISD_ZhongshanPark_ZhongshanPark3_ZP3031,ISD_ZhongshanPark_ZhongshanPark3_ZP3031,train,,0.1.0,datasets/ISD/data/clips.csv,bea285d0b24e8e3a26fa15754f5bbe40fc5d30fd313edac9b8faf7faeecc7e79
mosaiq-benchmark-v0.1-candidate-20260716,mosaiq-benchmark,0.1.0-dev,iso_paq_regression,0.1.0,ISD,clip,ISD_ZhongshanPark_ZhongshanPark3_ZP3032,ISD_ZhongshanPark_ZhongshanPark3_ZP3032,train,,0.1.0,datasets/ISD/data/clips.csv,52f4446763696098cc8cb807c422ecf02e1162883fae2cfb1df3f9c2f2e9e9e9
mosaiq-benchmark-v0.1-candidate-20260716,mosaiq-benchmark,0.1.0-dev,iso_paq_regression,0.1.0,ISD,clip,ISD_ZhongshanPark_ZhongshanPark3_ZP3033,ISD_ZhongshanPark_ZhongshanPark3_ZP3033,train,,0.1.0,datasets/ISD/data/clips.csv,7189863c3cb16d22c48f3864327ff1bcdb686224a839513206c95061cbb45315
mosaiq-benchmark-v0.1-candidate-20260716,mosaiq-benchmark,0.1.0-dev,iso_paq_regression,0.1.0,ISD,clip,ISD_ZhongshanPark_ZhongshanPark3_ZP3034,ISD_ZhongshanPark_ZhongshanPark3_ZP3034,train,,0.1.0,datasets/ISD/data/clips.csv,3ea75b5f64bea2cdc62db3c903744cdc0ea97d0836902de94825bb5c505279e3
mosaiq-benchmark-v0.1-candidate-20260716,mosaiq-benchmark,0.1.0-dev,iso_paq_regression,0.1.0,ISD,clip,ISD_ZhongshanPark_ZhongshanPark3_ZP3035,ISD_ZhongshanPark_ZhongshanPark3_ZP3035,train,,0.1.0,datasets/ISD/data/clips.csv,1ce39cb2093b1781475c1dafe9e69080f01a24d1b2d1f34a9f51aed734267b20
mosaiq-benchmark-v0.1-candidate-20260716,mosaiq-benchmark,0.1.0-dev,iso_paq_regression,0.1.0,ISD,clip,ISD_ZhongshanPark_ZhongshanPark3_ZP3036,ISD_ZhongshanPark_ZhongshanPark3_ZP3036,train,,0.1.0,datasets/ISD/data/clips.csv,8319c47a54fb2ccedf30bb429b086ce2cef3d9e34827d87e3d5e88f16b5f042e
mosaiq-benchmark-v0.1-candidate-20260716,mosaiq-benchmark,0.1.0-dev,iso_paq_regression,0.1.0,ISD,clip,ISD_ZhongshanPark_ZhongshanPark3_ZP3037,ISD_ZhongshanPark_ZhongshanPark3_ZP3037,train,,0.1.0,datasets/ISD/data/clips.csv,92fd4c80317f5af2906ec0d107f67550f0ba6872c2d58926746b4826fa003a76
mosaiq-benchmark-v0.1-candidate-20260716,mosaiq-benchmark,0.1.0-dev,iso_paq_regression,0.1.0,ISD,clip,ISD_ZhongshanPark_ZhongshanPark3_ZP3038,ISD_ZhongshanPark_ZhongshanPark3_ZP3038,train,,0.1.0,datasets/ISD/data/clips.csv,37cca984bf526203ea559ea2e3b446d3dedcfe262de992da6fbfbdbb8cc11638
mosaiq-benchmark-v0.1-candidate-20260716,mosaiq-benchmark,0.1.0-dev,iso_paq_regression,0.1.0,ISD,clip,ISD_ZhongshanPark_ZhongshanPark3_ZP3039,ISD_ZhongshanPark_ZhongshanPark3_ZP3039,train,,0.1.0,datasets/ISD/data/clips.csv,60307c855a3d4534315fb1cdf662b00c9c69a55023494132cf1e5c0cb363049f
mosaiq-benchmark-v0.1-candidate-20260716,mosaiq-benchmark,0.1.0-dev,iso_paq_regression,0.1.0,ISD,clip,ISD_ZhongshanPark_ZhongshanPark3_ZP3040,ISD_ZhongshanPark_ZhongshanPark3_ZP3040,train,,0.1.0,datasets/ISD/data/clips.csv,3f77d1fa0185a6669f65592b70ece67c91bde4c45eb9698554de0de85787c033
mosaiq-benchmark-v0.1-candidate-20260716,mosaiq-benchmark,0.1.0-dev,iso_paq_regression,0.1.0,ISD,clip,ISD_ZhongshanPark_ZhongshanPark3_ZP3041,ISD_ZhongshanPark_ZhongshanPark3_ZP3041,train,,0.1.0,datasets/ISD/data/clips.csv,de49d269872c924e7de03faf1e52cf650c3e3cedf186a971f32b65bbd2d67f01
mosaiq-benchmark-v0.1-candidate-20260716,mosaiq-benchmark,0.1.0-dev,iso_paq_regression,0.1.0,ISD,clip,ISD_ZhongshanPark_ZhongshanPark3_ZP3042,ISD_ZhongshanPark_ZhongshanPark3_ZP3042,train,,0.1.0,datasets/ISD/data/clips.csv,04006438ec3dc432629bc399ca02add4b5eb87f4640f4c070a06d20c2ca20420
mosaiq-benchmark-v0.1-candidate-20260716,mosaiq-benchmark,0.1.0-dev,iso_paq_regression,0.1.0,ISD,clip,ISD_ZhongshanPark_ZhongshanPark3_ZP3043,ISD_ZhongshanPark_ZhongshanPark3_ZP3043,train,,0.1.0,datasets/ISD/data/clips.csv,c61ebcd8042ef0b1eebd752cc3d937a8493a1318c201ba8e5332a1db90a77522
mosaiq-benchmark-v0.1-candidate-20260716,mosaiq-benchmark,0.1.0-dev,iso_paq_regression,0.1.0,ISD,clip,ISD_ZhongshanPark_ZhongshanPark3_ZP3044,ISD_ZhongshanPark_ZhongshanPark3_ZP3044,train,,0.1.0,datasets/ISD/data/clips.csv,6e02541ff349e92ae2a950e7c811ed5647403f864fe660098f9a8f742794818f
mosaiq-benchmark-v0.1-candidate-20260716,mosaiq-benchmark,0.1.0-dev,iso_paq_regression,0.1.0,ISD,clip,ISD_ZhongshanPark_ZhongshanPark3_ZP3045,ISD_ZhongshanPark_ZhongshanPark3_ZP3045,train,,0.1.0,datasets/ISD/data/clips.csv,4a2c7c25909ba4e2e033c2055c4ace2eb9b0e852686e9bb59cddaec208376794
mosaiq-benchmark-v0.1-candidate-20260716,mosaiq-benchmark,0.1.0-dev,iso_paq_regression,0.1.0,ISD,clip,ISD_ZhongshanPark_ZhongshanPark3_ZP3046,ISD_ZhongshanPark_ZhongshanPark3_ZP3046,train,,0.1.0,datasets/ISD/data/clips.csv,233dc49324fdc1f73896730cac0dcc431240876195d9062760639a2f47cfba19
mosaiq-benchmark-v0.1-candidate-20260716,mosaiq-benchmark,0.1.0-dev,iso_paq_regression,0.1.0,ISD,clip,ISD_ZhongshanPark_ZhongshanPark3_ZP3047,ISD_ZhongshanPark_ZhongshanPark3_ZP3047,train,,0.1.0,datasets/ISD/data/clips.csv,978c9ac9d898510efc63aa043997777e805dcf509cdb07199145c4e26e0905c3
mosaiq-benchmark-v0.1-candidate-20260716,mosaiq-benchmark,0.1.0-dev,iso_paq_regression,0.1.0,ISD,clip,ISD_ZhongshanPark_ZhongshanPark3_ZP3048,ISD_ZhongshanPark_ZhongshanPark3_ZP3048,train,,0.1.0,datasets/ISD/data/clips.csv,4507f6fcf39d92013b0fac3f15961310d056038c721ff5f4104c39ea51c4c938
mosaiq-benchmark-v0.1-candidate-20260716,mosaiq-benchmark,0.1.0-dev,iso_paq_regression,0.1.0,ISD,clip,ISD_ZhongshanPark_ZhongshanPark3_ZP3049,ISD_ZhongshanPark_ZhongshanPark3_ZP3049,train,,0.1.0,datasets/ISD/data/clips.csv,d27c52f22fcc0ed8c9dfeb8ceaeef76e403fae7cd640208eab68180d339c1840
mosaiq-benchmark-v0.1-candidate-20260716,mosaiq-benchmark,0.1.0-dev,iso_paq_regression,0.1.0,ISD,clip,ISD_ZhongshanPark_ZhongshanPark3_ZP3050,ISD_ZhongshanPark_ZhongshanPark3_ZP3050,train,,0.1.0,datasets/ISD/data/clips.csv,0794cbd12db4409cd8b3d656762c5773ed37ea8c1dd167d5e4d7c5ffdb6a714e
mosaiq-benchmark-v0.1-candidate-20260716,mosaiq-benchmark,0.1.0-dev,iso_paq_regression,0.1.0,ISD,clip,ISD_ZhongshanPark_ZhongshanPark3_ZP3051,ISD_ZhongshanPark_ZhongshanPark3_ZP3051,train,,0.1.0,datasets/ISD/data/clips.csv,540ab69563cb2986456c3f18522a97d0b40ac1588f6b2e055881d2c09dc7cb29
mosaiq-benchmark-v0.1-candidate-20260716,mosaiq-benchmark,0.1.0-dev,iso_paq_regression,0.1.0,ISD,clip,ISD_ZhongshanPark_ZhongshanPark3_ZP3052,ISD_ZhongshanPark_ZhongshanPark3_ZP3052,train,,0.1.0,datasets/ISD/data/clips.csv,96439d4ae08d47268109155a3a7caccedf9817bc9cb7d9a1a4c0138b264bfec8
mosaiq-benchmark-v0.1-candidate-20260716,mosaiq-benchmark,0.1.0-dev,iso_paq_regression,0.1.0,ISD,clip,ISD_ZhongshanPark_ZhongshanPark3_ZP3053,ISD_ZhongshanPark_ZhongshanPark3_ZP3053,train,,0.1.0,datasets/ISD/data/clips.csv,538ea59d9a97a7f03ef499f816873b76a9df1b9d82fea86546c6d89551a60a30
mosaiq-benchmark-v0.1-candidate-20260716,mosaiq-benchmark,0.1.0-dev,iso_paq_regression,0.1.0,ISD,clip,ISD_ZhongshanPark_ZhongshanPark3_ZP3054,ISD_ZhongshanPark_ZhongshanPark3_ZP3054,train,,0.1.0,datasets/ISD/data/clips.csv,8f65dc3a48fdb10ff6237d6c5bc7f9f25576739f1e21accd6fdbb60662a0a79f
mosaiq-benchmark-v0.1-candidate-20260716,mosaiq-benchmark,0.1.0-dev,iso_paq_regression,0.1.0,ISD,clip,ISD_ZhongshanPark_ZhongshanPark3_ZP3055,ISD_ZhongshanPark_ZhongshanPark3_ZP3055,train,,0.1.0,datasets/ISD/data/clips.csv,be957354ec50c4d8fd0d8bfa749468869dc0b7d238ee41f8f26edc9abda68e24
mosaiq-benchmark-v0.1-candidate-20260716,mosaiq-benchmark,0.1.0-dev,iso_paq_regression,0.1.0,ISD,clip,ISD_ZhongshanPark_ZhongshanPark3_ZP3056,ISD_ZhongshanPark_ZhongshanPark3_ZP3056,train,,0.1.0,datasets/ISD/data/clips.csv,cf7472ef6b2f8b18b5cda16a79eaed089fb3c0260e9fa1c1ed69d95f2fcfb0c5
mosaiq-benchmark-v0.1-candidate-20260716,mosaiq-benchmark,0.1.0-dev,iso_paq_regression,0.1.0,ISD,clip,ISD_ZhongshanPark_ZhongshanPark3_ZP3057,ISD_ZhongshanPark_ZhongshanPark3_ZP3057,train,,0.1.0,datasets/ISD/data/clips.csv,a7af3bc7789e9c8ae4d4bff8b3bae85c08e413b549a0b32b3bbb16714b7be5d5
mosaiq-benchmark-v0.1-candidate-20260716,mosaiq-benchmark,0.1.0-dev,iso_paq_regression,0.1.0,ISD,clip,ISD_ZhongshanPark_ZhongshanPark3_ZP3058,ISD_ZhongshanPark_ZhongshanPark3_ZP3058,train,,0.1.0,datasets/ISD/data/clips.csv,4e93023191ad76cb9677e9a01c664f1c77aa2335e82fbb3889dd773f7abcd2a7
mosaiq-benchmark-v0.1-candidate-20260716,mosaiq-benchmark,0.1.0-dev,iso_paq_regression,0.1.0,ISD,clip,ISD_ZhongshanPark_ZhongshanPark3_ZP3059,ISD_ZhongshanPark_ZhongshanPark3_ZP3059,train,,0.1.0,datasets/ISD/data/clips.csv,ce2f2401271905ce7092605b74a9322242280cd509562881aeff19dd2981a1db
mosaiq-benchmark-v0.1-candidate-20260716,mosaiq-benchmark,0.1.0-dev,iso_paq_regression,0.1.0,ISD,clip,ISD_ZhongshanPark_ZhongshanPark3_ZP3060,ISD_ZhongshanPark_ZhongshanPark3_ZP3060,train,,0.1.0,datasets/ISD/data/clips.csv,b491d1de470c35dfe9d5b6e25d0b9e3e57c8899daf0ef4a33d32de161abd0b80
mosaiq-benchmark-v0.1-candidate-20260716,mosaiq-benchmark,0.1.0-dev,iso_paq_regression,0.1.0,ISD,clip,ISD_ZhongshanPark_ZhongshanPark3_ZP3061,ISD_ZhongshanPark_ZhongshanPark3_ZP3061,train,,0.1.0,datasets/ISD/data/clips.csv,3a209b8de925f83afa766eadfcc97242108f5e5c727f79116b298b300d42dff0
mosaiq-benchmark-v0.1-candidate-20260716,mosaiq-benchmark,0.1.0-dev,iso_paq_regression,0.1.0,ISD,clip,ISD_ZhongshanPark_ZhongshanPark3_ZP3062,ISD_ZhongshanPark_ZhongshanPark3_ZP3062,train,,0.1.0,datasets/ISD/data/clips.csv,4e2c032265bf90a1d6d5867dd4147d9f1d0fd38ff3a4769bd1fbfd7e00f03311
mosaiq-benchmark-v0.1-candidate-20260716,mosaiq-benchmark,0.1.0-dev,iso_paq_regression,0.1.0,ISD,clip,ISD_ZhongshanPark_ZhongshanPark3_ZP3063,ISD_ZhongshanPark_ZhongshanPark3_ZP3063,train,,0.1.0,datasets/ISD/data/clips.csv,93957379ca58c19a0b45e6d7fd83a478694b567783e3398fad35ec806576cd51
mosaiq-benchmark-v0.1-candidate-20260716,mosaiq-benchmark,0.1.0-dev,iso_paq_regression,0.1.0,ISD,clip,ISD_ZhongshanPark_ZhongshanPark3_ZP3064,ISD_ZhongshanPark_ZhongshanPark3_ZP3064,train,,0.1.0,datasets/ISD/data/clips.csv,944e2ee6ca9e61ff7041351260d1dae6f1a70234ada3a3a9b6166d3a3b0579c7
mosaiq-benchmark-v0.1-candidate-20260716,mosaiq-benchmark,0.1.0-dev,iso_paq_regression,0.1.0,ISD,clip,ISD_ZhongshanPark_ZhongshanPark3_ZP3065,ISD_ZhongshanPark_ZhongshanPark3_ZP3065,train,,0.1.0,datasets/ISD/data/clips.csv,aca1ccb3f338b4d895efa245bc83549268ed66776ad98e49e796a0afdd65e2f6
mosaiq-benchmark-v0.1-candidate-20260716,mosaiq-benchmark,0.1.0-dev,iso_paq_regression,0.1.0,ISD,clip,ISD_ZhongshanPark_ZhongshanPark3_ZP3066,ISD_ZhongshanPark_ZhongshanPark3_ZP3066,train,,0.1.0,datasets/ISD/data/clips.csv,3f0d035874c3adeaa99e30adc6057d0afd9a43f8b78528ccb2947b3fc3416dfa
mosaiq-benchmark-v0.1-candidate-20260716,mosaiq-benchmark,0.1.0-dev,iso_paq_regression,0.1.0,ISD,clip,ISD_ZhongshanPark_ZhongshanPark3_ZP3067,ISD_ZhongshanPark_ZhongshanPark3_ZP3067,train,,0.1.0,datasets/ISD/data/clips.csv,8f48a476936e0fe446da79db23b300f3e32043256fdfb50798e947c56c6f8ec2
mosaiq-benchmark-v0.1-candidate-20260716,mosaiq-benchmark,0.1.0-dev,iso_paq_regression,0.1.0,ISD,clip,ISD_ZhongshanPark_ZhongshanPark3_ZP3068,ISD_ZhongshanPark_ZhongshanPark3_ZP3068,train,,0.1.0,datasets/ISD/data/clips.csv,ff819735f04bb863ffe75859affdab7d2fc3a97b948fa1985b58cc78bfb4cfe2
mosaiq-benchmark-v0.1-candidate-20260716,mosaiq-benchmark,0.1.0-dev,iso_paq_regression,0.1.0,ISD,clip,ISD_ZhongshanPark_ZhongshanPark3_ZP3069,ISD_ZhongshanPark_ZhongshanPark3_ZP3069,train,,0.1.0,datasets/ISD/data/clips.csv,66a75a4286e5af3fa4ef91cfa36a4c57b58e3ddbb58fc3a2bc1cdc4cf6676d72
mosaiq-benchmark-v0.1-candidate-20260716,mosaiq-benchmark,0.1.0-dev,iso_paq_regression,0.1.0,ISD,clip,ISD_ZhongshanPark_ZhongshanPark3_ZP3070,ISD_ZhongshanPark_ZhongshanPark3_ZP3070,train,,0.1.0,datasets/ISD/data/clips.csv,f9aef2e290fe6a23fca7ffa35a3aa348f344aff6690e243f15a135114c833b10
mosaiq-benchmark-v0.1-candidate-20260716,mosaiq-benchmark,0.1.0-dev,iso_paq_regression,0.1.0,ISD,clip,ISD_ZhongshanPark_ZhongshanPark3_ZP3071,ISD_ZhongshanPark_ZhongshanPark3_ZP3071,train,,0.1.0,datasets/ISD/data/clips.csv,1344da7e7ea2c49bdf22e00482619e4f34b8eb34333e9bd2231b45b99757b800
mosaiq-benchmark-v0.1-candidate-20260716,mosaiq-benchmark,0.1.0-dev,iso_paq_regression,0.1.0,ISD,clip,ISD_ZhongshanPark_ZhongshanPark4_ZP4001,ISD_ZhongshanPark_ZhongshanPark4_ZP4001,train,,0.1.0,datasets/ISD/data/clips.csv,7af0ce47c3a21cb47f78a7d3f5b4e9ef010fa7e817ccaa98e1228fed0e5a7613
mosaiq-benchmark-v0.1-candidate-20260716,mosaiq-benchmark,0.1.0-dev,iso_paq_regression,0.1.0,ISD,clip,ISD_ZhongshanPark_ZhongshanPark4_ZP4002,ISD_ZhongshanPark_ZhongshanPark4_ZP4002,train,,0.1.0,datasets/ISD/data/clips.csv,08e7c893a426fa50ad964a9d0b159f98d4fef7a59cec1565f276b2fa84214f7a
mosaiq-benchmark-v0.1-candidate-20260716,mosaiq-benchmark,0.1.0-dev,iso_paq_regression,0.1.0,ISD,clip,ISD_ZhongshanPark_ZhongshanPark4_ZP4003,ISD_ZhongshanPark_ZhongshanPark4_ZP4003,train,,0.1.0,datasets/ISD/data/clips.csv,97b4d32695a0751c25cac50ed294b9412e36ffe9b224c90b6b86563dcd0738c8
mosaiq-benchmark-v0.1-candidate-20260716,mosaiq-benchmark,0.1.0-dev,iso_paq_regression,0.1.0,ISD,clip,ISD_ZhongshanPark_ZhongshanPark4_ZP4004,ISD_ZhongshanPark_ZhongshanPark4_ZP4004,train,,0.1.0,datasets/ISD/data/clips.csv,d821c0251ebec60cba546f81390205209e2bd519c4280ba70028997e966988c7
mosaiq-benchmark-v0.1-candidate-20260716,mosaiq-benchmark,0.1.0-dev,iso_paq_regression,0.1.0,ISD,clip,ISD_ZhongshanPark_ZhongshanPark4_ZP4005,ISD_ZhongshanPark_ZhongshanPark4_ZP4005,train,,0.1.0,datasets/ISD/data/clips.csv,76c33a4f39aa1b5cb0565d63a10af50aa1cae918c83dec3ec6910dec57f0abfa
mosaiq-benchmark-v0.1-candidate-20260716,mosaiq-benchmark,0.1.0-dev,iso_paq_regression,0.1.0,ISD,clip,ISD_ZhongshanPark_ZhongshanPark4_ZP4006,ISD_ZhongshanPark_ZhongshanPark4_ZP4006,train,,0.1.0,datasets/ISD/data/clips.csv,edcb83125b65001cedda8ddad156990a933fd269a0c12035e5cac82d03d2f674
mosaiq-benchmark-v0.1-candidate-20260716,mosaiq-benchmark,0.1.0-dev,iso_paq_regression,0.1.0,ISD,clip,ISD_ZhongshanPark_ZhongshanPark4_ZP4007,ISD_ZhongshanPark_ZhongshanPark4_ZP4007,train,,0.1.0,datasets/ISD/data/clips.csv,a14cc5fd44f0df5564929c5481c7889d0460428bc310aec86e31e337c2ea6bfe
mosaiq-benchmark-v0.1-candidate-20260716,mosaiq-benchmark,0.1.0-dev,iso_paq_regression,0.1.0,ISD,clip,ISD_ZhongshanPark_ZhongshanPark4_ZP4008,ISD_ZhongshanPark_ZhongshanPark4_ZP4008,train,,0.1.0,datasets/ISD/data/clips.csv,2b19e02911f11cb6e2b35b47637a6b4448a961de18ada6e5e297eba33e491862
mosaiq-benchmark-v0.1-candidate-20260716,mosaiq-benchmark,0.1.0-dev,iso_paq_regression,0.1.0,ISD,clip,ISD_ZhongshanPark_ZhongshanPark4_ZP4009,ISD_ZhongshanPark_ZhongshanPark4_ZP4009,train,,0.1.0,datasets/ISD/data/clips.csv,9f4cd6ecde1d8258f90324bf900e8fb592577b9ff3c82621841df6f11bc16ae8
mosaiq-benchmark-v0.1-candidate-20260716,mosaiq-benchmark,0.1.0-dev,iso_paq_regression,0.1.0,ISD,clip,ISD_ZhongshanPark_ZhongshanPark4_ZP4010,ISD_ZhongshanPark_ZhongshanPark4_ZP4010,train,,0.1.0,datasets/ISD/data/clips.csv,d492cbbb2de94b0e5a1a61c79f6a7de715e105eebff51f64a4ee40ad90c54890
mosaiq-benchmark-v0.1-candidate-20260716,mosaiq-benchmark,0.1.0-dev,iso_paq_regression,0.1.0,ISD,clip,ISD_ZhongshanPark_ZhongshanPark4_ZP4011,ISD_ZhongshanPark_ZhongshanPark4_ZP4011,train,,0.1.0,datasets/ISD/data/clips.csv,6257c7db69daa668366cb66b5af6e08c79829ec29d7d8a454160c9bea90a15ed
mosaiq-benchmark-v0.1-candidate-20260716,mosaiq-benchmark,0.1.0-dev,iso_paq_regression,0.1.0,ISD,clip,ISD_ZhongshanPark_ZhongshanPark4_ZP4012,ISD_ZhongshanPark_ZhongshanPark4_ZP4012,train,,0.1.0,datasets/ISD/data/clips.csv,23d7ae5bd644fd8e3427d3d89896cf8073e6f4eb2c9468ee3bf9beab8bd8ce65
mosaiq-benchmark-v0.1-candidate-20260716,mosaiq-benchmark,0.1.0-dev,iso_paq_regression,0.1.0,ISD,clip,ISD_ZhongshanPark_ZhongshanPark4_ZP4013,ISD_ZhongshanPark_ZhongshanPark4_ZP4013,train,,0.1.0,datasets/ISD/data/clips.csv,0759b976b28644ba3705c91a37df32ac8c129587a0c8322ec6f9b61ad5468867
mosaiq-benchmark-v0.1-candidate-20260716,mosaiq-benchmark,0.1.0-dev,iso_paq_regression,0.1.0,ISD,clip,ISD_ZhongshanPark_ZhongshanPark4_ZP4014,ISD_ZhongshanPark_ZhongshanPark4_ZP4014,train,,0.1.0,datasets/ISD/data/clips.csv,c2927d282ad1c8897efbf0598b2cb447fb6cf077cbe96805df56d77ac71d5b4e
mosaiq-benchmark-v0.1-candidate-20260716,mosaiq-benchmark,0.1.0-dev,iso_paq_regression,0.1.0,ISD,clip,ISD_ZhongshanPark_ZhongshanPark4_ZP4015,ISD_ZhongshanPark_ZhongshanPark4_ZP4015,train,,0.1.0,datasets/ISD/data/clips.csv,0b65bed0fa97a8733d773a57ea4d66b83dc71ca16b21afa0ca07124437bea52e
mosaiq-benchmark-v0.1-candidate-20260716,mosaiq-benchmark,0.1.0-dev,iso_paq_regression,0.1.0,ISD,clip,ISD_ZhongshanPark_ZhongshanPark4_ZP4016,ISD_ZhongshanPark_ZhongshanPark4_ZP4016,train,,0.1.0,datasets/ISD/data/clips.csv,7edacf6cd04d3f852cfb7c45c9b36690706c8c027e31ea0752f804c3f6ec6eb4
mosaiq-benchmark-v0.1-candidate-20260716,mosaiq-benchmark,0.1.0-dev,iso_paq_regression,0.1.0,ISD,clip,ISD_ZhongshanPark_ZhongshanPark4_ZP4017,ISD_ZhongshanPark_ZhongshanPark4_ZP4017,train,,0.1.0,datasets/ISD/data/clips.csv,500cf5c058a5d211b1d75806ad6a0ad4cf860d2b1350621121b6908c473b6194
mosaiq-benchmark-v0.1-candidate-20260716,mosaiq-benchmark,0.1.0-dev,iso_paq_regression,0.1.0,ISD,clip,ISD_ZhongshanPark_ZhongshanPark4_ZP4018,ISD_ZhongshanPark_ZhongshanPark4_ZP4018,train,,0.1.0,datasets/ISD/data/clips.csv,b5a168062d66ed29ab67af1778bd9a19f2d7d01f9adb2e3d6b8bbf8afca5a447
mosaiq-benchmark-v0.1-candidate-20260716,mosaiq-benchmark,0.1.0-dev,iso_paq_regression,0.1.0,ISD,clip,ISD_ZhongshanPark_ZhongshanPark4_ZP4019,ISD_ZhongshanPark_ZhongshanPark4_ZP4019,train,,0.1.0,datasets/ISD/data/clips.csv,72c040d2c55f56b9817b4153a4261f61e7ed176ad8e1ca976dd2cf2bbda579d4
mosaiq-benchmark-v0.1-candidate-20260716,mosaiq-benchmark,0.1.0-dev,iso_paq_regression,0.1.0,ISD,clip,ISD_ZhongshanPark_ZhongshanPark4_ZP4020,ISD_ZhongshanPark_ZhongshanPark4_ZP4020,train,,0.1.0,datasets/ISD/data/clips.csv,2cf07a4d0147069348a75dee0b8b4f4dfd43560744196acd5be64753e5852b1d
mosaiq-benchmark-v0.1-candidate-20260716,mosaiq-benchmark,0.1.0-dev,iso_paq_regression,0.1.0,ISD,clip,ISD_ZhongshanPark_ZhongshanPark4_ZP4021,ISD_ZhongshanPark_ZhongshanPark4_ZP4021,train,,0.1.0,datasets/ISD/data/clips.csv,8a4f1d9df27f21be4b8e9a43b1faa3f21bba359ae0bce3ee133bea4f82f35aa3
mosaiq-benchmark-v0.1-candidate-20260716,mosaiq-benchmark,0.1.0-dev,iso_paq_regression,0.1.0,ISD,clip,ISD_ZhongshanPark_ZhongshanPark4_ZP4022,ISD_ZhongshanPark_ZhongshanPark4_ZP4022,train,,0.1.0,datasets/ISD/data/clips.csv,41bbf492a8d013763bf3f01cf8d18f48f3f39e056360641710aaf1556d64e98c
mosaiq-benchmark-v0.1-candidate-20260716,mosaiq-benchmark,0.1.0-dev,iso_paq_regression,0.1.0,ISD,clip,ISD_ZhongshanPark_ZhongshanPark4_ZP4023,ISD_ZhongshanPark_ZhongshanPark4_ZP4023,train,,0.1.0,datasets/ISD/data/clips.csv,e47859f3af6d0cf190566b3218252265df5b30330b31793a29672954670f6b6d
mosaiq-benchmark-v0.1-candidate-20260716,mosaiq-benchmark,0.1.0-dev,iso_paq_regression,0.1.0,ISD,clip,ISD_ZhongshanPark_ZhongshanPark4_ZP4024,ISD_ZhongshanPark_ZhongshanPark4_ZP4024,train,,0.1.0,datasets/ISD/data/clips.csv,4f38dae9d4d0aeed6c2ba7d57a0627e74f21a120b34683861f27852c88b9b711
mosaiq-benchmark-v0.1-candidate-20260716,mosaiq-benchmark,0.1.0-dev,iso_paq_regression,0.1.0,ISD,clip,ISD_ZhongshanPark_ZhongshanPark4_ZP4025,ISD_ZhongshanPark_ZhongshanPark4_ZP4025,train,,0.1.0,datasets/ISD/data/clips.csv,d4aa6be7aee86960073a82a381fbba58374a281d1306e47b641bb6e45dc2124a
mosaiq-benchmark-v0.1-candidate-20260716,mosaiq-benchmark,0.1.0-dev,iso_paq_regression,0.1.0,ISD,clip,ISD_ZhongshanPark_ZhongshanPark4_ZP4026,ISD_ZhongshanPark_ZhongshanPark4_ZP4026,train,,0.1.0,datasets/ISD/data/clips.csv,425b9e49b41199c2717d0ee0440d1d0c9db4c292059e737b593bcb4d10ee79de
mosaiq-benchmark-v0.1-candidate-20260716,mosaiq-benchmark,0.1.0-dev,iso_paq_regression,0.1.0,ISD,clip,ISD_ZhongshanPark_ZhongshanPark4_ZP4027,ISD_ZhongshanPark_ZhongshanPark4_ZP4027,train,,0.1.0,datasets/ISD/data/clips.csv,6c0ccdc5ddd5f118228b71c01926fd8e08f4bbca0da8e67b1969f0e4e5646f46
mosaiq-benchmark-v0.1-candidate-20260716,mosaiq-benchmark,0.1.0-dev,iso_paq_regression,0.1.0,ISD,clip,ISD_ZhongshanPark_ZhongshanPark4_ZP4028,ISD_ZhongshanPark_ZhongshanPark4_ZP4028,train,,0.1.0,datasets/ISD/data/clips.csv,dbb3207b0ee4ad1622a8f8c041c1def0dcf40435590e8f9882afe857f6218046
mosaiq-benchmark-v0.1-candidate-20260716,mosaiq-benchmark,0.1.0-dev,iso_paq_regression,0.1.0,ISD,clip,ISD_ZhongshanPark_ZhongshanPark4_ZP4029,ISD_ZhongshanPark_ZhongshanPark4_ZP4029,train,,0.1.0,datasets/ISD/data/clips.csv,f7ed6edb6365d31e8182ed739ad5f3237064b33ae9294711fb91240e574fa657
mosaiq-benchmark-v0.1-candidate-20260716,mosaiq-benchmark,0.1.0-dev,iso_paq_regression,0.1.0,ISD,clip,ISD_ZhongshanPark_ZhongshanPark4_ZP4030,ISD_ZhongshanPark_ZhongshanPark4_ZP4030,train,,0.1.0,datasets/ISD/data/clips.csv,2395030cbe1ae41589f31db8d061ac51e2817c8291440e5d886a0083b9b67fba
mosaiq-benchmark-v0.1-candidate-20260716,mosaiq-benchmark,0.1.0-dev,iso_paq_regression,0.1.0,ISD,clip,ISD_ZhongshanPark_ZhongshanPark4_ZP4031,ISD_ZhongshanPark_ZhongshanPark4_ZP4031,train,,0.1.0,datasets/ISD/data/clips.csv,34392458aa58c3fcd09d7201ffa2736a3f43d4d9e67d4fa905e52395954c452d
mosaiq-benchmark-v0.1-candidate-20260716,mosaiq-benchmark,0.1.0-dev,iso_paq_regression,0.1.0,ISD,clip,ISD_ZhongshanPark_ZhongshanPark4_ZP4032,ISD_ZhongshanPark_ZhongshanPark4_ZP4032,train,,0.1.0,datasets/ISD/data/clips.csv,f394173c28b30be2551a4302779bd02f8327fae3f096fd85613a7e66123b3a68
mosaiq-benchmark-v0.1-candidate-20260716,mosaiq-benchmark,0.1.0-dev,iso_paq_regression,0.1.0,ISD,clip,ISD_ZhongshanPark_ZhongshanPark4_ZP4033,ISD_ZhongshanPark_ZhongshanPark4_ZP4033,train,,0.1.0,datasets/ISD/data/clips.csv,57ceaf3c8981d78767689be742331d9241d8ed1d1367bc37dcca908c0bda459e
mosaiq-benchmark-v0.1-candidate-20260716,mosaiq-benchmark,0.1.0-dev,iso_paq_regression,0.1.0,ISD,clip,ISD_ZhongshanPark_ZhongshanPark4_ZP4034,ISD_ZhongshanPark_ZhongshanPark4_ZP4034,train,,0.1.0,datasets/ISD/data/clips.csv,b89e94db89d80e413432497cce1f52eb168d82f29cfdda17dd0c99bf48861b18
mosaiq-benchmark-v0.1-candidate-20260716,mosaiq-benchmark,0.1.0-dev,iso_paq_regression,0.1.0,ISD,clip,ISD_ZhongshanPark_ZhongshanPark4_ZP4035,ISD_ZhongshanPark_ZhongshanPark4_ZP4035,train,,0.1.0,datasets/ISD/data/clips.csv,ec11b49f9367458daa51d219f049960568b59b59c000520eee9a615230b45856
mosaiq-benchmark-v0.1-candidate-20260716,mosaiq-benchmark,0.1.0-dev,iso_paq_regression,0.1.0,ISD,clip,ISD_ZhongshanPark_ZhongshanPark4_ZP4036,ISD_ZhongshanPark_ZhongshanPark4_ZP4036,train,,0.1.0,datasets/ISD/data/clips.csv,565d13470989cf9f2d0e87a8cb59c3c6bf2730304162ca2925ace6fb5b25ffaa
mosaiq-benchmark-v0.1-candidate-20260716,mosaiq-benchmark,0.1.0-dev,iso_paq_regression,0.1.0,ISD,clip,ISD_ZhongshanPark_ZhongshanPark4_ZP4037,ISD_ZhongshanPark_ZhongshanPark4_ZP4037,train,,0.1.0,datasets/ISD/data/clips.csv,24c876b60e375285834cde2f61275d11ca13617d17ef82167f02b2937f68f4a9
mosaiq-benchmark-v0.1-candidate-20260716,mosaiq-benchmark,0.1.0-dev,iso_paq_regression,0.1.0,ISD,clip,ISD_ZhongshanPark_ZhongshanPark4_ZP4038,ISD_ZhongshanPark_ZhongshanPark4_ZP4038,train,,0.1.0,datasets/ISD/data/clips.csv,6d433bd1ed8ba68fa83617dbe7966650cd667ad7a2b21dcdbe3a7080767753b9
mosaiq-benchmark-v0.1-candidate-20260716,mosaiq-benchmark,0.1.0-dev,iso_paq_regression,0.1.0,ISD,clip,ISD_ZhongshanPark_ZhongshanPark4_ZP4039,ISD_ZhongshanPark_ZhongshanPark4_ZP4039,train,,0.1.0,datasets/ISD/data/clips.csv,577ba0d63b1cc752cab5297b4d209d84fa76469c0c4b614ee4592fbc77689ed8
mosaiq-benchmark-v0.1-candidate-20260716,mosaiq-benchmark,0.1.0-dev,iso_paq_regression,0.1.0,ISD,clip,ISD_ZhongshanPark_ZhongshanPark4_ZP4040,ISD_ZhongshanPark_ZhongshanPark4_ZP4040,train,,0.1.0,datasets/ISD/data/clips.csv,f350257e6fee2ad79c2d64908ec3e66ba858cf07995703d29f18736b9c7b0cfe
mosaiq-benchmark-v0.1-candidate-20260716,mosaiq-benchmark,0.1.0-dev,iso_paq_regression,0.1.0,ISD,clip,ISD_ZhongshanPark_ZhongshanPark4_ZP4041,ISD_ZhongshanPark_ZhongshanPark4_ZP4041,train,,0.1.0,datasets/ISD/data/clips.csv,500f6a54e04c8fe909c8bb1ce28db1e9d533049c75b26ff63a13e83c5e55dd61
mosaiq-benchmark-v0.1-candidate-20260716,mosaiq-benchmark,0.1.0-dev,iso_paq_regression,0.1.0,ISD,clip,ISD_ZhongshanPark_ZhongshanPark4_ZP4042,ISD_ZhongshanPark_ZhongshanPark4_ZP4042,train,,0.1.0,datasets/ISD/data/clips.csv,8c24ae5fbca743a388763c4b35eae085a5dc74cd6c102f6b5866518d6144b622
mosaiq-benchmark-v0.1-candidate-20260716,mosaiq-benchmark,0.1.0-dev,iso_paq_regression,0.1.0,ISD,clip,ISD_ZhongshanPark_ZhongshanPark4_ZP4043,ISD_ZhongshanPark_ZhongshanPark4_ZP4043,train,,0.1.0,datasets/ISD/data/clips.csv,40b2d37ee198203ac1692903f7fb72a7d33de661fded4adc21e7dd77f40d04d5
mosaiq-benchmark-v0.1-candidate-20260716,mosaiq-benchmark,0.1.0-dev,iso_paq_regression,0.1.0,ISD,clip,ISD_ZhongshanPark_ZhongshanPark4_ZP4044,ISD_ZhongshanPark_ZhongshanPark4_ZP4044,train,,0.1.0,datasets/ISD/data/clips.csv,4f71ee353b7b05f2e3e21ab9ac23dfe610e7ca7e5114b7783b7881b831b9b709
mosaiq-benchmark-v0.1-candidate-20260716,mosaiq-benchmark,0.1.0-dev,iso_paq_regression,0.1.0,ISD,clip,ISD_ZhongshanPark_ZhongshanPark4_ZP4045,ISD_ZhongshanPark_ZhongshanPark4_ZP4045,train,,0.1.0,datasets/ISD/data/clips.csv,f91dc12fe6b15e348cb6d015f45af384b20a3fefb5a553ce6d2df00b74ab77a6
mosaiq-benchmark-v0.1-candidate-20260716,mosaiq-benchmark,0.1.0-dev,iso_paq_regression,0.1.0,ISD,clip,ISD_ZhongshanPark_ZhongshanPark4_ZP4046,ISD_ZhongshanPark_ZhongshanPark4_ZP4046,train,,0.1.0,datasets/ISD/data/clips.csv,6fb1c26ffec015637cbd8b2ba8257545f27808701d73681a49b78a2cf81e2d47
mosaiq-benchmark-v0.1-candidate-20260716,mosaiq-benchmark,0.1.0-dev,iso_paq_regression,0.1.0,ISD,clip,ISD_ZhongshanPark_ZhongshanPark4_ZP4047,ISD_ZhongshanPark_ZhongshanPark4_ZP4047,train,,0.1.0,datasets/ISD/data/clips.csv,d98a421cd73ad422e37cf08af78845222d3bf13373318f082a069a4bb134a1bc
mosaiq-benchmark-v0.1-candidate-20260716,mosaiq-benchmark,0.1.0-dev,iso_paq_regression,0.1.0,ISD,clip,ISD_ZhongshanPark_ZhongshanPark4_ZP4048,ISD_ZhongshanPark_ZhongshanPark4_ZP4048,train,,0.1.0,datasets/ISD/data/clips.csv,416ce486e6ccf653135df628b225c02e7dec694b4da97ebd4a3ba15902865d7b
mosaiq-benchmark-v0.1-candidate-20260716,mosaiq-benchmark,0.1.0-dev,iso_paq_regression,0.1.0,ISD,clip,ISD_ZhongshanPark_ZhongshanPark4_ZP4049,ISD_ZhongshanPark_ZhongshanPark4_ZP4049,train,,0.1.0,datasets/ISD/data/clips.csv,847efd27f0b991d5a0fbddac7f700560382becc780ea154fd9b857c0f892c945
mosaiq-benchmark-v0.1-candidate-20260716,mosaiq-benchmark,0.1.0-dev,iso_paq_regression,0.1.0,ISD,clip,ISD_ZhongshanPark_ZhongshanPark4_ZP4050,ISD_ZhongshanPark_ZhongshanPark4_ZP4050,train,,0.1.0,datasets/ISD/data/clips.csv,b9023f4c0c823e10027663d9a186b5466d32bd03f7cf67c2092bffddf42ac109
mosaiq-benchmark-v0.1-candidate-20260716,mosaiq-benchmark,0.1.0-dev,iso_paq_regression,0.1.0,ISD,clip,ISD_ZhongshanPark_ZhongshanPark4_ZP4051,ISD_ZhongshanPark_ZhongshanPark4_ZP4051,train,,0.1.0,datasets/ISD/data/clips.csv,11a0b82324ac06b0320138d6179ff98a008189618b8783e8ce7bc4e1665120c7
mosaiq-benchmark-v0.1-candidate-20260716,mosaiq-benchmark,0.1.0-dev,iso_paq_regression,0.1.0,ISD,clip,ISD_ZhongshanPark_ZhongshanPark4_ZP4052,ISD_ZhongshanPark_ZhongshanPark4_ZP4052,train,,0.1.0,datasets/ISD/data/clips.csv,1dc214b55408449a6fda76ddc117efc28828ac93b70a6676a0cf2425fcb979d8
mosaiq-benchmark-v0.1-candidate-20260716,mosaiq-benchmark,0.1.0-dev,iso_paq_regression,0.1.0,ISD,clip,ISD_ZhongshanPark_ZhongshanPark4_ZP4053,ISD_ZhongshanPark_ZhongshanPark4_ZP4053,train,,0.1.0,datasets/ISD/data/clips.csv,d2a4a95835ac97be6c45c8f99d97ee4f217c0aa2cad0bd1b282de15659cb897d
mosaiq-benchmark-v0.1-candidate-20260716,mosaiq-benchmark,0.1.0-dev,iso_paq_regression,0.1.0,ISD,clip,ISD_ZhongshanPark_ZhongshanPark4_ZP4054,ISD_ZhongshanPark_ZhongshanPark4_ZP4054,train,,0.1.0,datasets/ISD/data/clips.csv,bb4cd86d7e3b8f6fd03793e63e66a8f98a72420810572a6aa8460ca412d632dd
mosaiq-benchmark-v0.1-candidate-20260716,mosaiq-benchmark,0.1.0-dev,iso_paq_regression,0.1.0,ISD,clip,ISD_ZhongshanPark_ZhongshanPark4_ZP4055,ISD_ZhongshanPark_ZhongshanPark4_ZP4055,train,,0.1.0,datasets/ISD/data/clips.csv,f590f13142ff7ceef27d915ab5439994bdea83deafd8d70df31ab057a8937f5b
mosaiq-benchmark-v0.1-candidate-20260716,mosaiq-benchmark,0.1.0-dev,iso_paq_regression,0.1.0,ISD,clip,ISD_ZhongshanPark_ZhongshanPark4_ZP4056,ISD_ZhongshanPark_ZhongshanPark4_ZP4056,train,,0.1.0,datasets/ISD/data/clips.csv,ca668f15a71a24a8f741d62906023bd8487a282257043befd1dc80fe779add4d
mosaiq-benchmark-v0.1-candidate-20260716,mosaiq-benchmark,0.1.0-dev,iso_paq_regression,0.1.0,ISD,clip,ISD_ZhongshanPark_ZhongshanPark4_ZP4057,ISD_ZhongshanPark_ZhongshanPark4_ZP4057,train,,0.1.0,datasets/ISD/data/clips.csv,bbe9b40f3a7a3a71ceae641ceaff4c131e693286a47c321ccced497fa55cc86f
mosaiq-benchmark-v0.1-candidate-20260716,mosaiq-benchmark,0.1.0-dev,iso_paq_regression,0.1.0,ISD,clip,ISD_ZhongshanPark_ZhongshanPark4_ZP4058,ISD_ZhongshanPark_ZhongshanPark4_ZP4058,train,,0.1.0,datasets/ISD/data/clips.csv,484f64c4d9589b9491cc6fff63e01a23e551f67a4c0813119a3b05c5946564cc
mosaiq-benchmark-v0.1-candidate-20260716,mosaiq-benchmark,0.1.0-dev,iso_paq_regression,0.1.0,ISD,clip,ISD_ZhongshanPark_ZhongshanPark4_ZP4059,ISD_ZhongshanPark_ZhongshanPark4_ZP4059,train,,0.1.0,datasets/ISD/data/clips.csv,61eb3eab7ae91425ea06ba255720f1f242aa7aeafd910df1781f2cc5d906a1bf
mosaiq-benchmark-v0.1-candidate-20260716,mosaiq-benchmark,0.1.0-dev,iso_paq_regression,0.1.0,ISD,clip,ISD_ZhongshanPark_ZhongshanPark4_ZP4060,ISD_ZhongshanPark_ZhongshanPark4_ZP4060,train,,0.1.0,datasets/ISD/data/clips.csv,de50635217fb771966923afe6fe2b88384224a93726229a249bcebbcff4cc97b
mosaiq-benchmark-v0.1-candidate-20260716,mosaiq-benchmark,0.1.0-dev,iso_paq_regression,0.1.0,ISD,clip,ISD_ZhongshanPark_ZhongshanPark4_ZP4061,ISD_ZhongshanPark_ZhongshanPark4_ZP4061,train,,0.1.0,datasets/ISD/data/clips.csv,9e7dd18c5daec2427edb73657b5cc6d5729c068a1e0bfb527c527a5e97530ee6
mosaiq-benchmark-v0.1-candidate-20260716,mosaiq-benchmark,0.1.0-dev,iso_paq_regression,0.1.0,ISD,clip,ISD_ZhongshanPark_ZhongshanPark4_ZP4062,ISD_ZhongshanPark_ZhongshanPark4_ZP4062,train,,0.1.0,datasets/ISD/data/clips.csv,45b1be90c5321463e434a2ac44bb02d98a42c4edde77be1d53885f3c4cf90fd1
mosaiq-benchmark-v0.1-candidate-20260716,mosaiq-benchmark,0.1.0-dev,iso_paq_regression,0.1.0,ISD,clip,ISD_ZhongshanPark_ZhongshanPark4_ZP4063,ISD_ZhongshanPark_ZhongshanPark4_ZP4063,train,,0.1.0,datasets/ISD/data/clips.csv,fe5b364a97174c49343abd110787e102e2aedf76b04c447e097ad254d227ccd1
mosaiq-benchmark-v0.1-candidate-20260716,mosaiq-benchmark,0.1.0-dev,iso_paq_regression,0.1.0,ISD,clip,ISD_ZhongshanPark_ZhongshanPark4_ZP4064,ISD_ZhongshanPark_ZhongshanPark4_ZP4064,train,,0.1.0,datasets/ISD/data/clips.csv,a04885fc53bfd1cd03e2ce6b38fa1f37d3d896794b0c2f3c3a7acee7856bc9b0
mosaiq-benchmark-v0.1-candidate-20260716,mosaiq-benchmark,0.1.0-dev,iso_paq_regression,0.1.0,ISD,clip,ISD_ZhongshanPark_ZhongshanPark4_ZP4065,ISD_ZhongshanPark_ZhongshanPark4_ZP4065,train,,0.1.0,datasets/ISD/data/clips.csv,1fa39403b39e3391700ab4825d6dfdaa3fcf46f88a12251d3ca4633fabfb0d8e
mosaiq-benchmark-v0.1-candidate-20260716,mosaiq-benchmark,0.1.0-dev,iso_paq_regression,0.1.0,ISD,clip,ISD_ZhongshanPark_ZhongshanPark4_ZP4066,ISD_ZhongshanPark_ZhongshanPark4_ZP4066,train,,0.1.0,datasets/ISD/data/clips.csv,c30ff72414cc2a242065a7ed6b5b739c417918e608546694d1deb2cba42b9ff8
mosaiq-benchmark-v0.1-candidate-20260716,mosaiq-benchmark,0.1.0-dev,iso_paq_regression,0.1.0,ISD,clip,ISD_ZhongshanPark_ZhongshanPark4_ZP4067,ISD_ZhongshanPark_ZhongshanPark4_ZP4067,train,,0.1.0,datasets/ISD/data/clips.csv,75d2a6cc83433bf0988788140f005e10e8650611144316ecf74d3140172946d9
mosaiq-benchmark-v0.1-candidate-20260716,mosaiq-benchmark,0.1.0-dev,iso_paq_regression,0.1.0,ISD,clip,ISD_ZhongshanPark_ZhongshanPark4_ZP4068,ISD_ZhongshanPark_ZhongshanPark4_ZP4068,train,,0.1.0,datasets/ISD/data/clips.csv,5a6d075b22bf86bf28980acae16ff6ddbf7566e9ce3fb4cac86ccb596abd2b03
mosaiq-benchmark-v0.1-candidate-20260716,mosaiq-benchmark,0.1.0-dev,iso_paq_regression,0.1.0,ISD,clip,ISD_ZhongshanPark_ZhongshanPark4_ZP4069,ISD_ZhongshanPark_ZhongshanPark4_ZP4069,train,,0.1.0,datasets/ISD/data/clips.csv,da88339713acc3a1e6c7f00a8033ce36634114ddcea05dd8c0710b451a004ace
mosaiq-benchmark-v0.1-candidate-20260716,mosaiq-benchmark,0.1.0-dev,iso_paq_regression,0.1.0,ISD,clip,ISD_ZhongshanPark_ZhongshanPark4_ZP4070,ISD_ZhongshanPark_ZhongshanPark4_ZP4070,train,,0.1.0,datasets/ISD/data/clips.csv,88e130fed2e66aff8a606510f4b37a34dd02ab94971d16e0ced8ea55bac9a972
mosaiq-benchmark-v0.1-candidate-20260716,mosaiq-benchmark,0.1.0-dev,iso_paq_regression,0.1.0,ISD,clip,ISD_ZhongshanPark_ZhongshanPark4_ZP4071,ISD_ZhongshanPark_ZhongshanPark4_ZP4071,train,,0.1.0,datasets/ISD/data/clips.csv,04a5a12faf70613ed3581cd2a241a2a5f3f6ce8f1e41c7a96c7fd4de8610740b
mosaiq-benchmark-v0.1-candidate-20260716,mosaiq-benchmark,0.1.0-dev,iso_paq_regression,0.1.0,ISD,clip,ISD_ZhongshanPark_ZhongshanPark4_ZP4072,ISD_ZhongshanPark_ZhongshanPark4_ZP4072,train,,0.1.0,datasets/ISD/data/clips.csv,bd22e53ac43c865a4e15025c2e67606d7440acadf0296895022ddccbc3fde7e5
mosaiq-benchmark-v0.1-candidate-20260716,mosaiq-benchmark,0.1.0-dev,iso_paq_regression,0.1.0,ISD,clip,ISD_ZhongshanPark_ZhongshanPark4_ZP4073,ISD_ZhongshanPark_ZhongshanPark4_ZP4073,train,,0.1.0,datasets/ISD/data/clips.csv,769b373c20a707176f794879a50fe5bdb7ecc81c9ae412ff2e3d6acaf3f105d0
mosaiq-benchmark-v0.1-candidate-20260716,mosaiq-benchmark,0.1.0-dev,iso_paq_regression,0.1.0,ISD,clip,ISD_ZhongshanPark_ZhongshanPark4_ZP4074,ISD_ZhongshanPark_ZhongshanPark4_ZP4074,train,,0.1.0,datasets/ISD/data/clips.csv,3979e07a44b3086a08e8f2c0c7cc28e33d1b0793c213e3444f701b9f96c5296e
mosaiq-benchmark-v0.1-candidate-20260716,mosaiq-benchmark,0.1.0-dev,iso_paq_regression,0.1.0,ISD,clip,ISD_ZhongshanPark_ZhongshanPark4_ZP4075,ISD_ZhongshanPark_ZhongshanPark4_ZP4075,train,,0.1.0,datasets/ISD/data/clips.csv,d11ad59e636eee9ea4ea3dd026f5e8f5902f493a50122e457a62f0db29100479
mosaiq-benchmark-v0.1-candidate-20260716,mosaiq-benchmark,0.1.0-dev,iso_paq_regression,0.1.0,ISD,clip,ISD_ZhongshanPark_ZhongshanPark4_ZP4076,ISD_ZhongshanPark_ZhongshanPark4_ZP4076,train,,0.1.0,datasets/ISD/data/clips.csv,ce1a829b9083ba5ef88ad764f1136ce47907749c4bd7f82b14eb32567b96b523
mosaiq-benchmark-v0.1-candidate-20260716,mosaiq-benchmark,0.1.0-dev,iso_paq_regression,0.1.0,ISD,clip,ISD_ZhongshanPark_ZhongshanPark4_ZP4077,ISD_ZhongshanPark_ZhongshanPark4_ZP4077,train,,0.1.0,datasets/ISD/data/clips.csv,e7ec0aa9b3ca4ea9db77b63e711faafdda9d22f813a46e7d866d8df89b106bd6
mosaiq-benchmark-v0.1-candidate-20260716,mosaiq-benchmark,0.1.0-dev,iso_paq_regression,0.1.0,ISD,clip,ISD_ZhongshanPark_ZhongshanPark4_ZP4078,ISD_ZhongshanPark_ZhongshanPark4_ZP4078,train,,0.1.0,datasets/ISD/data/clips.csv,dc030a4818efc2df24273dff78513fcbb516f8c7c6e45deb7e4997df444a61e9
mosaiq-benchmark-v0.1-candidate-20260716,mosaiq-benchmark,0.1.0-dev,iso_paq_regression,0.1.0,ISD,clip,ISD_ZhongshanPark_ZhongshanPark4_ZP4079,ISD_ZhongshanPark_ZhongshanPark4_ZP4079,train,,0.1.0,datasets/ISD/data/clips.csv,9808fdcdfe0dca7de58be0f1b0eadbfb9824bcb19cd67809ebf6db070cd629a3
mosaiq-benchmark-v0.1-candidate-20260716,mosaiq-benchmark,0.1.0-dev,iso_paq_regression,0.1.0,ISD,clip,ISD_ZhongshanPark_ZhongshanPark4_ZP4080,ISD_ZhongshanPark_ZhongshanPark4_ZP4080,train,,0.1.0,datasets/ISD/data/clips.csv,9048215409ead72df14cb3eb3b11f92f104b6d190b6f3d54e2a48852e3fd114e
mosaiq-benchmark-v0.1-candidate-20260716,mosaiq-benchmark,0.1.0-dev,iso_paq_regression,0.1.0,ISD,clip,ISD_ZhongshanPark_ZhongshanPark4_ZP4081,ISD_ZhongshanPark_ZhongshanPark4_ZP4081,train,,0.1.0,datasets/ISD/data/clips.csv,cb5333eaf5f294e62c002da0e1b3fc1af3e06ccc4a9b19b2a28e4459db86d407
mosaiq-benchmark-v0.1-candidate-20260716,mosaiq-benchmark,0.1.0-dev,iso_paq_regression,0.1.0,ISD,clip,ISD_ZhongshanPark_ZhongshanPark4_ZP4082,ISD_ZhongshanPark_ZhongshanPark4_ZP4082,train,,0.1.0,datasets/ISD/data/clips.csv,635a2e8c365f54af0bfe53086f915aa8833968b9f1b2f39ca2dce5618aaf8bf5
mosaiq-benchmark-v0.1-candidate-20260716,mosaiq-benchmark,0.1.0-dev,iso_paq_regression,0.1.0,ISD,clip,ISD_ZhongshanPark_ZhongshanPark4_ZP4083,ISD_ZhongshanPark_ZhongshanPark4_ZP4083,train,,0.1.0,datasets/ISD/data/clips.csv,f5efb84488b74fa831d15af07a2d0e1beb2ce2c9a0924aadb396d7d04418a058
mosaiq-benchmark-v0.1-candidate-20260716,mosaiq-benchmark,0.1.0-dev,iso_paq_regression,0.1.0,ISD,clip,ISD_ZhongshanPark_ZhongshanPark4_ZP4084,ISD_ZhongshanPark_ZhongshanPark4_ZP4084,train,,0.1.0,datasets/ISD/data/clips.csv,2ae83b1744498f9b69b49fd0b50d9d89eea1c3eb69fc74cb344d77a578b00cd0
mosaiq-benchmark-v0.1-candidate-20260716,mosaiq-benchmark,0.1.0-dev,iso_paq_regression,0.1.0,ISD,clip,ISD_ZhongshanPark_ZhongshanPark4_ZP4085,ISD_ZhongshanPark_ZhongshanPark4_ZP4085,train,,0.1.0,datasets/ISD/data/clips.csv,26ba9b7c42063fdf090c1d80fc9a2abf8762c92aa91d4a7f96c9f6295e95aae1
mosaiq-benchmark-v0.1-candidate-20260716,mosaiq-benchmark,0.1.0-dev,iso_paq_regression,0.1.0,ISD,clip,ISD_ZhongshanPark_ZhongshanPark4_ZP4086,ISD_ZhongshanPark_ZhongshanPark4_ZP4086,train,,0.1.0,datasets/ISD/data/clips.csv,9813ae1e8a6fbf22b1f8dfb5e52fe0de597891e7f1a95871608c037191d883ea
mosaiq-benchmark-v0.1-candidate-20260716,mosaiq-benchmark,0.1.0-dev,iso_paq_regression,0.1.0,ISD,clip,ISD_ZhongshanPark_ZhongshanPark4_ZP4087,ISD_ZhongshanPark_ZhongshanPark4_ZP4087,train,,0.1.0,datasets/ISD/data/clips.csv,6a2e6078af614235fffb4d7a5f6f2a4a7e5d9c82d232561662b165fac7dc86a2
mosaiq-benchmark-v0.1-candidate-20260716,mosaiq-benchmark,0.1.0-dev,iso_paq_regression,0.1.0,ISD,clip,ISD_ZhongshanPark_ZhongshanPark4_ZP4088,ISD_ZhongshanPark_ZhongshanPark4_ZP4088,train,,0.1.0,datasets/ISD/data/clips.csv,89f12c0c807343826985c5125e7c513f44ab29794676c38544f09660bad50c28
mosaiq-benchmark-v0.1-candidate-20260716,mosaiq-benchmark,0.1.0-dev,iso_paq_regression,0.1.0,ISD,clip,ISD_ZhongshanPark_ZhongshanPark4_ZP4089,ISD_ZhongshanPark_ZhongshanPark4_ZP4089,train,,0.1.0,datasets/ISD/data/clips.csv,8318d343762b039718a253c8530d491508fd8e7425704f43f4adea666fffc4a9
mosaiq-benchmark-v0.1-candidate-20260716,mosaiq-benchmark,0.1.0-dev,iso_paq_regression,0.1.0,ISD,clip,ISD_ZhongshanPark_ZhongshanPark4_ZP4090,ISD_ZhongshanPark_ZhongshanPark4_ZP4090,train,,0.1.0,datasets/ISD/data/clips.csv,4e5604fa4738164ae9598417ef5795c77704fcc4111e5521c18777a4f8de5d55
mosaiq-benchmark-v0.1-candidate-20260716,mosaiq-benchmark,0.1.0-dev,iso_paq_regression,0.1.0,ISD,clip,ISD_ZhongshanPark_ZhongshanPark4_ZP4091,ISD_ZhongshanPark_ZhongshanPark4_ZP4091,train,,0.1.0,datasets/ISD/data/clips.csv,564cebf93dd0560b3efe5f6f433a70309efa56f2e72fbd70041eb9e4db4a963f
mosaiq-benchmark-v0.1-candidate-20260716,mosaiq-benchmark,0.1.0-dev,iso_paq_regression,0.1.0,ISD,clip,ISD_ZhongshanPark_ZhongshanPark4_ZP4092,ISD_ZhongshanPark_ZhongshanPark4_ZP4092,train,,0.1.0,datasets/ISD/data/clips.csv,326347f7fef4df4516d60960256ec2f090ac290c5010589a190b3fcf48ca79e6
mosaiq-benchmark-v0.1-candidate-20260716,mosaiq-benchmark,0.1.0-dev,iso_paq_regression,0.1.0,ISD,clip,ISD_ZhongshanPark_ZhongshanPark4_ZP4093,ISD_ZhongshanPark_ZhongshanPark4_ZP4093,train,,0.1.0,datasets/ISD/data/clips.csv,ef7e973cbda3c298c67e83fc2fed0f6cec438ebb5b79e3a821bf6b4bdb7758b0
mosaiq-benchmark-v0.1-candidate-20260716,mosaiq-benchmark,0.1.0-dev,iso_paq_regression,0.1.0,ISD,clip,ISD_ZhongshanPark_ZhongshanPark4_ZP4094,ISD_ZhongshanPark_ZhongshanPark4_ZP4094,train,,0.1.0,datasets/ISD/data/clips.csv,77ebd4ff5d1e5aea53a9fb9410f3908e3d34ed136b993fa61eb1db2bace9c3cb
mosaiq-benchmark-v0.1-candidate-20260716,mosaiq-benchmark,0.1.0-dev,iso_paq_regression,0.1.0,ISD,clip,ISD_ZhongshanPark_ZhongshanPark4_ZP4095,ISD_ZhongshanPark_ZhongshanPark4_ZP4095,train,,0.1.0,datasets/ISD/data/clips.csv,6cd82ecde62d72e004bf030bb7f57c465df8e02d8a092ce03a8b3477da192b92
mosaiq-benchmark-v0.1-candidate-20260716,mosaiq-benchmark,0.1.0-dev,iso_paq_regression,0.1.0,ISD,clip,ISD_ZhongshanPark_ZhongshanPark4_ZP4096,ISD_ZhongshanPark_ZhongshanPark4_ZP4096,train,,0.1.0,datasets/ISD/data/clips.csv,2509600bdce100629cd6c8e9399f4cdbf65ab6b15403e747df96f40ebc319cf9
mosaiq-benchmark-v0.1-candidate-20260716,mosaiq-benchmark,0.1.0-dev,iso_paq_regression,0.1.0,ISD,clip,ISD_ZhongshanPark_ZhongshanPark4_ZP4097,ISD_ZhongshanPark_ZhongshanPark4_ZP4097,train,,0.1.0,datasets/ISD/data/clips.csv,401e6ba6ef164fd7233c0dab772fc68af526e08b11d3feb643c6e55b02031fb9
mosaiq-benchmark-v0.1-candidate-20260716,mosaiq-benchmark,0.1.0-dev,iso_paq_regression,0.1.0,ISD,clip,ISD_ZhongshanPark_ZhongshanPark4_ZP4098,ISD_ZhongshanPark_ZhongshanPark4_ZP4098,train,,0.1.0,datasets/ISD/data/clips.csv,e6c0b0689326dad621846e250497aea014825386530c25f824ce592f23f9b5fd
mosaiq-benchmark-v0.1-candidate-20260716,mosaiq-benchmark,0.1.0-dev,iso_paq_regression,0.1.0,ISD,clip,ISD_ZhongshanPark_ZhongshanPark4_ZP4099,ISD_ZhongshanPark_ZhongshanPark4_ZP4099,train,,0.1.0,datasets/ISD/data/clips.csv,657ea8715a141f86b98e07ccb91e22a627fd4b1cdd259d40e977771da7d3b16c
mosaiq-benchmark-v0.1-candidate-20260716,mosaiq-benchmark,0.1.0-dev,iso_paq_regression,0.1.0,ISD,clip,ISD_ZhongshanPark_ZhongshanPark4_ZP4100,ISD_ZhongshanPark_ZhongshanPark4_ZP4100,train,,0.1.0,datasets/ISD/data/clips.csv,5f797388268fa7dab6ccf6332d7cf6a9d7e77269eac4957174f5c540584d0a23
mosaiq-benchmark-v0.1-candidate-20260716,mosaiq-benchmark,0.1.0-dev,iso_paq_regression,0.1.0,ISD,clip,ISD_ZhongshanPark_ZhongshanPark4_ZP4101,ISD_ZhongshanPark_ZhongshanPark4_ZP4101,train,,0.1.0,datasets/ISD/data/clips.csv,d2544165a9ceb4f7303b6ebfb7b14b52e096085305b23fed04815d1287531d9c
mosaiq-benchmark-v0.1-candidate-20260716,mosaiq-benchmark,0.1.0-dev,iso_paq_regression,0.1.0,ISD,clip,ISD_ZhongshanPark_ZhongshanPark4_ZP4102,ISD_ZhongshanPark_ZhongshanPark4_ZP4102,train,,0.1.0,datasets/ISD/data/clips.csv,ae56f78e2c5516d5207f4427a3d4ad802af4a6e2417b5165b81061080b2df67d
mosaiq-benchmark-v0.1-candidate-20260716,mosaiq-benchmark,0.1.0-dev,iso_paq_regression,0.1.0,ISD,clip,ISD_ZhongshanPark_ZhongshanPark4_ZP4103,ISD_ZhongshanPark_ZhongshanPark4_ZP4103,train,,0.1.0,datasets/ISD/data/clips.csv,49a8fb56121f474cea179fa1de4ba14f29bd3dd1b0045be164939eca5fa83442
mosaiq-benchmark-v0.1-candidate-20260716,mosaiq-benchmark,0.1.0-dev,iso_paq_regression,0.1.0,ISD,clip,ISD_ZhongshanPark_ZhongshanPark4_ZP4104,ISD_ZhongshanPark_ZhongshanPark4_ZP4104,train,,0.1.0,datasets/ISD/data/clips.csv,07da51fc7ee05d67aa9695d6507047e930e4067a6bdf37bff84451f1ab268926
mosaiq-benchmark-v0.1-candidate-20260716,mosaiq-benchmark,0.1.0-dev,iso_paq_regression,0.1.0,ISD,clip,ISD_ZhongshanPark_ZhongshanPark4_ZP4105,ISD_ZhongshanPark_ZhongshanPark4_ZP4105,train,,0.1.0,datasets/ISD/data/clips.csv,dfcbdd575bdd179fa8491d915f8b60d7667033261d4e447386bdcc799de88dad
mosaiq-benchmark-v0.1-candidate-20260716,mosaiq-benchmark,0.1.0-dev,iso_paq_regression,0.1.0,ISD,clip,ISD_ZhongshanPark_ZhongshanPark4_ZP4106,ISD_ZhongshanPark_ZhongshanPark4_ZP4106,train,,0.1.0,datasets/ISD/data/clips.csv,6bf11802a2bdcfd9c005a1d3240b1049b0f1591f85e97392885f2840d32eb584
mosaiq-benchmark-v0.1-candidate-20260716,mosaiq-benchmark,0.1.0-dev,iso_paq_regression,0.1.0,ISD,clip,ISD_ZhongshanPark_ZhongshanPark4_ZP4107,ISD_ZhongshanPark_ZhongshanPark4_ZP4107,train,,0.1.0,datasets/ISD/data/clips.csv,ed45b2a5f48052b0fb7602ced67ff05fe4a4402c1165ccb8527001989fb0ec86
mosaiq-benchmark-v0.1-candidate-20260716,mosaiq-benchmark,0.1.0-dev,iso_paq_regression,0.1.0,ISD,clip,ISD_ZhongshanPark_ZhongshanPark4_ZP4108,ISD_ZhongshanPark_ZhongshanPark4_ZP4108,train,,0.1.0,datasets/ISD/data/clips.csv,f4a66acc2a0df244d5a2a9d6a86d45a9c329d9c3b7811087889d6f3c20ac304e
mosaiq-benchmark-v0.1-candidate-20260716,mosaiq-benchmark,0.1.0-dev,iso_paq_regression,0.1.0,ISD,clip,ISD_ZhongshanPark_ZhongshanPark4_ZP4109,ISD_ZhongshanPark_ZhongshanPark4_ZP4109,train,,0.1.0,datasets/ISD/data/clips.csv,c909e3193317d281124e2d48722ed8937352ae293ec0e3a6dbbfec7a528d1271
mosaiq-benchmark-v0.1-candidate-20260716,mosaiq-benchmark,0.1.0-dev,iso_paq_regression,0.1.0,ISD,clip,ISD_ZhongshanPark_ZhongshanPark4_ZP4110,ISD_ZhongshanPark_ZhongshanPark4_ZP4110,train,,0.1.0,datasets/ISD/data/clips.csv,b7e747df0662062a5400510918ff81260078c8548a2b95845b533a3619a2f1be
mosaiq-benchmark-v0.1-candidate-20260716,mosaiq-benchmark,0.1.0-dev,iso_paq_regression,0.1.0,ISD,clip,ISD_ZhongshanPark_ZhongshanPark4_ZP4111,ISD_ZhongshanPark_ZhongshanPark4_ZP4111,train,,0.1.0,datasets/ISD/data/clips.csv,3850ef2dc2b2278486185ea30190e4b35653cf5f097acf1c6faeda8979a900fd
mosaiq-benchmark-v0.1-candidate-20260716,mosaiq-benchmark,0.1.0-dev,iso_paq_regression,0.1.0,ISD,clip,ISD_ZhongshanPark_ZhongshanPark4_ZP4112,ISD_ZhongshanPark_ZhongshanPark4_ZP4112,train,,0.1.0,datasets/ISD/data/clips.csv,887e2460031aed78ee08608c540bc438628883e3913d8f96792175580b2a12ae
mosaiq-benchmark-v0.1-candidate-20260716,mosaiq-benchmark,0.1.0-dev,iso_paq_regression,0.1.0,ISD,clip,ISD_ZhongshanPark_ZhongshanPark4_ZP4113,ISD_ZhongshanPark_ZhongshanPark4_ZP4113,train,,0.1.0,datasets/ISD/data/clips.csv,ffabaadd3a15e8cebe020020ebb1c595b1f36fc75a8215639ec10e30238e6baa
mosaiq-benchmark-v0.1-candidate-20260716,mosaiq-benchmark,0.1.0-dev,iso_paq_regression,0.1.0,ISD,clip,ISD_ZhongshanPark_ZhongshanPark4_ZP4114,ISD_ZhongshanPark_ZhongshanPark4_ZP4114,train,,0.1.0,datasets/ISD/data/clips.csv,3ecad4194ef8b84b77deda9af6b25e34654e4776921a106c4e19c46ef5354a1d
mosaiq-benchmark-v0.1-candidate-20260716,mosaiq-benchmark,0.1.0-dev,iso_paq_regression,0.1.0,ISD,clip,ISD_ZhongshanPark_ZhongshanPark4_ZP4115,ISD_ZhongshanPark_ZhongshanPark4_ZP4115,train,,0.1.0,datasets/ISD/data/clips.csv,efb9697d307f9b1c6ef64f0c336fec9c74537bc26fcd02b4a79e9b2e27e6921c
mosaiq-benchmark-v0.1-candidate-20260716,mosaiq-benchmark,0.1.0-dev,iso_paq_regression,0.1.0,ISD,clip,ISD_ZhongshanPark_ZhongshanPark4_ZP4116,ISD_ZhongshanPark_ZhongshanPark4_ZP4116,train,,0.1.0,datasets/ISD/data/clips.csv,ea2d7edc2623803f090da5c2dd4d6edce9cc6966bf901a214880d01636090eb3
mosaiq-benchmark-v0.1-candidate-20260716,mosaiq-benchmark,0.1.0-dev,iso_paq_regression,0.1.0,ISD,clip,ISD_ZhongshanPark_ZhongshanPark4_ZP4117,ISD_ZhongshanPark_ZhongshanPark4_ZP4117,train,,0.1.0,datasets/ISD/data/clips.csv,a432bd9df7040d0a363817f79eefea171e13e639c95b7a14f2bfbaf6530469b4
mosaiq-benchmark-v0.1-candidate-20260716,mosaiq-benchmark,0.1.0-dev,iso_paq_regression,0.1.0,ISD,clip,ISD_ZhongshanPark_ZhongshanPark4_ZP4118,ISD_ZhongshanPark_ZhongshanPark4_ZP4118,train,,0.1.0,datasets/ISD/data/clips.csv,b55f1650529a5d74070bb36f26137248fbabb1494b1781b580cdb80032cb7163
mosaiq-benchmark-v0.1-candidate-20260716,mosaiq-benchmark,0.1.0-dev,iso_paq_regression,0.1.0,ISD,clip,ISD_ZhongshanPark_ZhongshanPark4_ZP4119,ISD_ZhongshanPark_ZhongshanPark4_ZP4119,train,,0.1.0,datasets/ISD/data/clips.csv,8a8a15cf03c664f36529ecfa5067919eadabb84926b09a9ff7af6279cbfa7fa0
mosaiq-benchmark-v0.1-candidate-20260716,mosaiq-benchmark,0.1.0-dev,iso_paq_regression,0.1.0,ISD,clip,ISD_ZhongshanPark_ZhongshanPark4_ZP4120,ISD_ZhongshanPark_ZhongshanPark4_ZP4120,train,,0.1.0,datasets/ISD/data/clips.csv,991c1a70373ee1bf25f65f5a11d6c00420e52d152ce379c89d1361ffc2a75606
mosaiq-benchmark-v0.1-candidate-20260716,mosaiq-benchmark,0.1.0-dev,iso_paq_regression,0.1.0,ISD,clip,ISD_ZhongshanPark_ZhongshanPark4_ZP4121,ISD_ZhongshanPark_ZhongshanPark4_ZP4121,train,,0.1.0,datasets/ISD/data/clips.csv,75b006a1f6e209b0325bb3a63fdb261f8137e341b27aecd6a370ba7369a50c48
mosaiq-benchmark-v0.1-candidate-20260716,mosaiq-benchmark,0.1.0-dev,iso_paq_regression,0.1.0,ISD,clip,ISD_ZhongshanPark_ZhongshanPark4_ZP4122,ISD_ZhongshanPark_ZhongshanPark4_ZP4122,train,,0.1.0,datasets/ISD/data/clips.csv,597d4a47526747456d17a2773dd0546cd1bd051719a4eb57b6973b69b9bbea22
mosaiq-benchmark-v0.1-candidate-20260716,mosaiq-benchmark,0.1.0-dev,iso_paq_regression,0.1.0,ISD,clip,ISD_ZhongshanPark_ZhongshanPark4_ZP4123,ISD_ZhongshanPark_ZhongshanPark4_ZP4123,train,,0.1.0,datasets/ISD/data/clips.csv,741a204eeca45bed574cd9514a13f41a9084f4971b1d24566563b17049ea7e9d
mosaiq-benchmark-v0.1-candidate-20260716,mosaiq-benchmark,0.1.0-dev,iso_paq_regression,0.1.0,ISD,clip,ISD_ZhongshanPark_ZhongshanPark4_ZP4124,ISD_ZhongshanPark_ZhongshanPark4_ZP4124,train,,0.1.0,datasets/ISD/data/clips.csv,fda832d8810b60475315fe32dc5015dcf00fee4eeace1cf9c0df8b194efdd6ed
mosaiq-benchmark-v0.1-candidate-20260716,mosaiq-benchmark,0.1.0-dev,iso_paq_regression,0.1.0,ISD,clip,ISD_ZhongshanPark_ZhongshanPark4_ZP4125,ISD_ZhongshanPark_ZhongshanPark4_ZP4125,train,,0.1.0,datasets/ISD/data/clips.csv,a2e4f4ba8c0bf16659815f71b2628a9bf64a213782c9eeed2b765446af26663e
mosaiq-benchmark-v0.1-candidate-20260716,mosaiq-benchmark,0.1.0-dev,iso_paq_regression,0.1.0,ISD,clip,ISD_ZhongshanPark_ZhongshanPark5_ZP5001,ISD_ZhongshanPark_ZhongshanPark5_ZP5001,train,,0.1.0,datasets/ISD/data/clips.csv,32dce1c486520e8c5a38c6c7e9ef88f4a4cc6f6411edd2b5a0abf9bf180b1a88
mosaiq-benchmark-v0.1-candidate-20260716,mosaiq-benchmark,0.1.0-dev,iso_paq_regression,0.1.0,ISD,clip,ISD_ZhongshanPark_ZhongshanPark5_ZP5002,ISD_ZhongshanPark_ZhongshanPark5_ZP5002,train,,0.1.0,datasets/ISD/data/clips.csv,31017af9d3a4036c34fbd80d4edf394baea6ba07eac37b526cc70cf7eedecc75
mosaiq-benchmark-v0.1-candidate-20260716,mosaiq-benchmark,0.1.0-dev,iso_paq_regression,0.1.0,ISD,clip,ISD_ZhongshanPark_ZhongshanPark5_ZP5003,ISD_ZhongshanPark_ZhongshanPark5_ZP5003,train,,0.1.0,datasets/ISD/data/clips.csv,7838ea441659ceda3f2a13b4864a9469b9f60356e552eccac2f1462844e78be9
mosaiq-benchmark-v0.1-candidate-20260716,mosaiq-benchmark,0.1.0-dev,iso_paq_regression,0.1.0,ISD,clip,ISD_ZhongshanPark_ZhongshanPark5_ZP5004,ISD_ZhongshanPark_ZhongshanPark5_ZP5004,train,,0.1.0,datasets/ISD/data/clips.csv,d5c03053dbe6316f648aedf0c59d533ac146bf48ba933b8924e332aaa3729948
mosaiq-benchmark-v0.1-candidate-20260716,mosaiq-benchmark,0.1.0-dev,iso_paq_regression,0.1.0,ISD,clip,ISD_ZhongshanPark_ZhongshanPark5_ZP5005,ISD_ZhongshanPark_ZhongshanPark5_ZP5005,train,,0.1.0,datasets/ISD/data/clips.csv,e68951b91d91c74533499014f4bbd31249ff1d59617f560038d80a3be3b44343
mosaiq-benchmark-v0.1-candidate-20260716,mosaiq-benchmark,0.1.0-dev,iso_paq_regression,0.1.0,ISD,clip,ISD_ZhongshanPark_ZhongshanPark5_ZP5006,ISD_ZhongshanPark_ZhongshanPark5_ZP5006,train,,0.1.0,datasets/ISD/data/clips.csv,eaa1c3b3ac8eac02ce1dfdc304ba4cc6c8e0506ec3ccea5eea06bfb0e97a40be
mosaiq-benchmark-v0.1-candidate-20260716,mosaiq-benchmark,0.1.0-dev,iso_paq_regression,0.1.0,ISD,clip,ISD_ZhongshanPark_ZhongshanPark5_ZP5007,ISD_ZhongshanPark_ZhongshanPark5_ZP5007,train,,0.1.0,datasets/ISD/data/clips.csv,bf81d197af237c78021ec1fd19c21d3538f8d03c9b383e684a5bfb019b3bccf4
mosaiq-benchmark-v0.1-candidate-20260716,mosaiq-benchmark,0.1.0-dev,iso_paq_regression,0.1.0,ISD,clip,ISD_ZhongshanPark_ZhongshanPark5_ZP5008,ISD_ZhongshanPark_ZhongshanPark5_ZP5008,train,,0.1.0,datasets/ISD/data/clips.csv,7729542c08eaf05f39ef3bf07a570412a6f787b9e783b676fbbc38bdeb157d80
mosaiq-benchmark-v0.1-candidate-20260716,mosaiq-benchmark,0.1.0-dev,iso_paq_regression,0.1.0,ISD,clip,ISD_ZhongshanPark_ZhongshanPark5_ZP5009,ISD_ZhongshanPark_ZhongshanPark5_ZP5009,train,,0.1.0,datasets/ISD/data/clips.csv,ef776efa616066a7d7571001eae21d43fa1f0e97a863d5400b6931f2ef8c2494
mosaiq-benchmark-v0.1-candidate-20260716,mosaiq-benchmark,0.1.0-dev,iso_paq_regression,0.1.0,ISD,clip,ISD_ZhongshanPark_ZhongshanPark5_ZP5010,ISD_ZhongshanPark_ZhongshanPark5_ZP5010,train,,0.1.0,datasets/ISD/data/clips.csv,1dd1cdcda1a75ca5c0e71af0b00b821f7124315910330b36a0e029a9505fffc3
mosaiq-benchmark-v0.1-candidate-20260716,mosaiq-benchmark,0.1.0-dev,iso_paq_regression,0.1.0,ISD,clip,ISD_ZhongshanPark_ZhongshanPark5_ZP5011,ISD_ZhongshanPark_ZhongshanPark5_ZP5011,train,,0.1.0,datasets/ISD/data/clips.csv,bf1732c7c1e7eabd45af737c86ac03ea95c184748bdac26017e88d977b8f6266
mosaiq-benchmark-v0.1-candidate-20260716,mosaiq-benchmark,0.1.0-dev,iso_paq_regression,0.1.0,ISD,clip,ISD_ZhongshanPark_ZhongshanPark5_ZP5012,ISD_ZhongshanPark_ZhongshanPark5_ZP5012,train,,0.1.0,datasets/ISD/data/clips.csv,7e9e460bb6b0cad874c856036356bb64f27ac1a853731f6eb6567183ae8d6fa1
mosaiq-benchmark-v0.1-candidate-20260716,mosaiq-benchmark,0.1.0-dev,iso_paq_regression,0.1.0,ISD,clip,ISD_ZhongshanPark_ZhongshanPark5_ZP5013,ISD_ZhongshanPark_ZhongshanPark5_ZP5013,train,,0.1.0,datasets/ISD/data/clips.csv,b59c25730156bb9d4aa59ccf82fef210ee6a5b987d24aee1cf5a8f433f6b2cc7
mosaiq-benchmark-v0.1-candidate-20260716,mosaiq-benchmark,0.1.0-dev,iso_paq_regression,0.1.0,ISD,clip,ISD_ZhongshanPark_ZhongshanPark5_ZP5014,ISD_ZhongshanPark_ZhongshanPark5_ZP5014,train,,0.1.0,datasets/ISD/data/clips.csv,9a29f2faffc6766cfd14023e41b53799d21aea16f509396b8b933d785980ca06
mosaiq-benchmark-v0.1-candidate-20260716,mosaiq-benchmark,0.1.0-dev,iso_paq_regression,0.1.0,ISD,clip,ISD_ZhongshanPark_ZhongshanPark5_ZP5015,ISD_ZhongshanPark_ZhongshanPark5_ZP5015,train,,0.1.0,datasets/ISD/data/clips.csv,fdf5d4a53eea909d6f521dbca2fc53c2bae342aa67cd481a2a44ca2512b0b803
mosaiq-benchmark-v0.1-candidate-20260716,mosaiq-benchmark,0.1.0-dev,iso_paq_regression,0.1.0,ISD,clip,ISD_ZhongshanPark_ZhongshanPark5_ZP5016,ISD_ZhongshanPark_ZhongshanPark5_ZP5016,train,,0.1.0,datasets/ISD/data/clips.csv,7464566e67ead138c9fcabecc40167b1190f37590329eb35dcb2a3779d7fa480
mosaiq-benchmark-v0.1-candidate-20260716,mosaiq-benchmark,0.1.0-dev,iso_paq_regression,0.1.0,ISD,clip,ISD_ZhongshanPark_ZhongshanPark5_ZP5017,ISD_ZhongshanPark_ZhongshanPark5_ZP5017,train,,0.1.0,datasets/ISD/data/clips.csv,11764733d40910ea46b931192ec2af18ad53ddaab56120ac4bc7d66aed0e09c1
mosaiq-benchmark-v0.1-candidate-20260716,mosaiq-benchmark,0.1.0-dev,iso_paq_regression,0.1.0,ISD,clip,ISD_ZhongshanPark_ZhongshanPark5_ZP5018,ISD_ZhongshanPark_ZhongshanPark5_ZP5018,train,,0.1.0,datasets/ISD/data/clips.csv,18141aeb7db1f2f32038f744ae5d45c64a2d9b077f48afe3aec645653709f68c
mosaiq-benchmark-v0.1-candidate-20260716,mosaiq-benchmark,0.1.0-dev,iso_paq_regression,0.1.0,ISD,clip,ISD_ZhongshanPark_ZhongshanPark5_ZP5019,ISD_ZhongshanPark_ZhongshanPark5_ZP5019,train,,0.1.0,datasets/ISD/data/clips.csv,91bb9f6e455850d87d7717090aa75bd0e2b6a3f7a42419dc909ff237cacdde9f
mosaiq-benchmark-v0.1-candidate-20260716,mosaiq-benchmark,0.1.0-dev,iso_paq_regression,0.1.0,ISD,clip,ISD_ZhongshanPark_ZhongshanPark5_ZP5020,ISD_ZhongshanPark_ZhongshanPark5_ZP5020,train,,0.1.0,datasets/ISD/data/clips.csv,cbd46250ac5027d966a6190a6b3ce3b50b707113fddd3c361fccccf1d813ce12
mosaiq-benchmark-v0.1-candidate-20260716,mosaiq-benchmark,0.1.0-dev,iso_paq_regression,0.1.0,ISD,clip,ISD_ZhongshanPark_ZhongshanPark5_ZP5021,ISD_ZhongshanPark_ZhongshanPark5_ZP5021,train,,0.1.0,datasets/ISD/data/clips.csv,b380dbf2eabe9c226cc85beb879b852121139b5306612ce3047985704368cc6d
mosaiq-benchmark-v0.1-candidate-20260716,mosaiq-benchmark,0.1.0-dev,iso_paq_regression,0.1.0,ISD,clip,ISD_ZhongshanPark_ZhongshanPark5_ZP5022,ISD_ZhongshanPark_ZhongshanPark5_ZP5022,train,,0.1.0,datasets/ISD/data/clips.csv,dfb80cf0a9bf99e45968d56254f4d9c7d294817d777b2ebf15c42d4da1a4e4b8
mosaiq-benchmark-v0.1-candidate-20260716,mosaiq-benchmark,0.1.0-dev,iso_paq_regression,0.1.0,ISD,clip,ISD_ZhongshanPark_ZhongshanPark5_ZP5023,ISD_ZhongshanPark_ZhongshanPark5_ZP5023,train,,0.1.0,datasets/ISD/data/clips.csv,1591ced0babd769f6320c57a8501793b13254666f982474fe0627c52997057b0
mosaiq-benchmark-v0.1-candidate-20260716,mosaiq-benchmark,0.1.0-dev,iso_paq_regression,0.1.0,ISD,clip,ISD_ZhongshanPark_ZhongshanPark5_ZP5024,ISD_ZhongshanPark_ZhongshanPark5_ZP5024,train,,0.1.0,datasets/ISD/data/clips.csv,a7ac51292838ef724310cbb4428d163d2ef425e24402e645969bbf7d24fc34e8
mosaiq-benchmark-v0.1-candidate-20260716,mosaiq-benchmark,0.1.0-dev,iso_paq_regression,0.1.0,ISD,clip,ISD_ZhongshanPark_ZhongshanPark5_ZP5025,ISD_ZhongshanPark_ZhongshanPark5_ZP5025,train,,0.1.0,datasets/ISD/data/clips.csv,a1a3e75c0fd0902fc1275f61acbd4328524c41c2f711fa0b631dd21295e562c5
mosaiq-benchmark-v0.1-candidate-20260716,mosaiq-benchmark,0.1.0-dev,iso_paq_regression,0.1.0,ISD,clip,ISD_ZhongshanPark_ZhongshanPark5_ZP5026,ISD_ZhongshanPark_ZhongshanPark5_ZP5026,train,,0.1.0,datasets/ISD/data/clips.csv,1699b427fd413cc4a388ea0a574a8027b91120c952cf09b445449c3e190aeeff
mosaiq-benchmark-v0.1-candidate-20260716,mosaiq-benchmark,0.1.0-dev,iso_paq_regression,0.1.0,ISD,clip,ISD_ZhongshanPark_ZhongshanPark5_ZP5027,ISD_ZhongshanPark_ZhongshanPark5_ZP5027,train,,0.1.0,datasets/ISD/data/clips.csv,684d577d860515bccedf18fc7e655ab1545fe43b8d65ee8707087592a62e85f8
mosaiq-benchmark-v0.1-candidate-20260716,mosaiq-benchmark,0.1.0-dev,iso_paq_regression,0.1.0,ISD,clip,ISD_ZhongshanPark_ZhongshanPark5_ZP5028,ISD_ZhongshanPark_ZhongshanPark5_ZP5028,train,,0.1.0,datasets/ISD/data/clips.csv,4f81583808638f7ac4128f3948e395bb7f0033b9bb80052dad3a6c03b7f7ade9
mosaiq-benchmark-v0.1-candidate-20260716,mosaiq-benchmark,0.1.0-dev,iso_paq_regression,0.1.0,ISD,clip,ISD_ZhongshanPark_ZhongshanPark5_ZP5029,ISD_ZhongshanPark_ZhongshanPark5_ZP5029,train,,0.1.0,datasets/ISD/data/clips.csv,2b7078e14c4448294d6e3a6d64182e4409534e52d87e36a6839968c0cb0eec7c
mosaiq-benchmark-v0.1-candidate-20260716,mosaiq-benchmark,0.1.0-dev,iso_paq_regression,0.1.0,ISD,clip,ISD_ZhongshanPark_ZhongshanPark5_ZP5030,ISD_ZhongshanPark_ZhongshanPark5_ZP5030,train,,0.1.0,datasets/ISD/data/clips.csv,5facb5391bb231c5ac7d03da845d79c803ce986c2209b323799f92cf9d03b02e
mosaiq-benchmark-v0.1-candidate-20260716,mosaiq-benchmark,0.1.0-dev,iso_paq_regression,0.1.0,ISD,clip,ISD_ZhongshanPark_ZhongshanPark5_ZP5031,ISD_ZhongshanPark_ZhongshanPark5_ZP5031,train,,0.1.0,datasets/ISD/data/clips.csv,ff247f0f84094993ec8f24c3d30fd4bf5df161507fa9768c903c3bfd11392550
mosaiq-benchmark-v0.1-candidate-20260716,mosaiq-benchmark,0.1.0-dev,iso_paq_regression,0.1.0,ISD,clip,ISD_ZhongshanPark_ZhongshanPark5_ZP5032,ISD_ZhongshanPark_ZhongshanPark5_ZP5032,train,,0.1.0,datasets/ISD/data/clips.csv,5ded2828d15289e346760bab9a5f898c5544147da62b17bf4504adb80223ed76
mosaiq-benchmark-v0.1-candidate-20260716,mosaiq-benchmark,0.1.0-dev,iso_paq_regression,0.1.0,ISD,clip,ISD_ZhongshanPark_ZhongshanPark5_ZP5033,ISD_ZhongshanPark_ZhongshanPark5_ZP5033,train,,0.1.0,datasets/ISD/data/clips.csv,f703c5ab1ed7e9fcf34333a7fea2a3a5811a43b27ebcdb3df88f8312a264c5f5
mosaiq-benchmark-v0.1-candidate-20260716,mosaiq-benchmark,0.1.0-dev,iso_paq_regression,0.1.0,ISD,clip,ISD_ZhongshanPark_ZhongshanPark5_ZP5034,ISD_ZhongshanPark_ZhongshanPark5_ZP5034,train,,0.1.0,datasets/ISD/data/clips.csv,97e39244b16e03f2a84062d1b97ab8d8c555d44d57b357bd267d4a52151d2016
mosaiq-benchmark-v0.1-candidate-20260716,mosaiq-benchmark,0.1.0-dev,iso_paq_regression,0.1.0,ISD,clip,ISD_ZhongshanPark_ZhongshanPark5_ZP5035,ISD_ZhongshanPark_ZhongshanPark5_ZP5035,train,,0.1.0,datasets/ISD/data/clips.csv,d9507b2a832518ab9387ab5c7eea34ba3a228aee6e6f4d16507afe77139b6a2a
mosaiq-benchmark-v0.1-candidate-20260716,mosaiq-benchmark,0.1.0-dev,iso_paq_regression,0.1.0,ISD,clip,ISD_ZhongshanPark_ZhongshanPark5_ZP5036,ISD_ZhongshanPark_ZhongshanPark5_ZP5036,train,,0.1.0,datasets/ISD/data/clips.csv,b8f955fd014144a0eab44e3934ed7b6c0b715fdb842e569689407adf7b6d5b8e
mosaiq-benchmark-v0.1-candidate-20260716,mosaiq-benchmark,0.1.0-dev,iso_paq_regression,0.1.0,ISD,clip,ISD_ZhongshanPark_ZhongshanPark5_ZP5037,ISD_ZhongshanPark_ZhongshanPark5_ZP5037,train,,0.1.0,datasets/ISD/data/clips.csv,e74bdfdc52869c29895d8a0f534a5e23eae3a433f26fced7e7c0872c8bcc47fc
mosaiq-benchmark-v0.1-candidate-20260716,mosaiq-benchmark,0.1.0-dev,iso_paq_regression,0.1.0,ISD,clip,ISD_ZhongshanPark_ZhongshanPark5_ZP5038,ISD_ZhongshanPark_ZhongshanPark5_ZP5038,train,,0.1.0,datasets/ISD/data/clips.csv,585505a3ef94b48458a11d89f707e0871533abde8575b6da969ce59fb2fae12a
mosaiq-benchmark-v0.1-candidate-20260716,mosaiq-benchmark,0.1.0-dev,iso_paq_regression,0.1.0,ISD,clip,ISD_ZhongshanPark_ZhongshanPark5_ZP5039,ISD_ZhongshanPark_ZhongshanPark5_ZP5039,train,,0.1.0,datasets/ISD/data/clips.csv,0e81821e0c3e43f19a6136e53647e8f2ec7275c754baeed6da5f827114a6029e
mosaiq-benchmark-v0.1-candidate-20260716,mosaiq-benchmark,0.1.0-dev,iso_paq_regression,0.1.0,ISD,clip,ISD_ZhongshanPark_ZhongshanPark5_ZP5040,ISD_ZhongshanPark_ZhongshanPark5_ZP5040,train,,0.1.0,datasets/ISD/data/clips.csv,86bccad135ff07991bdf838acf48d50aa1fa91a9db81c85ff72b1565640c1722
mosaiq-benchmark-v0.1-candidate-20260716,mosaiq-benchmark,0.1.0-dev,iso_paq_regression,0.1.0,ISD,clip,ISD_ZhongshanPark_ZhongshanPark5_ZP5041,ISD_ZhongshanPark_ZhongshanPark5_ZP5041,train,,0.1.0,datasets/ISD/data/clips.csv,5eb807d8d57d0ad6ddb61493392bdedb61931fae37930bafd394c10b153dc8f9
mosaiq-benchmark-v0.1-candidate-20260716,mosaiq-benchmark,0.1.0-dev,iso_paq_regression,0.1.0,ISD,clip,ISD_ZhongshanPark_ZhongshanPark5_ZP5042,ISD_ZhongshanPark_ZhongshanPark5_ZP5042,train,,0.1.0,datasets/ISD/data/clips.csv,8e701ae2157d5d0958d48fb59c8c046b3f4692ce4fb7fb7d91745b2920e22c10
mosaiq-benchmark-v0.1-candidate-20260716,mosaiq-benchmark,0.1.0-dev,iso_paq_regression,0.1.0,ISD,clip,ISD_ZhongshanPark_ZhongshanPark5_ZP5043,ISD_ZhongshanPark_ZhongshanPark5_ZP5043,train,,0.1.0,datasets/ISD/data/clips.csv,6271b09a213002915a0cb1f9163969aa6d679a86fd07b50db507363852a778af
mosaiq-benchmark-v0.1-candidate-20260716,mosaiq-benchmark,0.1.0-dev,iso_paq_regression,0.1.0,ISD,clip,ISD_ZhongshanPark_ZhongshanPark5_ZP5044,ISD_ZhongshanPark_ZhongshanPark5_ZP5044,train,,0.1.0,datasets/ISD/data/clips.csv,c4d533b46cb38352616d6ad350c8219fb833f1ada1274e8a7565900e00f85df1
mosaiq-benchmark-v0.1-candidate-20260716,mosaiq-benchmark,0.1.0-dev,iso_paq_regression,0.1.0,ISD,clip,ISD_ZhongshanPark_ZhongshanPark5_ZP5045,ISD_ZhongshanPark_ZhongshanPark5_ZP5045,train,,0.1.0,datasets/ISD/data/clips.csv,9eb86c84518037dc137e32b718c92bbc0490bef6590faa65e5ce187cd403f3e9
mosaiq-benchmark-v0.1-candidate-20260716,mosaiq-benchmark,0.1.0-dev,iso_paq_regression,0.1.0,ISD,clip,ISD_ZhongshanPark_ZhongshanPark5_ZP5046,ISD_ZhongshanPark_ZhongshanPark5_ZP5046,train,,0.1.0,datasets/ISD/data/clips.csv,28cb696fcaf4060edfe6413f077bb3b883e4c10028c59f9cab14666d3c056a94
mosaiq-benchmark-v0.1-candidate-20260716,mosaiq-benchmark,0.1.0-dev,iso_paq_regression,0.1.0,ISD,clip,ISD_ZhongshanPark_ZhongshanPark5_ZP5047,ISD_ZhongshanPark_ZhongshanPark5_ZP5047,train,,0.1.0,datasets/ISD/data/clips.csv,7ce3eb594a8581742ac4a1c49bbdc370aa4b0d9557bc15d0e48864b6fff7839d
mosaiq-benchmark-v0.1-candidate-20260716,mosaiq-benchmark,0.1.0-dev,iso_paq_regression,0.1.0,ISD,clip,ISD_ZhongshanPark_ZhongshanPark5_ZP5048,ISD_ZhongshanPark_ZhongshanPark5_ZP5048,train,,0.1.0,datasets/ISD/data/clips.csv,315c971aee7b8a07d03bab0d73828546b67218fa4602b1744e92c28e8123436c
mosaiq-benchmark-v0.1-candidate-20260716,mosaiq-benchmark,0.1.0-dev,iso_paq_regression,0.1.0,ISD,clip,ISD_ZhongshanPark_ZhongshanPark5_ZP5049,ISD_ZhongshanPark_ZhongshanPark5_ZP5049,train,,0.1.0,datasets/ISD/data/clips.csv,4960d9196920bbd57a9afaa69339f5e6ae9fa98f4df1021526491d400beddcbc
mosaiq-benchmark-v0.1-candidate-20260716,mosaiq-benchmark,0.1.0-dev,iso_paq_regression,0.1.0,ISD,clip,ISD_ZhongshanPark_ZhongshanPark5_ZP5050,ISD_ZhongshanPark_ZhongshanPark5_ZP5050,train,,0.1.0,datasets/ISD/data/clips.csv,bb9846a1c7c85561caf980fec139ce416a2456bb376cd066829f1bd6651d3f8e
mosaiq-benchmark-v0.1-candidate-20260716,mosaiq-benchmark,0.1.0-dev,iso_paq_regression,0.1.0,ISD,clip,ISD_ZhongshanPark_ZhongshanPark5_ZP5051,ISD_ZhongshanPark_ZhongshanPark5_ZP5051,train,,0.1.0,datasets/ISD/data/clips.csv,79156e5923ef5ef5118f17a7537c0c60b45f86df332eba202bb2f749477601c5
mosaiq-benchmark-v0.1-candidate-20260716,mosaiq-benchmark,0.1.0-dev,iso_paq_regression,0.1.0,ISD,clip,ISD_ZhongshanPark_ZhongshanPark5_ZP5052,ISD_ZhongshanPark_ZhongshanPark5_ZP5052,train,,0.1.0,datasets/ISD/data/clips.csv,acf4cda9159b50edfb3e68ef37827662f8c20df1fa2c7db3ad5c60af503ba800
mosaiq-benchmark-v0.1-candidate-20260716,mosaiq-benchmark,0.1.0-dev,iso_paq_regression,0.1.0,ISD,clip,ISD_ZhongshanPark_ZhongshanPark5_ZP5053,ISD_ZhongshanPark_ZhongshanPark5_ZP5053,train,,0.1.0,datasets/ISD/data/clips.csv,b4796d359197448cdc2f56933460a3842cd698146f204a51d95ce37088d05fd6
mosaiq-benchmark-v0.1-candidate-20260716,mosaiq-benchmark,0.1.0-dev,iso_paq_regression,0.1.0,ISD,clip,ISD_ZhongshanPark_ZhongshanPark5_ZP5054,ISD_ZhongshanPark_ZhongshanPark5_ZP5054,train,,0.1.0,datasets/ISD/data/clips.csv,df40e0b4dd047969259fba15a3b4cc46b40b383c3933c953139570055480647e
mosaiq-benchmark-v0.1-candidate-20260716,mosaiq-benchmark,0.1.0-dev,iso_paq_regression,0.1.0,ISD,clip,ISD_ZhongshanPark_ZhongshanPark5_ZP5055,ISD_ZhongshanPark_ZhongshanPark5_ZP5055,train,,0.1.0,datasets/ISD/data/clips.csv,ee64a57196fb9b18aa21964a9e4ae562a63c733c1136712767bc7d59f1d9b2c3
mosaiq-benchmark-v0.1-candidate-20260716,mosaiq-benchmark,0.1.0-dev,iso_paq_regression,0.1.0,ISD,clip,ISD_ZhongshanPark_ZhongshanPark5_ZP5056,ISD_ZhongshanPark_ZhongshanPark5_ZP5056,train,,0.1.0,datasets/ISD/data/clips.csv,f6f11fffd9eccf1f371b09ae4b2996c625fec84c774d24eed32c3a94641be204
mosaiq-benchmark-v0.1-candidate-20260716,mosaiq-benchmark,0.1.0-dev,iso_paq_regression,0.1.0,ISD,clip,ISD_ZhongshanPark_ZhongshanPark5_ZP5057,ISD_ZhongshanPark_ZhongshanPark5_ZP5057,train,,0.1.0,datasets/ISD/data/clips.csv,bd6fa1376862d15049c290b137b5cd102ce10371c1757d4a18723d81e4333bdb
mosaiq-benchmark-v0.1-candidate-20260716,mosaiq-benchmark,0.1.0-dev,iso_paq_regression,0.1.0,ISD,clip,ISD_ZhongshanPark_ZhongshanPark5_ZP5058,ISD_ZhongshanPark_ZhongshanPark5_ZP5058,train,,0.1.0,datasets/ISD/data/clips.csv,9db4b8b2faa8588994f65f006dd8adc3008e07d018344a399099cd86713e85a3
mosaiq-benchmark-v0.1-candidate-20260716,mosaiq-benchmark,0.1.0-dev,iso_paq_regression,0.1.0,ISD,clip,ISD_ZhongshanPark_ZhongshanPark5_ZP5059,ISD_ZhongshanPark_ZhongshanPark5_ZP5059,train,,0.1.0,datasets/ISD/data/clips.csv,ba5086324d754728c6a421dcaab10384cc0b45fc642cfe8d1c1c74bddc0b21fb
mosaiq-benchmark-v0.1-candidate-20260716,mosaiq-benchmark,0.1.0-dev,iso_paq_regression,0.1.0,ISD,clip,ISD_ZhongshanPark_ZhongshanPark5_ZP5060,ISD_ZhongshanPark_ZhongshanPark5_ZP5060,train,,0.1.0,datasets/ISD/data/clips.csv,7aed476b2cc6c7c91bd3ffa8d733e6fd8ae91a854dfeb93f9653795866db77bd
mosaiq-benchmark-v0.1-candidate-20260716,mosaiq-benchmark,0.1.0-dev,iso_paq_regression,0.1.0,ISD,clip,ISD_ZhongshanPark_ZhongshanPark5_ZP5061,ISD_ZhongshanPark_ZhongshanPark5_ZP5061,train,,0.1.0,datasets/ISD/data/clips.csv,ce5a08e44eb75002c151bbd28aa0e777d6a9747249574d8115ee8f616567de44
mosaiq-benchmark-v0.1-candidate-20260716,mosaiq-benchmark,0.1.0-dev,iso_paq_regression,0.1.0,ISD,clip,ISD_ZhongshanPark_ZhongshanPark5_ZP5062,ISD_ZhongshanPark_ZhongshanPark5_ZP5062,train,,0.1.0,datasets/ISD/data/clips.csv,f6d3e36248bb2c38c9246eeb0a73bedad8198269403b66906f79cdaa01a80901
mosaiq-benchmark-v0.1-candidate-20260716,mosaiq-benchmark,0.1.0-dev,iso_paq_regression,0.1.0,ISD,clip,ISD_ZhongshanPark_ZhongshanPark5_ZP5063,ISD_ZhongshanPark_ZhongshanPark5_ZP5063,train,,0.1.0,datasets/ISD/data/clips.csv,411e7818029f5aba3aa27e7622bbe9de55575e2c4539278f7717b5631f6942e3
mosaiq-benchmark-v0.1-candidate-20260716,mosaiq-benchmark,0.1.0-dev,iso_paq_regression,0.1.0,ISD,clip,ISD_ZhongshanPark_ZhongshanPark5_ZP5064,ISD_ZhongshanPark_ZhongshanPark5_ZP5064,train,,0.1.0,datasets/ISD/data/clips.csv,879753223fd356c913daede0f5263a917e8b66d359f107a6519e185fa440de5a
mosaiq-benchmark-v0.1-candidate-20260716,mosaiq-benchmark,0.1.0-dev,iso_paq_regression,0.1.0,ISD,clip,ISD_ZhongshanPark_ZhongshanPark5_ZP5065,ISD_ZhongshanPark_ZhongshanPark5_ZP5065,train,,0.1.0,datasets/ISD/data/clips.csv,1c0c7f069515c12fa3c769e577bb0cb92e2f8a5c2394743c3e5bead61c9f6688
mosaiq-benchmark-v0.1-candidate-20260716,mosaiq-benchmark,0.1.0-dev,iso_paq_regression,0.1.0,ISD,clip,ISD_ZhongshanPark_ZhongshanPark5_ZP5066,ISD_ZhongshanPark_ZhongshanPark5_ZP5066,train,,0.1.0,datasets/ISD/data/clips.csv,eb49410f6cc9283cf9ea56284db75918d934344e83a2b9265d7102031f8a39e3
mosaiq-benchmark-v0.1-candidate-20260716,mosaiq-benchmark,0.1.0-dev,iso_paq_regression,0.1.0,ISD,clip,ISD_ZhongshanPark_ZhongshanPark5_ZP5067,ISD_ZhongshanPark_ZhongshanPark5_ZP5067,train,,0.1.0,datasets/ISD/data/clips.csv,00d604184834b5aa10be56aed6e3d88962c75db7a69cfdcb76801da46225442b
mosaiq-benchmark-v0.1-candidate-20260716,mosaiq-benchmark,0.1.0-dev,iso_paq_regression,0.1.0,ISD,clip,ISD_ZhongshanPark_ZhongshanPark5_ZP5068,ISD_ZhongshanPark_ZhongshanPark5_ZP5068,train,,0.1.0,datasets/ISD/data/clips.csv,c1b011a75fa3c7a50c0fb79a3b33b571f8b468c30b5ea940d557260e30eb44d8
mosaiq-benchmark-v0.1-candidate-20260716,mosaiq-benchmark,0.1.0-dev,iso_paq_regression,0.1.0,ISD,clip,ISD_ZhongshanPark_ZhongshanPark5_ZP5069,ISD_ZhongshanPark_ZhongshanPark5_ZP5069,train,,0.1.0,datasets/ISD/data/clips.csv,af3fbeb0cfe501f692f8a55af17276f9fde5b7c764713cb55af2acc7b68e9019
mosaiq-benchmark-v0.1-candidate-20260716,mosaiq-benchmark,0.1.0-dev,iso_paq_regression,0.1.0,ISD,clip,ISD_ZhongshanPark_ZhongshanPark5_ZP5070,ISD_ZhongshanPark_ZhongshanPark5_ZP5070,train,,0.1.0,datasets/ISD/data/clips.csv,43de11f878d03a8c9715479286b4cdb18b9ae8eae39370bbc4362bf8936dcbd0
mosaiq-benchmark-v0.1-candidate-20260716,mosaiq-benchmark,0.1.0-dev,iso_paq_regression,0.1.0,ISD,clip,ISD_ZhongshanPark_ZhongshanPark5_ZP5071,ISD_ZhongshanPark_ZhongshanPark5_ZP5071,train,,0.1.0,datasets/ISD/data/clips.csv,abcfb4c3fc570a993bc94d45887990cf85d1145bc819340d1e2ceeb7b18aa366
mosaiq-benchmark-v0.1-candidate-20260716,mosaiq-benchmark,0.1.0-dev,iso_paq_regression,0.1.0,ISD,clip,ISD_ZhongshanPark_ZhongshanPark5_ZP5072,ISD_ZhongshanPark_ZhongshanPark5_ZP5072,train,,0.1.0,datasets/ISD/data/clips.csv,7ed21c36abd7b4a0fe3a5ce69e67a54cbe9d050d4b156048f6fc12de2589ac69
mosaiq-benchmark-v0.1-candidate-20260716,mosaiq-benchmark,0.1.0-dev,iso_paq_regression,0.1.0,ISD,clip,ISD_ZhongshanPark_ZhongshanPark5_ZP5073,ISD_ZhongshanPark_ZhongshanPark5_ZP5073,train,,0.1.0,datasets/ISD/data/clips.csv,c62eae8ff9fa454f879aa9e5e745f22fad69548086c4552077fd621128d3b0f6
mosaiq-benchmark-v0.1-candidate-20260716,mosaiq-benchmark,0.1.0-dev,iso_paq_regression,0.1.0,ISD,clip,ISD_ZhongshanPark_ZhongshanPark5_ZP5074,ISD_ZhongshanPark_ZhongshanPark5_ZP5074,train,,0.1.0,datasets/ISD/data/clips.csv,7a3d4b6bb8ae023e3f2e3fcb01ed4923ec365eb8c6e4d31aef6e7c0642f2c9ff
mosaiq-benchmark-v0.1-candidate-20260716,mosaiq-benchmark,0.1.0-dev,iso_paq_regression,0.1.0,ISD,clip,ISD_ZhongshanPark_ZhongshanPark5_ZP5075,ISD_ZhongshanPark_ZhongshanPark5_ZP5075,train,,0.1.0,datasets/ISD/data/clips.csv,a828e64c1c5290d90f0d965380a4b5f107f7b89640bb0a6dd3a7effdff83b141
mosaiq-benchmark-v0.1-candidate-20260716,mosaiq-benchmark,0.1.0-dev,iso_paq_regression,0.1.0,ISD,clip,ISD_ZhongshanPark_ZhongshanPark5_ZP5076,ISD_ZhongshanPark_ZhongshanPark5_ZP5076,train,,0.1.0,datasets/ISD/data/clips.csv,1996336270ebd15ade25b169615f9d2588ba43f93e226c99bad4d50f26301b6c
mosaiq-benchmark-v0.1-candidate-20260716,mosaiq-benchmark,0.1.0-dev,iso_paq_regression,0.1.0,ISD,clip,ISD_ZhongshanPark_ZhongshanPark5_ZP5077,ISD_ZhongshanPark_ZhongshanPark5_ZP5077,train,,0.1.0,datasets/ISD/data/clips.csv,5b72f521119434df17e8d76b154d31fcb7b4a185fe4bc51b4dcdb9b50ddb75bf
mosaiq-benchmark-v0.1-candidate-20260716,mosaiq-benchmark,0.1.0-dev,iso_paq_regression,0.1.0,ISD,clip,ISD_ZhongshanPark_ZhongshanPark5_ZP5078,ISD_ZhongshanPark_ZhongshanPark5_ZP5078,train,,0.1.0,datasets/ISD/data/clips.csv,f0042655a9aebc2c70dfda92a1a2039b55c70ec9844f3eeac1f08bf994594df2
mosaiq-benchmark-v0.1-candidate-20260716,mosaiq-benchmark,0.1.0-dev,iso_paq_regression,0.1.0,ISD,clip,ISD_ZhongshanPark_ZhongshanPark5_ZP5079,ISD_ZhongshanPark_ZhongshanPark5_ZP5079,train,,0.1.0,datasets/ISD/data/clips.csv,b9b1043137d09b136c7ca297d973d8e6eafcc53c8742dc3d39fdf81259443b90
mosaiq-benchmark-v0.1-candidate-20260716,mosaiq-benchmark,0.1.0-dev,iso_paq_regression,0.1.0,ISD,clip,ISD_ZhongshanPark_ZhongshanPark5_ZP5080,ISD_ZhongshanPark_ZhongshanPark5_ZP5080,train,,0.1.0,datasets/ISD/data/clips.csv,6c8ef93cea89a2d76a1ff7518a10a4fed55da452bdb929a8ef1b5347edf61ecf
mosaiq-benchmark-v0.1-candidate-20260716,mosaiq-benchmark,0.1.0-dev,iso_paq_regression,0.1.0,ISD,clip,ISD_ZhongshanPark_ZhongshanPark5_ZP5081,ISD_ZhongshanPark_ZhongshanPark5_ZP5081,train,,0.1.0,datasets/ISD/data/clips.csv,a5cbcb69a78dbb2fd1affe517786eb8286fcd94d8004471e0cd38fea3e7b776c
mosaiq-benchmark-v0.1-candidate-20260716,mosaiq-benchmark,0.1.0-dev,iso_paq_regression,0.1.0,ISD,clip,ISD_ZhongshanPark_ZhongshanPark5_ZP5082,ISD_ZhongshanPark_ZhongshanPark5_ZP5082,train,,0.1.0,datasets/ISD/data/clips.csv,290dfda3dd929e487361164001a903d01a425e8718d9e9f73de37eb2c5286483
mosaiq-benchmark-v0.1-candidate-20260716,mosaiq-benchmark,0.1.0-dev,iso_paq_regression,0.1.0,ISD,clip,ISD_ZhongshanPark_ZhongshanPark5_ZP5083,ISD_ZhongshanPark_ZhongshanPark5_ZP5083,train,,0.1.0,datasets/ISD/data/clips.csv,cbb90deb1a760ec29a68770e386a1795cb4410ab0b700041dc1140715d47dce9
mosaiq-benchmark-v0.1-candidate-20260716,mosaiq-benchmark,0.1.0-dev,iso_paq_regression,0.1.0,ISD,clip,ISD_ZhongshanPark_ZhongshanPark5_ZP5084,ISD_ZhongshanPark_ZhongshanPark5_ZP5084,train,,0.1.0,datasets/ISD/data/clips.csv,ed6481a5997db1b85aaa9adebac23fdfa549124b9eb355833c6a531a4767f42e
mosaiq-benchmark-v0.1-candidate-20260716,mosaiq-benchmark,0.1.0-dev,iso_paq_regression,0.1.0,ISD,clip,ISD_ZhongshanPark_ZhongshanPark5_ZP5085,ISD_ZhongshanPark_ZhongshanPark5_ZP5085,train,,0.1.0,datasets/ISD/data/clips.csv,d2a4e559b7cefcf04b9b454bc996f7072a6d075348d30d411c39ee4b35f4b85b
mosaiq-benchmark-v0.1-candidate-20260716,mosaiq-benchmark,0.1.0-dev,iso_paq_regression,0.1.0,ISD,clip,ISD_ZhongshanPark_ZhongshanPark5_ZP5086,ISD_ZhongshanPark_ZhongshanPark5_ZP5086,train,,0.1.0,datasets/ISD/data/clips.csv,a978f40f98cc5a39ae39fe2874aee81adddef12baa0e7fd383bcb115bb50bc56
mosaiq-benchmark-v0.1-candidate-20260716,mosaiq-benchmark,0.1.0-dev,iso_paq_regression,0.1.0,ISD,clip,ISD_ZhongshanPark_ZhongshanPark5_ZP5087,ISD_ZhongshanPark_ZhongshanPark5_ZP5087,train,,0.1.0,datasets/ISD/data/clips.csv,8e0be0629c0c4ff209b345826f421a93a74e8f767c25bf97067c5f4b95398288
mosaiq-benchmark-v0.1-candidate-20260716,mosaiq-benchmark,0.1.0-dev,iso_paq_regression,0.1.0,ISD,clip,ISD_ZhongshanPark_ZhongshanPark5_ZP5088,ISD_ZhongshanPark_ZhongshanPark5_ZP5088,train,,0.1.0,datasets/ISD/data/clips.csv,f73ca13352b4db1939605bdb30b6edbca457bcd7617cfa08a3adca1cf7ee83ef
mosaiq-benchmark-v0.1-candidate-20260716,mosaiq-benchmark,0.1.0-dev,iso_paq_regression,0.1.0,ISD,clip,ISD_ZhongshanPark_ZhongshanPark5_ZP5089,ISD_ZhongshanPark_ZhongshanPark5_ZP5089,train,,0.1.0,datasets/ISD/data/clips.csv,28eef606cfefca08df4fb7756c8c5f0fdc1ebbb1c51e6b5e935bf5fecba65065
mosaiq-benchmark-v0.1-candidate-20260716,mosaiq-benchmark,0.1.0-dev,iso_paq_regression,0.1.0,ISD,clip,ISD_ZhongshanPark_ZhongshanPark5_ZP5090,ISD_ZhongshanPark_ZhongshanPark5_ZP5090,train,,0.1.0,datasets/ISD/data/clips.csv,c994b872ac4d44f0002d6a371c39646330b5abc85cca8fc3a4ab5db8d8a0207c
mosaiq-benchmark-v0.1-candidate-20260716,mosaiq-benchmark,0.1.0-dev,iso_paq_regression,0.1.0,ISD,clip,ISD_ZhongshanPark_ZhongshanPark5_ZP5091,ISD_ZhongshanPark_ZhongshanPark5_ZP5091,train,,0.1.0,datasets/ISD/data/clips.csv,5ac69666645051630ac6b5bd32952020cad91752b5fd3cddabdea14e089fb359
mosaiq-benchmark-v0.1-candidate-20260716,mosaiq-benchmark,0.1.0-dev,iso_paq_regression,0.1.0,ISD,clip,ISD_ZhongshanPark_ZhongshanPark5_ZP5092,ISD_ZhongshanPark_ZhongshanPark5_ZP5092,train,,0.1.0,datasets/ISD/data/clips.csv,105860f3d60f7a314cf6f9387ac9e231cd84485fd9e3d335551dc70eeb7deed9
mosaiq-benchmark-v0.1-candidate-20260716,mosaiq-benchmark,0.1.0-dev,iso_paq_regression,0.1.0,ISD,clip,ISD_ZhongshanPark_ZhongshanPark5_ZP5093,ISD_ZhongshanPark_ZhongshanPark5_ZP5093,train,,0.1.0,datasets/ISD/data/clips.csv,cf7f37f8c590dc90016990b426d88858e8ded92d74482ece5658138eb1b0cf0d
mosaiq-benchmark-v0.1-candidate-20260716,mosaiq-benchmark,0.1.0-dev,iso_paq_regression,0.1.0,ISD,clip,ISD_ZhongshanPark_ZhongshanPark5_ZP5094,ISD_ZhongshanPark_ZhongshanPark5_ZP5094,train,,0.1.0,datasets/ISD/data/clips.csv,d4299c0268f44783af4806b79b32a0c88637866b9ce8f6f6568ecbf875b19ea2
mosaiq-benchmark-v0.1-candidate-20260716,mosaiq-benchmark,0.1.0-dev,iso_paq_regression,0.1.0,ISD,clip,ISD_ZhongshanPark_ZhongshanPark5_ZP5095,ISD_ZhongshanPark_ZhongshanPark5_ZP5095,train,,0.1.0,datasets/ISD/data/clips.csv,3127f33fb5fc3c5633a9ecf38065ff51a13ac1af0afd9fd8552f94642912c8be
mosaiq-benchmark-v0.1-candidate-20260716,mosaiq-benchmark,0.1.0-dev,iso_paq_regression,0.1.0,ISD,clip,ISD_ZhongshanPark_ZhongshanPark5_ZP5096,ISD_ZhongshanPark_ZhongshanPark5_ZP5096,train,,0.1.0,datasets/ISD/data/clips.csv,b8ef360147615343becd296b7d4902cdd053f5aa72daae119c2b504d07ed4a55
mosaiq-benchmark-v0.1-candidate-20260716,mosaiq-benchmark,0.1.0-dev,iso_paq_regression,0.1.0,ISD,clip,ISD_ZhongshanPark_ZhongshanPark5_ZP5097,ISD_ZhongshanPark_ZhongshanPark5_ZP5097,train,,0.1.0,datasets/ISD/data/clips.csv,fcc0b0ce5978d1c3050f728710e7e55d8e2ca15e56bec5b7d83597babad20290
mosaiq-benchmark-v0.1-candidate-20260716,mosaiq-benchmark,0.1.0-dev,iso_paq_regression,0.1.0,ISD,clip,ISD_ZhongshanPark_ZhongshanPark5_ZP5098,ISD_ZhongshanPark_ZhongshanPark5_ZP5098,train,,0.1.0,datasets/ISD/data/clips.csv,d4126b3323afb22251e75471ed77a678e8236dbbe74f29e07b68541101f34f12
mosaiq-benchmark-v0.1-candidate-20260716,mosaiq-benchmark,0.1.0-dev,iso_paq_regression,0.1.0,ISD,clip,ISD_ZhongshanPark_ZhongshanPark6_ZP6001,ISD_ZhongshanPark_ZhongshanPark6_ZP6001,train,,0.1.0,datasets/ISD/data/clips.csv,0224ed8e8a6e27fe543ea679117825febd8b420de50fbfc2d5206246ec551258
mosaiq-benchmark-v0.1-candidate-20260716,mosaiq-benchmark,0.1.0-dev,iso_paq_regression,0.1.0,ISD,clip,ISD_ZhongshanPark_ZhongshanPark6_ZP6002,ISD_ZhongshanPark_ZhongshanPark6_ZP6002,train,,0.1.0,datasets/ISD/data/clips.csv,316e2925aa990fadb2ddfc0c067ba4a0ce114b0d2a11c6ba2b31240a283bf475
mosaiq-benchmark-v0.1-candidate-20260716,mosaiq-benchmark,0.1.0-dev,iso_paq_regression,0.1.0,ISD,clip,ISD_ZhongshanPark_ZhongshanPark6_ZP6003,ISD_ZhongshanPark_ZhongshanPark6_ZP6003,train,,0.1.0,datasets/ISD/data/clips.csv,b9a19d235db9f54a16496a4e09c15497b43bcd45a6ee44bf90215a209b1c7b29
mosaiq-benchmark-v0.1-candidate-20260716,mosaiq-benchmark,0.1.0-dev,iso_paq_regression,0.1.0,ISD,clip,ISD_ZhongshanPark_ZhongshanPark6_ZP6004,ISD_ZhongshanPark_ZhongshanPark6_ZP6004,train,,0.1.0,datasets/ISD/data/clips.csv,3ce9830cf25aea0ba87b629e51fc869b1356d8662b1af83fbb209c5570833757
mosaiq-benchmark-v0.1-candidate-20260716,mosaiq-benchmark,0.1.0-dev,iso_paq_regression,0.1.0,ISD,clip,ISD_ZhongshanPark_ZhongshanPark6_ZP6005,ISD_ZhongshanPark_ZhongshanPark6_ZP6005,train,,0.1.0,datasets/ISD/data/clips.csv,8ed86c3e7b78a6d0e6492a56525df3b789e19a67b73ed50f93908ba73f513c20
mosaiq-benchmark-v0.1-candidate-20260716,mosaiq-benchmark,0.1.0-dev,iso_paq_regression,0.1.0,ISD,clip,ISD_ZhongshanPark_ZhongshanPark6_ZP6006,ISD_ZhongshanPark_ZhongshanPark6_ZP6006,train,,0.1.0,datasets/ISD/data/clips.csv,eb128ed0a9cea2df5aadd0a638ef53d7cccfb9e6b9c0496e28982f99c3e46d9c
mosaiq-benchmark-v0.1-candidate-20260716,mosaiq-benchmark,0.1.0-dev,iso_paq_regression,0.1.0,ISD,clip,ISD_ZhongshanPark_ZhongshanPark6_ZP6007,ISD_ZhongshanPark_ZhongshanPark6_ZP6007,train,,0.1.0,datasets/ISD/data/clips.csv,fd95438549318ac537bc24fc6f1eeaf74a3a1d4c94540478324fbb41496658fb
mosaiq-benchmark-v0.1-candidate-20260716,mosaiq-benchmark,0.1.0-dev,iso_paq_regression,0.1.0,ISD,clip,ISD_ZhongshanPark_ZhongshanPark6_ZP6008,ISD_ZhongshanPark_ZhongshanPark6_ZP6008,train,,0.1.0,datasets/ISD/data/clips.csv,0546c990edef930ac88f4c6dd349989e9ee5a20395e82bae9a4f550e8486daef
mosaiq-benchmark-v0.1-candidate-20260716,mosaiq-benchmark,0.1.0-dev,iso_paq_regression,0.1.0,ISD,clip,ISD_ZhongshanPark_ZhongshanPark6_ZP6009,ISD_ZhongshanPark_ZhongshanPark6_ZP6009,train,,0.1.0,datasets/ISD/data/clips.csv,c032708d2273665412b3adf0d9d69dda2bea8365a4a3d6bafe861ae72345bc18
mosaiq-benchmark-v0.1-candidate-20260716,mosaiq-benchmark,0.1.0-dev,iso_paq_regression,0.1.0,ISD,clip,ISD_ZhongshanPark_ZhongshanPark6_ZP6010,ISD_ZhongshanPark_ZhongshanPark6_ZP6010,train,,0.1.0,datasets/ISD/data/clips.csv,487ee415751ac3a71acffbf051798fbec1da7467e512be0be7e9ecdc132d3236
mosaiq-benchmark-v0.1-candidate-20260716,mosaiq-benchmark,0.1.0-dev,iso_paq_regression,0.1.0,ISD,clip,ISD_ZhongshanPark_ZhongshanPark6_ZP6011,ISD_ZhongshanPark_ZhongshanPark6_ZP6011,train,,0.1.0,datasets/ISD/data/clips.csv,18cabc93c3ef057f3e0399c2ab70c839e8a001c4cd2d644d04c0d250af775d55
mosaiq-benchmark-v0.1-candidate-20260716,mosaiq-benchmark,0.1.0-dev,iso_paq_regression,0.1.0,ISD,clip,ISD_ZhongshanPark_ZhongshanPark6_ZP6012,ISD_ZhongshanPark_ZhongshanPark6_ZP6012,train,,0.1.0,datasets/ISD/data/clips.csv,c7c0b48bb305b2326b53ed573e8416ec25e06ddc7d5edd3114bccd797b87aabd
mosaiq-benchmark-v0.1-candidate-20260716,mosaiq-benchmark,0.1.0-dev,iso_paq_regression,0.1.0,ISD,clip,ISD_ZhongshanPark_ZhongshanPark6_ZP6013,ISD_ZhongshanPark_ZhongshanPark6_ZP6013,train,,0.1.0,datasets/ISD/data/clips.csv,794275a77c2587c4133060efc9beaa3a56e24d6c7cb342c27fd50a21b2b5868b
mosaiq-benchmark-v0.1-candidate-20260716,mosaiq-benchmark,0.1.0-dev,iso_paq_regression,0.1.0,ISD,clip,ISD_ZhongshanPark_ZhongshanPark6_ZP6014,ISD_ZhongshanPark_ZhongshanPark6_ZP6014,train,,0.1.0,datasets/ISD/data/clips.csv,e113555380687d353bf9ccebf1d00e73f15f7ab508a36f7069b4e5d6a2b00263
mosaiq-benchmark-v0.1-candidate-20260716,mosaiq-benchmark,0.1.0-dev,iso_paq_regression,0.1.0,ISD,clip,ISD_ZhongshanPark_ZhongshanPark6_ZP6015,ISD_ZhongshanPark_ZhongshanPark6_ZP6015,train,,0.1.0,datasets/ISD/data/clips.csv,63d132f2079e0bf7a96423822d6bf4983d7f4de3a1acf873260fa2b25e5f841c
mosaiq-benchmark-v0.1-candidate-20260716,mosaiq-benchmark,0.1.0-dev,iso_paq_regression,0.1.0,ISD,clip,ISD_ZhongshanPark_ZhongshanPark6_ZP6016,ISD_ZhongshanPark_ZhongshanPark6_ZP6016,train,,0.1.0,datasets/ISD/data/clips.csv,1038c508f5ce13c8edc4a5495380b320b0999f90fb1c3b18fe724b4646580780
mosaiq-benchmark-v0.1-candidate-20260716,mosaiq-benchmark,0.1.0-dev,iso_paq_regression,0.1.0,ISD,clip,ISD_ZhongshanPark_ZhongshanPark6_ZP6017,ISD_ZhongshanPark_ZhongshanPark6_ZP6017,train,,0.1.0,datasets/ISD/data/clips.csv,a01c1ec643463adb498de81f630c0e837d846b3641c9f88a0015c9633652164f
mosaiq-benchmark-v0.1-candidate-20260716,mosaiq-benchmark,0.1.0-dev,iso_paq_regression,0.1.0,ISD,clip,ISD_ZhongshanPark_ZhongshanPark6_ZP6018,ISD_ZhongshanPark_ZhongshanPark6_ZP6018,train,,0.1.0,datasets/ISD/data/clips.csv,d99cc82052d57b92fe178923ae7ab782d91b153f488d6f68f71bb155c5aba68c
mosaiq-benchmark-v0.1-candidate-20260716,mosaiq-benchmark,0.1.0-dev,iso_paq_regression,0.1.0,ISD,clip,ISD_ZhongshanPark_ZhongshanPark6_ZP6019,ISD_ZhongshanPark_ZhongshanPark6_ZP6019,train,,0.1.0,datasets/ISD/data/clips.csv,21beee5ec5af742591dfd020e7b59ca24e74d80130909f14c8eb9fb3f014c47a
mosaiq-benchmark-v0.1-candidate-20260716,mosaiq-benchmark,0.1.0-dev,iso_paq_regression,0.1.0,ISD,clip,ISD_ZhongshanPark_ZhongshanPark6_ZP6020,ISD_ZhongshanPark_ZhongshanPark6_ZP6020,train,,0.1.0,datasets/ISD/data/clips.csv,c1a6d52bf76c386ba45a33c7b6cdd13ff88a02b64310e58e83f15a73214a943d
mosaiq-benchmark-v0.1-candidate-20260716,mosaiq-benchmark,0.1.0-dev,iso_paq_regression,0.1.0,ISD,clip,ISD_ZhongshanPark_ZhongshanPark6_ZP6021,ISD_ZhongshanPark_ZhongshanPark6_ZP6021,train,,0.1.0,datasets/ISD/data/clips.csv,b1bb5e2a490a2d667be20aa53684a2d0ac68bb43920887f6888cfe56cbe658a3
mosaiq-benchmark-v0.1-candidate-20260716,mosaiq-benchmark,0.1.0-dev,iso_paq_regression,0.1.0,ISD,clip,ISD_ZhongshanPark_ZhongshanPark6_ZP6022,ISD_ZhongshanPark_ZhongshanPark6_ZP6022,train,,0.1.0,datasets/ISD/data/clips.csv,7e84cb054be1867c3c44df340a53274787bf1388327fef421e706a3cfb0e7bcb
mosaiq-benchmark-v0.1-candidate-20260716,mosaiq-benchmark,0.1.0-dev,iso_paq_regression,0.1.0,ISD,clip,ISD_ZhongshanPark_ZhongshanPark6_ZP6023,ISD_ZhongshanPark_ZhongshanPark6_ZP6023,train,,0.1.0,datasets/ISD/data/clips.csv,3724c34e1d073203cbdf60b6702d0d3a0b05124ae3911abf944acb87cbc732f9
mosaiq-benchmark-v0.1-candidate-20260716,mosaiq-benchmark,0.1.0-dev,iso_paq_regression,0.1.0,ISD,clip,ISD_ZhongshanPark_ZhongshanPark6_ZP6024,ISD_ZhongshanPark_ZhongshanPark6_ZP6024,train,,0.1.0,datasets/ISD/data/clips.csv,6ea297515faa9de6e690b9728d08dc50b5ce08c3d87ea7b65d769ddaa4ba0099
mosaiq-benchmark-v0.1-candidate-20260716,mosaiq-benchmark,0.1.0-dev,iso_paq_regression,0.1.0,ISD,clip,ISD_ZhongshanPark_ZhongshanPark6_ZP6025,ISD_ZhongshanPark_ZhongshanPark6_ZP6025,train,,0.1.0,datasets/ISD/data/clips.csv,b47cae2c5e30ff9775cdf727189374d6a36116875ebf79565a9080c4ed57b7b9
mosaiq-benchmark-v0.1-candidate-20260716,mosaiq-benchmark,0.1.0-dev,iso_paq_regression,0.1.0,ISD,clip,ISD_ZhongshanPark_ZhongshanPark6_ZP6026,ISD_ZhongshanPark_ZhongshanPark6_ZP6026,train,,0.1.0,datasets/ISD/data/clips.csv,9475ea4149e7b0cd6293367404945944db80cd1738cb720d0e4f600c76323a30
mosaiq-benchmark-v0.1-candidate-20260716,mosaiq-benchmark,0.1.0-dev,iso_paq_regression,0.1.0,ISD,clip,ISD_ZhongshanPark_ZhongshanPark6_ZP6027,ISD_ZhongshanPark_ZhongshanPark6_ZP6027,train,,0.1.0,datasets/ISD/data/clips.csv,3371dc445b5b7a20551452eddd47c92b4d9b6d181919706c7952919a048d4c62
mosaiq-benchmark-v0.1-candidate-20260716,mosaiq-benchmark,0.1.0-dev,iso_paq_regression,0.1.0,ISD,clip,ISD_ZhongshanPark_ZhongshanPark6_ZP6028,ISD_ZhongshanPark_ZhongshanPark6_ZP6028,train,,0.1.0,datasets/ISD/data/clips.csv,2739263fa526044e4c875cfc657da15e20017edf3e5482f8d38f444e5240c1fd
mosaiq-benchmark-v0.1-candidate-20260716,mosaiq-benchmark,0.1.0-dev,iso_paq_regression,0.1.0,ISD,clip,ISD_ZhongshanPark_ZhongshanPark6_ZP6029,ISD_ZhongshanPark_ZhongshanPark6_ZP6029,train,,0.1.0,datasets/ISD/data/clips.csv,eeadd18de3f40f503ee6ed93eae20b2ca5005dffbcce2cb489d23a876f43043a
mosaiq-benchmark-v0.1-candidate-20260716,mosaiq-benchmark,0.1.0-dev,iso_paq_regression,0.1.0,ISD,clip,ISD_ZhongshanPark_ZhongshanPark6_ZP6030,ISD_ZhongshanPark_ZhongshanPark6_ZP6030,train,,0.1.0,datasets/ISD/data/clips.csv,3d44d4fbb090c2e6f51d7a90e5b84a83927ee99f0e5a5d7734ef9c155d2d9d48
mosaiq-benchmark-v0.1-candidate-20260716,mosaiq-benchmark,0.1.0-dev,iso_paq_regression,0.1.0,ISD,clip,ISD_ZhongshanPark_ZhongshanPark6_ZP6031,ISD_ZhongshanPark_ZhongshanPark6_ZP6031,train,,0.1.0,datasets/ISD/data/clips.csv,f7add73e5e8bf24af1eb7dbebb2afab4ab63de8a14cf9daebc424ed79a5d5542
mosaiq-benchmark-v0.1-candidate-20260716,mosaiq-benchmark,0.1.0-dev,iso_paq_regression,0.1.0,ISD,clip,ISD_ZhongshanPark_ZhongshanPark6_ZP6032,ISD_ZhongshanPark_ZhongshanPark6_ZP6032,train,,0.1.0,datasets/ISD/data/clips.csv,a2419bf06383e8b50e8aa82a92f856aad87f338203c85c670ed6f552c461c70c
mosaiq-benchmark-v0.1-candidate-20260716,mosaiq-benchmark,0.1.0-dev,iso_paq_regression,0.1.0,ISD,clip,ISD_ZhongshanPark_ZhongshanPark6_ZP6033,ISD_ZhongshanPark_ZhongshanPark6_ZP6033,train,,0.1.0,datasets/ISD/data/clips.csv,a87648fec113ab75f1b574fc5d408a53996f896a8310eacb4890cb2ba5dfc7c8
mosaiq-benchmark-v0.1-candidate-20260716,mosaiq-benchmark,0.1.0-dev,iso_paq_regression,0.1.0,ISD,clip,ISD_ZhongshanPark_ZhongshanPark6_ZP6034,ISD_ZhongshanPark_ZhongshanPark6_ZP6034,train,,0.1.0,datasets/ISD/data/clips.csv,2808054376dd803091b21473f05cbce7ce0a5d421444ac074eefc67323cdab08
mosaiq-benchmark-v0.1-candidate-20260716,mosaiq-benchmark,0.1.0-dev,iso_paq_regression,0.1.0,ISD,clip,ISD_ZhongshanPark_ZhongshanPark6_ZP6035,ISD_ZhongshanPark_ZhongshanPark6_ZP6035,train,,0.1.0,datasets/ISD/data/clips.csv,169bca1b3023c23132e0d4f51c13a0d2f6b9109bed3411877af0ba8c77ee6ba0
mosaiq-benchmark-v0.1-candidate-20260716,mosaiq-benchmark,0.1.0-dev,iso_paq_regression,0.1.0,ISD,clip,ISD_ZhongshanPark_ZhongshanPark6_ZP6036,ISD_ZhongshanPark_ZhongshanPark6_ZP6036,train,,0.1.0,datasets/ISD/data/clips.csv,8dde9be1faeb3a6451c6cc3f3a5f1082cb3276549c842cfdecdc8be657541750
mosaiq-benchmark-v0.1-candidate-20260716,mosaiq-benchmark,0.1.0-dev,iso_paq_regression,0.1.0,ISD,clip,ISD_ZhongshanPark_ZhongshanPark6_ZP6037,ISD_ZhongshanPark_ZhongshanPark6_ZP6037,train,,0.1.0,datasets/ISD/data/clips.csv,88516a5856000db2ac04e4815983d164ed818fdbf41d57f995fc3ead1d92d299
mosaiq-benchmark-v0.1-candidate-20260716,mosaiq-benchmark,0.1.0-dev,iso_paq_regression,0.1.0,ISD,clip,ISD_ZhongshanPark_ZhongshanPark6_ZP6038,ISD_ZhongshanPark_ZhongshanPark6_ZP6038,train,,0.1.0,datasets/ISD/data/clips.csv,402e659a8ad700493a619561235a41327de9f7b2d67fef3bde94d24131bee08a
mosaiq-benchmark-v0.1-candidate-20260716,mosaiq-benchmark,0.1.0-dev,iso_paq_regression,0.1.0,ISD,clip,ISD_ZhongshanPark_ZhongshanPark6_ZP6039,ISD_ZhongshanPark_ZhongshanPark6_ZP6039,train,,0.1.0,datasets/ISD/data/clips.csv,698f278331e9c89362bdcce039a478321f13e278e14bb01f60213b5876302fa4
mosaiq-benchmark-v0.1-candidate-20260716,mosaiq-benchmark,0.1.0-dev,iso_paq_regression,0.1.0,ISD,clip,ISD_ZhongshanPark_ZhongshanPark6_ZP6040,ISD_ZhongshanPark_ZhongshanPark6_ZP6040,train,,0.1.0,datasets/ISD/data/clips.csv,b0ba56a20e16d655d9093ed419fbfe44d6540b2cb8e451850a8c00062daf3774
mosaiq-benchmark-v0.1-candidate-20260716,mosaiq-benchmark,0.1.0-dev,iso_paq_regression,0.1.0,ISD,clip,ISD_ZhongshanPark_ZhongshanPark6_ZP6041,ISD_ZhongshanPark_ZhongshanPark6_ZP6041,train,,0.1.0,datasets/ISD/data/clips.csv,efe6a8202ff4a1b884c98bea68a78b78cd56ef1fa5875239fb1af39192de89c7
mosaiq-benchmark-v0.1-candidate-20260716,mosaiq-benchmark,0.1.0-dev,iso_paq_regression,0.1.0,ISD,clip,ISD_ZhongshanPark_ZhongshanPark6_ZP6042,ISD_ZhongshanPark_ZhongshanPark6_ZP6042,train,,0.1.0,datasets/ISD/data/clips.csv,c18a24d5b2382d2e28aab4d05770b0a0948d303d618d1a0b021485eb5934445a
mosaiq-benchmark-v0.1-candidate-20260716,mosaiq-benchmark,0.1.0-dev,iso_paq_regression,0.1.0,ISD,clip,ISD_ZhongshanPark_ZhongshanPark6_ZP6043,ISD_ZhongshanPark_ZhongshanPark6_ZP6043,train,,0.1.0,datasets/ISD/data/clips.csv,89530be19e692f4b72b965aafa3148c41f703b99e8bc01b6ef21c0475cb721eb
mosaiq-benchmark-v0.1-candidate-20260716,mosaiq-benchmark,0.1.0-dev,iso_paq_regression,0.1.0,ISD,clip,ISD_ZhongshanPark_ZhongshanPark6_ZP6044,ISD_ZhongshanPark_ZhongshanPark6_ZP6044,train,,0.1.0,datasets/ISD/data/clips.csv,383565629f3a1f85c304d1907c63da0720a59719a16bbe77d4bd458bf2fb6e5f
mosaiq-benchmark-v0.1-candidate-20260716,mosaiq-benchmark,0.1.0-dev,iso_paq_regression,0.1.0,ISD,clip,ISD_ZhongshanPark_ZhongshanPark6_ZP6045,ISD_ZhongshanPark_ZhongshanPark6_ZP6045,train,,0.1.0,datasets/ISD/data/clips.csv,1592f1106fbbe6a41aad6f0a8305cd8ce2782ac9bd6309f803a86fb33cbc0f67
mosaiq-benchmark-v0.1-candidate-20260716,mosaiq-benchmark,0.1.0-dev,iso_paq_regression,0.1.0,ISD,clip,ISD_ZhongshanPark_ZhongshanPark6_ZP6046,ISD_ZhongshanPark_ZhongshanPark6_ZP6046,train,,0.1.0,datasets/ISD/data/clips.csv,5cb39acac46667ece932d0574391a6e5af7b3028a96bbde47512aae2156393db
mosaiq-benchmark-v0.1-candidate-20260716,mosaiq-benchmark,0.1.0-dev,iso_paq_regression,0.1.0,ISD,clip,ISD_ZhongshanPark_ZhongshanPark6_ZP6047,ISD_ZhongshanPark_ZhongshanPark6_ZP6047,train,,0.1.0,datasets/ISD/data/clips.csv,5b38ad29760d9ac7816a38396b3e4f92b549c08a8338600387f266631bd3e21b
mosaiq-benchmark-v0.1-candidate-20260716,mosaiq-benchmark,0.1.0-dev,iso_paq_regression,0.1.0,ISD,clip,ISD_ZhongshanPark_ZhongshanPark6_ZP6048,ISD_ZhongshanPark_ZhongshanPark6_ZP6048,train,,0.1.0,datasets/ISD/data/clips.csv,81ff1b84421350d23269bc975a2156872b411743e06152f6627633edb84f7fc1
mosaiq-benchmark-v0.1-candidate-20260716,mosaiq-benchmark,0.1.0-dev,iso_paq_regression,0.1.0,ISD,clip,ISD_ZhongshanPark_ZhongshanPark6_ZP6049,ISD_ZhongshanPark_ZhongshanPark6_ZP6049,train,,0.1.0,datasets/ISD/data/clips.csv,0ac8cb7b1aa5ae12ce9f3e9b9cdb93d27b007347f0845237c62a8c0991f1dc2e
mosaiq-benchmark-v0.1-candidate-20260716,mosaiq-benchmark,0.1.0-dev,iso_paq_regression,0.1.0,ISD,clip,ISD_ZhongshanPark_ZhongshanPark6_ZP6050,ISD_ZhongshanPark_ZhongshanPark6_ZP6050,train,,0.1.0,datasets/ISD/data/clips.csv,4ce172cc4c889db69b282b1c9d7c130f27cebebb76147ba7955d7e9c6c504be1
mosaiq-benchmark-v0.1-candidate-20260716,mosaiq-benchmark,0.1.0-dev,iso_paq_regression,0.1.0,ISD,clip,ISD_ZhongshanPark_ZhongshanPark6_ZP6051,ISD_ZhongshanPark_ZhongshanPark6_ZP6051,train,,0.1.0,datasets/ISD/data/clips.csv,81cf69161e8e64ac504c7d88bdb90a2e6a223c3b3fafdd8166353feebc189cd5
mosaiq-benchmark-v0.1-candidate-20260716,mosaiq-benchmark,0.1.0-dev,iso_paq_regression,0.1.0,ISD,clip,ISD_ZhongshanPark_ZhongshanPark6_ZP6052,ISD_ZhongshanPark_ZhongshanPark6_ZP6052,train,,0.1.0,datasets/ISD/data/clips.csv,7ce56c1e109b759354940c7ea8b152599d26a84dd1a0d182c08a68e7fdcdb782
mosaiq-benchmark-v0.1-candidate-20260716,mosaiq-benchmark,0.1.0-dev,iso_paq_regression,0.1.0,ISD,clip,ISD_ZhongshanPark_ZhongshanPark6_ZP6053,ISD_ZhongshanPark_ZhongshanPark6_ZP6053,train,,0.1.0,datasets/ISD/data/clips.csv,e5083514f974167f1da132c115d0cba217e3af02ba5d08f1d013fa80ed9a8d69
mosaiq-benchmark-v0.1-candidate-20260716,mosaiq-benchmark,0.1.0-dev,iso_paq_regression,0.1.0,ISD,clip,ISD_ZhongshanPark_ZhongshanPark6_ZP6054,ISD_ZhongshanPark_ZhongshanPark6_ZP6054,train,,0.1.0,datasets/ISD/data/clips.csv,53d8e0eabfbb89d4064bc634cf544a1c11191538315861b962f1d0f243d08fda
mosaiq-benchmark-v0.1-candidate-20260716,mosaiq-benchmark,0.1.0-dev,iso_paq_regression,0.1.0,ISD,clip,ISD_ZhongshanPark_ZhongshanPark6_ZP6055,ISD_ZhongshanPark_ZhongshanPark6_ZP6055,train,,0.1.0,datasets/ISD/data/clips.csv,7609e8e17232239876e09a15cda66bc1ed954a1606352b2caf8e80ebec1affb6
mosaiq-benchmark-v0.1-candidate-20260716,mosaiq-benchmark,0.1.0-dev,iso_paq_regression,0.1.0,ISD,clip,ISD_ZhongshanPark_ZhongshanPark6_ZP6056,ISD_ZhongshanPark_ZhongshanPark6_ZP6056,train,,0.1.0,datasets/ISD/data/clips.csv,2beee1bf7e2b3ce97bf747248ef3fe04a80ac987d0baa5e42f0863e26477015e
mosaiq-benchmark-v0.1-candidate-20260716,mosaiq-benchmark,0.1.0-dev,iso_paq_regression,0.1.0,ISD,clip,ISD_ZhongshanPark_ZhongshanPark6_ZP6057,ISD_ZhongshanPark_ZhongshanPark6_ZP6057,train,,0.1.0,datasets/ISD/data/clips.csv,ef8dc6564c0950e63380555e07fe72127aca1a5f4fce8647ec8b89a7753d120e
mosaiq-benchmark-v0.1-candidate-20260716,mosaiq-benchmark,0.1.0-dev,iso_paq_regression,0.1.0,ISD,clip,ISD_ZhongshanPark_ZhongshanPark6_ZP6058,ISD_ZhongshanPark_ZhongshanPark6_ZP6058,train,,0.1.0,datasets/ISD/data/clips.csv,38db554c4d88368709664d129f3d4edf929ea22b1aa26bcc961d414d384c11d6
mosaiq-benchmark-v0.1-candidate-20260716,mosaiq-benchmark,0.1.0-dev,iso_paq_regression,0.1.0,ISD,clip,ISD_ZhongshanPark_ZhongshanPark6_ZP6059,ISD_ZhongshanPark_ZhongshanPark6_ZP6059,train,,0.1.0,datasets/ISD/data/clips.csv,7ebd4e9a24fe4b3b7a3a73b16e3ae73df7eea15a4ed9014b36c0d491ff3f6682
mosaiq-benchmark-v0.1-candidate-20260716,mosaiq-benchmark,0.1.0-dev,iso_paq_regression,0.1.0,ISD,clip,ISD_ZhongshanPark_ZhongshanPark6_ZP6060,ISD_ZhongshanPark_ZhongshanPark6_ZP6060,train,,0.1.0,datasets/ISD/data/clips.csv,a1743a74c2edaba0c5ad0d6f82a9b56e8863db3322807927ea8406029435958b
mosaiq-benchmark-v0.1-candidate-20260716,mosaiq-benchmark,0.1.0-dev,iso_paq_regression,0.1.0,ISD,clip,ISD_ZhongshanPark_ZhongshanPark6_ZP6061,ISD_ZhongshanPark_ZhongshanPark6_ZP6061,train,,0.1.0,datasets/ISD/data/clips.csv,b2593bdc865135408edfd0bdd7ee7291622107ec9b34909c95a2b72ccfc9ad58
mosaiq-benchmark-v0.1-candidate-20260716,mosaiq-benchmark,0.1.0-dev,iso_paq_regression,0.1.0,ISD,clip,ISD_ZhongshanPark_ZhongshanPark6_ZP6062,ISD_ZhongshanPark_ZhongshanPark6_ZP6062,train,,0.1.0,datasets/ISD/data/clips.csv,6657142469edd9f8be6a43250b47ffd5924c539dee50bceb319399e4f22815ac
mosaiq-benchmark-v0.1-candidate-20260716,mosaiq-benchmark,0.1.0-dev,iso_paq_regression,0.1.0,ISD,clip,ISD_ZhongshanPark_ZhongshanPark6_ZP6063,ISD_ZhongshanPark_ZhongshanPark6_ZP6063,train,,0.1.0,datasets/ISD/data/clips.csv,d78a18495eaca109abc7b7f53e506934707272d9571dd3639338308a62654f7c
mosaiq-benchmark-v0.1-candidate-20260716,mosaiq-benchmark,0.1.0-dev,iso_paq_regression,0.1.0,ISD,clip,ISD_ZhongshanPark_ZhongshanPark6_ZP6064,ISD_ZhongshanPark_ZhongshanPark6_ZP6064,train,,0.1.0,datasets/ISD/data/clips.csv,f2ec0f5df2c0ff4329ab18feb4c19ef34801526ee08140380e34133323a75e3d
mosaiq-benchmark-v0.1-candidate-20260716,mosaiq-benchmark,0.1.0-dev,iso_paq_regression,0.1.0,ISD,clip,ISD_ZhongshanPark_ZhongshanPark6_ZP6065,ISD_ZhongshanPark_ZhongshanPark6_ZP6065,train,,0.1.0,datasets/ISD/data/clips.csv,6b05e76d4415976e68077352721c903e6d8b48dcbc6037756291e64de03ba9d4
mosaiq-benchmark-v0.1-candidate-20260716,mosaiq-benchmark,0.1.0-dev,iso_paq_regression,0.1.0,ISD,clip,ISD_ZhongshanPark_ZhongshanPark6_ZP6066,ISD_ZhongshanPark_ZhongshanPark6_ZP6066,train,,0.1.0,datasets/ISD/data/clips.csv,d25b87b5f06b275307818b8c74055b1acbf7c8eed52e1d370642c1049f9bd201
mosaiq-benchmark-v0.1-candidate-20260716,mosaiq-benchmark,0.1.0-dev,iso_paq_regression,0.1.0,ISD,clip,ISD_ZhongshanPark_ZhongshanPark6_ZP6067,ISD_ZhongshanPark_ZhongshanPark6_ZP6067,train,,0.1.0,datasets/ISD/data/clips.csv,cef7c00e42bcd257ee9098a3f2196b60ced16d09a713d81d43f071150e096059
mosaiq-benchmark-v0.1-candidate-20260716,mosaiq-benchmark,0.1.0-dev,iso_paq_regression,0.1.0,ISD,clip,ISD_ZhongshanPark_ZhongshanPark6_ZP6068,ISD_ZhongshanPark_ZhongshanPark6_ZP6068,train,,0.1.0,datasets/ISD/data/clips.csv,541b2fcd7fcede4b5ad832b7d74125b1ccb7d5ebea497fee4162cd1eaa62a2d6
mosaiq-benchmark-v0.1-candidate-20260716,mosaiq-benchmark,0.1.0-dev,iso_paq_regression,0.1.0,ISD,clip,ISD_ZhongshanPark_ZhongshanPark6_ZP6069,ISD_ZhongshanPark_ZhongshanPark6_ZP6069,train,,0.1.0,datasets/ISD/data/clips.csv,0f7acfc56388c7b69f18d0d1cd99e68d107e230e840d34a4315f15be45d3afb5
mosaiq-benchmark-v0.1-candidate-20260716,mosaiq-benchmark,0.1.0-dev,iso_paq_regression,0.1.0,ISD,clip,ISD_ZhongshanPark_ZhongshanPark6_ZP6070,ISD_ZhongshanPark_ZhongshanPark6_ZP6070,train,,0.1.0,datasets/ISD/data/clips.csv,cf94a27f5ed622cf0721cde16b5786165c61171cc1a48caf0f84faa726e6ef5e
mosaiq-benchmark-v0.1-candidate-20260716,mosaiq-benchmark,0.1.0-dev,iso_paq_regression,0.1.0,ISD,clip,ISD_ZhongshanPark_ZhongshanPark6_ZP6071,ISD_ZhongshanPark_ZhongshanPark6_ZP6071,train,,0.1.0,datasets/ISD/data/clips.csv,d96ca1a88abcc24e2f2c0e6a1cd563d26679a48963910cc0e6fdb9f7b7a62012
mosaiq-benchmark-v0.1-candidate-20260716,mosaiq-benchmark,0.1.0-dev,iso_paq_regression,0.1.0,ISD,clip,ISD_ZhongshanPark_ZhongshanPark6_ZP6072,ISD_ZhongshanPark_ZhongshanPark6_ZP6072,train,,0.1.0,datasets/ISD/data/clips.csv,e2e3a77a839b0fe069c2a714c7a3289be9e177797b1bab4c934927852662a41e
mosaiq-benchmark-v0.1-candidate-20260716,mosaiq-benchmark,0.1.0-dev,iso_paq_regression,0.1.0,ISD,clip,ISD_ZhongshanPark_ZhongshanPark6_ZP6073,ISD_ZhongshanPark_ZhongshanPark6_ZP6073,train,,0.1.0,datasets/ISD/data/clips.csv,ebde21c2f5497120bef6c7686e21a6ce6a9fda3687b929b2d149a9f40308139c
mosaiq-benchmark-v0.1-candidate-20260716,mosaiq-benchmark,0.1.0-dev,iso_paq_regression,0.1.0,ISD,clip,ISD_ZhongshanPark_ZhongshanPark6_ZP6074,ISD_ZhongshanPark_ZhongshanPark6_ZP6074,train,,0.1.0,datasets/ISD/data/clips.csv,92ece636bc2e55b5f0ff08f0d5dcede0b48a47657cf88956b1bb76e012e34727
mosaiq-benchmark-v0.1-candidate-20260716,mosaiq-benchmark,0.1.0-dev,iso_paq_regression,0.1.0,ISD,clip,ISD_ZhongshanPark_ZhongshanPark6_ZP6075,ISD_ZhongshanPark_ZhongshanPark6_ZP6075,train,,0.1.0,datasets/ISD/data/clips.csv,e44ea64ff409c2a3d934eee715a0986aa488b85a4c10d28953b4a0168eda2f98
mosaiq-benchmark-v0.1-candidate-20260716,mosaiq-benchmark,0.1.0-dev,iso_paq_regression,0.1.0,ISD,clip,ISD_ZhongshanPark_ZhongshanPark6_ZP6076,ISD_ZhongshanPark_ZhongshanPark6_ZP6076,train,,0.1.0,datasets/ISD/data/clips.csv,c60471da4b703d374b746440ecfbefca76801910391dc92e0b8fd287d50fe525
mosaiq-benchmark-v0.1-candidate-20260716,mosaiq-benchmark,0.1.0-dev,iso_paq_regression,0.1.0,ISD,clip,ISD_ZhongshanPark_ZhongshanPark6_ZP6077,ISD_ZhongshanPark_ZhongshanPark6_ZP6077,train,,0.1.0,datasets/ISD/data/clips.csv,3573da3dc806e258c602657e1e703e77373496d3a5d4589ecdf684e63b1b93b1
mosaiq-benchmark-v0.1-candidate-20260716,mosaiq-benchmark,0.1.0-dev,iso_paq_regression,0.1.0,ISD,clip,ISD_ZhongshanPark_ZhongshanPark6_ZP6078,ISD_ZhongshanPark_ZhongshanPark6_ZP6078,train,,0.1.0,datasets/ISD/data/clips.csv,a08c730bb911f5264353de99de0a88a0229f88ab913fd1665b8e3f58beff3388
mosaiq-benchmark-v0.1-candidate-20260716,mosaiq-benchmark,0.1.0-dev,iso_paq_regression,0.1.0,ISD,clip,ISD_ZhongshanPark_ZhongshanPark6_ZP6079,ISD_ZhongshanPark_ZhongshanPark6_ZP6079,train,,0.1.0,datasets/ISD/data/clips.csv,33d6d0d6d70c0ea053a0dfb46d022871a29977f5a1d3d6a2a6f11156fcc8e411
mosaiq-benchmark-v0.1-candidate-20260716,mosaiq-benchmark,0.1.0-dev,iso_paq_regression,0.1.0,ISD,clip,ISD_ZhongshanPark_ZhongshanPark6_ZP6080,ISD_ZhongshanPark_ZhongshanPark6_ZP6080,train,,0.1.0,datasets/ISD/data/clips.csv,70b0be78de1a678382b0aacadb1b8e0c307618da9af2ab5e3b079af723b8eec2
mosaiq-benchmark-v0.1-candidate-20260716,mosaiq-benchmark,0.1.0-dev,iso_paq_regression,0.1.0,ISD,clip,ISD_ZhongshanPark_ZhongshanPark6_ZP6081,ISD_ZhongshanPark_ZhongshanPark6_ZP6081,train,,0.1.0,datasets/ISD/data/clips.csv,e5014992339d6e3875aadc86b7a261365d1bbeffe2229dedc5ea14af3b32db2c
mosaiq-benchmark-v0.1-candidate-20260716,mosaiq-benchmark,0.1.0-dev,iso_paq_regression,0.1.0,ISD,clip,ISD_ZhongshanPark_ZhongshanPark6_ZP6082,ISD_ZhongshanPark_ZhongshanPark6_ZP6082,train,,0.1.0,datasets/ISD/data/clips.csv,3ee8476aaee3e3d10893411d76183e30e9545f476a73b258b2543022b5fb01a8
mosaiq-benchmark-v0.1-candidate-20260716,mosaiq-benchmark,0.1.0-dev,iso_paq_regression,0.1.0,ISD,clip,ISD_ZhongshanPark_ZhongshanPark6_ZP6083,ISD_ZhongshanPark_ZhongshanPark6_ZP6083,train,,0.1.0,datasets/ISD/data/clips.csv,641e0c2cc7b544abd2c86592c280352ede5313ac42e2bfb7673e02bc7085baa8
mosaiq-benchmark-v0.1-candidate-20260716,mosaiq-benchmark,0.1.0-dev,iso_paq_regression,0.1.0,ISD,clip,ISD_ZhongshanPark_ZhongshanPark6_ZP6084,ISD_ZhongshanPark_ZhongshanPark6_ZP6084,train,,0.1.0,datasets/ISD/data/clips.csv,74616056a620362574327dfcf1161fa09d5f4fb83b680d26a37fffee321ee014
mosaiq-benchmark-v0.1-candidate-20260716,mosaiq-benchmark,0.1.0-dev,iso_paq_regression,0.1.0,ISD,clip,ISD_ZhongshanPark_ZhongshanPark6_ZP6085,ISD_ZhongshanPark_ZhongshanPark6_ZP6085,train,,0.1.0,datasets/ISD/data/clips.csv,ba370cdb784b763664b6fa3a61093b7c7a481decdc9a084019beaae057ff7e1d
mosaiq-benchmark-v0.1-candidate-20260716,mosaiq-benchmark,0.1.0-dev,iso_paq_regression,0.1.0,ISD,clip,ISD_ZhongshanPark_ZhongshanPark6_ZP6086,ISD_ZhongshanPark_ZhongshanPark6_ZP6086,train,,0.1.0,datasets/ISD/data/clips.csv,1ad7e355047610895d4fe9879f2d45baa1b1f5bc10c4b9504c150607d1cb202d
mosaiq-benchmark-v0.1-candidate-20260716,mosaiq-benchmark,0.1.0-dev,iso_paq_regression,0.1.0,ISD,clip,ISD_ZhongshanPark_ZhongshanPark6_ZP6087,ISD_ZhongshanPark_ZhongshanPark6_ZP6087,train,,0.1.0,datasets/ISD/data/clips.csv,6b4d9efcde76f2cb00d49b660cd9b5d3b9f463c9e584907e48ccf16bccfdf652
mosaiq-benchmark-v0.1-candidate-20260716,mosaiq-benchmark,0.1.0-dev,iso_paq_regression,0.1.0,ISD,clip,ISD_ZhongshanPark_ZhongshanPark6_ZP6088,ISD_ZhongshanPark_ZhongshanPark6_ZP6088,train,,0.1.0,datasets/ISD/data/clips.csv,29a2fd2bc694751caf76223a69884cef8fecd172c254219ca52b54f3ac42b73f
mosaiq-benchmark-v0.1-candidate-20260716,mosaiq-benchmark,0.1.0-dev,iso_paq_regression,0.1.0,ISD,clip,ISD_ZhongshanPark_ZhongshanPark6_ZP6089,ISD_ZhongshanPark_ZhongshanPark6_ZP6089,train,,0.1.0,datasets/ISD/data/clips.csv,75d828b859c89cace611751898fbff65756ec54948e5060028b575ff09ea7e08
mosaiq-benchmark-v0.1-candidate-20260716,mosaiq-benchmark,0.1.0-dev,iso_paq_regression,0.1.0,ISD,clip,ISD_ZhongshanPark_ZhongshanPark6_ZP6090,ISD_ZhongshanPark_ZhongshanPark6_ZP6090,train,,0.1.0,datasets/ISD/data/clips.csv,6c275be3122926ac0f9047bd9e8de6250710e4c2857de51e553a850650f36920
mosaiq-benchmark-v0.1-candidate-20260716,mosaiq-benchmark,0.1.0-dev,iso_paq_regression,0.1.0,ISD,clip,ISD_ZhongshanPark_ZhongshanPark6_ZP6091,ISD_ZhongshanPark_ZhongshanPark6_ZP6091,train,,0.1.0,datasets/ISD/data/clips.csv,a3b8ed84d61b58cc485c2067938bd8968ee590e29b2759d0bf49fccb3d3b539c
mosaiq-benchmark-v0.1-candidate-20260716,mosaiq-benchmark,0.1.0-dev,iso_paq_regression,0.1.0,ISD,clip,ISD_ZhongshanPark_ZhongshanPark6_ZP6092,ISD_ZhongshanPark_ZhongshanPark6_ZP6092,train,,0.1.0,datasets/ISD/data/clips.csv,2bba2f292b0e125e607645669d8bac263b4a6dcf008084db2653e63b6c171443
mosaiq-benchmark-v0.1-candidate-20260716,mosaiq-benchmark,0.1.0-dev,iso_paq_regression,0.1.0,ISD,clip,ISD_ZhongshanPark_ZhongshanPark6_ZP6093,ISD_ZhongshanPark_ZhongshanPark6_ZP6093,train,,0.1.0,datasets/ISD/data/clips.csv,cfc33dddd32e49e9c9511c4f8d4195933cb395807d9da314eead1f187540a543
mosaiq-benchmark-v0.1-candidate-20260716,mosaiq-benchmark,0.1.0-dev,iso_paq_regression,0.1.0,ISD,clip,ISD_ZhongshanPark_ZhongshanPark6_ZP6094,ISD_ZhongshanPark_ZhongshanPark6_ZP6094,train,,0.1.0,datasets/ISD/data/clips.csv,a596e11ec60d88610ebc595a7712dc38f012d9e815f95d04317436be59db0e76
mosaiq-benchmark-v0.1-candidate-20260716,mosaiq-benchmark,0.1.0-dev,iso_paq_regression,0.1.0,ISD,clip,ISD_ZhongshanPark_ZhongshanPark6_ZP6095,ISD_ZhongshanPark_ZhongshanPark6_ZP6095,train,,0.1.0,datasets/ISD/data/clips.csv,06166f8aff82028b0a0b2600922421a7d6cfc197efdc0fed643e78db88de7c97
mosaiq-benchmark-v0.1-candidate-20260716,mosaiq-benchmark,0.1.0-dev,iso_paq_regression,0.1.0,ISD,clip,ISD_ZhongshanPark_ZhongshanPark6_ZP6096,ISD_ZhongshanPark_ZhongshanPark6_ZP6096,train,,0.1.0,datasets/ISD/data/clips.csv,1518fa809d87d4c894eceadc6a8e8b384e382b00d84a8519ae8c94716308ee7a
mosaiq-benchmark-v0.1-candidate-20260716,mosaiq-benchmark,0.1.0-dev,iso_paq_regression,0.1.0,ISD,clip,ISD_ZhongshanPark_ZhongshanPark6_ZP6097,ISD_ZhongshanPark_ZhongshanPark6_ZP6097,train,,0.1.0,datasets/ISD/data/clips.csv,7cee22f24b8c94a28941e64c45693149bf6a666f20e9672fe5f22efeba827a48
mosaiq-benchmark-v0.1-candidate-20260716,mosaiq-benchmark,0.1.0-dev,iso_paq_regression,0.1.0,ISD,clip,ISD_ZhongshanPark_ZhongshanPark6_ZP6098,ISD_ZhongshanPark_ZhongshanPark6_ZP6098,train,,0.1.0,datasets/ISD/data/clips.csv,3f1a08c83b4bc2b345fab3c2fb0ecc4b5a397eda513281d34e8b4d3c3d3d1961
mosaiq-benchmark-v0.1-candidate-20260716,mosaiq-benchmark,0.1.0-dev,iso_paq_regression,0.1.0,ISD,clip,ISD_ZhongshanPark_ZhongshanPark6_ZP6099,ISD_ZhongshanPark_ZhongshanPark6_ZP6099,train,,0.1.0,datasets/ISD/data/clips.csv,1277ce3afb076d16e36129d4c891fd532c1b7f8b265ec1466cfeb63c8d065f34
mosaiq-benchmark-v0.1-candidate-20260716,mosaiq-benchmark,0.1.0-dev,iso_paq_regression,0.1.0,ISD,clip,ISD_ZhongshanPark_ZhongshanPark6_ZP6100,ISD_ZhongshanPark_ZhongshanPark6_ZP6100,train,,0.1.0,datasets/ISD/data/clips.csv,3a090f7fac6a095c7f82db5a8220c3a3c8d42ac4443ac62d39ee2142f377ff40
mosaiq-benchmark-v0.1-candidate-20260716,mosaiq-benchmark,0.1.0-dev,iso_paq_regression,0.1.0,ISD,clip,ISD_ZhongshanPark_ZhongshanPark6_ZP6101,ISD_ZhongshanPark_ZhongshanPark6_ZP6101,train,,0.1.0,datasets/ISD/data/clips.csv,1e1ea600c2358581c82f9e5796af0d072c2b0619a9a0242c0537da485b02f127
mosaiq-benchmark-v0.1-candidate-20260716,mosaiq-benchmark,0.1.0-dev,iso_paq_regression,0.1.0,ISD,clip,ISD_ZhongshanPark_ZhongshanPark6_ZP6102,ISD_ZhongshanPark_ZhongshanPark6_ZP6102,train,,0.1.0,datasets/ISD/data/clips.csv,a007cb71040df8268f86fd9da5e997eea9f46285f23913c89032ad279e3bf9d9
mosaiq-benchmark-v0.1-candidate-20260716,mosaiq-benchmark,0.1.0-dev,iso_paq_regression,0.1.0,ISD,clip,ISD_ZhongshanPark_ZhongshanPark6_ZP6103,ISD_ZhongshanPark_ZhongshanPark6_ZP6103,train,,0.1.0,datasets/ISD/data/clips.csv,d7c45f52369b74db683a7b019be6e559e5d982dff60686759f09f23e68f0c6e3
mosaiq-benchmark-v0.1-candidate-20260716,mosaiq-benchmark,0.1.0-dev,iso_paq_regression,0.1.0,ISD,clip,ISD_ZhongshanPark_ZhongshanPark6_ZP6104,ISD_ZhongshanPark_ZhongshanPark6_ZP6104,train,,0.1.0,datasets/ISD/data/clips.csv,c8a12619354ea56ca328f6ac089f00888e780441ace6a3c2eeaa8b3eecbe15e5
mosaiq-benchmark-v0.1-candidate-20260716,mosaiq-benchmark,0.1.0-dev,iso_paq_regression,0.1.0,ISD,clip,ISD_ZhongshanPark_ZhongshanPark6_ZP6105,ISD_ZhongshanPark_ZhongshanPark6_ZP6105,train,,0.1.0,datasets/ISD/data/clips.csv,c560a5c554d1c172a1e1154d9d47e367039938c83b995d0ced3cae09f92ae9da
mosaiq-benchmark-v0.1-candidate-20260716,mosaiq-benchmark,0.1.0-dev,iso_paq_regression,0.1.0,ISD,clip,ISD_ZhongshanPark_ZhongshanPark6_ZP6106,ISD_ZhongshanPark_ZhongshanPark6_ZP6106,train,,0.1.0,datasets/ISD/data/clips.csv,ea811ae8ad58014db6137ca915387137d7fdd6dfc4a5021d19b4beb4e72af8f2
mosaiq-benchmark-v0.1-candidate-20260716,mosaiq-benchmark,0.1.0-dev,iso_paq_regression,0.1.0,ISD,clip,ISD_ZhongshanPark_ZhongshanPark6_ZP6107,ISD_ZhongshanPark_ZhongshanPark6_ZP6107,train,,0.1.0,datasets/ISD/data/clips.csv,9b7f29e9d807094ff55f5bc1c4a5d75a32304c9e2415f29f86dcfcdf86d86e86
mosaiq-benchmark-v0.1-candidate-20260716,mosaiq-benchmark,0.1.0-dev,iso_paq_regression,0.1.0,ISD,clip,ISD_ZhongshanPark_ZhongshanPark6_ZP6108,ISD_ZhongshanPark_ZhongshanPark6_ZP6108,train,,0.1.0,datasets/ISD/data/clips.csv,29472e06f427b72717d3e57efcdc1b9ec37d603a154000a63450c9a29c7b5b1a
mosaiq-benchmark-v0.1-candidate-20260716,mosaiq-benchmark,0.1.0-dev,iso_paq_regression,0.1.0,ISD,clip,ISD_ZhongshanPark_ZhongshanPark6_ZP6109,ISD_ZhongshanPark_ZhongshanPark6_ZP6109,train,,0.1.0,datasets/ISD/data/clips.csv,7cdbe6544b556d88554c7bd176e35322694061ef428dfb649aa66a53e8f576cb
mosaiq-benchmark-v0.1-candidate-20260716,mosaiq-benchmark,0.1.0-dev,iso_paq_regression,0.1.0,ISD,clip,ISD_ZhongshanPark_ZhongshanPark6_ZP6110,ISD_ZhongshanPark_ZhongshanPark6_ZP6110,train,,0.1.0,datasets/ISD/data/clips.csv,823b29337db410711a267b23b4692c7acf4e56eb37c820f949c8067623ba74d2
mosaiq-benchmark-v0.1-candidate-20260716,mosaiq-benchmark,0.1.0-dev,iso_paq_regression,0.1.0,ISD,clip,ISD_ZhongshanPark_ZhongshanPark6_ZP6111,ISD_ZhongshanPark_ZhongshanPark6_ZP6111,train,,0.1.0,datasets/ISD/data/clips.csv,81a1f5cb739b1532ea3f06d25de611a4dcb72aad8bbef4864eea1e196af1bdf7
mosaiq-benchmark-v0.1-candidate-20260716,mosaiq-benchmark,0.1.0-dev,iso_paq_regression,0.1.0,ISD,clip,ISD_ZhongshanPark_ZhongshanPark6_ZP6112,ISD_ZhongshanPark_ZhongshanPark6_ZP6112,train,,0.1.0,datasets/ISD/data/clips.csv,6af51bda6f346d858cacbb2de1182c9e4b270092a7d4197fc6f1cc6ec4e70d29
mosaiq-benchmark-v0.1-candidate-20260716,mosaiq-benchmark,0.1.0-dev,iso_paq_regression,0.1.0,ISD,clip,ISD_ZhongshanSquare_ZhongshanSquare1_ZS1001,ISD_ZhongshanSquare_ZhongshanSquare1_ZS1001,test,,0.1.0,datasets/ISD/data/clips.csv,a0eb00fc0ffedf2a7509801ecaffcf0c93b54c3f304114f4375561d5b4a1caf5
mosaiq-benchmark-v0.1-candidate-20260716,mosaiq-benchmark,0.1.0-dev,iso_paq_regression,0.1.0,ISD,clip,ISD_ZhongshanSquare_ZhongshanSquare1_ZS1002,ISD_ZhongshanSquare_ZhongshanSquare1_ZS1002,test,,0.1.0,datasets/ISD/data/clips.csv,c06346b3d411e3dd889a22a12381ebab667a57dc5f219ed87f3dc7e7ad9aef10
mosaiq-benchmark-v0.1-candidate-20260716,mosaiq-benchmark,0.1.0-dev,iso_paq_regression,0.1.0,ISD,clip,ISD_ZhongshanSquare_ZhongshanSquare1_ZS1003,ISD_ZhongshanSquare_ZhongshanSquare1_ZS1003,test,,0.1.0,datasets/ISD/data/clips.csv,9f9745f19620b9468082a0ead59384edd1256b8d4c6a7007293503604978210f
mosaiq-benchmark-v0.1-candidate-20260716,mosaiq-benchmark,0.1.0-dev,iso_paq_regression,0.1.0,ISD,clip,ISD_ZhongshanSquare_ZhongshanSquare1_ZS1004,ISD_ZhongshanSquare_ZhongshanSquare1_ZS1004,test,,0.1.0,datasets/ISD/data/clips.csv,99e8562d441c887c9baffe2f63c4cf084d5c09862492809ce99119716a82194b
mosaiq-benchmark-v0.1-candidate-20260716,mosaiq-benchmark,0.1.0-dev,iso_paq_regression,0.1.0,ISD,clip,ISD_ZhongshanSquare_ZhongshanSquare1_ZS1005,ISD_ZhongshanSquare_ZhongshanSquare1_ZS1005,test,,0.1.0,datasets/ISD/data/clips.csv,f05dcb999957489d72db568b572f4b413fedc6ca149567516bdeec4c8bee71bb
mosaiq-benchmark-v0.1-candidate-20260716,mosaiq-benchmark,0.1.0-dev,iso_paq_regression,0.1.0,ISD,clip,ISD_ZhongshanSquare_ZhongshanSquare1_ZS1006,ISD_ZhongshanSquare_ZhongshanSquare1_ZS1006,test,,0.1.0,datasets/ISD/data/clips.csv,11a5784337160b6b32c51191a25f017a44265dce4f06ba5073fa442771c97958
mosaiq-benchmark-v0.1-candidate-20260716,mosaiq-benchmark,0.1.0-dev,iso_paq_regression,0.1.0,ISD,clip,ISD_ZhongshanSquare_ZhongshanSquare1_ZS1007,ISD_ZhongshanSquare_ZhongshanSquare1_ZS1007,test,,0.1.0,datasets/ISD/data/clips.csv,eff682a76840ff6c7f0bf1ea3f559e753d4a9b8c4f2251ef53a3abe4b3d1aa65
mosaiq-benchmark-v0.1-candidate-20260716,mosaiq-benchmark,0.1.0-dev,iso_paq_regression,0.1.0,ISD,clip,ISD_ZhongshanSquare_ZhongshanSquare1_ZS1008,ISD_ZhongshanSquare_ZhongshanSquare1_ZS1008,test,,0.1.0,datasets/ISD/data/clips.csv,c8e6bf79343b5c4d99bbb161f92440f7147e0618149a48b03701af7e8194b79d
mosaiq-benchmark-v0.1-candidate-20260716,mosaiq-benchmark,0.1.0-dev,iso_paq_regression,0.1.0,ISD,clip,ISD_ZhongshanSquare_ZhongshanSquare1_ZS1009,ISD_ZhongshanSquare_ZhongshanSquare1_ZS1009,test,,0.1.0,datasets/ISD/data/clips.csv,6d9ab1ce3270fb3f1f53def30e78d34ab60a97c0009dae655e486ab22cb8bb5b
mosaiq-benchmark-v0.1-candidate-20260716,mosaiq-benchmark,0.1.0-dev,iso_paq_regression,0.1.0,ISD,clip,ISD_ZhongshanSquare_ZhongshanSquare1_ZS1010,ISD_ZhongshanSquare_ZhongshanSquare1_ZS1010,test,,0.1.0,datasets/ISD/data/clips.csv,d5a095fe45c11e0954d771c23cfc35f2ec29f40ac63a8713ea79db5861125ac0
mosaiq-benchmark-v0.1-candidate-20260716,mosaiq-benchmark,0.1.0-dev,iso_paq_regression,0.1.0,ISD,clip,ISD_ZhongshanSquare_ZhongshanSquare1_ZS1011,ISD_ZhongshanSquare_ZhongshanSquare1_ZS1011,test,,0.1.0,datasets/ISD/data/clips.csv,1e18448b61ddd6aa813d28cd4edbe361bf75f4a0460c6d90d238fd7384387847
mosaiq-benchmark-v0.1-candidate-20260716,mosaiq-benchmark,0.1.0-dev,iso_paq_regression,0.1.0,ISD,clip,ISD_ZhongshanSquare_ZhongshanSquare1_ZS1012,ISD_ZhongshanSquare_ZhongshanSquare1_ZS1012,test,,0.1.0,datasets/ISD/data/clips.csv,9b1003d8b6c39de968f9b2035bb6a531c24a423f7cc422c6f62ca560e9209efe
mosaiq-benchmark-v0.1-candidate-20260716,mosaiq-benchmark,0.1.0-dev,iso_paq_regression,0.1.0,ISD,clip,ISD_ZhongshanSquare_ZhongshanSquare1_ZS1013,ISD_ZhongshanSquare_ZhongshanSquare1_ZS1013,test,,0.1.0,datasets/ISD/data/clips.csv,3e3468179ae314066fe067b1d39824c51bb4057b9448158819706ce3a60a2cae
mosaiq-benchmark-v0.1-candidate-20260716,mosaiq-benchmark,0.1.0-dev,iso_paq_regression,0.1.0,ISD,clip,ISD_ZhongshanSquare_ZhongshanSquare1_ZS1014,ISD_ZhongshanSquare_ZhongshanSquare1_ZS1014,test,,0.1.0,datasets/ISD/data/clips.csv,37b24cc9253d632be821e6042112baaa9b9f08f2a71a0651e10b35500d745884
mosaiq-benchmark-v0.1-candidate-20260716,mosaiq-benchmark,0.1.0-dev,iso_paq_regression,0.1.0,ISD,clip,ISD_ZhongshanSquare_ZhongshanSquare1_ZS1015,ISD_ZhongshanSquare_ZhongshanSquare1_ZS1015,test,,0.1.0,datasets/ISD/data/clips.csv,dd853c5ddc64cd6c48c46580bf893a63a9be2f7b19d004bb7dda895deda60de0
mosaiq-benchmark-v0.1-candidate-20260716,mosaiq-benchmark,0.1.0-dev,iso_paq_regression,0.1.0,ISD,clip,ISD_ZhongshanSquare_ZhongshanSquare1_ZS1016,ISD_ZhongshanSquare_ZhongshanSquare1_ZS1016,test,,0.1.0,datasets/ISD/data/clips.csv,8c7b3941adbaa8ad5d7350f5b9b16430231ffecced619a636fe413121d8a412f
mosaiq-benchmark-v0.1-candidate-20260716,mosaiq-benchmark,0.1.0-dev,iso_paq_regression,0.1.0,ISD,clip,ISD_ZhongshanSquare_ZhongshanSquare1_ZS1017,ISD_ZhongshanSquare_ZhongshanSquare1_ZS1017,test,,0.1.0,datasets/ISD/data/clips.csv,b365a841ad389978c716abb79a50eea83aef3f8d51a93f2768bf9f99fbc974b8
mosaiq-benchmark-v0.1-candidate-20260716,mosaiq-benchmark,0.1.0-dev,iso_paq_regression,0.1.0,ISD,clip,ISD_ZhongshanSquare_ZhongshanSquare1_ZS1018,ISD_ZhongshanSquare_ZhongshanSquare1_ZS1018,test,,0.1.0,datasets/ISD/data/clips.csv,e7811ad55512e5d4ea9cbffa0a64f87975045bb5aee4f65781c4df85808a28e4
mosaiq-benchmark-v0.1-candidate-20260716,mosaiq-benchmark,0.1.0-dev,iso_paq_regression,0.1.0,ISD,clip,ISD_ZhongshanSquare_ZhongshanSquare1_ZS1019,ISD_ZhongshanSquare_ZhongshanSquare1_ZS1019,test,,0.1.0,datasets/ISD/data/clips.csv,cb2af1144c5e009a613213f59bba1f5968341330fe890b50809b308283a8c909
mosaiq-benchmark-v0.1-candidate-20260716,mosaiq-benchmark,0.1.0-dev,iso_paq_regression,0.1.0,ISD,clip,ISD_ZhongshanSquare_ZhongshanSquare1_ZS1020,ISD_ZhongshanSquare_ZhongshanSquare1_ZS1020,test,,0.1.0,datasets/ISD/data/clips.csv,98cd8a00ea6f376533d6d029efb760e6e98346f284efecd0e195d81950afcc40
mosaiq-benchmark-v0.1-candidate-20260716,mosaiq-benchmark,0.1.0-dev,iso_paq_regression,0.1.0,ISD,clip,ISD_ZhongshanSquare_ZhongshanSquare1_ZS1021,ISD_ZhongshanSquare_ZhongshanSquare1_ZS1021,test,,0.1.0,datasets/ISD/data/clips.csv,242eaa36a085ef0163251a4a917085ff3cc9329583156398ba18e08f46d171c6
mosaiq-benchmark-v0.1-candidate-20260716,mosaiq-benchmark,0.1.0-dev,iso_paq_regression,0.1.0,ISD,clip,ISD_ZhongshanSquare_ZhongshanSquare1_ZS1022,ISD_ZhongshanSquare_ZhongshanSquare1_ZS1022,test,,0.1.0,datasets/ISD/data/clips.csv,5c0c23318286f2453944c755470277bf90923335035ae91bf5ef8cd502d487ab
mosaiq-benchmark-v0.1-candidate-20260716,mosaiq-benchmark,0.1.0-dev,iso_paq_regression,0.1.0,ISD,clip,ISD_ZhongshanSquare_ZhongshanSquare1_ZS1023,ISD_ZhongshanSquare_ZhongshanSquare1_ZS1023,test,,0.1.0,datasets/ISD/data/clips.csv,113a4c03bbab6b9fe75f28fc2e171db26c9b67f7a2ba95640c7a3db23df90d89
mosaiq-benchmark-v0.1-candidate-20260716,mosaiq-benchmark,0.1.0-dev,iso_paq_regression,0.1.0,ISD,clip,ISD_ZhongshanSquare_ZhongshanSquare1_ZS1024,ISD_ZhongshanSquare_ZhongshanSquare1_ZS1024,test,,0.1.0,datasets/ISD/data/clips.csv,9d6fe0528482035c4a997d6ebfcc6569dc33dc684a477aa18219a6114dfa24ba
mosaiq-benchmark-v0.1-candidate-20260716,mosaiq-benchmark,0.1.0-dev,iso_paq_regression,0.1.0,ISD,clip,ISD_ZhongshanSquare_ZhongshanSquare1_ZS1025,ISD_ZhongshanSquare_ZhongshanSquare1_ZS1025,test,,0.1.0,datasets/ISD/data/clips.csv,d6e8a13d15348f70cdb63673ce253c6630df521dc571a0018e3486c4e1706589
mosaiq-benchmark-v0.1-candidate-20260716,mosaiq-benchmark,0.1.0-dev,iso_paq_regression,0.1.0,ISD,clip,ISD_ZhongshanSquare_ZhongshanSquare1_ZS1026,ISD_ZhongshanSquare_ZhongshanSquare1_ZS1026,test,,0.1.0,datasets/ISD/data/clips.csv,5902000647963bc77b6f40013a2ec1e9e6cdaf65f73692ec4e178dd1bdca5f3c
mosaiq-benchmark-v0.1-candidate-20260716,mosaiq-benchmark,0.1.0-dev,iso_paq_regression,0.1.0,ISD,clip,ISD_ZhongshanSquare_ZhongshanSquare1_ZS1027,ISD_ZhongshanSquare_ZhongshanSquare1_ZS1027,test,,0.1.0,datasets/ISD/data/clips.csv,bbea2bcf8aee0359b1f36ddd774c7b1d657f3f42f65957e36c80f496fb9200e4
mosaiq-benchmark-v0.1-candidate-20260716,mosaiq-benchmark,0.1.0-dev,iso_paq_regression,0.1.0,ISD,clip,ISD_ZhongshanSquare_ZhongshanSquare1_ZS1028,ISD_ZhongshanSquare_ZhongshanSquare1_ZS1028,test,,0.1.0,datasets/ISD/data/clips.csv,607796c4ab8b14ada23068bd7d47adc00d58fa8b6078f18b576d30c09bc5e00f
mosaiq-benchmark-v0.1-candidate-20260716,mosaiq-benchmark,0.1.0-dev,iso_paq_regression,0.1.0,ISD,clip,ISD_ZhongshanSquare_ZhongshanSquare1_ZS1029,ISD_ZhongshanSquare_ZhongshanSquare1_ZS1029,test,,0.1.0,datasets/ISD/data/clips.csv,314c5b71967cb6a0710db4f901dd271bd6522527acc5c1ee43fe599701113e7e
mosaiq-benchmark-v0.1-candidate-20260716,mosaiq-benchmark,0.1.0-dev,iso_paq_regression,0.1.0,ISD,clip,ISD_ZhongshanSquare_ZhongshanSquare1_ZS1030,ISD_ZhongshanSquare_ZhongshanSquare1_ZS1030,test,,0.1.0,datasets/ISD/data/clips.csv,53a3f4ce538e894ec347f898de674bbaee3a4b985c328fb3e0bc4d74f83313a7
mosaiq-benchmark-v0.1-candidate-20260716,mosaiq-benchmark,0.1.0-dev,iso_paq_regression,0.1.0,ISD,clip,ISD_ZhongshanSquare_ZhongshanSquare1_ZS1031,ISD_ZhongshanSquare_ZhongshanSquare1_ZS1031,test,,0.1.0,datasets/ISD/data/clips.csv,a7a94e0ef537dc82d9efc45b6a546c9da1f78ddcda048fd6455469e3d15d6f60
mosaiq-benchmark-v0.1-candidate-20260716,mosaiq-benchmark,0.1.0-dev,iso_paq_regression,0.1.0,ISD,clip,ISD_ZhongshanSquare_ZhongshanSquare1_ZS1032,ISD_ZhongshanSquare_ZhongshanSquare1_ZS1032,test,,0.1.0,datasets/ISD/data/clips.csv,349fd7f2d0d75dcbe75f3e373c5d1f653f850cc7f89bbe4086fe55fd01a32220
mosaiq-benchmark-v0.1-candidate-20260716,mosaiq-benchmark,0.1.0-dev,iso_paq_regression,0.1.0,ISD,clip,ISD_ZhongshanSquare_ZhongshanSquare2_ZS2001,ISD_ZhongshanSquare_ZhongshanSquare2_ZS2001,test,,0.1.0,datasets/ISD/data/clips.csv,12734b3c665976a61d414872bd73c146fa998d4103a15612eb7874fe81b36f0f
mosaiq-benchmark-v0.1-candidate-20260716,mosaiq-benchmark,0.1.0-dev,iso_paq_regression,0.1.0,ISD,clip,ISD_ZhongshanSquare_ZhongshanSquare2_ZS2002,ISD_ZhongshanSquare_ZhongshanSquare2_ZS2002,test,,0.1.0,datasets/ISD/data/clips.csv,856ec9c383dd00f50f12fe0b98dd11ab7ae3a53b4079fbb803eeef868c6373c7
mosaiq-benchmark-v0.1-candidate-20260716,mosaiq-benchmark,0.1.0-dev,iso_paq_regression,0.1.0,ISD,clip,ISD_ZhongshanSquare_ZhongshanSquare2_ZS2003,ISD_ZhongshanSquare_ZhongshanSquare2_ZS2003,test,,0.1.0,datasets/ISD/data/clips.csv,e15ece43ae0aa838ecf92bf666caea3ba9288ee896ba59ab91941d3ab7a98f5d
mosaiq-benchmark-v0.1-candidate-20260716,mosaiq-benchmark,0.1.0-dev,iso_paq_regression,0.1.0,ISD,clip,ISD_ZhongshanSquare_ZhongshanSquare2_ZS2004,ISD_ZhongshanSquare_ZhongshanSquare2_ZS2004,test,,0.1.0,datasets/ISD/data/clips.csv,ba2a4e5bef6c98dc94b10e68b8710d657ec8ec579109a66d126ba00f9be3e2e6
mosaiq-benchmark-v0.1-candidate-20260716,mosaiq-benchmark,0.1.0-dev,iso_paq_regression,0.1.0,ISD,clip,ISD_ZhongshanSquare_ZhongshanSquare2_ZS2005,ISD_ZhongshanSquare_ZhongshanSquare2_ZS2005,test,,0.1.0,datasets/ISD/data/clips.csv,28976581cbf0848cf0b12b7d70c4109cd8665ab907ae372ba6e2c9c0b2b6a006
mosaiq-benchmark-v0.1-candidate-20260716,mosaiq-benchmark,0.1.0-dev,iso_paq_regression,0.1.0,ISD,clip,ISD_ZhongshanSquare_ZhongshanSquare2_ZS2006,ISD_ZhongshanSquare_ZhongshanSquare2_ZS2006,test,,0.1.0,datasets/ISD/data/clips.csv,ab9cc186445b5909cf95d095b980d66233d5de340afda373cb02f204b7bcb18e
mosaiq-benchmark-v0.1-candidate-20260716,mosaiq-benchmark,0.1.0-dev,iso_paq_regression,0.1.0,ISD,clip,ISD_ZhongshanSquare_ZhongshanSquare2_ZS2007,ISD_ZhongshanSquare_ZhongshanSquare2_ZS2007,test,,0.1.0,datasets/ISD/data/clips.csv,6fb32a4e2701c47114302e567a5d00885fc4e003a7a13353d6f8a19208c361e4
mosaiq-benchmark-v0.1-candidate-20260716,mosaiq-benchmark,0.1.0-dev,iso_paq_regression,0.1.0,ISD,clip,ISD_ZhongshanSquare_ZhongshanSquare2_ZS2008,ISD_ZhongshanSquare_ZhongshanSquare2_ZS2008,test,,0.1.0,datasets/ISD/data/clips.csv,8a1ea73f74bd3c034371b4f5347eb9b51801e36deb5988f6a8956e356a762e4b
mosaiq-benchmark-v0.1-candidate-20260716,mosaiq-benchmark,0.1.0-dev,iso_paq_regression,0.1.0,ISD,clip,ISD_ZhongshanSquare_ZhongshanSquare2_ZS2009,ISD_ZhongshanSquare_ZhongshanSquare2_ZS2009,test,,0.1.0,datasets/ISD/data/clips.csv,ea1168a3a3bfd67c9aefcd8892611240c4f765a9c891be5e7047b4f41745ad84
mosaiq-benchmark-v0.1-candidate-20260716,mosaiq-benchmark,0.1.0-dev,iso_paq_regression,0.1.0,ISD,clip,ISD_ZhongshanSquare_ZhongshanSquare2_ZS2010,ISD_ZhongshanSquare_ZhongshanSquare2_ZS2010,test,,0.1.0,datasets/ISD/data/clips.csv,f57f9e56bd62e6fa5c5acd19fe07f80e0f9554e8090838573e1cecc8b63bfc51
mosaiq-benchmark-v0.1-candidate-20260716,mosaiq-benchmark,0.1.0-dev,iso_paq_regression,0.1.0,ISD,clip,ISD_ZhongshanSquare_ZhongshanSquare2_ZS2011,ISD_ZhongshanSquare_ZhongshanSquare2_ZS2011,test,,0.1.0,datasets/ISD/data/clips.csv,5c6a3a18ee658123ef4cb08a3290db75dbcadfa6fc2294acd79d402f378eeb96
mosaiq-benchmark-v0.1-candidate-20260716,mosaiq-benchmark,0.1.0-dev,iso_paq_regression,0.1.0,ISD,clip,ISD_ZhongshanSquare_ZhongshanSquare2_ZS2012,ISD_ZhongshanSquare_ZhongshanSquare2_ZS2012,test,,0.1.0,datasets/ISD/data/clips.csv,51955f8f1a867a0b0e33f025fe7063c41906c223ee875ec74e6714d661ea9226
mosaiq-benchmark-v0.1-candidate-20260716,mosaiq-benchmark,0.1.0-dev,iso_paq_regression,0.1.0,ISD,clip,ISD_ZhongshanSquare_ZhongshanSquare2_ZS2013,ISD_ZhongshanSquare_ZhongshanSquare2_ZS2013,test,,0.1.0,datasets/ISD/data/clips.csv,3668fe19aeba213409c452779da8946aea7bac44882fefea8b8e89f4b1bb08b7
mosaiq-benchmark-v0.1-candidate-20260716,mosaiq-benchmark,0.1.0-dev,iso_paq_regression,0.1.0,ISD,clip,ISD_ZhongshanSquare_ZhongshanSquare2_ZS2014,ISD_ZhongshanSquare_ZhongshanSquare2_ZS2014,test,,0.1.0,datasets/ISD/data/clips.csv,7bfac01f77a3050683f6fe791643743414915ac0ce1942c92d480f44959a79b8
mosaiq-benchmark-v0.1-candidate-20260716,mosaiq-benchmark,0.1.0-dev,iso_paq_regression,0.1.0,ISD,clip,ISD_ZhongshanSquare_ZhongshanSquare2_ZS2015,ISD_ZhongshanSquare_ZhongshanSquare2_ZS2015,test,,0.1.0,datasets/ISD/data/clips.csv,5d491b65e3ed49835983692d7e82894882e7516d1f7b1f5289851cacb1ac2dc4
mosaiq-benchmark-v0.1-candidate-20260716,mosaiq-benchmark,0.1.0-dev,iso_paq_regression,0.1.0,ISD,clip,ISD_ZhongshanSquare_ZhongshanSquare2_ZS2016,ISD_ZhongshanSquare_ZhongshanSquare2_ZS2016,test,,0.1.0,datasets/ISD/data/clips.csv,1f87f380f1d28a7452de6cde53ae31c35df8c4b40585d210e02209ec260f9054
mosaiq-benchmark-v0.1-candidate-20260716,mosaiq-benchmark,0.1.0-dev,iso_paq_regression,0.1.0,ISD,clip,ISD_ZhongshanSquare_ZhongshanSquare2_ZS2017,ISD_ZhongshanSquare_ZhongshanSquare2_ZS2017,test,,0.1.0,datasets/ISD/data/clips.csv,413fb77fc40223d6a1b853ed3b4e6e6c19547a29e71561f37a1c09848235f4ac
mosaiq-benchmark-v0.1-candidate-20260716,mosaiq-benchmark,0.1.0-dev,iso_paq_regression,0.1.0,ISD,clip,ISD_ZhongshanSquare_ZhongshanSquare2_ZS2018,ISD_ZhongshanSquare_ZhongshanSquare2_ZS2018,test,,0.1.0,datasets/ISD/data/clips.csv,4c116d832a12faf475642423422f3bd8498b9eac27a433804110c54a71c5b398
mosaiq-benchmark-v0.1-candidate-20260716,mosaiq-benchmark,0.1.0-dev,iso_paq_regression,0.1.0,ISD,clip,ISD_ZhongshanSquare_ZhongshanSquare2_ZS2019,ISD_ZhongshanSquare_ZhongshanSquare2_ZS2019,test,,0.1.0,datasets/ISD/data/clips.csv,10114e6481f8aa1276cc76aca508d4ac5400c7a92049b1d053e0c5ecd8a4a513
mosaiq-benchmark-v0.1-candidate-20260716,mosaiq-benchmark,0.1.0-dev,iso_paq_regression,0.1.0,ISD,clip,ISD_ZhongshanSquare_ZhongshanSquare2_ZS2020,ISD_ZhongshanSquare_ZhongshanSquare2_ZS2020,test,,0.1.0,datasets/ISD/data/clips.csv,2ff60bfdda8b57df73e8b0c097cfc1bb11d90a7022bdb32cce7c20d5b531db1b
mosaiq-benchmark-v0.1-candidate-20260716,mosaiq-benchmark,0.1.0-dev,iso_paq_regression,0.1.0,ISD,clip,ISD_ZhongshanSquare_ZhongshanSquare2_ZS2021,ISD_ZhongshanSquare_ZhongshanSquare2_ZS2021,test,,0.1.0,datasets/ISD/data/clips.csv,1eba54ac4c38b4b4f263a5c7a5146c780ff8356ba22faefa32de1e8e2fb52a30
mosaiq-benchmark-v0.1-candidate-20260716,mosaiq-benchmark,0.1.0-dev,iso_paq_regression,0.1.0,ISD,clip,ISD_ZhongshanSquare_ZhongshanSquare2_ZS2022,ISD_ZhongshanSquare_ZhongshanSquare2_ZS2022,test,,0.1.0,datasets/ISD/data/clips.csv,94b51f704e6b60d801f78892488e5660717cf0865b76ba5f862a3064aa52d27f
mosaiq-benchmark-v0.1-candidate-20260716,mosaiq-benchmark,0.1.0-dev,iso_paq_regression,0.1.0,ISD,clip,ISD_ZhongshanSquare_ZhongshanSquare2_ZS2023,ISD_ZhongshanSquare_ZhongshanSquare2_ZS2023,test,,0.1.0,datasets/ISD/data/clips.csv,fd0acbfbaa6725eac0c1746c75c77b9e4bf46732cf1feaa4f7de5342fefb9438
mosaiq-benchmark-v0.1-candidate-20260716,mosaiq-benchmark,0.1.0-dev,iso_paq_regression,0.1.0,ISD,clip,ISD_ZhongshanSquare_ZhongshanSquare2_ZS2024,ISD_ZhongshanSquare_ZhongshanSquare2_ZS2024,test,,0.1.0,datasets/ISD/data/clips.csv,286e5bacba92bb83a007d21e72bf098fe68dccce5c6b7989842413ed478ab1d3
mosaiq-benchmark-v0.1-candidate-20260716,mosaiq-benchmark,0.1.0-dev,iso_paq_regression,0.1.0,ISD,clip,ISD_ZhongshanSquare_ZhongshanSquare2_ZS2025,ISD_ZhongshanSquare_ZhongshanSquare2_ZS2025,test,,0.1.0,datasets/ISD/data/clips.csv,95aefd56c1157f22168de8492f54ab96f86e982dc724d35ebbe09caf654f6df1
mosaiq-benchmark-v0.1-candidate-20260716,mosaiq-benchmark,0.1.0-dev,iso_paq_regression,0.1.0,ISD,clip,ISD_ZhongshanSquare_ZhongshanSquare2_ZS2026,ISD_ZhongshanSquare_ZhongshanSquare2_ZS2026,test,,0.1.0,datasets/ISD/data/clips.csv,150f4c86802106cc68e33f56f724e6d6b7cbcd7abaf3d7ac4eac5d529151d6d9
mosaiq-benchmark-v0.1-candidate-20260716,mosaiq-benchmark,0.1.0-dev,iso_paq_regression,0.1.0,ISD,clip,ISD_ZhongshanSquare_ZhongshanSquare2_ZS2027,ISD_ZhongshanSquare_ZhongshanSquare2_ZS2027,test,,0.1.0,datasets/ISD/data/clips.csv,41e869e7e5010ae6fd740b1d189177e3ef57d0b2ecb73bef564cbf77559ef9da
mosaiq-benchmark-v0.1-candidate-20260716,mosaiq-benchmark,0.1.0-dev,iso_paq_regression,0.1.0,ISD,clip,ISD_ZhongshanSquare_ZhongshanSquare2_ZS2028,ISD_ZhongshanSquare_ZhongshanSquare2_ZS2028,test,,0.1.0,datasets/ISD/data/clips.csv,043d0d3326d740367b6bd75cba906014ccf7c42a53fcbe2e586e006fb6c45662
mosaiq-benchmark-v0.1-candidate-20260716,mosaiq-benchmark,0.1.0-dev,iso_paq_regression,0.1.0,ISD,clip,ISD_ZhongshanSquare_ZhongshanSquare2_ZS2029,ISD_ZhongshanSquare_ZhongshanSquare2_ZS2029,test,,0.1.0,datasets/ISD/data/clips.csv,e5ce324b90332e10e3be68097929a45a3c476dcaf3c8c9547fc05dbc633b2671
mosaiq-benchmark-v0.1-candidate-20260716,mosaiq-benchmark,0.1.0-dev,iso_paq_regression,0.1.0,ISD,clip,ISD_ZhongshanSquare_ZhongshanSquare2_ZS2030,ISD_ZhongshanSquare_ZhongshanSquare2_ZS2030,test,,0.1.0,datasets/ISD/data/clips.csv,c76596b1f39d96a5e196081355d5114657790d2160952a5e8abada4156173d8f
mosaiq-benchmark-v0.1-candidate-20260716,mosaiq-benchmark,0.1.0-dev,iso_paq_regression,0.1.0,ISD,clip,ISD_ZhongshanSquare_ZhongshanSquare2_ZS2031,ISD_ZhongshanSquare_ZhongshanSquare2_ZS2031,test,,0.1.0,datasets/ISD/data/clips.csv,a89ab4eabac7e278537bc50233b23819d4460d35d28d9fef2550844392787ea9
mosaiq-benchmark-v0.1-candidate-20260716,mosaiq-benchmark,0.1.0-dev,iso_paq_regression,0.1.0,ISD,clip,ISD_ZhongshanSquare_ZhongshanSquare2_ZS2032,ISD_ZhongshanSquare_ZhongshanSquare2_ZS2032,test,,0.1.0,datasets/ISD/data/clips.csv,c493b613cd6c30a7bfbc2f44fe06d69336eaf6c832168d690e5c2453b4e5c67f
mosaiq-benchmark-v0.1-candidate-20260716,mosaiq-benchmark,0.1.0-dev,iso_paq_regression,0.1.0,ISD,clip,ISD_ZhongshanSquare_ZhongshanSquare2_ZS2033,ISD_ZhongshanSquare_ZhongshanSquare2_ZS2033,test,,0.1.0,datasets/ISD/data/clips.csv,959e6a0151d20caff6dbfbbff555a5bfe99a9b6f62cadf9796a459a90c76559a
mosaiq-benchmark-v0.1-candidate-20260716,mosaiq-benchmark,0.1.0-dev,iso_paq_regression,0.1.0,ISD,clip,ISD_ZhongshanSquare_ZhongshanSquare2_ZS2034,ISD_ZhongshanSquare_ZhongshanSquare2_ZS2034,test,,0.1.0,datasets/ISD/data/clips.csv,ec072c3871608cd8417f7851042ce0f93c089852fac3ee5560cf1b841a932afc
mosaiq-benchmark-v0.1-candidate-20260716,mosaiq-benchmark,0.1.0-dev,iso_paq_regression,0.1.0,ISD,clip,ISD_ZhongshanSquare_ZhongshanSquare2_ZS2035,ISD_ZhongshanSquare_ZhongshanSquare2_ZS2035,test,,0.1.0,datasets/ISD/data/clips.csv,5b63ab552541fddeab71a0f6578c8f11bc5551e347264ae7ebc6dfbce85c1e0c
mosaiq-benchmark-v0.1-candidate-20260716,mosaiq-benchmark,0.1.0-dev,iso_paq_regression,0.1.0,ISD,clip,ISD_ZhongshanSquare_ZhongshanSquare2_ZS2036,ISD_ZhongshanSquare_ZhongshanSquare2_ZS2036,test,,0.1.0,datasets/ISD/data/clips.csv,785dde0b1f23b013e680b3c13a0694fc6bb8d59402ea61d13ab7241e5baa886d
mosaiq-benchmark-v0.1-candidate-20260716,mosaiq-benchmark,0.1.0-dev,iso_paq_regression,0.1.0,ISD,clip,ISD_ZhongshanSquare_ZhongshanSquare2_ZS2037,ISD_ZhongshanSquare_ZhongshanSquare2_ZS2037,test,,0.1.0,datasets/ISD/data/clips.csv,537041db66e5a49ebb158d6558d51d6ff5e61718d358b97c632174bc94600fb6
mosaiq-benchmark-v0.1-candidate-20260716,mosaiq-benchmark,0.1.0-dev,iso_paq_regression,0.1.0,ISD,clip,ISD_ZhongshanSquare_ZhongshanSquare2_ZS2038,ISD_ZhongshanSquare_ZhongshanSquare2_ZS2038,test,,0.1.0,datasets/ISD/data/clips.csv,e61519b6dcdba272ce2b051dd00f6a0fdcbeedfb6b3557ba7a30e58af754c5bf
mosaiq-benchmark-v0.1-candidate-20260716,mosaiq-benchmark,0.1.0-dev,iso_paq_regression,0.1.0,ISD,clip,ISD_ZhongshanSquare_ZhongshanSquare2_ZS2039,ISD_ZhongshanSquare_ZhongshanSquare2_ZS2039,test,,0.1.0,datasets/ISD/data/clips.csv,b7c776a7e09f7689f69551e12895523eeac83a584ed7be1f1e44d9ede2e86d8c
mosaiq-benchmark-v0.1-candidate-20260716,mosaiq-benchmark,0.1.0-dev,iso_paq_regression,0.1.0,ISD,clip,ISD_ZhongshanSquare_ZhongshanSquare2_ZS2040,ISD_ZhongshanSquare_ZhongshanSquare2_ZS2040,test,,0.1.0,datasets/ISD/data/clips.csv,cb0861e9126b4cf3871876b4c8a781067bc34863770a0f18bb2a9eaed5c3651d
mosaiq-benchmark-v0.1-candidate-20260716,mosaiq-benchmark,0.1.0-dev,iso_paq_regression,0.1.0,ISD,clip,ISD_ZhongshanSquare_ZhongshanSquare2_ZS2041,ISD_ZhongshanSquare_ZhongshanSquare2_ZS2041,test,,0.1.0,datasets/ISD/data/clips.csv,d9db6e637ea8c02838c12d8381cfc4655b60685172e3d3dea79f49ac498adb61
mosaiq-benchmark-v0.1-candidate-20260716,mosaiq-benchmark,0.1.0-dev,iso_paq_regression,0.1.0,ISD,clip,ISD_ZhongshanSquare_ZhongshanSquare2_ZS2042,ISD_ZhongshanSquare_ZhongshanSquare2_ZS2042,test,,0.1.0,datasets/ISD/data/clips.csv,0d7dfa9ad043aa5c5bf834cb8beada9e65304eaff6c19345d90fba7b9b396f5b
mosaiq-benchmark-v0.1-candidate-20260716,mosaiq-benchmark,0.1.0-dev,iso_paq_regression,0.1.0,ISD,clip,ISD_ZhongshanSquare_ZhongshanSquare2_ZS2043,ISD_ZhongshanSquare_ZhongshanSquare2_ZS2043,test,,0.1.0,datasets/ISD/data/clips.csv,16b52c5e3ccf654c021613ca0bcc70bdf9f0a689d37238265899a73db4df8204
mosaiq-benchmark-v0.1-candidate-20260716,mosaiq-benchmark,0.1.0-dev,iso_paq_regression,0.1.0,ISD,clip,ISD_ZhongshanSquare_ZhongshanSquare2_ZS2044,ISD_ZhongshanSquare_ZhongshanSquare2_ZS2044,test,,0.1.0,datasets/ISD/data/clips.csv,395a0c78f2464db8d590ba0702a31643ff6c18d7672a0f385cd279add55bb6d4
mosaiq-benchmark-v0.1-candidate-20260716,mosaiq-benchmark,0.1.0-dev,iso_paq_regression,0.1.0,ISD,clip,ISD_ZhongshanSquare_ZhongshanSquare2_ZS2045,ISD_ZhongshanSquare_ZhongshanSquare2_ZS2045,test,,0.1.0,datasets/ISD/data/clips.csv,b0271cc04cd1fa7294cafd5bb47009671e61a423a10b74e1ddc9993590c0c804
mosaiq-benchmark-v0.1-candidate-20260716,mosaiq-benchmark,0.1.0-dev,iso_paq_regression,0.1.0,ISD,clip,ISD_ZhongshanSquare_ZhongshanSquare2_ZS2046,ISD_ZhongshanSquare_ZhongshanSquare2_ZS2046,test,,0.1.0,datasets/ISD/data/clips.csv,db7e96b921ab7330c8466cfdf8c301167d74999682934424463f3b6a45306a9f
mosaiq-benchmark-v0.1-candidate-20260716,mosaiq-benchmark,0.1.0-dev,iso_paq_regression,0.1.0,ISD,clip,ISD_ZhongshanSquare_ZhongshanSquare2_ZS2047,ISD_ZhongshanSquare_ZhongshanSquare2_ZS2047,test,,0.1.0,datasets/ISD/data/clips.csv,3b4ff7eb00b58be7d0a6ca02cc3a10868fbb5cc1faffc8db2517f269914af294
mosaiq-benchmark-v0.1-candidate-20260716,mosaiq-benchmark,0.1.0-dev,iso_paq_regression,0.1.0,ISD,clip,ISD_ZhongshanSquare_ZhongshanSquare2_ZS2048,ISD_ZhongshanSquare_ZhongshanSquare2_ZS2048,test,,0.1.0,datasets/ISD/data/clips.csv,fb9d051156f574c9db0c374c3d9876b1f514aebf5b9817c348088ed31c7d2f54
mosaiq-benchmark-v0.1-candidate-20260716,mosaiq-benchmark,0.1.0-dev,iso_paq_regression,0.1.0,ISD,clip,ISD_ZhongshanSquare_ZhongshanSquare2_ZS2049,ISD_ZhongshanSquare_ZhongshanSquare2_ZS2049,test,,0.1.0,datasets/ISD/data/clips.csv,9fb0838d4dd7d6cf1c9366d5d2becdbac62cb7d9216741988df383a7534ebf1d
mosaiq-benchmark-v0.1-candidate-20260716,mosaiq-benchmark,0.1.0-dev,iso_paq_regression,0.1.0,ISD,clip,ISD_ZhongshanSquare_ZhongshanSquare2_ZS2050,ISD_ZhongshanSquare_ZhongshanSquare2_ZS2050,test,,0.1.0,datasets/ISD/data/clips.csv,e7fa98e3ae8790b3cc2c92acff4da5deed3394efb860550d7a233f808bac1bea
mosaiq-benchmark-v0.1-candidate-20260716,mosaiq-benchmark,0.1.0-dev,iso_paq_regression,0.1.0,ISD,clip,ISD_ZhongshanSquare_ZhongshanSquare2_ZS2051,ISD_ZhongshanSquare_ZhongshanSquare2_ZS2051,test,,0.1.0,datasets/ISD/data/clips.csv,d8e61b2e5ef1e450c837d0a5be4c979a8fd1819fa3e398d72b5fd53eccde8264
mosaiq-benchmark-v0.1-candidate-20260716,mosaiq-benchmark,0.1.0-dev,iso_paq_regression,0.1.0,ISD,clip,ISD_ZhongshanSquare_ZhongshanSquare2_ZS2052,ISD_ZhongshanSquare_ZhongshanSquare2_ZS2052,test,,0.1.0,datasets/ISD/data/clips.csv,6cf6aec6ae9d78629945196d60e3f519702f70086b38b9b507f27db8e23c05c0
mosaiq-benchmark-v0.1-candidate-20260716,mosaiq-benchmark,0.1.0-dev,iso_paq_regression,0.1.0,ISD,clip,ISD_ZhongshanSquare_ZhongshanSquare2_ZS2053,ISD_ZhongshanSquare_ZhongshanSquare2_ZS2053,test,,0.1.0,datasets/ISD/data/clips.csv,7a2064b6754b137b7f87a6e4638909044df68684d868b674758209bdfa58831c
mosaiq-benchmark-v0.1-candidate-20260716,mosaiq-benchmark,0.1.0-dev,iso_paq_regression,0.1.0,ISD,clip,ISD_ZhongshanSquare_ZhongshanSquare2_ZS2054,ISD_ZhongshanSquare_ZhongshanSquare2_ZS2054,test,,0.1.0,datasets/ISD/data/clips.csv,13e8d1f833a9a7eb2a08d9fbd24ddfdf077e7b7267bd52b2529a724dfad5304b
mosaiq-benchmark-v0.1-candidate-20260716,mosaiq-benchmark,0.1.0-dev,iso_paq_regression,0.1.0,ISD,clip,ISD_ZhongshanSquare_ZhongshanSquare2_ZS2055,ISD_ZhongshanSquare_ZhongshanSquare2_ZS2055,test,,0.1.0,datasets/ISD/data/clips.csv,4cf1e963bec2ff2d7f5d171c8d179c33e39a2d9be5b6ebae43c2e1796373c495
mosaiq-benchmark-v0.1-candidate-20260716,mosaiq-benchmark,0.1.0-dev,iso_paq_regression,0.1.0,ISD,clip,ISD_ZhongshanSquare_ZhongshanSquare2_ZS2056,ISD_ZhongshanSquare_ZhongshanSquare2_ZS2056,test,,0.1.0,datasets/ISD/data/clips.csv,c4d5749827e58a3f968fbc16eca2625ded430d93a01b336a670c7b34203c0931
mosaiq-benchmark-v0.1-candidate-20260716,mosaiq-benchmark,0.1.0-dev,iso_paq_regression,0.1.0,ISD,clip,ISD_ZhongshanSquare_ZhongshanSquare2_ZS2057,ISD_ZhongshanSquare_ZhongshanSquare2_ZS2057,test,,0.1.0,datasets/ISD/data/clips.csv,205646539163062c1b2e1047de70723b06cec68fa0f9b1badd135a8771e82572
mosaiq-benchmark-v0.1-candidate-20260716,mosaiq-benchmark,0.1.0-dev,iso_paq_regression,0.1.0,ISD,clip,ISD_ZhongshanSquare_ZhongshanSquare2_ZS2058,ISD_ZhongshanSquare_ZhongshanSquare2_ZS2058,test,,0.1.0,datasets/ISD/data/clips.csv,f2b79a819b60ee5d89b81bf7d25d1f0f786f1a209d5964f9dc8beb11326bed49
mosaiq-benchmark-v0.1-candidate-20260716,mosaiq-benchmark,0.1.0-dev,iso_paq_regression,0.1.0,ISD,clip,ISD_ZhongshanSquare_ZhongshanSquare2_ZS2059,ISD_ZhongshanSquare_ZhongshanSquare2_ZS2059,test,,0.1.0,datasets/ISD/data/clips.csv,db18c30d97526f8cae73c6ae6cbbb34050c4e73f3ccb97d804111e5677f5ff14
mosaiq-benchmark-v0.1-candidate-20260716,mosaiq-benchmark,0.1.0-dev,iso_paq_regression,0.1.0,ISD,clip,ISD_ZhongshanSquare_ZhongshanSquare2_ZS2060,ISD_ZhongshanSquare_ZhongshanSquare2_ZS2060,test,,0.1.0,datasets/ISD/data/clips.csv,2bdad281f3432a30f058ec999bdde3ebe8e6d4c5dcc92320ad584e11f20623ed
mosaiq-benchmark-v0.1-candidate-20260716,mosaiq-benchmark,0.1.0-dev,iso_paq_regression,0.1.0,ISD,clip,ISD_ZhongshanSquare_ZhongshanSquare2_ZS2061,ISD_ZhongshanSquare_ZhongshanSquare2_ZS2061,test,,0.1.0,datasets/ISD/data/clips.csv,b0d22f1d6b3d4d45e9a360f189f2e458ab93e493e526a0577a5d86f00c8ef705
mosaiq-benchmark-v0.1-candidate-20260716,mosaiq-benchmark,0.1.0-dev,iso_paq_regression,0.1.0,ISD,clip,ISD_ZhongshanSquare_ZhongshanSquare2_ZS2062,ISD_ZhongshanSquare_ZhongshanSquare2_ZS2062,test,,0.1.0,datasets/ISD/data/clips.csv,5278469a0a1a9afd869be60314b292993684dcf4c41b9e7c7284a5246cfa12ac
mosaiq-benchmark-v0.1-candidate-20260716,mosaiq-benchmark,0.1.0-dev,iso_paq_regression,0.1.0,ISD,clip,ISD_ZhongshanSquare_ZhongshanSquare2_ZS2063,ISD_ZhongshanSquare_ZhongshanSquare2_ZS2063,test,,0.1.0,datasets/ISD/data/clips.csv,babdc2e912d6c5e147d08eef5e757482ff617582a0056ed4b1cafc21ba4a973b
mosaiq-benchmark-v0.1-candidate-20260716,mosaiq-benchmark,0.1.0-dev,iso_paq_regression,0.1.0,ISD,clip,ISD_ZhongshanSquare_ZhongshanSquare2_ZS2064,ISD_ZhongshanSquare_ZhongshanSquare2_ZS2064,test,,0.1.0,datasets/ISD/data/clips.csv,948ee76fe0b098d1959a6301e27915534faa03af93ce7f798df21a9c20b9c760
mosaiq-benchmark-v0.1-candidate-20260716,mosaiq-benchmark,0.1.0-dev,iso_paq_regression,0.1.0,ISD,clip,ISD_ZhongshanSquare_ZhongshanSquare2_ZS2065,ISD_ZhongshanSquare_ZhongshanSquare2_ZS2065,test,,0.1.0,datasets/ISD/data/clips.csv,d6250ca16473b54b4149dff4425b1537369798519f623c6a9965120be8bbe64c
mosaiq-benchmark-v0.1-candidate-20260716,mosaiq-benchmark,0.1.0-dev,iso_paq_regression,0.1.0,ISD,clip,ISD_ZhongshanSquare_ZhongshanSquare2_ZS2066,ISD_ZhongshanSquare_ZhongshanSquare2_ZS2066,test,,0.1.0,datasets/ISD/data/clips.csv,733f8b2c878c058cb7739b3553077cc148ed13e1e49027a5a8347b4325c85cc8
mosaiq-benchmark-v0.1-candidate-20260716,mosaiq-benchmark,0.1.0-dev,iso_paq_regression,0.1.0,ISD,clip,ISD_ZhongshanSquare_ZhongshanSquare2_ZS2067,ISD_ZhongshanSquare_ZhongshanSquare2_ZS2067,test,,0.1.0,datasets/ISD/data/clips.csv,e8dbe2d1e3013ee3b1b54499b95f08ad1abb155767edca164e098de3f1f575b7
mosaiq-benchmark-v0.1-candidate-20260716,mosaiq-benchmark,0.1.0-dev,iso_paq_regression,0.1.0,ISD,clip,ISD_ZhongshanSquare_ZhongshanSquare2_ZS2068,ISD_ZhongshanSquare_ZhongshanSquare2_ZS2068,test,,0.1.0,datasets/ISD/data/clips.csv,78bd5cd5d2ef188a8e7993566a9a6aa69fefbb080e8c7a0e4a93c2ab708b8120
mosaiq-benchmark-v0.1-candidate-20260716,mosaiq-benchmark,0.1.0-dev,iso_paq_regression,0.1.0,ISD,clip,ISD_ZhongshanSquare_ZhongshanSquare2_ZS2069,ISD_ZhongshanSquare_ZhongshanSquare2_ZS2069,test,,0.1.0,datasets/ISD/data/clips.csv,8f76586ca92f0dfd821e4d151b272c09933469bf41876d84940604b04eda1d64
mosaiq-benchmark-v0.1-candidate-20260716,mosaiq-benchmark,0.1.0-dev,iso_paq_regression,0.1.0,ISD,clip,ISD_ZhongshanSquare_ZhongshanSquare2_ZS2070,ISD_ZhongshanSquare_ZhongshanSquare2_ZS2070,test,,0.1.0,datasets/ISD/data/clips.csv,4bfa0b7cc715ed249286ec9549f1b59764ad835534cd889511c4ce261fe6f152
mosaiq-benchmark-v0.1-candidate-20260716,mosaiq-benchmark,0.1.0-dev,iso_paq_regression,0.1.0,ISD,clip,ISD_ZhongshanSquare_ZhongshanSquare2_ZS2071,ISD_ZhongshanSquare_ZhongshanSquare2_ZS2071,test,,0.1.0,datasets/ISD/data/clips.csv,796431c7ffabb6e5b6bd93be63fd9db6e36c08c75acfc554551465bca6b55013
mosaiq-benchmark-v0.1-candidate-20260716,mosaiq-benchmark,0.1.0-dev,iso_paq_regression,0.1.0,ISD,clip,ISD_ZhongshanSquare_ZhongshanSquare2_ZS2072,ISD_ZhongshanSquare_ZhongshanSquare2_ZS2072,test,,0.1.0,datasets/ISD/data/clips.csv,b6a964469e20a8fcb438c50ac00d23d41ef4cdbfb4e6141691dc8fdf98daa8f8
mosaiq-benchmark-v0.1-candidate-20260716,mosaiq-benchmark,0.1.0-dev,iso_paq_regression,0.1.0,ISD,clip,ISD_ZhongshanSquare_ZhongshanSquare2_ZS2073,ISD_ZhongshanSquare_ZhongshanSquare2_ZS2073,test,,0.1.0,datasets/ISD/data/clips.csv,012c639a862608d5cd3c1c6ebcdce4b812662ba8ad8ad98dfd8cc397241d7717
mosaiq-benchmark-v0.1-candidate-20260716,mosaiq-benchmark,0.1.0-dev,iso_paq_regression,0.1.0,ISD,clip,ISD_ZhongshanSquare_ZhongshanSquare2_ZS2074,ISD_ZhongshanSquare_ZhongshanSquare2_ZS2074,test,,0.1.0,datasets/ISD/data/clips.csv,042176c98f102a8e23b31c30176787944a6528c58d2f2676f34a795a4b5e527f
mosaiq-benchmark-v0.1-candidate-20260716,mosaiq-benchmark,0.1.0-dev,iso_paq_regression,0.1.0,ISD,clip,ISD_ZhongshanSquare_ZhongshanSquare2_ZS2075,ISD_ZhongshanSquare_ZhongshanSquare2_ZS2075,test,,0.1.0,datasets/ISD/data/clips.csv,b9c94173431f97509292650942c7295d690a21c8e1772c486ccbc54b89c6b27c
mosaiq-benchmark-v0.1-candidate-20260716,mosaiq-benchmark,0.1.0-dev,iso_paq_regression,0.1.0,ISD,clip,ISD_ZhongshanSquare_ZhongshanSquare2_ZS2076,ISD_ZhongshanSquare_ZhongshanSquare2_ZS2076,test,,0.1.0,datasets/ISD/data/clips.csv,2cbbece5cbcbd3a30387561bec4109bef795457b2ba74efeb50a69797f3e3c2e
mosaiq-benchmark-v0.1-candidate-20260716,mosaiq-benchmark,0.1.0-dev,iso_paq_regression,0.1.0,ISD,clip,ISD_ZhongshanSquare_ZhongshanSquare2_ZS2077,ISD_ZhongshanSquare_ZhongshanSquare2_ZS2077,test,,0.1.0,datasets/ISD/data/clips.csv,aa758aac98621f73d626ccaab41476e461acd039d26bf4ea6d8e89a6cdc02e6b
mosaiq-benchmark-v0.1-candidate-20260716,mosaiq-benchmark,0.1.0-dev,iso_paq_regression,0.1.0,ISD,clip,ISD_ZhongshanSquare_ZhongshanSquare2_ZS2078,ISD_ZhongshanSquare_ZhongshanSquare2_ZS2078,test,,0.1.0,datasets/ISD/data/clips.csv,9ef9b97da9b9eda62b8f7baa72f0a17953ca71df3a1050df544aa4b84420a63c
mosaiq-benchmark-v0.1-candidate-20260716,mosaiq-benchmark,0.1.0-dev,iso_paq_regression,0.1.0,ISD,clip,ISD_ZhongshanSquare_ZhongshanSquare2_ZS2079,ISD_ZhongshanSquare_ZhongshanSquare2_ZS2079,test,,0.1.0,datasets/ISD/data/clips.csv,d730e370c148b6f604e33419305840d7a3664b06640a986ab7e9c112f5a02ee5
mosaiq-benchmark-v0.1-candidate-20260716,mosaiq-benchmark,0.1.0-dev,iso_paq_regression,0.1.0,ISD,clip,ISD_ZhongshanSquare_ZhongshanSquare2_ZS2080,ISD_ZhongshanSquare_ZhongshanSquare2_ZS2080,test,,0.1.0,datasets/ISD/data/clips.csv,e6cbbf49dd9ba730be99c2052e5faea1e7e0d415c0a1f5c0de96fa801561b8d5
mosaiq-benchmark-v0.1-candidate-20260716,mosaiq-benchmark,0.1.0-dev,iso_paq_regression,0.1.0,ISD,clip,ISD_ZhongshanSquare_ZhongshanSquare2_ZS2081,ISD_ZhongshanSquare_ZhongshanSquare2_ZS2081,test,,0.1.0,datasets/ISD/data/clips.csv,59428271ec391ffd663684d02cc1b556510728385e4e60957f655d2de04e310a
mosaiq-benchmark-v0.1-candidate-20260716,mosaiq-benchmark,0.1.0-dev,iso_paq_regression,0.1.0,ISD,clip,ISD_ZhongshanSquare_ZhongshanSquare3_ZS3001,ISD_ZhongshanSquare_ZhongshanSquare3_ZS3001,test,,0.1.0,datasets/ISD/data/clips.csv,0a2110a29bbcd164a060ce1dc64b1f666ccea57490607a01df5b38e91179d3d9
mosaiq-benchmark-v0.1-candidate-20260716,mosaiq-benchmark,0.1.0-dev,iso_paq_regression,0.1.0,ISD,clip,ISD_ZhongshanSquare_ZhongshanSquare3_ZS3002,ISD_ZhongshanSquare_ZhongshanSquare3_ZS3002,test,,0.1.0,datasets/ISD/data/clips.csv,f0dc8dc13866f5069fb20af689da66faa413b8ff41d1775195b0db3a4cf847b1
mosaiq-benchmark-v0.1-candidate-20260716,mosaiq-benchmark,0.1.0-dev,iso_paq_regression,0.1.0,ISD,clip,ISD_ZhongshanSquare_ZhongshanSquare3_ZS3003,ISD_ZhongshanSquare_ZhongshanSquare3_ZS3003,test,,0.1.0,datasets/ISD/data/clips.csv,03f2fe333c272164fdd3247c49533ebff13b45deafd6631a980143d154e2ba80
mosaiq-benchmark-v0.1-candidate-20260716,mosaiq-benchmark,0.1.0-dev,iso_paq_regression,0.1.0,ISD,clip,ISD_ZhongshanSquare_ZhongshanSquare3_ZS3004,ISD_ZhongshanSquare_ZhongshanSquare3_ZS3004,test,,0.1.0,datasets/ISD/data/clips.csv,461fcc6a73dd61dfd56097fbc525eed9aa841016914716701840205d5954f04e
mosaiq-benchmark-v0.1-candidate-20260716,mosaiq-benchmark,0.1.0-dev,iso_paq_regression,0.1.0,ISD,clip,ISD_ZhongshanSquare_ZhongshanSquare3_ZS3005,ISD_ZhongshanSquare_ZhongshanSquare3_ZS3005,test,,0.1.0,datasets/ISD/data/clips.csv,b15b0da6dec4d8a492e325a68f29b3e0da019c33a3a0a9513f65610f99057a29
mosaiq-benchmark-v0.1-candidate-20260716,mosaiq-benchmark,0.1.0-dev,iso_paq_regression,0.1.0,ISD,clip,ISD_ZhongshanSquare_ZhongshanSquare3_ZS3006,ISD_ZhongshanSquare_ZhongshanSquare3_ZS3006,test,,0.1.0,datasets/ISD/data/clips.csv,e802d2f64385eccccc92c6e4027050ede5bd15854e5e7a96c83c47ba40e51159
mosaiq-benchmark-v0.1-candidate-20260716,mosaiq-benchmark,0.1.0-dev,iso_paq_regression,0.1.0,ISD,clip,ISD_ZhongshanSquare_ZhongshanSquare3_ZS3007,ISD_ZhongshanSquare_ZhongshanSquare3_ZS3007,test,,0.1.0,datasets/ISD/data/clips.csv,5c348477162cee4462b71513ec7c0931dc8ab8c92bb1b4089bee721ec97d2879
mosaiq-benchmark-v0.1-candidate-20260716,mosaiq-benchmark,0.1.0-dev,iso_paq_regression,0.1.0,ISD,clip,ISD_ZhongshanSquare_ZhongshanSquare3_ZS3008,ISD_ZhongshanSquare_ZhongshanSquare3_ZS3008,test,,0.1.0,datasets/ISD/data/clips.csv,8e8425a4dd762f1eb00bfe98b3f60f94cca004e766bde45d4f3103d3332ab245
mosaiq-benchmark-v0.1-candidate-20260716,mosaiq-benchmark,0.1.0-dev,iso_paq_regression,0.1.0,ISD,clip,ISD_ZhongshanSquare_ZhongshanSquare3_ZS3009,ISD_ZhongshanSquare_ZhongshanSquare3_ZS3009,test,,0.1.0,datasets/ISD/data/clips.csv,cc074b6477a5b80b61d24cc692ec866ee94b1d5a451ed8e40da6d262d57d47a1
mosaiq-benchmark-v0.1-candidate-20260716,mosaiq-benchmark,0.1.0-dev,iso_paq_regression,0.1.0,ISD,clip,ISD_ZhongshanSquare_ZhongshanSquare3_ZS3010,ISD_ZhongshanSquare_ZhongshanSquare3_ZS3010,test,,0.1.0,datasets/ISD/data/clips.csv,5e9f16decc0add0bd72e7f5850d99cf5523252b65e9fdacce1ad5d37a7a0ddac
mosaiq-benchmark-v0.1-candidate-20260716,mosaiq-benchmark,0.1.0-dev,iso_paq_regression,0.1.0,ISD,clip,ISD_ZhongshanSquare_ZhongshanSquare3_ZS3011,ISD_ZhongshanSquare_ZhongshanSquare3_ZS3011,test,,0.1.0,datasets/ISD/data/clips.csv,a2f64a3af873a93857f50b2ea2942165cef5150d68179e19df6b1e8c141b79e0
mosaiq-benchmark-v0.1-candidate-20260716,mosaiq-benchmark,0.1.0-dev,iso_paq_regression,0.1.0,ISD,clip,ISD_ZhongshanSquare_ZhongshanSquare3_ZS3012,ISD_ZhongshanSquare_ZhongshanSquare3_ZS3012,test,,0.1.0,datasets/ISD/data/clips.csv,871666b05cc3946fc8094bf9ac737e6e627c3533f2a0cc90f4b6d1c01fbec0dc
mosaiq-benchmark-v0.1-candidate-20260716,mosaiq-benchmark,0.1.0-dev,iso_paq_regression,0.1.0,ISD,clip,ISD_ZhongshanSquare_ZhongshanSquare3_ZS3013,ISD_ZhongshanSquare_ZhongshanSquare3_ZS3013,test,,0.1.0,datasets/ISD/data/clips.csv,eb44b0d46f0e1ea705768e9e962455efe2674b3dfc7593db528bf7c8ffc5ebf1
mosaiq-benchmark-v0.1-candidate-20260716,mosaiq-benchmark,0.1.0-dev,iso_paq_regression,0.1.0,ISD,clip,ISD_ZhongshanSquare_ZhongshanSquare3_ZS3014,ISD_ZhongshanSquare_ZhongshanSquare3_ZS3014,test,,0.1.0,datasets/ISD/data/clips.csv,19b96f6e112d74e1c6b460199ea27d4e31823f845bc5ebe2b734f794256a6c13
mosaiq-benchmark-v0.1-candidate-20260716,mosaiq-benchmark,0.1.0-dev,iso_paq_regression,0.1.0,ISD,clip,ISD_ZhongshanSquare_ZhongshanSquare3_ZS3015,ISD_ZhongshanSquare_ZhongshanSquare3_ZS3015,test,,0.1.0,datasets/ISD/data/clips.csv,46684451a3c4b7500762ff5ec003116e73e046fa56423ed4de5d2985d517c9a9
mosaiq-benchmark-v0.1-candidate-20260716,mosaiq-benchmark,0.1.0-dev,iso_paq_regression,0.1.0,ISD,clip,ISD_ZhongshanSquare_ZhongshanSquare3_ZS3016,ISD_ZhongshanSquare_ZhongshanSquare3_ZS3016,test,,0.1.0,datasets/ISD/data/clips.csv,6d8c57d900d8abf8d302683633cd170b0df1707e2c31352734b9250a6148b044
mosaiq-benchmark-v0.1-candidate-20260716,mosaiq-benchmark,0.1.0-dev,iso_paq_regression,0.1.0,ISD,clip,ISD_ZhongshanSquare_ZhongshanSquare3_ZS3017,ISD_ZhongshanSquare_ZhongshanSquare3_ZS3017,test,,0.1.0,datasets/ISD/data/clips.csv,b74fefc4e7ac1328bba5c55aac9921844f6f197e8467f045b34fdbb950fe92c8
mosaiq-benchmark-v0.1-candidate-20260716,mosaiq-benchmark,0.1.0-dev,iso_paq_regression,0.1.0,ISD,clip,ISD_ZhongshanSquare_ZhongshanSquare3_ZS3018,ISD_ZhongshanSquare_ZhongshanSquare3_ZS3018,test,,0.1.0,datasets/ISD/data/clips.csv,b11d346e6ca5371c00763fa4e5a069e4890c06aa711d1f94d0c1b4fd19a525b1
mosaiq-benchmark-v0.1-candidate-20260716,mosaiq-benchmark,0.1.0-dev,iso_paq_regression,0.1.0,ISD,clip,ISD_ZhongshanSquare_ZhongshanSquare3_ZS3019,ISD_ZhongshanSquare_ZhongshanSquare3_ZS3019,test,,0.1.0,datasets/ISD/data/clips.csv,8bb7b24721491deb25234a77680a178176fdeaeb738af261f36c26ab2dc759a7
mosaiq-benchmark-v0.1-candidate-20260716,mosaiq-benchmark,0.1.0-dev,iso_paq_regression,0.1.0,ISD,clip,ISD_ZhongshanSquare_ZhongshanSquare3_ZS3020,ISD_ZhongshanSquare_ZhongshanSquare3_ZS3020,test,,0.1.0,datasets/ISD/data/clips.csv,66267a22c4a2a9b46cf73ff0bb7ef1a822e83dc45f051ef738c21c93fcb27af5
mosaiq-benchmark-v0.1-candidate-20260716,mosaiq-benchmark,0.1.0-dev,iso_paq_regression,0.1.0,ISD,clip,ISD_ZhongshanSquare_ZhongshanSquare3_ZS3021,ISD_ZhongshanSquare_ZhongshanSquare3_ZS3021,test,,0.1.0,datasets/ISD/data/clips.csv,82bfd23d28935aeda8d63a8a013919e7ce36fb5dcc341ecab1ec5f5e9dc6f2e6
mosaiq-benchmark-v0.1-candidate-20260716,mosaiq-benchmark,0.1.0-dev,iso_paq_regression,0.1.0,ISD,clip,ISD_ZhongshanSquare_ZhongshanSquare3_ZS3022,ISD_ZhongshanSquare_ZhongshanSquare3_ZS3022,test,,0.1.0,datasets/ISD/data/clips.csv,35efecad84c2493545e4fce93a10178f7ff6ffe679b2fcff039b66c3b2fadb8f
mosaiq-benchmark-v0.1-candidate-20260716,mosaiq-benchmark,0.1.0-dev,iso_paq_regression,0.1.0,ISD,clip,ISD_ZhongshanSquare_ZhongshanSquare3_ZS3023,ISD_ZhongshanSquare_ZhongshanSquare3_ZS3023,test,,0.1.0,datasets/ISD/data/clips.csv,c8c6799e32c06dde56b9cebb618b594fb9fbe9e3946b81a080ba11d867988485
mosaiq-benchmark-v0.1-candidate-20260716,mosaiq-benchmark,0.1.0-dev,iso_paq_regression,0.1.0,ISD,clip,ISD_ZhongshanSquare_ZhongshanSquare3_ZS3024,ISD_ZhongshanSquare_ZhongshanSquare3_ZS3024,test,,0.1.0,datasets/ISD/data/clips.csv,63f84da1d244efa97a92ac5854042764fc72226ca07dd7fadc4b3be9a575784d
mosaiq-benchmark-v0.1-candidate-20260716,mosaiq-benchmark,0.1.0-dev,iso_paq_regression,0.1.0,ISD,clip,ISD_ZhongshanSquare_ZhongshanSquare3_ZS3025,ISD_ZhongshanSquare_ZhongshanSquare3_ZS3025,test,,0.1.0,datasets/ISD/data/clips.csv,7a6f87b77f85ab726b79577d73549e06cfbaa647e569e611490534cb84d34295
mosaiq-benchmark-v0.1-candidate-20260716,mosaiq-benchmark,0.1.0-dev,iso_paq_regression,0.1.0,ISD,clip,ISD_ZhongshanSquare_ZhongshanSquare3_ZS3026,ISD_ZhongshanSquare_ZhongshanSquare3_ZS3026,test,,0.1.0,datasets/ISD/data/clips.csv,73c36e2b232569ac420ab19d31b3005b4fa51fb6dadcc428f93161f354d99d57
mosaiq-benchmark-v0.1-candidate-20260716,mosaiq-benchmark,0.1.0-dev,iso_paq_regression,0.1.0,ISD,clip,ISD_ZhongshanSquare_ZhongshanSquare3_ZS3027,ISD_ZhongshanSquare_ZhongshanSquare3_ZS3027,test,,0.1.0,datasets/ISD/data/clips.csv,b236a99a5099763b1feb855c4075e84f859f5a1dc58ef4efb158b9c1d4374045
mosaiq-benchmark-v0.1-candidate-20260716,mosaiq-benchmark,0.1.0-dev,iso_paq_regression,0.1.0,ISD,clip,ISD_ZhongshanSquare_ZhongshanSquare3_ZS3028,ISD_ZhongshanSquare_ZhongshanSquare3_ZS3028,test,,0.1.0,datasets/ISD/data/clips.csv,97ade3616cf31eb9ecfe21638c4bcb940ea84ca69df06153a69b38d900b27b2d
mosaiq-benchmark-v0.1-candidate-20260716,mosaiq-benchmark,0.1.0-dev,iso_paq_regression,0.1.0,ISD,clip,ISD_ZhongshanSquare_ZhongshanSquare3_ZS3029,ISD_ZhongshanSquare_ZhongshanSquare3_ZS3029,test,,0.1.0,datasets/ISD/data/clips.csv,7257cca83bd7d4d322f9df45c6b5d9138dd1ce88bde2de4c3c31b6b21fe1a9d7
mosaiq-benchmark-v0.1-candidate-20260716,mosaiq-benchmark,0.1.0-dev,iso_paq_regression,0.1.0,ISD,clip,ISD_ZhongshanSquare_ZhongshanSquare3_ZS3030,ISD_ZhongshanSquare_ZhongshanSquare3_ZS3030,test,,0.1.0,datasets/ISD/data/clips.csv,dbb937f77637530babc07ea6f534dca7e3c8d73c8b64f1dabdd50074fa075253
mosaiq-benchmark-v0.1-candidate-20260716,mosaiq-benchmark,0.1.0-dev,iso_paq_regression,0.1.0,ISD,clip,ISD_ZhongshanSquare_ZhongshanSquare3_ZS3031,ISD_ZhongshanSquare_ZhongshanSquare3_ZS3031,test,,0.1.0,datasets/ISD/data/clips.csv,51ee70a8b3db9d9a870c91d6205a59be3855c0fd249bab8c4e6d4d82bc4f3426
mosaiq-benchmark-v0.1-candidate-20260716,mosaiq-benchmark,0.1.0-dev,iso_paq_regression,0.1.0,ISD,clip,ISD_ZhongshanSquare_ZhongshanSquare3_ZS3032,ISD_ZhongshanSquare_ZhongshanSquare3_ZS3032,test,,0.1.0,datasets/ISD/data/clips.csv,3714a8ca03e2b038a624fcca1bb433ca18f3bb155070c6b11834e29374488a33
mosaiq-benchmark-v0.1-candidate-20260716,mosaiq-benchmark,0.1.0-dev,iso_paq_regression,0.1.0,ISD,clip,ISD_ZhongshanSquare_ZhongshanSquare3_ZS3033,ISD_ZhongshanSquare_ZhongshanSquare3_ZS3033,test,,0.1.0,datasets/ISD/data/clips.csv,0cac5ae1113c9ccaeb7e870e8c0c6098ffb5773923135af49b33cf01e6e62caa
mosaiq-benchmark-v0.1-candidate-20260716,mosaiq-benchmark,0.1.0-dev,iso_paq_regression,0.1.0,ISD,clip,ISD_ZhongshanSquare_ZhongshanSquare3_ZS3034,ISD_ZhongshanSquare_ZhongshanSquare3_ZS3034,test,,0.1.0,datasets/ISD/data/clips.csv,b6b28fe8e657e397262bef93915f71d55524355017f8b066e714689dcf0b3cbf
mosaiq-benchmark-v0.1-candidate-20260716,mosaiq-benchmark,0.1.0-dev,iso_paq_regression,0.1.0,ISD,clip,ISD_ZhongshanSquare_ZhongshanSquare3_ZS3035,ISD_ZhongshanSquare_ZhongshanSquare3_ZS3035,test,,0.1.0,datasets/ISD/data/clips.csv,037c3dfea16d38ebd0efd7bfb2e9b245a5ac02c94c64417fce3afa5bd75c98c6
mosaiq-benchmark-v0.1-candidate-20260716,mosaiq-benchmark,0.1.0-dev,iso_paq_regression,0.1.0,ISD,clip,ISD_ZhongshanSquare_ZhongshanSquare3_ZS3036,ISD_ZhongshanSquare_ZhongshanSquare3_ZS3036,test,,0.1.0,datasets/ISD/data/clips.csv,9cbe84f4078ea8ea70f4a85dc01bb581f94f9160416d35cc921a4a1bd913939e
mosaiq-benchmark-v0.1-candidate-20260716,mosaiq-benchmark,0.1.0-dev,iso_paq_regression,0.1.0,ISD,clip,ISD_ZhongshanSquare_ZhongshanSquare3_ZS3037,ISD_ZhongshanSquare_ZhongshanSquare3_ZS3037,test,,0.1.0,datasets/ISD/data/clips.csv,acacfa0126c993c44fd1fa5cac317260515586aca1e207c1ece52f19dc04ab7f
mosaiq-benchmark-v0.1-candidate-20260716,mosaiq-benchmark,0.1.0-dev,iso_paq_regression,0.1.0,ISD,clip,ISD_ZhongshanSquare_ZhongshanSquare3_ZS3038,ISD_ZhongshanSquare_ZhongshanSquare3_ZS3038,test,,0.1.0,datasets/ISD/data/clips.csv,b6150ee2eeedba54e7eb206bdf114373dbb33fc94f1e01c453a952dc201b5d8c
mosaiq-benchmark-v0.1-candidate-20260716,mosaiq-benchmark,0.1.0-dev,iso_paq_regression,0.1.0,ISD,clip,ISD_ZhongshanSquare_ZhongshanSquare3_ZS3039,ISD_ZhongshanSquare_ZhongshanSquare3_ZS3039,test,,0.1.0,datasets/ISD/data/clips.csv,135b609783e004f4d893a4856554418933b462aba84f045eccdcf89c93e29f72
mosaiq-benchmark-v0.1-candidate-20260716,mosaiq-benchmark,0.1.0-dev,iso_paq_regression,0.1.0,ISD,clip,ISD_ZhongshanSquare_ZhongshanSquare4_ZS4001,ISD_ZhongshanSquare_ZhongshanSquare4_ZS4001,test,,0.1.0,datasets/ISD/data/clips.csv,a6d9cd5919a1e652970ed9dcc43fd62157247491c1ab1b45d7012b61c461c690
mosaiq-benchmark-v0.1-candidate-20260716,mosaiq-benchmark,0.1.0-dev,iso_paq_regression,0.1.0,ISD,clip,ISD_ZhongshanSquare_ZhongshanSquare4_ZS4002,ISD_ZhongshanSquare_ZhongshanSquare4_ZS4002,test,,0.1.0,datasets/ISD/data/clips.csv,1220e98f7d37355db8d04ca33804725f8728063538e77d9785da90458fe1454b
mosaiq-benchmark-v0.1-candidate-20260716,mosaiq-benchmark,0.1.0-dev,iso_paq_regression,0.1.0,ISD,clip,ISD_ZhongshanSquare_ZhongshanSquare4_ZS4003,ISD_ZhongshanSquare_ZhongshanSquare4_ZS4003,test,,0.1.0,datasets/ISD/data/clips.csv,a2c6b1eeb04413044661dd1a2a20713400dec509ec6d5ec9860d1fadc938a3c3
mosaiq-benchmark-v0.1-candidate-20260716,mosaiq-benchmark,0.1.0-dev,iso_paq_regression,0.1.0,ISD,clip,ISD_ZhongshanSquare_ZhongshanSquare4_ZS4004,ISD_ZhongshanSquare_ZhongshanSquare4_ZS4004,test,,0.1.0,datasets/ISD/data/clips.csv,7c09baf3620f84ad3820e916cfc438b4ab7463253f1235679e94e55ea2c66965
mosaiq-benchmark-v0.1-candidate-20260716,mosaiq-benchmark,0.1.0-dev,iso_paq_regression,0.1.0,ISD,clip,ISD_ZhongshanSquare_ZhongshanSquare4_ZS4005,ISD_ZhongshanSquare_ZhongshanSquare4_ZS4005,test,,0.1.0,datasets/ISD/data/clips.csv,b31afe88bca8842543a01f83604a647928b8c201678ab37a3e3caa48d14d138c
mosaiq-benchmark-v0.1-candidate-20260716,mosaiq-benchmark,0.1.0-dev,iso_paq_regression,0.1.0,ISD,clip,ISD_ZhongshanSquare_ZhongshanSquare4_ZS4006,ISD_ZhongshanSquare_ZhongshanSquare4_ZS4006,test,,0.1.0,datasets/ISD/data/clips.csv,bede5e11af6dfa3c23e18caede1957fe91ad969b9c631c31d3ebe11cef67b4d3
mosaiq-benchmark-v0.1-candidate-20260716,mosaiq-benchmark,0.1.0-dev,iso_paq_regression,0.1.0,ISD,clip,ISD_ZhongshanSquare_ZhongshanSquare4_ZS4007,ISD_ZhongshanSquare_ZhongshanSquare4_ZS4007,test,,0.1.0,datasets/ISD/data/clips.csv,c9b90e4a612c1753dbd91e8632d05109900d6d8cb50c292f3be6390a823f49fe
mosaiq-benchmark-v0.1-candidate-20260716,mosaiq-benchmark,0.1.0-dev,iso_paq_regression,0.1.0,ISD,clip,ISD_ZhongshanSquare_ZhongshanSquare4_ZS4008,ISD_ZhongshanSquare_ZhongshanSquare4_ZS4008,test,,0.1.0,datasets/ISD/data/clips.csv,cbf1d192e9dd85118bdeeabdb988db52efe293dae91270ac647118bb7b494fe7
mosaiq-benchmark-v0.1-candidate-20260716,mosaiq-benchmark,0.1.0-dev,iso_paq_regression,0.1.0,ISD,clip,ISD_ZhongshanSquare_ZhongshanSquare4_ZS4009,ISD_ZhongshanSquare_ZhongshanSquare4_ZS4009,test,,0.1.0,datasets/ISD/data/clips.csv,d1c582f38af949fd142db79824eed782ed21999b92605a31ff9cf9de5c7ff871
mosaiq-benchmark-v0.1-candidate-20260716,mosaiq-benchmark,0.1.0-dev,iso_paq_regression,0.1.0,ISD,clip,ISD_ZhongshanSquare_ZhongshanSquare4_ZS4010,ISD_ZhongshanSquare_ZhongshanSquare4_ZS4010,test,,0.1.0,datasets/ISD/data/clips.csv,d9f65a6367898321703274dbbd1fbd45bbe681c82d77b46efaada650ebd5fd21
mosaiq-benchmark-v0.1-candidate-20260716,mosaiq-benchmark,0.1.0-dev,iso_paq_regression,0.1.0,ISD,clip,ISD_ZhongshanSquare_ZhongshanSquare4_ZS4011,ISD_ZhongshanSquare_ZhongshanSquare4_ZS4011,test,,0.1.0,datasets/ISD/data/clips.csv,139cb53c8f3acdbada1a69ef69690506c5fd8243e29496a523ff6f81635aeade
mosaiq-benchmark-v0.1-candidate-20260716,mosaiq-benchmark,0.1.0-dev,iso_paq_regression,0.1.0,ISD,clip,ISD_ZhongshanSquare_ZhongshanSquare4_ZS4012,ISD_ZhongshanSquare_ZhongshanSquare4_ZS4012,test,,0.1.0,datasets/ISD/data/clips.csv,93f655e3a6cc20dc32b9741d08e749f8087c87df544e813520a56ee8ca7837ed
mosaiq-benchmark-v0.1-candidate-20260716,mosaiq-benchmark,0.1.0-dev,iso_paq_regression,0.1.0,ISD,clip,ISD_ZhongshanSquare_ZhongshanSquare4_ZS4013,ISD_ZhongshanSquare_ZhongshanSquare4_ZS4013,test,,0.1.0,datasets/ISD/data/clips.csv,08dc07ac5014d7d15ab4366f4719c9470a1fe3c07286e905daac26721c21a927
mosaiq-benchmark-v0.1-candidate-20260716,mosaiq-benchmark,0.1.0-dev,iso_paq_regression,0.1.0,ISD,clip,ISD_ZhongshanSquare_ZhongshanSquare4_ZS4014,ISD_ZhongshanSquare_ZhongshanSquare4_ZS4014,test,,0.1.0,datasets/ISD/data/clips.csv,fb5c805f94bf668e8c5c0584a1150668ac3f00be9e58de4412e4d7c9702596ea
mosaiq-benchmark-v0.1-candidate-20260716,mosaiq-benchmark,0.1.0-dev,iso_paq_regression,0.1.0,ISD,clip,ISD_ZhongshanSquare_ZhongshanSquare4_ZS4015,ISD_ZhongshanSquare_ZhongshanSquare4_ZS4015,test,,0.1.0,datasets/ISD/data/clips.csv,935bbfd95376e0d47a9ee610696b6768089884e66603dd6cd1dfb60e78d28fd5
mosaiq-benchmark-v0.1-candidate-20260716,mosaiq-benchmark,0.1.0-dev,iso_paq_regression,0.1.0,ISD,clip,ISD_ZhongshanSquare_ZhongshanSquare4_ZS4016,ISD_ZhongshanSquare_ZhongshanSquare4_ZS4016,test,,0.1.0,datasets/ISD/data/clips.csv,9425f32cf9abe1cbd7d6c796b05d8ef486610866ea0f3d075056be7e62c66e40
mosaiq-benchmark-v0.1-candidate-20260716,mosaiq-benchmark,0.1.0-dev,iso_paq_regression,0.1.0,ISD,clip,ISD_ZhongshanSquare_ZhongshanSquare4_ZS4017,ISD_ZhongshanSquare_ZhongshanSquare4_ZS4017,test,,0.1.0,datasets/ISD/data/clips.csv,2486a19781bae4bc9b0cd2f7c85e87d2e5768f1c9ec7a9db5a7974601f47e35a
mosaiq-benchmark-v0.1-candidate-20260716,mosaiq-benchmark,0.1.0-dev,iso_paq_regression,0.1.0,ISD,clip,ISD_ZhongshanSquare_ZhongshanSquare4_ZS4018,ISD_ZhongshanSquare_ZhongshanSquare4_ZS4018,test,,0.1.0,datasets/ISD/data/clips.csv,118e2a0418dd7c637483f48ac893d97bc298db730bb46b6caad9f700a1aa7b82
mosaiq-benchmark-v0.1-candidate-20260716,mosaiq-benchmark,0.1.0-dev,iso_paq_regression,0.1.0,ISD,clip,ISD_ZhongshanSquare_ZhongshanSquare4_ZS4019,ISD_ZhongshanSquare_ZhongshanSquare4_ZS4019,test,,0.1.0,datasets/ISD/data/clips.csv,b2eab0a620f28b18bbe994a51597c75f1e635961a10aa11890f86b2f7ef7736f
mosaiq-benchmark-v0.1-candidate-20260716,mosaiq-benchmark,0.1.0-dev,iso_paq_regression,0.1.0,ISD,clip,ISD_ZhongshanSquare_ZhongshanSquare4_ZS4020,ISD_ZhongshanSquare_ZhongshanSquare4_ZS4020,test,,0.1.0,datasets/ISD/data/clips.csv,8086c9bfb3ca64c5b21dbf6d3a585455a57490442e1d3c0456562e3570afe700
mosaiq-benchmark-v0.1-candidate-20260716,mosaiq-benchmark,0.1.0-dev,iso_paq_regression,0.1.0,ISD,clip,ISD_ZhongshanSquare_ZhongshanSquare4_ZS4021,ISD_ZhongshanSquare_ZhongshanSquare4_ZS4021,test,,0.1.0,datasets/ISD/data/clips.csv,c6826ba16ad9ddd6bb416f1e058dc0bc81a97b72f70169fc8d5ed3d56858c9a3
mosaiq-benchmark-v0.1-candidate-20260716,mosaiq-benchmark,0.1.0-dev,iso_paq_regression,0.1.0,ISD,clip,ISD_ZhongshanSquare_ZhongshanSquare4_ZS4022,ISD_ZhongshanSquare_ZhongshanSquare4_ZS4022,test,,0.1.0,datasets/ISD/data/clips.csv,7f31e4d90d84cb061a72eafc2438cb5ddd34106e6f60894b112418be3ce9e80a
mosaiq-benchmark-v0.1-candidate-20260716,mosaiq-benchmark,0.1.0-dev,iso_paq_regression,0.1.0,ISD,clip,ISD_ZhongshanSquare_ZhongshanSquare4_ZS4023,ISD_ZhongshanSquare_ZhongshanSquare4_ZS4023,test,,0.1.0,datasets/ISD/data/clips.csv,1ad3d42710c4adae98d3d6f298035ce6e345bad486326a2a67ff64152b8410a3
mosaiq-benchmark-v0.1-candidate-20260716,mosaiq-benchmark,0.1.0-dev,iso_paq_regression,0.1.0,ISD,clip,ISD_ZhongshanSquare_ZhongshanSquare4_ZS4024,ISD_ZhongshanSquare_ZhongshanSquare4_ZS4024,test,,0.1.0,datasets/ISD/data/clips.csv,66021a5e4e7db4971eea760074aff4963525c2006be34b94ff4c09ec457fda92
mosaiq-benchmark-v0.1-candidate-20260716,mosaiq-benchmark,0.1.0-dev,iso_paq_regression,0.1.0,ISD,clip,ISD_ZhongshanSquare_ZhongshanSquare4_ZS4025,ISD_ZhongshanSquare_ZhongshanSquare4_ZS4025,test,,0.1.0,datasets/ISD/data/clips.csv,7c6de5402cebd748a44491f05e15442c2389fd9dd742296042a9a9a9015809a6
mosaiq-benchmark-v0.1-candidate-20260716,mosaiq-benchmark,0.1.0-dev,iso_paq_regression,0.1.0,ISD,clip,ISD_ZhongshanSquare_ZhongshanSquare4_ZS4026,ISD_ZhongshanSquare_ZhongshanSquare4_ZS4026,test,,0.1.0,datasets/ISD/data/clips.csv,d691d56a7c17840742e868436cf8a814f10ef2331b4eaa396ef1130b7ecce59a
mosaiq-benchmark-v0.1-candidate-20260716,mosaiq-benchmark,0.1.0-dev,iso_paq_regression,0.1.0,ISD,clip,ISD_ZhongshanSquare_ZhongshanSquare4_ZS4027,ISD_ZhongshanSquare_ZhongshanSquare4_ZS4027,test,,0.1.0,datasets/ISD/data/clips.csv,9c53168f4c362bc51b9c14d4c09df3a1f32b0f460ff32015d5c759be2b123122
mosaiq-benchmark-v0.1-candidate-20260716,mosaiq-benchmark,0.1.0-dev,iso_paq_regression,0.1.0,ISD,clip,ISD_ZhongshanSquare_ZhongshanSquare4_ZS4028,ISD_ZhongshanSquare_ZhongshanSquare4_ZS4028,test,,0.1.0,datasets/ISD/data/clips.csv,dd705cd27c1c8bbef73e1d44d483054b76eab34c994dbbc2993e7c7e534816b4
mosaiq-benchmark-v0.1-candidate-20260716,mosaiq-benchmark,0.1.0-dev,iso_paq_regression,0.1.0,ISD,clip,ISD_ZhongshanSquare_ZhongshanSquare4_ZS4029,ISD_ZhongshanSquare_ZhongshanSquare4_ZS4029,test,,0.1.0,datasets/ISD/data/clips.csv,5df8ce29b7c4cdab8e8af14098c1f935ade12bcbcdea481b62aefeb50691b3f6
mosaiq-benchmark-v0.1-candidate-20260716,mosaiq-benchmark,0.1.0-dev,iso_paq_regression,0.1.0,ISD,clip,ISD_ZhongshanSquare_ZhongshanSquare4_ZS4030,ISD_ZhongshanSquare_ZhongshanSquare4_ZS4030,test,,0.1.0,datasets/ISD/data/clips.csv,711e7d0416accaca34f3e7826e66421434b1125b44578d00b2c3057bd0df4b86
mosaiq-benchmark-v0.1-candidate-20260716,mosaiq-benchmark,0.1.0-dev,iso_paq_regression,0.1.0,ISD,clip,ISD_ZhongshanSquare_ZhongshanSquare4_ZS4031,ISD_ZhongshanSquare_ZhongshanSquare4_ZS4031,test,,0.1.0,datasets/ISD/data/clips.csv,eac80053d6314a8ad6466f3d99bbe29e655ca72fcd2922e28d90f284fe6f8336
mosaiq-benchmark-v0.1-candidate-20260716,mosaiq-benchmark,0.1.0-dev,iso_paq_regression,0.1.0,ISD,clip,ISD_ZhongshanSquare_ZhongshanSquare4_ZS4032,ISD_ZhongshanSquare_ZhongshanSquare4_ZS4032,test,,0.1.0,datasets/ISD/data/clips.csv,56302cf1827823bfd6b32b24e381891bb16c48d2894e03295662d473b0c280a7
mosaiq-benchmark-v0.1-candidate-20260716,mosaiq-benchmark,0.1.0-dev,iso_paq_regression,0.1.0,ISD,clip,ISD_ZhongshanSquare_ZhongshanSquare4_ZS4033,ISD_ZhongshanSquare_ZhongshanSquare4_ZS4033,test,,0.1.0,datasets/ISD/data/clips.csv,3a71861fbb7443f618e802041913421bae15a392b530291da16fdf3167051f99
mosaiq-benchmark-v0.1-candidate-20260716,mosaiq-benchmark,0.1.0-dev,iso_paq_regression,0.1.0,ISD,clip,ISD_ZhongshanSquare_ZhongshanSquare4_ZS4034,ISD_ZhongshanSquare_ZhongshanSquare4_ZS4034,test,,0.1.0,datasets/ISD/data/clips.csv,c2a88cc066ef3f5a9fb1643b1b1d65491e82810b2c22e3ded1cdc2e58a3e7a02
mosaiq-benchmark-v0.1-candidate-20260716,mosaiq-benchmark,0.1.0-dev,iso_paq_regression,0.1.0,ISD,clip,ISD_ZhongshanSquare_ZhongshanSquare4_ZS4035,ISD_ZhongshanSquare_ZhongshanSquare4_ZS4035,test,,0.1.0,datasets/ISD/data/clips.csv,32286b103491d455ba33835e45c0ea7c62e7cdd45c2254c47f30db62ec6ab383
mosaiq-benchmark-v0.1-candidate-20260716,mosaiq-benchmark,0.1.0-dev,iso_paq_regression,0.1.0,ISD,clip,ISD_ZhongshanSquare_ZhongshanSquare4_ZS4036,ISD_ZhongshanSquare_ZhongshanSquare4_ZS4036,test,,0.1.0,datasets/ISD/data/clips.csv,8e488e8756a9efb6dc0935a76c65fca43a34e180ce5531ef9105fdfb0df1fe61
mosaiq-benchmark-v0.1-candidate-20260716,mosaiq-benchmark,0.1.0-dev,iso_paq_regression,0.1.0,ISD,clip,ISD_ZhongshanSquare_ZhongshanSquare4_ZS4037,ISD_ZhongshanSquare_ZhongshanSquare4_ZS4037,test,,0.1.0,datasets/ISD/data/clips.csv,6f57747838d5fa4efd31ce2b7a128620da498e5409538a8440e34d07f885a7a6
mosaiq-benchmark-v0.1-candidate-20260716,mosaiq-benchmark,0.1.0-dev,iso_paq_regression,0.1.0,ISD,clip,ISD_ZhongshanSquare_ZhongshanSquare4_ZS4038,ISD_ZhongshanSquare_ZhongshanSquare4_ZS4038,test,,0.1.0,datasets/ISD/data/clips.csv,7c3a4217ed252408cb989e26cf926c1d3d3ef27bab8998b2c16c90815a1bb269
mosaiq-benchmark-v0.1-candidate-20260716,mosaiq-benchmark,0.1.0-dev,iso_paq_regression,0.1.0,ISD,clip,ISD_ZhongshanSquare_ZhongshanSquare4_ZS4039,ISD_ZhongshanSquare_ZhongshanSquare4_ZS4039,test,,0.1.0,datasets/ISD/data/clips.csv,3b2e04817bcae9ab3184d4656d1ad464b323a6bf4066581ebc305d43a25a8497
mosaiq-benchmark-v0.1-candidate-20260716,mosaiq-benchmark,0.1.0-dev,iso_paq_regression,0.1.0,ISD,clip,ISD_ZhongshanSquare_ZhongshanSquare4_ZS4040,ISD_ZhongshanSquare_ZhongshanSquare4_ZS4040,test,,0.1.0,datasets/ISD/data/clips.csv,b514ae56093aad344306bd990b3ff708010ded7a1df77d7c92932502033ec103
mosaiq-benchmark-v0.1-candidate-20260716,mosaiq-benchmark,0.1.0-dev,iso_paq_regression,0.1.0,ISD,clip,ISD_ZhongshanSquare_ZhongshanSquare4_ZS4041,ISD_ZhongshanSquare_ZhongshanSquare4_ZS4041,test,,0.1.0,datasets/ISD/data/clips.csv,ad3e8ccbc293867935953c402ff65cf64785294baf2ba5d5c1f8397ded872d4d
mosaiq-benchmark-v0.1-candidate-20260716,mosaiq-benchmark,0.1.0-dev,iso_paq_regression,0.1.0,ISD,clip,ISD_ZhongshanSquare_ZhongshanSquare4_ZS4042,ISD_ZhongshanSquare_ZhongshanSquare4_ZS4042,test,,0.1.0,datasets/ISD/data/clips.csv,3cd09703eb02ddba950bd84831f484620f65ef39c034dd20164871aa1822b971
mosaiq-benchmark-v0.1-candidate-20260716,mosaiq-benchmark,0.1.0-dev,iso_paq_regression,0.1.0,ISD,clip,ISD_ZhongshanSquare_ZhongshanSquare4_ZS4043,ISD_ZhongshanSquare_ZhongshanSquare4_ZS4043,test,,0.1.0,datasets/ISD/data/clips.csv,199bc41979837db98e801bb161b9b44f8997b6fa27cd95afb5dd48d58db7a6f5
mosaiq-benchmark-v0.1-candidate-20260716,mosaiq-benchmark,0.1.0-dev,iso_paq_regression,0.1.0,ISD,clip,ISD_ZhongshanSquare_ZhongshanSquare4_ZS4044,ISD_ZhongshanSquare_ZhongshanSquare4_ZS4044,test,,0.1.0,datasets/ISD/data/clips.csv,a045f798f6777250a9e0ad891c87516863b9a3cf0733848088bc472562f4a2e7
mosaiq-benchmark-v0.1-candidate-20260716,mosaiq-benchmark,0.1.0-dev,iso_paq_regression,0.1.0,ISD,clip,ISD_ZhongshanSquare_ZhongshanSquare4_ZS4045,ISD_ZhongshanSquare_ZhongshanSquare4_ZS4045,test,,0.1.0,datasets/ISD/data/clips.csv,258bcbc2f27a337033e2f079a8541288c02abaa342d0be2d473852aee273044a
mosaiq-benchmark-v0.1-candidate-20260716,mosaiq-benchmark,0.1.0-dev,iso_paq_regression,0.1.0,ISD,clip,ISD_ZhongshanSquare_ZhongshanSquare4_ZS4046,ISD_ZhongshanSquare_ZhongshanSquare4_ZS4046,test,,0.1.0,datasets/ISD/data/clips.csv,ac6c01d97b19f7d60aee24dbc2d0984bf1e632e85405ca2883169af7448f5f65
mosaiq-benchmark-v0.1-candidate-20260716,mosaiq-benchmark,0.1.0-dev,iso_paq_regression,0.1.0,ISD,clip,ISD_ZhongshanSquare_ZhongshanSquare4_ZS4047,ISD_ZhongshanSquare_ZhongshanSquare4_ZS4047,test,,0.1.0,datasets/ISD/data/clips.csv,70a4c943948545f5fe047486e18c67cad4cfc146cb9504f28a6281ba13d51cd2
mosaiq-benchmark-v0.1-candidate-20260716,mosaiq-benchmark,0.1.0-dev,iso_paq_regression,0.1.0,ISD,clip,ISD_ZhongshanSquare_ZhongshanSquare4_ZS4048,ISD_ZhongshanSquare_ZhongshanSquare4_ZS4048,test,,0.1.0,datasets/ISD/data/clips.csv,a02c5703c3d7d925402fea2321de75ad0649da957439f0ae4654b9fa86951dd0
mosaiq-benchmark-v0.1-candidate-20260716,mosaiq-benchmark,0.1.0-dev,iso_paq_regression,0.1.0,ISD,clip,ISD_ZhongshanSquare_ZhongshanSquare4_ZS4049,ISD_ZhongshanSquare_ZhongshanSquare4_ZS4049,test,,0.1.0,datasets/ISD/data/clips.csv,4e5e0d6b5e041bcd3b068b73431c657344332399021efdc8faaca5de61c7b229
mosaiq-benchmark-v0.1-candidate-20260716,mosaiq-benchmark,0.1.0-dev,iso_paq_regression,0.1.0,ISD,clip,ISD_ZhongshanSquare_ZhongshanSquare4_ZS4050,ISD_ZhongshanSquare_ZhongshanSquare4_ZS4050,test,,0.1.0,datasets/ISD/data/clips.csv,3a2688e6febbde5fd309bc0c0450748811462300b318730d58b3a74d637b6c43
mosaiq-benchmark-v0.1-candidate-20260716,mosaiq-benchmark,0.1.0-dev,iso_paq_regression,0.1.0,ISD,clip,ISD_ZhongshanSquare_ZhongshanSquare4_ZS4051,ISD_ZhongshanSquare_ZhongshanSquare4_ZS4051,test,,0.1.0,datasets/ISD/data/clips.csv,b5fa20a031b0f5062da4583f8ae7e6fa5c2f554a7767649d684f38599c38d2e0
mosaiq-benchmark-v0.1-candidate-20260716,mosaiq-benchmark,0.1.0-dev,iso_paq_regression,0.1.0,ISD,clip,ISD_ZhongshanSquare_ZhongshanSquare4_ZS4052,ISD_ZhongshanSquare_ZhongshanSquare4_ZS4052,test,,0.1.0,datasets/ISD/data/clips.csv,c39c4dfcd9b5321d459b7baf110224550c2761744caa7aebd14561c2692c2e1c
mosaiq-benchmark-v0.1-candidate-20260716,mosaiq-benchmark,0.1.0-dev,iso_paq_regression,0.1.0,ISD,clip,ISD_ZhongshanSquare_ZhongshanSquare4_ZS4053,ISD_ZhongshanSquare_ZhongshanSquare4_ZS4053,test,,0.1.0,datasets/ISD/data/clips.csv,fa10495672e233576704ad0069f51133b5d7ee2d02c58fe59c93c743786d8dff
mosaiq-benchmark-v0.1-candidate-20260716,mosaiq-benchmark,0.1.0-dev,iso_paq_regression,0.1.0,ISD,clip,ISD_ZhongshanSquare_ZhongshanSquare4_ZS4054,ISD_ZhongshanSquare_ZhongshanSquare4_ZS4054,test,,0.1.0,datasets/ISD/data/clips.csv,cfdd6286779f95ae745d6a2b41d573784168deef1ccce8b80f8a6f7d9cf5f463
mosaiq-benchmark-v0.1-candidate-20260716,mosaiq-benchmark,0.1.0-dev,iso_paq_regression,0.1.0,ISD,clip,ISD_ZhongshanSquare_ZhongshanSquare4_ZS4055,ISD_ZhongshanSquare_ZhongshanSquare4_ZS4055,test,,0.1.0,datasets/ISD/data/clips.csv,de6b5326b74ebb1dd4ab8503b14dd8041d1a607e739379dc8f20523e4deaa846
mosaiq-benchmark-v0.1-candidate-20260716,mosaiq-benchmark,0.1.0-dev,iso_paq_regression,0.1.0,ISD,clip,ISD_ZhongshanSquare_ZhongshanSquare4_ZS4056,ISD_ZhongshanSquare_ZhongshanSquare4_ZS4056,test,,0.1.0,datasets/ISD/data/clips.csv,92505485473f2ccd0a97ec407006e76083d1337fbd8ba02774fb0315e2d77d22
mosaiq-benchmark-v0.1-candidate-20260716,mosaiq-benchmark,0.1.0-dev,iso_paq_regression,0.1.0,ISD,clip,ISD_ZhongshanSquare_ZhongshanSquare4_ZS4057,ISD_ZhongshanSquare_ZhongshanSquare4_ZS4057,test,,0.1.0,datasets/ISD/data/clips.csv,3b9badc21430facce9b1e7970d4ceff6c14858d7ec16f499c7314d4d6025acf3
mosaiq-benchmark-v0.1-candidate-20260716,mosaiq-benchmark,0.1.0-dev,iso_paq_regression,0.1.0,ISD,clip,ISD_ZhongshanSquare_ZhongshanSquare4_ZS4058,ISD_ZhongshanSquare_ZhongshanSquare4_ZS4058,test,,0.1.0,datasets/ISD/data/clips.csv,72ad6110449e47a8b6ef2d871aef71d193ab6382aa21317c586432c21152789b
mosaiq-benchmark-v0.1-candidate-20260716,mosaiq-benchmark,0.1.0-dev,iso_paq_regression,0.1.0,ISD,clip,ISD_ZhongshanSquare_ZhongshanSquare4_ZS4059,ISD_ZhongshanSquare_ZhongshanSquare4_ZS4059,test,,0.1.0,datasets/ISD/data/clips.csv,219fde6d78a22daf5989e486e82eec5837db2fd5fdd2e94ce1bb1af487aa78bc
mosaiq-benchmark-v0.1-candidate-20260716,mosaiq-benchmark,0.1.0-dev,iso_paq_regression,0.1.0,ISD,clip,ISD_ZhongshanSquare_ZhongshanSquare4_ZS4060,ISD_ZhongshanSquare_ZhongshanSquare4_ZS4060,test,,0.1.0,datasets/ISD/data/clips.csv,87ba1757076f7413ee8e7cc195bf319882f8e4386a650dd27cb69902dc801c02
mosaiq-benchmark-v0.1-candidate-20260716,mosaiq-benchmark,0.1.0-dev,iso_paq_regression,0.1.0,ISD,clip,ISD_ZhongshanSquare_ZhongshanSquare4_ZS4061,ISD_ZhongshanSquare_ZhongshanSquare4_ZS4061,test,,0.1.0,datasets/ISD/data/clips.csv,9e9d533f7a109ac56c6987af4136ecbd5cb30f9db62848792cd4a2507ab7c639
mosaiq-benchmark-v0.1-candidate-20260716,mosaiq-benchmark,0.1.0-dev,iso_paq_regression,0.1.0,ISD,clip,ISD_ZhongshanSquare_ZhongshanSquare4_ZS4062,ISD_ZhongshanSquare_ZhongshanSquare4_ZS4062,test,,0.1.0,datasets/ISD/data/clips.csv,a1c830a7824cb1b5fc9412b523cf35735af9cdfe18891aecf36b897f6533738c
mosaiq-benchmark-v0.1-candidate-20260716,mosaiq-benchmark,0.1.0-dev,iso_paq_regression,0.1.0,ISD,clip,ISD_ZhongshanSquare_ZhongshanSquare4_ZS4063,ISD_ZhongshanSquare_ZhongshanSquare4_ZS4063,test,,0.1.0,datasets/ISD/data/clips.csv,d4af2e0e20453c324c0ba9905ed0f963dcf4852a716b47897262163ed9619ff3
mosaiq-benchmark-v0.1-candidate-20260716,mosaiq-benchmark,0.1.0-dev,iso_paq_regression,0.1.0,ISD,clip,ISD_ZhongshanSquare_ZhongshanSquare4_ZS4064,ISD_ZhongshanSquare_ZhongshanSquare4_ZS4064,test,,0.1.0,datasets/ISD/data/clips.csv,769dae83fab5d2f1b6d9c3098ecd891fc1deeb95b81aa9b549eb32b6836a92e5
mosaiq-benchmark-v0.1-candidate-20260716,mosaiq-benchmark,0.1.0-dev,iso_paq_regression,0.1.0,ISD,clip,ISD_ZhongshanSquare_ZhongshanSquare4_ZS4065,ISD_ZhongshanSquare_ZhongshanSquare4_ZS4065,test,,0.1.0,datasets/ISD/data/clips.csv,2dc4650f347e602586ea97805057531519df459057115e0cdceb92c12a8cdf6e
mosaiq-benchmark-v0.1-candidate-20260716,mosaiq-benchmark,0.1.0-dev,iso_paq_regression,0.1.0,ISD,clip,ISD_ZhongshanSquare_ZhongshanSquare4_ZS4066,ISD_ZhongshanSquare_ZhongshanSquare4_ZS4066,test,,0.1.0,datasets/ISD/data/clips.csv,4845f00c3d9aba78ed13084f99b8b6253366dc2c3ed63d9ae66463a4b77b452b
mosaiq-benchmark-v0.1-candidate-20260716,mosaiq-benchmark,0.1.0-dev,iso_paq_regression,0.1.0,ISD,clip,ISD_ZhongshanSquare_ZhongshanSquare4_ZS4067,ISD_ZhongshanSquare_ZhongshanSquare4_ZS4067,test,,0.1.0,datasets/ISD/data/clips.csv,a829e04d7fe057b14c6160f88820e22cf4d20d59ac8577cc186a49ccd3260635
mosaiq-benchmark-v0.1-candidate-20260716,mosaiq-benchmark,0.1.0-dev,iso_paq_regression,0.1.0,ISD,clip,ISD_ZhongshanSquare_ZhongshanSquare4_ZS4068,ISD_ZhongshanSquare_ZhongshanSquare4_ZS4068,test,,0.1.0,datasets/ISD/data/clips.csv,6d1be44eee183e1df4ee108992014a5d21089384de776af2ea404d7dc552b81a
mosaiq-benchmark-v0.1-candidate-20260716,mosaiq-benchmark,0.1.0-dev,iso_paq_regression,0.1.0,ISD,clip,ISD_ZhongshanSquare_ZhongshanSquare4_ZS4069,ISD_ZhongshanSquare_ZhongshanSquare4_ZS4069,test,,0.1.0,datasets/ISD/data/clips.csv,4e8ec280b6e898d70fa484ca2168c9ef597f0f7ef0a499ac47fbb1de75802ef4
mosaiq-benchmark-v0.1-candidate-20260716,mosaiq-benchmark,0.1.0-dev,iso_paq_regression,0.1.0,ISD,clip,ISD_ZhongshanSquare_ZhongshanSquare5_ZS5001,ISD_ZhongshanSquare_ZhongshanSquare5_ZS5001,test,,0.1.0,datasets/ISD/data/clips.csv,6ef548646d5ceb43a66d378c1655f71c3f03a3aa12226f933311c9ca451352f9
mosaiq-benchmark-v0.1-candidate-20260716,mosaiq-benchmark,0.1.0-dev,iso_paq_regression,0.1.0,ISD,clip,ISD_ZhongshanSquare_ZhongshanSquare5_ZS5002,ISD_ZhongshanSquare_ZhongshanSquare5_ZS5002,test,,0.1.0,datasets/ISD/data/clips.csv,932fab560eb7ac9437217a1ae8062f4f23b9341d80b524d8f97d04bc16d561d0
mosaiq-benchmark-v0.1-candidate-20260716,mosaiq-benchmark,0.1.0-dev,iso_paq_regression,0.1.0,ISD,clip,ISD_ZhongshanSquare_ZhongshanSquare5_ZS5003,ISD_ZhongshanSquare_ZhongshanSquare5_ZS5003,test,,0.1.0,datasets/ISD/data/clips.csv,3012d4883be383f53f1a45f22146e61dbe217beab1d0c3c074588fd503b3dabc
mosaiq-benchmark-v0.1-candidate-20260716,mosaiq-benchmark,0.1.0-dev,iso_paq_regression,0.1.0,ISD,clip,ISD_ZhongshanSquare_ZhongshanSquare5_ZS5004,ISD_ZhongshanSquare_ZhongshanSquare5_ZS5004,test,,0.1.0,datasets/ISD/data/clips.csv,dfaca02130b243a99d78fe50b4cecbe86655f305322bfc4e373bc896db30fbac
mosaiq-benchmark-v0.1-candidate-20260716,mosaiq-benchmark,0.1.0-dev,iso_paq_regression,0.1.0,ISD,clip,ISD_ZhongshanSquare_ZhongshanSquare5_ZS5005,ISD_ZhongshanSquare_ZhongshanSquare5_ZS5005,test,,0.1.0,datasets/ISD/data/clips.csv,2f0136289d594e71f0704dba9f90670905302e47c092ba81b19620a574261a58
mosaiq-benchmark-v0.1-candidate-20260716,mosaiq-benchmark,0.1.0-dev,iso_paq_regression,0.1.0,ISD,clip,ISD_ZhongshanSquare_ZhongshanSquare5_ZS5006,ISD_ZhongshanSquare_ZhongshanSquare5_ZS5006,test,,0.1.0,datasets/ISD/data/clips.csv,43f85bc87d1aa272ba6a7ae40e4d8a6b3c50199b260701167c2b0e2e656e87e4
mosaiq-benchmark-v0.1-candidate-20260716,mosaiq-benchmark,0.1.0-dev,iso_paq_regression,0.1.0,ISD,clip,ISD_ZhongshanSquare_ZhongshanSquare5_ZS5007,ISD_ZhongshanSquare_ZhongshanSquare5_ZS5007,test,,0.1.0,datasets/ISD/data/clips.csv,c97f454e096f27384fc7be4b378a3319d2f44a60c10b623654c03efc3a4de3bd
mosaiq-benchmark-v0.1-candidate-20260716,mosaiq-benchmark,0.1.0-dev,iso_paq_regression,0.1.0,ISD,clip,ISD_ZhongshanSquare_ZhongshanSquare5_ZS5008,ISD_ZhongshanSquare_ZhongshanSquare5_ZS5008,test,,0.1.0,datasets/ISD/data/clips.csv,acd0796e2d527f3c9e97551fe2305ac0401f23660da458a3910c219087a9d1c4
mosaiq-benchmark-v0.1-candidate-20260716,mosaiq-benchmark,0.1.0-dev,iso_paq_regression,0.1.0,ISD,clip,ISD_ZhongshanSquare_ZhongshanSquare5_ZS5009,ISD_ZhongshanSquare_ZhongshanSquare5_ZS5009,test,,0.1.0,datasets/ISD/data/clips.csv,8ceb86cce0b801255ed74853de93ce4ad81a6bde16802bff55fee7682125b4ef
mosaiq-benchmark-v0.1-candidate-20260716,mosaiq-benchmark,0.1.0-dev,iso_paq_regression,0.1.0,ISD,clip,ISD_ZhongshanSquare_ZhongshanSquare5_ZS5010,ISD_ZhongshanSquare_ZhongshanSquare5_ZS5010,test,,0.1.0,datasets/ISD/data/clips.csv,dcdacf5cc1b09c4157098584a6c3de7f1e6f19bd2c7cf9f46161317d31cde2b3
mosaiq-benchmark-v0.1-candidate-20260716,mosaiq-benchmark,0.1.0-dev,iso_paq_regression,0.1.0,ISD,clip,ISD_ZhongshanSquare_ZhongshanSquare5_ZS5011,ISD_ZhongshanSquare_ZhongshanSquare5_ZS5011,test,,0.1.0,datasets/ISD/data/clips.csv,1eff95b2bbf8e476f502c840a57f6171578cc0749683c3d7c92ee3c90982d660
mosaiq-benchmark-v0.1-candidate-20260716,mosaiq-benchmark,0.1.0-dev,iso_paq_regression,0.1.0,ISD,clip,ISD_ZhongshanSquare_ZhongshanSquare5_ZS5012,ISD_ZhongshanSquare_ZhongshanSquare5_ZS5012,test,,0.1.0,datasets/ISD/data/clips.csv,ca3740ce6f2f5c7efdf5680b4bb7038e49558b7a8b1b3f60cef24ec2ce87f2b3
mosaiq-benchmark-v0.1-candidate-20260716,mosaiq-benchmark,0.1.0-dev,iso_paq_regression,0.1.0,ISD,clip,ISD_ZhongshanSquare_ZhongshanSquare5_ZS5013,ISD_ZhongshanSquare_ZhongshanSquare5_ZS5013,test,,0.1.0,datasets/ISD/data/clips.csv,d20c05d6f76433b0038e69056a0b4f2a1a88fc8b580d5e2c062dc02dd25b4478
mosaiq-benchmark-v0.1-candidate-20260716,mosaiq-benchmark,0.1.0-dev,iso_paq_regression,0.1.0,ISD,clip,ISD_ZhongshanSquare_ZhongshanSquare5_ZS5014,ISD_ZhongshanSquare_ZhongshanSquare5_ZS5014,test,,0.1.0,datasets/ISD/data/clips.csv,0f0014b19d8d2aab35f7a6bbe130b51c471b2e6d63c8bf5afe9bb7ded2f07012
mosaiq-benchmark-v0.1-candidate-20260716,mosaiq-benchmark,0.1.0-dev,iso_paq_regression,0.1.0,ISD,clip,ISD_ZhongshanSquare_ZhongshanSquare5_ZS5015,ISD_ZhongshanSquare_ZhongshanSquare5_ZS5015,test,,0.1.0,datasets/ISD/data/clips.csv,5e39e1ad87579f1ca297724b766594ea4dfd698390aa634c8b733d1f59652d43
mosaiq-benchmark-v0.1-candidate-20260716,mosaiq-benchmark,0.1.0-dev,iso_paq_regression,0.1.0,ISD,clip,ISD_ZhongshanSquare_ZhongshanSquare5_ZS5016,ISD_ZhongshanSquare_ZhongshanSquare5_ZS5016,test,,0.1.0,datasets/ISD/data/clips.csv,f0704b301215cf4f54093dc5e294f0b40a054296f447475c5a567e271739e089
mosaiq-benchmark-v0.1-candidate-20260716,mosaiq-benchmark,0.1.0-dev,iso_paq_regression,0.1.0,ISD,clip,ISD_ZhongshanSquare_ZhongshanSquare5_ZS5017,ISD_ZhongshanSquare_ZhongshanSquare5_ZS5017,test,,0.1.0,datasets/ISD/data/clips.csv,49d14ae0eac90f60bf070f11d4bd69765a4209610c9949232831586fb32ca156
mosaiq-benchmark-v0.1-candidate-20260716,mosaiq-benchmark,0.1.0-dev,iso_paq_regression,0.1.0,ISD,clip,ISD_ZhongshanSquare_ZhongshanSquare5_ZS5018,ISD_ZhongshanSquare_ZhongshanSquare5_ZS5018,test,,0.1.0,datasets/ISD/data/clips.csv,4ac11c3b4e9af62512be21f0e78df21534357d9e167e7a053b7dbe3a23189d8a
mosaiq-benchmark-v0.1-candidate-20260716,mosaiq-benchmark,0.1.0-dev,iso_paq_regression,0.1.0,ISD,clip,ISD_ZhongshanSquare_ZhongshanSquare5_ZS5019,ISD_ZhongshanSquare_ZhongshanSquare5_ZS5019,test,,0.1.0,datasets/ISD/data/clips.csv,a3daf5654a02180abb97de8450f77609c4bd44a8e712e85cd3a4400fe469d690
mosaiq-benchmark-v0.1-candidate-20260716,mosaiq-benchmark,0.1.0-dev,iso_paq_regression,0.1.0,ISD,clip,ISD_ZhongshanSquare_ZhongshanSquare5_ZS5020,ISD_ZhongshanSquare_ZhongshanSquare5_ZS5020,test,,0.1.0,datasets/ISD/data/clips.csv,39793fac3470de786529ad3f387bb732dc974c5c8f6a2b1b3bf4d5df66f03648
mosaiq-benchmark-v0.1-candidate-20260716,mosaiq-benchmark,0.1.0-dev,iso_paq_regression,0.1.0,ISD,clip,ISD_ZhongshanSquare_ZhongshanSquare5_ZS5021,ISD_ZhongshanSquare_ZhongshanSquare5_ZS5021,test,,0.1.0,datasets/ISD/data/clips.csv,9067d630fc8c5057123a20eb0570d9a3d4fc326d2edcedcda8a15540980a0851
mosaiq-benchmark-v0.1-candidate-20260716,mosaiq-benchmark,0.1.0-dev,iso_paq_regression,0.1.0,ISD,clip,ISD_ZhongshanSquare_ZhongshanSquare5_ZS5022,ISD_ZhongshanSquare_ZhongshanSquare5_ZS5022,test,,0.1.0,datasets/ISD/data/clips.csv,36443f82bbc7512fdca68276d7ffa8d9542aa8fafad52900cc7c58e03d197ad4
mosaiq-benchmark-v0.1-candidate-20260716,mosaiq-benchmark,0.1.0-dev,iso_paq_regression,0.1.0,ISD,clip,ISD_ZhongshanSquare_ZhongshanSquare5_ZS5023,ISD_ZhongshanSquare_ZhongshanSquare5_ZS5023,test,,0.1.0,datasets/ISD/data/clips.csv,1298690c9cd494266cfefe9818a1634b21116a975f46487d13e749cddb9571cf
mosaiq-benchmark-v0.1-candidate-20260716,mosaiq-benchmark,0.1.0-dev,iso_paq_regression,0.1.0,ISD,clip,ISD_ZhongshanSquare_ZhongshanSquare5_ZS5024,ISD_ZhongshanSquare_ZhongshanSquare5_ZS5024,test,,0.1.0,datasets/ISD/data/clips.csv,8c109090bda0c5937263996ba6c6a9ae3573a713a26b27ddca8029e9229893f5
mosaiq-benchmark-v0.1-candidate-20260716,mosaiq-benchmark,0.1.0-dev,iso_paq_regression,0.1.0,ISD,clip,ISD_ZhongshanSquare_ZhongshanSquare5_ZS5025,ISD_ZhongshanSquare_ZhongshanSquare5_ZS5025,test,,0.1.0,datasets/ISD/data/clips.csv,e40190f7a1a6532bfa09e37b73508c13a65680c7f313a6b390447d28b48e610e
mosaiq-benchmark-v0.1-candidate-20260716,mosaiq-benchmark,0.1.0-dev,iso_paq_regression,0.1.0,ISD,clip,ISD_ZhongshanSquare_ZhongshanSquare5_ZS5026,ISD_ZhongshanSquare_ZhongshanSquare5_ZS5026,test,,0.1.0,datasets/ISD/data/clips.csv,e05a76c9ea1279383f8452e2733713cf66a4d97cdd7dbb74f3ec96ffee20b58a
mosaiq-benchmark-v0.1-candidate-20260716,mosaiq-benchmark,0.1.0-dev,iso_paq_regression,0.1.0,ISD,clip,ISD_ZhongshanSquare_ZhongshanSquare5_ZS5027,ISD_ZhongshanSquare_ZhongshanSquare5_ZS5027,test,,0.1.0,datasets/ISD/data/clips.csv,2807e88016e6f6b3afc54b294155d40e2f554432f584640d91de92ce008af8a6
mosaiq-benchmark-v0.1-candidate-20260716,mosaiq-benchmark,0.1.0-dev,iso_paq_regression,0.1.0,ISD,clip,ISD_ZhongshanSquare_ZhongshanSquare5_ZS5028,ISD_ZhongshanSquare_ZhongshanSquare5_ZS5028,test,,0.1.0,datasets/ISD/data/clips.csv,0a2b189120659ab0c310dddb092cd35892f47e60497744101d675ac5f94e5a39
mosaiq-benchmark-v0.1-candidate-20260716,mosaiq-benchmark,0.1.0-dev,iso_paq_regression,0.1.0,ISD,clip,ISD_ZhongshanSquare_ZhongshanSquare5_ZS5029,ISD_ZhongshanSquare_ZhongshanSquare5_ZS5029,test,,0.1.0,datasets/ISD/data/clips.csv,e73a7ac24d0d579ad7398c64fa66c3a27d5f1c3381a7b13a343a898c9a68dd4a
mosaiq-benchmark-v0.1-candidate-20260716,mosaiq-benchmark,0.1.0-dev,iso_paq_regression,0.1.0,ISD,clip,ISD_ZhongshanSquare_ZhongshanSquare5_ZS5030,ISD_ZhongshanSquare_ZhongshanSquare5_ZS5030,test,,0.1.0,datasets/ISD/data/clips.csv,63981cffe770a4236242dbcf20bf6c459c4c3ee1b43676675350fd827e1fcaba
mosaiq-benchmark-v0.1-candidate-20260716,mosaiq-benchmark,0.1.0-dev,iso_paq_regression,0.1.0,ISD,clip,ISD_ZhongshanSquare_ZhongshanSquare5_ZS5031,ISD_ZhongshanSquare_ZhongshanSquare5_ZS5031,test,,0.1.0,datasets/ISD/data/clips.csv,d8587047cf970450abc9359f2272e94697b4a1be8f854b408fa235297f34d2f5
mosaiq-benchmark-v0.1-candidate-20260716,mosaiq-benchmark,0.1.0-dev,iso_paq_regression,0.1.0,ISD,clip,ISD_ZhongshanSquare_ZhongshanSquare5_ZS5032,ISD_ZhongshanSquare_ZhongshanSquare5_ZS5032,test,,0.1.0,datasets/ISD/data/clips.csv,8867b8488756226baa98e9a235bc003125b8929d24c7a11a3ea99e7dfe475d2f
mosaiq-benchmark-v0.1-candidate-20260716,mosaiq-benchmark,0.1.0-dev,iso_paq_regression,0.1.0,ISD,clip,ISD_ZhongshanSquare_ZhongshanSquare5_ZS5033,ISD_ZhongshanSquare_ZhongshanSquare5_ZS5033,test,,0.1.0,datasets/ISD/data/clips.csv,5561f641e506f40829da01fc60b6f0fa1cf55f04e84fa28a09497894c8467257
mosaiq-benchmark-v0.1-candidate-20260716,mosaiq-benchmark,0.1.0-dev,iso_paq_regression,0.1.0,ISD,clip,ISD_ZhongshanSquare_ZhongshanSquare5_ZS5034,ISD_ZhongshanSquare_ZhongshanSquare5_ZS5034,test,,0.1.0,datasets/ISD/data/clips.csv,fa00e9b3d60ee46e800d82858fdcd7fcfdceab93d0d183146ef603bf4e99c174
mosaiq-benchmark-v0.1-candidate-20260716,mosaiq-benchmark,0.1.0-dev,iso_paq_regression,0.1.0,ISD,clip,ISD_ZhongshanSquare_ZhongshanSquare5_ZS5035,ISD_ZhongshanSquare_ZhongshanSquare5_ZS5035,test,,0.1.0,datasets/ISD/data/clips.csv,25686f2a48c980a0242321e5215c1df8d22b0682c4f1539f0838662592622a5a
mosaiq-benchmark-v0.1-candidate-20260716,mosaiq-benchmark,0.1.0-dev,iso_paq_regression,0.1.0,ISD,clip,ISD_ZhongshanSquare_ZhongshanSquare5_ZS5036,ISD_ZhongshanSquare_ZhongshanSquare5_ZS5036,test,,0.1.0,datasets/ISD/data/clips.csv,9465716af67599e2eebfdc8e66b4cc50621cedf68085235ea2f386872bbb4343
mosaiq-benchmark-v0.1-candidate-20260716,mosaiq-benchmark,0.1.0-dev,iso_paq_regression,0.1.0,ISD,clip,ISD_ZhongshanSquare_ZhongshanSquare5_ZS5037,ISD_ZhongshanSquare_ZhongshanSquare5_ZS5037,test,,0.1.0,datasets/ISD/data/clips.csv,ece637c8ab0d1fff1eaa36c46689c947eeb9744e7d247c19cf55f6bc4325bf6d
mosaiq-benchmark-v0.1-candidate-20260716,mosaiq-benchmark,0.1.0-dev,iso_paq_regression,0.1.0,ISD,clip,ISD_ZhongshanSquare_ZhongshanSquare5_ZS5038,ISD_ZhongshanSquare_ZhongshanSquare5_ZS5038,test,,0.1.0,datasets/ISD/data/clips.csv,a82f96876441f63a1f729f1d1d0158ef531ad64512e3adc876153604b8888222
mosaiq-benchmark-v0.1-candidate-20260716,mosaiq-benchmark,0.1.0-dev,iso_paq_regression,0.1.0,ISD,clip,ISD_ZhongshanSquare_ZhongshanSquare5_ZS5039,ISD_ZhongshanSquare_ZhongshanSquare5_ZS5039,test,,0.1.0,datasets/ISD/data/clips.csv,cc7776bd51ade3441cbd462d66b08b1a86323ed026fe656cd2f70e45e3cfc007
mosaiq-benchmark-v0.1-candidate-20260716,mosaiq-benchmark,0.1.0-dev,iso_paq_regression,0.1.0,ISD,clip,ISD_ZhongshanSquare_ZhongshanSquare5_ZS5040,ISD_ZhongshanSquare_ZhongshanSquare5_ZS5040,test,,0.1.0,datasets/ISD/data/clips.csv,41e2a0969195e812676d0340160717370e7d7d0f671f128b469e9d1247b8c283
mosaiq-benchmark-v0.1-candidate-20260716,mosaiq-benchmark,0.1.0-dev,iso_paq_regression,0.1.0,ISD,clip,ISD_ZhongshanSquare_ZhongshanSquare5_ZS5041,ISD_ZhongshanSquare_ZhongshanSquare5_ZS5041,test,,0.1.0,datasets/ISD/data/clips.csv,9f83c763cfd20cfd5e8bfdbc2ac4cbddbc0d9107bce186cc3ad81f41f031ddfa
mosaiq-benchmark-v0.1-candidate-20260716,mosaiq-benchmark,0.1.0-dev,iso_paq_regression,0.1.0,ISD,clip,ISD_ZhongshanSquare_ZhongshanSquare5_ZS5042,ISD_ZhongshanSquare_ZhongshanSquare5_ZS5042,test,,0.1.0,datasets/ISD/data/clips.csv,68d6add4c223680a80fad6d2c91c8b6c91dbebe365e55433bba0e568e8eb7114
mosaiq-benchmark-v0.1-candidate-20260716,mosaiq-benchmark,0.1.0-dev,iso_paq_regression,0.1.0,ISD,clip,ISD_ZhongshanSquare_ZhongshanSquare5_ZS5043,ISD_ZhongshanSquare_ZhongshanSquare5_ZS5043,test,,0.1.0,datasets/ISD/data/clips.csv,91850368e461e01ba9dd9ac8144b5c1166a4655d4e8772e67cf58c9364b43638
mosaiq-benchmark-v0.1-candidate-20260716,mosaiq-benchmark,0.1.0-dev,iso_paq_regression,0.1.0,ISD,clip,ISD_ZhongshanSquare_ZhongshanSquare5_ZS5044,ISD_ZhongshanSquare_ZhongshanSquare5_ZS5044,test,,0.1.0,datasets/ISD/data/clips.csv,a492c50d69b73a31338b1bafead253843651512ef162fa6a0ffbfc3b7f9de231
mosaiq-benchmark-v0.1-candidate-20260716,mosaiq-benchmark,0.1.0-dev,iso_paq_regression,0.1.0,ISD,clip,ISD_ZhongshanSquare_ZhongshanSquare5_ZS5045,ISD_ZhongshanSquare_ZhongshanSquare5_ZS5045,test,,0.1.0,datasets/ISD/data/clips.csv,c05b080ba3d780ed88b9c564f60794d6afaf2e9f907a8b699642f31780c31a93
mosaiq-benchmark-v0.1-candidate-20260716,mosaiq-benchmark,0.1.0-dev,iso_paq_regression,0.1.0,ISD,clip,ISD_ZhongshanSquare_ZhongshanSquare5_ZS5046,ISD_ZhongshanSquare_ZhongshanSquare5_ZS5046,test,,0.1.0,datasets/ISD/data/clips.csv,57ad9979ad408f076416783e98b1cfb9680dace4d66561df67ffe0e6e5f8ec29
mosaiq-benchmark-v0.1-candidate-20260716,mosaiq-benchmark,0.1.0-dev,iso_paq_regression,0.1.0,ISD,clip,ISD_ZhongshanSquare_ZhongshanSquare5_ZS5047,ISD_ZhongshanSquare_ZhongshanSquare5_ZS5047,test,,0.1.0,datasets/ISD/data/clips.csv,755b3a7894577825b54ed3c28a6df8a7b9e3f18eb0456337a8c20bdd19475dcf
mosaiq-benchmark-v0.1-candidate-20260716,mosaiq-benchmark,0.1.0-dev,iso_paq_regression,0.1.0,ISD,clip,ISD_ZhongshanSquare_ZhongshanSquare5_ZS5048,ISD_ZhongshanSquare_ZhongshanSquare5_ZS5048,test,,0.1.0,datasets/ISD/data/clips.csv,9449df8a2bb258381424d2c5204e24e3f70f30a64e1fc3d39a4cb6b8c6a14615
mosaiq-benchmark-v0.1-candidate-20260716,mosaiq-benchmark,0.1.0-dev,iso_paq_regression,0.1.0,ISD,clip,ISD_ZhongshanSquare_ZhongshanSquare5_ZS5049,ISD_ZhongshanSquare_ZhongshanSquare5_ZS5049,test,,0.1.0,datasets/ISD/data/clips.csv,e8a2045a72df09c7d500cb428006d281057361cb45d5ac39c0f166b8b3920024
mosaiq-benchmark-v0.1-candidate-20260716,mosaiq-benchmark,0.1.0-dev,iso_paq_regression,0.1.0,ISD,clip,ISD_ZhongshanSquare_ZhongshanSquare5_ZS5050,ISD_ZhongshanSquare_ZhongshanSquare5_ZS5050,test,,0.1.0,datasets/ISD/data/clips.csv,6ff2a66b8d5e82316a8230a779e772b8848c598f1ec9f2911c4d3daeb8ef9460
mosaiq-benchmark-v0.1-candidate-20260716,mosaiq-benchmark,0.1.0-dev,iso_paq_regression,0.1.0,ISD,clip,ISD_ZhongshanSquare_ZhongshanSquare5_ZS5051,ISD_ZhongshanSquare_ZhongshanSquare5_ZS5051,test,,0.1.0,datasets/ISD/data/clips.csv,f418541c430e36e88af1ca1a873658e60f2ee986947ccfd6924be1d943bfa315
mosaiq-benchmark-v0.1-candidate-20260716,mosaiq-benchmark,0.1.0-dev,iso_paq_regression,0.1.0,ISD,clip,ISD_ZhongshanSquare_ZhongshanSquare5_ZS5052,ISD_ZhongshanSquare_ZhongshanSquare5_ZS5052,test,,0.1.0,datasets/ISD/data/clips.csv,fdad3299ea631272e70b06da2f145faa089b965ea6a46e1006ca3bc72ad167c0
mosaiq-benchmark-v0.1-candidate-20260716,mosaiq-benchmark,0.1.0-dev,iso_paq_regression,0.1.0,ISD,clip,ISD_ZhongshanSquare_ZhongshanSquare5_ZS5053,ISD_ZhongshanSquare_ZhongshanSquare5_ZS5053,test,,0.1.0,datasets/ISD/data/clips.csv,73712b39a5e447818e4c6efc532dc84dc107dec1cc1b09719d5d6deb2019c239
mosaiq-benchmark-v0.1-candidate-20260716,mosaiq-benchmark,0.1.0-dev,iso_paq_regression,0.1.0,ISD,clip,ISD_ZhongshanSquare_ZhongshanSquare5_ZS5054,ISD_ZhongshanSquare_ZhongshanSquare5_ZS5054,test,,0.1.0,datasets/ISD/data/clips.csv,38b8917e343dac90008b811aed5a41f65816d10239f97c59fbad5a254a3766f1
mosaiq-benchmark-v0.1-candidate-20260716,mosaiq-benchmark,0.1.0-dev,iso_paq_regression,0.1.0,ISD,clip,ISD_ZhongshanSquare_ZhongshanSquare5_ZS5055,ISD_ZhongshanSquare_ZhongshanSquare5_ZS5055,test,,0.1.0,datasets/ISD/data/clips.csv,84a1b663d715baa1d5f17bf53b34b78efee5e96a7a4c4ef725e3b484baad2bb0
mosaiq-benchmark-v0.1-candidate-20260716,mosaiq-benchmark,0.1.0-dev,iso_paq_regression,0.1.0,ISD,clip,ISD_ZhongshanSquare_ZhongshanSquare5_ZS5056,ISD_ZhongshanSquare_ZhongshanSquare5_ZS5056,test,,0.1.0,datasets/ISD/data/clips.csv,8ff3e024df26f248db7fc0a9f6c1b4c362bbf3ec742ad58c743c6b224093e357
mosaiq-benchmark-v0.1-candidate-20260716,mosaiq-benchmark,0.1.0-dev,iso_paq_regression,0.1.0,ISD,clip,ISD_ZhongshanSquare_ZhongshanSquare5_ZS5057,ISD_ZhongshanSquare_ZhongshanSquare5_ZS5057,test,,0.1.0,datasets/ISD/data/clips.csv,d510705be880c6032fcdefbe575593c61de0877d7ce6a75575dc184445dd65df
mosaiq-benchmark-v0.1-candidate-20260716,mosaiq-benchmark,0.1.0-dev,iso_paq_regression,0.1.0,ISD,clip,ISD_ZhongshanSquare_ZhongshanSquare5_ZS5058,ISD_ZhongshanSquare_ZhongshanSquare5_ZS5058,test,,0.1.0,datasets/ISD/data/clips.csv,7c17c894ebaa48bc1f3ca86259ec5a6d116edce55d0806957fa0573fdc581f08
mosaiq-benchmark-v0.1-candidate-20260716,mosaiq-benchmark,0.1.0-dev,iso_paq_regression,0.1.0,ISD,clip,ISD_ZhongshanSquare_ZhongshanSquare5_ZS5059,ISD_ZhongshanSquare_ZhongshanSquare5_ZS5059,test,,0.1.0,datasets/ISD/data/clips.csv,7789ba8351c68e1a22f57a14f57744a5f514b4020ab509e16d97f6ad2764a715
mosaiq-benchmark-v0.1-candidate-20260716,mosaiq-benchmark,0.1.0-dev,iso_paq_regression,0.1.0,ISD,clip,ISD_ZhongshanSquare_ZhongshanSquare5_ZS5060,ISD_ZhongshanSquare_ZhongshanSquare5_ZS5060,test,,0.1.0,datasets/ISD/data/clips.csv,aab95632e4b0cc4514642fea1c5f4bbe010204163363dd151fe4556b5f146d0c
mosaiq-benchmark-v0.1-candidate-20260716,mosaiq-benchmark,0.1.0-dev,iso_paq_regression,0.1.0,ISD,clip,ISD_ZhongshanSquare_ZhongshanSquare5_ZS5061,ISD_ZhongshanSquare_ZhongshanSquare5_ZS5061,test,,0.1.0,datasets/ISD/data/clips.csv,87656a88082b0f40b1d806389f271520becb3526a389564d8c150b902cbb6ad0
mosaiq-benchmark-v0.1-candidate-20260716,mosaiq-benchmark,0.1.0-dev,iso_paq_regression,0.1.0,ISD,clip,ISD_ZhongshanSquare_ZhongshanSquare5_ZS5062,ISD_ZhongshanSquare_ZhongshanSquare5_ZS5062,test,,0.1.0,datasets/ISD/data/clips.csv,328ccf7ca10f87d63f55f6e2b7b390b2708536395f8676598707057f2483a054
mosaiq-benchmark-v0.1-candidate-20260716,mosaiq-benchmark,0.1.0-dev,iso_paq_regression,0.1.0,ISD,clip,ISD_ZhongshanSquare_ZhongshanSquare5_ZS5063,ISD_ZhongshanSquare_ZhongshanSquare5_ZS5063,test,,0.1.0,datasets/ISD/data/clips.csv,24e4ca7b0132d22d51f4de5868a745f6e87f605486d4fa1c8d5683651d45213d
mosaiq-benchmark-v0.1-candidate-20260716,mosaiq-benchmark,0.1.0-dev,iso_paq_regression,0.1.0,ISD,clip,ISD_ZhongshanSquare_ZhongshanSquare5_ZS5064,ISD_ZhongshanSquare_ZhongshanSquare5_ZS5064,test,,0.1.0,datasets/ISD/data/clips.csv,19147aaeddf8874696c5f7d7708015867b4efde784f867935e3d4ed5b1ada615
mosaiq-benchmark-v0.1-candidate-20260716,mosaiq-benchmark,0.1.0-dev,iso_paq_regression,0.1.0,ISD,clip,ISD_ZhongshanSquare_ZhongshanSquare5_ZS5065,ISD_ZhongshanSquare_ZhongshanSquare5_ZS5065,test,,0.1.0,datasets/ISD/data/clips.csv,ed40553c432ddec82ea103e95fb3212bd93e1785c66c2b715fe13420181e6967
mosaiq-benchmark-v0.1-candidate-20260716,mosaiq-benchmark,0.1.0-dev,iso_paq_regression,0.1.0,ISD,clip,ISD_ZhongshanSquare_ZhongshanSquare5_ZS5066,ISD_ZhongshanSquare_ZhongshanSquare5_ZS5066,test,,0.1.0,datasets/ISD/data/clips.csv,480242546c1f2a1bff4acf7264e24a4cd8b6583a2b0fd34c5a45c95b8cb5128a
mosaiq-benchmark-v0.1-candidate-20260716,mosaiq-benchmark,0.1.0-dev,iso_paq_regression,0.1.0,ISD,clip,ISD_ZhongshanSquare_ZhongshanSquare5_ZS5067,ISD_ZhongshanSquare_ZhongshanSquare5_ZS5067,test,,0.1.0,datasets/ISD/data/clips.csv,31b38a7f0f19cdc91eb0f10cdd90fec199171df7b1da94f21c5be26151aefc46
mosaiq-benchmark-v0.1-candidate-20260716,mosaiq-benchmark,0.1.0-dev,iso_paq_regression,0.1.0,ISD,clip,ISD_ZhongshanSquare_ZhongshanSquare5_ZS5068,ISD_ZhongshanSquare_ZhongshanSquare5_ZS5068,test,,0.1.0,datasets/ISD/data/clips.csv,3309bf300c55f5b357f8fb1e0f44b0d1c5e34ba9f62576e3884ac1e2a9b0b707
mosaiq-benchmark-v0.1-candidate-20260716,mosaiq-benchmark,0.1.0-dev,iso_paq_regression,0.1.0,ISD,clip,ISD_ZhongshanSquare_ZhongshanSquare5_ZS5069,ISD_ZhongshanSquare_ZhongshanSquare5_ZS5069,test,,0.1.0,datasets/ISD/data/clips.csv,31cc44952836427b7cb7e491627202e2696055bbbffcef1122aee156e6c5cd96
mosaiq-benchmark-v0.1-candidate-20260716,mosaiq-benchmark,0.1.0-dev,iso_paq_regression,0.1.0,ISD,clip,ISD_ZhongshanSquare_ZhongshanSquare5_ZS5070,ISD_ZhongshanSquare_ZhongshanSquare5_ZS5070,test,,0.1.0,datasets/ISD/data/clips.csv,b4734e2d69431f04492f2c523e8c0857b46d2fcbb0751df4ab711f550c859ffc
mosaiq-benchmark-v0.1-candidate-20260716,mosaiq-benchmark,0.1.0-dev,iso_paq_regression,0.1.0,ISD,clip,ISD_ZhongshanSquare_ZhongshanSquare5_ZS5071,ISD_ZhongshanSquare_ZhongshanSquare5_ZS5071,test,,0.1.0,datasets/ISD/data/clips.csv,ccdd45d58b845f49235a90236b195026f7a99bfa874a87537bb93fa4250f8d20
mosaiq-benchmark-v0.1-candidate-20260716,mosaiq-benchmark,0.1.0-dev,iso_paq_regression,0.1.0,ISD,clip,ISD_ZhongshanSquare_ZhongshanSquare5_ZS5072,ISD_ZhongshanSquare_ZhongshanSquare5_ZS5072,test,,0.1.0,datasets/ISD/data/clips.csv,77fe2ee83ee0fc2d50678aa35f581ac165ae5b6b174a1badc1d80d34c9d8b7cd
mosaiq-benchmark-v0.1-candidate-20260716,mosaiq-benchmark,0.1.0-dev,iso_paq_regression,0.1.0,ISD,clip,ISD_ZhongshanSquare_ZhongshanSquare5_ZS5073,ISD_ZhongshanSquare_ZhongshanSquare5_ZS5073,test,,0.1.0,datasets/ISD/data/clips.csv,563fb6e01e73bb9ad76a42671db957123cdddb57757beb46b42928c9bc77c090
mosaiq-benchmark-v0.1-candidate-20260716,mosaiq-benchmark,0.1.0-dev,iso_paq_regression,0.1.0,ISD,clip,ISD_ZhongshanSquare_ZhongshanSquare5_ZS5074,ISD_ZhongshanSquare_ZhongshanSquare5_ZS5074,test,,0.1.0,datasets/ISD/data/clips.csv,f52dd8fc0a837aa353831ac600aa29f71af309af9e653462bdfdaa92f3370253
mosaiq-benchmark-v0.1-candidate-20260716,mosaiq-benchmark,0.1.0-dev,iso_paq_regression,0.1.0,ISD,clip,ISD_ZhongshanSquare_ZhongshanSquare5_ZS5075,ISD_ZhongshanSquare_ZhongshanSquare5_ZS5075,test,,0.1.0,datasets/ISD/data/clips.csv,fa6e1ed07daa33dbb89a67bb6fe2dce0a06a558682ff054199bc4e0d724c3851
mosaiq-benchmark-v0.1-candidate-20260716,mosaiq-benchmark,0.1.0-dev,iso_paq_regression,0.1.0,ISD,clip,ISD_ZhongshanSquare_ZhongshanSquare5_ZS5076,ISD_ZhongshanSquare_ZhongshanSquare5_ZS5076,test,,0.1.0,datasets/ISD/data/clips.csv,e9c605943f841bdb50b79926f797459d4d33764b99aa47b2c1bb9452c7e2a7ef
mosaiq-benchmark-v0.1-candidate-20260716,mosaiq-benchmark,0.1.0-dev,iso_paq_regression,0.1.0,ISD,clip,ISD_ZhongshanSquare_ZhongshanSquare5_ZS5077,ISD_ZhongshanSquare_ZhongshanSquare5_ZS5077,test,,0.1.0,datasets/ISD/data/clips.csv,cee13b7c515f5aa1994eaab69f6f9545db02a79f3537768e60f91864acaff424
mosaiq-benchmark-v0.1-candidate-20260716,mosaiq-benchmark,0.1.0-dev,iso_paq_regression,0.1.0,ISD,clip,ISD_ZhongshanSquare_ZhongshanSquare5_ZS5078,ISD_ZhongshanSquare_ZhongshanSquare5_ZS5078,test,,0.1.0,datasets/ISD/data/clips.csv,cb1189d83a8f251e3c15cb5795575b33d8dddc379c09ec463722e21c68117feb
mosaiq-benchmark-v0.1-candidate-20260716,mosaiq-benchmark,0.1.0-dev,iso_paq_regression,0.1.0,ISD,clip,ISD_ZhongshanSquare_ZhongshanSquare5_ZS5079,ISD_ZhongshanSquare_ZhongshanSquare5_ZS5079,test,,0.1.0,datasets/ISD/data/clips.csv,9ab6e2297bfd52e63350cc1fa6c4515b9a93f79a274239ef4967fb2116265268
mosaiq-benchmark-v0.1-candidate-20260716,mosaiq-benchmark,0.1.0-dev,iso_paq_regression,0.1.0,ISD,clip,ISD_ZhongshanSquare_ZhongshanSquare5_ZS5080,ISD_ZhongshanSquare_ZhongshanSquare5_ZS5080,test,,0.1.0,datasets/ISD/data/clips.csv,4079e347eaf46b098bfd7312afa5f92b9820d0d5b39a5bf949eda3890f47a9bb
mosaiq-benchmark-v0.1-candidate-20260716,mosaiq-benchmark,0.1.0-dev,iso_paq_regression,0.1.0,ISD,clip,ISD_ZhongshanSquare_ZhongshanSquare5_ZS5081,ISD_ZhongshanSquare_ZhongshanSquare5_ZS5081,test,,0.1.0,datasets/ISD/data/clips.csv,0382209afe25d253ab5a2a8e5f605230d44201eb8849ea131c19b52b3d7510f7
mosaiq-benchmark-v0.1-candidate-20260716,mosaiq-benchmark,0.1.0-dev,iso_paq_regression,0.1.0,ISD,clip,ISD_ZhongshanSquare_ZhongshanSquare5_ZS5082,ISD_ZhongshanSquare_ZhongshanSquare5_ZS5082,test,,0.1.0,datasets/ISD/data/clips.csv,34d0815b6f52916e4fdeec9c039c441567d0f99133880e35b500191b36d7b53f
mosaiq-benchmark-v0.1-candidate-20260716,mosaiq-benchmark,0.1.0-dev,iso_paq_regression,0.1.0,ISD,clip,ISD_ZhongshanSquare_ZhongshanSquare5_ZS5083,ISD_ZhongshanSquare_ZhongshanSquare5_ZS5083,test,,0.1.0,datasets/ISD/data/clips.csv,87a755dde97b2af95e134db2e31bcaf4da33f8eb3b6960a489764e0c409eb230
mosaiq-benchmark-v0.1-candidate-20260716,mosaiq-benchmark,0.1.0-dev,iso_paq_regression,0.1.0,ISD,clip,ISD_ZhongshanSquare_ZhongshanSquare5_ZS5084,ISD_ZhongshanSquare_ZhongshanSquare5_ZS5084,test,,0.1.0,datasets/ISD/data/clips.csv,77d62f2d0a657d4bde2e4cec746b94bb6ffd5cf75a1fa969f72891fcb751468a
mosaiq-benchmark-v0.1-candidate-20260716,mosaiq-benchmark,0.1.0-dev,iso_paq_regression,0.1.0,ISD,clip,ISD_ZhongshanSquare_ZhongshanSquare5_ZS5085,ISD_ZhongshanSquare_ZhongshanSquare5_ZS5085,test,,0.1.0,datasets/ISD/data/clips.csv,dc493cf673fa8b5079c681d248dae9fc8bd5ea0487fd6167a376b9c348063da7
mosaiq-benchmark-v0.1-candidate-20260716,mosaiq-benchmark,0.1.0-dev,iso_paq_regression,0.1.0,ISD,clip,ISD_ZhongshanSquare_ZhongshanSquare5_ZS5086,ISD_ZhongshanSquare_ZhongshanSquare5_ZS5086,test,,0.1.0,datasets/ISD/data/clips.csv,cadbde02c089a458bdd6e715c371a53e4495f42d1c8df6b1670102d3c5f830f4
mosaiq-benchmark-v0.1-candidate-20260716,mosaiq-benchmark,0.1.0-dev,iso_paq_regression,0.1.0,ISD,clip,ISD_ZhongshanSquare_ZhongshanSquare5_ZS5087,ISD_ZhongshanSquare_ZhongshanSquare5_ZS5087,test,,0.1.0,datasets/ISD/data/clips.csv,b0c9a9f32c82d4179ce268e879c580d001c99dbccefa9a54a1464e80ae46ab96
mosaiq-benchmark-v0.1-candidate-20260716,mosaiq-benchmark,0.1.0-dev,iso_paq_regression,0.1.0,ISD,clip,ISD_ZhongshanSquare_ZhongshanSquare5_ZS5088,ISD_ZhongshanSquare_ZhongshanSquare5_ZS5088,test,,0.1.0,datasets/ISD/data/clips.csv,cdc5f77aa49091b429526f5e75225e8276122ef129a0a8203a4ca489dd673e3f
mosaiq-benchmark-v0.1-candidate-20260716,mosaiq-benchmark,0.1.0-dev,iso_paq_regression,0.1.0,ISD,clip,ISD_ZhongshanSquare_ZhongshanSquare5_ZS5089,ISD_ZhongshanSquare_ZhongshanSquare5_ZS5089,test,,0.1.0,datasets/ISD/data/clips.csv,07f7599abfd589cc12080bf7dda37be69a6ab554734482ccd84c2e0e8332bf93
mosaiq-benchmark-v0.1-candidate-20260716,mosaiq-benchmark,0.1.0-dev,iso_paq_regression,0.1.0,ISD,clip,ISD_ZhongshanSquare_ZhongshanSquare5_ZS5090,ISD_ZhongshanSquare_ZhongshanSquare5_ZS5090,test,,0.1.0,datasets/ISD/data/clips.csv,e4aedcf81506d26f5994db32b96045d44d405f11f14eeec4b7cf6b66abc19f50
mosaiq-benchmark-v0.1-candidate-20260716,mosaiq-benchmark,0.1.0-dev,iso_paq_regression,0.1.0,ISD,clip,ISD_ZhongshanSquare_ZhongshanSquare5_ZS5091,ISD_ZhongshanSquare_ZhongshanSquare5_ZS5091,test,,0.1.0,datasets/ISD/data/clips.csv,c0c7d3240023b5220c4742e945419edb38916e16a090965edd7d2ca52aa719c6
mosaiq-benchmark-v0.1-candidate-20260716,mosaiq-benchmark,0.1.0-dev,iso_paq_regression,0.1.0,ISD,clip,ISD_ZhongshanSquare_ZhongshanSquare5_ZS5092,ISD_ZhongshanSquare_ZhongshanSquare5_ZS5092,test,,0.1.0,datasets/ISD/data/clips.csv,4c44c52fb2c1531b56924d35b2ef1efbea9f6e64a8adde0778999c37ab73b3df
mosaiq-benchmark-v0.1-candidate-20260716,mosaiq-benchmark,0.1.0-dev,iso_paq_regression,0.1.0,ISD,clip,ISD_ZhongshanSquare_ZhongshanSquare5_ZS5093,ISD_ZhongshanSquare_ZhongshanSquare5_ZS5093,test,,0.1.0,datasets/ISD/data/clips.csv,7dcc62b36f121d3124b7a5569acdbe2e332d403cdfd0b62afab0fe45410db406
mosaiq-benchmark-v0.1-candidate-20260716,mosaiq-benchmark,0.1.0-dev,iso_paq_regression,0.1.0,ISD,clip,ISD_ZhongshanSquare_ZhongshanSquare5_ZS5094,ISD_ZhongshanSquare_ZhongshanSquare5_ZS5094,test,,0.1.0,datasets/ISD/data/clips.csv,047a58223fd0042497c804b46b2f755b994f4fef1a66ee7d115cbabfdf5a0cd9
mosaiq-benchmark-v0.1-candidate-20260716,mosaiq-benchmark,0.1.0-dev,iso_paq_regression,0.1.0,ISD,clip,ISD_ZhongshanSquare_ZhongshanSquare5_ZS5095,ISD_ZhongshanSquare_ZhongshanSquare5_ZS5095,test,,0.1.0,datasets/ISD/data/clips.csv,c42026ebf04fed11a31a34d520a86391ca7622d61c7e2a5665814b6977bbc048
mosaiq-benchmark-v0.1-candidate-20260716,mosaiq-benchmark,0.1.0-dev,iso_paq_regression,0.1.0,ISD,clip,ISD_ZhongshanSquare_ZhongshanSquare5_ZS5096,ISD_ZhongshanSquare_ZhongshanSquare5_ZS5096,test,,0.1.0,datasets/ISD/data/clips.csv,a2bc5ce26f54e63d95ebc422cb045e5c47e1292ea82166c0c4c603fe93ec4003
mosaiq-benchmark-v0.1-candidate-20260716,mosaiq-benchmark,0.1.0-dev,iso_paq_regression,0.1.0,ISD,clip,ISD_ZhongshanSquare_ZhongshanSquare5_ZS5097,ISD_ZhongshanSquare_ZhongshanSquare5_ZS5097,test,,0.1.0,datasets/ISD/data/clips.csv,f8b80672891279f9bbebdfe2d03ec1154b58c278a7357e60eb4dadf969f5f522
mosaiq-benchmark-v0.1-candidate-20260716,mosaiq-benchmark,0.1.0-dev,iso_paq_regression,0.1.0,ISD,clip,ISD_ZhongshanSquare_ZhongshanSquare5_ZS5098,ISD_ZhongshanSquare_ZhongshanSquare5_ZS5098,test,,0.1.0,datasets/ISD/data/clips.csv,950bcaf7264ffe611414d9d6f39dd8ce21e352d5f436dce212463f37851a2b08
mosaiq-benchmark-v0.1-candidate-20260716,mosaiq-benchmark,0.1.0-dev,iso_paq_regression,0.1.0,ISD,clip,ISD_ZhongshanSquare_ZhongshanSquare5_ZS5099,ISD_ZhongshanSquare_ZhongshanSquare5_ZS5099,test,,0.1.0,datasets/ISD/data/clips.csv,c4b475508151a5e6ff65f8d4ac9ad64363197b8784f5f19e55ce05b4a2cb14cc
mosaiq-benchmark-v0.1-candidate-20260716,mosaiq-benchmark,0.1.0-dev,iso_paq_regression,0.1.0,ISD,clip,ISD_ZhongshanSquare_ZhongshanSquare5_ZS5100,ISD_ZhongshanSquare_ZhongshanSquare5_ZS5100,test,,0.1.0,datasets/ISD/data/clips.csv,8a8d7cca212b549f3291708f2490ba07a7d7648f5971d9eb79ea864d8376c26a
mosaiq-benchmark-v0.1-candidate-20260716,mosaiq-benchmark,0.1.0-dev,iso_paq_regression,0.1.0,ISD,clip,ISD_ZhongshanSquare_ZhongshanSquare6_ZS6001,ISD_ZhongshanSquare_ZhongshanSquare6_ZS6001,test,,0.1.0,datasets/ISD/data/clips.csv,6f9b02c59ab715c80297cb6a95efa59a36fc98bf12841a48182da556cdabcb50
mosaiq-benchmark-v0.1-candidate-20260716,mosaiq-benchmark,0.1.0-dev,iso_paq_regression,0.1.0,ISD,clip,ISD_ZhongshanSquare_ZhongshanSquare6_ZS6002,ISD_ZhongshanSquare_ZhongshanSquare6_ZS6002,test,,0.1.0,datasets/ISD/data/clips.csv,be13651322d9e046cb0514fa984a8b3ec1503844b25a483d4a5d6f60db5bf6bf
mosaiq-benchmark-v0.1-candidate-20260716,mosaiq-benchmark,0.1.0-dev,iso_paq_regression,0.1.0,ISD,clip,ISD_ZhongshanSquare_ZhongshanSquare6_ZS6003,ISD_ZhongshanSquare_ZhongshanSquare6_ZS6003,test,,0.1.0,datasets/ISD/data/clips.csv,ff43214f3ef239b350c102ab86149cb5ba133823903f00e0368a0e3b618b0ce8
mosaiq-benchmark-v0.1-candidate-20260716,mosaiq-benchmark,0.1.0-dev,iso_paq_regression,0.1.0,ISD,clip,ISD_ZhongshanSquare_ZhongshanSquare6_ZS6004,ISD_ZhongshanSquare_ZhongshanSquare6_ZS6004,test,,0.1.0,datasets/ISD/data/clips.csv,4857e3dc724a6eaec9ad7fe227c65d18becfd9e74a103e02966c58906b502bac
mosaiq-benchmark-v0.1-candidate-20260716,mosaiq-benchmark,0.1.0-dev,iso_paq_regression,0.1.0,ISD,clip,ISD_ZhongshanSquare_ZhongshanSquare6_ZS6005,ISD_ZhongshanSquare_ZhongshanSquare6_ZS6005,test,,0.1.0,datasets/ISD/data/clips.csv,3f628567043f1a93aeef9dc65b73a31718fef620d680282b87f29c1c0cf172b0
mosaiq-benchmark-v0.1-candidate-20260716,mosaiq-benchmark,0.1.0-dev,iso_paq_regression,0.1.0,ISD,clip,ISD_ZhongshanSquare_ZhongshanSquare6_ZS6006,ISD_ZhongshanSquare_ZhongshanSquare6_ZS6006,test,,0.1.0,datasets/ISD/data/clips.csv,d77d74fe1ce2d03c4cc5c10ccc31f9c919c713bc060dfa985329b9b97b96c231
mosaiq-benchmark-v0.1-candidate-20260716,mosaiq-benchmark,0.1.0-dev,iso_paq_regression,0.1.0,ISD,clip,ISD_ZhongshanSquare_ZhongshanSquare6_ZS6007,ISD_ZhongshanSquare_ZhongshanSquare6_ZS6007,test,,0.1.0,datasets/ISD/data/clips.csv,3b3df10179a45f3eb48caf86594d41700385558e7b0b1ed1b701e26a5ab3b926
mosaiq-benchmark-v0.1-candidate-20260716,mosaiq-benchmark,0.1.0-dev,iso_paq_regression,0.1.0,ISD,clip,ISD_ZhongshanSquare_ZhongshanSquare6_ZS6008,ISD_ZhongshanSquare_ZhongshanSquare6_ZS6008,test,,0.1.0,datasets/ISD/data/clips.csv,e37bb0ae82f35d50633d8a8da305c01583e6a680fa48d8f997ea20b103ab9ae6
mosaiq-benchmark-v0.1-candidate-20260716,mosaiq-benchmark,0.1.0-dev,iso_paq_regression,0.1.0,ISD,clip,ISD_ZhongshanSquare_ZhongshanSquare6_ZS6009,ISD_ZhongshanSquare_ZhongshanSquare6_ZS6009,test,,0.1.0,datasets/ISD/data/clips.csv,9e0e7fdb0e63bf299b2ba29ab19679ad2be00a161339689f40de3a5367dba607
mosaiq-benchmark-v0.1-candidate-20260716,mosaiq-benchmark,0.1.0-dev,iso_paq_regression,0.1.0,ISD,clip,ISD_ZhongshanSquare_ZhongshanSquare6_ZS6010,ISD_ZhongshanSquare_ZhongshanSquare6_ZS6010,test,,0.1.0,datasets/ISD/data/clips.csv,1ef72b3d9ae1a3aaec911141e3a4dd2569e18b8539a15103ff462765ba011098
mosaiq-benchmark-v0.1-candidate-20260716,mosaiq-benchmark,0.1.0-dev,iso_paq_regression,0.1.0,ISD,clip,ISD_ZhongshanSquare_ZhongshanSquare6_ZS6011,ISD_ZhongshanSquare_ZhongshanSquare6_ZS6011,test,,0.1.0,datasets/ISD/data/clips.csv,1d60d05d5be5139322db2f58c7f9a7d98ef5851d6b98a4696d2c9228b31b1f5c
mosaiq-benchmark-v0.1-candidate-20260716,mosaiq-benchmark,0.1.0-dev,iso_paq_regression,0.1.0,ISD,clip,ISD_ZhongshanSquare_ZhongshanSquare6_ZS6012,ISD_ZhongshanSquare_ZhongshanSquare6_ZS6012,test,,0.1.0,datasets/ISD/data/clips.csv,512c7153b615fd08fec93f874cc701466322c04755e46c4cd289eb16c6f8eb8e
mosaiq-benchmark-v0.1-candidate-20260716,mosaiq-benchmark,0.1.0-dev,iso_paq_regression,0.1.0,ISD,clip,ISD_ZhongshanSquare_ZhongshanSquare6_ZS6013,ISD_ZhongshanSquare_ZhongshanSquare6_ZS6013,test,,0.1.0,datasets/ISD/data/clips.csv,5302f75cf1f967847c27e053b7b5fca95bf1485e2e582b7a7acac81e78803ac3
mosaiq-benchmark-v0.1-candidate-20260716,mosaiq-benchmark,0.1.0-dev,iso_paq_regression,0.1.0,ISD,clip,ISD_ZhongshanSquare_ZhongshanSquare6_ZS6014,ISD_ZhongshanSquare_ZhongshanSquare6_ZS6014,test,,0.1.0,datasets/ISD/data/clips.csv,f71221aee77b435ea9001f5e1a00db8bc5fa48c444eb982f18cc96746b3fc216
mosaiq-benchmark-v0.1-candidate-20260716,mosaiq-benchmark,0.1.0-dev,iso_paq_regression,0.1.0,ISD,clip,ISD_ZhongshanSquare_ZhongshanSquare6_ZS6015,ISD_ZhongshanSquare_ZhongshanSquare6_ZS6015,test,,0.1.0,datasets/ISD/data/clips.csv,19dc22a62ddc348139be34979350cf2f54a45a723488c201b35aef297b2f64c0
mosaiq-benchmark-v0.1-candidate-20260716,mosaiq-benchmark,0.1.0-dev,iso_paq_regression,0.1.0,ISD,clip,ISD_ZhongshanSquare_ZhongshanSquare6_ZS6016,ISD_ZhongshanSquare_ZhongshanSquare6_ZS6016,test,,0.1.0,datasets/ISD/data/clips.csv,37694e467beda112423cdc84bc7609d87000a01570e0dfbab4f898d1560701bf
mosaiq-benchmark-v0.1-candidate-20260716,mosaiq-benchmark,0.1.0-dev,iso_paq_regression,0.1.0,ISD,clip,ISD_ZhongshanSquare_ZhongshanSquare6_ZS6017,ISD_ZhongshanSquare_ZhongshanSquare6_ZS6017,test,,0.1.0,datasets/ISD/data/clips.csv,a157257bda2739b617eec41ee821e5bf4c17b6d0b70f79e9b4f74d217493e8aa
mosaiq-benchmark-v0.1-candidate-20260716,mosaiq-benchmark,0.1.0-dev,iso_paq_regression,0.1.0,ISD,clip,ISD_ZhongshanSquare_ZhongshanSquare6_ZS6018,ISD_ZhongshanSquare_ZhongshanSquare6_ZS6018,test,,0.1.0,datasets/ISD/data/clips.csv,d0ef6442daac55c3824e313a93542627367eb259bb3740082fc8b7395fa7ea0f
mosaiq-benchmark-v0.1-candidate-20260716,mosaiq-benchmark,0.1.0-dev,iso_paq_regression,0.1.0,ISD,clip,ISD_ZhongshanSquare_ZhongshanSquare6_ZS6019,ISD_ZhongshanSquare_ZhongshanSquare6_ZS6019,test,,0.1.0,datasets/ISD/data/clips.csv,036d45e0fe2a10d64b6be34dc1beb22a51a21eb3677d8c10ee3885054588512c
mosaiq-benchmark-v0.1-candidate-20260716,mosaiq-benchmark,0.1.0-dev,iso_paq_regression,0.1.0,ISD,clip,ISD_ZhongshanSquare_ZhongshanSquare6_ZS6020,ISD_ZhongshanSquare_ZhongshanSquare6_ZS6020,test,,0.1.0,datasets/ISD/data/clips.csv,dfd4b6648e9e6e0a1c8d3c402acd064a15e4664caf99a0e3c97ecdb2e3c0e04d
mosaiq-benchmark-v0.1-candidate-20260716,mosaiq-benchmark,0.1.0-dev,iso_paq_regression,0.1.0,ISD,clip,ISD_ZhongshanSquare_ZhongshanSquare6_ZS6021,ISD_ZhongshanSquare_ZhongshanSquare6_ZS6021,test,,0.1.0,datasets/ISD/data/clips.csv,497fd512d71470bcc117949bf2443782d05a334b1c7fa584291a415304b3c3f3
mosaiq-benchmark-v0.1-candidate-20260716,mosaiq-benchmark,0.1.0-dev,iso_paq_regression,0.1.0,ISD,clip,ISD_ZhongshanSquare_ZhongshanSquare6_ZS6022,ISD_ZhongshanSquare_ZhongshanSquare6_ZS6022,test,,0.1.0,datasets/ISD/data/clips.csv,f98aebc1284e100a803a004bb7947184ae271b41075f7a55af664cc5773bbc06
mosaiq-benchmark-v0.1-candidate-20260716,mosaiq-benchmark,0.1.0-dev,iso_paq_regression,0.1.0,ISD,clip,ISD_ZhongshanSquare_ZhongshanSquare6_ZS6023,ISD_ZhongshanSquare_ZhongshanSquare6_ZS6023,test,,0.1.0,datasets/ISD/data/clips.csv,81486c4e8136a07424d7ceaf2d74ffbdc64b4383ca2af1036a0dc5fe129f599e
mosaiq-benchmark-v0.1-candidate-20260716,mosaiq-benchmark,0.1.0-dev,iso_paq_regression,0.1.0,ISD,clip,ISD_ZhongshanSquare_ZhongshanSquare6_ZS6024,ISD_ZhongshanSquare_ZhongshanSquare6_ZS6024,test,,0.1.0,datasets/ISD/data/clips.csv,94750179149a5a1eea29607060956e47aae7a19298773ec4793c068dea568922
mosaiq-benchmark-v0.1-candidate-20260716,mosaiq-benchmark,0.1.0-dev,iso_paq_regression,0.1.0,ISD,clip,ISD_ZhongshanSquare_ZhongshanSquare6_ZS6025,ISD_ZhongshanSquare_ZhongshanSquare6_ZS6025,test,,0.1.0,datasets/ISD/data/clips.csv,d2e1aa7db2d43d584ec17693dde97931ce91113efd8c7fc746e9804b3abdad5d
mosaiq-benchmark-v0.1-candidate-20260716,mosaiq-benchmark,0.1.0-dev,iso_paq_regression,0.1.0,ISD,clip,ISD_ZhongshanSquare_ZhongshanSquare6_ZS6026,ISD_ZhongshanSquare_ZhongshanSquare6_ZS6026,test,,0.1.0,datasets/ISD/data/clips.csv,096f04d0fdde1a0c1768c09643de437ab7faf5001174cb48cbb34f5690d19d50
mosaiq-benchmark-v0.1-candidate-20260716,mosaiq-benchmark,0.1.0-dev,iso_paq_regression,0.1.0,ISD,clip,ISD_ZhongshanSquare_ZhongshanSquare6_ZS6027,ISD_ZhongshanSquare_ZhongshanSquare6_ZS6027,test,,0.1.0,datasets/ISD/data/clips.csv,59c34620b2f12a93da755f1edecede8533355dab3664f8ef7884dcf161c43350
mosaiq-benchmark-v0.1-candidate-20260716,mosaiq-benchmark,0.1.0-dev,iso_paq_regression,0.1.0,ISD,clip,ISD_ZhongshanSquare_ZhongshanSquare6_ZS6028,ISD_ZhongshanSquare_ZhongshanSquare6_ZS6028,test,,0.1.0,datasets/ISD/data/clips.csv,f2598b6e08fe3aadf68cbbe1b44025b93e22d7c12cfbd9a2cac9cd4c8ecadf56
mosaiq-benchmark-v0.1-candidate-20260716,mosaiq-benchmark,0.1.0-dev,iso_paq_regression,0.1.0,ISD,clip,ISD_ZhongshanSquare_ZhongshanSquare6_ZS6029,ISD_ZhongshanSquare_ZhongshanSquare6_ZS6029,test,,0.1.0,datasets/ISD/data/clips.csv,a124ba481611a615926b3f4ed6f72eb9b21c3c2eba2b9fffc86d8fc1d16499a4
mosaiq-benchmark-v0.1-candidate-20260716,mosaiq-benchmark,0.1.0-dev,iso_paq_regression,0.1.0,ISD,clip,ISD_ZhongshanSquare_ZhongshanSquare6_ZS6030,ISD_ZhongshanSquare_ZhongshanSquare6_ZS6030,test,,0.1.0,datasets/ISD/data/clips.csv,a3213dccb656896b38cd42516b27ead7a01d162ad52875df8e062359f5427f8b
mosaiq-benchmark-v0.1-candidate-20260716,mosaiq-benchmark,0.1.0-dev,iso_paq_regression,0.1.0,ISD,clip,ISD_ZhongshanSquare_ZhongshanSquare6_ZS6031,ISD_ZhongshanSquare_ZhongshanSquare6_ZS6031,test,,0.1.0,datasets/ISD/data/clips.csv,320e196a566db7f4916bf0f999b31c6b655fd30384201ef2d5b9535fed42168d
mosaiq-benchmark-v0.1-candidate-20260716,mosaiq-benchmark,0.1.0-dev,iso_paq_regression,0.1.0,ISD,clip,ISD_ZhongshanSquare_ZhongshanSquare6_ZS6032,ISD_ZhongshanSquare_ZhongshanSquare6_ZS6032,test,,0.1.0,datasets/ISD/data/clips.csv,cfe9042a64315442df7058af77a351f7b7dd16c3a1b26e6ccec45e399c3f8861
mosaiq-benchmark-v0.1-candidate-20260716,mosaiq-benchmark,0.1.0-dev,iso_paq_regression,0.1.0,ISD,clip,ISD_ZhongshanSquare_ZhongshanSquare6_ZS6033,ISD_ZhongshanSquare_ZhongshanSquare6_ZS6033,test,,0.1.0,datasets/ISD/data/clips.csv,94ebfb81382a085cc2448c8ead5717c1d91a24dae04c89c0eaa5131e7e7d3cfe
mosaiq-benchmark-v0.1-candidate-20260716,mosaiq-benchmark,0.1.0-dev,iso_paq_regression,0.1.0,ISD,clip,ISD_ZhongshanSquare_ZhongshanSquare6_ZS6034,ISD_ZhongshanSquare_ZhongshanSquare6_ZS6034,test,,0.1.0,datasets/ISD/data/clips.csv,13c2851b71fb8a9f2815c03a550de15d897ce2d8ce0027605bd358f20f62e264
mosaiq-benchmark-v0.1-candidate-20260716,mosaiq-benchmark,0.1.0-dev,iso_paq_regression,0.1.0,ISD,clip,ISD_ZhongshanSquare_ZhongshanSquare6_ZS6035,ISD_ZhongshanSquare_ZhongshanSquare6_ZS6035,test,,0.1.0,datasets/ISD/data/clips.csv,1dd90630017a43056b194b40e20f17eeb16a5c07cb4c0cf5415146fcd37fe2bb
mosaiq-benchmark-v0.1-candidate-20260716,mosaiq-benchmark,0.1.0-dev,iso_paq_regression,0.1.0,ISD,clip,ISD_ZhongshanSquare_ZhongshanSquare6_ZS6036,ISD_ZhongshanSquare_ZhongshanSquare6_ZS6036,test,,0.1.0,datasets/ISD/data/clips.csv,293b1a9ee493f9e49b0992a42a2504767fc5a67254130212310c9742f70903c3
mosaiq-benchmark-v0.1-candidate-20260716,mosaiq-benchmark,0.1.0-dev,iso_paq_regression,0.1.0,ISD,clip,ISD_ZhongshanSquare_ZhongshanSquare6_ZS6037,ISD_ZhongshanSquare_ZhongshanSquare6_ZS6037,test,,0.1.0,datasets/ISD/data/clips.csv,ac5bb66470abb73918c284c5db4264a80b593918d9b974094d688cfe699091fc
mosaiq-benchmark-v0.1-candidate-20260716,mosaiq-benchmark,0.1.0-dev,iso_paq_regression,0.1.0,ISD,clip,ISD_ZhongshanSquare_ZhongshanSquare6_ZS6038,ISD_ZhongshanSquare_ZhongshanSquare6_ZS6038,test,,0.1.0,datasets/ISD/data/clips.csv,281a7d8e03d23393bc17ae93ad533c4fb531cfe17deabd191f71b25b93dd32d6
mosaiq-benchmark-v0.1-candidate-20260716,mosaiq-benchmark,0.1.0-dev,iso_paq_regression,0.1.0,ISD,clip,ISD_ZhongshanSquare_ZhongshanSquare6_ZS6039,ISD_ZhongshanSquare_ZhongshanSquare6_ZS6039,test,,0.1.0,datasets/ISD/data/clips.csv,1a9a51f0118168080bca7c23ace70fb55382d30c06842d81b5b6af45fef67859
mosaiq-benchmark-v0.1-candidate-20260716,mosaiq-benchmark,0.1.0-dev,iso_paq_regression,0.1.0,ISD,clip,ISD_ZhongshanSquare_ZhongshanSquare6_ZS6040,ISD_ZhongshanSquare_ZhongshanSquare6_ZS6040,test,,0.1.0,datasets/ISD/data/clips.csv,291009138b11c242348247be42859f6efc5c5e82c939fc3dd1922eb9d5387b03
mosaiq-benchmark-v0.1-candidate-20260716,mosaiq-benchmark,0.1.0-dev,iso_paq_regression,0.1.0,ISD,clip,ISD_ZhongshanSquare_ZhongshanSquare6_ZS6041,ISD_ZhongshanSquare_ZhongshanSquare6_ZS6041,test,,0.1.0,datasets/ISD/data/clips.csv,6d10f9720429213fb7891258f9a5fc7920c7d797409353ba9f3e38f92fa46458
mosaiq-benchmark-v0.1-candidate-20260716,mosaiq-benchmark,0.1.0-dev,iso_paq_regression,0.1.0,ISD,clip,ISD_ZhongshanSquare_ZhongshanSquare6_ZS6042,ISD_ZhongshanSquare_ZhongshanSquare6_ZS6042,test,,0.1.0,datasets/ISD/data/clips.csv,7cf455f6f2f5d6dbea3a5181b88135e7adee2b2fe12288a053668d5253596dce
mosaiq-benchmark-v0.1-candidate-20260716,mosaiq-benchmark,0.1.0-dev,iso_paq_regression,0.1.0,ISD,clip,ISD_ZhongshanSquare_ZhongshanSquare6_ZS6043,ISD_ZhongshanSquare_ZhongshanSquare6_ZS6043,test,,0.1.0,datasets/ISD/data/clips.csv,4ba5bab46610519e4a0e1ee226339789372d5aa91468a38a298111bd1c712ddd
mosaiq-benchmark-v0.1-candidate-20260716,mosaiq-benchmark,0.1.0-dev,iso_paq_regression,0.1.0,ISD,clip,ISD_ZhongshanSquare_ZhongshanSquare6_ZS6044,ISD_ZhongshanSquare_ZhongshanSquare6_ZS6044,test,,0.1.0,datasets/ISD/data/clips.csv,8c43cdf85fcd191ffe973f00b2d37eefc4a295601185b0c2c1b8fa1f19d22b31
mosaiq-benchmark-v0.1-candidate-20260716,mosaiq-benchmark,0.1.0-dev,iso_paq_regression,0.1.0,ISD,clip,ISD_ZhongshanSquare_ZhongshanSquare6_ZS6045,ISD_ZhongshanSquare_ZhongshanSquare6_ZS6045,test,,0.1.0,datasets/ISD/data/clips.csv,2e05a5b57ddf26dc6291247d51a42f916b81b4df1fe9dcc2a83525c9d320b495
mosaiq-benchmark-v0.1-candidate-20260716,mosaiq-benchmark,0.1.0-dev,iso_paq_regression,0.1.0,ISD,clip,ISD_ZhongshanSquare_ZhongshanSquare6_ZS6046,ISD_ZhongshanSquare_ZhongshanSquare6_ZS6046,test,,0.1.0,datasets/ISD/data/clips.csv,d254531012dd1f8e1a6a08336970cb88de7a99e91a5ac7b87f2b8922a55591fe
mosaiq-benchmark-v0.1-candidate-20260716,mosaiq-benchmark,0.1.0-dev,iso_paq_regression,0.1.0,ISD,clip,ISD_ZhongshanSquare_ZhongshanSquare6_ZS6047,ISD_ZhongshanSquare_ZhongshanSquare6_ZS6047,test,,0.1.0,datasets/ISD/data/clips.csv,7a62631dd6fff3cecc79d3c5d45a928c700585e2bd2a3d2771b79c3c1d9e2dbe
mosaiq-benchmark-v0.1-candidate-20260716,mosaiq-benchmark,0.1.0-dev,iso_paq_regression,0.1.0,ISD,clip,ISD_ZhongshanSquare_ZhongshanSquare6_ZS6048,ISD_ZhongshanSquare_ZhongshanSquare6_ZS6048,test,,0.1.0,datasets/ISD/data/clips.csv,f1fcb36edd34bdf9ff74fa27ea5677d215a2810c8aea9d8f9ae09bad33fad457
mosaiq-benchmark-v0.1-candidate-20260716,mosaiq-benchmark,0.1.0-dev,iso_paq_regression,0.1.0,ISD,clip,ISD_ZhongshanSquare_ZhongshanSquare6_ZS6049,ISD_ZhongshanSquare_ZhongshanSquare6_ZS6049,test,,0.1.0,datasets/ISD/data/clips.csv,c991d4af24cc55e0ef388f13e7d9d233e0d488f994ffa81967a29b6cbf0d1122
mosaiq-benchmark-v0.1-candidate-20260716,mosaiq-benchmark,0.1.0-dev,iso_paq_regression,0.1.0,ISD,clip,ISD_ZhongshanSquare_ZhongshanSquare6_ZS6050,ISD_ZhongshanSquare_ZhongshanSquare6_ZS6050,test,,0.1.0,datasets/ISD/data/clips.csv,1084bec1f655d0fff4386e9fbe36eef76d993784410ee8cf20f440bb8b1e7b00
mosaiq-benchmark-v0.1-candidate-20260716,mosaiq-benchmark,0.1.0-dev,iso_paq_regression,0.1.0,ISD,clip,ISD_ZhongshanSquare_ZhongshanSquare6_ZS6051,ISD_ZhongshanSquare_ZhongshanSquare6_ZS6051,test,,0.1.0,datasets/ISD/data/clips.csv,a61062cba397c1e9daa8e94e26cbe176144d609d3779b0b788f1ab10e9baeaae
mosaiq-benchmark-v0.1-candidate-20260716,mosaiq-benchmark,0.1.0-dev,iso_paq_regression,0.1.0,ISD,clip,ISD_ZhongshanSquare_ZhongshanSquare6_ZS6052,ISD_ZhongshanSquare_ZhongshanSquare6_ZS6052,test,,0.1.0,datasets/ISD/data/clips.csv,94fdbac94334872651b1d7c672344d82160308c08eedd1e614625162f842009a
mosaiq-benchmark-v0.1-candidate-20260716,mosaiq-benchmark,0.1.0-dev,iso_paq_regression,0.1.0,ISD,clip,ISD_ZhongshanSquare_ZhongshanSquare6_ZS6053,ISD_ZhongshanSquare_ZhongshanSquare6_ZS6053,test,,0.1.0,datasets/ISD/data/clips.csv,f899be642d5c7e840e4e2aae295bec87c4e519bff4bb29e0f785344433608564
mosaiq-benchmark-v0.1-candidate-20260716,mosaiq-benchmark,0.1.0-dev,iso_paq_regression,0.1.0,ISD,clip,ISD_ZhongshanSquare_ZhongshanSquare6_ZS6054,ISD_ZhongshanSquare_ZhongshanSquare6_ZS6054,test,,0.1.0,datasets/ISD/data/clips.csv,063e0a5e8a08e94c0453a1b0dbedc3cd84876f5040bf03c8618ec478c5c43c26
mosaiq-benchmark-v0.1-candidate-20260716,mosaiq-benchmark,0.1.0-dev,iso_paq_regression,0.1.0,ISD,clip,ISD_ZhongshanSquare_ZhongshanSquare6_ZS6055,ISD_ZhongshanSquare_ZhongshanSquare6_ZS6055,test,,0.1.0,datasets/ISD/data/clips.csv,540c4b64a03040d228739e088f5682e3fbe77525d86242824609f24e9efcfa43
mosaiq-benchmark-v0.1-candidate-20260716,mosaiq-benchmark,0.1.0-dev,iso_paq_regression,0.1.0,ISD,clip,ISD_ZhongshanSquare_ZhongshanSquare6_ZS6056,ISD_ZhongshanSquare_ZhongshanSquare6_ZS6056,test,,0.1.0,datasets/ISD/data/clips.csv,7299355964eb4dcb88b3b332b61c502ef52296c560956e0cbb815d518e8894ba
mosaiq-benchmark-v0.1-candidate-20260716,mosaiq-benchmark,0.1.0-dev,iso_paq_regression,0.1.0,ISD,clip,ISD_ZhongshanSquare_ZhongshanSquare6_ZS6057,ISD_ZhongshanSquare_ZhongshanSquare6_ZS6057,test,,0.1.0,datasets/ISD/data/clips.csv,7be6a2fecbdd92e6695285458e364639a6cf3c135269e98475f230474ad5e215
mosaiq-benchmark-v0.1-candidate-20260716,mosaiq-benchmark,0.1.0-dev,iso_paq_regression,0.1.0,ISD,clip,ISD_ZhongshanSquare_ZhongshanSquare6_ZS6058,ISD_ZhongshanSquare_ZhongshanSquare6_ZS6058,test,,0.1.0,datasets/ISD/data/clips.csv,ad086ff167e6d2037a33984f6ead59f322cb54636d042ad936909ccec88a155d
mosaiq-benchmark-v0.1-candidate-20260716,mosaiq-benchmark,0.1.0-dev,iso_paq_regression,0.1.0,ISD,clip,ISD_ZhongshanSquare_ZhongshanSquare6_ZS6059,ISD_ZhongshanSquare_ZhongshanSquare6_ZS6059,test,,0.1.0,datasets/ISD/data/clips.csv,a265a007a6e6f2358be4cb35e6b74730e86b919907ee65caa40b0116a1a9acff
mosaiq-benchmark-v0.1-candidate-20260716,mosaiq-benchmark,0.1.0-dev,iso_paq_regression,0.1.0,ISD,clip,ISD_ZhongshanSquare_ZhongshanSquare6_ZS6060,ISD_ZhongshanSquare_ZhongshanSquare6_ZS6060,test,,0.1.0,datasets/ISD/data/clips.csv,98f3b32ce5e47b75b07c72a3bd2a8a3c8ed65b21f860d3840b48bea135aeea79
mosaiq-benchmark-v0.1-candidate-20260716,mosaiq-benchmark,0.1.0-dev,iso_paq_regression,0.1.0,ISD,clip,ISD_ZhongshanSquare_ZhongshanSquare6_ZS6061,ISD_ZhongshanSquare_ZhongshanSquare6_ZS6061,test,,0.1.0,datasets/ISD/data/clips.csv,33cea9c7c79ee336ce5c492b5b6b930b307c076069eede5b8978bcfe0283b9c6
mosaiq-benchmark-v0.1-candidate-20260716,mosaiq-benchmark,0.1.0-dev,iso_paq_regression,0.1.0,ISD,clip,ISD_ZhongshanSquare_ZhongshanSquare6_ZS6062,ISD_ZhongshanSquare_ZhongshanSquare6_ZS6062,test,,0.1.0,datasets/ISD/data/clips.csv,910ab8dbcfe02d6adccfd59a5ae90f040dad0cdf52c6ce88bd97c035508dc870
mosaiq-benchmark-v0.1-candidate-20260716,mosaiq-benchmark,0.1.0-dev,iso_paq_regression,0.1.0,ISD,clip,ISD_ZhongshanSquare_ZhongshanSquare6_ZS6063,ISD_ZhongshanSquare_ZhongshanSquare6_ZS6063,test,,0.1.0,datasets/ISD/data/clips.csv,6330ce4f990c726c6bfd285c0a8746e0a05e8111409eca603eedb2be511640ad
mosaiq-benchmark-v0.1-candidate-20260716,mosaiq-benchmark,0.1.0-dev,iso_paq_regression,0.1.0,ISD,clip,ISD_ZhongshanSquare_ZhongshanSquare6_ZS6064,ISD_ZhongshanSquare_ZhongshanSquare6_ZS6064,test,,0.1.0,datasets/ISD/data/clips.csv,ca89de68fe8da079b7dbd59c80278edb1bd0e43c310173991a29ddc5caa140f9
mosaiq-benchmark-v0.1-candidate-20260716,mosaiq-benchmark,0.1.0-dev,iso_paq_regression,0.1.0,ISD,clip,ISD_ZhongshanSquare_ZhongshanSquare6_ZS6065,ISD_ZhongshanSquare_ZhongshanSquare6_ZS6065,test,,0.1.0,datasets/ISD/data/clips.csv,784efc1052f5b4332d17df7925d80032b05c40e3a0195767092d5b878b5632e3
mosaiq-benchmark-v0.1-candidate-20260716,mosaiq-benchmark,0.1.0-dev,iso_paq_regression,0.1.0,ISD,clip,ISD_ZhongshanSquare_ZhongshanSquare6_ZS6066,ISD_ZhongshanSquare_ZhongshanSquare6_ZS6066,test,,0.1.0,datasets/ISD/data/clips.csv,ef6832a65e4abfb450fb15f07170420cc779fe7a2b81fa10eebf06673e5dda09
mosaiq-benchmark-v0.1-candidate-20260716,mosaiq-benchmark,0.1.0-dev,iso_paq_regression,0.1.0,ISD,clip,ISD_ZhongshanSquare_ZhongshanSquare6_ZS6067,ISD_ZhongshanSquare_ZhongshanSquare6_ZS6067,test,,0.1.0,datasets/ISD/data/clips.csv,752a9132ce1bdf89be4d719c4a2d8a33c1811f73253a4c5a2ccf16c82bb724d6
mosaiq-benchmark-v0.1-candidate-20260716,mosaiq-benchmark,0.1.0-dev,iso_paq_regression,0.1.0,ISD,clip,ISD_ZhongshanSquare_ZhongshanSquare6_ZS6068,ISD_ZhongshanSquare_ZhongshanSquare6_ZS6068,test,,0.1.0,datasets/ISD/data/clips.csv,bebba14483ad32f702c219ec0a386588e31ef2823f522c88e5cb50569cc60a60
mosaiq-benchmark-v0.1-candidate-20260716,mosaiq-benchmark,0.1.0-dev,iso_paq_regression,0.1.0,ISD,clip,ISD_ZhongshanSquare_ZhongshanSquare6_ZS6069,ISD_ZhongshanSquare_ZhongshanSquare6_ZS6069,test,,0.1.0,datasets/ISD/data/clips.csv,849c62edd38f0b23f7d62c9eba6573825805c11c718a0d737b7d150040af3497
mosaiq-benchmark-v0.1-candidate-20260716,mosaiq-benchmark,0.1.0-dev,iso_paq_regression,0.1.0,ISD,clip,ISD_ZhongshanSquare_ZhongshanSquare6_ZS6070,ISD_ZhongshanSquare_ZhongshanSquare6_ZS6070,test,,0.1.0,datasets/ISD/data/clips.csv,52496584fcab8a402719c76a27b52c0eb3c46bde5db03d8060596d6d8729f44d
mosaiq-benchmark-v0.1-candidate-20260716,mosaiq-benchmark,0.1.0-dev,iso_paq_regression,0.1.0,ISD,clip,ISD_ZhongshanSquare_ZhongshanSquare6_ZS6071,ISD_ZhongshanSquare_ZhongshanSquare6_ZS6071,test,,0.1.0,datasets/ISD/data/clips.csv,71871cfe444e36113bebf9a157c343ff4613cc3275ece57e453273ad565420ea
mosaiq-benchmark-v0.1-candidate-20260716,mosaiq-benchmark,0.1.0-dev,iso_paq_regression,0.1.0,ISD,clip,ISD_ZhongshanSquare_ZhongshanSquare6_ZS6072,ISD_ZhongshanSquare_ZhongshanSquare6_ZS6072,test,,0.1.0,datasets/ISD/data/clips.csv,8634db0ecabf235a4b96994bbd2b56fd5b3ce8f54ff3acbe8e3b7769b8e4dd23
mosaiq-benchmark-v0.1-candidate-20260716,mosaiq-benchmark,0.1.0-dev,iso_paq_regression,0.1.0,ISD,clip,ISD_ZhongshanSquare_ZhongshanSquare6_ZS6073,ISD_ZhongshanSquare_ZhongshanSquare6_ZS6073,test,,0.1.0,datasets/ISD/data/clips.csv,b33a2f949ad5248798952474ce84faf529bb93a7a548e5b158dadc97a8ba6672
mosaiq-benchmark-v0.1-candidate-20260716,mosaiq-benchmark,0.1.0-dev,iso_paq_regression,0.1.0,ISD,clip,ISD_ZhongshanSquare_ZhongshanSquare6_ZS6074,ISD_ZhongshanSquare_ZhongshanSquare6_ZS6074,test,,0.1.0,datasets/ISD/data/clips.csv,e1ce3d2e150af5c484cf0a1f9b8aac834d762d0b3730d4012a5778de859eebdf
mosaiq-benchmark-v0.1-candidate-20260716,mosaiq-benchmark,0.1.0-dev,iso_paq_regression,0.1.0,ISD,clip,ISD_ZhongshanSquare_ZhongshanSquare6_ZS6075,ISD_ZhongshanSquare_ZhongshanSquare6_ZS6075,test,,0.1.0,datasets/ISD/data/clips.csv,9ffa6c476ef355ae36cbc9fb7e7666b2bca9a27f6775dd4d9b85ba09490d20db
mosaiq-benchmark-v0.1-candidate-20260716,mosaiq-benchmark,0.1.0-dev,iso_paq_regression,0.1.0,ISD,clip,ISD_ZhongshanSquare_ZhongshanSquare6_ZS6076,ISD_ZhongshanSquare_ZhongshanSquare6_ZS6076,test,,0.1.0,datasets/ISD/data/clips.csv,4cb7f9ac5b368455bbd0a96425bbb5f7cc19bbbe432722d79096481e946cdce1
mosaiq-benchmark-v0.1-candidate-20260716,mosaiq-benchmark,0.1.0-dev,iso_paq_regression,0.1.0,ISD,clip,ISD_ZhongshanSquare_ZhongshanSquare6_ZS6077,ISD_ZhongshanSquare_ZhongshanSquare6_ZS6077,test,,0.1.0,datasets/ISD/data/clips.csv,0e27db068a264402cb3265fa15c3ad840ebcfcdda07a9ea431283c04423d7b05
mosaiq-benchmark-v0.1-candidate-20260716,mosaiq-benchmark,0.1.0-dev,iso_paq_regression,0.1.0,ISD,clip,ISD_ZhongshanSquare_ZhongshanSquare6_ZS6078,ISD_ZhongshanSquare_ZhongshanSquare6_ZS6078,test,,0.1.0,datasets/ISD/data/clips.csv,eb9b8da5088656d72cb32c37ad756da8a7d2ee7914bcd4143d5548ed14d160cb
mosaiq-benchmark-v0.1-candidate-20260716,mosaiq-benchmark,0.1.0-dev,iso_paq_regression,0.1.0,ISD,clip,ISD_ZhongshanSquare_ZhongshanSquare6_ZS6079,ISD_ZhongshanSquare_ZhongshanSquare6_ZS6079,test,,0.1.0,datasets/ISD/data/clips.csv,f749b26c45ae9a6053744734cf5ae695e6dce6b0b8582277f35d910ddd06c23b
mosaiq-benchmark-v0.1-candidate-20260716,mosaiq-benchmark,0.1.0-dev,iso_paq_regression,0.1.0,ISD,clip,ISD_ZhongshanSquare_ZhongshanSquare6_ZS6080,ISD_ZhongshanSquare_ZhongshanSquare6_ZS6080,test,,0.1.0,datasets/ISD/data/clips.csv,b654b2f91fc4f73226e01c3896402c162e3ed62e45eddc0a463e63b14cf2dfe8
mosaiq-benchmark-v0.1-candidate-20260716,mosaiq-benchmark,0.1.0-dev,iso_paq_regression,0.1.0,ISD,clip,ISD_ZhongshanSquare_ZhongshanSquare6_ZS6081,ISD_ZhongshanSquare_ZhongshanSquare6_ZS6081,test,,0.1.0,datasets/ISD/data/clips.csv,b1c6583d50379b2c9baa86e6f702913a8042745f3d1e6cdac73d91447c1857f6
mosaiq-benchmark-v0.1-candidate-20260716,mosaiq-benchmark,0.1.0-dev,iso_paq_regression,0.1.0,ISD,clip,ISD_ZhongshanSquare_ZhongshanSquare6_ZS6082,ISD_ZhongshanSquare_ZhongshanSquare6_ZS6082,test,,0.1.0,datasets/ISD/data/clips.csv,6fb0ca9a72be0968c6ef716168ae6fe7c58751fa67fab3347d14e1fa10bd9f59
mosaiq-benchmark-v0.1-candidate-20260716,mosaiq-benchmark,0.1.0-dev,iso_paq_regression,0.1.0,ISD,clip,ISD_ZhongshanSquare_ZhongshanSquare6_ZS6083,ISD_ZhongshanSquare_ZhongshanSquare6_ZS6083,test,,0.1.0,datasets/ISD/data/clips.csv,c24d4f312c236a8c4fa5365de5d3c0cf3fd732db2c79dfd7762f5ff551d309b6
mosaiq-benchmark-v0.1-candidate-20260716,mosaiq-benchmark,0.1.0-dev,iso_paq_regression,0.1.0,ISD,clip,ISD_ZhongshanSquare_ZhongshanSquare6_ZS6084,ISD_ZhongshanSquare_ZhongshanSquare6_ZS6084,test,,0.1.0,datasets/ISD/data/clips.csv,3057004da2bf9f3fe6c1a9367fe74914d40478189241839b0f7e24de3c2a98da
mosaiq-benchmark-v0.1-candidate-20260716,mosaiq-benchmark,0.1.0-dev,iso_paq_regression,0.1.0,ISD,clip,ISD_ZhongshanSquare_ZhongshanSquare6_ZS6085,ISD_ZhongshanSquare_ZhongshanSquare6_ZS6085,test,,0.1.0,datasets/ISD/data/clips.csv,862872e715c24ec10927bb9b134e4a37a498375f6e2ae7f0f7b06f6ad0b506a3
mosaiq-benchmark-v0.1-candidate-20260716,mosaiq-benchmark,0.1.0-dev,iso_paq_regression,0.1.0,ISD,clip,ISD_ZhongshanSquare_ZhongshanSquare6_ZS6086,ISD_ZhongshanSquare_ZhongshanSquare6_ZS6086,test,,0.1.0,datasets/ISD/data/clips.csv,b78feb433ea418fd51cd80d825187117e6d7605653834442426e05b481a2ad71
mosaiq-benchmark-v0.1-candidate-20260716,mosaiq-benchmark,0.1.0-dev,iso_paq_regression,0.1.0,ISD,clip,ISD_ZhongshanSquare_ZhongshanSquare6_ZS6087,ISD_ZhongshanSquare_ZhongshanSquare6_ZS6087,test,,0.1.0,datasets/ISD/data/clips.csv,e7f35fdf14f26199c096e1816a0defdc8de4f1ac83ef444238f0cbef1df66149
mosaiq-benchmark-v0.1-candidate-20260716,mosaiq-benchmark,0.1.0-dev,iso_paq_regression,0.1.0,ISD,clip,ISD_ZhongshanSquare_ZhongshanSquare6_ZS6088,ISD_ZhongshanSquare_ZhongshanSquare6_ZS6088,test,,0.1.0,datasets/ISD/data/clips.csv,7e4d9165bfbd69bb903764d28b42d3be923cb392b30347f74a5d8bffa92c984c
mosaiq-benchmark-v0.1-candidate-20260716,mosaiq-benchmark,0.1.0-dev,iso_paq_regression,0.1.0,ISD,clip,ISD_ZhongshanSquare_ZhongshanSquare6_ZS6089,ISD_ZhongshanSquare_ZhongshanSquare6_ZS6089,test,,0.1.0,datasets/ISD/data/clips.csv,69459eb836080603e521aa9c2254b1f44578324136c7aff0f00a6db2ce551cc2
mosaiq-benchmark-v0.1-candidate-20260716,mosaiq-benchmark,0.1.0-dev,iso_paq_regression,0.1.0,ISD,clip,ISD_ZhongshanSquare_ZhongshanSquare6_ZS6090,ISD_ZhongshanSquare_ZhongshanSquare6_ZS6090,test,,0.1.0,datasets/ISD/data/clips.csv,9a51364457921ef3a7c5f03d153bab464680e1d12ae3b753168395b781586e90
mosaiq-benchmark-v0.1-candidate-20260716,mosaiq-benchmark,0.1.0-dev,iso_paq_regression,0.1.0,ISD,clip,ISD_ZhongshanSquare_ZhongshanSquare6_ZS6091,ISD_ZhongshanSquare_ZhongshanSquare6_ZS6091,test,,0.1.0,datasets/ISD/data/clips.csv,422195a7a1b1d69a7f54a0d693c0af71a888dc26727dae249d18c0fb80b90818
mosaiq-benchmark-v0.1-candidate-20260716,mosaiq-benchmark,0.1.0-dev,iso_paq_regression,0.1.0,ISD,clip,ISD_ZhongshanSquare_ZhongshanSquare6_ZS6092,ISD_ZhongshanSquare_ZhongshanSquare6_ZS6092,test,,0.1.0,datasets/ISD/data/clips.csv,048df00e32668722c35b5e0503212576908417804cf4c06dd94ad430b7e8628c
mosaiq-benchmark-v0.1-candidate-20260716,mosaiq-benchmark,0.1.0-dev,iso_paq_regression,0.1.0,ISD,clip,ISD_ZhongshanSquare_ZhongshanSquare6_ZS6093,ISD_ZhongshanSquare_ZhongshanSquare6_ZS6093,test,,0.1.0,datasets/ISD/data/clips.csv,047664eeb31c58b20d776de24a88add6cb73be76f8b35ef0151918a3da7bf3af
mosaiq-benchmark-v0.1-candidate-20260716,mosaiq-benchmark,0.1.0-dev,iso_paq_regression,0.1.0,ISD,clip,ISD_ZhongshanSquare_ZhongshanSquare6_ZS6094,ISD_ZhongshanSquare_ZhongshanSquare6_ZS6094,test,,0.1.0,datasets/ISD/data/clips.csv,027a4514bf2e84987ea986e901c4fce5d153be4ad3e64185fe52b99026a46e43
mosaiq-benchmark-v0.1-candidate-20260716,mosaiq-benchmark,0.1.0-dev,iso_paq_regression,0.1.0,ISD,clip,ISD_ZhongshanSquare_ZhongshanSquare6_ZS6095,ISD_ZhongshanSquare_ZhongshanSquare6_ZS6095,test,,0.1.0,datasets/ISD/data/clips.csv,8fa833913b088388280c1e9a534165c5de2ea0bfc063bcaec69f092d80967359
mosaiq-benchmark-v0.1-candidate-20260716,mosaiq-benchmark,0.1.0-dev,iso_paq_regression,0.1.0,ISD,clip,ISD_ZhongshanSquare_ZhongshanSquare6_ZS6096,ISD_ZhongshanSquare_ZhongshanSquare6_ZS6096,test,,0.1.0,datasets/ISD/data/clips.csv,016ab18de243eb4cef027b94e330617b111bee0b713da36ef708cbcb82376d1b
mosaiq-benchmark-v0.1-candidate-20260716,mosaiq-benchmark,0.1.0-dev,iso_paq_regression,0.1.0,ISD,clip,ISD_ZhongshanSquare_ZhongshanSquare6_ZS6097,ISD_ZhongshanSquare_ZhongshanSquare6_ZS6097,test,,0.1.0,datasets/ISD/data/clips.csv,a49aa27434cb63870b9d6122de4ac9c067be33bae6f6f1f70435d166634275be
mosaiq-benchmark-v0.1-candidate-20260716,mosaiq-benchmark,0.1.0-dev,iso_paq_regression,0.1.0,ISD,clip,ISD_ZhongshanSquare_ZhongshanSquare6_ZS6098,ISD_ZhongshanSquare_ZhongshanSquare6_ZS6098,test,,0.1.0,datasets/ISD/data/clips.csv,e1b2dc9c59b078059ad4f89bbd55054a17f448c4b0df6900cf767727adbbb40b
mosaiq-benchmark-v0.1-candidate-20260716,mosaiq-benchmark,0.1.0-dev,iso_paq_regression,0.1.0,ISD,clip,ISD_ZhongshanSquare_ZhongshanSquare6_ZS6099,ISD_ZhongshanSquare_ZhongshanSquare6_ZS6099,test,,0.1.0,datasets/ISD/data/clips.csv,0ab021d6d5c4b14b8cb4070ad85b139a85ae696f3ae52b13be80c6fce1b922f3
mosaiq-benchmark-v0.1-candidate-20260716,mosaiq-benchmark,0.1.0-dev,iso_paq_regression,0.1.0,ISD,clip,ISD_ZhongshanSquare_ZhongshanSquare6_ZS6100,ISD_ZhongshanSquare_ZhongshanSquare6_ZS6100,test,,0.1.0,datasets/ISD/data/clips.csv,91da138b08838750ab91ed1a4318315649af856629e6871206563a70eb35d51e
mosaiq-benchmark-v0.1-candidate-20260716,mosaiq-benchmark,0.1.0-dev,iso_paq_regression,0.1.0,ISD,clip,ISD_ZhongshanSquare_ZhongshanSquare6_ZS6101,ISD_ZhongshanSquare_ZhongshanSquare6_ZS6101,test,,0.1.0,datasets/ISD/data/clips.csv,30cd86ac620bfacec2205f03afb4c42e726c360840140b08f1de9047d175b1fa
mosaiq-benchmark-v0.1-candidate-20260716,mosaiq-benchmark,0.1.0-dev,iso_paq_regression,0.1.0,ISD,clip,ISD_ZhongshanSquare_ZhongshanSquare6_ZS6102,ISD_ZhongshanSquare_ZhongshanSquare6_ZS6102,test,,0.1.0,datasets/ISD/data/clips.csv,27e841b4a959980fa469bedf1b4b07c23bb556c48cb82455928e0ed70dc543d4
mosaiq-benchmark-v0.1-candidate-20260716,mosaiq-benchmark,0.1.0-dev,iso_paq_regression,0.1.0,ISD,clip,ISD_ZhongshanSquare_ZhongshanSquare6_ZS6103,ISD_ZhongshanSquare_ZhongshanSquare6_ZS6103,test,,0.1.0,datasets/ISD/data/clips.csv,8d83803a3cbfc319854ecc80a19bc06d277cda8ed8ceac5cd43ad9046009fa81
mosaiq-benchmark-v0.1-candidate-20260716,mosaiq-benchmark,0.1.0-dev,iso_paq_regression,0.1.0,ISD,clip,ISD_ZhongshanSquare_ZhongshanSquare6_ZS6104,ISD_ZhongshanSquare_ZhongshanSquare6_ZS6104,test,,0.1.0,datasets/ISD/data/clips.csv,af0bad2655df76beab27c41be9c2e347836292de87bcf49087699139b56323be
mosaiq-benchmark-v0.1-candidate-20260716,mosaiq-benchmark,0.1.0-dev,iso_paq_regression,0.1.0,ISD,clip,ISD_ZhongshanSquare_ZhongshanSquare6_ZS6105,ISD_ZhongshanSquare_ZhongshanSquare6_ZS6105,test,,0.1.0,datasets/ISD/data/clips.csv,36eea47cfad2fa8e31314a8e59ddafe061f7881882a55226fe6564705a32f8ec
mosaiq-benchmark-v0.1-candidate-20260716,mosaiq-benchmark,0.1.0-dev,iso_paq_regression,0.1.0,ISD,clip,ISD_ZhongshanSquare_ZhongshanSquare6_ZS6106,ISD_ZhongshanSquare_ZhongshanSquare6_ZS6106,test,,0.1.0,datasets/ISD/data/clips.csv,8475ef6d3a5cde272a1f8a2871fabeaf2c9e81efc8d3853ff6f05f5df99af383
mosaiq-benchmark-v0.1-candidate-20260716,mosaiq-benchmark,0.1.0-dev,iso_paq_regression,0.1.0,ISD,clip,ISD_ZhongshanSquare_ZhongshanSquare6_ZS6107,ISD_ZhongshanSquare_ZhongshanSquare6_ZS6107,test,,0.1.0,datasets/ISD/data/clips.csv,c5c5590fd782592b847fcc682ded719aecae91b43ad51d4d1c87fb0fb4b9ed2a
mosaiq-benchmark-v0.1-candidate-20260716,mosaiq-benchmark,0.1.0-dev,iso_paq_regression,0.1.0,ISD,clip,ISD_ZhongshanSquare_ZhongshanSquare6_ZS6108,ISD_ZhongshanSquare_ZhongshanSquare6_ZS6108,test,,0.1.0,datasets/ISD/data/clips.csv,0f0f2ce4d9c477952677c5354a3355eb0ea0182590f54bc86e20c16d5d869b62
mosaiq-benchmark-v0.1-candidate-20260716,mosaiq-benchmark,0.1.0-dev,iso_paq_regression,0.1.0,ISD,clip,ISD_ZhongshanSquare_ZhongshanSquare6_ZS6109,ISD_ZhongshanSquare_ZhongshanSquare6_ZS6109,test,,0.1.0,datasets/ISD/data/clips.csv,ed771fa8808fc3120e47eaba0e932d5cfb07f78a5e17aa491396b35c4039d645
mosaiq-benchmark-v0.1-candidate-20260716,mosaiq-benchmark,0.1.0-dev,iso_paq_regression,0.1.0,ISD,clip,ISD_ZhongshanSquare_ZhongshanSquare6_ZS6110,ISD_ZhongshanSquare_ZhongshanSquare6_ZS6110,test,,0.1.0,datasets/ISD/data/clips.csv,5cb359848fa9b55fb3198b044c5fef5c009d3eefdbe04a3f85c0a834077b6186
mosaiq-benchmark-v0.1-candidate-20260716,mosaiq-benchmark,0.1.0-dev,iso_paq_regression,0.1.0,ISD,clip,ISD_ZhongshanSquare_ZhongshanSquare6_ZS6111,ISD_ZhongshanSquare_ZhongshanSquare6_ZS6111,test,,0.1.0,datasets/ISD/data/clips.csv,d77b8fc74757312856e4f485d1747bd698b0008d4823a7fd20a30b1f6ccea53f
mosaiq-benchmark-v0.1-candidate-20260716,mosaiq-benchmark,0.1.0-dev,iso_paq_regression,0.1.0,ISD,clip,ISD_ZhongshanSquare_ZhongshanSquare6_ZS6112,ISD_ZhongshanSquare_ZhongshanSquare6_ZS6112,test,,0.1.0,datasets/ISD/data/clips.csv,62fbe8868d3b3821a649e7ab33ed64844341f96bceaea624d0f176f1455b7e5b
mosaiq-benchmark-v0.1-candidate-20260716,mosaiq-benchmark,0.1.0-dev,iso_paq_regression,0.1.0,ISD,clip,ISD_ZhongshanSquare_ZhongshanSquare6_ZS6113,ISD_ZhongshanSquare_ZhongshanSquare6_ZS6113,test,,0.1.0,datasets/ISD/data/clips.csv,cda4a5978820f9ba65fd099415ebb236c02550ca868e5e092c9966f28bf21522
mosaiq-benchmark-v0.1-candidate-20260716,mosaiq-benchmark,0.1.0-dev,iso_paq_regression,0.1.0,ISD,clip,ISD_ZhongshanSquare_ZhongshanSquare6_ZS6114,ISD_ZhongshanSquare_ZhongshanSquare6_ZS6114,test,,0.1.0,datasets/ISD/data/clips.csv,a922a1d0f25a18ee45aa0b6e904b4ea78b678ee1472a0799004eae76bc8c49e2
mosaiq-benchmark-v0.1-candidate-20260716,mosaiq-benchmark,0.1.0-dev,iso_paq_regression,0.1.0,ISD,clip,ISD_ZhongshanSquare_ZhongshanSquare6_ZS6115,ISD_ZhongshanSquare_ZhongshanSquare6_ZS6115,test,,0.1.0,datasets/ISD/data/clips.csv,2a5f18d3594949b351eb8ea0de4515dbd127324797104d037082ebca228c209b
mosaiq-benchmark-v0.1-candidate-20260716,mosaiq-benchmark,0.1.0-dev,iso_paq_regression,0.1.0,ISD,clip,ISD_ZhongshanSquare_ZhongshanSquare6_ZS6116,ISD_ZhongshanSquare_ZhongshanSquare6_ZS6116,test,,0.1.0,datasets/ISD/data/clips.csv,bdb69ce8bb2ae5aed4e6250defc090990c4c1733fd0274050657951b3566d208
mosaiq-benchmark-v0.1-candidate-20260716,mosaiq-benchmark,0.1.0-dev,iso_paq_regression,0.1.0,ISD,clip,ISD_ZhongshanSquare_ZhongshanSquare6_ZS6117,ISD_ZhongshanSquare_ZhongshanSquare6_ZS6117,test,,0.1.0,datasets/ISD/data/clips.csv,aea611204a4bf6b0cc7e1436893098ce7c7c5ab730b7673b6a1a062781f525c5
mosaiq-benchmark-v0.1-candidate-20260716,mosaiq-benchmark,0.1.0-dev,iso_paq_regression,0.1.0,ISD,clip,ISD_ZhongshanSquare_ZhongshanSquare6_ZS6118,ISD_ZhongshanSquare_ZhongshanSquare6_ZS6118,test,,0.1.0,datasets/ISD/data/clips.csv,1bfe2d4634671e79ee4ee930667c3729585d48189b9e65ed9dbda8796e5b8a6b
mosaiq-benchmark-v0.1-candidate-20260716,mosaiq-benchmark,0.1.0-dev,iso_paq_regression,0.1.0,ISD,clip,ISD_ZhongshanSquare_ZhongshanSquare6_ZS6119,ISD_ZhongshanSquare_ZhongshanSquare6_ZS6119,test,,0.1.0,datasets/ISD/data/clips.csv,7474983c400224caf072332fc032ea69497aadda1bcc777590d684a4feed7343
mosaiq-benchmark-v0.1-candidate-20260716,mosaiq-benchmark,0.1.0-dev,iso_paq_regression,0.1.0,ISD,clip,ISD_ZhongshanSquare_ZhongshanSquare6_ZS6120,ISD_ZhongshanSquare_ZhongshanSquare6_ZS6120,test,,0.1.0,datasets/ISD/data/clips.csv,7dd7e0febbd4318fd75168eeb02af781fe3621655a1df5fd450e355742df9cd3
mosaiq-benchmark-v0.1-candidate-20260716,mosaiq-benchmark,0.1.0-dev,iso_paq_regression,0.1.0,ISD,clip,ISD_ZhongshanSquare_ZhongshanSquare6_ZS6121,ISD_ZhongshanSquare_ZhongshanSquare6_ZS6121,test,,0.1.0,datasets/ISD/data/clips.csv,34359dbcbb401b3614d116f4f058ff9bf66f6b080896efefd70dfee19f97e157
mosaiq-benchmark-v0.1-candidate-20260716,mosaiq-benchmark,0.1.0-dev,iso_paq_regression,0.1.0,ISD,clip,ISD_ZhongshanSquare_ZhongshanSquare6_ZS6122,ISD_ZhongshanSquare_ZhongshanSquare6_ZS6122,test,,0.1.0,datasets/ISD/data/clips.csv,f837f802aa33f694c9e47909cddc97b043848339a70eed85f59c03211f522197
mosaiq-benchmark-v0.1-candidate-20260716,mosaiq-benchmark,0.1.0-dev,iso_paq_regression,0.1.0,ISD,clip,ISD_ZhongshanSquare_ZhongshanSquare6_ZS6123,ISD_ZhongshanSquare_ZhongshanSquare6_ZS6123,test,,0.1.0,datasets/ISD/data/clips.csv,79555c426691e320a84b36472743c67a1e0c1a80b0efb3cdb9c47a6b36363d3d
mosaiq-benchmark-v0.1-candidate-20260716,mosaiq-benchmark,0.1.0-dev,iso_paq_regression,0.1.0,ISD,clip,ISD_ZhongshanSquare_ZhongshanSquare6_ZS6124,ISD_ZhongshanSquare_ZhongshanSquare6_ZS6124,test,,0.1.0,datasets/ISD/data/clips.csv,1840c3916e885a1afe81d570d74aaf7e54df326befcc11d764926f6df535244c
mosaiq-benchmark-v0.1-candidate-20260716,mosaiq-benchmark,0.1.0-dev,iso_paq_regression,0.1.0,ISD,clip,ISD_ZhongshanSquare_ZhongshanSquare6_ZS6125,ISD_ZhongshanSquare_ZhongshanSquare6_ZS6125,test,,0.1.0,datasets/ISD/data/clips.csv,51e913b4d7cfe322223f072e58955a78d4c05eaaca335a423bfcb8643b8b6e94
