asset_id,clip_id,split,audio_sha256,sample_rate_hz,channels,duration_s,rms,peak_abs,crest_factor,zero_crossing_rate,stereo_correlation,spectral_centroid_hz,spectral_bandwidth_hz,spectral_rolloff85_hz,bandpower_low_20_250,bandpower_mid_250_2000,bandpower_high_2000_20000
isd_audio_e18615aa45d267d52036,ISD_CamdenTown_CamdenTown1_CT101,train,aa85405330b8fda097410b438c3158a5d0d1e28070a6ea688ecbfaedb1c1e2cb,48000,2,31.573333333333334,0.17601492853914086,0.9766556322574615,5.548709080322584,0.013107061013421805,0.7876833699572564,104.24639932081233,291.91144540621065,105.46875,0.8500468217148167,0.06758679336457236,0.004173436256833611
isd_audio_20ecaf57b1d9acb5d2e5,ISD_CamdenTown_CamdenTown1_CT102,train,b8a099cd644fca4e39b96e7530d33157f8f0ab684761d6d7be1645dd948f79fb,48000,2,32.46933333333333,0.16376305771202054,1.065969705581665,6.50921960346018,0.013875922585877562,0.4650216080923742,136.73527511264908,357.78595465081844,175.78125,0.7086773408286251,0.11800848090119019,0.005231277305701799
isd_audio_0002eadfb12e33d0ecac,ISD_CamdenTown_CamdenTown1_CT103,train,7afce7dc39c9c83c2b9e7243471f8331309f277a5c7b70279df42cd45e03177d,48000,2,35.157333333333334,0.11924942519005506,0.6303473338484764,5.2859570001604075,0.01323752585847776,0.6518594439328024,119.66602898631501,337.1584672498209,128.90625,0.8074219879127069,0.08745235018369887,0.004097703560867326
isd_audio_d0be65422d5e2a5bb839,ISD_CamdenTown_CamdenTown1_CT104,train,8d67a29d0e8182cdadd4928017d362fd10b3679c625e3388eb80a617785f245c,48000,2,31.957333333333334,0.18350055534881113,0.9486281871795654,5.169620251973321,0.015329694364422332,0.7097731241184686,143.91494228030456,378.513069558953,152.34375,0.8125845469660941,0.10308254345206802,0.006161962000868726
isd_audio_2ed7f961c2bbebd46f3e,ISD_CamdenTown_CamdenTown1_CT107,train,14af9e90c6c17d4b4960b265b2920bb9a6ead4c7dcb493d5372f10f144751a54,48000,2,31.317333333333334,0.15739401004084297,0.8964159786701202,5.695362729734789,0.009638571849569361,0.816313765056884,89.31309492723878,289.77490860470687,82.03125,0.8798139420045734,0.056724006766197474,0.0029099584600928985
isd_audio_1bff942ded79ab1382d8,ISD_CamdenTown_CamdenTown1_CT108,train,c2b0ba020e7aa9cbad77a571124b298088b38592c3ef28ff42e53c17fb03fe56,48000,2,27.256,0.17162021075608094,0.9041074216365814,5.268070803860999,0.014379107948026694,0.7004548722139121,122.62595100444989,338.418942540282,128.90625,0.8043470527584278,0.08530298150670507,0.005448012900199747
isd_audio_1100b506197dfd138d57,ISD_CamdenTown_CamdenTown1_CT109,train,66b90c9315cc293e4934521e365423ac1fdabf3ea9a3d2c67f44bc0cfb7a0769,48000,2,31.530666666666665,0.15565334383267015,0.8452939391136169,5.430618567515784,0.013307159502891037,0.4067964360113215,124.84830279122254,468.87339053688044,128.90625,0.7442587501146732,0.0897862164957996,0.0037574239802950138
isd_audio_9e5fe002e177956a5974,ISD_CamdenTown_CamdenTown1_CT110,train,8de3d2dfe2c41404237b82477a3584765beca2308874d76793dd1bd9506df1e8,48000,2,31.658666666666665,0.1558189473154394,1.252765417098999,8.03987858140836,0.01292103592028244,0.4590574372702489,116.10142975199396,348.64175216127404,117.1875,0.7299954226948494,0.09133358983347425,0.0047348970660867325
isd_audio_56802542bdcc24f2fc44,ISD_CamdenTown_CamdenTown1_CT112,train,cc49ed933abdfc51c29f4491f11f7bc79fe443341365d2a3b38d9bfa8228d75f,48000,2,33.70666666666666,0.17919227578839322,1.0858349800109863,6.059608179167502,0.010064780746131296,0.8078180167438529,101.92659938464432,274.34290679428767,93.75,0.8917888765681536,0.055213270600398864,0.0032520413907950996
isd_audio_681f9602d7e8cd76c4d8,ISD_CamdenTown_CamdenTown1_CT113,train,74eeada3c77e2698544239acaaf67b7849673727af643d61efbfdf43649f1606,48000,2,20.64,0.2310953225385645,0.9896391034126282,4.2823848295219396,0.012932022097083027,0.8808936912392548,91.19915805339453,336.7171337117766,82.03125,0.9140193418927881,0.03570424438210138,0.003225144887284728
isd_audio_5d7db5cdc7aadb7e3695,ISD_CamdenTown_CamdenTown1_CT114,train,409ad1cbfabaf6b96c733b8087b661fa94d14233856939ebe2b8a4c9e31cbf42,48000,2,25.0,0.12485283044145354,0.8701680302619934,6.969549886736736,0.01136250946875789,0.6057314658445441,95.86811270622952,271.3112366435445,93.75,0.7716002609474738,0.06462027043888638,0.003069974257106061
isd_audio_e5b2dc2c3c607450f460,ISD_CamdenTown_CamdenTown1_CT116,train,a9106f9ffe62988721ad8cd187be282a2d862771a12648f71640d2ebcb69fd9a,48000,2,33.70666666666666,0.14853646883652102,1.2169177532196045,8.192720365252132,0.015712158643294255,0.6073678795020041,193.95295238308933,372.6132457236391,339.84375,0.7347027798431085,0.2276586086774505,0.005917434660142214
isd_audio_2be4145c8fe007097fb6,ISD_CamdenTown_CamdenTown1_CT117,train,0cda65b5c198c50fcf0c68c0f05c3cdf7d3f5f8dfa520881d5efbf6dcc8136db,48000,2,32.68266666666667,0.19874128535865634,1.1804528534412384,5.939645863268654,0.01167477388292844,0.8160887118677417,104.39607860244774,259.45944775702594,105.46875,0.892190377028585,0.060511860519425635,0.003027659424872444
isd_audio_5002625d288d689d2987,ISD_CamdenTown_CamdenTown1_CT119,train,b30730bd24a46f321cc26cb73bb9a7503cb7fb42263cfc374cb4a347789840d9,48000,2,19.688,0.13093914312888918,0.786534994840622,6.006874461263282,0.012449432447675877,0.7806188388576065,112.51402659987127,290.55700236020215,105.46875,0.8711841119969655,0.07052063401323859,0.0035612165387940435
isd_audio_6da211869321a8ef3717,ISD_CamdenTown_CamdenTown1_CT120,train,edc88d259a1c3174cd4b0c5d7572a671a31fbb7e54e9666ac23ca8b4e4d91fa6,48000,2,33.74933333333333,0.18798865870269094,1.0332583785057068,5.496386780118647,0.015465747141762765,0.7260401410468856,149.2281770295391,430.86926036557963,175.78125,0.8310571987970183,0.10084018804325548,0.008274999287754641
isd_audio_a426d1957ff24a3205fa,ISD_CamdenTown_CamdenTown1_CT121,train,738af7bee74419d5622f7cbfcd37b52ef886b810b6a9d417716a0442b6caea40,48000,2,32.42666666666667,0.15583633186202803,0.8068042695522308,5.177253981225294,0.013092370664814622,0.7821701672654602,117.69815434621943,305.22729432012386,105.46875,0.8725634650090063,0.07628216891979786,0.004150762219048909
isd_audio_5451c4e425d158916537,ISD_CamdenTown_CamdenTown1_CT122,train,9d9d652f544d73e06e07f1c0fe9e81ff7cd173c8f0b34b2281192f9b2d1b525d,48000,2,31.786666666666665,0.21320561139869176,2.194227457046509,10.291602752158955,0.013348110678029754,0.7465018141252384,134.77214574988355,280.00984363923146,187.5,0.8762280253990413,0.07955492477396793,0.003414390185989495
isd_audio_effa1e8e3d8b29c90bac,ISD_CamdenTown_CamdenTown1_CT123,train,9ef1ac6785ff6012ded8041032ef81a08290bb5689378b67a5aafea786b810e0,48000,2,31.573333333333334,0.1418608540813111,0.8027637898921967,5.65881119982594,0.016741459526406464,0.7126637734218534,164.5649376183327,445.68887589830706,187.5,0.8450274775899269,0.11691559283350042,0.008209664614790552
isd_audio_20001396ea46ded5e284,ISD_CamdenTown_CamdenTown1_CT124,train,d50e189a1d87a2ef6e24479796fec2e6157e1660776deb88570ff4be5d446cff,48000,2,34.218666666666664,0.15682722484045747,0.896225780248642,5.714733402700871,0.011970203866678438,0.8019057361960458,108.82435739712963,282.03436959721665,93.75,0.9102725948223145,0.06042523988308529,0.0036595868817858573
isd_audio_e2eba70dcd34bd1aaef9,ISD_CamdenTown_CamdenTown2_CT201,train,e752b227c6c5990b69ed6906619230a50cda4e02a3cdeca71084162eb5fd0775,48000,2,33.74933333333333,0.12410852041227773,1.2558622360229492,10.119065410264211,0.01396077821338336,0.6052250480229396,135.55551111216647,337.97808381635423,210.9375,0.782642134071398,0.11384826659976637,0.004888272063013977
isd_audio_5d34ab52f08e95b7e91e,ISD_CamdenTown_CamdenTown2_CT202,train,f171f41f0ba571f7ada1fc14ccaead3856228e77305523dc76da3188e0bb414c,48000,2,33.87733333333333,0.23200987417399546,1.8814176321029663,8.109213622054723,0.01044455144820987,0.5735150582573958,122.44730831271022,249.6902120901789,222.65625,0.8241905924025204,0.12087776365428818,0.002970117800369949
isd_audio_efabdc6e571fb5809358,ISD_CamdenTown_CamdenTown2_CT203,train,09d7f8995c1fdfe667369c32370fd95d56e81f9b932b236ab15ccfc246f0ba5c,48000,2,31.872,0.1364802370331083,0.6730469167232513,4.931460637483939,0.012496609155769665,0.6690337971309852,120.17038378292091,312.6152313173038,140.625,0.8616640139022668,0.07922224121413801,0.005126894290257251
isd_audio_227e9928bba1e152b282,ISD_CamdenTown_CamdenTown3_CT301,train,047782b555e76676de50fca696028079dc841aa3a8d386ce985f52db92c9a397,44100,2,40.47238095238095,0.11856050833297851,0.6244974136352539,5.267330769882885,0.013493714530955592,0.3346605292682185,108.28005210739553,351.8635801774524,86.1328125,0.721547612488976,0.06582237638640069,0.006737522575904087
isd_audio_4048153bdb0d640a43fb,ISD_CamdenTown_CamdenTown3_CT305,train,8999fb15f008502d8df53b58356b37b7911404922ed996a5a42eb810b40fd151,44100,2,48.46013605442177,0.19640159788433245,2.8468977212905884,14.495287981145768,0.036607238531255804,0.0868768519579987,1213.7714168088066,1605.8225842087606,2562.451171875,0.3860099249206055,0.3873762845048749,0.20925025209259596
isd_audio_6c46d00f88ea601d4e46,ISD_CamdenTown_CamdenTown3_CT306,train,b0e51062dd434e460bd9e23c82246f0b596f12af73389e8919fa06316d456289,44100,2,31.41659863945578,0.1425629458281336,0.7150287926197052,5.015530427392447,0.016808002477135934,0.7200888694269068,124.68201580666143,423.0354769769164,107.666015625,0.8463328001571361,0.07874678094058012,0.005633715827880314
isd_audio_02a49c473dcd73567471,ISD_CamdenTown_CamdenTown3_CT308,train,8e95c01f069378bd9b1a201c87ba4e84316db7e77fbbccb83cfc7a0d0d28ca64,44100,2,33.36707482993197,0.33665716371081883,1.9294568300247192,5.731221664072714,0.09525330499012223,0.22131822271046764,1267.0314216814538,1958.8278010985237,3606.8115234375,0.26587919105229946,0.5375105985577261,0.1924025752891052
isd_audio_85039589c4fab27bfe8f,ISD_CamdenTown_CamdenTown3_CT309,train,a9be257824f7c635eb767b9d7efad148e84e89fa6491196befee6cd9e0694199,44100,2,45.58077097505669,0.15893850311843172,1.1484853625297546,7.225973190863451,0.01334204926991594,0.6719605812594126,99.70229964382735,299.4067398558828,86.1328125,0.8601672087511933,0.05416231542477835,0.00470067343885814
isd_audio_93fc522b7ffbb2e29894,ISD_CamdenTown_CamdenTown3_CT310,train,64ef219a64277a967760480511e9b6f9d6b238594d36222faad3c93d79b1af90,44100,2,32.36861678004535,0.21652664483636652,1.1723777651786804,5.414473429192372,0.014733914554224126,0.7130340492464965,109.86096858385339,310.5785000537587,107.666015625,0.8591088921769303,0.06065569846146294,0.004764844472779934
isd_audio_d41885962daa2a4ef26b,ISD_CamdenTown_CamdenTown3_CT311,train,f81f2a7d53131406cbad3a767aff57f06e8551d6d4dbc8e8f9ecb81f4c045ba8,44100,2,42.353197278911566,0.1872705603939183,0.8225830793380737,4.392484742971846,0.01037919449612507,0.8593665956632167,74.55973453901156,220.7231031975153,64.599609375,0.8915992501093494,0.04482687392436296,0.002023493209946337
isd_audio_ff844a52e2858ffb50a3,ISD_CamdenTown_CamdenTown3_CT312,train,0b6b40d30add4ab9f128816471cadcdff4ae42e0d1106fb2597714757975b0cc,44100,2,39.75256235827664,0.1696445013627833,1.325391709804535,7.812759618834896,0.01288527038304431,0.48968741713993685,113.41666691053348,351.73417004951006,118.4326171875,0.8020264587881719,0.06998067612573464,0.005804249210761508
isd_audio_0d1485fc9c61188d17e8,ISD_CamdenTown_CamdenTown3_CT313,train,03fcef3024b81f2abb48ff1979e626f7faed5310b16249d1faf9d58c10de87b1,44100,2,41.308299319727894,0.20787173385125823,1.580537497997284,7.6034267320261595,0.012664578867483305,0.4241744623999377,82.64116625922482,281.3965952368372,75.3662109375,0.7210446266735722,0.051621529443344874,0.00331007276315041
isd_audio_2677bef0cb2f2b5aaa37,ISD_CamdenTown_CamdenTown3_CT314,train,a20bd8c7ac3d6113068c20285f494bba68168b429838b5875fa93d8cccc9bfe6,44100,2,37.755646258503404,0.1880078938564899,1.2970157861709595,6.898730471184349,0.009867130964557247,0.8674609610749837,65.07083290454422,242.12474924208146,53.8330078125,0.9261185205404142,0.029016452158258595,0.0016815347696784988
isd_audio_19b7aefcd63e48775a48,ISD_CamdenTown_CamdenTown3_CT315,train,031036524fba4ea6661f2b244fdcd484096e86d7b4871a0b68c4a631f87b0f42,44100,2,38.35936507936508,0.14924983199704792,0.9251536726951599,6.198691551716179,0.016445511386240747,0.7662429793698975,142.56058540925167,383.93975762988754,129.19921875,0.8571467988554491,0.08746636932057768,0.007209407495016308
isd_audio_7ab90d0a458f8b59ad18,ISD_CamdenTown_CamdenTown3_CT317,train,7fc7f90508187a665993e9f8ef26398258921496ba23997d05006b2a621a6fdc,44100,2,30.72,0.21631992954320828,2.308643341064453,10.672356199169892,0.015918054314039996,0.539068444089673,192.8874675467195,406.6296056455367,258.3984375,0.8261578972844393,0.1475080153579248,0.008861285205971476
isd_audio_db1aed310b844b615c0b,ISD_CamdenTown_CamdenTown3_CT318,train,c0da3b9b6d87d8094bd477873b37b51af5299f12ad171f96deb617d87e1f82e7,44100,2,42.49251700680272,0.1610123735706498,0.9458910524845123,5.874648211862237,0.013001095564963053,0.8464595691216794,101.56725610353791,314.4460249950548,107.666015625,0.8693065092584072,0.05914840383574817,0.0035943490286170737
isd_audio_19fe0b4c470aa1e82153,ISD_CamdenTown_CamdenTown3_CT319,train,023295dab666a3b1b0fd93c9291cf530ff18ad6c960f02fa640af388fe0ba839,44100,2,37.10548752834467,0.17208887733411013,1.2404040098190308,7.207926677392342,0.01537384094243839,0.4132536862933095,111.51373154955388,348.2862971949364,86.1328125,0.7717720511119511,0.07057531224028947,0.007015113354793078
isd_audio_ac2fff2a3be5f71effe2,ISD_CamdenTown_CamdenTown3_CT320,train,ea5ef6b8e64f2c812b197738145a20cabceb4109705982f6734c5ec5a16e82be,44100,2,30.812879818594105,0.18841932320057012,1.0459879636764526,5.551383721737557,0.019548926405989785,0.781965294980863,200.1673828811515,631.9890625959774,172.265625,0.8785992256043995,0.06270321573520647,0.021859728851729078
isd_audio_0dfbb9518a15a89eb225,ISD_CamdenTown_CamdenTown3_CT321,train,543cf93d438c4738c952bb1c34c6a5d06a29ac6b11aefb24d1422edc31708ecb,44100,2,30.65814058956916,0.13294067709169566,0.7665030062198639,5.765752236173504,0.013123297458697078,0.6835455571871539,119.06779636137246,335.99376639668753,118.4326171875,0.8558889463442512,0.073823878556643,0.004479778350434178
isd_audio_01c0d3390e19152508ee,ISD_CamdenTown_CamdenTown3_CT322,train,5351eb96db76cca0e007e0bd00ede6ad00e86365fcc24a12a659d8a86abe7a46,44100,2,31.342494331065758,0.2085563357674557,1.124270737171173,5.390729238860221,0.014059439894140007,0.5900614121206994,96.0551407882359,277.0635846848255,75.3662109375,0.8166486602303835,0.059746564460222376,0.0036792769221563387
isd_audio_ec0519939671b66ffded,ISD_CamdenTown_CamdenTown3_CT323,train,fad003f7cb08e03ecd09525d192a0abe5368ebdc0670957158c68fb1807c3556,44100,2,48.32072562358277,0.17489321371235583,2.1061158180236816,12.042295829085614,0.03681797213721812,0.186961795174888,1069.1467645854593,1387.3925591224572,1754.9560546875,0.3791127894856329,0.44638697745701567,0.14554222493773508
isd_audio_4e9bd22e9b8be2971ae5,ISD_CamdenTown_CamdenTown3_CT324,train,1ea2a8c694ebbb419b4b6476f583406cadf33b095d72e777d012e2a5afc7b7c6,44100,2,33.483174603174604,0.16881264455154757,1.4509093761444092,8.594790870072346,0.01101782667967848,0.2293973353564876,73.90502447673211,243.39714963190275,53.8330078125,0.6576663549254639,0.047805331621768817,0.0025954095456359187
isd_audio_2eed2734ca174696718a,ISD_CamdenTown_CamdenTown3_CT325,train,b9a605a9b501e5d75c3ecc83315f08d0c4757eb04fbfb6b8f6865d79425ae01b,44100,2,40.72780045351474,0.09986785194472284,0.7211336344480515,7.220878595117888,0.015408984491354857,0.6348435028646483,143.62762801061712,347.4671821925497,161.4990234375,0.7687722837610801,0.11163014446603084,0.005122161031976887
isd_audio_59dc2c52f0ec83c96146,ISD_CamdenTown_CamdenTown3_CT326,train,e27c1f5bbe588134152bff95e402f44816cbdf460147c770217f1bcd45a1cb1a,44100,2,36.1534693877551,0.2405720384868874,3.3507591485977173,13.928298440969288,0.03534506170787529,0.13360544898342527,1269.0500680689574,1535.8895055362348,2820.849609375,0.30848266806278696,0.41931666257039135,0.21915907216004418
isd_audio_ddb1b24cb80faddad64a,ISD_CamdenTown_CamdenTown3_CT327,train,90736f9828f54801795e802bcf7e7df28598035f84618e7f3fafd387a2a1c483,44100,2,46.64888888888889,0.13417500860577153,0.9188185334205627,6.847911119724272,0.015518552995190098,0.6890043119793107,147.42333397524584,336.21362154107794,193.798828125,0.8288967456570839,0.1167557291649947,0.004603649605459726
isd_audio_d820f480ad077c2cbe7c,ISD_CamdenTown_CamdenTown3_CT328,train,c04ccadaf13069af90f3af9ad5f8e4291131b2b56b554325ef85d5836fdd6ffa,44100,2,50.36408163265306,0.14363872082716445,1.1409093141555786,7.942909179262295,0.0171864271708715,0.6947442193680272,148.07855394386155,428.5600364803677,150.732421875,0.8377594214309564,0.09103381578251929,0.00943263599310966
isd_audio_a014d311dd2f06dcd3ed,ISD_CamdenTown_CamdenTown3_CT329,train,951e21d803cb5e5921f894e5f900cb1feb01b7b9d522dedbef5c7c5583f0e597,44100,2,32.10548752834467,0.19208389754052174,1.1410862803459167,5.94056188445049,0.012090255259910823,0.8287140327762854,85.89559735886435,236.12050390710945,96.8994140625,0.8710592361763059,0.050112223226999875,0.0026159063464644403
isd_audio_4b28395907913b0ba7aa,ISD_CamdenTown_CamdenTown4_CT401,train,f87ed308ec0df764753aa0febea2b662a7441ac9374e386c868cad0f182d6c6e,44100,2,35.062131519274374,1.3044587310563345,6.190333843231201,4.745519115210602,0.012545279222681616,0.7148811921182077,157.13038895374675,166.3249728003802,161.4990234375,0.912705514315978,0.0818577859738572,0.0015214188119092142
isd_audio_72beab5a76a343ea511a,ISD_CamdenTown_CamdenTown4_CT402,train,048e6d5481dc777977b1b62bc662afde0b0e01def44e5b5d5a510eea31acbaee,44100,2,31.48625850340136,0.3918350251800314,2.01263165473938,5.136426111511247,0.013264983511493703,0.8261463688381099,157.6775681631943,255.6012310027279,247.6318359375,0.8312101213993784,0.14240487157844645,0.0036759425356532012
isd_audio_cd4e91c2d92ef1f8e953,ISD_CamdenTown_CamdenTown4_CT403,train,7ef69749852249e9b9be2a98a945716cd77e2e573c8779aa86a23eb741fe45ba,44100,2,36.36244897959184,0.2849504987509021,2.871153473854065,10.07597279681889,0.019346051934948174,0.5255579978357436,238.20204064506558,368.8410795930146,376.8310546875,0.767604890184036,0.21053443404464747,0.006615047255765061
isd_audio_32cb1f313718ef8dae60,ISD_CamdenTown_CamdenTown4_CT404,train,63fe9e53808fcf9a402c94398ccd6c2c6433a723f578ed1c54a36ab3da98d732,44100,2,31.37015873015873,0.2700465719483867,2.077004075050354,7.691281026323586,0.018323390604319863,0.6110792060539377,217.82155496498842,367.62251428467266,269.1650390625,0.7928060667051747,0.162433532611781,0.007730148006646576
isd_audio_ecd6b0eedcd897beb871,ISD_CamdenTown_CamdenTown4_CT405,train,c4fee8d1222667547bddc3974dea4de66a9b18808d107ded8f757d5680026463,44100,2,31.7881179138322,0.14551923792625654,1.0197089910507202,7.007382704735362,0.03252975521719436,0.44327327830682745,325.2931646361006,621.0948366393407,678.2958984375,0.6440841801956556,0.26422729202788076,0.023143274674407823
isd_audio_b0b09fbf4aae316b2792,ISD_CamdenTown_CamdenTown4_CT406,train,6f804a1fd9d7d488cb56145fe5da7aed391c97ad306e3e77050112fd9e1603ee,44100,2,34.528072562358275,0.2470947672809378,1.1499292254447937,4.653798370960102,0.013576657579660166,0.48667352814356196,129.16376478625313,308.42943214469483,183.0322265625,0.8034764274357454,0.07009872336288264,0.005498508445421759
isd_audio_729e742a6b255718db73,ISD_CamdenTown_CamdenTown4_CT407,train,b335504dc670b9f6458c0abbc60feb2eb27dedfb4af99be8c381a04ba8a7a968,44100,2,35.57297052154195,0.1938987768698502,1.0721576511859894,5.529470935784443,0.014935296318701248,0.5003525092368186,157.4525162413218,311.30604599573223,247.6318359375,0.7766596689097387,0.1394399351816296,0.004570977691797046
isd_audio_9d091d48b0cdc7631ab4,ISD_CamdenTown_CamdenTown4_CT408,train,3aa9de0b56992dbfcc250bab734eba8f0c61ccbe23fc54c1a7a9846c44a237b5,44100,2,34.27265306122449,0.2562159924433377,1.7989450097084045,7.02120500969994,0.018278139210532063,0.7018209749225781,147.83628359804828,348.00815076889626,193.798828125,0.8549393950010779,0.07863654281082894,0.006975642609720208
isd_audio_a2d7ec17501725a50a93,ISD_CamdenTown_CamdenTown4_CT412,train,22e24b470b8182e15777efec4c65a0bebff64008ee209ef1a9a478ec3bb413a7,44100,2,31.946213151927438,0.3923811253930676,1.76229327917099,4.491279435027905,0.012640302890276804,0.7354729537522872,188.71232505991995,212.05566141177027,258.3984375,0.8414305209741382,0.15337281970563815,0.002199907700907545
isd_audio_580501d84a1f938f79a3,ISD_CamdenTown_CamdenTown4_CT413,train,c06788860fe8af782cac96f7aff337ee52e09d1ef5e15819d38c71cb667f1585,44100,2,38.31292517006803,0.48687068219392954,2.336523652076721,4.7990641817821365,0.01086944298617601,0.7517069736022765,145.77877853673257,174.33653608508334,193.798828125,0.8758697194760579,0.08558710256359539,0.0010233485177291984
isd_audio_14cf33be38ec4667c178,ISD_CamdenTown_CamdenTown4_CT414,train,d1e1b94c07fca807bb7965da3e4e8a2daf663d2b9a2d9b0b8596b5218e6cda7b,44100,2,30.0,0.4484672464725574,2.597673773765564,5.792337777614091,0.02263796117759726,0.43015662043225095,223.34443235224853,406.57756159848697,226.0986328125,0.8790258439267764,0.10091878706122358,0.009972605476536195
isd_audio_c79417d33649c735fd4c,ISD_CamdenTown_CamdenTown4_CT415,train,58949a8c2a77a6460b85ab2d6c4778af40c2c31729a00bdbe74b868b710af67c,44100,2,36.826848072562356,0.4513794461800358,2.2221189737319946,4.922951172317419,0.021340305148260873,0.48122398636239627,213.56782247845243,440.33507277669645,247.6318359375,0.8440302380627822,0.1314104605674099,0.01263166515383631
isd_audio_a3b4c6cbc55858c98a9c,ISD_CampoPrincipe_CampoPrincipe1_CP0,train,62b6363a38bc3c926c4264ac0c9e86b0e34d8a211662005b80d3dfd28e118f02,44100,2,30.67356009070295,0.031011214712915815,0.20262528955936432,6.533935914318545,0.04309963088719401,-0.026111539122689834,608.4932790123396,764.8096120435838,915.1611328125,0.265310741542218,0.6424981276573782,0.047296956428282445
isd_audio_b5dab590f49a7942f457,ISD_CampoPrincipe_CampoPrincipe1_CP00,train,124cb0f32b37b8a94c717fb43861f728e35e8e5a1c9c4c4c243b850ab78c261e,44100,2,31.091519274376417,0.04034173138599732,0.2975568324327469,7.375906343375965,0.038133371258118276,0.17843231565190829,556.3401010229936,707.8403444359441,775.1953125,0.2518972102866343,0.7035646715090508,0.029296867358318456
isd_audio_a5143ca484c8217477f8,ISD_CampoPrincipe_CampoPrincipe1_CP1,train,ee8bd5ff3fae757bce723f0b7bebd09e6cd74ab8a6f2c65cd933072ec96decb9,48000,2,30.634666666666668,0.020886763851042472,0.16444981400854886,7.873398444170233,0.04125571333654774,0.36080775257168185,492.28072206168065,954.4354940289621,972.65625,0.5051674742347178,0.3162258924529786,0.06469452488877996
isd_audio_ee47d8f2477382b72aa3,ISD_CampoPrincipe_CampoPrincipe1_CP11,train,4ca962f97496ca1c3a26daf28d0a43a3bf442e959617a1a0c7c1c09100ef65a1,44100,2,35.015691609977324,0.023125080496460525,0.3483566343784332,15.064018239060918,0.04026444915169173,0.46901026389992656,360.32393825647415,817.765517436066,592.1630859375,0.44214782142704806,0.303729158689087,0.03637298923949127
isd_audio_5615cf54bc7c03cf4831,ISD_CampoPrincipe_CampoPrincipe1_CP12,train,e83a6d91e5c2a20b4fbc61f780ef27b7c0eafa7a68fd62d2fdbe5936fc264e99,44100,2,30.55746031746032,0.02967845196600164,0.1732618436217308,5.837967688483622,0.023850107933982546,0.22957499868680875,316.52552897945355,438.40675834147976,570.6298828125,0.5185450832955673,0.4025859443640127,0.011534224293771779
isd_audio_041c3832961e6a1088b4,ISD_CampoPrincipe_CampoPrincipe1_CP13,train,3d63fbf028812da2ea6bfd21e652220caa2d0256d971c265849ab26d2e0c78ed,44100,2,30.812879818594105,0.05295301648518992,0.7833602130413055,14.79349553694261,0.028934088973961013,0.7249232104839888,101.5589290070444,320.4831615049412,172.265625,0.34317154620234774,0.10355936995775922,0.004870524216090154
isd_audio_2dda71781e1d64bd2b9c,ISD_CampoPrincipe_CampoPrincipe1_CP14,train,9ba68ac5fb5840c2261d97150523c57b3b5c441c7dc061544ed03e2e2b94da1e,44100,2,30.67356009070295,0.025489713968147802,0.22215762734413147,8.715579453804065,0.037347444339223025,0.18780318589961642,455.78313749281864,730.4454654699092,721.3623046875,0.41513888578335356,0.4915448554415729,0.03623558235060231
isd_audio_0b172aa9ecad7ae38fd8,ISD_CampoPrincipe_CampoPrincipe1_CP16,train,1d872b1dfd5600f3d3892dddd3f5a535aee22610c9b884e89798abb7fa639613,44100,2,31.045079365079363,0.050625918109232323,1.659574806690216,32.78113007470713,0.04647622831858019,0.6777807331288368,178.70585128540392,542.0908489934908,236.865234375,0.7844756251442515,0.13145696616905175,0.015510182782766039
isd_audio_86accd4970ff5aeec678,ISD_CampoPrincipe_CampoPrincipe1_CP17,train,bd566b1f93986a42fbefd1caf325c00056922613909304917a096acd432b6d4b,44100,2,30.743219954648527,0.03995446184321922,0.5197000503540039,13.0073094813115,0.038445907322380186,0.4317433464542772,259.6599119914826,592.7924941980217,538.330078125,0.3266571072932432,0.27758882650794486,0.017983593465887206
isd_audio_24299b80299fc83a410b,ISD_CampoPrincipe_CampoPrincipe1_CP18,train,a609e7cb7ab22acfa32548362145af2197323150245a6e70bebb56769559a330,44100,2,30.65034013605442,0.051535292292584876,0.41262616217136383,8.00667161891181,0.03221031028816753,-0.004880302547186674,516.3283812354939,526.4015076678603,742.8955078125,0.23712787496688167,0.706147766399547,0.021670662833123813
isd_audio_3ced98137ba90a013bf3,ISD_CampoPrincipe_CampoPrincipe1_CP19,train,7f1dabe4831102700d0be57a302df30ddfdb34e19d38b7ddf8fc2ea5293579f2,44100,2,30.789659863945577,0.0398330038062177,0.44359757006168365,11.136432798784826,0.03756159676187544,0.3091030429900367,331.7315806606521,595.3612666280611,602.9296875,0.32436358675795857,0.3833283217345169,0.021544165606976622
isd_audio_ab1b2aab12a4b254b4b1,ISD_CampoPrincipe_CampoPrincipe1_CP20,train,4d1028c700c63f594d3bb5133f47398658ef59a1b82dce146f944949a5762734,44100,2,30.789659863945577,0.06032131102185596,0.4402395039796829,7.298241641667451,0.02187177562907684,0.029559630915402917,214.71952257574296,459.0335688186905,506.0302734375,0.3566102008328256,0.24356994352928976,0.010715263888357869
isd_audio_fd1148ff496fe306a22b,ISD_CampoPrincipe_CampoPrincipe1_CP21,train,5e3d5e625cce7bc792c3519141b455b06366e21179b8940010cc52f9ca9569d4,44100,2,30.65034013605442,0.051252100677796134,0.6109079718589783,11.919666975204413,0.06161744023544052,-0.002007579210459287,728.7113443331727,1312.429066111318,1087.4267578125,0.32401203011246343,0.5640272503719629,0.0741713896456378
isd_audio_793909e49ebfb2bd18ee,ISD_CampoPrincipe_CampoPrincipe1_CP3,train,3b207a2ea533e172500e296ea30845379bb22231c86002ddf90a45f7314a0048,48000,2,31.061333333333334,0.021879128110668788,0.13800786435604095,6.307740585363866,0.026435618263072433,0.5664795592731275,282.7000826208772,600.5437705178716,457.03125,0.6391312171230629,0.24028691862426388,0.023083713262250137
isd_audio_3f7e4352ac64bcb7e8ea,ISD_CampoPrincipe_CampoPrincipe1_CP4,train,0474d2e008eefc0293f3486a961b3222f646ee664253e95ba9693438b20dc87c,48000,2,32.68266666666667,0.018446780409805873,0.21650703251361847,11.736846631433226,0.04925588057372446,0.4768065142754182,421.7868276131781,1076.707098139917,621.09375,0.47748755903327217,0.2202694702546954,0.06403412248775837
isd_audio_b66092be27a8a78797a3,ISD_CampoPrincipe_CampoPrincipe1_CP5,train,6b7cef9644f7d54bac040ca2e442e0ea1102d9325f2338adaf6084e506062740,48000,2,30.976,0.031199985113986944,0.4598338305950165,14.738270832984247,0.01647983955309457,0.8501790271523588,69.91201390823753,282.1293921714365,58.59375,0.5396320347209893,0.03631494607691125,0.004856953053774056
isd_audio_a283b7e393322ebcd805,ISD_CampoPrincipe_CampoPrincipe1_CP6,train,daa045165be62a19839a8922f4b324e9c7cf8343db7e1de8c90f89a246a3d7a3,44100,2,30.116281179138323,0.02042285276651836,0.17738569527864456,8.68564726517807,0.03746704946138434,0.38687404973921796,370.99795300020236,782.1779479471161,645.99609375,0.4606795811160214,0.3216614776886932,0.03434078006045804
isd_audio_2ea14335debcab3930e7,ISD_CampoPrincipe_CampoPrincipe1_CP7,train,07a83c7c8d17c6cbd4cc609c3e6f88d8e3e66dd7c14e15c6c60b269970f68b8c,44100,2,30.67356009070295,0.029962511840887437,0.38896462321281433,12.981709453411897,0.05485313479751283,0.3694366624024579,630.69561621012,1180.1452418500448,1130.4931640625,0.2964698021263559,0.42873706734827033,0.08693719552572418
isd_audio_27aa276a097f30e30fc6,ISD_CampoPrincipe_CampoPrincipe1_CP8,train,65ee709de5a27c8033c433bbaa29c492624c44271f99bbdbd7dae3a257c8a9fd,44100,2,30.580680272108843,0.03149672693439439,0.24404019862413406,7.748112974800643,0.021225605383925785,0.3629207073037449,218.89933521619614,371.39201541601244,462.9638671875,0.5987047062947363,0.2519120860993144,0.00798291800154489
isd_audio_70615b0a74998d5128d9,ISD_CampoPrincipe_CampoPrincipe1_CP9,train,aa2f97a4d704969bf6a6d3462bf7d4946136d05e4a5c62144fa13916ff38c14c,44100,2,29.628662131519274,0.02178978703657445,0.15215252339839935,6.98274485854356,0.03817627578880825,0.38949198939734697,375.9404594443517,728.0270695966051,592.1630859375,0.48215962911082116,0.3642761094425723,0.032765402127630794
isd_audio_efd17e6473816f73c8c6,ISD_CarloV_CarloV1_CV12,train,7d3fecc8e7b0cb661b30acde5e585801cb25dccb3d896f095b948202332e38e9,48000,2,31.018666666666668,0.046343355333286,0.4375734478235245,9.441988925416421,0.025083031375617487,-0.05254780653906574,325.9392873768741,504.6451694072803,726.5625,0.27615677409499995,0.4075892564228422,0.00987161502813704
isd_audio_25fffacb926605d58135,ISD_CarloV_CarloV1_CV14,train,52460c4e58e6ef5cb05c34ffc6ab433fa2b638a329c01748359daec9a561b40c,48000,2,30.592,0.03914342193723743,0.386574849486351,9.875857305122306,0.018138605230810092,-0.015455073452631429,75.43678511401242,299.6952381770239,35.15625,0.4060320090063419,0.06242820105479894,0.002982481066675319
isd_audio_c319f9654aba7296822e,ISD_CarloV_CarloV1_CV15,train,c44407c0aaa82a6e34e38f0f80d26d6c71db61567ac0eabd0e022113a0f64b21,48000,2,30.378666666666668,0.010936143751659912,0.16803982853889465,15.365546791883492,0.035762511358376055,0.14192110189346765,356.2816968078214,1229.6909291533318,187.5,0.4964044170391949,0.07971121489346467,0.05045867477015072
isd_audio_666dd7d101f4caf585c4,ISD_CarloV_CarloV1_CV16,train,4bdf7027c16f6d7eaf651d55fba9d734332d75529f941d1c0f51de00ebb355e9,48000,2,30.72,0.007448378973972175,0.06853874772787094,9.201834112814971,0.02618138711302837,0.46673287008658876,312.38081582454214,829.7211850975426,480.46875,0.6251480060851303,0.20629591343696474,0.034414034909787235
isd_audio_6db6c7516b86e6f70689,ISD_CarloV_CarloV1_CV210,train,ed8c928caf46f98ac91b662c06045b045bde18ef7147bcb60271147813f4b2e8,48000,2,31.488,0.05616051099649542,0.5406784061342478,9.627376897763407,0.011848436870419466,-0.013003113328810248,39.32987291076901,168.94232026824247,35.15625,0.46997342043849555,0.022977027250594115,0.001079705401987841
isd_audio_875c048836d47455f9fc,ISD_CarloV_CarloV1_CV212,train,6477f36a1e2c74ad729e95b67555e9a21d8044c149e1217c7296e85475959035,48000,2,30.890666666666668,0.011090664134383376,0.08915215730667114,8.038486805337548,0.02223974220890763,0.2780134715026875,144.08923288832662,606.057483300639,105.46875,0.6252682324533464,0.04504775392027631,0.01828777888283643
isd_audio_ff02b30ec0fe8f96c67b,ISD_CarloV_CarloV1_CV214,train,51a877fc9403ce685d57bcf7a1efc161c9966a1e3f874a26201bb4f7efcf3dfa,48000,2,30.677333333333333,0.019812064273645822,0.20901601016521454,10.54993600254212,0.016824322534772236,0.17538963389951692,141.76557694009637,598.7353639254301,175.78125,0.5453021445753694,0.10804382705776835,0.007562934112121423
isd_audio_3ca3c9a28c013f814900,ISD_CarloV_CarloV1_CV22,train,a112d1a70755e17658849ccb7235358bb93d8cf77a5a4e58aac48a9f2dcc99cb,48000,2,31.445333333333334,0.0640949556639746,0.46002034842967987,7.177169305512762,0.012821863354037268,0.0021536960704369953,83.32758899790579,325.0924310929881,46.875,0.463332170100415,0.07242227301451407,0.004100370583535581
isd_audio_66e0b3e2e34853d8c5ec,ISD_CarloV_CarloV1_CV23,train,614c2d6a3772c71f4388ad35f56d643c5ea18143926d7652ea9ee8c6e43f4703,48000,2,31.402666666666665,0.056037159908847785,0.49426112323999405,8.82023864242903,0.017743329748621233,-0.045298551939469925,238.47141709266043,1117.001586179348,269.53125,0.3383401488675528,0.13820321356019993,0.01834522037551062
isd_audio_3f9d0b4ee0755b5d7d84,ISD_CarloV_CarloV1_CV27,train,beea5bc7bb7a3d0d0ec221690f83bbd6b94d514b89733faac470d75c19864c2b,48000,2,30.506666666666668,0.01818842643086331,0.139166415669024,7.6513719423730535,0.01710965984870783,0.15117956266059535,145.473981103647,401.10924610772787,281.25,0.41866772514593903,0.15180635441235535,0.0066558495565164555
isd_audio_9601e455a23c7529af33,ISD_CarloV_CarloV1_CV28,train,25a1cd0c786f7249d2b41545a6593732dfed7491c4663da7860ed54c4c313965,48000,2,30.634666666666668,0.032420821649471465,0.40564119623741135,12.511749412866106,0.012429418489278548,-0.012037457226395857,55.288507962042154,231.41084972676697,35.15625,0.4678477440265552,0.03870259577003305,0.0017178910460616292
isd_audio_6a57a59ee4c2bb6dca60,ISD_CarloV_CarloV1_CV31,train,53bda3f875d4194abba3385c40e41a5c2aeb49c501feaa54a80db4bab92f2032,48000,2,32.93866666666667,0.015252863211093369,0.10991037636995316,7.205884878716779,0.01916188873884843,0.28378885274181764,234.88426516269726,440.89704764052397,480.46875,0.46547593500584244,0.30918565557710126,0.008204508496248895
isd_audio_88c7f1915764af2734ec,ISD_CarloV_CarloV1_CV33,train,29dba0c5ede73782a35e3c3c075599359e87ad30298b67c47f5ad2b71936212c,48000,2,24.0,0.08399014785845098,0.5196914859116077,6.187529122909111,0.0029079886354068016,0.03320845087422692,21.991107150907883,85.35965185887976,23.4375,0.341575612676024,0.006275400665475575,0.00032388351412355234
isd_audio_5b5c24b185955d0693af,ISD_CarloV_CarloV1_CV35,train,be22fcbf40ca8721f8358613a1e7d6944f9212a3d884f1ce7305285fcdbfbb9c,48000,2,30.933333333333334,0.05608069095208792,0.6179287391714752,11.018565011964592,0.010405448818324904,0.019491022888738677,58.16951142753202,234.84449207062306,35.15625,0.3883672132990468,0.05442688380904429,0.0019556025479429673
isd_audio_23dd6bd1612362c7a920,ISD_CarloV_CarloV1_CV37,train,d81ccb5d986187b3f23bcca313c2decadbe08310b4d475d8aaf2ce9c3c179125,48000,2,30.634666666666668,0.08248152694680318,0.6235948503017426,7.560418355299518,0.006253812574678859,0.011336719857236437,31.01058747688228,135.83216911624507,23.4375,0.3381538469015572,0.017056384305328395,0.0007627376012213426
isd_audio_5174b69f3ed20286dad7,ISD_CarloV_CarloV1_CV38,train,eb9829f9646425ab6ceba7fa767d3b561e9866502f2bdfa1eef7e5b16a0d91a1,48000,2,32.088,0.05514533168168315,0.4456191584467888,8.080813821540652,0.0066457909017070904,0.0800302907678951,31.02789906769807,141.02788099519455,35.15625,0.42250676759451256,0.013975400423901304,0.0006980549924555262
isd_audio_d8caa29621f570252088,ISD_CarloV_CarloV1_CV39,train,b28cb2c534375f446bd6d2872772c0857dd48ad1ecee8214f8574277e9f44787,48000,2,31.829333333333334,0.06542572172406486,0.5692873224616051,8.701276920758982,0.01539134196924088,0.008619214351207381,119.6982364345944,369.09936249840536,46.875,0.4138049477808263,0.08868757144250332,0.006364997358305828
isd_audio_d9514e7daabfaaa51759,ISD_CarloV_CarloV1_CV41,train,789e908ba55f92b3b224e3fd12a89fca5340e9bb086086494c77583173df6219,48000,2,30.208,0.015798935930249766,0.10051854699850082,6.362361835143648,0.01095736984502577,0.18911718639597905,79.77616506000699,280.0769868028983,82.03125,0.5656156720660082,0.0533690721474004,0.005998308728448165
isd_audio_c8693be2ac04b57b6247,ISD_CarloV_CarloV1_CV42,train,eebb21d47e3e44c159cdbe5a8a302eaf2f67e4206c98050a4770b25fd72e801d,48000,2,30.336,0.017986389472560767,0.3000214099884033,16.68046888710503,0.02411602834093455,0.31806978570420597,246.01174473517224,560.7065929782532,550.78125,0.5787922550785862,0.25571689093670597,0.01317747875883404
isd_audio_df78be848fb763a4761f,ISD_CarloV_CarloV1_CV43,train,7d488a916275e0962df0f10ca18074ab5307fbde0a0d9e1b37be18093eee2d2c,48000,2,34.432,0.11843541199702347,1.9544800743460655,16.502497364514472,0.006765149887913065,-0.022886525812715466,28.107451866493005,158.74516258019236,35.15625,0.4169395030395907,0.0071567512210886355,0.0008135835615553143
isd_audio_a0f2c72cabbadac4ee68,ISD_CarloV_CarloV1_CV45,train,48919ed4bd6c55c6b91fa5b3ba6ec0e45e8a55f93186f4a10d3351102fb81285,48000,2,30.634666666666668,0.021001037647401005,0.18090196326375008,8.61395357224826,0.015210855356442154,0.033526847734310423,116.50010759387521,482.48225162180825,117.1875,0.4920940684105301,0.0823806167055699,0.008597931721358547
isd_audio_0ecf8b69f1c57cf78b40,ISD_CarloV_CarloV2_2CV11,train,64dff6fac9a0de38f51e4d2b1fb4086b3754c0c889bed7dc2efd20939459632f,44100,2,31.230839002267572,0.02689276255304927,0.21976304426789284,8.171828529493142,0.020862875277993784,0.04454546289050588,186.69586821240537,465.8198931623954,430.6640625,0.47104125095812455,0.20115354461726254,0.011060325496734028
isd_audio_e2a98ad3b349d74622fa,ISD_CarloV_CarloV2_2CV12,train,5e90215d87ce0f1729c9d9d92ca5787359ea9d5fafa2bb91a83f21832fc88aea,44100,2,30.882539682539683,0.029499963869254107,0.3027692288160324,10.263376258965154,0.02891214528911044,0.2228099550124175,429.7167123928032,533.5302028623356,689.0625,0.3106442248496856,0.6274772234926989,0.013827920219818697
isd_audio_9e204fcf3a15179455d3,ISD_CarloV_CarloV2_2CV13,train,a2ba44eb85fc9f96d7637273a7f5e2a5018359db59556b6caf8e90247535e917,44100,2,30.789659863945577,0.06714518308137106,0.6188062094151974,9.215943438046573,0.012830832884698521,0.02198041731704603,68.71770387892674,249.05754573896195,53.8330078125,0.47699991769570754,0.05216986355100978,0.0029412907834967866
isd_audio_e97f2670b045774b97ab,ISD_CarloV_CarloV2_2CV14,train,43be25e07c2fdb6e101758753077f92271a8a8d50642c6a14c6337d36af96d50,44100,2,30.766439909297052,0.01700032785526088,0.16234005987644196,9.549231124163562,0.0238104538697331,0.19529418110082594,228.4134218333055,635.8937360939683,366.064453125,0.501518248919481,0.2211537917489545,0.01628251369169344
isd_audio_4e85aafabb07693d8433,ISD_CarloV_CarloV2_2CV15,train,77265baebdc199742facbb116a08b205ae2e314a2ca2513d7098e1202805c9d2,44100,2,30.743219954648527,0.02683234491260756,0.30732326954603195,11.453462995760454,0.030985967435599567,-0.06353292109852864,346.8452358906236,643.019023913394,592.1630859375,0.43183792109113806,0.3831696099222662,0.022332019617144316
isd_audio_29b0a7f07c19bb453521,ISD_CarloV_CarloV2_2CV22,train,839647214c1ea886dac84be40cc3ba6d1a13303a15c2f247c3a8bf86d15e15b4,44100,2,31.71845804988662,0.045984289126507316,0.4632079564034939,10.073178583432334,0.014078666955489165,-0.10228999340064827,73.82255082277197,304.01946694653975,43.06640625,0.3675098023732042,0.055512817417913134,0.00408506610088142
isd_audio_c309e7138954dada6c45,ISD_CarloV_CarloV2_2CV23,train,5e65d5491a5aba484edf0c6357a17ef6d6b7c081f955ef6e2c5adbe8b4cca557,44100,2,19.67356009070295,0.03759438800635736,0.2612089663743973,6.948084015364895,0.02335515206839995,-0.039418344935564426,227.49935274676363,485.40615197908915,549.0966796875,0.425217895332325,0.2710499059972406,0.008945865856291453
isd_audio_016d935f17b59ba53b76,ISD_CarloV_CarloV2_2CV25,train,f46579e3f2a0d745c7740120e4dbea83e4bbb4e0051f68bd65e4bcd14f375708,44100,2,30.65034013605442,0.03237429058441622,0.281040558591485,8.680979676100378,0.017764572801678504,0.05507676276906883,184.0530015142586,368.25478752129317,409.130859375,0.4083794669701532,0.25590686333741525,0.0050767875752728295
isd_audio_ea8d6cddfc25e1db6bf1,ISD_CarloV_CarloV2_2CV31,train,44bec63b1e4c08a6096b3e3fdaa1b941a4e882b069b7ed039c177b839200ab4e,44100,2,30.394920634920634,0.02370198012363831,0.18765927851200104,7.917451518105269,0.027084895349574572,0.10796163990589516,340.64259568186276,584.1986522367865,699.8291015625,0.34663410707425246,0.3807989310464963,0.01668617236226674
isd_audio_cea75fdab8de0862d260,ISD_CarloV_CarloV2_2CV32,train,95c364b3999769a03c12b6466f1f6e74ab8bce44ed9bcc260381bee0a46b81d1,44100,2,30.766439909297052,0.02723721764014479,0.24721659719944,9.076426251228716,0.022862634774937187,0.14796737892557557,245.51731593176606,518.5343982284755,506.0302734375,0.4997308925883186,0.2762420252762533,0.01563765042494548
isd_audio_d9396d40d771e6a05c48,ISD_CarloV_CarloV2_2CV33,train,b95459dab75bf444324ee1c295c13ca5da1fccdf0ce9c949f8894dbef45c723a,44100,2,30.67356009070295,0.043313215313182135,0.37947285547852516,8.761133356983422,0.02318173316685185,0.07048442482319821,119.24416944070035,376.32275723734085,118.4326171875,0.4912747245436055,0.12167470689851628,0.0057991496485003515
isd_audio_745c2e92014141926e75,ISD_CarloV_CarloV2_2CV34,train,2203aa08c2a3bbe2192a8d3e30c4414466d5e01e9b2316ed902bf6e308ff257b,44100,2,35.294331065759636,0.04296080359427763,0.40559952706098557,9.441153170491702,0.03961312680736457,0.09366785015520127,546.0361754850305,887.5136186111723,807.4951171875,0.21648788478604114,0.6432624241966461,0.02562251256282794
isd_audio_0580621c2cf881acbfef,ISD_CarloV_CarloV2_2CV41,train,f83c303e9e1f736068580e2b94f8d0cf1cef819e9f47ad9e77fe7a91c79ef4da,44100,2,31.068299319727892,0.025707399569008506,0.45775774121284485,17.8064584083679,0.015697998191387414,0.08442563707147938,72.33651947652606,246.97985772201795,53.8330078125,0.5078735260824063,0.06197450382603696,0.0029989373472231115
isd_audio_c8cc800ab8aaa04c8f68,ISD_CarloV_CarloV2_2CV51,train,168ce70c01c5532bc0f1f1dde71034330f4a9dd80caa8f93f554d0a5f2c0bf1a,44100,2,29.0,0.049099548660281225,0.3733813762664795,7.604578584823613,0.01008289161223834,0.04215027902294866,57.625509757338186,222.54828600475017,43.06640625,0.440933155214926,0.05220530529923633,0.0016084825152680503
isd_audio_6f994456131474ae4657,ISD_CarloV_CarloV2_2CV61,train,01abc8ad1850b71c2a087c6d41b3f893bd72095314b68c93699a1109d4e27f15,44100,2,30.67356009070295,0.04592500976617421,0.5955256521701813,12.967349494366621,0.028939833799437126,0.06912681695950126,563.7243835369055,618.0307128390231,796.728515625,0.17913041522074433,0.6766712232966573,0.03560311691285107
isd_audio_497788a91e5ff2c1631d,ISD_CarloV_CarloV2_2CV62,train,94a5bce7f765a4de88c715d8e2a601958c238e1281f28d9d805cbb8635273421,44100,2,30.766439909297052,0.08050117000806464,0.6779071241617203,8.421084117085593,0.02272702146743917,-0.03608625569473917,159.5942000409325,412.46171539831965,409.130859375,0.40283730812317686,0.18575934005140643,0.006037063373598347
isd_audio_2b80389beab6f83e6fc5,ISD_EustonTap_EustonTap1_ET101,dev,4f242fbf3fbb47017cb559bb8c156de44c478526a728453546c324096bae1134,48000,2,34.346666666666664,0.13779232443615766,0.9416433870792389,6.833786939384449,0.01658519542483224,0.8190021912975262,118.37895581953957,415.42470249638654,117.1875,0.9405836371582393,0.044314635163109295,0.005265000822774434
isd_audio_e532532bd0f9b2c18a12,ISD_EustonTap_EustonTap1_ET103,dev,f3190ff62f010d19579006441393354c0b9bfb7def07f738ac1af73026977549,48000,2,34.346666666666664,0.174529350982333,0.9812422692775726,5.622219206996881,0.010422536407303236,0.9037718400266587,76.95309356907529,218.35989496314875,70.3125,0.9656795205357827,0.02203118742167818,0.002975196878203398
isd_audio_594dc796aa823ad3e50f,ISD_EustonTap_EustonTap1_ET104,dev,8de09150519c5c7168a07a24905eb3ce534833c8dc8ac326b4dcd56164f7bad3,48000,2,42.922666666666665,0.14159546641851936,0.9351255297660828,6.6042052999217855,0.0210426993909101,0.6583577947444417,235.1924425759535,504.7651647243653,269.53125,0.827202126151896,0.14482566756139134,0.016719698188354396
isd_audio_ecec48a35118a4e5aae2,ISD_EustonTap_EustonTap1_ET105,dev,b0c97e89cf1fddd93b87e91161cb353a5578d7308d98952524f59b8803d1f332,48000,2,36.778666666666666,0.09949085849756224,0.6002223342657089,6.032939541680764,0.020122636833533953,0.6349034693251142,190.67928785255864,534.764030083389,222.65625,0.8471092634044267,0.12032543194274656,0.012441996549419973
isd_audio_85773a11410d28aac9b1,ISD_EustonTap_EustonTap1_ET106,dev,b4ae7baa3648cd3278f78d3bd75907158c4d125fd76059d8ed87894e08998453,48000,2,48.34133333333333,0.10742519486239797,0.5461952984333038,5.084424553596863,0.010334069849675678,0.8633910480813909,88.64967051090413,238.83390600787052,82.03125,0.9434766479099319,0.03116273767331124,0.0036053530349599455
isd_audio_1c6df4609204924803ee,ISD_EustonTap_EustonTap1_ET107,dev,c38df113206d7b115917c69dd25b78f2fbf9a20c9c80cdf23faefc3e20c4a60b,48000,2,41.64266666666666,0.20462436147893023,1.54521843791008,7.551488135342028,0.018199492007142118,0.7372362201055319,205.94185207970767,621.0185788131662,222.65625,0.8382705778734063,0.11804266636561431,0.015568913262858166
isd_audio_0eb5bc453e897fda4fde,ISD_EustonTap_EustonTap1_ET108,dev,7bdf454856ce8c735b0783e39432baa0b2899a06b00ed3d1767d2f4e7dfb4087,48000,2,37.12,0.17073554449493322,0.8297465145587921,4.859834646694882,0.018777511436731904,0.7217764478572201,177.4028771208501,436.96647127476876,164.0625,0.8791496363411302,0.09924087368103555,0.00967970309526792
isd_audio_1e401db21193bf835328,ISD_EustonTap_EustonTap1_ET109,dev,27418078c8c775652bc85f3a870e2fc962b2dc6ec53ba0983b6409f48fd74275,48000,2,35.669333333333334,0.1378808875397513,0.8358942568302155,6.062437454133922,0.017157021646174612,0.7545185271734631,157.877835977301,465.5754489875229,164.0625,0.8711850606952746,0.09242583939831106,0.007999662533601612
isd_audio_86956c76fc65c2680436,ISD_EustonTap_EustonTap1_ET110,dev,4905270be5807221496f9dd8aad0ba88378197876bfc258164df6ddec092fabd,48000,2,38.95466666666667,0.12265451990392731,0.9215980768203735,7.5137718328051974,0.019729140137863317,0.6836970825377486,196.4382704144704,493.12970368070125,234.375,0.831838153031571,0.13137041179525213,0.010606739249648282
isd_audio_147b595c9fa41baa3317,ISD_EustonTap_EustonTap1_ET111,dev,24d482b4daa2482ba03ed550cacc55a75f33a8b44bed454a2ffd3ed6468b339b,48000,2,34.51733333333333,0.1356069490394524,0.7232825756072998,5.333668965569558,0.016721681330202055,0.7305281327579457,158.0684537005067,361.371260776179,199.21875,0.8565030217273871,0.11739369605358674,0.007140764634998826
isd_audio_69b1f4610f68edb50735,ISD_EustonTap_EustonTap1_ET112,dev,a94dcd199d259df52c0114673fb8d759b48fb00356b15431185322166a1d9170,48000,2,33.87733333333333,0.3644930964692006,4.0629189014434814,11.146765030121209,0.014815716762262846,0.7779349312869405,128.55926376016023,279.18655134202925,175.78125,0.9023427662900103,0.09033633570582085,0.0031859017166217534
isd_audio_d1a8e74cbd41d7cac5e6,ISD_EustonTap_EustonTap1_ET113,dev,a019c08812ad1ac47ef1c102f63752fb9c05a605e7bc6f99ce37b5278f4ba499,48000,2,46.42133333333334,0.15291819451879124,1.0597844123840332,6.930401027287845,0.016480845947645276,0.7616243350329561,153.34857702267692,421.59616952422033,152.34375,0.8984611486033701,0.07615802901601891,0.009401612143390511
isd_audio_9d87eeb555c62ccc947e,ISD_EustonTap_EustonTap1_ET115,dev,9d69d47177167841225e48233eae00725cddfd05c3dc92ab63a12cf0d686d6a0,48000,2,34.346666666666664,0.13059172942755995,0.8431573808193207,6.456437819724452,0.018982930768955485,0.6169127897678189,259.62348402969275,507.71898412253216,597.65625,0.7809118238592221,0.1892457113678203,0.006329234602969269
isd_audio_3968d6f124082e4f267d,ISD_EustonTap_EustonTap1_ET116,dev,c2cbb0691b2283fa00654fb5f2eab26a52b15dccba29ea4330ffabc8f761ddd0,48000,2,33.87733333333333,0.18125790192890423,1.4096074998378754,7.77680578246334,0.019742194721024578,0.6946022551180675,227.158506796403,516.9848977243255,292.96875,0.7932518914249538,0.17883135578577897,0.014413212980490843
isd_audio_a20853eab2959a5744e5,ISD_EustonTap_EustonTap1_ET117,dev,0971bf25b39baabcfc6bdf3feb96f179935992ca8c7fdc51f707a486642cdc9b,48000,2,40.773,0.16214443928448516,0.8192422091960907,5.05254582156047,0.019589669015887257,0.726120249904753,180.50685030674953,590.6107202159669,199.21875,0.8540725141356075,0.11163740234671612,0.012408417616616327
isd_audio_39dd3b9393056b42aeb8,ISD_EustonTap_EustonTap1_ET118,dev,0a39410a47b455276e2af2a8f387dbbb59f2a0a0d0a501f2e0ea2693a6d64466,48000,2,33.962666666666664,0.10226640380791317,0.5314528048038483,5.196748736780412,0.014461353680851573,0.7832950898637879,127.32616688093195,363.46777577028666,128.90625,0.9083510672353534,0.06409733221018608,0.006420149896343606
isd_audio_b18f078b77870f3e10b3,ISD_EustonTap_EustonTap1_ET119,dev,5454e69b81733d39828ae71605cd7e284610eb12b0ee32b929dc1b3283783dac,48000,2,38.74133333333333,0.11834376998478786,0.5984242856502533,5.0566606567221575,0.016904865230538243,0.7924262947787538,159.22781215261588,392.17431602330134,187.5,0.8653721637917232,0.10892969263025012,0.00566589431185709
isd_audio_43d530e7763eb60746fc,ISD_EustonTap_EustonTap1_ET120,dev,2aab5dd8fbd47df38f8b034913ca90bb196f0b407c494c4688a39b99a2a657fa,48000,2,33.152,0.16639655127830194,1.047933280467987,6.297806489482437,0.017676169409191884,0.6769004453263001,175.8865647914947,408.3756793715636,199.21875,0.8574776589058517,0.11977560008430158,0.009383965972192425
isd_audio_1d3aa1625bfff4a68033,ISD_EustonTap_EustonTap1_ET121,dev,d5385977983e6f3935e51d5c72398be440278e00eac1f216330e3b2dd9c202da,48000,2,33.62133333333333,0.1772736699467961,1.2888607382774353,7.2704578105945,0.015480632014787247,0.7206870479562637,150.06372726429404,359.9640319180155,164.0625,0.8888565670805402,0.09329047553380737,0.0061993624740975485
isd_audio_d3d755d954b38104885c,ISD_EustonTap_EustonTap1_ET122,dev,56f04b2fe3534f79eb26b8a2d76357604e45f0c20c46ec99b0ddc3c13f0a4f79,48000,2,36.053333333333335,0.16671071757358694,0.980409175157547,5.880900696890046,0.019263139829384608,0.7086999136678547,154.92536895217341,469.85653945530584,175.78125,0.8724442427794594,0.10302197087418061,0.007090517184240703
isd_audio_f64bdbe357c78f7d5840,ISD_EustonTap_EustonTap1_ET123,dev,84a86d319e60f6a8fc354a4baf228c3fee60f6b05a2f899f2fac4beca2b84948,48000,2,31.445333333333334,0.12306459453639645,0.838628500699997,6.8145391764320316,0.016353788819875776,0.6846038762879798,165.7912269478717,383.4182481294155,234.375,0.8325501701364292,0.1327239753250176,0.007605307938393457
isd_audio_62f4fdaa2ec16bcbedab,ISD_EustonTap_EustonTap1_ET124,dev,b9b43736ea6e67df589a7b463666cbd72de15d239738d6aa42b96e30cf5354bc,48000,2,34.26133333333333,0.13578286568248182,0.6875230669975281,5.063400772563233,0.021387096597656613,0.6855275215997726,187.63952705766164,548.4447764735756,210.9375,0.8481138294030991,0.11248909919604143,0.01128662317781248
isd_audio_822fb7632c10e975b276,ISD_EustonTap_EustonTap1_ET125,dev,4bfd1c37b96ad52acfd50e93c3370afa46f3569f73b57a22c00317282343e8da,48000,2,23.5,0.22594750645198095,1.2535794973373413,5.548100605411,0.017280157163259896,0.6504796090959557,160.02894831185813,426.521848596399,164.0625,0.8803926661262728,0.08987236084027338,0.009585662552319817
isd_audio_ddb35d45a068e7c227f4,ISD_EustonTap_EustonTap2_ET201,dev,9f2508bc59b058f362f91f66a3726c3358dcba48703b8b29371ce8f2163ee149,48000,2,36.010666666666665,0.12582476205618864,0.6503930985927582,5.1690389710597415,0.017059769940717763,0.7242387231898887,184.26489865629554,402.1894358965659,292.96875,0.8246393078017416,0.14900492555463135,0.008875877721029601
isd_audio_9fefa3b6855bf31adb32,ISD_EustonTap_EustonTap2_ET202,dev,616a553689256fac415e091287caaa93787e9c05c8491fa6ddfa4e22668afb4b,48000,2,52.565333333333335,0.1639427740158456,1.2749953269958496,7.777075474351905,0.028488764968977086,0.5575058652525765,548.4365708758818,1128.8093845184035,1371.09375,0.720044418443615,0.16482271504252205,0.09055040694605986
isd_audio_05f5dbf335e2e9b28d4f,ISD_EustonTap_EustonTap2_ET205,dev,b70b537758b40ea1c2706f22c30d112a80c287571575ec7dbad0067b0e660097,48000,2,51.584,0.12712829651885718,0.6674946546554565,5.250559261261286,0.01626797079681151,0.7062199843061667,151.1805760346871,392.2757551268679,152.34375,0.8860902006388337,0.09579126692357587,0.006415536898812042
isd_audio_16d6c5566a7cc6e949cf,ISD_EustonTap_EustonTap2_ET206,dev,442cef488a9e26dbc4030a0c3002139e259515aeffd4c7e554b26795a4a9dec2,48000,2,29.056,0.12148163023914836,0.5848427712917328,4.814248624589686,0.016991626078109282,0.7299683460717113,150.0775242188388,405.60975113067,175.78125,0.8743528717669725,0.087506532887035,0.009439803416444638
isd_audio_327e402654c7899c5d4c,ISD_EustonTap_EustonTap2_ET207,dev,fbf32c04d5ac536308d30a6cc18497a3f7d582898cdc4d0be868f90bac151ded,48000,2,35.072,0.09986170953885529,0.4617267996072769,4.6236620796845385,0.01525077890409901,0.7459354770210563,144.91000594523356,391.22435613284705,164.0625,0.8427043200251939,0.11148520014727521,0.007349967798365081
isd_audio_325772eab5dbc78b852e,ISD_EustonTap_EustonTap2_ET210,dev,6cc7ac0ee30df8131bf0d6789d74ef0dfcea91abbe97520b02b09c45d723e693,48000,2,40.10666666666667,0.1186558859043933,0.720909982919693,6.07563609192185,0.017418663469634863,0.6994724000679854,162.65643920504033,396.66077556313826,187.5,0.8648110775648673,0.10207299286937006,0.008704896566394976
isd_audio_a77f27f8d6e6dd4655c0,ISD_EustonTap_EustonTap2_ET211,dev,7d254e095f31731bbceac8922a56a3d5d0930bb46a750d666c32431983404fd6,48000,2,37.67466666666667,0.1690725848696167,0.9576567113399506,5.664175017365851,0.01824668778682392,0.7144543848957772,165.939334759993,424.263879996828,164.0625,0.869304044799007,0.10184816730866227,0.00992353122596447
isd_audio_5ecf569a50fa2f51c3fb,ISD_EustonTap_EustonTap2_ET212,dev,893f97150a381d352969482fd379d6b4e4b4ad870ff01e001fbdbe85d5e64318,48000,2,33.92,0.15740868747004907,0.7948877215385437,5.049833870762634,0.01272111630375166,0.8079806617414341,126.51407774040571,289.62414266244224,140.625,0.9145569336195788,0.06425170591924491,0.004304911019923446
isd_audio_bf9887059dd3063f8254,ISD_EustonTap_EustonTap2_ET213,dev,2dea7b3200a010f2c5d9c26379ae2d38c937b0ea9ad29a1c9260597036eb0f30,48000,2,34.56,0.14663742613428654,0.8265205323696136,5.636490997957839,0.013110660873999851,0.8157840719343294,128.83041687950922,341.81726480323573,128.90625,0.9053165360050801,0.07609351651220976,0.005567764438179978
isd_audio_701e60bbc37f5e6a864b,ISD_EustonTap_EustonTap2_ET214,dev,82a0c2f5328e6dbdb54989c979419b66cc32c2620048d3e0c6120f99a406c2ac,48000,2,33.152,0.11366787884043605,0.5171091258525848,4.549298633244391,0.013161607370097939,0.7960382259609016,119.57137449617635,308.1682846621649,128.90625,0.9058710847044604,0.06852115099479787,0.004656796451080266
isd_audio_bcdcf3326ff7d29ac164,ISD_EustonTap_EustonTap2_ET215,dev,c3f3ac97a61b30f6c205efc77ce07c05e0b14e4930cd6d646721a8d710538dd9,48000,2,37.12,0.12179566647888505,0.6489651501178741,5.328310677050084,0.014647884478203843,0.7867346704922211,122.77821537410479,363.07863639782215,117.1875,0.9151287393949098,0.056572670198869544,0.0057015746004194885
isd_audio_5e5b0812b206a347d77d,ISD_EustonTap_EustonTap2_ET216,dev,a5411a0942525db0e6322ddd4d379c18e21938091f7699984cfc727f69e32926,48000,2,35.882666666666665,0.1499720135315095,0.9930224344134331,6.621384957299361,0.015211043871602277,0.695670612729212,155.90522647420275,356.5462813744526,187.5,0.8695670907502298,0.11011855001228314,0.00596795881225677
isd_audio_c254e60f1665472f06fa,ISD_EustonTap_EustonTap2_ET218,dev,5d599755bb52df8fa4380f867417e75e523ec0ad5b31d193e938f56eb5e03ec6,48000,2,35.285333333333334,0.1475902111746204,0.7544067203998566,5.11149563643679,0.014899967231408252,0.7905029385335528,136.92460263355449,352.47851780714564,140.625,0.8867483654365484,0.08532128460488529,0.00564041696917574
isd_audio_d5e122fc4f12b0e355f2,ISD_EustonTap_EustonTap2_ET219,dev,4ab141399889f210d19a13087f58b8c53e3b8783f8b60c8e4d6b928ca5cde61d,48000,2,35.328,0.18254423057193625,2.055873990058899,11.262333428000229,0.020057284623908222,0.4916748140529642,244.25122260836199,543.4079385805139,539.0625,0.7452792028402333,0.22640101721147646,0.00997048239070466
isd_audio_cc8dce6290545671bf1b,ISD_EustonTap_EustonTap2_ET220,dev,0441d4ea84b54d6e8991a44ba50c1b31e7326b302b24327608ac4b2f46044bc6,48000,2,45.781333333333336,0.14469903468900566,1.336317539215088,9.235151720860943,0.01431715906644951,0.5848680102802412,123.008989918841,326.86763074653527,140.625,0.8871953649850702,0.06577086155307502,0.005128350408702749
isd_audio_02c49cffea40d8e28448,ISD_EustonTap_EustonTap2_ET221,dev,88a3a6a5ca43acdc796a09c030a670ecdf095b12590e91214065f009a517ea15,48000,2,34.26133333333333,0.13459350762814332,0.7981694340705872,5.930222401780181,0.021969629252625196,0.5921327677929301,246.42134552053218,623.3880053875156,375.0,0.7821329753966857,0.16836969563534113,0.016753272870763378
isd_audio_3a0ecf97658e837b6887,ISD_EustonTap_EustonTap2_ET222,dev,b62a833610bbeebbeaf6cb1ed0152e1ab34761964d0547088235eb74e7aa7c14,48000,2,36.949333333333335,0.18754333252278815,1.0283628404140472,5.4833345796982265,0.01583870245668757,0.7774724964500495,137.10471603516515,360.6926611166169,128.90625,0.8711261145970927,0.08918793721701775,0.006323141261825887
isd_audio_9dbf78e6ffe20988aa93,ISD_EustonTap_EustonTap3_ET302,dev,9d62a17042e1450b4db1d136160dca377e260c213653ff9bd6a4869d568c2590,48000,2,33.10933333333333,0.14260907225289643,0.7371885478496552,5.169296288123651,0.01766496963656373,0.7317500549936402,154.6981412713653,458.7661311072027,140.625,0.8825075666985963,0.08137110383050533,0.010331296635461385
isd_audio_fc3f724bde7b1b573621,ISD_EustonTap_EustonTap3_ET303,dev,49a40b662cf8055da92a6456cde3f83190729ff184a1abcad50c870f00b0b087,48000,2,33.792,0.14401889585931374,0.7834861278533936,5.44016202303585,0.019864797797800884,0.5570589554783658,236.39517673642035,420.4105474460955,445.3125,0.7325500261527887,0.24612719851664974,0.009725594839490587
isd_audio_55345cdd408740129139,ISD_EustonTap_EustonTap3_ET304,dev,2cabafd78de6922f33c922eae53478b165ff22105f14070e19fc125aa3169d7e,48000,2,41.501,0.13534144694739994,0.9818658530712128,7.254731460443245,0.018080396697467478,0.6249033172981026,211.90819598671328,464.59538030898347,328.125,0.8000980331694073,0.17307281766392194,0.012143453087672649
isd_audio_a59e59f062716e6747e3,ISD_EustonTap_EustonTap3_ET305,dev,f12dcc50aba445cf8a12352c73890c2c6aee4edf99e29ddb2671b67008b2619a,48000,2,33.92,0.15319622427864965,0.8073793053627014,5.27022979296248,0.014318626129266245,0.7527845888403473,122.30403262902584,349.42474035962476,117.1875,0.8903009359163185,0.07787376654831481,0.005450773913066347
isd_audio_e20a764234ceda13bb67,ISD_EustonTap_EustonTap3_ET306,dev,de32e4c504291dd1beaae99c3cc04144f59c39d5bc5f56936a8c0e055be96dd8,48000,2,34.048,0.11439615142201093,0.6155985295772552,5.381287061889812,0.01875661979449343,0.581759672317796,218.01254134947115,405.01853487174816,363.28125,0.7693690743087949,0.2045204308570163,0.009246664776280644
isd_audio_dbe556ee2c77d47f2b1a,ISD_EustonTap_EustonTap3_ET307,dev,350227f95908155fd02f27e22484db133c145b734e908481475a3f5f661878cf,48000,2,32.85333333333333,0.15035935299758,0.9241649806499481,6.146375082265899,0.013002240387987259,0.6792619965151789,119.57583386905814,304.11201234107705,164.0625,0.8967452620895677,0.06906890633324224,0.0037506157456407944
isd_audio_1eea7bbe65da85a2fa5e,ISD_EustonTap_EustonTap3_ET308,dev,058a6116dab7a7f1d78f577b8a22e94bc0a4bf4a28e1468099d079314e1f6daf,48000,2,33.536,0.14267478066800182,1.3266666531562805,9.2985364823751,0.016220762899547565,0.6462036157118444,184.867624127236,384.8777431675961,246.09375,0.8350029081032505,0.14111825482227638,0.008215343981916668
isd_audio_95335ba8a489661c404c,ISD_EustonTap_EustonTap3_ET310,dev,c2dc01f506afab716db51317f8789afe4d53304e322e478293373f4d3d3fe96c,48000,2,38.04266666666667,0.10542978005510106,0.9019735455513,8.55520655624909,0.017790889281601184,0.5716665685172694,204.45171496236574,464.10151975727877,234.375,0.8388699102787102,0.12845456959780843,0.01581806298674392
isd_audio_6ad6b5600a095f5ec296,ISD_EustonTap_EustonTap3_ET311,dev,5916f49ce5ada3d42b97cc054b55e3c534c2f5a9514da2bf3c2d955df6bc1078,48000,2,34.90133333333333,0.15225789312893084,2.4593473076820374,16.152511092475713,0.024948321547124244,0.42184569997144444,262.1554435390108,599.71754794789,363.28125,0.7489895121257376,0.2001327073861746,0.019911068467890043
isd_audio_ee2687c867abdbc47ccb,ISD_EustonTap_EustonTap3_ET312,dev,202b059b9c72fb2db49c59869d606b0a1c17400364f6d2105a71661400b53a81,48000,2,43.136,0.11448631063795714,0.6132225692272186,5.356296013122716,0.01576361960022738,0.7270857482124561,163.0019486418971,397.4392641582013,222.65625,0.834908545414245,0.1292871735219586,0.008519316471710557
isd_audio_afa1b25a2ccc08960b7a,ISD_EustonTap_EustonTap3_ET313,dev,d99cde47dea6eb8a47bbec99b85ffd12e076ce6dd17bfdf5a452ec660f67f668,48000,2,40.53333333333333,0.13371851040640914,1.0414441525936127,7.7883319925443635,0.018609692953172777,0.5521037063987368,225.99594291395633,478.1181339643585,386.71875,0.7867312275182048,0.1769794490371875,0.012537491121724254
isd_audio_b492316f26f340acb758,ISD_EustonTap_EustonTap3_ET314,dev,acd89abdc4febde3ab0a033257c24fbcc912becd71590c37239000d0dd2cb20c,48000,2,36.693333333333335,0.10314536697970615,0.5958725810050964,5.777017411963199,0.0185058698820573,0.6391933958212762,176.4412868311008,441.9800414035558,257.8125,0.8208475965213033,0.14391563977538543,0.010567845409795556
isd_audio_4cc0f74b3d05b82788af,ISD_MarchmontGarden_MarchmontGarden1_MC101,dev,9b5f8d632b9253723beabc669e0576a32b06dcc4e5ebeb83437032594ce2ae96,48000,2,31.786666666666665,0.09390555074643012,0.37902770936489105,4.036265229819762,0.004781882328729505,0.907177348174433,32.930039791173954,127.32958031912416,35.15625,0.6311077314460373,0.01308572889290301,0.0005850614096578676
isd_audio_840a2a389cb56fb9db8a,ISD_MarchmontGarden_MarchmontGarden1_MC102,dev,f00aaa130f6fd689cfb7e03b7fa9c01e86f5bbfb238af9e83a52d1163f9b90fc,48000,2,32.17066666666667,0.06253019324985758,0.32314056158065796,5.167752485418617,0.005420313937848362,0.9003303456936416,43.060527588751334,142.41182167583952,46.875,0.7696762736898088,0.018192337858935044,0.0006991182399333929
isd_audio_a441b30b28f74629f794,ISD_MarchmontGarden_MarchmontGarden1_MC103,dev,615fbfbba361de49fbfa0bc802524c1614d43e7fc51904837fd3df633741e9be,48000,2,60.629333333333335,0.0929958654226086,0.4689333438873291,5.0425181996674535,0.006086165004757393,0.881069237793783,34.71005089841171,114.53975630843489,35.15625,0.5988862519761001,0.016771054044860845,0.00042932746849317933
isd_audio_1ba9738c70ca1d4ee0ea,ISD_MarchmontGarden_MarchmontGarden1_MC104,dev,c8f953686f47b015b664276ff912e3ff9d16a442fa12795c3a8e9e460f4d9993,48000,2,40.576,0.045055076191335273,0.29789242148399353,6.611739379130879,0.008716158523592827,0.6166782189043913,69.40157056495985,242.22628718990626,93.75,0.8030737324576297,0.03448354367874121,0.0020066167506295213
isd_audio_52c6e4c4d948ee82bccb,ISD_MarchmontGarden_MarchmontGarden1_MC105,dev,690b6aad056281e94c95e65114d036891c96d805d210380ff55d01924a44ad8f,48000,2,37.54666666666667,0.05745545820798739,0.36228861659765244,6.30555612812583,0.007530077864256628,0.2248632773935164,54.54411747373855,193.85601975807035,46.875,0.592481529588959,0.03534231067135328,0.0014589850563663557
isd_audio_6b562eeb572b00c88b17,ISD_MarchmontGarden_MarchmontGarden1_MC106,dev,2d8435e26a86c57688a5a41fd12b794c8ac239c9cac75d30124003f42cae5102,48000,2,60.672,0.10229158395233373,0.795324057340622,7.7750683547067805,0.005476855563815669,0.17361457502410235,35.92983726557327,123.65812834006095,46.875,0.6094118054036879,0.01042528079626618,0.0006535116270431647
isd_audio_3f8d7333dbc542cf9651,ISD_MarchmontGarden_MarchmontGarden1_MC108,dev,c2e08f5a6e9a9195ef26cb19be22fcd8b2a4612a5cea6f56dc9f9ae3dfd91326,48000,2,37.205333333333336,0.053478091341731905,0.31553731858730316,5.900310027352678,0.011060808408297425,0.606104805487198,76.8440937880413,274.89578888194103,70.3125,0.8147144255582875,0.03431343127190466,0.003936646010652688
isd_audio_d5ebf474001a26c860f6,ISD_MarchmontGarden_MarchmontGarden1_MC110,dev,39d22d420ec684ab66580f18f6c251a4544c8f2233f9174cbfd871bb1855f076,48000,2,30.72,0.07345965033567105,0.34550783038139343,4.703368839936056,0.007106531512133458,0.9197412627166038,47.31484832791014,270.2917667901548,46.875,0.6790959707468376,0.01857448523334153,0.0014860731627752426
isd_audio_547c51ad16e1da66b456,ISD_MarchmontGarden_MarchmontGarden1_MC111,dev,64e7f145045b5b69568fa90639d6d31ca2c62ecaf3613eb84623c72b83c3ce6a,48000,2,32.91466666666667,0.06640801125018576,0.34122151136398315,5.138258245356333,0.006553566896195526,0.8250475423124232,50.44814584789532,202.43132149546355,35.15625,0.6914061052812347,0.020208907972505463,0.003844819276385558
isd_audio_f2e6e6a7d6b37e3354ee,ISD_MarchmontGarden_MarchmontGarden1_MC112,dev,37cedbeeb23e39810a28642f791a6a16dbfcda03bd1ed62a85d79658e47dd83f,48000,2,47.01866666666667,0.1001337585315219,0.46177203953266144,4.611552051022798,0.007877637196236423,0.8481306769429262,58.40715652772771,224.42056773742186,46.875,0.6127823969118393,0.04641230050864717,0.0022764339160369516
isd_audio_34841351a1cd0f45b134,ISD_MarchmontGarden_MarchmontGarden1_MC114,dev,6969b3278aef224cc09fe203376155ec80ea81b32753305640d7b2de374c4532,48000,2,42.410666666666664,0.053103901971574635,0.2645082548260689,4.980957048460477,0.01033496404941566,0.8038055620420236,72.07068129438015,272.7294017953607,70.3125,0.7150882455778794,0.044519151976063286,0.002918922523394606
isd_audio_e16df77704ae2999cf3f,ISD_MarchmontGarden_MarchmontGarden1_MC115,dev,d8a4a1069cfc9d822f025200e86790b9d37b6139712318bc0f9f97be6cf8b08b,48000,2,36.949333333333335,0.06410618783008358,0.5482790097594261,8.552669068587655,0.009434095244216881,0.43012338403537215,67.04876183576023,256.02933960507295,70.3125,0.7155526962146282,0.036366511011602334,0.002868599991885298
isd_audio_f72bbdb7514cd48b06dd,ISD_MarchmontGarden_MarchmontGarden1_MC116,dev,2be2f541db02014cfbd33f2f6cb1ccdb4ccdaefeb8bf1cbbad8a1c7a734705ff,48000,2,32.08533333333333,0.09720575177983617,0.6508602797985077,6.695697197761075,0.007659267772442609,0.12686858328620423,58.59629665627308,222.51981849574216,70.3125,0.583890633792315,0.037188644647675274,0.0016051025522897293
isd_audio_eb2f82774f1b1c06893f,ISD_MarchmontGarden_MarchmontGarden1_MC118,dev,c2c85438925d7f6186d91ac8a2dc7d32dc4e99dafacb1fbad3c80192a2f7c2f1,48000,2,35.536,0.06562190841331018,0.27130672335624695,4.134392460022047,0.008755797381409804,0.8769183482064494,55.75295904721293,237.28179333791152,46.875,0.7186564723778366,0.023588299647267608,0.0023612402191542856
isd_audio_f4d06138bc3c8fd955ff,ISD_MarchmontGarden_MarchmontGarden1_MC119,dev,6286c9fb49bc0aa5f16313c2f57fa5313888ae4b2b4a8b1335dcba7592387807,48000,2,30.0,0.061747946298413445,0.4834590442478657,7.829556661065628,0.009263200877222832,0.32099978651188205,70.07409237237074,249.87597349850665,82.03125,0.6814545077052467,0.03116385082098953,0.0025194655179398583
isd_audio_17e88dc444cb5a0b001b,ISD_MarchmontGarden_MarchmontGarden1_MC120,dev,7cacd1ec7dc2c5287972bfd4de9f70b4f6693cd6c8294adf3f5086732cf2d7d9,48000,2,31.530666666666665,0.04228200751342374,0.46490514278411865,10.995342230061334,0.01685529488176516,0.627238236587077,135.0400925609679,521.4861863771569,128.90625,0.7726426448739424,0.06259036639403624,0.013865630828152857
isd_audio_043bf4738e665a19a05e,ISD_MarchmontGarden_MarchmontGarden1_MC121,dev,613d93759e2b11dba972576b70923a8638845f0daad56bddc99afcbab61d87f2,48000,2,40.0,0.055689722776369854,0.4606279134750366,8.271327105088217,0.013906778076446915,0.33168489939843904,72.93125120420248,372.32131395887745,58.59375,0.6515957028661745,0.022714616357588556,0.006195163400719875
isd_audio_df7abb4c9dfe1e83f32a,ISD_MarchmontGarden_MarchmontGarden1_MC122,dev,0367316d8c9149563cff361d2655ad85e4fb330eef5a66c27e1c091d81223aa0,48000,2,42.666666666666664,0.09408106644742988,0.3656301349401474,3.8863306799828026,0.00472363511896246,0.8691896781555837,35.880328594096724,129.6740034249512,35.15625,0.5947099140035353,0.024470641845921612,0.0005009616835014389
isd_audio_17926cdde771c526efe0,ISD_MarchmontGarden_MarchmontGarden1_MC127,dev,e439c258e0ef5c9106fe8bb9f32bb20c6468497660aa52eb46562a66ac7e4888,48000,2,48.55466666666667,0.052592553541880416,0.8978994488716125,17.072748676418588,0.010634924653193588,0.8443224668728033,99.68993702917805,233.39812634843128,105.46875,0.8657465209529674,0.0594583945169677,0.0019450936940271664
isd_audio_37f59d2db5d89bd0e9d4,ISD_MarchmontGarden_MarchmontGarden1_MC129,dev,7c6afe936e5ec8065fb2041282ff4882188191a3d259a4b3230490b5d4d417e7,48000,2,34.858666666666664,0.05894722880718057,0.31595680117607117,5.359994143398703,0.0071706266080569445,0.9167475295815177,44.528277821659664,170.6402739709974,46.875,0.7115418549287987,0.019933901780057963,0.0008736747741559763
isd_audio_f1c7f802df41f4688241,ISD_MarchmontGarden_MarchmontGarden2_MC203,dev,46199c8c17c7452d02f3fb5017039bc6d75ab9ee1808ca5eaa94c48dc37056ae,48000,2,39.21066666666667,0.09703741855523543,0.7390318438410759,7.61594707324583,0.00482915194693618,0.006710103547723684,28.025523134664628,89.96439364668346,35.15625,0.517922211104179,0.005037770909108653,0.00028910812549719033
isd_audio_35b041670b17c7e40c5b,ISD_MarchmontGarden_MarchmontGarden2_MC204,dev,fe53cd8013560e4f49b8cc7f87e36a740ba1d01b33a8a15aecf8b965353374ad,48000,2,30.994666666666667,0.08831524937390983,0.5989302285015583,6.781730592933079,0.006509860910116868,0.07347105189703479,41.200773123963565,140.05604820155196,58.59375,0.510976771663988,0.011306946117356251,0.0008452778385520938
isd_audio_a6d8ba5a97f0bb7864bd,ISD_MarchmontGarden_MarchmontGarden2_MC206,dev,ece70356c043fa5e07a76664abab0ade5d863e05c82953af38f4cdf88cfe2488,48000,2,36.864,0.06562945476131452,0.3687840551137924,5.6191851121574965,0.005894982172638037,0.21123941805961152,38.84858853091849,144.16202853676884,46.875,0.6289404636302087,0.010034565521319093,0.0009595778834192823
isd_audio_03b544d78951d80ae9c0,ISD_MarchmontGarden_MarchmontGarden2_MC207,dev,7e2a41fa60125a796f9c79ec28282583603fef272624b182f9e118ba36fc2fe6,48000,2,31.096,0.04708556706508877,0.4982059597969055,10.580863539526032,0.008692844131107519,0.6799525069393585,78.1941031286374,250.67284536851588,93.75,0.7955772259136212,0.054498451111165115,0.002116372784119829
isd_audio_1c9d28f40617cea94068,ISD_MarchmontGarden_MarchmontGarden3_MC301,dev,40406be687e8f7f76f9813fb9cb6cc41a1b4258456ad868398d5dfd2e3463bfc,48000,2,34.0,0.03951025166122003,0.3801221400499344,9.62084836384453,0.00959314313305339,0.48007444347405986,101.32460475813247,228.724111783677,187.5,0.7174017358683413,0.09703360107764648,0.0013444333297714373
isd_audio_65e3f47f688e6bae0e93,ISD_MarchmontGarden_MarchmontGarden3_MC302,dev,95bfc8b5096100e7e025b3dc1e69d3e7e6c52c79adb0dff0ee883954a5ff2710,48000,2,23.229333333333333,0.03846205561278456,0.3536475896835327,9.194713700273013,0.007339864234036199,0.881843552566842,64.5111428883429,202.77292224319018,93.75,0.8589183668668002,0.033419386636636864,0.0014094681593963946
isd_audio_d89d1b53c6f55c047824,ISD_MarchmontGarden_MarchmontGarden3_MC303,dev,aa4683a835428eb6d4541627c1b3e011e1ef409efb373cb1d0067b5c21fdc718,48000,2,33.45066666666666,0.04946957334580867,0.35952048003673553,7.267507191209606,0.006880783941017581,0.8931124029989934,51.17200676096967,154.8158980732181,58.59375,0.8021159377175965,0.017694156225195472,0.0011675835546467934
isd_audio_69045f3f82c66f7713c5,ISD_MarchmontGarden_MarchmontGarden3_MC307,dev,998f03c0cee9c6137a1fd905c758e6ae7436614e647b85cedc69a9ee30e92bc1,48000,2,34.832,0.037578151951823645,0.22869744896888733,6.085915274973728,0.0077736275632724955,0.8271496510745319,68.61016240758413,196.6143719844604,82.03125,0.8432597951537725,0.02779511287374487,0.0017195767996407948
isd_audio_b9a03ec8aaa96f1473d3,ISD_MarchmontGarden_MarchmontGarden3_MC308,dev,2de41b7364e5ac7cddec88d9dced449a761f111a8049c731c0b976c6c81557c0,48000,2,40.74666666666667,0.05361916464394407,0.429859034717083,8.01689167616737,0.009824939578359978,0.257463106059907,54.581678688196305,296.6301287714792,46.875,0.5967373005283915,0.012134488919019736,0.004558257308880201
isd_audio_5c6d67fc01ef210735da,ISD_MarchmontGarden_MarchmontGarden3_MC309,dev,51983420e91f59bef1a2aa866b1ca52029dadea6a0c4fb49cfedee9e1fcb9f13,48000,2,22.0,0.03828696842238808,0.45967137813568115,12.005948683753479,0.011803041480152918,0.7423685418215529,111.62731540207947,297.32187780155016,199.21875,0.7856681107428835,0.0965682223622014,0.006333599538325159
isd_audio_a8b49fe52af607e459cf,ISD_MarchmontGarden_MarchmontGarden3_MC310,dev,283b0184a97b252637f44ecfe76ae9827e143d5b007a25570f0e9c32c604db75,48000,2,39.50933333333333,0.07115034708021725,0.6200887076556683,8.715188795306364,0.006899217325873067,0.23149132160150135,48.145050927823654,160.26837826880302,58.59375,0.6381941780300003,0.01871602236917904,0.001455569385304214
isd_audio_ce38892ab2c5ffab47b8,ISD_MarchmontGarden_MarchmontGarden3_MC311,dev,355a91abe5663ab81a9a9693bf19a898fad313432f298b29121d74546c01e403,48000,2,30.84,0.08174678141191448,0.4655640423297882,5.695197221085121,0.00853397139400359,0.8015568800494048,90.25759041858042,205.78870887168895,117.1875,0.9128116080034115,0.034503181795164456,0.002014540337676692
isd_audio_d9d8654c2a7efdf5f7e2,ISD_MarchmontGarden_MarchmontGarden3_MC312,dev,132df9c177f176d99eb50575b276711ab08d3293b318d43f2ddb7ae771ef50e9,48000,2,39.845,0.05314205129420148,0.4320569783449173,8.130227716521372,0.007117688918354937,0.22523984286412227,48.72019430749386,167.50751708456963,46.875,0.619873104946488,0.028947759594838075,0.0012279158650474332
isd_audio_356ad573488889ee2c5e,ISD_MarchmontGarden_MarchmontGarden3_MC316,dev,0fd1d6f452aa87f8b061502c39a6be3a198471379617f341fbdf0dd5e4e0a0ed,48000,2,32.93866666666667,0.06316540063126738,0.5413389354944229,8.570181303123974,0.007770128173909194,0.2367145013656958,49.04952013624123,170.36445874794498,46.875,0.6472885839251519,0.021870160104268538,0.0011024446770357208
isd_audio_d25bd2cad2934837ab6f,ISD_MarchmontGarden_MarchmontGarden3_MC317,dev,50e6b1a3a89fc14f5fe1d89613c42e3a7dfe83b061b4ed911c34875c627e9ffa,48000,2,37.76,0.041594869390030285,0.44471390545368195,10.691556722624876,0.012689250468557152,0.576003273189064,137.0669765437038,392.2799326185346,128.90625,0.7362333736160123,0.08854206053549177,0.006664315849920161
isd_audio_1162879984c03b4c4891,ISD_MarchmontGarden_MarchmontGarden3_MC318,dev,2ae56f3d0d5c7d9a91f4d3cae992860292c3b21d4ec36032c015e7bb9233b31a,48000,2,38.69866666666667,0.04102865465335712,0.26041699945926666,6.347198114573282,0.010822407114805374,0.8078187629615747,83.61989615851552,333.87326191666205,70.3125,0.8480871456055721,0.03844871449706663,0.003037451392767562
isd_audio_b7ef9e1bc740ae864867,ISD_MarchmontGarden_MarchmontGarden3_MC319,dev,3ef16771c7d6520cf029f28904e2a63b4442f264ceee3b650c85effb3bb9d003,48000,2,31.096,0.10314555400537004,0.6468395590782166,6.27113369369794,0.00392065694452726,0.6758237695215757,30.44474190337411,96.07373844207348,35.15625,0.5723262643622204,0.011535821182461702,0.00032916844796469536
isd_audio_6a349ddee7e3d68c450d,ISD_MarchmontGarden_MarchmontGarden3_MC320,dev,780aced20f8e131aeffce134b32d1a3f3d6921d3d6ac1e0d0164fc3bade0cb74,48000,2,38.86933333333333,0.0405927512155169,0.26832912117242813,6.610271862279125,0.007865030628811182,0.6689165076957839,60.37044453684202,192.30561473128824,58.59375,0.8108361002159397,0.026519957238296837,0.0015377502154758581
isd_audio_cb90990812575a98b07f,ISD_MarchmontGarden_MarchmontGarden3_MC321,dev,463e9c44608391a0fc885d336454942b91fe6ee2b5842d08848c4cf1a839a407,48000,2,40.74666666666667,0.050044194485566046,0.31025170534849167,6.199554384634481,0.006497467327320909,0.26616439447161877,49.62937459348209,157.88154858621513,58.59375,0.7507927121897124,0.020257136840435133,0.0009548512328412385
isd_audio_64638a03b0cada24f35a,ISD_MarchmontGarden_MarchmontGarden3_MC323,dev,e4158c244f56e088b4cb4a7768dc6d692228d1a1c2cfd839506b545595b39573,48000,2,30.0,0.06679940710792273,0.42954857647418976,6.430424985362531,0.010030562521223974,0.46102282926441,65.17947203388269,277.74731500815244,58.59375,0.7723786195524153,0.019721967472210437,0.0028813414213975084
isd_audio_5a2b83d75d9db962034e,ISD_MarchmontGarden_MarchmontGarden3_MC324,dev,0c48267cf3f9168645a61d716d039c840ff2430923e4a8bc898941ba0d8bf60b,48000,2,30.832,0.054360796862472985,0.45682042837142944,8.403490285970907,0.007630740539280441,0.29199797014224355,54.90102516571534,186.40805176021453,58.59375,0.6254446753369103,0.03334805672621855,0.001168678700095641
isd_audio_f6547a99f3d0ce0e2d34,ISD_MarchmontGarden_MarchmontGarden3_MC325,dev,7dc66146671c40cf490fdc82b898ccdf59a1efe6457a42cdf44f3d52ff06daa1,48000,2,32.754666666666665,0.0907924831224121,0.40524898236617446,4.463464027300503,0.004748054188241744,0.6423227331702778,35.658452937745054,118.78656495419641,35.15625,0.6908066747015366,0.012678438567626979,0.00043501029774524995
isd_audio_29e4879d3a5080ea522f,ISD_MarchmontGarden_MarchmontGarden3_MC328,dev,522e758dd5a7d61c2d46263ef89552800bba88dbc9f0fc2c60198d14c8bb1e4c,48000,2,37.54666666666667,0.04849031533648165,0.7468028757721186,15.401072783089576,0.007253200047274529,0.6982470742213756,55.89505064297718,302.4929324026478,58.59375,0.6555407505758558,0.024737606503600636,0.0019081851094434287
isd_audio_2c79830d44f761a6533d,ISD_MarchmontGarden_MarchmontGarden3_MC329,dev,262f1d47aef2e2a5b951d97a5d54d91410bbe884b1312b29f21c76c2a28a5aee,48000,2,31.872,0.07766911743872994,0.35170723497867584,4.528276444703052,0.0051678100212111605,0.8064223036480225,38.27213974246932,152.73181477449404,35.15625,0.7028838805962081,0.015195276345356501,0.0008209722950111619
isd_audio_b750da36a21be5cc175b,ISD_MarchmontGarden_MarchmontGarden3_MC330,dev,fc0640645fd873eaf7807a680d36c29dbd9beefed68dd69d930be5b6cb4085c2,48000,2,34.944,0.060038484107753656,0.3418050557374954,5.693099364801469,0.007413055777968427,0.9229592598176871,38.83939660102082,128.0647391236491,35.15625,0.6659789368635562,0.02058917906086306,0.000525923084171831
isd_audio_61c3e28393fb858dfcef,ISD_MarchmontGarden_MarchmontGarden3_MC331,dev,01c299bd0f0cd8454ef3499a168707a2155875aa359b54d5b643a43aa5eda431,48000,2,30.874666666666666,0.04489544533866092,0.232999786734581,5.189831284153391,0.0082227663880085,0.6812682648301461,72.55487113507536,216.14075541179812,82.03125,0.8476998391556659,0.03436721871543577,0.001976662956327163
isd_audio_3325d7c6826234618f93,ISD_MarchmontGarden_MarchmontGarden3_MC332,dev,4431138673c2ea52516d6d95ba74f2a07c1b8cc6c64aa390e775f78403dc2e24,48000,2,38.784,0.049178146255709126,0.30343399941921234,6.170098357133306,0.00899963526606508,0.8207774811938131,92.68887108587542,257.3557168379042,140.625,0.8509598351868228,0.056216352636676625,0.0018438702744281567
isd_audio_aa3626988a7c6c3ca51e,ISD_MarchmontGarden_MarchmontGarden3_MC333,dev,87f7b549446d1c2e062664a8b4cde05d61d514d72d9c572b9d777f29a3d1f68a,48000,2,40.74666666666667,0.03146485033163857,0.18490130454301834,5.87643998284321,0.01196264109673649,0.6594979541763295,124.33766746775649,307.3070793960484,234.375,0.7288726651581452,0.1183263664539463,0.0031283123657535193
isd_audio_bbcba04346a291452902,ISD_MarchmontGarden_MarchmontGarden3_MC334,dev,f13c1707cb9a5721d05b41b3542b3e4674f44ce8ec760e137716258c8d8f5c58,48000,2,30.418666666666667,0.03230285086823306,0.18412110209465027,5.699840637772215,0.010678072317212236,0.4867973748668604,84.00821717432548,276.42716295781076,82.03125,0.6547104178167842,0.06196480765488431,0.0029026716553745145
isd_audio_857a88863b424eecb8a6,ISD_MarchmontGarden_MarchmontGarden3_MC335,dev,8ca8019d6bccf5794b8260060624059852ca4597da1eaeb75914c4855d28c01a,48000,2,23.234666666666666,0.06259244806436527,0.5694984048604965,9.098516234336577,0.005408589722782877,0.8815013558213206,49.59478650091584,146.09063962919575,58.59375,0.6801282326962232,0.029341985786013706,0.0007020389534812653
isd_audio_db93dbfae17302fa05d2,ISD_MarchmontGarden_MarchmontGarden3_MC336,dev,30ee73f3f245f0c6165f67e1c19d74a117c73c530e02e977aaad104b143e79cd,48000,2,36.864,0.03840151418503235,0.23193476349115372,6.039729641222176,0.009253047944837752,0.6548327829070434,78.59359093122491,250.35429155111376,70.3125,0.7624562696012706,0.053081478851987635,0.0022869359155711917
isd_audio_e62cec41aa7e5886fb88,ISD_MarchmontGarden_MarchmontGarden4_MC401,dev,a6bd1367d7a9b4d035482fa160bc6bafbedd18ccfd9662d021af2baa449a02e3,48000,2,39.573,0.05069017470424722,0.34460097551345825,6.798180860966433,0.006145818142956342,0.891833249026175,42.71686563958647,155.0314917658359,46.875,0.763693861543679,0.012670039599461287,0.0010347919876408063
isd_audio_a1912306a8587bee288c,ISD_MarchmontGarden_MarchmontGarden4_MC402,dev,e7ff19d36e7ba0f8a6a2e94eb3cd27cd919989ecf3db6b4e93057d84fafc6e68,48000,2,21.826666666666668,0.0984759137605952,0.6591133400797844,6.693142667171943,0.004639779932593857,-0.022497976861950326,30.289350034653815,92.22106403535366,46.875,0.5367734959112265,0.0057957697500426505,0.00031537281301780885
isd_audio_1826b3bc43d1b2a14335,ISD_MarchmontGarden_MarchmontGarden4_MC404,dev,1ce4b0e30983fcdf05bef396aabe181c506f95fd0cb927a0e294e025fd15f905,48000,2,45.888,0.061511157155478315,0.5982627971097827,9.726085880608412,0.01607038517258741,0.4701788403345741,168.25657553159826,566.876280820169,152.34375,0.6920744544357724,0.09112199786791832,0.023019778516476623
isd_audio_a512229d6d8f8c1ec813,ISD_MarchmontGarden_MarchmontGarden4_MC405,dev,83e6a67978f445b156cd044fead2325291d7d6690595b66e7ca8953f7df447ef,48000,2,40.896,0.08190436230765168,0.4691791832447052,5.728378440727735,0.004274564481940207,0.9439954573236885,33.48566323774556,100.84414724223382,35.15625,0.6470932234482745,0.012440907675498561,0.0003596629927536686
isd_audio_a2b33c819e31da316cc8,ISD_MarchmontGarden_MarchmontGarden4_MC406,dev,6a08dbb8afaf57f66238f4a2f6b7f1fc15bba1df262ca7e4b2b48590896cae5e,48000,2,40.85333333333333,0.09123991013959068,0.43405772745609283,4.757323048565205,0.005351463238140114,0.7934628390081835,34.18900919671459,152.88953682325035,35.15625,0.6208958173144798,0.010160216766846739,0.001037512024743308
isd_audio_7fcfd9542fb736048f77,ISD_MarchmontGarden_MarchmontGarden4_MC407,dev,cc18c7245b27e08a7c1dfcdadc78f469d5682bceb6409d0f0b1173b513bb4e8a,48000,2,42.13333333333333,0.09140136228654257,0.8770119212567806,9.595173412266602,0.005844049566875775,0.16048270521319086,67.98242872089156,166.2269503392771,128.90625,0.5817129711600525,0.045563942641426415,0.0005938685957180636
isd_audio_6f4d678fbf78e3d0bf80,ISD_MarchmontGarden_MarchmontGarden4_MC409,dev,540dca0897bd5dc0fe10b2c13e0d5885863efa06e7b295eeb4fe9506575a2781,48000,2,37.952,0.07894435741613018,0.4273779056966305,5.413659945876096,0.0046500649120736455,0.4307727240090863,33.899319214893204,115.5079221068545,46.875,0.5923817189446675,0.010831740352255622,0.0005099188420048256
isd_audio_889f2f07e1ee60b0c39d,ISD_MarchmontGarden_MarchmontGarden4_MC410,dev,1f87115d943fe5ef68637a971657e2760ca3875cae9445438373e39aac5e952f,48000,2,30.869333333333334,0.09361761083130397,0.750081330537796,8.012181937535441,0.004962452597543272,0.8567813618259743,47.378723395176834,112.55339611406606,46.875,0.6909924323449599,0.03041997299843578,0.0004395465304486436
isd_audio_f29a743350e56a0bf43d,ISD_MarchmontGarden_MarchmontGarden4_MC412,dev,e488e2b9ff0b43d7544933122f9981d01aae34da958ae7dd0f6a6ecada06e0e2,48000,2,36.842666666666666,0.061612858256164756,0.38135871291160583,6.189596193152563,0.00820776647533118,0.8008738534124356,81.78026624773598,195.01175631234938,117.1875,0.8655202427390664,0.043644068661249064,0.0018230272044991033
isd_audio_12dd628acb34aa9f40d4,ISD_MarchmontGarden_MarchmontGarden4_MC413,dev,0eac08fd5aa976b671f964e24e33c10dbd204ca41a9b02889f14cc421bedf9c8,48000,2,40.768,0.05954413123363278,0.6141292452812195,10.313850123559046,0.005500129544071302,0.8199711524415145,46.04014614288758,188.69726171908016,46.875,0.6956308568882306,0.018800703969675668,0.0009817385051871105
isd_audio_7f367fcc5c36e0e22d13,ISD_MarchmontGarden_MarchmontGarden4_MC414,dev,721ed2d9e73dfa199e003c3781336cf45c563ddfc59caf886feb874fa1e19ede,48000,2,30.698666666666668,0.12298136024808476,0.6522886902093887,5.30396385999924,0.0031353174508919027,0.5407804265813719,26.14251581525164,79.05204714568906,35.15625,0.5154764069846518,0.01088651864614286,0.00015291339548344866
isd_audio_d06d554cb1b25f1d6526,ISD_MarchmontGarden_MarchmontGarden4_MC415,dev,92449026312e260fa38030304b660301e21dfb642dea8dfc385dfb1156230374,48000,2,41.06666666666667,0.03505370428478684,0.3520316034555435,10.04263631014665,0.011184055998405032,0.8084780187256748,80.47656413660023,292.5563796107741,82.03125,0.8205876548735686,0.04578724119166015,0.0032937610140513604
isd_audio_d21d66cadcbdc5427fbc,ISD_MarchmontGarden_MarchmontGarden4_MC416,dev,7441b1ac3197bc5ca9e83a789dcb8efcd7be5e74f0afda640272240d7a2a7111,48000,2,35.818666666666665,0.06250914323352495,0.28733615577220917,4.596706032248172,0.005831459987960181,0.8595574460675008,48.300089489328705,139.86258292226873,58.59375,0.679477102235171,0.023085986914577854,0.0007328931032991535
isd_audio_cea198f6a4455a4a6945,ISD_MarchmontGarden_MarchmontGarden4_MC417,dev,1fefd31d3ed29207ea22e0cc4e1bc3adbab0e4b91a68a3da364e41472b7c15dc,48000,2,33.584,0.02979155073476352,0.624319463968277,20.956259361140393,0.013726162834337552,0.6600093787184581,133.44849749745055,366.48329214447324,210.9375,0.6316211780588664,0.11919131048229094,0.006549894042656663
isd_audio_223be25f8dcf6c45378b,ISD_MarchmontGarden_MarchmontGarden4_MC418,dev,9f2f136eb1e17d0b2dd6fbf2fa6d6589ea0a3707fe1bf2c69e4ce36564565644,48000,2,38.464,0.09083195017776452,0.35713551938533783,3.93182705739994,0.004257771475585112,0.758955210787416,30.829138594558188,104.30551794731629,35.15625,0.6005411371882199,0.010932955875894977,0.000467775523107022
isd_audio_c9f02ea1988c925f3df2,ISD_MiradorSanNicolas_MiradorSanNicolas1_M11,test,54074b8b80f5a5c1909e4ca32eda4a7608a118335e4ea28bc5583dbd064f5793,44100,2,30.464580498866212,0.06081736570838054,0.5362772196531296,8.817830456922133,0.02640367938059691,0.2904723526170709,424.46375570579767,664.8004077457681,753.662109375,0.42706764617075804,0.49052255768874164,0.02043194672868961
isd_audio_a1c19b3f222e90da852d,ISD_MiradorSanNicolas_MiradorSanNicolas1_M110,test,c1a16e06235c4c421ffb6a28649980ec4bb9d04d7c1d4508ac1e4b627d4c08a2,44100,2,30.859319727891158,0.1383203279317391,4.0796812772750854,29.494444802707545,0.013449972260901832,0.4907843738754473,271.6002818837669,202.0118029117913,398.3642578125,0.24977364680787162,0.6659516747948577,0.0012193979332619429
isd_audio_02d4d52afde435167065,ISD_MiradorSanNicolas_MiradorSanNicolas1_M111,test,a3b82ce772b26fb0c975b3ac4ee6ea8cb3b4b43d36222e0ade2144429a50cd80,44100,2,30.72,0.04905574740362347,0.9337092041969299,19.033635274466576,0.02982983588866146,0.2678816350180894,434.29933121998306,482.4821950771178,710.595703125,0.31040565581652746,0.6032368510363159,0.012571388257627178
isd_audio_05dbe982237403781ccc,ISD_MiradorSanNicolas_MiradorSanNicolas1_M113,test,aa16a6ae969a2068665e25ca3ad0cb86efbca6e6378a14834838dcaf6a9403a3,44100,2,30.998639455782314,0.04972504000377029,0.47910913825035095,9.635168482801092,0.027389123499768478,0.21295042953506937,351.47884841491253,520.1880567259556,925.927734375,0.4100710133528722,0.39591861469051454,0.010505764645027749
isd_audio_1da8901bbee7ce23c472,ISD_MiradorSanNicolas_MiradorSanNicolas1_M12,test,dcefed0922c750583f15e1f9b90d8f1787478bd0165e0a6c1fa94a8dfc242c92,44100,2,30.789659863945577,0.08197590968315786,0.6972102224826813,8.505062343040088,0.022806359886376942,0.2352396207745896,381.5061914631864,587.8093304922608,893.6279296875,0.655155886499265,0.28366343856493625,0.019558547906850573
isd_audio_2c48e1962683f5e02077,ISD_MiradorSanNicolas_MiradorSanNicolas1_M13,test,3f333ae8d3776d975620492645e29e824435dce379a9069eef0029813c1ae9d9,44100,2,31.068299319727892,0.09558860202140587,1.3767894953489304,14.40328100039182,0.038269162133578956,-0.06277747360148299,712.6974232911364,767.5925028778537,1324.2919921875,0.31356222068346695,0.6297204506027658,0.04611114144288472
isd_audio_29a2a6a240d6a007461a,ISD_MiradorSanNicolas_MiradorSanNicolas1_M16,test,e0254826912306f88eccd0a9dbd6e30cc96742bcb793bcb51af40b9b3e581ce8,44100,2,30.67356009070295,0.057540152210965825,0.3448873981833458,5.993856201819678,0.024097677021489565,-0.027175365032385518,199.23716550977448,512.1490858019537,441.4306640625,0.5253146159004746,0.1846647677119611,0.010205415813053093
isd_audio_6fae33111c79a63bc381,ISD_MiradorSanNicolas_MiradorSanNicolas1_M17,test,502b42124d0e5d0d10a2c8b8ca359ee258e66978b1b69b081f701dbb288eeaad,44100,2,30.65034013605442,0.029065453053736087,0.21502624452114105,7.398000785454864,0.017191951639405508,0.693588738810518,129.299398272679,335.99412062185775,215.33203125,0.6673799151469768,0.13279795396830224,0.00457233656319014
isd_audio_35cf1819d699193b0cfb,ISD_MiradorSanNicolas_MiradorSanNicolas1_M21,test,6c435c475c5acbd696b5f51440312b12e5b7da0329735e943aa794be9aa0f4eb,44100,2,30.95219954648526,0.04026182688235627,0.3045428688637912,7.564059866276199,0.025630938225966324,0.32263078202296697,342.1906688183206,595.2673436324643,721.3623046875,0.5093665935684993,0.3958569514168641,0.010513067929366713
isd_audio_7c592f2ae0e84a27d205,ISD_MiradorSanNicolas_MiradorSanNicolas1_M210,test,3b0ea173793f4ab15e15a0b475a2f9e1a34f70f48448d5b01f6b569fe376a96e,44100,2,31.764897959183674,0.1077802195676257,0.9224667549133301,8.55877598518471,0.017239766966893222,-0.06625839110645038,209.596162006419,281.55146909959996,333.7646484375,0.42062476890264644,0.39967733084587287,0.0036592898623569185
isd_audio_9337331ab09c34fa60dd,ISD_MiradorSanNicolas_MiradorSanNicolas1_M22,test,e1a0ae7ca6007647cbee57127ffa6b4dd487bd60eaa1a7fbc9fa3e726e6273ce,44100,2,30.696780045351474,0.07441328651390533,0.4848030209541321,6.5150061725003745,0.020167286314005703,0.31827746180060396,282.9608488940712,399.4671590741839,549.0966796875,0.6190499763671585,0.3291496288485057,0.007536263439825698
isd_audio_6e695db05eb333a02855,ISD_MiradorSanNicolas_MiradorSanNicolas1_M23,test,e5ffa5537a6b78ff9d34df07f3c79ee09fb17d1fd3d18b99d703b80e44ee4874,44100,2,30.95219954648526,0.05458220066326018,0.4166201651096344,7.632894241108632,0.027716666263733605,0.11173231483644111,373.480503530588,607.3863741379155,678.2958984375,0.5409342089915504,0.334217952005309,0.024060076118653902
isd_audio_f2010f99a30294d69aac,ISD_MiradorSanNicolas_MiradorSanNicolas1_M24,test,0ebe349412a1003875008421579d8adb43a9d939828779ed36b215c3550d95a2,44100,2,30.511020408163265,0.12165251312694966,1.3698910474777222,11.260688433523619,0.015928979922484366,0.8159157839963713,253.8126507124998,245.96707991746007,387.59765625,0.6484035436403984,0.34669415327684805,0.002852921049702189
isd_audio_66d61f4f494eb6d4e01b,ISD_MiradorSanNicolas_MiradorSanNicolas1_M26,test,ec54f675d0644cc34da48a81788e4e0b2d0310ed3a3a5ee24c6d84838f1f80e3,44100,2,30.789659863945577,0.03158938002452668,0.25117532163858414,7.951258348329919,0.022390989105354673,0.0999509604099942,350.03154613667874,516.6848704100462,710.595703125,0.41374876657322374,0.4135408684617754,0.013248170384562974
isd_audio_bbff00044f9c76a8c173,ISD_MiradorSanNicolas_MiradorSanNicolas1_M28,test,8719a3ecba82400b875df5ffb86f92912df1b6a2e145f095213c10d4166faaa8,44100,2,30.789659863945577,0.14489966928573156,1.1045620441436768,7.622943858937049,0.012930993214874103,0.08199864357239854,98.67116349830899,282.57604685983733,107.666015625,0.5811839256322323,0.07296655480867245,0.004114524040457961
isd_audio_1cdb115f27dc4671cd4f,ISD_MiradorSanNicolas_MiradorSanNicolas1_M29,test,0c3b371091c6f29ff9e422bef23e1b612ad6fde05bfd3540b29430a36b0d68e6,44100,2,30.72,0.1274542691698491,1.1064152643084526,8.680880377839781,0.011185819386736013,-0.057336318231964375,78.8892594404128,236.04293444754035,161.4990234375,0.4097970758619882,0.07148489211856394,0.00208878905556172
isd_audio_dd74fd542b134cae186d,ISD_MonumentoGaribaldi_MonumentoGaribaldi1_MG101,train,e5007ee69493bb94bcf1b8f5ef4cf274da55166f8e1ccf235166b1183cfda5d6,48000,2,30.464,0.02020137543810987,0.1180667132139206,5.844488835705112,0.01550943703321751,0.7405495018488039,186.6419184023237,557.2423040239767,234.375,0.8493171310174413,0.13776819108412652,0.007642363900957768
isd_audio_30b2248c20ba7866cb3e,ISD_MonumentoGaribaldi_MonumentoGaribaldi1_MG102,train,8467039c9f2e904a64fe3c5dda8f1d646743191d87b536c808f8b9b4aaa39b7c,48000,2,32.34133333333333,0.023833265396328962,0.15971141681075096,6.701197429511749,0.016832830557922885,0.77883267569011,267.1827048583875,873.4016060421801,292.96875,0.8361050947380364,0.15214736069890675,0.008599615140745481
isd_audio_b4d2e7771137f8878e86,ISD_MonumentoGaribaldi_MonumentoGaribaldi1_MG103,train,a529a2e1475e80c0aeb0ab35e3c1b33fcc6cfda3fc35936d972dc973b4889636,48000,2,30.506666666666668,0.017454209749790686,0.23349997401237488,13.37785997530911,0.028939049483070287,0.7309925753227835,226.50513494183474,949.8432179799727,140.625,0.9072991727576495,0.06233114105327956,0.016508905596906136
isd_audio_e768d3e2fb4ae7a3c2eb,ISD_MonumentoGaribaldi_MonumentoGaribaldi1_MG104,train,aeadb2a4d0cde59b945e55789b778339645bc58f4d8572e97df5af4f502c43cc,48000,2,34.64533333333333,0.010776600310624088,0.16088760364800692,14.929346826512274,0.025951081645845548,0.4121572511958874,290.5333866446803,976.631755753438,339.84375,0.770733254773383,0.1745454910028685,0.023016556134126353
isd_audio_468929694fb5532c5d86,ISD_MonumentoGaribaldi_MonumentoGaribaldi1_MG105,train,a5daba43ff0d248c196c006149374a2f72d72a731a311518ce3fa6f26f3f533d,48000,2,34.13333333333333,0.013615202350816567,0.17126110196113586,12.578667400478594,0.029246233670796918,0.40618920325975344,368.18312215671125,1269.6661473160284,492.1875,0.7433330039345424,0.18931164491911218,0.025971909820882034
isd_audio_d40b021534abce39c03e,ISD_MonumentoGaribaldi_MonumentoGaribaldi1_MG106,train,90ecc9c82579de0e0cee8ca00c0035ae1bddaf969ece944b85f653c3db931c8b,48000,2,32.461333333333336,0.024861799369147994,0.21425672620534897,8.617909067001351,0.010092783525003802,0.6583922573099493,123.60737819973892,386.140743031133,128.90625,0.9323374370344988,0.04287251108912704,0.0028638648385828952
isd_audio_62a364b1a0fc6b0d685d,ISD_MonumentoGaribaldi_MonumentoGaribaldi1_MG108,train,5c7ce530b5478e461913eca21c6dba85e1c514cd6db54bae2fef6d5e41fa3b59,48000,2,31.69333333333333,0.021736004879154943,0.11314074695110321,5.20522274355976,0.011903799368820578,0.7831799052642135,127.06438143271778,314.23849169762474,105.46875,0.8953393770806021,0.08965433989654442,0.0035717911253144723
isd_audio_0d40a0b1e0848e1f989d,ISD_MonumentoGaribaldi_MonumentoGaribaldi1_MG109,train,a52eaff13db1d5a930d7c5a722c900a1cb6e58315671cc4adca301af161cfdde,48000,2,33.57866666666666,0.03682332253673093,0.7162835597991943,19.451899243603236,0.02519892664919111,0.20310768410003585,670.0505673339655,403.1713523102377,996.09375,0.1352814948287754,0.8539850698244766,0.00807566719011287
isd_audio_bc2e035693e0f948706a,ISD_MonumentoGaribaldi_MonumentoGaribaldi1_MG110,train,690a08251afddabcfc32c9426b72c06fd38ba28e52cb7a07f84baefdfefb6da1,48000,2,30.592,0.015932323481547734,0.10945561993867159,6.8700349993169105,0.02611863812341879,0.5133468503617765,270.42666103442883,782.0282351605858,421.875,0.7689914404653023,0.19246006884690622,0.016409411659325215
isd_audio_36429cdd16a806ddbef1,ISD_MonumentoGaribaldi_MonumentoGaribaldi1_MG111,train,96e4d95a89a11cefbb37f819720d977fc4d63b0636d21a2370cdcabad6e4e7b4,48000,2,39.63733333333333,0.0369815799208566,0.19630830734968185,5.308272598677411,0.014911770317425027,0.5616832246330625,183.0950078188146,375.4676870244415,363.28125,0.7560329224528772,0.21363434139453752,0.0026691524370467804
isd_audio_08f7ee93e0c99913be44,ISD_MonumentoGaribaldi_MonumentoGaribaldi1_MG114,train,8ac19905a7bbf9a90b9633216e63c499d2e5ed6afd552575cee81ab39c0c6af8,48000,2,39.97866666666667,0.01807818996612483,0.38845910131931305,21.487720952551843,0.04143357782149325,0.1770683885599956,586.026884198866,1356.7425850441853,984.375,0.5061842885398437,0.42450018277159574,0.04875344007145438
isd_audio_198d5d897b62bd445700,ISD_MonumentoGaribaldi_MonumentoGaribaldi1_MG116,train,722696029b5fc150efe82995d0e4bc5814345a93c6a0967aaf3581c3931764b3,48000,2,36.821333333333335,0.018355373817338094,0.1989043578505516,10.836301119766398,0.023431855305719118,0.3635223961094391,267.02178025041076,551.0582488552039,457.03125,0.5827524061615602,0.3187758227642839,0.008138173615435907
isd_audio_398df9abbcb4e46d5005,ISD_MonumentoGaribaldi_MonumentoGaribaldi1_MG118,train,9136a34e93683e1a426f8e46b20833daa1a1261c5c8c201c37243658ecd809bb,48000,2,35.328,0.024001290592880482,0.14865817502141,6.193757558416736,0.010824163803123468,0.5428990540067126,100.82174085561253,278.8078513050608,105.46875,0.8674211262497118,0.05255967490573347,0.002626990224450686
isd_audio_ca1adaa1966daf1d0e31,ISD_MonumentoGaribaldi_MonumentoGaribaldi1_MG119,train,7fd42a09b1fccec8c55865f977256c8ac5d71c695c4717b94ad73710772aec73,48000,2,35.456,0.010668667074985998,0.09188447147607803,8.612554017316041,0.03056313374507238,0.26116981739048084,415.13292092360444,767.4461731286779,937.5,0.5661241078076484,0.3577471932356962,0.020278753427542644
isd_audio_494e809088afc438b940,ISD_Noorderplantsoen_Noorderplantsoen1_NP101,test,f4ab92e62832fa8bdf96913fa5d1ebd7c43824b69e50309457142f6b0f4cb42f,48000,2,30.890666666666668,0.0006645893052292429,0.00506591796875,7.6226293876374775,0.02370795905718492,0.1488070301509066,114.59609194063648,583.5890156794462,93.75,0.7985613395366279,0.03496565736015478,0.009179915420685483
isd_audio_2f09d71e6110353c5a22,ISD_Noorderplantsoen_Noorderplantsoen1_NP102,test,0e7e386944b23a5d4336c9e8e44c20ebadea4928a1ea74829796a5922dc23589,48000,2,30.762666666666668,0.0026104794975304857,0.0223236083984375,8.551535616179189,0.020337842093393843,0.7591544944708005,180.56270238686238,441.9638560262771,222.65625,0.8267314089656708,0.13131027641776946,0.010107985983259002
isd_audio_808c2c8abe5a92689954,ISD_Noorderplantsoen_Noorderplantsoen1_NP106,test,261c3b75a9c3c47b6d0c3decb5f11140b6932931a7f782b29d02bac009d790ef,48000,2,30.72,0.002654842663084174,0.01190185546875,4.48307375583735,0.015587033140077812,0.8707006037985452,99.42191119389209,282.1573902455722,128.90625,0.9752352963383378,0.01137888809613468,0.002250424538565174
isd_audio_e171722019418caa9e3e,ISD_Noorderplantsoen_Noorderplantsoen1_NP107,test,fdadf1a4cc93369cb4afcdb1915058cc08cdaea0b1a2c78f80e16c7cb57d746f,48000,2,30.634666666666668,0.0005037902337443258,0.0033721923828125,6.693643816294962,0.02339059194280985,0.7637301722022702,215.53184007929204,721.6805057376685,152.34375,0.8983481103323531,0.058328060199800684,0.02250441112492415
isd_audio_23cc50e9f98379680b48,ISD_Noorderplantsoen_Noorderplantsoen1_NP108,test,f48ce414cd976c17552431315464f0903ca84c4a92482e1f107d9a9143918eb9,48000,2,32.512,0.0010459088979397604,0.0094757080078125,9.059783339139598,0.02707143200422921,0.4917501199660965,303.7081066971293,767.1861980577519,375.0,0.755539763015608,0.2072155674780909,0.02853451911994151
isd_audio_68179e163a849b4058c5,ISD_Noorderplantsoen_Noorderplantsoen1_NP109,test,439b147b294e88a7ebd6ef02967bf1d82539df5c195f4ae4af715c01e0e4533c,48000,2,31.658666666666665,0.0007763110804246415,0.004608154296875,5.935963575779884,0.03235753792901491,0.6269587069477045,299.5482055989561,844.4943125615937,339.84375,0.8006366912502199,0.16013328485695333,0.02508789203714687
isd_audio_eccb561174b2e52105b9,ISD_Noorderplantsoen_Noorderplantsoen1_NP110,test,81eb16306dbd36ed3816b0452f441b0e95a159b5ef5b7ae91c4139a1b1d7530b,48000,2,30.634666666666668,0.00234967969569226,0.016143798828125,6.870638094937759,0.024587493870978052,0.5795553918275577,329.4572860965293,618.4875564171414,492.1875,0.6436839354196049,0.3144660360865708,0.0195927835123157
isd_audio_86bb1de19da72167b9d3,ISD_Noorderplantsoen_Noorderplantsoen1_NP111,test,0ed361922706dcdb5747a8238d596dca44ccfd0d4a0fe33961963f5ba5808618,48000,2,30.549333333333333,0.0006634671152504918,0.0039825439453125,6.002624476435266,0.02052555738092851,0.5166624763361086,162.74750434063296,549.7751262088542,164.0625,0.8076195910217715,0.09297171625939978,0.010574294984205836
isd_audio_687ff06caccc64fe0c41,ISD_Noorderplantsoen_Noorderplantsoen1_NP112,test,2dd2eb01ae5a733ea1e2fb32b7995496ddd48419b75ba4ff465cc04e52acf99a,48000,2,30.634666666666668,0.0008447302263933689,0.0063323974609375,7.4963547687574605,0.03087598939925724,0.34856831204663546,398.05657829156314,953.2986118483329,609.375,0.7361149652765432,0.1952072666985957,0.04924468276668515
isd_audio_6270c2daf29b6cf67d5f,ISD_Noorderplantsoen_Noorderplantsoen1_NP113,test,02e5d3be405bb66b6f2bb26d231a580fd0c7fd19280ff75f390a975485526bf1,48000,2,30.549333333333333,0.0012088728005364491,0.0115966796875,9.592969320141755,0.025891199133641168,0.5687442398549849,309.66583268329134,735.7592188559067,410.15625,0.7472215245852489,0.20158074207938714,0.032314744633855134
isd_audio_5cad3d78ccb704eff291,ISD_Noorderplantsoen_Noorderplantsoen1_NP114,test,7d846e3e57deb6972004a4a6c503e82903a0372b1495d132b3f7d2f1966af683,48000,2,30.634666666666668,0.0013019588199029083,0.00848388671875,6.516248124792974,0.025068974873900262,0.4138806120121885,262.9376957353992,691.0658379965754,292.96875,0.7800328885955407,0.1413380796480442,0.026161223184097526
isd_audio_4ad9836c039fb0fe87bc,ISD_Noorderplantsoen_Noorderplantsoen1_NP116,test,963e549ccb606b643a4a21d86d76a3983d0a5c242e354869f04b8b8bc5269a6c,48000,2,31.27466666666667,0.0011350891086224755,0.049530029296875,43.63536652816957,0.031165420871406085,0.4360759715317709,561.1949064528691,1142.532746392006,1019.53125,0.5615368054300752,0.37055867433794115,0.059258775163812144
isd_audio_ce3717d2110d778b5796,ISD_Noorderplantsoen_Noorderplantsoen1_NP117,test,03cd44c88ce9a671ab317146ce87b95fac77b589635cdea2105f7eddbae999b9,48000,2,31.36,0.001083257954635274,0.0081939697265625,7.564190681915054,0.02930486640682558,0.45120632187061677,376.5060837906171,776.071992905837,914.0625,0.6798231243210348,0.285117808638495,0.019043656208331646
isd_audio_d76d88d2911945af72e5,ISD_Noorderplantsoen_Noorderplantsoen1_NP118,test,ca8765ff014df3ef561cc528071f1289e6726356490b7b8a5e3d9d89565e5699,48000,2,30.72,0.001207233925781872,0.0084228515625,6.976983816160478,0.02301772936857732,0.5003781200144197,281.29652715375374,536.1893221467246,468.75,0.741129153566718,0.23888247631896764,0.010431673527608508
isd_audio_2d051d163e29a8b9528b,ISD_Noorderplantsoen_Noorderplantsoen1_NP119,test,77dcf58bbade31ea8ce986e344b823adbafb15f88a28eea558d156a4b748a701,48000,2,31.317333333333334,0.004218513252751364,0.0238189697265625,5.646294867279956,0.007504501969424526,0.8325986464926535,164.09093242915458,218.13385918180168,140.625,0.9458050692140689,0.049533635519115514,0.002008695771864059
isd_audio_c4c08e25d6fda07ac59f,ISD_Noorderplantsoen_Noorderplantsoen1_NP120,test,3b8364cb0091c29ca372929182b47ebf11997b10f94adaf918a8d1e46242bb5a,48000,2,31.018666666666668,0.0030713407211986556,0.0102691650390625,3.34354471589031,0.009805258261999671,0.7982197474802621,143.0375661584988,257.81332067253686,140.625,0.9546549683173723,0.027827958232398295,0.0017066841059478438
isd_audio_608676292e18670f1ab7,ISD_Noorderplantsoen_Noorderplantsoen1_NP123,test,ba47b44f684559fd6641f8b83f7790a650a9ac6624e159084b371b2ebb85159d,48000,2,30.890666666666668,0.002100772402783159,0.0115509033203125,5.498407778495927,0.01134917460854857,0.5899154212415225,165.4909818304212,294.6962191444972,199.21875,0.9226258454978884,0.06435589763249591,0.00375140238044592
isd_audio_121b27578c4be610eecb,ISD_Noorderplantsoen_Noorderplantsoen1_NP125,test,401472b85ea650d69db8e8bcce74ebaea2171df9cab8b6d914865ed221a21890,48000,2,30.634666666666668,0.0010135138279463607,0.0086669921875,8.551429638667635,0.03000279503802544,0.431411202582431,248.93963267013126,719.381864311548,281.25,0.7716780666144126,0.14467385039066252,0.016918721796989784
isd_audio_1188340d57f24d4ad8b6,ISD_Noorderplantsoen_Noorderplantsoen1_NP126,test,ff41475dc4216355b83ec14bda3ea692c0dca0b21e333d8b688f68f3b916248c,48000,2,30.933333333333334,0.0009234763825361989,0.0058746337890625,6.361433708709083,0.03883219210142248,0.7193296005011678,341.56609246935096,1141.4176283253012,187.5,0.844074394949935,0.09108728972667812,0.04129100634779358
isd_audio_0a3b2a16b53498524fef,ISD_Noorderplantsoen_Noorderplantsoen1_NP127,test,163a0c03155365524cd492d5ad5778ae1cdcaab32f5c60817e49bba2f431bbe2,48000,2,30.762666666666668,0.0004103118385585054,0.009185791015625,22.387340925614602,0.049952356991399875,0.4178334155870414,556.5030951146235,1306.6388486709864,925.78125,0.6674211331592603,0.21354141452374747,0.0863427704108534
isd_audio_3e340703b84fa8aa135e,ISD_Noorderplantsoen_Noorderplantsoen1_NP128,test,b2c438d48b08b859971eb04d1269bce6a060a6b7c130e486aaf3a938c3ccbff7,48000,2,31.104,0.0021066092272422608,0.0292205810546875,13.870907179562602,0.023712132223168123,0.4228006896151208,446.73177767749934,1041.7796615134557,445.3125,0.717167636340453,0.18807951970838832,0.07224720269623701
isd_audio_3b3ba9e48eebb88f454a,ISD_Noorderplantsoen_Noorderplantsoen1_NP129,test,57d869b9093f0af6e7e58f0d627d6922a20b834ffe8c92777ad2ac7e3985d275,48000,2,30.762666666666668,0.0010897426778573036,0.0072174072265625,6.623038055877246,0.01260254082501302,0.8184325113738672,132.40606878004513,361.1997647158798,117.1875,0.9177108952547808,0.05556193839386951,0.00370746136935445
isd_audio_07b9b360ba7b0bbafd37,ISD_Noorderplantsoen_Noorderplantsoen1_NP131,test,16d10cfcba864269d1db103203c7b9dbbc3117a4162d95a6db8fb74f5f024924,48000,2,31.402666666666665,0.0008666102212684691,0.005950927734375,6.866902314704466,0.023800409599244225,0.25355349050625736,203.06191253150962,633.0264485532712,246.09375,0.7092427970968418,0.13583393814541248,0.013738249490964667
isd_audio_f82e1cf66b26de0deba6,ISD_Noorderplantsoen_Noorderplantsoen1_NP132,test,9f6c51f9cde88c0675d09657fb6e6698883143cbc1b9b5a8e9819d3b34557013,48000,2,31.189333333333334,0.0006854016078478868,0.0081329345703125,11.865940314685497,0.02767107055234599,0.3501899014467215,228.51632459697942,717.6324472262243,304.6875,0.7159353219926958,0.1570546054655194,0.015835259573183883
isd_audio_2b0a9a53dd26d73b1d3f,ISD_Noorderplantsoen_Noorderplantsoen1_NP133,test,6d8c6a716dcd715b2a28cbac0b9c80459e35c8ef02ef63bd195036e945af364e,48000,2,32.55466666666667,0.001078847677635366,0.0222015380859375,20.578936717553265,0.02934041032289938,0.728356150043054,153.14157705286812,658.1969115601171,128.90625,0.7645511062581789,0.0678178781623408,0.010938741094676012
isd_audio_d51739f12a5ed37f405e,ISD_Noorderplantsoen_Noorderplantsoen1_NP134,test,8c1b420038ca076f091a6458c6de2f8aeba363e7fe3fe0917462898af0db8f9f,48000,2,34.51733333333333,0.00134256348178369,0.014190673828125,10.569834514842972,0.03296292741987565,0.42525661430354866,443.8285917767687,1130.600575958376,621.09375,0.6493463696089005,0.3019317522456115,0.03272757943485942
isd_audio_907b9090283e629a5c41,ISD_Noorderplantsoen_Noorderplantsoen1_NP135,test,b471f2f3eec0e72f458d5d91f86f2123d07be9bcad366fbb2d8ddb84bad128dd,48000,2,27.0,0.0013944113231697925,0.011871337890625,8.513512256655327,0.029820239058826435,0.35762835367291423,342.7085672611173,753.8421970408601,515.625,0.7083471843513582,0.24880766668560306,0.030898849064596442
isd_audio_de47a76ce2a46ee9d5aa,ISD_Noorderplantsoen_Noorderplantsoen1_NP136,test,32ad305877bd92926a21516a807e0803ac5a780f7f4469bb66764ddfa2526e9d,48000,2,31.189333333333334,0.0018243129482061378,0.0186004638671875,10.195873402903539,0.03430795939046963,0.40244747632442807,420.1440268025206,923.6808508029918,597.65625,0.6341094959495838,0.31827314751390623,0.039360270371471905
isd_audio_5ea3960db59fdc87ec4b,ISD_Noorderplantsoen_Noorderplantsoen1_NP138,test,aebc2c38f847a2fed394a83303d638cd06634630d50a3e4bb0e22dd3007707b1,48000,2,33.57866666666666,0.0018250255959324049,0.0331573486328125,18.16815539832055,0.027604969676288563,0.5892683378348099,335.18773690507027,779.2836021550103,468.75,0.6653910729076576,0.30184801375538267,0.022519107823819825
isd_audio_072ade9f41fc95808d2f,ISD_Noorderplantsoen_Noorderplantsoen1_NP139,test,b50cc11a333a99028d0334697104b6e0028b17401303bae5faa0d69ca1f1bf07,48000,2,31.530666666666665,0.0007222918618516695,0.0070343017578125,9.73886337273598,0.02779504860020443,0.4545161672798666,198.59523127829877,696.754873616897,187.5,0.8385473556932781,0.0917486060414762,0.015691324220787426
isd_audio_50add01eb60adabfd2bd,ISD_Noorderplantsoen_Noorderplantsoen1_NP140,test,56b379dbd605298952956ea19564f5dfad21c2684aac18f0cb06554385df4eda,48000,2,31.488,0.0008554589678120506,0.0100555419921875,11.754557928015974,0.03730854962508841,0.4653079934638645,367.243127733382,1024.0254262967692,351.5625,0.7378714566172582,0.16803218216999655,0.047785200809006285
isd_audio_08cbe986ad7ff95ad1d0,ISD_Noorderplantsoen_Noorderplantsoen1_NP141,test,c59a8aabc7f49a0eed807c73ce5cbcbacbfed9056877aed7e3d5db6729799ec3,48000,2,20.104,0.003827043514092776,0.010894775390625,2.846786390200654,0.0049057452349296525,0.9247031469181846,76.6792902141922,187.53120473511476,70.3125,0.9891844000119949,0.004432938515675079,0.0008525302859142397
isd_audio_bbb893f28e850b72c20b,ISD_Noorderplantsoen_Noorderplantsoen1_NP142,test,f218aa14dfe2b9f48c0fa1f7a3cde83401e46c3c2fe1ee405af5ede7e13b702a,48000,2,31.104,0.001514897054375892,0.0265045166015625,17.495919293659092,0.029955974282497348,0.6146324956936549,323.32781507982463,631.7639757334688,574.21875,0.6682371022788552,0.3074211727937672,0.016036323445699444
isd_audio_7b62357b20d7db16cde7,ISD_Noorderplantsoen_Noorderplantsoen1_NP143,test,81fe3e04ac72388e880cdb95fd4e98f03624e0cdd463ec7d81e32dc54a49ca5a,48000,2,31.232,0.0014446217883859744,0.0104217529296875,7.214173988979746,0.02976916688623773,0.3858154422661813,283.80504627482543,747.4613382970934,386.71875,0.7459980003252079,0.18082582082366616,0.0262357964134637
isd_audio_e6277abda01ede0eafe7,ISD_Noorderplantsoen_Noorderplantsoen1_NP144,test,822ef4789836ec2c397f70c5b41620444151622253edfa4aa514082c7526f74d,48000,2,31.317333333333334,0.001250678253447398,0.01171875,9.369915857814087,0.02123692233595502,0.38772986721581976,214.05561552742316,626.037820382554,292.96875,0.7204290054735345,0.1546457030341488,0.013935911953077413
isd_audio_6979da6add6deb38bae0,ISD_Noorderplantsoen_Noorderplantsoen1_NP146,test,b593c49a0a1eb1b164b9b1ec5445f866127fca3c1638c2c2296133e0362a4afb,48000,2,30.933333333333334,0.0008342926139484817,0.00830078125,9.94948428311578,0.0318379794167426,0.5874007563651965,315.8756979813842,794.3177496500756,468.75,0.6959680941464801,0.25299532129510705,0.023571963572696055
isd_audio_dca9df32cf273c352c11,ISD_Noorderplantsoen_Noorderplantsoen1_NP147,test,b12cc7b024c51c689d9b88b4d4de09b317c9e03dbaaa0f4e69204f2fd5afbffb,48000,2,28.530666666666665,0.0007714678092817397,0.0069122314453125,8.959844289223163,0.038115447497610394,0.48118586257010887,370.72643727391426,955.2093713869561,550.78125,0.6760268758841633,0.26864031347474937,0.0324459892271648
isd_audio_347dc7b10bf6e32fba14,ISD_Noorderplantsoen_Noorderplantsoen1_NP148,test,41ffe43f4e1e29b3cfa84aca31274248cbd8fe3e0b58df6a2f34e7cdf020bed8,48000,2,31.104,0.00286776004170939,0.037628173828125,13.12110263092163,0.028341095157305034,0.6765256424579932,317.8728770564717,691.0781899351293,363.28125,0.6641177749455388,0.2570954977265117,0.025355984950673767
isd_audio_6f5a98115afe7615ab3f,ISD_Noorderplantsoen_Noorderplantsoen1_NP149,test,4aca6d038326d6457135862518ed1d56625644235c3cdfaaf265e6788e7352d8,48000,2,22.488,0.0017840817456910949,0.0135955810546875,7.620492215406316,0.037454269549564906,0.1607716362321095,614.1750227267639,1011.2500479399977,996.09375,0.43757177934022423,0.4828226827156384,0.05274425686194392
isd_audio_eee749117b075bd51beb,ISD_Noorderplantsoen_Noorderplantsoen1_NP150,test,94095caa475b20958a7bd628fb903921d5fa6345c3a379db6cdfa10aac015edf,48000,2,22.0,0.0008220724529302738,0.00616455078125,7.498792544716083,0.03709946695025279,0.5379962194754923,356.18459032022076,861.8739021004857,480.46875,0.7110528073839326,0.2467502157334179,0.030101330149610934
isd_audio_bf53d56dc40778ef7612,ISD_Noorderplantsoen_Noorderplantsoen1_NP151,test,a56a7e1f9887f99b616226c53db0536dc36b1dc509145996b4f90b1ed0dcab58,48000,2,18.36,0.0009292421103673261,0.007049560546875,7.586355017949341,0.02137801990062171,0.38228070600337155,161.7809259145588,504.23376934029784,222.65625,0.7741456044922823,0.125077761525997,0.0085830202895241
isd_audio_dbd9f64745187990c3b9,ISD_Noorderplantsoen_Noorderplantsoen1_NP152,test,bda2b8357edccc619fececdcd8930561dc2e56b34df8178319985c9111585851,48000,2,31.488,0.0005835527267920561,0.0465545654296875,79.77782176704113,0.03324416791328437,0.34910081745496985,623.3685411170991,1437.8635710614055,843.75,0.4920698140565817,0.4143679593100372,0.05706018811245102
isd_audio_db1935da8166b796b38b,ISD_Noorderplantsoen_Noorderplantsoen1_NP153,test,9760dfd6bd2ecf6b5f29fc1336ccd7b4cfcb77e155bf987b1ac34a67d39f76e8,48000,2,28.0,0.000955009576362721,0.0127105712890625,13.309365270945632,0.04347250258370728,0.39525704067646783,739.283844351787,1024.6487756762633,1406.25,0.28972136323373954,0.6181580598559714,0.07764282364076651
isd_audio_c7d5d4fdadcbed6b2cb9,ISD_Noorderplantsoen_Noorderplantsoen1_NP154,test,e6984783b824d5a6ab6790af0f6d24a5b9ce22b77de66f07c5a2e915b53cb36f,48000,2,11.504,0.0007478560100627716,0.0047607421875,6.365854019278933,0.028379672975474068,0.40755344047350045,306.9552108884421,671.793526479178,808.59375,0.7612332215826465,0.2021029861543632,0.018605553938225727
isd_audio_c6089d8a9372b54e48d3,ISD_Noorderplantsoen_Noorderplantsoen1_NP155,test,5c3af6be754a5da0c2068d585d2e418fcc7d6a9f9b074c2f21a8bd753e07ded8,48000,2,11.530666666666667,0.0004400719524263798,0.0033111572265625,7.524126925849536,0.030623104010869585,0.5088230901483443,248.78340738217904,816.9868479609273,339.84375,0.71981790688173,0.15481404439285645,0.021668907496612627
isd_audio_1366e137ffb46753bced,ISD_Noorderplantsoen_Noorderplantsoen1_NP156,test,bde144cbbb458b17fe0c612966e4cbe51f419fa467d9cd5ec7a3ecdd0b46aeae,48000,2,20.530666666666665,0.0010759134440668633,0.008819580078125,8.197295169756147,0.015666620326727016,0.18662187705654198,95.69973513242023,395.73286107978134,82.03125,0.8083828708595178,0.03944791140820209,0.00501741272945366
isd_audio_47132ab146b18cd4fa99,ISD_Noorderplantsoen_Noorderplantsoen1_NP157,test,7e0a3ac61427db05c5e99cc056814cfa4ee434527b7d1f3444db5214ad2dcd2f,48000,2,20.744,0.0019838863908564932,0.0627899169921875,31.649956006341434,0.024671817424935547,0.07788063247286414,556.5206540594003,953.719359021485,1148.4375,0.5418401427457591,0.32782974574287566,0.05734600818146192
isd_audio_f7c3829d1cbddbcddc39,ISD_Noorderplantsoen_Noorderplantsoen1_NP158,test,f2538aa89be3134b20675a928a7de37b188c97d5992160e39d4bf1f02e5fe8ab,48000,2,25.872,0.0012183377465643523,0.010223388671875,8.391259895463644,0.025440973382560766,0.3991979409524122,297.34588148979077,623.4435321470571,597.65625,0.6879504529491547,0.23560658808693694,0.010163178189675085
isd_audio_aa769084ab1b39ed4ccb,ISD_Noorderplantsoen_Noorderplantsoen1_NP160,test,7a8c1b0031a6ac3a2e7b6ba65d14a1f9729bce6e8b7f5ad9abf6833a98da9116,48000,2,17.5,0.0022614545113359722,0.012237548828125,5.411361920738158,0.02875717709187749,0.7376351644608363,240.95764398718867,665.5923335376032,363.28125,0.7996323820421882,0.17627149562550065,0.01334871858163006
isd_audio_0337c85ce9095b9497de,ISD_Noorderplantsoen_Noorderplantsoen1_NP161,test,013a5c5003a18a357427f92f008ad3c6c23f36f8f8b421ba7901be78dcc7c1eb,48000,2,18.0,0.0013834602961315158,0.008514404296875,6.15442620267694,0.023022017386594196,0.4490218419242172,240.78510215848237,562.8343016474242,410.15625,0.7430947611573632,0.20539458817799328,0.011683846439931552
isd_audio_31b082ed5fb634d431b2,ISD_Noorderplantsoen_Noorderplantsoen1_NP163,test,8aab01ef9882fcf557caa45513267a9a7f6336b2d9c1926f4b2e216f106f4332,48000,2,30.0,0.0013264516324504115,0.0091400146484375,6.890575144117962,0.02648960172889009,0.5841406985803543,350.9021578020837,680.5410532309489,433.59375,0.6987210402759955,0.2684202829964804,0.022098455220821305
isd_audio_6b800baf4620e5dd0d8c,ISD_PancrasLock_PancrasLock1_PL101,dev,4d02f39b9afd00fa545e236d3bcc2fc6dd863b74294a3fcc1f6c8d3d1b2081bf,48000,2,33.477,0.07046992702879376,0.44383859634399414,6.298269560611908,0.008994987226918995,0.5239378126502583,80.08838190114638,236.71662145282218,82.03125,0.728488100465947,0.036805250058942286,0.003163099225342636
isd_audio_e038d178fe1df257560c,ISD_PancrasLock_PancrasLock1_PL102,dev,cc83d075798984c66a6bca381864346f9f99273cd93cf907bb00995d738f5da9,48000,2,47.0,0.14209649036543281,1.5079198479652405,10.611942941639786,0.0074078047020410915,0.1631341624785353,41.745177731808596,123.07184350889892,58.59375,0.6037014350179882,0.01045449848615116,0.0008905067265411248
isd_audio_fdf76b3f0914f2cc0866,ISD_PancrasLock_PancrasLock1_PL103,dev,5b279976e5b5dfcc0210b30745224149bdc425592f1686573bebef78a680026e,48000,2,30.024,0.08138160878488192,0.5542753278277814,6.810818022692468,0.008380107289243112,0.16473700121025475,68.03432696621496,215.0011943876734,70.3125,0.6058405366818953,0.040086285610418736,0.0024302612835021956
isd_audio_c556da4bc534f28c71c2,ISD_PancrasLock_PancrasLock1_PL105,dev,557c33ff9c15f502ba2d289a66d49abb7ecab580645baa680ea377a6900791c9,48000,2,32.035,0.05476605237882633,0.24571604281663895,4.486648793252036,0.0066587369665580395,0.7147461102946198,67.21124963915533,165.95961427364153,70.3125,0.8731297201068898,0.02191058430211301,0.0014027747200618809
isd_audio_fa4abe5659a059eea69f,ISD_PancrasLock_PancrasLock1_PL106,dev,6ba9df3f57751abd99045fa66a233ab7257f27af00168c7d3aa57c053a5f8e6b,48000,2,36.906666666666666,0.07163165826615084,0.39159806817770004,5.466829578657788,0.0062065380049550695,0.3046721932122149,62.8746622394292,165.90939370242617,82.03125,0.7273039318879481,0.01945190968513621,0.0013777123117301878
isd_audio_a42437dec71f32917715,ISD_PancrasLock_PancrasLock1_PL107,dev,007414a4c74a468c24da88bb739f4e04144a4f323184edf38a3649ac798d7b20,48000,2,74.624,0.07081002366549947,0.6217186003923416,8.780093102768717,0.008970809483435144,0.21975343175645431,71.14342414581914,202.6788303160837,82.03125,0.6832563267341415,0.03398399269370738,0.0021699693553132054
isd_audio_1e9494b99d986823fcc0,ISD_PancrasLock_PancrasLock1_PL108,dev,184ca1601d89cb882ba8fec6326bd0580b7b237f556a17e6352938c5a83f3df9,48000,2,30.728,0.12918002480157345,0.9048983156681061,7.004939943757343,0.006196171648667101,0.01030247408125945,35.65362977549228,123.85835017100005,46.875,0.5588400374750719,0.009747556351754777,0.0007494542750512423
isd_audio_1eb7fd35a82e1b0b7e32,ISD_PancrasLock_PancrasLock1_PL109,dev,dc023617fa3db88c29fdde502714da635b5490397149cbc365f6a395541c5964,48000,2,39.63733333333333,0.0736861178634071,0.5731124430894852,7.777753255394334,0.006343454794015109,0.19312046782532066,46.48859334950414,168.42060771111326,46.875,0.6311983620939957,0.02014157863244356,0.0017049328549187325
isd_audio_51c6bd29ce90e998c575,ISD_PancrasLock_PancrasLock1_PL112,dev,1c3266d7f42e0d35485038fa03698f62d1b24d363c36409385c89c2fb1b54b06,48000,2,35.541333333333334,0.06281765675548823,0.34106922149658203,5.429512005265679,0.009031742989232601,0.5530436983596839,85.75745938850935,229.03150760005207,82.03125,0.8207288444270607,0.04278457183198488,0.0033495259807271253
isd_audio_bbd72d12bf25922601c6,ISD_PancrasLock_PancrasLock1_PL114,dev,e2fc9ffc878c7862221dd7f6a8a71b09b4ab48d96c8cb7443fb2a061e1f67546,48000,2,39.424,0.06674836916917737,0.36917897313833237,5.530906263831379,0.007483284020776273,0.49362246814662614,65.08434151508543,215.83252945086775,46.875,0.74297351371822,0.04411598229697291,0.002984014936220486
isd_audio_83e7f8dc5f79f5d4e757,ISD_PancrasLock_PancrasLock1_PL116,dev,1ea0627df72214fb1f4514a3e017dc5c2aa5110088fb93ea83e8a8a94d15f41e,48000,2,30.002666666666666,0.12860700973925052,2.3703802973031998,18.431190509048637,0.008670068681442678,0.04980655412291733,54.51125555487046,187.4265876944154,58.59375,0.5224729697398816,0.023346422559053153,0.0019708202876107493
isd_audio_95410e6270738a30561b,ISD_PancrasLock_PancrasLock1_PL119,dev,1c91fa4890315c9ce911e191e9cf49ff4124a6aa73156b04d6c345966c063e4d,48000,2,40.91733333333333,0.14095845926170994,1.6149781346321106,11.457121077307379,0.005550319725095989,0.05313913550338419,30.913433847573124,123.14539452207983,35.15625,0.4339023694665976,0.013555593422793995,0.0005044895534035829
isd_audio_477a1a1b3926d2b95ce1,ISD_PancrasLock_PancrasLock1_PL120,dev,6eb2b485a5b787c488204bb9dd5d64c7a7cbb18ee0df1db23d0124e3f84047b3,48000,2,38.57066666666667,0.06916696625204317,0.646278440952301,9.343744217395253,0.011882957192726981,0.2379036991236552,83.6530907450665,266.0685611766257,70.3125,0.6565715516479215,0.06853979213473019,0.002688849006336497
isd_audio_19b1c64ef967eb3ae51a,ISD_PancrasLock_PancrasLock2_PL201,dev,9b7346f17ae2ccbddf9a4f33188505f54413c75c7978a82bd783f71fbff2eae5,48000,2,34.56,0.08625940746313009,0.741307258605957,8.593929409065492,0.0071307189975881305,0.891530749323319,56.63560773980568,180.01903748564413,58.59375,0.7877965511592112,0.02149810137516751,0.0012630707121062197
isd_audio_0950d76e26af61872190,ISD_PancrasLock_PancrasLock2_PL202,dev,83b202096c36baf4e90d865209f7ffa63e45c087edcf5c13c822f6b8cd71132b,48000,2,38.48533333333334,0.06855569914579465,0.3543444275856018,5.168708539198641,0.008117815508622067,0.7320874651553397,76.76247053919276,231.87328515346965,70.3125,0.8237337116316281,0.0518355472726303,0.0018805511503403795
isd_audio_6c1a5e8771f7898fe153,ISD_PancrasLock_PancrasLock2_PL203,dev,dd06424eeb97c37585d146b15e3ad06a55c627c4b8844df51395f7ba59821cfa,48000,2,43.050666666666665,0.1475182568949299,0.7426565587520599,5.034336592527786,0.006801098125221699,0.6435031610575915,60.87305209361063,181.09768526529047,58.59375,0.8831577700493669,0.021916423708193265,0.0014337260186548715
isd_audio_3030cf69eed329776056,ISD_PancrasLock_PancrasLock2_PL205,dev,c42e3933f7dc8acc7e4748689cfd3e816a9197df7bff48bfb76884e59f016c29,48000,2,38.18666666666667,0.05542002990698119,0.358985036611557,6.47753235092239,0.01081639032842524,0.19876675578212294,96.94015364537627,317.5501304141399,82.03125,0.5843495861489655,0.07008297808963482,0.006201419244969446
isd_audio_38106d9a38e4349c63a5,ISD_PancrasLock_PancrasLock2_PL206,dev,efcfe2c34bbc1d094689465f81598bcdc5bba8918b5b3e8f7e10ffc5084c1310,48000,2,34.56,0.05415945790656565,0.4438503384590149,8.195250757951323,0.010587270078167245,0.4948220572614656,121.27990376228801,235.3327680843337,222.65625,0.7533291049610445,0.1072698022370842,0.0029630510134611007
isd_audio_692f3faf48dae7625289,ISD_PancrasLock_PancrasLock2_PL209,dev,28908e80221c9050a1ae2be695320970bd9c942af84adf4850afc7ae7bb7ceda,48000,2,33.92,0.13398436724902402,1.075415551662445,8.02642557294518,0.007541032540433704,0.15935239499146953,47.722935449965675,184.9844912847057,46.875,0.5765277734438938,0.02210017008177977,0.0019708435494651855
isd_audio_d38ffdf35d6389886823,ISD_PancrasLock_PancrasLock2_PL210,dev,acc592b5589c13109363a0ef534bc0e0de8bf848a5efa0ad7f02c975507b09b5,48000,2,30.0,0.042738475408176414,1.2838875651359558,30.04055602999661,0.010938896485344782,0.6313826950761674,144.95541487470808,302.69483338576384,222.65625,0.7834415884965672,0.12659771735010497,0.003624863206358561
isd_audio_32c912d7837cd06a2e60,ISD_PancrasLock_PancrasLock2_PL211,dev,31c72350cea1065eaa71dfa77310577e91d648ea965a040bd9aeda8c577d42f0,48000,2,38.57066666666667,0.05584981294168236,0.2705387994647026,4.844041281699469,0.009236838679673823,0.6792035385811942,85.69019597474777,231.4130575762354,93.75,0.8240584185190124,0.06426688221058675,0.0020930107361111774
isd_audio_fe017cec30541be84210,ISD_PancrasLock_PancrasLock2_PL213,dev,808af2d9ca4506d4175e85df666c474d8bae470d38ee739e777c8360ce0c45fe,48000,2,55.21066666666667,0.10438084266669928,0.4534056931734085,4.343763487531787,0.008506436145504849,0.7477226526658711,77.40645713148481,207.51583380879094,82.03125,0.8304060785789277,0.04649373737725384,0.0021490776556699477
isd_audio_ec9a990d2fd2df6e44a3,ISD_PancrasLock_PancrasLock2_PL215,dev,745322e684d91cac3573d8a351d8c4852f4efe4706778e4dd7320c9535dd2d42,48000,2,30.592,0.151699400991614,0.7491990625858307,4.938708114129249,0.007057950238862991,0.763403736444751,74.04499642670802,163.9388408872786,82.03125,0.9276232919594413,0.025645730139352094,0.0013951506215395398
isd_audio_5af407fd151eea5615f8,ISD_PancrasLock_PancrasLock2_PL216,dev,a795c885318ce34cd13eff9970631b2e879ecdc21e23e98add6d011b122b9a72,48000,2,29.5,0.051652484183267934,0.3238523453474045,6.269830976538234,0.009074865165865231,0.5869830982009409,96.92195456468787,228.35824072761582,140.625,0.744812707634892,0.0932344440077115,0.0018762221030612987
isd_audio_68f787d08d85378e5b9e,ISD_PancrasLock_PancrasLock2_PL217,dev,04d69432e59e306f0592de4dd273ed3347f8e67835e9e5f42014dff152cf6810,48000,2,28.090666666666667,0.050881341914493755,0.27326416969299316,5.37061640693782,0.011703184111555522,0.35966279637951365,83.70114402913445,360.78100314369004,70.3125,0.6862089823668392,0.04273697916190638,0.0046873643916863095
isd_audio_feb644a788c150d04e5c,ISD_PancrasLock_PancrasLock2_PL218,dev,5d85e1072487752a8742b0b1968a193d9e048bb6c1855a412589c8774999adb8,48000,2,17.416,0.0521443684567059,0.7164844572544098,13.740399557227125,0.013921602168506651,0.5234646934893119,160.58395249618746,372.37875594860867,222.65625,0.7103301119608787,0.12373922940701623,0.0057341615320076755
isd_audio_36dd9b7745cb4b815488,ISD_PancrasLock_PancrasLock2_PL219,dev,ccca3fc6fec3110b4452085be02c13335033f187b3f61fbbceda51de3129fb8a,48000,2,35.541333333333334,0.0457621258713591,0.3032458946108818,6.626569217158522,0.013893456148156224,0.7438165284819359,142.54531074096917,332.4551669732131,234.375,0.7330732011004085,0.1326707734011247,0.006302073774873061
isd_audio_f747507366ed9b09e7bf,ISD_PancrasLock_PancrasLock2_PL220,dev,9b6cb2b1a694247cd7e7d95d46942beadc224e17d42f59b129152865d0b461f3,48000,2,32.55466666666667,0.063607270439918,0.40591055154800415,6.381511873417335,0.015036896295523617,0.7569450547902589,154.47304612048163,406.3559342641249,222.65625,0.7988028088233547,0.11590846710565644,0.008854190432317367
isd_audio_4c7520fc98f82d270e42,ISD_PancrasLock_PancrasLock2_PL221,dev,dd97311ba6fd8841541daa6fe6f23743c8630b595650efe9f8d5f0237ab1cace,48000,2,30.170666666666666,0.09130627700750563,1.4997843336313963,16.425862304166778,0.007243519673855175,0.03908251056709557,39.52932133168048,193.2050034135505,46.875,0.49926440429853836,0.016008333102982625,0.001634182985765381
isd_audio_befb79e3ce059b77b064,ISD_PancrasLock_PancrasLock2_PL222,dev,aa5d8a1bc37d8e01fddbb73a73ae9628667a5c0b465eaab0d77e628a1ee02f17,48000,2,30.762666666666668,0.0468956658090206,0.22251727432012558,4.744943279541269,0.014447310624966563,0.6220011997784308,147.0157756088792,366.1576516716511,175.78125,0.7639191374598936,0.10925278325604526,0.010063821646286735
isd_audio_cfdfa317aa8d95501c2f,ISD_PancrasLock_PancrasLock2_PL224,dev,aa77c99ab81505187a4f240794b1585fd41222e46329e6109a11432159f0e7df,48000,2,18.0,0.08145255527469546,0.516870453953743,6.345662848889371,0.019378494651035475,0.4803299528335326,164.0645265197609,486.07836998315844,152.34375,0.7510757014211707,0.0662435965025388,0.02201607193525557
isd_audio_493ee5bdeb75b427ae2e,ISD_PancrasLock_PancrasLock2_PL227,dev,3843b10b45b843194f719be0f66a4d6042ec2b306181c17e6bb04531c0eb3c88,48000,2,30.890666666666668,0.03823147572179473,0.21685491129755974,5.672156441869614,0.01235271464999855,0.6576332768573303,93.69009383945581,316.1008823372401,82.03125,0.8228546870962019,0.04299175062043305,0.0052624207421840905
isd_audio_8f1e085b0304eb2f0fdc,ISD_PancrasLock_PancrasLock2_PL228,dev,fe7e08a90f797319010261d9837f379259bfed4d6095625dcd1cb755851b7308,48000,2,32.512,0.03632041215984823,0.1902446262538433,5.237953397019994,0.014335100844240103,0.4726273727108498,116.61422907612572,349.45428026815205,128.90625,0.7325820270101815,0.07744360036250106,0.007381312749443637
isd_audio_8eb9ab187e7474c575f2,ISD_PancrasLock_PancrasLock2_PL230,dev,86fc71787bec4add013b8825fa0f5bfab0a50f98775e78f8b634210723d337d7,48000,2,31.14666666666667,0.07982163185991911,0.40543119609355927,5.079214576883873,0.008198448334792604,0.7731276387930869,88.76447747072774,209.37542185895805,82.03125,0.8938784786179338,0.03318022167571034,0.0022990629372489925
isd_audio_8e3116ca265197ddf237,ISD_PancrasLock_PancrasLock2_PL231,dev,cb5894f5ce65453de9a57d18a579b29da3e067f7ee87c5e54289777e5742bb25,48000,2,33.62133333333333,0.058728395514058805,0.35092541575431824,5.975395933817251,0.009447132678118976,0.48613945934367075,88.2930582809519,233.73133509170464,70.3125,0.8307825465540715,0.04183268492605794,0.002974797613808506
isd_audio_9db0de25d9a5f4bcfe39,ISD_PancrasLock_PancrasLock2_PL234,dev,0e27cc0f147a538b8904740ea6ff5f1c837ed76af6375564758d5f6f6baf7472,48000,2,19.744,0.08071805491254982,0.45101697742938995,5.587560031247322,0.010437781137920737,0.3600363555523538,84.78275854790797,340.51557118959806,70.3125,0.7101714651913736,0.045379170298283145,0.005070593039833454
isd_audio_786262d647bcd14c801e,ISD_PlazaBibRambla_PlazaBibRambla1_BIB1,test,f4713adee27df849956de4bd28205c0585ec8f611dc2eac45ccfac2c5a18088e,48000,2,40.064,0.05049316359095055,0.8929563760757446,17.684698532848145,0.027275644008983548,0.2097577769220804,430.19816027849936,527.2342534625371,703.125,0.33510045460768806,0.5979817068631341,0.015432385591879332
isd_audio_30dec64632c3f2ccabee,ISD_PlazaBibRambla_PlazaBibRambla1_BIB10,test,5b8fd12ff2b3240dc000a037e8ff3926ff1205b41d14c89468fc3edd52b548a5,48000,2,31.189333333333334,0.04037439280224527,2.2523613050580025,55.78687749163489,0.02890546775170715,0.18183702087994738,580.5205214233937,1063.7566841718115,855.46875,0.4141241725073513,0.5164680530003686,0.036462825319938885
isd_audio_0065433ca751d92d1023,ISD_PlazaBibRambla_PlazaBibRambla1_BIB11,test,21ffe4aad4c465b06eee88762e925a08425a60cac47fcbd40ef44826d4dd8fd3,48000,2,32.46933333333333,0.03694589529574617,0.8508323393762112,23.029143902602172,0.033670254028322896,0.017566521736459097,560.0524957675017,868.8236821227105,1007.8125,0.3653095807786555,0.5222211831230616,0.03958777918825116
isd_audio_e1eaff544f15f10b3fee,ISD_PlazaBibRambla_PlazaBibRambla1_BIB12,test,56b3628ce11a911b5a1ca22cf7f984f37c40487be9d8370943aba4eb162d0afc,48000,2,30.506666666666668,0.03612689284713433,0.22837895154953003,6.321577460754297,0.031331287786336176,0.1012862789687592,449.8535767953526,658.5188477007842,843.75,0.4199128446591484,0.47630029851540506,0.025051814144032025
isd_audio_661ff89fdbcffa7bd45f,ISD_PlazaBibRambla_PlazaBibRambla1_BIB13,test,0245d2d3d6bb4851ce4603874156e1cf282be3a27a775234fa10f8f7b2760924,48000,2,30.848,0.030572377204177964,0.5072568506002426,16.591998954236434,0.031822046689984416,0.11682826021400036,428.6959957051244,669.368800658872,808.59375,0.4782427092894175,0.4245951041366452,0.028490208436605734
isd_audio_0c7625a39fcecce1dc7a,ISD_PlazaBibRambla_PlazaBibRambla1_BIB14,test,6512e893f8d95360de355f6bf4f74047226a27e4bc4d92cd50dc53d6364ea65c,48000,2,30.805333333333333,0.04447760669924741,0.5856507420539856,13.167316893062395,0.02645918080958709,0.1303995606756695,382.6415217174294,588.4869413697296,714.84375,0.4160641465950901,0.447826550869968,0.016800826039036303
isd_audio_d03416e22ea1e9d4956b,ISD_PlazaBibRambla_PlazaBibRambla1_BIB15,test,7269b5af2eba217f77fbfc97da31b04ba204b551113e444a5e40ed96ba668997,48000,2,30.72,0.039953336046931395,0.24606498330831528,6.158809442577555,0.027002649605746533,0.4954052059178605,335.2665150870757,617.9114372769587,644.53125,0.5619669255695859,0.380333578918463,0.01966638350291018
isd_audio_1f9d7f1d78d58486879a,ISD_PlazaBibRambla_PlazaBibRambla1_BIB16,test,a0b2cc2ef8a5f9526863045bbff6a47185ece26c0f0fd9de4c276657a55bfdc6,48000,2,30.72,0.04281905599227308,0.3464718461036682,8.09153396950626,0.02131416918549885,0.10626274023926764,222.6676878503327,458.5729342754525,550.78125,0.4961392920932084,0.22452152892821434,0.01046916799203472
isd_audio_00e29f2c5ae1e7f88859,ISD_PlazaBibRambla_PlazaBibRambla1_BIB3,test,aca497d10d077d65f5df3433a07032aadd344e32b1b349b7825c2b44ddb13378,48000,2,30.805333333333333,0.04672087416125634,0.5130442529916763,10.981049952552524,0.03423313754729805,0.27554766087122684,608.6900806567218,705.1506008993917,1054.6875,0.2842143725040653,0.606067229958671,0.03443346964565141
isd_audio_4246d7291e5d3ef33f7a,ISD_PlazaBibRambla_PlazaBibRambla1_BIB4,test,d4ace5c8599e9746e19ff7b44a42d4b2cfc00ffe09ef313205832043713ec5e2,48000,2,34.51733333333333,0.03791351020460078,0.3705042712390423,9.772354742138381,0.03494321388240563,0.08057590243932136,509.72480007931813,711.6197275192221,832.03125,0.36573521051067354,0.5752804093905922,0.029869739610496996
isd_audio_472fe26dcb2cd6ab7aab,ISD_PlazaBibRambla_PlazaBibRambla1_BIB5,test,e4ad7770276d91d133268a06c41ccefd8de747f96dcc8a1c39ef68b276584e4a,48000,2,36.138666666666666,0.03901285221890672,0.4055936485528946,10.396411066718484,0.03025270154584053,0.20263817719704022,496.7794670788004,655.0506217722079,925.78125,0.42624958771033045,0.5185656182861688,0.025376887139036314
isd_audio_6cc857fbf43a06d6bd02,ISD_PlazaBibRambla_PlazaBibRambla1_BIB6,test,011767530341279138612a196440719ff7f0aa8470c90b83920716f0827e3305,48000,2,31.744,0.042964900458555215,0.23918477073311806,5.566980679120632,0.02143976121456103,0.41617351035118466,248.93579827722237,496.71488110017054,539.0625,0.6869751773374674,0.2280654496596962,0.01088843477123848
isd_audio_876bc50e8ca65fb5a688,ISD_PlazaBibRambla_PlazaBibRambla1_BIB9,test,d0a286a6428d9a2a31998b392e41c6c303a8d131299201d268fafdb32a314b8c,48000,2,30.208,0.04412340020322442,0.8073541522026062,18.29764135320666,0.03605214681827304,-0.014984231445071059,600.2508125282314,782.4815111066564,867.1875,0.23680335283508447,0.6963582987242757,0.03538636702674927
isd_audio_e967cf4bff70aaa9c224,ISD_RegentsParkFields_RegentsParkFields1_RF101,train,5dce7401dcf8b90f5bab728f62a4d0670ceb272c3a0662be68bd5736b61354e3,44100,2,35.619410430839004,0.024395110147997896,0.1593362782150507,6.531484270757736,0.01727701861772392,0.5530082015500284,190.01501094321446,459.22951082490306,376.8310546875,0.7062598956623761,0.20935159947158205,0.00553590068449144
isd_audio_2c37975e68d9e3ed9c69,ISD_RegentsParkFields_RegentsParkFields1_RF102,train,c556af39f2371826ad06dc3746a8fcbcfa363562406ffc10f5f887d0fa40b68f,44100,2,30.50199546485261,0.03294875743611699,0.28004714101552963,8.499475027502985,0.014206731358961949,0.3187219943783344,148.87469972935966,396.5759399493954,301.46484375,0.6025343926296507,0.15977834870773053,0.00558813875702605
isd_audio_f0daf26a850ac8c0d2a1,ISD_RegentsParkFields_RegentsParkFields1_RF103,train,9578a0ea35d1427d722151b6bb8d705aaf3883e17221403d563c77783df8ee40,44100,2,42.67827664399093,0.031691733796093864,0.27470166981220245,8.667928096949387,0.008140327536473672,0.4259836053478572,55.69097226866337,210.20587200856727,64.599609375,0.7012347765720498,0.021004316388510386,0.0013836004752898928
isd_audio_a2d4ca8d6891103c916b,ISD_RegentsParkFields_RegentsParkFields1_RF104,train,c0b42e28a15d4101aecebb48c906056196a6501bb6cc3e4e60ecfab1ff9f885c,44100,2,38.684444444444445,0.02601482757663949,0.1867214236408472,7.177499950394338,0.013021817919639293,0.7434392343296506,101.16828601124224,343.4475991213171,96.8994140625,0.8550877549422979,0.05146131672952029,0.0060354866615253445
isd_audio_ff8c47a08a09c952774b,ISD_RegentsParkFields_RegentsParkFields1_RF105,train,b598ce63010df3e8fcb09a72cb06a2891d7bb2b20b01358e47116c490c68b0b5,44100,2,45.97551020408163,0.06277644075652915,0.4277289807796478,6.813527107064624,0.012635146698995176,0.7278648853913859,116.52859005228967,337.3408955932961,107.666015625,0.9379014440037343,0.028772957036630315,0.008565332530985336
isd_audio_f417a28a8fd0c932e170,ISD_RegentsParkFields_RegentsParkFields1_RF106,train,7868bf7a535466cbcffd2dd7e96ce5863a0bc51bd353a33f15a4e0d5385e67e5,44100,2,35.52501133786848,0.02813819403282178,0.15753379091620445,5.598575044739874,0.010687759630090153,0.6335056871643258,83.00128539950443,263.07369140016306,86.1328125,0.8138878902490392,0.041921812552052226,0.002970369693145264
isd_audio_b2b2e98e4e98d97d36ec,ISD_RegentsParkFields_RegentsParkFields1_RF108,train,f0b07f3ef5c0e41c50538fa9a2dc298b71f07890eaf490b8931fe6c1a0bf3efc,44100,2,35.294331065759636,0.029360349615084987,0.1890737982466817,6.4397665806247035,0.01580361829488223,0.48505592494294036,123.85500361082347,431.04535561596924,118.4326171875,0.7727214696225044,0.07736462248877625,0.006132598928243174
isd_audio_b3512a791a5f6517dc7a,ISD_RegentsParkFields_RegentsParkFields1_RF109,train,376ecb3e3277aef3c8c65741ce3b8b0a89a8700df3f9b24c37058f971eb209d5,44100,2,40.263401360544215,0.025598763437208273,0.15075884759426117,5.889301956481633,0.01064870481495144,0.6460140602056186,89.7243781035382,252.07030498218322,86.1328125,0.820123731930673,0.054050586911306105,0.002251068133676198
isd_audio_c053994047471718e8e2,ISD_RegentsParkFields_RegentsParkFields1_RF110,train,b530269f66fe356d6fbce9ef589cb44f0f5fdb115e89761679c68cc5ac3a7c60,44100,2,36.96616780045351,0.025524999135568695,0.14654628187417984,5.7412844990059115,0.012035281409048054,0.5074216782017883,95.44175393803133,290.7303519454566,96.8994140625,0.7710087437039951,0.06763098560567474,0.0031731168046690286
isd_audio_2952e275455e5f8db96d,ISD_RegentsParkFields_RegentsParkFields1_RF111,train,2d9087c4b1e7e405753eadaa2700dca291910627590e1756913531e5f78d3246,44100,2,36.08380952380952,0.0339549649782024,0.24188876897096634,7.1238114698763,0.013313684766181003,0.4859939042750787,88.02843080689205,296.4694937014946,86.1328125,0.7076285143558473,0.05808062393035751,0.0037448658133775814
isd_audio_60dfd856c83d1a1582e3,ISD_RegentsParkFields_RegentsParkFields1_RF112,train,608c3e96eead415a51b964705c7e86fbbd4c9c9d282d3f5c335bddc65f543eb4,44100,2,41.707755102040814,0.029736524562214647,0.2025820016860962,6.812564839655518,0.010969324926562175,0.6255896961087613,91.25909475877128,286.38574303028986,118.4326171875,0.8042070780591488,0.031974811744196315,0.00485930457047894
isd_audio_232e86fa5e9a1e8a30af,ISD_RegentsParkFields_RegentsParkFields1_RF113,train,f3e973858579450104d3d0fead4192b11189adf367238a73c590cbd7ca8ffb2d,44100,2,55.882721088435375,0.422349085034932,2.750172734260559,6.511610494037404,0.007284451923307122,0.9398044328585556,71.12753255617349,187.46885111450752,86.1328125,0.6326392102213316,0.05836299262787848,0.001280574297771537
isd_audio_9628bf2f69b5d8b51f22,ISD_RegentsParkFields_RegentsParkFields1_RF114,train,2915e5174942e7010e915660926aa1fbbf137eeb441177d9a6fdb374be32246e,44100,2,31.02185941043084,0.11550449846352744,0.5041515231132507,4.364778253830914,0.005394488411717881,0.869692447769636,41.48054789625418,123.74209980798508,43.06640625,0.7345870402970712,0.022104201695804442,0.00027604139399017147
isd_audio_617ad899e3a5d1d56b55,ISD_RegentsParkFields_RegentsParkFields1_RF115,train,4878e58264e66757cbfe28943aa30645f653981be4b5867c868757fb0e6644b6,44100,2,20.936780045351473,0.8384905562062088,7.056845426559448,8.416129882831939,0.008028714051928332,0.9193543243180031,60.12628922601964,173.14177361386774,96.8994140625,0.6889544150703981,0.03486395979588523,0.001015217183823177
isd_audio_fc004052a81569b38d01,ISD_RegentsParkFields_RegentsParkFields1_RF116,train,10b541f9272089205b5b6f6f1a98400472f480dfc54b707219af99a1478111fb,44100,2,43.165895691609975,0.17760227656241243,0.705297201871872,3.9712171235824147,0.005047764385130397,0.834962230462029,45.47580513313846,118.17879410866065,43.06640625,0.6476915331987706,0.026434447197996886,0.0002985621280444112
isd_audio_20a6f372646733200250,ISD_RegentsParkFields_RegentsParkFields1_RF117,train,9e0261bc0a00505d4a88fd05b1af751934e3b1684642d9785640890f9513a650,44100,2,49.458503401360545,0.11740190405513085,0.6324009597301483,5.386632907019793,0.007239861740693653,0.8010299138632612,63.005401926933025,165.2064899905769,75.3662109375,0.7369993051319432,0.04120704191474667,0.0007917066381201374
isd_audio_75a1b8be610d1bfdfaf4,ISD_RegentsParkFields_RegentsParkFields1_RF118,train,d9a5ab79feadacd49de0baa7e5b2465abf59a65198b3f21865b71ac6a7e70042,44100,2,34.80671201814059,0.029173737274473612,0.2732005789875984,9.364606818017895,0.013159823449893322,0.5561709887168288,86.64450310305392,350.93158846426275,86.1328125,0.7442948925162651,0.046183808173478585,0.003630333719355357
isd_audio_6b01ecd77bc01c6d9e08,ISD_RegentsParkFields_RegentsParkFields1_RF120,train,9f4a20b3bdbf0d53f67bef978b32da5463205c86df123c3edc1df33c3614f264,44100,2,41.61015873015873,0.05302099757537905,1.2233800999820232,23.07350212041493,0.016470236898278864,0.11827862162462377,56.304431360985774,252.5310020172454,53.8330078125,0.6470424092117244,0.02372913714986455,0.00275451503077217
isd_audio_abc7c75243232bbe0a80,ISD_RegentsParkFields_RegentsParkFields1_RF121,train,30b88152d23bce2df71ad3a6694d018b27110decee32eeb23e137f0aaf46b91e,44100,2,38.87020408163265,0.04894873095009903,0.3937457799911499,8.044044704500216,0.01304009217261948,0.13213779808440712,65.05617813279015,333.54987756839836,53.8330078125,0.5833646211979464,0.03785990168072123,0.0031736938508349403
isd_audio_b7c6bebeb507b0d92386,ISD_RegentsParkFields_RegentsParkFields1_RF122,train,11eb13f1498247c268820f5f3a8875d5fd44637937aaa28f3c4f2acde32d26e5,44100,2,51.22321995464853,0.048518575225595356,0.3709499463438988,7.645524309382623,0.008270239665188542,0.11414816038425005,38.45020708757035,153.92699165029538,43.06640625,0.5865439052610583,0.014649761328034323,0.000783457076783134
isd_audio_4e63f3b2422b41277eec,ISD_RegentsParkFields_RegentsParkFields1_RF124,train,097fb9aec0968c78057f6ba97522fa52184f3ff912ca553ff3b0efb4fb95ba09,44100,2,25.0,0.021800985854469955,0.09777180477976799,4.484742361305711,0.010027219979337849,0.5943662462858466,72.1050844053614,255.225704813026,86.1328125,0.7731363656164489,0.03212679945054061,0.0026190626468026216
isd_audio_2ff237764fb573decf34,ISD_RegentsParkFields_RegentsParkFields1_RF125,train,d158fc439c06ecc10fdc97dd21f52a5d198b3464bf74e665e387f2d90de13c99,44100,2,37.755646258503404,0.03407212565540651,0.5581603422760963,16.381729391383846,0.01046832386099171,0.2229100490037762,53.24861891699088,273.82796263872814,53.8330078125,0.6025739579518813,0.016822213078081075,0.0025118335684855024
isd_audio_6c6760bff55113dead07,ISD_RegentsParkFields_RegentsParkFields1_RF126,train,543596128ac641897b63c49b792063b3e6b72bf15b24977d90531d4335f063d6,44100,2,35.38721088435374,0.021652081999999098,0.10996007546782494,5.078498939170354,0.012801691684154879,0.7088655639551518,102.45428832312862,303.76885872416057,96.8994140625,0.7743364753850048,0.06788003459021148,0.003905576317046578
isd_audio_3a31da7e982fb2f533d2,ISD_RegentsParkFields_RegentsParkFields1_RF127,train,9959313cad9880ed552f2b62d9089efd71b6a8ec45e880b39313bc8b9f12496f,44100,2,31.161179138321994,0.019917178507842376,0.11712993308901787,5.8808496917822985,0.011480803110448426,0.6812012567404311,95.53355212651263,303.62272891941393,118.4326171875,0.7929521215084734,0.060740835902398066,0.003645582560512654
isd_audio_f8820c7e940349a38da7,ISD_RegentsParkFields_RegentsParkFields1_RF128,train,8244b3112770e15a5087a35311caaed3aafbcd16f7cf8fd759d7dfaaecbdd07a,44100,2,34.06367346938776,0.030463322208595812,0.2649138569831848,8.696157798194259,0.012145463308319027,0.6016433356792508,167.32753511038578,319.0114400446384,258.3984375,0.7923207612277612,0.1502069793923576,0.0024677979405176146
isd_audio_55261cddba267ff129d3,ISD_RegentsParkFields_RegentsParkFields1_RF129,train,e73a45cc2572b3b20863783eabfb095e85979c62cea146e458eda74d853581f7,44100,2,36.36244897959184,0.025693850014773582,0.11244817823171616,4.376462778721761,0.009762513072288743,0.8296606299760481,79.39623827964857,235.05096507165788,86.1328125,0.8444095964976218,0.041112486061178496,0.002341203891992287
isd_audio_e9d4a8ca7941ca33e5cd,ISD_RegentsParkFields_RegentsParkFields1_RF130,train,8627eab21882b237f2775b2b49691a0313ea472afa2b1cad69c1352bd7e9b47a,44100,2,30.15501133786848,0.02536675143584323,0.13148942217230797,5.183534143300405,0.015011636782006791,0.41844605651852185,131.8043314345355,422.1552092515458,172.265625,0.7732698527917093,0.10355364657073321,0.005973898371546197
isd_audio_7427db62271387edec85,ISD_RegentsParkFields_RegentsParkFields1_RF131,train,35dcbde4f3b2160f06740871fe1a123388b048569ef8160c4d298b049b7baf68,44100,2,32.90267573696145,0.02570115429772977,0.16655904054641724,6.480605447403182,0.014367952739028826,0.5860784786735319,121.47394697934742,386.7738679256941,129.19921875,0.7790358389044973,0.08188410813552131,0.004890789143013534
isd_audio_caec2ec1e791298ba5d4,ISD_RegentsParkFields_RegentsParkFields1_RF132,train,42e5b4dc8b02e33900f2faa2c2adb9534456ece3d504bb7d9ec0963770299ac5,44100,2,33.80825396825397,0.028194311925894035,0.21616234630346298,7.666877874928261,0.013777857369463487,0.3877534527554428,143.8049862588856,506.8894496670445,193.798828125,0.7027446804324368,0.10345719397137931,0.009100594319721647
isd_audio_a90f5f99f5a4eaec1eb7,ISD_RegentsParkFields_RegentsParkFields1_RF133,train,78e3c37321c3388f155bc2735fed9dce621cfd4694fb00f6e129b6e4f94bfe0c,44100,2,35.92126984126984,0.028171458479614872,0.19159983098506927,6.801203818528341,0.016203246330628793,0.5000704135125121,171.37321294366998,484.1599766687633,290.6982421875,0.680257138036269,0.1554928407964712,0.007300511830949271
isd_audio_82e5495016ff18fc420c,ISD_RegentsParkFields_RegentsParkFields1_RF134,train,c6090986d2d33b24a6a4a59dfbc3db92a7550778145d163114f8faaf2c8c3a40,44100,2,34.528072562358275,0.03909484307333015,0.23608212918043137,6.0387025659014,0.0138636502446005,0.2305562614635418,81.87473790750752,321.0489672464843,75.3662109375,0.6004708492925115,0.05622833036987559,0.003745515977536472
isd_audio_fe2cc3e905a7fbcb878a,ISD_RegentsParkFields_RegentsParkFields1_RF136,train,f63c49744d09eea32f1063993b3e77a6c8cc21e110ab087a333e007c944a2033,44100,2,35.80517006802721,0.056020378036825656,0.3190140202641487,5.694606702840189,0.008765002308412819,0.11372783887315925,53.67564689310808,234.55141280011202,43.06640625,0.5657778498175818,0.034144540162479135,0.0017384616607283572
isd_audio_6671990e3933d03d1e10,ISD_RegentsParkFields_RegentsParkFields1_RF137,train,87bf6120ba427684614f1b9599a918d7e8a60086b2117d78f2d574c189f48d01,44100,2,21.532879818594104,0.03275195617891064,0.3692762264981866,11.274936510081428,0.012675876870131497,0.2832424649754556,112.05811407154278,331.4248567525967,107.666015625,0.6371283078147143,0.09576072732280373,0.0038735939784868244
isd_audio_667bdeb0ee3e061c7e5f,ISD_RegentsParkFields_RegentsParkFields1_RF139,train,f9f436a48d361e8385be0974f53a436fd14791322df06e1b86405d3c81b3fe51,44100,2,32.507936507936506,0.04455751389831538,0.342307910323143,7.68238351682554,0.01048340575014352,0.17890639242625778,56.82657818934491,230.0413329996549,64.599609375,0.6741729146425743,0.029103606622663102,0.0017337903446104385
isd_audio_f3054ff57678be92a130,ISD_RegentsParkFields_RegentsParkFields1_RF140,train,02ac93ebf84859bade0dc3e7ea73f25c148a77e9293fdb08eb5889227f7d918a,44100,2,32.128798185941044,0.027650886161961746,0.27263093553483486,9.859754003467806,0.016514465949456516,0.5994120376273434,162.1151635249651,520.4870802256924,193.798828125,0.7500415739722806,0.12259656443026594,0.010657538128647583
isd_audio_e1789c0b875ea2420a71,ISD_RegentsParkFields_RegentsParkFields1_RF141,train,1da61c247517aeb81875e2235a548a861f8e0b71fa0b5905837d7dd5ceb0a418,44100,2,35.59619047619048,0.027266242383455565,0.14207934960722923,5.210815176110927,0.012477457190160983,0.5936794231720656,94.3634363027898,301.1324258147134,86.1328125,0.7840985856859332,0.0538971647937531,0.0032831674165209497
isd_audio_56f2d7eb7f9078522fc6,ISD_RegentsParkFields_RegentsParkFields1_RF143,train,8aafdef25da20ab09b15888988650991eb1329d24202992920e1805ed2518783,44100,2,42.20600907029478,0.0892549419549963,0.6602456867694855,7.397301172436944,0.009584243995005598,0.8508556429814818,93.4520807803795,246.65756881733628,129.19921875,0.9547734209433882,0.0319759258223288,0.0033596232616531115
isd_audio_0abf8393746313983728,ISD_RegentsParkFields_RegentsParkFields2_RF201,train,8e156a1be8c1111767dc0852f2727841bd6d5cef2462bbfb24b62a72641f2e78,44100,2,41.35473922902494,0.04002383586066833,0.4446198642253876,11.108876864606529,0.015483541266505203,0.5792411167906276,147.8013672803553,599.3723725759528,96.8994140625,0.7939902359975096,0.05103667159149844,0.014560386471701393
isd_audio_6072823acb7bb9ec7af3,ISD_RegentsParkFields_RegentsParkFields2_RF203,train,1867b32c78538ff011c6ab1b33c9a42af1832b7cb9459514a5c092e342283e92,44100,2,25.98312925170068,0.02570385365715341,0.13198158983141184,5.1347004846754265,0.0090290656322135,0.6004217626686562,87.77979106180267,228.7258956131874,96.8994140625,0.775010913834172,0.06281816325127161,0.001703729896029425
isd_audio_1dab543dfb66bb51c970,ISD_RegentsParkFields_RegentsParkFields2_RF204,train,bb8dd1074254c24c91c8f92b2ed42308430f61cc3c2022b76d8368cc724ec54a,44100,2,36.57142857142857,0.05416092976294523,0.4911937266588211,9.06915240947131,0.007848467167948393,0.1298715606020833,36.522849537038375,156.92862255630695,43.06640625,0.5777646814021994,0.010699353899529621,0.0007443951497846584
isd_audio_0265b403106c0bf7daed,ISD_RegentsParkFields_RegentsParkFields2_RF205,train,69d7c65c8596ed94525d270925bf7c257d571caa7916bfc9c4e06a9089fc2ddc,44100,2,41.16897959183674,0.039544080146782325,0.300324946641922,7.594687890757759,0.009675299674864545,0.2147247706889511,57.41395385714832,232.71445247172133,53.8330078125,0.63949135601421,0.02403451013754917,0.0012456242407269417
isd_audio_441a5b6e00907327d6a8,ISD_RegentsParkFields_RegentsParkFields2_RF206,train,6035df6d3ab1b02a59f947ab5737e034b2265e632625f81af85edbe3ab23eec5,44100,2,44.32689342403628,0.03690105162194648,0.19480293989181519,5.2790620139388755,0.010294068748193563,0.6314973222028663,101.35833136053084,255.69312464438232,118.4326171875,0.8287837378099137,0.06968431037940484,0.002603805071447259
isd_audio_da57639b659fd0efc3ed,ISD_RegentsParkFields_RegentsParkFields2_RF207,train,c9c2aa1f90d2514ac97bac0fba807aa16704d646e8bd21d4d5906c4e8cf60b9e,44100,2,31.48625850340136,0.05167181361789192,0.39348553121089935,7.615090387976061,0.01947436989707917,0.14302746308656247,159.2714346922698,455.5395730441701,172.265625,0.5619576687757838,0.12959164498247178,0.00749072216616996
isd_audio_7de0559169767751755a,ISD_RegentsParkFields_RegentsParkFields2_RF208,train,d2259ba5e7a47439567bbc6db518f44d827aef822773547da48145c420d0718c,44100,2,41.912018140589566,0.0269399275219016,0.1739041805267334,6.455257920993029,0.011914609978039505,0.8160593447696924,101.4423162238574,297.2602567266088,107.666015625,0.7815824742024624,0.07898125033706177,0.0031198918967624972
isd_audio_9699712cbdf5e9b2a99f,ISD_RegentsParkFields_RegentsParkFields2_RF209,train,7f30c233fc8fa005fd5f1e65adabbf5806b413951e678b064272b8070fb55d38,44100,2,31.7881179138322,0.028747316689438026,0.14393901452422142,5.007041738163537,0.014940917569934122,0.7133112777621731,109.8029384492769,354.42047179301943,118.4326171875,0.840700353357801,0.05463428222171717,0.004089017845923018
isd_audio_3dd71f4b9459fa76a891,ISD_RegentsParkFields_RegentsParkFields2_RF210,train,0c6b18b26856819f4b2043897ff65da51b95509b644699166ae14b1563fb2f34,44100,2,37.8485260770975,0.03332272321292182,0.168844074010849,5.066935044053512,0.009998687930578946,0.5703444133200498,72.2309170917758,226.37265985844255,75.3662109375,0.7851232784005192,0.040605014091608126,0.002122749618424499
isd_audio_fe8883da945f81784425,ISD_RegentsParkFields_RegentsParkFields2_RF211,train,d88b6658bae2f0d6c2120889f3c9d8bbfacaa124d0eb492c66c3a955794e8c5e,44100,2,37.77886621315193,0.02478582339733197,0.1124134436249733,4.535392745397914,0.008928319549208396,0.8358823205152373,74.07741374670141,192.2939737440861,86.1328125,0.8667924894445994,0.033570668920857936,0.0011361693590652738
isd_audio_6bde741875b29f4b6485,ISD_RegentsParkFields_RegentsParkFields2_RF212,train,dcb0da446b8cb04f089f9d9e758dddd64d3465e234f84244c2eb467c0e26e488,44100,2,47.87954648526077,0.03257944388695651,0.2477718200534582,7.6051580534392125,0.008518167528381656,0.4520683949296474,62.296992952682736,203.3491621259993,64.599609375,0.7519492290796314,0.028804444374683515,0.001304177059135605
isd_audio_91947776eda13d3a1a06,ISD_RegentsParkFields_RegentsParkFields2_RF213,train,2cb087365378947532a9409efec4358275d90e7da7d65e9536fe08508b53a64a,44100,2,36.85006802721088,0.05098075418080923,0.3195371814072132,6.267800203071478,0.009389035787007095,0.04706681860616382,43.76900509460182,215.3028203688076,53.8330078125,0.5808699142432397,0.013314975872901745,0.002036430749733914
isd_audio_9ace2b00d547f58066a9,ISD_RegentsParkFields_RegentsParkFields2_RF214,train,3ab1a0c581c07fa015c7442de0392b26232ea77b9c294222c8f08472c0e2dbac,44100,2,35.59619047619048,0.04985881458371867,0.7362268343567848,14.766232219993427,0.020562609927053985,0.04464181456617785,76.68252377481905,333.08280669220983,53.8330078125,0.5147916741171821,0.05291769129657939,0.003919585099384588
isd_audio_297f53356f668b973d31,ISD_RegentsParkFields_RegentsParkFields2_RF215,train,d75dc6b1fa4815610c2eb5198d94dab73cbb4d5ba1ac8792475464f77a7c635e,44100,2,42.09777777777778,0.02619312520869929,0.16146741062402725,6.164495810923719,0.015164467110617712,0.6473217174887739,105.68982821830674,347.7924060014054,107.666015625,0.7981380568390908,0.059931606121313874,0.005067270586551825
isd_audio_f0010a51d2e3b53c16fc,ISD_RegentsParkFields_RegentsParkFields2_RF216,train,d60c15624370cbabfe18d852ac0217f92677db6dca2aa020dc6834b45f6973ea,44100,2,34.690612244897956,0.03145122462268334,0.33011215925216675,10.496003357976793,0.013718293563769116,0.47196160226963174,93.02287238032255,349.4900734533401,86.1328125,0.7535086228662737,0.05033777020508983,0.004553009176001879
isd_audio_0a88650cd6d3f80fa586,ISD_RegentsParkFields_RegentsParkFields2_RF217,train,8648c6d3fb19bd1ad3dd1f19612541266f3d30dab3db3f3af442338eff820cdf,44100,2,44.419773242630384,0.07837756190376009,0.4376578778028488,5.583969023433639,0.004124230248336959,0.09348632624026999,29.174301090320697,80.23531164324028,43.06640625,0.5906297129473176,0.0034482106547378865,0.00019013269180115846
isd_audio_800b008641d805ce2db0,ISD_RegentsParkFields_RegentsParkFields2_RF218,train,213ee5d72d2962f0221c8ce2e8756b3086909b05aeef95036ad2fa1a38188e2f,44100,2,50.89814058956916,0.03153252452087177,0.2980286777019501,9.451468990523775,0.008889306680412205,0.3520766210585596,66.76874650398092,217.23721037657677,75.3662109375,0.7101188994196737,0.03439159736854262,0.0018825392498597493
isd_audio_7ee90dfa63701abd45aa,ISD_RegentsParkFields_RegentsParkFields2_RF219,train,76237731df9f201ec41c35e95c468305c0e17fc1a1157d273f36dbc8ecaaeffa,44100,2,36.664308390022676,0.02936069443314049,0.1462806910276413,4.982194524068509,0.01226981343872051,0.4104896516247047,71.0423361177696,312.37214673846086,64.599609375,0.7048670761748379,0.028340158732431283,0.0035508209471744896
isd_audio_b1b0b8e5c7795b038694,ISD_RegentsParkFields_RegentsParkFields2_RF220,train,cbfbe92b23eefa1bf5f31d0546cc481acb5c706e258179be06a7bfb13ecabe9f,44100,2,59.025124716553286,0.06319901366107057,0.8525097668170929,13.489289111203696,0.015394119186002957,0.05842673636220699,49.07900688959807,249.41081286523536,43.06640625,0.5384455783393302,0.02255024361540741,0.0022436064664561658
isd_audio_233690d4e7cedac7394d,ISD_RegentsParkFields_RegentsParkFields2_RF221,train,91d557fe18dcca5da20328e4b53c0bcfbfa67d7387792b7617c7d32a86c6fd83,44100,2,52.47709750566894,0.025170483186898372,0.15884944796562195,6.310941541571421,0.01056934914673895,0.742751317911875,86.77036277067704,237.16013006401744,96.8994140625,0.866210171879814,0.040534064081890295,0.0019965144904359965
isd_audio_cc28962adbf8575b3621,ISD_RegentsParkFields_RegentsParkFields2_RF223,train,bd95b838ae73f7afd5b0bab14a69221953c62bd4c0f14949810d22b08cc67cde,44100,2,44.74485260770975,0.04805462552553654,0.6356692537665367,13.228055505889603,0.010631715137537268,0.016151781442958906,49.566786715741245,203.12773413758026,53.8330078125,0.6053150874768557,0.023667650726930032,0.0013457395823566736
isd_audio_1d0ddc1962efe4ce3ec4,ISD_RegentsParkFields_RegentsParkFields2_RF225,train,258568e73e22293e048ca4c29eab12f3e8a04fe3a55b702d4a4066205182613e,44100,2,34.249433106575964,0.03168937738959679,0.2281101495027542,7.198315911932047,0.013033642103841435,0.40401565752190355,125.00779377467023,324.4990999758023,161.4990234375,0.7195216902733775,0.11087097772089322,0.004374089472783905
isd_audio_bf3f3bc5767637157cb0,ISD_RegentsParkFields_RegentsParkFields2_RF227,train,06b90589ef05175fd4feb81abf70ad1846fdeb458508699ec6c9c40c7b6d63db,44100,2,47.67056689342404,0.034843518953848594,0.24493850767612457,7.029671945607842,0.010316938206349229,0.41469618864246865,72.33136984896787,252.90320743642772,75.3662109375,0.6979158142314923,0.04610840892462636,0.0029257942644159204
isd_audio_031c8d1fd342243ff418,ISD_RegentsParkJapan_RegentsParkJapan1_RP102,train,b3d3f54a50e9cef681301934050d6b04c4d71f921899f1829e1c96ebf260e1c8,48000,2,32.85333333333333,0.05173053768011744,0.3865935504436493,7.4732173254065355,0.10611309488705793,0.1572498526703533,1325.4767642915374,2382.3978140271784,2636.71875,0.3967949585418624,0.37921461632097514,0.1888936792649754
isd_audio_4339f013605be546c5e2,ISD_RegentsParkJapan_RegentsParkJapan1_RP103,train,d9c4fa0f272d2cd9016381d678fed16535614876d69e634e063d257cd5aa73b1,48000,2,22.0,0.05501810841075407,1.5449372231960297,28.080522355691343,0.11087037014239597,0.11093384359791206,1426.3175985244302,2442.1931919605277,2953.125,0.3592391147255042,0.3774867203061406,0.2192636176268343
isd_audio_1cc08240128ad167d121,ISD_RegentsParkJapan_RegentsParkJapan1_RP105,train,8201de0c81f2a9c6476dadfdfc56b50b4b164d99fd1322488b062cd0c3c97430,48000,2,51.114666666666665,0.03868244129448816,0.39947492629289627,10.32703502996894,0.04721331092727419,0.24669610469354447,346.35707023855116,1024.7645732350504,585.9375,0.4945304660007452,0.157997006071568,0.040543346646864
isd_audio_6b25a5095fee557217c7,ISD_RegentsParkJapan_RegentsParkJapan1_RP108,train,69bb16df266671f402de4832b8e6a3692dd7fd5a1130eaa439c6209f3b72e18e,48000,2,31.530666666666665,0.04936300217035518,0.2536003589630127,5.137458173387025,0.10665879954092282,0.20415582336251184,1366.9511176129172,2382.1231838323397,2554.6875,0.3607122933969157,0.4158746102193196,0.18631254690395477
isd_audio_08ac2bb258ad609a02f7,ISD_RegentsParkJapan_RegentsParkJapan1_RP110,train,7387e3a2d2c78966bdab8827bb97535ec9b0a857eb009610410857378b00432a,48000,2,51.84,0.04055431064901561,0.40087394416332245,9.884866435845902,0.06526655143492455,0.43633216855752777,720.6993455631614,1419.2059563249632,1195.3125,0.43912839672720705,0.4392976889676336,0.07266955415688096
isd_audio_f80bf3b32c44758a7be7,ISD_RegentsParkJapan_RegentsParkJapan1_RP113,train,00762da2b0fe92f02b0e5621d26b07da60c996b3435de4aa2defd97d75bc63e2,48000,2,32.68266666666667,0.03409104585391761,0.1759706437587738,5.161784842648116,0.05195290313985442,0.48145955381768957,443.4199112674189,1271.120656245034,527.34375,0.6533035053713279,0.16062466455722632,0.061203137377835976
isd_audio_03f74c783a556cec974f,ISD_RegentsParkJapan_RegentsParkJapan1_RP114,train,d3146beae2f2664182f0581ee1e2f9fbc9dfaeba479541531310825f02755b58,48000,2,47.06133333333333,0.04548170477820467,0.2234022095799446,4.91191371716131,0.10870128197125824,0.1646209748665672,1402.8703734556714,2440.7242132421034,2941.40625,0.42247938582036404,0.2548825857036093,0.24004005828339675
isd_audio_48461e8e2f7bb8c4374f,ISD_RegentsParkJapan_RegentsParkJapan1_RP116,train,14f3148dcf192e8076100c743f12743fd651d76a74f09876dfb36b27e11e7e94,48000,2,53.376,0.04357582373893451,0.2331317812204361,5.3500257991023465,0.0951930233910619,0.3217092933098229,1124.6431782593777,2213.337735685133,1968.75,0.41542960030535175,0.3588368473095488,0.14775093481690152
isd_audio_c5fc82207b4ae051226d,ISD_RegentsParkJapan_RegentsParkJapan1_RP117,train,45530faa2f71e5fb87dfe638a65c9f3d4892ac91d6f76a46d0223098a08b73b8,48000,2,37.93066666666667,0.07015202785277583,0.6071277111768723,8.654457037949317,0.0590853591890023,0.03824500087751402,358.5896261554255,1317.5492503632809,164.0625,0.5142520551503537,0.07079455880641083,0.0566052450938272
isd_audio_81567d5cf7f75d8235b6,ISD_RegentsParkJapan_RegentsParkJapan1_RP118,train,adb28273ece8341fdfed7204c3b358e91f0da5d02dcc10efbfd3e75da1bc8833,48000,2,33.49333333333333,0.04605519051448816,0.30104851722717285,6.536690302745968,0.07303945625961401,0.4067168826441203,655.6128813230335,1660.3397216618594,1066.40625,0.690676909705934,0.145890201449907,0.10147844925933526
isd_audio_e952782ed63efac93b88,ISD_RegentsParkJapan_RegentsParkJapan1_RP120,train,ed346cad479107b55dbb5ce1ee0aff4bf0023cc529135e7c9836134a022a6e63,48000,2,42.410666666666664,0.06420994221007204,0.4148486852645874,6.460816985434287,0.08515747078047915,0.5087470841538411,859.2957040205198,2030.1980767265077,1207.03125,0.5667631958404105,0.29544232390448966,0.09181610121159918
isd_audio_813bd1eb1c1c95a5c382,ISD_RegentsParkJapan_RegentsParkJapan1_RP121,train,bd8cf097fa819088472551d0134a86e1d10c9381c58b9ac7f4c17192ab76474b,48000,2,31.488,0.03952327792445067,0.46626943349838257,11.79733711332505,0.09113530758761776,0.3193572120116848,1021.0809203295954,2083.9590892618135,2214.84375,0.531231350652196,0.24385391805236614,0.16296687274743282
isd_audio_bb182d7b76adc23e7d2d,ISD_RegentsParkJapan_RegentsParkJapan1_RP122,train,2305db1531d779b08c9f9380da9fae2a08fe2a05bc5638233b56e0bc797054d1,48000,2,30.549333333333333,0.053108344536281916,0.29663607478141785,5.585489010653789,0.08045393820237362,0.25646151020092744,886.8866689758516,1864.0354216328494,1746.09375,0.40890781851848496,0.30722624044213587,0.11865102690838761
isd_audio_cee9a73ca5a230089921,ISD_RegentsParkJapan_RegentsParkJapan1_RP123,train,7d27940f9690fb0c3356f05186b9a7775d3995621a6df75bf49a4ec2e84d9e59,48000,2,31.530666666666665,0.06664863642320597,0.48865166306495667,7.331757846658903,0.09473521461593912,0.02235468088868685,1014.3370673548535,2246.2777622767853,2085.9375,0.3867038472964273,0.23216854760486025,0.1535712760156154
isd_audio_399f827ed222e07fd8ab,ISD_RegentsParkJapan_RegentsParkJapan1_RP124,train,d5cd36769a906f85becf0b6eb7a2c08ea8e1388381aa4071f10485fd645cc21b,48000,2,28.5,0.04765884215348815,0.4035191684961319,8.466826936260311,0.09644378395013446,0.20286010214200303,1108.009147021785,2132.090521563916,1945.3125,0.40654820993980456,0.3956765320228945,0.1468365695097392
isd_audio_734ed1130da873611b00,ISD_RegentsParkJapan_RegentsParkJapan1_RP125,train,d1071d76ead459d3139ed930c68abdd92a9bb28bc824152c6a65d28dbb51381c,48000,2,39.68,0.04427966249124726,0.7411052286624908,16.736921353205542,0.09562914547061149,0.16892349024407977,1095.360015807018,2156.0717582987645,2437.5,0.46799231135123265,0.2286696666847456,0.18099488762636687
isd_audio_cfd3465336de07e82167,ISD_RegentsParkJapan_RegentsParkJapan1_RP126,train,37c78b25bb9cd569b7ba104d297f5ffbd9dd47c715e3e2fec0b12d33293adb01,48000,2,34.218666666666664,0.050054916505242145,0.4051634594798088,8.094378889581744,0.11816291678209066,0.08336460965364094,1642.8726084444017,2541.443972346312,3269.53125,0.3377621954121865,0.3851149531494117,0.25382098134899234
isd_audio_8fdd55fbfa2ac5e45651,ISD_RegentsParkJapan_RegentsParkJapan1_RP127,train,52cbc1a527c823b806e04bd38e148f98766dd0bb631c09e1a768004a770104d5,48000,2,36.096,0.04614451480291956,0.24779800325632095,5.3700424484828,0.0879253056232602,0.35698303343633736,1077.2096553799051,1996.7373969244072,2015.625,0.45806552888866287,0.3567153708602558,0.15209091838327246
isd_audio_d760cd7c840163e82069,ISD_RegentsParkJapan_RegentsParkJapan1_RP128,train,74dae632295c5466f71faaced820a743be3ae6a183c864b88ca90b39bef248cb,48000,2,24.5999375,0.03888132590610799,0.18722481280565262,4.815288790762171,0.10302795741177985,0.18818461943048148,1297.9002895332476,2350.236857961958,2929.6875,0.48092205018394546,0.27907275298103595,0.20706434273514165
isd_audio_0f4caa20113ad63af786,ISD_RegentsParkJapan_RegentsParkJapan1_RP129,train,1e1d1654b43a9ffb54a874ea4c765ff0ec01f80e0d0c2fb55986bd247dc8eaad,48000,2,37.205333333333336,0.05877879239299871,0.32901719212532043,5.597549366538372,0.1133059514910225,0.3263145519036322,1613.1798873124042,2479.1682585735057,2636.71875,0.24737498243319833,0.4826072416030232,0.2331433360733408
isd_audio_905af34da1c65483d431,ISD_RegentsParkJapan_RegentsParkJapan1_RP130,train,973ec001885cf07e729bd6b80f78ae6cba85012881866a26bdd04139ba402b0b,48000,2,32.384,0.04038493813733276,0.2769204452633858,6.857022891100932,0.07850461036868153,0.27771613305931436,792.6860984685225,1859.7008321486828,1230.46875,0.5487994267098597,0.24398837764037928,0.114802506995573
isd_audio_d06e98146541f1aba763,ISD_RegentsParkJapan_RegentsParkJapan1_RP131,train,282b1f1d066b9b429250e4e395a20faa1c3fe4524af882995267280534edd8ba,48000,2,44.714666666666666,0.052250031246604656,0.324978306889534,6.219676795134012,0.08561326150128849,0.21643408684218213,971.9638569478474,2028.8292578374605,1804.6875,0.40766757438636775,0.3293888146497487,0.13099334515699268
isd_audio_5ea010bb432c98e36fbe,ISD_RegentsParkJapan_RegentsParkJapan1_RP132,train,f539a2e36e052fed1eae38b88ba723cfd937ce58043b6356ecae01f7dd8f9664,48000,2,42.368,0.06068458343700687,0.33061233162879944,5.448044839460566,0.09126930076418757,0.41374540091491185,858.0864198053928,2137.3103944391432,1382.8125,0.6881578217797982,0.14876297818684187,0.12986284079218566
isd_audio_fecc2514750c045cbf0d,ISD_RegentsParkJapan_RegentsParkJapan1_RP133,train,3caa145bce6b46762eaffc749e8e74c223a0e8df69edc8ba7f8d568ab7554ddd,48000,2,34.56,0.04301794944201897,0.32786132395267487,7.621500517930947,0.0748354762463085,0.421138831070965,728.283955208225,1762.382124858482,1171.875,0.6686913399561968,0.17891663088248536,0.1119120246064261
isd_audio_9afc9eb9c12a9bb168a3,ISD_RegentsParkJapan_RegentsParkJapan1_RP135,train,ee1a48eeeb5e250e2925451ce82036267ceeea2f8814d59503676af1b39cd64a,48000,2,50.00533333333333,0.04817940256161026,0.2705601826310158,5.6156815619503,0.08051311214850089,0.5420018349380896,1005.8925946103911,1808.0853571431953,1652.34375,0.400400772768398,0.4484885141470131,0.11768025171549887
isd_audio_57d9bb005154367cdbab,ISD_RegentsParkJapan_RegentsParkJapan1_RP136,train,fbd91aa85ec2b9172bd0b9ed42a08c3de62fe06bca7fce5a6729f43008a40a26,48000,2,34.944,0.06187474310263817,0.7087497711181641,11.454589313485892,0.06284880979138634,0.3940980307102293,467.08301950909794,1348.2008861193865,667.96875,0.6978719151504125,0.15225118184110875,0.05431569504177793
isd_audio_9b1dbc93617ee8d7d679,ISD_RegentsParkJapan_RegentsParkJapan1_RP137,train,704ccf53f85db827688ab514c0540e9e4b6cdad2bbcc65217b1f738384eef07e,48000,2,32.384,0.07774274872218834,1.039230152964592,13.367550929775502,0.059038323347900296,0.06474441711361167,438.13081868724186,1252.331333596935,890.625,0.4318105753992085,0.1972562113941402,0.04702467115024759
isd_audio_0efa99500a29d93de4d4,ISD_RegentsParkJapan_RegentsParkJapan1_RP138,train,4f01d047adadc8548d82d4537773625499f88378a4eada14940ce84810dfb3af,48000,2,54.05866666666667,0.05942590617959595,0.4618639573454857,7.772097844829633,0.10214331272171619,0.0844143694924076,1089.9623882552223,2303.9542838136394,2320.3125,0.4323150884011747,0.1810564807597077,0.17231364662734044
isd_audio_64d39d39c76ec0f8c65c,ISD_RegentsParkJapan_RegentsParkJapan1_RP139,train,29a4325f02a4371912688a0c0b802d1c84cfa0585f331c1891ce67abfbbecaa0,48000,2,44.544,0.07258426734836966,0.6374183520674706,8.781770145976239,0.02796533949827675,0.20572116640747012,96.57933566675712,514.1047369256258,70.3125,0.566539563175186,0.021947627231350037,0.01054445651737165
isd_audio_472de93e5e2768bee0ee,ISD_RegentsParkJapan_RegentsParkJapan2_RP201,train,f3cc16eff6f19bf31e0a0c4b14005cefefad9759922c3a9a5c3c608d194b49c1,48000,2,32.17066666666667,0.024002898981658066,0.12007386982440948,5.002473656043152,0.013930271579098699,0.7415990400893375,88.33757489758406,363.87091932488903,70.3125,0.8360209595247163,0.019850246940185164,0.007330172036324471
isd_audio_8b2ae7e35820b5077338,ISD_RegentsParkJapan_RegentsParkJapan2_RP203,train,4a1bab81663651a373262ea40b483e87ad5ef3d89d8a66ed10d785625293f09f,48000,2,32.256,0.027426445391734226,0.12769902125000954,4.656054382041627,0.009527303400467743,0.8491179357370546,69.73113585992489,275.4877341108267,70.3125,0.8751453329894312,0.015834704736480507,0.003494222087078211
isd_audio_41ad28a484b309f242da,ISD_RegentsParkJapan_RegentsParkJapan2_RP204,train,15c2c816598a395dc3b0e7851243c420ab082410adb835a08208f30556f461ef,48000,2,19.781,0.02463755002833666,0.11718284338712692,4.756270134504044,0.01440251419977314,0.857661009656654,90.14163551006078,378.54694257510147,70.3125,0.8626251547715198,0.02223717494416694,0.008331508800453307
isd_audio_299aa5403f2662226d7b,ISD_RegentsParkJapan_RegentsParkJapan2_RP206,train,ca84af6f62ee045780d730bde09c5a8a01f08b60eddac2ca9f6598c97e0c49da,48000,2,39.38133333333333,0.02365441360678445,0.11774394288659096,4.977673293614016,0.013408432404752042,0.8755087148268587,85.62796834845761,337.80017545407276,82.03125,0.8465874596093479,0.026666398366586852,0.005122846867961275
isd_audio_24a4e550efc34537650c,ISD_RegentsParkJapan_RegentsParkJapan2_RP207,train,9ed871fea61330d576ea64669f856f2471f16ed67149fbd6e7228fbc8de47f9e,48000,2,41.30133333333333,0.026387854212443013,0.12631068751215935,4.786697944260977,0.018698961846955024,0.79415104591099,94.77288582251995,455.2009383503147,70.3125,0.8487849911607346,0.016941459322099613,0.009253506281793429
isd_audio_c56b57fd0a58023d4e52,ISD_RegentsParkJapan_RegentsParkJapan2_RP208,train,d9593003528db6e8af2c98c1c82a8ab8a9b0a790cb9ba94c973bc94499845621,48000,2,38.74133333333333,0.024093780941793676,0.17933887988328934,7.44336807562667,0.015281920731690922,0.8471425793691701,86.79148254999777,419.45209911435063,70.3125,0.867647137277273,0.012129018071855348,0.007807072466582458
isd_audio_42f079292033918a79ab,ISD_RegentsParkJapan_RegentsParkJapan2_RP209,train,a7a821db6a493b9246f64cb3a783556f04553dc0b5256cda7a76b14f6dccb1c7,48000,2,35.626666666666665,0.024434311961309536,0.2060560416430235,8.433060933710863,0.017423756446339613,0.8819467167115191,107.98617638448694,477.49158702204227,70.3125,0.8792078538113731,0.024552212526915772,0.012807036285538222
isd_audio_0d5bba029578fcacc204,ISD_RegentsParkJapan_RegentsParkJapan2_RP210,train,9edf986b4c68f6be7e00f887da96aa3a35a699bcee22fc31943d7f7bcf558111,48000,2,41.344,0.020205065793711306,0.08543496578931808,4.2283933475687645,0.01669580062796326,0.7696361240805065,110.68516882227492,428.3223142595629,70.3125,0.8280848670984766,0.03426109446280645,0.010269659801076721
isd_audio_b6a4988ca7accd6561a8,ISD_RegentsParkJapan_RegentsParkJapan2_RP211,train,48b0e3612d86e0a0654c0091e1f60273aa114c55224848e3007996ec1c286322,48000,2,35.712,0.023254345810188565,0.10795452818274498,4.642337783393856,0.014304840520950312,0.8590637377853888,99.49358694105669,406.80873143168714,70.3125,0.879500900689675,0.022267772348997152,0.008640732422713258
isd_audio_07b9f985801fa9a4a685,ISD_RegentsParkJapan_RegentsParkJapan2_RP212,train,f1d3a5120d4aea6888b9f9e3d8e2353175c681c3da5744b71aa12e14341a449f,48000,2,34.51733333333333,0.026018326166909817,0.130367211997509,5.01059180983404,0.025384001144353286,0.7736917760120876,145.1149926974594,621.0865636531681,82.03125,0.8605904194905868,0.0339918130935697,0.016955954449575577
isd_audio_456e44325612905f06b8,ISD_RegentsParkJapan_RegentsParkJapan2_RP214,train,b49a89d7dcdb35dc33ae5c55d4dbff04d22721784eb69818831abe0c49271c9a,48000,2,34.00533333333333,0.02448212899916028,0.13291729986667633,5.429156094685854,0.01639510983271609,0.8904318535308373,95.1270988990902,447.32403091137274,58.59375,0.8824421478400875,0.016166125199154273,0.009320168051376549
isd_audio_454e39917fbc0a115bfe,ISD_RegentsParkJapan_RegentsParkJapan2_RP215,train,008518d836eb2f0259331e86094cb60904391253832b27c13b0a0d544098fb8a,48000,2,34.688,0.027821852649057118,0.13610758259892464,4.892110684208419,0.0142340376078889,0.8391735524327725,98.97066460201842,466.7731169099194,82.03125,0.8932843356373811,0.009517020273073454,0.010667718388465213
isd_audio_76dfe76f28cd42b96a26,ISD_RegentsParkJapan_RegentsParkJapan2_RP217,train,5ed83a2a5ad04d23bfb07a6d764a6dcf3dc60947d9d47dee66dd64483e9ff6b8,48000,2,35.498666666666665,0.028807361808732362,0.5534769743680954,19.213039293321202,0.01874543336453562,0.7838610962383554,148.7436627915103,528.2804060931289,105.46875,0.8357231633322157,0.062302283192526044,0.01403056019883579
isd_audio_edcdf76c477049d575af,ISD_RegentsParkJapan_RegentsParkJapan2_RP218,train,ea59ba7abe23acabaafc35adb727ee4929e31d57920c2cd858ab6fb0f4b92d9d,48000,2,37.461333333333336,0.024967865890385143,0.2519587352871895,10.091320435368731,0.023751726086301255,0.8376958966811815,184.29996328336384,789.608799090853,93.75,0.8390207220114897,0.025709463760267455,0.026075365430605797
isd_audio_de0e4afd0272042a9a11,ISD_RegentsParkJapan_RegentsParkJapan2_RP219,train,f61f7bca29e258da1dfeedb7269fc583f39cceadb31aa3dcbb4f953befa9da09,48000,2,33.45066666666666,0.03363623131804375,0.1565435752272606,4.654016490345775,0.01399387530509812,0.9066719524644292,103.62704348954294,416.9322842688502,93.75,0.8944475333344272,0.03709312816703842,0.008814844100593711
isd_audio_c860328b32659467f66c,ISD_RegentsParkJapan_RegentsParkJapan2_RP220,train,f302e0b54301755dca9705e51243d680f19ab52030eb08bd7d499f7c79902af9,48000,2,32.68266666666667,0.03397811464473959,0.18952161073684692,5.5777553498304,0.015414016230581086,0.6135726616360175,129.43948541649186,399.63906456419716,128.90625,0.8678306352466653,0.06754598760534462,0.0074820453564650126
isd_audio_604c948ab12173ea7a92,ISD_RegentsParkJapan_RegentsParkJapan2_RP221,train,e08056c234692c897e72df72b79f4bcf73c5ce05cc887703bf88e705c253116b,48000,2,32.768,0.04170377902934267,0.23083605244755745,5.535135132121763,0.010905590633132066,0.8268250689379355,69.02272609832396,316.82654450857547,58.59375,0.8938536607982204,0.011977135651973171,0.004229431206668676
isd_audio_b56deba5cc7bf9e15552,ISD_RegentsParkJapan_RegentsParkJapan2_RP223,train,b7d79eac54786c5275ad0363974ca1895599ee1a855505fbd769d33bc05bab38,48000,2,32.69866666666667,0.025981813816503056,0.19335850328207016,7.442071005806887,0.010461060122902642,0.618447391870959,75.25500408564335,274.7852496689781,70.3125,0.7863060915472575,0.036888944428496044,0.003644015316178302
isd_audio_3695786689eeba01312f,ISD_RegentsParkJapan_RegentsParkJapan2_RP224,train,aef03bbd9757edb342c75a45902ccc694c905f383924f11bc9744333b842f631,48000,2,38.912,0.0263816689289867,0.12483631819486618,4.731934076304893,0.013094189610632972,0.8955084141427471,79.09280089593884,319.5489081485089,70.3125,0.9143232963710627,0.015279678421460585,0.005316713418003605
isd_audio_902c968fa6a7860cf80f,ISD_RegentsParkJapan_RegentsParkJapan2_RP226,train,fc5a9d2bef773e757ebcaf3a226e0dda73d9d5facd3ce69fb7dfe57a08d0d827,48000,2,37.461333333333336,0.02216497780692111,0.11254223063588142,5.077479960333623,0.01770326386722302,0.7922020273430717,103.94135703379668,444.142272883678,70.3125,0.8310580961241946,0.030330918936813424,0.009108760404763314
isd_audio_cac319c5aa0f61295d14,ISD_RegentsParkJapan_RegentsParkJapan2_RP227,train,537293cc601483c643ed655bce7945b07332d7a37b89332525b1229b4afe4047,48000,2,36.864,0.026574880767048722,0.13106832653284073,4.932038178525252,0.014140949470208893,0.7280581010946152,98.03766727080337,390.4138651424186,58.59375,0.8172177112425658,0.03917518270564412,0.008076677764492937
isd_audio_c81f3e9607b2f6f02ce7,ISD_RegentsParkJapan_RegentsParkJapan2_RP228,train,a0d86601a76565c9e0e7c0c2d1899d9b7c72c08b8203c90174d2e1433d84d81f,48000,2,35.754666666666665,0.020404584307852806,0.19389823079109192,9.502679783408732,0.014308746590623712,0.671304664053072,150.7515868394303,513.874215205581,105.46875,0.8109620101910618,0.060154950805891894,0.01368383228023305
isd_audio_1a13e686d1579a78daf2,ISD_RegentsParkJapan_RegentsParkJapan2_RP229,train,05c5d066e39cc4dc6d17dc7a7ff5ca10be5253180d13fc8cb463b28e924da9d6,48000,2,38.144,0.023284268038099666,0.11630484461784363,4.994996811904755,0.012816024372566443,0.7443840915873298,85.15101246554185,319.4087052828046,82.03125,0.8281420946727266,0.035283185542389336,0.005358776727594615
isd_audio_28167e796fa17e23e001,ISD_RegentsParkJapan_RegentsParkJapan2_RP230,train,0f4be67964f6f18a24423e51c8def6291bfb0982c80d00e1ae61982b9b0b83e9,48000,2,22.821,0.020985943513242768,0.0987347662448883,4.704804727153853,0.017692967088945022,0.8007242029057459,116.74793622257997,487.982524004949,70.3125,0.8283793886785408,0.0402996723329276,0.013486467537159538
isd_audio_8eed1ca2a9143dbee085,ISD_RegentsParkJapan_RegentsParkJapan2_RP232,train,e8c3b4b2a6b571df4d2e9a8ef2328874664ebf088d0ab91e6246be8359559f85,48000,2,35.84,0.025689737697567633,0.4630182385444641,18.023470850319494,0.015998195683474985,0.8133642185240189,224.8476226716295,676.4013487024732,105.46875,0.818733584712152,0.0345025627967044,0.050411594660851204
isd_audio_e5aa51414e9850b04eca,ISD_RegentsParkJapan_RegentsParkJapan2_RP233,train,076c81748165c6d236fb9c8eca3c596289c8a0e63f2dbbe800644abf010f4240,48000,2,20.885,0.034122726179107485,0.24016322940587997,7.038219283690354,0.009936367744361727,0.8855955703994601,149.67692760175555,193.64490337945344,222.65625,0.880956836158728,0.05266474913155865,0.0019042863720683735
isd_audio_a262739cd79473635984,ISD_RussellSq_RussellSq1_RS101,train,e3ce05b048adc144256d4c37e0ff4353cb2b6ab9489edebaddcffc41e6c92f2a,44100,2,32.57759637188209,0.07818275218544889,0.3866913467645645,4.9459930221864745,0.052527683791208986,0.7345755289108801,306.25254911401515,1211.6668685401262,139.9658203125,0.8305082673553226,0.07097736726348013,0.03869330175372531
isd_audio_27992f245ddfc5b9d6fd,ISD_RussellSq_RussellSq1_RS102,train,48c1a1a30592fea0de44727236c093a79e09f3715db2f12e8745779691766778,44100,2,30.975419501133786,0.12027761823262036,0.7344639003276825,6.106405423719052,0.03368484240656215,0.8246202131494667,168.16112583111112,656.5574774584547,161.4990234375,0.8575289754389741,0.05682180668846044,0.010770879092353781
isd_audio_75f994d4fde377fce9fe,ISD_RussellSq_RussellSq1_RS103,train,fe742408df7a2f7ea59cd99309a937eee44afc0cebed3f3ff5845b2618b280a7,44100,2,32.949115646258505,0.06676043678033801,0.3294244110584259,4.9344256410773895,0.0643926072997925,0.6917635741445873,532.7052749265436,1455.4087888041997,1044.3603515625,0.7043808379302204,0.16208295755048202,0.07473103695211951
isd_audio_9de949ac57b43405cdce,ISD_RussellSq_RussellSq1_RS104,train,ae007f6525cb07560c5a1743715f5075bdb5bbdb52e1d9a47b62a8038b4d03da,44100,2,32.64725623582766,0.08491758165488332,0.477678045630455,5.625196058594838,0.050278417745389284,0.6551306160159301,330.39052879121834,1142.8851733132706,344.53125,0.7383563112572997,0.132205924132875,0.039487875116289595
isd_audio_9e190024bd9458bb88e1,ISD_RussellSq_RussellSq1_RS105,train,d06d1e6eb43934ae598576e421d1ee8ed881874231db4806f44398f980ded415,44100,2,31.71845804988662,0.07414324613983114,0.34234586358070374,4.617357364351884,0.06254007948337947,0.7269046568534789,454.51238324387054,1438.1704850686865,764.4287109375,0.7361634696743411,0.16415548252991283,0.04664945491952513
isd_audio_cd6c215ffab7c838ecf2,ISD_RussellSq_RussellSq1_RS106,train,9882b32e807400117e42ea3352a4c77e8d7a1abd3fea2972bdec7a49e01544b1,44100,2,32.15963718820862,0.10822308834382653,0.5610631108283997,5.184319902661556,0.0835966293410349,0.693709381512716,646.3584108224392,1937.8853483680653,958.2275390625,0.6973496231683279,0.1453871433333392,0.07948320151064485
isd_audio_ff2cb6677182139dc7a2,ISD_RussellSq_RussellSq1_RS107,train,53aa51757c13194ecf40df5d874cd8a8f9d2af4d801c18e408ad2ae1194967b2,44100,2,33.645714285714284,0.08082190835853062,0.48194029927253723,5.962990840733708,0.05361190207410153,0.8013468523951991,363.9373141482835,1186.9860550020694,462.9638671875,0.7665254552111971,0.1333155556347607,0.042009292202694976
isd_audio_b39b4bb395f409a37b3f,ISD_RussellSq_RussellSq1_RS108,train,27ff511af4cd5293571b93638c36b0ad7dc17f791bf614a25716bb9cf5da7df4,44100,2,31.764897959183674,0.09767602981365273,0.8559159338474274,8.762804297844129,0.05614667293913399,0.7961731061940407,324.57104325331017,1228.5090712465271,193.798828125,0.7378803256874787,0.10485260887997547,0.03366830093233737
isd_audio_9d1d42793ec74c8b31d8,ISD_RussellSq_RussellSq1_RS110,train,36b806f1801000706c98e3d4a59fb100c6412f776a6a322baa21dbac0367eb14,44100,2,32.20607709750567,0.07611026409687213,0.40785999223589897,5.358804059814852,0.02059583732020359,0.8208501338775052,122.19589057767783,483.0708629238465,107.666015625,0.8909610468714162,0.04559985375749838,0.009151165351025498
isd_audio_bbea852f6857b0bb8ce3,ISD_RussellSq_RussellSq1_RS111,train,f7d950e939fcd04aa030acec71ed664c5f9c6e31bfb762bf29917d42d0c1bde9,44100,2,33.66893424036281,0.09528347714586138,0.4443035125732422,4.662964932451989,0.030039756222896164,0.8461443315523464,148.7119800824237,692.0517167015386,75.3662109375,0.8589656743814615,0.051963547053444546,0.012454859661408493
isd_audio_b10212608ca2a9a536f0,ISD_RussellSq_RussellSq1_RS112,train,b19227abdffdcf97e18ebfa956e12763c4a834263832d53c156078a7b68094dd,44100,2,32.670476190476194,0.08619514433784023,0.5804228484630585,6.7338230351828425,0.023124488553666205,0.8259753102916284,127.70957795450069,506.90096193424046,96.8994140625,0.8470902361680166,0.04782440978276446,0.012014909156026278
isd_audio_2a897e88feabd75dca6d,ISD_RussellSq_RussellSq1_RS113,train,f316dd93d8b7a1ba3f0f6c067862a2182187bd95b277ea899e456c6ce970a4aa,44100,2,33.90113378684807,0.08013484728084705,0.5523584932088852,6.892862617845206,0.047664977301595475,0.7605813533503296,258.0499084606018,1056.7456568876905,129.19921875,0.7629754440528899,0.07778971974192313,0.028085323722105433
isd_audio_1ea5530a01d1799405ec,ISD_RussellSq_RussellSq1_RS114,train,bad07121d2b10f88cde4a2b7506a480d89d501aef0cede5dd6f7e70ecdb48041,44100,2,31.509478458049887,0.08445088443336551,0.5102969706058502,6.0425296197873575,0.03905101373305497,0.8223176026384202,231.985122608686,864.1842597897316,139.9658203125,0.8788411513766069,0.07042985135507875,0.022124787806408946
isd_audio_d420b9ff06a8b7fb7f05,ISD_RussellSq_RussellSq1_RS115,train,2f1c554bd51a1ac2e8ed6447f4067bd0a81b62bed0d22a60dd026f009e558c30,44100,2,31.764897959183674,0.09232021018216008,0.6297194063663483,6.8210352329552535,0.03988346916937161,0.8168857762417269,211.5801877031099,849.2469391430853,107.666015625,0.7258732338921725,0.07809517642730485,0.022644722881797797
isd_audio_218854e64e9dad21cc2b,ISD_RussellSq_RussellSq1_RS116,train,1ab7aa8ca90435c99bfd980e60a63dcb1861a64e3d7d8cddcc5e39f84a4cbf84,44100,2,32.25251700680272,0.07162538887879204,0.4216727986931801,5.887197337340189,0.057724797603940003,0.6300793282477136,388.64448170656664,1348.1689707981807,279.931640625,0.7907997094209924,0.10644330607106509,0.04984820291844464
isd_audio_108741dda475689775e0,ISD_RussellSq_RussellSq1_RS117,train,acb8ec5555c0fa19b697152dba257766137a1b64446cf23005a20e8e19554c22,44100,2,19.89950113378685,0.07892654865822629,0.3832060843706131,4.855224140485365,0.04595318648034851,0.7095272528793938,264.9397131258768,1079.4274124264236,129.19921875,0.7995206841313834,0.07915818269270827,0.030680243989117704
isd_audio_ae8cfbdeebf7cff6f20f,ISD_RussellSq_RussellSq1_RS118,train,75ff16801f0a6f5fcb5a6a1e179544e29d9a82e7f960b1e1b523bdff69fb69a2,44100,2,33.80825396825397,0.08671860634150035,0.5244480520486832,6.047699267483518,0.06174883949285788,0.5508790992923397,432.9867706918509,1430.9521266465697,549.0966796875,0.7399369482525396,0.17758910856796048,0.04503921816074623
isd_audio_afd30056d045e1d3cd88,ISD_RussellSq_RussellSq1_RS119,train,a9448f5cf60f02520f325aa78648cd1c239e5d9a264c9576730086c88a8c25d3,44100,2,32.275736961451244,0.0899573635106171,0.7238702178001404,8.046814508016418,0.06656015804867219,0.6931985012296318,391.8168902666997,1483.735900997456,193.798828125,0.7450223424202814,0.07472386334773252,0.04842705559981217
isd_audio_6d7e1ed816937a16a7d5,ISD_RussellSq_RussellSq1_RS120,train,2cd396c19aff4973175cb31e0d0c3ee685c3d36954e0a995e4d9f0ae19c1a8cb,44100,2,32.182857142857145,0.07030450455879882,0.3504140228033066,4.98423287387282,0.05320155601886331,0.7183366868993522,335.2779038679266,1230.9157298591867,129.19921875,0.8485729415616073,0.0671363123213494,0.04752976182951099
isd_audio_7f3174c77145182b5f88,ISD_RussellSq_RussellSq1_RS121,train,4ede57827ec0582ed204c0415bdb1d9ec7910ba7130448be6c10b9c91e346d32,44100,2,31.834557823129252,0.09480756474076141,0.5367859601974487,5.6618473606533195,0.039475661780051755,0.7137906200024711,301.270559506421,903.8515616994478,312.2314453125,0.7738601914413032,0.12504486532216003,0.03078161685636416
isd_audio_cda8d1580e418492217c,ISD_RussellSq_RussellSq1_RS122,train,b574c83bc64e2c9a7e63594e2303cf9c91ea2947ef989289ec9a133e27fa2c3e,44100,2,32.8562358276644,0.08046397950897091,0.4344323128461838,5.3990905681933,0.040799636152575744,0.8017503571015112,229.12781114229622,954.638732669803,107.666015625,0.8317654468203358,0.07551437066397988,0.02087313649336982
isd_audio_d577b977d73e95f63695,ISD_RussellSq_RussellSq1_RS123,train,5e2b0ff31e15a406775131b16be92de9a76fea1634a47d5ddfe6a25054e2929b,44100,2,32.3221768707483,0.08865633526714593,0.43213874101638794,4.874313152176153,0.017185267085120248,0.8742469170989579,96.73408358751327,385.65508439420836,75.3662109375,0.8982141591250783,0.02412526276799357,0.009014918225362075
isd_audio_6a53626d0d356b6c2910,ISD_RussellSq_RussellSq1_RS124,train,cf69ea74dfdeef58abb998ccda0e1cb4d974b5834c90a8d00458eeddb1e0cf2f,44100,2,32.71691609977324,0.08516655604118938,0.7620269954204559,8.947491020441339,0.02360801627374265,0.8591053947551832,113.85584284227465,509.5077581087703,75.3662109375,0.8131181404138591,0.03532448019484076,0.011407578092556917
isd_audio_ff69b2e01c43c2222ad3,ISD_RussellSq_RussellSq1_RS125,train,82a97a322a012db83e35010363537419537174a3673e3730ade16ef3ea311f89,44100,2,31.880997732426305,0.0652813514927778,0.33913205564022064,5.194930066325901,0.06149147445394612,0.6234343899050192,432.71515912812976,1426.0856826236216,452.197265625,0.7602928723715145,0.1377666520099311,0.049284360888978716
isd_audio_868274e0c7460b4618eb,ISD_RussellSq_RussellSq1_RS126,train,332621a98bc88583adc6417de28293f3b8d8789ebf83f96ee8f803754b6964a2,44100,2,33.80362811791383,0.0733268568319814,0.39833080768585205,5.432263496559976,0.05615067426289914,0.6946642352730136,362.48294845802945,1309.8395424585956,247.6318359375,0.814014705550127,0.10943997264111148,0.037876181263240244
isd_audio_225ba3cbdbabe120f24f,ISD_RussellSq_RussellSq1_RS127,train,a97c593b7ab502424a70c2f3d44aea2e17b6f1e55e15c2d2f23005818c2833ac,44100,2,32.08997732426304,0.09111753537902048,0.4846913367509842,5.319407891519669,0.042182300746131024,0.7920319902424207,228.5812562421239,979.8029816553961,107.666015625,0.8236189677811608,0.07372139133804692,0.02255807550365731
isd_audio_7253a3d79f8c42449706,ISD_RussellSq_RussellSq2_RS201,train,ab3a5c6616ec9d8aa2b1972e0fd3bf07b7d101395b37d181c11c5c8293bff901,44100,2,30.603900226757368,0.10986627621795855,0.5865902006626129,5.339128810545141,0.03964787412263056,0.7853430307779398,296.2412976673482,893.3140980685627,333.7646484375,0.7343180756288696,0.16806769798002585,0.026916115109479048
isd_audio_9558007677cd342f1c34,ISD_RussellSq_RussellSq2_RS202,train,aeb30a47e0b1ae7d1707f153823cc2417b918441087f6aad557de3009271346e,44100,2,31.091519274376417,0.0799457854093193,0.5149562954902649,6.441318861947615,0.026181229419422594,0.6245180188614833,180.90886523683375,595.4395403884512,161.4990234375,0.8113105215994165,0.09879028105367153,0.017814060591399932
isd_audio_6d008d3ff56735ccdc92,ISD_RussellSq_RussellSq2_RS203,train,2ebad9f671aaa331f629f39f951a6a35de2e539b0da119300580000e03066064,44100,2,32.113197278911564,0.08692381450840068,0.4320126175880432,4.970014489484831,0.0560489369018727,0.7591274121721204,397.8376566855896,1264.6991168389895,506.0302734375,0.7759347783824831,0.12669055095000964,0.0470251913034551
isd_audio_7c7e5319271c64447a24,ISD_RussellSq_RussellSq2_RS205,train,e7b706c068ea5f3fcd135b90608ee4a261db4a54623ddee60078e5710c457b6d,44100,2,34.76027210884354,0.09130986731146197,0.5740262418985367,6.28657404506468,0.051138116818348164,0.7182428655912046,307.04626455465365,1234.1401939850693,139.9658203125,0.8525206542726885,0.06458036715341166,0.041705238139965496
isd_audio_8faca5095b298187a982,ISD_RussellSq_RussellSq2_RS206,train,652ee929b81e5061cc6c227ff951661c54bff14bef9493c1c43119d6e3594880,44100,2,32.13641723356009,0.10321955646927852,0.450886070728302,4.368223291702481,0.02281516918745568,0.7788351428109561,112.15382816380679,534.7452061416996,64.599609375,0.8696683718569072,0.028344880937203727,0.011496211586992456
isd_audio_b64a568e1ea2b3fca4d6,ISD_RussellSq_RussellSq2_RS207,train,67e53452bc201db7e464a439129d034bc1e98de489dd7ba853c3d9c10b9ff055,44100,2,34.94603174603174,0.09214457075475019,0.4129810035228729,4.4818810282599655,0.018086857666409925,0.7722114217311753,90.17563148849877,405.2070758764272,86.1328125,0.8746634200272259,0.02622470597382815,0.005389436373448068
isd_audio_4663b333fb5fee49226d,ISD_RussellSq_RussellSq2_RS208,train,3e907b8ec92eb0fbebf51d255b040bcf3c20a924f26202011c201b29da82f2ed,44100,2,31.48625850340136,0.09621357028797284,0.4830785542726517,5.020898328861192,0.030925941796545012,0.6957257608463795,178.68529570026587,747.0617180682373,172.265625,0.8451662826874098,0.07967170998932853,0.013442150392383284
isd_audio_fd4f2b773f2d264c211c,ISD_RussellSq_RussellSq2_RS209,train,272d741a787ab5a93942cce963118ddcfc7eeeaa2ad626dc00d4621e0616d05c,44100,2,35.64263038548753,0.09323632602423601,0.4980873167514801,5.342202315243593,0.0682550821044649,0.7702451937329129,510.55986673505237,1593.9622216394805,850.5615234375,0.7043533432556175,0.15305123644389287,0.059841873710258016
isd_audio_201dffc63e1121bdacad,ISD_RussellSq_RussellSq2_RS210,train,6fc37932833db6e645b96110d50180c0990d797f2f46e47a0e548cb4424b86b1,44100,2,33.645714285714284,0.11727987941069336,0.7855661697685719,6.69821774814125,0.023872891779413995,0.32039631886761694,219.3726340990332,527.5084954518755,236.865234375,0.6423137505891642,0.1308894880121961,0.017166115209215196
isd_audio_beea7b14bfe73cb56cbd,ISD_RussellSq_RussellSq2_RS211,train,75ed56fe00d3ad2fec2b7da86e3f7ca27bc17b7c7634e6c25a34ea2b34b1708e,44100,2,34.94603174603174,0.0921554687513818,0.48894983530044556,5.305706128190185,0.04558830304473568,0.3757634147400226,278.9159270868583,1071.5621949543838,129.19921875,0.6855635323413309,0.08820778737325614,0.032291997981485375
isd_audio_2d14f7a24e202ccf79f1,ISD_RussellSq_RussellSq2_RS212,train,7a17d6355ebc486040453a80f858cc5193d902eeba466285865f3110adcf1c57,44100,2,32.04353741496599,0.08586577197395957,0.38753141462802887,4.513223438386545,0.015627841675046474,0.8333128524785518,102.62654838363373,344.0195896985291,96.8994140625,0.8862156603299928,0.040900668113700404,0.005718121332761069
isd_audio_530c1944a9191687467b,ISD_RussellSq_RussellSq2_RS213,train,1741cee30853dcef05477e1ce5e919f8b7163dded6dd56a7e66dcf2fd6fa6165,44100,2,30.812879818594105,0.07681215628321439,0.4070177972316742,5.2988721698028804,0.018084449536997175,0.4843872290576886,102.47940102194586,406.83939586014617,75.3662109375,0.8083149534314443,0.03930513380288724,0.00941362195021574
isd_audio_4d5367c0c97a81d2754a,ISD_RussellSq_RussellSq2_RS214,train,814d9419e8d0998359f3db8ca7bba4e680eb313defc8e854c5dc856ad374c47e,44100,2,32.60081632653061,0.10316057696402084,0.7177472114562988,6.957572675331454,0.04181832725299872,0.554897963855226,289.80444106242896,988.9418569496534,236.865234375,0.7146239901851457,0.11310400225910255,0.03375270442378711
isd_audio_c1b46df2e3a40a5f00e7,ISD_RussellSq_RussellSq2_RS215,train,b35e9bacd9a56eaa7c4062b074896e67f3956d5057df3b73381770acd706f1d3,44100,2,31.695238095238096,0.09631203851573335,0.4657842069864273,4.83619923495169,0.03241689017920829,0.6521573998686624,178.53115489835895,784.6947856166458,96.8994140625,0.821056244723124,0.0638275645422534,0.016281760487565505
isd_audio_1664f825a02ed0173e1a,ISD_RussellSq_RussellSq2_RS216,train,b0f243dc00a67dec54b07d05c91855430e5f8409c4a7ac83aac4b51f2a6c6c2a,44100,2,33.20453514739229,0.07887416186571834,0.36384955048561096,4.613038565215532,0.014849906338714447,0.8292960600246818,110.52890538871812,313.05107790771297,96.8994140625,0.8681539398558288,0.05292344254051589,0.004394174440162316
isd_audio_5a4133084ece24934089,ISD_RussellSq_RussellSq2_RS218,train,5c2f65487647bbaaa11955fa6766b283b1a9aca6e128c6de9cb906ebd4e32bbc,44100,2,33.8314739229025,0.0877587782229826,0.5472577810287476,6.2359320869103625,0.0297204964989172,0.43039533342417435,182.0172863131604,674.4914544170618,96.8994140625,0.7408627072520082,0.0797069693672064,0.018989643915795072
isd_audio_b87d308e9428914a0120,ISD_RussellSq_RussellSq2_RS219,train,35d2a7fb05be2a58b11b7755f822e4d73eedaaa1a973d8c0e3a2f4e7be04eb88,44100,2,40.936780045351476,0.07938041145181911,0.44906221330165863,5.657091026470962,0.053672192769002126,0.5216154628456902,451.167712482361,1177.4220406224572,1065.8935546875,0.6844365259109519,0.2006219964960106,0.047194547763721215
isd_audio_72ce9a2ad5ea734316f9,ISD_RussellSq_RussellSq2_RS220,train,6aec79159f43f7040615ec31e16fda83b2f0a7fdf987b3d7806c0b308e2885b3,44100,2,33.8314739229025,0.09723876519314913,0.449523389339447,4.622882535031593,0.015420582358725092,0.7110904061462224,99.45222603989276,341.0315965492666,75.3662109375,0.8497297314098987,0.04276576920015821,0.006299836266510305
isd_audio_4cb0b42b1e442b29e2a8,ISD_RussellSq_RussellSq2_RS221,train,97b00a1d43fbf61cb6950ca632b30f11c43f8233dbe88e9dc166b27974b66351,44100,2,32.76335600907029,0.09659366107530097,0.43689851462841034,4.52305575505436,0.05078266936034766,0.742281890230543,275.3420870115105,1221.2996721226057,86.1328125,0.8780660812095626,0.05974431814884364,0.029372226961867563
isd_audio_0916638bebbe6eba8037,ISD_RussellSq_RussellSq2_RS222,train,65f276d4deeb7c5847499654fb47768ef77824e9e19e3220e4bd3443cabe607b,44100,2,32.20607709750567,0.15433869436394854,1.4183770418167114,9.190028771864649,0.13494244473124095,-0.004150228431463345,1614.5279216144304,2255.240132735693,2110.25390625,0.17337801702995057,0.6451008542241982,0.1715299169116992
isd_audio_56d3ac534cfb76e8ba95,ISD_RussellSq_RussellSq2_RS223,train,c59e4e1b04c3863cbab697fec885f2c33243dcdc8923d97755ae46a99250bc5b,44100,2,33.065215419501136,0.1660842955082528,0.9683175981044769,5.830277902803645,0.03890205222281276,0.6571839080739907,191.2636174948465,781.5815648994269,139.9658203125,0.889331851428161,0.04654260752082947,0.011808175010308208
isd_audio_0423b5fdfd61924352c6,ISD_RussellSq_RussellSq2_RS224,train,953878617744b9d294f8ce1e35fa39f57f1d32c0d813f8235da2ea3ed2604c33,44100,2,32.298956916099776,0.08660852742048135,0.42454618215560913,4.9018981710017115,0.02845021318002251,0.7910386993537275,160.29761734103002,631.168023617856,107.666015625,0.7948481287319257,0.07210867732658578,0.014288179205281401
isd_audio_2144e71dedb38c0e0fdb,ISD_RussellSq_RussellSq2_RS225,train,cc6b64f039ecac71f00f5bf190a18fed34f4cd45c345920b3fa5033f613a4b51,44100,2,33.55283446712018,0.07911282090671552,0.3794926255941391,4.796853673586119,0.02166483406198236,0.8578801608281338,115.77201807209845,521.228512701732,86.1328125,0.9075239420439066,0.035454065176715635,0.009091410761911453
isd_audio_35744d3592564cb3d0f0,ISD_RussellSq_RussellSq2_RS226,train,3a9fb107849242722278b93d6d5439707e1d30f30aab0aa430ceafd843036c73,44100,2,34.73705215419501,0.09864558269289024,0.4874076098203659,4.940997827929047,0.01130162941126168,0.8599878643606382,81.30296333402147,238.9669024682341,107.666015625,0.8880980816532558,0.03281447219949131,0.002931991703155976
isd_audio_f2230ae8980fcec2563c,ISD_RussellSq_RussellSq2_RS227,train,2bdf07d7f9aa331959a89916475ec2e2d8e17dedb9b65cbcabb0a151cf19980f,44100,2,35.59619047619048,0.10028730046035553,0.6021696925163269,6.00444612380777,0.021383101317309118,0.4852693049366843,223.10887817839344,528.7473385860233,290.6982421875,0.6813615739389524,0.13359401608191926,0.01883694562565127
isd_audio_c514e22fea30b10a2635,ISD_RussellSq_RussellSq2_RS228,train,2c27f11c94f3636c7d88c058d1c812477f53472f4433443ad3d00cb91e82a346,44100,2,33.57605442176871,0.08939222941164125,0.4611024707555771,5.158194104682764,0.012917512830054373,0.8626030121168782,85.62593367676901,279.00353423510484,96.8994140625,0.8493021455983009,0.03229447960195873,0.004147596968170314
isd_audio_619eeefee8b553112cf6,ISD_RussellSq_RussellSq2_RS229,train,138f4095301de046de68c1fba1e4ec702d2886a90e192dd4f336cf19a6278dbb,44100,2,32.833015873015874,0.08563783076000413,0.6008737981319427,7.016452808290561,0.012068221294464184,0.860431974936246,91.25949418244888,254.70149407900914,139.9658203125,0.8295190740141649,0.04213936502780124,0.0035199813785409895
isd_audio_82e2abf54f6af8cdb2c1,ISD_RussellSq_RussellSq2_RS230,train,bc2b8afb9d1aeca18d25b2cf16371782c1781a81b00cb0ecd415c0a56b3076b2,44100,2,32.74013605442177,0.10260060475556122,0.4671543836593628,4.553134796547501,0.011434792937439701,0.73230334422196,78.93263499156815,246.6404254925277,75.3662109375,0.8292528211610708,0.03257595809898435,0.003087112471710046
isd_audio_f0c6a19524161f3f69fb,ISD_RussellSq_RussellSq2_RS231,train,6a6ac3aa11ff4388bbf7a41e5e1cc68ef7f05fc7424a4de81f17b84037bafc31,44100,2,32.8562358276644,0.08265376095083114,0.6327499030157924,7.655427844259876,0.01368568744871318,0.5437489390573674,88.69508148835293,322.1241029464424,96.8994140625,0.7970838319132665,0.0393966914780913,0.00460172697146177
isd_audio_a6dff0d068e1dcc50ae9,ISD_RussellSq_RussellSq2_RS232,train,d9d07dfd6bf2b5be24127a0b685a317a6338625d0c1e25dcadf24ff767e501c6,44100,2,31.230839002267572,0.08824903710640783,0.7580554187297821,8.589956826562803,0.011609122044262636,0.8671831053588726,70.31358389655132,241.34840136051102,64.599609375,0.7390812214287956,0.029390165611874727,0.0028865141711340303
isd_audio_49b9b202e873499a6c75,ISD_RussellSq_RussellSq3_RS303,train,535086983d221dcfa4af595c56477b4286b97825eb6280373460c7a800432202,44100,2,36.17668934240363,0.09362889722795914,0.4606909900903702,4.92039320904017,0.028826789169551538,0.5776665986440847,151.3178681697916,665.890825916109,86.1328125,0.7809524023950717,0.053603989030877194,0.015423075956021305
isd_audio_ef32bdb918ad89dc7565,ISD_RussellSq_RussellSq3_RS304,train,c894a33cf1a9c16a0ed74df26db081813e5812d8209426c8b177a24a028e77c6,44100,2,34.15655328798186,0.12801364440114815,0.9183209836483002,7.173617999426815,0.011056208478639425,0.8776354027995144,75.15964077191856,229.01246243234968,75.3662109375,0.8340357045769435,0.0282116040807299,0.003363572947414038
isd_audio_cbe698de5409b63d0f17,ISD_RussellSq_RussellSq3_RS305,train,18ee1a2aa2c2936b7588d6a1d089e92d3dd35e66a6096ea518b07d7568c6f235,44100,2,34.11011337868481,0.09886431074586878,0.4259900897741318,4.308835883852379,0.012586961652113504,0.7688116644149742,80.81388339913136,270.49684729423757,86.1328125,0.8877844998603354,0.03304545453543869,0.004241059650054051
isd_audio_90035c12ac0847b3ed39,ISD_RussellSq_RussellSq3_RS306,train,81dbe094b5ca678cbd75dae4021607cdb67f8b9beac92620d94c9a8cfc74598f,44100,2,21.0,0.08208853156245167,0.45782774686813354,5.577243716679538,0.05082933897995787,0.4450808819213871,317.855703337483,1193.694000703703,161.4990234375,0.7612536244579564,0.08370430108973312,0.04527707850188576
isd_audio_35136ba34e47084f9c9c,ISD_RussellSq_RussellSq3_RS308,train,877209c9d47f9f5477efc69185a5457d07751fe7697d880a222a90462dd62564,44100,2,34.89959183673469,0.08099304859471396,0.3893146514892578,4.806766237894972,0.04581205155577618,0.8022205321238488,364.78134396702967,997.981357912596,624.462890625,0.7613212959500143,0.13633323423257968,0.05331009249212161
isd_audio_1495f8e9fedb783c1cb9,ISD_RussellSq_RussellSq3_RS309,train,616092304a371d334371f4b81a2def2723a926b69e63208e2a36931882488509,44100,2,34.11011337868481,0.08793428884366476,0.504873476922512,5.741485870433417,0.011899578196515883,0.6506028251536874,79.37834122812315,258.6850183936138,86.1328125,0.8550604625437612,0.03052880963638926,0.003534862577634375
isd_audio_27c118a14afc5e6e2196,ISD_RussellSq_RussellSq3_RS310,train,1b1156ec2160aedfc73c4fd817416e36ffd1a655b15c8d2155ab50f50902bf91,44100,2,33.924353741496596,0.11001204743298049,0.5399019569158554,4.907662110777136,0.026538320912956204,0.7067633609171285,188.85812354726153,602.3790742328018,172.265625,0.7681741313396174,0.10847364030354095,0.015413480753809234
isd_audio_07e701bf1ae0ffc1ff06,ISD_RussellSq_RussellSq3_RS311,train,b0ca1de2ad7b0fa9895349f3dc998d5285f04cd970152f1e998f37fd120f51f7,44100,2,34.690612244897956,0.2856091418943967,1.75759619474411,6.153851319626097,0.007855646450153773,0.8738481793267214,70.77326304801568,153.68206169954664,86.1328125,0.9428502248919237,0.04351775812510905,0.000666416793077642
isd_audio_3b76996b4baaa915f212,ISD_RussellSq_RussellSq3_RS312,train,23bcc50166fe81109543ac1cdee2171329601b493c264e49caec805ebf79b6ac,44100,2,33.66893424036281,0.13486192475211828,0.8420293927192688,6.243640629235815,0.03629245439955173,0.4491590384316042,485.9114229926228,700.7743002356011,1162.79296875,0.5540838889321905,0.4119947409233235,0.01099523507681575
isd_audio_bef9101cc0064f3c7c58,ISD_RussellSq_RussellSq3_RS313,train,da87501238d740aedf9d4b1bd80fc3f00f43dcd4ff038da494ddb9f922c91525,44100,2,36.710748299319725,0.10527651670827025,0.5730900168418884,5.443664311481422,0.012860242763333854,0.8395176426457609,77.40045980143893,282.3928490822828,86.1328125,0.8796497097348885,0.02200791188704987,0.0037879952429127578
isd_audio_902907050802b9a439de,ISD_RussellSq_RussellSq3_RS314,train,3ff99584c9bc7cd120de3b564ef97ccd51636c4090daca74beebc1211123fe3e,44100,2,32.90267573696145,0.08346780945992606,0.3645870089530945,4.36799541418584,0.01696545916043134,0.7878674013693966,111.5457426584139,406.3151071571076,86.1328125,0.8874573045995738,0.040552278066459925,0.010368911207886675
isd_audio_6ab875fdce79d1e3def6,ISD_RussellSq_RussellSq3_RS315,train,7ae43b908c7dcd861a09f9e437a225728a4f86a0e9b54ddeea27117efbfafe33,44100,2,35.085351473922906,0.0798092433983765,0.5840069949626923,7.317535790278802,0.05110314148273435,0.685522214611923,441.7036774496468,1119.603678269898,947.4609375,0.6557459619819369,0.16950229771856165,0.0669767192030851
isd_audio_e8fef302a413bbe06bab,ISD_RussellSq_RussellSq3_RS317,train,408494abefe93a96231e4677f8ce55ebe13a179e3d57a1a7018609acccafbc05,44100,2,33.94757369614513,0.09018356931237663,0.5132232755422592,5.690873398063935,0.044937936138647924,0.7419198742415667,442.3999464284857,983.5648052558458,1098.193359375,0.7090651207769453,0.15854067093858468,0.08488730890647184
isd_audio_fc3d4d012a5ac47b6ea3,ISD_RussellSq_RussellSq3_RS318,train,05de29c94b391a40b7dbcd009772b1711460c0fc7f160669d79d67a7c32258e1,44100,2,33.85469387755102,0.10192642195633295,0.4938763678073883,4.845420434938583,0.009483647255743672,0.8638158834383541,73.58157049151421,202.88593053439857,75.3662109375,0.9220005899331015,0.030799465524378337,0.0021796838705246003
isd_audio_0da36a0ce8ed32b9e3b2,ISD_RussellSq_RussellSq3_RS319,train,c2e2890394f471edb6a7a191d2a7cd8ce1c56c86688894df28398899a3823e14,44100,2,36.52498866213152,0.12607153956758937,1.0137730687856674,8.041252389419455,0.03170632829034407,0.4496604715623908,178.53830508174474,703.6355098925317,96.8994140625,0.7340529494994924,0.06906976754711792,0.02234540126126347
isd_audio_74f69e88e57267a5c013,ISD_RussellSq_RussellSq3_RS320,train,59433188b96c16c97408af9324c253869d0c168a9d8821fbf2be229d214044d9,44100,2,23.0,0.1162108690845149,0.865579217672348,7.448349921923839,0.03254563003611361,0.20993997520155167,217.168387408967,703.5335665722994,150.732421875,0.6421353705029867,0.0995986648894131,0.03017231796378122
isd_audio_c6d59fa401a53e054b4e,ISD_RussellSq_RussellSq3_RS321,train,f1fcc37640eb4525946107bf030166ae7bb0aa28da68c277bf2149a7176e9de2,44100,2,33.22775510204082,0.09716687414262767,0.6114348471164703,6.2926264996336885,0.011903697632567939,0.7897367248015913,91.85361603140598,247.67179207549444,129.19921875,0.9080799897569737,0.03656481820673566,0.0032945710015736458
isd_audio_526930f64b6a2a11a8f3,ISD_RussellSq_RussellSq3_RS322,train,18db4b27ba85e592c723836833b24a5c39da1fdde90a528f42c929bc9b0df0a1,44100,2,32.53115646258503,0.12380464995387785,0.7707989513874054,6.225928926535139,0.04868387025720346,0.6603658037570813,342.32326680070116,1020.6376974917824,269.1650390625,0.8071229158754234,0.11150853280413617,0.043715275196198985
isd_audio_c3596aa384cc0e3ad79c,ISD_RussellSq_RussellSq3_RS323,train,493ef18c18268766679c6ddab24ff31fc5c3c85d552e1cf1cb4494ccd5db74a0,44100,2,33.32063492063492,0.07867236260029259,0.3748434782028198,4.76461448230901,0.02116862285538903,0.7787617457929521,125.7884639663047,492.9355958220937,118.4326171875,0.8871836385492207,0.04778766972327213,0.010219242071337257
isd_audio_f832833e0ed25a194711,ISD_RussellSq_RussellSq3_RS324,train,1cecd32ca4ae792ae463f3e9c34fb86eb6f5f2088736414a3070c6a02a8f1749,44100,2,33.0,0.08306624877342018,0.5096166953444481,6.135063312351201,0.014666401887172326,0.6663253542513308,116.94248312230407,329.9936128266256,150.732421875,0.805022329402581,0.07680686911594414,0.006644923773966378
isd_audio_00bd8f794b5dd66b877d,ISD_RussellSq_RussellSq3_RS325,train,2f9f0a1ba3be69f44700dac9a1dcbff9859e34b3a6097b6e535b9e5fd0b52616,44100,2,33.8314739229025,0.09466718719457798,0.5367405414581299,5.669763276634795,0.012477487772852885,0.7786597030780574,106.33652847508857,268.14109426231164,118.4326171875,0.8815696029534686,0.060651721258775694,0.0031460632805641463
isd_audio_6f9c0f80061336f3f6a3,ISD_RussellSq_RussellSq3_RS326,train,26020269351221f190bf5fd8636291de702de8f533fd286a4e162a788008794c,44100,2,33.32063492063492,0.09766936621686755,0.5791648924350739,5.929852059744929,0.03210953295781587,0.5935656662644643,218.50865983616407,733.9342552984521,193.798828125,0.8218250532070737,0.10897677287774646,0.019565012120995234
isd_audio_e1860546cab4e047738b,ISD_RussellSq_RussellSq3_RS327,train,072a95562c47f7d4bea918b5b41ed4e5ea19286f2a262ef9248d2656dc9db131,44100,2,32.670476190476194,0.09604905726151669,0.6767688989639282,7.046075393756983,0.04745042050518925,0.5944993107084183,338.4319920804907,1031.037280018217,344.53125,0.6729049307191671,0.11291844875784025,0.04822895979737841
isd_audio_adba48690804b0d8425e,ISD_RussellSq_RussellSq3_RS328,train,f46f97cb73b71cfe9d6fbf08d0eba47d566e340ae7d022c6be046b9465bc252d,44100,2,36.26956916099773,0.12936575880281215,1.037605069577694,8.02070871906128,0.018459668631254898,0.2589988930421586,70.84592774067222,383.6504505571206,64.599609375,0.6224845758073212,0.023079125090720784,0.004927231950573766
isd_audio_42fd19cc398ef992a621,ISD_RussellSq_RussellSq3_RS329,train,e7c0531975c9d00b62513a886bf179943a2422974617d373d1e3426d83fa7294,44100,2,33.66893424036281,0.10662533237233167,0.6399427652359009,6.001789171462976,0.05659015125953075,0.7431478529834523,460.97531764792495,1232.716509695516,872.0947265625,0.7573065860898202,0.14635068879718088,0.0660230773058334
isd_audio_c59d63adeb5b0989bc25,ISD_RussellSq_RussellSq3_RS330,train,0107b598885e283dbf3166b59cc2082d4862411c8fe994ec1e6d0a1f8f139811,44100,2,32.02031746031746,0.08160077106208827,0.4511008858680725,5.528144893690276,0.017066840403797193,0.7585201010887629,100.75058715724658,384.8007987690209,96.8994140625,0.8844448500307652,0.03982188801356023,0.006657657060602048
isd_audio_10f4b4f3821d93893072,ISD_RussellSq_RussellSq3_RS331,train,531c085127a43cdd1fe7ee1ede10569f56c148d08f466a7489c61f5333265860,44100,2,34.78349206349206,0.08031339487465203,0.37679558992385864,4.691565964954376,0.018504502425436015,0.5423148575966488,109.183277542642,408.34137803861313,107.666015625,0.824229281087809,0.0574667981247667,0.00853537886577389
isd_audio_cd8e8a472f84dbc0a77b,ISD_SanMarco_SanMarco1_AM02,test,d2d62dc79a89cac4913434dafbb5b2599fc4543ddd7be2c5f1d608065400890b,48000,2,30.506666666666668,0.0583775189826426,0.3276951313018799,5.6133788659177775,0.03182913012806636,0.04646221573662347,519.8114846854018,636.602208393823,960.9375,0.4453926884767978,0.5207522577195943,0.031484225464797656
isd_audio_088f0bb9679dfc01b09c,ISD_SanMarco_SanMarco1_AM06,test,206a3567429e95eb04746be9542b13f25593f613cd63aa3b06c7cdc03802ebc3,48000,2,33.834666666666664,0.06954356905382089,0.536783829331398,7.718669556864019,0.020445635421778588,0.3138112716751771,298.41097658913037,429.63083072892834,597.65625,0.6287843650297705,0.3520669618794127,0.007364416999082113
isd_audio_fcfcc7c5716b4ab26529,ISD_SanMarco_SanMarco1_AM07,test,028685ec99f087f7b17d6a848affbeeffa084c5568883898346b5aa49a1015a0,48000,2,30.464,0.05430263708056748,1.4212563037872314,26.172878154675043,0.024385356749877417,0.32791063790695524,375.13267540669534,564.9301874168053,656.25,0.5109574584253893,0.4719129127501562,0.013561250856021468
isd_audio_86d72ad6057285d77355,ISD_SanMarco_SanMarco1_ML101,test,a73eda7259026e092eb3876c3ec4b0f42a896bdd968253df15bf92f6e0f635ef,48000,2,30.549333333333333,0.07759443348434308,0.49932174384593964,6.435020160907447,0.030641033247474882,0.16812873892604926,535.4409052218228,597.9484868326911,996.09375,0.3290972753628075,0.6223681779903205,0.026457947367550038
isd_audio_d05c04794b80853b0ff0,ISD_SanMarco_SanMarco1_ML103,test,df3e17829a7c79a7cbcf80c5e4e692617c8b15ba45f5bbc8a2ff58492433ed11,48000,2,45.397333333333336,0.06440354202058832,0.5296022146940231,8.223184596349089,0.029126173493199625,0.2881764450186966,424.3891599372232,554.4888017612159,890.625,0.5470041312766025,0.42409280426293317,0.019281132382748797
isd_audio_29c874bd5ba1fe4946c3,ISD_SanMarco_SanMarco1_ML104,test,4dae732c9fcf913279960d0a8f72d22a5c7a19311e728067c95305f393a92504,48000,2,63.36,0.06702485548543849,0.5878876745700836,8.771188991191565,0.027780746192638033,0.2440032364473658,446.2445897406205,567.8702534043055,890.625,0.5051051446050581,0.46782582710215953,0.020259709716667722
isd_audio_0856907485313830ab96,ISD_SanMarco_SanMarco1_ML105,test,cc2f6da6946e0eed9ec58cf88ad8638ebd59e4736c8aaf63850258f9542d5bec,48000,2,30.506666666666668,0.05626506019985169,0.33691810071468353,5.988051901445786,0.024116329843428926,0.09068441921912561,362.16229734402947,511.84200130737287,667.96875,0.5723238306749449,0.40916151413489604,0.013672603077535353
isd_audio_a29a2eea9bb8f5b6b425,ISD_SanMarco_SanMarco1_ML106,test,b98287476450853245a293a6bfdf51d9039da3e7656af129673477219839abcb,48000,2,32.256,0.05289785518738256,0.3716232627630234,7.025299257344269,0.020879203920203426,0.3461634943328945,309.93767762274507,454.56606825739595,585.9375,0.6036106803938585,0.3804381105229788,0.007505330017815994
isd_audio_46c2817446ee28b67992,ISD_SanMarco_SanMarco1_ML111,test,7e25527ffa5c18519519d695327ec8d9418c25f3b059a12e608d6f753dcd92fc,48000,2,122.15466666666667,0.043699771259201554,0.482075497508049,11.031533658349339,0.024878130061569838,0.3040533592537687,361.4536178038478,578.4469870826008,714.84375,0.6071911279358594,0.3696280251893992,0.015943601308773554
isd_audio_fb77a089e3cb9d9e45bd,ISD_SanMarco_SanMarco1_ML112,test,9dfe4793a7819c1af45150a734a91dd270f156105af93c54a1b2740bc0955f91,48000,2,30.592,0.05514300866468008,0.3234424814581871,5.865521111207645,0.02416142575498071,0.19965488689616423,371.1686074820162,512.1938112640111,679.6875,0.5524829932291307,0.4326261679039508,0.010881735228455192
isd_audio_db00fdf670b8a0e2fc88,ISD_SanMarco_SanMarco1_ML130,test,4d793cd7448c4b9df78164d5b0236d8c2ecfb526254bf5539c51f39ae19980d7,48000,2,30.848,0.0519898412189481,0.4092632830142975,7.8719856306300535,0.02605519135167552,0.2796013593119952,414.0999865206753,593.722417086902,714.84375,0.5124154428374487,0.465024957779619,0.019009884166348075
isd_audio_8db46bff12f8a1118121,ISD_SanMarco_SanMarco1_ML131,test,85edbfd5227125af4cea51ab1e99f8e335bdbcd4746548c81adc171554977db2,48000,2,120.53333333333333,0.059976494668580724,0.8037716150283813,13.401443673390352,0.035801478809713565,0.14316430805555203,572.568649553305,868.3109876102435,1042.96875,0.4282462013283022,0.5388246641502735,0.02988565772360127
isd_audio_d9b804d73c35c905f6a5,ISD_SanMarco_SanMarco1_ML132,test,3eb9984296b423e45de559cbae8fff0827553ada209b30601d26692217df2329,48000,2,60.757333333333335,0.06479879541015181,0.4227880444377661,6.524628147200547,0.029500907126748462,0.2428712122377896,451.81965297872677,608.5605162626484,914.0625,0.5119073178400931,0.4590430171311315,0.02267295162987131
isd_audio_f69129c7d52d4a59dd49,ISD_SanMarco_SanMarco1_ML133,test,95cb31e1ed1b0fb3d36c33ed6270432fa6700ed5b90baaf25928de2e505b9c05,48000,2,60.586666666666666,0.07244971649557734,0.6402077972888947,8.836581124896131,0.020107566333202553,0.47749996070275585,285.21083085547434,482.550248444354,562.5,0.7189735149380818,0.25531275337827536,0.01001209170981617
isd_audio_19dc4e483301bc1d1a7a,ISD_SanMarco_SanMarco2_ML202,test,0c45a3262dce1f803fd32173334dfeb8afe33fd2198f143ddbb5509ca1f9e2e0,48000,2,34.858666666666664,0.21280613979426272,4.122550964355469,19.37233093152801,0.027592987153474,0.37761230657607237,933.9370606595996,387.90189997983595,1136.71875,0.06963799899916819,0.912365168577158,0.012247073202742379
isd_audio_7c2821cbcb3604cefa3a,ISD_SanMarco_SanMarco2_ML203,test,56eea8bc4a0f25138344e167e2fbe6259952fbff977a111e1f749d83f23ead54,48000,2,49.10933333333333,0.0541913528762895,0.3937302678823471,7.265555240541284,0.024147660385186617,0.24296468651223124,359.65371215188304,542.2538873496188,761.71875,0.6003786157189762,0.3691031612162254,0.012549534243941533
isd_audio_1675b7f5c8ea06bfd4b5,ISD_SanMarco_SanMarco2_ML204,test,a04861cd26aa1751f43d0b68bca852ea5eea8000a7edc0491c4fe8e636212296,48000,2,32.384,0.06346975481558584,0.5780405700206757,9.10733894750654,0.02167030894262917,0.3850880760463045,323.6543996801296,480.3111232526475,621.09375,0.6121294516831898,0.3512008977529518,0.013368960729610316
isd_audio_1acfdb8c58bc7bd6c9b1,ISD_SanMarco_SanMarco2_ML205,test,5b39c707c7c7e801835c3991b717bf7c23ce5f3e34312f982ee3195afe9961a6,48000,2,30.634666666666668,0.05754626261583096,0.47078661248087883,8.181011087093005,0.021249769630381724,0.23329348333566274,259.4593655349659,525.7656676204969,503.90625,0.682944077407117,0.2556823096760069,0.011192525278440347
isd_audio_a8909513e02e63a05162,ISD_SanMarco_SanMarco2_ML206,test,571dfba25d11dd9df45c7eb205874660b89a37d3c44369d8cdaf8c7fd75466c5,48000,2,60.885333333333335,0.05436841647958956,0.45344364643096924,8.340203298015798,0.029550777674555474,0.47703839491326794,378.2709447749113,931.6415096649811,667.96875,0.6080991848393715,0.3690935896367697,0.01589859087747632
isd_audio_b0c4de70e8ce9ffc1f32,ISD_SanMarco_SanMarco2_ML208,test,7f720e52335f1d53bb9aa5455c39968865f5326a2e6ea681ad8ed4fcf3d657ae,48000,2,60.672,0.039645979512553664,0.27779683470726013,7.006935838709633,0.023377760532645665,0.32912004203277434,317.3952119438924,481.4669965641236,667.96875,0.6272706233277934,0.3414075390846745,0.010879321132823262
isd_audio_5e1ba84b20245ad3c75b,ISD_SanMarco_SanMarco2_ML209,test,0681240eb305ae96e446b7e65a43293835b0cd948f2e81ddc028f724e7d95c4f,48000,2,30.378666666666668,0.0714424981887116,0.9250863492488861,12.948684224413867,0.019886501963070277,0.36929031412898744,412.3789176539879,517.6438372472119,785.15625,0.42593559422107125,0.5122936692167911,0.012962086963206592
isd_audio_70f17bb60535cf3cb9eb,ISD_SanMarco_SanMarco2_ML210,test,ca6e235323f7d68e3b620f20d3829d4a900795e49f407a3e718189150a67c51a,48000,2,30.592,0.06822857151866714,0.4478828087449074,6.564446518162379,0.015037302125080443,0.40183843931054497,171.82892686994765,348.7650177505261,269.53125,0.7883715334147138,0.153869718174135,0.005757341424737912
isd_audio_af43897e526a81f3ed61,ISD_SanMarco_SanMarco2_ML211,test,bff2dffba21179152e07afa0bebd6eb84c4df909b254273f8cf125d9b49c7d69,48000,2,31.317333333333334,0.07929211403683178,0.7065384685993195,8.910576760144483,0.014524048532793696,0.14785277729297708,136.60328331421388,312.65489050867257,187.5,0.7555660561335829,0.12201542503820596,0.0035959458059623183
isd_audio_8bcbf400b0b09e1b4a27,ISD_SanMarco_SanMarco2_ML212,test,4c9ebd3e5b03615ee4370b12385db9513b8e58c90de8e69d66ca861b0ee47b6f,48000,2,60.8,0.07600704733275415,0.7555138766765594,9.94005033992396,0.02424617058873718,0.1488565585043523,256.9771849920145,501.95996002716856,539.0625,0.6740878546825996,0.2107495372241854,0.013240252940634236
isd_audio_7249c9211c73505009b9,ISD_SanMarco_SanMarco2_ML213,test,95ec718fe0ad03f09e5ff4a63c0e85102c5b900c5b4ac5ca16d1df8d3dd0339f,48000,2,31.189333333333334,0.0673080872955222,0.5576927289366722,8.285671920642644,0.02999825661434506,0.1791338361914081,429.8760090779886,593.2637955962108,820.3125,0.5004885330039109,0.441624564975037,0.02535642481687127
isd_audio_3c52808c6008af30fb7a,ISD_SanMarco_SanMarco2_ML214,test,5dfe1bc8a72e3c720555a8102de1c1462cb58400f7ab82163c672fd344770468,48000,2,60.544,0.12648207167936265,1.3540539741516113,10.705501231701794,0.016812158929923875,0.21251043757800026,206.03627129101415,406.3695736631643,328.125,0.7820878299618979,0.16130166130847268,0.007752555919362244
isd_audio_0879b7ca980fe9add565,ISD_SanMarco_SanMarco3_SM301,test,93465b18b724dd3180e3343dcfbcd6dcf67f905a936084ec602ed2879c715a31,48000,2,44.245333333333335,0.07881492947554312,1.4697262048721313,18.647814756063426,0.031038127861943945,0.13025248794129018,483.55334980533917,621.8495945238316,867.1875,0.3749597483873003,0.5793064039369589,0.017544417697892105
isd_audio_3d4593c1b749a04f90b5,ISD_SanMarco_SanMarco3_SM302,test,8e865e71b12290dc54abcc3bc5344fe87f6b5c687a7b13a05b833a4ce63c5afb,48000,2,23.893333333333334,0.09905278413062343,1.0446637570858002,10.546536033840052,0.03124043600065918,0.1522249403569202,570.6404362753885,664.6266898777684,949.21875,0.3428186657856373,0.6105217583744542,0.036462214211716026
isd_audio_6f48f905a1d76be09ecc,ISD_SanMarco_SanMarco3_SM303,test,c31c5ba836b9e7dba64e559f2376c8987c695aa4537fda90f4eae8dacb2730be,48000,2,34.602666666666664,0.1388474204869986,0.7927867770195007,5.709769574680256,0.02210331941138894,0.4856294251222809,298.58915685965934,460.48732500524403,644.53125,0.6905133573070603,0.29824038644907214,0.008151680848465986
isd_audio_49630088a2754351c7cc,ISD_SanMarco_SanMarco3_SM304,test,61548c1a92f64aae0d1d3013c3d4337e96336ff21dc3a0d8221f8e9e4c21d287,48000,2,38.528,0.10299913588419135,0.661434680223465,6.421749799601805,0.030250743101739374,0.20092056935304925,485.16624115603173,593.3427132186761,914.0625,0.45465951548264744,0.5159953320717428,0.02292308634355485
isd_audio_9b1595b2af7fc31f34ce,ISD_SanMarco_SanMarco3_SM305,test,77be85b19e024a8d7e9e72e399c424db818bb0fdf6e1801b34f843a0c94fd4e3,48000,2,31.829333333333334,0.09508742409906742,0.6111794412136078,6.427552823145642,0.03148696137666603,0.20926306571194822,539.7434213471056,594.6229584865505,925.78125,0.33493160745833117,0.6269283836554504,0.018926686386894827
isd_audio_6b3438413114f2160189,ISD_SanMarco_SanMarco3_SM306,test,3dca238536ad290f27ad7daba73308b4b6e05b7e0226885ebb4a461943dc8c82,48000,2,38.784,0.10293147325533161,0.7945171520113945,7.718894201004165,0.03766965633898447,-0.019152946074373883,728.0506194416462,754.7121918466097,1312.5,0.28944580499400013,0.6318421874012371,0.059508861785566594
isd_audio_afe6ec86685e06497f67,ISD_SanMarco_SanMarco3_SM307,test,153324fd21100dfe504e56eeff9c2d24e01cf91a078e3f229b3bb7f75911f05f,48000,2,43.136,0.10191369023432878,0.7520430386066437,7.3792150679411295,0.029461581520067115,0.15585319346117138,482.6071728017635,594.283309634274,796.875,0.39527363920730657,0.5725894590518283,0.020187471983417426
isd_audio_bd0fcab76115b6cf1731,ISD_SanMarco_SanMarco3_SM308,test,55fa6ed88a3da9fad7b78b7892d1017eec100221a736db89bf9b5f704973060d,48000,2,40.576,0.10212121381041504,0.7086241841316223,6.93904975950601,0.02595234146639509,0.27362137246658524,358.6817295114998,492.64733465580883,703.125,0.6246865984858349,0.3590932625013155,0.012182517134783896
isd_audio_ab0eaf5cbab9f1d2786f,ISD_SanMarco_SanMarco3_SM309,test,89c0efd26dfb1b93709028a09f2e9487f48ad46792293350b4cf9434a21efa4d,48000,2,34.51733333333333,0.08923376786168007,0.6098413169384003,6.834198886274826,0.03575983307893201,0.14651725751667657,648.4156304447558,672.4915339435125,1066.40625,0.2650077516606913,0.6964083497860319,0.03397791930586141
isd_audio_bf50c940b47f5e9e0d5d,ISD_SanMarco_SanMarco3_SM310,test,0630931fb055f131e764d6657c16f6449a57a1ab6bf6e3ab974a26a2c0c43fcd,48000,2,34.51733333333333,0.08935122663602917,0.8055559396743774,9.015611424740671,0.02895889804089856,0.10071916258953417,469.6160908802494,566.1841184978008,855.46875,0.420641784799418,0.554183755762964,0.018944278005768495
isd_audio_7edc2246cc3a4294cb04,ISD_SanMarco_SanMarco3_SM311,test,e0cfeed85cb1766a7223be054ffe1dfd1472a80c08c735fcedd7091165f157d4,48000,2,33.152,0.09329512949113036,0.6956348717212677,7.456282825433049,0.029274898745989902,0.15807126648965555,495.7573506631863,572.2746651112485,855.46875,0.4095633514380336,0.5695539604106039,0.017873579656384732
isd_audio_45af43c2037dc262520b,ISD_SanMarco_SanMarco3_SM312,test,d3a5ecae57f9a09701da5e31a0b897d14873d9971a34f21b9c9f135d7035f4ac,48000,2,34.346666666666664,0.09146272221187494,0.8479664027690887,9.271169524177951,0.029327220816685762,0.25581661961865276,480.38553411070563,587.3372336696711,890.625,0.4550296701208183,0.5202030322763639,0.021366662433686023
isd_audio_b441db8f8e8ab575ac79,ISD_SanMarco_SanMarco3_SM313,test,20aa9abdc5a624dba5e13eddecfa9eda0be4d45854bb9a95b8c9e25b260e77c8,48000,2,35.882666666666665,0.09215951315816835,0.7724336087703705,8.381485343186272,0.03325888152757223,0.11777989883653611,551.7223120742732,624.4429554588975,1066.40625,0.3983875794797724,0.5663617383638311,0.03166459525257902
isd_audio_4de683fd294d766f87d9,ISD_SanMarco_SanMarco3_SM314,test,d16da1ffab7a9290afc655fe77fb72989875fd95a70a51f2ae923fd08a4012e9,48000,2,32.46933333333333,0.1430499912398701,1.3154526352882385,9.195754742008,0.033999410982292894,0.33566954873350197,718.1537801369501,694.3284293130434,1324.21875,0.20534229673389007,0.7427947246609276,0.047499534362981904
isd_audio_ae4cc3fa78f9225b50b1,ISD_StPaulsCross_StPaulsCross1_SC101,train,39c675ff1c566761621bac26c1373d327cb46b1ba06f9d8dac1763ef1b6a4837,48000,2,30.677333333333333,0.048595736288335085,0.3405722379684448,7.0082740581954255,0.018552662764488685,0.39844894983487805,252.42733415943448,540.6850498142203,480.46875,0.6927436388341265,0.26989800703847056,0.011590220839133147
isd_audio_bd94d7a0303b264597e0,ISD_StPaulsCross_StPaulsCross1_SC102,train,6bd8d9bfc1cfb5226701f67b715d65830e54e3f3a6784897f26ea577adec9996,48000,2,30.805333333333333,0.06078901658911461,0.5588748268783092,9.193681000892948,0.013483199258785857,0.16209274455277842,80.61865517566649,309.3684634455139,82.03125,0.7455953771887228,0.0454165924542246,0.0030700435067293847
isd_audio_d494115ed7b7c5885e4c,ISD_StPaulsCross_StPaulsCross1_SC103,train,8c1f0c33ce2ef976bc6c2daf041986df73a615aa9685f1232133c3bae1e05a7e,48000,2,31.14666666666667,0.04714147079004528,0.4120672047138214,8.741076546997265,0.015903932940879804,0.601366044096663,187.0009347198074,425.8810410783155,316.40625,0.7890956073308202,0.17320530750408478,0.008382104399499764
isd_audio_b44f60cbd3ca24a1540f,ISD_StPaulsCross_StPaulsCross1_SC104,train,0363272be2f830e5181d03f26487dd68b426e64e96db9744455e06a3b5a16c7e,48000,2,30.592,0.04824966913655764,0.2890467271208763,5.990646822941059,0.012216573652543729,0.4010343378588836,119.2347914105438,286.404536997474,164.0625,0.7999575498372102,0.10205107523538938,0.003109168097378688
isd_audio_a0dc8b507dffab119487,ISD_StPaulsCross_StPaulsCross1_SC105,train,07c45307b94355d8e95ef543254194fd4592f69769477da06ef731a0582a3274,48000,2,30.762666666666668,0.05112274327305684,0.562392633408308,11.000830499342651,0.015458412427951377,0.4484707974267204,118.3677528465751,394.5416661286203,105.46875,0.8244927888904097,0.07802662036431343,0.005307610161445385
isd_audio_36b2e5350ef16f2ab4a2,ISD_StPaulsCross_StPaulsCross1_SC106,train,cc23c08d1a4a9ebc40b8c52a69d036068bc44f69d8d74a1d7a61ddcee411cea1,48000,2,30.506666666666668,0.04600343724271844,0.2700220600236207,5.8696061904887475,0.013798222928200755,0.7278612572658635,134.54786666531967,340.16285530064687,164.0625,0.850838218638197,0.09898347966099266,0.005186743583866964
isd_audio_b819b39cc96689a3f3db,ISD_StPaulsCross_StPaulsCross1_SC107,train,d892601f4666472ee14cf99bbc1d6a6dc5f450f84ae6b65b5189361335e753ea,48000,2,30.677333333333333,0.046122759446383645,0.29355481266975403,6.36464114882378,0.020066403578648986,0.606316491548403,214.564122453225,586.3943120002575,410.15625,0.7532927767961893,0.2023457055147294,0.010946044138653877
isd_audio_f6a51292a8a7498524da,ISD_StPaulsCross_StPaulsCross1_SC108,train,120adf499965a60e91b15acdb08b769660c90d2baba27d35e38d36aeceb112c1,48000,2,30.762666666666668,0.048082451562048135,0.3250173330307007,6.759583225728021,0.015301972698219635,0.6731650788929237,154.48384209782503,372.2405592556867,187.5,0.8518812974917528,0.11158689642715912,0.005492920956810253
isd_audio_b43043549719406b225f,ISD_StPaulsCross_StPaulsCross1_SC109,train,b89394caee87f46865c9e1c800b6a288bdd4145f25030be8f3f870395989d558,48000,2,30.677333333333333,0.03902697920601941,0.2147189825773239,5.501808926687471,0.017179498149759154,0.5813270395498008,194.0309996428361,440.6324831997131,328.125,0.7999171687141404,0.16410076658675787,0.007966677885844911
isd_audio_7f24992bd279c866465f,ISD_StPaulsCross_StPaulsCross1_SC110,train,28ed1a732c463c5f8ebedc536ca103e0050d57a9513b3074fd04155a2f0e3e06,48000,2,30.677333333333333,0.03916445909198304,0.3345010783523321,8.540934462204904,0.019051810139279094,0.4465578625115702,199.0706639193474,439.84139383407495,375.0,0.7350269260498521,0.1879161654899275,0.00801312397382901
isd_audio_19ce4b18d6937e9b92e0,ISD_StPaulsCross_StPaulsCross1_SC111,train,c393db15a799e93833f9153b31a14f6e8a985cb59208aef2b543fd83ff49b249,48000,2,30.634666666666668,0.045062151872495126,0.22707665711641312,5.039188047631062,0.017342836915991765,0.610357939581059,163.11037592129358,537.0422549061931,187.5,0.8371280299811124,0.11082399566921701,0.0075585434877077995
isd_audio_4575015266501e8bf348,ISD_StPaulsCross_StPaulsCross1_SC112,train,0f7421be76552c86d7e88e088f4651199382d3f5795e6320682981725d4baa16,48000,2,30.848,0.04726251726042632,1.2020196318626404,25.432831375427202,0.020257269688789718,0.2370534962375527,318.543483702672,557.042343882952,585.9375,0.6447667225450324,0.30769000630991256,0.018335255059529612
isd_audio_eee343eedcbfd8a58f6c,ISD_StPaulsCross_StPaulsCross1_SC113,train,a45a32c6c7584b5109668564a1c7dea7b5a85425e51c849893f4736a01400b7d,48000,2,30.506666666666668,0.04278083202871521,0.29193615913391113,6.823994422033651,0.021248785271515292,0.38908017698050384,260.0949866097594,499.78167283229425,539.0625,0.7157760403836478,0.23607128474145994,0.012780149399952824
isd_audio_71217b4667e2ef7029a8,ISD_StPaulsCross_StPaulsCross1_SC114,train,c4c7273340016fa2ec3a3aa43b4553130927db0339d8d1a90567ddd036b95865,48000,2,30.336,0.04058564252111092,0.25843922048807144,6.36774988479343,0.024335102638712146,0.3830439331694022,297.4654874618627,537.7882404681064,644.53125,0.6467365369633168,0.28604323779559404,0.012811189946068214
isd_audio_0420e43fdbd567cca94d,ISD_StPaulsCross_StPaulsCross1_SC115,train,28e05378ad78675eaa5f5e55c88c6687699db36a7db7572cb70c6bc32b49d62c,48000,2,30.72,0.039880448832118234,0.7555240392684937,18.94472257443659,0.0180223375259993,0.6186659422967623,206.09055208874454,434.31149083954637,339.84375,0.7812137511710617,0.16935509972672982,0.009846276766248028
isd_audio_c12975e9726ca6b0c75d,ISD_StPaulsCross_StPaulsCross1_SC116,train,dac429ec54e0f764b5d1b5b4ec88844c6a0271e1b514362ceddffd6dee64c5fb,48000,2,30.976,0.07632821181710941,1.0337729752063751,13.543786112576646,0.03064740353244147,0.05809577838527157,622.3111547782104,783.0979649247007,1136.71875,0.36647838119207243,0.5603052982131989,0.05307564327326024
isd_audio_beabfbf7600418878ac4,ISD_StPaulsCross_StPaulsCross1_SC117,train,0765bc4959b20be8e1c7b8310dc0c938b7e8a50d80a9fdc0f5eb9ea15634d727,48000,2,30.592,0.03648130967807434,0.20105205476284027,5.511097505462494,0.016930499892741493,0.5553766149502517,180.74886905866583,394.17584361157316,281.25,0.7680776668401279,0.15733921325483277,0.007114982904701159
isd_audio_61841675609288fbb2a9,ISD_StPaulsCross_StPaulsCross1_SC118,train,624d6b757a37d38dc9058f5e894bd33097c45098334fff99fa5c20c39016ebd0,48000,2,30.634666666666668,0.046372255156533974,0.3030978739261627,6.536190075359219,0.019281001970127776,0.585743758678561,226.4849577552713,458.2779334133946,468.75,0.7103015443261629,0.2263598249517281,0.010357218427655234
isd_audio_7edbe136c94b8a7bada2,ISD_StPaulsCross_StPaulsCross1_SC119,train,55072f0d253052fff7fdc97e296a61c22af142db87e86cbb793ca3423543ef10,48000,2,30.037333333333333,0.04700222909995397,0.2927462770603597,6.2283487967732665,0.01682074586399832,0.651227484207302,192.3648514720523,446.8642746306052,339.84375,0.781696637928497,0.1755239052454387,0.006993701173577808
isd_audio_94643bc297fa7c788bc8,ISD_StPaulsCross_StPaulsCross1_SC120,train,cdfe93d208dadf204cc376ed20a6db8b0865fe567005af6a7a036effee9ffce8,48000,2,30.805333333333333,0.057241003110452396,0.3371778130531311,5.890494483517556,0.014701874338503573,0.6721628642486747,170.29598528896227,324.76649056602747,269.53125,0.8210408442499164,0.159315898636902,0.004715400465630154
isd_audio_fd62d27a2a4af53df44d,ISD_StPaulsCross_StPaulsCross1_SC121,train,34198d99969716493ea3cd2e6ff6ec019d41524eb6a92062beb775b444b8bb97,48000,2,30.890666666666668,0.05160867837458662,0.35860775411129,6.9485940234400045,0.020183429314834387,0.4144640075716418,250.38486171027827,476.4169628909967,492.1875,0.6626478537257188,0.269415558995712,0.010026756973418793
isd_audio_d6387d1727681207ecc9,ISD_StPaulsCross_StPaulsCross1_SC122,train,e7729250e4bdf1e887460ea7f9a9c60733fcf23981eef3fc43e5a3a50da4c9e6,48000,2,31.018666666666668,0.0550656671285699,0.5373508036136627,9.758363634440872,0.0243885566141333,0.40419851104726573,348.14904934441716,598.1454488290567,609.375,0.5580055345951039,0.4053454636632189,0.017697312074778745
isd_audio_27d2d82f6e6d1842b437,ISD_StPaulsCross_StPaulsCross1_SC123,train,498ee96aace8cca85d2b9c2be65f5b834cffd5e15643c8ae20f7a0f520c83563,48000,2,30.72,0.05314528110363814,0.48368240892887115,9.101135583150766,0.022906509675096078,0.527652869731065,281.78041698598423,588.0238705685357,550.78125,0.673764617525795,0.29180402504996716,0.011424884853047204
isd_audio_85aa9dc6059c1d118087,ISD_StPaulsCross_StPaulsCross1_SC124,train,98e50c41f618ab589c95190abad259d6f18ffbb664f52673985527aff7a8a518,48000,2,30.890666666666668,0.04273053168906121,0.2884770631790161,6.751075911673355,0.02034933714426765,0.49482777659241695,262.2167907679541,471.51758167721476,539.0625,0.689075362201808,0.27286170182752995,0.009443713644833016
isd_audio_5a5b60b38421fb59e6e1,ISD_StPaulsCross_StPaulsCross1_SC125,train,9753a6f834d980c45228739748c25e6badc76178c1a2d8d92f9cc4a6fc8a992d,48000,2,31.018666666666668,0.04929500473715647,0.2998279631137848,6.082319389408381,0.022712145584477077,0.29664362335843464,228.49066203695978,579.711545871032,433.59375,0.6808061118456317,0.20542693313299337,0.013489985950747052
isd_audio_096c3098a28a20b0013d,ISD_StPaulsCross_StPaulsCross1_SC126,train,07a42b84edece0008e564ad927e0d92c4140e40baa0971464a1b91335b45bdef,48000,2,30.805333333333333,0.04357647388106871,0.31620101630687714,7.25623227730335,0.021357246957539114,0.43800952104010527,261.2164771947212,499.070187700871,539.0625,0.6821598784127966,0.2602306680569328,0.009417690940386513
isd_audio_fe0a149de802929875e3,ISD_StPaulsCross_StPaulsCross1_SC127,train,3dd0561846050df7738a31749d5795b93632de7a7c188bc8f9fc67cbd513c280,48000,2,31.061333333333334,0.04269138743495523,0.25296711921691895,5.925483672844802,0.021752005274514184,0.4930249819444706,298.185663081489,495.73410048614534,667.96875,0.6644774762423014,0.29521085061635083,0.011734126767642964
isd_audio_d7e40bba6335a05da15c,ISD_StPaulsCross_StPaulsCross1_SC128,train,10d014f46743215b850d98985ad374f51284cabf7c0bb812a69ea506a87e589d,48000,2,30.805333333333333,0.04754932658048991,0.2647407054901123,5.5677067274963,0.022354098826298224,0.4961883670602066,274.45374533979964,506.78583015900625,597.65625,0.705237819344304,0.2534828308821914,0.013597502529664433
isd_audio_f3d148fefa6984efbe5e,ISD_StPaulsCross_StPaulsCross1_SC129,train,fd3d8d682ae2176568dad35375acdc501ae379ef9627cc166163eac577400b2f,48000,2,30.677333333333333,0.04669362462793482,0.27260153740644455,5.838089023471495,0.018223293408334472,0.6644604288412992,202.26381281908112,452.63309953003494,351.5625,0.7840397049825447,0.16618043401868052,0.014342845339783809
isd_audio_edd6f325fa7a47974e80,ISD_StPaulsCross_StPaulsCross1_SC130,train,1a4d9ed4696f595c83c372a634ad255e8159171ddb16f248692cd397093c238e,48000,2,30.72,0.04453283825175871,0.4376455843448639,9.827480159039272,0.020052775100894572,0.5779509865682941,259.6919907077142,482.17575826069515,492.1875,0.6877150987028865,0.28146569772728985,0.009444495196179471
isd_audio_8d580c8af32d5ab3b4c2,ISD_StPaulsCross_StPaulsCross1_SC131,train,bfdd5b1519e18a75637eb83322b4034106ebb20ccad23823f3bd4c0e142d9ee1,48000,2,30.72,0.053262304911202554,0.620640218257904,11.652522723014302,0.026259376532237776,0.3665669913811036,445.72736449009994,608.9940278300816,1160.15625,0.5630078560859461,0.4048878879583919,0.010185607768311728
isd_audio_4ebb41f4b6598f9f5cf6,ISD_StPaulsCross_StPaulsCross1_SC134,train,8018a6da7a257a5c84ff7522ab5fa15dbe1117c718d3a80ce868d40792c1faaf,48000,2,30.677333333333333,0.04285210320171265,0.2751067280769348,6.41991191848758,0.019750616463985668,0.5387094236387941,252.7117675334769,475.6483333213186,503.90625,0.733332271299235,0.23049110365853495,0.011745189307841887
isd_audio_99e379fe792a86f40cd6,ISD_StPaulsCross_StPaulsCross1_SC135,train,e2b8504a6087091bf3e2abe186deb45130acef3183d7c011bb47a9f6cc6eb853,48000,2,30.634666666666668,0.03824715575563029,0.2206057757139206,5.767900157685467,0.018693431932663384,0.5396637900497321,226.8806765641061,456.1904689112412,445.3125,0.7246839822530945,0.22506004101818775,0.008040185667210497
isd_audio_e820d04596c64e5e2af6,ISD_StPaulsCross_StPaulsCross1_SC136,train,648ed75eb176ca219ada3c86a97466a90210e663d98849bf455da862e489e090,48000,2,30.72,0.03369034467467133,0.213598370552063,6.340047055459422,0.021505412804777566,0.49196120340749777,242.46182681472297,524.6672742710401,480.46875,0.7221869798728096,0.22449338311632208,0.010964894825865813
isd_audio_ff04d91ce05288ae0337,ISD_StPaulsCross_StPaulsCross1_SC137,train,42e1ac15aa96b496a7a9391bcf15365bcaeb4a0234b752417de8dcc84539be11,48000,2,31.232,0.051016053639333536,0.36974436044692993,7.247608038459798,0.01893291798270336,0.6157837154155402,205.1489675762251,513.1030865558425,328.125,0.7796661290848009,0.16762497127886342,0.0144446305960899
isd_audio_2b852ef801f5db231f91,ISD_StPaulsCross_StPaulsCross1_SC138,train,b1bc939c78e652e9cd80800d18a476ed427052ccf33b4f87e72e5889205589ad,48000,2,30.762666666666668,0.04849093478789942,0.37573162536136806,7.748492104860996,0.01875515963286101,0.6665373920417088,197.28829657529766,446.87465855448494,304.6875,0.8041134689902875,0.15721034277098472,0.007604339452853139
isd_audio_5cefced32abfffe3a155,ISD_StPaulsCross_StPaulsCross1_SC139,train,eef6e57cf8a749f32793113adcdd1dd5b65372a3d8a2169520117d28610e19fe,48000,2,30.762666666666668,0.03457744784800892,0.2242721952497959,6.486082958916537,0.017618093372170116,0.6187012411435338,170.16375311116855,444.77739244283214,246.09375,0.7904910079121649,0.14394046065409122,0.005930364291639219
isd_audio_d37ffcf1e578e37e4125,ISD_StPaulsCross_StPaulsCross1_SC140,train,0826be396156a6bb7fa65dc5bbd653bceb1b43de2e5aac14ab3c7941c0e719c1,48000,2,30.72,0.06884146568193314,0.4553455263376236,6.6144077820981835,0.012805862634184187,0.825355960327756,110.81088317664306,262.1232256300558,105.46875,0.9029882210252629,0.0759590091842573,0.0025696981309905487
isd_audio_917183a7dcbf61cd512a,ISD_StPaulsCross_StPaulsCross1_SC141,train,6c8bf9bb0c8f47639ef0b127bf3d345a07b4364a4e64aef14ac97585b14e824c,48000,2,30.762666666666668,0.05407120243999243,0.34247303381562233,6.333741776793198,0.013552692083946508,0.7468070091647132,134.50599223158588,394.87181009066364,187.5,0.8640859362747847,0.10308032015349243,0.004594750393771117
isd_audio_7ba8ed8f190dddbe0e12,ISD_StPaulsCross_StPaulsCross1_SC142,train,ea282fae04b88e5bbd4f3d912fb2ff20a9c01916356ec2afd182616ddf9141a2,48000,2,30.72,0.04939381829286184,0.2448524683713913,4.9571480163698185,0.016205523142851525,0.642499326167118,170.0801512548187,376.9534081553916,292.96875,0.7481127405183164,0.16417601584306143,0.005296110992039321
isd_audio_81305ca6e6b32415fa8f,ISD_StPaulsCross_StPaulsCross1_SC143,train,45bb7a6c8751cc7e41c6f780a2c672d99ab362ee96d5c2cfc9674779d3a48de8,48000,2,30.677333333333333,0.050239143142014046,0.27024702727794647,5.379212509935186,0.011514345223906647,0.7485497332083604,126.33882565464386,250.68513316652465,152.34375,0.903065484281886,0.07073946589084885,0.0030366612076288273
isd_audio_452157eeb9732c555ff8,ISD_StPaulsCross_StPaulsCross1_SC144,train,c2d478fac4f880afa10598c3d2b753703074a3484a6cf4dfeb0c84147785c2f4,48000,2,30.762666666666668,0.047723086722905844,0.3197910338640213,6.700971287142872,0.016596833145176747,0.5580397337480171,204.65190887078577,379.67189445919445,351.5625,0.7441998948630595,0.2148497949246249,0.005550332457786409
isd_audio_fc4df1be19a228019e6d,ISD_StPaulsRow_StPaulsRow1_SR101,train,3a177377b087c703bab204f73547501cd61c1ad75ba3bb3e80f49080f9957099,44100,2,32.60199546485261,0.16249723558088391,2.0879605412483215,12.849206534403026,0.006745971300931249,0.09979485143843891,39.22801296608061,172.60506154722825,43.06640625,0.5218630648259195,0.017008482878404348,0.0007501401035893233
isd_audio_93db71b3171a51f635d7,ISD_StPaulsRow_StPaulsRow1_SR103,train,6ca8a8c2ef5414619934d89dfd575d5a8a9ad4ea228e37c3ea44a960bac7540c,44100,2,37.268027210884355,0.07244760341830936,0.5233215540647507,7.223448801240732,0.012299218932059805,0.6080258443634635,111.04305556268534,275.2375883853322,161.4990234375,0.7597223158921509,0.09521666387916305,0.0033549300231639507
isd_audio_b740e7a504b0c0aa584c,ISD_StPaulsRow_StPaulsRow1_SR105,train,18901b2b53bf300a253caefc22326af1b373f34550becc3fd23a56c19342ae8d,44100,2,36.89650793650794,0.09171744020210565,0.5993262380361557,6.534485008690815,0.012960203056292195,0.2249228173351414,123.09504356351617,288.65394498429134,204.5654296875,0.6119423044054622,0.12046459647120762,0.0031633489010447673
isd_audio_3908c94261b5217d5bdc,ISD_StPaulsRow_StPaulsRow1_SR107,train,0f8e2564564b7b005677a2c446a846e9b7bf7660b0b598656430049bbef820a8,44100,2,34.66739229024943,0.06343668778988465,0.6100882142782211,9.617277249703811,0.014394658402400265,0.6238098476227735,141.24463004256575,324.6416497939344,247.6318359375,0.7467791302304735,0.14255576924566216,0.0038404971838183186
isd_audio_726d5a8d27836db21e94,ISD_StPaulsRow_StPaulsRow1_SR108,train,dde51400607a69ea3e5828e30e18e3575db9069c3ea30a61b713fd22c01def42,44100,2,31.34700680272109,0.12106310296821422,1.4953756555914879,12.352034756486516,0.00910299608941538,0.0842002332383764,51.91391424126347,176.18316727776815,53.8330078125,0.5249942702823848,0.03633966752245365,0.0013131204792935316
isd_audio_9b8124d610e16fa2c716,ISD_StPaulsRow_StPaulsRow1_SR110,train,3f517e22d485c1a0d68263a3ea04af250318e1f472123ff3c46bf1a11c0c1486,44100,2,26.32501133786848,0.13848689616060378,1.1168042719364166,8.06433173750428,0.007879014447013262,0.09341557136623993,48.29584237570618,168.19732715549887,43.06640625,0.5414251172989367,0.0307038121427294,0.0008915428692867378
isd_audio_320b3577955d26ac9ac6,ISD_StPaulsRow_StPaulsRow1_SR111,train,88d3d20438ae36a71557a8d6075c0486adc2211da9c778809b930c3b7134e614,44100,2,31.277278911564625,0.08167881905373255,0.5956047549843788,7.29203435951442,0.010780619824015625,0.14854616953826652,79.31592931649386,224.64566491899637,86.1328125,0.5942886308748745,0.06610089753405067,0.002128567026253326
isd_audio_95b4f336ffec0da8ffd0,ISD_StPaulsRow_StPaulsRow1_SR112,train,41378d32616c7e8454f82f1bdb4edb59c65533b14813729f2b0ca8b3841b8df9,44100,2,33.877913832199546,0.08372368323674188,0.4920487552881241,5.877055765652101,0.014511233153616262,0.37025188679277965,147.4812125069621,336.74712779132176,269.1650390625,0.6494269844929709,0.1476314496375412,0.0052953851572444845
isd_audio_f6ef2be45b777ec2ce50,ISD_StPaulsRow_StPaulsRow1_SR114,train,3665725814db72a1dba4eae69043af409a2f7879fc9cd429f7c9717bf9be742a,44100,2,31.346938775510203,0.07701164808033394,0.6015877425670624,7.811646128382061,0.013280536227239747,0.22659867027122643,123.86155845419655,326.8206299356524,183.0322265625,0.6164810875857313,0.11807403000444246,0.0046981731289832945
isd_audio_19c666adb08a94db91f4,ISD_StPaulsRow_StPaulsRow1_SR115,train,6842ade395bb28957db1348edf1f83f6f3b43b5dbd2369802582c02a93a5b316,44100,2,34.73705215419501,0.08009621413519998,0.5335496962070465,6.661359740504475,0.012324540130804626,0.3055701895102821,106.23401272501755,275.1242399581687,129.19921875,0.6508932162829759,0.09974803129088798,0.002667832361928482
isd_audio_b4af1437c257cb09b813,ISD_StPaulsRow_StPaulsRow1_SR116,train,7041d61e1528d4245416af537e921918b84b81b41ca62444b3ddd19e65cec936,44100,2,43.699954648526074,0.07197476292018798,0.5483607351779938,7.618791822712427,0.013336156129697114,0.34090006446661103,121.16705528523144,306.48797352473855,161.4990234375,0.6828313010666162,0.11170098310615342,0.0037100577562989416
isd_audio_6317513526e463795c20,ISD_StPaulsRow_StPaulsRow1_SR117,train,bb42a7657c93379efc1608f15b9a0f8f2051b673ae770f364441efcc81684aab,44100,2,38.33614512471655,0.07897489518016476,0.5751030258834362,7.282099261688901,0.01357724341855044,0.2430446201408534,116.6850742883496,347.02661626753365,150.732421875,0.5857263229574897,0.10724296821697714,0.004362541839183381
isd_audio_93133ab3e4764a7cd9ae,ISD_StPaulsRow_StPaulsRow1_SR118,train,f315df5bab620c84623dd23976b55081369a1aebb56a006e8293939ed9893c5b,44100,2,49.87646258503401,0.09749922925128152,0.8644393980503082,8.86611519586906,0.014596160761900952,0.30366611875848926,163.76676469444138,311.3844449970857,301.46484375,0.6554493775107434,0.1687570096827984,0.003216110530703769
isd_audio_133adc376d13aeb11d5b,ISD_StPaulsRow_StPaulsRow1_SR119,train,7a90ed29cd22092e97bacdc9453d7379e415b136c531479cdf2a5c59ebba85d1,44100,2,38.846984126984125,0.10058329547105523,1.0029597356915474,9.971434431477425,0.011176481232535836,0.23335518175324116,89.80136996252949,243.6364224675741,118.4326171875,0.6047895239020997,0.07425933764102369,0.002070259269538658
isd_audio_eb1540e6878ccb8ec533,ISD_StPaulsRow_StPaulsRow1_SR121,train,871bd02d3050735033ca6c7daa8ffb5d96482f9510dc63b16e0b2627a4652a1c,44100,2,33.52961451247165,0.11825630502067475,1.0083265900611877,8.526620123002338,0.010525105585819546,0.08547343076689773,69.94612319644358,203.90979462500837,75.3662109375,0.6541927623084659,0.054248525069609234,0.0015463232685659749
isd_audio_101e29db6fda2f9f625b,ISD_StPaulsRow_StPaulsRow1_SR123,train,9ba8c54a5cec537cc284377127cf5932960a275ab997858505959dec5502206d,44100,2,35.247891156462586,0.07837386286772859,0.47213006019592285,6.024075411374527,0.030016128088027064,0.13990530341170274,415.88782449284867,654.6819352279429,915.1611328125,0.4354146055718582,0.4061230992534396,0.024659953846883357
isd_audio_1f2e33a4424d29aeec75,ISD_StPaulsRow_StPaulsRow1_SR124,train,f0ea3a461198deb161c9e6136603978e89c1958204a015e0ab0290bbdba0a2cb,44100,2,41.00643990929705,0.07982194161493057,0.4585491716861725,5.74465068637721,0.017929830130011176,0.19422872305781194,187.11050375303995,415.337887048264,409.130859375,0.5824625669553107,0.17722275707247243,0.007677958613128887
isd_audio_87111fe834c634d5cb01,ISD_StPaulsRow_StPaulsRow1_SR125,train,0752ab508319465a16b004650c8456c4764abccd802134b1c01b97b570814c9b,44100,2,46.20770975056689,0.06150098789316079,0.4811584949493408,7.823589692334812,0.01628161131910103,0.5789490018155641,169.3335518530649,348.11176823319647,344.53125,0.7044968624751055,0.174908551885299,0.005573378266171018
isd_audio_d114b9326b657114a551,ISD_StPaulsRow_StPaulsRow1_SR126,train,23c5d5a1b9b71d7d078d910012fdb9c347ac6abe21dd05384cb0e91c928301a9,44100,2,40.61170068027211,0.0889261366598524,0.8133552893996239,9.146414315858056,0.018242019011990674,0.15828495633089354,164.75796499244746,392.08901058650815,344.53125,0.5707144069981888,0.17349907113378413,0.007106577782314623
isd_audio_54c4b0bbb31ebf84116c,ISD_StPaulsRow_StPaulsRow1_SR128,train,8bd84a3070c739f78a2375c470074e445921c45c861a6701e242a9fd129c13b6,44100,2,45.06199546485261,0.10859488842874868,0.6471964865922928,5.959732506350257,0.01244594871361335,0.1037044843331899,103.2519901558154,287.5462920406569,96.8994140625,0.5759394738502146,0.09541080003226528,0.0033017384463990256
isd_audio_ce4c737996014fe6a4e2,ISD_StPaulsRow_StPaulsRow1_SR129,train,ce2a95aaa599f42d7dc837bf7eff6781c66a17ec21976caf791a1575ac5a089a,44100,2,22.54700680272109,0.08450579039808799,0.5390485376119614,6.378835522070423,0.013645479029931953,0.1858221467949568,142.593264805302,305.0893000543067,312.2314453125,0.5597509217906135,0.16144259329280766,0.004022995762876943
isd_audio_8d9e2568bd1442b464c5,ISD_StPaulsRow_StPaulsRow1_SR130,train,da548abbf709897af32513a84b411ee8b91b8725d3e744863be60b6b9e1ab021,44100,2,35.9677097505669,0.15819407880046613,1.092988282442093,6.909160511757867,0.009925134364114931,0.08597914691862675,62.93774862719158,196.20402884370316,53.8330078125,0.5964472946377485,0.044388443474823694,0.001351327282581288
isd_audio_8cfd83d4618debde40a3,ISD_StPaulsRow_StPaulsRow1_SR131,train,5cecdb9ef21469ebc55b1e49f2ac573801976fdb77a2cf326c6a93e815d5ae95,44100,2,46.625668934240366,0.08111376051147723,0.9491347670555115,11.701279302926823,0.01679561869495587,0.2767119379197781,175.56057100679632,372.1644875048133,387.59765625,0.6294819682002757,0.17830977096519998,0.005984560795150685
isd_audio_8490bdf4db00d5bdd722,ISD_StPaulsRow_StPaulsRow1_SR133,train,1da98fba1ee3d3a67b2b37a0a7c5173cd64bdfc44194818d80e376f4df8f5d96,44100,2,36.29278911564626,0.0926795383157652,0.615556038916111,6.641768507940466,0.015346973560319173,0.1862494180116268,140.03117892774858,346.6490347822712,236.865234375,0.58666077915349,0.14203240820668223,0.005048747589328846
isd_audio_f86dcebbc92f926e8e35,ISD_StPaulsRow_StPaulsRow1_SR134,train,1320e400879143ede6b438b36e181c54473347e902b014f281a1b0fcc48e0e0d,44100,2,38.87020408163265,0.0708629871856927,0.4416342508047819,6.232227405930585,0.014397596511441364,0.3697599591083256,128.11433583196973,313.2158314337011,183.0322265625,0.6296677433699019,0.1276452119995413,0.0034149516450468764
isd_audio_3a40a447d58e3a980c04,ISD_StPaulsRow_StPaulsRow1_SR137,train,a08a198d9d0db9b54ec901a2b50026b4a0d894516b527cc34547c48c966c6a41,44100,2,36.548208616780045,0.08011138122909599,0.7837609946727753,9.783391356484538,0.013438600300910488,0.1679769661653672,108.55681988160886,270.2615068984275,150.732421875,0.5949471897979883,0.11012277977498978,0.002796372480968365
isd_audio_75a99f9908e71207baf0,ISD_StPaulsRow_StPaulsRow1_SR139,train,da1c9a5bb89df6e5541afc8b3222dab17316f47d5eda5bf17812439de9ca0963,44100,2,37.198367346938774,0.09699150661133021,0.8131982088088989,8.384220817061768,0.0115255171303919,0.03390736644697538,73.7170716254334,222.89511602106202,75.3662109375,0.5980469895654166,0.060549895858941716,0.001986865500657306
isd_audio_ef1447a1203c51ac8599,ISD_StPaulsRow_StPaulsRow1_SR140,train,ed96e80ebb241ae178daf670e9e5bbde625b2fd44358cceebbaf504be0c08861,44100,2,35.944489795918365,0.06079011313668405,0.3960142284631729,6.514451249214676,0.01815221389003319,0.22869066270086905,184.66287662550053,393.3799116951798,441.4306640625,0.5926958230766846,0.21273703955529943,0.006668327312070415
isd_audio_901d0d5b2014762b04e5,ISD_StPaulsRow_StPaulsRow1_SR144,train,08b106ff977408450cda62ed2bf86b745b0e2b3c8737c4b59df7633d821abf1b,44100,2,20.418004535147393,0.1483118211620171,1.3024787902832031,8.782029511055388,0.009856369102420725,0.044419103972314175,44.04240375032725,163.943122458807,43.06640625,0.48330854034219217,0.029265996737458385,0.0010247732918444005
isd_audio_5ce7e85baf66b75c8890,ISD_StPaulsRow_StPaulsRow1_SR145,train,03bdedc68935f30db6afa136e6100686a468508d3626e49d107b35b29587102b,44100,2,46.18448979591837,0.09287340568904037,0.7778266221284866,8.375127587469045,0.01224312441235605,0.2431492923320543,103.603188357388,271.7594422733983,107.666015625,0.629104133209906,0.10042139565874283,0.002434789325208104
isd_audio_fce22c7611abebc847f0,ISD_StPaulsRow_StPaulsRow1_SR146,train,f63a15e3085870e52fd831307b3d5fc3c184ef75169c502a19c25e48a9a4c594,44100,2,39.450702947845805,0.05679547745124706,0.41288696229457855,7.269715491854058,0.015187596097196476,0.4055084942951859,153.76500139074975,319.7141609214016,301.46484375,0.6804616990022881,0.16122175289114388,0.004142647447847282
isd_audio_6d453c2e4199013171b5,ISD_StPaulsRow_StPaulsRow1_SR147,train,52a058af2e003c0e2bc996901a21882d0d8605ba3ad77a338ef508ebfed0903d,44100,2,35.456870748299316,0.06431846916523236,0.333371389657259,5.1831362590555,0.01531227956181926,0.5484781175067399,155.35086096803857,329.2997281016586,290.6982421875,0.6904954415603362,0.15722032968754088,0.005324221063931931
isd_audio_c8912280532378bf3b91,ISD_TateModern_TateModern1_TM101,train,3eb360a33301ca0ca56bf89dff1f43be9059fa1325f15fbc5209f8f03c3f0462,44100,2,33.52961451247165,0.08907942461733617,0.7766098463907838,8.718173132874547,0.009484971139312416,0.2199031786906211,59.56949934198942,198.96988224866902,64.599609375,0.67030407916585,0.03919979554912887,0.001441418797292045
isd_audio_a816940dca340643b7c2,ISD_TateModern_TateModern1_TM102,train,32fdb7906789ef7f9b584ab0c37995196e16797b2c5cb9bb237d62d25f619f8a,44100,2,24.528004535147392,0.11568862329685457,1.114828646183014,9.636458749469142,0.022029539126029413,0.14314228584813835,155.14707438958314,425.1453207124451,183.0322265625,0.572475910688599,0.12196649945296119,0.00807959314526141
isd_audio_2b96287eea74230b6d0c,ISD_TateModern_TateModern1_TM103,train,ad493eb3abde3244ec04f71549bcb4a356bb801ba8a15f9efeb68d2c2148c6ba,44100,2,29.761995464852607,0.09745514044376455,1.104058638215065,11.328890740782938,0.013961872849052535,0.03169410565720907,61.50102122800928,253.7045748776548,43.06640625,0.5985255734209333,0.028470426198422064,0.0034797172735770193
isd_audio_a5cc956654bf91c32b4c,ISD_TateModern_TateModern1_TM104,train,9d1c2092b09d67edee5c729b4ae5bb469b14c00db60e63bf8d4a1248b850c09b,44100,2,36.64108843537415,0.19199130875421513,1.7796887159347534,9.269631669697551,0.01819575943871757,-0.037811521723398314,147.00447248864756,421.22846687333384,96.8994140625,0.44096907468785135,0.12147476586446904,0.008926408275478514
isd_audio_5dda113be1b3ca7cc51a,ISD_TateModern_TateModern1_TM106,train,491eb850eec03dc694c23a589dd8db4e7acc4e42ab5a540ff92929a031579bd4,44100,2,31.509478458049887,0.10399443794104075,0.6175412945449352,5.938214646585694,0.012649264123284447,0.34728843216199456,119.74551542461579,348.62457552284945,150.732421875,0.6852263821041753,0.10126003794220274,0.004424404297535487
isd_audio_16ba26862ede445f7b3a,ISD_TateModern_TateModern1_TM107,train,01470a3f8d7f2d70193976fb87c6696c1cc1bbaaae02e7cc0d285ad0d038706a,44100,2,33.80825396825397,0.08427699012959688,0.38271497189998627,4.541156148451274,0.013799320295946927,0.7429481240351856,132.07759453317746,304.73806831003054,150.732421875,0.8392530750691866,0.08869393730089434,0.0041246220942400295
isd_audio_51a3c01a098664060162,ISD_TateModern_TateModern1_TM108,train,6fba7db137aa4da7859573a2e4a0e6a3f2169213ccfa01fd05ed3ce818a6fc26,44100,2,40.24018140589569,0.10937152122892241,0.5458961576223373,4.991209333915523,0.012348760925756977,0.43315945206924944,102.76897041094563,285.4691183750615,107.666015625,0.8023393115957784,0.06811428673488379,0.003564307609538711
isd_audio_4664112b514d0ba6b0f9,ISD_TateModern_TateModern1_TM109,train,a0770d00b725e6f62ca72ab82fc53b0037cd24c89e12796a93fbcacdac258da8,44100,2,31.950657596371883,0.08884290911669178,0.5212695002555847,5.867316879177348,0.019981221030458695,0.25826642137184325,183.85508447094634,445.8305759299214,236.865234375,0.6938799486037589,0.13002127099669344,0.010791062517767638
isd_audio_e9b1f6e55380ac348441,ISD_TateModern_TateModern1_TM110,train,197ea28894d997955aee09258be32343b862f885dfb399a979e8a63ff82d94d8,44100,2,35.92126984126984,0.11538073374994634,1.3368809819221497,11.586691629292671,0.01208488965846804,0.1780528949264418,82.04438112238012,261.80395316972965,64.599609375,0.6249923381561328,0.06563321141260295,0.0029722306659249265
isd_audio_b98dc4c9dc4ea631a43d,ISD_TateModern_TateModern1_TM111,train,82d3af2be28ebb2b2b0d53d82c3a02750ead6af839f50bdad2b3ccf8e918429d,44100,2,31.30049886621315,0.10198596179418071,0.7327404916286469,7.184719139163493,0.01497662551046799,0.40292542679767934,147.8958964837956,364.11197143266696,161.4990234375,0.7403887687849208,0.1063367077403371,0.005414253137151313
isd_audio_3b0187e674a2a1254f42,ISD_TateModern_TateModern1_TM112,train,8934ca1820e39d9d37247b566048fc95e03050a0379682d881c042d7f7b270af,44100,2,31.857777777777777,0.08159818934043042,0.5181978642940521,6.350604939677191,0.014286151522463444,0.2996224198728189,126.35063104154273,335.1869146595116,139.9658203125,0.6756132513236898,0.08355518105396058,0.00616562781249993
isd_audio_4521d3c7b07d33b3d306,ISD_TateModern_TateModern1_TM113,train,8f308b7d64918fe5e893f89de5bcbacc682e54b6162f1ef842288a7f66a26fdd,44100,2,35.294331065759636,0.07248339323612449,0.35350170731544495,4.877002738597863,0.020257260136500397,0.5078861081878451,209.95048131783093,442.08567222763094,366.064453125,0.7393384482598174,0.1613413302117413,0.00922875597926073
isd_audio_dae15475839434623dbe,ISD_TateModern_TateModern1_TM115,train,d034f77f4a1c749a0748a4dbf6b6d9f7aac0a1a4b99322f46778e58810eaf640,44100,2,31.973877551020408,0.10790542520479982,1.419406235218048,13.15416933415606,0.012430791314048397,0.16639293504684155,74.96848544632147,220.46958685446359,107.666015625,0.624164895627027,0.049106880367126085,0.0016899395721828
isd_audio_8c173d0e08f747bc8512,ISD_TateModern_TateModern1_TM116,train,b3fab4bd99e5ccaea86acccac30c5ed681beefcf70e8cfd24a261b918c6bae35,44100,2,33.436734693877554,0.07876242411933755,0.4245344176888466,5.3900628686289505,0.024548356491669712,0.5271081464572385,275.458740507551,544.1217690718421,462.9638671875,0.7120866691349191,0.19661454043618862,0.023421996465805943
isd_audio_c72c35bd008edc142615,ISD_TateModern_TateModern1_TM117,train,e70ec83b2d70809875f3167ff973465988732d7a9ab5a672d4424b97a849ed78,44100,2,36.52498866213152,0.08029931837421402,0.4357399642467499,5.426446613358503,0.017707889052994533,0.48516740163448263,180.12608487978636,377.2462674593048,258.3984375,0.7748328279132908,0.1442770739669744,0.006283990104913099
isd_audio_c94b97c8e803fa94fd50,ISD_TateModern_TateModern1_TM118,train,a2bf0ca7f773d24c77b15928562dc1cd2edc909a717986a886f529c1250d6dcb,44100,2,33.877913832199546,0.08556644197817327,0.45409879088401794,5.306972925201819,0.0113660170747951,0.4952942806972324,97.77300777365687,283.6242225805695,107.666015625,0.7635486406021762,0.06856176006818034,0.0028559342690735864
isd_audio_4eee66b1862461fb6f09,ISD_TateModern_TateModern1_TM119,train,ec223c64c524a515f6a74153d307fa102967365c652e8b23b19186731f9d8f81,44100,2,37.36090702947846,0.06487349417037677,0.3298727571964264,5.084861874868094,0.012416735705853613,0.7205007546206385,105.80407576431685,282.8796299941937,107.666015625,0.8004366469846815,0.08477137061422842,0.0030248070384690383
isd_audio_d94f0fab92b125e0817b,ISD_TateModern_TateModern1_TM120,train,4a6bcb8b43d0ff85bd8105163858a3ec56ada80413c9c95b3fc48ddfa6c0508a,44100,2,32.41505668934241,0.10627115227093224,0.9673199355602264,9.102375526089144,0.018202829934599648,0.4446725966214789,186.6617508752693,433.4581078545171,376.8310546875,0.6561300063622587,0.16937300291679977,0.008376275404061271
isd_audio_96293be2e2d22d384007,ISD_TateModern_TateModern1_TM121,train,107ede93a35cd6ac257f3aa24035b90b4c8772fc152f5c22ddc6379b39f8254c,44100,2,32.25251700680272,0.1576610524058672,1.7030807584524155,10.80216535703549,0.006283329876576193,0.37354697186930325,71.57809785451852,126.2082756434895,86.1328125,0.7703966547556609,0.026516131036410037,0.0005374321480870132
isd_audio_85f5643a18edfab48256,ISD_TateModern_TateModern1_TM122,train,5820526b965ea8426c06272bec569bc7ede04dd8af52759196df2558110d3ac6,44100,2,32.298956916099776,0.082659195605032,0.48270127177238464,5.839656050838698,0.013967451170085575,0.5813784233573567,117.62310345838728,321.634134777817,161.4990234375,0.7449960784993779,0.08786982019732582,0.00479188874781975
isd_audio_b242b12045a4c182d73a,ISD_TateModern_TateModern1_TM123,train,ed64c4cb7e4c76893481023dbba358c4ae1cab336f113e953e1a51b1bea344da,44100,2,31.648798185941043,0.08548407246658644,0.36061544716358185,4.218510381621527,0.010822441035429254,0.7417455013664608,117.24785447271283,241.14049764245027,150.732421875,0.8821036703683174,0.05796674326710782,0.0025082903803474487
isd_audio_306fff833cc0bc2eca90,ISD_TateModern_TateModern1_TM124,train,ce4745e8f2ae830e27588b7ba59c624b305c7377b9ffeb924dfafef316fc94d1,44100,2,31.648798185941043,0.05393566020999081,0.26242467761039734,4.865513402240452,0.012880890098308317,0.5238612314091089,125.93376294145872,276.4512723488871,204.5654296875,0.7495989124042406,0.10153843459250658,0.0027936746774598693
isd_audio_7e537d1e7a7847533726,ISD_TateModern_TateModern1_TM126,train,80d3c790b29c6b38550602b3728a402df84158dd344089440dd37bd39abdb6e1,44100,2,33.69215419501134,0.09400135178966874,0.7866252958774567,8.368233870057079,0.009052895264106155,0.5421861624698794,78.20356486046083,210.06314963052557,96.8994140625,0.7491291913964341,0.04255979398716385,0.0015282149937241194
isd_audio_3cbe507dc80664482420,ISD_TateModern_TateModern1_TM127,train,24d04b4effefe88bdc146b348fd62f5fa2587665b712140f0f6d72b33b2d7708,44100,2,31.764897959183674,0.12308290905687361,0.7044885903596878,5.7236914187181,0.006808815624440064,0.6256618008102066,91.79468579728884,146.12160946926747,96.8994140625,0.8740859035701317,0.02809242736657425,0.0007190952986591119
isd_audio_51b77b7e6780c0d6a99b,ISD_TateModern_TateModern1_TM128,train,4b9bfdbaa8828ac29aba68e523b6c07b38c05f2346da7c6a16ecda80425214b4,44100,2,31.880997732426305,0.08221652144647595,0.47338907420635223,5.757833898561797,0.011094981261793618,0.32458165472722095,102.01337124841547,268.40893117966385,139.9658203125,0.7085235244190066,0.07966687189326066,0.002528849504682382
isd_audio_deeccfe6fe1b673d3595,ISD_TateModern_TateModern1_TM129,train,0f5bdacdcdf364c402b1fb9314d6fed9bad2e53a821f51356c3e6ff891950872,44100,2,31.509478458049887,0.05129592382014628,0.2953738644719124,5.75823267181135,0.011558276786941544,0.3779644190093396,112.96282027675623,274.5521782197623,183.0322265625,0.6991294707727087,0.09752886475611018,0.0024506861291682695
isd_audio_36d506d8f3a0fbe371b1,ISD_TateModern_TateModern1_TM130,train,67224816b7b1e211b7b65b0cb6cccc6b34b74226cb165e1f901f2f81b05d3257,44100,2,30.198004535147394,0.16346744514139272,1.6292430758476257,9.966773961863762,0.005045313205144282,0.011941967689795528,29.58839190139665,106.0826778751147,43.06640625,0.4846233088622203,0.007216715079472412,0.0003708226293214841
isd_audio_55d1f28c2270f8186d60,ISD_TateModern_TateModern1_TM133,train,dd8cd1f1661a5e8f3edda6e74ba3fc3560aee9ae07d948a11dd6d0c1a23051f1,44100,2,32.62403628117914,0.11669603769421376,1.1599783897399902,9.940169457848752,0.007483045681609821,0.035265263136837054,40.99768397914187,168.6393500976576,43.06640625,0.5380301319287539,0.01604770927901128,0.0014807750332206835
isd_audio_a42ba85d80b8252d1f26,ISD_TateModern_TateModern2_TM201,train,85e43b906d9dc8596e1af0be601e5f7124fb2b814706e58a8b5140de989fefdd,44100,2,34.94603174603174,0.047435948803232854,0.32625816762447357,6.877867437158513,0.02102628025480187,0.5460135595969839,254.16543934541698,582.500125802556,322.998046875,0.7066843652340601,0.12647805008669016,0.03562272458839102
isd_audio_7e9bff65260a96a72be7,ISD_TateModern_TateModern2_TM202,train,dd751bb02dd0aeaa0fb6ce783d7e694881bc66f0e8c46ec13456814dd0b1176e,44100,2,32.76335600907029,0.09780984351890341,0.46930208802223206,4.79810693012234,0.010149751222088185,0.4146082653224723,80.55753963883451,232.25890703018993,86.1328125,0.7777552092671468,0.04402366354517183,0.002578964852714746
isd_audio_6f32e872e95232ee2f44,ISD_TateModern_TateModern2_TM203,train,aa7489737ebd90393e9b1de608611b8e3b1d48c5ef5bd7285010e0bff172bbcf,44100,2,33.08843537414966,0.0735796962938444,0.4857291132211685,6.601401442068798,0.014076215786880336,0.6762207644680466,132.7554390766849,311.8914492691408,172.265625,0.7776453251817479,0.114010882921304,0.004363504371194625
isd_audio_6059bd1ac775d7ccc4d1,ISD_TateModern_TateModern2_TM204,train,308b055e92b1a9a8d4b9489056b209c4241e70b91c3297dd3a167a29a32de1a1,44100,2,36.03736961451247,0.189828290704892,1.030243381857872,5.427238363851116,0.008170536109239155,0.15361130059565128,66.6338346236996,205.00756560884196,75.3662109375,0.6770139768938451,0.032713711042419935,0.001347598573487605
isd_audio_19b4e574db2f89fdee7e,ISD_TateModern_TateModern2_TM205,train,13accfc8f8fc929e90b2052b24047a5f910fe40beda2ae3fd5b09d00ca9a34e8,44100,2,32.78657596371882,0.1924407764770372,1.1271782865660498,5.857273636081744,0.009213721404231452,0.11726995096063207,61.70561694059975,215.93475343372873,64.599609375,0.668055698690116,0.027625489609724663,0.0030380970185651538
isd_audio_36c717d391d34b5e9155,ISD_TateModern_TateModern2_TM206,train,6f77f69a30aaf5894e0ec647a1118fa8becd1a061a76f4ceb79705c42ef91e20,44100,2,32.833015873015874,0.08324684355067406,0.5160470455884933,6.198998347299077,0.012816183046890917,0.6793345094097577,119.92709695667274,282.6306743321811,161.4990234375,0.8215670661030574,0.10283695143618621,0.004253673363090238
isd_audio_94596123bf738c01c3cb,ISD_TateModern_TateModern2_TM207,train,3826dfb33fbed8436214acc9c68801aba939b703f91b9a265631e9e3b42f4b79,44100,2,32.62403628117914,0.09660264191233855,0.5654086768627167,5.852931821220719,0.014654008183668944,0.5797573339839871,173.40702580378922,289.5160729417071,269.1650390625,0.7840774204237357,0.16468560547174682,0.004413342303551582
isd_audio_29b9ba7bbc952455609a,ISD_TateModern_TateModern2_TM208,train,834ea7e561a011b5580f47acaf7b2409958159f01f0131b8bb5508298e502805,44100,2,33.97079365079365,0.09829224597213392,0.5549037382006645,5.645447743232778,0.010249574297231646,0.5886222676909113,91.87520235674845,232.87762602470988,75.3662109375,0.8409686540965292,0.06018384978911279,0.0027314960018479614
isd_audio_13ffa7095d1f9920a1fd,ISD_TateModern_TateModern2_TM209,train,12fc007d4a704af0043306b4574545768a1034171f3cda5c5fde35ea603bf5ea,44100,2,40.96,0.07045605174797481,0.4645100086927414,6.592904330692831,0.018508748377238995,0.595975416039706,172.13036344497493,442.0409445149553,172.265625,0.766280699904261,0.10650537421288457,0.011172501952350184
isd_audio_6949ddac9a5d13a44710,ISD_TateModern_TateModern2_TM211,train,86aed78c5ab3c02c65c8404c91b827abe627b5345b6e682619398e5dfcb9056a,44100,2,32.69369614512472,0.09648942667387107,0.7246709764003754,7.510366693852615,0.011068178397562476,0.2301683906435964,74.91863699472083,220.24691112214194,75.3662109375,0.6728631454296105,0.05389642042086239,0.002203607592852158
isd_audio_6b680223308fecd093ca,ISD_TateModern_TateModern2_TM212,train,c3c9cd69fc93539ba4f9b04a418ad7353e8be62d593303a640d628ae6438c9cd,44100,2,34.22621315192744,0.0840312026790027,0.49282948672771454,5.864839143268151,0.02304463768115942,0.6100213058352444,228.43468155346628,484.85249593489976,441.4306640625,0.7464502449520288,0.1715472091203385,0.015815451041428053
isd_audio_178c7f23f32dfb532fbc,ISD_TateModern_TateModern2_TM213,train,b7f5c2f1414d9074ccf5878ba1fec56e56f34043eccd8b4e7ad1568b4721225c,44100,2,31.32371882086168,0.10692679507474986,0.5196348279714584,4.859725082082509,0.011607275359695956,0.7165938487846071,121.68407159012384,243.92910879383734,150.732421875,0.8789056299451966,0.07799662756704677,0.0024271236520507734
isd_audio_2c001da4b6de21925d3c,ISD_TateModern_TateModern2_TM214,train,f33d9f46fc3448fb7137ea93433506cc39b221f8bde1fc4f0bc2ebc74899cedd,44100,2,31.880997732426305,0.11334537228616806,0.8598682433366776,7.586266876125567,0.01172729348320105,0.29813929023486746,100.72516947026271,250.78954423432555,96.8994140625,0.7572313965286727,0.06761863492805317,0.0023110640673401875
isd_audio_8c832b9a7135fe1772e9,ISD_TateModern_TateModern2_TM215,train,cefa214e689600611b99a66cc26d815699c6d773c0f056c755db2626912a2f3f,44100,2,32.20607709750567,0.12274107030574524,0.7535932958126068,6.139699563768043,0.02895611943219927,0.11252818075183586,415.55233810386363,677.3076044027771,1119.7265625,0.46208899068068615,0.30637331736898116,0.028043527348269134
isd_audio_b9669f59102cb131f5bd,ISD_TateModern_TateModern2_TM216,train,9d7e2e1e19533a87f4eb6da51e1eba84cbfc48b2d0016233d449c962024e001a,44100,2,33.55283446712018,0.0682629411963744,0.3563756197690964,5.22063089464455,0.010615140175673237,0.8211877737697731,96.47948676525428,233.38832009937238,118.4326171875,0.8433177932563883,0.04876587170633838,0.0021612247481885487
isd_audio_9747201f23390fb07412,ISD_TateModern_TateModern2_TM217,train,33dc81c954723a2951a1cfdceda9a6aa03e92ca33294ca440728bfd22bda721d,44100,2,32.48471655328798,0.09382262985726024,0.7677412033081055,8.182900058079065,0.009424986475402684,0.41345083496558876,91.97030157551696,193.73452276328499,150.732421875,0.7944959787785442,0.046855758348442106,0.001431396845532464
isd_audio_8539d70ae175f9de59ec,ISD_TateModern_TateModern2_TM218,train,6b8904bd4c6e7f8ec33c45e2434b4f126962ba9fb109621b8c1c55d86bbdbff3,44100,2,32.64725623582766,0.0730635265723549,0.3538234084844589,4.8426817741143,0.013387111449751797,0.6739333675540063,120.55338954285854,301.63707816078636,161.4990234375,0.7733349714065089,0.08641161795256254,0.004585223210412838
isd_audio_6d81a22827572a232e0f,ISD_TateModern_TateModern2_TM219,train,d36ebece08e198ab947773c6abb31a6ad7fcfffbd6e49beeb82c12637b613b3e,44100,2,31.13795918367347,0.06360608213057921,0.3150937706232071,4.953830829830704,0.010924982322093997,0.736409276648036,103.78725639488884,237.1284717816126,161.4990234375,0.8295161704259024,0.0684781549580007,0.0026462195949793084
isd_audio_bb47cd413cf1a05335f4,ISD_TateModern_TateModern2_TM220,train,2cf1339ebd81b1a7873f425f90c302ab5c23fb09d09aef4ede1b35f9d1f43ddb,44100,2,35.178231292517005,0.08959953349563148,0.8995779305696487,10.03998453422203,0.013099482453771178,0.5339253209845128,174.40675398909076,373.41816269136837,290.6982421875,0.7479634818864748,0.17778140021994457,0.004603120159805196
isd_audio_92303ceffb30bc07d99b,ISD_TateModern_TateModern2_TM221,train,52e22b2681f7e7cebd1aca1234e4bfdd7f8c18d99a6bb465e2038676be170f04,44100,2,35.50331065759637,0.18309964982710134,1.5554843917489052,8.495288730577744,0.006916417309884747,-0.016299698073385594,34.79695551776608,124.01824862418448,43.06640625,0.4679274669029738,0.015565864510929488,0.0005214898538222565
isd_audio_839595049633b456527e,ISD_TateModern_TateModern2_TM222,train,8b833e78de7dc54a8b6102dbd3efc6614ffaa15c42c67f37d3b71db893a0c0f6,44100,2,36.710748299319725,0.06430142996579696,0.3806164562702179,5.919253373877911,0.011236343713151112,0.4640530273448102,95.08799803204559,260.51475032663177,129.19921875,0.7776623059559856,0.0704013655459396,0.0028397876920671495
isd_audio_7db75e9697ca5bd0c1ad,ISD_TateModern_TateModern2_TM223,train,9ccf7403191f458f135ef423a95ca4f4e3d0a2e6d7c9e618705e93d20f045140,44100,2,35.57297052154195,0.18435121806858237,1.952118556946516,10.589127521903807,0.010120687138370452,0.06731504997035889,56.510749363113,189.44481961560498,75.3662109375,0.5091156825464508,0.03468950367,0.0014371923225777769
isd_audio_6603bfffdf4c8d892db8,ISD_TateModern_TateModern2_TM226,train,2b170ff483452e5dfe2e98b6d3693b9d672135fa2f96650dbb83e362c93dfa93,44100,2,32.391836734693875,0.07505690461590853,0.4670785069465637,6.222991866461345,0.015165081180752394,0.3947859435456147,138.0065116380059,389.9008016049703,129.19921875,0.7568620744206564,0.11147663044175118,0.00499934583681437
isd_audio_71d58319548e5dcff001,ISD_TateModern_TateModern2_TM229,train,cda90fbb55fb3953b10e95c18b7a974038cb20071bdc32a234fc57ea638a48d3,44100,2,32.90267573696145,0.06849355701980545,0.38077355921268463,5.559260984249672,0.011516140170240392,0.5435031209435599,115.57976087668078,242.76743760646715,150.732421875,0.8269227159802346,0.07795734407029298,0.003143923477321384
isd_audio_bdd27bbddab9655c3938,ISD_TateModern_TateModern2_TM230,train,688ae67b5e341cdb55da7ed14c08b1ba08830936321900f9c17113895830dd97,44100,2,32.833015873015874,0.0621083445893021,0.28424740582704544,4.576637933383364,0.015227893517319492,0.6481432864357008,160.85606510564477,359.25211592157365,161.4990234375,0.8287732980285882,0.09754639930218885,0.005507888292197372
isd_audio_0ec9792a3faab96a00a6,ISD_TateModern_TateModern2_TM231,train,1b8ae5b49dcd56f22b9f1e08f18072597c573077f7772d27a1f591605e44355f,44100,2,31.7881179138322,0.18910646343013746,2.0447555482387543,10.812721633886186,0.004714467616122923,0.17069067061480314,34.49960907545493,81.51246278288025,53.8330078125,0.6560909467215542,0.0050681071247473215,0.0002793724413262726
isd_audio_6669106bdfbdd4f2cc9c,ISD_TateModern_TateModern2_TM232,train,9ffc7fd8f9287fdf5aec91afe65ecc7c4e0f406e0293a97f1e05bedfe886b1af,44100,2,32.15963718820862,0.07747823612790906,0.39131753146648407,5.050676822591273,0.010307853612825484,0.7403809458894964,106.1008996372257,215.07855927278013,150.732421875,0.7946024074583501,0.09656661657761266,0.0012827467081648876
isd_audio_e4e0404277f1655c260d,ISD_TateModern_TateModern3_TM301,train,fbfeaa24d1461d59f32173480eb1701fcb84c592ec3db92cd45b018d2c053e77,44100,2,33.20453514739229,0.08828579474462322,0.4047445058822632,4.584480516407345,0.006357904254469142,0.808823763367695,74.40961742575348,127.28387700755833,75.3662109375,0.9398980696112367,0.018655461427524264,0.0006142321395541865
isd_audio_e86d829b0a8e8a25932a,ISD_TateModern_TateModern3_TM303,train,cca5d2564e2bd43a09fe32ec967be76b954f5b60dac37eb426e2b120c6ee5c95,44100,2,30.928979591836736,0.050690977494523684,0.3725856840610504,7.350138081304549,0.011164492982601484,0.25801425766375313,89.99805349405393,253.49942852802445,107.666015625,0.7109750850612945,0.05690600421675501,0.0032919571347466486
isd_audio_97983213187d9eb482d0,ISD_TateModern_TateModern3_TM304,train,60a716dfef993df3609ae83c557aaf1600898d5f0597c440fc37190e70ae92f9,44100,2,31.346938775510203,0.10393744199146236,0.7661011330783367,7.370790721800387,0.007881950146086622,0.1864168560157824,54.40902716209063,196.58521892529876,64.599609375,0.627856169587244,0.014089764595085038,0.003524616246697446
isd_audio_917bddfd98744844c36a,ISD_TateModern_TateModern3_TM306,train,1c972256c13a2726d9b1141ea5b48e988eccf0180e2238b52b01edba9134e6d8,44100,2,32.833015873015874,0.07940358392162264,0.6378634367138147,8.03318194482801,0.009998376998967495,0.14346868971725105,49.45644644994224,182.86774911507084,53.8330078125,0.6350645278833787,0.017775108924639182,0.002243513568212117
isd_audio_d8c0aff3c89b7645b1a4,ISD_TateModern_TateModern3_TM307,train,f29951115164ef58a9760abe0edf7df02b84b6e7b847ff27766d31530b960a5c,44100,2,30.882539682539683,0.06772380355958453,0.49835076928138733,7.358576203460427,0.007638486576661314,0.4297114166525029,60.305080205746464,173.7171835951778,64.599609375,0.7804449894656792,0.02399001938935896,0.0015854382526588116
isd_audio_52b127310312936835aa,ISD_TateModern_TateModern3_TM308,train,6199ed8a61ac3b8aa6fca57f0cc1df0ac7e64a4894266076e169534dd8cee8cb,44100,2,31.32371882086168,0.08497766282119941,0.4766819626092911,5.60949721119387,0.0073376165052936385,0.7488628758732359,70.40098230858636,159.1313075940677,86.1328125,0.9034082040055459,0.033274021742422444,0.0007906519825451595
isd_audio_358afe38336e1fa248d0,ISD_TateModern_TateModern3_TM309,train,6645413c8d6dd970c6481484932167b999ebec87d6cbc09702a45d2c56ac839b,44100,2,60.20934240362812,0.11684017141235944,0.9975234195590019,8.537503903845549,0.008488150371850887,0.4972166300875643,62.50854030954165,177.1166005455644,86.1328125,0.5840194796471003,0.04668532112835731,0.0009654608799061857
isd_audio_a93d70d2639241ebdbe4,ISD_TateModern_TateModern3_TM310,train,2cf1af09ad3d8d21829273526d94b57863cbb9f94443c88f975f925fbf5249b6,44100,2,33.62249433106576,0.1325762301388422,3.3525524139404297,25.287733784777444,0.0082636936343324,0.3678629060698591,97.0161537102972,180.98136825222795,204.5654296875,0.6540953424153794,0.11418530741206609,0.0007237908631727376
isd_audio_2b7b4ff799784472358f,ISD_TateModern_TateModern3_TM311,train,3732ed5ed4ec0bfa8a5a21233ac57fa8f1d7395b7ac5a7d5bc16b1c73a28ed7d,44100,2,32.55437641723356,0.06516515099095752,0.35442083328962326,5.438809362059233,0.008757723869447016,0.502720191570327,81.3014110995444,203.65072475582542,107.666015625,0.764896024084939,0.046696835679395504,0.0009916446344729153
isd_audio_ca035a365b6c76283c44,ISD_TateModern_TateModern3_TM312,train,9db88f75b682c665112a784329c88b4924c9c5f907f0aa3acc2c06be9ab471d0,44100,2,32.507936507936506,0.07929391852200024,0.4123242311179638,5.199947723652524,0.012238429295779363,0.4065023915336123,115.39790431186232,257.79625885585034,139.9658203125,0.7373217051236216,0.08776291573617795,0.0030724387449962516
isd_audio_c3c73252c087afa37206,ISD_TateModern_TateModern3_TM316,train,a7bbbcf1b6ecb0d42fcc5dde7229e45070fcd2cfd05681dc4459c2bd766f32a3,44100,2,35.781950113378684,0.13817974013939577,1.0605088472366333,7.674850496655962,0.0065799187950694015,0.3641349011767977,53.92780732162695,127.55898034199319,64.599609375,0.7801555305836197,0.016861455494110417,0.0006945997217152832
isd_audio_6a274b48151386c25b6f,ISD_TateModern_TateModern3_TM318,train,62d1adf30a3dc17b7612f988354439a90ec41c69d6573ef5524a402c34df30e1,44100,2,30.53424036281179,0.07798614361648193,0.6793008148670197,8.710532196689531,0.012384158436429447,0.6732380699181819,121.34031847438386,284.9208330326985,118.4326171875,0.8539502933332167,0.07892047296471957,0.004864584128604663
isd_audio_ca54a574780301636389,ISD_TateModern_TateModern3_TM319,train,ac5c1e3fbb3ce252a66f4b5063fab68cfd2c5e6e3c9411f9fe223fb3beda8857,44100,2,31.230839002267572,0.13029003622426794,0.9891159161925316,7.591646643569648,0.006965908868137828,0.3113527563368701,62.68386254087442,176.9765758814243,64.599609375,0.8026241950628171,0.023387339165542868,0.0015183774541773568
isd_audio_c87151750661fbcf6d0b,ISD_TateModern_TateModern3_TM320,train,080080d715302ba8b518fae04eff6d3ba98d5918b23d72e98771300b6a748327,44100,2,31.346938775510203,0.07138080712617015,0.37205129861831665,5.212203582409654,0.010965719737933838,0.500420100109798,101.19352211068824,292.37670000298374,96.8994140625,0.8128795774505241,0.05561596867743156,0.004981407640057863
isd_audio_eca8b9acde3641cbedf0,ISD_TateModern_TateModern3_TM321,train,becc83a669197976d645fd5996fc039fbda2e4da403b80c7e75db0a6c93757f3,44100,2,40.03120181405896,0.1432719481749161,1.152607575058937,8.044893572967652,0.010430645047086313,0.5041097195874235,101.29250358003887,223.1125992831115,118.4326171875,0.7723902872386528,0.0695495378553615,0.001546981204413977
isd_audio_1121ebf571dbc42d19e2,ISD_TateModern_TateModern3_TM325,train,c635155456af7694be1b9bec63c7b31317d216dc668524bf46c0e48a50a1a751,44100,2,30.418140589569163,0.12133778354576243,1.2008679807186127,9.896900583038148,0.029440772185690144,0.07463716665753421,413.49140120369873,672.1983095507888,1065.8935546875,0.4073507282966102,0.3145178855727353,0.028095550137442655
isd_audio_0834fabb499d57512bf0,ISD_TateModern_TateModern3_TM326,train,d083348f976e227fbadb94d036ca3d1ba7d63ce806f1b795b6f4588175198bfd,44100,2,31.32371882086168,0.08551363440484806,0.4314584583044052,5.045493169682709,0.010749434440322142,0.7546055755054468,102.79591938849664,249.7274943655348,118.4326171875,0.9039613863108966,0.04203905356366163,0.004088813616317361
isd_audio_3040f54c6acbc451208f,ISD_TateModern_TateModern3_TM327,train,2f1a904e08de8b1a6267e9c17be8d84e44553bd34bde69698b1bebda3bca6d57,44100,2,31.62557823129252,0.1260386306782113,0.6475561708211899,5.137759489584291,0.00839256406634607,0.5582320338274472,85.76247198261125,186.9447492132997,129.19921875,0.8508129194917485,0.035164182161614904,0.001110422810902492
isd_audio_ba2b37d37cc211947c77,ISD_TateModern_TateModern3_TM328,train,54f41fa954d71769e40ecead83b9b766d9fea6a719812646390deb8621d1b817,44100,2,31.114739229024945,0.07176348408054306,0.3977440595626831,5.542429616659621,0.011645880688754,0.3948738318181286,105.94747612541153,260.05236741186513,129.19921875,0.7650132994732043,0.08841858821383262,0.0027629886634758056
isd_audio_060d5ca27b925bd4ea44,ISD_TateModern_TateModern3_TM329,train,1770580f972185556515c82443de1491afe94b048274809f947b5a06014d4f2c,44100,2,31.927437641723355,0.05711684963182568,0.3244658410549164,5.680737700808398,0.01608168755801673,0.5235425944048816,166.13170816848898,358.3410159891209,215.33203125,0.8121994338623415,0.12089860958912771,0.005476327011541074
isd_audio_b13b21fc572f45596fb7,ISD_TateModern_TateModern3_TM330,train,fb23472b587b7fa41eadd6d932b606cc8b5a6366cb0d796b598531934b88b293,44100,2,30.55746031746032,0.058182604384328485,0.2660488858819008,4.5726534364893645,0.014196528154481023,0.6072462746123897,168.1445544073197,311.72604264527166,269.1650390625,0.7879536547071423,0.15548894884643585,0.0038952963067540552
isd_audio_6d3208e414b1e437ae64,ISD_TateModern_TateModern3_TM331,train,d334b2c86468dbdeac69c700ccb60dbc404aeca9d9f30cf31cca2e11b274ab7b,44100,2,31.13795918367347,0.05668218793518956,0.2961604744195938,5.224930180151547,0.014211507133426499,0.706630135590336,181.68241289842092,300.45305809405176,333.7646484375,0.7708499331694241,0.1749681214015535,0.0029321052940896614
isd_audio_ecdd57ac63e5d8fdf174,ISD_TateModern_TateModern3_TM332,train,5d5b53811d66022e28096d597f847bd937447009bf8b58f4c1e48cc3802b4dd0,44100,2,31.62557823129252,0.08078726312309997,0.34879642724990845,4.317468048378223,0.00787560219604829,0.8810180636912402,79.79617236265247,171.87315087457273,96.8994140625,0.9246765324806553,0.031518282050781346,0.0011367109757553207
isd_audio_b48e4cc6b56e8ae99074,ISD_TateModern_TateModern3_TM333,train,60bf21e19a47af9326a8875cbae1c979757a9eef51eed1fcf999c312ac2f3373,44100,2,31.393378684807256,0.0942185685080255,0.4441201984882355,4.713722629424215,0.008617881363461368,0.7347411723435312,102.20534465752114,179.1945056909584,139.9658203125,0.91549605886031,0.04257139278017278,0.0010590796346276869
isd_audio_a949379c738269378291,ISD_TateModern_TateModern3_TM334,train,865a3be3099542cde6d0bb1f792180a654a50152bb46cc2bc3a35bb1586dd277,44100,2,31.7881179138322,0.05857257835172965,0.5083523541688919,8.67901616207203,0.019168173598553346,0.4935553346695257,279.72194028851914,445.8971315758674,656.7626953125,0.6032559276336842,0.3164380425925293,0.006737286489042666
isd_audio_721bb1b1eb95e29ae846,ISD_TateModern_TateModern3_TM335,train,58b04ec8850a10544c00416953f6ed60c767ccca12220187e3e927ea27a92342,44100,2,31.41659863945578,0.07505061046722732,0.9440046921372414,12.578241352872993,0.011127623746725842,0.4839063411147245,103.49641534435332,242.70487554552213,150.732421875,0.7788860513014259,0.06186990750422274,0.002768806924402086
isd_audio_2b79739c8987b2e75a8a,ISD_TateModern_TateModern3_TM336,train,3de097d686bd05381e1671b410657467d6603b8a6595c85271166acf8c08d1f8,44100,2,33.041995464852604,0.07466729990618176,0.600262463092804,8.039161237208576,0.012623949062245437,0.5724781934485397,114.33392561278254,288.44122056538953,161.4990234375,0.6862726428176267,0.09991687383653483,0.0028231704729124807
isd_audio_b5405049e2710ee622cf,ISD_TorringtonSq_TorringtonSq2_TS203,train,30a2b9ddbfa18d412bcd82f987b62d26d895e4e75e097b10cf9f1ba43027485b,48000,2,40.91733333333333,0.05507459102297575,0.37467408180236816,6.803029760966603,0.02196503008353738,0.433656923116858,194.657462294811,603.9786901859962,257.8125,0.7822267926638333,0.14280790769250346,0.00843362521523083
isd_audio_884f1df5ecfb7800c649,ISD_TorringtonSq_TorringtonSq2_TS205,train,bc66e6bafcd09baa4534b02a0f881bf6c4555672ae518d4ad0a7c841cbd78263,48000,2,40.14933333333333,0.03218875268629874,0.4393935799598694,13.65053142139611,0.019045054216889352,0.5049155680374043,191.78577524227194,450.8480539426583,269.53125,0.7987333213693182,0.1605166821679255,0.008749388488733672
isd_audio_48dcae437ec351124e45,ISD_TorringtonSq_TorringtonSq2_TS206,train,8418a7e709c1242ed99345d8007b0d7adde450972923a493e9a8ae9ec8e72baf,48000,2,43.093333333333334,0.03975269265392614,0.3987695276737213,10.031258288470609,0.019215568540942404,0.5830504684940758,184.89844025790393,483.79093200492076,269.53125,0.8132967370223322,0.1534573623726488,0.0066461688665066946
isd_audio_237b1969eab74c6d4d9c,ISD_TorringtonSq_TorringtonSq2_TS207,train,0dc4712ccbf536cfef1b610f490329c02a3f6b0278a9eafe5e95df3da8d171fa,48000,2,41.216,0.0635561877012549,0.6032096147537231,9.49096597154478,0.018648713812957858,0.5681380618865822,217.23385911399623,446.06630099876526,433.59375,0.7291392600703458,0.22854512836853869,0.008827637523223332
isd_audio_bf1324440f096c0dd86d,ISD_TorringtonSq_TorringtonSq2_TS210,train,683bc0ce6a6830523029c04a9a7266a3c250db8af79674d4b407b9260324debe,48000,2,20.610666666666667,0.04385636274901867,0.5501557439565659,12.5444909124133,0.02089737200940857,0.5870442365459254,214.98633511401252,579.4209647549911,281.25,0.8156618651746708,0.14761835206409502,0.01413241106431429
isd_audio_560764222809df6100aa,ISD_TorringtonSq_TorringtonSq2_TS212,train,14046a25c544537edb97cb3b593679f2288572738c9771fde06d6705e02381d2,48000,2,27.0,0.0360109576450661,0.3273915946483612,9.091443717637913,0.023064832611753558,0.2931986645455867,286.93721391762244,578.8644182970104,433.59375,0.6496450415537296,0.3167612005509502,0.012940599538280277
isd_audio_a2071e9908ead8e57978,ISD_TorringtonSq_TorringtonSq2_TS213,train,5e9515d4991e9639d53ac82115244513d71cdda16865b1eaad33a89c605ce133,48000,2,37.67466666666667,0.06337564068198213,0.45111264288425446,7.118076251850926,0.018896992506565256,0.6365897202633257,187.1572399577855,476.2364116514097,222.65625,0.8533927008916626,0.11879035930947535,0.008605136205465075
isd_audio_eec89b2ad036894fa673,ISD_TorringtonSq_TorringtonSq2_TS214,train,6336cce4c79f5faa9af203439e1e24fe77ed6e61a07c4be64cea7d3b7f7e216d,48000,2,38.016,0.08922967473030018,0.9029466956853867,10.119354333797302,0.013264707220154683,0.20269692951343563,105.43872188864289,278.8279660665479,128.90625,0.8155265767568535,0.05928429472445348,0.003117381727434576
isd_audio_e3a282e2a2b81cb3bd38,ISD_TorringtonSq_TorringtonSq2_TS216,train,3df035689f1744effd84617f1c2e265033f1ac5118dc19301228423cb6f0fb72,48000,2,40.32,0.05588340492433967,0.5261190831661224,9.41458531165796,0.018564514387253216,0.5120160683534998,222.25971501244163,466.01431500577894,339.84375,0.7762433358113541,0.17893165597396113,0.01288375013345398
isd_audio_43eb1d6cf8c39c9bc466,ISD_TorringtonSq_TorringtonSq2_TS217,train,3b27a1ba1338385485fc3b142c3596c8596a38bd874f90efc466cbc32d39268c,48000,2,41.216,0.06907819165221518,0.5991375632584095,8.673324372399035,0.0140530043212407,0.1871731682044266,139.79563172536982,351.8363964811329,187.5,0.7763480964915559,0.11249116634683388,0.005044311285064238
isd_audio_87a3dc4ed27c78445311,ISD_TorringtonSq_TorringtonSq2_TS218,train,2c5f74d6a5babee5ecd882ddfb0df589d3820e209341b7ca01a905739f5af527,48000,2,53.842666666666666,0.07322088028679859,0.7559584975242615,10.324356857815019,0.02226898055947752,0.4738724650717864,338.19834162742,530.5205643575342,785.15625,0.6124375461595838,0.34595100152411773,0.009303105366170985
isd_audio_2aebb14ec9bcf071a95b,ISD_TorringtonSq_TorringtonSq2_TS220,train,9739e84981fcb3fbf94a085dcac812a17353c3fab6e35fa51d64bf4d6175bdef,48000,2,37.461333333333336,0.04901847462093594,0.4038355201482773,8.238435064966259,0.016228965104555088,0.4709046714582825,156.63235290779537,370.9834801380877,222.65625,0.8149508926868875,0.11607904309897425,0.005598277811763115
isd_audio_8f518e2d9d546bde06a6,ISD_TorringtonSq_TorringtonSq2_TS221,train,fc3c72327e0eed6b15be5a13b66ed6d91f3cd206bb40d4e2e3424b8d78da6f19,48000,2,40.696,0.04240414110440152,0.35290318727493286,8.322375553040072,0.02655104645370883,0.4300798054877628,321.60464645722163,568.8391242568447,527.34375,0.6251867429372163,0.3494123055710954,0.014994953481653056
isd_audio_4bd801c0be7cdf6157c3,ISD_TorringtonSq_TorringtonSq2_TS223,train,e3c387ea2b3472e1f634aa130368a46430a66924d03aca43f9f0f2db9895162a,48000,2,32.93866666666667,0.06845700482882791,0.5755871683359146,8.408009812511242,0.02225159782550259,0.3057860271679288,250.5374021746173,508.7271918710488,468.75,0.6871177379159958,0.24082460139274414,0.014688566387367643
isd_audio_3e0c1445c61d9ac3944e,ISD_TorringtonSq_TorringtonSq2_TS224,train,e92d0d5c86fc18f579e8a6cd44e0bf684940e7aca339d46642fabf003d87947e,48000,2,34.730666666666664,0.10408792799332932,1.6244266871362925,15.606292856942998,0.017205625915152983,0.12863850907039096,94.96765838952514,283.35765768241777,128.90625,0.8477226707228375,0.0422546875411395,0.0030076417572733865
isd_audio_cfa0ded2c3bc96f879c8,ISD_TorringtonSq_TorringtonSq2_TS225,train,352fd67b8964177d2439b46a52ca7ad2ffc012bb72fcab175706d30d0fd4d4e2,48000,2,24.130666666666666,0.040638616553337836,0.34598821960389614,8.513779477453165,0.02088198703066899,0.28846443529375265,202.68587972707275,637.3743120396614,292.96875,0.7343581651901051,0.1670383756332915,0.010779870028818184
isd_audio_3fac0ee1dad3bbf7150b,ISD_TorringtonSq_TorringtonSq2_TS226,train,6cd4d65c968e15664245947a9d1d310d7cc9927e5b7a7bc506347c49a85acb0d,48000,2,45.653333333333336,0.10458927984936611,1.7754067182540894,16.97503530774,0.013121081484138382,0.030026544593340768,92.12553750219398,251.16609582916035,105.46875,0.8040754032286518,0.06015122574449694,0.0022918120283166054
isd_audio_1315d1ee2723c1b85090,ISD_TorringtonSq_TorringtonSq2_TS229,train,dcb5c461b478b877ca4d25eb8ee91a850d282b97a1780090fda72bd0648d5506,48000,2,34.602666666666664,0.05545482568744657,0.4234207570552826,7.635417690098938,0.023184041201088308,0.5864987841269895,246.89449998975226,782.3497668665334,363.28125,0.770696560793432,0.19453231631755227,0.015260561516831384
isd_audio_3f71189d001f7eb860e5,ISD_TorringtonSq_TorringtonSq2_TS230,train,437651d28842a0fbbdb5ed7962c977a9775ea8a3689cbbf45cebda8c0b123060,48000,2,31.488,0.02920500842763208,0.2800824181176722,9.590218705524308,0.024570222895906706,0.5744087819270057,304.42183383743105,655.439755375763,562.5,0.6776555757614403,0.2750021093748689,0.014654046175573504
isd_audio_fbef156f5faef17ad91e,ISD_TorringtonSq_TorringtonSq2_TS231,train,a9cb1fad9307db766fe96cd804a8aba4aaa297765a7dffb8cc3821ed66ba5bf6,48000,2,21.128,0.02282316396144483,0.17465338855981827,7.652461720682559,0.025329761187524835,0.21184192004083457,334.8440372857503,625.4455543616018,609.375,0.6105314837558811,0.3551540829476401,0.016734249139472065
isd_audio_78879c96ef1c7ba53a5a,ISD_TorringtonSq_TorringtonSq2_TS232,train,103b50a2233f9d7f2859be9723adfef35fa0d5ac9c75096f7cba87c6d7036142,48000,2,26.546666666666667,0.06153209576132267,0.4714086353778839,7.661182827356224,0.013200035472152398,0.3017189423703211,140.43549089419201,342.17182008360936,187.5,0.8442139040749342,0.07392448048889792,0.00471576042531028
isd_audio_4f74fd6debfb538df029,ISD_TorringtonSq_TorringtonSq2_TS233,train,16f4f76eb7d705dcd84ef1c0806b15f33816903fe6d9645ce0f4aadefdd0c580,48000,2,31.189333333333334,0.04449452249026223,0.35962575674057007,8.082472551970309,0.024468183879761164,0.29759638785998604,264.1771845977577,652.2136624465052,433.59375,0.6966697866050268,0.2655922367311588,0.009538760516393073
isd_audio_db5e78a7e3baf08d5c6d,ISD_TorringtonSq_TorringtonSq2_TS234,train,2b7eadf755ba4ce481625837729b3321f40a5b5b23ded8ae2558167dc2de5eea,48000,2,33.23733333333333,0.07735946458911654,0.6741065755486488,8.713950893133337,0.020576773969515936,0.3962768177204299,148.6127917219481,377.2627883036233,187.5,0.8377017438218134,0.08610306143033417,0.006990350227105856
isd_audio_c8a1f11a398aac9e43ac,ISD_TorringtonSq_TorringtonSq2_TS235,train,59383eb0537778adbfff40e3f84ecc8640713576dcfa363f50f3d07092bbd3da,48000,2,30.762666666666668,0.0886245759794662,0.8390127271413803,9.467043626090518,0.019932859589586127,0.1338878755067923,109.8110342503219,459.25904377289396,93.75,0.7373283789158255,0.0702488537172575,0.0043106684619538885
isd_audio_b823629c0787878e9963,ISD_TorringtonSq_TorringtonSq2_TS236,train,45ab55161e8a16b2859e2dc84816958bfc3c355b4e730cc94408d1ca2c994179,48000,2,32.98133333333333,0.04527277837379973,1.0805285070091486,23.8670685966663,0.019996803745555406,0.17485410367359758,136.8346777864047,424.7115667935194,152.34375,0.6678020470295776,0.10217576554190733,0.005774041899898121
isd_audio_c295bb2c0cb24aaa6d9c,ISD_TorringtonSq_TorringtonSq2_TS237,train,c567acb9541869d46e7d000cd6a4a8317ae158157f7e77e1efaaa6af9f983861,48000,2,39.38133333333333,0.07788718719840032,0.5885300040245056,7.556185108153361,0.019741808588358587,0.5591887617481092,134.2206224826686,376.29588151859116,105.46875,0.8644419584584073,0.08587594598595875,0.0073585861915278685
isd_audio_29820a34403089e6b0ef,ISD_TorringtonSq_TorringtonSq3_TS302,train,d3c789d6981b3953a06bfe60ce56252644b1fc39efdc9ccf310febc1dd8b1e85,48000,2,30.848,0.03877914412204969,0.6795680224895477,17.52405933330405,0.020923844957429005,0.5676418733827707,244.28200174514413,469.75124740130286,398.4375,0.7629535630786674,0.19852502272079053,0.007106783038170837
isd_audio_99610c32aad690deb75b,ISD_TorringtonSq_TorringtonSq3_TS303,train,397fe42cb782f8fa57b0f49f1c850f299c22e93db1715d87de141e99467ca9d0,48000,2,30.72,0.06773185321718238,0.4193594306707382,6.191465473800946,0.014355478485431915,0.7751661869422427,117.28244517205094,310.34470438544827,105.46875,0.9134899068314675,0.062032986637298795,0.004597143994051385
isd_audio_f6ed7eb43c974eaf2243,ISD_TorringtonSq_TorringtonSq3_TS304,train,aaf599ad3d1e3a512f0a0031b1a3554a475bf5636b49aac918b4aa97368031bb,48000,2,31.957333333333334,0.03328478262796669,0.3072345554828644,9.230481055469426,0.025301981614797343,0.1941910044594473,366.3969237457938,671.8082357807368,761.71875,0.6062739460400657,0.3514353744581838,0.01998537500968612
isd_audio_4ab255d60258481ebf2d,ISD_TorringtonSq_TorringtonSq3_TS305,train,9cf5f3dc7b3ebc26229ed7cef3c79bd9f4094eb5c8f0d98873dc2796921de699,48000,2,30.464,0.058224003577929624,0.3880016505718231,6.6639465981157455,0.019300799920124245,0.5294402416023762,207.94867122300911,504.2969957846186,304.6875,0.784626958614328,0.17247891089689044,0.012747120339669595
isd_audio_80ce9c9a3244358fa5fd,ISD_TorringtonSq_TorringtonSq3_TS306,train,33bc8e1599e18a16319604aeb34c2a754cfb2d2635572340885aa6b0cb81fcb7,48000,2,30.549333333333333,0.032506935564799354,0.22663311660289764,6.9718388603911,0.01809778861635593,0.6004000777855579,209.79118455832878,449.59011058638174,328.125,0.7990153296495573,0.17966597286157743,0.008562351758141478
isd_audio_07f9abf10b811a7400ce,ISD_TorringtonSq_TorringtonSq3_TS309,train,674043b62a41e86794af9f6ae886a08cdac21847f4076c82aba9f8bd12243d05,48000,2,30.890666666666668,0.045519037487908344,0.2500231862068176,5.4927168939640625,0.017506648115563572,0.6600939583805471,164.6497976458324,493.1894855160852,175.78125,0.8643100104983958,0.11148808780514012,0.006936483565706973
isd_audio_18d15b7a663d88c66e4f,ISD_TorringtonSq_TorringtonSq3_TS310,train,f1671b95e2ee6a3704b21e25f7440f8a5afd2abfa20897526b70594299142acf,48000,2,32.64,0.0353104342181957,0.15928444266319275,4.510973772764098,0.01941445785747157,0.5865819495566831,190.12064776639545,499.56425716307035,292.96875,0.7936679606456071,0.17201507590190393,0.009258642300728565
isd_audio_391373fc794df78115c3,ISD_TorringtonSq_TorringtonSq3_TS311,train,7494b8dfaa3dfe5cae0b199d6004a28a355d26bb08a0387b64e274f12dcef6ae,48000,2,30.805333333333333,0.05108133644266576,0.6637448370456696,12.993881587077578,0.018259837487446362,0.44955516185768585,240.11419829890863,493.7615984978909,445.3125,0.7384034101386162,0.2434478402429645,0.008112189756648444
isd_audio_7873b4c925703e25ab8a,ISD_TorringtonSq_TorringtonSq3_TS312,train,ae658ff77ac9bafb17e759b6a0fee3acc70c08e844f10caf3ed7e0798e282f81,48000,2,32.46933333333333,0.06775870063630919,0.8436993360519409,12.451527672888048,0.018090799838565517,0.5916519813741286,229.95614640489228,432.17205358325805,433.59375,0.7656403681923196,0.2107714219456458,0.007549965315910761
isd_audio_f9e642036f9fdbc28b73,ISD_TorringtonSq_TorringtonSq3_TS313,train,e22124663a4318ee47129c217332f190661846f33be051c7775a3dd0f08fdd58,48000,2,30.933333333333334,0.04283056228854387,0.27506451308727264,6.422155077820346,0.020028973618651413,0.5957592471506686,204.53846707696002,481.6242771442898,269.53125,0.8276075152415139,0.15183960479060105,0.009375369894573356
isd_audio_f4966c9aa12bbf312b07,ISD_TorringtonSq_TorringtonSq3_TS314,train,012d6e4b3efd46c84d71fc59da942437d3617ef69baaa658a4e989c0d42b46ff,48000,2,30.848,0.06996106836338388,0.641802966594696,9.17371591956137,0.016935199023706982,0.6287514654845447,182.41548418232904,403.61175405785565,234.375,0.8442272694568411,0.1265888112367396,0.007804672605099045
isd_audio_c796729c1e58ab4c45f7,ISD_TorringtonSq_TorringtonSq3_TS315,train,00913e1aa387bfe20fae059c8178c63d32883537b0e96cc060d910e999e0fceb,48000,2,31.744,0.05531820939263759,0.284202516078949,5.137594278616944,0.014708169725098788,0.778787642650167,144.38442264586277,575.7549681882973,128.90625,0.9098239070647121,0.07369273922142333,0.005161031329122515
isd_audio_26ddf9e468c1286fc2e5,ISD_TorringtonSq_TorringtonSq3_TS316,train,8cf9fee7a60ac16917318f6fe525bb7920002db88101084cec20df956656ed96,48000,2,30.848,0.030737736164762167,0.30514510720968246,9.927377396110964,0.021413477246956344,0.5361941039530492,200.30907983374615,522.6804814017137,292.96875,0.7865491013229337,0.1579170924965512,0.009612334764066139
isd_audio_b846fc8152c67135e635,ISD_TorringtonSq_TorringtonSq3_TS317,train,f18d52508ca8c1646fd56335bd11c06e023b4f5a88fb3863b6451938981c5a8d,48000,2,36.821333333333335,0.05828005058484443,0.6946858018636703,11.919787215221147,0.020135530656781087,0.47798697580583976,304.41609333765155,459.9507251088491,621.09375,0.6123333650241269,0.35976055921761635,0.007643603338343192
isd_audio_cf1ea2c5db9101c7bb0f,ISD_TorringtonSq_TorringtonSq3_TS318,train,550b10e187b9f19ab9eb01ce8224ccfc23f2dc2add0113a62be89922a2931b95,48000,2,39.424,0.045255652122507185,0.4332641661167145,9.573702859122815,0.021334836930358057,0.5954894081444723,224.80607823966784,527.358210307739,363.28125,0.7740392737919335,0.20377803584177065,0.008549296113313565
isd_audio_63a412d0f06188f0d621,ISD_TorringtonSq_TorringtonSq3_TS319,train,453e8947a626fa10098c2dc78e5796f21657d1add24438e07dcceaa973b901be,48000,2,37.034666666666666,0.03868438022324231,0.35946545004844666,9.292263388324184,0.023693467209476713,0.5181413708985089,253.4619073456285,595.7824706004282,386.71875,0.7383880427596721,0.22635130573075252,0.014324347041404045
isd_audio_53add942a07a2813e24e,ISD_TorringtonSq_TorringtonSq3_TS320,train,e7d4dec6550ae803690ceb7dcbbb136af2a8905ce6b631f4e1bb92d9cfb81c08,48000,2,34.944,0.047311630219917654,0.5597426295280457,11.830973207353155,0.0224049088093979,0.4728566915283907,309.0609972745798,558.418765921499,562.5,0.6920179772558535,0.2798032056391397,0.014238865721584549
isd_audio_6e5d1cf92c75f8f34e1d,ISD_TorringtonSq_TorringtonSq3_TS321,train,8aeada235ecc826649928ef2bc7c04e1e0ae75e7846204151ef92ffc6e6d2a2a,48000,2,37.93066666666667,0.05296822982300242,0.37199145555496216,7.022916506706027,0.01861181948852923,0.710383160613862,173.01627056810958,437.80702487198334,246.09375,0.8226391650532197,0.14085030370148766,0.008313939248769178
isd_audio_fdf79bbefff118b1c269,ISD_TorringtonSq_TorringtonSq3_TS322,train,3462753c7996bfed4f3cde9d86f8cb3381825ce36e5167cb1e3f6d82433f4558,48000,2,39.59466666666667,0.039479897149876216,0.6179372817277908,15.651947607207186,0.01977592719554359,0.5542980914488222,216.63960622166087,434.08486919007976,339.84375,0.7272659630691864,0.23346107807668,0.008326389171907892
isd_audio_9c72aaf4ed1d62ae9e9b,ISD_TorringtonSq_TorringtonSq3_TS323,train,19577bead352c1e2e152901c952fa6daf8e3baeaa8d771ac5e95f1287843dfbf,48000,2,32.59733333333333,0.03636606711376083,0.36735832691192627,10.101678737014671,0.02201612990845999,0.5157931774422322,248.8304343809183,518.4465599129985,375.0,0.7318011744492798,0.24523018106195427,0.012404975537410224
isd_audio_7a984a51780d802f85ea,ISD_TorringtonSq_TorringtonSq4_TS401,train,bfcbe44b43a9581260933438e8e83be69f97f9853849a5295b07b78ec3f7bc9f,48000,2,26.282666666666668,0.08177530863717807,0.709893673658371,8.68102713996517,0.021253726516308687,0.4571527602192867,192.76384713206104,498.91373528961697,351.5625,0.7815951533718852,0.17197650356663743,0.009539877534747325
isd_audio_3c15263149cdb49ce82c,ISD_TorringtonSq_TorringtonSq4_TS407,train,a9e3bc6383bbb4bae51ff67126e1260f3d9a1dad260ab89060558618e1aa0452,48000,2,41.984,0.0520683550694346,0.30627836287021637,5.882236196280555,0.031622181278473785,0.4413288827424816,307.45674494270776,762.1219457782774,515.625,0.6846455166228513,0.28187515038392685,0.018867869144195734
isd_audio_abb86e4e0f99ee7f961a,ISD_TorringtonSq_TorringtonSq4_TS408,train,3f6433ea9adebba0071c4a18f73ab87647403dc8746d9a5fb4532a3c4e7d8f45,48000,2,32.0,0.05123405370971771,0.7111745774745941,13.880896122410544,0.033287782088399796,0.25232408786905924,432.1388104406376,772.9234570150677,703.125,0.5204529030712765,0.4445549086653263,0.023961439967995064
isd_audio_6d4aa0a010bdd2890c79,ISD_TorringtonSq_TorringtonSq4_TS411,train,2097db1b2fdddfd9f1328c8abf2956c3ea63ac935d2cb0721e546b9ca2a94d41,48000,2,49.28,0.08707687514793604,0.5702929198741913,6.549303921452317,0.027140416641477545,0.40649980839501176,300.2441560316285,587.5454373604007,585.9375,0.6623054391056791,0.2940800882117344,0.016054878403671608
isd_audio_6b217dea068f61fcc575,ISD_TorringtonSq_TorringtonSq4_TS412,train,869191da76317aab7b6537267a991aeb48178a0fa1ca7363fbc90fde2f77771e,48000,2,41.64266666666666,0.091086442182413,1.4007170349359512,15.377887217625918,0.03670165850612878,0.30745041512512145,303.8674059502194,1059.0584217030619,328.125,0.7326383331502226,0.1852962171455981,0.027581618342852096
isd_audio_7668bb158be8aed78031,ISD_TorringtonSq_TorringtonSq4_TS413,train,89d7ae50707b8d6c2b4f48c2570558f2dae70566ab117181ab896efb2395899c,48000,2,38.05866666666667,0.09514843372184763,1.0290201902389526,10.814893635003399,0.036484810996187354,0.3645732714720438,439.8248737655318,756.1723742258275,726.5625,0.5525581124127856,0.4133675000313984,0.03023589574486479
isd_audio_5345a4086c04c209c18a,ISD_TorringtonSq_TorringtonSq4_TS414,train,c05b608cf16051808bfa76aa0b341a09ef61555bcba7559cd93d2667f056e304,48000,2,40.78933333333333,0.04673265444374031,0.32642339915037155,6.984910295291282,0.03336045440824726,0.07666735858911043,416.1327057164273,731.8481557249637,726.5625,0.518803904279539,0.4147485209868954,0.028292190267464743
isd_audio_1d28dcc6704b48443398,ISD_TorringtonSq_TorringtonSq4_TS415,train,debbb246dc42cbb0f8f35b5d865bf6dc85d2fa42e427d0bd354739be7d8fe068,48000,2,41.77066666666666,0.07106460310198405,0.7517519295215607,10.578430001821435,0.030731310015855433,0.3537037454893001,343.67210954600034,972.5420308614825,597.65625,0.6587885796199578,0.27558017756217873,0.022344073039635065
isd_audio_f2260f0b67937c094db0,ISD_TorringtonSq_TorringtonSq4_TS418,train,c6bd1b02d5a9095bb00abafccfde3218fb6d43c5609c9ed9777918eb3d13b3f7,48000,2,45.013333333333335,0.06562301410680423,0.6944989114999771,10.583160815649991,0.019194321679836382,0.6062175324937582,188.67492364582964,489.808500048359,269.53125,0.8128549584069185,0.15599947272675724,0.008275277390381384
isd_audio_cf989f8ff47f65ef9f5b,ISD_TorringtonSq_TorringtonSq4_TS419,train,c53d15f3fc36c445cf50ddf41c56871e689c12ddf079414a547073568f132fe4,48000,2,43.562666666666665,0.08208408816315214,1.9881622791290283,24.22104361051454,0.03086312001824958,0.3074522531168382,1141.4636891548453,1901.3322636420844,3011.71875,0.4353227511335134,0.3151392737557497,0.2411679611090464
isd_audio_f9e1843ba8d4b00f8c2c,ISD_TorringtonSq_TorringtonSq4_TS420,train,b72e43593c075b5190e5d1c0c734649898fcc58dab4e44f4efda7eef0ee0b856,48000,2,41.77066666666666,0.0534421013639327,0.7469966113567352,13.977680373565407,0.03841064623232723,0.21218055644118128,903.0418118875741,1319.5840790478235,2015.625,0.4134956446833922,0.42603499872778333,0.15104812945362112
isd_audio_5bfc7a63d68391585d61,ISD_TorringtonSq_TorringtonSq4_TS421,train,a00eceafb00a07085e12583320e4cfed89d3ec0e3d38754116e8122e46f82451,48000,2,43.690666666666665,0.11276748839548092,5.616794586181641,49.80863426241503,0.05655768230327716,0.5350171265384568,626.5749968391127,1100.215918208573,1207.03125,0.5212393525919801,0.4089824674800351,0.06307544734168077
isd_audio_4d9efbc448ead90dd0f2,ISD_TorringtonSq_TorringtonSq4_TS422,train,c71049513e74d31139b43cbe721aa01ef4b8259cbdf8051531607fb88e486fb6,48000,2,41.088,0.04117418654972338,0.4543386250734329,11.034550118549587,0.02919041102349988,0.5303519503807821,377.5734113366242,752.9814294914895,609.375,0.6607072408798125,0.2864799231898663,0.038029280713619794
isd_audio_6dd6fdf76f162ce0d6dd,ISD_TorringtonSq_TorringtonSq4_TS423,train,f13e239ec78609abb5e1cc3de6b57fd83b124971dd73bd85664da952b6dcf684,48000,2,60.928,0.06533367516372143,1.5634945034980774,23.930913109970838,0.03539903499452735,0.21872029323805106,435.5813107991849,914.5537736493264,726.5625,0.533952871767681,0.42025220079645825,0.024866861138834597
isd_audio_dc6b73d1786c96a3c563,ISD_TorringtonSq_TorringtonSq4_TS424,train,4172cde0e1a241e245b7216a4a63bea5a768ad42379273246b8cc9392576d2a9,48000,2,40.66133333333333,0.0492703917480336,1.8455213904380798,37.45700663140628,0.039459088619761926,0.38875928890905936,660.9233286919165,962.8286357802812,1136.71875,0.38391640986860226,0.5532751088405222,0.049119306485808284
isd_audio_3af2f53bb8cb2790e20d,ISD_TorringtonSq_TorringtonSq4_TS425,train,198deb5e6559356731219095191c87542918b816206efc1713e502185759af8b,48000,2,40.704,0.05662024524237633,1.343489408493042,23.728074697344006,0.03664977472001867,0.46255027401228543,501.88223140887123,1102.7151185923128,796.875,0.5493414296679189,0.39730015420659404,0.03882793461165926
isd_audio_30a90b4fbf46e2054341,ISD_TorringtonSq_TorringtonSq4_TS426,train,e2a00bbca3e2cc20f57f92266ed9947e76faec8d707ba358cff78b4367398fd1,48000,2,44.544,0.07862251354700715,1.4574412107467651,18.537199397414128,0.024974849294540837,0.44809587343325863,320.79873019806394,630.2134338717943,597.65625,0.6798156739613881,0.288862900660406,0.022133916507780408
