run_id,task_id,dataset_id,partition,record_id,clip_id,target,y_true,y_pred,y_std
isd_individual_iso_prediction__isd__tong_style_reduced_rf__seed2028,isd_individual_iso_prediction,ISD,dev,ISD_EustonTap_EustonTap1_ET101_R1284,ISD_EustonTap_EustonTap1_ET101,ISOPleasant,-0.6036,0.31255271944536933,
isd_individual_iso_prediction__isd__tong_style_reduced_rf__seed2028,isd_individual_iso_prediction,ISD,dev,ISD_EustonTap_EustonTap1_ET101_R1285,ISD_EustonTap_EustonTap1_ET101,ISOPleasant,0.0429,0.21189249781792263,
isd_individual_iso_prediction__isd__tong_style_reduced_rf__seed2028,isd_individual_iso_prediction,ISD,dev,ISD_EustonTap_EustonTap1_ET103_R1286,ISD_EustonTap_EustonTap1_ET103,ISOPleasant,0.3232,0.20904660904373393,
isd_individual_iso_prediction__isd__tong_style_reduced_rf__seed2028,isd_individual_iso_prediction,ISD,dev,ISD_EustonTap_EustonTap1_ET103_R1287,ISD_EustonTap_EustonTap1_ET103,ISOPleasant,-0.3232,0.18049102320919813,
isd_individual_iso_prediction__isd__tong_style_reduced_rf__seed2028,isd_individual_iso_prediction,ISD,dev,ISD_EustonTap_EustonTap1_ET103_R1288,ISD_EustonTap_EustonTap1_ET103,ISOPleasant,-0.5732,0.20897625517075516,
isd_individual_iso_prediction__isd__tong_style_reduced_rf__seed2028,isd_individual_iso_prediction,ISD,dev,ISD_EustonTap_EustonTap1_ET104_R1289,ISD_EustonTap_EustonTap1_ET104,ISOPleasant,-0.1036,0.10669071442816441,
isd_individual_iso_prediction__isd__tong_style_reduced_rf__seed2028,isd_individual_iso_prediction,ISD,dev,ISD_EustonTap_EustonTap1_ET105_R1290,ISD_EustonTap_EustonTap1_ET105,ISOPleasant,-0.1464,-0.058195598863173846,
isd_individual_iso_prediction__isd__tong_style_reduced_rf__seed2028,isd_individual_iso_prediction,ISD,dev,ISD_EustonTap_EustonTap1_ET105_R1291,ISD_EustonTap_EustonTap1_ET105,ISOPleasant,0.1036,0.10270142806822799,
isd_individual_iso_prediction__isd__tong_style_reduced_rf__seed2028,isd_individual_iso_prediction,ISD,dev,ISD_EustonTap_EustonTap1_ET106_R1292,ISD_EustonTap_EustonTap1_ET106,ISOPleasant,0.1768,0.17014013431105937,
isd_individual_iso_prediction__isd__tong_style_reduced_rf__seed2028,isd_individual_iso_prediction,ISD,dev,ISD_EustonTap_EustonTap1_ET106_R1293,ISD_EustonTap_EustonTap1_ET106,ISOPleasant,-0.5,0.0066597143217893146,
isd_individual_iso_prediction__isd__tong_style_reduced_rf__seed2028,isd_individual_iso_prediction,ISD,dev,ISD_EustonTap_EustonTap1_ET107_R1294,ISD_EustonTap_EustonTap1_ET107,ISOPleasant,-0.3964,-0.012155157035557028,
isd_individual_iso_prediction__isd__tong_style_reduced_rf__seed2028,isd_individual_iso_prediction,ISD,dev,ISD_EustonTap_EustonTap1_ET108_R1295,ISD_EustonTap_EustonTap1_ET108,ISOPleasant,-0.2803,0.03199757736985235,
isd_individual_iso_prediction__isd__tong_style_reduced_rf__seed2028,isd_individual_iso_prediction,ISD,dev,ISD_EustonTap_EustonTap1_ET109_R1296,ISD_EustonTap_EustonTap1_ET109,ISOPleasant,-0.5,0.18046921768971763,
isd_individual_iso_prediction__isd__tong_style_reduced_rf__seed2028,isd_individual_iso_prediction,ISD,dev,ISD_EustonTap_EustonTap1_ET109_R1298,ISD_EustonTap_EustonTap1_ET109,ISOPleasant,-0.4268,-0.040912970485070484,
isd_individual_iso_prediction__isd__tong_style_reduced_rf__seed2028,isd_individual_iso_prediction,ISD,dev,ISD_EustonTap_EustonTap1_ET110_R1297,ISD_EustonTap_EustonTap1_ET110,ISOPleasant,-0.3536,0.11981587757242763,
isd_individual_iso_prediction__isd__tong_style_reduced_rf__seed2028,isd_individual_iso_prediction,ISD,dev,ISD_EustonTap_EustonTap1_ET110_R1299,ISD_EustonTap_EustonTap1_ET110,ISOPleasant,0.341,0.10919897974895477,
isd_individual_iso_prediction__isd__tong_style_reduced_rf__seed2028,isd_individual_iso_prediction,ISD,dev,ISD_EustonTap_EustonTap1_ET111_R1300,ISD_EustonTap_EustonTap1_ET111,ISOPleasant,0.0,0.2036650025252524,
isd_individual_iso_prediction__isd__tong_style_reduced_rf__seed2028,isd_individual_iso_prediction,ISD,dev,ISD_EustonTap_EustonTap1_ET111_R1301,ISD_EustonTap_EustonTap1_ET111,ISOPleasant,-0.2071,0.12446585446960445,
isd_individual_iso_prediction__isd__tong_style_reduced_rf__seed2028,isd_individual_iso_prediction,ISD,dev,ISD_EustonTap_EustonTap1_ET112_R1302,ISD_EustonTap_EustonTap1_ET112,ISOPleasant,-0.4697,-0.018467289306989286,
isd_individual_iso_prediction__isd__tong_style_reduced_rf__seed2028,isd_individual_iso_prediction,ISD,dev,ISD_EustonTap_EustonTap1_ET113_R1303,ISD_EustonTap_EustonTap1_ET113,ISOPleasant,-0.8536,0.15614855209327702,
isd_individual_iso_prediction__isd__tong_style_reduced_rf__seed2028,isd_individual_iso_prediction,ISD,dev,ISD_EustonTap_EustonTap1_ET115_R1306,ISD_EustonTap_EustonTap1_ET115,ISOPleasant,-0.8536,0.12779421505254018,
isd_individual_iso_prediction__isd__tong_style_reduced_rf__seed2028,isd_individual_iso_prediction,ISD,dev,ISD_EustonTap_EustonTap1_ET115_R1308,ISD_EustonTap_EustonTap1_ET115,ISOPleasant,-0.3232,0.03419862257372256,
isd_individual_iso_prediction__isd__tong_style_reduced_rf__seed2028,isd_individual_iso_prediction,ISD,dev,ISD_EustonTap_EustonTap1_ET115_R1309,ISD_EustonTap_EustonTap1_ET115,ISOPleasant,-0.25,0.12824584879009895,
isd_individual_iso_prediction__isd__tong_style_reduced_rf__seed2028,isd_individual_iso_prediction,ISD,dev,ISD_EustonTap_EustonTap1_ET116_R1305,ISD_EustonTap_EustonTap1_ET116,ISOPleasant,-0.0429,0.024718449269249276,
isd_individual_iso_prediction__isd__tong_style_reduced_rf__seed2028,isd_individual_iso_prediction,ISD,dev,ISD_EustonTap_EustonTap1_ET117_R1311,ISD_EustonTap_EustonTap1_ET117,ISOPleasant,0.3536,-0.037085505953305925,
isd_individual_iso_prediction__isd__tong_style_reduced_rf__seed2028,isd_individual_iso_prediction,ISD,dev,ISD_EustonTap_EustonTap1_ET118_R1307,ISD_EustonTap_EustonTap1_ET118,ISOPleasant,-0.7803,0.255947681931957,
isd_individual_iso_prediction__isd__tong_style_reduced_rf__seed2028,isd_individual_iso_prediction,ISD,dev,ISD_EustonTap_EustonTap1_ET118_R1310,ISD_EustonTap_EustonTap1_ET118,ISOPleasant,-0.3232,0.01295492694805193,
isd_individual_iso_prediction__isd__tong_style_reduced_rf__seed2028,isd_individual_iso_prediction,ISD,dev,ISD_EustonTap_EustonTap1_ET118_R1312,ISD_EustonTap_EustonTap1_ET118,ISOPleasant,-0.6768,0.0044747188792688694,
isd_individual_iso_prediction__isd__tong_style_reduced_rf__seed2028,isd_individual_iso_prediction,ISD,dev,ISD_EustonTap_EustonTap1_ET118_R1313,ISD_EustonTap_EustonTap1_ET118,ISOPleasant,-0.7803,0.16972367638472635,
isd_individual_iso_prediction__isd__tong_style_reduced_rf__seed2028,isd_individual_iso_prediction,ISD,dev,ISD_EustonTap_EustonTap1_ET119_R1314,ISD_EustonTap_EustonTap1_ET119,ISOPleasant,-0.4268,0.1725428908091907,
isd_individual_iso_prediction__isd__tong_style_reduced_rf__seed2028,isd_individual_iso_prediction,ISD,dev,ISD_EustonTap_EustonTap1_ET120_R1315,ISD_EustonTap_EustonTap1_ET120,ISOPleasant,-0.1768,-0.0502957532587783,
isd_individual_iso_prediction__isd__tong_style_reduced_rf__seed2028,isd_individual_iso_prediction,ISD,dev,ISD_EustonTap_EustonTap1_ET120_R1316,ISD_EustonTap_EustonTap1_ET120,ISOPleasant,0.0732,-0.0502957532587783,
isd_individual_iso_prediction__isd__tong_style_reduced_rf__seed2028,isd_individual_iso_prediction,ISD,dev,ISD_EustonTap_EustonTap1_ET121_R1317,ISD_EustonTap_EustonTap1_ET121,ISOPleasant,-0.6768,-0.10892647663540167,
isd_individual_iso_prediction__isd__tong_style_reduced_rf__seed2028,isd_individual_iso_prediction,ISD,dev,ISD_EustonTap_EustonTap1_ET122_R1318,ISD_EustonTap_EustonTap1_ET122,ISOPleasant,0.1464,0.033924873283198285,
isd_individual_iso_prediction__isd__tong_style_reduced_rf__seed2028,isd_individual_iso_prediction,ISD,dev,ISD_EustonTap_EustonTap1_ET122_R1319,ISD_EustonTap_EustonTap1_ET122,ISOPleasant,-0.2071,0.031200366537166544,
isd_individual_iso_prediction__isd__tong_style_reduced_rf__seed2028,isd_individual_iso_prediction,ISD,dev,ISD_EustonTap_EustonTap1_ET123_R1320,ISD_EustonTap_EustonTap1_ET123,ISOPleasant,-0.1036,-0.0526881692039442,
isd_individual_iso_prediction__isd__tong_style_reduced_rf__seed2028,isd_individual_iso_prediction,ISD,dev,ISD_EustonTap_EustonTap1_ET123_R1321,ISD_EustonTap_EustonTap1_ET123,ISOPleasant,-0.0732,0.2234487192048692,
isd_individual_iso_prediction__isd__tong_style_reduced_rf__seed2028,isd_individual_iso_prediction,ISD,dev,ISD_EustonTap_EustonTap1_ET123_R1322,ISD_EustonTap_EustonTap1_ET123,ISOPleasant,-0.6464,0.022544342111592144,
isd_individual_iso_prediction__isd__tong_style_reduced_rf__seed2028,isd_individual_iso_prediction,ISD,dev,ISD_EustonTap_EustonTap1_ET124_R1323,ISD_EustonTap_EustonTap1_ET124,ISOPleasant,-0.6161,0.12150664812779811,
isd_individual_iso_prediction__isd__tong_style_reduced_rf__seed2028,isd_individual_iso_prediction,ISD,dev,ISD_EustonTap_EustonTap1_ET124_R1324,ISD_EustonTap_EustonTap1_ET124,ISOPleasant,0.0,0.020244667532467536,
isd_individual_iso_prediction__isd__tong_style_reduced_rf__seed2028,isd_individual_iso_prediction,ISD,dev,ISD_EustonTap_EustonTap1_ET125_R1325,ISD_EustonTap_EustonTap1_ET125,ISOPleasant,-0.25,0.03008900838513338,
isd_individual_iso_prediction__isd__tong_style_reduced_rf__seed2028,isd_individual_iso_prediction,ISD,dev,ISD_EustonTap_EustonTap2_ET201_R1326,ISD_EustonTap_EustonTap2_ET201,ISOPleasant,-0.6339,-0.022404469338994336,
isd_individual_iso_prediction__isd__tong_style_reduced_rf__seed2028,isd_individual_iso_prediction,ISD,dev,ISD_EustonTap_EustonTap2_ET201_R1327,ISD_EustonTap_EustonTap2_ET201,ISOPleasant,-0.3107,0.07955859933862437,
isd_individual_iso_prediction__isd__tong_style_reduced_rf__seed2028,isd_individual_iso_prediction,ISD,dev,ISD_EustonTap_EustonTap2_ET201_R1328,ISD_EustonTap_EustonTap2_ET201,ISOPleasant,-0.2803,-0.02892746430051433,
isd_individual_iso_prediction__isd__tong_style_reduced_rf__seed2028,isd_individual_iso_prediction,ISD,dev,ISD_EustonTap_EustonTap2_ET202_R1329,ISD_EustonTap_EustonTap2_ET202,ISOPleasant,-0.1768,0.18519254683002181,
isd_individual_iso_prediction__isd__tong_style_reduced_rf__seed2028,isd_individual_iso_prediction,ISD,dev,ISD_EustonTap_EustonTap2_ET203_R1330,ISD_EustonTap_EustonTap2_ET203,ISOPleasant,-0.3839,-0.0011826738455988372,
isd_individual_iso_prediction__isd__tong_style_reduced_rf__seed2028,isd_individual_iso_prediction,ISD,dev,ISD_EustonTap_EustonTap2_ET205_R1332,ISD_EustonTap_EustonTap2_ET205,ISOPleasant,-0.5303,0.1693433565712065,
isd_individual_iso_prediction__isd__tong_style_reduced_rf__seed2028,isd_individual_iso_prediction,ISD,dev,ISD_EustonTap_EustonTap2_ET205_R1333,ISD_EustonTap_EustonTap2_ET205,ISOPleasant,-0.5303,-0.10821065378787878,
isd_individual_iso_prediction__isd__tong_style_reduced_rf__seed2028,isd_individual_iso_prediction,ISD,dev,ISD_EustonTap_EustonTap2_ET206_R1334,ISD_EustonTap_EustonTap2_ET206,ISOPleasant,-0.2197,0.15366921407758893,
isd_individual_iso_prediction__isd__tong_style_reduced_rf__seed2028,isd_individual_iso_prediction,ISD,dev,ISD_EustonTap_EustonTap2_ET206_R1335,ISD_EustonTap_EustonTap2_ET206,ISOPleasant,0.1768,0.028254895135420142,
isd_individual_iso_prediction__isd__tong_style_reduced_rf__seed2028,isd_individual_iso_prediction,ISD,dev,ISD_EustonTap_EustonTap2_ET206_R1336,ISD_EustonTap_EustonTap2_ET206,ISOPleasant,-0.0732,0.020151407521182534,
isd_individual_iso_prediction__isd__tong_style_reduced_rf__seed2028,isd_individual_iso_prediction,ISD,dev,ISD_EustonTap_EustonTap2_ET207_R1338,ISD_EustonTap_EustonTap2_ET207,ISOPleasant,-0.2803,0.0826611577172827,
isd_individual_iso_prediction__isd__tong_style_reduced_rf__seed2028,isd_individual_iso_prediction,ISD,dev,ISD_EustonTap_EustonTap2_ET207_R1339,ISD_EustonTap_EustonTap2_ET207,ISOPleasant,-0.0732,0.09758829717782215,
isd_individual_iso_prediction__isd__tong_style_reduced_rf__seed2028,isd_individual_iso_prediction,ISD,dev,ISD_EustonTap_EustonTap2_ET207_R1340,ISD_EustonTap_EustonTap2_ET207,ISOPleasant,-0.4268,0.21716254578014585,
isd_individual_iso_prediction__isd__tong_style_reduced_rf__seed2028,isd_individual_iso_prediction,ISD,dev,ISD_EustonTap_EustonTap2_ET207_R1341,ISD_EustonTap_EustonTap2_ET207,ISOPleasant,0.0,0.09446370458522955,
isd_individual_iso_prediction__isd__tong_style_reduced_rf__seed2028,isd_individual_iso_prediction,ISD,dev,ISD_EustonTap_EustonTap2_ET210_R1345,ISD_EustonTap_EustonTap2_ET210,ISOPleasant,-0.1339,-0.0038960102934102836,
isd_individual_iso_prediction__isd__tong_style_reduced_rf__seed2028,isd_individual_iso_prediction,ISD,dev,ISD_EustonTap_EustonTap2_ET211_R1346,ISD_EustonTap_EustonTap2_ET211,ISOPleasant,0.0126,-0.12370445652495658,
isd_individual_iso_prediction__isd__tong_style_reduced_rf__seed2028,isd_individual_iso_prediction,ISD,dev,ISD_EustonTap_EustonTap2_ET212_R1347,ISD_EustonTap_EustonTap2_ET212,ISOPleasant,-0.1036,0.15278848146298138,
isd_individual_iso_prediction__isd__tong_style_reduced_rf__seed2028,isd_individual_iso_prediction,ISD,dev,ISD_EustonTap_EustonTap2_ET212_R1348,ISD_EustonTap_EustonTap2_ET212,ISOPleasant,-0.1464,0.15605888794446285,
isd_individual_iso_prediction__isd__tong_style_reduced_rf__seed2028,isd_individual_iso_prediction,ISD,dev,ISD_EustonTap_EustonTap2_ET213_R1349,ISD_EustonTap_EustonTap2_ET213,ISOPleasant,-0.0732,0.2871949155372405,
isd_individual_iso_prediction__isd__tong_style_reduced_rf__seed2028,isd_individual_iso_prediction,ISD,dev,ISD_EustonTap_EustonTap2_ET214_R1350,ISD_EustonTap_EustonTap2_ET214,ISOPleasant,0.1036,-0.012863592736892722,
isd_individual_iso_prediction__isd__tong_style_reduced_rf__seed2028,isd_individual_iso_prediction,ISD,dev,ISD_EustonTap_EustonTap2_ET215_R1351,ISD_EustonTap_EustonTap2_ET215,ISOPleasant,-0.0732,0.2871267491582491,
isd_individual_iso_prediction__isd__tong_style_reduced_rf__seed2028,isd_individual_iso_prediction,ISD,dev,ISD_EustonTap_EustonTap2_ET216_R1352,ISD_EustonTap_EustonTap2_ET216,ISOPleasant,-0.4874,0.10425443894253887,
isd_individual_iso_prediction__isd__tong_style_reduced_rf__seed2028,isd_individual_iso_prediction,ISD,dev,ISD_EustonTap_EustonTap2_ET218_R1355,ISD_EustonTap_EustonTap2_ET218,ISOPleasant,-0.25,0.10520179870314868,
isd_individual_iso_prediction__isd__tong_style_reduced_rf__seed2028,isd_individual_iso_prediction,ISD,dev,ISD_EustonTap_EustonTap2_ET218_R1356,ISD_EustonTap_EustonTap2_ET218,ISOPleasant,0.0,-0.0006773625790875772,
isd_individual_iso_prediction__isd__tong_style_reduced_rf__seed2028,isd_individual_iso_prediction,ISD,dev,ISD_EustonTap_EustonTap2_ET219_R1357,ISD_EustonTap_EustonTap2_ET219,ISOPleasant,-0.3232,0.02921484716949717,
isd_individual_iso_prediction__isd__tong_style_reduced_rf__seed2028,isd_individual_iso_prediction,ISD,dev,ISD_EustonTap_EustonTap2_ET219_R1358,ISD_EustonTap_EustonTap2_ET219,ISOPleasant,-0.2929,0.0628172716968217,
isd_individual_iso_prediction__isd__tong_style_reduced_rf__seed2028,isd_individual_iso_prediction,ISD,dev,ISD_EustonTap_EustonTap2_ET220_R1359,ISD_EustonTap_EustonTap2_ET220,ISOPleasant,-0.159,0.10151265879860877,
isd_individual_iso_prediction__isd__tong_style_reduced_rf__seed2028,isd_individual_iso_prediction,ISD,dev,ISD_EustonTap_EustonTap2_ET221_R1360,ISD_EustonTap_EustonTap2_ET221,ISOPleasant,0.25,-0.09936073591408588,
isd_individual_iso_prediction__isd__tong_style_reduced_rf__seed2028,isd_individual_iso_prediction,ISD,dev,ISD_EustonTap_EustonTap2_ET221_R1361,ISD_EustonTap_EustonTap2_ET221,ISOPleasant,0.0732,-0.06026984712139715,
isd_individual_iso_prediction__isd__tong_style_reduced_rf__seed2028,isd_individual_iso_prediction,ISD,dev,ISD_EustonTap_EustonTap2_ET222_R1362,ISD_EustonTap_EustonTap2_ET222,ISOPleasant,-0.1768,0.09267181326636326,
isd_individual_iso_prediction__isd__tong_style_reduced_rf__seed2028,isd_individual_iso_prediction,ISD,dev,ISD_EustonTap_EustonTap3_ET302_R1366,ISD_EustonTap_EustonTap3_ET302,ISOPleasant,0.0303,0.07261222320919818,
isd_individual_iso_prediction__isd__tong_style_reduced_rf__seed2028,isd_individual_iso_prediction,ISD,dev,ISD_EustonTap_EustonTap3_ET302_R1367,ISD_EustonTap_EustonTap3_ET302,ISOPleasant,0.1464,-0.04908632798960297,
isd_individual_iso_prediction__isd__tong_style_reduced_rf__seed2028,isd_individual_iso_prediction,ISD,dev,ISD_EustonTap_EustonTap3_ET303_R1370,ISD_EustonTap_EustonTap3_ET303,ISOPleasant,0.1036,0.05673352291227294,
isd_individual_iso_prediction__isd__tong_style_reduced_rf__seed2028,isd_individual_iso_prediction,ISD,dev,ISD_EustonTap_EustonTap3_ET303_R1371,ISD_EustonTap_EustonTap3_ET303,ISOPleasant,0.1768,-0.005566988776038777,
isd_individual_iso_prediction__isd__tong_style_reduced_rf__seed2028,isd_individual_iso_prediction,ISD,dev,ISD_EustonTap_EustonTap3_ET303_R1372,ISD_EustonTap_EustonTap3_ET303,ISOPleasant,0.0,0.03924421366318867,
isd_individual_iso_prediction__isd__tong_style_reduced_rf__seed2028,isd_individual_iso_prediction,ISD,dev,ISD_EustonTap_EustonTap3_ET304_R1373,ISD_EustonTap_EustonTap3_ET304,ISOPleasant,0.1036,-0.0771442225348725,
isd_individual_iso_prediction__isd__tong_style_reduced_rf__seed2028,isd_individual_iso_prediction,ISD,dev,ISD_EustonTap_EustonTap3_ET305_R1374,ISD_EustonTap_EustonTap3_ET305,ISOPleasant,-0.3232,-0.03724766839826837,
isd_individual_iso_prediction__isd__tong_style_reduced_rf__seed2028,isd_individual_iso_prediction,ISD,dev,ISD_EustonTap_EustonTap3_ET306_R1375,ISD_EustonTap_EustonTap3_ET306,ISOPleasant,-0.3839,0.06451095460835458,
isd_individual_iso_prediction__isd__tong_style_reduced_rf__seed2028,isd_individual_iso_prediction,ISD,dev,ISD_EustonTap_EustonTap3_ET306_R1376,ISD_EustonTap_EustonTap3_ET306,ISOPleasant,0.0732,-0.007980679666629674,
isd_individual_iso_prediction__isd__tong_style_reduced_rf__seed2028,isd_individual_iso_prediction,ISD,dev,ISD_EustonTap_EustonTap3_ET306_R1377,ISD_EustonTap_EustonTap3_ET306,ISOPleasant,-0.1036,0.06451095460835458,
isd_individual_iso_prediction__isd__tong_style_reduced_rf__seed2028,isd_individual_iso_prediction,ISD,dev,ISD_EustonTap_EustonTap3_ET306_R1378,ISD_EustonTap_EustonTap3_ET306,ISOPleasant,-0.1768,0.06451095460835458,
isd_individual_iso_prediction__isd__tong_style_reduced_rf__seed2028,isd_individual_iso_prediction,ISD,dev,ISD_EustonTap_EustonTap3_ET306_R1379,ISD_EustonTap_EustonTap3_ET306,ISOPleasant,0.0607,-0.04371883279960774,
isd_individual_iso_prediction__isd__tong_style_reduced_rf__seed2028,isd_individual_iso_prediction,ISD,dev,ISD_EustonTap_EustonTap3_ET307_R1380,ISD_EustonTap_EustonTap3_ET307,ISOPleasant,-0.2071,0.105205656978207,
isd_individual_iso_prediction__isd__tong_style_reduced_rf__seed2028,isd_individual_iso_prediction,ISD,dev,ISD_EustonTap_EustonTap3_ET307_R1381,ISD_EustonTap_EustonTap3_ET307,ISOPleasant,-0.3536,0.13807084692529684,
isd_individual_iso_prediction__isd__tong_style_reduced_rf__seed2028,isd_individual_iso_prediction,ISD,dev,ISD_EustonTap_EustonTap3_ET307_R1382,ISD_EustonTap_EustonTap3_ET307,ISOPleasant,-0.25,0.014478339922114912,
isd_individual_iso_prediction__isd__tong_style_reduced_rf__seed2028,isd_individual_iso_prediction,ISD,dev,ISD_EustonTap_EustonTap3_ET308_R1383,ISD_EustonTap_EustonTap3_ET308,ISOPleasant,-0.2626,-0.008261633546083542,
isd_individual_iso_prediction__isd__tong_style_reduced_rf__seed2028,isd_individual_iso_prediction,ISD,dev,ISD_EustonTap_EustonTap3_ET310_R1385,ISD_EustonTap_EustonTap3_ET310,ISOPleasant,-0.2929,-0.0380356901098901,
isd_individual_iso_prediction__isd__tong_style_reduced_rf__seed2028,isd_individual_iso_prediction,ISD,dev,ISD_EustonTap_EustonTap3_ET310_R1386,ISD_EustonTap_EustonTap3_ET310,ISOPleasant,-0.2803,-0.06488295778665781,
isd_individual_iso_prediction__isd__tong_style_reduced_rf__seed2028,isd_individual_iso_prediction,ISD,dev,ISD_EustonTap_EustonTap3_ET311_R1387,ISD_EustonTap_EustonTap3_ET311,ISOPleasant,-0.3536,0.06756940171217667,
isd_individual_iso_prediction__isd__tong_style_reduced_rf__seed2028,isd_individual_iso_prediction,ISD,dev,ISD_EustonTap_EustonTap3_ET312_R1388,ISD_EustonTap_EustonTap3_ET312,ISOPleasant,-0.6036,0.034704662292337304,
isd_individual_iso_prediction__isd__tong_style_reduced_rf__seed2028,isd_individual_iso_prediction,ISD,dev,ISD_EustonTap_EustonTap3_ET313_R1389,ISD_EustonTap_EustonTap3_ET313,ISOPleasant,-0.0732,-0.015232425505975507,
isd_individual_iso_prediction__isd__tong_style_reduced_rf__seed2028,isd_individual_iso_prediction,ISD,dev,ISD_EustonTap_EustonTap3_ET314_R1390,ISD_EustonTap_EustonTap3_ET314,ISOPleasant,-0.2803,0.025384110286935276,
isd_individual_iso_prediction__isd__tong_style_reduced_rf__seed2028,isd_individual_iso_prediction,ISD,dev,ISD_EustonTap_EustonTap3_ET314_R1391,ISD_EustonTap_EustonTap3_ET314,ISOPleasant,0.1464,0.02719603626096126,
isd_individual_iso_prediction__isd__tong_style_reduced_rf__seed2028,isd_individual_iso_prediction,ISD,dev,ISD_MarchmontGarden_MarchmontGarden1_MC101_R269,ISD_MarchmontGarden_MarchmontGarden1_MC101,ISOPleasant,-0.2803,0.3469110764615016,
isd_individual_iso_prediction__isd__tong_style_reduced_rf__seed2028,isd_individual_iso_prediction,ISD,dev,ISD_MarchmontGarden_MarchmontGarden1_MC102_R270,ISD_MarchmontGarden_MarchmontGarden1_MC102,ISOPleasant,0.25,0.3584810915704665,
isd_individual_iso_prediction__isd__tong_style_reduced_rf__seed2028,isd_individual_iso_prediction,ISD,dev,ISD_MarchmontGarden_MarchmontGarden1_MC103_R271,ISD_MarchmontGarden_MarchmontGarden1_MC103,ISOPleasant,0.3536,0.39697398835423814,
isd_individual_iso_prediction__isd__tong_style_reduced_rf__seed2028,isd_individual_iso_prediction,ISD,dev,ISD_MarchmontGarden_MarchmontGarden1_MC104_R272,ISD_MarchmontGarden_MarchmontGarden1_MC104,ISOPleasant,0.7071,0.40300189849687357,
isd_individual_iso_prediction__isd__tong_style_reduced_rf__seed2028,isd_individual_iso_prediction,ISD,dev,ISD_MarchmontGarden_MarchmontGarden1_MC105_R273,ISD_MarchmontGarden_MarchmontGarden1_MC105,ISOPleasant,0.2803,0.40296398858271354,
isd_individual_iso_prediction__isd__tong_style_reduced_rf__seed2028,isd_individual_iso_prediction,ISD,dev,ISD_MarchmontGarden_MarchmontGarden1_MC105_R274,ISD_MarchmontGarden_MarchmontGarden1_MC105,ISOPleasant,0.4268,0.46707663544973543,
isd_individual_iso_prediction__isd__tong_style_reduced_rf__seed2028,isd_individual_iso_prediction,ISD,dev,ISD_MarchmontGarden_MarchmontGarden1_MC106_R275,ISD_MarchmontGarden_MarchmontGarden1_MC106,ISOPleasant,0.1768,0.4436954946470196,
isd_individual_iso_prediction__isd__tong_style_reduced_rf__seed2028,isd_individual_iso_prediction,ISD,dev,ISD_MarchmontGarden_MarchmontGarden1_MC108_R277,ISD_MarchmontGarden_MarchmontGarden1_MC108,ISOPleasant,0.25,0.43460520185185175,
isd_individual_iso_prediction__isd__tong_style_reduced_rf__seed2028,isd_individual_iso_prediction,ISD,dev,ISD_MarchmontGarden_MarchmontGarden1_MC110_R278,ISD_MarchmontGarden_MarchmontGarden1_MC110,ISOPleasant,0.8536,0.45515335592185563,
isd_individual_iso_prediction__isd__tong_style_reduced_rf__seed2028,isd_individual_iso_prediction,ISD,dev,ISD_MarchmontGarden_MarchmontGarden1_MC111_R279,ISD_MarchmontGarden_MarchmontGarden1_MC111,ISOPleasant,0.0732,0.4686376675269176,
isd_individual_iso_prediction__isd__tong_style_reduced_rf__seed2028,isd_individual_iso_prediction,ISD,dev,ISD_MarchmontGarden_MarchmontGarden1_MC111_R280,ISD_MarchmontGarden_MarchmontGarden1_MC111,ISOPleasant,0.5607,0.45497834345284344,
isd_individual_iso_prediction__isd__tong_style_reduced_rf__seed2028,isd_individual_iso_prediction,ISD,dev,ISD_MarchmontGarden_MarchmontGarden1_MC112_R281,ISD_MarchmontGarden_MarchmontGarden1_MC112,ISOPleasant,-0.1768,0.5714080108826358,
isd_individual_iso_prediction__isd__tong_style_reduced_rf__seed2028,isd_individual_iso_prediction,ISD,dev,ISD_MarchmontGarden_MarchmontGarden1_MC114_R282,ISD_MarchmontGarden_MarchmontGarden1_MC114,ISOPleasant,-0.5,0.4876877677970175,
isd_individual_iso_prediction__isd__tong_style_reduced_rf__seed2028,isd_individual_iso_prediction,ISD,dev,ISD_MarchmontGarden_MarchmontGarden1_MC115_R283,ISD_MarchmontGarden_MarchmontGarden1_MC115,ISOPleasant,0.0,0.4930975194388944,
isd_individual_iso_prediction__isd__tong_style_reduced_rf__seed2028,isd_individual_iso_prediction,ISD,dev,ISD_MarchmontGarden_MarchmontGarden1_MC116_R284,ISD_MarchmontGarden_MarchmontGarden1_MC116,ISOPleasant,-0.4571,0.31633585916953405,
isd_individual_iso_prediction__isd__tong_style_reduced_rf__seed2028,isd_individual_iso_prediction,ISD,dev,ISD_MarchmontGarden_MarchmontGarden1_MC116_R285,ISD_MarchmontGarden_MarchmontGarden1_MC116,ISOPleasant,-0.1339,0.3145946184408183,
isd_individual_iso_prediction__isd__tong_style_reduced_rf__seed2028,isd_individual_iso_prediction,ISD,dev,ISD_MarchmontGarden_MarchmontGarden1_MC118_R287,ISD_MarchmontGarden_MarchmontGarden1_MC118,ISOPleasant,0.1464,0.40757047589632556,
isd_individual_iso_prediction__isd__tong_style_reduced_rf__seed2028,isd_individual_iso_prediction,ISD,dev,ISD_MarchmontGarden_MarchmontGarden1_MC118_R288,ISD_MarchmontGarden_MarchmontGarden1_MC118,ISOPleasant,0.0,0.40757047589632556,
isd_individual_iso_prediction__isd__tong_style_reduced_rf__seed2028,isd_individual_iso_prediction,ISD,dev,ISD_MarchmontGarden_MarchmontGarden1_MC118_R289,ISD_MarchmontGarden_MarchmontGarden1_MC118,ISOPleasant,0.1036,0.42581094265271763,
isd_individual_iso_prediction__isd__tong_style_reduced_rf__seed2028,isd_individual_iso_prediction,ISD,dev,ISD_MarchmontGarden_MarchmontGarden1_MC119_R290,ISD_MarchmontGarden_MarchmontGarden1_MC119,ISOPleasant,0.4571,0.4151830515096015,
isd_individual_iso_prediction__isd__tong_style_reduced_rf__seed2028,isd_individual_iso_prediction,ISD,dev,ISD_MarchmontGarden_MarchmontGarden1_MC119_R291,ISD_MarchmontGarden_MarchmontGarden1_MC119,ISOPleasant,0.2803,0.424005065001665,
isd_individual_iso_prediction__isd__tong_style_reduced_rf__seed2028,isd_individual_iso_prediction,ISD,dev,ISD_MarchmontGarden_MarchmontGarden1_MC120_R292,ISD_MarchmontGarden_MarchmontGarden1_MC120,ISOPleasant,1.0,0.44188343101898103,
isd_individual_iso_prediction__isd__tong_style_reduced_rf__seed2028,isd_individual_iso_prediction,ISD,dev,ISD_MarchmontGarden_MarchmontGarden1_MC120_R293,ISD_MarchmontGarden_MarchmontGarden1_MC120,ISOPleasant,1.0,0.4557521075221075,
isd_individual_iso_prediction__isd__tong_style_reduced_rf__seed2028,isd_individual_iso_prediction,ISD,dev,ISD_MarchmontGarden_MarchmontGarden1_MC121_R294,ISD_MarchmontGarden_MarchmontGarden1_MC121,ISOPleasant,0.7071,0.42193484691512173,
isd_individual_iso_prediction__isd__tong_style_reduced_rf__seed2028,isd_individual_iso_prediction,ISD,dev,ISD_MarchmontGarden_MarchmontGarden1_MC121_R295,ISD_MarchmontGarden_MarchmontGarden1_MC121,ISOPleasant,0.9268,0.425084973237873,
isd_individual_iso_prediction__isd__tong_style_reduced_rf__seed2028,isd_individual_iso_prediction,ISD,dev,ISD_MarchmontGarden_MarchmontGarden1_MC122_R296,ISD_MarchmontGarden_MarchmontGarden1_MC122,ISOPleasant,0.5732,0.4345302443667445,
isd_individual_iso_prediction__isd__tong_style_reduced_rf__seed2028,isd_individual_iso_prediction,ISD,dev,ISD_MarchmontGarden_MarchmontGarden1_MC127_R298,ISD_MarchmontGarden_MarchmontGarden1_MC127,ISOPleasant,0.2678,0.5042158952621448,
isd_individual_iso_prediction__isd__tong_style_reduced_rf__seed2028,isd_individual_iso_prediction,ISD,dev,ISD_MarchmontGarden_MarchmontGarden1_MC129_R300,ISD_MarchmontGarden_MarchmontGarden1_MC129,ISOPleasant,0.2197,0.4139820186988936,
isd_individual_iso_prediction__isd__tong_style_reduced_rf__seed2028,isd_individual_iso_prediction,ISD,dev,ISD_MarchmontGarden_MarchmontGarden2_MC203_R306,ISD_MarchmontGarden_MarchmontGarden2_MC203,ISOPleasant,0.9268,0.356889014045214,
isd_individual_iso_prediction__isd__tong_style_reduced_rf__seed2028,isd_individual_iso_prediction,ISD,dev,ISD_MarchmontGarden_MarchmontGarden2_MC204_R302,ISD_MarchmontGarden_MarchmontGarden2_MC204,ISOPleasant,0.1036,0.41341384623062105,
isd_individual_iso_prediction__isd__tong_style_reduced_rf__seed2028,isd_individual_iso_prediction,ISD,dev,ISD_MarchmontGarden_MarchmontGarden2_MC206_R303,ISD_MarchmontGarden_MarchmontGarden2_MC206,ISOPleasant,0.6036,0.4185254082075333,
isd_individual_iso_prediction__isd__tong_style_reduced_rf__seed2028,isd_individual_iso_prediction,ISD,dev,ISD_MarchmontGarden_MarchmontGarden2_MC207_R304,ISD_MarchmontGarden_MarchmontGarden2_MC207,ISOPleasant,0.6464,0.49994795268805264,
isd_individual_iso_prediction__isd__tong_style_reduced_rf__seed2028,isd_individual_iso_prediction,ISD,dev,ISD_MarchmontGarden_MarchmontGarden3_MC301_R309,ISD_MarchmontGarden_MarchmontGarden3_MC301,ISOPleasant,0.3107,0.3736888183557182,
isd_individual_iso_prediction__isd__tong_style_reduced_rf__seed2028,isd_individual_iso_prediction,ISD,dev,ISD_MarchmontGarden_MarchmontGarden3_MC302_R308,ISD_MarchmontGarden_MarchmontGarden3_MC302,ISOPleasant,0.25,0.3462104606301106,
isd_individual_iso_prediction__isd__tong_style_reduced_rf__seed2028,isd_individual_iso_prediction,ISD,dev,ISD_MarchmontGarden_MarchmontGarden3_MC302_R335,ISD_MarchmontGarden_MarchmontGarden3_MC302,ISOPleasant,-0.3232,0.3543600749278499,
isd_individual_iso_prediction__isd__tong_style_reduced_rf__seed2028,isd_individual_iso_prediction,ISD,dev,ISD_MarchmontGarden_MarchmontGarden3_MC303_R310,ISD_MarchmontGarden_MarchmontGarden3_MC303,ISOPleasant,0.4268,0.5183224001063755,
isd_individual_iso_prediction__isd__tong_style_reduced_rf__seed2028,isd_individual_iso_prediction,ISD,dev,ISD_MarchmontGarden_MarchmontGarden3_MC307_R313,ISD_MarchmontGarden_MarchmontGarden3_MC307,ISOPleasant,0.6339,0.4700918190957189,
isd_individual_iso_prediction__isd__tong_style_reduced_rf__seed2028,isd_individual_iso_prediction,ISD,dev,ISD_MarchmontGarden_MarchmontGarden3_MC308_R314,ISD_MarchmontGarden_MarchmontGarden3_MC308,ISOPleasant,0.5732,0.4277163864774113,
isd_individual_iso_prediction__isd__tong_style_reduced_rf__seed2028,isd_individual_iso_prediction,ISD,dev,ISD_MarchmontGarden_MarchmontGarden3_MC309_R315,ISD_MarchmontGarden_MarchmontGarden3_MC309,ISOPleasant,0.75,0.34551916512191505,
isd_individual_iso_prediction__isd__tong_style_reduced_rf__seed2028,isd_individual_iso_prediction,ISD,dev,ISD_MarchmontGarden_MarchmontGarden3_MC310_R316,ISD_MarchmontGarden_MarchmontGarden3_MC310,ISOPleasant,-0.4268,0.4035070432003182,
isd_individual_iso_prediction__isd__tong_style_reduced_rf__seed2028,isd_individual_iso_prediction,ISD,dev,ISD_MarchmontGarden_MarchmontGarden3_MC311_R317,ISD_MarchmontGarden_MarchmontGarden3_MC311,ISOPleasant,0.4268,0.4126891160774406,
isd_individual_iso_prediction__isd__tong_style_reduced_rf__seed2028,isd_individual_iso_prediction,ISD,dev,ISD_MarchmontGarden_MarchmontGarden3_MC311_R336,ISD_MarchmontGarden_MarchmontGarden3_MC311,ISOPleasant,-0.1464,0.4126891160774406,
isd_individual_iso_prediction__isd__tong_style_reduced_rf__seed2028,isd_individual_iso_prediction,ISD,dev,ISD_MarchmontGarden_MarchmontGarden3_MC312_R337,ISD_MarchmontGarden_MarchmontGarden3_MC312,ISOPleasant,-0.4268,0.42628480421892895,
isd_individual_iso_prediction__isd__tong_style_reduced_rf__seed2028,isd_individual_iso_prediction,ISD,dev,ISD_MarchmontGarden_MarchmontGarden3_MC316_R320,ISD_MarchmontGarden_MarchmontGarden3_MC316,ISOPleasant,0.6036,0.41545930547138044,
isd_individual_iso_prediction__isd__tong_style_reduced_rf__seed2028,isd_individual_iso_prediction,ISD,dev,ISD_MarchmontGarden_MarchmontGarden3_MC317_R322,ISD_MarchmontGarden_MarchmontGarden3_MC317,ISOPleasant,0.5,0.4184613815416063,
isd_individual_iso_prediction__isd__tong_style_reduced_rf__seed2028,isd_individual_iso_prediction,ISD,dev,ISD_MarchmontGarden_MarchmontGarden3_MC318_R339,ISD_MarchmontGarden_MarchmontGarden3_MC318,ISOPleasant,-0.0429,0.3992220441623192,
isd_individual_iso_prediction__isd__tong_style_reduced_rf__seed2028,isd_individual_iso_prediction,ISD,dev,ISD_MarchmontGarden_MarchmontGarden3_MC318_R340,ISD_MarchmontGarden_MarchmontGarden3_MC318,ISOPleasant,-0.2197,0.4093499935009435,
isd_individual_iso_prediction__isd__tong_style_reduced_rf__seed2028,isd_individual_iso_prediction,ISD,dev,ISD_MarchmontGarden_MarchmontGarden3_MC319_R321,ISD_MarchmontGarden_MarchmontGarden3_MC319,ISOPleasant,0.7803,0.453407447888223,
isd_individual_iso_prediction__isd__tong_style_reduced_rf__seed2028,isd_individual_iso_prediction,ISD,dev,ISD_MarchmontGarden_MarchmontGarden3_MC320_R338,ISD_MarchmontGarden_MarchmontGarden3_MC320,ISOPleasant,0.5607,0.425896278006253,
isd_individual_iso_prediction__isd__tong_style_reduced_rf__seed2028,isd_individual_iso_prediction,ISD,dev,ISD_MarchmontGarden_MarchmontGarden3_MC321_R323,ISD_MarchmontGarden_MarchmontGarden3_MC321,ISOPleasant,0.6768,0.4671744110250859,
isd_individual_iso_prediction__isd__tong_style_reduced_rf__seed2028,isd_individual_iso_prediction,ISD,dev,ISD_MarchmontGarden_MarchmontGarden3_MC323_R341,ISD_MarchmontGarden_MarchmontGarden3_MC323,ISOPleasant,-0.4697,0.48782292828282786,
isd_individual_iso_prediction__isd__tong_style_reduced_rf__seed2028,isd_individual_iso_prediction,ISD,dev,ISD_MarchmontGarden_MarchmontGarden3_MC324_R326,ISD_MarchmontGarden_MarchmontGarden3_MC324,ISOPleasant,0.5303,0.519473517106042,
isd_individual_iso_prediction__isd__tong_style_reduced_rf__seed2028,isd_individual_iso_prediction,ISD,dev,ISD_MarchmontGarden_MarchmontGarden3_MC325_R327,ISD_MarchmontGarden_MarchmontGarden3_MC325,ISOPleasant,0.8536,0.41166939808802316,
isd_individual_iso_prediction__isd__tong_style_reduced_rf__seed2028,isd_individual_iso_prediction,ISD,dev,ISD_MarchmontGarden_MarchmontGarden3_MC328_R329,ISD_MarchmontGarden_MarchmontGarden3_MC328,ISOPleasant,-0.6036,0.3680718243330743,
isd_individual_iso_prediction__isd__tong_style_reduced_rf__seed2028,isd_individual_iso_prediction,ISD,dev,ISD_MarchmontGarden_MarchmontGarden3_MC329_R342,ISD_MarchmontGarden_MarchmontGarden3_MC329,ISOPleasant,-0.6036,0.3849499147371148,
isd_individual_iso_prediction__isd__tong_style_reduced_rf__seed2028,isd_individual_iso_prediction,ISD,dev,ISD_MarchmontGarden_MarchmontGarden3_MC330_R330,ISD_MarchmontGarden_MarchmontGarden3_MC330,ISOPleasant,-0.1036,0.4821119509120509,
isd_individual_iso_prediction__isd__tong_style_reduced_rf__seed2028,isd_individual_iso_prediction,ISD,dev,ISD_MarchmontGarden_MarchmontGarden3_MC331_R331,ISD_MarchmontGarden_MarchmontGarden3_MC331,ISOPleasant,0.5732,0.3766327058080807,
isd_individual_iso_prediction__isd__tong_style_reduced_rf__seed2028,isd_individual_iso_prediction,ISD,dev,ISD_MarchmontGarden_MarchmontGarden3_MC332_R332,ISD_MarchmontGarden_MarchmontGarden3_MC332,ISOPleasant,0.1036,0.43540602997188,
isd_individual_iso_prediction__isd__tong_style_reduced_rf__seed2028,isd_individual_iso_prediction,ISD,dev,ISD_MarchmontGarden_MarchmontGarden3_MC332_R343,ISD_MarchmontGarden_MarchmontGarden3_MC332,ISOPleasant,-0.1768,0.4483534745125242,
isd_individual_iso_prediction__isd__tong_style_reduced_rf__seed2028,isd_individual_iso_prediction,ISD,dev,ISD_MarchmontGarden_MarchmontGarden3_MC333_R344,ISD_MarchmontGarden_MarchmontGarden3_MC333,ISOPleasant,-0.2803,0.38984312748917743,
isd_individual_iso_prediction__isd__tong_style_reduced_rf__seed2028,isd_individual_iso_prediction,ISD,dev,ISD_MarchmontGarden_MarchmontGarden3_MC333_R345,ISD_MarchmontGarden_MarchmontGarden3_MC333,ISOPleasant,-0.3536,0.4101896049043548,
isd_individual_iso_prediction__isd__tong_style_reduced_rf__seed2028,isd_individual_iso_prediction,ISD,dev,ISD_MarchmontGarden_MarchmontGarden3_MC334_R346,ISD_MarchmontGarden_MarchmontGarden3_MC334,ISOPleasant,-0.2803,0.3770325424001922,
isd_individual_iso_prediction__isd__tong_style_reduced_rf__seed2028,isd_individual_iso_prediction,ISD,dev,ISD_MarchmontGarden_MarchmontGarden3_MC335_R333,ISD_MarchmontGarden_MarchmontGarden3_MC335,ISOPleasant,0.75,0.38408370791245794,
isd_individual_iso_prediction__isd__tong_style_reduced_rf__seed2028,isd_individual_iso_prediction,ISD,dev,ISD_MarchmontGarden_MarchmontGarden3_MC336_R334,ISD_MarchmontGarden_MarchmontGarden3_MC336,ISOPleasant,0.5303,0.3948287407768157,
isd_individual_iso_prediction__isd__tong_style_reduced_rf__seed2028,isd_individual_iso_prediction,ISD,dev,ISD_MarchmontGarden_MarchmontGarden3_MC336_R347,ISD_MarchmontGarden_MarchmontGarden3_MC336,ISOPleasant,-0.2071,0.41428068375420873,
isd_individual_iso_prediction__isd__tong_style_reduced_rf__seed2028,isd_individual_iso_prediction,ISD,dev,ISD_MarchmontGarden_MarchmontGarden4_MC401_R348,ISD_MarchmontGarden_MarchmontGarden4_MC401,ISOPleasant,0.5,0.47503624726847204,
isd_individual_iso_prediction__isd__tong_style_reduced_rf__seed2028,isd_individual_iso_prediction,ISD,dev,ISD_MarchmontGarden_MarchmontGarden4_MC402_R349,ISD_MarchmontGarden_MarchmontGarden4_MC402,ISOPleasant,0.7803,0.3656927834896585,
isd_individual_iso_prediction__isd__tong_style_reduced_rf__seed2028,isd_individual_iso_prediction,ISD,dev,ISD_MarchmontGarden_MarchmontGarden4_MC402_R350,ISD_MarchmontGarden_MarchmontGarden4_MC402,ISOPleasant,-0.0303,0.35684654896584905,
isd_individual_iso_prediction__isd__tong_style_reduced_rf__seed2028,isd_individual_iso_prediction,ISD,dev,ISD_MarchmontGarden_MarchmontGarden4_MC404_R352,ISD_MarchmontGarden_MarchmontGarden4_MC404,ISOPleasant,-0.2071,0.3676731141266142,
isd_individual_iso_prediction__isd__tong_style_reduced_rf__seed2028,isd_individual_iso_prediction,ISD,dev,ISD_MarchmontGarden_MarchmontGarden4_MC404_R353,ISD_MarchmontGarden_MarchmontGarden4_MC404,ISOPleasant,0.1768,0.3676731141266142,
isd_individual_iso_prediction__isd__tong_style_reduced_rf__seed2028,isd_individual_iso_prediction,ISD,dev,ISD_MarchmontGarden_MarchmontGarden4_MC404_R418,ISD_MarchmontGarden_MarchmontGarden4_MC404,ISOPleasant,0.25,0.3687140438163689,
isd_individual_iso_prediction__isd__tong_style_reduced_rf__seed2028,isd_individual_iso_prediction,ISD,dev,ISD_MarchmontGarden_MarchmontGarden4_MC404_R419,ISD_MarchmontGarden_MarchmontGarden4_MC404,ISOPleasant,-0.1036,0.3799666837634588,
isd_individual_iso_prediction__isd__tong_style_reduced_rf__seed2028,isd_individual_iso_prediction,ISD,dev,ISD_MarchmontGarden_MarchmontGarden4_MC405_R354,ISD_MarchmontGarden_MarchmontGarden4_MC405,ISOPleasant,0.7071,0.37319009063899067,
isd_individual_iso_prediction__isd__tong_style_reduced_rf__seed2028,isd_individual_iso_prediction,ISD,dev,ISD_MarchmontGarden_MarchmontGarden4_MC406_R355,ISD_MarchmontGarden_MarchmontGarden4_MC406,ISOPleasant,0.6339,0.47174370173622693,
isd_individual_iso_prediction__isd__tong_style_reduced_rf__seed2028,isd_individual_iso_prediction,ISD,dev,ISD_MarchmontGarden_MarchmontGarden4_MC407_R356,ISD_MarchmontGarden_MarchmontGarden4_MC407,ISOPleasant,0.4571,0.40917038536556033,
isd_individual_iso_prediction__isd__tong_style_reduced_rf__seed2028,isd_individual_iso_prediction,ISD,dev,ISD_MarchmontGarden_MarchmontGarden4_MC407_R357,ISD_MarchmontGarden_MarchmontGarden4_MC407,ISOPleasant,0.5,0.42028020632515634,
isd_individual_iso_prediction__isd__tong_style_reduced_rf__seed2028,isd_individual_iso_prediction,ISD,dev,ISD_MarchmontGarden_MarchmontGarden4_MC407_R420,ISD_MarchmontGarden_MarchmontGarden4_MC407,ISOPleasant,0.0732,0.3693292198292448,
isd_individual_iso_prediction__isd__tong_style_reduced_rf__seed2028,isd_individual_iso_prediction,ISD,dev,ISD_MarchmontGarden_MarchmontGarden4_MC409_R358,ISD_MarchmontGarden_MarchmontGarden4_MC409,ISOPleasant,0.4268,0.3567161794196544,
isd_individual_iso_prediction__isd__tong_style_reduced_rf__seed2028,isd_individual_iso_prediction,ISD,dev,ISD_MarchmontGarden_MarchmontGarden4_MC409_R359,ISD_MarchmontGarden_MarchmontGarden4_MC409,ISOPleasant,-0.4571,0.3870039545519294,
isd_individual_iso_prediction__isd__tong_style_reduced_rf__seed2028,isd_individual_iso_prediction,ISD,dev,ISD_MarchmontGarden_MarchmontGarden4_MC410_R360,ISD_MarchmontGarden_MarchmontGarden4_MC410,ISOPleasant,0.3536,0.36029881011303505,
isd_individual_iso_prediction__isd__tong_style_reduced_rf__seed2028,isd_individual_iso_prediction,ISD,dev,ISD_MarchmontGarden_MarchmontGarden4_MC412_R362,ISD_MarchmontGarden_MarchmontGarden4_MC412,ISOPleasant,0.7071,0.4034859539543788,
isd_individual_iso_prediction__isd__tong_style_reduced_rf__seed2028,isd_individual_iso_prediction,ISD,dev,ISD_MarchmontGarden_MarchmontGarden4_MC413_R363,ISD_MarchmontGarden_MarchmontGarden4_MC413,ISOPleasant,0.25,0.37348992917915397,
isd_individual_iso_prediction__isd__tong_style_reduced_rf__seed2028,isd_individual_iso_prediction,ISD,dev,ISD_MarchmontGarden_MarchmontGarden4_MC413_R364,ISD_MarchmontGarden_MarchmontGarden4_MC413,ISOPleasant,-0.25,0.3449658799728048,
isd_individual_iso_prediction__isd__tong_style_reduced_rf__seed2028,isd_individual_iso_prediction,ISD,dev,ISD_MarchmontGarden_MarchmontGarden4_MC414_R365,ISD_MarchmontGarden_MarchmontGarden4_MC414,ISOPleasant,0.4268,0.5320164862739113,
isd_individual_iso_prediction__isd__tong_style_reduced_rf__seed2028,isd_individual_iso_prediction,ISD,dev,ISD_MarchmontGarden_MarchmontGarden4_MC415_R366,ISD_MarchmontGarden_MarchmontGarden4_MC415,ISOPleasant,0.5303,0.39357880579050564,
isd_individual_iso_prediction__isd__tong_style_reduced_rf__seed2028,isd_individual_iso_prediction,ISD,dev,ISD_MarchmontGarden_MarchmontGarden4_MC415_R367,ISD_MarchmontGarden_MarchmontGarden4_MC415,ISOPleasant,0.9268,0.40740984914622397,
isd_individual_iso_prediction__isd__tong_style_reduced_rf__seed2028,isd_individual_iso_prediction,ISD,dev,ISD_MarchmontGarden_MarchmontGarden4_MC416_R368,ISD_MarchmontGarden_MarchmontGarden4_MC416,ISOPleasant,0.6339,0.3860039258537755,
isd_individual_iso_prediction__isd__tong_style_reduced_rf__seed2028,isd_individual_iso_prediction,ISD,dev,ISD_MarchmontGarden_MarchmontGarden4_MC417_R369,ISD_MarchmontGarden_MarchmontGarden4_MC417,ISOPleasant,-0.3107,0.4646781847763348,
isd_individual_iso_prediction__isd__tong_style_reduced_rf__seed2028,isd_individual_iso_prediction,ISD,dev,ISD_MarchmontGarden_MarchmontGarden4_MC417_R416,ISD_MarchmontGarden_MarchmontGarden4_MC417,ISOPleasant,-0.8536,0.45933656562049086,
isd_individual_iso_prediction__isd__tong_style_reduced_rf__seed2028,isd_individual_iso_prediction,ISD,dev,ISD_MarchmontGarden_MarchmontGarden4_MC418_R417,ISD_MarchmontGarden_MarchmontGarden4_MC418,ISOPleasant,0.3536,0.40811586631794106,
isd_individual_iso_prediction__isd__tong_style_reduced_rf__seed2028,isd_individual_iso_prediction,ISD,dev,ISD_PancrasLock_PancrasLock1_PL101_R215,ISD_PancrasLock_PancrasLock1_PL101,ISOPleasant,0.1339,0.4197609558145559,
isd_individual_iso_prediction__isd__tong_style_reduced_rf__seed2028,isd_individual_iso_prediction,ISD,dev,ISD_PancrasLock_PancrasLock1_PL102_R216,ISD_PancrasLock_PancrasLock1_PL102,ISOPleasant,-0.75,0.4948840002460501,
isd_individual_iso_prediction__isd__tong_style_reduced_rf__seed2028,isd_individual_iso_prediction,ISD,dev,ISD_PancrasLock_PancrasLock1_PL102_R242,ISD_PancrasLock_PancrasLock1_PL102,ISOPleasant,0.4268,0.4948840002460501,
isd_individual_iso_prediction__isd__tong_style_reduced_rf__seed2028,isd_individual_iso_prediction,ISD,dev,ISD_PancrasLock_PancrasLock1_PL103_R217,ISD_PancrasLock_PancrasLock1_PL103,ISOPleasant,0.5,0.36896352720057735,
isd_individual_iso_prediction__isd__tong_style_reduced_rf__seed2028,isd_individual_iso_prediction,ISD,dev,ISD_PancrasLock_PancrasLock1_PL103_R239,ISD_PancrasLock_PancrasLock1_PL103,ISOPleasant,0.1768,0.36124600398120404,
isd_individual_iso_prediction__isd__tong_style_reduced_rf__seed2028,isd_individual_iso_prediction,ISD,dev,ISD_PancrasLock_PancrasLock1_PL105_R219,ISD_PancrasLock_PancrasLock1_PL105,ISOPleasant,0.6339,0.4847085298821546,
isd_individual_iso_prediction__isd__tong_style_reduced_rf__seed2028,isd_individual_iso_prediction,ISD,dev,ISD_PancrasLock_PancrasLock1_PL106_R240,ISD_PancrasLock_PancrasLock1_PL106,ISOPleasant,0.3232,0.5098430000240499,
isd_individual_iso_prediction__isd__tong_style_reduced_rf__seed2028,isd_individual_iso_prediction,ISD,dev,ISD_PancrasLock_PancrasLock1_PL107_R220,ISD_PancrasLock_PancrasLock1_PL107,ISOPleasant,0.6339,0.44307524004328985,
isd_individual_iso_prediction__isd__tong_style_reduced_rf__seed2028,isd_individual_iso_prediction,ISD,dev,ISD_PancrasLock_PancrasLock1_PL107_R232,ISD_PancrasLock_PancrasLock1_PL107,ISOPleasant,0.4571,0.42841042348484837,
isd_individual_iso_prediction__isd__tong_style_reduced_rf__seed2028,isd_individual_iso_prediction,ISD,dev,ISD_PancrasLock_PancrasLock1_PL107_R233,ISD_PancrasLock_PancrasLock1_PL107,ISOPleasant,0.0429,0.4042583950937951,
isd_individual_iso_prediction__isd__tong_style_reduced_rf__seed2028,isd_individual_iso_prediction,ISD,dev,ISD_PancrasLock_PancrasLock1_PL107_R234,ISD_PancrasLock_PancrasLock1_PL107,ISOPleasant,0.2803,0.41143211348003844,
isd_individual_iso_prediction__isd__tong_style_reduced_rf__seed2028,isd_individual_iso_prediction,ISD,dev,ISD_PancrasLock_PancrasLock1_PL107_R235,ISD_PancrasLock_PancrasLock1_PL107,ISOPleasant,0.8536,0.41143211348003844,
isd_individual_iso_prediction__isd__tong_style_reduced_rf__seed2028,isd_individual_iso_prediction,ISD,dev,ISD_PancrasLock_PancrasLock1_PL107_R236,ISD_PancrasLock_PancrasLock1_PL107,ISOPleasant,0.2071,0.42589398128908135,
isd_individual_iso_prediction__isd__tong_style_reduced_rf__seed2028,isd_individual_iso_prediction,ISD,dev,ISD_PancrasLock_PancrasLock1_PL107_R237,ISD_PancrasLock_PancrasLock1_PL107,ISOPleasant,0.2803,0.4168071364959115,
isd_individual_iso_prediction__isd__tong_style_reduced_rf__seed2028,isd_individual_iso_prediction,ISD,dev,ISD_PancrasLock_PancrasLock1_PL107_R243,ISD_PancrasLock_PancrasLock1_PL107,ISOPleasant,-0.1161,0.4168071364959115,
isd_individual_iso_prediction__isd__tong_style_reduced_rf__seed2028,isd_individual_iso_prediction,ISD,dev,ISD_PancrasLock_PancrasLock1_PL107_R244,ISD_PancrasLock_PancrasLock1_PL107,ISOPleasant,0.0,0.41355899178691674,
isd_individual_iso_prediction__isd__tong_style_reduced_rf__seed2028,isd_individual_iso_prediction,ISD,dev,ISD_PancrasLock_PancrasLock1_PL107_R246,ISD_PancrasLock_PancrasLock1_PL107,ISOPleasant,0.7071,0.4167575522366524,
isd_individual_iso_prediction__isd__tong_style_reduced_rf__seed2028,isd_individual_iso_prediction,ISD,dev,ISD_PancrasLock_PancrasLock1_PL107_R247,ISD_PancrasLock_PancrasLock1_PL107,ISOPleasant,0.4268,0.4149554149350649,
isd_individual_iso_prediction__isd__tong_style_reduced_rf__seed2028,isd_individual_iso_prediction,ISD,dev,ISD_PancrasLock_PancrasLock1_PL107_R248,ISD_PancrasLock_PancrasLock1_PL107,ISOPleasant,0.1768,0.42841042348484837,
isd_individual_iso_prediction__isd__tong_style_reduced_rf__seed2028,isd_individual_iso_prediction,ISD,dev,ISD_PancrasLock_PancrasLock1_PL107_R249,ISD_PancrasLock_PancrasLock1_PL107,ISOPleasant,0.3536,0.42589398128908135,
isd_individual_iso_prediction__isd__tong_style_reduced_rf__seed2028,isd_individual_iso_prediction,ISD,dev,ISD_PancrasLock_PancrasLock1_PL107_R250,ISD_PancrasLock_PancrasLock1_PL107,ISOPleasant,0.3232,0.41940127361712354,
isd_individual_iso_prediction__isd__tong_style_reduced_rf__seed2028,isd_individual_iso_prediction,ISD,dev,ISD_PancrasLock_PancrasLock1_PL107_R251,ISD_PancrasLock_PancrasLock1_PL107,ISOPleasant,0.1339,0.41143211348003844,
isd_individual_iso_prediction__isd__tong_style_reduced_rf__seed2028,isd_individual_iso_prediction,ISD,dev,ISD_PancrasLock_PancrasLock1_PL107_R252,ISD_PancrasLock_PancrasLock1_PL107,ISOPleasant,0.1768,0.4167575522366524,
isd_individual_iso_prediction__isd__tong_style_reduced_rf__seed2028,isd_individual_iso_prediction,ISD,dev,ISD_PancrasLock_PancrasLock1_PL107_R253,ISD_PancrasLock_PancrasLock1_PL107,ISOPleasant,-0.2803,0.4149058306758058,
isd_individual_iso_prediction__isd__tong_style_reduced_rf__seed2028,isd_individual_iso_prediction,ISD,dev,ISD_PancrasLock_PancrasLock1_PL107_R254,ISD_PancrasLock_PancrasLock1_PL107,ISOPleasant,-0.25,0.4168071364959115,
isd_individual_iso_prediction__isd__tong_style_reduced_rf__seed2028,isd_individual_iso_prediction,ISD,dev,ISD_PancrasLock_PancrasLock1_PL107_R255,ISD_PancrasLock_PancrasLock1_PL107,ISOPleasant,-0.3536,0.4149554149350649,
isd_individual_iso_prediction__isd__tong_style_reduced_rf__seed2028,isd_individual_iso_prediction,ISD,dev,ISD_PancrasLock_PancrasLock1_PL107_R256,ISD_PancrasLock_PancrasLock1_PL107,ISOPleasant,0.2071,0.41143211348003844,
isd_individual_iso_prediction__isd__tong_style_reduced_rf__seed2028,isd_individual_iso_prediction,ISD,dev,ISD_PancrasLock_PancrasLock1_PL107_R257,ISD_PancrasLock_PancrasLock1_PL107,ISOPleasant,-0.4268,0.40490989416786927,
isd_individual_iso_prediction__isd__tong_style_reduced_rf__seed2028,isd_individual_iso_prediction,ISD,dev,ISD_PancrasLock_PancrasLock1_PL107_R258,ISD_PancrasLock_PancrasLock1_PL107,ISOPleasant,0.75,0.41004257172919656,
isd_individual_iso_prediction__isd__tong_style_reduced_rf__seed2028,isd_individual_iso_prediction,ISD,dev,ISD_PancrasLock_PancrasLock1_PL107_R259,ISD_PancrasLock_PancrasLock1_PL107,ISOPleasant,-0.0303,0.41143211348003844,
isd_individual_iso_prediction__isd__tong_style_reduced_rf__seed2028,isd_individual_iso_prediction,ISD,dev,ISD_PancrasLock_PancrasLock1_PL107_R260,ISD_PancrasLock_PancrasLock1_PL107,ISOPleasant,0.0,0.41243185461760473,
isd_individual_iso_prediction__isd__tong_style_reduced_rf__seed2028,isd_individual_iso_prediction,ISD,dev,ISD_PancrasLock_PancrasLock1_PL107_R261,ISD_PancrasLock_PancrasLock1_PL107,ISOPleasant,0.0,0.4098627629509379,
isd_individual_iso_prediction__isd__tong_style_reduced_rf__seed2028,isd_individual_iso_prediction,ISD,dev,ISD_PancrasLock_PancrasLock1_PL108_R221,ISD_PancrasLock_PancrasLock1_PL108,ISOPleasant,-0.5,0.49434863210678204,
isd_individual_iso_prediction__isd__tong_style_reduced_rf__seed2028,isd_individual_iso_prediction,ISD,dev,ISD_PancrasLock_PancrasLock1_PL108_R238,ISD_PancrasLock_PancrasLock1_PL108,ISOPleasant,0.5303,0.4787645937469934,
isd_individual_iso_prediction__isd__tong_style_reduced_rf__seed2028,isd_individual_iso_prediction,ISD,dev,ISD_PancrasLock_PancrasLock1_PL109_R222,ISD_PancrasLock_PancrasLock1_PL109,ISOPleasant,0.0732,0.4876547039682539,
isd_individual_iso_prediction__isd__tong_style_reduced_rf__seed2028,isd_individual_iso_prediction,ISD,dev,ISD_PancrasLock_PancrasLock1_PL112_R224,ISD_PancrasLock_PancrasLock1_PL112,ISOPleasant,0.2071,0.5085391782652533,
isd_individual_iso_prediction__isd__tong_style_reduced_rf__seed2028,isd_individual_iso_prediction,ISD,dev,ISD_PancrasLock_PancrasLock1_PL114_R226,ISD_PancrasLock_PancrasLock1_PL114,ISOPleasant,0.0732,0.3926561826303326,
isd_individual_iso_prediction__isd__tong_style_reduced_rf__seed2028,isd_individual_iso_prediction,ISD,dev,ISD_PancrasLock_PancrasLock1_PL114_R267,ISD_PancrasLock_PancrasLock1_PL114,ISOPleasant,0.5303,0.3976232114191365,
isd_individual_iso_prediction__isd__tong_style_reduced_rf__seed2028,isd_individual_iso_prediction,ISD,dev,ISD_PancrasLock_PancrasLock1_PL116_R228,ISD_PancrasLock_PancrasLock1_PL116,ISOPleasant,-0.1768,0.3823202663179415,
isd_individual_iso_prediction__isd__tong_style_reduced_rf__seed2028,isd_individual_iso_prediction,ISD,dev,ISD_PancrasLock_PancrasLock1_PL116_R263,ISD_PancrasLock_PancrasLock1_PL116,ISOPleasant,-0.25,0.4026033445535946,
isd_individual_iso_prediction__isd__tong_style_reduced_rf__seed2028,isd_individual_iso_prediction,ISD,dev,ISD_PancrasLock_PancrasLock1_PL119_R230,ISD_PancrasLock_PancrasLock1_PL119,ISOPleasant,0.3964,0.44889294001923974,
isd_individual_iso_prediction__isd__tong_style_reduced_rf__seed2028,isd_individual_iso_prediction,ISD,dev,ISD_PancrasLock_PancrasLock1_PL119_R266,ISD_PancrasLock_PancrasLock1_PL119,ISOPleasant,-0.25,0.4602371998075997,
isd_individual_iso_prediction__isd__tong_style_reduced_rf__seed2028,isd_individual_iso_prediction,ISD,dev,ISD_PancrasLock_PancrasLock1_PL120_R231,ISD_PancrasLock_PancrasLock1_PL120,ISOPleasant,-0.0732,0.4666229159331412,
isd_individual_iso_prediction__isd__tong_style_reduced_rf__seed2028,isd_individual_iso_prediction,ISD,dev,ISD_PancrasLock_PancrasLock1_PL120_R262,ISD_PancrasLock_PancrasLock1_PL120,ISOPleasant,0.7071,0.45206754950697414,
isd_individual_iso_prediction__isd__tong_style_reduced_rf__seed2028,isd_individual_iso_prediction,ISD,dev,ISD_PancrasLock_PancrasLock2_PL201_R371,ISD_PancrasLock_PancrasLock2_PL201,ISOPleasant,0.6768,0.46594221201298675,
isd_individual_iso_prediction__isd__tong_style_reduced_rf__seed2028,isd_individual_iso_prediction,ISD,dev,ISD_PancrasLock_PancrasLock2_PL202_R409,ISD_PancrasLock_PancrasLock2_PL202,ISOPleasant,0.3839,0.4524364788840787,
isd_individual_iso_prediction__isd__tong_style_reduced_rf__seed2028,isd_individual_iso_prediction,ISD,dev,ISD_PancrasLock_PancrasLock2_PL203_R372,ISD_PancrasLock_PancrasLock2_PL203,ISOPleasant,-0.3536,0.3893804115412365,
isd_individual_iso_prediction__isd__tong_style_reduced_rf__seed2028,isd_individual_iso_prediction,ISD,dev,ISD_PancrasLock_PancrasLock2_PL203_R373,ISD_PancrasLock_PancrasLock2_PL203,ISOPleasant,-0.2929,0.3808567791097792,
isd_individual_iso_prediction__isd__tong_style_reduced_rf__seed2028,isd_individual_iso_prediction,ISD,dev,ISD_PancrasLock_PancrasLock2_PL205_R411,ISD_PancrasLock_PancrasLock2_PL205,ISOPleasant,-0.1464,0.40867698233525734,
isd_individual_iso_prediction__isd__tong_style_reduced_rf__seed2028,isd_individual_iso_prediction,ISD,dev,ISD_PancrasLock_PancrasLock2_PL206_R413,ISD_PancrasLock_PancrasLock2_PL206,ISOPleasant,0.9268,0.4003430454425205,
isd_individual_iso_prediction__isd__tong_style_reduced_rf__seed2028,isd_individual_iso_prediction,ISD,dev,ISD_PancrasLock_PancrasLock2_PL209_R374,ISD_PancrasLock_PancrasLock2_PL209,ISOPleasant,0.5,0.4016010840076594,
isd_individual_iso_prediction__isd__tong_style_reduced_rf__seed2028,isd_individual_iso_prediction,ISD,dev,ISD_PancrasLock_PancrasLock2_PL209_R414,ISD_PancrasLock_PancrasLock2_PL209,ISOPleasant,0.1768,0.37987954241591737,
isd_individual_iso_prediction__isd__tong_style_reduced_rf__seed2028,isd_individual_iso_prediction,ISD,dev,ISD_PancrasLock_PancrasLock2_PL210_R375,ISD_PancrasLock_PancrasLock2_PL210,ISOPleasant,0.4268,0.40152922977392985,
isd_individual_iso_prediction__isd__tong_style_reduced_rf__seed2028,isd_individual_iso_prediction,ISD,dev,ISD_PancrasLock_PancrasLock2_PL211_R376,ISD_PancrasLock_PancrasLock2_PL211,ISOPleasant,0.5303,0.37593841111111104,
isd_individual_iso_prediction__isd__tong_style_reduced_rf__seed2028,isd_individual_iso_prediction,ISD,dev,ISD_PancrasLock_PancrasLock2_PL211_R397,ISD_PancrasLock_PancrasLock2_PL211,ISOPleasant,0.5732,0.36092584882154877,
isd_individual_iso_prediction__isd__tong_style_reduced_rf__seed2028,isd_individual_iso_prediction,ISD,dev,ISD_PancrasLock_PancrasLock2_PL213_R378,ISD_PancrasLock_PancrasLock2_PL213,ISOPleasant,0.6036,0.37136950597643087,
isd_individual_iso_prediction__isd__tong_style_reduced_rf__seed2028,isd_individual_iso_prediction,ISD,dev,ISD_PancrasLock_PancrasLock2_PL215_R379,ISD_PancrasLock_PancrasLock2_PL215,ISOPleasant,-0.0126,0.3097392676166425,
isd_individual_iso_prediction__isd__tong_style_reduced_rf__seed2028,isd_individual_iso_prediction,ISD,dev,ISD_PancrasLock_PancrasLock2_PL215_R401,ISD_PancrasLock_PancrasLock2_PL215,ISOPleasant,0.0303,0.2989686422198172,
isd_individual_iso_prediction__isd__tong_style_reduced_rf__seed2028,isd_individual_iso_prediction,ISD,dev,ISD_PancrasLock_PancrasLock2_PL216_R380,ISD_PancrasLock_PancrasLock2_PL216,ISOPleasant,-0.25,0.3587970984126984,
isd_individual_iso_prediction__isd__tong_style_reduced_rf__seed2028,isd_individual_iso_prediction,ISD,dev,ISD_PancrasLock_PancrasLock2_PL216_R398,ISD_PancrasLock_PancrasLock2_PL216,ISOPleasant,0.9268,0.34992099790209785,
isd_individual_iso_prediction__isd__tong_style_reduced_rf__seed2028,isd_individual_iso_prediction,ISD,dev,ISD_PancrasLock_PancrasLock2_PL217_R381,ISD_PancrasLock_PancrasLock2_PL217,ISOPleasant,0.3536,0.46217447291412306,
isd_individual_iso_prediction__isd__tong_style_reduced_rf__seed2028,isd_individual_iso_prediction,ISD,dev,ISD_PancrasLock_PancrasLock2_PL217_R402,ISD_PancrasLock_PancrasLock2_PL217,ISOPleasant,0.6464,0.4569388130711881,
isd_individual_iso_prediction__isd__tong_style_reduced_rf__seed2028,isd_individual_iso_prediction,ISD,dev,ISD_PancrasLock_PancrasLock2_PL218_R382,ISD_PancrasLock_PancrasLock2_PL218,ISOPleasant,0.0429,0.4292428623681874,
isd_individual_iso_prediction__isd__tong_style_reduced_rf__seed2028,isd_individual_iso_prediction,ISD,dev,ISD_PancrasLock_PancrasLock2_PL218_R408,ISD_PancrasLock_PancrasLock2_PL218,ISOPleasant,0.6768,0.4228650276640026,
isd_individual_iso_prediction__isd__tong_style_reduced_rf__seed2028,isd_individual_iso_prediction,ISD,dev,ISD_PancrasLock_PancrasLock2_PL219_R383,ISD_PancrasLock_PancrasLock2_PL219,ISOPleasant,0.7197,0.46912513166185676,
isd_individual_iso_prediction__isd__tong_style_reduced_rf__seed2028,isd_individual_iso_prediction,ISD,dev,ISD_PancrasLock_PancrasLock2_PL220_R407,ISD_PancrasLock_PancrasLock2_PL220,ISOPleasant,0.6036,0.48645959176656683,
isd_individual_iso_prediction__isd__tong_style_reduced_rf__seed2028,isd_individual_iso_prediction,ISD,dev,ISD_PancrasLock_PancrasLock2_PL221_R384,ISD_PancrasLock_PancrasLock2_PL221,ISOPleasant,-0.0303,0.45292521396658875,
isd_individual_iso_prediction__isd__tong_style_reduced_rf__seed2028,isd_individual_iso_prediction,ISD,dev,ISD_PancrasLock_PancrasLock2_PL222_R385,ISD_PancrasLock_PancrasLock2_PL222,ISOPleasant,0.25,0.469918061916787,
isd_individual_iso_prediction__isd__tong_style_reduced_rf__seed2028,isd_individual_iso_prediction,ISD,dev,ISD_PancrasLock_PancrasLock2_PL224_R387,ISD_PancrasLock_PancrasLock2_PL224,ISOPleasant,0.1464,0.45818408702408703,
isd_individual_iso_prediction__isd__tong_style_reduced_rf__seed2028,isd_individual_iso_prediction,ISD,dev,ISD_PancrasLock_PancrasLock2_PL227_R389,ISD_PancrasLock_PancrasLock2_PL227,ISOPleasant,0.5303,0.481558848797499,
isd_individual_iso_prediction__isd__tong_style_reduced_rf__seed2028,isd_individual_iso_prediction,ISD,dev,ISD_PancrasLock_PancrasLock2_PL228_R390,ISD_PancrasLock_PancrasLock2_PL228,ISOPleasant,0.6339,0.4422366372534871,
isd_individual_iso_prediction__isd__tong_style_reduced_rf__seed2028,isd_individual_iso_prediction,ISD,dev,ISD_PancrasLock_PancrasLock2_PL230_R392,ISD_PancrasLock_PancrasLock2_PL230,ISOPleasant,-0.5,0.40076671029341027,
isd_individual_iso_prediction__isd__tong_style_reduced_rf__seed2028,isd_individual_iso_prediction,ISD,dev,ISD_PancrasLock_PancrasLock2_PL231_R393,ISD_PancrasLock_PancrasLock2_PL231,ISOPleasant,0.4571,0.45012503063973053,
isd_individual_iso_prediction__isd__tong_style_reduced_rf__seed2028,isd_individual_iso_prediction,ISD,dev,ISD_PancrasLock_PancrasLock2_PL231_R405,ISD_PancrasLock_PancrasLock2_PL231,ISOPleasant,0.5,0.45361017230639733,
isd_individual_iso_prediction__isd__tong_style_reduced_rf__seed2028,isd_individual_iso_prediction,ISD,dev,ISD_PancrasLock_PancrasLock2_PL234_R395,ISD_PancrasLock_PancrasLock2_PL234,ISOPleasant,0.3536,0.3611435450697453,
isd_individual_iso_prediction__isd__tong_style_reduced_rf__seed2028,isd_individual_iso_prediction,ISD,dev,ISD_OlympicSquare_OlympicSquare4_OSQ4026_RZHH01,ISD_OlympicSquare_OlympicSquare4_OSQ4026,ISOPleasant,0.6768,0.15554411901154397,
isd_individual_iso_prediction__isd__tong_style_reduced_rf__seed2028,isd_individual_iso_prediction,ISD,dev,ISD_OlympicSquare_OlympicSquare4_OSQ4027_RZHH02,ISD_OlympicSquare_OlympicSquare4_OSQ4027,ISOPleasant,0.8232,0.2420913812049063,
isd_individual_iso_prediction__isd__tong_style_reduced_rf__seed2028,isd_individual_iso_prediction,ISD,dev,ISD_OlympicSquare_OlympicSquare4_OSQ4028_RZHH03,ISD_OlympicSquare_OlympicSquare4_OSQ4028,ISOPleasant,0.4268,0.26090382779442783,
isd_individual_iso_prediction__isd__tong_style_reduced_rf__seed2028,isd_individual_iso_prediction,ISD,dev,ISD_OlympicSquare_OlympicSquare4_OSQ4029_RZHH04,ISD_OlympicSquare_OlympicSquare4_OSQ4029,ISOPleasant,0.6036,0.1415654362248862,
isd_individual_iso_prediction__isd__tong_style_reduced_rf__seed2028,isd_individual_iso_prediction,ISD,dev,ISD_OlympicSquare_OlympicSquare4_OSQ4030_RZHH05,ISD_OlympicSquare_OlympicSquare4_OSQ4030,ISOPleasant,0.4268,0.209294884006734,
isd_individual_iso_prediction__isd__tong_style_reduced_rf__seed2028,isd_individual_iso_prediction,ISD,dev,ISD_OlympicSquare_OlympicSquare4_OSQ4031_RZHH06,ISD_OlympicSquare_OlympicSquare4_OSQ4031,ISOPleasant,0.0,0.24350729341029337,
isd_individual_iso_prediction__isd__tong_style_reduced_rf__seed2028,isd_individual_iso_prediction,ISD,dev,ISD_OlympicSquare_OlympicSquare4_OSQ4032_RZHH07,ISD_OlympicSquare_OlympicSquare4_OSQ4032,ISOPleasant,0.2197,0.24350729341029337,
isd_individual_iso_prediction__isd__tong_style_reduced_rf__seed2028,isd_individual_iso_prediction,ISD,dev,ISD_OlympicSquare_OlympicSquare4_OSQ4033_RZHH08,ISD_OlympicSquare_OlympicSquare4_OSQ4033,ISOPleasant,0.0429,0.2631783792929294,
isd_individual_iso_prediction__isd__tong_style_reduced_rf__seed2028,isd_individual_iso_prediction,ISD,dev,ISD_OlympicSquare_OlympicSquare4_OSQ4034_RZHH09,ISD_OlympicSquare_OlympicSquare4_OSQ4034,ISOPleasant,0.25,0.2886290062160063,
isd_individual_iso_prediction__isd__tong_style_reduced_rf__seed2028,isd_individual_iso_prediction,ISD,dev,ISD_OlympicSquare_OlympicSquare4_OSQ4035_RZHH10,ISD_OlympicSquare_OlympicSquare4_OSQ4035,ISOPleasant,-0.0429,0.288207422882673,
isd_individual_iso_prediction__isd__tong_style_reduced_rf__seed2028,isd_individual_iso_prediction,ISD,dev,ISD_OlympicSquare_OlympicSquare4_OSQ4036_RZHH11,ISD_OlympicSquare_OlympicSquare4_OSQ4036,ISOPleasant,0.0429,0.2584437145040144,
isd_individual_iso_prediction__isd__tong_style_reduced_rf__seed2028,isd_individual_iso_prediction,ISD,dev,ISD_OlympicSquare_OlympicSquare4_OSQ4037_RZHH12,ISD_OlympicSquare_OlympicSquare4_OSQ4037,ISOPleasant,0.2197,0.2681990615680616,
isd_individual_iso_prediction__isd__tong_style_reduced_rf__seed2028,isd_individual_iso_prediction,ISD,dev,ISD_OlympicSquare_OlympicSquare4_OSQ4038_RZHH13,ISD_OlympicSquare_OlympicSquare4_OSQ4038,ISOPleasant,0.5,0.20083628934583936,
isd_individual_iso_prediction__isd__tong_style_reduced_rf__seed2028,isd_individual_iso_prediction,ISD,dev,ISD_OlympicSquare_OlympicSquare4_OSQ4039_RZZY01,ISD_OlympicSquare_OlympicSquare4_OSQ4039,ISOPleasant,0.6464,0.22454420496633,
isd_individual_iso_prediction__isd__tong_style_reduced_rf__seed2028,isd_individual_iso_prediction,ISD,dev,ISD_OlympicSquare_OlympicSquare4_OSQ4040_RZZY03,ISD_OlympicSquare_OlympicSquare4_OSQ4040,ISOPleasant,0.5303,0.21616721993746998,
isd_individual_iso_prediction__isd__tong_style_reduced_rf__seed2028,isd_individual_iso_prediction,ISD,dev,ISD_OlympicSquare_OlympicSquare4_OSQ4041_RZRN01,ISD_OlympicSquare_OlympicSquare4_OSQ4041,ISOPleasant,0.5,0.12710943779461276,
isd_individual_iso_prediction__isd__tong_style_reduced_rf__seed2028,isd_individual_iso_prediction,ISD,dev,ISD_OlympicSquare_OlympicSquare4_OSQ4042_RZRN02,ISD_OlympicSquare_OlympicSquare4_OSQ4042,ISOPleasant,0.0732,0.3135815547498798,
isd_individual_iso_prediction__isd__tong_style_reduced_rf__seed2028,isd_individual_iso_prediction,ISD,dev,ISD_OlympicSquare_OlympicSquare4_OSQ4043_RZRN03,ISD_OlympicSquare_OlympicSquare4_OSQ4043,ISOPleasant,0.0,0.24350729341029337,
isd_individual_iso_prediction__isd__tong_style_reduced_rf__seed2028,isd_individual_iso_prediction,ISD,dev,ISD_OlympicSquare_OlympicSquare4_OSQ4044_RZRN04,ISD_OlympicSquare_OlympicSquare4_OSQ4044,ISOPleasant,0.2197,0.2044038700216448,
isd_individual_iso_prediction__isd__tong_style_reduced_rf__seed2028,isd_individual_iso_prediction,ISD,dev,ISD_OlympicSquare_OlympicSquare4_OSQ4045_RZRN05,ISD_OlympicSquare_OlympicSquare4_OSQ4045,ISOPleasant,0.25,0.1577174363395863,
isd_individual_iso_prediction__isd__tong_style_reduced_rf__seed2028,isd_individual_iso_prediction,ISD,dev,ISD_OlympicSquare_OlympicSquare4_OSQ4046_RZRN06,ISD_OlympicSquare_OlympicSquare4_OSQ4046,ISOPleasant,0.7803,0.1625817405723905,
isd_individual_iso_prediction__isd__tong_style_reduced_rf__seed2028,isd_individual_iso_prediction,ISD,dev,ISD_OlympicSquare_OlympicSquare4_OSQ4047_RZRN07,ISD_OlympicSquare_OlympicSquare4_OSQ4047,ISOPleasant,0.1036,0.16487503713601218,
isd_individual_iso_prediction__isd__tong_style_reduced_rf__seed2028,isd_individual_iso_prediction,ISD,dev,ISD_OlympicSquare_OlympicSquare4_OSQ4049_RLM02,ISD_OlympicSquare_OlympicSquare4_OSQ4049,ISOPleasant,0.5,0.1582755572917823,
isd_individual_iso_prediction__isd__tong_style_reduced_rf__seed2028,isd_individual_iso_prediction,ISD,dev,ISD_OlympicSquare_OlympicSquare4_OSQ4050_RLM03,ISD_OlympicSquare_OlympicSquare4_OSQ4050,ISOPleasant,-0.1036,0.21690045810485803,
isd_individual_iso_prediction__isd__tong_style_reduced_rf__seed2028,isd_individual_iso_prediction,ISD,dev,ISD_OlympicSquare_OlympicSquare4_OSQ4051_RLM04,ISD_OlympicSquare_OlympicSquare4_OSQ4051,ISOPleasant,0.0303,0.17574091921504426,
isd_individual_iso_prediction__isd__tong_style_reduced_rf__seed2028,isd_individual_iso_prediction,ISD,dev,ISD_OlympicSquare_OlympicSquare4_OSQ4052_RLM05,ISD_OlympicSquare_OlympicSquare4_OSQ4052,ISOPleasant,0.5,0.2351457165464167,
isd_individual_iso_prediction__isd__tong_style_reduced_rf__seed2028,isd_individual_iso_prediction,ISD,dev,ISD_OlympicSquare_OlympicSquare4_OSQ4053_RLM06,ISD_OlympicSquare_OlympicSquare4_OSQ4053,ISOPleasant,0.3536,0.046556742114367104,
isd_individual_iso_prediction__isd__tong_style_reduced_rf__seed2028,isd_individual_iso_prediction,ISD,dev,ISD_OlympicSquare_OlympicSquare4_OSQ4054_RLM07,ISD_OlympicSquare_OlympicSquare4_OSQ4054,ISOPleasant,0.3536,0.37279776156204886,
isd_individual_iso_prediction__isd__tong_style_reduced_rf__seed2028,isd_individual_iso_prediction,ISD,dev,ISD_OlympicSquare_OlympicSquare4_OSQ4056_RLM09,ISD_OlympicSquare_OlympicSquare4_OSQ4056,ISOPleasant,0.3839,0.10853396861749352,
isd_individual_iso_prediction__isd__tong_style_reduced_rf__seed2028,isd_individual_iso_prediction,ISD,dev,ISD_OlympicSquare_OlympicSquare4_OSQ4057_RLM10,ISD_OlympicSquare_OlympicSquare4_OSQ4057,ISOPleasant,0.4268,0.08945338387723378,
isd_individual_iso_prediction__isd__tong_style_reduced_rf__seed2028,isd_individual_iso_prediction,ISD,dev,ISD_OlympicSquare_OlympicSquare4_OSQ4082_RLR01,ISD_OlympicSquare_OlympicSquare4_OSQ4082,ISOPleasant,0.6768,0.26131924158249165,
isd_individual_iso_prediction__isd__tong_style_reduced_rf__seed2028,isd_individual_iso_prediction,ISD,dev,ISD_OlympicSquare_OlympicSquare4_OSQ4084_RLR03,ISD_OlympicSquare_OlympicSquare4_OSQ4084,ISOPleasant,0.3107,0.2356500256734006,
isd_individual_iso_prediction__isd__tong_style_reduced_rf__seed2028,isd_individual_iso_prediction,ISD,dev,ISD_OlympicSquare_OlympicSquare4_OSQ4085_RLR04,ISD_OlympicSquare_OlympicSquare4_OSQ4085,ISOPleasant,0.5,0.12693333737373735,
isd_individual_iso_prediction__isd__tong_style_reduced_rf__seed2028,isd_individual_iso_prediction,ISD,dev,ISD_OlympicSquare_OlympicSquare4_OSQ4086_RLR05,ISD_OlympicSquare_OlympicSquare4_OSQ4086,ISOPleasant,0.4268,0.12173305959595958,
isd_individual_iso_prediction__isd__tong_style_reduced_rf__seed2028,isd_individual_iso_prediction,ISD,dev,ISD_OlympicSquare_OlympicSquare4_OSQ4087_RLR06,ISD_OlympicSquare_OlympicSquare4_OSQ4087,ISOPleasant,0.4268,0.2785488867183741,
isd_individual_iso_prediction__isd__tong_style_reduced_rf__seed2028,isd_individual_iso_prediction,ISD,dev,ISD_OlympicSquare_OlympicSquare4_OSQ4088_RLR07,ISD_OlympicSquare_OlympicSquare4_OSQ4088,ISOPleasant,0.25,0.3330049253727754,
isd_individual_iso_prediction__isd__tong_style_reduced_rf__seed2028,isd_individual_iso_prediction,ISD,dev,ISD_OlympicSquare_OlympicSquare4_OSQ4089_RLR08,ISD_OlympicSquare_OlympicSquare4_OSQ4089,ISOPleasant,0.0303,0.06899375630850625,
isd_individual_iso_prediction__isd__tong_style_reduced_rf__seed2028,isd_individual_iso_prediction,ISD,dev,ISD_OlympicSquare_OlympicSquare4_OSQ4090_RLR09,ISD_OlympicSquare_OlympicSquare4_OSQ4090,ISOPleasant,0.5,0.0726213164048914,
isd_individual_iso_prediction__isd__tong_style_reduced_rf__seed2028,isd_individual_iso_prediction,ISD,dev,ISD_OlympicSquare_OlympicSquare4_OSQ4091_RLR10,ISD_OlympicSquare_OlympicSquare4_OSQ4091,ISOPleasant,0.1036,0.18607771245791252,
isd_individual_iso_prediction__isd__tong_style_reduced_rf__seed2028,isd_individual_iso_prediction,ISD,dev,ISD_OlympicSquare_OlympicSquare4_OSQ4092_RLQ01,ISD_OlympicSquare_OlympicSquare4_OSQ4092,ISOPleasant,0.3536,0.34635278212898213,
isd_individual_iso_prediction__isd__tong_style_reduced_rf__seed2028,isd_individual_iso_prediction,ISD,dev,ISD_OlympicSquare_OlympicSquare4_OSQ4094_RLQ03,ISD_OlympicSquare_OlympicSquare4_OSQ4094,ISOPleasant,0.2197,0.12057330509860503,
isd_individual_iso_prediction__isd__tong_style_reduced_rf__seed2028,isd_individual_iso_prediction,ISD,dev,ISD_OlympicSquare_OlympicSquare4_OSQ4095_RLQ04,ISD_OlympicSquare_OlympicSquare4_OSQ4095,ISOPleasant,0.5,0.19847606784511782,
isd_individual_iso_prediction__isd__tong_style_reduced_rf__seed2028,isd_individual_iso_prediction,ISD,dev,ISD_OlympicSquare_OlympicSquare4_OSQ4096_RLQ05,ISD_OlympicSquare_OlympicSquare4_OSQ4096,ISOPleasant,0.5,0.15906643510979757,
isd_individual_iso_prediction__isd__tong_style_reduced_rf__seed2028,isd_individual_iso_prediction,ISD,dev,ISD_OlympicSquare_OlympicSquare4_OSQ4097_RLQ06,ISD_OlympicSquare_OlympicSquare4_OSQ4097,ISOPleasant,0.6464,0.18977980973100977,
isd_individual_iso_prediction__isd__tong_style_reduced_rf__seed2028,isd_individual_iso_prediction,ISD,dev,ISD_OlympicSquare_OlympicSquare4_OSQ4098_RLQ07,ISD_OlympicSquare_OlympicSquare4_OSQ4098,ISOPleasant,0.0,0.11359745402837883,
isd_individual_iso_prediction__isd__tong_style_reduced_rf__seed2028,isd_individual_iso_prediction,ISD,dev,ISD_OlympicSquare_OlympicSquare4_OSQ4099_RLQ08,ISD_OlympicSquare_OlympicSquare4_OSQ4099,ISOPleasant,0.5,0.18899709405964416,
isd_individual_iso_prediction__isd__tong_style_reduced_rf__seed2028,isd_individual_iso_prediction,ISD,dev,ISD_OlympicSquare_OlympicSquare4_OSQ4100_RLQ09,ISD_OlympicSquare_OlympicSquare4_OSQ4100,ISOPleasant,0.5,0.08199055554723052,
isd_individual_iso_prediction__isd__tong_style_reduced_rf__seed2028,isd_individual_iso_prediction,ISD,dev,ISD_OlympicSquare_OlympicSquare4_OSQ4101_RHYY01,ISD_OlympicSquare_OlympicSquare4_OSQ4101,ISOPleasant,0.25,0.09288754589484584,
isd_individual_iso_prediction__isd__tong_style_reduced_rf__seed2028,isd_individual_iso_prediction,ISD,dev,ISD_OlympicSquare_OlympicSquare4_OSQ4102_RHYY02,ISD_OlympicSquare_OlympicSquare4_OSQ4102,ISOPleasant,0.3232,0.11996441329041317,
isd_individual_iso_prediction__isd__tong_style_reduced_rf__seed2028,isd_individual_iso_prediction,ISD,test,ISD_SanMarco_SanMarco1_AM06_R30,ISD_SanMarco_SanMarco1_AM06,ISOPleasant,0.1768,0.20066891576479076,
isd_individual_iso_prediction__isd__tong_style_reduced_rf__seed2028,isd_individual_iso_prediction,ISD,test,ISD_SanMarco_SanMarco1_AM06_R31,ISD_SanMarco_SanMarco1_AM06,ISOPleasant,0.1768,0.16938562988215486,
isd_individual_iso_prediction__isd__tong_style_reduced_rf__seed2028,isd_individual_iso_prediction,ISD,test,ISD_SanMarco_SanMarco1_AM07_R32,ISD_SanMarco_SanMarco1_AM07,ISOPleasant,0.7071,0.2351871598484849,
isd_individual_iso_prediction__isd__tong_style_reduced_rf__seed2028,isd_individual_iso_prediction,ISD,test,ISD_PlazaBibRambla_PlazaBibRambla1_BIB11_R1457,ISD_PlazaBibRambla_PlazaBibRambla1_BIB11,ISOPleasant,0.2071,0.5315116492091242,
isd_individual_iso_prediction__isd__tong_style_reduced_rf__seed2028,isd_individual_iso_prediction,ISD,test,ISD_PlazaBibRambla_PlazaBibRambla1_BIB14_R1444,ISD_PlazaBibRambla_PlazaBibRambla1_BIB14,ISOPleasant,0.7803,0.514287958872609,
isd_individual_iso_prediction__isd__tong_style_reduced_rf__seed2028,isd_individual_iso_prediction,ISD,test,ISD_PlazaBibRambla_PlazaBibRambla1_BIB5_R1454,ISD_PlazaBibRambla_PlazaBibRambla1_BIB5,ISOPleasant,0.5607,0.5685784626623374,
isd_individual_iso_prediction__isd__tong_style_reduced_rf__seed2028,isd_individual_iso_prediction,ISD,test,ISD_Noorderplantsoen_Noorderplantsoen1_NP142_R1461,ISD_Noorderplantsoen_Noorderplantsoen1_NP142,ISOPleasant,0.3232,0.10631639912217412,
isd_individual_iso_prediction__isd__tong_style_reduced_rf__seed2028,isd_individual_iso_prediction,ISD,test,ISD_Noorderplantsoen_Noorderplantsoen1_NP144_R1462,ISD_Noorderplantsoen_Noorderplantsoen1_NP144,ISOPleasant,0.1036,-0.10606300104617607,
isd_individual_iso_prediction__isd__tong_style_reduced_rf__seed2028,isd_individual_iso_prediction,ISD,test,ISD_Noorderplantsoen_Noorderplantsoen1_NP144_R1463,ISD_Noorderplantsoen_Noorderplantsoen1_NP144,ISOPleasant,0.0732,-0.11735848226310727,
isd_individual_iso_prediction__isd__tong_style_reduced_rf__seed2028,isd_individual_iso_prediction,ISD,test,ISD_Noorderplantsoen_Noorderplantsoen1_NP147_R1464,ISD_Noorderplantsoen_Noorderplantsoen1_NP147,ISOPleasant,0.2803,0.12365152805527811,
isd_individual_iso_prediction__isd__tong_style_reduced_rf__seed2028,isd_individual_iso_prediction,ISD,test,ISD_Noorderplantsoen_Noorderplantsoen1_NP151_R1465,ISD_Noorderplantsoen_Noorderplantsoen1_NP151,ISOPleasant,0.5732,-0.0875871127751878,
isd_individual_iso_prediction__isd__tong_style_reduced_rf__seed2028,isd_individual_iso_prediction,ISD,test,ISD_Noorderplantsoen_Noorderplantsoen1_NP151_R1466,ISD_Noorderplantsoen_Noorderplantsoen1_NP151,ISOPleasant,0.5607,0.17746580194805187,
isd_individual_iso_prediction__isd__tong_style_reduced_rf__seed2028,isd_individual_iso_prediction,ISD,test,ISD_SanMarco_SanMarco1_ML103_R36,ISD_SanMarco_SanMarco1_ML103,ISOPleasant,-0.0429,0.22271440508658016,
isd_individual_iso_prediction__isd__tong_style_reduced_rf__seed2028,isd_individual_iso_prediction,ISD,test,ISD_SanMarco_SanMarco1_ML103_R37,ISD_SanMarco_SanMarco1_ML103,ISOPleasant,0.25,0.22271440508658016,
isd_individual_iso_prediction__isd__tong_style_reduced_rf__seed2028,isd_individual_iso_prediction,ISD,test,ISD_SanMarco_SanMarco1_ML103_R38,ISD_SanMarco_SanMarco1_ML103,ISOPleasant,-0.1464,0.21335246244588751,
isd_individual_iso_prediction__isd__tong_style_reduced_rf__seed2028,isd_individual_iso_prediction,ISD,test,ISD_SanMarco_SanMarco1_ML103_R39,ISD_SanMarco_SanMarco1_ML103,ISOPleasant,0.0,0.21335246244588751,
isd_individual_iso_prediction__isd__tong_style_reduced_rf__seed2028,isd_individual_iso_prediction,ISD,test,ISD_SanMarco_SanMarco1_ML106_R43,ISD_SanMarco_SanMarco1_ML106,ISOPleasant,0.6339,0.21809342971380488,
isd_individual_iso_prediction__isd__tong_style_reduced_rf__seed2028,isd_individual_iso_prediction,ISD,test,ISD_SanMarco_SanMarco1_ML106_R44,ISD_SanMarco_SanMarco1_ML106,ISOPleasant,0.8536,0.21809342971380488,
isd_individual_iso_prediction__isd__tong_style_reduced_rf__seed2028,isd_individual_iso_prediction,ISD,test,ISD_SanMarco_SanMarco1_ML106_R45,ISD_SanMarco_SanMarco1_ML106,ISOPleasant,0.1768,0.2351448892135643,
isd_individual_iso_prediction__isd__tong_style_reduced_rf__seed2028,isd_individual_iso_prediction,ISD,test,ISD_SanMarco_SanMarco1_ML106_R46,ISD_SanMarco_SanMarco1_ML106,ISOPleasant,0.3964,0.21809342971380488,
isd_individual_iso_prediction__isd__tong_style_reduced_rf__seed2028,isd_individual_iso_prediction,ISD,test,ISD_SanMarco_SanMarco1_ML106_R47,ISD_SanMarco_SanMarco1_ML106,ISOPleasant,0.0,0.21809342971380488,
isd_individual_iso_prediction__isd__tong_style_reduced_rf__seed2028,isd_individual_iso_prediction,ISD,test,ISD_SanMarco_SanMarco1_ML112_R53,ISD_SanMarco_SanMarco1_ML112,ISOPleasant,0.3839,0.26592374234006727,
isd_individual_iso_prediction__isd__tong_style_reduced_rf__seed2028,isd_individual_iso_prediction,ISD,test,ISD_SanMarco_SanMarco1_ML112_R54,ISD_SanMarco_SanMarco1_ML112,ISOPleasant,0.4874,0.26592374234006727,
isd_individual_iso_prediction__isd__tong_style_reduced_rf__seed2028,isd_individual_iso_prediction,ISD,test,ISD_SanMarco_SanMarco1_ML112_R55,ISD_SanMarco_SanMarco1_ML112,ISOPleasant,0.0303,0.27058041725589227,
isd_individual_iso_prediction__isd__tong_style_reduced_rf__seed2028,isd_individual_iso_prediction,ISD,test,ISD_SanMarco_SanMarco1_ML132_R60,ISD_SanMarco_SanMarco1_ML132,ISOPleasant,-0.3839,0.25984952955747953,
isd_individual_iso_prediction__isd__tong_style_reduced_rf__seed2028,isd_individual_iso_prediction,ISD,test,ISD_SanMarco_SanMarco1_ML132_R61,ISD_SanMarco_SanMarco1_ML132,ISOPleasant,-0.0732,0.24751054511784507,
isd_individual_iso_prediction__isd__tong_style_reduced_rf__seed2028,isd_individual_iso_prediction,ISD,test,ISD_SanMarco_SanMarco2_ML204_R73,ISD_SanMarco_SanMarco2_ML204,ISOPleasant,0.0732,0.18929732276334782,
isd_individual_iso_prediction__isd__tong_style_reduced_rf__seed2028,isd_individual_iso_prediction,ISD,test,ISD_SanMarco_SanMarco2_ML206_R76,ISD_SanMarco_SanMarco2_ML206,ISOPleasant,0.1036,0.15051774873829865,
isd_individual_iso_prediction__isd__tong_style_reduced_rf__seed2028,isd_individual_iso_prediction,ISD,test,ISD_SanMarco_SanMarco2_ML206_R77,ISD_SanMarco_SanMarco2_ML206,ISOPleasant,0.5732,0.14760364517889515,
isd_individual_iso_prediction__isd__tong_style_reduced_rf__seed2028,isd_individual_iso_prediction,ISD,test,ISD_SanMarco_SanMarco2_ML209_R80,ISD_SanMarco_SanMarco2_ML209,ISOPleasant,0.6768,0.15687447148777156,
isd_individual_iso_prediction__isd__tong_style_reduced_rf__seed2028,isd_individual_iso_prediction,ISD,test,ISD_SanMarco_SanMarco2_ML209_R81,ISD_SanMarco_SanMarco2_ML209,ISOPleasant,0.1339,0.16136757764457768,
isd_individual_iso_prediction__isd__tong_style_reduced_rf__seed2028,isd_individual_iso_prediction,ISD,test,ISD_SanMarco_SanMarco2_ML210_R82,ISD_SanMarco_SanMarco2_ML210,ISOPleasant,0.8536,0.37730756979871993,
isd_individual_iso_prediction__isd__tong_style_reduced_rf__seed2028,isd_individual_iso_prediction,ISD,test,ISD_SanMarco_SanMarco2_ML210_R83,ISD_SanMarco_SanMarco2_ML210,ISOPleasant,0.6339,0.37730756979871993,
isd_individual_iso_prediction__isd__tong_style_reduced_rf__seed2028,isd_individual_iso_prediction,ISD,test,ISD_SanMarco_SanMarco2_ML211_R84,ISD_SanMarco_SanMarco2_ML211,ISOPleasant,0.0,0.23245958090428098,
isd_individual_iso_prediction__isd__tong_style_reduced_rf__seed2028,isd_individual_iso_prediction,ISD,test,ISD_SanMarco_SanMarco2_ML213_R88,ISD_SanMarco_SanMarco2_ML213,ISOPleasant,0.2803,0.19236219427609422,
isd_individual_iso_prediction__isd__tong_style_reduced_rf__seed2028,isd_individual_iso_prediction,ISD,test,ISD_SanMarco_SanMarco3_SM302_R94,ISD_SanMarco_SanMarco3_SM302,ISOPleasant,-0.2071,0.17273342171717174,
isd_individual_iso_prediction__isd__tong_style_reduced_rf__seed2028,isd_individual_iso_prediction,ISD,test,ISD_SanMarco_SanMarco3_SM305_R100,ISD_SanMarco_SanMarco3_SM305,ISOPleasant,-0.2803,0.19208015444925458,
isd_individual_iso_prediction__isd__tong_style_reduced_rf__seed2028,isd_individual_iso_prediction,ISD,test,ISD_SanMarco_SanMarco3_SM305_R101,ISD_SanMarco_SanMarco3_SM305,ISOPleasant,0.0,0.19208015444925458,
isd_individual_iso_prediction__isd__tong_style_reduced_rf__seed2028,isd_individual_iso_prediction,ISD,test,ISD_SanMarco_SanMarco3_SM309_R109,ISD_SanMarco_SanMarco3_SM309,ISOPleasant,0.0303,0.17295207536075038,
isd_individual_iso_prediction__isd__tong_style_reduced_rf__seed2028,isd_individual_iso_prediction,ISD,test,ISD_SanMarco_SanMarco3_SM313_R116,ISD_SanMarco_SanMarco3_SM313,ISOPleasant,0.2803,0.20193723780663794,
isd_individual_iso_prediction__isd__tong_style_reduced_rf__seed2028,isd_individual_iso_prediction,ISD,test,ISD_SanMarco_SanMarco3_SM314_R117,ISD_SanMarco_SanMarco3_SM314,ISOPleasant,0.0303,0.1857519788350539,
isd_individual_iso_prediction__isd__tong_style_reduced_rf__seed2028,isd_individual_iso_prediction,ISD,test,ISD_SanMarco_SanMarco3_SM314_R118,ISD_SanMarco_SanMarco3_SM314,ISOPleasant,0.1893,0.21525901061716068,
isd_individual_iso_prediction__isd__tong_style_reduced_rf__seed2028,isd_individual_iso_prediction,ISD,test,ISD_SanMarco_SanMarco3_SM314_R119,ISD_SanMarco_SanMarco3_SM314,ISOPleasant,0.1339,0.21525901061716068,
isd_individual_iso_prediction__isd__tong_style_reduced_rf__seed2028,isd_individual_iso_prediction,ISD,test,ISD_SanMarco_SanMarco3_SM314_R120,ISD_SanMarco_SanMarco3_SM314,ISOPleasant,0.5607,0.1857519788350539,
isd_individual_iso_prediction__isd__tong_style_reduced_rf__seed2028,isd_individual_iso_prediction,ISD,test,ISD_SanMarco_SanMarco3_SM314_R121,ISD_SanMarco_SanMarco3_SM314,ISOPleasant,0.5,0.21525901061716068,
isd_individual_iso_prediction__isd__tong_style_reduced_rf__seed2028,isd_individual_iso_prediction,ISD,test,ISD_MiradorSanNicolas_MiradorSanNicolas1_M11_R10201,ISD_MiradorSanNicolas_MiradorSanNicolas1_M11,ISOPleasant,0.7071,0.515121433898509,
isd_individual_iso_prediction__isd__tong_style_reduced_rf__seed2028,isd_individual_iso_prediction,ISD,test,ISD_MiradorSanNicolas_MiradorSanNicolas1_M110_R10208,ISD_MiradorSanNicolas_MiradorSanNicolas1_M110,ISOPleasant,0.6339,-0.10119749211159214,
isd_individual_iso_prediction__isd__tong_style_reduced_rf__seed2028,isd_individual_iso_prediction,ISD,test,ISD_MiradorSanNicolas_MiradorSanNicolas1_M110_R10209,ISD_MiradorSanNicolas_MiradorSanNicolas1_M110,ISOPleasant,0.0732,-0.0932607485930736,
isd_individual_iso_prediction__isd__tong_style_reduced_rf__seed2028,isd_individual_iso_prediction,ISD,test,ISD_MiradorSanNicolas_MiradorSanNicolas1_M111_R10210,ISD_MiradorSanNicolas_MiradorSanNicolas1_M111,ISOPleasant,0.6339,0.3194251380304879,
isd_individual_iso_prediction__isd__tong_style_reduced_rf__seed2028,isd_individual_iso_prediction,ISD,test,ISD_MiradorSanNicolas_MiradorSanNicolas1_M111_R10211,ISD_MiradorSanNicolas_MiradorSanNicolas1_M111,ISOPleasant,0.6339,0.31152551431993936,
isd_individual_iso_prediction__isd__tong_style_reduced_rf__seed2028,isd_individual_iso_prediction,ISD,test,ISD_MiradorSanNicolas_MiradorSanNicolas1_M113_R10212,ISD_MiradorSanNicolas_MiradorSanNicolas1_M113,ISOPleasant,0.1161,0.5129030905002407,
isd_individual_iso_prediction__isd__tong_style_reduced_rf__seed2028,isd_individual_iso_prediction,ISD,test,ISD_MiradorSanNicolas_MiradorSanNicolas1_M113_R10214,ISD_MiradorSanNicolas_MiradorSanNicolas1_M113,ISOPleasant,0.0732,0.37658481705239205,
isd_individual_iso_prediction__isd__tong_style_reduced_rf__seed2028,isd_individual_iso_prediction,ISD,test,ISD_MiradorSanNicolas_MiradorSanNicolas1_M113_R10215,ISD_MiradorSanNicolas_MiradorSanNicolas1_M113,ISOPleasant,0.7803,0.5333773855579607,
isd_individual_iso_prediction__isd__tong_style_reduced_rf__seed2028,isd_individual_iso_prediction,ISD,test,ISD_MiradorSanNicolas_MiradorSanNicolas1_M12_R10202,ISD_MiradorSanNicolas_MiradorSanNicolas1_M12,ISOPleasant,-0.0126,0.451859636671662,
isd_individual_iso_prediction__isd__tong_style_reduced_rf__seed2028,isd_individual_iso_prediction,ISD,test,ISD_MiradorSanNicolas_MiradorSanNicolas1_M13_R10203,ISD_MiradorSanNicolas_MiradorSanNicolas1_M13,ISOPleasant,0.5607,-0.031434419955044965,
isd_individual_iso_prediction__isd__tong_style_reduced_rf__seed2028,isd_individual_iso_prediction,ISD,test,ISD_MiradorSanNicolas_MiradorSanNicolas1_M16_R10204,ISD_MiradorSanNicolas_MiradorSanNicolas1_M16,ISOPleasant,0.0732,0.4922302017741518,
isd_individual_iso_prediction__isd__tong_style_reduced_rf__seed2028,isd_individual_iso_prediction,ISD,test,ISD_MiradorSanNicolas_MiradorSanNicolas1_M17_R10200,ISD_MiradorSanNicolas_MiradorSanNicolas1_M17,ISOPleasant,0.5607,0.468894215915566,
isd_individual_iso_prediction__isd__tong_style_reduced_rf__seed2028,isd_individual_iso_prediction,ISD,test,ISD_MiradorSanNicolas_MiradorSanNicolas1_M17_R10206,ISD_MiradorSanNicolas_MiradorSanNicolas1_M17,ISOPleasant,0.6339,0.43896385581733094,
isd_individual_iso_prediction__isd__tong_style_reduced_rf__seed2028,isd_individual_iso_prediction,ISD,test,ISD_MiradorSanNicolas_MiradorSanNicolas1_M21_R10233,ISD_MiradorSanNicolas_MiradorSanNicolas1_M21,ISOPleasant,-0.2803,0.380690792157842,
isd_individual_iso_prediction__isd__tong_style_reduced_rf__seed2028,isd_individual_iso_prediction,ISD,test,ISD_MiradorSanNicolas_MiradorSanNicolas1_M21_R10234,ISD_MiradorSanNicolas_MiradorSanNicolas1_M21,ISOPleasant,0.0732,0.4523830025687275,
isd_individual_iso_prediction__isd__tong_style_reduced_rf__seed2028,isd_individual_iso_prediction,ISD,test,ISD_MiradorSanNicolas_MiradorSanNicolas1_M210_R10232,ISD_MiradorSanNicolas_MiradorSanNicolas1_M210,ISOPleasant,0.5607,-0.08492386653439153,
isd_individual_iso_prediction__isd__tong_style_reduced_rf__seed2028,isd_individual_iso_prediction,ISD,test,ISD_MiradorSanNicolas_MiradorSanNicolas1_M22_R10217,ISD_MiradorSanNicolas_MiradorSanNicolas1_M22,ISOPleasant,0.1768,0.13250025248362743,
isd_individual_iso_prediction__isd__tong_style_reduced_rf__seed2028,isd_individual_iso_prediction,ISD,test,ISD_MiradorSanNicolas_MiradorSanNicolas1_M22_R10218,ISD_MiradorSanNicolas_MiradorSanNicolas1_M22,ISOPleasant,0.7803,0.12849907898767893,
isd_individual_iso_prediction__isd__tong_style_reduced_rf__seed2028,isd_individual_iso_prediction,ISD,test,ISD_MiradorSanNicolas_MiradorSanNicolas1_M23_R10219,ISD_MiradorSanNicolas_MiradorSanNicolas1_M23,ISOPleasant,0.3839,0.5187943845228847,
isd_individual_iso_prediction__isd__tong_style_reduced_rf__seed2028,isd_individual_iso_prediction,ISD,test,ISD_MiradorSanNicolas_MiradorSanNicolas1_M23_R10220,ISD_MiradorSanNicolas_MiradorSanNicolas1_M23,ISOPleasant,0.1464,0.4803299399753027,
isd_individual_iso_prediction__isd__tong_style_reduced_rf__seed2028,isd_individual_iso_prediction,ISD,test,ISD_MiradorSanNicolas_MiradorSanNicolas1_M24_R10227,ISD_MiradorSanNicolas_MiradorSanNicolas1_M24,ISOPleasant,0.3107,-0.09072886005291002,
isd_individual_iso_prediction__isd__tong_style_reduced_rf__seed2028,isd_individual_iso_prediction,ISD,test,ISD_MiradorSanNicolas_MiradorSanNicolas1_M26_R10222,ISD_MiradorSanNicolas_MiradorSanNicolas1_M26,ISOPleasant,0.2803,0.46109337952787977,
isd_individual_iso_prediction__isd__tong_style_reduced_rf__seed2028,isd_individual_iso_prediction,ISD,test,ISD_MiradorSanNicolas_MiradorSanNicolas1_M28_R10224,ISD_MiradorSanNicolas_MiradorSanNicolas1_M28,ISOPleasant,0.6339,0.4200488515697267,
isd_individual_iso_prediction__isd__tong_style_reduced_rf__seed2028,isd_individual_iso_prediction,ISD,test,ISD_MiradorSanNicolas_MiradorSanNicolas1_M28_R10225,ISD_MiradorSanNicolas_MiradorSanNicolas1_M28,ISOPleasant,0.4874,0.41043300342157857,
isd_individual_iso_prediction__isd__tong_style_reduced_rf__seed2028,isd_individual_iso_prediction,ISD,test,ISD_MiradorSanNicolas_MiradorSanNicolas1_M29_R10228,ISD_MiradorSanNicolas_MiradorSanNicolas1_M29,ISOPleasant,0.4571,0.28773990684593176,
isd_individual_iso_prediction__isd__tong_style_reduced_rf__seed2028,isd_individual_iso_prediction,ISD,test,ISD_MiradorSanNicolas_MiradorSanNicolas1_M29_R10229,ISD_MiradorSanNicolas_MiradorSanNicolas1_M29,ISOPleasant,0.7803,0.3349404416990417,
isd_individual_iso_prediction__isd__tong_style_reduced_rf__seed2028,isd_individual_iso_prediction,ISD,test,ISD_MiradorSanNicolas_MiradorSanNicolas1_M29_R10231,ISD_MiradorSanNicolas_MiradorSanNicolas1_M29,ISOPleasant,0.1339,0.48859016658526694,
isd_individual_iso_prediction__isd__tong_style_reduced_rf__seed2028,isd_individual_iso_prediction,ISD,test,ISD_PlazaBibRambla_PlazaBibRambla1_BIB1_R10239,ISD_PlazaBibRambla_PlazaBibRambla1_BIB1,ISOPleasant,0.7071,0.5741830594377841,
isd_individual_iso_prediction__isd__tong_style_reduced_rf__seed2028,isd_individual_iso_prediction,ISD,test,ISD_PlazaBibRambla_PlazaBibRambla1_BIB10_R10252,ISD_PlazaBibRambla_PlazaBibRambla1_BIB10,ISOPleasant,-0.4571,0.5229168608414732,
isd_individual_iso_prediction__isd__tong_style_reduced_rf__seed2028,isd_individual_iso_prediction,ISD,test,ISD_PlazaBibRambla_PlazaBibRambla1_BIB10_R10255,ISD_PlazaBibRambla_PlazaBibRambla1_BIB10,ISOPleasant,0.7071,0.6155599934546935,
isd_individual_iso_prediction__isd__tong_style_reduced_rf__seed2028,isd_individual_iso_prediction,ISD,test,ISD_PlazaBibRambla_PlazaBibRambla1_BIB12_R10237,ISD_PlazaBibRambla_PlazaBibRambla1_BIB12,ISOPleasant,0.2071,0.418083332190957,
isd_individual_iso_prediction__isd__tong_style_reduced_rf__seed2028,isd_individual_iso_prediction,ISD,test,ISD_PlazaBibRambla_PlazaBibRambla1_BIB13_R10253,ISD_PlazaBibRambla_PlazaBibRambla1_BIB13,ISOPleasant,0.4874,0.4232365305925558,
isd_individual_iso_prediction__isd__tong_style_reduced_rf__seed2028,isd_individual_iso_prediction,ISD,test,ISD_PlazaBibRambla_PlazaBibRambla1_BIB13_R10254,ISD_PlazaBibRambla_PlazaBibRambla1_BIB13,ISOPleasant,0.6036,0.4599688837791836,
isd_individual_iso_prediction__isd__tong_style_reduced_rf__seed2028,isd_individual_iso_prediction,ISD,test,ISD_PlazaBibRambla_PlazaBibRambla1_BIB15_R10236,ISD_PlazaBibRambla_PlazaBibRambla1_BIB15,ISOPleasant,0.7803,0.6534616213980463,
isd_individual_iso_prediction__isd__tong_style_reduced_rf__seed2028,isd_individual_iso_prediction,ISD,test,ISD_PlazaBibRambla_PlazaBibRambla1_BIB16_R10235,ISD_PlazaBibRambla_PlazaBibRambla1_BIB16,ISOPleasant,0.9268,0.4559521675805675,
isd_individual_iso_prediction__isd__tong_style_reduced_rf__seed2028,isd_individual_iso_prediction,ISD,test,ISD_PlazaBibRambla_PlazaBibRambla1_BIB3_R10251,ISD_PlazaBibRambla_PlazaBibRambla1_BIB3,ISOPleasant,0.6768,0.46517844956108717,
isd_individual_iso_prediction__isd__tong_style_reduced_rf__seed2028,isd_individual_iso_prediction,ISD,test,ISD_PlazaBibRambla_PlazaBibRambla1_BIB4_R10243,ISD_PlazaBibRambla_PlazaBibRambla1_BIB4,ISOPleasant,0.4142,0.6808163390692641,
isd_individual_iso_prediction__isd__tong_style_reduced_rf__seed2028,isd_individual_iso_prediction,ISD,test,ISD_PlazaBibRambla_PlazaBibRambla1_BIB4_R10244,ISD_PlazaBibRambla_PlazaBibRambla1_BIB4,ISOPleasant,0.4874,0.4396142404995333,
isd_individual_iso_prediction__isd__tong_style_reduced_rf__seed2028,isd_individual_iso_prediction,ISD,test,ISD_PlazaBibRambla_PlazaBibRambla1_BIB6_R10246,ISD_PlazaBibRambla_PlazaBibRambla1_BIB6,ISOPleasant,0.0,0.48913344351435595,
isd_individual_iso_prediction__isd__tong_style_reduced_rf__seed2028,isd_individual_iso_prediction,ISD,test,ISD_PlazaBibRambla_PlazaBibRambla1_BIB6_R10247,ISD_PlazaBibRambla_PlazaBibRambla1_BIB6,ISOPleasant,0.0732,0.4233698389245014,
isd_individual_iso_prediction__isd__tong_style_reduced_rf__seed2028,isd_individual_iso_prediction,ISD,test,ISD_PlazaBibRambla_PlazaBibRambla1_BIB9_R10258,ISD_PlazaBibRambla_PlazaBibRambla1_BIB9,ISOPleasant,0.6036,0.5840212154549155,
isd_individual_iso_prediction__isd__tong_style_reduced_rf__seed2028,isd_individual_iso_prediction,ISD,test,ISD_SanMarco_SanMarco1_AM02_R17,ISD_SanMarco_SanMarco1_AM02,ISOPleasant,0.4268,0.2069896092712843,
isd_individual_iso_prediction__isd__tong_style_reduced_rf__seed2028,isd_individual_iso_prediction,ISD,test,ISD_SanMarco_SanMarco1_AM02_R18,ISD_SanMarco_SanMarco1_AM02,ISOPleasant,0.4268,0.2069896092712843,
isd_individual_iso_prediction__isd__tong_style_reduced_rf__seed2028,isd_individual_iso_prediction,ISD,test,ISD_SanMarco_SanMarco1_ML101_R22,ISD_SanMarco_SanMarco1_ML101,ISOPleasant,0.1036,0.13375921364838864,
isd_individual_iso_prediction__isd__tong_style_reduced_rf__seed2028,isd_individual_iso_prediction,ISD,test,ISD_SanMarco_SanMarco1_ML101_R23,ISD_SanMarco_SanMarco1_ML101,ISOPleasant,0.0732,0.1677133447691198,
isd_individual_iso_prediction__isd__tong_style_reduced_rf__seed2028,isd_individual_iso_prediction,ISD,test,ISD_SanMarco_SanMarco1_ML104_R24,ISD_SanMarco_SanMarco1_ML104,ISOPleasant,0.2071,0.18188448591871087,
isd_individual_iso_prediction__isd__tong_style_reduced_rf__seed2028,isd_individual_iso_prediction,ISD,test,ISD_SanMarco_SanMarco1_ML104_R25,ISD_SanMarco_SanMarco1_ML104,ISOPleasant,0.4268,0.15371822943722935,
isd_individual_iso_prediction__isd__tong_style_reduced_rf__seed2028,isd_individual_iso_prediction,ISD,test,ISD_SanMarco_SanMarco1_ML105_R26,ISD_SanMarco_SanMarco1_ML105,ISOPleasant,0.5607,0.22729391506734012,
isd_individual_iso_prediction__isd__tong_style_reduced_rf__seed2028,isd_individual_iso_prediction,ISD,test,ISD_SanMarco_SanMarco1_ML111_R27,ISD_SanMarco_SanMarco1_ML111,ISOPleasant,0.3839,0.16854811611536608,
isd_individual_iso_prediction__isd__tong_style_reduced_rf__seed2028,isd_individual_iso_prediction,ISD,test,ISD_SanMarco_SanMarco1_ML111_R28,ISD_SanMarco_SanMarco1_ML111,ISOPleasant,0.6036,0.20754241454008954,
isd_individual_iso_prediction__isd__tong_style_reduced_rf__seed2028,isd_individual_iso_prediction,ISD,test,ISD_SanMarco_SanMarco1_ML111_R29,ISD_SanMarco_SanMarco1_ML111,ISOPleasant,0.6339,0.16854811611536608,
isd_individual_iso_prediction__isd__tong_style_reduced_rf__seed2028,isd_individual_iso_prediction,ISD,test,ISD_SanMarco_SanMarco1_ML111_R30,ISD_SanMarco_SanMarco1_ML111,ISOPleasant,0.6036,0.20754241454008954,
isd_individual_iso_prediction__isd__tong_style_reduced_rf__seed2028,isd_individual_iso_prediction,ISD,test,ISD_SanMarco_SanMarco1_ML130_R31,ISD_SanMarco_SanMarco1_ML130,ISOPleasant,0.5303,0.21014152573352576,
isd_individual_iso_prediction__isd__tong_style_reduced_rf__seed2028,isd_individual_iso_prediction,ISD,test,ISD_SanMarco_SanMarco1_ML130_R32,ISD_SanMarco_SanMarco1_ML130,ISOPleasant,-0.25,0.1893233035473787,
isd_individual_iso_prediction__isd__tong_style_reduced_rf__seed2028,isd_individual_iso_prediction,ISD,test,ISD_SanMarco_SanMarco1_ML131_R33,ISD_SanMarco_SanMarco1_ML131,ISOPleasant,-0.0732,0.2079969014670515,
isd_individual_iso_prediction__isd__tong_style_reduced_rf__seed2028,isd_individual_iso_prediction,ISD,test,ISD_SanMarco_SanMarco1_ML131_R34,ISD_SanMarco_SanMarco1_ML131,ISOPleasant,0.3232,0.2079969014670515,
isd_individual_iso_prediction__isd__tong_style_reduced_rf__seed2028,isd_individual_iso_prediction,ISD,test,ISD_SanMarco_SanMarco1_ML133_R35,ISD_SanMarco_SanMarco1_ML133,ISOPleasant,-0.3232,0.2140913614838866,
isd_individual_iso_prediction__isd__tong_style_reduced_rf__seed2028,isd_individual_iso_prediction,ISD,test,ISD_SanMarco_SanMarco1_ML133_R36,ISD_SanMarco_SanMarco1_ML133,ISOPleasant,0.2803,0.2140913614838866,
isd_individual_iso_prediction__isd__tong_style_reduced_rf__seed2028,isd_individual_iso_prediction,ISD,test,ISD_SanMarco_SanMarco1_ML133_R37,ISD_SanMarco_SanMarco1_ML133,ISOPleasant,-0.1036,0.19864161390091398,
isd_individual_iso_prediction__isd__tong_style_reduced_rf__seed2028,isd_individual_iso_prediction,ISD,test,ISD_SanMarco_SanMarco1_ML133_R38,ISD_SanMarco_SanMarco1_ML133,ISOPleasant,0.1768,0.2140913614838866,
isd_individual_iso_prediction__isd__tong_style_reduced_rf__seed2028,isd_individual_iso_prediction,ISD,test,ISD_SanMarco_SanMarco2_ML202_R39,ISD_SanMarco_SanMarco2_ML202,ISOPleasant,-0.1036,0.19438900519480518,
isd_individual_iso_prediction__isd__tong_style_reduced_rf__seed2028,isd_individual_iso_prediction,ISD,test,ISD_SanMarco_SanMarco2_ML202_R40,ISD_SanMarco_SanMarco2_ML202,ISOPleasant,0.5732,0.19438900519480518,
isd_individual_iso_prediction__isd__tong_style_reduced_rf__seed2028,isd_individual_iso_prediction,ISD,test,ISD_SanMarco_SanMarco2_ML202_R41,ISD_SanMarco_SanMarco2_ML202,ISOPleasant,0.1036,0.17376968558201053,
isd_individual_iso_prediction__isd__tong_style_reduced_rf__seed2028,isd_individual_iso_prediction,ISD,test,ISD_SanMarco_SanMarco2_ML203_R42,ISD_SanMarco_SanMarco2_ML203,ISOPleasant,0.0732,0.2525927107984606,
isd_individual_iso_prediction__isd__tong_style_reduced_rf__seed2028,isd_individual_iso_prediction,ISD,test,ISD_SanMarco_SanMarco2_ML205_R43,ISD_SanMarco_SanMarco2_ML205,ISOPleasant,0.4874,0.13914436391478882,
isd_individual_iso_prediction__isd__tong_style_reduced_rf__seed2028,isd_individual_iso_prediction,ISD,test,ISD_SanMarco_SanMarco2_ML205_R44,ISD_SanMarco_SanMarco2_ML205,ISOPleasant,0.4571,0.1384378626882376,
isd_individual_iso_prediction__isd__tong_style_reduced_rf__seed2028,isd_individual_iso_prediction,ISD,test,ISD_SanMarco_SanMarco2_ML208_R45,ISD_SanMarco_SanMarco2_ML208,ISOPleasant,0.1161,0.29976821138768656,
isd_individual_iso_prediction__isd__tong_style_reduced_rf__seed2028,isd_individual_iso_prediction,ISD,test,ISD_SanMarco_SanMarco2_ML208_R46,ISD_SanMarco_SanMarco2_ML208,ISOPleasant,0.5,0.29976821138768656,
isd_individual_iso_prediction__isd__tong_style_reduced_rf__seed2028,isd_individual_iso_prediction,ISD,test,ISD_SanMarco_SanMarco2_ML212_R47,ISD_SanMarco_SanMarco2_ML212,ISOPleasant,-0.1464,0.22761172689995188,
isd_individual_iso_prediction__isd__tong_style_reduced_rf__seed2028,isd_individual_iso_prediction,ISD,test,ISD_SanMarco_SanMarco2_ML212_R48,ISD_SanMarco_SanMarco2_ML212,ISOPleasant,0.2071,0.247153645069745,
isd_individual_iso_prediction__isd__tong_style_reduced_rf__seed2028,isd_individual_iso_prediction,ISD,test,ISD_SanMarco_SanMarco2_ML214_R49,ISD_SanMarco_SanMarco2_ML214,ISOPleasant,0.3536,0.22567531986532002,
isd_individual_iso_prediction__isd__tong_style_reduced_rf__seed2028,isd_individual_iso_prediction,ISD,test,ISD_SanMarco_SanMarco2_ML214_R50,ISD_SanMarco_SanMarco2_ML214,ISOPleasant,0.5732,0.22567531986532002,
isd_individual_iso_prediction__isd__tong_style_reduced_rf__seed2028,isd_individual_iso_prediction,ISD,test,ISD_SanMarco_SanMarco2_ML214_R51,ISD_SanMarco_SanMarco2_ML214,ISOPleasant,0.4571,0.22567531986532002,
isd_individual_iso_prediction__isd__tong_style_reduced_rf__seed2028,isd_individual_iso_prediction,ISD,test,ISD_SanMarco_SanMarco3_SM301_R52,ISD_SanMarco_SanMarco3_SM301,ISOPleasant,-0.2197,0.19725071755651757,
isd_individual_iso_prediction__isd__tong_style_reduced_rf__seed2028,isd_individual_iso_prediction,ISD,test,ISD_SanMarco_SanMarco3_SM301_R53,ISD_SanMarco_SanMarco3_SM301,ISOPleasant,0.25,0.22307813809523816,
isd_individual_iso_prediction__isd__tong_style_reduced_rf__seed2028,isd_individual_iso_prediction,ISD,test,ISD_SanMarco_SanMarco3_SM303_R54,ISD_SanMarco_SanMarco3_SM303,ISOPleasant,-0.4268,0.21239094100621614,
isd_individual_iso_prediction__isd__tong_style_reduced_rf__seed2028,isd_individual_iso_prediction,ISD,test,ISD_SanMarco_SanMarco3_SM303_R55,ISD_SanMarco_SanMarco3_SM303,ISOPleasant,0.2071,0.21239094100621614,
isd_individual_iso_prediction__isd__tong_style_reduced_rf__seed2028,isd_individual_iso_prediction,ISD,test,ISD_SanMarco_SanMarco3_SM303_R56,ISD_SanMarco_SanMarco3_SM303,ISOPleasant,0.0303,0.21239094100621614,
isd_individual_iso_prediction__isd__tong_style_reduced_rf__seed2028,isd_individual_iso_prediction,ISD,test,ISD_SanMarco_SanMarco3_SM304_R57,ISD_SanMarco_SanMarco3_SM304,ISOPleasant,0.2071,0.12877597738095234,
isd_individual_iso_prediction__isd__tong_style_reduced_rf__seed2028,isd_individual_iso_prediction,ISD,test,ISD_SanMarco_SanMarco3_SM304_R58,ISD_SanMarco_SanMarco3_SM304,ISOPleasant,0.0303,0.1663901827080327,
isd_individual_iso_prediction__isd__tong_style_reduced_rf__seed2028,isd_individual_iso_prediction,ISD,test,ISD_SanMarco_SanMarco3_SM306_R59,ISD_SanMarco_SanMarco3_SM306,ISOPleasant,-0.0732,0.15017126634199138,
isd_individual_iso_prediction__isd__tong_style_reduced_rf__seed2028,isd_individual_iso_prediction,ISD,test,ISD_SanMarco_SanMarco3_SM306_R60,ISD_SanMarco_SanMarco3_SM306,ISOPleasant,0.1036,0.1912794844877346,
isd_individual_iso_prediction__isd__tong_style_reduced_rf__seed2028,isd_individual_iso_prediction,ISD,test,ISD_SanMarco_SanMarco3_SM307_R61,ISD_SanMarco_SanMarco3_SM307,ISOPleasant,0.2803,0.1956413045574796,
isd_individual_iso_prediction__isd__tong_style_reduced_rf__seed2028,isd_individual_iso_prediction,ISD,test,ISD_SanMarco_SanMarco3_SM308_R63,ISD_SanMarco_SanMarco3_SM308,ISOPleasant,0.3839,0.20770401803751806,
isd_individual_iso_prediction__isd__tong_style_reduced_rf__seed2028,isd_individual_iso_prediction,ISD,test,ISD_SanMarco_SanMarco3_SM308_R64,ISD_SanMarco_SanMarco3_SM308,ISOPleasant,-0.0303,0.20770401803751806,
isd_individual_iso_prediction__isd__tong_style_reduced_rf__seed2028,isd_individual_iso_prediction,ISD,test,ISD_SanMarco_SanMarco3_SM308_R65,ISD_SanMarco_SanMarco3_SM308,ISOPleasant,-0.1464,0.20770401803751806,
isd_individual_iso_prediction__isd__tong_style_reduced_rf__seed2028,isd_individual_iso_prediction,ISD,test,ISD_SanMarco_SanMarco3_SM309_R66,ISD_SanMarco_SanMarco3_SM309,ISOPleasant,-0.1339,0.14075200560365556,
isd_individual_iso_prediction__isd__tong_style_reduced_rf__seed2028,isd_individual_iso_prediction,ISD,test,ISD_SanMarco_SanMarco3_SM310_R67,ISD_SanMarco_SanMarco3_SM310,ISOPleasant,-0.3536,0.20520945432900436,
isd_individual_iso_prediction__isd__tong_style_reduced_rf__seed2028,isd_individual_iso_prediction,ISD,test,ISD_SanMarco_SanMarco3_SM310_R68,ISD_SanMarco_SanMarco3_SM310,ISOPleasant,-0.1464,0.2210525204304955,
isd_individual_iso_prediction__isd__tong_style_reduced_rf__seed2028,isd_individual_iso_prediction,ISD,test,ISD_SanMarco_SanMarco3_SM311_R69,ISD_SanMarco_SanMarco3_SM311,ISOPleasant,0.5,0.16841102372534866,
isd_individual_iso_prediction__isd__tong_style_reduced_rf__seed2028,isd_individual_iso_prediction,ISD,test,ISD_SanMarco_SanMarco3_SM312_R70,ISD_SanMarco_SanMarco3_SM312,ISOPleasant,0.5732,0.23399966694324206,
isd_individual_iso_prediction__isd__tong_style_reduced_rf__seed2028,isd_individual_iso_prediction,ISD,test,ISD_SanMarco_SanMarco3_SM313_R71,ISD_SanMarco_SanMarco3_SM313,ISOPleasant,-0.3536,0.17736253000240507,
isd_individual_iso_prediction__isd__tong_style_reduced_rf__seed2028,isd_individual_iso_prediction,ISD,test,ISD_Noorderplantsoen_Noorderplantsoen1_NP101_R2,ISD_Noorderplantsoen_Noorderplantsoen1_NP101,ISOPleasant,0.7071,-0.11404519149831654,
isd_individual_iso_prediction__isd__tong_style_reduced_rf__seed2028,isd_individual_iso_prediction,ISD,test,ISD_Noorderplantsoen_Noorderplantsoen1_NP101_R73,ISD_Noorderplantsoen_Noorderplantsoen1_NP101,ISOPleasant,0.7803,0.11963923442760942,
isd_individual_iso_prediction__isd__tong_style_reduced_rf__seed2028,isd_individual_iso_prediction,ISD,test,ISD_Noorderplantsoen_Noorderplantsoen1_NP102_R88,ISD_Noorderplantsoen_Noorderplantsoen1_NP102,ISOPleasant,0.75,0.16321884078884083,
isd_individual_iso_prediction__isd__tong_style_reduced_rf__seed2028,isd_individual_iso_prediction,ISD,test,ISD_Noorderplantsoen_Noorderplantsoen1_NP106_R98,ISD_Noorderplantsoen_Noorderplantsoen1_NP106,ISOPleasant,0.3536,0.17386578452982204,
isd_individual_iso_prediction__isd__tong_style_reduced_rf__seed2028,isd_individual_iso_prediction,ISD,test,ISD_Noorderplantsoen_Noorderplantsoen1_NP107_R97,ISD_Noorderplantsoen_Noorderplantsoen1_NP107,ISOPleasant,0.5,-0.08172133013930524,
isd_individual_iso_prediction__isd__tong_style_reduced_rf__seed2028,isd_individual_iso_prediction,ISD,test,ISD_Noorderplantsoen_Noorderplantsoen1_NP108_R96,ISD_Noorderplantsoen_Noorderplantsoen1_NP108,ISOPleasant,0.1036,0.21784227546250046,
isd_individual_iso_prediction__isd__tong_style_reduced_rf__seed2028,isd_individual_iso_prediction,ISD,test,ISD_Noorderplantsoen_Noorderplantsoen1_NP109_R3,ISD_Noorderplantsoen_Noorderplantsoen1_NP109,ISOPleasant,0.9268,0.09816176297313796,
isd_individual_iso_prediction__isd__tong_style_reduced_rf__seed2028,isd_individual_iso_prediction,ISD,test,ISD_Noorderplantsoen_Noorderplantsoen1_NP110_R4,ISD_Noorderplantsoen_Noorderplantsoen1_NP110,ISOPleasant,0.6768,0.1621227024521775,
isd_individual_iso_prediction__isd__tong_style_reduced_rf__seed2028,isd_individual_iso_prediction,ISD,test,ISD_Noorderplantsoen_Noorderplantsoen1_NP110_R90,ISD_Noorderplantsoen_Noorderplantsoen1_NP110,ISOPleasant,0.3107,0.1621227024521775,
isd_individual_iso_prediction__isd__tong_style_reduced_rf__seed2028,isd_individual_iso_prediction,ISD,test,ISD_Noorderplantsoen_Noorderplantsoen1_NP111_R5,ISD_Noorderplantsoen_Noorderplantsoen1_NP111,ISOPleasant,0.6768,-0.05100463308080808,
isd_individual_iso_prediction__isd__tong_style_reduced_rf__seed2028,isd_individual_iso_prediction,ISD,test,ISD_Noorderplantsoen_Noorderplantsoen1_NP111_R87,ISD_Noorderplantsoen_Noorderplantsoen1_NP111,ISOPleasant,0.5303,0.24515926769804258,
isd_individual_iso_prediction__isd__tong_style_reduced_rf__seed2028,isd_individual_iso_prediction,ISD,test,ISD_Noorderplantsoen_Noorderplantsoen1_NP112_R84,ISD_Noorderplantsoen_Noorderplantsoen1_NP112,ISOPleasant,0.4268,0.24039785586820586,
isd_individual_iso_prediction__isd__tong_style_reduced_rf__seed2028,isd_individual_iso_prediction,ISD,test,ISD_Noorderplantsoen_Noorderplantsoen1_NP113_R83,ISD_Noorderplantsoen_Noorderplantsoen1_NP113,ISOPleasant,0.2803,0.17197847433769944,
isd_individual_iso_prediction__isd__tong_style_reduced_rf__seed2028,isd_individual_iso_prediction,ISD,test,ISD_Noorderplantsoen_Noorderplantsoen1_NP114_R6,ISD_Noorderplantsoen_Noorderplantsoen1_NP114,ISOPleasant,0.2197,0.07371497204369705,
isd_individual_iso_prediction__isd__tong_style_reduced_rf__seed2028,isd_individual_iso_prediction,ISD,test,ISD_Noorderplantsoen_Noorderplantsoen1_NP116_R7,ISD_Noorderplantsoen_Noorderplantsoen1_NP116,ISOPleasant,0.5,0.1707813782069782,
isd_individual_iso_prediction__isd__tong_style_reduced_rf__seed2028,isd_individual_iso_prediction,ISD,test,ISD_Noorderplantsoen_Noorderplantsoen1_NP116_R85,ISD_Noorderplantsoen_Noorderplantsoen1_NP116,ISOPleasant,0.6339,0.15834105435120427,
isd_individual_iso_prediction__isd__tong_style_reduced_rf__seed2028,isd_individual_iso_prediction,ISD,test,ISD_Noorderplantsoen_Noorderplantsoen1_NP117_R8,ISD_Noorderplantsoen_Noorderplantsoen1_NP117,ISOPleasant,0.3232,0.1868585356513858,
isd_individual_iso_prediction__isd__tong_style_reduced_rf__seed2028,isd_individual_iso_prediction,ISD,test,ISD_Noorderplantsoen_Noorderplantsoen1_NP118_R10,ISD_Noorderplantsoen_Noorderplantsoen1_NP118,ISOPleasant,0.6768,0.155177369046694,
isd_individual_iso_prediction__isd__tong_style_reduced_rf__seed2028,isd_individual_iso_prediction,ISD,test,ISD_Noorderplantsoen_Noorderplantsoen1_NP118_R9,ISD_Noorderplantsoen_Noorderplantsoen1_NP118,ISOPleasant,0.2803,0.155177369046694,
isd_individual_iso_prediction__isd__tong_style_reduced_rf__seed2028,isd_individual_iso_prediction,ISD,test,ISD_Noorderplantsoen_Noorderplantsoen1_NP119_R11,ISD_Noorderplantsoen_Noorderplantsoen1_NP119,ISOPleasant,0.5,0.3488604740560365,
isd_individual_iso_prediction__isd__tong_style_reduced_rf__seed2028,isd_individual_iso_prediction,ISD,test,ISD_Noorderplantsoen_Noorderplantsoen1_NP119_R79,ISD_Noorderplantsoen_Noorderplantsoen1_NP119,ISOPleasant,0.7071,0.22536152393578643,
isd_individual_iso_prediction__isd__tong_style_reduced_rf__seed2028,isd_individual_iso_prediction,ISD,test,ISD_Noorderplantsoen_Noorderplantsoen1_NP120_R13,ISD_Noorderplantsoen_Noorderplantsoen1_NP120,ISOPleasant,0.4697,0.2600873212782585,
isd_individual_iso_prediction__isd__tong_style_reduced_rf__seed2028,isd_individual_iso_prediction,ISD,test,ISD_Noorderplantsoen_Noorderplantsoen1_NP123_R15,ISD_Noorderplantsoen_Noorderplantsoen1_NP123,ISOPleasant,0.0,0.4748432415644539,
isd_individual_iso_prediction__isd__tong_style_reduced_rf__seed2028,isd_individual_iso_prediction,ISD,test,ISD_Noorderplantsoen_Noorderplantsoen1_NP123_R81,ISD_Noorderplantsoen_Noorderplantsoen1_NP123,ISOPleasant,0.2803,0.47611003255772016,
isd_individual_iso_prediction__isd__tong_style_reduced_rf__seed2028,isd_individual_iso_prediction,ISD,test,ISD_Noorderplantsoen_Noorderplantsoen1_NP125_R80,ISD_Noorderplantsoen_Noorderplantsoen1_NP125,ISOPleasant,0.3232,-0.09134246444203956,
isd_individual_iso_prediction__isd__tong_style_reduced_rf__seed2028,isd_individual_iso_prediction,ISD,test,ISD_Noorderplantsoen_Noorderplantsoen1_NP126_R16,ISD_Noorderplantsoen_Noorderplantsoen1_NP126,ISOPleasant,-0.3536,0.16485095802530794,
isd_individual_iso_prediction__isd__tong_style_reduced_rf__seed2028,isd_individual_iso_prediction,ISD,test,ISD_Noorderplantsoen_Noorderplantsoen1_NP127_R18,ISD_Noorderplantsoen_Noorderplantsoen1_NP127,ISOPleasant,0.3536,0.047648535870610846,
isd_individual_iso_prediction__isd__tong_style_reduced_rf__seed2028,isd_individual_iso_prediction,ISD,test,ISD_Noorderplantsoen_Noorderplantsoen1_NP127_R17,ISD_Noorderplantsoen_Noorderplantsoen1_NP127,ISOPleasant,1.0,0.047648535870610846,
isd_individual_iso_prediction__isd__tong_style_reduced_rf__seed2028,isd_individual_iso_prediction,ISD,test,ISD_Noorderplantsoen_Noorderplantsoen1_NP128_R19,ISD_Noorderplantsoen_Noorderplantsoen1_NP128,ISOPleasant,0.6036,0.02632971214711216,
isd_individual_iso_prediction__isd__tong_style_reduced_rf__seed2028,isd_individual_iso_prediction,ISD,test,ISD_Noorderplantsoen_Noorderplantsoen1_NP129_R20,ISD_Noorderplantsoen_Noorderplantsoen1_NP129,ISOPleasant,0.25,-0.01277641643079141,
isd_individual_iso_prediction__isd__tong_style_reduced_rf__seed2028,isd_individual_iso_prediction,ISD,test,ISD_Noorderplantsoen_Noorderplantsoen1_NP129_R22,ISD_Noorderplantsoen_Noorderplantsoen1_NP129,ISOPleasant,0.6339,0.38825439357864366,
isd_individual_iso_prediction__isd__tong_style_reduced_rf__seed2028,isd_individual_iso_prediction,ISD,test,ISD_Noorderplantsoen_Noorderplantsoen1_NP129_R21,ISD_Noorderplantsoen_Noorderplantsoen1_NP129,ISOPleasant,0.8536,0.3952691843193844,
isd_individual_iso_prediction__isd__tong_style_reduced_rf__seed2028,isd_individual_iso_prediction,ISD,test,ISD_Noorderplantsoen_Noorderplantsoen1_NP131_R26,ISD_Noorderplantsoen_Noorderplantsoen1_NP131,ISOPleasant,0.7803,0.07009394183501683,
isd_individual_iso_prediction__isd__tong_style_reduced_rf__seed2028,isd_individual_iso_prediction,ISD,test,ISD_Noorderplantsoen_Noorderplantsoen1_NP131_R27,ISD_Noorderplantsoen_Noorderplantsoen1_NP131,ISOPleasant,0.6036,-0.09222587270322269,
isd_individual_iso_prediction__isd__tong_style_reduced_rf__seed2028,isd_individual_iso_prediction,ISD,test,ISD_Noorderplantsoen_Noorderplantsoen1_NP132_R28,ISD_Noorderplantsoen_Noorderplantsoen1_NP132,ISOPleasant,0.6339,0.12930518470973473,
isd_individual_iso_prediction__isd__tong_style_reduced_rf__seed2028,isd_individual_iso_prediction,ISD,test,ISD_Noorderplantsoen_Noorderplantsoen1_NP132_R78,ISD_Noorderplantsoen_Noorderplantsoen1_NP132,ISOPleasant,0.3232,0.1203608120786621,
isd_individual_iso_prediction__isd__tong_style_reduced_rf__seed2028,isd_individual_iso_prediction,ISD,test,ISD_Noorderplantsoen_Noorderplantsoen1_NP133_R30,ISD_Noorderplantsoen_Noorderplantsoen1_NP133,ISOPleasant,0.2071,0.08375067535427536,
isd_individual_iso_prediction__isd__tong_style_reduced_rf__seed2028,isd_individual_iso_prediction,ISD,test,ISD_Noorderplantsoen_Noorderplantsoen1_NP133_R31,ISD_Noorderplantsoen_Noorderplantsoen1_NP133,ISOPleasant,0.1768,0.08273516265586266,
isd_individual_iso_prediction__isd__tong_style_reduced_rf__seed2028,isd_individual_iso_prediction,ISD,test,ISD_Noorderplantsoen_Noorderplantsoen1_NP134_R32,ISD_Noorderplantsoen_Noorderplantsoen1_NP134,ISOPleasant,0.4268,0.20611515683020687,
isd_individual_iso_prediction__isd__tong_style_reduced_rf__seed2028,isd_individual_iso_prediction,ISD,test,ISD_Noorderplantsoen_Noorderplantsoen1_NP134_R77,ISD_Noorderplantsoen_Noorderplantsoen1_NP134,ISOPleasant,0.6339,0.21639290123857624,
isd_individual_iso_prediction__isd__tong_style_reduced_rf__seed2028,isd_individual_iso_prediction,ISD,test,ISD_Noorderplantsoen_Noorderplantsoen1_NP135_R33,ISD_Noorderplantsoen_Noorderplantsoen1_NP135,ISOPleasant,0.6768,0.3152758209124209,
isd_individual_iso_prediction__isd__tong_style_reduced_rf__seed2028,isd_individual_iso_prediction,ISD,test,ISD_Noorderplantsoen_Noorderplantsoen1_NP136_R34,ISD_Noorderplantsoen_Noorderplantsoen1_NP136,ISOPleasant,-0.25,0.07558498991101488,
isd_individual_iso_prediction__isd__tong_style_reduced_rf__seed2028,isd_individual_iso_prediction,ISD,test,ISD_Noorderplantsoen_Noorderplantsoen1_NP136_R35,ISD_Noorderplantsoen_Noorderplantsoen1_NP136,ISOPleasant,0.75,0.08176909824434823,
isd_individual_iso_prediction__isd__tong_style_reduced_rf__seed2028,isd_individual_iso_prediction,ISD,test,ISD_Noorderplantsoen_Noorderplantsoen1_NP138_R36,ISD_Noorderplantsoen_Noorderplantsoen1_NP138,ISOPleasant,0.4571,0.006650487806637808,
isd_individual_iso_prediction__isd__tong_style_reduced_rf__seed2028,isd_individual_iso_prediction,ISD,test,ISD_Noorderplantsoen_Noorderplantsoen1_NP138_R76,ISD_Noorderplantsoen_Noorderplantsoen1_NP138,ISOPleasant,0.25,0.16571428200225696,
isd_individual_iso_prediction__isd__tong_style_reduced_rf__seed2028,isd_individual_iso_prediction,ISD,test,ISD_Noorderplantsoen_Noorderplantsoen1_NP139_R37,ISD_Noorderplantsoen_Noorderplantsoen1_NP139,ISOPleasant,0.3536,-0.1864494252090502,
isd_individual_iso_prediction__isd__tong_style_reduced_rf__seed2028,isd_individual_iso_prediction,ISD,test,ISD_Noorderplantsoen_Noorderplantsoen1_NP139_R38,ISD_Noorderplantsoen_Noorderplantsoen1_NP139,ISOPleasant,0.0429,-0.007269399236874239,
isd_individual_iso_prediction__isd__tong_style_reduced_rf__seed2028,isd_individual_iso_prediction,ISD,test,ISD_Noorderplantsoen_Noorderplantsoen1_NP140_R39,ISD_Noorderplantsoen_Noorderplantsoen1_NP140,ISOPleasant,0.5,0.19538598715728714,
isd_individual_iso_prediction__isd__tong_style_reduced_rf__seed2028,isd_individual_iso_prediction,ISD,test,ISD_Noorderplantsoen_Noorderplantsoen1_NP140_R40,ISD_Noorderplantsoen_Noorderplantsoen1_NP140,ISOPleasant,0.5,0.14114582052947053,
isd_individual_iso_prediction__isd__tong_style_reduced_rf__seed2028,isd_individual_iso_prediction,ISD,test,ISD_Noorderplantsoen_Noorderplantsoen1_NP141_R74,ISD_Noorderplantsoen_Noorderplantsoen1_NP141,ISOPleasant,0.6768,0.23324485079966317,
isd_individual_iso_prediction__isd__tong_style_reduced_rf__seed2028,isd_individual_iso_prediction,ISD,test,ISD_Noorderplantsoen_Noorderplantsoen1_NP141_R75,ISD_Noorderplantsoen_Noorderplantsoen1_NP141,ISOPleasant,0.0,0.2343350960377584,
isd_individual_iso_prediction__isd__tong_style_reduced_rf__seed2028,isd_individual_iso_prediction,ISD,test,ISD_Noorderplantsoen_Noorderplantsoen1_NP143_R41,ISD_Noorderplantsoen_Noorderplantsoen1_NP143,ISOPleasant,0.6339,0.19538059309764302,
isd_individual_iso_prediction__isd__tong_style_reduced_rf__seed2028,isd_individual_iso_prediction,ISD,test,ISD_Noorderplantsoen_Noorderplantsoen1_NP146_R91,ISD_Noorderplantsoen_Noorderplantsoen1_NP146,ISOPleasant,0.3964,-0.14553612504070004,
isd_individual_iso_prediction__isd__tong_style_reduced_rf__seed2028,isd_individual_iso_prediction,ISD,test,ISD_Noorderplantsoen_Noorderplantsoen1_NP147_R42,ISD_Noorderplantsoen_Noorderplantsoen1_NP147,ISOPleasant,0.6464,-0.05711290788840793,
isd_individual_iso_prediction__isd__tong_style_reduced_rf__seed2028,isd_individual_iso_prediction,ISD,test,ISD_Noorderplantsoen_Noorderplantsoen1_NP148_R43,ISD_Noorderplantsoen_Noorderplantsoen1_NP148,ISOPleasant,-0.3107,-0.013700398322973322,
isd_individual_iso_prediction__isd__tong_style_reduced_rf__seed2028,isd_individual_iso_prediction,ISD,test,ISD_Noorderplantsoen_Noorderplantsoen1_NP148_R44,ISD_Noorderplantsoen_Noorderplantsoen1_NP148,ISOPleasant,0.25,0.16348466940651948,
isd_individual_iso_prediction__isd__tong_style_reduced_rf__seed2028,isd_individual_iso_prediction,ISD,test,ISD_Noorderplantsoen_Noorderplantsoen1_NP149_R45,ISD_Noorderplantsoen_Noorderplantsoen1_NP149,ISOPleasant,0.6036,0.30490455457042964,
isd_individual_iso_prediction__isd__tong_style_reduced_rf__seed2028,isd_individual_iso_prediction,ISD,test,ISD_Noorderplantsoen_Noorderplantsoen1_NP149_R46,ISD_Noorderplantsoen_Noorderplantsoen1_NP149,ISOPleasant,0.0303,0.2514001169913419,
isd_individual_iso_prediction__isd__tong_style_reduced_rf__seed2028,isd_individual_iso_prediction,ISD,test,ISD_Noorderplantsoen_Noorderplantsoen1_NP150_R47,ISD_Noorderplantsoen_Noorderplantsoen1_NP150,ISOPleasant,0.6464,0.08769879154641654,
isd_individual_iso_prediction__isd__tong_style_reduced_rf__seed2028,isd_individual_iso_prediction,ISD,test,ISD_Noorderplantsoen_Noorderplantsoen1_NP152_R48,ISD_Noorderplantsoen_Noorderplantsoen1_NP152,ISOPleasant,0.4268,-0.13214947366984872,
isd_individual_iso_prediction__isd__tong_style_reduced_rf__seed2028,isd_individual_iso_prediction,ISD,test,ISD_Noorderplantsoen_Noorderplantsoen1_NP153_R67,ISD_Noorderplantsoen_Noorderplantsoen1_NP153,ISOPleasant,0.6768,0.07660923527398528,
isd_individual_iso_prediction__isd__tong_style_reduced_rf__seed2028,isd_individual_iso_prediction,ISD,test,ISD_Noorderplantsoen_Noorderplantsoen1_NP153_R71,ISD_Noorderplantsoen_Noorderplantsoen1_NP153,ISOPleasant,0.7071,0.14834895699855694,
isd_individual_iso_prediction__isd__tong_style_reduced_rf__seed2028,isd_individual_iso_prediction,ISD,test,ISD_Noorderplantsoen_Noorderplantsoen1_NP153_R72,ISD_Noorderplantsoen_Noorderplantsoen1_NP153,ISOPleasant,0.5303,0.14834895699855694,
isd_individual_iso_prediction__isd__tong_style_reduced_rf__seed2028,isd_individual_iso_prediction,ISD,test,ISD_Noorderplantsoen_Noorderplantsoen1_NP154_R49,ISD_Noorderplantsoen_Noorderplantsoen1_NP154,ISOPleasant,0.5,-0.03694401563251564,
isd_individual_iso_prediction__isd__tong_style_reduced_rf__seed2028,isd_individual_iso_prediction,ISD,test,ISD_Noorderplantsoen_Noorderplantsoen1_NP155_R51,ISD_Noorderplantsoen_Noorderplantsoen1_NP155,ISOPleasant,0.5,-0.05656774781144783,
isd_individual_iso_prediction__isd__tong_style_reduced_rf__seed2028,isd_individual_iso_prediction,ISD,test,ISD_Noorderplantsoen_Noorderplantsoen1_NP155_R50,ISD_Noorderplantsoen_Noorderplantsoen1_NP155,ISOPleasant,0.4268,-0.10746687806637804,
isd_individual_iso_prediction__isd__tong_style_reduced_rf__seed2028,isd_individual_iso_prediction,ISD,test,ISD_Noorderplantsoen_Noorderplantsoen1_NP155_R53,ISD_Noorderplantsoen_Noorderplantsoen1_NP155,ISOPleasant,0.3107,-0.10647137970177975,
isd_individual_iso_prediction__isd__tong_style_reduced_rf__seed2028,isd_individual_iso_prediction,ISD,test,ISD_Noorderplantsoen_Noorderplantsoen1_NP155_R52,ISD_Noorderplantsoen_Noorderplantsoen1_NP155,ISOPleasant,0.2626,0.08754492236004739,
isd_individual_iso_prediction__isd__tong_style_reduced_rf__seed2028,isd_individual_iso_prediction,ISD,test,ISD_Noorderplantsoen_Noorderplantsoen1_NP156_R54,ISD_Noorderplantsoen_Noorderplantsoen1_NP156,ISOPleasant,0.3536,-0.06441587744570251,
isd_individual_iso_prediction__isd__tong_style_reduced_rf__seed2028,isd_individual_iso_prediction,ISD,test,ISD_Noorderplantsoen_Noorderplantsoen1_NP156_R93,ISD_Noorderplantsoen_Noorderplantsoen1_NP156,ISOPleasant,0.75,0.003673291193066206,
isd_individual_iso_prediction__isd__tong_style_reduced_rf__seed2028,isd_individual_iso_prediction,ISD,test,ISD_Noorderplantsoen_Noorderplantsoen1_NP156_R95,ISD_Noorderplantsoen_Noorderplantsoen1_NP156,ISOPleasant,0.7071,0.2639062291958042,
isd_individual_iso_prediction__isd__tong_style_reduced_rf__seed2028,isd_individual_iso_prediction,ISD,test,ISD_Noorderplantsoen_Noorderplantsoen1_NP157_R94,ISD_Noorderplantsoen_Noorderplantsoen1_NP157,ISOPleasant,-0.2071,-0.0315150475006475,
isd_individual_iso_prediction__isd__tong_style_reduced_rf__seed2028,isd_individual_iso_prediction,ISD,test,ISD_Noorderplantsoen_Noorderplantsoen1_NP158_R57,ISD_Noorderplantsoen_Noorderplantsoen1_NP158,ISOPleasant,0.9268,0.24299331584896589,
isd_individual_iso_prediction__isd__tong_style_reduced_rf__seed2028,isd_individual_iso_prediction,ISD,test,ISD_Noorderplantsoen_Noorderplantsoen1_NP158_R55,ISD_Noorderplantsoen_Noorderplantsoen1_NP158,ISOPleasant,0.8536,0.13148772005124504,
isd_individual_iso_prediction__isd__tong_style_reduced_rf__seed2028,isd_individual_iso_prediction,ISD,test,ISD_Noorderplantsoen_Noorderplantsoen1_NP160_R59,ISD_Noorderplantsoen_Noorderplantsoen1_NP160,ISOPleasant,0.6768,0.2118940483507232,
isd_individual_iso_prediction__isd__tong_style_reduced_rf__seed2028,isd_individual_iso_prediction,ISD,test,ISD_Noorderplantsoen_Noorderplantsoen1_NP160_R60,ISD_Noorderplantsoen_Noorderplantsoen1_NP160,ISOPleasant,0.5,0.08474806655566658,
isd_individual_iso_prediction__isd__tong_style_reduced_rf__seed2028,isd_individual_iso_prediction,ISD,test,ISD_Noorderplantsoen_Noorderplantsoen1_NP161_R61,ISD_Noorderplantsoen_Noorderplantsoen1_NP161,ISOPleasant,0.4697,0.2864373457847706,
isd_individual_iso_prediction__isd__tong_style_reduced_rf__seed2028,isd_individual_iso_prediction,ISD,test,ISD_Noorderplantsoen_Noorderplantsoen1_NP163_R70,ISD_Noorderplantsoen_Noorderplantsoen1_NP163,ISOPleasant,0.6161,0.2926674514069263,
isd_individual_iso_prediction__isd__tong_style_reduced_rf__seed2028,isd_individual_iso_prediction,ISD,test,ISD_ZhongshanSquare_ZhongshanSquare6_ZS6021_RCL01,ISD_ZhongshanSquare_ZhongshanSquare6_ZS6021,ISOPleasant,0.0732,0.22621636040071044,
isd_individual_iso_prediction__isd__tong_style_reduced_rf__seed2028,isd_individual_iso_prediction,ISD,test,ISD_ZhongshanSquare_ZhongshanSquare6_ZS6022_RCL02,ISD_ZhongshanSquare_ZhongshanSquare6_ZS6022,ISOPleasant,-0.25,0.3413019785353537,
isd_individual_iso_prediction__isd__tong_style_reduced_rf__seed2028,isd_individual_iso_prediction,ISD,test,ISD_ZhongshanSquare_ZhongshanSquare6_ZS6023_RCL03,ISD_ZhongshanSquare_ZhongshanSquare6_ZS6023,ISOPleasant,0.3232,0.3355454933501684,
isd_individual_iso_prediction__isd__tong_style_reduced_rf__seed2028,isd_individual_iso_prediction,ISD,test,ISD_ZhongshanSquare_ZhongshanSquare6_ZS6024_RCL04,ISD_ZhongshanSquare_ZhongshanSquare6_ZS6024,ISOPleasant,0.5,0.2069068183677433,
isd_individual_iso_prediction__isd__tong_style_reduced_rf__seed2028,isd_individual_iso_prediction,ISD,test,ISD_ZhongshanSquare_ZhongshanSquare6_ZS6025_RCL05,ISD_ZhongshanSquare_ZhongshanSquare6_ZS6025,ISOPleasant,0.0,0.23600869241129235,
isd_individual_iso_prediction__isd__tong_style_reduced_rf__seed2028,isd_individual_iso_prediction,ISD,test,ISD_ZhongshanSquare_ZhongshanSquare6_ZS6026_RCL06,ISD_ZhongshanSquare_ZhongshanSquare6_ZS6026,ISOPleasant,0.3232,0.3196185965367964,
isd_individual_iso_prediction__isd__tong_style_reduced_rf__seed2028,isd_individual_iso_prediction,ISD,test,ISD_ZhongshanSquare_ZhongshanSquare6_ZS6027_RCL07,ISD_ZhongshanSquare_ZhongshanSquare6_ZS6027,ISOPleasant,0.1464,0.4633787491110741,
isd_individual_iso_prediction__isd__tong_style_reduced_rf__seed2028,isd_individual_iso_prediction,ISD,test,ISD_ZhongshanSquare_ZhongshanSquare6_ZS6028_RCL08,ISD_ZhongshanSquare_ZhongshanSquare6_ZS6028,ISOPleasant,0.0,0.37011058252765766,
isd_individual_iso_prediction__isd__tong_style_reduced_rf__seed2028,isd_individual_iso_prediction,ISD,test,ISD_ZhongshanSquare_ZhongshanSquare6_ZS6029_RCL09,ISD_ZhongshanSquare_ZhongshanSquare6_ZS6029,ISOPleasant,-0.0303,0.11190911084008585,
isd_individual_iso_prediction__isd__tong_style_reduced_rf__seed2028,isd_individual_iso_prediction,ISD,test,ISD_ZhongshanSquare_ZhongshanSquare6_ZS6030_RCL10,ISD_ZhongshanSquare_ZhongshanSquare6_ZS6030,ISOPleasant,0.1768,0.32194403802401295,
isd_individual_iso_prediction__isd__tong_style_reduced_rf__seed2028,isd_individual_iso_prediction,ISD,test,ISD_ZhongshanSquare_ZhongshanSquare6_ZS6031_RCL11,ISD_ZhongshanSquare_ZhongshanSquare6_ZS6031,ISOPleasant,0.4268,0.23322063990823982,
isd_individual_iso_prediction__isd__tong_style_reduced_rf__seed2028,isd_individual_iso_prediction,ISD,test,ISD_ZhongshanSquare_ZhongshanSquare6_ZS6032_RCL12,ISD_ZhongshanSquare_ZhongshanSquare6_ZS6032,ISOPleasant,0.6768,0.06807441646779148,
isd_individual_iso_prediction__isd__tong_style_reduced_rf__seed2028,isd_individual_iso_prediction,ISD,test,ISD_ZhongshanSquare_ZhongshanSquare6_ZS6033_RCL13,ISD_ZhongshanSquare_ZhongshanSquare6_ZS6033,ISOPleasant,0.25,0.11263296191216186,
isd_individual_iso_prediction__isd__tong_style_reduced_rf__seed2028,isd_individual_iso_prediction,ISD,test,ISD_ZhongshanSquare_ZhongshanSquare6_ZS6034_RCL14,ISD_ZhongshanSquare_ZhongshanSquare6_ZS6034,ISOPleasant,0.2071,0.2921900806637806,
isd_individual_iso_prediction__isd__tong_style_reduced_rf__seed2028,isd_individual_iso_prediction,ISD,test,ISD_ZhongshanSquare_ZhongshanSquare6_ZS6035_RCL15,ISD_ZhongshanSquare_ZhongshanSquare6_ZS6035,ISOPleasant,0.4268,0.2744708897722647,
isd_individual_iso_prediction__isd__tong_style_reduced_rf__seed2028,isd_individual_iso_prediction,ISD,test,ISD_ZhongshanSquare_ZhongshanSquare6_ZS6036_RQLF01,ISD_ZhongshanSquare_ZhongshanSquare6_ZS6036,ISOPleasant,0.3536,0.24460107621267624,
isd_individual_iso_prediction__isd__tong_style_reduced_rf__seed2028,isd_individual_iso_prediction,ISD,test,ISD_ZhongshanSquare_ZhongshanSquare6_ZS6037_RQLF02,ISD_ZhongshanSquare_ZhongshanSquare6_ZS6037,ISOPleasant,0.0732,0.27141400560458073,
isd_individual_iso_prediction__isd__tong_style_reduced_rf__seed2028,isd_individual_iso_prediction,ISD,test,ISD_ZhongshanSquare_ZhongshanSquare6_ZS6038_RQLF03,ISD_ZhongshanSquare_ZhongshanSquare6_ZS6038,ISOPleasant,0.5,0.30685063005050506,
isd_individual_iso_prediction__isd__tong_style_reduced_rf__seed2028,isd_individual_iso_prediction,ISD,test,ISD_ZhongshanSquare_ZhongshanSquare6_ZS6039_RQLF04,ISD_ZhongshanSquare_ZhongshanSquare6_ZS6039,ISOPleasant,-0.5,0.33757256499518995,
isd_individual_iso_prediction__isd__tong_style_reduced_rf__seed2028,isd_individual_iso_prediction,ISD,test,ISD_ZhongshanSquare_ZhongshanSquare6_ZS6040_RQLF05,ISD_ZhongshanSquare_ZhongshanSquare6_ZS6040,ISOPleasant,-0.1768,0.11643132314537306,
isd_individual_iso_prediction__isd__tong_style_reduced_rf__seed2028,isd_individual_iso_prediction,ISD,test,ISD_ZhongshanSquare_ZhongshanSquare6_ZS6041_RQLF06,ISD_ZhongshanSquare_ZhongshanSquare6_ZS6041,ISOPleasant,0.2197,0.2130791227605728,
isd_individual_iso_prediction__isd__tong_style_reduced_rf__seed2028,isd_individual_iso_prediction,ISD,test,ISD_ZhongshanSquare_ZhongshanSquare6_ZS6042_RQLF07,ISD_ZhongshanSquare_ZhongshanSquare6_ZS6042,ISOPleasant,0.1768,0.2887512655441781,
isd_individual_iso_prediction__isd__tong_style_reduced_rf__seed2028,isd_individual_iso_prediction,ISD,test,ISD_ZhongshanSquare_ZhongshanSquare6_ZS6043_RQLF08,ISD_ZhongshanSquare_ZhongshanSquare6_ZS6043,ISOPleasant,0.2803,0.16696129969752474,
isd_individual_iso_prediction__isd__tong_style_reduced_rf__seed2028,isd_individual_iso_prediction,ISD,test,ISD_ZhongshanSquare_ZhongshanSquare6_ZS6044_RQLF09,ISD_ZhongshanSquare_ZhongshanSquare6_ZS6044,ISOPleasant,0.5303,0.23347744307359283,
isd_individual_iso_prediction__isd__tong_style_reduced_rf__seed2028,isd_individual_iso_prediction,ISD,test,ISD_ZhongshanSquare_ZhongshanSquare6_ZS6045_RQLF10,ISD_ZhongshanSquare_ZhongshanSquare6_ZS6045,ISOPleasant,0.6036,0.11408791064953562,
isd_individual_iso_prediction__isd__tong_style_reduced_rf__seed2028,isd_individual_iso_prediction,ISD,test,ISD_ZhongshanSquare_ZhongshanSquare6_ZS6046_RQLF11,ISD_ZhongshanSquare_ZhongshanSquare6_ZS6046,ISOPleasant,0.0607,0.11817999939874944,
isd_individual_iso_prediction__isd__tong_style_reduced_rf__seed2028,isd_individual_iso_prediction,ISD,test,ISD_ZhongshanSquare_ZhongshanSquare6_ZS6047_RQLF12,ISD_ZhongshanSquare_ZhongshanSquare6_ZS6047,ISOPleasant,0.25,0.30009551187469957,
isd_individual_iso_prediction__isd__tong_style_reduced_rf__seed2028,isd_individual_iso_prediction,ISD,test,ISD_ZhongshanSquare_ZhongshanSquare6_ZS6048_RQLF13,ISD_ZhongshanSquare_ZhongshanSquare6_ZS6048,ISOPleasant,0.5,0.2916949884920633,
isd_individual_iso_prediction__isd__tong_style_reduced_rf__seed2028,isd_individual_iso_prediction,ISD,test,ISD_ZhongshanSquare_ZhongshanSquare6_ZS6049_RQLF14,ISD_ZhongshanSquare_ZhongshanSquare6_ZS6049,ISOPleasant,0.1768,0.2945995348244348,
isd_individual_iso_prediction__isd__tong_style_reduced_rf__seed2028,isd_individual_iso_prediction,ISD,test,ISD_ZhongshanSquare_ZhongshanSquare6_ZS6051_RJS02,ISD_ZhongshanSquare_ZhongshanSquare6_ZS6051,ISOPleasant,-0.1036,0.0810518783549783,
isd_individual_iso_prediction__isd__tong_style_reduced_rf__seed2028,isd_individual_iso_prediction,ISD,test,ISD_ZhongshanSquare_ZhongshanSquare6_ZS6052_RJS03,ISD_ZhongshanSquare_ZhongshanSquare6_ZS6052,ISOPleasant,-0.1464,0.16879820610870605,
isd_individual_iso_prediction__isd__tong_style_reduced_rf__seed2028,isd_individual_iso_prediction,ISD,test,ISD_ZhongshanSquare_ZhongshanSquare6_ZS6053_RJS04,ISD_ZhongshanSquare_ZhongshanSquare6_ZS6053,ISOPleasant,0.0,0.21181840379250386,
isd_individual_iso_prediction__isd__tong_style_reduced_rf__seed2028,isd_individual_iso_prediction,ISD,test,ISD_ZhongshanSquare_ZhongshanSquare6_ZS6054_RJS05,ISD_ZhongshanSquare_ZhongshanSquare6_ZS6054,ISOPleasant,-0.2197,0.3390700256132756,
isd_individual_iso_prediction__isd__tong_style_reduced_rf__seed2028,isd_individual_iso_prediction,ISD,test,ISD_ZhongshanSquare_ZhongshanSquare6_ZS6055_RJS06,ISD_ZhongshanSquare_ZhongshanSquare6_ZS6055,ISOPleasant,0.0303,0.3040230362554112,
isd_individual_iso_prediction__isd__tong_style_reduced_rf__seed2028,isd_individual_iso_prediction,ISD,test,ISD_ZhongshanSquare_ZhongshanSquare6_ZS6056_RJS07,ISD_ZhongshanSquare_ZhongshanSquare6_ZS6056,ISOPleasant,0.0732,0.3417939464868464,
isd_individual_iso_prediction__isd__tong_style_reduced_rf__seed2028,isd_individual_iso_prediction,ISD,test,ISD_ZhongshanSquare_ZhongshanSquare6_ZS6058_RJS09,ISD_ZhongshanSquare_ZhongshanSquare6_ZS6058,ISOPleasant,0.1036,0.3730776001916926,
isd_individual_iso_prediction__isd__tong_style_reduced_rf__seed2028,isd_individual_iso_prediction,ISD,test,ISD_ZhongshanSquare_ZhongshanSquare6_ZS6059_RJS10,ISD_ZhongshanSquare_ZhongshanSquare6_ZS6059,ISOPleasant,-0.1464,0.3213429361217484,
isd_individual_iso_prediction__isd__tong_style_reduced_rf__seed2028,isd_individual_iso_prediction,ISD,test,ISD_ZhongshanSquare_ZhongshanSquare6_ZS6060_RJS11,ISD_ZhongshanSquare_ZhongshanSquare6_ZS6060,ISOPleasant,0.5,0.1745301300477302,
isd_individual_iso_prediction__isd__tong_style_reduced_rf__seed2028,isd_individual_iso_prediction,ISD,test,ISD_ZhongshanSquare_ZhongshanSquare6_ZS6061_RJS12,ISD_ZhongshanSquare_ZhongshanSquare6_ZS6061,ISOPleasant,0.0732,0.06556835756650754,
isd_individual_iso_prediction__isd__tong_style_reduced_rf__seed2028,isd_individual_iso_prediction,ISD,test,ISD_ZhongshanSquare_ZhongshanSquare6_ZS6062_RJS13,ISD_ZhongshanSquare_ZhongshanSquare6_ZS6062,ISOPleasant,0.0,0.2920237275613278,
isd_individual_iso_prediction__isd__tong_style_reduced_rf__seed2028,isd_individual_iso_prediction,ISD,test,ISD_ZhongshanSquare_ZhongshanSquare6_ZS6063_RJS14,ISD_ZhongshanSquare_ZhongshanSquare6_ZS6063,ISOPleasant,0.5,0.16828713964461464,
isd_individual_iso_prediction__isd__tong_style_reduced_rf__seed2028,isd_individual_iso_prediction,ISD,test,ISD_ZhongshanSquare_ZhongshanSquare6_ZS6064_RJS15,ISD_ZhongshanSquare_ZhongshanSquare6_ZS6064,ISOPleasant,0.0,0.18347722133237143,
isd_individual_iso_prediction__isd__tong_style_reduced_rf__seed2028,isd_individual_iso_prediction,ISD,test,ISD_ZhongshanSquare_ZhongshanSquare6_ZS6089_RLWQ01,ISD_ZhongshanSquare_ZhongshanSquare6_ZS6089,ISOPleasant,0.5,0.2586627226208977,
isd_individual_iso_prediction__isd__tong_style_reduced_rf__seed2028,isd_individual_iso_prediction,ISD,test,ISD_ZhongshanSquare_ZhongshanSquare6_ZS6090_RLWQ02,ISD_ZhongshanSquare_ZhongshanSquare6_ZS6090,ISOPleasant,0.1768,0.4218581520562771,
isd_individual_iso_prediction__isd__tong_style_reduced_rf__seed2028,isd_individual_iso_prediction,ISD,test,ISD_ZhongshanSquare_ZhongshanSquare6_ZS6091_RLWQ04,ISD_ZhongshanSquare_ZhongshanSquare6_ZS6091,ISOPleasant,0.2803,0.3127443530645281,
isd_individual_iso_prediction__isd__tong_style_reduced_rf__seed2028,isd_individual_iso_prediction,ISD,test,ISD_ZhongshanSquare_ZhongshanSquare6_ZS6092_RLWQ05,ISD_ZhongshanSquare_ZhongshanSquare6_ZS6092,ISOPleasant,0.3536,0.3253612038581789,
isd_individual_iso_prediction__isd__tong_style_reduced_rf__seed2028,isd_individual_iso_prediction,ISD,test,ISD_ZhongshanSquare_ZhongshanSquare6_ZS6093_RLWQ06,ISD_ZhongshanSquare_ZhongshanSquare6_ZS6093,ISOPleasant,0.25,0.2467138793826546,
isd_individual_iso_prediction__isd__tong_style_reduced_rf__seed2028,isd_individual_iso_prediction,ISD,test,ISD_ZhongshanSquare_ZhongshanSquare6_ZS6094_RLWQ07,ISD_ZhongshanSquare_ZhongshanSquare6_ZS6094,ISOPleasant,-0.2803,0.3089877828884076,
isd_individual_iso_prediction__isd__tong_style_reduced_rf__seed2028,isd_individual_iso_prediction,ISD,test,ISD_ZhongshanSquare_ZhongshanSquare6_ZS6110_RCWY01,ISD_ZhongshanSquare_ZhongshanSquare6_ZS6110,ISOPleasant,0.2803,0.30530126046176037,
isd_individual_iso_prediction__isd__tong_style_reduced_rf__seed2028,isd_individual_iso_prediction,ISD,test,ISD_ZhongshanSquare_ZhongshanSquare6_ZS6111_RCWY02,ISD_ZhongshanSquare_ZhongshanSquare6_ZS6111,ISOPleasant,0.0,0.32346645784585787,
isd_individual_iso_prediction__isd__tong_style_reduced_rf__seed2028,isd_individual_iso_prediction,ISD,test,ISD_ZhongshanSquare_ZhongshanSquare6_ZS6112_RCWY03,ISD_ZhongshanSquare_ZhongshanSquare6_ZS6112,ISOPleasant,0.0,0.4130077909511783,
isd_individual_iso_prediction__isd__tong_style_reduced_rf__seed2028,isd_individual_iso_prediction,ISD,test,ISD_ZhongshanSquare_ZhongshanSquare6_ZS6113_RCWY04,ISD_ZhongshanSquare_ZhongshanSquare6_ZS6113,ISOPleasant,0.0,0.25504972590187586,
isd_individual_iso_prediction__isd__tong_style_reduced_rf__seed2028,isd_individual_iso_prediction,ISD,test,ISD_ZhongshanSquare_ZhongshanSquare6_ZS6114_RCWY05,ISD_ZhongshanSquare_ZhongshanSquare6_ZS6114,ISOPleasant,0.0,0.35708088831168816,
isd_individual_iso_prediction__isd__tong_style_reduced_rf__seed2028,isd_individual_iso_prediction,ISD,test,ISD_ZhongshanSquare_ZhongshanSquare6_ZS6115_RCWY06,ISD_ZhongshanSquare_ZhongshanSquare6_ZS6115,ISOPleasant,0.0,0.1349029171550671,
isd_individual_iso_prediction__isd__tong_style_reduced_rf__seed2028,isd_individual_iso_prediction,ISD,test,ISD_ZhongshanSquare_ZhongshanSquare6_ZS6116_RCWY07,ISD_ZhongshanSquare_ZhongshanSquare6_ZS6116,ISOPleasant,0.0,0.1682507262811262,
isd_individual_iso_prediction__isd__tong_style_reduced_rf__seed2028,isd_individual_iso_prediction,ISD,test,ISD_ZhongshanSquare_ZhongshanSquare6_ZS6117_RCWY08,ISD_ZhongshanSquare_ZhongshanSquare6_ZS6117,ISOPleasant,0.0,0.3388892096681096,
isd_individual_iso_prediction__isd__tong_style_reduced_rf__seed2028,isd_individual_iso_prediction,ISD,test,ISD_ZhongshanSquare_ZhongshanSquare6_ZS6118_RZML01,ISD_ZhongshanSquare_ZhongshanSquare6_ZS6118,ISOPleasant,0.25,0.4063571579184702,
isd_individual_iso_prediction__isd__tong_style_reduced_rf__seed2028,isd_individual_iso_prediction,ISD,test,ISD_ZhongshanSquare_ZhongshanSquare6_ZS6119_RZML02,ISD_ZhongshanSquare_ZhongshanSquare6_ZS6119,ISOPleasant,0.3839,0.32271958459595956,
isd_individual_iso_prediction__isd__tong_style_reduced_rf__seed2028,isd_individual_iso_prediction,ISD,test,ISD_ZhongshanSquare_ZhongshanSquare6_ZS6120_RZML03,ISD_ZhongshanSquare_ZhongshanSquare6_ZS6120,ISOPleasant,0.5732,0.28318422514892516,
isd_individual_iso_prediction__isd__tong_style_reduced_rf__seed2028,isd_individual_iso_prediction,ISD,test,ISD_ZhongshanSquare_ZhongshanSquare6_ZS6121_RZML04,ISD_ZhongshanSquare_ZhongshanSquare6_ZS6121,ISOPleasant,0.4268,0.32716614131794125,
isd_individual_iso_prediction__isd__tong_style_reduced_rf__seed2028,isd_individual_iso_prediction,ISD,test,ISD_ZhongshanSquare_ZhongshanSquare6_ZS6122_RZML05,ISD_ZhongshanSquare_ZhongshanSquare6_ZS6122,ISOPleasant,0.6036,0.3588152876022124,
isd_individual_iso_prediction__isd__tong_style_reduced_rf__seed2028,isd_individual_iso_prediction,ISD,test,ISD_ZhongshanSquare_ZhongshanSquare6_ZS6123_RZML06,ISD_ZhongshanSquare_ZhongshanSquare6_ZS6123,ISOPleasant,0.4268,0.3313321301582674,
isd_individual_iso_prediction__isd__tong_style_reduced_rf__seed2028,isd_individual_iso_prediction,ISD,test,ISD_ZhongshanSquare_ZhongshanSquare6_ZS6124_RZML07,ISD_ZhongshanSquare_ZhongshanSquare6_ZS6124,ISOPleasant,0.5,0.25603934673937173,
isd_individual_iso_prediction__isd__tong_style_reduced_rf__seed2028,isd_individual_iso_prediction,ISD,test,ISD_ZhongshanSquare_ZhongshanSquare6_ZS6125_RZML08,ISD_ZhongshanSquare_ZhongshanSquare6_ZS6125,ISOPleasant,0.25,0.30991628445165925,
isd_individual_iso_prediction__isd__tong_style_reduced_rf__seed2028,isd_individual_iso_prediction,ISD,dev,ISD_EustonTap_EustonTap1_ET101_R1284,ISD_EustonTap_EustonTap1_ET101,ISOEventful,0.1464,0.22768780526418012,
isd_individual_iso_prediction__isd__tong_style_reduced_rf__seed2028,isd_individual_iso_prediction,ISD,dev,ISD_EustonTap_EustonTap1_ET101_R1285,ISD_EustonTap_EustonTap1_ET101,ISOEventful,0.0429,0.23625982784900268,
isd_individual_iso_prediction__isd__tong_style_reduced_rf__seed2028,isd_individual_iso_prediction,ISD,dev,ISD_EustonTap_EustonTap1_ET103_R1286,ISD_EustonTap_EustonTap1_ET103,ISOEventful,0.341,0.20780505192955198,
isd_individual_iso_prediction__isd__tong_style_reduced_rf__seed2028,isd_individual_iso_prediction,ISD,dev,ISD_EustonTap_EustonTap1_ET103_R1287,ISD_EustonTap_EustonTap1_ET103,ISOEventful,0.1768,0.22228733322510819,
isd_individual_iso_prediction__isd__tong_style_reduced_rf__seed2028,isd_individual_iso_prediction,ISD,dev,ISD_EustonTap_EustonTap1_ET103_R1288,ISD_EustonTap_EustonTap1_ET103,ISOEventful,0.3839,0.22194315342712845,
isd_individual_iso_prediction__isd__tong_style_reduced_rf__seed2028,isd_individual_iso_prediction,ISD,dev,ISD_EustonTap_EustonTap1_ET104_R1289,ISD_EustonTap_EustonTap1_ET104,ISOEventful,0.7929,0.24594182283549756,
isd_individual_iso_prediction__isd__tong_style_reduced_rf__seed2028,isd_individual_iso_prediction,ISD,dev,ISD_EustonTap_EustonTap1_ET105_R1290,ISD_EustonTap_EustonTap1_ET105,ISOEventful,0.0429,0.0983805762802013,
isd_individual_iso_prediction__isd__tong_style_reduced_rf__seed2028,isd_individual_iso_prediction,ISD,dev,ISD_EustonTap_EustonTap1_ET105_R1291,ISD_EustonTap_EustonTap1_ET105,ISOEventful,0.0429,0.1408758556933807,
isd_individual_iso_prediction__isd__tong_style_reduced_rf__seed2028,isd_individual_iso_prediction,ISD,dev,ISD_EustonTap_EustonTap1_ET106_R1292,ISD_EustonTap_EustonTap1_ET106,ISOEventful,-0.2197,0.04969746047378549,
isd_individual_iso_prediction__isd__tong_style_reduced_rf__seed2028,isd_individual_iso_prediction,ISD,dev,ISD_EustonTap_EustonTap1_ET106_R1293,ISD_EustonTap_EustonTap1_ET106,ISOEventful,0.0,0.009917113753838741,
isd_individual_iso_prediction__isd__tong_style_reduced_rf__seed2028,isd_individual_iso_prediction,ISD,dev,ISD_EustonTap_EustonTap1_ET107_R1294,ISD_EustonTap_EustonTap1_ET107,ISOEventful,-0.2071,0.16506176676564158,
isd_individual_iso_prediction__isd__tong_style_reduced_rf__seed2028,isd_individual_iso_prediction,ISD,dev,ISD_EustonTap_EustonTap1_ET108_R1295,ISD_EustonTap_EustonTap1_ET108,ISOEventful,0.3232,0.144243700601713,
isd_individual_iso_prediction__isd__tong_style_reduced_rf__seed2028,isd_individual_iso_prediction,ISD,dev,ISD_EustonTap_EustonTap1_ET109_R1296,ISD_EustonTap_EustonTap1_ET109,ISOEventful,0.5,0.16302189756539764,
isd_individual_iso_prediction__isd__tong_style_reduced_rf__seed2028,isd_individual_iso_prediction,ISD,dev,ISD_EustonTap_EustonTap1_ET109_R1298,ISD_EustonTap_EustonTap1_ET109,ISOEventful,0.1768,0.18685366124986116,
isd_individual_iso_prediction__isd__tong_style_reduced_rf__seed2028,isd_individual_iso_prediction,ISD,dev,ISD_EustonTap_EustonTap1_ET110_R1297,ISD_EustonTap_EustonTap1_ET110,ISOEventful,-0.0607,0.2580927636354386,
isd_individual_iso_prediction__isd__tong_style_reduced_rf__seed2028,isd_individual_iso_prediction,ISD,dev,ISD_EustonTap_EustonTap1_ET110_R1299,ISD_EustonTap_EustonTap1_ET110,ISOEventful,0.0303,0.22523514825544833,
isd_individual_iso_prediction__isd__tong_style_reduced_rf__seed2028,isd_individual_iso_prediction,ISD,dev,ISD_EustonTap_EustonTap1_ET111_R1300,ISD_EustonTap_EustonTap1_ET111,ISOEventful,0.0,0.20476623174048175,
isd_individual_iso_prediction__isd__tong_style_reduced_rf__seed2028,isd_individual_iso_prediction,ISD,dev,ISD_EustonTap_EustonTap1_ET111_R1301,ISD_EustonTap_EustonTap1_ET111,ISOEventful,0.0858,0.1610417041791542,
isd_individual_iso_prediction__isd__tong_style_reduced_rf__seed2028,isd_individual_iso_prediction,ISD,dev,ISD_EustonTap_EustonTap1_ET112_R1302,ISD_EustonTap_EustonTap1_ET112,ISOEventful,0.4268,0.15337559087579086,
isd_individual_iso_prediction__isd__tong_style_reduced_rf__seed2028,isd_individual_iso_prediction,ISD,dev,ISD_EustonTap_EustonTap1_ET113_R1303,ISD_EustonTap_EustonTap1_ET113,ISOEventful,-0.1036,0.1514729239963739,
isd_individual_iso_prediction__isd__tong_style_reduced_rf__seed2028,isd_individual_iso_prediction,ISD,dev,ISD_EustonTap_EustonTap1_ET115_R1306,ISD_EustonTap_EustonTap1_ET115,ISOEventful,-0.1036,0.3567678968577718,
isd_individual_iso_prediction__isd__tong_style_reduced_rf__seed2028,isd_individual_iso_prediction,ISD,dev,ISD_EustonTap_EustonTap1_ET115_R1308,ISD_EustonTap_EustonTap1_ET115,ISOEventful,0.0126,0.3439537603091352,
isd_individual_iso_prediction__isd__tong_style_reduced_rf__seed2028,isd_individual_iso_prediction,ISD,dev,ISD_EustonTap_EustonTap1_ET115_R1309,ISD_EustonTap_EustonTap1_ET115,ISOEventful,-0.0607,0.3549065217254967,
isd_individual_iso_prediction__isd__tong_style_reduced_rf__seed2028,isd_individual_iso_prediction,ISD,dev,ISD_EustonTap_EustonTap1_ET116_R1305,ISD_EustonTap_EustonTap1_ET116,ISOEventful,-0.3536,0.09914289186739185,
isd_individual_iso_prediction__isd__tong_style_reduced_rf__seed2028,isd_individual_iso_prediction,ISD,dev,ISD_EustonTap_EustonTap1_ET117_R1311,ISD_EustonTap_EustonTap1_ET117,ISOEventful,0.5,0.02792912523032524,
isd_individual_iso_prediction__isd__tong_style_reduced_rf__seed2028,isd_individual_iso_prediction,ISD,dev,ISD_EustonTap_EustonTap1_ET118_R1307,ISD_EustonTap_EustonTap1_ET118,ISOEventful,0.4268,0.2582167859695858,
isd_individual_iso_prediction__isd__tong_style_reduced_rf__seed2028,isd_individual_iso_prediction,ISD,dev,ISD_EustonTap_EustonTap1_ET118_R1310,ISD_EustonTap_EustonTap1_ET118,ISOEventful,0.6768,0.2420144602601103,
isd_individual_iso_prediction__isd__tong_style_reduced_rf__seed2028,isd_individual_iso_prediction,ISD,dev,ISD_EustonTap_EustonTap1_ET118_R1312,ISD_EustonTap_EustonTap1_ET118,ISOEventful,0.2197,0.26384108143615637,
isd_individual_iso_prediction__isd__tong_style_reduced_rf__seed2028,isd_individual_iso_prediction,ISD,dev,ISD_EustonTap_EustonTap1_ET118_R1313,ISD_EustonTap_EustonTap1_ET118,ISOEventful,-0.1945,0.25494101933899416,
isd_individual_iso_prediction__isd__tong_style_reduced_rf__seed2028,isd_individual_iso_prediction,ISD,dev,ISD_EustonTap_EustonTap1_ET119_R1314,ISD_EustonTap_EustonTap1_ET119,ISOEventful,0.1768,0.17850841985976995,
isd_individual_iso_prediction__isd__tong_style_reduced_rf__seed2028,isd_individual_iso_prediction,ISD,dev,ISD_EustonTap_EustonTap1_ET120_R1315,ISD_EustonTap_EustonTap1_ET120,ISOEventful,0.5303,0.16494027495976246,
isd_individual_iso_prediction__isd__tong_style_reduced_rf__seed2028,isd_individual_iso_prediction,ISD,dev,ISD_EustonTap_EustonTap1_ET120_R1316,ISD_EustonTap_EustonTap1_ET120,ISOEventful,0.4268,0.16494027495976246,
isd_individual_iso_prediction__isd__tong_style_reduced_rf__seed2028,isd_individual_iso_prediction,ISD,dev,ISD_EustonTap_EustonTap1_ET121_R1317,ISD_EustonTap_EustonTap1_ET121,ISOEventful,0.341,0.24028775083620094,
isd_individual_iso_prediction__isd__tong_style_reduced_rf__seed2028,isd_individual_iso_prediction,ISD,dev,ISD_EustonTap_EustonTap1_ET122_R1318,ISD_EustonTap_EustonTap1_ET122,ISOEventful,0.1464,0.09031899018620271,
isd_individual_iso_prediction__isd__tong_style_reduced_rf__seed2028,isd_individual_iso_prediction,ISD,dev,ISD_EustonTap_EustonTap1_ET122_R1319,ISD_EustonTap_EustonTap1_ET122,ISOEventful,0.2322,0.10277430301689054,
isd_individual_iso_prediction__isd__tong_style_reduced_rf__seed2028,isd_individual_iso_prediction,ISD,dev,ISD_EustonTap_EustonTap1_ET123_R1320,ISD_EustonTap_EustonTap1_ET123,ISOEventful,0.3964,0.23699255262052746,
isd_individual_iso_prediction__isd__tong_style_reduced_rf__seed2028,isd_individual_iso_prediction,ISD,dev,ISD_EustonTap_EustonTap1_ET123_R1321,ISD_EustonTap_EustonTap1_ET123,ISOEventful,0.5732,0.23576822083842064,
isd_individual_iso_prediction__isd__tong_style_reduced_rf__seed2028,isd_individual_iso_prediction,ISD,dev,ISD_EustonTap_EustonTap1_ET123_R1322,ISD_EustonTap_EustonTap1_ET123,ISOEventful,-0.1464,0.15891292970085458,
isd_individual_iso_prediction__isd__tong_style_reduced_rf__seed2028,isd_individual_iso_prediction,ISD,dev,ISD_EustonTap_EustonTap1_ET124_R1323,ISD_EustonTap_EustonTap1_ET124,ISOEventful,-0.341,0.16310248278665784,
isd_individual_iso_prediction__isd__tong_style_reduced_rf__seed2028,isd_individual_iso_prediction,ISD,dev,ISD_EustonTap_EustonTap1_ET124_R1324,ISD_EustonTap_EustonTap1_ET124,ISOEventful,0.0,0.19091587896270387,
isd_individual_iso_prediction__isd__tong_style_reduced_rf__seed2028,isd_individual_iso_prediction,ISD,dev,ISD_EustonTap_EustonTap1_ET125_R1325,ISD_EustonTap_EustonTap1_ET125,ISOEventful,0.25,0.18138266291763788,
isd_individual_iso_prediction__isd__tong_style_reduced_rf__seed2028,isd_individual_iso_prediction,ISD,dev,ISD_EustonTap_EustonTap2_ET201_R1326,ISD_EustonTap_EustonTap2_ET201,ISOEventful,0.7803,0.14506288060180558,
isd_individual_iso_prediction__isd__tong_style_reduced_rf__seed2028,isd_individual_iso_prediction,ISD,dev,ISD_EustonTap_EustonTap2_ET201_R1327,ISD_EustonTap_EustonTap2_ET201,ISOEventful,0.0858,0.0715690361166611,
isd_individual_iso_prediction__isd__tong_style_reduced_rf__seed2028,isd_individual_iso_prediction,ISD,dev,ISD_EustonTap_EustonTap2_ET201_R1328,ISD_EustonTap_EustonTap2_ET201,ISOEventful,0.3055,0.07564084826192327,
isd_individual_iso_prediction__isd__tong_style_reduced_rf__seed2028,isd_individual_iso_prediction,ISD,dev,ISD_EustonTap_EustonTap2_ET202_R1329,ISD_EustonTap_EustonTap2_ET202,ISOEventful,0.5732,0.3331379686091687,
isd_individual_iso_prediction__isd__tong_style_reduced_rf__seed2028,isd_individual_iso_prediction,ISD,dev,ISD_EustonTap_EustonTap2_ET203_R1330,ISD_EustonTap_EustonTap2_ET203,ISOEventful,0.2197,0.21927979179524157,
isd_individual_iso_prediction__isd__tong_style_reduced_rf__seed2028,isd_individual_iso_prediction,ISD,dev,ISD_EustonTap_EustonTap2_ET205_R1332,ISD_EustonTap_EustonTap2_ET205,ISOEventful,0.0126,0.21327864220131715,
isd_individual_iso_prediction__isd__tong_style_reduced_rf__seed2028,isd_individual_iso_prediction,ISD,dev,ISD_EustonTap_EustonTap2_ET205_R1333,ISD_EustonTap_EustonTap2_ET205,ISOEventful,0.6768,0.2035496669367669,
isd_individual_iso_prediction__isd__tong_style_reduced_rf__seed2028,isd_individual_iso_prediction,ISD,dev,ISD_EustonTap_EustonTap2_ET206_R1334,ISD_EustonTap_EustonTap2_ET206,ISOEventful,0.2197,0.15433202172827185,
isd_individual_iso_prediction__isd__tong_style_reduced_rf__seed2028,isd_individual_iso_prediction,ISD,dev,ISD_EustonTap_EustonTap2_ET206_R1335,ISD_EustonTap_EustonTap2_ET206,ISOEventful,0.3232,0.16962756979131977,
isd_individual_iso_prediction__isd__tong_style_reduced_rf__seed2028,isd_individual_iso_prediction,ISD,dev,ISD_EustonTap_EustonTap2_ET206_R1336,ISD_EustonTap_EustonTap2_ET206,ISOEventful,0.5732,0.1898250595173344,
isd_individual_iso_prediction__isd__tong_style_reduced_rf__seed2028,isd_individual_iso_prediction,ISD,dev,ISD_EustonTap_EustonTap2_ET207_R1338,ISD_EustonTap_EustonTap2_ET207,ISOEventful,0.8232,0.14929765089632588,
isd_individual_iso_prediction__isd__tong_style_reduced_rf__seed2028,isd_individual_iso_prediction,ISD,dev,ISD_EustonTap_EustonTap2_ET207_R1339,ISD_EustonTap_EustonTap2_ET207,ISOEventful,0.4697,0.18240546324601326,
isd_individual_iso_prediction__isd__tong_style_reduced_rf__seed2028,isd_individual_iso_prediction,ISD,dev,ISD_EustonTap_EustonTap2_ET207_R1340,ISD_EustonTap_EustonTap2_ET207,ISOEventful,0.1768,0.1891078564518815,
isd_individual_iso_prediction__isd__tong_style_reduced_rf__seed2028,isd_individual_iso_prediction,ISD,dev,ISD_EustonTap_EustonTap2_ET207_R1341,ISD_EustonTap_EustonTap2_ET207,ISOEventful,0.0,0.21545824229844215,
isd_individual_iso_prediction__isd__tong_style_reduced_rf__seed2028,isd_individual_iso_prediction,ISD,dev,ISD_EustonTap_EustonTap2_ET210_R1345,ISD_EustonTap_EustonTap2_ET210,ISOEventful,0.159,0.1292420422013172,
isd_individual_iso_prediction__isd__tong_style_reduced_rf__seed2028,isd_individual_iso_prediction,ISD,dev,ISD_EustonTap_EustonTap2_ET211_R1346,ISD_EustonTap_EustonTap2_ET211,ISOEventful,-0.3232,0.23458483495485993,
isd_individual_iso_prediction__isd__tong_style_reduced_rf__seed2028,isd_individual_iso_prediction,ISD,dev,ISD_EustonTap_EustonTap2_ET212_R1347,ISD_EustonTap_EustonTap2_ET212,ISOEventful,0.1893,0.13609505512913014,
isd_individual_iso_prediction__isd__tong_style_reduced_rf__seed2028,isd_individual_iso_prediction,ISD,dev,ISD_EustonTap_EustonTap2_ET212_R1348,ISD_EustonTap_EustonTap2_ET212,ISOEventful,0.2929,0.14233012510267504,
isd_individual_iso_prediction__isd__tong_style_reduced_rf__seed2028,isd_individual_iso_prediction,ISD,dev,ISD_EustonTap_EustonTap2_ET213_R1349,ISD_EustonTap_EustonTap2_ET213,ISOEventful,0.2374,0.14930257650960146,
isd_individual_iso_prediction__isd__tong_style_reduced_rf__seed2028,isd_individual_iso_prediction,ISD,dev,ISD_EustonTap_EustonTap2_ET214_R1350,ISD_EustonTap_EustonTap2_ET214,ISOEventful,0.6036,0.24367661682946698,
isd_individual_iso_prediction__isd__tong_style_reduced_rf__seed2028,isd_individual_iso_prediction,ISD,dev,ISD_EustonTap_EustonTap2_ET215_R1351,ISD_EustonTap_EustonTap2_ET215,ISOEventful,0.1768,0.21562829238261733,
isd_individual_iso_prediction__isd__tong_style_reduced_rf__seed2028,isd_individual_iso_prediction,ISD,dev,ISD_EustonTap_EustonTap2_ET216_R1352,ISD_EustonTap_EustonTap2_ET216,ISOEventful,0.7197,0.22175532213249724,
isd_individual_iso_prediction__isd__tong_style_reduced_rf__seed2028,isd_individual_iso_prediction,ISD,dev,ISD_EustonTap_EustonTap2_ET218_R1355,ISD_EustonTap_EustonTap2_ET218,ISOEventful,0.0429,0.08944913788988783,
isd_individual_iso_prediction__isd__tong_style_reduced_rf__seed2028,isd_individual_iso_prediction,ISD,dev,ISD_EustonTap_EustonTap2_ET218_R1356,ISD_EustonTap_EustonTap2_ET218,ISOEventful,0.0,0.19990749400969396,
isd_individual_iso_prediction__isd__tong_style_reduced_rf__seed2028,isd_individual_iso_prediction,ISD,dev,ISD_EustonTap_EustonTap2_ET219_R1357,ISD_EustonTap_EustonTap2_ET219,ISOEventful,0.0303,0.33502459803437323,
isd_individual_iso_prediction__isd__tong_style_reduced_rf__seed2028,isd_individual_iso_prediction,ISD,dev,ISD_EustonTap_EustonTap2_ET219_R1358,ISD_EustonTap_EustonTap2_ET219,ISOEventful,-0.1036,0.31589971443833964,
isd_individual_iso_prediction__isd__tong_style_reduced_rf__seed2028,isd_individual_iso_prediction,ISD,dev,ISD_EustonTap_EustonTap2_ET220_R1359,ISD_EustonTap_EustonTap2_ET220,ISOEventful,0.0126,0.2369238331289079,
isd_individual_iso_prediction__isd__tong_style_reduced_rf__seed2028,isd_individual_iso_prediction,ISD,dev,ISD_EustonTap_EustonTap2_ET221_R1360,ISD_EustonTap_EustonTap2_ET221,ISOEventful,0.4571,0.19380085569523064,
isd_individual_iso_prediction__isd__tong_style_reduced_rf__seed2028,isd_individual_iso_prediction,ISD,dev,ISD_EustonTap_EustonTap2_ET221_R1361,ISD_EustonTap_EustonTap2_ET221,ISOEventful,0.0732,0.2036431761544012,
isd_individual_iso_prediction__isd__tong_style_reduced_rf__seed2028,isd_individual_iso_prediction,ISD,dev,ISD_EustonTap_EustonTap2_ET222_R1362,ISD_EustonTap_EustonTap2_ET222,ISOEventful,0.5732,0.13804235405890405,
isd_individual_iso_prediction__isd__tong_style_reduced_rf__seed2028,isd_individual_iso_prediction,ISD,dev,ISD_EustonTap_EustonTap3_ET302_R1366,ISD_EustonTap_EustonTap3_ET302,ISOEventful,-0.1768,0.1523906065832316,
isd_individual_iso_prediction__isd__tong_style_reduced_rf__seed2028,isd_individual_iso_prediction,ISD,dev,ISD_EustonTap_EustonTap3_ET302_R1367,ISD_EustonTap_EustonTap3_ET302,ISOEventful,0.0,0.16207546317293822,
isd_individual_iso_prediction__isd__tong_style_reduced_rf__seed2028,isd_individual_iso_prediction,ISD,dev,ISD_EustonTap_EustonTap3_ET303_R1370,ISD_EustonTap_EustonTap3_ET303,ISOEventful,0.1036,0.15673261426443932,
isd_individual_iso_prediction__isd__tong_style_reduced_rf__seed2028,isd_individual_iso_prediction,ISD,dev,ISD_EustonTap_EustonTap3_ET303_R1371,ISD_EustonTap_EustonTap3_ET303,ISOEventful,0.1768,0.15392402467347466,
isd_individual_iso_prediction__isd__tong_style_reduced_rf__seed2028,isd_individual_iso_prediction,ISD,dev,ISD_EustonTap_EustonTap3_ET303_R1372,ISD_EustonTap_EustonTap3_ET303,ISOEventful,0.1464,0.1277218102961852,
isd_individual_iso_prediction__isd__tong_style_reduced_rf__seed2028,isd_individual_iso_prediction,ISD,dev,ISD_EustonTap_EustonTap3_ET304_R1373,ISD_EustonTap_EustonTap3_ET304,ISOEventful,-0.5,0.07254434965127464,
isd_individual_iso_prediction__isd__tong_style_reduced_rf__seed2028,isd_individual_iso_prediction,ISD,dev,ISD_EustonTap_EustonTap3_ET305_R1374,ISD_EustonTap_EustonTap3_ET305,ISOEventful,0.0126,0.05305323286990789,
isd_individual_iso_prediction__isd__tong_style_reduced_rf__seed2028,isd_individual_iso_prediction,ISD,dev,ISD_EustonTap_EustonTap3_ET306_R1375,ISD_EustonTap_EustonTap3_ET306,ISOEventful,0.8232,0.21831573247955754,
isd_individual_iso_prediction__isd__tong_style_reduced_rf__seed2028,isd_individual_iso_prediction,ISD,dev,ISD_EustonTap_EustonTap3_ET306_R1376,ISD_EustonTap_EustonTap3_ET306,ISOEventful,0.0732,0.1795798712361712,
isd_individual_iso_prediction__isd__tong_style_reduced_rf__seed2028,isd_individual_iso_prediction,ISD,dev,ISD_EustonTap_EustonTap3_ET306_R1377,ISD_EustonTap_EustonTap3_ET306,ISOEventful,0.1464,0.21831573247955754,
isd_individual_iso_prediction__isd__tong_style_reduced_rf__seed2028,isd_individual_iso_prediction,ISD,dev,ISD_EustonTap_EustonTap3_ET306_R1378,ISD_EustonTap_EustonTap3_ET306,ISOEventful,0.2803,0.21831573247955754,
isd_individual_iso_prediction__isd__tong_style_reduced_rf__seed2028,isd_individual_iso_prediction,ISD,dev,ISD_EustonTap_EustonTap3_ET306_R1379,ISD_EustonTap_EustonTap3_ET306,ISOEventful,0.0607,0.2130875278499278,
isd_individual_iso_prediction__isd__tong_style_reduced_rf__seed2028,isd_individual_iso_prediction,ISD,dev,ISD_EustonTap_EustonTap3_ET307_R1380,ISD_EustonTap_EustonTap3_ET307,ISOEventful,0.7071,0.10227798621841122,
isd_individual_iso_prediction__isd__tong_style_reduced_rf__seed2028,isd_individual_iso_prediction,ISD,dev,ISD_EustonTap_EustonTap3_ET307_R1381,ISD_EustonTap_EustonTap3_ET307,ISOEventful,0.1464,0.10358134913327412,
isd_individual_iso_prediction__isd__tong_style_reduced_rf__seed2028,isd_individual_iso_prediction,ISD,dev,ISD_EustonTap_EustonTap3_ET307_R1382,ISD_EustonTap_EustonTap3_ET307,ISOEventful,0.5,0.07154240112942609,
isd_individual_iso_prediction__isd__tong_style_reduced_rf__seed2028,isd_individual_iso_prediction,ISD,dev,ISD_EustonTap_EustonTap3_ET308_R1383,ISD_EustonTap_EustonTap3_ET308,ISOEventful,-0.0732,0.11367173476893472,
isd_individual_iso_prediction__isd__tong_style_reduced_rf__seed2028,isd_individual_iso_prediction,ISD,dev,ISD_EustonTap_EustonTap3_ET310_R1385,ISD_EustonTap_EustonTap3_ET310,ISOEventful,-0.5,0.2191773686628188,
isd_individual_iso_prediction__isd__tong_style_reduced_rf__seed2028,isd_individual_iso_prediction,ISD,dev,ISD_EustonTap_EustonTap3_ET310_R1386,ISD_EustonTap_EustonTap3_ET310,ISOEventful,0.1768,0.17643127690457694,
isd_individual_iso_prediction__isd__tong_style_reduced_rf__seed2028,isd_individual_iso_prediction,ISD,dev,ISD_EustonTap_EustonTap3_ET311_R1387,ISD_EustonTap_EustonTap3_ET311,ISOEventful,0.6036,0.2639350826682577,
isd_individual_iso_prediction__isd__tong_style_reduced_rf__seed2028,isd_individual_iso_prediction,ISD,dev,ISD_EustonTap_EustonTap3_ET312_R1388,ISD_EustonTap_EustonTap3_ET312,ISOEventful,0.1893,0.11642337321474815,
isd_individual_iso_prediction__isd__tong_style_reduced_rf__seed2028,isd_individual_iso_prediction,ISD,dev,ISD_EustonTap_EustonTap3_ET313_R1389,ISD_EustonTap_EustonTap3_ET313,ISOEventful,0.0732,0.01056672680930181,
isd_individual_iso_prediction__isd__tong_style_reduced_rf__seed2028,isd_individual_iso_prediction,ISD,dev,ISD_EustonTap_EustonTap3_ET314_R1390,ISD_EustonTap_EustonTap3_ET314,ISOEventful,0.6768,0.2508533534798534,
isd_individual_iso_prediction__isd__tong_style_reduced_rf__seed2028,isd_individual_iso_prediction,ISD,dev,ISD_EustonTap_EustonTap3_ET314_R1391,ISD_EustonTap_EustonTap3_ET314,ISOEventful,0.3536,0.23051061950271934,
isd_individual_iso_prediction__isd__tong_style_reduced_rf__seed2028,isd_individual_iso_prediction,ISD,dev,ISD_MarchmontGarden_MarchmontGarden1_MC101_R269,ISD_MarchmontGarden_MarchmontGarden1_MC101,ISOEventful,-0.0303,0.10468727602027608,
isd_individual_iso_prediction__isd__tong_style_reduced_rf__seed2028,isd_individual_iso_prediction,ISD,dev,ISD_MarchmontGarden_MarchmontGarden1_MC102_R270,ISD_MarchmontGarden_MarchmontGarden1_MC102,ISOEventful,-0.25,-0.005925010223110232,
isd_individual_iso_prediction__isd__tong_style_reduced_rf__seed2028,isd_individual_iso_prediction,ISD,dev,ISD_MarchmontGarden_MarchmontGarden1_MC103_R271,ISD_MarchmontGarden_MarchmontGarden1_MC103,ISOEventful,0.2071,0.057527169227994224,
isd_individual_iso_prediction__isd__tong_style_reduced_rf__seed2028,isd_individual_iso_prediction,ISD,dev,ISD_MarchmontGarden_MarchmontGarden1_MC104_R272,ISD_MarchmontGarden_MarchmontGarden1_MC104,ISOEventful,-0.5,0.10715880642228143,
isd_individual_iso_prediction__isd__tong_style_reduced_rf__seed2028,isd_individual_iso_prediction,ISD,dev,ISD_MarchmontGarden_MarchmontGarden1_MC105_R273,ISD_MarchmontGarden_MarchmontGarden1_MC105,ISOEventful,-0.0732,0.047882422752247765,
isd_individual_iso_prediction__isd__tong_style_reduced_rf__seed2028,isd_individual_iso_prediction,ISD,dev,ISD_MarchmontGarden_MarchmontGarden1_MC105_R274,ISD_MarchmontGarden_MarchmontGarden1_MC105,ISOEventful,-0.0732,0.06567614135494129,
isd_individual_iso_prediction__isd__tong_style_reduced_rf__seed2028,isd_individual_iso_prediction,ISD,dev,ISD_MarchmontGarden_MarchmontGarden1_MC106_R275,ISD_MarchmontGarden_MarchmontGarden1_MC106,ISOEventful,0.1768,0.014497190764790752,
isd_individual_iso_prediction__isd__tong_style_reduced_rf__seed2028,isd_individual_iso_prediction,ISD,dev,ISD_MarchmontGarden_MarchmontGarden1_MC108_R277,ISD_MarchmontGarden_MarchmontGarden1_MC108,ISOEventful,-0.3536,0.04454629086099088,
isd_individual_iso_prediction__isd__tong_style_reduced_rf__seed2028,isd_individual_iso_prediction,ISD,dev,ISD_MarchmontGarden_MarchmontGarden1_MC110_R278,ISD_MarchmontGarden_MarchmontGarden1_MC110,ISOEventful,0.2071,0.08428220702260705,
isd_individual_iso_prediction__isd__tong_style_reduced_rf__seed2028,isd_individual_iso_prediction,ISD,dev,ISD_MarchmontGarden_MarchmontGarden1_MC111_R279,ISD_MarchmontGarden_MarchmontGarden1_MC111,ISOEventful,-0.2803,0.04953944282199284,
isd_individual_iso_prediction__isd__tong_style_reduced_rf__seed2028,isd_individual_iso_prediction,ISD,dev,ISD_MarchmontGarden_MarchmontGarden1_MC111_R280,ISD_MarchmontGarden_MarchmontGarden1_MC111,ISOEventful,-0.4393,0.042225753584378606,
isd_individual_iso_prediction__isd__tong_style_reduced_rf__seed2028,isd_individual_iso_prediction,ISD,dev,ISD_MarchmontGarden_MarchmontGarden1_MC112_R281,ISD_MarchmontGarden_MarchmontGarden1_MC112,ISOEventful,0.0732,-0.031820372477522445,
isd_individual_iso_prediction__isd__tong_style_reduced_rf__seed2028,isd_individual_iso_prediction,ISD,dev,ISD_MarchmontGarden_MarchmontGarden1_MC114_R282,ISD_MarchmontGarden_MarchmontGarden1_MC114,ISOEventful,0.1464,0.04059820389332892,
isd_individual_iso_prediction__isd__tong_style_reduced_rf__seed2028,isd_individual_iso_prediction,ISD,dev,ISD_MarchmontGarden_MarchmontGarden1_MC115_R283,ISD_MarchmontGarden_MarchmontGarden1_MC115,ISOEventful,0.0,0.05154856695526697,
isd_individual_iso_prediction__isd__tong_style_reduced_rf__seed2028,isd_individual_iso_prediction,ISD,dev,ISD_MarchmontGarden_MarchmontGarden1_MC116_R284,ISD_MarchmontGarden_MarchmontGarden1_MC116,ISOEventful,0.6464,0.2669825125393123,
isd_individual_iso_prediction__isd__tong_style_reduced_rf__seed2028,isd_individual_iso_prediction,ISD,dev,ISD_MarchmontGarden_MarchmontGarden1_MC116_R285,ISD_MarchmontGarden_MarchmontGarden1_MC116,ISOEventful,0.0126,0.2670701815869314,
isd_individual_iso_prediction__isd__tong_style_reduced_rf__seed2028,isd_individual_iso_prediction,ISD,dev,ISD_MarchmontGarden_MarchmontGarden1_MC118_R287,ISD_MarchmontGarden_MarchmontGarden1_MC118,ISOEventful,0.0,0.2504216479797981,
isd_individual_iso_prediction__isd__tong_style_reduced_rf__seed2028,isd_individual_iso_prediction,ISD,dev,ISD_MarchmontGarden_MarchmontGarden1_MC118_R288,ISD_MarchmontGarden_MarchmontGarden1_MC118,ISOEventful,0.25,0.2504216479797981,
isd_individual_iso_prediction__isd__tong_style_reduced_rf__seed2028,isd_individual_iso_prediction,ISD,dev,ISD_MarchmontGarden_MarchmontGarden1_MC118_R289,ISD_MarchmontGarden_MarchmontGarden1_MC118,ISOEventful,0.7071,0.2609364159331411,
isd_individual_iso_prediction__isd__tong_style_reduced_rf__seed2028,isd_individual_iso_prediction,ISD,dev,ISD_MarchmontGarden_MarchmontGarden1_MC119_R290,ISD_MarchmontGarden_MarchmontGarden1_MC119,ISOEventful,-0.3536,0.05935340692640692,
isd_individual_iso_prediction__isd__tong_style_reduced_rf__seed2028,isd_individual_iso_prediction,ISD,dev,ISD_MarchmontGarden_MarchmontGarden1_MC119_R291,ISD_MarchmontGarden_MarchmontGarden1_MC119,ISOEventful,-0.0732,0.05119212756132753,
isd_individual_iso_prediction__isd__tong_style_reduced_rf__seed2028,isd_individual_iso_prediction,ISD,dev,ISD_MarchmontGarden_MarchmontGarden1_MC120_R292,ISD_MarchmontGarden_MarchmontGarden1_MC120,ISOEventful,0.4142,-0.03323978922558924,
isd_individual_iso_prediction__isd__tong_style_reduced_rf__seed2028,isd_individual_iso_prediction,ISD,dev,ISD_MarchmontGarden_MarchmontGarden1_MC120_R293,ISD_MarchmontGarden_MarchmontGarden1_MC120,ISOEventful,-0.3107,-0.019972914262589264,
isd_individual_iso_prediction__isd__tong_style_reduced_rf__seed2028,isd_individual_iso_prediction,ISD,dev,ISD_MarchmontGarden_MarchmontGarden1_MC121_R294,ISD_MarchmontGarden_MarchmontGarden1_MC121,ISOEventful,0.0607,0.0473483574980575,
isd_individual_iso_prediction__isd__tong_style_reduced_rf__seed2028,isd_individual_iso_prediction,ISD,dev,ISD_MarchmontGarden_MarchmontGarden1_MC121_R295,ISD_MarchmontGarden_MarchmontGarden1_MC121,ISOEventful,0.0303,0.052666007954082945,
isd_individual_iso_prediction__isd__tong_style_reduced_rf__seed2028,isd_individual_iso_prediction,ISD,dev,ISD_MarchmontGarden_MarchmontGarden1_MC122_R296,ISD_MarchmontGarden_MarchmontGarden1_MC122,ISOEventful,0.0303,0.07006664434916936,
isd_individual_iso_prediction__isd__tong_style_reduced_rf__seed2028,isd_individual_iso_prediction,ISD,dev,ISD_MarchmontGarden_MarchmontGarden1_MC127_R298,ISD_MarchmontGarden_MarchmontGarden1_MC127,ISOEventful,-0.1036,-0.03392871568246567,
isd_individual_iso_prediction__isd__tong_style_reduced_rf__seed2028,isd_individual_iso_prediction,ISD,dev,ISD_MarchmontGarden_MarchmontGarden1_MC129_R300,ISD_MarchmontGarden_MarchmontGarden1_MC129,ISOEventful,-0.2197,0.05851688661616161,
isd_individual_iso_prediction__isd__tong_style_reduced_rf__seed2028,isd_individual_iso_prediction,ISD,dev,ISD_MarchmontGarden_MarchmontGarden2_MC203_R306,ISD_MarchmontGarden_MarchmontGarden2_MC203,ISOEventful,-0.0732,0.018830828631553633,
isd_individual_iso_prediction__isd__tong_style_reduced_rf__seed2028,isd_individual_iso_prediction,ISD,dev,ISD_MarchmontGarden_MarchmontGarden2_MC204_R302,ISD_MarchmontGarden_MarchmontGarden2_MC204,ISOEventful,0.2929,0.05415612245994746,
isd_individual_iso_prediction__isd__tong_style_reduced_rf__seed2028,isd_individual_iso_prediction,ISD,dev,ISD_MarchmontGarden_MarchmontGarden2_MC206_R303,ISD_MarchmontGarden_MarchmontGarden2_MC206,ISOEventful,-0.3536,0.046961372720797694,
isd_individual_iso_prediction__isd__tong_style_reduced_rf__seed2028,isd_individual_iso_prediction,ISD,dev,ISD_MarchmontGarden_MarchmontGarden2_MC207_R304,ISD_MarchmontGarden_MarchmontGarden2_MC207,ISOEventful,-0.1036,-0.03236006783309282,
isd_individual_iso_prediction__isd__tong_style_reduced_rf__seed2028,isd_individual_iso_prediction,ISD,dev,ISD_MarchmontGarden_MarchmontGarden3_MC301_R309,ISD_MarchmontGarden_MarchmontGarden3_MC301,ISOEventful,0.3536,0.012267683314833314,
isd_individual_iso_prediction__isd__tong_style_reduced_rf__seed2028,isd_individual_iso_prediction,ISD,dev,ISD_MarchmontGarden_MarchmontGarden3_MC302_R308,ISD_MarchmontGarden_MarchmontGarden3_MC302,ISOEventful,0.7071,0.004699524843674844,
isd_individual_iso_prediction__isd__tong_style_reduced_rf__seed2028,isd_individual_iso_prediction,ISD,dev,ISD_MarchmontGarden_MarchmontGarden3_MC302_R335,ISD_MarchmontGarden_MarchmontGarden3_MC302,ISOEventful,-0.1768,0.06412995355940357,
isd_individual_iso_prediction__isd__tong_style_reduced_rf__seed2028,isd_individual_iso_prediction,ISD,dev,ISD_MarchmontGarden_MarchmontGarden3_MC303_R310,ISD_MarchmontGarden_MarchmontGarden3_MC303,ISOEventful,-0.2803,0.05237914895382398,
isd_individual_iso_prediction__isd__tong_style_reduced_rf__seed2028,isd_individual_iso_prediction,ISD,dev,ISD_MarchmontGarden_MarchmontGarden3_MC307_R313,ISD_MarchmontGarden_MarchmontGarden3_MC307,ISOEventful,-0.2197,0.04935396209716216,
isd_individual_iso_prediction__isd__tong_style_reduced_rf__seed2028,isd_individual_iso_prediction,ISD,dev,ISD_MarchmontGarden_MarchmontGarden3_MC308_R314,ISD_MarchmontGarden_MarchmontGarden3_MC308,ISOEventful,-0.2803,-0.05761785234487738,
isd_individual_iso_prediction__isd__tong_style_reduced_rf__seed2028,isd_individual_iso_prediction,ISD,dev,ISD_MarchmontGarden_MarchmontGarden3_MC309_R315,ISD_MarchmontGarden_MarchmontGarden3_MC309,ISOEventful,-0.25,0.1183316419672919,
isd_individual_iso_prediction__isd__tong_style_reduced_rf__seed2028,isd_individual_iso_prediction,ISD,dev,ISD_MarchmontGarden_MarchmontGarden3_MC310_R316,ISD_MarchmontGarden_MarchmontGarden3_MC310,ISOEventful,0.0732,0.03637774244921744,
isd_individual_iso_prediction__isd__tong_style_reduced_rf__seed2028,isd_individual_iso_prediction,ISD,dev,ISD_MarchmontGarden_MarchmontGarden3_MC311_R317,ISD_MarchmontGarden_MarchmontGarden3_MC311,ISOEventful,0.0732,0.29305250239297725,
isd_individual_iso_prediction__isd__tong_style_reduced_rf__seed2028,isd_individual_iso_prediction,ISD,dev,ISD_MarchmontGarden_MarchmontGarden3_MC311_R336,ISD_MarchmontGarden_MarchmontGarden3_MC311,ISOEventful,0.0429,0.29305250239297725,
isd_individual_iso_prediction__isd__tong_style_reduced_rf__seed2028,isd_individual_iso_prediction,ISD,dev,ISD_MarchmontGarden_MarchmontGarden3_MC312_R337,ISD_MarchmontGarden_MarchmontGarden3_MC312,ISOEventful,-0.0732,-0.0038366537758537794,
isd_individual_iso_prediction__isd__tong_style_reduced_rf__seed2028,isd_individual_iso_prediction,ISD,dev,ISD_MarchmontGarden_MarchmontGarden3_MC316_R320,ISD_MarchmontGarden_MarchmontGarden3_MC316,ISOEventful,-0.1036,0.08002170863488368,
isd_individual_iso_prediction__isd__tong_style_reduced_rf__seed2028,isd_individual_iso_prediction,ISD,dev,ISD_MarchmontGarden_MarchmontGarden3_MC317_R322,ISD_MarchmontGarden_MarchmontGarden3_MC317,ISOEventful,0.0,-0.028413502429052436,
isd_individual_iso_prediction__isd__tong_style_reduced_rf__seed2028,isd_individual_iso_prediction,ISD,dev,ISD_MarchmontGarden_MarchmontGarden3_MC318_R339,ISD_MarchmontGarden_MarchmontGarden3_MC318,ISOEventful,0.0429,0.06292957872775373,
isd_individual_iso_prediction__isd__tong_style_reduced_rf__seed2028,isd_individual_iso_prediction,ISD,dev,ISD_MarchmontGarden_MarchmontGarden3_MC318_R340,ISD_MarchmontGarden_MarchmontGarden3_MC318,ISOEventful,-0.0732,0.055915500156325175,
isd_individual_iso_prediction__isd__tong_style_reduced_rf__seed2028,isd_individual_iso_prediction,ISD,dev,ISD_MarchmontGarden_MarchmontGarden3_MC319_R321,ISD_MarchmontGarden_MarchmontGarden3_MC319,ISOEventful,-0.3232,0.024461378770303764,
isd_individual_iso_prediction__isd__tong_style_reduced_rf__seed2028,isd_individual_iso_prediction,ISD,dev,ISD_MarchmontGarden_MarchmontGarden3_MC320_R338,ISD_MarchmontGarden_MarchmontGarden3_MC320,ISOEventful,0.6036,-0.04892709681337177,
isd_individual_iso_prediction__isd__tong_style_reduced_rf__seed2028,isd_individual_iso_prediction,ISD,dev,ISD_MarchmontGarden_MarchmontGarden3_MC321_R323,ISD_MarchmontGarden_MarchmontGarden3_MC321,ISOEventful,-0.0732,0.037694333333333316,
isd_individual_iso_prediction__isd__tong_style_reduced_rf__seed2028,isd_individual_iso_prediction,ISD,dev,ISD_MarchmontGarden_MarchmontGarden3_MC323_R341,ISD_MarchmontGarden_MarchmontGarden3_MC323,ISOEventful,-0.3839,0.04322292512580014,
isd_individual_iso_prediction__isd__tong_style_reduced_rf__seed2028,isd_individual_iso_prediction,ISD,dev,ISD_MarchmontGarden_MarchmontGarden3_MC324_R326,ISD_MarchmontGarden_MarchmontGarden3_MC324,ISOEventful,0.1339,0.039261515344840334,
isd_individual_iso_prediction__isd__tong_style_reduced_rf__seed2028,isd_individual_iso_prediction,ISD,dev,ISD_MarchmontGarden_MarchmontGarden3_MC325_R327,ISD_MarchmontGarden_MarchmontGarden3_MC325,ISOEventful,0.2071,0.10879032816072814,
isd_individual_iso_prediction__isd__tong_style_reduced_rf__seed2028,isd_individual_iso_prediction,ISD,dev,ISD_MarchmontGarden_MarchmontGarden3_MC328_R329,ISD_MarchmontGarden_MarchmontGarden3_MC328,ISOEventful,0.25,0.028342385895585895,
isd_individual_iso_prediction__isd__tong_style_reduced_rf__seed2028,isd_individual_iso_prediction,ISD,dev,ISD_MarchmontGarden_MarchmontGarden3_MC329_R342,ISD_MarchmontGarden_MarchmontGarden3_MC329,ISOEventful,-0.3107,0.1916288095238095,
isd_individual_iso_prediction__isd__tong_style_reduced_rf__seed2028,isd_individual_iso_prediction,ISD,dev,ISD_MarchmontGarden_MarchmontGarden3_MC330_R330,ISD_MarchmontGarden_MarchmontGarden3_MC330,ISOEventful,-0.0607,0.04220863175898175,
isd_individual_iso_prediction__isd__tong_style_reduced_rf__seed2028,isd_individual_iso_prediction,ISD,dev,ISD_MarchmontGarden_MarchmontGarden3_MC331_R331,ISD_MarchmontGarden_MarchmontGarden3_MC331,ISOEventful,-0.3839,0.047142772102897114,
isd_individual_iso_prediction__isd__tong_style_reduced_rf__seed2028,isd_individual_iso_prediction,ISD,dev,ISD_MarchmontGarden_MarchmontGarden3_MC332_R332,ISD_MarchmontGarden_MarchmontGarden3_MC332,ISOEventful,-0.0607,0.035148159403559386,
isd_individual_iso_prediction__isd__tong_style_reduced_rf__seed2028,isd_individual_iso_prediction,ISD,dev,ISD_MarchmontGarden_MarchmontGarden3_MC332_R343,ISD_MarchmontGarden_MarchmontGarden3_MC332,ISOEventful,-0.1339,0.028436730303030296,
isd_individual_iso_prediction__isd__tong_style_reduced_rf__seed2028,isd_individual_iso_prediction,ISD,dev,ISD_MarchmontGarden_MarchmontGarden3_MC333_R344,ISD_MarchmontGarden_MarchmontGarden3_MC333,ISOEventful,-0.2374,0.03248334724719723,
isd_individual_iso_prediction__isd__tong_style_reduced_rf__seed2028,isd_individual_iso_prediction,ISD,dev,ISD_MarchmontGarden_MarchmontGarden3_MC333_R345,ISD_MarchmontGarden_MarchmontGarden3_MC333,ISOEventful,-0.2071,0.032107658141858134,
isd_individual_iso_prediction__isd__tong_style_reduced_rf__seed2028,isd_individual_iso_prediction,ISD,dev,ISD_MarchmontGarden_MarchmontGarden3_MC334_R346,ISD_MarchmontGarden_MarchmontGarden3_MC334,ISOEventful,0.0732,0.04448444856717357,
isd_individual_iso_prediction__isd__tong_style_reduced_rf__seed2028,isd_individual_iso_prediction,ISD,dev,ISD_MarchmontGarden_MarchmontGarden3_MC335_R333,ISD_MarchmontGarden_MarchmontGarden3_MC335,ISOEventful,-0.3536,-0.03717113739871239,
isd_individual_iso_prediction__isd__tong_style_reduced_rf__seed2028,isd_individual_iso_prediction,ISD,dev,ISD_MarchmontGarden_MarchmontGarden3_MC336_R334,ISD_MarchmontGarden_MarchmontGarden3_MC336,ISOEventful,-0.0732,0.07761367961575465,
isd_individual_iso_prediction__isd__tong_style_reduced_rf__seed2028,isd_individual_iso_prediction,ISD,dev,ISD_MarchmontGarden_MarchmontGarden3_MC336_R347,ISD_MarchmontGarden_MarchmontGarden3_MC336,ISOEventful,0.0,0.07618069277389275,
isd_individual_iso_prediction__isd__tong_style_reduced_rf__seed2028,isd_individual_iso_prediction,ISD,dev,ISD_MarchmontGarden_MarchmontGarden4_MC401_R348,ISD_MarchmontGarden_MarchmontGarden4_MC401,ISOEventful,-0.2071,0.022948009764309763,
isd_individual_iso_prediction__isd__tong_style_reduced_rf__seed2028,isd_individual_iso_prediction,ISD,dev,ISD_MarchmontGarden_MarchmontGarden4_MC402_R349,ISD_MarchmontGarden_MarchmontGarden4_MC402,ISOEventful,-0.3232,0.04638263924963928,
isd_individual_iso_prediction__isd__tong_style_reduced_rf__seed2028,isd_individual_iso_prediction,ISD,dev,ISD_MarchmontGarden_MarchmontGarden4_MC402_R350,ISD_MarchmontGarden_MarchmontGarden4_MC402,ISOEventful,0.2803,0.06376761803751804,
isd_individual_iso_prediction__isd__tong_style_reduced_rf__seed2028,isd_individual_iso_prediction,ISD,dev,ISD_MarchmontGarden_MarchmontGarden4_MC404_R352,ISD_MarchmontGarden_MarchmontGarden4_MC404,ISOEventful,0.3536,0.1534806822029822,
isd_individual_iso_prediction__isd__tong_style_reduced_rf__seed2028,isd_individual_iso_prediction,ISD,dev,ISD_MarchmontGarden_MarchmontGarden4_MC404_R353,ISD_MarchmontGarden_MarchmontGarden4_MC404,ISOEventful,-0.2197,0.1534806822029822,
isd_individual_iso_prediction__isd__tong_style_reduced_rf__seed2028,isd_individual_iso_prediction,ISD,dev,ISD_MarchmontGarden_MarchmontGarden4_MC404_R418,ISD_MarchmontGarden_MarchmontGarden4_MC404,ISOEventful,0.2071,0.18045033774651292,
isd_individual_iso_prediction__isd__tong_style_reduced_rf__seed2028,isd_individual_iso_prediction,ISD,dev,ISD_MarchmontGarden_MarchmontGarden4_MC404_R419,ISD_MarchmontGarden_MarchmontGarden4_MC404,ISOEventful,0.0,0.16818716975709483,
isd_individual_iso_prediction__isd__tong_style_reduced_rf__seed2028,isd_individual_iso_prediction,ISD,dev,ISD_MarchmontGarden_MarchmontGarden4_MC405_R354,ISD_MarchmontGarden_MarchmontGarden4_MC405,ISOEventful,-0.1464,0.01239397997650498,
isd_individual_iso_prediction__isd__tong_style_reduced_rf__seed2028,isd_individual_iso_prediction,ISD,dev,ISD_MarchmontGarden_MarchmontGarden4_MC406_R355,ISD_MarchmontGarden_MarchmontGarden4_MC406,ISOEventful,0.5303,0.06413687886095384,
isd_individual_iso_prediction__isd__tong_style_reduced_rf__seed2028,isd_individual_iso_prediction,ISD,dev,ISD_MarchmontGarden_MarchmontGarden4_MC407_R356,ISD_MarchmontGarden_MarchmontGarden4_MC407,ISOEventful,-0.2071,0.2076160346200096,
isd_individual_iso_prediction__isd__tong_style_reduced_rf__seed2028,isd_individual_iso_prediction,ISD,dev,ISD_MarchmontGarden_MarchmontGarden4_MC407_R357,ISD_MarchmontGarden_MarchmontGarden4_MC407,ISOEventful,-0.1036,0.17806769669312164,
isd_individual_iso_prediction__isd__tong_style_reduced_rf__seed2028,isd_individual_iso_prediction,ISD,dev,ISD_MarchmontGarden_MarchmontGarden4_MC407_R420,ISD_MarchmontGarden_MarchmontGarden4_MC407,ISOEventful,0.0303,0.1741104513708513,
isd_individual_iso_prediction__isd__tong_style_reduced_rf__seed2028,isd_individual_iso_prediction,ISD,dev,ISD_MarchmontGarden_MarchmontGarden4_MC409_R358,ISD_MarchmontGarden_MarchmontGarden4_MC409,ISOEventful,0.0303,0.00515635005827506,
isd_individual_iso_prediction__isd__tong_style_reduced_rf__seed2028,isd_individual_iso_prediction,ISD,dev,ISD_MarchmontGarden_MarchmontGarden4_MC409_R359,ISD_MarchmontGarden_MarchmontGarden4_MC409,ISOEventful,0.3536,0.028318064611314597,
isd_individual_iso_prediction__isd__tong_style_reduced_rf__seed2028,isd_individual_iso_prediction,ISD,dev,ISD_MarchmontGarden_MarchmontGarden4_MC410_R360,ISD_MarchmontGarden_MarchmontGarden4_MC410,ISOEventful,-0.1464,0.09556187050542052,
isd_individual_iso_prediction__isd__tong_style_reduced_rf__seed2028,isd_individual_iso_prediction,ISD,dev,ISD_MarchmontGarden_MarchmontGarden4_MC412_R362,ISD_MarchmontGarden_MarchmontGarden4_MC412,ISOEventful,-0.5,0.16576718234728258,
isd_individual_iso_prediction__isd__tong_style_reduced_rf__seed2028,isd_individual_iso_prediction,ISD,dev,ISD_MarchmontGarden_MarchmontGarden4_MC413_R363,ISD_MarchmontGarden_MarchmontGarden4_MC413,ISOEventful,-0.5,0.06885575654160657,
isd_individual_iso_prediction__isd__tong_style_reduced_rf__seed2028,isd_individual_iso_prediction,ISD,dev,ISD_MarchmontGarden_MarchmontGarden4_MC413_R364,ISD_MarchmontGarden_MarchmontGarden4_MC413,ISOEventful,-0.2071,0.022029701644651643,
isd_individual_iso_prediction__isd__tong_style_reduced_rf__seed2028,isd_individual_iso_prediction,ISD,dev,ISD_MarchmontGarden_MarchmontGarden4_MC414_R365,ISD_MarchmontGarden_MarchmontGarden4_MC414,ISOEventful,-0.1768,0.03039874242516744,
isd_individual_iso_prediction__isd__tong_style_reduced_rf__seed2028,isd_individual_iso_prediction,ISD,dev,ISD_MarchmontGarden_MarchmontGarden4_MC415_R366,ISD_MarchmontGarden_MarchmontGarden4_MC415,ISOEventful,-0.2197,0.03239162610630111,
isd_individual_iso_prediction__isd__tong_style_reduced_rf__seed2028,isd_individual_iso_prediction,ISD,dev,ISD_MarchmontGarden_MarchmontGarden4_MC415_R367,ISD_MarchmontGarden_MarchmontGarden4_MC415,ISOEventful,0.1339,0.053786829085729175,
isd_individual_iso_prediction__isd__tong_style_reduced_rf__seed2028,isd_individual_iso_prediction,ISD,dev,ISD_MarchmontGarden_MarchmontGarden4_MC416_R368,ISD_MarchmontGarden_MarchmontGarden4_MC416,ISOEventful,-0.2197,0.07113615740555741,
isd_individual_iso_prediction__isd__tong_style_reduced_rf__seed2028,isd_individual_iso_prediction,ISD,dev,ISD_MarchmontGarden_MarchmontGarden4_MC417_R369,ISD_MarchmontGarden_MarchmontGarden4_MC417,ISOEventful,0.2929,-0.025797937348762345,
isd_individual_iso_prediction__isd__tong_style_reduced_rf__seed2028,isd_individual_iso_prediction,ISD,dev,ISD_MarchmontGarden_MarchmontGarden4_MC417_R416,ISD_MarchmontGarden_MarchmontGarden4_MC417,ISOEventful,-0.2071,-0.040848021529858995,
isd_individual_iso_prediction__isd__tong_style_reduced_rf__seed2028,isd_individual_iso_prediction,ISD,dev,ISD_MarchmontGarden_MarchmontGarden4_MC418_R417,ISD_MarchmontGarden_MarchmontGarden4_MC418,ISOEventful,0.3536,0.05846097037129539,
isd_individual_iso_prediction__isd__tong_style_reduced_rf__seed2028,isd_individual_iso_prediction,ISD,dev,ISD_PancrasLock_PancrasLock1_PL101_R215,ISD_PancrasLock_PancrasLock1_PL101,ISOEventful,0.5303,0.07046449647667152,
isd_individual_iso_prediction__isd__tong_style_reduced_rf__seed2028,isd_individual_iso_prediction,ISD,dev,ISD_PancrasLock_PancrasLock1_PL102_R216,ISD_PancrasLock_PancrasLock1_PL102,ISOEventful,0.0429,0.08349634760702264,
isd_individual_iso_prediction__isd__tong_style_reduced_rf__seed2028,isd_individual_iso_prediction,ISD,dev,ISD_PancrasLock_PancrasLock1_PL102_R242,ISD_PancrasLock_PancrasLock1_PL102,ISOEventful,-0.4268,0.08349634760702264,
isd_individual_iso_prediction__isd__tong_style_reduced_rf__seed2028,isd_individual_iso_prediction,ISD,dev,ISD_PancrasLock_PancrasLock1_PL103_R217,ISD_PancrasLock_PancrasLock1_PL103,ISOEventful,-0.25,0.35329560262145243,
isd_individual_iso_prediction__isd__tong_style_reduced_rf__seed2028,isd_individual_iso_prediction,ISD,dev,ISD_PancrasLock_PancrasLock1_PL103_R239,ISD_PancrasLock_PancrasLock1_PL103,ISOEventful,-0.5303,0.33343391998556987,
isd_individual_iso_prediction__isd__tong_style_reduced_rf__seed2028,isd_individual_iso_prediction,ISD,dev,ISD_PancrasLock_PancrasLock1_PL105_R219,ISD_PancrasLock_PancrasLock1_PL105,ISOEventful,0.4268,0.052972991943241975,
isd_individual_iso_prediction__isd__tong_style_reduced_rf__seed2028,isd_individual_iso_prediction,ISD,dev,ISD_PancrasLock_PancrasLock1_PL106_R240,ISD_PancrasLock_PancrasLock1_PL106,ISOEventful,0.4268,0.0856356272126022,
isd_individual_iso_prediction__isd__tong_style_reduced_rf__seed2028,isd_individual_iso_prediction,ISD,dev,ISD_PancrasLock_PancrasLock1_PL107_R220,ISD_PancrasLock_PancrasLock1_PL107,ISOEventful,0.0732,0.1174449900913901,
isd_individual_iso_prediction__isd__tong_style_reduced_rf__seed2028,isd_individual_iso_prediction,ISD,dev,ISD_PancrasLock_PancrasLock1_PL107_R232,ISD_PancrasLock_PancrasLock1_PL107,ISOEventful,0.25,0.09311756743719242,
isd_individual_iso_prediction__isd__tong_style_reduced_rf__seed2028,isd_individual_iso_prediction,ISD,dev,ISD_PancrasLock_PancrasLock1_PL107_R233,ISD_PancrasLock_PancrasLock1_PL107,ISOEventful,0.1036,0.1189711182299183,
isd_individual_iso_prediction__isd__tong_style_reduced_rf__seed2028,isd_individual_iso_prediction,ISD,dev,ISD_PancrasLock_PancrasLock1_PL107_R234,ISD_PancrasLock_PancrasLock1_PL107,ISOEventful,-0.0303,0.08519729369889367,
isd_individual_iso_prediction__isd__tong_style_reduced_rf__seed2028,isd_individual_iso_prediction,ISD,dev,ISD_PancrasLock_PancrasLock1_PL107_R235,ISD_PancrasLock_PancrasLock1_PL107,ISOEventful,0.2071,0.08519729369889367,
isd_individual_iso_prediction__isd__tong_style_reduced_rf__seed2028,isd_individual_iso_prediction,ISD,dev,ISD_PancrasLock_PancrasLock1_PL107_R236,ISD_PancrasLock_PancrasLock1_PL107,ISOEventful,0.5,0.04230031323953822,
isd_individual_iso_prediction__isd__tong_style_reduced_rf__seed2028,isd_individual_iso_prediction,ISD,dev,ISD_PancrasLock_PancrasLock1_PL107_R237,ISD_PancrasLock_PancrasLock1_PL107,ISOEventful,-0.4268,0.11375679564694564,
isd_individual_iso_prediction__isd__tong_style_reduced_rf__seed2028,isd_individual_iso_prediction,ISD,dev,ISD_PancrasLock_PancrasLock1_PL107_R243,ISD_PancrasLock_PancrasLock1_PL107,ISOEventful,-0.0303,0.11375679564694564,
isd_individual_iso_prediction__isd__tong_style_reduced_rf__seed2028,isd_individual_iso_prediction,ISD,dev,ISD_PancrasLock_PancrasLock1_PL107_R244,ISD_PancrasLock_PancrasLock1_PL107,ISOEventful,0.5,0.10598939031986537,
isd_individual_iso_prediction__isd__tong_style_reduced_rf__seed2028,isd_individual_iso_prediction,ISD,dev,ISD_PancrasLock_PancrasLock1_PL107_R246,ISD_PancrasLock_PancrasLock1_PL107,ISOEventful,0.25,0.054168189526214536,
isd_individual_iso_prediction__isd__tong_style_reduced_rf__seed2028,isd_individual_iso_prediction,ISD,dev,ISD_PancrasLock_PancrasLock1_PL107_R247,ISD_PancrasLock_PancrasLock1_PL107,ISOEventful,-0.0303,0.10896270013227514,
isd_individual_iso_prediction__isd__tong_style_reduced_rf__seed2028,isd_individual_iso_prediction,ISD,dev,ISD_PancrasLock_PancrasLock1_PL107_R248,ISD_PancrasLock_PancrasLock1_PL107,ISOEventful,0.4268,0.09311756743719242,
isd_individual_iso_prediction__isd__tong_style_reduced_rf__seed2028,isd_individual_iso_prediction,ISD,dev,ISD_PancrasLock_PancrasLock1_PL107_R249,ISD_PancrasLock_PancrasLock1_PL107,ISOEventful,-0.1036,0.04230031323953822,
isd_individual_iso_prediction__isd__tong_style_reduced_rf__seed2028,isd_individual_iso_prediction,ISD,dev,ISD_PancrasLock_PancrasLock1_PL107_R250,ISD_PancrasLock_PancrasLock1_PL107,ISOEventful,-0.0732,0.0972578344276094,
isd_individual_iso_prediction__isd__tong_style_reduced_rf__seed2028,isd_individual_iso_prediction,ISD,dev,ISD_PancrasLock_PancrasLock1_PL107_R251,ISD_PancrasLock_PancrasLock1_PL107,ISOEventful,-0.0303,0.08519729369889367,
isd_individual_iso_prediction__isd__tong_style_reduced_rf__seed2028,isd_individual_iso_prediction,ISD,dev,ISD_PancrasLock_PancrasLock1_PL107_R252,ISD_PancrasLock_PancrasLock1_PL107,ISOEventful,-0.0732,0.054168189526214536,
isd_individual_iso_prediction__isd__tong_style_reduced_rf__seed2028,isd_individual_iso_prediction,ISD,dev,ISD_PancrasLock_PancrasLock1_PL107_R253,ISD_PancrasLock_PancrasLock1_PL107,ISOEventful,0.4268,0.04868260992063489,
isd_individual_iso_prediction__isd__tong_style_reduced_rf__seed2028,isd_individual_iso_prediction,ISD,dev,ISD_PancrasLock_PancrasLock1_PL107_R254,ISD_PancrasLock_PancrasLock1_PL107,ISOEventful,0.3964,0.11375679564694564,
isd_individual_iso_prediction__isd__tong_style_reduced_rf__seed2028,isd_individual_iso_prediction,ISD,dev,ISD_PancrasLock_PancrasLock1_PL107_R255,ISD_PancrasLock_PancrasLock1_PL107,ISOEventful,0.0,0.10896270013227514,
isd_individual_iso_prediction__isd__tong_style_reduced_rf__seed2028,isd_individual_iso_prediction,ISD,dev,ISD_PancrasLock_PancrasLock1_PL107_R256,ISD_PancrasLock_PancrasLock1_PL107,ISOEventful,0.1036,0.08519729369889367,
isd_individual_iso_prediction__isd__tong_style_reduced_rf__seed2028,isd_individual_iso_prediction,ISD,dev,ISD_PancrasLock_PancrasLock1_PL107_R257,ISD_PancrasLock_PancrasLock1_PL107,ISOEventful,0.0732,0.054857275661375646,
isd_individual_iso_prediction__isd__tong_style_reduced_rf__seed2028,isd_individual_iso_prediction,ISD,dev,ISD_PancrasLock_PancrasLock1_PL107_R258,ISD_PancrasLock_PancrasLock1_PL107,ISOEventful,0.4142,0.050584035401635405,
isd_individual_iso_prediction__isd__tong_style_reduced_rf__seed2028,isd_individual_iso_prediction,ISD,dev,ISD_PancrasLock_PancrasLock1_PL107_R259,ISD_PancrasLock_PancrasLock1_PL107,ISOEventful,0.1161,0.08519729369889367,
isd_individual_iso_prediction__isd__tong_style_reduced_rf__seed2028,isd_individual_iso_prediction,ISD,dev,ISD_PancrasLock_PancrasLock1_PL107_R260,ISD_PancrasLock_PancrasLock1_PL107,ISOEventful,0.1036,0.0299823598003848,
isd_individual_iso_prediction__isd__tong_style_reduced_rf__seed2028,isd_individual_iso_prediction,ISD,dev,ISD_PancrasLock_PancrasLock1_PL107_R261,ISD_PancrasLock_PancrasLock1_PL107,ISOEventful,0.0,0.07925784698172197,
isd_individual_iso_prediction__isd__tong_style_reduced_rf__seed2028,isd_individual_iso_prediction,ISD,dev,ISD_PancrasLock_PancrasLock1_PL108_R221,ISD_PancrasLock_PancrasLock1_PL108,ISOEventful,0.1036,0.0872874416139417,
isd_individual_iso_prediction__isd__tong_style_reduced_rf__seed2028,isd_individual_iso_prediction,ISD,dev,ISD_PancrasLock_PancrasLock1_PL108_R238,ISD_PancrasLock_PancrasLock1_PL108,ISOEventful,-0.3232,0.08587227976190476,
isd_individual_iso_prediction__isd__tong_style_reduced_rf__seed2028,isd_individual_iso_prediction,ISD,dev,ISD_PancrasLock_PancrasLock1_PL109_R222,ISD_PancrasLock_PancrasLock1_PL109,ISOEventful,0.1768,0.07029186069023571,
isd_individual_iso_prediction__isd__tong_style_reduced_rf__seed2028,isd_individual_iso_prediction,ISD,dev,ISD_PancrasLock_PancrasLock1_PL112_R224,ISD_PancrasLock_PancrasLock1_PL112,ISOEventful,0.2071,0.05412138761423762,
isd_individual_iso_prediction__isd__tong_style_reduced_rf__seed2028,isd_individual_iso_prediction,ISD,dev,ISD_PancrasLock_PancrasLock1_PL114_R226,ISD_PancrasLock_PancrasLock1_PL114,ISOEventful,0.2803,0.2719579521404521,
isd_individual_iso_prediction__isd__tong_style_reduced_rf__seed2028,isd_individual_iso_prediction,ISD,dev,ISD_PancrasLock_PancrasLock1_PL114_R267,ISD_PancrasLock_PancrasLock1_PL114,ISOEventful,0.1768,0.26565250443722943,
isd_individual_iso_prediction__isd__tong_style_reduced_rf__seed2028,isd_individual_iso_prediction,ISD,dev,ISD_PancrasLock_PancrasLock1_PL116_R228,ISD_PancrasLock_PancrasLock1_PL116,ISOEventful,-0.1339,0.17376667648092636,
isd_individual_iso_prediction__isd__tong_style_reduced_rf__seed2028,isd_individual_iso_prediction,ISD,dev,ISD_PancrasLock_PancrasLock1_PL116_R263,ISD_PancrasLock_PancrasLock1_PL116,ISOEventful,0.6036,0.18357915076682566,
isd_individual_iso_prediction__isd__tong_style_reduced_rf__seed2028,isd_individual_iso_prediction,ISD,dev,ISD_PancrasLock_PancrasLock1_PL119_R230,ISD_PancrasLock_PancrasLock1_PL119,ISOEventful,0.25,0.012092660916860915,
isd_individual_iso_prediction__isd__tong_style_reduced_rf__seed2028,isd_individual_iso_prediction,ISD,dev,ISD_PancrasLock_PancrasLock1_PL119_R266,ISD_PancrasLock_PancrasLock1_PL119,ISOEventful,0.3536,0.0844909146945647,
isd_individual_iso_prediction__isd__tong_style_reduced_rf__seed2028,isd_individual_iso_prediction,ISD,dev,ISD_PancrasLock_PancrasLock1_PL120_R231,ISD_PancrasLock_PancrasLock1_PL120,ISOEventful,0.4268,-0.05050302073112073,
isd_individual_iso_prediction__isd__tong_style_reduced_rf__seed2028,isd_individual_iso_prediction,ISD,dev,ISD_PancrasLock_PancrasLock1_PL120_R262,ISD_PancrasLock_PancrasLock1_PL120,ISOEventful,-0.3536,-0.024243603956228953,
isd_individual_iso_prediction__isd__tong_style_reduced_rf__seed2028,isd_individual_iso_prediction,ISD,dev,ISD_PancrasLock_PancrasLock2_PL201_R371,ISD_PancrasLock_PancrasLock2_PL201,ISOEventful,0.1339,0.05192055140230141,
isd_individual_iso_prediction__isd__tong_style_reduced_rf__seed2028,isd_individual_iso_prediction,ISD,dev,ISD_PancrasLock_PancrasLock2_PL202_R409,ISD_PancrasLock_PancrasLock2_PL202,ISOEventful,0.5303,0.015547419781144788,
isd_individual_iso_prediction__isd__tong_style_reduced_rf__seed2028,isd_individual_iso_prediction,ISD,dev,ISD_PancrasLock_PancrasLock2_PL203_R372,ISD_PancrasLock_PancrasLock2_PL203,ISOEventful,0.0858,0.2497482069069819,
isd_individual_iso_prediction__isd__tong_style_reduced_rf__seed2028,isd_individual_iso_prediction,ISD,dev,ISD_PancrasLock_PancrasLock2_PL203_R373,ISD_PancrasLock_PancrasLock2_PL203,ISOEventful,0.25,0.2312641725468976,
isd_individual_iso_prediction__isd__tong_style_reduced_rf__seed2028,isd_individual_iso_prediction,ISD,dev,ISD_PancrasLock_PancrasLock2_PL205_R411,ISD_PancrasLock_PancrasLock2_PL205,ISOEventful,0.3536,0.14842979058441563,
isd_individual_iso_prediction__isd__tong_style_reduced_rf__seed2028,isd_individual_iso_prediction,ISD,dev,ISD_PancrasLock_PancrasLock2_PL206_R413,ISD_PancrasLock_PancrasLock2_PL206,ISOEventful,0.2374,0.1913358171115921,
isd_individual_iso_prediction__isd__tong_style_reduced_rf__seed2028,isd_individual_iso_prediction,ISD,dev,ISD_PancrasLock_PancrasLock2_PL209_R374,ISD_PancrasLock_PancrasLock2_PL209,ISOEventful,-0.1036,0.24542941151996156,
isd_individual_iso_prediction__isd__tong_style_reduced_rf__seed2028,isd_individual_iso_prediction,ISD,dev,ISD_PancrasLock_PancrasLock2_PL209_R414,ISD_PancrasLock_PancrasLock2_PL209,ISOEventful,0.2197,0.2281390894947644,
isd_individual_iso_prediction__isd__tong_style_reduced_rf__seed2028,isd_individual_iso_prediction,ISD,dev,ISD_PancrasLock_PancrasLock2_PL210_R375,ISD_PancrasLock_PancrasLock2_PL210,ISOEventful,-0.1768,0.27175536327561334,
isd_individual_iso_prediction__isd__tong_style_reduced_rf__seed2028,isd_individual_iso_prediction,ISD,dev,ISD_PancrasLock_PancrasLock2_PL211_R376,ISD_PancrasLock_PancrasLock2_PL211,ISOEventful,-0.2197,0.2215592818570318,
isd_individual_iso_prediction__isd__tong_style_reduced_rf__seed2028,isd_individual_iso_prediction,ISD,dev,ISD_PancrasLock_PancrasLock2_PL211_R397,ISD_PancrasLock_PancrasLock2_PL211,ISOEventful,-0.2197,0.1524844094516594,
isd_individual_iso_prediction__isd__tong_style_reduced_rf__seed2028,isd_individual_iso_prediction,ISD,dev,ISD_PancrasLock_PancrasLock2_PL213_R378,ISD_PancrasLock_PancrasLock2_PL213,ISOEventful,-0.2929,0.2020072772292523,
isd_individual_iso_prediction__isd__tong_style_reduced_rf__seed2028,isd_individual_iso_prediction,ISD,dev,ISD_PancrasLock_PancrasLock2_PL215_R379,ISD_PancrasLock_PancrasLock2_PL215,ISOEventful,0.1161,0.31090409041606537,
isd_individual_iso_prediction__isd__tong_style_reduced_rf__seed2028,isd_individual_iso_prediction,ISD,dev,ISD_PancrasLock_PancrasLock2_PL215_R401,ISD_PancrasLock_PancrasLock2_PL215,ISOEventful,-0.4268,0.31882306052188525,
isd_individual_iso_prediction__isd__tong_style_reduced_rf__seed2028,isd_individual_iso_prediction,ISD,dev,ISD_PancrasLock_PancrasLock2_PL216_R380,ISD_PancrasLock_PancrasLock2_PL216,ISOEventful,0.1464,0.12846922293447285,
isd_individual_iso_prediction__isd__tong_style_reduced_rf__seed2028,isd_individual_iso_prediction,ISD,dev,ISD_PancrasLock_PancrasLock2_PL216_R398,ISD_PancrasLock_PancrasLock2_PL216,ISOEventful,0.0732,0.13806593345635834,
isd_individual_iso_prediction__isd__tong_style_reduced_rf__seed2028,isd_individual_iso_prediction,ISD,dev,ISD_PancrasLock_PancrasLock2_PL217_R381,ISD_PancrasLock_PancrasLock2_PL217,ISOEventful,-0.2071,0.01883931358826359,
isd_individual_iso_prediction__isd__tong_style_reduced_rf__seed2028,isd_individual_iso_prediction,ISD,dev,ISD_PancrasLock_PancrasLock2_PL217_R402,ISD_PancrasLock_PancrasLock2_PL217,ISOEventful,0.3107,0.07615085143837641,
isd_individual_iso_prediction__isd__tong_style_reduced_rf__seed2028,isd_individual_iso_prediction,ISD,dev,ISD_PancrasLock_PancrasLock2_PL218_R382,ISD_PancrasLock_PancrasLock2_PL218,ISOEventful,-0.1464,0.08138232991822988,
isd_individual_iso_prediction__isd__tong_style_reduced_rf__seed2028,isd_individual_iso_prediction,ISD,dev,ISD_PancrasLock_PancrasLock2_PL218_R408,ISD_PancrasLock_PancrasLock2_PL218,ISOEventful,-0.1768,0.07581662515632513,
isd_individual_iso_prediction__isd__tong_style_reduced_rf__seed2028,isd_individual_iso_prediction,ISD,dev,ISD_PancrasLock_PancrasLock2_PL219_R383,ISD_PancrasLock_PancrasLock2_PL219,ISOEventful,0.1339,0.11766886753246751,
isd_individual_iso_prediction__isd__tong_style_reduced_rf__seed2028,isd_individual_iso_prediction,ISD,dev,ISD_PancrasLock_PancrasLock2_PL220_R407,ISD_PancrasLock_PancrasLock2_PL220,ISOEventful,0.3536,-0.023142016355866348,
isd_individual_iso_prediction__isd__tong_style_reduced_rf__seed2028,isd_individual_iso_prediction,ISD,dev,ISD_PancrasLock_PancrasLock2_PL221_R384,ISD_PancrasLock_PancrasLock2_PL221,ISOEventful,0.2803,0.11173458698893687,
isd_individual_iso_prediction__isd__tong_style_reduced_rf__seed2028,isd_individual_iso_prediction,ISD,dev,ISD_PancrasLock_PancrasLock2_PL222_R385,ISD_PancrasLock_PancrasLock2_PL222,ISOEventful,0.5,0.04713843574851075,
isd_individual_iso_prediction__isd__tong_style_reduced_rf__seed2028,isd_individual_iso_prediction,ISD,dev,ISD_PancrasLock_PancrasLock2_PL224_R387,ISD_PancrasLock_PancrasLock2_PL224,ISOEventful,-0.25,0.1079072159026158,
isd_individual_iso_prediction__isd__tong_style_reduced_rf__seed2028,isd_individual_iso_prediction,ISD,dev,ISD_PancrasLock_PancrasLock2_PL227_R389,ISD_PancrasLock_PancrasLock2_PL227,ISOEventful,-0.4268,0.03344192645502649,
isd_individual_iso_prediction__isd__tong_style_reduced_rf__seed2028,isd_individual_iso_prediction,ISD,dev,ISD_PancrasLock_PancrasLock2_PL228_R390,ISD_PancrasLock_PancrasLock2_PL228,ISOEventful,-0.3232,0.04274962043049544,
isd_individual_iso_prediction__isd__tong_style_reduced_rf__seed2028,isd_individual_iso_prediction,ISD,dev,ISD_PancrasLock_PancrasLock2_PL230_R392,ISD_PancrasLock_PancrasLock2_PL230,ISOEventful,0.0,0.271631351972102,
isd_individual_iso_prediction__isd__tong_style_reduced_rf__seed2028,isd_individual_iso_prediction,ISD,dev,ISD_PancrasLock_PancrasLock2_PL231_R393,ISD_PancrasLock_PancrasLock2_PL231,ISOEventful,-0.7071,0.05091445218855217,
isd_individual_iso_prediction__isd__tong_style_reduced_rf__seed2028,isd_individual_iso_prediction,ISD,dev,ISD_PancrasLock_PancrasLock2_PL231_R405,ISD_PancrasLock_PancrasLock2_PL231,ISOEventful,0.5,0.049369406950456954,
isd_individual_iso_prediction__isd__tong_style_reduced_rf__seed2028,isd_individual_iso_prediction,ISD,dev,ISD_PancrasLock_PancrasLock2_PL234_R395,ISD_PancrasLock_PancrasLock2_PL234,ISOEventful,-0.5,0.2813558065508566,
isd_individual_iso_prediction__isd__tong_style_reduced_rf__seed2028,isd_individual_iso_prediction,ISD,dev,ISD_OlympicSquare_OlympicSquare4_OSQ4026_RZHH01,ISD_OlympicSquare_OlympicSquare4_OSQ4026,ISOEventful,0.3839,0.010815196566396568,
isd_individual_iso_prediction__isd__tong_style_reduced_rf__seed2028,isd_individual_iso_prediction,ISD,dev,ISD_OlympicSquare_OlympicSquare4_OSQ4027_RZHH02,ISD_OlympicSquare_OlympicSquare4_OSQ4027,ISOEventful,0.1768,0.028918139874939863,
isd_individual_iso_prediction__isd__tong_style_reduced_rf__seed2028,isd_individual_iso_prediction,ISD,dev,ISD_OlympicSquare_OlympicSquare4_OSQ4028_RZHH03,ISD_OlympicSquare_OlympicSquare4_OSQ4028,ISOEventful,-0.4268,0.07054354592629593,
isd_individual_iso_prediction__isd__tong_style_reduced_rf__seed2028,isd_individual_iso_prediction,ISD,dev,ISD_OlympicSquare_OlympicSquare4_OSQ4029_RZHH04,ISD_OlympicSquare_OlympicSquare4_OSQ4029,ISOEventful,0.1036,-0.025177217544492557,
isd_individual_iso_prediction__isd__tong_style_reduced_rf__seed2028,isd_individual_iso_prediction,ISD,dev,ISD_OlympicSquare_OlympicSquare4_OSQ4030_RZHH05,ISD_OlympicSquare_OlympicSquare4_OSQ4030,ISOEventful,0.1339,0.053847571669071656,
isd_individual_iso_prediction__isd__tong_style_reduced_rf__seed2028,isd_individual_iso_prediction,ISD,dev,ISD_OlympicSquare_OlympicSquare4_OSQ4031_RZHH06,ISD_OlympicSquare_OlympicSquare4_OSQ4031,ISOEventful,0.0,-0.01594313588546529,
isd_individual_iso_prediction__isd__tong_style_reduced_rf__seed2028,isd_individual_iso_prediction,ISD,dev,ISD_OlympicSquare_OlympicSquare4_OSQ4032_RZHH07,ISD_OlympicSquare_OlympicSquare4_OSQ4032,ISOEventful,0.0732,-0.01594313588546529,
isd_individual_iso_prediction__isd__tong_style_reduced_rf__seed2028,isd_individual_iso_prediction,ISD,dev,ISD_OlympicSquare_OlympicSquare4_OSQ4033_RZHH08,ISD_OlympicSquare_OlympicSquare4_OSQ4033,ISOEventful,-0.1036,0.046880268987493943,
isd_individual_iso_prediction__isd__tong_style_reduced_rf__seed2028,isd_individual_iso_prediction,ISD,dev,ISD_OlympicSquare_OlympicSquare4_OSQ4034_RZHH09,ISD_OlympicSquare_OlympicSquare4_OSQ4034,ISOEventful,0.5,0.016153588299663287,
isd_individual_iso_prediction__isd__tong_style_reduced_rf__seed2028,isd_individual_iso_prediction,ISD,dev,ISD_OlympicSquare_OlympicSquare4_OSQ4035_RZHH10,ISD_OlympicSquare_OlympicSquare4_OSQ4035,ISOEventful,0.1893,0.013910399410774396,
isd_individual_iso_prediction__isd__tong_style_reduced_rf__seed2028,isd_individual_iso_prediction,ISD,dev,ISD_OlympicSquare_OlympicSquare4_OSQ4036_RZHH11,ISD_OlympicSquare_OlympicSquare4_OSQ4036,ISOEventful,-0.1036,0.07748961815776818,
isd_individual_iso_prediction__isd__tong_style_reduced_rf__seed2028,isd_individual_iso_prediction,ISD,dev,ISD_OlympicSquare_OlympicSquare4_OSQ4037_RZHH12,ISD_OlympicSquare_OlympicSquare4_OSQ4037,ISOEventful,-0.1339,0.127775734006734,
isd_individual_iso_prediction__isd__tong_style_reduced_rf__seed2028,isd_individual_iso_prediction,ISD,dev,ISD_OlympicSquare_OlympicSquare4_OSQ4038_RZHH13,ISD_OlympicSquare_OlympicSquare4_OSQ4038,ISOEventful,0.2071,0.18645299520664524,
isd_individual_iso_prediction__isd__tong_style_reduced_rf__seed2028,isd_individual_iso_prediction,ISD,dev,ISD_OlympicSquare_OlympicSquare4_OSQ4039_RZZY01,ISD_OlympicSquare_OlympicSquare4_OSQ4039,ISOEventful,0.25,0.0026985852628852694,
isd_individual_iso_prediction__isd__tong_style_reduced_rf__seed2028,isd_individual_iso_prediction,ISD,dev,ISD_OlympicSquare_OlympicSquare4_OSQ4040_RZZY03,ISD_OlympicSquare_OlympicSquare4_OSQ4040,ISOEventful,-0.0732,0.039387535045510035,
isd_individual_iso_prediction__isd__tong_style_reduced_rf__seed2028,isd_individual_iso_prediction,ISD,dev,ISD_OlympicSquare_OlympicSquare4_OSQ4041_RZRN01,ISD_OlympicSquare_OlympicSquare4_OSQ4041,ISOEventful,0.0,-0.007317873292448305,
isd_individual_iso_prediction__isd__tong_style_reduced_rf__seed2028,isd_individual_iso_prediction,ISD,dev,ISD_OlympicSquare_OlympicSquare4_OSQ4042_RZRN02,ISD_OlympicSquare_OlympicSquare4_OSQ4042,ISOEventful,0.0732,0.0845122650553151,
isd_individual_iso_prediction__isd__tong_style_reduced_rf__seed2028,isd_individual_iso_prediction,ISD,dev,ISD_OlympicSquare_OlympicSquare4_OSQ4043_RZRN03,ISD_OlympicSquare_OlympicSquare4_OSQ4043,ISOEventful,-0.1036,-0.01594313588546529,
isd_individual_iso_prediction__isd__tong_style_reduced_rf__seed2028,isd_individual_iso_prediction,ISD,dev,ISD_OlympicSquare_OlympicSquare4_OSQ4044_RZRN04,ISD_OlympicSquare_OlympicSquare4_OSQ4044,ISOEventful,-0.0732,-0.017819402155306568,
isd_individual_iso_prediction__isd__tong_style_reduced_rf__seed2028,isd_individual_iso_prediction,ISD,dev,ISD_OlympicSquare_OlympicSquare4_OSQ4045_RZRN05,ISD_OlympicSquare_OlympicSquare4_OSQ4045,ISOEventful,0.0429,0.045194810440485456,
isd_individual_iso_prediction__isd__tong_style_reduced_rf__seed2028,isd_individual_iso_prediction,ISD,dev,ISD_OlympicSquare_OlympicSquare4_OSQ4046_RZRN06,ISD_OlympicSquare_OlympicSquare4_OSQ4046,ISOEventful,0.4874,0.02535103808598809,
isd_individual_iso_prediction__isd__tong_style_reduced_rf__seed2028,isd_individual_iso_prediction,ISD,dev,ISD_OlympicSquare_OlympicSquare4_OSQ4047_RZRN07,ISD_OlympicSquare_OlympicSquare4_OSQ4047,ISOEventful,0.0,0.09845992492230007,
isd_individual_iso_prediction__isd__tong_style_reduced_rf__seed2028,isd_individual_iso_prediction,ISD,dev,ISD_OlympicSquare_OlympicSquare4_OSQ4049_RLM02,ISD_OlympicSquare_OlympicSquare4_OSQ4049,ISOEventful,0.1036,0.05397476738816737,
isd_individual_iso_prediction__isd__tong_style_reduced_rf__seed2028,isd_individual_iso_prediction,ISD,dev,ISD_OlympicSquare_OlympicSquare4_OSQ4050_RLM03,ISD_OlympicSquare_OlympicSquare4_OSQ4050,ISOEventful,0.1036,0.13160898666426177,
isd_individual_iso_prediction__isd__tong_style_reduced_rf__seed2028,isd_individual_iso_prediction,ISD,dev,ISD_OlympicSquare_OlympicSquare4_OSQ4051_RLM04,ISD_OlympicSquare_OlympicSquare4_OSQ4051,ISOEventful,0.0732,-0.08086314586339581,
isd_individual_iso_prediction__isd__tong_style_reduced_rf__seed2028,isd_individual_iso_prediction,ISD,dev,ISD_OlympicSquare_OlympicSquare4_OSQ4052_RLM05,ISD_OlympicSquare_OlympicSquare4_OSQ4052,ISOEventful,0.0,0.09287573020683025,
isd_individual_iso_prediction__isd__tong_style_reduced_rf__seed2028,isd_individual_iso_prediction,ISD,dev,ISD_OlympicSquare_OlympicSquare4_OSQ4053_RLM06,ISD_OlympicSquare_OlympicSquare4_OSQ4053,ISOEventful,0.0607,0.09759562468734974,
isd_individual_iso_prediction__isd__tong_style_reduced_rf__seed2028,isd_individual_iso_prediction,ISD,dev,ISD_OlympicSquare_OlympicSquare4_OSQ4054_RLM07,ISD_OlympicSquare_OlympicSquare4_OSQ4054,ISOEventful,0.25,0.06272425208032706,
isd_individual_iso_prediction__isd__tong_style_reduced_rf__seed2028,isd_individual_iso_prediction,ISD,dev,ISD_OlympicSquare_OlympicSquare4_OSQ4056_RLM09,ISD_OlympicSquare_OlympicSquare4_OSQ4056,ISOEventful,0.0303,0.047653548713323696,
isd_individual_iso_prediction__isd__tong_style_reduced_rf__seed2028,isd_individual_iso_prediction,ISD,dev,ISD_OlympicSquare_OlympicSquare4_OSQ4057_RLM10,ISD_OlympicSquare_OlympicSquare4_OSQ4057,ISOEventful,-0.1768,0.1308992600529101,
isd_individual_iso_prediction__isd__tong_style_reduced_rf__seed2028,isd_individual_iso_prediction,ISD,dev,ISD_OlympicSquare_OlympicSquare4_OSQ4082_RLR01,ISD_OlympicSquare_OlympicSquare4_OSQ4082,ISOEventful,-0.0732,0.011947606842231857,
isd_individual_iso_prediction__isd__tong_style_reduced_rf__seed2028,isd_individual_iso_prediction,ISD,dev,ISD_OlympicSquare_OlympicSquare4_OSQ4084_RLR03,ISD_OlympicSquare_OlympicSquare4_OSQ4084,ISOEventful,0.6464,0.005047099386724389,
isd_individual_iso_prediction__isd__tong_style_reduced_rf__seed2028,isd_individual_iso_prediction,ISD,dev,ISD_OlympicSquare_OlympicSquare4_OSQ4085_RLR04,ISD_OlympicSquare_OlympicSquare4_OSQ4085,ISOEventful,0.0429,0.08102272778980284,
isd_individual_iso_prediction__isd__tong_style_reduced_rf__seed2028,isd_individual_iso_prediction,ISD,dev,ISD_OlympicSquare_OlympicSquare4_OSQ4086_RLR05,ISD_OlympicSquare_OlympicSquare4_OSQ4086,ISOEventful,0.3232,0.08201508890091394,
isd_individual_iso_prediction__isd__tong_style_reduced_rf__seed2028,isd_individual_iso_prediction,ISD,dev,ISD_OlympicSquare_OlympicSquare4_OSQ4087_RLR06,ISD_OlympicSquare_OlympicSquare4_OSQ4087,ISOEventful,0.0732,0.11715741665534919,
isd_individual_iso_prediction__isd__tong_style_reduced_rf__seed2028,isd_individual_iso_prediction,ISD,dev,ISD_OlympicSquare_OlympicSquare4_OSQ4088_RLR07,ISD_OlympicSquare_OlympicSquare4_OSQ4088,ISOEventful,0.0,0.056197977813852815,
isd_individual_iso_prediction__isd__tong_style_reduced_rf__seed2028,isd_individual_iso_prediction,ISD,dev,ISD_OlympicSquare_OlympicSquare4_OSQ4089_RLR08,ISD_OlympicSquare_OlympicSquare4_OSQ4089,ISOEventful,-0.0732,0.1304255820586821,
isd_individual_iso_prediction__isd__tong_style_reduced_rf__seed2028,isd_individual_iso_prediction,ISD,dev,ISD_OlympicSquare_OlympicSquare4_OSQ4090_RLR09,ISD_OlympicSquare_OlympicSquare4_OSQ4090,ISOEventful,0.25,0.11239039277296788,
isd_individual_iso_prediction__isd__tong_style_reduced_rf__seed2028,isd_individual_iso_prediction,ISD,dev,ISD_OlympicSquare_OlympicSquare4_OSQ4091_RLR10,ISD_OlympicSquare_OlympicSquare4_OSQ4091,ISOEventful,0.0,0.05746649491341986,
isd_individual_iso_prediction__isd__tong_style_reduced_rf__seed2028,isd_individual_iso_prediction,ISD,dev,ISD_OlympicSquare_OlympicSquare4_OSQ4092_RLQ01,ISD_OlympicSquare_OlympicSquare4_OSQ4092,ISOEventful,-0.3536,0.021021203996929003,
isd_individual_iso_prediction__isd__tong_style_reduced_rf__seed2028,isd_individual_iso_prediction,ISD,dev,ISD_OlympicSquare_OlympicSquare4_OSQ4094_RLQ03,ISD_OlympicSquare_OlympicSquare4_OSQ4094,ISOEventful,0.1768,0.06165157329244834,
isd_individual_iso_prediction__isd__tong_style_reduced_rf__seed2028,isd_individual_iso_prediction,ISD,dev,ISD_OlympicSquare_OlympicSquare4_OSQ4095_RLQ04,ISD_OlympicSquare_OlympicSquare4_OSQ4095,ISOEventful,0.0,0.024244895310245294,
isd_individual_iso_prediction__isd__tong_style_reduced_rf__seed2028,isd_individual_iso_prediction,ISD,dev,ISD_OlympicSquare_OlympicSquare4_OSQ4096_RLQ05,ISD_OlympicSquare_OlympicSquare4_OSQ4096,ISOEventful,0.0,0.09142184102471611,
isd_individual_iso_prediction__isd__tong_style_reduced_rf__seed2028,isd_individual_iso_prediction,ISD,dev,ISD_OlympicSquare_OlympicSquare4_OSQ4097_RLQ06,ISD_OlympicSquare_OlympicSquare4_OSQ4097,ISOEventful,-0.3536,0.0823089506188257,
isd_individual_iso_prediction__isd__tong_style_reduced_rf__seed2028,isd_individual_iso_prediction,ISD,dev,ISD_OlympicSquare_OlympicSquare4_OSQ4098_RLQ07,ISD_OlympicSquare_OlympicSquare4_OSQ4098,ISOEventful,0.0,0.19587024873737366,
isd_individual_iso_prediction__isd__tong_style_reduced_rf__seed2028,isd_individual_iso_prediction,ISD,dev,ISD_OlympicSquare_OlympicSquare4_OSQ4099_RLQ08,ISD_OlympicSquare_OlympicSquare4_OSQ4099,ISOEventful,0.0,0.16558362836145327,
isd_individual_iso_prediction__isd__tong_style_reduced_rf__seed2028,isd_individual_iso_prediction,ISD,dev,ISD_OlympicSquare_OlympicSquare4_OSQ4100_RLQ09,ISD_OlympicSquare_OlympicSquare4_OSQ4100,ISOEventful,0.2071,0.062384327866577924,
isd_individual_iso_prediction__isd__tong_style_reduced_rf__seed2028,isd_individual_iso_prediction,ISD,dev,ISD_OlympicSquare_OlympicSquare4_OSQ4101_RHYY01,ISD_OlympicSquare_OlympicSquare4_OSQ4101,ISOEventful,0.1036,0.08183836712084219,
isd_individual_iso_prediction__isd__tong_style_reduced_rf__seed2028,isd_individual_iso_prediction,ISD,dev,ISD_OlympicSquare_OlympicSquare4_OSQ4102_RHYY02,ISD_OlympicSquare_OlympicSquare4_OSQ4102,ISOEventful,0.0732,0.07928013663466166,
isd_individual_iso_prediction__isd__tong_style_reduced_rf__seed2028,isd_individual_iso_prediction,ISD,test,ISD_SanMarco_SanMarco1_AM06_R30,ISD_SanMarco_SanMarco1_AM06,ISOEventful,0.3661,0.3026102662319162,
isd_individual_iso_prediction__isd__tong_style_reduced_rf__seed2028,isd_individual_iso_prediction,ISD,test,ISD_SanMarco_SanMarco1_AM06_R31,ISD_SanMarco_SanMarco1_AM06,ISOEventful,-0.159,0.29063373750416244,
isd_individual_iso_prediction__isd__tong_style_reduced_rf__seed2028,isd_individual_iso_prediction,ISD,test,ISD_SanMarco_SanMarco1_AM07_R32,ISD_SanMarco_SanMarco1_AM07,ISOEventful,0.7071,0.2162962318403819,
isd_individual_iso_prediction__isd__tong_style_reduced_rf__seed2028,isd_individual_iso_prediction,ISD,test,ISD_PlazaBibRambla_PlazaBibRambla1_BIB11_R1457,ISD_PlazaBibRambla_PlazaBibRambla1_BIB11,ISOEventful,0.0,0.20445053927368925,
isd_individual_iso_prediction__isd__tong_style_reduced_rf__seed2028,isd_individual_iso_prediction,ISD,test,ISD_PlazaBibRambla_PlazaBibRambla1_BIB14_R1444,ISD_PlazaBibRambla_PlazaBibRambla1_BIB14,ISOEventful,0.6339,0.2809639334572835,
isd_individual_iso_prediction__isd__tong_style_reduced_rf__seed2028,isd_individual_iso_prediction,ISD,test,ISD_PlazaBibRambla_PlazaBibRambla1_BIB5_R1454,ISD_PlazaBibRambla_PlazaBibRambla1_BIB5,ISOEventful,0.2929,0.19637455652887412,
isd_individual_iso_prediction__isd__tong_style_reduced_rf__seed2028,isd_individual_iso_prediction,ISD,test,ISD_Noorderplantsoen_Noorderplantsoen1_NP142_R1461,ISD_Noorderplantsoen_Noorderplantsoen1_NP142,ISOEventful,0.1768,0.14782365752025758,
isd_individual_iso_prediction__isd__tong_style_reduced_rf__seed2028,isd_individual_iso_prediction,ISD,test,ISD_Noorderplantsoen_Noorderplantsoen1_NP144_R1462,ISD_Noorderplantsoen_Noorderplantsoen1_NP144,ISOEventful,0.1464,0.06790494363876869,
isd_individual_iso_prediction__isd__tong_style_reduced_rf__seed2028,isd_individual_iso_prediction,ISD,test,ISD_Noorderplantsoen_Noorderplantsoen1_NP144_R1463,ISD_Noorderplantsoen_Noorderplantsoen1_NP144,ISOEventful,0.0303,0.067686479954305,
isd_individual_iso_prediction__isd__tong_style_reduced_rf__seed2028,isd_individual_iso_prediction,ISD,test,ISD_Noorderplantsoen_Noorderplantsoen1_NP147_R1464,ISD_Noorderplantsoen_Noorderplantsoen1_NP147,ISOEventful,-0.0732,0.23365989823232336,
isd_individual_iso_prediction__isd__tong_style_reduced_rf__seed2028,isd_individual_iso_prediction,ISD,test,ISD_Noorderplantsoen_Noorderplantsoen1_NP151_R1465,ISD_Noorderplantsoen_Noorderplantsoen1_NP151,ISOEventful,0.4874,0.02094852193362193,
isd_individual_iso_prediction__isd__tong_style_reduced_rf__seed2028,isd_individual_iso_prediction,ISD,test,ISD_Noorderplantsoen_Noorderplantsoen1_NP151_R1466,ISD_Noorderplantsoen_Noorderplantsoen1_NP151,ISOEventful,0.3536,0.03459132433954933,
isd_individual_iso_prediction__isd__tong_style_reduced_rf__seed2028,isd_individual_iso_prediction,ISD,test,ISD_SanMarco_SanMarco1_ML103_R36,ISD_SanMarco_SanMarco1_ML103,ISOEventful,0.7071,0.5379991657675659,
isd_individual_iso_prediction__isd__tong_style_reduced_rf__seed2028,isd_individual_iso_prediction,ISD,test,ISD_SanMarco_SanMarco1_ML103_R37,ISD_SanMarco_SanMarco1_ML103,ISOEventful,0.5,0.5379991657675659,
isd_individual_iso_prediction__isd__tong_style_reduced_rf__seed2028,isd_individual_iso_prediction,ISD,test,ISD_SanMarco_SanMarco1_ML103_R38,ISD_SanMarco_SanMarco1_ML103,ISOEventful,0.4393,0.5554262604765606,
isd_individual_iso_prediction__isd__tong_style_reduced_rf__seed2028,isd_individual_iso_prediction,ISD,test,ISD_SanMarco_SanMarco1_ML103_R39,ISD_SanMarco_SanMarco1_ML103,ISOEventful,0.6036,0.5554262604765606,
isd_individual_iso_prediction__isd__tong_style_reduced_rf__seed2028,isd_individual_iso_prediction,ISD,test,ISD_SanMarco_SanMarco1_ML106_R43,ISD_SanMarco_SanMarco1_ML106,ISOEventful,-0.1161,0.282505112925963,
isd_individual_iso_prediction__isd__tong_style_reduced_rf__seed2028,isd_individual_iso_prediction,ISD,test,ISD_SanMarco_SanMarco1_ML106_R44,ISD_SanMarco_SanMarco1_ML106,ISOEventful,0.0607,0.282505112925963,
isd_individual_iso_prediction__isd__tong_style_reduced_rf__seed2028,isd_individual_iso_prediction,ISD,test,ISD_SanMarco_SanMarco1_ML106_R45,ISD_SanMarco_SanMarco1_ML106,ISOEventful,-0.0732,0.2862957402340579,
isd_individual_iso_prediction__isd__tong_style_reduced_rf__seed2028,isd_individual_iso_prediction,ISD,test,ISD_SanMarco_SanMarco1_ML106_R46,ISD_SanMarco_SanMarco1_ML106,ISOEventful,0.1642,0.282505112925963,
isd_individual_iso_prediction__isd__tong_style_reduced_rf__seed2028,isd_individual_iso_prediction,ISD,test,ISD_SanMarco_SanMarco1_ML106_R47,ISD_SanMarco_SanMarco1_ML106,ISOEventful,0.0,0.282505112925963,
isd_individual_iso_prediction__isd__tong_style_reduced_rf__seed2028,isd_individual_iso_prediction,ISD,test,ISD_SanMarco_SanMarco1_ML112_R53,ISD_SanMarco_SanMarco1_ML112,ISOEventful,0.2374,0.3254149358687609,
isd_individual_iso_prediction__isd__tong_style_reduced_rf__seed2028,isd_individual_iso_prediction,ISD,test,ISD_SanMarco_SanMarco1_ML112_R54,ISD_SanMarco_SanMarco1_ML112,ISOEventful,0.4268,0.3254149358687609,
isd_individual_iso_prediction__isd__tong_style_reduced_rf__seed2028,isd_individual_iso_prediction,ISD,test,ISD_SanMarco_SanMarco1_ML112_R55,ISD_SanMarco_SanMarco1_ML112,ISOEventful,0.3232,0.3092765348225848,
isd_individual_iso_prediction__isd__tong_style_reduced_rf__seed2028,isd_individual_iso_prediction,ISD,test,ISD_SanMarco_SanMarco1_ML132_R60,ISD_SanMarco_SanMarco1_ML132,ISOEventful,0.3661,0.4101265639157136,
isd_individual_iso_prediction__isd__tong_style_reduced_rf__seed2028,isd_individual_iso_prediction,ISD,test,ISD_SanMarco_SanMarco1_ML132_R61,ISD_SanMarco_SanMarco1_ML132,ISOEventful,0.3661,0.4225509384106632,
isd_individual_iso_prediction__isd__tong_style_reduced_rf__seed2028,isd_individual_iso_prediction,ISD,test,ISD_SanMarco_SanMarco2_ML204_R73,ISD_SanMarco_SanMarco2_ML204,ISOEventful,-0.0303,0.10749600390720383,
isd_individual_iso_prediction__isd__tong_style_reduced_rf__seed2028,isd_individual_iso_prediction,ISD,test,ISD_SanMarco_SanMarco2_ML206_R76,ISD_SanMarco_SanMarco2_ML206,ISOEventful,0.1036,0.3194623134312309,
isd_individual_iso_prediction__isd__tong_style_reduced_rf__seed2028,isd_individual_iso_prediction,ISD,test,ISD_SanMarco_SanMarco2_ML206_R77,ISD_SanMarco_SanMarco2_ML206,ISOEventful,0.1768,0.30933388554593527,
isd_individual_iso_prediction__isd__tong_style_reduced_rf__seed2028,isd_individual_iso_prediction,ISD,test,ISD_SanMarco_SanMarco2_ML209_R80,ISD_SanMarco_SanMarco2_ML209,ISOEventful,-0.0732,0.10991999323084324,
isd_individual_iso_prediction__isd__tong_style_reduced_rf__seed2028,isd_individual_iso_prediction,ISD,test,ISD_SanMarco_SanMarco2_ML209_R81,ISD_SanMarco_SanMarco2_ML209,ISOEventful,0.8232,0.13343373037610534,
isd_individual_iso_prediction__isd__tong_style_reduced_rf__seed2028,isd_individual_iso_prediction,ISD,test,ISD_SanMarco_SanMarco2_ML210_R82,ISD_SanMarco_SanMarco2_ML210,ISOEventful,0.0607,0.2144643268398267,
isd_individual_iso_prediction__isd__tong_style_reduced_rf__seed2028,isd_individual_iso_prediction,ISD,test,ISD_SanMarco_SanMarco2_ML210_R83,ISD_SanMarco_SanMarco2_ML210,ISOEventful,0.5303,0.2144643268398267,
isd_individual_iso_prediction__isd__tong_style_reduced_rf__seed2028,isd_individual_iso_prediction,ISD,test,ISD_SanMarco_SanMarco2_ML211_R84,ISD_SanMarco_SanMarco2_ML211,ISOEventful,0.0,0.1727120398222149,
isd_individual_iso_prediction__isd__tong_style_reduced_rf__seed2028,isd_individual_iso_prediction,ISD,test,ISD_SanMarco_SanMarco2_ML213_R88,ISD_SanMarco_SanMarco2_ML213,ISOEventful,0.7803,0.395870579115329,
isd_individual_iso_prediction__isd__tong_style_reduced_rf__seed2028,isd_individual_iso_prediction,ISD,test,ISD_SanMarco_SanMarco3_SM302_R94,ISD_SanMarco_SanMarco3_SM302,ISOEventful,0.5607,0.42471469169349146,
isd_individual_iso_prediction__isd__tong_style_reduced_rf__seed2028,isd_individual_iso_prediction,ISD,test,ISD_SanMarco_SanMarco3_SM305_R100,ISD_SanMarco_SanMarco3_SM305,ISOEventful,0.341,0.42116307425722416,
isd_individual_iso_prediction__isd__tong_style_reduced_rf__seed2028,isd_individual_iso_prediction,ISD,test,ISD_SanMarco_SanMarco3_SM305_R101,ISD_SanMarco_SanMarco3_SM305,ISOEventful,1.0,0.42116307425722416,
isd_individual_iso_prediction__isd__tong_style_reduced_rf__seed2028,isd_individual_iso_prediction,ISD,test,ISD_SanMarco_SanMarco3_SM309_R109,ISD_SanMarco_SanMarco3_SM309,ISOEventful,0.7803,0.4620884255078254,
isd_individual_iso_prediction__isd__tong_style_reduced_rf__seed2028,isd_individual_iso_prediction,ISD,test,ISD_SanMarco_SanMarco3_SM313_R116,ISD_SanMarco_SanMarco3_SM313,ISOEventful,0.4697,0.4861949543438042,
isd_individual_iso_prediction__isd__tong_style_reduced_rf__seed2028,isd_individual_iso_prediction,ISD,test,ISD_SanMarco_SanMarco3_SM314_R117,ISD_SanMarco_SanMarco3_SM314,ISOEventful,0.3661,0.5448992937257185,
isd_individual_iso_prediction__isd__tong_style_reduced_rf__seed2028,isd_individual_iso_prediction,ISD,test,ISD_SanMarco_SanMarco3_SM314_R118,ISD_SanMarco_SanMarco3_SM314,ISOEventful,0.1036,0.5350245500850997,
isd_individual_iso_prediction__isd__tong_style_reduced_rf__seed2028,isd_individual_iso_prediction,ISD,test,ISD_SanMarco_SanMarco3_SM314_R119,ISD_SanMarco_SanMarco3_SM314,ISOEventful,0.5303,0.5350245500850997,
isd_individual_iso_prediction__isd__tong_style_reduced_rf__seed2028,isd_individual_iso_prediction,ISD,test,ISD_SanMarco_SanMarco3_SM314_R120,ISD_SanMarco_SanMarco3_SM314,ISOEventful,0.8536,0.5448992937257185,
isd_individual_iso_prediction__isd__tong_style_reduced_rf__seed2028,isd_individual_iso_prediction,ISD,test,ISD_SanMarco_SanMarco3_SM314_R121,ISD_SanMarco_SanMarco3_SM314,ISOEventful,0.2678,0.5350245500850997,
isd_individual_iso_prediction__isd__tong_style_reduced_rf__seed2028,isd_individual_iso_prediction,ISD,test,ISD_MiradorSanNicolas_MiradorSanNicolas1_M11_R10201,ISD_MiradorSanNicolas_MiradorSanNicolas1_M11,ISOEventful,-0.2929,0.18894407152292161,
isd_individual_iso_prediction__isd__tong_style_reduced_rf__seed2028,isd_individual_iso_prediction,ISD,test,ISD_MiradorSanNicolas_MiradorSanNicolas1_M110_R10208,ISD_MiradorSanNicolas_MiradorSanNicolas1_M110,ISOEventful,0.2197,-0.0885146392727642,
isd_individual_iso_prediction__isd__tong_style_reduced_rf__seed2028,isd_individual_iso_prediction,ISD,test,ISD_MiradorSanNicolas_MiradorSanNicolas1_M110_R10209,ISD_MiradorSanNicolas_MiradorSanNicolas1_M110,ISOEventful,0.1768,-0.08932419944592439,
isd_individual_iso_prediction__isd__tong_style_reduced_rf__seed2028,isd_individual_iso_prediction,ISD,test,ISD_MiradorSanNicolas_MiradorSanNicolas1_M111_R10210,ISD_MiradorSanNicolas_MiradorSanNicolas1_M111,ISOEventful,-0.1161,-0.12394994342601831,
isd_individual_iso_prediction__isd__tong_style_reduced_rf__seed2028,isd_individual_iso_prediction,ISD,test,ISD_MiradorSanNicolas_MiradorSanNicolas1_M111_R10211,ISD_MiradorSanNicolas_MiradorSanNicolas1_M111,ISOEventful,-0.4268,-0.03577297895160398,
isd_individual_iso_prediction__isd__tong_style_reduced_rf__seed2028,isd_individual_iso_prediction,ISD,test,ISD_MiradorSanNicolas_MiradorSanNicolas1_M113_R10212,ISD_MiradorSanNicolas_MiradorSanNicolas1_M113,ISOEventful,-0.2197,0.1376415621887372,
isd_individual_iso_prediction__isd__tong_style_reduced_rf__seed2028,isd_individual_iso_prediction,ISD,test,ISD_MiradorSanNicolas_MiradorSanNicolas1_M113_R10214,ISD_MiradorSanNicolas_MiradorSanNicolas1_M113,ISOEventful,0.8232,0.11183661111851118,
isd_individual_iso_prediction__isd__tong_style_reduced_rf__seed2028,isd_individual_iso_prediction,ISD,test,ISD_MiradorSanNicolas_MiradorSanNicolas1_M113_R10215,ISD_MiradorSanNicolas_MiradorSanNicolas1_M113,ISOEventful,0.3839,0.13591216800884298,
isd_individual_iso_prediction__isd__tong_style_reduced_rf__seed2028,isd_individual_iso_prediction,ISD,test,ISD_MiradorSanNicolas_MiradorSanNicolas1_M12_R10202,ISD_MiradorSanNicolas_MiradorSanNicolas1_M12,ISOEventful,0.2197,0.18442809500407006,
isd_individual_iso_prediction__isd__tong_style_reduced_rf__seed2028,isd_individual_iso_prediction,ISD,test,ISD_MiradorSanNicolas_MiradorSanNicolas1_M13_R10203,ISD_MiradorSanNicolas_MiradorSanNicolas1_M13,ISOEventful,0.1642,0.2082406781866282,
isd_individual_iso_prediction__isd__tong_style_reduced_rf__seed2028,isd_individual_iso_prediction,ISD,test,ISD_MiradorSanNicolas_MiradorSanNicolas1_M16_R10204,ISD_MiradorSanNicolas_MiradorSanNicolas1_M16,ISOEventful,0.0303,-0.029641003486328508,
isd_individual_iso_prediction__isd__tong_style_reduced_rf__seed2028,isd_individual_iso_prediction,ISD,test,ISD_MiradorSanNicolas_MiradorSanNicolas1_M17_R10200,ISD_MiradorSanNicolas_MiradorSanNicolas1_M17,ISOEventful,-0.1287,-0.01902221462241462,
isd_individual_iso_prediction__isd__tong_style_reduced_rf__seed2028,isd_individual_iso_prediction,ISD,test,ISD_MiradorSanNicolas_MiradorSanNicolas1_M17_R10206,ISD_MiradorSanNicolas_MiradorSanNicolas1_M17,ISOEventful,-0.1339,0.011249729402079422,
isd_individual_iso_prediction__isd__tong_style_reduced_rf__seed2028,isd_individual_iso_prediction,ISD,test,ISD_MiradorSanNicolas_MiradorSanNicolas1_M21_R10233,ISD_MiradorSanNicolas_MiradorSanNicolas1_M21,ISOEventful,0.3232,0.04085417570947567,
isd_individual_iso_prediction__isd__tong_style_reduced_rf__seed2028,isd_individual_iso_prediction,ISD,test,ISD_MiradorSanNicolas_MiradorSanNicolas1_M21_R10234,ISD_MiradorSanNicolas_MiradorSanNicolas1_M21,ISOEventful,0.6768,-0.016553594021719024,
isd_individual_iso_prediction__isd__tong_style_reduced_rf__seed2028,isd_individual_iso_prediction,ISD,test,ISD_MiradorSanNicolas_MiradorSanNicolas1_M210_R10232,ISD_MiradorSanNicolas_MiradorSanNicolas1_M210,ISOEventful,-0.2929,0.14042649045214042,
isd_individual_iso_prediction__isd__tong_style_reduced_rf__seed2028,isd_individual_iso_prediction,ISD,test,ISD_MiradorSanNicolas_MiradorSanNicolas1_M22_R10217,ISD_MiradorSanNicolas_MiradorSanNicolas1_M22,ISOEventful,0.4874,0.0365422605107855,
isd_individual_iso_prediction__isd__tong_style_reduced_rf__seed2028,isd_individual_iso_prediction,ISD,test,ISD_MiradorSanNicolas_MiradorSanNicolas1_M22_R10218,ISD_MiradorSanNicolas_MiradorSanNicolas1_M22,ISOEventful,0.6339,0.045558376121101134,
isd_individual_iso_prediction__isd__tong_style_reduced_rf__seed2028,isd_individual_iso_prediction,ISD,test,ISD_MiradorSanNicolas_MiradorSanNicolas1_M23_R10219,ISD_MiradorSanNicolas_MiradorSanNicolas1_M23,ISOEventful,0.1768,-0.056829955814555785,
isd_individual_iso_prediction__isd__tong_style_reduced_rf__seed2028,isd_individual_iso_prediction,ISD,test,ISD_MiradorSanNicolas_MiradorSanNicolas1_M23_R10220,ISD_MiradorSanNicolas_MiradorSanNicolas1_M23,ISOEventful,0.2929,-0.055110257401857404,
isd_individual_iso_prediction__isd__tong_style_reduced_rf__seed2028,isd_individual_iso_prediction,ISD,test,ISD_MiradorSanNicolas_MiradorSanNicolas1_M24_R10227,ISD_MiradorSanNicolas_MiradorSanNicolas1_M24,ISOEventful,0.1036,0.11359526068838567,
isd_individual_iso_prediction__isd__tong_style_reduced_rf__seed2028,isd_individual_iso_prediction,ISD,test,ISD_MiradorSanNicolas_MiradorSanNicolas1_M26_R10222,ISD_MiradorSanNicolas_MiradorSanNicolas1_M26,ISOEventful,-0.3661,0.17400832033152025,
isd_individual_iso_prediction__isd__tong_style_reduced_rf__seed2028,isd_individual_iso_prediction,ISD,test,ISD_MiradorSanNicolas_MiradorSanNicolas1_M28_R10224,ISD_MiradorSanNicolas_MiradorSanNicolas1_M28,ISOEventful,0.1945,0.02200706031006031,
isd_individual_iso_prediction__isd__tong_style_reduced_rf__seed2028,isd_individual_iso_prediction,ISD,test,ISD_MiradorSanNicolas_MiradorSanNicolas1_M28_R10225,ISD_MiradorSanNicolas_MiradorSanNicolas1_M28,ISOEventful,-0.0126,0.01911746423761423,
isd_individual_iso_prediction__isd__tong_style_reduced_rf__seed2028,isd_individual_iso_prediction,ISD,test,ISD_MiradorSanNicolas_MiradorSanNicolas1_M29_R10228,ISD_MiradorSanNicolas_MiradorSanNicolas1_M29,ISOEventful,-0.0858,0.10302193633033638,
isd_individual_iso_prediction__isd__tong_style_reduced_rf__seed2028,isd_individual_iso_prediction,ISD,test,ISD_MiradorSanNicolas_MiradorSanNicolas1_M29_R10229,ISD_MiradorSanNicolas_MiradorSanNicolas1_M29,ISOEventful,0.341,0.15965868903318906,
isd_individual_iso_prediction__isd__tong_style_reduced_rf__seed2028,isd_individual_iso_prediction,ISD,test,ISD_MiradorSanNicolas_MiradorSanNicolas1_M29_R10231,ISD_MiradorSanNicolas_MiradorSanNicolas1_M29,ISOEventful,0.3839,0.15745761142098635,
isd_individual_iso_prediction__isd__tong_style_reduced_rf__seed2028,isd_individual_iso_prediction,ISD,test,ISD_PlazaBibRambla_PlazaBibRambla1_BIB1_R10239,ISD_PlazaBibRambla_PlazaBibRambla1_BIB1,ISOEventful,0.1036,0.09768569675139674,
isd_individual_iso_prediction__isd__tong_style_reduced_rf__seed2028,isd_individual_iso_prediction,ISD,test,ISD_PlazaBibRambla_PlazaBibRambla1_BIB10_R10252,ISD_PlazaBibRambla_PlazaBibRambla1_BIB10,ISOEventful,0.3536,-0.056940800599835875,
isd_individual_iso_prediction__isd__tong_style_reduced_rf__seed2028,isd_individual_iso_prediction,ISD,test,ISD_PlazaBibRambla_PlazaBibRambla1_BIB10_R10255,ISD_PlazaBibRambla_PlazaBibRambla1_BIB10,ISOEventful,-0.7071,-0.11492705586080587,
isd_individual_iso_prediction__isd__tong_style_reduced_rf__seed2028,isd_individual_iso_prediction,ISD,test,ISD_PlazaBibRambla_PlazaBibRambla1_BIB12_R10237,ISD_PlazaBibRambla_PlazaBibRambla1_BIB12,ISOEventful,-0.2929,0.12364275325137816,
isd_individual_iso_prediction__isd__tong_style_reduced_rf__seed2028,isd_individual_iso_prediction,ISD,test,ISD_PlazaBibRambla_PlazaBibRambla1_BIB13_R10253,ISD_PlazaBibRambla_PlazaBibRambla1_BIB13,ISOEventful,-0.5126,0.12748756503959002,
isd_individual_iso_prediction__isd__tong_style_reduced_rf__seed2028,isd_individual_iso_prediction,ISD,test,ISD_PlazaBibRambla_PlazaBibRambla1_BIB13_R10254,ISD_PlazaBibRambla_PlazaBibRambla1_BIB13,ISOEventful,-0.1464,0.13979999666537168,
isd_individual_iso_prediction__isd__tong_style_reduced_rf__seed2028,isd_individual_iso_prediction,ISD,test,ISD_PlazaBibRambla_PlazaBibRambla1_BIB15_R10236,ISD_PlazaBibRambla_PlazaBibRambla1_BIB15,ISOEventful,-0.0732,0.09712762033429533,
isd_individual_iso_prediction__isd__tong_style_reduced_rf__seed2028,isd_individual_iso_prediction,ISD,test,ISD_PlazaBibRambla_PlazaBibRambla1_BIB16_R10235,ISD_PlazaBibRambla_PlazaBibRambla1_BIB16,ISOEventful,0.1339,0.04467936439856439,
isd_individual_iso_prediction__isd__tong_style_reduced_rf__seed2028,isd_individual_iso_prediction,ISD,test,ISD_PlazaBibRambla_PlazaBibRambla1_BIB3_R10251,ISD_PlazaBibRambla_PlazaBibRambla1_BIB3,ISOEventful,0.0303,0.01157231883342693,
isd_individual_iso_prediction__isd__tong_style_reduced_rf__seed2028,isd_individual_iso_prediction,ISD,test,ISD_PlazaBibRambla_PlazaBibRambla1_BIB4_R10243,ISD_PlazaBibRambla_PlazaBibRambla1_BIB4,ISOEventful,-0.5429,0.15818386562049075,
isd_individual_iso_prediction__isd__tong_style_reduced_rf__seed2028,isd_individual_iso_prediction,ISD,test,ISD_PlazaBibRambla_PlazaBibRambla1_BIB4_R10244,ISD_PlazaBibRambla_PlazaBibRambla1_BIB4,ISOEventful,-0.3661,0.032775952639925436,
isd_individual_iso_prediction__isd__tong_style_reduced_rf__seed2028,isd_individual_iso_prediction,ISD,test,ISD_PlazaBibRambla_PlazaBibRambla1_BIB6_R10246,ISD_PlazaBibRambla_PlazaBibRambla1_BIB6,ISOEventful,0.0,-0.03187605753968255,
isd_individual_iso_prediction__isd__tong_style_reduced_rf__seed2028,isd_individual_iso_prediction,ISD,test,ISD_PlazaBibRambla_PlazaBibRambla1_BIB6_R10247,ISD_PlazaBibRambla_PlazaBibRambla1_BIB6,ISOEventful,0.0732,-0.06730662331187333,
isd_individual_iso_prediction__isd__tong_style_reduced_rf__seed2028,isd_individual_iso_prediction,ISD,test,ISD_PlazaBibRambla_PlazaBibRambla1_BIB9_R10258,ISD_PlazaBibRambla_PlazaBibRambla1_BIB9,ISOEventful,0.4571,0.2084665377344878,
isd_individual_iso_prediction__isd__tong_style_reduced_rf__seed2028,isd_individual_iso_prediction,ISD,test,ISD_SanMarco_SanMarco1_AM02_R17,ISD_SanMarco_SanMarco1_AM02,ISOEventful,0.1768,0.2468731374921375,
isd_individual_iso_prediction__isd__tong_style_reduced_rf__seed2028,isd_individual_iso_prediction,ISD,test,ISD_SanMarco_SanMarco1_AM02_R18,ISD_SanMarco_SanMarco1_AM02,ISOEventful,-0.1768,0.2468731374921375,
isd_individual_iso_prediction__isd__tong_style_reduced_rf__seed2028,isd_individual_iso_prediction,ISD,test,ISD_SanMarco_SanMarco1_ML101_R22,ISD_SanMarco_SanMarco1_ML101,ISOEventful,0.2929,0.23793256809301813,
isd_individual_iso_prediction__isd__tong_style_reduced_rf__seed2028,isd_individual_iso_prediction,ISD,test,ISD_SanMarco_SanMarco1_ML101_R23,ISD_SanMarco_SanMarco1_ML101,ISOEventful,0.3232,0.2566061065036815,
isd_individual_iso_prediction__isd__tong_style_reduced_rf__seed2028,isd_individual_iso_prediction,ISD,test,ISD_SanMarco_SanMarco1_ML104_R24,ISD_SanMarco_SanMarco1_ML104,ISOEventful,0.3964,0.24266455905298406,
isd_individual_iso_prediction__isd__tong_style_reduced_rf__seed2028,isd_individual_iso_prediction,ISD,test,ISD_SanMarco_SanMarco1_ML104_R25,ISD_SanMarco_SanMarco1_ML104,ISOEventful,0.0732,0.22116221495448996,
isd_individual_iso_prediction__isd__tong_style_reduced_rf__seed2028,isd_individual_iso_prediction,ISD,test,ISD_SanMarco_SanMarco1_ML105_R26,ISD_SanMarco_SanMarco1_ML105,ISOEventful,0.6464,0.12461123906463904,
isd_individual_iso_prediction__isd__tong_style_reduced_rf__seed2028,isd_individual_iso_prediction,ISD,test,ISD_SanMarco_SanMarco1_ML111_R27,ISD_SanMarco_SanMarco1_ML111,ISOEventful,0.5732,0.07674837441077441,
isd_individual_iso_prediction__isd__tong_style_reduced_rf__seed2028,isd_individual_iso_prediction,ISD,test,ISD_SanMarco_SanMarco1_ML111_R28,ISD_SanMarco_SanMarco1_ML111,ISOEventful,0.0429,0.03593179374699375,
isd_individual_iso_prediction__isd__tong_style_reduced_rf__seed2028,isd_individual_iso_prediction,ISD,test,ISD_SanMarco_SanMarco1_ML111_R29,ISD_SanMarco_SanMarco1_ML111,ISOEventful,0.2803,0.07674837441077441,
isd_individual_iso_prediction__isd__tong_style_reduced_rf__seed2028,isd_individual_iso_prediction,ISD,test,ISD_SanMarco_SanMarco1_ML111_R30,ISD_SanMarco_SanMarco1_ML111,ISOEventful,0.7071,0.03593179374699375,
isd_individual_iso_prediction__isd__tong_style_reduced_rf__seed2028,isd_individual_iso_prediction,ISD,test,ISD_SanMarco_SanMarco1_ML130_R31,ISD_SanMarco_SanMarco1_ML130,ISOEventful,0.5303,0.12580478980741472,
isd_individual_iso_prediction__isd__tong_style_reduced_rf__seed2028,isd_individual_iso_prediction,ISD,test,ISD_SanMarco_SanMarco1_ML130_R32,ISD_SanMarco_SanMarco1_ML130,ISOEventful,0.6464,0.07095093535816036,
isd_individual_iso_prediction__isd__tong_style_reduced_rf__seed2028,isd_individual_iso_prediction,ISD,test,ISD_SanMarco_SanMarco1_ML131_R33,ISD_SanMarco_SanMarco1_ML131,ISOEventful,0.5732,0.2312108376965627,
isd_individual_iso_prediction__isd__tong_style_reduced_rf__seed2028,isd_individual_iso_prediction,ISD,test,ISD_SanMarco_SanMarco1_ML131_R34,ISD_SanMarco_SanMarco1_ML131,ISOEventful,0.1161,0.2312108376965627,
isd_individual_iso_prediction__isd__tong_style_reduced_rf__seed2028,isd_individual_iso_prediction,ISD,test,ISD_SanMarco_SanMarco1_ML133_R35,ISD_SanMarco_SanMarco1_ML133,ISOEventful,0.5732,0.11914187542550041,
isd_individual_iso_prediction__isd__tong_style_reduced_rf__seed2028,isd_individual_iso_prediction,ISD,test,ISD_SanMarco_SanMarco1_ML133_R36,ISD_SanMarco_SanMarco1_ML133,ISOEventful,0.3661,0.11914187542550041,
isd_individual_iso_prediction__isd__tong_style_reduced_rf__seed2028,isd_individual_iso_prediction,ISD,test,ISD_SanMarco_SanMarco1_ML133_R37,ISD_SanMarco_SanMarco1_ML133,ISOEventful,0.1464,0.07222326859529357,
isd_individual_iso_prediction__isd__tong_style_reduced_rf__seed2028,isd_individual_iso_prediction,ISD,test,ISD_SanMarco_SanMarco1_ML133_R38,ISD_SanMarco_SanMarco1_ML133,ISOEventful,0.4697,0.11914187542550041,
isd_individual_iso_prediction__isd__tong_style_reduced_rf__seed2028,isd_individual_iso_prediction,ISD,test,ISD_SanMarco_SanMarco2_ML202_R39,ISD_SanMarco_SanMarco2_ML202,ISOEventful,0.5,0.3375853900192399,
isd_individual_iso_prediction__isd__tong_style_reduced_rf__seed2028,isd_individual_iso_prediction,ISD,test,ISD_SanMarco_SanMarco2_ML202_R40,ISD_SanMarco_SanMarco2_ML202,ISOEventful,0.6339,0.3375853900192399,
isd_individual_iso_prediction__isd__tong_style_reduced_rf__seed2028,isd_individual_iso_prediction,ISD,test,ISD_SanMarco_SanMarco2_ML202_R41,ISD_SanMarco_SanMarco2_ML202,ISOEventful,0.0429,0.3446662712916714,
isd_individual_iso_prediction__isd__tong_style_reduced_rf__seed2028,isd_individual_iso_prediction,ISD,test,ISD_SanMarco_SanMarco2_ML203_R42,ISD_SanMarco_SanMarco2_ML203,ISOEventful,0.3232,0.13594594316516814,
isd_individual_iso_prediction__isd__tong_style_reduced_rf__seed2028,isd_individual_iso_prediction,ISD,test,ISD_SanMarco_SanMarco2_ML205_R43,ISD_SanMarco_SanMarco2_ML205,ISOEventful,0.4697,0.07878932690087688,
isd_individual_iso_prediction__isd__tong_style_reduced_rf__seed2028,isd_individual_iso_prediction,ISD,test,ISD_SanMarco_SanMarco2_ML205_R44,ISD_SanMarco_SanMarco2_ML205,ISOEventful,0.3536,0.02526334763107263,
isd_individual_iso_prediction__isd__tong_style_reduced_rf__seed2028,isd_individual_iso_prediction,ISD,test,ISD_SanMarco_SanMarco2_ML208_R45,ISD_SanMarco_SanMarco2_ML208,ISOEventful,-0.0303,0.1524522507982759,
isd_individual_iso_prediction__isd__tong_style_reduced_rf__seed2028,isd_individual_iso_prediction,ISD,test,ISD_SanMarco_SanMarco2_ML208_R46,ISD_SanMarco_SanMarco2_ML208,ISOEventful,0.1464,0.1524522507982759,
isd_individual_iso_prediction__isd__tong_style_reduced_rf__seed2028,isd_individual_iso_prediction,ISD,test,ISD_SanMarco_SanMarco2_ML212_R47,ISD_SanMarco_SanMarco2_ML212,ISOEventful,0.0,0.1787087414169164,
isd_individual_iso_prediction__isd__tong_style_reduced_rf__seed2028,isd_individual_iso_prediction,ISD,test,ISD_SanMarco_SanMarco2_ML212_R48,ISD_SanMarco_SanMarco2_ML212,ISOEventful,0.6464,0.13670584454064447,
isd_individual_iso_prediction__isd__tong_style_reduced_rf__seed2028,isd_individual_iso_prediction,ISD,test,ISD_SanMarco_SanMarco2_ML214_R49,ISD_SanMarco_SanMarco2_ML214,ISOEventful,0.7071,0.23410243978613976,
isd_individual_iso_prediction__isd__tong_style_reduced_rf__seed2028,isd_individual_iso_prediction,ISD,test,ISD_SanMarco_SanMarco2_ML214_R50,ISD_SanMarco_SanMarco2_ML214,ISOEventful,0.0732,0.23410243978613976,
isd_individual_iso_prediction__isd__tong_style_reduced_rf__seed2028,isd_individual_iso_prediction,ISD,test,ISD_SanMarco_SanMarco2_ML214_R51,ISD_SanMarco_SanMarco2_ML214,ISOEventful,0.3536,0.23410243978613976,
isd_individual_iso_prediction__isd__tong_style_reduced_rf__seed2028,isd_individual_iso_prediction,ISD,test,ISD_SanMarco_SanMarco3_SM301_R52,ISD_SanMarco_SanMarco3_SM301,ISOEventful,0.1339,0.2603388372414622,
isd_individual_iso_prediction__isd__tong_style_reduced_rf__seed2028,isd_individual_iso_prediction,ISD,test,ISD_SanMarco_SanMarco3_SM301_R53,ISD_SanMarco_SanMarco3_SM301,ISOEventful,0.25,0.26352027745587736,
isd_individual_iso_prediction__isd__tong_style_reduced_rf__seed2028,isd_individual_iso_prediction,ISD,test,ISD_SanMarco_SanMarco3_SM303_R54,ISD_SanMarco_SanMarco3_SM303,ISOEventful,0.5303,0.2544807753330004,
isd_individual_iso_prediction__isd__tong_style_reduced_rf__seed2028,isd_individual_iso_prediction,ISD,test,ISD_SanMarco_SanMarco3_SM303_R55,ISD_SanMarco_SanMarco3_SM303,ISOEventful,0.3964,0.2544807753330004,
isd_individual_iso_prediction__isd__tong_style_reduced_rf__seed2028,isd_individual_iso_prediction,ISD,test,ISD_SanMarco_SanMarco3_SM303_R56,ISD_SanMarco_SanMarco3_SM303,ISOEventful,0.5732,0.2544807753330004,
isd_individual_iso_prediction__isd__tong_style_reduced_rf__seed2028,isd_individual_iso_prediction,ISD,test,ISD_SanMarco_SanMarco3_SM304_R57,ISD_SanMarco_SanMarco3_SM304,ISOEventful,0.8536,0.3154246799385798,
isd_individual_iso_prediction__isd__tong_style_reduced_rf__seed2028,isd_individual_iso_prediction,ISD,test,ISD_SanMarco_SanMarco3_SM304_R58,ISD_SanMarco_SanMarco3_SM304,ISOEventful,0.9268,0.3128473777185774,
isd_individual_iso_prediction__isd__tong_style_reduced_rf__seed2028,isd_individual_iso_prediction,ISD,test,ISD_SanMarco_SanMarco3_SM306_R59,ISD_SanMarco_SanMarco3_SM306,ISOEventful,0.9268,0.29480641283901277,
isd_individual_iso_prediction__isd__tong_style_reduced_rf__seed2028,isd_individual_iso_prediction,ISD,test,ISD_SanMarco_SanMarco3_SM306_R60,ISD_SanMarco_SanMarco3_SM306,ISOEventful,0.3964,0.2920048746956746,
isd_individual_iso_prediction__isd__tong_style_reduced_rf__seed2028,isd_individual_iso_prediction,ISD,test,ISD_SanMarco_SanMarco3_SM307_R61,ISD_SanMarco_SanMarco3_SM307,ISOEventful,0.4268,0.23410755044030027,
isd_individual_iso_prediction__isd__tong_style_reduced_rf__seed2028,isd_individual_iso_prediction,ISD,test,ISD_SanMarco_SanMarco3_SM308_R63,ISD_SanMarco_SanMarco3_SM308,ISOEventful,0.5303,0.2308056847106596,
isd_individual_iso_prediction__isd__tong_style_reduced_rf__seed2028,isd_individual_iso_prediction,ISD,test,ISD_SanMarco_SanMarco3_SM308_R64,ISD_SanMarco_SanMarco3_SM308,ISOEventful,0.5732,0.2308056847106596,
isd_individual_iso_prediction__isd__tong_style_reduced_rf__seed2028,isd_individual_iso_prediction,ISD,test,ISD_SanMarco_SanMarco3_SM308_R65,ISD_SanMarco_SanMarco3_SM308,ISOEventful,0.6036,0.2308056847106596,
isd_individual_iso_prediction__isd__tong_style_reduced_rf__seed2028,isd_individual_iso_prediction,ISD,test,ISD_SanMarco_SanMarco3_SM309_R66,ISD_SanMarco_SanMarco3_SM309,ISOEventful,0.5732,0.2821279408332407,
isd_individual_iso_prediction__isd__tong_style_reduced_rf__seed2028,isd_individual_iso_prediction,ISD,test,ISD_SanMarco_SanMarco3_SM310_R67,ISD_SanMarco_SanMarco3_SM310,ISOEventful,0.3358,0.22451651356791358,
isd_individual_iso_prediction__isd__tong_style_reduced_rf__seed2028,isd_individual_iso_prediction,ISD,test,ISD_SanMarco_SanMarco3_SM310_R68,ISD_SanMarco_SanMarco3_SM310,ISOEventful,0.1464,0.230016247144522,
isd_individual_iso_prediction__isd__tong_style_reduced_rf__seed2028,isd_individual_iso_prediction,ISD,test,ISD_SanMarco_SanMarco3_SM311_R69,ISD_SanMarco_SanMarco3_SM311,ISOEventful,-0.1036,0.273109668081918,
isd_individual_iso_prediction__isd__tong_style_reduced_rf__seed2028,isd_individual_iso_prediction,ISD,test,ISD_SanMarco_SanMarco3_SM312_R70,ISD_SanMarco_SanMarco3_SM312,ISOEventful,0.1768,0.2261520105043105,
isd_individual_iso_prediction__isd__tong_style_reduced_rf__seed2028,isd_individual_iso_prediction,ISD,test,ISD_SanMarco_SanMarco3_SM313_R71,ISD_SanMarco_SanMarco3_SM313,ISOEventful,0.2929,0.2718204200974951,
isd_individual_iso_prediction__isd__tong_style_reduced_rf__seed2028,isd_individual_iso_prediction,ISD,test,ISD_Noorderplantsoen_Noorderplantsoen1_NP101_R2,ISD_Noorderplantsoen_Noorderplantsoen1_NP101,ISOEventful,0.25,-0.057013765596440585,
isd_individual_iso_prediction__isd__tong_style_reduced_rf__seed2028,isd_individual_iso_prediction,ISD,test,ISD_Noorderplantsoen_Noorderplantsoen1_NP101_R73,ISD_Noorderplantsoen_Noorderplantsoen1_NP101,ISOEventful,0.3839,-0.0010318354858104722,
isd_individual_iso_prediction__isd__tong_style_reduced_rf__seed2028,isd_individual_iso_prediction,ISD,test,ISD_Noorderplantsoen_Noorderplantsoen1_NP102_R88,ISD_Noorderplantsoen_Noorderplantsoen1_NP102,ISOEventful,0.1036,0.12287998110870613,
isd_individual_iso_prediction__isd__tong_style_reduced_rf__seed2028,isd_individual_iso_prediction,ISD,test,ISD_Noorderplantsoen_Noorderplantsoen1_NP106_R98,ISD_Noorderplantsoen_Noorderplantsoen1_NP106,ISOEventful,0.1464,0.03261580411717908,
isd_individual_iso_prediction__isd__tong_style_reduced_rf__seed2028,isd_individual_iso_prediction,ISD,test,ISD_Noorderplantsoen_Noorderplantsoen1_NP107_R97,ISD_Noorderplantsoen_Noorderplantsoen1_NP107,ISOEventful,0.1464,-0.08752807085229591,
isd_individual_iso_prediction__isd__tong_style_reduced_rf__seed2028,isd_individual_iso_prediction,ISD,test,ISD_Noorderplantsoen_Noorderplantsoen1_NP108_R96,ISD_Noorderplantsoen_Noorderplantsoen1_NP108,ISOEventful,-0.1036,0.16822235620305617,
isd_individual_iso_prediction__isd__tong_style_reduced_rf__seed2028,isd_individual_iso_prediction,ISD,test,ISD_Noorderplantsoen_Noorderplantsoen1_NP109_R3,ISD_Noorderplantsoen_Noorderplantsoen1_NP109,ISOEventful,-0.1339,0.07213734527417028,
isd_individual_iso_prediction__isd__tong_style_reduced_rf__seed2028,isd_individual_iso_prediction,ISD,test,ISD_Noorderplantsoen_Noorderplantsoen1_NP110_R4,ISD_Noorderplantsoen_Noorderplantsoen1_NP110,ISOEventful,0.0303,0.09045372963882517,
isd_individual_iso_prediction__isd__tong_style_reduced_rf__seed2028,isd_individual_iso_prediction,ISD,test,ISD_Noorderplantsoen_Noorderplantsoen1_NP110_R90,ISD_Noorderplantsoen_Noorderplantsoen1_NP110,ISOEventful,-0.3964,0.09045372963882517,
isd_individual_iso_prediction__isd__tong_style_reduced_rf__seed2028,isd_individual_iso_prediction,ISD,test,ISD_Noorderplantsoen_Noorderplantsoen1_NP111_R5,ISD_Noorderplantsoen_Noorderplantsoen1_NP111,ISOEventful,0.1768,-0.0608725934824435,
isd_individual_iso_prediction__isd__tong_style_reduced_rf__seed2028,isd_individual_iso_prediction,ISD,test,ISD_Noorderplantsoen_Noorderplantsoen1_NP111_R87,ISD_Noorderplantsoen_Noorderplantsoen1_NP111,ISOEventful,0.7803,-0.0238057726911977,
isd_individual_iso_prediction__isd__tong_style_reduced_rf__seed2028,isd_individual_iso_prediction,ISD,test,ISD_Noorderplantsoen_Noorderplantsoen1_NP112_R84,ISD_Noorderplantsoen_Noorderplantsoen1_NP112,ISOEventful,0.0732,0.03337725436507937,
isd_individual_iso_prediction__isd__tong_style_reduced_rf__seed2028,isd_individual_iso_prediction,ISD,test,ISD_Noorderplantsoen_Noorderplantsoen1_NP113_R83,ISD_Noorderplantsoen_Noorderplantsoen1_NP113,ISOEventful,0.6768,0.15844964158526653,
isd_individual_iso_prediction__isd__tong_style_reduced_rf__seed2028,isd_individual_iso_prediction,ISD,test,ISD_Noorderplantsoen_Noorderplantsoen1_NP114_R6,ISD_Noorderplantsoen_Noorderplantsoen1_NP114,ISOEventful,0.4268,0.14092290775613275,
isd_individual_iso_prediction__isd__tong_style_reduced_rf__seed2028,isd_individual_iso_prediction,ISD,test,ISD_Noorderplantsoen_Noorderplantsoen1_NP116_R7,ISD_Noorderplantsoen_Noorderplantsoen1_NP116,ISOEventful,0.3536,0.1466979047239797,
isd_individual_iso_prediction__isd__tong_style_reduced_rf__seed2028,isd_individual_iso_prediction,ISD,test,ISD_Noorderplantsoen_Noorderplantsoen1_NP116_R85,ISD_Noorderplantsoen_Noorderplantsoen1_NP116,ISOEventful,0.5303,0.119968769129944,
isd_individual_iso_prediction__isd__tong_style_reduced_rf__seed2028,isd_individual_iso_prediction,ISD,test,ISD_Noorderplantsoen_Noorderplantsoen1_NP117_R8,ISD_Noorderplantsoen_Noorderplantsoen1_NP117,ISOEventful,0.0732,0.14886021724386722,
isd_individual_iso_prediction__isd__tong_style_reduced_rf__seed2028,isd_individual_iso_prediction,ISD,test,ISD_Noorderplantsoen_Noorderplantsoen1_NP118_R10,ISD_Noorderplantsoen_Noorderplantsoen1_NP118,ISOEventful,0.5303,0.17553387952880453,
isd_individual_iso_prediction__isd__tong_style_reduced_rf__seed2028,isd_individual_iso_prediction,ISD,test,ISD_Noorderplantsoen_Noorderplantsoen1_NP118_R9,ISD_Noorderplantsoen_Noorderplantsoen1_NP118,ISOEventful,0.2803,0.17553387952880453,
isd_individual_iso_prediction__isd__tong_style_reduced_rf__seed2028,isd_individual_iso_prediction,ISD,test,ISD_Noorderplantsoen_Noorderplantsoen1_NP119_R11,ISD_Noorderplantsoen_Noorderplantsoen1_NP119,ISOEventful,0.4571,0.12177072356902371,
isd_individual_iso_prediction__isd__tong_style_reduced_rf__seed2028,isd_individual_iso_prediction,ISD,test,ISD_Noorderplantsoen_Noorderplantsoen1_NP119_R79,ISD_Noorderplantsoen_Noorderplantsoen1_NP119,ISOEventful,-0.1464,0.07246553494468501,
isd_individual_iso_prediction__isd__tong_style_reduced_rf__seed2028,isd_individual_iso_prediction,ISD,test,ISD_Noorderplantsoen_Noorderplantsoen1_NP120_R13,ISD_Noorderplantsoen_Noorderplantsoen1_NP120,ISOEventful,0.3839,0.07425709223369224,
isd_individual_iso_prediction__isd__tong_style_reduced_rf__seed2028,isd_individual_iso_prediction,ISD,test,ISD_Noorderplantsoen_Noorderplantsoen1_NP123_R15,ISD_Noorderplantsoen_Noorderplantsoen1_NP123,ISOEventful,0.5429,0.14648845433640428,
isd_individual_iso_prediction__isd__tong_style_reduced_rf__seed2028,isd_individual_iso_prediction,ISD,test,ISD_Noorderplantsoen_Noorderplantsoen1_NP123_R81,ISD_Noorderplantsoen_Noorderplantsoen1_NP123,ISOEventful,0.9268,0.1500685944157694,
isd_individual_iso_prediction__isd__tong_style_reduced_rf__seed2028,isd_individual_iso_prediction,ISD,test,ISD_Noorderplantsoen_Noorderplantsoen1_NP125_R80,ISD_Noorderplantsoen_Noorderplantsoen1_NP125,ISOEventful,0.0732,0.010473032022607022,
isd_individual_iso_prediction__isd__tong_style_reduced_rf__seed2028,isd_individual_iso_prediction,ISD,test,ISD_Noorderplantsoen_Noorderplantsoen1_NP126_R16,ISD_Noorderplantsoen_Noorderplantsoen1_NP126,ISOEventful,0.6036,0.03138771754449253,
isd_individual_iso_prediction__isd__tong_style_reduced_rf__seed2028,isd_individual_iso_prediction,ISD,test,ISD_Noorderplantsoen_Noorderplantsoen1_NP127_R18,ISD_Noorderplantsoen_Noorderplantsoen1_NP127,ISOEventful,0.4571,-0.0467843561697562,
isd_individual_iso_prediction__isd__tong_style_reduced_rf__seed2028,isd_individual_iso_prediction,ISD,test,ISD_Noorderplantsoen_Noorderplantsoen1_NP127_R17,ISD_Noorderplantsoen_Noorderplantsoen1_NP127,ISOEventful,0.4142,-0.0467843561697562,
isd_individual_iso_prediction__isd__tong_style_reduced_rf__seed2028,isd_individual_iso_prediction,ISD,test,ISD_Noorderplantsoen_Noorderplantsoen1_NP128_R19,ISD_Noorderplantsoen_Noorderplantsoen1_NP128,ISOEventful,-0.1464,0.08229056449013952,
isd_individual_iso_prediction__isd__tong_style_reduced_rf__seed2028,isd_individual_iso_prediction,ISD,test,ISD_Noorderplantsoen_Noorderplantsoen1_NP129_R20,ISD_Noorderplantsoen_Noorderplantsoen1_NP129,ISOEventful,0.0429,0.06730885574148074,
isd_individual_iso_prediction__isd__tong_style_reduced_rf__seed2028,isd_individual_iso_prediction,ISD,test,ISD_Noorderplantsoen_Noorderplantsoen1_NP129_R22,ISD_Noorderplantsoen_Noorderplantsoen1_NP129,ISOEventful,0.3661,0.04969997574462572,
isd_individual_iso_prediction__isd__tong_style_reduced_rf__seed2028,isd_individual_iso_prediction,ISD,test,ISD_Noorderplantsoen_Noorderplantsoen1_NP129_R21,ISD_Noorderplantsoen_Noorderplantsoen1_NP129,ISOEventful,0.4142,0.04700135924630923,
isd_individual_iso_prediction__isd__tong_style_reduced_rf__seed2028,isd_individual_iso_prediction,ISD,test,ISD_Noorderplantsoen_Noorderplantsoen1_NP131_R26,ISD_Noorderplantsoen_Noorderplantsoen1_NP131,ISOEventful,0.2803,0.05513723449975956,
isd_individual_iso_prediction__isd__tong_style_reduced_rf__seed2028,isd_individual_iso_prediction,ISD,test,ISD_Noorderplantsoen_Noorderplantsoen1_NP131_R27,ISD_Noorderplantsoen_Noorderplantsoen1_NP131,ISOEventful,0.1036,0.02198284396344398,
isd_individual_iso_prediction__isd__tong_style_reduced_rf__seed2028,isd_individual_iso_prediction,ISD,test,ISD_Noorderplantsoen_Noorderplantsoen1_NP132_R28,ISD_Noorderplantsoen_Noorderplantsoen1_NP132,ISOEventful,0.5303,-0.033853240860990855,
isd_individual_iso_prediction__isd__tong_style_reduced_rf__seed2028,isd_individual_iso_prediction,ISD,test,ISD_Noorderplantsoen_Noorderplantsoen1_NP132_R78,ISD_Noorderplantsoen_Noorderplantsoen1_NP132,ISOEventful,0.5303,-0.036526565247715255,
isd_individual_iso_prediction__isd__tong_style_reduced_rf__seed2028,isd_individual_iso_prediction,ISD,test,ISD_Noorderplantsoen_Noorderplantsoen1_NP133_R30,ISD_Noorderplantsoen_Noorderplantsoen1_NP133,ISOEventful,0.7071,0.07282659685592184,
isd_individual_iso_prediction__isd__tong_style_reduced_rf__seed2028,isd_individual_iso_prediction,ISD,test,ISD_Noorderplantsoen_Noorderplantsoen1_NP133_R31,ISD_Noorderplantsoen_Noorderplantsoen1_NP133,ISOEventful,0.2197,0.07012638588911088,
isd_individual_iso_prediction__isd__tong_style_reduced_rf__seed2028,isd_individual_iso_prediction,ISD,test,ISD_Noorderplantsoen_Noorderplantsoen1_NP134_R32,ISD_Noorderplantsoen_Noorderplantsoen1_NP134,ISOEventful,0.2803,0.17928514053076547,
isd_individual_iso_prediction__isd__tong_style_reduced_rf__seed2028,isd_individual_iso_prediction,ISD,test,ISD_Noorderplantsoen_Noorderplantsoen1_NP134_R77,ISD_Noorderplantsoen_Noorderplantsoen1_NP134,ISOEventful,0.5732,0.1844167207015207,
isd_individual_iso_prediction__isd__tong_style_reduced_rf__seed2028,isd_individual_iso_prediction,ISD,test,ISD_Noorderplantsoen_Noorderplantsoen1_NP135_R33,ISD_Noorderplantsoen_Noorderplantsoen1_NP135,ISOEventful,-0.0732,0.11124929293206795,
isd_individual_iso_prediction__isd__tong_style_reduced_rf__seed2028,isd_individual_iso_prediction,ISD,test,ISD_Noorderplantsoen_Noorderplantsoen1_NP136_R34,ISD_Noorderplantsoen_Noorderplantsoen1_NP136,ISOEventful,0.5429,0.08996573497613491,
isd_individual_iso_prediction__isd__tong_style_reduced_rf__seed2028,isd_individual_iso_prediction,ISD,test,ISD_Noorderplantsoen_Noorderplantsoen1_NP136_R35,ISD_Noorderplantsoen_Noorderplantsoen1_NP136,ISOEventful,0.2071,0.08134361927146924,
isd_individual_iso_prediction__isd__tong_style_reduced_rf__seed2028,isd_individual_iso_prediction,ISD,test,ISD_Noorderplantsoen_Noorderplantsoen1_NP138_R36,ISD_Noorderplantsoen_Noorderplantsoen1_NP138,ISOEventful,0.6036,0.11639917294372296,
isd_individual_iso_prediction__isd__tong_style_reduced_rf__seed2028,isd_individual_iso_prediction,ISD,test,ISD_Noorderplantsoen_Noorderplantsoen1_NP138_R76,ISD_Noorderplantsoen_Noorderplantsoen1_NP138,ISOEventful,-0.1464,0.14331114184704188,
isd_individual_iso_prediction__isd__tong_style_reduced_rf__seed2028,isd_individual_iso_prediction,ISD,test,ISD_Noorderplantsoen_Noorderplantsoen1_NP139_R37,ISD_Noorderplantsoen_Noorderplantsoen1_NP139,ISOEventful,0.6036,0.042494111760461764,
isd_individual_iso_prediction__isd__tong_style_reduced_rf__seed2028,isd_individual_iso_prediction,ISD,test,ISD_Noorderplantsoen_Noorderplantsoen1_NP139_R38,ISD_Noorderplantsoen_Noorderplantsoen1_NP139,ISOEventful,0.75,0.06992350639730643,
isd_individual_iso_prediction__isd__tong_style_reduced_rf__seed2028,isd_individual_iso_prediction,ISD,test,ISD_Noorderplantsoen_Noorderplantsoen1_NP140_R39,ISD_Noorderplantsoen_Noorderplantsoen1_NP140,ISOEventful,0.5,0.0745884434583935,
isd_individual_iso_prediction__isd__tong_style_reduced_rf__seed2028,isd_individual_iso_prediction,ISD,test,ISD_Noorderplantsoen_Noorderplantsoen1_NP140_R40,ISD_Noorderplantsoen_Noorderplantsoen1_NP140,ISOEventful,0.7071,0.13695297129629627,
isd_individual_iso_prediction__isd__tong_style_reduced_rf__seed2028,isd_individual_iso_prediction,ISD,test,ISD_Noorderplantsoen_Noorderplantsoen1_NP141_R74,ISD_Noorderplantsoen_Noorderplantsoen1_NP141,ISOEventful,-0.0732,0.10252121769341777,
isd_individual_iso_prediction__isd__tong_style_reduced_rf__seed2028,isd_individual_iso_prediction,ISD,test,ISD_Noorderplantsoen_Noorderplantsoen1_NP141_R75,ISD_Noorderplantsoen_Noorderplantsoen1_NP141,ISOEventful,0.5,0.10716480410515417,
isd_individual_iso_prediction__isd__tong_style_reduced_rf__seed2028,isd_individual_iso_prediction,ISD,test,ISD_Noorderplantsoen_Noorderplantsoen1_NP143_R41,ISD_Noorderplantsoen_Noorderplantsoen1_NP143,ISOEventful,-0.0732,0.0897955367882118,
isd_individual_iso_prediction__isd__tong_style_reduced_rf__seed2028,isd_individual_iso_prediction,ISD,test,ISD_Noorderplantsoen_Noorderplantsoen1_NP146_R91,ISD_Noorderplantsoen_Noorderplantsoen1_NP146,ISOEventful,0.7071,0.027296134637584638,
isd_individual_iso_prediction__isd__tong_style_reduced_rf__seed2028,isd_individual_iso_prediction,ISD,test,ISD_Noorderplantsoen_Noorderplantsoen1_NP147_R42,ISD_Noorderplantsoen_Noorderplantsoen1_NP147,ISOEventful,-0.0429,0.16553878780941272,
isd_individual_iso_prediction__isd__tong_style_reduced_rf__seed2028,isd_individual_iso_prediction,ISD,test,ISD_Noorderplantsoen_Noorderplantsoen1_NP148_R43,ISD_Noorderplantsoen_Noorderplantsoen1_NP148,ISOEventful,0.75,0.09562225460557962,
isd_individual_iso_prediction__isd__tong_style_reduced_rf__seed2028,isd_individual_iso_prediction,ISD,test,ISD_Noorderplantsoen_Noorderplantsoen1_NP148_R44,ISD_Noorderplantsoen_Noorderplantsoen1_NP148,ISOEventful,0.6464,0.05881294151034151,
isd_individual_iso_prediction__isd__tong_style_reduced_rf__seed2028,isd_individual_iso_prediction,ISD,test,ISD_Noorderplantsoen_Noorderplantsoen1_NP149_R45,ISD_Noorderplantsoen_Noorderplantsoen1_NP149,ISOEventful,0.7071,0.11523577401394908,
isd_individual_iso_prediction__isd__tong_style_reduced_rf__seed2028,isd_individual_iso_prediction,ISD,test,ISD_Noorderplantsoen_Noorderplantsoen1_NP149_R46,ISD_Noorderplantsoen_Noorderplantsoen1_NP149,ISOEventful,0.3232,0.07275496707551707,
isd_individual_iso_prediction__isd__tong_style_reduced_rf__seed2028,isd_individual_iso_prediction,ISD,test,ISD_Noorderplantsoen_Noorderplantsoen1_NP150_R47,ISD_Noorderplantsoen_Noorderplantsoen1_NP150,ISOEventful,0.0,0.09837627374939867,
isd_individual_iso_prediction__isd__tong_style_reduced_rf__seed2028,isd_individual_iso_prediction,ISD,test,ISD_Noorderplantsoen_Noorderplantsoen1_NP152_R48,ISD_Noorderplantsoen_Noorderplantsoen1_NP152,ISOEventful,0.6768,0.04242047502960009,
isd_individual_iso_prediction__isd__tong_style_reduced_rf__seed2028,isd_individual_iso_prediction,ISD,test,ISD_Noorderplantsoen_Noorderplantsoen1_NP153_R67,ISD_Noorderplantsoen_Noorderplantsoen1_NP153,ISOEventful,0.3839,-0.030352392442742453,
isd_individual_iso_prediction__isd__tong_style_reduced_rf__seed2028,isd_individual_iso_prediction,ISD,test,ISD_Noorderplantsoen_Noorderplantsoen1_NP153_R71,ISD_Noorderplantsoen_Noorderplantsoen1_NP153,ISOEventful,0.5,0.022734730654095352,
isd_individual_iso_prediction__isd__tong_style_reduced_rf__seed2028,isd_individual_iso_prediction,ISD,test,ISD_Noorderplantsoen_Noorderplantsoen1_NP153_R72,ISD_Noorderplantsoen_Noorderplantsoen1_NP153,ISOEventful,0.7803,0.022734730654095352,
isd_individual_iso_prediction__isd__tong_style_reduced_rf__seed2028,isd_individual_iso_prediction,ISD,test,ISD_Noorderplantsoen_Noorderplantsoen1_NP154_R49,ISD_Noorderplantsoen_Noorderplantsoen1_NP154,ISOEventful,0.6036,0.1049790616910867,
isd_individual_iso_prediction__isd__tong_style_reduced_rf__seed2028,isd_individual_iso_prediction,ISD,test,ISD_Noorderplantsoen_Noorderplantsoen1_NP155_R51,ISD_Noorderplantsoen_Noorderplantsoen1_NP155,ISOEventful,0.0,-0.14480895757575768,
isd_individual_iso_prediction__isd__tong_style_reduced_rf__seed2028,isd_individual_iso_prediction,ISD,test,ISD_Noorderplantsoen_Noorderplantsoen1_NP155_R50,ISD_Noorderplantsoen_Noorderplantsoen1_NP155,ISOEventful,0.6768,-0.12280150621693124,
isd_individual_iso_prediction__isd__tong_style_reduced_rf__seed2028,isd_individual_iso_prediction,ISD,test,ISD_Noorderplantsoen_Noorderplantsoen1_NP155_R53,ISD_Noorderplantsoen_Noorderplantsoen1_NP155,ISOEventful,0.5429,-0.05290841185666188,
isd_individual_iso_prediction__isd__tong_style_reduced_rf__seed2028,isd_individual_iso_prediction,ISD,test,ISD_Noorderplantsoen_Noorderplantsoen1_NP155_R52,ISD_Noorderplantsoen_Noorderplantsoen1_NP155,ISOEventful,0.5303,-0.11752092127224634,
isd_individual_iso_prediction__isd__tong_style_reduced_rf__seed2028,isd_individual_iso_prediction,ISD,test,ISD_Noorderplantsoen_Noorderplantsoen1_NP156_R54,ISD_Noorderplantsoen_Noorderplantsoen1_NP156,ISOEventful,0.0,-0.04020977723665225,
isd_individual_iso_prediction__isd__tong_style_reduced_rf__seed2028,isd_individual_iso_prediction,ISD,test,ISD_Noorderplantsoen_Noorderplantsoen1_NP156_R93,ISD_Noorderplantsoen_Noorderplantsoen1_NP156,ISOEventful,-0.1036,-0.04254442372534874,
isd_individual_iso_prediction__isd__tong_style_reduced_rf__seed2028,isd_individual_iso_prediction,ISD,test,ISD_Noorderplantsoen_Noorderplantsoen1_NP156_R95,ISD_Noorderplantsoen_Noorderplantsoen1_NP156,ISOEventful,0.2929,-0.023165252260702256,
isd_individual_iso_prediction__isd__tong_style_reduced_rf__seed2028,isd_individual_iso_prediction,ISD,test,ISD_Noorderplantsoen_Noorderplantsoen1_NP157_R94,ISD_Noorderplantsoen_Noorderplantsoen1_NP157,ISOEventful,0.5,0.057791710399785416,
isd_individual_iso_prediction__isd__tong_style_reduced_rf__seed2028,isd_individual_iso_prediction,ISD,test,ISD_Noorderplantsoen_Noorderplantsoen1_NP158_R57,ISD_Noorderplantsoen_Noorderplantsoen1_NP158,ISOEventful,0.3839,0.11206179820827328,
isd_individual_iso_prediction__isd__tong_style_reduced_rf__seed2028,isd_individual_iso_prediction,ISD,test,ISD_Noorderplantsoen_Noorderplantsoen1_NP158_R55,ISD_Noorderplantsoen_Noorderplantsoen1_NP158,ISOEventful,0.3536,0.06830549120971621,
isd_individual_iso_prediction__isd__tong_style_reduced_rf__seed2028,isd_individual_iso_prediction,ISD,test,ISD_Noorderplantsoen_Noorderplantsoen1_NP160_R59,ISD_Noorderplantsoen_Noorderplantsoen1_NP160,ISOEventful,-0.1768,0.16296196436526428,
isd_individual_iso_prediction__isd__tong_style_reduced_rf__seed2028,isd_individual_iso_prediction,ISD,test,ISD_Noorderplantsoen_Noorderplantsoen1_NP160_R60,ISD_Noorderplantsoen_Noorderplantsoen1_NP160,ISOEventful,0.4571,0.1509055900312649,
isd_individual_iso_prediction__isd__tong_style_reduced_rf__seed2028,isd_individual_iso_prediction,ISD,test,ISD_Noorderplantsoen_Noorderplantsoen1_NP161_R61,ISD_Noorderplantsoen_Noorderplantsoen1_NP161,ISOEventful,0.6339,0.15233453152033158,
isd_individual_iso_prediction__isd__tong_style_reduced_rf__seed2028,isd_individual_iso_prediction,ISD,test,ISD_Noorderplantsoen_Noorderplantsoen1_NP163_R70,ISD_Noorderplantsoen_Noorderplantsoen1_NP163,ISOEventful,0.3839,0.09968818007733,
isd_individual_iso_prediction__isd__tong_style_reduced_rf__seed2028,isd_individual_iso_prediction,ISD,test,ISD_ZhongshanSquare_ZhongshanSquare6_ZS6021_RCL01,ISD_ZhongshanSquare_ZhongshanSquare6_ZS6021,ISOEventful,-0.0732,0.06786717301587297,
isd_individual_iso_prediction__isd__tong_style_reduced_rf__seed2028,isd_individual_iso_prediction,ISD,test,ISD_ZhongshanSquare_ZhongshanSquare6_ZS6022_RCL02,ISD_ZhongshanSquare_ZhongshanSquare6_ZS6022,ISOEventful,0.25,0.04300596912254413,
isd_individual_iso_prediction__isd__tong_style_reduced_rf__seed2028,isd_individual_iso_prediction,ISD,test,ISD_ZhongshanSquare_ZhongshanSquare6_ZS6023_RCL03,ISD_ZhongshanSquare_ZhongshanSquare6_ZS6023,ISOEventful,-0.0303,0.04202708856698858,
isd_individual_iso_prediction__isd__tong_style_reduced_rf__seed2028,isd_individual_iso_prediction,ISD,test,ISD_ZhongshanSquare_ZhongshanSquare6_ZS6024_RCL04,ISD_ZhongshanSquare_ZhongshanSquare6_ZS6024,ISOEventful,0.0,0.049150756253006245,
isd_individual_iso_prediction__isd__tong_style_reduced_rf__seed2028,isd_individual_iso_prediction,ISD,test,ISD_ZhongshanSquare_ZhongshanSquare6_ZS6025_RCL05,ISD_ZhongshanSquare_ZhongshanSquare6_ZS6025,ISOEventful,0.0,0.013710170045695044,
isd_individual_iso_prediction__isd__tong_style_reduced_rf__seed2028,isd_individual_iso_prediction,ISD,test,ISD_ZhongshanSquare_ZhongshanSquare6_ZS6026_RCL06,ISD_ZhongshanSquare_ZhongshanSquare6_ZS6026,ISOEventful,-0.1768,0.06676307303992313,
isd_individual_iso_prediction__isd__tong_style_reduced_rf__seed2028,isd_individual_iso_prediction,ISD,test,ISD_ZhongshanSquare_ZhongshanSquare6_ZS6027_RCL07,ISD_ZhongshanSquare_ZhongshanSquare6_ZS6027,ISOEventful,0.1036,0.00579343681318681,
isd_individual_iso_prediction__isd__tong_style_reduced_rf__seed2028,isd_individual_iso_prediction,ISD,test,ISD_ZhongshanSquare_ZhongshanSquare6_ZS6028_RCL08,ISD_ZhongshanSquare_ZhongshanSquare6_ZS6028,ISOEventful,-0.1036,0.10288830354808585,
isd_individual_iso_prediction__isd__tong_style_reduced_rf__seed2028,isd_individual_iso_prediction,ISD,test,ISD_ZhongshanSquare_ZhongshanSquare6_ZS6029_RCL09,ISD_ZhongshanSquare_ZhongshanSquare6_ZS6029,ISOEventful,0.1768,-0.002597604625004638,
isd_individual_iso_prediction__isd__tong_style_reduced_rf__seed2028,isd_individual_iso_prediction,ISD,test,ISD_ZhongshanSquare_ZhongshanSquare6_ZS6030_RCL10,ISD_ZhongshanSquare_ZhongshanSquare6_ZS6030,ISOEventful,0.2803,0.06331002699963438,
isd_individual_iso_prediction__isd__tong_style_reduced_rf__seed2028,isd_individual_iso_prediction,ISD,test,ISD_ZhongshanSquare_ZhongshanSquare6_ZS6031_RCL11,ISD_ZhongshanSquare_ZhongshanSquare6_ZS6031,ISOEventful,0.0732,0.12693592742812745,
isd_individual_iso_prediction__isd__tong_style_reduced_rf__seed2028,isd_individual_iso_prediction,ISD,test,ISD_ZhongshanSquare_ZhongshanSquare6_ZS6032_RCL12,ISD_ZhongshanSquare_ZhongshanSquare6_ZS6032,ISOEventful,0.1768,0.1195560936961187,
isd_individual_iso_prediction__isd__tong_style_reduced_rf__seed2028,isd_individual_iso_prediction,ISD,test,ISD_ZhongshanSquare_ZhongshanSquare6_ZS6033_RCL13,ISD_ZhongshanSquare_ZhongshanSquare6_ZS6033,ISOEventful,0.0,0.04443581673696673,
isd_individual_iso_prediction__isd__tong_style_reduced_rf__seed2028,isd_individual_iso_prediction,ISD,test,ISD_ZhongshanSquare_ZhongshanSquare6_ZS6034_RCL14,ISD_ZhongshanSquare_ZhongshanSquare6_ZS6034,ISOEventful,0.1036,0.062404177287527306,
isd_individual_iso_prediction__isd__tong_style_reduced_rf__seed2028,isd_individual_iso_prediction,ISD,test,ISD_ZhongshanSquare_ZhongshanSquare6_ZS6035_RCL15,ISD_ZhongshanSquare_ZhongshanSquare6_ZS6035,ISOEventful,0.0126,0.06137554628057131,
isd_individual_iso_prediction__isd__tong_style_reduced_rf__seed2028,isd_individual_iso_prediction,ISD,test,ISD_ZhongshanSquare_ZhongshanSquare6_ZS6036_RQLF01,ISD_ZhongshanSquare_ZhongshanSquare6_ZS6036,ISOEventful,-0.0429,0.08427130767195769,
isd_individual_iso_prediction__isd__tong_style_reduced_rf__seed2028,isd_individual_iso_prediction,ISD,test,ISD_ZhongshanSquare_ZhongshanSquare6_ZS6037_RQLF02,ISD_ZhongshanSquare_ZhongshanSquare6_ZS6037,ISOEventful,0.1768,0.015673467816442833,
isd_individual_iso_prediction__isd__tong_style_reduced_rf__seed2028,isd_individual_iso_prediction,ISD,test,ISD_ZhongshanSquare_ZhongshanSquare6_ZS6038_RQLF03,ISD_ZhongshanSquare_ZhongshanSquare6_ZS6038,ISOEventful,0.2071,0.04970020340307838,
isd_individual_iso_prediction__isd__tong_style_reduced_rf__seed2028,isd_individual_iso_prediction,ISD,test,ISD_ZhongshanSquare_ZhongshanSquare6_ZS6039_RQLF04,ISD_ZhongshanSquare_ZhongshanSquare6_ZS6039,ISOEventful,-0.3107,0.10215009813612307,
isd_individual_iso_prediction__isd__tong_style_reduced_rf__seed2028,isd_individual_iso_prediction,ISD,test,ISD_ZhongshanSquare_ZhongshanSquare6_ZS6040_RQLF05,ISD_ZhongshanSquare_ZhongshanSquare6_ZS6040,ISOEventful,0.0732,0.005836782224257228,
isd_individual_iso_prediction__isd__tong_style_reduced_rf__seed2028,isd_individual_iso_prediction,ISD,test,ISD_ZhongshanSquare_ZhongshanSquare6_ZS6041_RQLF06,ISD_ZhongshanSquare_ZhongshanSquare6_ZS6041,ISOEventful,0.1339,-0.015694889107406754,
isd_individual_iso_prediction__isd__tong_style_reduced_rf__seed2028,isd_individual_iso_prediction,ISD,test,ISD_ZhongshanSquare_ZhongshanSquare6_ZS6042_RQLF07,ISD_ZhongshanSquare_ZhongshanSquare6_ZS6042,ISOEventful,0.0732,0.009413838107045464,
isd_individual_iso_prediction__isd__tong_style_reduced_rf__seed2028,isd_individual_iso_prediction,ISD,test,ISD_ZhongshanSquare_ZhongshanSquare6_ZS6043_RQLF08,ISD_ZhongshanSquare_ZhongshanSquare6_ZS6043,ISOEventful,-0.0732,0.01447911691734193,
isd_individual_iso_prediction__isd__tong_style_reduced_rf__seed2028,isd_individual_iso_prediction,ISD,test,ISD_ZhongshanSquare_ZhongshanSquare6_ZS6044_RQLF09,ISD_ZhongshanSquare_ZhongshanSquare6_ZS6044,ISOEventful,0.0303,0.10799690865800865,
isd_individual_iso_prediction__isd__tong_style_reduced_rf__seed2028,isd_individual_iso_prediction,ISD,test,ISD_ZhongshanSquare_ZhongshanSquare6_ZS6045_RQLF10,ISD_ZhongshanSquare_ZhongshanSquare6_ZS6045,ISOEventful,0.3107,0.031898655089355056,
isd_individual_iso_prediction__isd__tong_style_reduced_rf__seed2028,isd_individual_iso_prediction,ISD,test,ISD_ZhongshanSquare_ZhongshanSquare6_ZS6046_RQLF11,ISD_ZhongshanSquare_ZhongshanSquare6_ZS6046,ISOEventful,0.0429,0.07740140916305922,
isd_individual_iso_prediction__isd__tong_style_reduced_rf__seed2028,isd_individual_iso_prediction,ISD,test,ISD_ZhongshanSquare_ZhongshanSquare6_ZS6047_RQLF12,ISD_ZhongshanSquare_ZhongshanSquare6_ZS6047,ISOEventful,-0.4393,0.010806359644059637,
isd_individual_iso_prediction__isd__tong_style_reduced_rf__seed2028,isd_individual_iso_prediction,ISD,test,ISD_ZhongshanSquare_ZhongshanSquare6_ZS6048_RQLF13,ISD_ZhongshanSquare_ZhongshanSquare6_ZS6048,ISOEventful,-0.1893,0.017721655616387975,
isd_individual_iso_prediction__isd__tong_style_reduced_rf__seed2028,isd_individual_iso_prediction,ISD,test,ISD_ZhongshanSquare_ZhongshanSquare6_ZS6049_RQLF14,ISD_ZhongshanSquare_ZhongshanSquare6_ZS6049,ISOEventful,0.0732,0.04527915626573861,
isd_individual_iso_prediction__isd__tong_style_reduced_rf__seed2028,isd_individual_iso_prediction,ISD,test,ISD_ZhongshanSquare_ZhongshanSquare6_ZS6051_RJS02,ISD_ZhongshanSquare_ZhongshanSquare6_ZS6051,ISOEventful,0.1036,0.17635475513560506,
isd_individual_iso_prediction__isd__tong_style_reduced_rf__seed2028,isd_individual_iso_prediction,ISD,test,ISD_ZhongshanSquare_ZhongshanSquare6_ZS6052_RJS03,ISD_ZhongshanSquare_ZhongshanSquare6_ZS6052,ISOEventful,-0.0429,0.02861661438838937,
isd_individual_iso_prediction__isd__tong_style_reduced_rf__seed2028,isd_individual_iso_prediction,ISD,test,ISD_ZhongshanSquare_ZhongshanSquare6_ZS6053_RJS04,ISD_ZhongshanSquare_ZhongshanSquare6_ZS6053,ISOEventful,-0.0429,0.12154880511063017,
isd_individual_iso_prediction__isd__tong_style_reduced_rf__seed2028,isd_individual_iso_prediction,ISD,test,ISD_ZhongshanSquare_ZhongshanSquare6_ZS6054_RJS05,ISD_ZhongshanSquare_ZhongshanSquare6_ZS6054,ISOEventful,-0.091,0.07250138724146217,
isd_individual_iso_prediction__isd__tong_style_reduced_rf__seed2028,isd_individual_iso_prediction,ISD,test,ISD_ZhongshanSquare_ZhongshanSquare6_ZS6055_RJS06,ISD_ZhongshanSquare_ZhongshanSquare6_ZS6055,ISOEventful,-0.0732,0.09749849854497361,
isd_individual_iso_prediction__isd__tong_style_reduced_rf__seed2028,isd_individual_iso_prediction,ISD,test,ISD_ZhongshanSquare_ZhongshanSquare6_ZS6056_RJS07,ISD_ZhongshanSquare_ZhongshanSquare6_ZS6056,ISOEventful,-0.0303,0.09960199166666672,
isd_individual_iso_prediction__isd__tong_style_reduced_rf__seed2028,isd_individual_iso_prediction,ISD,test,ISD_ZhongshanSquare_ZhongshanSquare6_ZS6058_RJS09,ISD_ZhongshanSquare_ZhongshanSquare6_ZS6058,ISOEventful,-0.1464,0.011239496870721864,
isd_individual_iso_prediction__isd__tong_style_reduced_rf__seed2028,isd_individual_iso_prediction,ISD,test,ISD_ZhongshanSquare_ZhongshanSquare6_ZS6059_RJS10,ISD_ZhongshanSquare_ZhongshanSquare6_ZS6059,ISOEventful,0.0,0.030772256649831662,
isd_individual_iso_prediction__isd__tong_style_reduced_rf__seed2028,isd_individual_iso_prediction,ISD,test,ISD_ZhongshanSquare_ZhongshanSquare6_ZS6060_RJS11,ISD_ZhongshanSquare_ZhongshanSquare6_ZS6060,ISOEventful,0.3536,0.00797409376897612,
isd_individual_iso_prediction__isd__tong_style_reduced_rf__seed2028,isd_individual_iso_prediction,ISD,test,ISD_ZhongshanSquare_ZhongshanSquare6_ZS6061_RJS12,ISD_ZhongshanSquare_ZhongshanSquare6_ZS6061,ISOEventful,-0.0732,0.015269316564916556,
isd_individual_iso_prediction__isd__tong_style_reduced_rf__seed2028,isd_individual_iso_prediction,ISD,test,ISD_ZhongshanSquare_ZhongshanSquare6_ZS6062_RJS13,ISD_ZhongshanSquare_ZhongshanSquare6_ZS6062,ISOEventful,0.0,0.11638660598845597,
isd_individual_iso_prediction__isd__tong_style_reduced_rf__seed2028,isd_individual_iso_prediction,ISD,test,ISD_ZhongshanSquare_ZhongshanSquare6_ZS6063_RJS14,ISD_ZhongshanSquare_ZhongshanSquare6_ZS6063,ISOEventful,0.1464,0.009981003786028786,
isd_individual_iso_prediction__isd__tong_style_reduced_rf__seed2028,isd_individual_iso_prediction,ISD,test,ISD_ZhongshanSquare_ZhongshanSquare6_ZS6064_RJS15,ISD_ZhongshanSquare_ZhongshanSquare6_ZS6064,ISOEventful,0.0,0.09939487304454807,
isd_individual_iso_prediction__isd__tong_style_reduced_rf__seed2028,isd_individual_iso_prediction,ISD,test,ISD_ZhongshanSquare_ZhongshanSquare6_ZS6089_RLWQ01,ISD_ZhongshanSquare_ZhongshanSquare6_ZS6089,ISOEventful,-0.2071,0.10798233382450881,
isd_individual_iso_prediction__isd__tong_style_reduced_rf__seed2028,isd_individual_iso_prediction,ISD,test,ISD_ZhongshanSquare_ZhongshanSquare6_ZS6090_RLWQ02,ISD_ZhongshanSquare_ZhongshanSquare6_ZS6090,ISOEventful,0.0732,0.07129908466810969,
isd_individual_iso_prediction__isd__tong_style_reduced_rf__seed2028,isd_individual_iso_prediction,ISD,test,ISD_ZhongshanSquare_ZhongshanSquare6_ZS6091_RLWQ04,ISD_ZhongshanSquare_ZhongshanSquare6_ZS6091,ISOEventful,0.2803,0.058785787003736954,
isd_individual_iso_prediction__isd__tong_style_reduced_rf__seed2028,isd_individual_iso_prediction,ISD,test,ISD_ZhongshanSquare_ZhongshanSquare6_ZS6092_RLWQ05,ISD_ZhongshanSquare_ZhongshanSquare6_ZS6092,ISOEventful,0.0607,0.0688681795695046,
isd_individual_iso_prediction__isd__tong_style_reduced_rf__seed2028,isd_individual_iso_prediction,ISD,test,ISD_ZhongshanSquare_ZhongshanSquare6_ZS6093_RLWQ06,ISD_ZhongshanSquare_ZhongshanSquare6_ZS6093,ISOEventful,0.2071,0.09035801378528883,
isd_individual_iso_prediction__isd__tong_style_reduced_rf__seed2028,isd_individual_iso_prediction,ISD,test,ISD_ZhongshanSquare_ZhongshanSquare6_ZS6094_RLWQ07,ISD_ZhongshanSquare_ZhongshanSquare6_ZS6094,ISOEventful,-0.0126,0.07991338504643512,
isd_individual_iso_prediction__isd__tong_style_reduced_rf__seed2028,isd_individual_iso_prediction,ISD,test,ISD_ZhongshanSquare_ZhongshanSquare6_ZS6110_RCWY01,ISD_ZhongshanSquare_ZhongshanSquare6_ZS6110,ISOEventful,-0.0732,-0.0015739731749731727,
isd_individual_iso_prediction__isd__tong_style_reduced_rf__seed2028,isd_individual_iso_prediction,ISD,test,ISD_ZhongshanSquare_ZhongshanSquare6_ZS6111_RCWY02,ISD_ZhongshanSquare_ZhongshanSquare6_ZS6111,ISOEventful,0.0,0.1093110895021646,
isd_individual_iso_prediction__isd__tong_style_reduced_rf__seed2028,isd_individual_iso_prediction,ISD,test,ISD_ZhongshanSquare_ZhongshanSquare6_ZS6112_RCWY03,ISD_ZhongshanSquare_ZhongshanSquare6_ZS6112,ISOEventful,0.0,0.015227928079110435,
isd_individual_iso_prediction__isd__tong_style_reduced_rf__seed2028,isd_individual_iso_prediction,ISD,test,ISD_ZhongshanSquare_ZhongshanSquare6_ZS6113_RCWY04,ISD_ZhongshanSquare_ZhongshanSquare6_ZS6113,ISOEventful,0.0,0.033858025746258076,
isd_individual_iso_prediction__isd__tong_style_reduced_rf__seed2028,isd_individual_iso_prediction,ISD,test,ISD_ZhongshanSquare_ZhongshanSquare6_ZS6114_RCWY05,ISD_ZhongshanSquare_ZhongshanSquare6_ZS6114,ISOEventful,0.0,0.05142276926477662,
isd_individual_iso_prediction__isd__tong_style_reduced_rf__seed2028,isd_individual_iso_prediction,ISD,test,ISD_ZhongshanSquare_ZhongshanSquare6_ZS6115_RCWY06,ISD_ZhongshanSquare_ZhongshanSquare6_ZS6115,ISOEventful,0.0,0.059091595935545936,
isd_individual_iso_prediction__isd__tong_style_reduced_rf__seed2028,isd_individual_iso_prediction,ISD,test,ISD_ZhongshanSquare_ZhongshanSquare6_ZS6116_RCWY07,ISD_ZhongshanSquare_ZhongshanSquare6_ZS6116,ISOEventful,0.0,0.05591149944684948,
isd_individual_iso_prediction__isd__tong_style_reduced_rf__seed2028,isd_individual_iso_prediction,ISD,test,ISD_ZhongshanSquare_ZhongshanSquare6_ZS6117_RCWY08,ISD_ZhongshanSquare_ZhongshanSquare6_ZS6117,ISOEventful,0.0,0.06073196675154912,
isd_individual_iso_prediction__isd__tong_style_reduced_rf__seed2028,isd_individual_iso_prediction,ISD,test,ISD_ZhongshanSquare_ZhongshanSquare6_ZS6118_RZML01,ISD_ZhongshanSquare_ZhongshanSquare6_ZS6118,ISOEventful,0.1036,0.03032797021937755,
isd_individual_iso_prediction__isd__tong_style_reduced_rf__seed2028,isd_individual_iso_prediction,ISD,test,ISD_ZhongshanSquare_ZhongshanSquare6_ZS6119_RZML02,ISD_ZhongshanSquare_ZhongshanSquare6_ZS6119,ISOEventful,-0.1339,0.11288382317219821,
isd_individual_iso_prediction__isd__tong_style_reduced_rf__seed2028,isd_individual_iso_prediction,ISD,test,ISD_ZhongshanSquare_ZhongshanSquare6_ZS6120_RZML03,ISD_ZhongshanSquare_ZhongshanSquare6_ZS6120,ISOEventful,-0.1161,-0.025982231481481478,
isd_individual_iso_prediction__isd__tong_style_reduced_rf__seed2028,isd_individual_iso_prediction,ISD,test,ISD_ZhongshanSquare_ZhongshanSquare6_ZS6121_RZML04,ISD_ZhongshanSquare_ZhongshanSquare6_ZS6121,ISOEventful,0.1768,0.03778471073833571,
isd_individual_iso_prediction__isd__tong_style_reduced_rf__seed2028,isd_individual_iso_prediction,ISD,test,ISD_ZhongshanSquare_ZhongshanSquare6_ZS6122_RZML05,ISD_ZhongshanSquare_ZhongshanSquare6_ZS6122,ISOEventful,0.0,0.08935190108225101,
isd_individual_iso_prediction__isd__tong_style_reduced_rf__seed2028,isd_individual_iso_prediction,ISD,test,ISD_ZhongshanSquare_ZhongshanSquare6_ZS6123_RZML06,ISD_ZhongshanSquare_ZhongshanSquare6_ZS6123,ISOEventful,-0.0303,0.10269432659100163,
isd_individual_iso_prediction__isd__tong_style_reduced_rf__seed2028,isd_individual_iso_prediction,ISD,test,ISD_ZhongshanSquare_ZhongshanSquare6_ZS6124_RZML07,ISD_ZhongshanSquare_ZhongshanSquare6_ZS6124,ISOEventful,-0.1036,0.04722334419099417,
isd_individual_iso_prediction__isd__tong_style_reduced_rf__seed2028,isd_individual_iso_prediction,ISD,test,ISD_ZhongshanSquare_ZhongshanSquare6_ZS6125_RZML08,ISD_ZhongshanSquare_ZhongshanSquare6_ZS6125,ISOEventful,-0.1464,-0.0018146728114478144,
