run_id,task_id,dataset_id,partition,record_id,clip_id,target,y_true,y_pred,y_std
isd_individual_iso_prediction__isd__tong_style_reduced_xgboost__seed2027,isd_individual_iso_prediction,ISD,dev,ISD_EustonTap_EustonTap1_ET101_R1284,ISD_EustonTap_EustonTap1_ET101,ISOPleasant,-0.6036,0.23003756,
isd_individual_iso_prediction__isd__tong_style_reduced_xgboost__seed2027,isd_individual_iso_prediction,ISD,dev,ISD_EustonTap_EustonTap1_ET101_R1285,ISD_EustonTap_EustonTap1_ET101,ISOPleasant,0.0429,0.2565244,
isd_individual_iso_prediction__isd__tong_style_reduced_xgboost__seed2027,isd_individual_iso_prediction,ISD,dev,ISD_EustonTap_EustonTap1_ET103_R1286,ISD_EustonTap_EustonTap1_ET103,ISOPleasant,0.3232,0.24429488,
isd_individual_iso_prediction__isd__tong_style_reduced_xgboost__seed2027,isd_individual_iso_prediction,ISD,dev,ISD_EustonTap_EustonTap1_ET103_R1287,ISD_EustonTap_EustonTap1_ET103,ISOPleasant,-0.3232,0.2250354,
isd_individual_iso_prediction__isd__tong_style_reduced_xgboost__seed2027,isd_individual_iso_prediction,ISD,dev,ISD_EustonTap_EustonTap1_ET103_R1288,ISD_EustonTap_EustonTap1_ET103,ISOPleasant,-0.5732,0.20674308,
isd_individual_iso_prediction__isd__tong_style_reduced_xgboost__seed2027,isd_individual_iso_prediction,ISD,dev,ISD_EustonTap_EustonTap1_ET104_R1289,ISD_EustonTap_EustonTap1_ET104,ISOPleasant,-0.1036,0.012099669,
isd_individual_iso_prediction__isd__tong_style_reduced_xgboost__seed2027,isd_individual_iso_prediction,ISD,dev,ISD_EustonTap_EustonTap1_ET105_R1290,ISD_EustonTap_EustonTap1_ET105,ISOPleasant,-0.1464,0.06780476,
isd_individual_iso_prediction__isd__tong_style_reduced_xgboost__seed2027,isd_individual_iso_prediction,ISD,dev,ISD_EustonTap_EustonTap1_ET105_R1291,ISD_EustonTap_EustonTap1_ET105,ISOPleasant,0.1036,0.18744099,
isd_individual_iso_prediction__isd__tong_style_reduced_xgboost__seed2027,isd_individual_iso_prediction,ISD,dev,ISD_EustonTap_EustonTap1_ET106_R1292,ISD_EustonTap_EustonTap1_ET106,ISOPleasant,0.1768,0.2042553,
isd_individual_iso_prediction__isd__tong_style_reduced_xgboost__seed2027,isd_individual_iso_prediction,ISD,dev,ISD_EustonTap_EustonTap1_ET106_R1293,ISD_EustonTap_EustonTap1_ET106,ISOPleasant,-0.5,0.10220235,
isd_individual_iso_prediction__isd__tong_style_reduced_xgboost__seed2027,isd_individual_iso_prediction,ISD,dev,ISD_EustonTap_EustonTap1_ET107_R1294,ISD_EustonTap_EustonTap1_ET107,ISOPleasant,-0.3964,0.07612261,
isd_individual_iso_prediction__isd__tong_style_reduced_xgboost__seed2027,isd_individual_iso_prediction,ISD,dev,ISD_EustonTap_EustonTap1_ET108_R1295,ISD_EustonTap_EustonTap1_ET108,ISOPleasant,-0.2803,0.09563736,
isd_individual_iso_prediction__isd__tong_style_reduced_xgboost__seed2027,isd_individual_iso_prediction,ISD,dev,ISD_EustonTap_EustonTap1_ET109_R1296,ISD_EustonTap_EustonTap1_ET109,ISOPleasant,-0.5,0.10839583,
isd_individual_iso_prediction__isd__tong_style_reduced_xgboost__seed2027,isd_individual_iso_prediction,ISD,dev,ISD_EustonTap_EustonTap1_ET109_R1298,ISD_EustonTap_EustonTap1_ET109,ISOPleasant,-0.4268,-0.0018428155,
isd_individual_iso_prediction__isd__tong_style_reduced_xgboost__seed2027,isd_individual_iso_prediction,ISD,dev,ISD_EustonTap_EustonTap1_ET110_R1297,ISD_EustonTap_EustonTap1_ET110,ISOPleasant,-0.3536,0.13618256,
isd_individual_iso_prediction__isd__tong_style_reduced_xgboost__seed2027,isd_individual_iso_prediction,ISD,dev,ISD_EustonTap_EustonTap1_ET110_R1299,ISD_EustonTap_EustonTap1_ET110,ISOPleasant,0.341,0.1271713,
isd_individual_iso_prediction__isd__tong_style_reduced_xgboost__seed2027,isd_individual_iso_prediction,ISD,dev,ISD_EustonTap_EustonTap1_ET111_R1300,ISD_EustonTap_EustonTap1_ET111,ISOPleasant,0.0,0.15051727,
isd_individual_iso_prediction__isd__tong_style_reduced_xgboost__seed2027,isd_individual_iso_prediction,ISD,dev,ISD_EustonTap_EustonTap1_ET111_R1301,ISD_EustonTap_EustonTap1_ET111,ISOPleasant,-0.2071,0.12180783,
isd_individual_iso_prediction__isd__tong_style_reduced_xgboost__seed2027,isd_individual_iso_prediction,ISD,dev,ISD_EustonTap_EustonTap1_ET112_R1302,ISD_EustonTap_EustonTap1_ET112,ISOPleasant,-0.4697,0.056163844,
isd_individual_iso_prediction__isd__tong_style_reduced_xgboost__seed2027,isd_individual_iso_prediction,ISD,dev,ISD_EustonTap_EustonTap1_ET113_R1303,ISD_EustonTap_EustonTap1_ET113,ISOPleasant,-0.8536,0.11537692,
isd_individual_iso_prediction__isd__tong_style_reduced_xgboost__seed2027,isd_individual_iso_prediction,ISD,dev,ISD_EustonTap_EustonTap1_ET115_R1306,ISD_EustonTap_EustonTap1_ET115,ISOPleasant,-0.8536,0.08683827,
isd_individual_iso_prediction__isd__tong_style_reduced_xgboost__seed2027,isd_individual_iso_prediction,ISD,dev,ISD_EustonTap_EustonTap1_ET115_R1308,ISD_EustonTap_EustonTap1_ET115,ISOPleasant,-0.3232,-0.003221727,
isd_individual_iso_prediction__isd__tong_style_reduced_xgboost__seed2027,isd_individual_iso_prediction,ISD,dev,ISD_EustonTap_EustonTap1_ET115_R1309,ISD_EustonTap_EustonTap1_ET115,ISOPleasant,-0.25,0.088927604,
isd_individual_iso_prediction__isd__tong_style_reduced_xgboost__seed2027,isd_individual_iso_prediction,ISD,dev,ISD_EustonTap_EustonTap1_ET116_R1305,ISD_EustonTap_EustonTap1_ET116,ISOPleasant,-0.0429,0.11447207,
isd_individual_iso_prediction__isd__tong_style_reduced_xgboost__seed2027,isd_individual_iso_prediction,ISD,dev,ISD_EustonTap_EustonTap1_ET117_R1311,ISD_EustonTap_EustonTap1_ET117,ISOPleasant,0.3536,0.0074781943,
isd_individual_iso_prediction__isd__tong_style_reduced_xgboost__seed2027,isd_individual_iso_prediction,ISD,dev,ISD_EustonTap_EustonTap1_ET118_R1307,ISD_EustonTap_EustonTap1_ET118,ISOPleasant,-0.7803,0.21113858,
isd_individual_iso_prediction__isd__tong_style_reduced_xgboost__seed2027,isd_individual_iso_prediction,ISD,dev,ISD_EustonTap_EustonTap1_ET118_R1310,ISD_EustonTap_EustonTap1_ET118,ISOPleasant,-0.3232,0.068095975,
isd_individual_iso_prediction__isd__tong_style_reduced_xgboost__seed2027,isd_individual_iso_prediction,ISD,dev,ISD_EustonTap_EustonTap1_ET118_R1312,ISD_EustonTap_EustonTap1_ET118,ISOPleasant,-0.6768,0.060571846,
isd_individual_iso_prediction__isd__tong_style_reduced_xgboost__seed2027,isd_individual_iso_prediction,ISD,dev,ISD_EustonTap_EustonTap1_ET118_R1313,ISD_EustonTap_EustonTap1_ET118,ISOPleasant,-0.7803,0.16002509,
isd_individual_iso_prediction__isd__tong_style_reduced_xgboost__seed2027,isd_individual_iso_prediction,ISD,dev,ISD_EustonTap_EustonTap1_ET119_R1314,ISD_EustonTap_EustonTap1_ET119,ISOPleasant,-0.4268,0.21408917,
isd_individual_iso_prediction__isd__tong_style_reduced_xgboost__seed2027,isd_individual_iso_prediction,ISD,dev,ISD_EustonTap_EustonTap1_ET120_R1315,ISD_EustonTap_EustonTap1_ET120,ISOPleasant,-0.1768,0.018242737,
isd_individual_iso_prediction__isd__tong_style_reduced_xgboost__seed2027,isd_individual_iso_prediction,ISD,dev,ISD_EustonTap_EustonTap1_ET120_R1316,ISD_EustonTap_EustonTap1_ET120,ISOPleasant,0.0732,0.018242737,
isd_individual_iso_prediction__isd__tong_style_reduced_xgboost__seed2027,isd_individual_iso_prediction,ISD,dev,ISD_EustonTap_EustonTap1_ET121_R1317,ISD_EustonTap_EustonTap1_ET121,ISOPleasant,-0.6768,-0.10218334,
isd_individual_iso_prediction__isd__tong_style_reduced_xgboost__seed2027,isd_individual_iso_prediction,ISD,dev,ISD_EustonTap_EustonTap1_ET122_R1318,ISD_EustonTap_EustonTap1_ET122,ISOPleasant,0.1464,0.07333198,
isd_individual_iso_prediction__isd__tong_style_reduced_xgboost__seed2027,isd_individual_iso_prediction,ISD,dev,ISD_EustonTap_EustonTap1_ET122_R1319,ISD_EustonTap_EustonTap1_ET122,ISOPleasant,-0.2071,0.07311078,
isd_individual_iso_prediction__isd__tong_style_reduced_xgboost__seed2027,isd_individual_iso_prediction,ISD,dev,ISD_EustonTap_EustonTap1_ET123_R1320,ISD_EustonTap_EustonTap1_ET123,ISOPleasant,-0.1036,0.0685881,
isd_individual_iso_prediction__isd__tong_style_reduced_xgboost__seed2027,isd_individual_iso_prediction,ISD,dev,ISD_EustonTap_EustonTap1_ET123_R1321,ISD_EustonTap_EustonTap1_ET123,ISOPleasant,-0.0732,0.21164116,
isd_individual_iso_prediction__isd__tong_style_reduced_xgboost__seed2027,isd_individual_iso_prediction,ISD,dev,ISD_EustonTap_EustonTap1_ET123_R1322,ISD_EustonTap_EustonTap1_ET123,ISOPleasant,-0.6464,0.1676211,
isd_individual_iso_prediction__isd__tong_style_reduced_xgboost__seed2027,isd_individual_iso_prediction,ISD,dev,ISD_EustonTap_EustonTap1_ET124_R1323,ISD_EustonTap_EustonTap1_ET124,ISOPleasant,-0.6161,0.12749103,
isd_individual_iso_prediction__isd__tong_style_reduced_xgboost__seed2027,isd_individual_iso_prediction,ISD,dev,ISD_EustonTap_EustonTap1_ET124_R1324,ISD_EustonTap_EustonTap1_ET124,ISOPleasant,0.0,0.050115686,
isd_individual_iso_prediction__isd__tong_style_reduced_xgboost__seed2027,isd_individual_iso_prediction,ISD,dev,ISD_EustonTap_EustonTap1_ET125_R1325,ISD_EustonTap_EustonTap1_ET125,ISOPleasant,-0.25,0.086428724,
isd_individual_iso_prediction__isd__tong_style_reduced_xgboost__seed2027,isd_individual_iso_prediction,ISD,dev,ISD_EustonTap_EustonTap2_ET201_R1326,ISD_EustonTap_EustonTap2_ET201,ISOPleasant,-0.6339,0.0348153,
isd_individual_iso_prediction__isd__tong_style_reduced_xgboost__seed2027,isd_individual_iso_prediction,ISD,dev,ISD_EustonTap_EustonTap2_ET201_R1327,ISD_EustonTap_EustonTap2_ET201,ISOPleasant,-0.3107,0.18690524,
isd_individual_iso_prediction__isd__tong_style_reduced_xgboost__seed2027,isd_individual_iso_prediction,ISD,dev,ISD_EustonTap_EustonTap2_ET201_R1328,ISD_EustonTap_EustonTap2_ET201,ISOPleasant,-0.2803,0.067074366,
isd_individual_iso_prediction__isd__tong_style_reduced_xgboost__seed2027,isd_individual_iso_prediction,ISD,dev,ISD_EustonTap_EustonTap2_ET202_R1329,ISD_EustonTap_EustonTap2_ET202,ISOPleasant,-0.1768,0.11803575,
isd_individual_iso_prediction__isd__tong_style_reduced_xgboost__seed2027,isd_individual_iso_prediction,ISD,dev,ISD_EustonTap_EustonTap2_ET203_R1330,ISD_EustonTap_EustonTap2_ET203,ISOPleasant,-0.3839,0.0073476317,
isd_individual_iso_prediction__isd__tong_style_reduced_xgboost__seed2027,isd_individual_iso_prediction,ISD,dev,ISD_EustonTap_EustonTap2_ET205_R1332,ISD_EustonTap_EustonTap2_ET205,ISOPleasant,-0.5303,0.11364237,
isd_individual_iso_prediction__isd__tong_style_reduced_xgboost__seed2027,isd_individual_iso_prediction,ISD,dev,ISD_EustonTap_EustonTap2_ET205_R1333,ISD_EustonTap_EustonTap2_ET205,ISOPleasant,-0.5303,-0.079685256,
isd_individual_iso_prediction__isd__tong_style_reduced_xgboost__seed2027,isd_individual_iso_prediction,ISD,dev,ISD_EustonTap_EustonTap2_ET206_R1334,ISD_EustonTap_EustonTap2_ET206,ISOPleasant,-0.2197,0.24311835,
isd_individual_iso_prediction__isd__tong_style_reduced_xgboost__seed2027,isd_individual_iso_prediction,ISD,dev,ISD_EustonTap_EustonTap2_ET206_R1335,ISD_EustonTap_EustonTap2_ET206,ISOPleasant,0.1768,0.13557751,
isd_individual_iso_prediction__isd__tong_style_reduced_xgboost__seed2027,isd_individual_iso_prediction,ISD,dev,ISD_EustonTap_EustonTap2_ET206_R1336,ISD_EustonTap_EustonTap2_ET206,ISOPleasant,-0.0732,0.10905559,
isd_individual_iso_prediction__isd__tong_style_reduced_xgboost__seed2027,isd_individual_iso_prediction,ISD,dev,ISD_EustonTap_EustonTap2_ET207_R1338,ISD_EustonTap_EustonTap2_ET207,ISOPleasant,-0.2803,0.18724559,
isd_individual_iso_prediction__isd__tong_style_reduced_xgboost__seed2027,isd_individual_iso_prediction,ISD,dev,ISD_EustonTap_EustonTap2_ET207_R1339,ISD_EustonTap_EustonTap2_ET207,ISOPleasant,-0.0732,0.12048846,
isd_individual_iso_prediction__isd__tong_style_reduced_xgboost__seed2027,isd_individual_iso_prediction,ISD,dev,ISD_EustonTap_EustonTap2_ET207_R1340,ISD_EustonTap_EustonTap2_ET207,ISOPleasant,-0.4268,0.24328381,
isd_individual_iso_prediction__isd__tong_style_reduced_xgboost__seed2027,isd_individual_iso_prediction,ISD,dev,ISD_EustonTap_EustonTap2_ET207_R1341,ISD_EustonTap_EustonTap2_ET207,ISOPleasant,0.0,0.022856953,
isd_individual_iso_prediction__isd__tong_style_reduced_xgboost__seed2027,isd_individual_iso_prediction,ISD,dev,ISD_EustonTap_EustonTap2_ET210_R1345,ISD_EustonTap_EustonTap2_ET210,ISOPleasant,-0.1339,0.065626495,
isd_individual_iso_prediction__isd__tong_style_reduced_xgboost__seed2027,isd_individual_iso_prediction,ISD,dev,ISD_EustonTap_EustonTap2_ET211_R1346,ISD_EustonTap_EustonTap2_ET211,ISOPleasant,0.0126,-0.057657935,
isd_individual_iso_prediction__isd__tong_style_reduced_xgboost__seed2027,isd_individual_iso_prediction,ISD,dev,ISD_EustonTap_EustonTap2_ET212_R1347,ISD_EustonTap_EustonTap2_ET212,ISOPleasant,-0.1036,0.10885994,
isd_individual_iso_prediction__isd__tong_style_reduced_xgboost__seed2027,isd_individual_iso_prediction,ISD,dev,ISD_EustonTap_EustonTap2_ET212_R1348,ISD_EustonTap_EustonTap2_ET212,ISOPleasant,-0.1464,0.1075181,
isd_individual_iso_prediction__isd__tong_style_reduced_xgboost__seed2027,isd_individual_iso_prediction,ISD,dev,ISD_EustonTap_EustonTap2_ET213_R1349,ISD_EustonTap_EustonTap2_ET213,ISOPleasant,-0.0732,0.23917034,
isd_individual_iso_prediction__isd__tong_style_reduced_xgboost__seed2027,isd_individual_iso_prediction,ISD,dev,ISD_EustonTap_EustonTap2_ET214_R1350,ISD_EustonTap_EustonTap2_ET214,ISOPleasant,0.1036,0.13027626,
isd_individual_iso_prediction__isd__tong_style_reduced_xgboost__seed2027,isd_individual_iso_prediction,ISD,dev,ISD_EustonTap_EustonTap2_ET215_R1351,ISD_EustonTap_EustonTap2_ET215,ISOPleasant,-0.0732,0.29449192,
isd_individual_iso_prediction__isd__tong_style_reduced_xgboost__seed2027,isd_individual_iso_prediction,ISD,dev,ISD_EustonTap_EustonTap2_ET216_R1352,ISD_EustonTap_EustonTap2_ET216,ISOPleasant,-0.4874,0.12610371,
isd_individual_iso_prediction__isd__tong_style_reduced_xgboost__seed2027,isd_individual_iso_prediction,ISD,dev,ISD_EustonTap_EustonTap2_ET218_R1355,ISD_EustonTap_EustonTap2_ET218,ISOPleasant,-0.25,0.1853434,
isd_individual_iso_prediction__isd__tong_style_reduced_xgboost__seed2027,isd_individual_iso_prediction,ISD,dev,ISD_EustonTap_EustonTap2_ET218_R1356,ISD_EustonTap_EustonTap2_ET218,ISOPleasant,0.0,0.066158466,
isd_individual_iso_prediction__isd__tong_style_reduced_xgboost__seed2027,isd_individual_iso_prediction,ISD,dev,ISD_EustonTap_EustonTap2_ET219_R1357,ISD_EustonTap_EustonTap2_ET219,ISOPleasant,-0.3232,-0.007337264,
isd_individual_iso_prediction__isd__tong_style_reduced_xgboost__seed2027,isd_individual_iso_prediction,ISD,dev,ISD_EustonTap_EustonTap2_ET219_R1358,ISD_EustonTap_EustonTap2_ET219,ISOPleasant,-0.2929,-0.0016447802,
isd_individual_iso_prediction__isd__tong_style_reduced_xgboost__seed2027,isd_individual_iso_prediction,ISD,dev,ISD_EustonTap_EustonTap2_ET220_R1359,ISD_EustonTap_EustonTap2_ET220,ISOPleasant,-0.159,0.17519428,
isd_individual_iso_prediction__isd__tong_style_reduced_xgboost__seed2027,isd_individual_iso_prediction,ISD,dev,ISD_EustonTap_EustonTap2_ET221_R1360,ISD_EustonTap_EustonTap2_ET221,ISOPleasant,0.25,-0.0595779,
isd_individual_iso_prediction__isd__tong_style_reduced_xgboost__seed2027,isd_individual_iso_prediction,ISD,dev,ISD_EustonTap_EustonTap2_ET221_R1361,ISD_EustonTap_EustonTap2_ET221,ISOPleasant,0.0732,0.026241414,
isd_individual_iso_prediction__isd__tong_style_reduced_xgboost__seed2027,isd_individual_iso_prediction,ISD,dev,ISD_EustonTap_EustonTap2_ET222_R1362,ISD_EustonTap_EustonTap2_ET222,ISOPleasant,-0.1768,0.08026937,
isd_individual_iso_prediction__isd__tong_style_reduced_xgboost__seed2027,isd_individual_iso_prediction,ISD,dev,ISD_EustonTap_EustonTap3_ET302_R1366,ISD_EustonTap_EustonTap3_ET302,ISOPleasant,0.0303,0.13331193,
isd_individual_iso_prediction__isd__tong_style_reduced_xgboost__seed2027,isd_individual_iso_prediction,ISD,dev,ISD_EustonTap_EustonTap3_ET302_R1367,ISD_EustonTap_EustonTap3_ET302,ISOPleasant,0.1464,0.046029698,
isd_individual_iso_prediction__isd__tong_style_reduced_xgboost__seed2027,isd_individual_iso_prediction,ISD,dev,ISD_EustonTap_EustonTap3_ET303_R1370,ISD_EustonTap_EustonTap3_ET303,ISOPleasant,0.1036,0.124573216,
isd_individual_iso_prediction__isd__tong_style_reduced_xgboost__seed2027,isd_individual_iso_prediction,ISD,dev,ISD_EustonTap_EustonTap3_ET303_R1371,ISD_EustonTap_EustonTap3_ET303,ISOPleasant,0.1768,0.036611866,
isd_individual_iso_prediction__isd__tong_style_reduced_xgboost__seed2027,isd_individual_iso_prediction,ISD,dev,ISD_EustonTap_EustonTap3_ET303_R1372,ISD_EustonTap_EustonTap3_ET303,ISOPleasant,0.0,0.12957524,
isd_individual_iso_prediction__isd__tong_style_reduced_xgboost__seed2027,isd_individual_iso_prediction,ISD,dev,ISD_EustonTap_EustonTap3_ET304_R1373,ISD_EustonTap_EustonTap3_ET304,ISOPleasant,0.1036,0.013978751,
isd_individual_iso_prediction__isd__tong_style_reduced_xgboost__seed2027,isd_individual_iso_prediction,ISD,dev,ISD_EustonTap_EustonTap3_ET305_R1374,ISD_EustonTap_EustonTap3_ET305,ISOPleasant,-0.3232,0.021448644,
isd_individual_iso_prediction__isd__tong_style_reduced_xgboost__seed2027,isd_individual_iso_prediction,ISD,dev,ISD_EustonTap_EustonTap3_ET306_R1375,ISD_EustonTap_EustonTap3_ET306,ISOPleasant,-0.3839,0.09295901,
isd_individual_iso_prediction__isd__tong_style_reduced_xgboost__seed2027,isd_individual_iso_prediction,ISD,dev,ISD_EustonTap_EustonTap3_ET306_R1376,ISD_EustonTap_EustonTap3_ET306,ISOPleasant,0.0732,0.0020589794,
isd_individual_iso_prediction__isd__tong_style_reduced_xgboost__seed2027,isd_individual_iso_prediction,ISD,dev,ISD_EustonTap_EustonTap3_ET306_R1377,ISD_EustonTap_EustonTap3_ET306,ISOPleasant,-0.1036,0.09295901,
isd_individual_iso_prediction__isd__tong_style_reduced_xgboost__seed2027,isd_individual_iso_prediction,ISD,dev,ISD_EustonTap_EustonTap3_ET306_R1378,ISD_EustonTap_EustonTap3_ET306,ISOPleasant,-0.1768,0.09295901,
isd_individual_iso_prediction__isd__tong_style_reduced_xgboost__seed2027,isd_individual_iso_prediction,ISD,dev,ISD_EustonTap_EustonTap3_ET306_R1379,ISD_EustonTap_EustonTap3_ET306,ISOPleasant,0.0607,-0.0097034,
isd_individual_iso_prediction__isd__tong_style_reduced_xgboost__seed2027,isd_individual_iso_prediction,ISD,dev,ISD_EustonTap_EustonTap3_ET307_R1380,ISD_EustonTap_EustonTap3_ET307,ISOPleasant,-0.2071,0.20193316,
isd_individual_iso_prediction__isd__tong_style_reduced_xgboost__seed2027,isd_individual_iso_prediction,ISD,dev,ISD_EustonTap_EustonTap3_ET307_R1381,ISD_EustonTap_EustonTap3_ET307,ISOPleasant,-0.3536,0.2033645,
isd_individual_iso_prediction__isd__tong_style_reduced_xgboost__seed2027,isd_individual_iso_prediction,ISD,dev,ISD_EustonTap_EustonTap3_ET307_R1382,ISD_EustonTap_EustonTap3_ET307,ISOPleasant,-0.25,0.12764195,
isd_individual_iso_prediction__isd__tong_style_reduced_xgboost__seed2027,isd_individual_iso_prediction,ISD,dev,ISD_EustonTap_EustonTap3_ET308_R1383,ISD_EustonTap_EustonTap3_ET308,ISOPleasant,-0.2626,0.10775876,
isd_individual_iso_prediction__isd__tong_style_reduced_xgboost__seed2027,isd_individual_iso_prediction,ISD,dev,ISD_EustonTap_EustonTap3_ET310_R1385,ISD_EustonTap_EustonTap3_ET310,ISOPleasant,-0.2929,-0.058905482,
isd_individual_iso_prediction__isd__tong_style_reduced_xgboost__seed2027,isd_individual_iso_prediction,ISD,dev,ISD_EustonTap_EustonTap3_ET310_R1386,ISD_EustonTap_EustonTap3_ET310,ISOPleasant,-0.2803,0.020998415,
isd_individual_iso_prediction__isd__tong_style_reduced_xgboost__seed2027,isd_individual_iso_prediction,ISD,dev,ISD_EustonTap_EustonTap3_ET311_R1387,ISD_EustonTap_EustonTap3_ET311,ISOPleasant,-0.3536,-0.048869975,
isd_individual_iso_prediction__isd__tong_style_reduced_xgboost__seed2027,isd_individual_iso_prediction,ISD,dev,ISD_EustonTap_EustonTap3_ET312_R1388,ISD_EustonTap_EustonTap3_ET312,ISOPleasant,-0.6036,0.06861633,
isd_individual_iso_prediction__isd__tong_style_reduced_xgboost__seed2027,isd_individual_iso_prediction,ISD,dev,ISD_EustonTap_EustonTap3_ET313_R1389,ISD_EustonTap_EustonTap3_ET313,ISOPleasant,-0.0732,-0.017700689,
isd_individual_iso_prediction__isd__tong_style_reduced_xgboost__seed2027,isd_individual_iso_prediction,ISD,dev,ISD_EustonTap_EustonTap3_ET314_R1390,ISD_EustonTap_EustonTap3_ET314,ISOPleasant,-0.2803,0.08879277,
isd_individual_iso_prediction__isd__tong_style_reduced_xgboost__seed2027,isd_individual_iso_prediction,ISD,dev,ISD_EustonTap_EustonTap3_ET314_R1391,ISD_EustonTap_EustonTap3_ET314,ISOPleasant,0.1464,0.0965319,
isd_individual_iso_prediction__isd__tong_style_reduced_xgboost__seed2027,isd_individual_iso_prediction,ISD,dev,ISD_MarchmontGarden_MarchmontGarden1_MC101_R269,ISD_MarchmontGarden_MarchmontGarden1_MC101,ISOPleasant,-0.2803,0.38832158,
isd_individual_iso_prediction__isd__tong_style_reduced_xgboost__seed2027,isd_individual_iso_prediction,ISD,dev,ISD_MarchmontGarden_MarchmontGarden1_MC102_R270,ISD_MarchmontGarden_MarchmontGarden1_MC102,ISOPleasant,0.25,0.3388505,
isd_individual_iso_prediction__isd__tong_style_reduced_xgboost__seed2027,isd_individual_iso_prediction,ISD,dev,ISD_MarchmontGarden_MarchmontGarden1_MC103_R271,ISD_MarchmontGarden_MarchmontGarden1_MC103,ISOPleasant,0.3536,0.49451187,
isd_individual_iso_prediction__isd__tong_style_reduced_xgboost__seed2027,isd_individual_iso_prediction,ISD,dev,ISD_MarchmontGarden_MarchmontGarden1_MC104_R272,ISD_MarchmontGarden_MarchmontGarden1_MC104,ISOPleasant,0.7071,0.47205546,
isd_individual_iso_prediction__isd__tong_style_reduced_xgboost__seed2027,isd_individual_iso_prediction,ISD,dev,ISD_MarchmontGarden_MarchmontGarden1_MC105_R273,ISD_MarchmontGarden_MarchmontGarden1_MC105,ISOPleasant,0.2803,0.45771468,
isd_individual_iso_prediction__isd__tong_style_reduced_xgboost__seed2027,isd_individual_iso_prediction,ISD,dev,ISD_MarchmontGarden_MarchmontGarden1_MC105_R274,ISD_MarchmontGarden_MarchmontGarden1_MC105,ISOPleasant,0.4268,0.46186593,
isd_individual_iso_prediction__isd__tong_style_reduced_xgboost__seed2027,isd_individual_iso_prediction,ISD,dev,ISD_MarchmontGarden_MarchmontGarden1_MC106_R275,ISD_MarchmontGarden_MarchmontGarden1_MC106,ISOPleasant,0.1768,0.40098983,
isd_individual_iso_prediction__isd__tong_style_reduced_xgboost__seed2027,isd_individual_iso_prediction,ISD,dev,ISD_MarchmontGarden_MarchmontGarden1_MC108_R277,ISD_MarchmontGarden_MarchmontGarden1_MC108,ISOPleasant,0.25,0.37318963,
isd_individual_iso_prediction__isd__tong_style_reduced_xgboost__seed2027,isd_individual_iso_prediction,ISD,dev,ISD_MarchmontGarden_MarchmontGarden1_MC110_R278,ISD_MarchmontGarden_MarchmontGarden1_MC110,ISOPleasant,0.8536,0.48876798,
isd_individual_iso_prediction__isd__tong_style_reduced_xgboost__seed2027,isd_individual_iso_prediction,ISD,dev,ISD_MarchmontGarden_MarchmontGarden1_MC111_R279,ISD_MarchmontGarden_MarchmontGarden1_MC111,ISOPleasant,0.0732,0.40161288,
isd_individual_iso_prediction__isd__tong_style_reduced_xgboost__seed2027,isd_individual_iso_prediction,ISD,dev,ISD_MarchmontGarden_MarchmontGarden1_MC111_R280,ISD_MarchmontGarden_MarchmontGarden1_MC111,ISOPleasant,0.5607,0.3941023,
isd_individual_iso_prediction__isd__tong_style_reduced_xgboost__seed2027,isd_individual_iso_prediction,ISD,dev,ISD_MarchmontGarden_MarchmontGarden1_MC112_R281,ISD_MarchmontGarden_MarchmontGarden1_MC112,ISOPleasant,-0.1768,0.30892262,
isd_individual_iso_prediction__isd__tong_style_reduced_xgboost__seed2027,isd_individual_iso_prediction,ISD,dev,ISD_MarchmontGarden_MarchmontGarden1_MC114_R282,ISD_MarchmontGarden_MarchmontGarden1_MC114,ISOPleasant,-0.5,0.34990004,
isd_individual_iso_prediction__isd__tong_style_reduced_xgboost__seed2027,isd_individual_iso_prediction,ISD,dev,ISD_MarchmontGarden_MarchmontGarden1_MC115_R283,ISD_MarchmontGarden_MarchmontGarden1_MC115,ISOPleasant,0.0,0.45186964,
isd_individual_iso_prediction__isd__tong_style_reduced_xgboost__seed2027,isd_individual_iso_prediction,ISD,dev,ISD_MarchmontGarden_MarchmontGarden1_MC116_R284,ISD_MarchmontGarden_MarchmontGarden1_MC116,ISOPleasant,-0.4571,0.27517208,
isd_individual_iso_prediction__isd__tong_style_reduced_xgboost__seed2027,isd_individual_iso_prediction,ISD,dev,ISD_MarchmontGarden_MarchmontGarden1_MC116_R285,ISD_MarchmontGarden_MarchmontGarden1_MC116,ISOPleasant,-0.1339,0.27808884,
isd_individual_iso_prediction__isd__tong_style_reduced_xgboost__seed2027,isd_individual_iso_prediction,ISD,dev,ISD_MarchmontGarden_MarchmontGarden1_MC118_R287,ISD_MarchmontGarden_MarchmontGarden1_MC118,ISOPleasant,0.1464,0.38500586,
isd_individual_iso_prediction__isd__tong_style_reduced_xgboost__seed2027,isd_individual_iso_prediction,ISD,dev,ISD_MarchmontGarden_MarchmontGarden1_MC118_R288,ISD_MarchmontGarden_MarchmontGarden1_MC118,ISOPleasant,0.0,0.38500586,
isd_individual_iso_prediction__isd__tong_style_reduced_xgboost__seed2027,isd_individual_iso_prediction,ISD,dev,ISD_MarchmontGarden_MarchmontGarden1_MC118_R289,ISD_MarchmontGarden_MarchmontGarden1_MC118,ISOPleasant,0.1036,0.37609288,
isd_individual_iso_prediction__isd__tong_style_reduced_xgboost__seed2027,isd_individual_iso_prediction,ISD,dev,ISD_MarchmontGarden_MarchmontGarden1_MC119_R290,ISD_MarchmontGarden_MarchmontGarden1_MC119,ISOPleasant,0.4571,0.45197392,
isd_individual_iso_prediction__isd__tong_style_reduced_xgboost__seed2027,isd_individual_iso_prediction,ISD,dev,ISD_MarchmontGarden_MarchmontGarden1_MC119_R291,ISD_MarchmontGarden_MarchmontGarden1_MC119,ISOPleasant,0.2803,0.45313835,
isd_individual_iso_prediction__isd__tong_style_reduced_xgboost__seed2027,isd_individual_iso_prediction,ISD,dev,ISD_MarchmontGarden_MarchmontGarden1_MC120_R292,ISD_MarchmontGarden_MarchmontGarden1_MC120,ISOPleasant,1.0,0.44519565,
isd_individual_iso_prediction__isd__tong_style_reduced_xgboost__seed2027,isd_individual_iso_prediction,ISD,dev,ISD_MarchmontGarden_MarchmontGarden1_MC120_R293,ISD_MarchmontGarden_MarchmontGarden1_MC120,ISOPleasant,1.0,0.45952916,
isd_individual_iso_prediction__isd__tong_style_reduced_xgboost__seed2027,isd_individual_iso_prediction,ISD,dev,ISD_MarchmontGarden_MarchmontGarden1_MC121_R294,ISD_MarchmontGarden_MarchmontGarden1_MC121,ISOPleasant,0.7071,0.35760307,
isd_individual_iso_prediction__isd__tong_style_reduced_xgboost__seed2027,isd_individual_iso_prediction,ISD,dev,ISD_MarchmontGarden_MarchmontGarden1_MC121_R295,ISD_MarchmontGarden_MarchmontGarden1_MC121,ISOPleasant,0.9268,0.3950352,
isd_individual_iso_prediction__isd__tong_style_reduced_xgboost__seed2027,isd_individual_iso_prediction,ISD,dev,ISD_MarchmontGarden_MarchmontGarden1_MC122_R296,ISD_MarchmontGarden_MarchmontGarden1_MC122,ISOPleasant,0.5732,0.48812217,
isd_individual_iso_prediction__isd__tong_style_reduced_xgboost__seed2027,isd_individual_iso_prediction,ISD,dev,ISD_MarchmontGarden_MarchmontGarden1_MC127_R298,ISD_MarchmontGarden_MarchmontGarden1_MC127,ISOPleasant,0.2678,0.35321945,
isd_individual_iso_prediction__isd__tong_style_reduced_xgboost__seed2027,isd_individual_iso_prediction,ISD,dev,ISD_MarchmontGarden_MarchmontGarden1_MC129_R300,ISD_MarchmontGarden_MarchmontGarden1_MC129,ISOPleasant,0.2197,0.49274307,
isd_individual_iso_prediction__isd__tong_style_reduced_xgboost__seed2027,isd_individual_iso_prediction,ISD,dev,ISD_MarchmontGarden_MarchmontGarden2_MC203_R306,ISD_MarchmontGarden_MarchmontGarden2_MC203,ISOPleasant,0.9268,0.49039552,
isd_individual_iso_prediction__isd__tong_style_reduced_xgboost__seed2027,isd_individual_iso_prediction,ISD,dev,ISD_MarchmontGarden_MarchmontGarden2_MC204_R302,ISD_MarchmontGarden_MarchmontGarden2_MC204,ISOPleasant,0.1036,0.438231,
isd_individual_iso_prediction__isd__tong_style_reduced_xgboost__seed2027,isd_individual_iso_prediction,ISD,dev,ISD_MarchmontGarden_MarchmontGarden2_MC206_R303,ISD_MarchmontGarden_MarchmontGarden2_MC206,ISOPleasant,0.6036,0.4535884,
isd_individual_iso_prediction__isd__tong_style_reduced_xgboost__seed2027,isd_individual_iso_prediction,ISD,dev,ISD_MarchmontGarden_MarchmontGarden2_MC207_R304,ISD_MarchmontGarden_MarchmontGarden2_MC207,ISOPleasant,0.6464,0.5441195,
isd_individual_iso_prediction__isd__tong_style_reduced_xgboost__seed2027,isd_individual_iso_prediction,ISD,dev,ISD_MarchmontGarden_MarchmontGarden3_MC301_R309,ISD_MarchmontGarden_MarchmontGarden3_MC301,ISOPleasant,0.3107,0.36275592,
isd_individual_iso_prediction__isd__tong_style_reduced_xgboost__seed2027,isd_individual_iso_prediction,ISD,dev,ISD_MarchmontGarden_MarchmontGarden3_MC302_R308,ISD_MarchmontGarden_MarchmontGarden3_MC302,ISOPleasant,0.25,0.52156,
isd_individual_iso_prediction__isd__tong_style_reduced_xgboost__seed2027,isd_individual_iso_prediction,ISD,dev,ISD_MarchmontGarden_MarchmontGarden3_MC302_R335,ISD_MarchmontGarden_MarchmontGarden3_MC302,ISOPleasant,-0.3232,0.5239757,
isd_individual_iso_prediction__isd__tong_style_reduced_xgboost__seed2027,isd_individual_iso_prediction,ISD,dev,ISD_MarchmontGarden_MarchmontGarden3_MC303_R310,ISD_MarchmontGarden_MarchmontGarden3_MC303,ISOPleasant,0.4268,0.4231451,
isd_individual_iso_prediction__isd__tong_style_reduced_xgboost__seed2027,isd_individual_iso_prediction,ISD,dev,ISD_MarchmontGarden_MarchmontGarden3_MC307_R313,ISD_MarchmontGarden_MarchmontGarden3_MC307,ISOPleasant,0.6339,0.44820005,
isd_individual_iso_prediction__isd__tong_style_reduced_xgboost__seed2027,isd_individual_iso_prediction,ISD,dev,ISD_MarchmontGarden_MarchmontGarden3_MC308_R314,ISD_MarchmontGarden_MarchmontGarden3_MC308,ISOPleasant,0.5732,0.41177273,
isd_individual_iso_prediction__isd__tong_style_reduced_xgboost__seed2027,isd_individual_iso_prediction,ISD,dev,ISD_MarchmontGarden_MarchmontGarden3_MC309_R315,ISD_MarchmontGarden_MarchmontGarden3_MC309,ISOPleasant,0.75,0.36820355,
isd_individual_iso_prediction__isd__tong_style_reduced_xgboost__seed2027,isd_individual_iso_prediction,ISD,dev,ISD_MarchmontGarden_MarchmontGarden3_MC310_R316,ISD_MarchmontGarden_MarchmontGarden3_MC310,ISOPleasant,-0.4268,0.40940773,
isd_individual_iso_prediction__isd__tong_style_reduced_xgboost__seed2027,isd_individual_iso_prediction,ISD,dev,ISD_MarchmontGarden_MarchmontGarden3_MC311_R317,ISD_MarchmontGarden_MarchmontGarden3_MC311,ISOPleasant,0.4268,0.45268643,
isd_individual_iso_prediction__isd__tong_style_reduced_xgboost__seed2027,isd_individual_iso_prediction,ISD,dev,ISD_MarchmontGarden_MarchmontGarden3_MC311_R336,ISD_MarchmontGarden_MarchmontGarden3_MC311,ISOPleasant,-0.1464,0.45268643,
isd_individual_iso_prediction__isd__tong_style_reduced_xgboost__seed2027,isd_individual_iso_prediction,ISD,dev,ISD_MarchmontGarden_MarchmontGarden3_MC312_R337,ISD_MarchmontGarden_MarchmontGarden3_MC312,ISOPleasant,-0.4268,0.3852753,
isd_individual_iso_prediction__isd__tong_style_reduced_xgboost__seed2027,isd_individual_iso_prediction,ISD,dev,ISD_MarchmontGarden_MarchmontGarden3_MC316_R320,ISD_MarchmontGarden_MarchmontGarden3_MC316,ISOPleasant,0.6036,0.479565,
isd_individual_iso_prediction__isd__tong_style_reduced_xgboost__seed2027,isd_individual_iso_prediction,ISD,dev,ISD_MarchmontGarden_MarchmontGarden3_MC317_R322,ISD_MarchmontGarden_MarchmontGarden3_MC317,ISOPleasant,0.5,0.26752743,
isd_individual_iso_prediction__isd__tong_style_reduced_xgboost__seed2027,isd_individual_iso_prediction,ISD,dev,ISD_MarchmontGarden_MarchmontGarden3_MC318_R339,ISD_MarchmontGarden_MarchmontGarden3_MC318,ISOPleasant,-0.0429,0.3691395,
isd_individual_iso_prediction__isd__tong_style_reduced_xgboost__seed2027,isd_individual_iso_prediction,ISD,dev,ISD_MarchmontGarden_MarchmontGarden3_MC318_R340,ISD_MarchmontGarden_MarchmontGarden3_MC318,ISOPleasant,-0.2197,0.38481364,
isd_individual_iso_prediction__isd__tong_style_reduced_xgboost__seed2027,isd_individual_iso_prediction,ISD,dev,ISD_MarchmontGarden_MarchmontGarden3_MC319_R321,ISD_MarchmontGarden_MarchmontGarden3_MC319,ISOPleasant,0.7803,0.44091022,
isd_individual_iso_prediction__isd__tong_style_reduced_xgboost__seed2027,isd_individual_iso_prediction,ISD,dev,ISD_MarchmontGarden_MarchmontGarden3_MC320_R338,ISD_MarchmontGarden_MarchmontGarden3_MC320,ISOPleasant,0.5607,0.47746435,
isd_individual_iso_prediction__isd__tong_style_reduced_xgboost__seed2027,isd_individual_iso_prediction,ISD,dev,ISD_MarchmontGarden_MarchmontGarden3_MC321_R323,ISD_MarchmontGarden_MarchmontGarden3_MC321,ISOPleasant,0.6768,0.57385355,
isd_individual_iso_prediction__isd__tong_style_reduced_xgboost__seed2027,isd_individual_iso_prediction,ISD,dev,ISD_MarchmontGarden_MarchmontGarden3_MC323_R341,ISD_MarchmontGarden_MarchmontGarden3_MC323,ISOPleasant,-0.4697,0.47304955,
isd_individual_iso_prediction__isd__tong_style_reduced_xgboost__seed2027,isd_individual_iso_prediction,ISD,dev,ISD_MarchmontGarden_MarchmontGarden3_MC324_R326,ISD_MarchmontGarden_MarchmontGarden3_MC324,ISOPleasant,0.5303,0.5208637,
isd_individual_iso_prediction__isd__tong_style_reduced_xgboost__seed2027,isd_individual_iso_prediction,ISD,dev,ISD_MarchmontGarden_MarchmontGarden3_MC325_R327,ISD_MarchmontGarden_MarchmontGarden3_MC325,ISOPleasant,0.8536,0.40546823,
isd_individual_iso_prediction__isd__tong_style_reduced_xgboost__seed2027,isd_individual_iso_prediction,ISD,dev,ISD_MarchmontGarden_MarchmontGarden3_MC328_R329,ISD_MarchmontGarden_MarchmontGarden3_MC328,ISOPleasant,-0.6036,0.4234682,
isd_individual_iso_prediction__isd__tong_style_reduced_xgboost__seed2027,isd_individual_iso_prediction,ISD,dev,ISD_MarchmontGarden_MarchmontGarden3_MC329_R342,ISD_MarchmontGarden_MarchmontGarden3_MC329,ISOPleasant,-0.6036,0.47278145,
isd_individual_iso_prediction__isd__tong_style_reduced_xgboost__seed2027,isd_individual_iso_prediction,ISD,dev,ISD_MarchmontGarden_MarchmontGarden3_MC330_R330,ISD_MarchmontGarden_MarchmontGarden3_MC330,ISOPleasant,-0.1036,0.3886836,
isd_individual_iso_prediction__isd__tong_style_reduced_xgboost__seed2027,isd_individual_iso_prediction,ISD,dev,ISD_MarchmontGarden_MarchmontGarden3_MC331_R331,ISD_MarchmontGarden_MarchmontGarden3_MC331,ISOPleasant,0.5732,0.4820534,
isd_individual_iso_prediction__isd__tong_style_reduced_xgboost__seed2027,isd_individual_iso_prediction,ISD,dev,ISD_MarchmontGarden_MarchmontGarden3_MC332_R332,ISD_MarchmontGarden_MarchmontGarden3_MC332,ISOPleasant,0.1036,0.49280626,
isd_individual_iso_prediction__isd__tong_style_reduced_xgboost__seed2027,isd_individual_iso_prediction,ISD,dev,ISD_MarchmontGarden_MarchmontGarden3_MC332_R343,ISD_MarchmontGarden_MarchmontGarden3_MC332,ISOPleasant,-0.1768,0.49876264,
isd_individual_iso_prediction__isd__tong_style_reduced_xgboost__seed2027,isd_individual_iso_prediction,ISD,dev,ISD_MarchmontGarden_MarchmontGarden3_MC333_R344,ISD_MarchmontGarden_MarchmontGarden3_MC333,ISOPleasant,-0.2803,0.45200846,
isd_individual_iso_prediction__isd__tong_style_reduced_xgboost__seed2027,isd_individual_iso_prediction,ISD,dev,ISD_MarchmontGarden_MarchmontGarden3_MC333_R345,ISD_MarchmontGarden_MarchmontGarden3_MC333,ISOPleasant,-0.3536,0.42933562,
isd_individual_iso_prediction__isd__tong_style_reduced_xgboost__seed2027,isd_individual_iso_prediction,ISD,dev,ISD_MarchmontGarden_MarchmontGarden3_MC334_R346,ISD_MarchmontGarden_MarchmontGarden3_MC334,ISOPleasant,-0.2803,0.40136537,
isd_individual_iso_prediction__isd__tong_style_reduced_xgboost__seed2027,isd_individual_iso_prediction,ISD,dev,ISD_MarchmontGarden_MarchmontGarden3_MC335_R333,ISD_MarchmontGarden_MarchmontGarden3_MC335,ISOPleasant,0.75,0.42947343,
isd_individual_iso_prediction__isd__tong_style_reduced_xgboost__seed2027,isd_individual_iso_prediction,ISD,dev,ISD_MarchmontGarden_MarchmontGarden3_MC336_R334,ISD_MarchmontGarden_MarchmontGarden3_MC336,ISOPleasant,0.5303,0.4268702,
isd_individual_iso_prediction__isd__tong_style_reduced_xgboost__seed2027,isd_individual_iso_prediction,ISD,dev,ISD_MarchmontGarden_MarchmontGarden3_MC336_R347,ISD_MarchmontGarden_MarchmontGarden3_MC336,ISOPleasant,-0.2071,0.47094962,
isd_individual_iso_prediction__isd__tong_style_reduced_xgboost__seed2027,isd_individual_iso_prediction,ISD,dev,ISD_MarchmontGarden_MarchmontGarden4_MC401_R348,ISD_MarchmontGarden_MarchmontGarden4_MC401,ISOPleasant,0.5,0.522631,
isd_individual_iso_prediction__isd__tong_style_reduced_xgboost__seed2027,isd_individual_iso_prediction,ISD,dev,ISD_MarchmontGarden_MarchmontGarden4_MC402_R349,ISD_MarchmontGarden_MarchmontGarden4_MC402,ISOPleasant,0.7803,0.46651906,
isd_individual_iso_prediction__isd__tong_style_reduced_xgboost__seed2027,isd_individual_iso_prediction,ISD,dev,ISD_MarchmontGarden_MarchmontGarden4_MC402_R350,ISD_MarchmontGarden_MarchmontGarden4_MC402,ISOPleasant,-0.0303,0.46568918,
isd_individual_iso_prediction__isd__tong_style_reduced_xgboost__seed2027,isd_individual_iso_prediction,ISD,dev,ISD_MarchmontGarden_MarchmontGarden4_MC404_R352,ISD_MarchmontGarden_MarchmontGarden4_MC404,ISOPleasant,-0.2071,0.4366768,
isd_individual_iso_prediction__isd__tong_style_reduced_xgboost__seed2027,isd_individual_iso_prediction,ISD,dev,ISD_MarchmontGarden_MarchmontGarden4_MC404_R353,ISD_MarchmontGarden_MarchmontGarden4_MC404,ISOPleasant,0.1768,0.4366768,
isd_individual_iso_prediction__isd__tong_style_reduced_xgboost__seed2027,isd_individual_iso_prediction,ISD,dev,ISD_MarchmontGarden_MarchmontGarden4_MC404_R418,ISD_MarchmontGarden_MarchmontGarden4_MC404,ISOPleasant,0.25,0.41983423,
isd_individual_iso_prediction__isd__tong_style_reduced_xgboost__seed2027,isd_individual_iso_prediction,ISD,dev,ISD_MarchmontGarden_MarchmontGarden4_MC404_R419,ISD_MarchmontGarden_MarchmontGarden4_MC404,ISOPleasant,-0.1036,0.42033526,
isd_individual_iso_prediction__isd__tong_style_reduced_xgboost__seed2027,isd_individual_iso_prediction,ISD,dev,ISD_MarchmontGarden_MarchmontGarden4_MC405_R354,ISD_MarchmontGarden_MarchmontGarden4_MC405,ISOPleasant,0.7071,0.3783645,
isd_individual_iso_prediction__isd__tong_style_reduced_xgboost__seed2027,isd_individual_iso_prediction,ISD,dev,ISD_MarchmontGarden_MarchmontGarden4_MC406_R355,ISD_MarchmontGarden_MarchmontGarden4_MC406,ISOPleasant,0.6339,0.48895985,
isd_individual_iso_prediction__isd__tong_style_reduced_xgboost__seed2027,isd_individual_iso_prediction,ISD,dev,ISD_MarchmontGarden_MarchmontGarden4_MC407_R356,ISD_MarchmontGarden_MarchmontGarden4_MC407,ISOPleasant,0.4571,0.31752205,
isd_individual_iso_prediction__isd__tong_style_reduced_xgboost__seed2027,isd_individual_iso_prediction,ISD,dev,ISD_MarchmontGarden_MarchmontGarden4_MC407_R357,ISD_MarchmontGarden_MarchmontGarden4_MC407,ISOPleasant,0.5,0.3028537,
isd_individual_iso_prediction__isd__tong_style_reduced_xgboost__seed2027,isd_individual_iso_prediction,ISD,dev,ISD_MarchmontGarden_MarchmontGarden4_MC407_R420,ISD_MarchmontGarden_MarchmontGarden4_MC407,ISOPleasant,0.0732,0.2635805,
isd_individual_iso_prediction__isd__tong_style_reduced_xgboost__seed2027,isd_individual_iso_prediction,ISD,dev,ISD_MarchmontGarden_MarchmontGarden4_MC409_R358,ISD_MarchmontGarden_MarchmontGarden4_MC409,ISOPleasant,0.4268,0.3888993,
isd_individual_iso_prediction__isd__tong_style_reduced_xgboost__seed2027,isd_individual_iso_prediction,ISD,dev,ISD_MarchmontGarden_MarchmontGarden4_MC409_R359,ISD_MarchmontGarden_MarchmontGarden4_MC409,ISOPleasant,-0.4571,0.45846418,
isd_individual_iso_prediction__isd__tong_style_reduced_xgboost__seed2027,isd_individual_iso_prediction,ISD,dev,ISD_MarchmontGarden_MarchmontGarden4_MC410_R360,ISD_MarchmontGarden_MarchmontGarden4_MC410,ISOPleasant,0.3536,0.29218474,
isd_individual_iso_prediction__isd__tong_style_reduced_xgboost__seed2027,isd_individual_iso_prediction,ISD,dev,ISD_MarchmontGarden_MarchmontGarden4_MC412_R362,ISD_MarchmontGarden_MarchmontGarden4_MC412,ISOPleasant,0.7071,0.31764913,
isd_individual_iso_prediction__isd__tong_style_reduced_xgboost__seed2027,isd_individual_iso_prediction,ISD,dev,ISD_MarchmontGarden_MarchmontGarden4_MC413_R363,ISD_MarchmontGarden_MarchmontGarden4_MC413,ISOPleasant,0.25,0.4140192,
isd_individual_iso_prediction__isd__tong_style_reduced_xgboost__seed2027,isd_individual_iso_prediction,ISD,dev,ISD_MarchmontGarden_MarchmontGarden4_MC413_R364,ISD_MarchmontGarden_MarchmontGarden4_MC413,ISOPleasant,-0.25,0.38624343,
isd_individual_iso_prediction__isd__tong_style_reduced_xgboost__seed2027,isd_individual_iso_prediction,ISD,dev,ISD_MarchmontGarden_MarchmontGarden4_MC414_R365,ISD_MarchmontGarden_MarchmontGarden4_MC414,ISOPleasant,0.4268,0.5504831,
isd_individual_iso_prediction__isd__tong_style_reduced_xgboost__seed2027,isd_individual_iso_prediction,ISD,dev,ISD_MarchmontGarden_MarchmontGarden4_MC415_R366,ISD_MarchmontGarden_MarchmontGarden4_MC415,ISOPleasant,0.5303,0.45403463,
isd_individual_iso_prediction__isd__tong_style_reduced_xgboost__seed2027,isd_individual_iso_prediction,ISD,dev,ISD_MarchmontGarden_MarchmontGarden4_MC415_R367,ISD_MarchmontGarden_MarchmontGarden4_MC415,ISOPleasant,0.9268,0.36913022,
isd_individual_iso_prediction__isd__tong_style_reduced_xgboost__seed2027,isd_individual_iso_prediction,ISD,dev,ISD_MarchmontGarden_MarchmontGarden4_MC416_R368,ISD_MarchmontGarden_MarchmontGarden4_MC416,ISOPleasant,0.6339,0.43278846,
isd_individual_iso_prediction__isd__tong_style_reduced_xgboost__seed2027,isd_individual_iso_prediction,ISD,dev,ISD_MarchmontGarden_MarchmontGarden4_MC417_R369,ISD_MarchmontGarden_MarchmontGarden4_MC417,ISOPleasant,-0.3107,0.48810294,
isd_individual_iso_prediction__isd__tong_style_reduced_xgboost__seed2027,isd_individual_iso_prediction,ISD,dev,ISD_MarchmontGarden_MarchmontGarden4_MC417_R416,ISD_MarchmontGarden_MarchmontGarden4_MC417,ISOPleasant,-0.8536,0.43182987,
isd_individual_iso_prediction__isd__tong_style_reduced_xgboost__seed2027,isd_individual_iso_prediction,ISD,dev,ISD_MarchmontGarden_MarchmontGarden4_MC418_R417,ISD_MarchmontGarden_MarchmontGarden4_MC418,ISOPleasant,0.3536,0.49058184,
isd_individual_iso_prediction__isd__tong_style_reduced_xgboost__seed2027,isd_individual_iso_prediction,ISD,dev,ISD_PancrasLock_PancrasLock1_PL101_R215,ISD_PancrasLock_PancrasLock1_PL101,ISOPleasant,0.1339,0.4577038,
isd_individual_iso_prediction__isd__tong_style_reduced_xgboost__seed2027,isd_individual_iso_prediction,ISD,dev,ISD_PancrasLock_PancrasLock1_PL102_R216,ISD_PancrasLock_PancrasLock1_PL102,ISOPleasant,-0.75,0.4526981,
isd_individual_iso_prediction__isd__tong_style_reduced_xgboost__seed2027,isd_individual_iso_prediction,ISD,dev,ISD_PancrasLock_PancrasLock1_PL102_R242,ISD_PancrasLock_PancrasLock1_PL102,ISOPleasant,0.4268,0.4526981,
isd_individual_iso_prediction__isd__tong_style_reduced_xgboost__seed2027,isd_individual_iso_prediction,ISD,dev,ISD_PancrasLock_PancrasLock1_PL103_R217,ISD_PancrasLock_PancrasLock1_PL103,ISOPleasant,0.5,0.30766088,
isd_individual_iso_prediction__isd__tong_style_reduced_xgboost__seed2027,isd_individual_iso_prediction,ISD,dev,ISD_PancrasLock_PancrasLock1_PL103_R239,ISD_PancrasLock_PancrasLock1_PL103,ISOPleasant,0.1768,0.35479674,
isd_individual_iso_prediction__isd__tong_style_reduced_xgboost__seed2027,isd_individual_iso_prediction,ISD,dev,ISD_PancrasLock_PancrasLock1_PL105_R219,ISD_PancrasLock_PancrasLock1_PL105,ISOPleasant,0.6339,0.40980706,
isd_individual_iso_prediction__isd__tong_style_reduced_xgboost__seed2027,isd_individual_iso_prediction,ISD,dev,ISD_PancrasLock_PancrasLock1_PL106_R240,ISD_PancrasLock_PancrasLock1_PL106,ISOPleasant,0.3232,0.45279652,
isd_individual_iso_prediction__isd__tong_style_reduced_xgboost__seed2027,isd_individual_iso_prediction,ISD,dev,ISD_PancrasLock_PancrasLock1_PL107_R220,ISD_PancrasLock_PancrasLock1_PL107,ISOPleasant,0.6339,0.39421108,
isd_individual_iso_prediction__isd__tong_style_reduced_xgboost__seed2027,isd_individual_iso_prediction,ISD,dev,ISD_PancrasLock_PancrasLock1_PL107_R232,ISD_PancrasLock_PancrasLock1_PL107,ISOPleasant,0.4571,0.46647218,
isd_individual_iso_prediction__isd__tong_style_reduced_xgboost__seed2027,isd_individual_iso_prediction,ISD,dev,ISD_PancrasLock_PancrasLock1_PL107_R233,ISD_PancrasLock_PancrasLock1_PL107,ISOPleasant,0.0429,0.4476634,
isd_individual_iso_prediction__isd__tong_style_reduced_xgboost__seed2027,isd_individual_iso_prediction,ISD,dev,ISD_PancrasLock_PancrasLock1_PL107_R234,ISD_PancrasLock_PancrasLock1_PL107,ISOPleasant,0.2803,0.47013068,
isd_individual_iso_prediction__isd__tong_style_reduced_xgboost__seed2027,isd_individual_iso_prediction,ISD,dev,ISD_PancrasLock_PancrasLock1_PL107_R235,ISD_PancrasLock_PancrasLock1_PL107,ISOPleasant,0.8536,0.47013068,
isd_individual_iso_prediction__isd__tong_style_reduced_xgboost__seed2027,isd_individual_iso_prediction,ISD,dev,ISD_PancrasLock_PancrasLock1_PL107_R236,ISD_PancrasLock_PancrasLock1_PL107,ISOPleasant,0.2071,0.3935205,
isd_individual_iso_prediction__isd__tong_style_reduced_xgboost__seed2027,isd_individual_iso_prediction,ISD,dev,ISD_PancrasLock_PancrasLock1_PL107_R237,ISD_PancrasLock_PancrasLock1_PL107,ISOPleasant,0.2803,0.45262256,
isd_individual_iso_prediction__isd__tong_style_reduced_xgboost__seed2027,isd_individual_iso_prediction,ISD,dev,ISD_PancrasLock_PancrasLock1_PL107_R243,ISD_PancrasLock_PancrasLock1_PL107,ISOPleasant,-0.1161,0.45262256,
isd_individual_iso_prediction__isd__tong_style_reduced_xgboost__seed2027,isd_individual_iso_prediction,ISD,dev,ISD_PancrasLock_PancrasLock1_PL107_R244,ISD_PancrasLock_PancrasLock1_PL107,ISOPleasant,0.0,0.44551733,
isd_individual_iso_prediction__isd__tong_style_reduced_xgboost__seed2027,isd_individual_iso_prediction,ISD,dev,ISD_PancrasLock_PancrasLock1_PL107_R246,ISD_PancrasLock_PancrasLock1_PL107,ISOPleasant,0.7071,0.3498614,
isd_individual_iso_prediction__isd__tong_style_reduced_xgboost__seed2027,isd_individual_iso_prediction,ISD,dev,ISD_PancrasLock_PancrasLock1_PL107_R247,ISD_PancrasLock_PancrasLock1_PL107,ISOPleasant,0.4268,0.44882777,
isd_individual_iso_prediction__isd__tong_style_reduced_xgboost__seed2027,isd_individual_iso_prediction,ISD,dev,ISD_PancrasLock_PancrasLock1_PL107_R248,ISD_PancrasLock_PancrasLock1_PL107,ISOPleasant,0.1768,0.46647218,
isd_individual_iso_prediction__isd__tong_style_reduced_xgboost__seed2027,isd_individual_iso_prediction,ISD,dev,ISD_PancrasLock_PancrasLock1_PL107_R249,ISD_PancrasLock_PancrasLock1_PL107,ISOPleasant,0.3536,0.3935205,
isd_individual_iso_prediction__isd__tong_style_reduced_xgboost__seed2027,isd_individual_iso_prediction,ISD,dev,ISD_PancrasLock_PancrasLock1_PL107_R250,ISD_PancrasLock_PancrasLock1_PL107,ISOPleasant,0.3232,0.47148833,
isd_individual_iso_prediction__isd__tong_style_reduced_xgboost__seed2027,isd_individual_iso_prediction,ISD,dev,ISD_PancrasLock_PancrasLock1_PL107_R251,ISD_PancrasLock_PancrasLock1_PL107,ISOPleasant,0.1339,0.47013068,
isd_individual_iso_prediction__isd__tong_style_reduced_xgboost__seed2027,isd_individual_iso_prediction,ISD,dev,ISD_PancrasLock_PancrasLock1_PL107_R252,ISD_PancrasLock_PancrasLock1_PL107,ISOPleasant,0.1768,0.3498614,
isd_individual_iso_prediction__isd__tong_style_reduced_xgboost__seed2027,isd_individual_iso_prediction,ISD,dev,ISD_PancrasLock_PancrasLock1_PL107_R253,ISD_PancrasLock_PancrasLock1_PL107,ISOPleasant,-0.2803,0.34606662,
isd_individual_iso_prediction__isd__tong_style_reduced_xgboost__seed2027,isd_individual_iso_prediction,ISD,dev,ISD_PancrasLock_PancrasLock1_PL107_R254,ISD_PancrasLock_PancrasLock1_PL107,ISOPleasant,-0.25,0.45262256,
isd_individual_iso_prediction__isd__tong_style_reduced_xgboost__seed2027,isd_individual_iso_prediction,ISD,dev,ISD_PancrasLock_PancrasLock1_PL107_R255,ISD_PancrasLock_PancrasLock1_PL107,ISOPleasant,-0.3536,0.44882777,
isd_individual_iso_prediction__isd__tong_style_reduced_xgboost__seed2027,isd_individual_iso_prediction,ISD,dev,ISD_PancrasLock_PancrasLock1_PL107_R256,ISD_PancrasLock_PancrasLock1_PL107,ISOPleasant,0.2071,0.47013068,
isd_individual_iso_prediction__isd__tong_style_reduced_xgboost__seed2027,isd_individual_iso_prediction,ISD,dev,ISD_PancrasLock_PancrasLock1_PL107_R257,ISD_PancrasLock_PancrasLock1_PL107,ISOPleasant,-0.4268,0.35134342,
isd_individual_iso_prediction__isd__tong_style_reduced_xgboost__seed2027,isd_individual_iso_prediction,ISD,dev,ISD_PancrasLock_PancrasLock1_PL107_R258,ISD_PancrasLock_PancrasLock1_PL107,ISOPleasant,0.75,0.3232091,
isd_individual_iso_prediction__isd__tong_style_reduced_xgboost__seed2027,isd_individual_iso_prediction,ISD,dev,ISD_PancrasLock_PancrasLock1_PL107_R259,ISD_PancrasLock_PancrasLock1_PL107,ISOPleasant,-0.0303,0.47013068,
isd_individual_iso_prediction__isd__tong_style_reduced_xgboost__seed2027,isd_individual_iso_prediction,ISD,dev,ISD_PancrasLock_PancrasLock1_PL107_R260,ISD_PancrasLock_PancrasLock1_PL107,ISOPleasant,0.0,0.36736953,
isd_individual_iso_prediction__isd__tong_style_reduced_xgboost__seed2027,isd_individual_iso_prediction,ISD,dev,ISD_PancrasLock_PancrasLock1_PL107_R261,ISD_PancrasLock_PancrasLock1_PL107,ISOPleasant,0.0,0.46682024,
isd_individual_iso_prediction__isd__tong_style_reduced_xgboost__seed2027,isd_individual_iso_prediction,ISD,dev,ISD_PancrasLock_PancrasLock1_PL108_R221,ISD_PancrasLock_PancrasLock1_PL108,ISOPleasant,-0.5,0.45599508,
isd_individual_iso_prediction__isd__tong_style_reduced_xgboost__seed2027,isd_individual_iso_prediction,ISD,dev,ISD_PancrasLock_PancrasLock1_PL108_R238,ISD_PancrasLock_PancrasLock1_PL108,ISOPleasant,0.5303,0.37950474,
isd_individual_iso_prediction__isd__tong_style_reduced_xgboost__seed2027,isd_individual_iso_prediction,ISD,dev,ISD_PancrasLock_PancrasLock1_PL109_R222,ISD_PancrasLock_PancrasLock1_PL109,ISOPleasant,0.0732,0.44649294,
isd_individual_iso_prediction__isd__tong_style_reduced_xgboost__seed2027,isd_individual_iso_prediction,ISD,dev,ISD_PancrasLock_PancrasLock1_PL112_R224,ISD_PancrasLock_PancrasLock1_PL112,ISOPleasant,0.2071,0.40968007,
isd_individual_iso_prediction__isd__tong_style_reduced_xgboost__seed2027,isd_individual_iso_prediction,ISD,dev,ISD_PancrasLock_PancrasLock1_PL114_R226,ISD_PancrasLock_PancrasLock1_PL114,ISOPleasant,0.0732,0.29334292,
isd_individual_iso_prediction__isd__tong_style_reduced_xgboost__seed2027,isd_individual_iso_prediction,ISD,dev,ISD_PancrasLock_PancrasLock1_PL114_R267,ISD_PancrasLock_PancrasLock1_PL114,ISOPleasant,0.5303,0.3837051,
isd_individual_iso_prediction__isd__tong_style_reduced_xgboost__seed2027,isd_individual_iso_prediction,ISD,dev,ISD_PancrasLock_PancrasLock1_PL116_R228,ISD_PancrasLock_PancrasLock1_PL116,ISOPleasant,-0.1768,0.27408126,
isd_individual_iso_prediction__isd__tong_style_reduced_xgboost__seed2027,isd_individual_iso_prediction,ISD,dev,ISD_PancrasLock_PancrasLock1_PL116_R263,ISD_PancrasLock_PancrasLock1_PL116,ISOPleasant,-0.25,0.3169583,
isd_individual_iso_prediction__isd__tong_style_reduced_xgboost__seed2027,isd_individual_iso_prediction,ISD,dev,ISD_PancrasLock_PancrasLock1_PL119_R230,ISD_PancrasLock_PancrasLock1_PL119,ISOPleasant,0.3964,0.2893551,
isd_individual_iso_prediction__isd__tong_style_reduced_xgboost__seed2027,isd_individual_iso_prediction,ISD,dev,ISD_PancrasLock_PancrasLock1_PL119_R266,ISD_PancrasLock_PancrasLock1_PL119,ISOPleasant,-0.25,0.40947998,
isd_individual_iso_prediction__isd__tong_style_reduced_xgboost__seed2027,isd_individual_iso_prediction,ISD,dev,ISD_PancrasLock_PancrasLock1_PL120_R231,ISD_PancrasLock_PancrasLock1_PL120,ISOPleasant,-0.0732,0.36233583,
isd_individual_iso_prediction__isd__tong_style_reduced_xgboost__seed2027,isd_individual_iso_prediction,ISD,dev,ISD_PancrasLock_PancrasLock1_PL120_R262,ISD_PancrasLock_PancrasLock1_PL120,ISOPleasant,0.7071,0.31873927,
isd_individual_iso_prediction__isd__tong_style_reduced_xgboost__seed2027,isd_individual_iso_prediction,ISD,dev,ISD_PancrasLock_PancrasLock2_PL201_R371,ISD_PancrasLock_PancrasLock2_PL201,ISOPleasant,0.6768,0.2882762,
isd_individual_iso_prediction__isd__tong_style_reduced_xgboost__seed2027,isd_individual_iso_prediction,ISD,dev,ISD_PancrasLock_PancrasLock2_PL202_R409,ISD_PancrasLock_PancrasLock2_PL202,ISOPleasant,0.3839,0.2821029,
isd_individual_iso_prediction__isd__tong_style_reduced_xgboost__seed2027,isd_individual_iso_prediction,ISD,dev,ISD_PancrasLock_PancrasLock2_PL203_R372,ISD_PancrasLock_PancrasLock2_PL203,ISOPleasant,-0.3536,0.31912568,
isd_individual_iso_prediction__isd__tong_style_reduced_xgboost__seed2027,isd_individual_iso_prediction,ISD,dev,ISD_PancrasLock_PancrasLock2_PL203_R373,ISD_PancrasLock_PancrasLock2_PL203,ISOPleasant,-0.2929,0.36281833,
isd_individual_iso_prediction__isd__tong_style_reduced_xgboost__seed2027,isd_individual_iso_prediction,ISD,dev,ISD_PancrasLock_PancrasLock2_PL205_R411,ISD_PancrasLock_PancrasLock2_PL205,ISOPleasant,-0.1464,0.33733574,
isd_individual_iso_prediction__isd__tong_style_reduced_xgboost__seed2027,isd_individual_iso_prediction,ISD,dev,ISD_PancrasLock_PancrasLock2_PL206_R413,ISD_PancrasLock_PancrasLock2_PL206,ISOPleasant,0.9268,0.40263593,
isd_individual_iso_prediction__isd__tong_style_reduced_xgboost__seed2027,isd_individual_iso_prediction,ISD,dev,ISD_PancrasLock_PancrasLock2_PL209_R374,ISD_PancrasLock_PancrasLock2_PL209,ISOPleasant,0.5,0.37235034,
isd_individual_iso_prediction__isd__tong_style_reduced_xgboost__seed2027,isd_individual_iso_prediction,ISD,dev,ISD_PancrasLock_PancrasLock2_PL209_R414,ISD_PancrasLock_PancrasLock2_PL209,ISOPleasant,0.1768,0.4378131,
isd_individual_iso_prediction__isd__tong_style_reduced_xgboost__seed2027,isd_individual_iso_prediction,ISD,dev,ISD_PancrasLock_PancrasLock2_PL210_R375,ISD_PancrasLock_PancrasLock2_PL210,ISOPleasant,0.4268,0.37656915,
isd_individual_iso_prediction__isd__tong_style_reduced_xgboost__seed2027,isd_individual_iso_prediction,ISD,dev,ISD_PancrasLock_PancrasLock2_PL211_R376,ISD_PancrasLock_PancrasLock2_PL211,ISOPleasant,0.5303,0.36069545,
isd_individual_iso_prediction__isd__tong_style_reduced_xgboost__seed2027,isd_individual_iso_prediction,ISD,dev,ISD_PancrasLock_PancrasLock2_PL211_R397,ISD_PancrasLock_PancrasLock2_PL211,ISOPleasant,0.5732,0.2438801,
isd_individual_iso_prediction__isd__tong_style_reduced_xgboost__seed2027,isd_individual_iso_prediction,ISD,dev,ISD_PancrasLock_PancrasLock2_PL213_R378,ISD_PancrasLock_PancrasLock2_PL213,ISOPleasant,0.6036,0.33748323,
isd_individual_iso_prediction__isd__tong_style_reduced_xgboost__seed2027,isd_individual_iso_prediction,ISD,dev,ISD_PancrasLock_PancrasLock2_PL215_R379,ISD_PancrasLock_PancrasLock2_PL215,ISOPleasant,-0.0126,0.36480826,
isd_individual_iso_prediction__isd__tong_style_reduced_xgboost__seed2027,isd_individual_iso_prediction,ISD,dev,ISD_PancrasLock_PancrasLock2_PL215_R401,ISD_PancrasLock_PancrasLock2_PL215,ISOPleasant,0.0303,0.33973867,
isd_individual_iso_prediction__isd__tong_style_reduced_xgboost__seed2027,isd_individual_iso_prediction,ISD,dev,ISD_PancrasLock_PancrasLock2_PL216_R380,ISD_PancrasLock_PancrasLock2_PL216,ISOPleasant,-0.25,0.19043839,
isd_individual_iso_prediction__isd__tong_style_reduced_xgboost__seed2027,isd_individual_iso_prediction,ISD,dev,ISD_PancrasLock_PancrasLock2_PL216_R398,ISD_PancrasLock_PancrasLock2_PL216,ISOPleasant,0.9268,0.2626328,
isd_individual_iso_prediction__isd__tong_style_reduced_xgboost__seed2027,isd_individual_iso_prediction,ISD,dev,ISD_PancrasLock_PancrasLock2_PL217_R381,ISD_PancrasLock_PancrasLock2_PL217,ISOPleasant,0.3536,0.35097182,
isd_individual_iso_prediction__isd__tong_style_reduced_xgboost__seed2027,isd_individual_iso_prediction,ISD,dev,ISD_PancrasLock_PancrasLock2_PL217_R402,ISD_PancrasLock_PancrasLock2_PL217,ISOPleasant,0.6464,0.40914425,
isd_individual_iso_prediction__isd__tong_style_reduced_xgboost__seed2027,isd_individual_iso_prediction,ISD,dev,ISD_PancrasLock_PancrasLock2_PL218_R382,ISD_PancrasLock_PancrasLock2_PL218,ISOPleasant,0.0429,0.44626772,
isd_individual_iso_prediction__isd__tong_style_reduced_xgboost__seed2027,isd_individual_iso_prediction,ISD,dev,ISD_PancrasLock_PancrasLock2_PL218_R408,ISD_PancrasLock_PancrasLock2_PL218,ISOPleasant,0.6768,0.4491845,
isd_individual_iso_prediction__isd__tong_style_reduced_xgboost__seed2027,isd_individual_iso_prediction,ISD,dev,ISD_PancrasLock_PancrasLock2_PL219_R383,ISD_PancrasLock_PancrasLock2_PL219,ISOPleasant,0.7197,0.3912503,
isd_individual_iso_prediction__isd__tong_style_reduced_xgboost__seed2027,isd_individual_iso_prediction,ISD,dev,ISD_PancrasLock_PancrasLock2_PL220_R407,ISD_PancrasLock_PancrasLock2_PL220,ISOPleasant,0.6036,0.38287303,
isd_individual_iso_prediction__isd__tong_style_reduced_xgboost__seed2027,isd_individual_iso_prediction,ISD,dev,ISD_PancrasLock_PancrasLock2_PL221_R384,ISD_PancrasLock_PancrasLock2_PL221,ISOPleasant,-0.0303,0.42790893,
isd_individual_iso_prediction__isd__tong_style_reduced_xgboost__seed2027,isd_individual_iso_prediction,ISD,dev,ISD_PancrasLock_PancrasLock2_PL222_R385,ISD_PancrasLock_PancrasLock2_PL222,ISOPleasant,0.25,0.40674067,
isd_individual_iso_prediction__isd__tong_style_reduced_xgboost__seed2027,isd_individual_iso_prediction,ISD,dev,ISD_PancrasLock_PancrasLock2_PL224_R387,ISD_PancrasLock_PancrasLock2_PL224,ISOPleasant,0.1464,0.4018307,
isd_individual_iso_prediction__isd__tong_style_reduced_xgboost__seed2027,isd_individual_iso_prediction,ISD,dev,ISD_PancrasLock_PancrasLock2_PL227_R389,ISD_PancrasLock_PancrasLock2_PL227,ISOPleasant,0.5303,0.350389,
isd_individual_iso_prediction__isd__tong_style_reduced_xgboost__seed2027,isd_individual_iso_prediction,ISD,dev,ISD_PancrasLock_PancrasLock2_PL228_R390,ISD_PancrasLock_PancrasLock2_PL228,ISOPleasant,0.6339,0.32369202,
isd_individual_iso_prediction__isd__tong_style_reduced_xgboost__seed2027,isd_individual_iso_prediction,ISD,dev,ISD_PancrasLock_PancrasLock2_PL230_R392,ISD_PancrasLock_PancrasLock2_PL230,ISOPleasant,-0.5,0.3193889,
isd_individual_iso_prediction__isd__tong_style_reduced_xgboost__seed2027,isd_individual_iso_prediction,ISD,dev,ISD_PancrasLock_PancrasLock2_PL231_R393,ISD_PancrasLock_PancrasLock2_PL231,ISOPleasant,0.4571,0.4334944,
isd_individual_iso_prediction__isd__tong_style_reduced_xgboost__seed2027,isd_individual_iso_prediction,ISD,dev,ISD_PancrasLock_PancrasLock2_PL231_R405,ISD_PancrasLock_PancrasLock2_PL231,ISOPleasant,0.5,0.4334944,
isd_individual_iso_prediction__isd__tong_style_reduced_xgboost__seed2027,isd_individual_iso_prediction,ISD,dev,ISD_PancrasLock_PancrasLock2_PL234_R395,ISD_PancrasLock_PancrasLock2_PL234,ISOPleasant,0.3536,0.34123197,
isd_individual_iso_prediction__isd__tong_style_reduced_xgboost__seed2027,isd_individual_iso_prediction,ISD,dev,ISD_OlympicSquare_OlympicSquare4_OSQ4026_RZHH01,ISD_OlympicSquare_OlympicSquare4_OSQ4026,ISOPleasant,0.6768,0.22068274,
isd_individual_iso_prediction__isd__tong_style_reduced_xgboost__seed2027,isd_individual_iso_prediction,ISD,dev,ISD_OlympicSquare_OlympicSquare4_OSQ4027_RZHH02,ISD_OlympicSquare_OlympicSquare4_OSQ4027,ISOPleasant,0.8232,0.26571208,
isd_individual_iso_prediction__isd__tong_style_reduced_xgboost__seed2027,isd_individual_iso_prediction,ISD,dev,ISD_OlympicSquare_OlympicSquare4_OSQ4028_RZHH03,ISD_OlympicSquare_OlympicSquare4_OSQ4028,ISOPleasant,0.4268,0.28035104,
isd_individual_iso_prediction__isd__tong_style_reduced_xgboost__seed2027,isd_individual_iso_prediction,ISD,dev,ISD_OlympicSquare_OlympicSquare4_OSQ4029_RZHH04,ISD_OlympicSquare_OlympicSquare4_OSQ4029,ISOPleasant,0.6036,0.22552875,
isd_individual_iso_prediction__isd__tong_style_reduced_xgboost__seed2027,isd_individual_iso_prediction,ISD,dev,ISD_OlympicSquare_OlympicSquare4_OSQ4030_RZHH05,ISD_OlympicSquare_OlympicSquare4_OSQ4030,ISOPleasant,0.4268,0.27558672,
isd_individual_iso_prediction__isd__tong_style_reduced_xgboost__seed2027,isd_individual_iso_prediction,ISD,dev,ISD_OlympicSquare_OlympicSquare4_OSQ4031_RZHH06,ISD_OlympicSquare_OlympicSquare4_OSQ4031,ISOPleasant,0.0,0.2125365,
isd_individual_iso_prediction__isd__tong_style_reduced_xgboost__seed2027,isd_individual_iso_prediction,ISD,dev,ISD_OlympicSquare_OlympicSquare4_OSQ4032_RZHH07,ISD_OlympicSquare_OlympicSquare4_OSQ4032,ISOPleasant,0.2197,0.2125365,
isd_individual_iso_prediction__isd__tong_style_reduced_xgboost__seed2027,isd_individual_iso_prediction,ISD,dev,ISD_OlympicSquare_OlympicSquare4_OSQ4033_RZHH08,ISD_OlympicSquare_OlympicSquare4_OSQ4033,ISOPleasant,0.0429,0.27753976,
isd_individual_iso_prediction__isd__tong_style_reduced_xgboost__seed2027,isd_individual_iso_prediction,ISD,dev,ISD_OlympicSquare_OlympicSquare4_OSQ4034_RZHH09,ISD_OlympicSquare_OlympicSquare4_OSQ4034,ISOPleasant,0.25,0.24343303,
isd_individual_iso_prediction__isd__tong_style_reduced_xgboost__seed2027,isd_individual_iso_prediction,ISD,dev,ISD_OlympicSquare_OlympicSquare4_OSQ4035_RZHH10,ISD_OlympicSquare_OlympicSquare4_OSQ4035,ISOPleasant,-0.0429,0.23463604,
isd_individual_iso_prediction__isd__tong_style_reduced_xgboost__seed2027,isd_individual_iso_prediction,ISD,dev,ISD_OlympicSquare_OlympicSquare4_OSQ4036_RZHH11,ISD_OlympicSquare_OlympicSquare4_OSQ4036,ISOPleasant,0.0429,0.17361137,
isd_individual_iso_prediction__isd__tong_style_reduced_xgboost__seed2027,isd_individual_iso_prediction,ISD,dev,ISD_OlympicSquare_OlympicSquare4_OSQ4037_RZHH12,ISD_OlympicSquare_OlympicSquare4_OSQ4037,ISOPleasant,0.2197,0.17156996,
isd_individual_iso_prediction__isd__tong_style_reduced_xgboost__seed2027,isd_individual_iso_prediction,ISD,dev,ISD_OlympicSquare_OlympicSquare4_OSQ4038_RZHH13,ISD_OlympicSquare_OlympicSquare4_OSQ4038,ISOPleasant,0.5,0.20346613,
isd_individual_iso_prediction__isd__tong_style_reduced_xgboost__seed2027,isd_individual_iso_prediction,ISD,dev,ISD_OlympicSquare_OlympicSquare4_OSQ4039_RZZY01,ISD_OlympicSquare_OlympicSquare4_OSQ4039,ISOPleasant,0.6464,0.25363338,
isd_individual_iso_prediction__isd__tong_style_reduced_xgboost__seed2027,isd_individual_iso_prediction,ISD,dev,ISD_OlympicSquare_OlympicSquare4_OSQ4040_RZZY03,ISD_OlympicSquare_OlympicSquare4_OSQ4040,ISOPleasant,0.5303,0.23705652,
isd_individual_iso_prediction__isd__tong_style_reduced_xgboost__seed2027,isd_individual_iso_prediction,ISD,dev,ISD_OlympicSquare_OlympicSquare4_OSQ4041_RZRN01,ISD_OlympicSquare_OlympicSquare4_OSQ4041,ISOPleasant,0.5,0.21642503,
isd_individual_iso_prediction__isd__tong_style_reduced_xgboost__seed2027,isd_individual_iso_prediction,ISD,dev,ISD_OlympicSquare_OlympicSquare4_OSQ4042_RZRN02,ISD_OlympicSquare_OlympicSquare4_OSQ4042,ISOPleasant,0.0732,0.3161858,
isd_individual_iso_prediction__isd__tong_style_reduced_xgboost__seed2027,isd_individual_iso_prediction,ISD,dev,ISD_OlympicSquare_OlympicSquare4_OSQ4043_RZRN03,ISD_OlympicSquare_OlympicSquare4_OSQ4043,ISOPleasant,0.0,0.2125365,
isd_individual_iso_prediction__isd__tong_style_reduced_xgboost__seed2027,isd_individual_iso_prediction,ISD,dev,ISD_OlympicSquare_OlympicSquare4_OSQ4044_RZRN04,ISD_OlympicSquare_OlympicSquare4_OSQ4044,ISOPleasant,0.2197,0.21502282,
isd_individual_iso_prediction__isd__tong_style_reduced_xgboost__seed2027,isd_individual_iso_prediction,ISD,dev,ISD_OlympicSquare_OlympicSquare4_OSQ4045_RZRN05,ISD_OlympicSquare_OlympicSquare4_OSQ4045,ISOPleasant,0.25,0.1852754,
isd_individual_iso_prediction__isd__tong_style_reduced_xgboost__seed2027,isd_individual_iso_prediction,ISD,dev,ISD_OlympicSquare_OlympicSquare4_OSQ4046_RZRN06,ISD_OlympicSquare_OlympicSquare4_OSQ4046,ISOPleasant,0.7803,0.1852754,
isd_individual_iso_prediction__isd__tong_style_reduced_xgboost__seed2027,isd_individual_iso_prediction,ISD,dev,ISD_OlympicSquare_OlympicSquare4_OSQ4047_RZRN07,ISD_OlympicSquare_OlympicSquare4_OSQ4047,ISOPleasant,0.1036,0.21415102,
isd_individual_iso_prediction__isd__tong_style_reduced_xgboost__seed2027,isd_individual_iso_prediction,ISD,dev,ISD_OlympicSquare_OlympicSquare4_OSQ4049_RLM02,ISD_OlympicSquare_OlympicSquare4_OSQ4049,ISOPleasant,0.5,0.14481245,
isd_individual_iso_prediction__isd__tong_style_reduced_xgboost__seed2027,isd_individual_iso_prediction,ISD,dev,ISD_OlympicSquare_OlympicSquare4_OSQ4050_RLM03,ISD_OlympicSquare_OlympicSquare4_OSQ4050,ISOPleasant,-0.1036,0.1976197,
isd_individual_iso_prediction__isd__tong_style_reduced_xgboost__seed2027,isd_individual_iso_prediction,ISD,dev,ISD_OlympicSquare_OlympicSquare4_OSQ4051_RLM04,ISD_OlympicSquare_OlympicSquare4_OSQ4051,ISOPleasant,0.0303,0.12359007,
isd_individual_iso_prediction__isd__tong_style_reduced_xgboost__seed2027,isd_individual_iso_prediction,ISD,dev,ISD_OlympicSquare_OlympicSquare4_OSQ4052_RLM05,ISD_OlympicSquare_OlympicSquare4_OSQ4052,ISOPleasant,0.5,0.29122728,
isd_individual_iso_prediction__isd__tong_style_reduced_xgboost__seed2027,isd_individual_iso_prediction,ISD,dev,ISD_OlympicSquare_OlympicSquare4_OSQ4053_RLM06,ISD_OlympicSquare_OlympicSquare4_OSQ4053,ISOPleasant,0.3536,0.068344824,
isd_individual_iso_prediction__isd__tong_style_reduced_xgboost__seed2027,isd_individual_iso_prediction,ISD,dev,ISD_OlympicSquare_OlympicSquare4_OSQ4054_RLM07,ISD_OlympicSquare_OlympicSquare4_OSQ4054,ISOPleasant,0.3536,0.31565386,
isd_individual_iso_prediction__isd__tong_style_reduced_xgboost__seed2027,isd_individual_iso_prediction,ISD,dev,ISD_OlympicSquare_OlympicSquare4_OSQ4056_RLM09,ISD_OlympicSquare_OlympicSquare4_OSQ4056,ISOPleasant,0.3839,0.09548618,
isd_individual_iso_prediction__isd__tong_style_reduced_xgboost__seed2027,isd_individual_iso_prediction,ISD,dev,ISD_OlympicSquare_OlympicSquare4_OSQ4057_RLM10,ISD_OlympicSquare_OlympicSquare4_OSQ4057,ISOPleasant,0.4268,0.07725843,
isd_individual_iso_prediction__isd__tong_style_reduced_xgboost__seed2027,isd_individual_iso_prediction,ISD,dev,ISD_OlympicSquare_OlympicSquare4_OSQ4082_RLR01,ISD_OlympicSquare_OlympicSquare4_OSQ4082,ISOPleasant,0.6768,0.1778503,
isd_individual_iso_prediction__isd__tong_style_reduced_xgboost__seed2027,isd_individual_iso_prediction,ISD,dev,ISD_OlympicSquare_OlympicSquare4_OSQ4084_RLR03,ISD_OlympicSquare_OlympicSquare4_OSQ4084,ISOPleasant,0.3107,0.2879016,
isd_individual_iso_prediction__isd__tong_style_reduced_xgboost__seed2027,isd_individual_iso_prediction,ISD,dev,ISD_OlympicSquare_OlympicSquare4_OSQ4085_RLR04,ISD_OlympicSquare_OlympicSquare4_OSQ4085,ISOPleasant,0.5,0.16030389,
isd_individual_iso_prediction__isd__tong_style_reduced_xgboost__seed2027,isd_individual_iso_prediction,ISD,dev,ISD_OlympicSquare_OlympicSquare4_OSQ4086_RLR05,ISD_OlympicSquare_OlympicSquare4_OSQ4086,ISOPleasant,0.4268,0.14320484,
isd_individual_iso_prediction__isd__tong_style_reduced_xgboost__seed2027,isd_individual_iso_prediction,ISD,dev,ISD_OlympicSquare_OlympicSquare4_OSQ4087_RLR06,ISD_OlympicSquare_OlympicSquare4_OSQ4087,ISOPleasant,0.4268,0.23599866,
isd_individual_iso_prediction__isd__tong_style_reduced_xgboost__seed2027,isd_individual_iso_prediction,ISD,dev,ISD_OlympicSquare_OlympicSquare4_OSQ4088_RLR07,ISD_OlympicSquare_OlympicSquare4_OSQ4088,ISOPleasant,0.25,0.35741982,
isd_individual_iso_prediction__isd__tong_style_reduced_xgboost__seed2027,isd_individual_iso_prediction,ISD,dev,ISD_OlympicSquare_OlympicSquare4_OSQ4089_RLR08,ISD_OlympicSquare_OlympicSquare4_OSQ4089,ISOPleasant,0.0303,0.064378396,
isd_individual_iso_prediction__isd__tong_style_reduced_xgboost__seed2027,isd_individual_iso_prediction,ISD,dev,ISD_OlympicSquare_OlympicSquare4_OSQ4090_RLR09,ISD_OlympicSquare_OlympicSquare4_OSQ4090,ISOPleasant,0.5,0.12647907,
isd_individual_iso_prediction__isd__tong_style_reduced_xgboost__seed2027,isd_individual_iso_prediction,ISD,dev,ISD_OlympicSquare_OlympicSquare4_OSQ4091_RLR10,ISD_OlympicSquare_OlympicSquare4_OSQ4091,ISOPleasant,0.1036,0.20099273,
isd_individual_iso_prediction__isd__tong_style_reduced_xgboost__seed2027,isd_individual_iso_prediction,ISD,dev,ISD_OlympicSquare_OlympicSquare4_OSQ4092_RLQ01,ISD_OlympicSquare_OlympicSquare4_OSQ4092,ISOPleasant,0.3536,0.34094208,
isd_individual_iso_prediction__isd__tong_style_reduced_xgboost__seed2027,isd_individual_iso_prediction,ISD,dev,ISD_OlympicSquare_OlympicSquare4_OSQ4094_RLQ03,ISD_OlympicSquare_OlympicSquare4_OSQ4094,ISOPleasant,0.2197,0.1681022,
isd_individual_iso_prediction__isd__tong_style_reduced_xgboost__seed2027,isd_individual_iso_prediction,ISD,dev,ISD_OlympicSquare_OlympicSquare4_OSQ4095_RLQ04,ISD_OlympicSquare_OlympicSquare4_OSQ4095,ISOPleasant,0.5,0.19618736,
isd_individual_iso_prediction__isd__tong_style_reduced_xgboost__seed2027,isd_individual_iso_prediction,ISD,dev,ISD_OlympicSquare_OlympicSquare4_OSQ4096_RLQ05,ISD_OlympicSquare_OlympicSquare4_OSQ4096,ISOPleasant,0.5,0.07205608,
isd_individual_iso_prediction__isd__tong_style_reduced_xgboost__seed2027,isd_individual_iso_prediction,ISD,dev,ISD_OlympicSquare_OlympicSquare4_OSQ4097_RLQ06,ISD_OlympicSquare_OlympicSquare4_OSQ4097,ISOPleasant,0.6464,0.16719283,
isd_individual_iso_prediction__isd__tong_style_reduced_xgboost__seed2027,isd_individual_iso_prediction,ISD,dev,ISD_OlympicSquare_OlympicSquare4_OSQ4098_RLQ07,ISD_OlympicSquare_OlympicSquare4_OSQ4098,ISOPleasant,0.0,0.1469267,
isd_individual_iso_prediction__isd__tong_style_reduced_xgboost__seed2027,isd_individual_iso_prediction,ISD,dev,ISD_OlympicSquare_OlympicSquare4_OSQ4099_RLQ08,ISD_OlympicSquare_OlympicSquare4_OSQ4099,ISOPleasant,0.5,0.12237936,
isd_individual_iso_prediction__isd__tong_style_reduced_xgboost__seed2027,isd_individual_iso_prediction,ISD,dev,ISD_OlympicSquare_OlympicSquare4_OSQ4100_RLQ09,ISD_OlympicSquare_OlympicSquare4_OSQ4100,ISOPleasant,0.5,0.14013785,
isd_individual_iso_prediction__isd__tong_style_reduced_xgboost__seed2027,isd_individual_iso_prediction,ISD,dev,ISD_OlympicSquare_OlympicSquare4_OSQ4101_RHYY01,ISD_OlympicSquare_OlympicSquare4_OSQ4101,ISOPleasant,0.25,0.12707801,
isd_individual_iso_prediction__isd__tong_style_reduced_xgboost__seed2027,isd_individual_iso_prediction,ISD,dev,ISD_OlympicSquare_OlympicSquare4_OSQ4102_RHYY02,ISD_OlympicSquare_OlympicSquare4_OSQ4102,ISOPleasant,0.3232,0.13524069,
isd_individual_iso_prediction__isd__tong_style_reduced_xgboost__seed2027,isd_individual_iso_prediction,ISD,test,ISD_SanMarco_SanMarco1_AM06_R30,ISD_SanMarco_SanMarco1_AM06,ISOPleasant,0.1768,0.19214614,
isd_individual_iso_prediction__isd__tong_style_reduced_xgboost__seed2027,isd_individual_iso_prediction,ISD,test,ISD_SanMarco_SanMarco1_AM06_R31,ISD_SanMarco_SanMarco1_AM06,ISOPleasant,0.1768,0.31299847,
isd_individual_iso_prediction__isd__tong_style_reduced_xgboost__seed2027,isd_individual_iso_prediction,ISD,test,ISD_SanMarco_SanMarco1_AM07_R32,ISD_SanMarco_SanMarco1_AM07,ISOPleasant,0.7071,0.20101255,
isd_individual_iso_prediction__isd__tong_style_reduced_xgboost__seed2027,isd_individual_iso_prediction,ISD,test,ISD_PlazaBibRambla_PlazaBibRambla1_BIB11_R1457,ISD_PlazaBibRambla_PlazaBibRambla1_BIB11,ISOPleasant,0.2071,0.5079044,
isd_individual_iso_prediction__isd__tong_style_reduced_xgboost__seed2027,isd_individual_iso_prediction,ISD,test,ISD_PlazaBibRambla_PlazaBibRambla1_BIB14_R1444,ISD_PlazaBibRambla_PlazaBibRambla1_BIB14,ISOPleasant,0.7803,0.42603436,
isd_individual_iso_prediction__isd__tong_style_reduced_xgboost__seed2027,isd_individual_iso_prediction,ISD,test,ISD_PlazaBibRambla_PlazaBibRambla1_BIB5_R1454,ISD_PlazaBibRambla_PlazaBibRambla1_BIB5,ISOPleasant,0.5607,0.6916818,
isd_individual_iso_prediction__isd__tong_style_reduced_xgboost__seed2027,isd_individual_iso_prediction,ISD,test,ISD_Noorderplantsoen_Noorderplantsoen1_NP142_R1461,ISD_Noorderplantsoen_Noorderplantsoen1_NP142,ISOPleasant,0.3232,0.060675703,
isd_individual_iso_prediction__isd__tong_style_reduced_xgboost__seed2027,isd_individual_iso_prediction,ISD,test,ISD_Noorderplantsoen_Noorderplantsoen1_NP144_R1462,ISD_Noorderplantsoen_Noorderplantsoen1_NP144,ISOPleasant,0.1036,0.041505963,
isd_individual_iso_prediction__isd__tong_style_reduced_xgboost__seed2027,isd_individual_iso_prediction,ISD,test,ISD_Noorderplantsoen_Noorderplantsoen1_NP144_R1463,ISD_Noorderplantsoen_Noorderplantsoen1_NP144,ISOPleasant,0.0732,0.046347857,
isd_individual_iso_prediction__isd__tong_style_reduced_xgboost__seed2027,isd_individual_iso_prediction,ISD,test,ISD_Noorderplantsoen_Noorderplantsoen1_NP147_R1464,ISD_Noorderplantsoen_Noorderplantsoen1_NP147,ISOPleasant,0.2803,0.18009056,
isd_individual_iso_prediction__isd__tong_style_reduced_xgboost__seed2027,isd_individual_iso_prediction,ISD,test,ISD_Noorderplantsoen_Noorderplantsoen1_NP151_R1465,ISD_Noorderplantsoen_Noorderplantsoen1_NP151,ISOPleasant,0.5732,0.12029498,
isd_individual_iso_prediction__isd__tong_style_reduced_xgboost__seed2027,isd_individual_iso_prediction,ISD,test,ISD_Noorderplantsoen_Noorderplantsoen1_NP151_R1466,ISD_Noorderplantsoen_Noorderplantsoen1_NP151,ISOPleasant,0.5607,0.24823762,
isd_individual_iso_prediction__isd__tong_style_reduced_xgboost__seed2027,isd_individual_iso_prediction,ISD,test,ISD_SanMarco_SanMarco1_ML103_R36,ISD_SanMarco_SanMarco1_ML103,ISOPleasant,-0.0429,0.34565204,
isd_individual_iso_prediction__isd__tong_style_reduced_xgboost__seed2027,isd_individual_iso_prediction,ISD,test,ISD_SanMarco_SanMarco1_ML103_R37,ISD_SanMarco_SanMarco1_ML103,ISOPleasant,0.25,0.34565204,
isd_individual_iso_prediction__isd__tong_style_reduced_xgboost__seed2027,isd_individual_iso_prediction,ISD,test,ISD_SanMarco_SanMarco1_ML103_R38,ISD_SanMarco_SanMarco1_ML103,ISOPleasant,-0.1464,0.23342569,
isd_individual_iso_prediction__isd__tong_style_reduced_xgboost__seed2027,isd_individual_iso_prediction,ISD,test,ISD_SanMarco_SanMarco1_ML103_R39,ISD_SanMarco_SanMarco1_ML103,ISOPleasant,0.0,0.23342569,
isd_individual_iso_prediction__isd__tong_style_reduced_xgboost__seed2027,isd_individual_iso_prediction,ISD,test,ISD_SanMarco_SanMarco1_ML106_R43,ISD_SanMarco_SanMarco1_ML106,ISOPleasant,0.6339,0.2376234,
isd_individual_iso_prediction__isd__tong_style_reduced_xgboost__seed2027,isd_individual_iso_prediction,ISD,test,ISD_SanMarco_SanMarco1_ML106_R44,ISD_SanMarco_SanMarco1_ML106,ISOPleasant,0.8536,0.2376234,
isd_individual_iso_prediction__isd__tong_style_reduced_xgboost__seed2027,isd_individual_iso_prediction,ISD,test,ISD_SanMarco_SanMarco1_ML106_R45,ISD_SanMarco_SanMarco1_ML106,ISOPleasant,0.1768,0.13570012,
isd_individual_iso_prediction__isd__tong_style_reduced_xgboost__seed2027,isd_individual_iso_prediction,ISD,test,ISD_SanMarco_SanMarco1_ML106_R46,ISD_SanMarco_SanMarco1_ML106,ISOPleasant,0.3964,0.2376234,
isd_individual_iso_prediction__isd__tong_style_reduced_xgboost__seed2027,isd_individual_iso_prediction,ISD,test,ISD_SanMarco_SanMarco1_ML106_R47,ISD_SanMarco_SanMarco1_ML106,ISOPleasant,0.0,0.2376234,
isd_individual_iso_prediction__isd__tong_style_reduced_xgboost__seed2027,isd_individual_iso_prediction,ISD,test,ISD_SanMarco_SanMarco1_ML112_R53,ISD_SanMarco_SanMarco1_ML112,ISOPleasant,0.3839,0.25368235,
isd_individual_iso_prediction__isd__tong_style_reduced_xgboost__seed2027,isd_individual_iso_prediction,ISD,test,ISD_SanMarco_SanMarco1_ML112_R54,ISD_SanMarco_SanMarco1_ML112,ISOPleasant,0.4874,0.25368235,
isd_individual_iso_prediction__isd__tong_style_reduced_xgboost__seed2027,isd_individual_iso_prediction,ISD,test,ISD_SanMarco_SanMarco1_ML112_R55,ISD_SanMarco_SanMarco1_ML112,ISOPleasant,0.0303,0.35001406,
isd_individual_iso_prediction__isd__tong_style_reduced_xgboost__seed2027,isd_individual_iso_prediction,ISD,test,ISD_SanMarco_SanMarco1_ML132_R60,ISD_SanMarco_SanMarco1_ML132,ISOPleasant,-0.3839,0.3159106,
isd_individual_iso_prediction__isd__tong_style_reduced_xgboost__seed2027,isd_individual_iso_prediction,ISD,test,ISD_SanMarco_SanMarco1_ML132_R61,ISD_SanMarco_SanMarco1_ML132,ISOPleasant,-0.0732,0.20348705,
isd_individual_iso_prediction__isd__tong_style_reduced_xgboost__seed2027,isd_individual_iso_prediction,ISD,test,ISD_SanMarco_SanMarco2_ML204_R73,ISD_SanMarco_SanMarco2_ML204,ISOPleasant,0.0732,0.3080395,
isd_individual_iso_prediction__isd__tong_style_reduced_xgboost__seed2027,isd_individual_iso_prediction,ISD,test,ISD_SanMarco_SanMarco2_ML206_R76,ISD_SanMarco_SanMarco2_ML206,ISOPleasant,0.1036,0.23087715,
isd_individual_iso_prediction__isd__tong_style_reduced_xgboost__seed2027,isd_individual_iso_prediction,ISD,test,ISD_SanMarco_SanMarco2_ML206_R77,ISD_SanMarco_SanMarco2_ML206,ISOPleasant,0.5732,0.36468554,
isd_individual_iso_prediction__isd__tong_style_reduced_xgboost__seed2027,isd_individual_iso_prediction,ISD,test,ISD_SanMarco_SanMarco2_ML209_R80,ISD_SanMarco_SanMarco2_ML209,ISOPleasant,0.6768,0.2867654,
isd_individual_iso_prediction__isd__tong_style_reduced_xgboost__seed2027,isd_individual_iso_prediction,ISD,test,ISD_SanMarco_SanMarco2_ML209_R81,ISD_SanMarco_SanMarco2_ML209,ISOPleasant,0.1339,0.18248343,
isd_individual_iso_prediction__isd__tong_style_reduced_xgboost__seed2027,isd_individual_iso_prediction,ISD,test,ISD_SanMarco_SanMarco2_ML210_R82,ISD_SanMarco_SanMarco2_ML210,ISOPleasant,0.8536,0.25698426,
isd_individual_iso_prediction__isd__tong_style_reduced_xgboost__seed2027,isd_individual_iso_prediction,ISD,test,ISD_SanMarco_SanMarco2_ML210_R83,ISD_SanMarco_SanMarco2_ML210,ISOPleasant,0.6339,0.25698426,
isd_individual_iso_prediction__isd__tong_style_reduced_xgboost__seed2027,isd_individual_iso_prediction,ISD,test,ISD_SanMarco_SanMarco2_ML211_R84,ISD_SanMarco_SanMarco2_ML211,ISOPleasant,0.0,0.30255845,
isd_individual_iso_prediction__isd__tong_style_reduced_xgboost__seed2027,isd_individual_iso_prediction,ISD,test,ISD_SanMarco_SanMarco2_ML213_R88,ISD_SanMarco_SanMarco2_ML213,ISOPleasant,0.2803,0.26300952,
isd_individual_iso_prediction__isd__tong_style_reduced_xgboost__seed2027,isd_individual_iso_prediction,ISD,test,ISD_SanMarco_SanMarco3_SM302_R94,ISD_SanMarco_SanMarco3_SM302,ISOPleasant,-0.2071,0.27020147,
isd_individual_iso_prediction__isd__tong_style_reduced_xgboost__seed2027,isd_individual_iso_prediction,ISD,test,ISD_SanMarco_SanMarco3_SM305_R100,ISD_SanMarco_SanMarco3_SM305,ISOPleasant,-0.2803,0.06443182,
isd_individual_iso_prediction__isd__tong_style_reduced_xgboost__seed2027,isd_individual_iso_prediction,ISD,test,ISD_SanMarco_SanMarco3_SM305_R101,ISD_SanMarco_SanMarco3_SM305,ISOPleasant,0.0,0.06443182,
isd_individual_iso_prediction__isd__tong_style_reduced_xgboost__seed2027,isd_individual_iso_prediction,ISD,test,ISD_SanMarco_SanMarco3_SM309_R109,ISD_SanMarco_SanMarco3_SM309,ISOPleasant,0.0303,0.13493809,
isd_individual_iso_prediction__isd__tong_style_reduced_xgboost__seed2027,isd_individual_iso_prediction,ISD,test,ISD_SanMarco_SanMarco3_SM313_R116,ISD_SanMarco_SanMarco3_SM313,ISOPleasant,0.2803,0.14295979,
isd_individual_iso_prediction__isd__tong_style_reduced_xgboost__seed2027,isd_individual_iso_prediction,ISD,test,ISD_SanMarco_SanMarco3_SM314_R117,ISD_SanMarco_SanMarco3_SM314,ISOPleasant,0.0303,0.24732633,
isd_individual_iso_prediction__isd__tong_style_reduced_xgboost__seed2027,isd_individual_iso_prediction,ISD,test,ISD_SanMarco_SanMarco3_SM314_R118,ISD_SanMarco_SanMarco3_SM314,ISOPleasant,0.1893,0.09541052,
isd_individual_iso_prediction__isd__tong_style_reduced_xgboost__seed2027,isd_individual_iso_prediction,ISD,test,ISD_SanMarco_SanMarco3_SM314_R119,ISD_SanMarco_SanMarco3_SM314,ISOPleasant,0.1339,0.09541052,
isd_individual_iso_prediction__isd__tong_style_reduced_xgboost__seed2027,isd_individual_iso_prediction,ISD,test,ISD_SanMarco_SanMarco3_SM314_R120,ISD_SanMarco_SanMarco3_SM314,ISOPleasant,0.5607,0.24732633,
isd_individual_iso_prediction__isd__tong_style_reduced_xgboost__seed2027,isd_individual_iso_prediction,ISD,test,ISD_SanMarco_SanMarco3_SM314_R121,ISD_SanMarco_SanMarco3_SM314,ISOPleasant,0.5,0.09541052,
isd_individual_iso_prediction__isd__tong_style_reduced_xgboost__seed2027,isd_individual_iso_prediction,ISD,test,ISD_MiradorSanNicolas_MiradorSanNicolas1_M11_R10201,ISD_MiradorSanNicolas_MiradorSanNicolas1_M11,ISOPleasant,0.7071,0.5332104,
isd_individual_iso_prediction__isd__tong_style_reduced_xgboost__seed2027,isd_individual_iso_prediction,ISD,test,ISD_MiradorSanNicolas_MiradorSanNicolas1_M110_R10208,ISD_MiradorSanNicolas_MiradorSanNicolas1_M110,ISOPleasant,0.6339,-0.21015285,
isd_individual_iso_prediction__isd__tong_style_reduced_xgboost__seed2027,isd_individual_iso_prediction,ISD,test,ISD_MiradorSanNicolas_MiradorSanNicolas1_M110_R10209,ISD_MiradorSanNicolas_MiradorSanNicolas1_M110,ISOPleasant,0.0732,-0.233371,
isd_individual_iso_prediction__isd__tong_style_reduced_xgboost__seed2027,isd_individual_iso_prediction,ISD,test,ISD_MiradorSanNicolas_MiradorSanNicolas1_M111_R10210,ISD_MiradorSanNicolas_MiradorSanNicolas1_M111,ISOPleasant,0.6339,0.3865395,
isd_individual_iso_prediction__isd__tong_style_reduced_xgboost__seed2027,isd_individual_iso_prediction,ISD,test,ISD_MiradorSanNicolas_MiradorSanNicolas1_M111_R10211,ISD_MiradorSanNicolas_MiradorSanNicolas1_M111,ISOPleasant,0.6339,0.3988895,
isd_individual_iso_prediction__isd__tong_style_reduced_xgboost__seed2027,isd_individual_iso_prediction,ISD,test,ISD_MiradorSanNicolas_MiradorSanNicolas1_M113_R10212,ISD_MiradorSanNicolas_MiradorSanNicolas1_M113,ISOPleasant,0.1161,0.50562614,
isd_individual_iso_prediction__isd__tong_style_reduced_xgboost__seed2027,isd_individual_iso_prediction,ISD,test,ISD_MiradorSanNicolas_MiradorSanNicolas1_M113_R10214,ISD_MiradorSanNicolas_MiradorSanNicolas1_M113,ISOPleasant,0.0732,0.46818703,
isd_individual_iso_prediction__isd__tong_style_reduced_xgboost__seed2027,isd_individual_iso_prediction,ISD,test,ISD_MiradorSanNicolas_MiradorSanNicolas1_M113_R10215,ISD_MiradorSanNicolas_MiradorSanNicolas1_M113,ISOPleasant,0.7803,0.51664054,
isd_individual_iso_prediction__isd__tong_style_reduced_xgboost__seed2027,isd_individual_iso_prediction,ISD,test,ISD_MiradorSanNicolas_MiradorSanNicolas1_M12_R10202,ISD_MiradorSanNicolas_MiradorSanNicolas1_M12,ISOPleasant,-0.0126,0.43839574,
isd_individual_iso_prediction__isd__tong_style_reduced_xgboost__seed2027,isd_individual_iso_prediction,ISD,test,ISD_MiradorSanNicolas_MiradorSanNicolas1_M13_R10203,ISD_MiradorSanNicolas_MiradorSanNicolas1_M13,ISOPleasant,0.5607,0.00909212,
isd_individual_iso_prediction__isd__tong_style_reduced_xgboost__seed2027,isd_individual_iso_prediction,ISD,test,ISD_MiradorSanNicolas_MiradorSanNicolas1_M16_R10204,ISD_MiradorSanNicolas_MiradorSanNicolas1_M16,ISOPleasant,0.0732,0.45345497,
isd_individual_iso_prediction__isd__tong_style_reduced_xgboost__seed2027,isd_individual_iso_prediction,ISD,test,ISD_MiradorSanNicolas_MiradorSanNicolas1_M17_R10200,ISD_MiradorSanNicolas_MiradorSanNicolas1_M17,ISOPleasant,0.5607,0.53999156,
isd_individual_iso_prediction__isd__tong_style_reduced_xgboost__seed2027,isd_individual_iso_prediction,ISD,test,ISD_MiradorSanNicolas_MiradorSanNicolas1_M17_R10206,ISD_MiradorSanNicolas_MiradorSanNicolas1_M17,ISOPleasant,0.6339,0.581067,
isd_individual_iso_prediction__isd__tong_style_reduced_xgboost__seed2027,isd_individual_iso_prediction,ISD,test,ISD_MiradorSanNicolas_MiradorSanNicolas1_M21_R10233,ISD_MiradorSanNicolas_MiradorSanNicolas1_M21,ISOPleasant,-0.2803,0.39240712,
isd_individual_iso_prediction__isd__tong_style_reduced_xgboost__seed2027,isd_individual_iso_prediction,ISD,test,ISD_MiradorSanNicolas_MiradorSanNicolas1_M21_R10234,ISD_MiradorSanNicolas_MiradorSanNicolas1_M21,ISOPleasant,0.0732,0.38414598,
isd_individual_iso_prediction__isd__tong_style_reduced_xgboost__seed2027,isd_individual_iso_prediction,ISD,test,ISD_MiradorSanNicolas_MiradorSanNicolas1_M210_R10232,ISD_MiradorSanNicolas_MiradorSanNicolas1_M210,ISOPleasant,0.5607,0.020763084,
isd_individual_iso_prediction__isd__tong_style_reduced_xgboost__seed2027,isd_individual_iso_prediction,ISD,test,ISD_MiradorSanNicolas_MiradorSanNicolas1_M22_R10217,ISD_MiradorSanNicolas_MiradorSanNicolas1_M22,ISOPleasant,0.1768,-0.06303639,
isd_individual_iso_prediction__isd__tong_style_reduced_xgboost__seed2027,isd_individual_iso_prediction,ISD,test,ISD_MiradorSanNicolas_MiradorSanNicolas1_M22_R10218,ISD_MiradorSanNicolas_MiradorSanNicolas1_M22,ISOPleasant,0.7803,-0.11890884,
isd_individual_iso_prediction__isd__tong_style_reduced_xgboost__seed2027,isd_individual_iso_prediction,ISD,test,ISD_MiradorSanNicolas_MiradorSanNicolas1_M23_R10219,ISD_MiradorSanNicolas_MiradorSanNicolas1_M23,ISOPleasant,0.3839,0.52453536,
isd_individual_iso_prediction__isd__tong_style_reduced_xgboost__seed2027,isd_individual_iso_prediction,ISD,test,ISD_MiradorSanNicolas_MiradorSanNicolas1_M23_R10220,ISD_MiradorSanNicolas_MiradorSanNicolas1_M23,ISOPleasant,0.1464,0.5008413,
isd_individual_iso_prediction__isd__tong_style_reduced_xgboost__seed2027,isd_individual_iso_prediction,ISD,test,ISD_MiradorSanNicolas_MiradorSanNicolas1_M24_R10227,ISD_MiradorSanNicolas_MiradorSanNicolas1_M24,ISOPleasant,0.3107,0.102378964,
isd_individual_iso_prediction__isd__tong_style_reduced_xgboost__seed2027,isd_individual_iso_prediction,ISD,test,ISD_MiradorSanNicolas_MiradorSanNicolas1_M26_R10222,ISD_MiradorSanNicolas_MiradorSanNicolas1_M26,ISOPleasant,0.2803,0.51682043,
isd_individual_iso_prediction__isd__tong_style_reduced_xgboost__seed2027,isd_individual_iso_prediction,ISD,test,ISD_MiradorSanNicolas_MiradorSanNicolas1_M28_R10224,ISD_MiradorSanNicolas_MiradorSanNicolas1_M28,ISOPleasant,0.6339,0.49212962,
isd_individual_iso_prediction__isd__tong_style_reduced_xgboost__seed2027,isd_individual_iso_prediction,ISD,test,ISD_MiradorSanNicolas_MiradorSanNicolas1_M28_R10225,ISD_MiradorSanNicolas_MiradorSanNicolas1_M28,ISOPleasant,0.4874,0.4893449,
isd_individual_iso_prediction__isd__tong_style_reduced_xgboost__seed2027,isd_individual_iso_prediction,ISD,test,ISD_MiradorSanNicolas_MiradorSanNicolas1_M29_R10228,ISD_MiradorSanNicolas_MiradorSanNicolas1_M29,ISOPleasant,0.4571,0.38131788,
isd_individual_iso_prediction__isd__tong_style_reduced_xgboost__seed2027,isd_individual_iso_prediction,ISD,test,ISD_MiradorSanNicolas_MiradorSanNicolas1_M29_R10229,ISD_MiradorSanNicolas_MiradorSanNicolas1_M29,ISOPleasant,0.7803,0.41118017,
isd_individual_iso_prediction__isd__tong_style_reduced_xgboost__seed2027,isd_individual_iso_prediction,ISD,test,ISD_MiradorSanNicolas_MiradorSanNicolas1_M29_R10231,ISD_MiradorSanNicolas_MiradorSanNicolas1_M29,ISOPleasant,0.1339,0.47704446,
isd_individual_iso_prediction__isd__tong_style_reduced_xgboost__seed2027,isd_individual_iso_prediction,ISD,test,ISD_PlazaBibRambla_PlazaBibRambla1_BIB1_R10239,ISD_PlazaBibRambla_PlazaBibRambla1_BIB1,ISOPleasant,0.7071,0.62215483,
isd_individual_iso_prediction__isd__tong_style_reduced_xgboost__seed2027,isd_individual_iso_prediction,ISD,test,ISD_PlazaBibRambla_PlazaBibRambla1_BIB10_R10252,ISD_PlazaBibRambla_PlazaBibRambla1_BIB10,ISOPleasant,-0.4571,0.40453497,
isd_individual_iso_prediction__isd__tong_style_reduced_xgboost__seed2027,isd_individual_iso_prediction,ISD,test,ISD_PlazaBibRambla_PlazaBibRambla1_BIB10_R10255,ISD_PlazaBibRambla_PlazaBibRambla1_BIB10,ISOPleasant,0.7071,0.43591946,
isd_individual_iso_prediction__isd__tong_style_reduced_xgboost__seed2027,isd_individual_iso_prediction,ISD,test,ISD_PlazaBibRambla_PlazaBibRambla1_BIB12_R10237,ISD_PlazaBibRambla_PlazaBibRambla1_BIB12,ISOPleasant,0.2071,0.45658353,
isd_individual_iso_prediction__isd__tong_style_reduced_xgboost__seed2027,isd_individual_iso_prediction,ISD,test,ISD_PlazaBibRambla_PlazaBibRambla1_BIB13_R10253,ISD_PlazaBibRambla_PlazaBibRambla1_BIB13,ISOPleasant,0.4874,0.5492868,
isd_individual_iso_prediction__isd__tong_style_reduced_xgboost__seed2027,isd_individual_iso_prediction,ISD,test,ISD_PlazaBibRambla_PlazaBibRambla1_BIB13_R10254,ISD_PlazaBibRambla_PlazaBibRambla1_BIB13,ISOPleasant,0.6036,0.53388107,
isd_individual_iso_prediction__isd__tong_style_reduced_xgboost__seed2027,isd_individual_iso_prediction,ISD,test,ISD_PlazaBibRambla_PlazaBibRambla1_BIB15_R10236,ISD_PlazaBibRambla_PlazaBibRambla1_BIB15,ISOPleasant,0.7803,0.6786045,
isd_individual_iso_prediction__isd__tong_style_reduced_xgboost__seed2027,isd_individual_iso_prediction,ISD,test,ISD_PlazaBibRambla_PlazaBibRambla1_BIB16_R10235,ISD_PlazaBibRambla_PlazaBibRambla1_BIB16,ISOPleasant,0.9268,0.49926734,
isd_individual_iso_prediction__isd__tong_style_reduced_xgboost__seed2027,isd_individual_iso_prediction,ISD,test,ISD_PlazaBibRambla_PlazaBibRambla1_BIB3_R10251,ISD_PlazaBibRambla_PlazaBibRambla1_BIB3,ISOPleasant,0.6768,0.4636568,
isd_individual_iso_prediction__isd__tong_style_reduced_xgboost__seed2027,isd_individual_iso_prediction,ISD,test,ISD_PlazaBibRambla_PlazaBibRambla1_BIB4_R10243,ISD_PlazaBibRambla_PlazaBibRambla1_BIB4,ISOPleasant,0.4142,0.5681874,
isd_individual_iso_prediction__isd__tong_style_reduced_xgboost__seed2027,isd_individual_iso_prediction,ISD,test,ISD_PlazaBibRambla_PlazaBibRambla1_BIB4_R10244,ISD_PlazaBibRambla_PlazaBibRambla1_BIB4,ISOPleasant,0.4874,0.38441625,
isd_individual_iso_prediction__isd__tong_style_reduced_xgboost__seed2027,isd_individual_iso_prediction,ISD,test,ISD_PlazaBibRambla_PlazaBibRambla1_BIB6_R10246,ISD_PlazaBibRambla_PlazaBibRambla1_BIB6,ISOPleasant,0.0,0.5083969,
isd_individual_iso_prediction__isd__tong_style_reduced_xgboost__seed2027,isd_individual_iso_prediction,ISD,test,ISD_PlazaBibRambla_PlazaBibRambla1_BIB6_R10247,ISD_PlazaBibRambla_PlazaBibRambla1_BIB6,ISOPleasant,0.0732,0.45808414,
isd_individual_iso_prediction__isd__tong_style_reduced_xgboost__seed2027,isd_individual_iso_prediction,ISD,test,ISD_PlazaBibRambla_PlazaBibRambla1_BIB9_R10258,ISD_PlazaBibRambla_PlazaBibRambla1_BIB9,ISOPleasant,0.6036,0.44840774,
isd_individual_iso_prediction__isd__tong_style_reduced_xgboost__seed2027,isd_individual_iso_prediction,ISD,test,ISD_SanMarco_SanMarco1_AM02_R17,ISD_SanMarco_SanMarco1_AM02,ISOPleasant,0.4268,0.18498155,
isd_individual_iso_prediction__isd__tong_style_reduced_xgboost__seed2027,isd_individual_iso_prediction,ISD,test,ISD_SanMarco_SanMarco1_AM02_R18,ISD_SanMarco_SanMarco1_AM02,ISOPleasant,0.4268,0.18498155,
isd_individual_iso_prediction__isd__tong_style_reduced_xgboost__seed2027,isd_individual_iso_prediction,ISD,test,ISD_SanMarco_SanMarco1_ML101_R22,ISD_SanMarco_SanMarco1_ML101,ISOPleasant,0.1036,0.28751433,
isd_individual_iso_prediction__isd__tong_style_reduced_xgboost__seed2027,isd_individual_iso_prediction,ISD,test,ISD_SanMarco_SanMarco1_ML101_R23,ISD_SanMarco_SanMarco1_ML101,ISOPleasant,0.0732,0.15701906,
isd_individual_iso_prediction__isd__tong_style_reduced_xgboost__seed2027,isd_individual_iso_prediction,ISD,test,ISD_SanMarco_SanMarco1_ML104_R24,ISD_SanMarco_SanMarco1_ML104,ISOPleasant,0.2071,0.21567847,
isd_individual_iso_prediction__isd__tong_style_reduced_xgboost__seed2027,isd_individual_iso_prediction,ISD,test,ISD_SanMarco_SanMarco1_ML104_R25,ISD_SanMarco_SanMarco1_ML104,ISOPleasant,0.4268,0.354397,
isd_individual_iso_prediction__isd__tong_style_reduced_xgboost__seed2027,isd_individual_iso_prediction,ISD,test,ISD_SanMarco_SanMarco1_ML105_R26,ISD_SanMarco_SanMarco1_ML105,ISOPleasant,0.5607,0.23972058,
isd_individual_iso_prediction__isd__tong_style_reduced_xgboost__seed2027,isd_individual_iso_prediction,ISD,test,ISD_SanMarco_SanMarco1_ML111_R27,ISD_SanMarco_SanMarco1_ML111,ISOPleasant,0.3839,0.17140013,
isd_individual_iso_prediction__isd__tong_style_reduced_xgboost__seed2027,isd_individual_iso_prediction,ISD,test,ISD_SanMarco_SanMarco1_ML111_R28,ISD_SanMarco_SanMarco1_ML111,ISOPleasant,0.6036,0.29567835,
isd_individual_iso_prediction__isd__tong_style_reduced_xgboost__seed2027,isd_individual_iso_prediction,ISD,test,ISD_SanMarco_SanMarco1_ML111_R29,ISD_SanMarco_SanMarco1_ML111,ISOPleasant,0.6339,0.17140013,
isd_individual_iso_prediction__isd__tong_style_reduced_xgboost__seed2027,isd_individual_iso_prediction,ISD,test,ISD_SanMarco_SanMarco1_ML111_R30,ISD_SanMarco_SanMarco1_ML111,ISOPleasant,0.6036,0.29567835,
isd_individual_iso_prediction__isd__tong_style_reduced_xgboost__seed2027,isd_individual_iso_prediction,ISD,test,ISD_SanMarco_SanMarco1_ML130_R31,ISD_SanMarco_SanMarco1_ML130,ISOPleasant,0.5303,0.21004163,
isd_individual_iso_prediction__isd__tong_style_reduced_xgboost__seed2027,isd_individual_iso_prediction,ISD,test,ISD_SanMarco_SanMarco1_ML130_R32,ISD_SanMarco_SanMarco1_ML130,ISOPleasant,-0.25,0.33941916,
isd_individual_iso_prediction__isd__tong_style_reduced_xgboost__seed2027,isd_individual_iso_prediction,ISD,test,ISD_SanMarco_SanMarco1_ML131_R33,ISD_SanMarco_SanMarco1_ML131,ISOPleasant,-0.0732,0.20535451,
isd_individual_iso_prediction__isd__tong_style_reduced_xgboost__seed2027,isd_individual_iso_prediction,ISD,test,ISD_SanMarco_SanMarco1_ML131_R34,ISD_SanMarco_SanMarco1_ML131,ISOPleasant,0.3232,0.20535451,
isd_individual_iso_prediction__isd__tong_style_reduced_xgboost__seed2027,isd_individual_iso_prediction,ISD,test,ISD_SanMarco_SanMarco1_ML133_R35,ISD_SanMarco_SanMarco1_ML133,ISOPleasant,-0.3232,0.1868834,
isd_individual_iso_prediction__isd__tong_style_reduced_xgboost__seed2027,isd_individual_iso_prediction,ISD,test,ISD_SanMarco_SanMarco1_ML133_R36,ISD_SanMarco_SanMarco1_ML133,ISOPleasant,0.2803,0.1868834,
isd_individual_iso_prediction__isd__tong_style_reduced_xgboost__seed2027,isd_individual_iso_prediction,ISD,test,ISD_SanMarco_SanMarco1_ML133_R37,ISD_SanMarco_SanMarco1_ML133,ISOPleasant,-0.1036,0.32355496,
isd_individual_iso_prediction__isd__tong_style_reduced_xgboost__seed2027,isd_individual_iso_prediction,ISD,test,ISD_SanMarco_SanMarco1_ML133_R38,ISD_SanMarco_SanMarco1_ML133,ISOPleasant,0.1768,0.1868834,
isd_individual_iso_prediction__isd__tong_style_reduced_xgboost__seed2027,isd_individual_iso_prediction,ISD,test,ISD_SanMarco_SanMarco2_ML202_R39,ISD_SanMarco_SanMarco2_ML202,ISOPleasant,-0.1036,0.112157844,
isd_individual_iso_prediction__isd__tong_style_reduced_xgboost__seed2027,isd_individual_iso_prediction,ISD,test,ISD_SanMarco_SanMarco2_ML202_R40,ISD_SanMarco_SanMarco2_ML202,ISOPleasant,0.5732,0.112157844,
isd_individual_iso_prediction__isd__tong_style_reduced_xgboost__seed2027,isd_individual_iso_prediction,ISD,test,ISD_SanMarco_SanMarco2_ML202_R41,ISD_SanMarco_SanMarco2_ML202,ISOPleasant,0.1036,0.24295382,
isd_individual_iso_prediction__isd__tong_style_reduced_xgboost__seed2027,isd_individual_iso_prediction,ISD,test,ISD_SanMarco_SanMarco2_ML203_R42,ISD_SanMarco_SanMarco2_ML203,ISOPleasant,0.0732,0.24288207,
isd_individual_iso_prediction__isd__tong_style_reduced_xgboost__seed2027,isd_individual_iso_prediction,ISD,test,ISD_SanMarco_SanMarco2_ML205_R43,ISD_SanMarco_SanMarco2_ML205,ISOPleasant,0.4874,0.089281335,
isd_individual_iso_prediction__isd__tong_style_reduced_xgboost__seed2027,isd_individual_iso_prediction,ISD,test,ISD_SanMarco_SanMarco2_ML205_R44,ISD_SanMarco_SanMarco2_ML205,ISOPleasant,0.4571,0.21980114,
isd_individual_iso_prediction__isd__tong_style_reduced_xgboost__seed2027,isd_individual_iso_prediction,ISD,test,ISD_SanMarco_SanMarco2_ML208_R45,ISD_SanMarco_SanMarco2_ML208,ISOPleasant,0.1161,0.34173104,
isd_individual_iso_prediction__isd__tong_style_reduced_xgboost__seed2027,isd_individual_iso_prediction,ISD,test,ISD_SanMarco_SanMarco2_ML208_R46,ISD_SanMarco_SanMarco2_ML208,ISOPleasant,0.5,0.34173104,
isd_individual_iso_prediction__isd__tong_style_reduced_xgboost__seed2027,isd_individual_iso_prediction,ISD,test,ISD_SanMarco_SanMarco2_ML212_R47,ISD_SanMarco_SanMarco2_ML212,ISOPleasant,-0.1464,0.23823768,
isd_individual_iso_prediction__isd__tong_style_reduced_xgboost__seed2027,isd_individual_iso_prediction,ISD,test,ISD_SanMarco_SanMarco2_ML212_R48,ISD_SanMarco_SanMarco2_ML212,ISOPleasant,0.2071,0.35342625,
isd_individual_iso_prediction__isd__tong_style_reduced_xgboost__seed2027,isd_individual_iso_prediction,ISD,test,ISD_SanMarco_SanMarco2_ML214_R49,ISD_SanMarco_SanMarco2_ML214,ISOPleasant,0.3536,0.13103798,
isd_individual_iso_prediction__isd__tong_style_reduced_xgboost__seed2027,isd_individual_iso_prediction,ISD,test,ISD_SanMarco_SanMarco2_ML214_R50,ISD_SanMarco_SanMarco2_ML214,ISOPleasant,0.5732,0.13103798,
isd_individual_iso_prediction__isd__tong_style_reduced_xgboost__seed2027,isd_individual_iso_prediction,ISD,test,ISD_SanMarco_SanMarco2_ML214_R51,ISD_SanMarco_SanMarco2_ML214,ISOPleasant,0.4571,0.13103798,
isd_individual_iso_prediction__isd__tong_style_reduced_xgboost__seed2027,isd_individual_iso_prediction,ISD,test,ISD_SanMarco_SanMarco3_SM301_R52,ISD_SanMarco_SanMarco3_SM301,ISOPleasant,-0.2197,0.31395745,
isd_individual_iso_prediction__isd__tong_style_reduced_xgboost__seed2027,isd_individual_iso_prediction,ISD,test,ISD_SanMarco_SanMarco3_SM301_R53,ISD_SanMarco_SanMarco3_SM301,ISOPleasant,0.25,0.17767935,
isd_individual_iso_prediction__isd__tong_style_reduced_xgboost__seed2027,isd_individual_iso_prediction,ISD,test,ISD_SanMarco_SanMarco3_SM303_R54,ISD_SanMarco_SanMarco3_SM303,ISOPleasant,-0.4268,0.17056853,
isd_individual_iso_prediction__isd__tong_style_reduced_xgboost__seed2027,isd_individual_iso_prediction,ISD,test,ISD_SanMarco_SanMarco3_SM303_R55,ISD_SanMarco_SanMarco3_SM303,ISOPleasant,0.2071,0.17056853,
isd_individual_iso_prediction__isd__tong_style_reduced_xgboost__seed2027,isd_individual_iso_prediction,ISD,test,ISD_SanMarco_SanMarco3_SM303_R56,ISD_SanMarco_SanMarco3_SM303,ISOPleasant,0.0303,0.17056853,
isd_individual_iso_prediction__isd__tong_style_reduced_xgboost__seed2027,isd_individual_iso_prediction,ISD,test,ISD_SanMarco_SanMarco3_SM304_R57,ISD_SanMarco_SanMarco3_SM304,ISOPleasant,0.2071,0.26393935,
isd_individual_iso_prediction__isd__tong_style_reduced_xgboost__seed2027,isd_individual_iso_prediction,ISD,test,ISD_SanMarco_SanMarco3_SM304_R58,ISD_SanMarco_SanMarco3_SM304,ISOPleasant,0.0303,0.12502603,
isd_individual_iso_prediction__isd__tong_style_reduced_xgboost__seed2027,isd_individual_iso_prediction,ISD,test,ISD_SanMarco_SanMarco3_SM306_R59,ISD_SanMarco_SanMarco3_SM306,ISOPleasant,-0.0732,0.3087788,
isd_individual_iso_prediction__isd__tong_style_reduced_xgboost__seed2027,isd_individual_iso_prediction,ISD,test,ISD_SanMarco_SanMarco3_SM306_R60,ISD_SanMarco_SanMarco3_SM306,ISOPleasant,0.1036,0.15699454,
isd_individual_iso_prediction__isd__tong_style_reduced_xgboost__seed2027,isd_individual_iso_prediction,ISD,test,ISD_SanMarco_SanMarco3_SM307_R61,ISD_SanMarco_SanMarco3_SM307,ISOPleasant,0.2803,0.12520073,
isd_individual_iso_prediction__isd__tong_style_reduced_xgboost__seed2027,isd_individual_iso_prediction,ISD,test,ISD_SanMarco_SanMarco3_SM308_R63,ISD_SanMarco_SanMarco3_SM308,ISOPleasant,0.3839,0.16734712,
isd_individual_iso_prediction__isd__tong_style_reduced_xgboost__seed2027,isd_individual_iso_prediction,ISD,test,ISD_SanMarco_SanMarco3_SM308_R64,ISD_SanMarco_SanMarco3_SM308,ISOPleasant,-0.0303,0.16734712,
isd_individual_iso_prediction__isd__tong_style_reduced_xgboost__seed2027,isd_individual_iso_prediction,ISD,test,ISD_SanMarco_SanMarco3_SM308_R65,ISD_SanMarco_SanMarco3_SM308,ISOPleasant,-0.1464,0.16734712,
isd_individual_iso_prediction__isd__tong_style_reduced_xgboost__seed2027,isd_individual_iso_prediction,ISD,test,ISD_SanMarco_SanMarco3_SM309_R66,ISD_SanMarco_SanMarco3_SM309,ISOPleasant,-0.1339,0.26207086,
isd_individual_iso_prediction__isd__tong_style_reduced_xgboost__seed2027,isd_individual_iso_prediction,ISD,test,ISD_SanMarco_SanMarco3_SM310_R67,ISD_SanMarco_SanMarco3_SM310,ISOPleasant,-0.3536,0.29575795,
isd_individual_iso_prediction__isd__tong_style_reduced_xgboost__seed2027,isd_individual_iso_prediction,ISD,test,ISD_SanMarco_SanMarco3_SM310_R68,ISD_SanMarco_SanMarco3_SM310,ISOPleasant,-0.1464,0.15833507,
isd_individual_iso_prediction__isd__tong_style_reduced_xgboost__seed2027,isd_individual_iso_prediction,ISD,test,ISD_SanMarco_SanMarco3_SM311_R69,ISD_SanMarco_SanMarco3_SM311,ISOPleasant,0.5,0.2847761,
isd_individual_iso_prediction__isd__tong_style_reduced_xgboost__seed2027,isd_individual_iso_prediction,ISD,test,ISD_SanMarco_SanMarco3_SM312_R70,ISD_SanMarco_SanMarco3_SM312,ISOPleasant,0.5732,0.15042187,
isd_individual_iso_prediction__isd__tong_style_reduced_xgboost__seed2027,isd_individual_iso_prediction,ISD,test,ISD_SanMarco_SanMarco3_SM313_R71,ISD_SanMarco_SanMarco3_SM313,ISOPleasant,-0.3536,0.29118946,
isd_individual_iso_prediction__isd__tong_style_reduced_xgboost__seed2027,isd_individual_iso_prediction,ISD,test,ISD_Noorderplantsoen_Noorderplantsoen1_NP101_R2,ISD_Noorderplantsoen_Noorderplantsoen1_NP101,ISOPleasant,0.7071,0.16735078,
isd_individual_iso_prediction__isd__tong_style_reduced_xgboost__seed2027,isd_individual_iso_prediction,ISD,test,ISD_Noorderplantsoen_Noorderplantsoen1_NP101_R73,ISD_Noorderplantsoen_Noorderplantsoen1_NP101,ISOPleasant,0.7803,0.3549892,
isd_individual_iso_prediction__isd__tong_style_reduced_xgboost__seed2027,isd_individual_iso_prediction,ISD,test,ISD_Noorderplantsoen_Noorderplantsoen1_NP102_R88,ISD_Noorderplantsoen_Noorderplantsoen1_NP102,ISOPleasant,0.75,0.22259761,
isd_individual_iso_prediction__isd__tong_style_reduced_xgboost__seed2027,isd_individual_iso_prediction,ISD,test,ISD_Noorderplantsoen_Noorderplantsoen1_NP106_R98,ISD_Noorderplantsoen_Noorderplantsoen1_NP106,ISOPleasant,0.3536,0.26244,
isd_individual_iso_prediction__isd__tong_style_reduced_xgboost__seed2027,isd_individual_iso_prediction,ISD,test,ISD_Noorderplantsoen_Noorderplantsoen1_NP107_R97,ISD_Noorderplantsoen_Noorderplantsoen1_NP107,ISOPleasant,0.5,0.1349628,
isd_individual_iso_prediction__isd__tong_style_reduced_xgboost__seed2027,isd_individual_iso_prediction,ISD,test,ISD_Noorderplantsoen_Noorderplantsoen1_NP108_R96,ISD_Noorderplantsoen_Noorderplantsoen1_NP108,ISOPleasant,0.1036,0.29624823,
isd_individual_iso_prediction__isd__tong_style_reduced_xgboost__seed2027,isd_individual_iso_prediction,ISD,test,ISD_Noorderplantsoen_Noorderplantsoen1_NP109_R3,ISD_Noorderplantsoen_Noorderplantsoen1_NP109,ISOPleasant,0.9268,0.17379096,
isd_individual_iso_prediction__isd__tong_style_reduced_xgboost__seed2027,isd_individual_iso_prediction,ISD,test,ISD_Noorderplantsoen_Noorderplantsoen1_NP110_R4,ISD_Noorderplantsoen_Noorderplantsoen1_NP110,ISOPleasant,0.6768,0.25927317,
isd_individual_iso_prediction__isd__tong_style_reduced_xgboost__seed2027,isd_individual_iso_prediction,ISD,test,ISD_Noorderplantsoen_Noorderplantsoen1_NP110_R90,ISD_Noorderplantsoen_Noorderplantsoen1_NP110,ISOPleasant,0.3107,0.25927317,
isd_individual_iso_prediction__isd__tong_style_reduced_xgboost__seed2027,isd_individual_iso_prediction,ISD,test,ISD_Noorderplantsoen_Noorderplantsoen1_NP111_R5,ISD_Noorderplantsoen_Noorderplantsoen1_NP111,ISOPleasant,0.6768,0.12822993,
isd_individual_iso_prediction__isd__tong_style_reduced_xgboost__seed2027,isd_individual_iso_prediction,ISD,test,ISD_Noorderplantsoen_Noorderplantsoen1_NP111_R87,ISD_Noorderplantsoen_Noorderplantsoen1_NP111,ISOPleasant,0.5303,0.31986633,
isd_individual_iso_prediction__isd__tong_style_reduced_xgboost__seed2027,isd_individual_iso_prediction,ISD,test,ISD_Noorderplantsoen_Noorderplantsoen1_NP112_R84,ISD_Noorderplantsoen_Noorderplantsoen1_NP112,ISOPleasant,0.4268,0.2854501,
isd_individual_iso_prediction__isd__tong_style_reduced_xgboost__seed2027,isd_individual_iso_prediction,ISD,test,ISD_Noorderplantsoen_Noorderplantsoen1_NP113_R83,ISD_Noorderplantsoen_Noorderplantsoen1_NP113,ISOPleasant,0.2803,0.18853271,
isd_individual_iso_prediction__isd__tong_style_reduced_xgboost__seed2027,isd_individual_iso_prediction,ISD,test,ISD_Noorderplantsoen_Noorderplantsoen1_NP114_R6,ISD_Noorderplantsoen_Noorderplantsoen1_NP114,ISOPleasant,0.2197,0.11686126,
isd_individual_iso_prediction__isd__tong_style_reduced_xgboost__seed2027,isd_individual_iso_prediction,ISD,test,ISD_Noorderplantsoen_Noorderplantsoen1_NP116_R7,ISD_Noorderplantsoen_Noorderplantsoen1_NP116,ISOPleasant,0.5,0.18430689,
isd_individual_iso_prediction__isd__tong_style_reduced_xgboost__seed2027,isd_individual_iso_prediction,ISD,test,ISD_Noorderplantsoen_Noorderplantsoen1_NP116_R85,ISD_Noorderplantsoen_Noorderplantsoen1_NP116,ISOPleasant,0.6339,0.17385885,
isd_individual_iso_prediction__isd__tong_style_reduced_xgboost__seed2027,isd_individual_iso_prediction,ISD,test,ISD_Noorderplantsoen_Noorderplantsoen1_NP117_R8,ISD_Noorderplantsoen_Noorderplantsoen1_NP117,ISOPleasant,0.3232,0.21958192,
isd_individual_iso_prediction__isd__tong_style_reduced_xgboost__seed2027,isd_individual_iso_prediction,ISD,test,ISD_Noorderplantsoen_Noorderplantsoen1_NP118_R10,ISD_Noorderplantsoen_Noorderplantsoen1_NP118,ISOPleasant,0.6768,0.14784841,
isd_individual_iso_prediction__isd__tong_style_reduced_xgboost__seed2027,isd_individual_iso_prediction,ISD,test,ISD_Noorderplantsoen_Noorderplantsoen1_NP118_R9,ISD_Noorderplantsoen_Noorderplantsoen1_NP118,ISOPleasant,0.2803,0.14784841,
isd_individual_iso_prediction__isd__tong_style_reduced_xgboost__seed2027,isd_individual_iso_prediction,ISD,test,ISD_Noorderplantsoen_Noorderplantsoen1_NP119_R11,ISD_Noorderplantsoen_Noorderplantsoen1_NP119,ISOPleasant,0.5,0.27063096,
isd_individual_iso_prediction__isd__tong_style_reduced_xgboost__seed2027,isd_individual_iso_prediction,ISD,test,ISD_Noorderplantsoen_Noorderplantsoen1_NP119_R79,ISD_Noorderplantsoen_Noorderplantsoen1_NP119,ISOPleasant,0.7071,0.22474033,
isd_individual_iso_prediction__isd__tong_style_reduced_xgboost__seed2027,isd_individual_iso_prediction,ISD,test,ISD_Noorderplantsoen_Noorderplantsoen1_NP120_R13,ISD_Noorderplantsoen_Noorderplantsoen1_NP120,ISOPleasant,0.4697,0.18503855,
isd_individual_iso_prediction__isd__tong_style_reduced_xgboost__seed2027,isd_individual_iso_prediction,ISD,test,ISD_Noorderplantsoen_Noorderplantsoen1_NP123_R15,ISD_Noorderplantsoen_Noorderplantsoen1_NP123,ISOPleasant,0.0,0.37598634,
isd_individual_iso_prediction__isd__tong_style_reduced_xgboost__seed2027,isd_individual_iso_prediction,ISD,test,ISD_Noorderplantsoen_Noorderplantsoen1_NP123_R81,ISD_Noorderplantsoen_Noorderplantsoen1_NP123,ISOPleasant,0.2803,0.37598634,
isd_individual_iso_prediction__isd__tong_style_reduced_xgboost__seed2027,isd_individual_iso_prediction,ISD,test,ISD_Noorderplantsoen_Noorderplantsoen1_NP125_R80,ISD_Noorderplantsoen_Noorderplantsoen1_NP125,ISOPleasant,0.3232,0.1139373,
isd_individual_iso_prediction__isd__tong_style_reduced_xgboost__seed2027,isd_individual_iso_prediction,ISD,test,ISD_Noorderplantsoen_Noorderplantsoen1_NP126_R16,ISD_Noorderplantsoen_Noorderplantsoen1_NP126,ISOPleasant,-0.3536,0.30570212,
isd_individual_iso_prediction__isd__tong_style_reduced_xgboost__seed2027,isd_individual_iso_prediction,ISD,test,ISD_Noorderplantsoen_Noorderplantsoen1_NP127_R18,ISD_Noorderplantsoen_Noorderplantsoen1_NP127,ISOPleasant,0.3536,0.22869466,
isd_individual_iso_prediction__isd__tong_style_reduced_xgboost__seed2027,isd_individual_iso_prediction,ISD,test,ISD_Noorderplantsoen_Noorderplantsoen1_NP127_R17,ISD_Noorderplantsoen_Noorderplantsoen1_NP127,ISOPleasant,1.0,0.22869466,
isd_individual_iso_prediction__isd__tong_style_reduced_xgboost__seed2027,isd_individual_iso_prediction,ISD,test,ISD_Noorderplantsoen_Noorderplantsoen1_NP128_R19,ISD_Noorderplantsoen_Noorderplantsoen1_NP128,ISOPleasant,0.6036,0.13405457,
isd_individual_iso_prediction__isd__tong_style_reduced_xgboost__seed2027,isd_individual_iso_prediction,ISD,test,ISD_Noorderplantsoen_Noorderplantsoen1_NP129_R20,ISD_Noorderplantsoen_Noorderplantsoen1_NP129,ISOPleasant,0.25,0.2161937,
isd_individual_iso_prediction__isd__tong_style_reduced_xgboost__seed2027,isd_individual_iso_prediction,ISD,test,ISD_Noorderplantsoen_Noorderplantsoen1_NP129_R22,ISD_Noorderplantsoen_Noorderplantsoen1_NP129,ISOPleasant,0.6339,0.3423773,
isd_individual_iso_prediction__isd__tong_style_reduced_xgboost__seed2027,isd_individual_iso_prediction,ISD,test,ISD_Noorderplantsoen_Noorderplantsoen1_NP129_R21,ISD_Noorderplantsoen_Noorderplantsoen1_NP129,ISOPleasant,0.8536,0.34576187,
isd_individual_iso_prediction__isd__tong_style_reduced_xgboost__seed2027,isd_individual_iso_prediction,ISD,test,ISD_Noorderplantsoen_Noorderplantsoen1_NP131_R26,ISD_Noorderplantsoen_Noorderplantsoen1_NP131,ISOPleasant,0.7803,0.17861621,
isd_individual_iso_prediction__isd__tong_style_reduced_xgboost__seed2027,isd_individual_iso_prediction,ISD,test,ISD_Noorderplantsoen_Noorderplantsoen1_NP131_R27,ISD_Noorderplantsoen_Noorderplantsoen1_NP131,ISOPleasant,0.6036,0.122772545,
isd_individual_iso_prediction__isd__tong_style_reduced_xgboost__seed2027,isd_individual_iso_prediction,ISD,test,ISD_Noorderplantsoen_Noorderplantsoen1_NP132_R28,ISD_Noorderplantsoen_Noorderplantsoen1_NP132,ISOPleasant,0.6339,0.33305243,
isd_individual_iso_prediction__isd__tong_style_reduced_xgboost__seed2027,isd_individual_iso_prediction,ISD,test,ISD_Noorderplantsoen_Noorderplantsoen1_NP132_R78,ISD_Noorderplantsoen_Noorderplantsoen1_NP132,ISOPleasant,0.3232,0.31657192,
isd_individual_iso_prediction__isd__tong_style_reduced_xgboost__seed2027,isd_individual_iso_prediction,ISD,test,ISD_Noorderplantsoen_Noorderplantsoen1_NP133_R30,ISD_Noorderplantsoen_Noorderplantsoen1_NP133,ISOPleasant,0.2071,0.1888886,
isd_individual_iso_prediction__isd__tong_style_reduced_xgboost__seed2027,isd_individual_iso_prediction,ISD,test,ISD_Noorderplantsoen_Noorderplantsoen1_NP133_R31,ISD_Noorderplantsoen_Noorderplantsoen1_NP133,ISOPleasant,0.1768,0.18525542,
isd_individual_iso_prediction__isd__tong_style_reduced_xgboost__seed2027,isd_individual_iso_prediction,ISD,test,ISD_Noorderplantsoen_Noorderplantsoen1_NP134_R32,ISD_Noorderplantsoen_Noorderplantsoen1_NP134,ISOPleasant,0.4268,0.2591667,
isd_individual_iso_prediction__isd__tong_style_reduced_xgboost__seed2027,isd_individual_iso_prediction,ISD,test,ISD_Noorderplantsoen_Noorderplantsoen1_NP134_R77,ISD_Noorderplantsoen_Noorderplantsoen1_NP134,ISOPleasant,0.6339,0.2591667,
isd_individual_iso_prediction__isd__tong_style_reduced_xgboost__seed2027,isd_individual_iso_prediction,ISD,test,ISD_Noorderplantsoen_Noorderplantsoen1_NP135_R33,ISD_Noorderplantsoen_Noorderplantsoen1_NP135,ISOPleasant,0.6768,0.30200467,
isd_individual_iso_prediction__isd__tong_style_reduced_xgboost__seed2027,isd_individual_iso_prediction,ISD,test,ISD_Noorderplantsoen_Noorderplantsoen1_NP136_R34,ISD_Noorderplantsoen_Noorderplantsoen1_NP136,ISOPleasant,-0.25,0.17909072,
isd_individual_iso_prediction__isd__tong_style_reduced_xgboost__seed2027,isd_individual_iso_prediction,ISD,test,ISD_Noorderplantsoen_Noorderplantsoen1_NP136_R35,ISD_Noorderplantsoen_Noorderplantsoen1_NP136,ISOPleasant,0.75,0.1836845,
isd_individual_iso_prediction__isd__tong_style_reduced_xgboost__seed2027,isd_individual_iso_prediction,ISD,test,ISD_Noorderplantsoen_Noorderplantsoen1_NP138_R36,ISD_Noorderplantsoen_Noorderplantsoen1_NP138,ISOPleasant,0.4571,0.09764959,
isd_individual_iso_prediction__isd__tong_style_reduced_xgboost__seed2027,isd_individual_iso_prediction,ISD,test,ISD_Noorderplantsoen_Noorderplantsoen1_NP138_R76,ISD_Noorderplantsoen_Noorderplantsoen1_NP138,ISOPleasant,0.25,0.20942414,
isd_individual_iso_prediction__isd__tong_style_reduced_xgboost__seed2027,isd_individual_iso_prediction,ISD,test,ISD_Noorderplantsoen_Noorderplantsoen1_NP139_R37,ISD_Noorderplantsoen_Noorderplantsoen1_NP139,ISOPleasant,0.3536,-0.028731955,
isd_individual_iso_prediction__isd__tong_style_reduced_xgboost__seed2027,isd_individual_iso_prediction,ISD,test,ISD_Noorderplantsoen_Noorderplantsoen1_NP139_R38,ISD_Noorderplantsoen_Noorderplantsoen1_NP139,ISOPleasant,0.0429,0.14358523,
isd_individual_iso_prediction__isd__tong_style_reduced_xgboost__seed2027,isd_individual_iso_prediction,ISD,test,ISD_Noorderplantsoen_Noorderplantsoen1_NP140_R39,ISD_Noorderplantsoen_Noorderplantsoen1_NP140,ISOPleasant,0.5,0.1309454,
isd_individual_iso_prediction__isd__tong_style_reduced_xgboost__seed2027,isd_individual_iso_prediction,ISD,test,ISD_Noorderplantsoen_Noorderplantsoen1_NP140_R40,ISD_Noorderplantsoen_Noorderplantsoen1_NP140,ISOPleasant,0.5,0.19808713,
isd_individual_iso_prediction__isd__tong_style_reduced_xgboost__seed2027,isd_individual_iso_prediction,ISD,test,ISD_Noorderplantsoen_Noorderplantsoen1_NP141_R74,ISD_Noorderplantsoen_Noorderplantsoen1_NP141,ISOPleasant,0.6768,0.2899552,
isd_individual_iso_prediction__isd__tong_style_reduced_xgboost__seed2027,isd_individual_iso_prediction,ISD,test,ISD_Noorderplantsoen_Noorderplantsoen1_NP141_R75,ISD_Noorderplantsoen_Noorderplantsoen1_NP141,ISOPleasant,0.0,0.28312644,
isd_individual_iso_prediction__isd__tong_style_reduced_xgboost__seed2027,isd_individual_iso_prediction,ISD,test,ISD_Noorderplantsoen_Noorderplantsoen1_NP143_R41,ISD_Noorderplantsoen_Noorderplantsoen1_NP143,ISOPleasant,0.6339,0.25145748,
isd_individual_iso_prediction__isd__tong_style_reduced_xgboost__seed2027,isd_individual_iso_prediction,ISD,test,ISD_Noorderplantsoen_Noorderplantsoen1_NP146_R91,ISD_Noorderplantsoen_Noorderplantsoen1_NP146,ISOPleasant,0.3964,0.01378402,
isd_individual_iso_prediction__isd__tong_style_reduced_xgboost__seed2027,isd_individual_iso_prediction,ISD,test,ISD_Noorderplantsoen_Noorderplantsoen1_NP147_R42,ISD_Noorderplantsoen_Noorderplantsoen1_NP147,ISOPleasant,0.6464,0.020798044,
isd_individual_iso_prediction__isd__tong_style_reduced_xgboost__seed2027,isd_individual_iso_prediction,ISD,test,ISD_Noorderplantsoen_Noorderplantsoen1_NP148_R43,ISD_Noorderplantsoen_Noorderplantsoen1_NP148,ISOPleasant,-0.3107,0.118658885,
isd_individual_iso_prediction__isd__tong_style_reduced_xgboost__seed2027,isd_individual_iso_prediction,ISD,test,ISD_Noorderplantsoen_Noorderplantsoen1_NP148_R44,ISD_Noorderplantsoen_Noorderplantsoen1_NP148,ISOPleasant,0.25,0.23087926,
isd_individual_iso_prediction__isd__tong_style_reduced_xgboost__seed2027,isd_individual_iso_prediction,ISD,test,ISD_Noorderplantsoen_Noorderplantsoen1_NP149_R45,ISD_Noorderplantsoen_Noorderplantsoen1_NP149,ISOPleasant,0.6036,0.31408706,
isd_individual_iso_prediction__isd__tong_style_reduced_xgboost__seed2027,isd_individual_iso_prediction,ISD,test,ISD_Noorderplantsoen_Noorderplantsoen1_NP149_R46,ISD_Noorderplantsoen_Noorderplantsoen1_NP149,ISOPleasant,0.0303,0.31242216,
isd_individual_iso_prediction__isd__tong_style_reduced_xgboost__seed2027,isd_individual_iso_prediction,ISD,test,ISD_Noorderplantsoen_Noorderplantsoen1_NP150_R47,ISD_Noorderplantsoen_Noorderplantsoen1_NP150,ISOPleasant,0.6464,0.14635542,
isd_individual_iso_prediction__isd__tong_style_reduced_xgboost__seed2027,isd_individual_iso_prediction,ISD,test,ISD_Noorderplantsoen_Noorderplantsoen1_NP152_R48,ISD_Noorderplantsoen_Noorderplantsoen1_NP152,ISOPleasant,0.4268,0.11023316,
isd_individual_iso_prediction__isd__tong_style_reduced_xgboost__seed2027,isd_individual_iso_prediction,ISD,test,ISD_Noorderplantsoen_Noorderplantsoen1_NP153_R67,ISD_Noorderplantsoen_Noorderplantsoen1_NP153,ISOPleasant,0.6768,0.17810759,
isd_individual_iso_prediction__isd__tong_style_reduced_xgboost__seed2027,isd_individual_iso_prediction,ISD,test,ISD_Noorderplantsoen_Noorderplantsoen1_NP153_R71,ISD_Noorderplantsoen_Noorderplantsoen1_NP153,ISOPleasant,0.7071,0.23963906,
isd_individual_iso_prediction__isd__tong_style_reduced_xgboost__seed2027,isd_individual_iso_prediction,ISD,test,ISD_Noorderplantsoen_Noorderplantsoen1_NP153_R72,ISD_Noorderplantsoen_Noorderplantsoen1_NP153,ISOPleasant,0.5303,0.23963906,
isd_individual_iso_prediction__isd__tong_style_reduced_xgboost__seed2027,isd_individual_iso_prediction,ISD,test,ISD_Noorderplantsoen_Noorderplantsoen1_NP154_R49,ISD_Noorderplantsoen_Noorderplantsoen1_NP154,ISOPleasant,0.5,0.12835498,
isd_individual_iso_prediction__isd__tong_style_reduced_xgboost__seed2027,isd_individual_iso_prediction,ISD,test,ISD_Noorderplantsoen_Noorderplantsoen1_NP155_R51,ISD_Noorderplantsoen_Noorderplantsoen1_NP155,ISOPleasant,0.5,0.028710425,
isd_individual_iso_prediction__isd__tong_style_reduced_xgboost__seed2027,isd_individual_iso_prediction,ISD,test,ISD_Noorderplantsoen_Noorderplantsoen1_NP155_R50,ISD_Noorderplantsoen_Noorderplantsoen1_NP155,ISOPleasant,0.4268,0.07166999,
isd_individual_iso_prediction__isd__tong_style_reduced_xgboost__seed2027,isd_individual_iso_prediction,ISD,test,ISD_Noorderplantsoen_Noorderplantsoen1_NP155_R53,ISD_Noorderplantsoen_Noorderplantsoen1_NP155,ISOPleasant,0.3107,0.12927233,
isd_individual_iso_prediction__isd__tong_style_reduced_xgboost__seed2027,isd_individual_iso_prediction,ISD,test,ISD_Noorderplantsoen_Noorderplantsoen1_NP155_R52,ISD_Noorderplantsoen_Noorderplantsoen1_NP155,ISOPleasant,0.2626,0.22347125,
isd_individual_iso_prediction__isd__tong_style_reduced_xgboost__seed2027,isd_individual_iso_prediction,ISD,test,ISD_Noorderplantsoen_Noorderplantsoen1_NP156_R54,ISD_Noorderplantsoen_Noorderplantsoen1_NP156,ISOPleasant,0.3536,0.18360923,
isd_individual_iso_prediction__isd__tong_style_reduced_xgboost__seed2027,isd_individual_iso_prediction,ISD,test,ISD_Noorderplantsoen_Noorderplantsoen1_NP156_R93,ISD_Noorderplantsoen_Noorderplantsoen1_NP156,ISOPleasant,0.75,0.06508456,
isd_individual_iso_prediction__isd__tong_style_reduced_xgboost__seed2027,isd_individual_iso_prediction,ISD,test,ISD_Noorderplantsoen_Noorderplantsoen1_NP156_R95,ISD_Noorderplantsoen_Noorderplantsoen1_NP156,ISOPleasant,0.7071,0.21565011,
isd_individual_iso_prediction__isd__tong_style_reduced_xgboost__seed2027,isd_individual_iso_prediction,ISD,test,ISD_Noorderplantsoen_Noorderplantsoen1_NP157_R94,ISD_Noorderplantsoen_Noorderplantsoen1_NP157,ISOPleasant,-0.2071,-0.05105788,
isd_individual_iso_prediction__isd__tong_style_reduced_xgboost__seed2027,isd_individual_iso_prediction,ISD,test,ISD_Noorderplantsoen_Noorderplantsoen1_NP158_R57,ISD_Noorderplantsoen_Noorderplantsoen1_NP158,ISOPleasant,0.9268,0.15016474,
isd_individual_iso_prediction__isd__tong_style_reduced_xgboost__seed2027,isd_individual_iso_prediction,ISD,test,ISD_Noorderplantsoen_Noorderplantsoen1_NP158_R55,ISD_Noorderplantsoen_Noorderplantsoen1_NP158,ISOPleasant,0.8536,0.15791756,
isd_individual_iso_prediction__isd__tong_style_reduced_xgboost__seed2027,isd_individual_iso_prediction,ISD,test,ISD_Noorderplantsoen_Noorderplantsoen1_NP160_R59,ISD_Noorderplantsoen_Noorderplantsoen1_NP160,ISOPleasant,0.6768,0.20484327,
isd_individual_iso_prediction__isd__tong_style_reduced_xgboost__seed2027,isd_individual_iso_prediction,ISD,test,ISD_Noorderplantsoen_Noorderplantsoen1_NP160_R60,ISD_Noorderplantsoen_Noorderplantsoen1_NP160,ISOPleasant,0.5,0.14925441,
isd_individual_iso_prediction__isd__tong_style_reduced_xgboost__seed2027,isd_individual_iso_prediction,ISD,test,ISD_Noorderplantsoen_Noorderplantsoen1_NP161_R61,ISD_Noorderplantsoen_Noorderplantsoen1_NP161,ISOPleasant,0.4697,0.1951145,
isd_individual_iso_prediction__isd__tong_style_reduced_xgboost__seed2027,isd_individual_iso_prediction,ISD,test,ISD_Noorderplantsoen_Noorderplantsoen1_NP163_R70,ISD_Noorderplantsoen_Noorderplantsoen1_NP163,ISOPleasant,0.6161,0.21609657,
isd_individual_iso_prediction__isd__tong_style_reduced_xgboost__seed2027,isd_individual_iso_prediction,ISD,test,ISD_ZhongshanSquare_ZhongshanSquare6_ZS6021_RCL01,ISD_ZhongshanSquare_ZhongshanSquare6_ZS6021,ISOPleasant,0.0732,0.29069468,
isd_individual_iso_prediction__isd__tong_style_reduced_xgboost__seed2027,isd_individual_iso_prediction,ISD,test,ISD_ZhongshanSquare_ZhongshanSquare6_ZS6022_RCL02,ISD_ZhongshanSquare_ZhongshanSquare6_ZS6022,ISOPleasant,-0.25,0.33542976,
isd_individual_iso_prediction__isd__tong_style_reduced_xgboost__seed2027,isd_individual_iso_prediction,ISD,test,ISD_ZhongshanSquare_ZhongshanSquare6_ZS6023_RCL03,ISD_ZhongshanSquare_ZhongshanSquare6_ZS6023,ISOPleasant,0.3232,0.2910936,
isd_individual_iso_prediction__isd__tong_style_reduced_xgboost__seed2027,isd_individual_iso_prediction,ISD,test,ISD_ZhongshanSquare_ZhongshanSquare6_ZS6024_RCL04,ISD_ZhongshanSquare_ZhongshanSquare6_ZS6024,ISOPleasant,0.5,0.24656676,
isd_individual_iso_prediction__isd__tong_style_reduced_xgboost__seed2027,isd_individual_iso_prediction,ISD,test,ISD_ZhongshanSquare_ZhongshanSquare6_ZS6025_RCL05,ISD_ZhongshanSquare_ZhongshanSquare6_ZS6025,ISOPleasant,0.0,0.22932212,
isd_individual_iso_prediction__isd__tong_style_reduced_xgboost__seed2027,isd_individual_iso_prediction,ISD,test,ISD_ZhongshanSquare_ZhongshanSquare6_ZS6026_RCL06,ISD_ZhongshanSquare_ZhongshanSquare6_ZS6026,ISOPleasant,0.3232,0.20469552,
isd_individual_iso_prediction__isd__tong_style_reduced_xgboost__seed2027,isd_individual_iso_prediction,ISD,test,ISD_ZhongshanSquare_ZhongshanSquare6_ZS6027_RCL07,ISD_ZhongshanSquare_ZhongshanSquare6_ZS6027,ISOPleasant,0.1464,0.45614746,
isd_individual_iso_prediction__isd__tong_style_reduced_xgboost__seed2027,isd_individual_iso_prediction,ISD,test,ISD_ZhongshanSquare_ZhongshanSquare6_ZS6028_RCL08,ISD_ZhongshanSquare_ZhongshanSquare6_ZS6028,ISOPleasant,0.0,0.29451132,
isd_individual_iso_prediction__isd__tong_style_reduced_xgboost__seed2027,isd_individual_iso_prediction,ISD,test,ISD_ZhongshanSquare_ZhongshanSquare6_ZS6029_RCL09,ISD_ZhongshanSquare_ZhongshanSquare6_ZS6029,ISOPleasant,-0.0303,0.18510008,
isd_individual_iso_prediction__isd__tong_style_reduced_xgboost__seed2027,isd_individual_iso_prediction,ISD,test,ISD_ZhongshanSquare_ZhongshanSquare6_ZS6030_RCL10,ISD_ZhongshanSquare_ZhongshanSquare6_ZS6030,ISOPleasant,0.1768,0.20363651,
isd_individual_iso_prediction__isd__tong_style_reduced_xgboost__seed2027,isd_individual_iso_prediction,ISD,test,ISD_ZhongshanSquare_ZhongshanSquare6_ZS6031_RCL11,ISD_ZhongshanSquare_ZhongshanSquare6_ZS6031,ISOPleasant,0.4268,0.20722426,
isd_individual_iso_prediction__isd__tong_style_reduced_xgboost__seed2027,isd_individual_iso_prediction,ISD,test,ISD_ZhongshanSquare_ZhongshanSquare6_ZS6032_RCL12,ISD_ZhongshanSquare_ZhongshanSquare6_ZS6032,ISOPleasant,0.6768,0.13140385,
isd_individual_iso_prediction__isd__tong_style_reduced_xgboost__seed2027,isd_individual_iso_prediction,ISD,test,ISD_ZhongshanSquare_ZhongshanSquare6_ZS6033_RCL13,ISD_ZhongshanSquare_ZhongshanSquare6_ZS6033,ISOPleasant,0.25,0.18796286,
isd_individual_iso_prediction__isd__tong_style_reduced_xgboost__seed2027,isd_individual_iso_prediction,ISD,test,ISD_ZhongshanSquare_ZhongshanSquare6_ZS6034_RCL14,ISD_ZhongshanSquare_ZhongshanSquare6_ZS6034,ISOPleasant,0.2071,0.284218,
isd_individual_iso_prediction__isd__tong_style_reduced_xgboost__seed2027,isd_individual_iso_prediction,ISD,test,ISD_ZhongshanSquare_ZhongshanSquare6_ZS6035_RCL15,ISD_ZhongshanSquare_ZhongshanSquare6_ZS6035,ISOPleasant,0.4268,0.25936836,
isd_individual_iso_prediction__isd__tong_style_reduced_xgboost__seed2027,isd_individual_iso_prediction,ISD,test,ISD_ZhongshanSquare_ZhongshanSquare6_ZS6036_RQLF01,ISD_ZhongshanSquare_ZhongshanSquare6_ZS6036,ISOPleasant,0.3536,0.18626824,
isd_individual_iso_prediction__isd__tong_style_reduced_xgboost__seed2027,isd_individual_iso_prediction,ISD,test,ISD_ZhongshanSquare_ZhongshanSquare6_ZS6037_RQLF02,ISD_ZhongshanSquare_ZhongshanSquare6_ZS6037,ISOPleasant,0.0732,0.30638012,
isd_individual_iso_prediction__isd__tong_style_reduced_xgboost__seed2027,isd_individual_iso_prediction,ISD,test,ISD_ZhongshanSquare_ZhongshanSquare6_ZS6038_RQLF03,ISD_ZhongshanSquare_ZhongshanSquare6_ZS6038,ISOPleasant,0.5,0.26242527,
isd_individual_iso_prediction__isd__tong_style_reduced_xgboost__seed2027,isd_individual_iso_prediction,ISD,test,ISD_ZhongshanSquare_ZhongshanSquare6_ZS6039_RQLF04,ISD_ZhongshanSquare_ZhongshanSquare6_ZS6039,ISOPleasant,-0.5,0.3209543,
isd_individual_iso_prediction__isd__tong_style_reduced_xgboost__seed2027,isd_individual_iso_prediction,ISD,test,ISD_ZhongshanSquare_ZhongshanSquare6_ZS6040_RQLF05,ISD_ZhongshanSquare_ZhongshanSquare6_ZS6040,ISOPleasant,-0.1768,0.15872249,
isd_individual_iso_prediction__isd__tong_style_reduced_xgboost__seed2027,isd_individual_iso_prediction,ISD,test,ISD_ZhongshanSquare_ZhongshanSquare6_ZS6041_RQLF06,ISD_ZhongshanSquare_ZhongshanSquare6_ZS6041,ISOPleasant,0.2197,0.214708,
isd_individual_iso_prediction__isd__tong_style_reduced_xgboost__seed2027,isd_individual_iso_prediction,ISD,test,ISD_ZhongshanSquare_ZhongshanSquare6_ZS6042_RQLF07,ISD_ZhongshanSquare_ZhongshanSquare6_ZS6042,ISOPleasant,0.1768,0.3477974,
isd_individual_iso_prediction__isd__tong_style_reduced_xgboost__seed2027,isd_individual_iso_prediction,ISD,test,ISD_ZhongshanSquare_ZhongshanSquare6_ZS6043_RQLF08,ISD_ZhongshanSquare_ZhongshanSquare6_ZS6043,ISOPleasant,0.2803,0.12733305,
isd_individual_iso_prediction__isd__tong_style_reduced_xgboost__seed2027,isd_individual_iso_prediction,ISD,test,ISD_ZhongshanSquare_ZhongshanSquare6_ZS6044_RQLF09,ISD_ZhongshanSquare_ZhongshanSquare6_ZS6044,ISOPleasant,0.5303,0.2656198,
isd_individual_iso_prediction__isd__tong_style_reduced_xgboost__seed2027,isd_individual_iso_prediction,ISD,test,ISD_ZhongshanSquare_ZhongshanSquare6_ZS6045_RQLF10,ISD_ZhongshanSquare_ZhongshanSquare6_ZS6045,ISOPleasant,0.6036,0.18631953,
isd_individual_iso_prediction__isd__tong_style_reduced_xgboost__seed2027,isd_individual_iso_prediction,ISD,test,ISD_ZhongshanSquare_ZhongshanSquare6_ZS6046_RQLF11,ISD_ZhongshanSquare_ZhongshanSquare6_ZS6046,ISOPleasant,0.0607,0.23335037,
isd_individual_iso_prediction__isd__tong_style_reduced_xgboost__seed2027,isd_individual_iso_prediction,ISD,test,ISD_ZhongshanSquare_ZhongshanSquare6_ZS6047_RQLF12,ISD_ZhongshanSquare_ZhongshanSquare6_ZS6047,ISOPleasant,0.25,0.21215945,
isd_individual_iso_prediction__isd__tong_style_reduced_xgboost__seed2027,isd_individual_iso_prediction,ISD,test,ISD_ZhongshanSquare_ZhongshanSquare6_ZS6048_RQLF13,ISD_ZhongshanSquare_ZhongshanSquare6_ZS6048,ISOPleasant,0.5,0.31687656,
isd_individual_iso_prediction__isd__tong_style_reduced_xgboost__seed2027,isd_individual_iso_prediction,ISD,test,ISD_ZhongshanSquare_ZhongshanSquare6_ZS6049_RQLF14,ISD_ZhongshanSquare_ZhongshanSquare6_ZS6049,ISOPleasant,0.1768,0.34408948,
isd_individual_iso_prediction__isd__tong_style_reduced_xgboost__seed2027,isd_individual_iso_prediction,ISD,test,ISD_ZhongshanSquare_ZhongshanSquare6_ZS6051_RJS02,ISD_ZhongshanSquare_ZhongshanSquare6_ZS6051,ISOPleasant,-0.1036,0.15466315,
isd_individual_iso_prediction__isd__tong_style_reduced_xgboost__seed2027,isd_individual_iso_prediction,ISD,test,ISD_ZhongshanSquare_ZhongshanSquare6_ZS6052_RJS03,ISD_ZhongshanSquare_ZhongshanSquare6_ZS6052,ISOPleasant,-0.1464,0.23545752,
isd_individual_iso_prediction__isd__tong_style_reduced_xgboost__seed2027,isd_individual_iso_prediction,ISD,test,ISD_ZhongshanSquare_ZhongshanSquare6_ZS6053_RJS04,ISD_ZhongshanSquare_ZhongshanSquare6_ZS6053,ISOPleasant,0.0,0.18174534,
isd_individual_iso_prediction__isd__tong_style_reduced_xgboost__seed2027,isd_individual_iso_prediction,ISD,test,ISD_ZhongshanSquare_ZhongshanSquare6_ZS6054_RJS05,ISD_ZhongshanSquare_ZhongshanSquare6_ZS6054,ISOPleasant,-0.2197,0.44194087,
isd_individual_iso_prediction__isd__tong_style_reduced_xgboost__seed2027,isd_individual_iso_prediction,ISD,test,ISD_ZhongshanSquare_ZhongshanSquare6_ZS6055_RJS06,ISD_ZhongshanSquare_ZhongshanSquare6_ZS6055,ISOPleasant,0.0303,0.2767389,
isd_individual_iso_prediction__isd__tong_style_reduced_xgboost__seed2027,isd_individual_iso_prediction,ISD,test,ISD_ZhongshanSquare_ZhongshanSquare6_ZS6056_RJS07,ISD_ZhongshanSquare_ZhongshanSquare6_ZS6056,ISOPleasant,0.0732,0.21330783,
isd_individual_iso_prediction__isd__tong_style_reduced_xgboost__seed2027,isd_individual_iso_prediction,ISD,test,ISD_ZhongshanSquare_ZhongshanSquare6_ZS6058_RJS09,ISD_ZhongshanSquare_ZhongshanSquare6_ZS6058,ISOPleasant,0.1036,0.36099625,
isd_individual_iso_prediction__isd__tong_style_reduced_xgboost__seed2027,isd_individual_iso_prediction,ISD,test,ISD_ZhongshanSquare_ZhongshanSquare6_ZS6059_RJS10,ISD_ZhongshanSquare_ZhongshanSquare6_ZS6059,ISOPleasant,-0.1464,0.31500578,
isd_individual_iso_prediction__isd__tong_style_reduced_xgboost__seed2027,isd_individual_iso_prediction,ISD,test,ISD_ZhongshanSquare_ZhongshanSquare6_ZS6060_RJS11,ISD_ZhongshanSquare_ZhongshanSquare6_ZS6060,ISOPleasant,0.5,0.22183014,
isd_individual_iso_prediction__isd__tong_style_reduced_xgboost__seed2027,isd_individual_iso_prediction,ISD,test,ISD_ZhongshanSquare_ZhongshanSquare6_ZS6061_RJS12,ISD_ZhongshanSquare_ZhongshanSquare6_ZS6061,ISOPleasant,0.0732,0.09800463,
isd_individual_iso_prediction__isd__tong_style_reduced_xgboost__seed2027,isd_individual_iso_prediction,ISD,test,ISD_ZhongshanSquare_ZhongshanSquare6_ZS6062_RJS13,ISD_ZhongshanSquare_ZhongshanSquare6_ZS6062,ISOPleasant,0.0,0.27198645,
isd_individual_iso_prediction__isd__tong_style_reduced_xgboost__seed2027,isd_individual_iso_prediction,ISD,test,ISD_ZhongshanSquare_ZhongshanSquare6_ZS6063_RJS14,ISD_ZhongshanSquare_ZhongshanSquare6_ZS6063,ISOPleasant,0.5,0.12733305,
isd_individual_iso_prediction__isd__tong_style_reduced_xgboost__seed2027,isd_individual_iso_prediction,ISD,test,ISD_ZhongshanSquare_ZhongshanSquare6_ZS6064_RJS15,ISD_ZhongshanSquare_ZhongshanSquare6_ZS6064,ISOPleasant,0.0,0.23975909,
isd_individual_iso_prediction__isd__tong_style_reduced_xgboost__seed2027,isd_individual_iso_prediction,ISD,test,ISD_ZhongshanSquare_ZhongshanSquare6_ZS6089_RLWQ01,ISD_ZhongshanSquare_ZhongshanSquare6_ZS6089,ISOPleasant,0.5,0.24328382,
isd_individual_iso_prediction__isd__tong_style_reduced_xgboost__seed2027,isd_individual_iso_prediction,ISD,test,ISD_ZhongshanSquare_ZhongshanSquare6_ZS6090_RLWQ02,ISD_ZhongshanSquare_ZhongshanSquare6_ZS6090,ISOPleasant,0.1768,0.31643996,
isd_individual_iso_prediction__isd__tong_style_reduced_xgboost__seed2027,isd_individual_iso_prediction,ISD,test,ISD_ZhongshanSquare_ZhongshanSquare6_ZS6091_RLWQ04,ISD_ZhongshanSquare_ZhongshanSquare6_ZS6091,ISOPleasant,0.2803,0.36787292,
isd_individual_iso_prediction__isd__tong_style_reduced_xgboost__seed2027,isd_individual_iso_prediction,ISD,test,ISD_ZhongshanSquare_ZhongshanSquare6_ZS6092_RLWQ05,ISD_ZhongshanSquare_ZhongshanSquare6_ZS6092,ISOPleasant,0.3536,0.36473277,
isd_individual_iso_prediction__isd__tong_style_reduced_xgboost__seed2027,isd_individual_iso_prediction,ISD,test,ISD_ZhongshanSquare_ZhongshanSquare6_ZS6093_RLWQ06,ISD_ZhongshanSquare_ZhongshanSquare6_ZS6093,ISOPleasant,0.25,0.27415034,
isd_individual_iso_prediction__isd__tong_style_reduced_xgboost__seed2027,isd_individual_iso_prediction,ISD,test,ISD_ZhongshanSquare_ZhongshanSquare6_ZS6094_RLWQ07,ISD_ZhongshanSquare_ZhongshanSquare6_ZS6094,ISOPleasant,-0.2803,0.20336308,
isd_individual_iso_prediction__isd__tong_style_reduced_xgboost__seed2027,isd_individual_iso_prediction,ISD,test,ISD_ZhongshanSquare_ZhongshanSquare6_ZS6110_RCWY01,ISD_ZhongshanSquare_ZhongshanSquare6_ZS6110,ISOPleasant,0.2803,0.34730446,
isd_individual_iso_prediction__isd__tong_style_reduced_xgboost__seed2027,isd_individual_iso_prediction,ISD,test,ISD_ZhongshanSquare_ZhongshanSquare6_ZS6111_RCWY02,ISD_ZhongshanSquare_ZhongshanSquare6_ZS6111,ISOPleasant,0.0,0.41320312,
isd_individual_iso_prediction__isd__tong_style_reduced_xgboost__seed2027,isd_individual_iso_prediction,ISD,test,ISD_ZhongshanSquare_ZhongshanSquare6_ZS6112_RCWY03,ISD_ZhongshanSquare_ZhongshanSquare6_ZS6112,ISOPleasant,0.0,0.4027814,
isd_individual_iso_prediction__isd__tong_style_reduced_xgboost__seed2027,isd_individual_iso_prediction,ISD,test,ISD_ZhongshanSquare_ZhongshanSquare6_ZS6113_RCWY04,ISD_ZhongshanSquare_ZhongshanSquare6_ZS6113,ISOPleasant,0.0,0.29707915,
isd_individual_iso_prediction__isd__tong_style_reduced_xgboost__seed2027,isd_individual_iso_prediction,ISD,test,ISD_ZhongshanSquare_ZhongshanSquare6_ZS6114_RCWY05,ISD_ZhongshanSquare_ZhongshanSquare6_ZS6114,ISOPleasant,0.0,0.31774127,
isd_individual_iso_prediction__isd__tong_style_reduced_xgboost__seed2027,isd_individual_iso_prediction,ISD,test,ISD_ZhongshanSquare_ZhongshanSquare6_ZS6115_RCWY06,ISD_ZhongshanSquare_ZhongshanSquare6_ZS6115,ISOPleasant,0.0,0.17600258,
isd_individual_iso_prediction__isd__tong_style_reduced_xgboost__seed2027,isd_individual_iso_prediction,ISD,test,ISD_ZhongshanSquare_ZhongshanSquare6_ZS6116_RCWY07,ISD_ZhongshanSquare_ZhongshanSquare6_ZS6116,ISOPleasant,0.0,0.21331312,
isd_individual_iso_prediction__isd__tong_style_reduced_xgboost__seed2027,isd_individual_iso_prediction,ISD,test,ISD_ZhongshanSquare_ZhongshanSquare6_ZS6117_RCWY08,ISD_ZhongshanSquare_ZhongshanSquare6_ZS6117,ISOPleasant,0.0,0.3079298,
isd_individual_iso_prediction__isd__tong_style_reduced_xgboost__seed2027,isd_individual_iso_prediction,ISD,test,ISD_ZhongshanSquare_ZhongshanSquare6_ZS6118_RZML01,ISD_ZhongshanSquare_ZhongshanSquare6_ZS6118,ISOPleasant,0.25,0.41598696,
isd_individual_iso_prediction__isd__tong_style_reduced_xgboost__seed2027,isd_individual_iso_prediction,ISD,test,ISD_ZhongshanSquare_ZhongshanSquare6_ZS6119_RZML02,ISD_ZhongshanSquare_ZhongshanSquare6_ZS6119,ISOPleasant,0.3839,0.41228324,
isd_individual_iso_prediction__isd__tong_style_reduced_xgboost__seed2027,isd_individual_iso_prediction,ISD,test,ISD_ZhongshanSquare_ZhongshanSquare6_ZS6120_RZML03,ISD_ZhongshanSquare_ZhongshanSquare6_ZS6120,ISOPleasant,0.5732,0.31751302,
isd_individual_iso_prediction__isd__tong_style_reduced_xgboost__seed2027,isd_individual_iso_prediction,ISD,test,ISD_ZhongshanSquare_ZhongshanSquare6_ZS6121_RZML04,ISD_ZhongshanSquare_ZhongshanSquare6_ZS6121,ISOPleasant,0.4268,0.2794591,
isd_individual_iso_prediction__isd__tong_style_reduced_xgboost__seed2027,isd_individual_iso_prediction,ISD,test,ISD_ZhongshanSquare_ZhongshanSquare6_ZS6122_RZML05,ISD_ZhongshanSquare_ZhongshanSquare6_ZS6122,ISOPleasant,0.6036,0.33344552,
isd_individual_iso_prediction__isd__tong_style_reduced_xgboost__seed2027,isd_individual_iso_prediction,ISD,test,ISD_ZhongshanSquare_ZhongshanSquare6_ZS6123_RZML06,ISD_ZhongshanSquare_ZhongshanSquare6_ZS6123,ISOPleasant,0.4268,0.30197185,
isd_individual_iso_prediction__isd__tong_style_reduced_xgboost__seed2027,isd_individual_iso_prediction,ISD,test,ISD_ZhongshanSquare_ZhongshanSquare6_ZS6124_RZML07,ISD_ZhongshanSquare_ZhongshanSquare6_ZS6124,ISOPleasant,0.5,0.19056351,
isd_individual_iso_prediction__isd__tong_style_reduced_xgboost__seed2027,isd_individual_iso_prediction,ISD,test,ISD_ZhongshanSquare_ZhongshanSquare6_ZS6125_RZML08,ISD_ZhongshanSquare_ZhongshanSquare6_ZS6125,ISOPleasant,0.25,0.30843636,
isd_individual_iso_prediction__isd__tong_style_reduced_xgboost__seed2027,isd_individual_iso_prediction,ISD,dev,ISD_EustonTap_EustonTap1_ET101_R1284,ISD_EustonTap_EustonTap1_ET101,ISOEventful,0.1464,0.30131224,
isd_individual_iso_prediction__isd__tong_style_reduced_xgboost__seed2027,isd_individual_iso_prediction,ISD,dev,ISD_EustonTap_EustonTap1_ET101_R1285,ISD_EustonTap_EustonTap1_ET101,ISOEventful,0.0429,0.2972208,
isd_individual_iso_prediction__isd__tong_style_reduced_xgboost__seed2027,isd_individual_iso_prediction,ISD,dev,ISD_EustonTap_EustonTap1_ET103_R1286,ISD_EustonTap_EustonTap1_ET103,ISOEventful,0.341,0.1974901,
isd_individual_iso_prediction__isd__tong_style_reduced_xgboost__seed2027,isd_individual_iso_prediction,ISD,dev,ISD_EustonTap_EustonTap1_ET103_R1287,ISD_EustonTap_EustonTap1_ET103,ISOEventful,0.1768,0.21751569,
isd_individual_iso_prediction__isd__tong_style_reduced_xgboost__seed2027,isd_individual_iso_prediction,ISD,dev,ISD_EustonTap_EustonTap1_ET103_R1288,ISD_EustonTap_EustonTap1_ET103,ISOEventful,0.3839,0.21559627,
isd_individual_iso_prediction__isd__tong_style_reduced_xgboost__seed2027,isd_individual_iso_prediction,ISD,dev,ISD_EustonTap_EustonTap1_ET104_R1289,ISD_EustonTap_EustonTap1_ET104,ISOEventful,0.7929,0.20154195,
isd_individual_iso_prediction__isd__tong_style_reduced_xgboost__seed2027,isd_individual_iso_prediction,ISD,dev,ISD_EustonTap_EustonTap1_ET105_R1290,ISD_EustonTap_EustonTap1_ET105,ISOEventful,0.0429,0.1610459,
isd_individual_iso_prediction__isd__tong_style_reduced_xgboost__seed2027,isd_individual_iso_prediction,ISD,dev,ISD_EustonTap_EustonTap1_ET105_R1291,ISD_EustonTap_EustonTap1_ET105,ISOEventful,0.0429,0.19499554,
isd_individual_iso_prediction__isd__tong_style_reduced_xgboost__seed2027,isd_individual_iso_prediction,ISD,dev,ISD_EustonTap_EustonTap1_ET106_R1292,ISD_EustonTap_EustonTap1_ET106,ISOEventful,-0.2197,0.15212515,
isd_individual_iso_prediction__isd__tong_style_reduced_xgboost__seed2027,isd_individual_iso_prediction,ISD,dev,ISD_EustonTap_EustonTap1_ET106_R1293,ISD_EustonTap_EustonTap1_ET106,ISOEventful,0.0,0.04433979,
isd_individual_iso_prediction__isd__tong_style_reduced_xgboost__seed2027,isd_individual_iso_prediction,ISD,dev,ISD_EustonTap_EustonTap1_ET107_R1294,ISD_EustonTap_EustonTap1_ET107,ISOEventful,-0.2071,0.35104716,
isd_individual_iso_prediction__isd__tong_style_reduced_xgboost__seed2027,isd_individual_iso_prediction,ISD,dev,ISD_EustonTap_EustonTap1_ET108_R1295,ISD_EustonTap_EustonTap1_ET108,ISOEventful,0.3232,0.31166992,
isd_individual_iso_prediction__isd__tong_style_reduced_xgboost__seed2027,isd_individual_iso_prediction,ISD,dev,ISD_EustonTap_EustonTap1_ET109_R1296,ISD_EustonTap_EustonTap1_ET109,ISOEventful,0.5,0.19852659,
isd_individual_iso_prediction__isd__tong_style_reduced_xgboost__seed2027,isd_individual_iso_prediction,ISD,dev,ISD_EustonTap_EustonTap1_ET109_R1298,ISD_EustonTap_EustonTap1_ET109,ISOEventful,0.1768,0.18038109,
isd_individual_iso_prediction__isd__tong_style_reduced_xgboost__seed2027,isd_individual_iso_prediction,ISD,dev,ISD_EustonTap_EustonTap1_ET110_R1297,ISD_EustonTap_EustonTap1_ET110,ISOEventful,-0.0607,0.37127167,
isd_individual_iso_prediction__isd__tong_style_reduced_xgboost__seed2027,isd_individual_iso_prediction,ISD,dev,ISD_EustonTap_EustonTap1_ET110_R1299,ISD_EustonTap_EustonTap1_ET110,ISOEventful,0.0303,0.3657858,
isd_individual_iso_prediction__isd__tong_style_reduced_xgboost__seed2027,isd_individual_iso_prediction,ISD,dev,ISD_EustonTap_EustonTap1_ET111_R1300,ISD_EustonTap_EustonTap1_ET111,ISOEventful,0.0,0.2040506,
isd_individual_iso_prediction__isd__tong_style_reduced_xgboost__seed2027,isd_individual_iso_prediction,ISD,dev,ISD_EustonTap_EustonTap1_ET111_R1301,ISD_EustonTap_EustonTap1_ET111,ISOEventful,0.0858,0.21206854,
isd_individual_iso_prediction__isd__tong_style_reduced_xgboost__seed2027,isd_individual_iso_prediction,ISD,dev,ISD_EustonTap_EustonTap1_ET112_R1302,ISD_EustonTap_EustonTap1_ET112,ISOEventful,0.4268,0.23596676,
isd_individual_iso_prediction__isd__tong_style_reduced_xgboost__seed2027,isd_individual_iso_prediction,ISD,dev,ISD_EustonTap_EustonTap1_ET113_R1303,ISD_EustonTap_EustonTap1_ET113,ISOEventful,-0.1036,0.18909596,
isd_individual_iso_prediction__isd__tong_style_reduced_xgboost__seed2027,isd_individual_iso_prediction,ISD,dev,ISD_EustonTap_EustonTap1_ET115_R1306,ISD_EustonTap_EustonTap1_ET115,ISOEventful,-0.1036,0.45625663,
isd_individual_iso_prediction__isd__tong_style_reduced_xgboost__seed2027,isd_individual_iso_prediction,ISD,dev,ISD_EustonTap_EustonTap1_ET115_R1308,ISD_EustonTap_EustonTap1_ET115,ISOEventful,0.0126,0.3862732,
isd_individual_iso_prediction__isd__tong_style_reduced_xgboost__seed2027,isd_individual_iso_prediction,ISD,dev,ISD_EustonTap_EustonTap1_ET115_R1309,ISD_EustonTap_EustonTap1_ET115,ISOEventful,-0.0607,0.4140063,
isd_individual_iso_prediction__isd__tong_style_reduced_xgboost__seed2027,isd_individual_iso_prediction,ISD,dev,ISD_EustonTap_EustonTap1_ET116_R1305,ISD_EustonTap_EustonTap1_ET116,ISOEventful,-0.3536,0.2896715,
isd_individual_iso_prediction__isd__tong_style_reduced_xgboost__seed2027,isd_individual_iso_prediction,ISD,dev,ISD_EustonTap_EustonTap1_ET117_R1311,ISD_EustonTap_EustonTap1_ET117,ISOEventful,0.5,0.20326227,
isd_individual_iso_prediction__isd__tong_style_reduced_xgboost__seed2027,isd_individual_iso_prediction,ISD,dev,ISD_EustonTap_EustonTap1_ET118_R1307,ISD_EustonTap_EustonTap1_ET118,ISOEventful,0.4268,0.22098015,
isd_individual_iso_prediction__isd__tong_style_reduced_xgboost__seed2027,isd_individual_iso_prediction,ISD,dev,ISD_EustonTap_EustonTap1_ET118_R1310,ISD_EustonTap_EustonTap1_ET118,ISOEventful,0.6768,0.19497512,
isd_individual_iso_prediction__isd__tong_style_reduced_xgboost__seed2027,isd_individual_iso_prediction,ISD,dev,ISD_EustonTap_EustonTap1_ET118_R1312,ISD_EustonTap_EustonTap1_ET118,ISOEventful,0.2197,0.20442076,
isd_individual_iso_prediction__isd__tong_style_reduced_xgboost__seed2027,isd_individual_iso_prediction,ISD,dev,ISD_EustonTap_EustonTap1_ET118_R1313,ISD_EustonTap_EustonTap1_ET118,ISOEventful,-0.1945,0.22607209,
isd_individual_iso_prediction__isd__tong_style_reduced_xgboost__seed2027,isd_individual_iso_prediction,ISD,dev,ISD_EustonTap_EustonTap1_ET119_R1314,ISD_EustonTap_EustonTap1_ET119,ISOEventful,0.1768,0.21539675,
isd_individual_iso_prediction__isd__tong_style_reduced_xgboost__seed2027,isd_individual_iso_prediction,ISD,dev,ISD_EustonTap_EustonTap1_ET120_R1315,ISD_EustonTap_EustonTap1_ET120,ISOEventful,0.5303,0.20500164,
isd_individual_iso_prediction__isd__tong_style_reduced_xgboost__seed2027,isd_individual_iso_prediction,ISD,dev,ISD_EustonTap_EustonTap1_ET120_R1316,ISD_EustonTap_EustonTap1_ET120,ISOEventful,0.4268,0.20500164,
isd_individual_iso_prediction__isd__tong_style_reduced_xgboost__seed2027,isd_individual_iso_prediction,ISD,dev,ISD_EustonTap_EustonTap1_ET121_R1317,ISD_EustonTap_EustonTap1_ET121,ISOEventful,0.341,0.25223878,
isd_individual_iso_prediction__isd__tong_style_reduced_xgboost__seed2027,isd_individual_iso_prediction,ISD,dev,ISD_EustonTap_EustonTap1_ET122_R1318,ISD_EustonTap_EustonTap1_ET122,ISOEventful,0.1464,0.21215503,
isd_individual_iso_prediction__isd__tong_style_reduced_xgboost__seed2027,isd_individual_iso_prediction,ISD,dev,ISD_EustonTap_EustonTap1_ET122_R1319,ISD_EustonTap_EustonTap1_ET122,ISOEventful,0.2322,0.2036012,
isd_individual_iso_prediction__isd__tong_style_reduced_xgboost__seed2027,isd_individual_iso_prediction,ISD,dev,ISD_EustonTap_EustonTap1_ET123_R1320,ISD_EustonTap_EustonTap1_ET123,ISOEventful,0.3964,0.26160863,
isd_individual_iso_prediction__isd__tong_style_reduced_xgboost__seed2027,isd_individual_iso_prediction,ISD,dev,ISD_EustonTap_EustonTap1_ET123_R1321,ISD_EustonTap_EustonTap1_ET123,ISOEventful,0.5732,0.30295554,
isd_individual_iso_prediction__isd__tong_style_reduced_xgboost__seed2027,isd_individual_iso_prediction,ISD,dev,ISD_EustonTap_EustonTap1_ET123_R1322,ISD_EustonTap_EustonTap1_ET123,ISOEventful,-0.1464,0.25582778,
isd_individual_iso_prediction__isd__tong_style_reduced_xgboost__seed2027,isd_individual_iso_prediction,ISD,dev,ISD_EustonTap_EustonTap1_ET124_R1323,ISD_EustonTap_EustonTap1_ET124,ISOEventful,-0.341,0.24480233,
isd_individual_iso_prediction__isd__tong_style_reduced_xgboost__seed2027,isd_individual_iso_prediction,ISD,dev,ISD_EustonTap_EustonTap1_ET124_R1324,ISD_EustonTap_EustonTap1_ET124,ISOEventful,0.0,0.21100691,
isd_individual_iso_prediction__isd__tong_style_reduced_xgboost__seed2027,isd_individual_iso_prediction,ISD,dev,ISD_EustonTap_EustonTap1_ET125_R1325,ISD_EustonTap_EustonTap1_ET125,ISOEventful,0.25,0.19707581,
isd_individual_iso_prediction__isd__tong_style_reduced_xgboost__seed2027,isd_individual_iso_prediction,ISD,dev,ISD_EustonTap_EustonTap2_ET201_R1326,ISD_EustonTap_EustonTap2_ET201,ISOEventful,0.7803,0.17832556,
isd_individual_iso_prediction__isd__tong_style_reduced_xgboost__seed2027,isd_individual_iso_prediction,ISD,dev,ISD_EustonTap_EustonTap2_ET201_R1327,ISD_EustonTap_EustonTap2_ET201,ISOEventful,0.0858,0.18595433,
isd_individual_iso_prediction__isd__tong_style_reduced_xgboost__seed2027,isd_individual_iso_prediction,ISD,dev,ISD_EustonTap_EustonTap2_ET201_R1328,ISD_EustonTap_EustonTap2_ET201,ISOEventful,0.3055,0.15897417,
isd_individual_iso_prediction__isd__tong_style_reduced_xgboost__seed2027,isd_individual_iso_prediction,ISD,dev,ISD_EustonTap_EustonTap2_ET202_R1329,ISD_EustonTap_EustonTap2_ET202,ISOEventful,0.5732,0.4374282,
isd_individual_iso_prediction__isd__tong_style_reduced_xgboost__seed2027,isd_individual_iso_prediction,ISD,dev,ISD_EustonTap_EustonTap2_ET203_R1330,ISD_EustonTap_EustonTap2_ET203,ISOEventful,0.2197,0.19275886,
isd_individual_iso_prediction__isd__tong_style_reduced_xgboost__seed2027,isd_individual_iso_prediction,ISD,dev,ISD_EustonTap_EustonTap2_ET205_R1332,ISD_EustonTap_EustonTap2_ET205,ISOEventful,0.0126,0.25945508,
isd_individual_iso_prediction__isd__tong_style_reduced_xgboost__seed2027,isd_individual_iso_prediction,ISD,dev,ISD_EustonTap_EustonTap2_ET205_R1333,ISD_EustonTap_EustonTap2_ET205,ISOEventful,0.6768,0.22780062,
isd_individual_iso_prediction__isd__tong_style_reduced_xgboost__seed2027,isd_individual_iso_prediction,ISD,dev,ISD_EustonTap_EustonTap2_ET206_R1334,ISD_EustonTap_EustonTap2_ET206,ISOEventful,0.2197,0.25450888,
isd_individual_iso_prediction__isd__tong_style_reduced_xgboost__seed2027,isd_individual_iso_prediction,ISD,dev,ISD_EustonTap_EustonTap2_ET206_R1335,ISD_EustonTap_EustonTap2_ET206,ISOEventful,0.3232,0.20487331,
isd_individual_iso_prediction__isd__tong_style_reduced_xgboost__seed2027,isd_individual_iso_prediction,ISD,dev,ISD_EustonTap_EustonTap2_ET206_R1336,ISD_EustonTap_EustonTap2_ET206,ISOEventful,0.5732,0.21197377,
isd_individual_iso_prediction__isd__tong_style_reduced_xgboost__seed2027,isd_individual_iso_prediction,ISD,dev,ISD_EustonTap_EustonTap2_ET207_R1338,ISD_EustonTap_EustonTap2_ET207,ISOEventful,0.8232,0.16998355,
isd_individual_iso_prediction__isd__tong_style_reduced_xgboost__seed2027,isd_individual_iso_prediction,ISD,dev,ISD_EustonTap_EustonTap2_ET207_R1339,ISD_EustonTap_EustonTap2_ET207,ISOEventful,0.4697,0.14978665,
isd_individual_iso_prediction__isd__tong_style_reduced_xgboost__seed2027,isd_individual_iso_prediction,ISD,dev,ISD_EustonTap_EustonTap2_ET207_R1340,ISD_EustonTap_EustonTap2_ET207,ISOEventful,0.1768,0.17551808,
isd_individual_iso_prediction__isd__tong_style_reduced_xgboost__seed2027,isd_individual_iso_prediction,ISD,dev,ISD_EustonTap_EustonTap2_ET207_R1341,ISD_EustonTap_EustonTap2_ET207,ISOEventful,0.0,0.15157822,
isd_individual_iso_prediction__isd__tong_style_reduced_xgboost__seed2027,isd_individual_iso_prediction,ISD,dev,ISD_EustonTap_EustonTap2_ET210_R1345,ISD_EustonTap_EustonTap2_ET210,ISOEventful,0.159,0.22564308,
isd_individual_iso_prediction__isd__tong_style_reduced_xgboost__seed2027,isd_individual_iso_prediction,ISD,dev,ISD_EustonTap_EustonTap2_ET211_R1346,ISD_EustonTap_EustonTap2_ET211,ISOEventful,-0.3232,0.2726464,
isd_individual_iso_prediction__isd__tong_style_reduced_xgboost__seed2027,isd_individual_iso_prediction,ISD,dev,ISD_EustonTap_EustonTap2_ET212_R1347,ISD_EustonTap_EustonTap2_ET212,ISOEventful,0.1893,0.19965784,
isd_individual_iso_prediction__isd__tong_style_reduced_xgboost__seed2027,isd_individual_iso_prediction,ISD,dev,ISD_EustonTap_EustonTap2_ET212_R1348,ISD_EustonTap_EustonTap2_ET212,ISOEventful,0.2929,0.20171878,
isd_individual_iso_prediction__isd__tong_style_reduced_xgboost__seed2027,isd_individual_iso_prediction,ISD,dev,ISD_EustonTap_EustonTap2_ET213_R1349,ISD_EustonTap_EustonTap2_ET213,ISOEventful,0.2374,0.23417014,
isd_individual_iso_prediction__isd__tong_style_reduced_xgboost__seed2027,isd_individual_iso_prediction,ISD,dev,ISD_EustonTap_EustonTap2_ET214_R1350,ISD_EustonTap_EustonTap2_ET214,ISOEventful,0.6036,0.13489349,
isd_individual_iso_prediction__isd__tong_style_reduced_xgboost__seed2027,isd_individual_iso_prediction,ISD,dev,ISD_EustonTap_EustonTap2_ET215_R1351,ISD_EustonTap_EustonTap2_ET215,ISOEventful,0.1768,0.2061402,
isd_individual_iso_prediction__isd__tong_style_reduced_xgboost__seed2027,isd_individual_iso_prediction,ISD,dev,ISD_EustonTap_EustonTap2_ET216_R1352,ISD_EustonTap_EustonTap2_ET216,ISOEventful,0.7197,0.28251716,
isd_individual_iso_prediction__isd__tong_style_reduced_xgboost__seed2027,isd_individual_iso_prediction,ISD,dev,ISD_EustonTap_EustonTap2_ET218_R1355,ISD_EustonTap_EustonTap2_ET218,ISOEventful,0.0429,0.20237264,
isd_individual_iso_prediction__isd__tong_style_reduced_xgboost__seed2027,isd_individual_iso_prediction,ISD,dev,ISD_EustonTap_EustonTap2_ET218_R1356,ISD_EustonTap_EustonTap2_ET218,ISOEventful,0.0,0.18312107,
isd_individual_iso_prediction__isd__tong_style_reduced_xgboost__seed2027,isd_individual_iso_prediction,ISD,dev,ISD_EustonTap_EustonTap2_ET219_R1357,ISD_EustonTap_EustonTap2_ET219,ISOEventful,0.0303,0.21397111,
isd_individual_iso_prediction__isd__tong_style_reduced_xgboost__seed2027,isd_individual_iso_prediction,ISD,dev,ISD_EustonTap_EustonTap2_ET219_R1358,ISD_EustonTap_EustonTap2_ET219,ISOEventful,-0.1036,0.20561357,
isd_individual_iso_prediction__isd__tong_style_reduced_xgboost__seed2027,isd_individual_iso_prediction,ISD,dev,ISD_EustonTap_EustonTap2_ET220_R1359,ISD_EustonTap_EustonTap2_ET220,ISOEventful,0.0126,0.26319712,
isd_individual_iso_prediction__isd__tong_style_reduced_xgboost__seed2027,isd_individual_iso_prediction,ISD,dev,ISD_EustonTap_EustonTap2_ET221_R1360,ISD_EustonTap_EustonTap2_ET221,ISOEventful,0.4571,0.2931328,
isd_individual_iso_prediction__isd__tong_style_reduced_xgboost__seed2027,isd_individual_iso_prediction,ISD,dev,ISD_EustonTap_EustonTap2_ET221_R1361,ISD_EustonTap_EustonTap2_ET221,ISOEventful,0.0732,0.34515074,
isd_individual_iso_prediction__isd__tong_style_reduced_xgboost__seed2027,isd_individual_iso_prediction,ISD,dev,ISD_EustonTap_EustonTap2_ET222_R1362,ISD_EustonTap_EustonTap2_ET222,ISOEventful,0.5732,0.24109891,
isd_individual_iso_prediction__isd__tong_style_reduced_xgboost__seed2027,isd_individual_iso_prediction,ISD,dev,ISD_EustonTap_EustonTap3_ET302_R1366,ISD_EustonTap_EustonTap3_ET302,ISOEventful,-0.1768,0.22381872,
isd_individual_iso_prediction__isd__tong_style_reduced_xgboost__seed2027,isd_individual_iso_prediction,ISD,dev,ISD_EustonTap_EustonTap3_ET302_R1367,ISD_EustonTap_EustonTap3_ET302,ISOEventful,0.0,0.20372659,
isd_individual_iso_prediction__isd__tong_style_reduced_xgboost__seed2027,isd_individual_iso_prediction,ISD,dev,ISD_EustonTap_EustonTap3_ET303_R1370,ISD_EustonTap_EustonTap3_ET303,ISOEventful,0.1036,0.19098665,
isd_individual_iso_prediction__isd__tong_style_reduced_xgboost__seed2027,isd_individual_iso_prediction,ISD,dev,ISD_EustonTap_EustonTap3_ET303_R1371,ISD_EustonTap_EustonTap3_ET303,ISOEventful,0.1768,0.16153851,
isd_individual_iso_prediction__isd__tong_style_reduced_xgboost__seed2027,isd_individual_iso_prediction,ISD,dev,ISD_EustonTap_EustonTap3_ET303_R1372,ISD_EustonTap_EustonTap3_ET303,ISOEventful,0.1464,0.17114148,
isd_individual_iso_prediction__isd__tong_style_reduced_xgboost__seed2027,isd_individual_iso_prediction,ISD,dev,ISD_EustonTap_EustonTap3_ET304_R1373,ISD_EustonTap_EustonTap3_ET304,ISOEventful,-0.5,0.04946047,
isd_individual_iso_prediction__isd__tong_style_reduced_xgboost__seed2027,isd_individual_iso_prediction,ISD,dev,ISD_EustonTap_EustonTap3_ET305_R1374,ISD_EustonTap_EustonTap3_ET305,ISOEventful,0.0126,0.2075323,
isd_individual_iso_prediction__isd__tong_style_reduced_xgboost__seed2027,isd_individual_iso_prediction,ISD,dev,ISD_EustonTap_EustonTap3_ET306_R1375,ISD_EustonTap_EustonTap3_ET306,ISOEventful,0.8232,0.28402925,
isd_individual_iso_prediction__isd__tong_style_reduced_xgboost__seed2027,isd_individual_iso_prediction,ISD,dev,ISD_EustonTap_EustonTap3_ET306_R1376,ISD_EustonTap_EustonTap3_ET306,ISOEventful,0.0732,0.23752214,
isd_individual_iso_prediction__isd__tong_style_reduced_xgboost__seed2027,isd_individual_iso_prediction,ISD,dev,ISD_EustonTap_EustonTap3_ET306_R1377,ISD_EustonTap_EustonTap3_ET306,ISOEventful,0.1464,0.28402925,
isd_individual_iso_prediction__isd__tong_style_reduced_xgboost__seed2027,isd_individual_iso_prediction,ISD,dev,ISD_EustonTap_EustonTap3_ET306_R1378,ISD_EustonTap_EustonTap3_ET306,ISOEventful,0.2803,0.28402925,
isd_individual_iso_prediction__isd__tong_style_reduced_xgboost__seed2027,isd_individual_iso_prediction,ISD,dev,ISD_EustonTap_EustonTap3_ET306_R1379,ISD_EustonTap_EustonTap3_ET306,ISOEventful,0.0607,0.25464246,
isd_individual_iso_prediction__isd__tong_style_reduced_xgboost__seed2027,isd_individual_iso_prediction,ISD,dev,ISD_EustonTap_EustonTap3_ET307_R1380,ISD_EustonTap_EustonTap3_ET307,ISOEventful,0.7071,0.19674997,
isd_individual_iso_prediction__isd__tong_style_reduced_xgboost__seed2027,isd_individual_iso_prediction,ISD,dev,ISD_EustonTap_EustonTap3_ET307_R1381,ISD_EustonTap_EustonTap3_ET307,ISOEventful,0.1464,0.1960385,
isd_individual_iso_prediction__isd__tong_style_reduced_xgboost__seed2027,isd_individual_iso_prediction,ISD,dev,ISD_EustonTap_EustonTap3_ET307_R1382,ISD_EustonTap_EustonTap3_ET307,ISOEventful,0.5,0.17462175,
isd_individual_iso_prediction__isd__tong_style_reduced_xgboost__seed2027,isd_individual_iso_prediction,ISD,dev,ISD_EustonTap_EustonTap3_ET308_R1383,ISD_EustonTap_EustonTap3_ET308,ISOEventful,-0.0732,0.26508927,
isd_individual_iso_prediction__isd__tong_style_reduced_xgboost__seed2027,isd_individual_iso_prediction,ISD,dev,ISD_EustonTap_EustonTap3_ET310_R1385,ISD_EustonTap_EustonTap3_ET310,ISOEventful,-0.5,0.26261756,
isd_individual_iso_prediction__isd__tong_style_reduced_xgboost__seed2027,isd_individual_iso_prediction,ISD,dev,ISD_EustonTap_EustonTap3_ET310_R1386,ISD_EustonTap_EustonTap3_ET310,ISOEventful,0.1768,0.25121492,
isd_individual_iso_prediction__isd__tong_style_reduced_xgboost__seed2027,isd_individual_iso_prediction,ISD,dev,ISD_EustonTap_EustonTap3_ET311_R1387,ISD_EustonTap_EustonTap3_ET311,ISOEventful,0.6036,0.30250716,
isd_individual_iso_prediction__isd__tong_style_reduced_xgboost__seed2027,isd_individual_iso_prediction,ISD,dev,ISD_EustonTap_EustonTap3_ET312_R1388,ISD_EustonTap_EustonTap3_ET312,ISOEventful,0.1893,0.21066487,
isd_individual_iso_prediction__isd__tong_style_reduced_xgboost__seed2027,isd_individual_iso_prediction,ISD,dev,ISD_EustonTap_EustonTap3_ET313_R1389,ISD_EustonTap_EustonTap3_ET313,ISOEventful,0.0732,0.0946738,
isd_individual_iso_prediction__isd__tong_style_reduced_xgboost__seed2027,isd_individual_iso_prediction,ISD,dev,ISD_EustonTap_EustonTap3_ET314_R1390,ISD_EustonTap_EustonTap3_ET314,ISOEventful,0.6768,0.28469816,
isd_individual_iso_prediction__isd__tong_style_reduced_xgboost__seed2027,isd_individual_iso_prediction,ISD,dev,ISD_EustonTap_EustonTap3_ET314_R1391,ISD_EustonTap_EustonTap3_ET314,ISOEventful,0.3536,0.25054595,
isd_individual_iso_prediction__isd__tong_style_reduced_xgboost__seed2027,isd_individual_iso_prediction,ISD,dev,ISD_MarchmontGarden_MarchmontGarden1_MC101_R269,ISD_MarchmontGarden_MarchmontGarden1_MC101,ISOEventful,-0.0303,0.12051107,
isd_individual_iso_prediction__isd__tong_style_reduced_xgboost__seed2027,isd_individual_iso_prediction,ISD,dev,ISD_MarchmontGarden_MarchmontGarden1_MC102_R270,ISD_MarchmontGarden_MarchmontGarden1_MC102,ISOEventful,-0.25,-0.09574376,
isd_individual_iso_prediction__isd__tong_style_reduced_xgboost__seed2027,isd_individual_iso_prediction,ISD,dev,ISD_MarchmontGarden_MarchmontGarden1_MC103_R271,ISD_MarchmontGarden_MarchmontGarden1_MC103,ISOEventful,0.2071,0.095301874,
isd_individual_iso_prediction__isd__tong_style_reduced_xgboost__seed2027,isd_individual_iso_prediction,ISD,dev,ISD_MarchmontGarden_MarchmontGarden1_MC104_R272,ISD_MarchmontGarden_MarchmontGarden1_MC104,ISOEventful,-0.5,0.11422131,
isd_individual_iso_prediction__isd__tong_style_reduced_xgboost__seed2027,isd_individual_iso_prediction,ISD,dev,ISD_MarchmontGarden_MarchmontGarden1_MC105_R273,ISD_MarchmontGarden_MarchmontGarden1_MC105,ISOEventful,-0.0732,0.06988609,
isd_individual_iso_prediction__isd__tong_style_reduced_xgboost__seed2027,isd_individual_iso_prediction,ISD,dev,ISD_MarchmontGarden_MarchmontGarden1_MC105_R274,ISD_MarchmontGarden_MarchmontGarden1_MC105,ISOEventful,-0.0732,0.080278754,
isd_individual_iso_prediction__isd__tong_style_reduced_xgboost__seed2027,isd_individual_iso_prediction,ISD,dev,ISD_MarchmontGarden_MarchmontGarden1_MC106_R275,ISD_MarchmontGarden_MarchmontGarden1_MC106,ISOEventful,0.1768,0.0285613,
isd_individual_iso_prediction__isd__tong_style_reduced_xgboost__seed2027,isd_individual_iso_prediction,ISD,dev,ISD_MarchmontGarden_MarchmontGarden1_MC108_R277,ISD_MarchmontGarden_MarchmontGarden1_MC108,ISOEventful,-0.3536,0.060040094,
isd_individual_iso_prediction__isd__tong_style_reduced_xgboost__seed2027,isd_individual_iso_prediction,ISD,dev,ISD_MarchmontGarden_MarchmontGarden1_MC110_R278,ISD_MarchmontGarden_MarchmontGarden1_MC110,ISOEventful,0.2071,0.06695518,
isd_individual_iso_prediction__isd__tong_style_reduced_xgboost__seed2027,isd_individual_iso_prediction,ISD,dev,ISD_MarchmontGarden_MarchmontGarden1_MC111_R279,ISD_MarchmontGarden_MarchmontGarden1_MC111,ISOEventful,-0.2803,0.10310695,
isd_individual_iso_prediction__isd__tong_style_reduced_xgboost__seed2027,isd_individual_iso_prediction,ISD,dev,ISD_MarchmontGarden_MarchmontGarden1_MC111_R280,ISD_MarchmontGarden_MarchmontGarden1_MC111,ISOEventful,-0.4393,0.103376605,
isd_individual_iso_prediction__isd__tong_style_reduced_xgboost__seed2027,isd_individual_iso_prediction,ISD,dev,ISD_MarchmontGarden_MarchmontGarden1_MC112_R281,ISD_MarchmontGarden_MarchmontGarden1_MC112,ISOEventful,0.0732,0.009915812,
isd_individual_iso_prediction__isd__tong_style_reduced_xgboost__seed2027,isd_individual_iso_prediction,ISD,dev,ISD_MarchmontGarden_MarchmontGarden1_MC114_R282,ISD_MarchmontGarden_MarchmontGarden1_MC114,ISOEventful,0.1464,0.13177057,
isd_individual_iso_prediction__isd__tong_style_reduced_xgboost__seed2027,isd_individual_iso_prediction,ISD,dev,ISD_MarchmontGarden_MarchmontGarden1_MC115_R283,ISD_MarchmontGarden_MarchmontGarden1_MC115,ISOEventful,0.0,0.071949504,
isd_individual_iso_prediction__isd__tong_style_reduced_xgboost__seed2027,isd_individual_iso_prediction,ISD,dev,ISD_MarchmontGarden_MarchmontGarden1_MC116_R284,ISD_MarchmontGarden_MarchmontGarden1_MC116,ISOEventful,0.6464,0.16930914,
isd_individual_iso_prediction__isd__tong_style_reduced_xgboost__seed2027,isd_individual_iso_prediction,ISD,dev,ISD_MarchmontGarden_MarchmontGarden1_MC116_R285,ISD_MarchmontGarden_MarchmontGarden1_MC116,ISOEventful,0.0126,0.16930914,
isd_individual_iso_prediction__isd__tong_style_reduced_xgboost__seed2027,isd_individual_iso_prediction,ISD,dev,ISD_MarchmontGarden_MarchmontGarden1_MC118_R287,ISD_MarchmontGarden_MarchmontGarden1_MC118,ISOEventful,0.0,0.18901505,
isd_individual_iso_prediction__isd__tong_style_reduced_xgboost__seed2027,isd_individual_iso_prediction,ISD,dev,ISD_MarchmontGarden_MarchmontGarden1_MC118_R288,ISD_MarchmontGarden_MarchmontGarden1_MC118,ISOEventful,0.25,0.18901505,
isd_individual_iso_prediction__isd__tong_style_reduced_xgboost__seed2027,isd_individual_iso_prediction,ISD,dev,ISD_MarchmontGarden_MarchmontGarden1_MC118_R289,ISD_MarchmontGarden_MarchmontGarden1_MC118,ISOEventful,0.7071,0.21450572,
isd_individual_iso_prediction__isd__tong_style_reduced_xgboost__seed2027,isd_individual_iso_prediction,ISD,dev,ISD_MarchmontGarden_MarchmontGarden1_MC119_R290,ISD_MarchmontGarden_MarchmontGarden1_MC119,ISOEventful,-0.3536,0.17795216,
isd_individual_iso_prediction__isd__tong_style_reduced_xgboost__seed2027,isd_individual_iso_prediction,ISD,dev,ISD_MarchmontGarden_MarchmontGarden1_MC119_R291,ISD_MarchmontGarden_MarchmontGarden1_MC119,ISOEventful,-0.0732,0.15588729,
isd_individual_iso_prediction__isd__tong_style_reduced_xgboost__seed2027,isd_individual_iso_prediction,ISD,dev,ISD_MarchmontGarden_MarchmontGarden1_MC120_R292,ISD_MarchmontGarden_MarchmontGarden1_MC120,ISOEventful,0.4142,-0.08065595,
isd_individual_iso_prediction__isd__tong_style_reduced_xgboost__seed2027,isd_individual_iso_prediction,ISD,dev,ISD_MarchmontGarden_MarchmontGarden1_MC120_R293,ISD_MarchmontGarden_MarchmontGarden1_MC120,ISOEventful,-0.3107,-0.06837267,
isd_individual_iso_prediction__isd__tong_style_reduced_xgboost__seed2027,isd_individual_iso_prediction,ISD,dev,ISD_MarchmontGarden_MarchmontGarden1_MC121_R294,ISD_MarchmontGarden_MarchmontGarden1_MC121,ISOEventful,0.0607,0.013731105,
isd_individual_iso_prediction__isd__tong_style_reduced_xgboost__seed2027,isd_individual_iso_prediction,ISD,dev,ISD_MarchmontGarden_MarchmontGarden1_MC121_R295,ISD_MarchmontGarden_MarchmontGarden1_MC121,ISOEventful,0.0303,0.035526257,
isd_individual_iso_prediction__isd__tong_style_reduced_xgboost__seed2027,isd_individual_iso_prediction,ISD,dev,ISD_MarchmontGarden_MarchmontGarden1_MC122_R296,ISD_MarchmontGarden_MarchmontGarden1_MC122,ISOEventful,0.0303,0.12974374,
isd_individual_iso_prediction__isd__tong_style_reduced_xgboost__seed2027,isd_individual_iso_prediction,ISD,dev,ISD_MarchmontGarden_MarchmontGarden1_MC127_R298,ISD_MarchmontGarden_MarchmontGarden1_MC127,ISOEventful,-0.1036,-0.0467367,
isd_individual_iso_prediction__isd__tong_style_reduced_xgboost__seed2027,isd_individual_iso_prediction,ISD,dev,ISD_MarchmontGarden_MarchmontGarden1_MC129_R300,ISD_MarchmontGarden_MarchmontGarden1_MC129,ISOEventful,-0.2197,0.06850005,
isd_individual_iso_prediction__isd__tong_style_reduced_xgboost__seed2027,isd_individual_iso_prediction,ISD,dev,ISD_MarchmontGarden_MarchmontGarden2_MC203_R306,ISD_MarchmontGarden_MarchmontGarden2_MC203,ISOEventful,-0.0732,-0.006433732,
isd_individual_iso_prediction__isd__tong_style_reduced_xgboost__seed2027,isd_individual_iso_prediction,ISD,dev,ISD_MarchmontGarden_MarchmontGarden2_MC204_R302,ISD_MarchmontGarden_MarchmontGarden2_MC204,ISOEventful,0.2929,0.058666274,
isd_individual_iso_prediction__isd__tong_style_reduced_xgboost__seed2027,isd_individual_iso_prediction,ISD,dev,ISD_MarchmontGarden_MarchmontGarden2_MC206_R303,ISD_MarchmontGarden_MarchmontGarden2_MC206,ISOEventful,-0.3536,0.036119293,
isd_individual_iso_prediction__isd__tong_style_reduced_xgboost__seed2027,isd_individual_iso_prediction,ISD,dev,ISD_MarchmontGarden_MarchmontGarden2_MC207_R304,ISD_MarchmontGarden_MarchmontGarden2_MC207,ISOEventful,-0.1036,-0.09135299,
isd_individual_iso_prediction__isd__tong_style_reduced_xgboost__seed2027,isd_individual_iso_prediction,ISD,dev,ISD_MarchmontGarden_MarchmontGarden3_MC301_R309,ISD_MarchmontGarden_MarchmontGarden3_MC301,ISOEventful,0.3536,0.003489474,
isd_individual_iso_prediction__isd__tong_style_reduced_xgboost__seed2027,isd_individual_iso_prediction,ISD,dev,ISD_MarchmontGarden_MarchmontGarden3_MC302_R308,ISD_MarchmontGarden_MarchmontGarden3_MC302,ISOEventful,0.7071,-0.014816859,
isd_individual_iso_prediction__isd__tong_style_reduced_xgboost__seed2027,isd_individual_iso_prediction,ISD,dev,ISD_MarchmontGarden_MarchmontGarden3_MC302_R335,ISD_MarchmontGarden_MarchmontGarden3_MC302,ISOEventful,-0.1768,0.018740948,
isd_individual_iso_prediction__isd__tong_style_reduced_xgboost__seed2027,isd_individual_iso_prediction,ISD,dev,ISD_MarchmontGarden_MarchmontGarden3_MC303_R310,ISD_MarchmontGarden_MarchmontGarden3_MC303,ISOEventful,-0.2803,0.10836728,
isd_individual_iso_prediction__isd__tong_style_reduced_xgboost__seed2027,isd_individual_iso_prediction,ISD,dev,ISD_MarchmontGarden_MarchmontGarden3_MC307_R313,ISD_MarchmontGarden_MarchmontGarden3_MC307,ISOEventful,-0.2197,0.11229926,
isd_individual_iso_prediction__isd__tong_style_reduced_xgboost__seed2027,isd_individual_iso_prediction,ISD,dev,ISD_MarchmontGarden_MarchmontGarden3_MC308_R314,ISD_MarchmontGarden_MarchmontGarden3_MC308,ISOEventful,-0.2803,-0.10750486,
isd_individual_iso_prediction__isd__tong_style_reduced_xgboost__seed2027,isd_individual_iso_prediction,ISD,dev,ISD_MarchmontGarden_MarchmontGarden3_MC309_R315,ISD_MarchmontGarden_MarchmontGarden3_MC309,ISOEventful,-0.25,0.07470989,
isd_individual_iso_prediction__isd__tong_style_reduced_xgboost__seed2027,isd_individual_iso_prediction,ISD,dev,ISD_MarchmontGarden_MarchmontGarden3_MC310_R316,ISD_MarchmontGarden_MarchmontGarden3_MC310,ISOEventful,0.0732,0.092031024,
isd_individual_iso_prediction__isd__tong_style_reduced_xgboost__seed2027,isd_individual_iso_prediction,ISD,dev,ISD_MarchmontGarden_MarchmontGarden3_MC311_R317,ISD_MarchmontGarden_MarchmontGarden3_MC311,ISOEventful,0.0732,0.28806728,
isd_individual_iso_prediction__isd__tong_style_reduced_xgboost__seed2027,isd_individual_iso_prediction,ISD,dev,ISD_MarchmontGarden_MarchmontGarden3_MC311_R336,ISD_MarchmontGarden_MarchmontGarden3_MC311,ISOEventful,0.0429,0.28806728,
isd_individual_iso_prediction__isd__tong_style_reduced_xgboost__seed2027,isd_individual_iso_prediction,ISD,dev,ISD_MarchmontGarden_MarchmontGarden3_MC312_R337,ISD_MarchmontGarden_MarchmontGarden3_MC312,ISOEventful,-0.0732,-0.0033846742,
isd_individual_iso_prediction__isd__tong_style_reduced_xgboost__seed2027,isd_individual_iso_prediction,ISD,dev,ISD_MarchmontGarden_MarchmontGarden3_MC316_R320,ISD_MarchmontGarden_MarchmontGarden3_MC316,ISOEventful,-0.1036,0.062347524,
isd_individual_iso_prediction__isd__tong_style_reduced_xgboost__seed2027,isd_individual_iso_prediction,ISD,dev,ISD_MarchmontGarden_MarchmontGarden3_MC317_R322,ISD_MarchmontGarden_MarchmontGarden3_MC317,ISOEventful,0.0,-0.0020756663,
isd_individual_iso_prediction__isd__tong_style_reduced_xgboost__seed2027,isd_individual_iso_prediction,ISD,dev,ISD_MarchmontGarden_MarchmontGarden3_MC318_R339,ISD_MarchmontGarden_MarchmontGarden3_MC318,ISOEventful,0.0429,0.13864495,
isd_individual_iso_prediction__isd__tong_style_reduced_xgboost__seed2027,isd_individual_iso_prediction,ISD,dev,ISD_MarchmontGarden_MarchmontGarden3_MC318_R340,ISD_MarchmontGarden_MarchmontGarden3_MC318,ISOEventful,-0.0732,0.1416698,
isd_individual_iso_prediction__isd__tong_style_reduced_xgboost__seed2027,isd_individual_iso_prediction,ISD,dev,ISD_MarchmontGarden_MarchmontGarden3_MC319_R321,ISD_MarchmontGarden_MarchmontGarden3_MC319,ISOEventful,-0.3232,0.13506529,
isd_individual_iso_prediction__isd__tong_style_reduced_xgboost__seed2027,isd_individual_iso_prediction,ISD,dev,ISD_MarchmontGarden_MarchmontGarden3_MC320_R338,ISD_MarchmontGarden_MarchmontGarden3_MC320,ISOEventful,0.6036,-0.06802495,
isd_individual_iso_prediction__isd__tong_style_reduced_xgboost__seed2027,isd_individual_iso_prediction,ISD,dev,ISD_MarchmontGarden_MarchmontGarden3_MC321_R323,ISD_MarchmontGarden_MarchmontGarden3_MC321,ISOEventful,-0.0732,0.017153706,
isd_individual_iso_prediction__isd__tong_style_reduced_xgboost__seed2027,isd_individual_iso_prediction,ISD,dev,ISD_MarchmontGarden_MarchmontGarden3_MC323_R341,ISD_MarchmontGarden_MarchmontGarden3_MC323,ISOEventful,-0.3839,0.091425136,
isd_individual_iso_prediction__isd__tong_style_reduced_xgboost__seed2027,isd_individual_iso_prediction,ISD,dev,ISD_MarchmontGarden_MarchmontGarden3_MC324_R326,ISD_MarchmontGarden_MarchmontGarden3_MC324,ISOEventful,0.1339,0.14232096,
isd_individual_iso_prediction__isd__tong_style_reduced_xgboost__seed2027,isd_individual_iso_prediction,ISD,dev,ISD_MarchmontGarden_MarchmontGarden3_MC325_R327,ISD_MarchmontGarden_MarchmontGarden3_MC325,ISOEventful,0.2071,0.16297343,
isd_individual_iso_prediction__isd__tong_style_reduced_xgboost__seed2027,isd_individual_iso_prediction,ISD,dev,ISD_MarchmontGarden_MarchmontGarden3_MC328_R329,ISD_MarchmontGarden_MarchmontGarden3_MC328,ISOEventful,0.25,0.015718644,
isd_individual_iso_prediction__isd__tong_style_reduced_xgboost__seed2027,isd_individual_iso_prediction,ISD,dev,ISD_MarchmontGarden_MarchmontGarden3_MC329_R342,ISD_MarchmontGarden_MarchmontGarden3_MC329,ISOEventful,-0.3107,0.16348235,
isd_individual_iso_prediction__isd__tong_style_reduced_xgboost__seed2027,isd_individual_iso_prediction,ISD,dev,ISD_MarchmontGarden_MarchmontGarden3_MC330_R330,ISD_MarchmontGarden_MarchmontGarden3_MC330,ISOEventful,-0.0607,0.016373318,
isd_individual_iso_prediction__isd__tong_style_reduced_xgboost__seed2027,isd_individual_iso_prediction,ISD,dev,ISD_MarchmontGarden_MarchmontGarden3_MC331_R331,ISD_MarchmontGarden_MarchmontGarden3_MC331,ISOEventful,-0.3839,0.02728326,
isd_individual_iso_prediction__isd__tong_style_reduced_xgboost__seed2027,isd_individual_iso_prediction,ISD,dev,ISD_MarchmontGarden_MarchmontGarden3_MC332_R332,ISD_MarchmontGarden_MarchmontGarden3_MC332,ISOEventful,-0.0607,0.105757624,
isd_individual_iso_prediction__isd__tong_style_reduced_xgboost__seed2027,isd_individual_iso_prediction,ISD,dev,ISD_MarchmontGarden_MarchmontGarden3_MC332_R343,ISD_MarchmontGarden_MarchmontGarden3_MC332,ISOEventful,-0.1339,0.10593104,
isd_individual_iso_prediction__isd__tong_style_reduced_xgboost__seed2027,isd_individual_iso_prediction,ISD,dev,ISD_MarchmontGarden_MarchmontGarden3_MC333_R344,ISD_MarchmontGarden_MarchmontGarden3_MC333,ISOEventful,-0.2374,0.055072915,
isd_individual_iso_prediction__isd__tong_style_reduced_xgboost__seed2027,isd_individual_iso_prediction,ISD,dev,ISD_MarchmontGarden_MarchmontGarden3_MC333_R345,ISD_MarchmontGarden_MarchmontGarden3_MC333,ISOEventful,-0.2071,0.05430297,
isd_individual_iso_prediction__isd__tong_style_reduced_xgboost__seed2027,isd_individual_iso_prediction,ISD,dev,ISD_MarchmontGarden_MarchmontGarden3_MC334_R346,ISD_MarchmontGarden_MarchmontGarden3_MC334,ISOEventful,0.0732,0.005346252,
isd_individual_iso_prediction__isd__tong_style_reduced_xgboost__seed2027,isd_individual_iso_prediction,ISD,dev,ISD_MarchmontGarden_MarchmontGarden3_MC335_R333,ISD_MarchmontGarden_MarchmontGarden3_MC335,ISOEventful,-0.3536,0.024306923,
isd_individual_iso_prediction__isd__tong_style_reduced_xgboost__seed2027,isd_individual_iso_prediction,ISD,dev,ISD_MarchmontGarden_MarchmontGarden3_MC336_R334,ISD_MarchmontGarden_MarchmontGarden3_MC336,ISOEventful,-0.0732,0.058451995,
isd_individual_iso_prediction__isd__tong_style_reduced_xgboost__seed2027,isd_individual_iso_prediction,ISD,dev,ISD_MarchmontGarden_MarchmontGarden3_MC336_R347,ISD_MarchmontGarden_MarchmontGarden3_MC336,ISOEventful,0.0,0.079053625,
isd_individual_iso_prediction__isd__tong_style_reduced_xgboost__seed2027,isd_individual_iso_prediction,ISD,dev,ISD_MarchmontGarden_MarchmontGarden4_MC401_R348,ISD_MarchmontGarden_MarchmontGarden4_MC401,ISOEventful,-0.2071,0.06763601,
isd_individual_iso_prediction__isd__tong_style_reduced_xgboost__seed2027,isd_individual_iso_prediction,ISD,dev,ISD_MarchmontGarden_MarchmontGarden4_MC402_R349,ISD_MarchmontGarden_MarchmontGarden4_MC402,ISOEventful,-0.3232,-0.029167432,
isd_individual_iso_prediction__isd__tong_style_reduced_xgboost__seed2027,isd_individual_iso_prediction,ISD,dev,ISD_MarchmontGarden_MarchmontGarden4_MC402_R350,ISD_MarchmontGarden_MarchmontGarden4_MC402,ISOEventful,0.2803,0.009284135,
isd_individual_iso_prediction__isd__tong_style_reduced_xgboost__seed2027,isd_individual_iso_prediction,ISD,dev,ISD_MarchmontGarden_MarchmontGarden4_MC404_R352,ISD_MarchmontGarden_MarchmontGarden4_MC404,ISOEventful,0.3536,0.13966593,
isd_individual_iso_prediction__isd__tong_style_reduced_xgboost__seed2027,isd_individual_iso_prediction,ISD,dev,ISD_MarchmontGarden_MarchmontGarden4_MC404_R353,ISD_MarchmontGarden_MarchmontGarden4_MC404,ISOEventful,-0.2197,0.13966593,
isd_individual_iso_prediction__isd__tong_style_reduced_xgboost__seed2027,isd_individual_iso_prediction,ISD,dev,ISD_MarchmontGarden_MarchmontGarden4_MC404_R418,ISD_MarchmontGarden_MarchmontGarden4_MC404,ISOEventful,0.2071,0.20500919,
isd_individual_iso_prediction__isd__tong_style_reduced_xgboost__seed2027,isd_individual_iso_prediction,ISD,dev,ISD_MarchmontGarden_MarchmontGarden4_MC404_R419,ISD_MarchmontGarden_MarchmontGarden4_MC404,ISOEventful,0.0,0.18788286,
isd_individual_iso_prediction__isd__tong_style_reduced_xgboost__seed2027,isd_individual_iso_prediction,ISD,dev,ISD_MarchmontGarden_MarchmontGarden4_MC405_R354,ISD_MarchmontGarden_MarchmontGarden4_MC405,ISOEventful,-0.1464,0.11853974,
isd_individual_iso_prediction__isd__tong_style_reduced_xgboost__seed2027,isd_individual_iso_prediction,ISD,dev,ISD_MarchmontGarden_MarchmontGarden4_MC406_R355,ISD_MarchmontGarden_MarchmontGarden4_MC406,ISOEventful,0.5303,0.10568134,
isd_individual_iso_prediction__isd__tong_style_reduced_xgboost__seed2027,isd_individual_iso_prediction,ISD,dev,ISD_MarchmontGarden_MarchmontGarden4_MC407_R356,ISD_MarchmontGarden_MarchmontGarden4_MC407,ISOEventful,-0.2071,0.20645194,
isd_individual_iso_prediction__isd__tong_style_reduced_xgboost__seed2027,isd_individual_iso_prediction,ISD,dev,ISD_MarchmontGarden_MarchmontGarden4_MC407_R357,ISD_MarchmontGarden_MarchmontGarden4_MC407,ISOEventful,-0.1036,0.15262286,
isd_individual_iso_prediction__isd__tong_style_reduced_xgboost__seed2027,isd_individual_iso_prediction,ISD,dev,ISD_MarchmontGarden_MarchmontGarden4_MC407_R420,ISD_MarchmontGarden_MarchmontGarden4_MC407,ISOEventful,0.0303,0.16205871,
isd_individual_iso_prediction__isd__tong_style_reduced_xgboost__seed2027,isd_individual_iso_prediction,ISD,dev,ISD_MarchmontGarden_MarchmontGarden4_MC409_R358,ISD_MarchmontGarden_MarchmontGarden4_MC409,ISOEventful,0.0303,0.039282586,
isd_individual_iso_prediction__isd__tong_style_reduced_xgboost__seed2027,isd_individual_iso_prediction,ISD,dev,ISD_MarchmontGarden_MarchmontGarden4_MC409_R359,ISD_MarchmontGarden_MarchmontGarden4_MC409,ISOEventful,0.3536,0.10814978,
isd_individual_iso_prediction__isd__tong_style_reduced_xgboost__seed2027,isd_individual_iso_prediction,ISD,dev,ISD_MarchmontGarden_MarchmontGarden4_MC410_R360,ISD_MarchmontGarden_MarchmontGarden4_MC410,ISOEventful,-0.1464,0.20686953,
isd_individual_iso_prediction__isd__tong_style_reduced_xgboost__seed2027,isd_individual_iso_prediction,ISD,dev,ISD_MarchmontGarden_MarchmontGarden4_MC412_R362,ISD_MarchmontGarden_MarchmontGarden4_MC412,ISOEventful,-0.5,0.23143074,
isd_individual_iso_prediction__isd__tong_style_reduced_xgboost__seed2027,isd_individual_iso_prediction,ISD,dev,ISD_MarchmontGarden_MarchmontGarden4_MC413_R363,ISD_MarchmontGarden_MarchmontGarden4_MC413,ISOEventful,-0.5,0.12919165,
isd_individual_iso_prediction__isd__tong_style_reduced_xgboost__seed2027,isd_individual_iso_prediction,ISD,dev,ISD_MarchmontGarden_MarchmontGarden4_MC413_R364,ISD_MarchmontGarden_MarchmontGarden4_MC413,ISOEventful,-0.2071,0.0997231,
isd_individual_iso_prediction__isd__tong_style_reduced_xgboost__seed2027,isd_individual_iso_prediction,ISD,dev,ISD_MarchmontGarden_MarchmontGarden4_MC414_R365,ISD_MarchmontGarden_MarchmontGarden4_MC414,ISOEventful,-0.1768,0.09493945,
isd_individual_iso_prediction__isd__tong_style_reduced_xgboost__seed2027,isd_individual_iso_prediction,ISD,dev,ISD_MarchmontGarden_MarchmontGarden4_MC415_R366,ISD_MarchmontGarden_MarchmontGarden4_MC415,ISOEventful,-0.2197,0.031301323,
isd_individual_iso_prediction__isd__tong_style_reduced_xgboost__seed2027,isd_individual_iso_prediction,ISD,dev,ISD_MarchmontGarden_MarchmontGarden4_MC415_R367,ISD_MarchmontGarden_MarchmontGarden4_MC415,ISOEventful,0.1339,0.022635415,
isd_individual_iso_prediction__isd__tong_style_reduced_xgboost__seed2027,isd_individual_iso_prediction,ISD,dev,ISD_MarchmontGarden_MarchmontGarden4_MC416_R368,ISD_MarchmontGarden_MarchmontGarden4_MC416,ISOEventful,-0.2197,0.031418722,
isd_individual_iso_prediction__isd__tong_style_reduced_xgboost__seed2027,isd_individual_iso_prediction,ISD,dev,ISD_MarchmontGarden_MarchmontGarden4_MC417_R369,ISD_MarchmontGarden_MarchmontGarden4_MC417,ISOEventful,0.2929,0.041998055,
isd_individual_iso_prediction__isd__tong_style_reduced_xgboost__seed2027,isd_individual_iso_prediction,ISD,dev,ISD_MarchmontGarden_MarchmontGarden4_MC417_R416,ISD_MarchmontGarden_MarchmontGarden4_MC417,ISOEventful,-0.2071,-0.008411259,
isd_individual_iso_prediction__isd__tong_style_reduced_xgboost__seed2027,isd_individual_iso_prediction,ISD,dev,ISD_MarchmontGarden_MarchmontGarden4_MC418_R417,ISD_MarchmontGarden_MarchmontGarden4_MC418,ISOEventful,0.3536,0.09019721,
isd_individual_iso_prediction__isd__tong_style_reduced_xgboost__seed2027,isd_individual_iso_prediction,ISD,dev,ISD_PancrasLock_PancrasLock1_PL101_R215,ISD_PancrasLock_PancrasLock1_PL101,ISOEventful,0.5303,0.015687356,
isd_individual_iso_prediction__isd__tong_style_reduced_xgboost__seed2027,isd_individual_iso_prediction,ISD,dev,ISD_PancrasLock_PancrasLock1_PL102_R216,ISD_PancrasLock_PancrasLock1_PL102,ISOEventful,0.0429,0.13101193,
isd_individual_iso_prediction__isd__tong_style_reduced_xgboost__seed2027,isd_individual_iso_prediction,ISD,dev,ISD_PancrasLock_PancrasLock1_PL102_R242,ISD_PancrasLock_PancrasLock1_PL102,ISOEventful,-0.4268,0.13101193,
isd_individual_iso_prediction__isd__tong_style_reduced_xgboost__seed2027,isd_individual_iso_prediction,ISD,dev,ISD_PancrasLock_PancrasLock1_PL103_R217,ISD_PancrasLock_PancrasLock1_PL103,ISOEventful,-0.25,0.23760839,
isd_individual_iso_prediction__isd__tong_style_reduced_xgboost__seed2027,isd_individual_iso_prediction,ISD,dev,ISD_PancrasLock_PancrasLock1_PL103_R239,ISD_PancrasLock_PancrasLock1_PL103,ISOEventful,-0.5303,0.27390838,
isd_individual_iso_prediction__isd__tong_style_reduced_xgboost__seed2027,isd_individual_iso_prediction,ISD,dev,ISD_PancrasLock_PancrasLock1_PL105_R219,ISD_PancrasLock_PancrasLock1_PL105,ISOEventful,0.4268,0.08497871,
isd_individual_iso_prediction__isd__tong_style_reduced_xgboost__seed2027,isd_individual_iso_prediction,ISD,dev,ISD_PancrasLock_PancrasLock1_PL106_R240,ISD_PancrasLock_PancrasLock1_PL106,ISOEventful,0.4268,0.1657282,
isd_individual_iso_prediction__isd__tong_style_reduced_xgboost__seed2027,isd_individual_iso_prediction,ISD,dev,ISD_PancrasLock_PancrasLock1_PL107_R220,ISD_PancrasLock_PancrasLock1_PL107,ISOEventful,0.0732,0.17786919,
isd_individual_iso_prediction__isd__tong_style_reduced_xgboost__seed2027,isd_individual_iso_prediction,ISD,dev,ISD_PancrasLock_PancrasLock1_PL107_R232,ISD_PancrasLock_PancrasLock1_PL107,ISOEventful,0.25,0.1755782,
isd_individual_iso_prediction__isd__tong_style_reduced_xgboost__seed2027,isd_individual_iso_prediction,ISD,dev,ISD_PancrasLock_PancrasLock1_PL107_R233,ISD_PancrasLock_PancrasLock1_PL107,ISOEventful,0.1036,0.18847772,
isd_individual_iso_prediction__isd__tong_style_reduced_xgboost__seed2027,isd_individual_iso_prediction,ISD,dev,ISD_PancrasLock_PancrasLock1_PL107_R234,ISD_PancrasLock_PancrasLock1_PL107,ISOEventful,-0.0303,0.15249456,
isd_individual_iso_prediction__isd__tong_style_reduced_xgboost__seed2027,isd_individual_iso_prediction,ISD,dev,ISD_PancrasLock_PancrasLock1_PL107_R235,ISD_PancrasLock_PancrasLock1_PL107,ISOEventful,0.2071,0.15249456,
isd_individual_iso_prediction__isd__tong_style_reduced_xgboost__seed2027,isd_individual_iso_prediction,ISD,dev,ISD_PancrasLock_PancrasLock1_PL107_R236,ISD_PancrasLock_PancrasLock1_PL107,ISOEventful,0.5,0.12062205,
isd_individual_iso_prediction__isd__tong_style_reduced_xgboost__seed2027,isd_individual_iso_prediction,ISD,dev,ISD_PancrasLock_PancrasLock1_PL107_R237,ISD_PancrasLock_PancrasLock1_PL107,ISOEventful,-0.4268,0.18084846,
isd_individual_iso_prediction__isd__tong_style_reduced_xgboost__seed2027,isd_individual_iso_prediction,ISD,dev,ISD_PancrasLock_PancrasLock1_PL107_R243,ISD_PancrasLock_PancrasLock1_PL107,ISOEventful,-0.0303,0.18084846,
isd_individual_iso_prediction__isd__tong_style_reduced_xgboost__seed2027,isd_individual_iso_prediction,ISD,dev,ISD_PancrasLock_PancrasLock1_PL107_R244,ISD_PancrasLock_PancrasLock1_PL107,ISOEventful,0.5,0.1556121,
isd_individual_iso_prediction__isd__tong_style_reduced_xgboost__seed2027,isd_individual_iso_prediction,ISD,dev,ISD_PancrasLock_PancrasLock1_PL107_R246,ISD_PancrasLock_PancrasLock1_PL107,ISOEventful,0.25,0.10996049,
isd_individual_iso_prediction__isd__tong_style_reduced_xgboost__seed2027,isd_individual_iso_prediction,ISD,dev,ISD_PancrasLock_PancrasLock1_PL107_R247,ISD_PancrasLock_PancrasLock1_PL107,ISOEventful,-0.0303,0.15930817,
isd_individual_iso_prediction__isd__tong_style_reduced_xgboost__seed2027,isd_individual_iso_prediction,ISD,dev,ISD_PancrasLock_PancrasLock1_PL107_R248,ISD_PancrasLock_PancrasLock1_PL107,ISOEventful,0.4268,0.1755782,
isd_individual_iso_prediction__isd__tong_style_reduced_xgboost__seed2027,isd_individual_iso_prediction,ISD,dev,ISD_PancrasLock_PancrasLock1_PL107_R249,ISD_PancrasLock_PancrasLock1_PL107,ISOEventful,-0.1036,0.12062205,
isd_individual_iso_prediction__isd__tong_style_reduced_xgboost__seed2027,isd_individual_iso_prediction,ISD,dev,ISD_PancrasLock_PancrasLock1_PL107_R250,ISD_PancrasLock_PancrasLock1_PL107,ISOEventful,-0.0732,0.17882259,
isd_individual_iso_prediction__isd__tong_style_reduced_xgboost__seed2027,isd_individual_iso_prediction,ISD,dev,ISD_PancrasLock_PancrasLock1_PL107_R251,ISD_PancrasLock_PancrasLock1_PL107,ISOEventful,-0.0303,0.15249456,
isd_individual_iso_prediction__isd__tong_style_reduced_xgboost__seed2027,isd_individual_iso_prediction,ISD,dev,ISD_PancrasLock_PancrasLock1_PL107_R252,ISD_PancrasLock_PancrasLock1_PL107,ISOEventful,-0.0732,0.10996049,
isd_individual_iso_prediction__isd__tong_style_reduced_xgboost__seed2027,isd_individual_iso_prediction,ISD,dev,ISD_PancrasLock_PancrasLock1_PL107_R253,ISD_PancrasLock_PancrasLock1_PL107,ISOEventful,0.4268,0.08361099,
isd_individual_iso_prediction__isd__tong_style_reduced_xgboost__seed2027,isd_individual_iso_prediction,ISD,dev,ISD_PancrasLock_PancrasLock1_PL107_R254,ISD_PancrasLock_PancrasLock1_PL107,ISOEventful,0.3964,0.18084846,
isd_individual_iso_prediction__isd__tong_style_reduced_xgboost__seed2027,isd_individual_iso_prediction,ISD,dev,ISD_PancrasLock_PancrasLock1_PL107_R255,ISD_PancrasLock_PancrasLock1_PL107,ISOEventful,0.0,0.15930817,
isd_individual_iso_prediction__isd__tong_style_reduced_xgboost__seed2027,isd_individual_iso_prediction,ISD,dev,ISD_PancrasLock_PancrasLock1_PL107_R256,ISD_PancrasLock_PancrasLock1_PL107,ISOEventful,0.1036,0.15249456,
isd_individual_iso_prediction__isd__tong_style_reduced_xgboost__seed2027,isd_individual_iso_prediction,ISD,dev,ISD_PancrasLock_PancrasLock1_PL107_R257,ISD_PancrasLock_PancrasLock1_PL107,ISOEventful,0.0732,0.11543748,
isd_individual_iso_prediction__isd__tong_style_reduced_xgboost__seed2027,isd_individual_iso_prediction,ISD,dev,ISD_PancrasLock_PancrasLock1_PL107_R258,ISD_PancrasLock_PancrasLock1_PL107,ISOEventful,0.4142,0.037403993,
isd_individual_iso_prediction__isd__tong_style_reduced_xgboost__seed2027,isd_individual_iso_prediction,ISD,dev,ISD_PancrasLock_PancrasLock1_PL107_R259,ISD_PancrasLock_PancrasLock1_PL107,ISOEventful,0.1161,0.15249456,
isd_individual_iso_prediction__isd__tong_style_reduced_xgboost__seed2027,isd_individual_iso_prediction,ISD,dev,ISD_PancrasLock_PancrasLock1_PL107_R260,ISD_PancrasLock_PancrasLock1_PL107,ISOEventful,0.1036,0.09716663,
isd_individual_iso_prediction__isd__tong_style_reduced_xgboost__seed2027,isd_individual_iso_prediction,ISD,dev,ISD_PancrasLock_PancrasLock1_PL107_R261,ISD_PancrasLock_PancrasLock1_PL107,ISOEventful,0.0,0.15162952,
isd_individual_iso_prediction__isd__tong_style_reduced_xgboost__seed2027,isd_individual_iso_prediction,ISD,dev,ISD_PancrasLock_PancrasLock1_PL108_R221,ISD_PancrasLock_PancrasLock1_PL108,ISOEventful,0.1036,0.15368202,
isd_individual_iso_prediction__isd__tong_style_reduced_xgboost__seed2027,isd_individual_iso_prediction,ISD,dev,ISD_PancrasLock_PancrasLock1_PL108_R238,ISD_PancrasLock_PancrasLock1_PL108,ISOEventful,-0.3232,0.08645975,
isd_individual_iso_prediction__isd__tong_style_reduced_xgboost__seed2027,isd_individual_iso_prediction,ISD,dev,ISD_PancrasLock_PancrasLock1_PL109_R222,ISD_PancrasLock_PancrasLock1_PL109,ISOEventful,0.1768,0.10469164,
isd_individual_iso_prediction__isd__tong_style_reduced_xgboost__seed2027,isd_individual_iso_prediction,ISD,dev,ISD_PancrasLock_PancrasLock1_PL112_R224,ISD_PancrasLock_PancrasLock1_PL112,ISOEventful,0.2071,0.07496791,
isd_individual_iso_prediction__isd__tong_style_reduced_xgboost__seed2027,isd_individual_iso_prediction,ISD,dev,ISD_PancrasLock_PancrasLock1_PL114_R226,ISD_PancrasLock_PancrasLock1_PL114,ISOEventful,0.2803,0.15768783,
isd_individual_iso_prediction__isd__tong_style_reduced_xgboost__seed2027,isd_individual_iso_prediction,ISD,dev,ISD_PancrasLock_PancrasLock1_PL114_R267,ISD_PancrasLock_PancrasLock1_PL114,ISOEventful,0.1768,0.18272519,
isd_individual_iso_prediction__isd__tong_style_reduced_xgboost__seed2027,isd_individual_iso_prediction,ISD,dev,ISD_PancrasLock_PancrasLock1_PL116_R228,ISD_PancrasLock_PancrasLock1_PL116,ISOEventful,-0.1339,0.14435665,
isd_individual_iso_prediction__isd__tong_style_reduced_xgboost__seed2027,isd_individual_iso_prediction,ISD,dev,ISD_PancrasLock_PancrasLock1_PL116_R263,ISD_PancrasLock_PancrasLock1_PL116,ISOEventful,0.6036,0.1849988,
isd_individual_iso_prediction__isd__tong_style_reduced_xgboost__seed2027,isd_individual_iso_prediction,ISD,dev,ISD_PancrasLock_PancrasLock1_PL119_R230,ISD_PancrasLock_PancrasLock1_PL119,ISOEventful,0.25,0.05537548,
isd_individual_iso_prediction__isd__tong_style_reduced_xgboost__seed2027,isd_individual_iso_prediction,ISD,dev,ISD_PancrasLock_PancrasLock1_PL119_R266,ISD_PancrasLock_PancrasLock1_PL119,ISOEventful,0.3536,0.13714676,
isd_individual_iso_prediction__isd__tong_style_reduced_xgboost__seed2027,isd_individual_iso_prediction,ISD,dev,ISD_PancrasLock_PancrasLock1_PL120_R231,ISD_PancrasLock_PancrasLock1_PL120,ISOEventful,0.4268,0.021467572,
isd_individual_iso_prediction__isd__tong_style_reduced_xgboost__seed2027,isd_individual_iso_prediction,ISD,dev,ISD_PancrasLock_PancrasLock1_PL120_R262,ISD_PancrasLock_PancrasLock1_PL120,ISOEventful,-0.3536,0.0002707547,
isd_individual_iso_prediction__isd__tong_style_reduced_xgboost__seed2027,isd_individual_iso_prediction,ISD,dev,ISD_PancrasLock_PancrasLock2_PL201_R371,ISD_PancrasLock_PancrasLock2_PL201,ISOEventful,0.1339,-0.0011296414,
isd_individual_iso_prediction__isd__tong_style_reduced_xgboost__seed2027,isd_individual_iso_prediction,ISD,dev,ISD_PancrasLock_PancrasLock2_PL202_R409,ISD_PancrasLock_PancrasLock2_PL202,ISOEventful,0.5303,-0.025543017,
isd_individual_iso_prediction__isd__tong_style_reduced_xgboost__seed2027,isd_individual_iso_prediction,ISD,dev,ISD_PancrasLock_PancrasLock2_PL203_R372,ISD_PancrasLock_PancrasLock2_PL203,ISOEventful,0.0858,0.18936631,
isd_individual_iso_prediction__isd__tong_style_reduced_xgboost__seed2027,isd_individual_iso_prediction,ISD,dev,ISD_PancrasLock_PancrasLock2_PL203_R373,ISD_PancrasLock_PancrasLock2_PL203,ISOEventful,0.25,0.21508415,
isd_individual_iso_prediction__isd__tong_style_reduced_xgboost__seed2027,isd_individual_iso_prediction,ISD,dev,ISD_PancrasLock_PancrasLock2_PL205_R411,ISD_PancrasLock_PancrasLock2_PL205,ISOEventful,0.3536,0.13122246,
isd_individual_iso_prediction__isd__tong_style_reduced_xgboost__seed2027,isd_individual_iso_prediction,ISD,dev,ISD_PancrasLock_PancrasLock2_PL206_R413,ISD_PancrasLock_PancrasLock2_PL206,ISOEventful,0.2374,0.13657409,
isd_individual_iso_prediction__isd__tong_style_reduced_xgboost__seed2027,isd_individual_iso_prediction,ISD,dev,ISD_PancrasLock_PancrasLock2_PL209_R374,ISD_PancrasLock_PancrasLock2_PL209,ISOEventful,-0.1036,0.20568258,
isd_individual_iso_prediction__isd__tong_style_reduced_xgboost__seed2027,isd_individual_iso_prediction,ISD,dev,ISD_PancrasLock_PancrasLock2_PL209_R414,ISD_PancrasLock_PancrasLock2_PL209,ISOEventful,0.2197,0.18548541,
isd_individual_iso_prediction__isd__tong_style_reduced_xgboost__seed2027,isd_individual_iso_prediction,ISD,dev,ISD_PancrasLock_PancrasLock2_PL210_R375,ISD_PancrasLock_PancrasLock2_PL210,ISOEventful,-0.1768,0.24697362,
isd_individual_iso_prediction__isd__tong_style_reduced_xgboost__seed2027,isd_individual_iso_prediction,ISD,dev,ISD_PancrasLock_PancrasLock2_PL211_R376,ISD_PancrasLock_PancrasLock2_PL211,ISOEventful,-0.2197,0.20874871,
isd_individual_iso_prediction__isd__tong_style_reduced_xgboost__seed2027,isd_individual_iso_prediction,ISD,dev,ISD_PancrasLock_PancrasLock2_PL211_R397,ISD_PancrasLock_PancrasLock2_PL211,ISOEventful,-0.2197,0.110281244,
isd_individual_iso_prediction__isd__tong_style_reduced_xgboost__seed2027,isd_individual_iso_prediction,ISD,dev,ISD_PancrasLock_PancrasLock2_PL213_R378,ISD_PancrasLock_PancrasLock2_PL213,ISOEventful,-0.2929,0.148209,
isd_individual_iso_prediction__isd__tong_style_reduced_xgboost__seed2027,isd_individual_iso_prediction,ISD,dev,ISD_PancrasLock_PancrasLock2_PL215_R379,ISD_PancrasLock_PancrasLock2_PL215,ISOEventful,0.1161,0.2559179,
isd_individual_iso_prediction__isd__tong_style_reduced_xgboost__seed2027,isd_individual_iso_prediction,ISD,dev,ISD_PancrasLock_PancrasLock2_PL215_R401,ISD_PancrasLock_PancrasLock2_PL215,ISOEventful,-0.4268,0.258629,
isd_individual_iso_prediction__isd__tong_style_reduced_xgboost__seed2027,isd_individual_iso_prediction,ISD,dev,ISD_PancrasLock_PancrasLock2_PL216_R380,ISD_PancrasLock_PancrasLock2_PL216,ISOEventful,0.1464,0.15339334,
isd_individual_iso_prediction__isd__tong_style_reduced_xgboost__seed2027,isd_individual_iso_prediction,ISD,dev,ISD_PancrasLock_PancrasLock2_PL216_R398,ISD_PancrasLock_PancrasLock2_PL216,ISOEventful,0.0732,0.19548765,
isd_individual_iso_prediction__isd__tong_style_reduced_xgboost__seed2027,isd_individual_iso_prediction,ISD,dev,ISD_PancrasLock_PancrasLock2_PL217_R381,ISD_PancrasLock_PancrasLock2_PL217,ISOEventful,-0.2071,-0.009506324,
isd_individual_iso_prediction__isd__tong_style_reduced_xgboost__seed2027,isd_individual_iso_prediction,ISD,dev,ISD_PancrasLock_PancrasLock2_PL217_R402,ISD_PancrasLock_PancrasLock2_PL217,ISOEventful,0.3107,0.042416032,
isd_individual_iso_prediction__isd__tong_style_reduced_xgboost__seed2027,isd_individual_iso_prediction,ISD,dev,ISD_PancrasLock_PancrasLock2_PL218_R382,ISD_PancrasLock_PancrasLock2_PL218,ISOEventful,-0.1464,0.09934707,
isd_individual_iso_prediction__isd__tong_style_reduced_xgboost__seed2027,isd_individual_iso_prediction,ISD,dev,ISD_PancrasLock_PancrasLock2_PL218_R408,ISD_PancrasLock_PancrasLock2_PL218,ISOEventful,-0.1768,0.09934707,
isd_individual_iso_prediction__isd__tong_style_reduced_xgboost__seed2027,isd_individual_iso_prediction,ISD,dev,ISD_PancrasLock_PancrasLock2_PL219_R383,ISD_PancrasLock_PancrasLock2_PL219,ISOEventful,0.1339,0.1320933,
isd_individual_iso_prediction__isd__tong_style_reduced_xgboost__seed2027,isd_individual_iso_prediction,ISD,dev,ISD_PancrasLock_PancrasLock2_PL220_R407,ISD_PancrasLock_PancrasLock2_PL220,ISOEventful,0.3536,0.028816232,
isd_individual_iso_prediction__isd__tong_style_reduced_xgboost__seed2027,isd_individual_iso_prediction,ISD,dev,ISD_PancrasLock_PancrasLock2_PL221_R384,ISD_PancrasLock_PancrasLock2_PL221,ISOEventful,0.2803,0.15933616,
isd_individual_iso_prediction__isd__tong_style_reduced_xgboost__seed2027,isd_individual_iso_prediction,ISD,dev,ISD_PancrasLock_PancrasLock2_PL222_R385,ISD_PancrasLock_PancrasLock2_PL222,ISOEventful,0.5,0.03578968,
isd_individual_iso_prediction__isd__tong_style_reduced_xgboost__seed2027,isd_individual_iso_prediction,ISD,dev,ISD_PancrasLock_PancrasLock2_PL224_R387,ISD_PancrasLock_PancrasLock2_PL224,ISOEventful,-0.25,0.12070703,
isd_individual_iso_prediction__isd__tong_style_reduced_xgboost__seed2027,isd_individual_iso_prediction,ISD,dev,ISD_PancrasLock_PancrasLock2_PL227_R389,ISD_PancrasLock_PancrasLock2_PL227,ISOEventful,-0.4268,0.08448507,
isd_individual_iso_prediction__isd__tong_style_reduced_xgboost__seed2027,isd_individual_iso_prediction,ISD,dev,ISD_PancrasLock_PancrasLock2_PL228_R390,ISD_PancrasLock_PancrasLock2_PL228,ISOEventful,-0.3232,0.03136878,
isd_individual_iso_prediction__isd__tong_style_reduced_xgboost__seed2027,isd_individual_iso_prediction,ISD,dev,ISD_PancrasLock_PancrasLock2_PL230_R392,ISD_PancrasLock_PancrasLock2_PL230,ISOEventful,0.0,0.18310997,
isd_individual_iso_prediction__isd__tong_style_reduced_xgboost__seed2027,isd_individual_iso_prediction,ISD,dev,ISD_PancrasLock_PancrasLock2_PL231_R393,ISD_PancrasLock_PancrasLock2_PL231,ISOEventful,-0.7071,0.106496274,
isd_individual_iso_prediction__isd__tong_style_reduced_xgboost__seed2027,isd_individual_iso_prediction,ISD,dev,ISD_PancrasLock_PancrasLock2_PL231_R405,ISD_PancrasLock_PancrasLock2_PL231,ISOEventful,0.5,0.106496274,
isd_individual_iso_prediction__isd__tong_style_reduced_xgboost__seed2027,isd_individual_iso_prediction,ISD,dev,ISD_PancrasLock_PancrasLock2_PL234_R395,ISD_PancrasLock_PancrasLock2_PL234,ISOEventful,-0.5,0.15086694,
isd_individual_iso_prediction__isd__tong_style_reduced_xgboost__seed2027,isd_individual_iso_prediction,ISD,dev,ISD_OlympicSquare_OlympicSquare4_OSQ4026_RZHH01,ISD_OlympicSquare_OlympicSquare4_OSQ4026,ISOEventful,0.3839,-0.012373728,
isd_individual_iso_prediction__isd__tong_style_reduced_xgboost__seed2027,isd_individual_iso_prediction,ISD,dev,ISD_OlympicSquare_OlympicSquare4_OSQ4027_RZHH02,ISD_OlympicSquare_OlympicSquare4_OSQ4027,ISOEventful,0.1768,0.07577747,
isd_individual_iso_prediction__isd__tong_style_reduced_xgboost__seed2027,isd_individual_iso_prediction,ISD,dev,ISD_OlympicSquare_OlympicSquare4_OSQ4028_RZHH03,ISD_OlympicSquare_OlympicSquare4_OSQ4028,ISOEventful,-0.4268,0.05778358,
isd_individual_iso_prediction__isd__tong_style_reduced_xgboost__seed2027,isd_individual_iso_prediction,ISD,dev,ISD_OlympicSquare_OlympicSquare4_OSQ4029_RZHH04,ISD_OlympicSquare_OlympicSquare4_OSQ4029,ISOEventful,0.1036,-0.013040071,
isd_individual_iso_prediction__isd__tong_style_reduced_xgboost__seed2027,isd_individual_iso_prediction,ISD,dev,ISD_OlympicSquare_OlympicSquare4_OSQ4030_RZHH05,ISD_OlympicSquare_OlympicSquare4_OSQ4030,ISOEventful,0.1339,0.06781804,
isd_individual_iso_prediction__isd__tong_style_reduced_xgboost__seed2027,isd_individual_iso_prediction,ISD,dev,ISD_OlympicSquare_OlympicSquare4_OSQ4031_RZHH06,ISD_OlympicSquare_OlympicSquare4_OSQ4031,ISOEventful,0.0,0.026566219,
isd_individual_iso_prediction__isd__tong_style_reduced_xgboost__seed2027,isd_individual_iso_prediction,ISD,dev,ISD_OlympicSquare_OlympicSquare4_OSQ4032_RZHH07,ISD_OlympicSquare_OlympicSquare4_OSQ4032,ISOEventful,0.0732,0.026566219,
isd_individual_iso_prediction__isd__tong_style_reduced_xgboost__seed2027,isd_individual_iso_prediction,ISD,dev,ISD_OlympicSquare_OlympicSquare4_OSQ4033_RZHH08,ISD_OlympicSquare_OlympicSquare4_OSQ4033,ISOEventful,-0.1036,0.10932789,
isd_individual_iso_prediction__isd__tong_style_reduced_xgboost__seed2027,isd_individual_iso_prediction,ISD,dev,ISD_OlympicSquare_OlympicSquare4_OSQ4034_RZHH09,ISD_OlympicSquare_OlympicSquare4_OSQ4034,ISOEventful,0.5,0.009812629,
isd_individual_iso_prediction__isd__tong_style_reduced_xgboost__seed2027,isd_individual_iso_prediction,ISD,dev,ISD_OlympicSquare_OlympicSquare4_OSQ4035_RZHH10,ISD_OlympicSquare_OlympicSquare4_OSQ4035,ISOEventful,0.1893,0.009812629,
isd_individual_iso_prediction__isd__tong_style_reduced_xgboost__seed2027,isd_individual_iso_prediction,ISD,dev,ISD_OlympicSquare_OlympicSquare4_OSQ4036_RZHH11,ISD_OlympicSquare_OlympicSquare4_OSQ4036,ISOEventful,-0.1036,0.068590134,
isd_individual_iso_prediction__isd__tong_style_reduced_xgboost__seed2027,isd_individual_iso_prediction,ISD,dev,ISD_OlympicSquare_OlympicSquare4_OSQ4037_RZHH12,ISD_OlympicSquare_OlympicSquare4_OSQ4037,ISOEventful,-0.1339,0.042935606,
isd_individual_iso_prediction__isd__tong_style_reduced_xgboost__seed2027,isd_individual_iso_prediction,ISD,dev,ISD_OlympicSquare_OlympicSquare4_OSQ4038_RZHH13,ISD_OlympicSquare_OlympicSquare4_OSQ4038,ISOEventful,0.2071,0.09547467,
isd_individual_iso_prediction__isd__tong_style_reduced_xgboost__seed2027,isd_individual_iso_prediction,ISD,dev,ISD_OlympicSquare_OlympicSquare4_OSQ4039_RZZY01,ISD_OlympicSquare_OlympicSquare4_OSQ4039,ISOEventful,0.25,0.015975907,
isd_individual_iso_prediction__isd__tong_style_reduced_xgboost__seed2027,isd_individual_iso_prediction,ISD,dev,ISD_OlympicSquare_OlympicSquare4_OSQ4040_RZZY03,ISD_OlympicSquare_OlympicSquare4_OSQ4040,ISOEventful,-0.0732,0.03691452,
isd_individual_iso_prediction__isd__tong_style_reduced_xgboost__seed2027,isd_individual_iso_prediction,ISD,dev,ISD_OlympicSquare_OlympicSquare4_OSQ4041_RZRN01,ISD_OlympicSquare_OlympicSquare4_OSQ4041,ISOEventful,0.0,-0.0018837372,
isd_individual_iso_prediction__isd__tong_style_reduced_xgboost__seed2027,isd_individual_iso_prediction,ISD,dev,ISD_OlympicSquare_OlympicSquare4_OSQ4042_RZRN02,ISD_OlympicSquare_OlympicSquare4_OSQ4042,ISOEventful,0.0732,0.09257681,
isd_individual_iso_prediction__isd__tong_style_reduced_xgboost__seed2027,isd_individual_iso_prediction,ISD,dev,ISD_OlympicSquare_OlympicSquare4_OSQ4043_RZRN03,ISD_OlympicSquare_OlympicSquare4_OSQ4043,ISOEventful,-0.1036,0.026566219,
isd_individual_iso_prediction__isd__tong_style_reduced_xgboost__seed2027,isd_individual_iso_prediction,ISD,dev,ISD_OlympicSquare_OlympicSquare4_OSQ4044_RZRN04,ISD_OlympicSquare_OlympicSquare4_OSQ4044,ISOEventful,-0.0732,0.016845929,
isd_individual_iso_prediction__isd__tong_style_reduced_xgboost__seed2027,isd_individual_iso_prediction,ISD,dev,ISD_OlympicSquare_OlympicSquare4_OSQ4045_RZRN05,ISD_OlympicSquare_OlympicSquare4_OSQ4045,ISOEventful,0.0429,0.02341017,
isd_individual_iso_prediction__isd__tong_style_reduced_xgboost__seed2027,isd_individual_iso_prediction,ISD,dev,ISD_OlympicSquare_OlympicSquare4_OSQ4046_RZRN06,ISD_OlympicSquare_OlympicSquare4_OSQ4046,ISOEventful,0.4874,0.0097672315,
isd_individual_iso_prediction__isd__tong_style_reduced_xgboost__seed2027,isd_individual_iso_prediction,ISD,dev,ISD_OlympicSquare_OlympicSquare4_OSQ4047_RZRN07,ISD_OlympicSquare_OlympicSquare4_OSQ4047,ISOEventful,0.0,0.0754112,
isd_individual_iso_prediction__isd__tong_style_reduced_xgboost__seed2027,isd_individual_iso_prediction,ISD,dev,ISD_OlympicSquare_OlympicSquare4_OSQ4049_RLM02,ISD_OlympicSquare_OlympicSquare4_OSQ4049,ISOEventful,0.1036,0.116822034,
isd_individual_iso_prediction__isd__tong_style_reduced_xgboost__seed2027,isd_individual_iso_prediction,ISD,dev,ISD_OlympicSquare_OlympicSquare4_OSQ4050_RLM03,ISD_OlympicSquare_OlympicSquare4_OSQ4050,ISOEventful,0.1036,0.10525136,
isd_individual_iso_prediction__isd__tong_style_reduced_xgboost__seed2027,isd_individual_iso_prediction,ISD,dev,ISD_OlympicSquare_OlympicSquare4_OSQ4051_RLM04,ISD_OlympicSquare_OlympicSquare4_OSQ4051,ISOEventful,0.0732,-0.02458897,
isd_individual_iso_prediction__isd__tong_style_reduced_xgboost__seed2027,isd_individual_iso_prediction,ISD,dev,ISD_OlympicSquare_OlympicSquare4_OSQ4052_RLM05,ISD_OlympicSquare_OlympicSquare4_OSQ4052,ISOEventful,0.0,0.04729127,
isd_individual_iso_prediction__isd__tong_style_reduced_xgboost__seed2027,isd_individual_iso_prediction,ISD,dev,ISD_OlympicSquare_OlympicSquare4_OSQ4053_RLM06,ISD_OlympicSquare_OlympicSquare4_OSQ4053,ISOEventful,0.0607,0.077742435,
isd_individual_iso_prediction__isd__tong_style_reduced_xgboost__seed2027,isd_individual_iso_prediction,ISD,dev,ISD_OlympicSquare_OlympicSquare4_OSQ4054_RLM07,ISD_OlympicSquare_OlympicSquare4_OSQ4054,ISOEventful,0.25,0.044269312,
isd_individual_iso_prediction__isd__tong_style_reduced_xgboost__seed2027,isd_individual_iso_prediction,ISD,dev,ISD_OlympicSquare_OlympicSquare4_OSQ4056_RLM09,ISD_OlympicSquare_OlympicSquare4_OSQ4056,ISOEventful,0.0303,0.039520215,
isd_individual_iso_prediction__isd__tong_style_reduced_xgboost__seed2027,isd_individual_iso_prediction,ISD,dev,ISD_OlympicSquare_OlympicSquare4_OSQ4057_RLM10,ISD_OlympicSquare_OlympicSquare4_OSQ4057,ISOEventful,-0.1768,0.061678234,
isd_individual_iso_prediction__isd__tong_style_reduced_xgboost__seed2027,isd_individual_iso_prediction,ISD,dev,ISD_OlympicSquare_OlympicSquare4_OSQ4082_RLR01,ISD_OlympicSquare_OlympicSquare4_OSQ4082,ISOEventful,-0.0732,0.012198124,
isd_individual_iso_prediction__isd__tong_style_reduced_xgboost__seed2027,isd_individual_iso_prediction,ISD,dev,ISD_OlympicSquare_OlympicSquare4_OSQ4084_RLR03,ISD_OlympicSquare_OlympicSquare4_OSQ4084,ISOEventful,0.6464,-0.024314221,
isd_individual_iso_prediction__isd__tong_style_reduced_xgboost__seed2027,isd_individual_iso_prediction,ISD,dev,ISD_OlympicSquare_OlympicSquare4_OSQ4085_RLR04,ISD_OlympicSquare_OlympicSquare4_OSQ4085,ISOEventful,0.0429,0.08653776,
isd_individual_iso_prediction__isd__tong_style_reduced_xgboost__seed2027,isd_individual_iso_prediction,ISD,dev,ISD_OlympicSquare_OlympicSquare4_OSQ4086_RLR05,ISD_OlympicSquare_OlympicSquare4_OSQ4086,ISOEventful,0.3232,0.08653776,
isd_individual_iso_prediction__isd__tong_style_reduced_xgboost__seed2027,isd_individual_iso_prediction,ISD,dev,ISD_OlympicSquare_OlympicSquare4_OSQ4087_RLR06,ISD_OlympicSquare_OlympicSquare4_OSQ4087,ISOEventful,0.0732,0.06958991,
isd_individual_iso_prediction__isd__tong_style_reduced_xgboost__seed2027,isd_individual_iso_prediction,ISD,dev,ISD_OlympicSquare_OlympicSquare4_OSQ4088_RLR07,ISD_OlympicSquare_OlympicSquare4_OSQ4088,ISOEventful,0.0,0.014478746,
isd_individual_iso_prediction__isd__tong_style_reduced_xgboost__seed2027,isd_individual_iso_prediction,ISD,dev,ISD_OlympicSquare_OlympicSquare4_OSQ4089_RLR08,ISD_OlympicSquare_OlympicSquare4_OSQ4089,ISOEventful,-0.0732,0.13690972,
isd_individual_iso_prediction__isd__tong_style_reduced_xgboost__seed2027,isd_individual_iso_prediction,ISD,dev,ISD_OlympicSquare_OlympicSquare4_OSQ4090_RLR09,ISD_OlympicSquare_OlympicSquare4_OSQ4090,ISOEventful,0.25,0.09749351,
isd_individual_iso_prediction__isd__tong_style_reduced_xgboost__seed2027,isd_individual_iso_prediction,ISD,dev,ISD_OlympicSquare_OlympicSquare4_OSQ4091_RLR10,ISD_OlympicSquare_OlympicSquare4_OSQ4091,ISOEventful,0.0,0.100380935,
isd_individual_iso_prediction__isd__tong_style_reduced_xgboost__seed2027,isd_individual_iso_prediction,ISD,dev,ISD_OlympicSquare_OlympicSquare4_OSQ4092_RLQ01,ISD_OlympicSquare_OlympicSquare4_OSQ4092,ISOEventful,-0.3536,0.030760398,
isd_individual_iso_prediction__isd__tong_style_reduced_xgboost__seed2027,isd_individual_iso_prediction,ISD,dev,ISD_OlympicSquare_OlympicSquare4_OSQ4094_RLQ03,ISD_OlympicSquare_OlympicSquare4_OSQ4094,ISOEventful,0.1768,-0.026932066,
isd_individual_iso_prediction__isd__tong_style_reduced_xgboost__seed2027,isd_individual_iso_prediction,ISD,dev,ISD_OlympicSquare_OlympicSquare4_OSQ4095_RLQ04,ISD_OlympicSquare_OlympicSquare4_OSQ4095,ISOEventful,0.0,0.047032174,
isd_individual_iso_prediction__isd__tong_style_reduced_xgboost__seed2027,isd_individual_iso_prediction,ISD,dev,ISD_OlympicSquare_OlympicSquare4_OSQ4096_RLQ05,ISD_OlympicSquare_OlympicSquare4_OSQ4096,ISOEventful,0.0,0.029224312,
isd_individual_iso_prediction__isd__tong_style_reduced_xgboost__seed2027,isd_individual_iso_prediction,ISD,dev,ISD_OlympicSquare_OlympicSquare4_OSQ4097_RLQ06,ISD_OlympicSquare_OlympicSquare4_OSQ4097,ISOEventful,-0.3536,0.079492465,
isd_individual_iso_prediction__isd__tong_style_reduced_xgboost__seed2027,isd_individual_iso_prediction,ISD,dev,ISD_OlympicSquare_OlympicSquare4_OSQ4098_RLQ07,ISD_OlympicSquare_OlympicSquare4_OSQ4098,ISOEventful,0.0,0.12897341,
isd_individual_iso_prediction__isd__tong_style_reduced_xgboost__seed2027,isd_individual_iso_prediction,ISD,dev,ISD_OlympicSquare_OlympicSquare4_OSQ4099_RLQ08,ISD_OlympicSquare_OlympicSquare4_OSQ4099,ISOEventful,0.0,0.12796678,
isd_individual_iso_prediction__isd__tong_style_reduced_xgboost__seed2027,isd_individual_iso_prediction,ISD,dev,ISD_OlympicSquare_OlympicSquare4_OSQ4100_RLQ09,ISD_OlympicSquare_OlympicSquare4_OSQ4100,ISOEventful,0.2071,0.09424261,
isd_individual_iso_prediction__isd__tong_style_reduced_xgboost__seed2027,isd_individual_iso_prediction,ISD,dev,ISD_OlympicSquare_OlympicSquare4_OSQ4101_RHYY01,ISD_OlympicSquare_OlympicSquare4_OSQ4101,ISOEventful,0.1036,0.0916883,
isd_individual_iso_prediction__isd__tong_style_reduced_xgboost__seed2027,isd_individual_iso_prediction,ISD,dev,ISD_OlympicSquare_OlympicSquare4_OSQ4102_RHYY02,ISD_OlympicSquare_OlympicSquare4_OSQ4102,ISOEventful,0.0732,0.07929826,
isd_individual_iso_prediction__isd__tong_style_reduced_xgboost__seed2027,isd_individual_iso_prediction,ISD,test,ISD_SanMarco_SanMarco1_AM06_R30,ISD_SanMarco_SanMarco1_AM06,ISOEventful,0.3661,0.3699622,
isd_individual_iso_prediction__isd__tong_style_reduced_xgboost__seed2027,isd_individual_iso_prediction,ISD,test,ISD_SanMarco_SanMarco1_AM06_R31,ISD_SanMarco_SanMarco1_AM06,ISOEventful,-0.159,0.36495838,
isd_individual_iso_prediction__isd__tong_style_reduced_xgboost__seed2027,isd_individual_iso_prediction,ISD,test,ISD_SanMarco_SanMarco1_AM07_R32,ISD_SanMarco_SanMarco1_AM07,ISOEventful,0.7071,0.19126426,
isd_individual_iso_prediction__isd__tong_style_reduced_xgboost__seed2027,isd_individual_iso_prediction,ISD,test,ISD_PlazaBibRambla_PlazaBibRambla1_BIB11_R1457,ISD_PlazaBibRambla_PlazaBibRambla1_BIB11,ISOEventful,0.0,0.21471785,
isd_individual_iso_prediction__isd__tong_style_reduced_xgboost__seed2027,isd_individual_iso_prediction,ISD,test,ISD_PlazaBibRambla_PlazaBibRambla1_BIB14_R1444,ISD_PlazaBibRambla_PlazaBibRambla1_BIB14,ISOEventful,0.6339,0.21657664,
isd_individual_iso_prediction__isd__tong_style_reduced_xgboost__seed2027,isd_individual_iso_prediction,ISD,test,ISD_PlazaBibRambla_PlazaBibRambla1_BIB5_R1454,ISD_PlazaBibRambla_PlazaBibRambla1_BIB5,ISOEventful,0.2929,0.2897617,
isd_individual_iso_prediction__isd__tong_style_reduced_xgboost__seed2027,isd_individual_iso_prediction,ISD,test,ISD_Noorderplantsoen_Noorderplantsoen1_NP142_R1461,ISD_Noorderplantsoen_Noorderplantsoen1_NP142,ISOEventful,0.1768,0.10209982,
isd_individual_iso_prediction__isd__tong_style_reduced_xgboost__seed2027,isd_individual_iso_prediction,ISD,test,ISD_Noorderplantsoen_Noorderplantsoen1_NP144_R1462,ISD_Noorderplantsoen_Noorderplantsoen1_NP144,ISOEventful,0.1464,0.13154729,
isd_individual_iso_prediction__isd__tong_style_reduced_xgboost__seed2027,isd_individual_iso_prediction,ISD,test,ISD_Noorderplantsoen_Noorderplantsoen1_NP144_R1463,ISD_Noorderplantsoen_Noorderplantsoen1_NP144,ISOEventful,0.0303,0.12596746,
isd_individual_iso_prediction__isd__tong_style_reduced_xgboost__seed2027,isd_individual_iso_prediction,ISD,test,ISD_Noorderplantsoen_Noorderplantsoen1_NP147_R1464,ISD_Noorderplantsoen_Noorderplantsoen1_NP147,ISOEventful,-0.0732,0.1798756,
isd_individual_iso_prediction__isd__tong_style_reduced_xgboost__seed2027,isd_individual_iso_prediction,ISD,test,ISD_Noorderplantsoen_Noorderplantsoen1_NP151_R1465,ISD_Noorderplantsoen_Noorderplantsoen1_NP151,ISOEventful,0.4874,-0.017122496,
isd_individual_iso_prediction__isd__tong_style_reduced_xgboost__seed2027,isd_individual_iso_prediction,ISD,test,ISD_Noorderplantsoen_Noorderplantsoen1_NP151_R1466,ISD_Noorderplantsoen_Noorderplantsoen1_NP151,ISOEventful,0.3536,0.008925938,
isd_individual_iso_prediction__isd__tong_style_reduced_xgboost__seed2027,isd_individual_iso_prediction,ISD,test,ISD_SanMarco_SanMarco1_ML103_R36,ISD_SanMarco_SanMarco1_ML103,ISOEventful,0.7071,0.5489681,
isd_individual_iso_prediction__isd__tong_style_reduced_xgboost__seed2027,isd_individual_iso_prediction,ISD,test,ISD_SanMarco_SanMarco1_ML103_R37,ISD_SanMarco_SanMarco1_ML103,ISOEventful,0.5,0.5489681,
isd_individual_iso_prediction__isd__tong_style_reduced_xgboost__seed2027,isd_individual_iso_prediction,ISD,test,ISD_SanMarco_SanMarco1_ML103_R38,ISD_SanMarco_SanMarco1_ML103,ISOEventful,0.4393,0.58630097,
isd_individual_iso_prediction__isd__tong_style_reduced_xgboost__seed2027,isd_individual_iso_prediction,ISD,test,ISD_SanMarco_SanMarco1_ML103_R39,ISD_SanMarco_SanMarco1_ML103,ISOEventful,0.6036,0.58630097,
isd_individual_iso_prediction__isd__tong_style_reduced_xgboost__seed2027,isd_individual_iso_prediction,ISD,test,ISD_SanMarco_SanMarco1_ML106_R43,ISD_SanMarco_SanMarco1_ML106,ISOEventful,-0.1161,0.22718999,
isd_individual_iso_prediction__isd__tong_style_reduced_xgboost__seed2027,isd_individual_iso_prediction,ISD,test,ISD_SanMarco_SanMarco1_ML106_R44,ISD_SanMarco_SanMarco1_ML106,ISOEventful,0.0607,0.22718999,
isd_individual_iso_prediction__isd__tong_style_reduced_xgboost__seed2027,isd_individual_iso_prediction,ISD,test,ISD_SanMarco_SanMarco1_ML106_R45,ISD_SanMarco_SanMarco1_ML106,ISOEventful,-0.0732,0.24567148,
isd_individual_iso_prediction__isd__tong_style_reduced_xgboost__seed2027,isd_individual_iso_prediction,ISD,test,ISD_SanMarco_SanMarco1_ML106_R46,ISD_SanMarco_SanMarco1_ML106,ISOEventful,0.1642,0.22718999,
isd_individual_iso_prediction__isd__tong_style_reduced_xgboost__seed2027,isd_individual_iso_prediction,ISD,test,ISD_SanMarco_SanMarco1_ML106_R47,ISD_SanMarco_SanMarco1_ML106,ISOEventful,0.0,0.22718999,
isd_individual_iso_prediction__isd__tong_style_reduced_xgboost__seed2027,isd_individual_iso_prediction,ISD,test,ISD_SanMarco_SanMarco1_ML112_R53,ISD_SanMarco_SanMarco1_ML112,ISOEventful,0.2374,0.3362911,
isd_individual_iso_prediction__isd__tong_style_reduced_xgboost__seed2027,isd_individual_iso_prediction,ISD,test,ISD_SanMarco_SanMarco1_ML112_R54,ISD_SanMarco_SanMarco1_ML112,ISOEventful,0.4268,0.3362911,
isd_individual_iso_prediction__isd__tong_style_reduced_xgboost__seed2027,isd_individual_iso_prediction,ISD,test,ISD_SanMarco_SanMarco1_ML112_R55,ISD_SanMarco_SanMarco1_ML112,ISOEventful,0.3232,0.32214668,
isd_individual_iso_prediction__isd__tong_style_reduced_xgboost__seed2027,isd_individual_iso_prediction,ISD,test,ISD_SanMarco_SanMarco1_ML132_R60,ISD_SanMarco_SanMarco1_ML132,ISOEventful,0.3661,0.4133513,
isd_individual_iso_prediction__isd__tong_style_reduced_xgboost__seed2027,isd_individual_iso_prediction,ISD,test,ISD_SanMarco_SanMarco1_ML132_R61,ISD_SanMarco_SanMarco1_ML132,ISOEventful,0.3661,0.44591397,
isd_individual_iso_prediction__isd__tong_style_reduced_xgboost__seed2027,isd_individual_iso_prediction,ISD,test,ISD_SanMarco_SanMarco2_ML204_R73,ISD_SanMarco_SanMarco2_ML204,ISOEventful,-0.0303,0.17948855,
isd_individual_iso_prediction__isd__tong_style_reduced_xgboost__seed2027,isd_individual_iso_prediction,ISD,test,ISD_SanMarco_SanMarco2_ML206_R76,ISD_SanMarco_SanMarco2_ML206,ISOEventful,0.1036,0.2846555,
isd_individual_iso_prediction__isd__tong_style_reduced_xgboost__seed2027,isd_individual_iso_prediction,ISD,test,ISD_SanMarco_SanMarco2_ML206_R77,ISD_SanMarco_SanMarco2_ML206,ISOEventful,0.1768,0.24849236,
isd_individual_iso_prediction__isd__tong_style_reduced_xgboost__seed2027,isd_individual_iso_prediction,ISD,test,ISD_SanMarco_SanMarco2_ML209_R80,ISD_SanMarco_SanMarco2_ML209,ISOEventful,-0.0732,0.25826633,
isd_individual_iso_prediction__isd__tong_style_reduced_xgboost__seed2027,isd_individual_iso_prediction,ISD,test,ISD_SanMarco_SanMarco2_ML209_R81,ISD_SanMarco_SanMarco2_ML209,ISOEventful,0.8232,0.25027594,
isd_individual_iso_prediction__isd__tong_style_reduced_xgboost__seed2027,isd_individual_iso_prediction,ISD,test,ISD_SanMarco_SanMarco2_ML210_R82,ISD_SanMarco_SanMarco2_ML210,ISOEventful,0.0607,0.22135955,
isd_individual_iso_prediction__isd__tong_style_reduced_xgboost__seed2027,isd_individual_iso_prediction,ISD,test,ISD_SanMarco_SanMarco2_ML210_R83,ISD_SanMarco_SanMarco2_ML210,ISOEventful,0.5303,0.22135955,
isd_individual_iso_prediction__isd__tong_style_reduced_xgboost__seed2027,isd_individual_iso_prediction,ISD,test,ISD_SanMarco_SanMarco2_ML211_R84,ISD_SanMarco_SanMarco2_ML211,ISOEventful,0.0,0.18391837,
isd_individual_iso_prediction__isd__tong_style_reduced_xgboost__seed2027,isd_individual_iso_prediction,ISD,test,ISD_SanMarco_SanMarco2_ML213_R88,ISD_SanMarco_SanMarco2_ML213,ISOEventful,0.7803,0.44805384,
isd_individual_iso_prediction__isd__tong_style_reduced_xgboost__seed2027,isd_individual_iso_prediction,ISD,test,ISD_SanMarco_SanMarco3_SM302_R94,ISD_SanMarco_SanMarco3_SM302,ISOEventful,0.5607,0.49183783,
isd_individual_iso_prediction__isd__tong_style_reduced_xgboost__seed2027,isd_individual_iso_prediction,ISD,test,ISD_SanMarco_SanMarco3_SM305_R100,ISD_SanMarco_SanMarco3_SM305,ISOEventful,0.341,0.45006102,
isd_individual_iso_prediction__isd__tong_style_reduced_xgboost__seed2027,isd_individual_iso_prediction,ISD,test,ISD_SanMarco_SanMarco3_SM305_R101,ISD_SanMarco_SanMarco3_SM305,ISOEventful,1.0,0.45006102,
isd_individual_iso_prediction__isd__tong_style_reduced_xgboost__seed2027,isd_individual_iso_prediction,ISD,test,ISD_SanMarco_SanMarco3_SM309_R109,ISD_SanMarco_SanMarco3_SM309,ISOEventful,0.7803,0.41072136,
isd_individual_iso_prediction__isd__tong_style_reduced_xgboost__seed2027,isd_individual_iso_prediction,ISD,test,ISD_SanMarco_SanMarco3_SM313_R116,ISD_SanMarco_SanMarco3_SM313,ISOEventful,0.4697,0.42309585,
isd_individual_iso_prediction__isd__tong_style_reduced_xgboost__seed2027,isd_individual_iso_prediction,ISD,test,ISD_SanMarco_SanMarco3_SM314_R117,ISD_SanMarco_SanMarco3_SM314,ISOEventful,0.3661,0.48661798,
isd_individual_iso_prediction__isd__tong_style_reduced_xgboost__seed2027,isd_individual_iso_prediction,ISD,test,ISD_SanMarco_SanMarco3_SM314_R118,ISD_SanMarco_SanMarco3_SM314,ISOEventful,0.1036,0.5093521,
isd_individual_iso_prediction__isd__tong_style_reduced_xgboost__seed2027,isd_individual_iso_prediction,ISD,test,ISD_SanMarco_SanMarco3_SM314_R119,ISD_SanMarco_SanMarco3_SM314,ISOEventful,0.5303,0.5093521,
isd_individual_iso_prediction__isd__tong_style_reduced_xgboost__seed2027,isd_individual_iso_prediction,ISD,test,ISD_SanMarco_SanMarco3_SM314_R120,ISD_SanMarco_SanMarco3_SM314,ISOEventful,0.8536,0.48661798,
isd_individual_iso_prediction__isd__tong_style_reduced_xgboost__seed2027,isd_individual_iso_prediction,ISD,test,ISD_SanMarco_SanMarco3_SM314_R121,ISD_SanMarco_SanMarco3_SM314,ISOEventful,0.2678,0.5093521,
isd_individual_iso_prediction__isd__tong_style_reduced_xgboost__seed2027,isd_individual_iso_prediction,ISD,test,ISD_MiradorSanNicolas_MiradorSanNicolas1_M11_R10201,ISD_MiradorSanNicolas_MiradorSanNicolas1_M11,ISOEventful,-0.2929,0.1740524,
isd_individual_iso_prediction__isd__tong_style_reduced_xgboost__seed2027,isd_individual_iso_prediction,ISD,test,ISD_MiradorSanNicolas_MiradorSanNicolas1_M110_R10208,ISD_MiradorSanNicolas_MiradorSanNicolas1_M110,ISOEventful,0.2197,-0.013563427,
isd_individual_iso_prediction__isd__tong_style_reduced_xgboost__seed2027,isd_individual_iso_prediction,ISD,test,ISD_MiradorSanNicolas_MiradorSanNicolas1_M110_R10209,ISD_MiradorSanNicolas_MiradorSanNicolas1_M110,ISOEventful,0.1768,-0.030571599,
isd_individual_iso_prediction__isd__tong_style_reduced_xgboost__seed2027,isd_individual_iso_prediction,ISD,test,ISD_MiradorSanNicolas_MiradorSanNicolas1_M111_R10210,ISD_MiradorSanNicolas_MiradorSanNicolas1_M111,ISOEventful,-0.1161,-0.048547994,
isd_individual_iso_prediction__isd__tong_style_reduced_xgboost__seed2027,isd_individual_iso_prediction,ISD,test,ISD_MiradorSanNicolas_MiradorSanNicolas1_M111_R10211,ISD_MiradorSanNicolas_MiradorSanNicolas1_M111,ISOEventful,-0.4268,0.022355648,
isd_individual_iso_prediction__isd__tong_style_reduced_xgboost__seed2027,isd_individual_iso_prediction,ISD,test,ISD_MiradorSanNicolas_MiradorSanNicolas1_M113_R10212,ISD_MiradorSanNicolas_MiradorSanNicolas1_M113,ISOEventful,-0.2197,0.09439738,
isd_individual_iso_prediction__isd__tong_style_reduced_xgboost__seed2027,isd_individual_iso_prediction,ISD,test,ISD_MiradorSanNicolas_MiradorSanNicolas1_M113_R10214,ISD_MiradorSanNicolas_MiradorSanNicolas1_M113,ISOEventful,0.8232,0.06316073,
isd_individual_iso_prediction__isd__tong_style_reduced_xgboost__seed2027,isd_individual_iso_prediction,ISD,test,ISD_MiradorSanNicolas_MiradorSanNicolas1_M113_R10215,ISD_MiradorSanNicolas_MiradorSanNicolas1_M113,ISOEventful,0.3839,0.09491421,
isd_individual_iso_prediction__isd__tong_style_reduced_xgboost__seed2027,isd_individual_iso_prediction,ISD,test,ISD_MiradorSanNicolas_MiradorSanNicolas1_M12_R10202,ISD_MiradorSanNicolas_MiradorSanNicolas1_M12,ISOEventful,0.2197,0.2504316,
isd_individual_iso_prediction__isd__tong_style_reduced_xgboost__seed2027,isd_individual_iso_prediction,ISD,test,ISD_MiradorSanNicolas_MiradorSanNicolas1_M13_R10203,ISD_MiradorSanNicolas_MiradorSanNicolas1_M13,ISOEventful,0.1642,0.23205689,
isd_individual_iso_prediction__isd__tong_style_reduced_xgboost__seed2027,isd_individual_iso_prediction,ISD,test,ISD_MiradorSanNicolas_MiradorSanNicolas1_M16_R10204,ISD_MiradorSanNicolas_MiradorSanNicolas1_M16,ISOEventful,0.0303,0.06459184,
isd_individual_iso_prediction__isd__tong_style_reduced_xgboost__seed2027,isd_individual_iso_prediction,ISD,test,ISD_MiradorSanNicolas_MiradorSanNicolas1_M17_R10200,ISD_MiradorSanNicolas_MiradorSanNicolas1_M17,ISOEventful,-0.1287,-0.062469594,
isd_individual_iso_prediction__isd__tong_style_reduced_xgboost__seed2027,isd_individual_iso_prediction,ISD,test,ISD_MiradorSanNicolas_MiradorSanNicolas1_M17_R10206,ISD_MiradorSanNicolas_MiradorSanNicolas1_M17,ISOEventful,-0.1339,-0.025364121,
isd_individual_iso_prediction__isd__tong_style_reduced_xgboost__seed2027,isd_individual_iso_prediction,ISD,test,ISD_MiradorSanNicolas_MiradorSanNicolas1_M21_R10233,ISD_MiradorSanNicolas_MiradorSanNicolas1_M21,ISOEventful,0.3232,0.04311155,
isd_individual_iso_prediction__isd__tong_style_reduced_xgboost__seed2027,isd_individual_iso_prediction,ISD,test,ISD_MiradorSanNicolas_MiradorSanNicolas1_M21_R10234,ISD_MiradorSanNicolas_MiradorSanNicolas1_M21,ISOEventful,0.6768,0.00066357735,
isd_individual_iso_prediction__isd__tong_style_reduced_xgboost__seed2027,isd_individual_iso_prediction,ISD,test,ISD_MiradorSanNicolas_MiradorSanNicolas1_M210_R10232,ISD_MiradorSanNicolas_MiradorSanNicolas1_M210,ISOEventful,-0.2929,0.07082212,
isd_individual_iso_prediction__isd__tong_style_reduced_xgboost__seed2027,isd_individual_iso_prediction,ISD,test,ISD_MiradorSanNicolas_MiradorSanNicolas1_M22_R10217,ISD_MiradorSanNicolas_MiradorSanNicolas1_M22,ISOEventful,0.4874,0.056500398,
isd_individual_iso_prediction__isd__tong_style_reduced_xgboost__seed2027,isd_individual_iso_prediction,ISD,test,ISD_MiradorSanNicolas_MiradorSanNicolas1_M22_R10218,ISD_MiradorSanNicolas_MiradorSanNicolas1_M22,ISOEventful,0.6339,-0.02578626,
isd_individual_iso_prediction__isd__tong_style_reduced_xgboost__seed2027,isd_individual_iso_prediction,ISD,test,ISD_MiradorSanNicolas_MiradorSanNicolas1_M23_R10219,ISD_MiradorSanNicolas_MiradorSanNicolas1_M23,ISOEventful,0.1768,0.0060953842,
isd_individual_iso_prediction__isd__tong_style_reduced_xgboost__seed2027,isd_individual_iso_prediction,ISD,test,ISD_MiradorSanNicolas_MiradorSanNicolas1_M23_R10220,ISD_MiradorSanNicolas_MiradorSanNicolas1_M23,ISOEventful,0.2929,0.009038072,
isd_individual_iso_prediction__isd__tong_style_reduced_xgboost__seed2027,isd_individual_iso_prediction,ISD,test,ISD_MiradorSanNicolas_MiradorSanNicolas1_M24_R10227,ISD_MiradorSanNicolas_MiradorSanNicolas1_M24,ISOEventful,0.1036,0.053597063,
isd_individual_iso_prediction__isd__tong_style_reduced_xgboost__seed2027,isd_individual_iso_prediction,ISD,test,ISD_MiradorSanNicolas_MiradorSanNicolas1_M26_R10222,ISD_MiradorSanNicolas_MiradorSanNicolas1_M26,ISOEventful,-0.3661,0.1823937,
isd_individual_iso_prediction__isd__tong_style_reduced_xgboost__seed2027,isd_individual_iso_prediction,ISD,test,ISD_MiradorSanNicolas_MiradorSanNicolas1_M28_R10224,ISD_MiradorSanNicolas_MiradorSanNicolas1_M28,ISOEventful,0.1945,0.16032077,
isd_individual_iso_prediction__isd__tong_style_reduced_xgboost__seed2027,isd_individual_iso_prediction,ISD,test,ISD_MiradorSanNicolas_MiradorSanNicolas1_M28_R10225,ISD_MiradorSanNicolas_MiradorSanNicolas1_M28,ISOEventful,-0.0126,0.16032077,
isd_individual_iso_prediction__isd__tong_style_reduced_xgboost__seed2027,isd_individual_iso_prediction,ISD,test,ISD_MiradorSanNicolas_MiradorSanNicolas1_M29_R10228,ISD_MiradorSanNicolas_MiradorSanNicolas1_M29,ISOEventful,-0.0858,0.12386839,
isd_individual_iso_prediction__isd__tong_style_reduced_xgboost__seed2027,isd_individual_iso_prediction,ISD,test,ISD_MiradorSanNicolas_MiradorSanNicolas1_M29_R10229,ISD_MiradorSanNicolas_MiradorSanNicolas1_M29,ISOEventful,0.341,0.1441435,
isd_individual_iso_prediction__isd__tong_style_reduced_xgboost__seed2027,isd_individual_iso_prediction,ISD,test,ISD_MiradorSanNicolas_MiradorSanNicolas1_M29_R10231,ISD_MiradorSanNicolas_MiradorSanNicolas1_M29,ISOEventful,0.3839,0.11534677,
isd_individual_iso_prediction__isd__tong_style_reduced_xgboost__seed2027,isd_individual_iso_prediction,ISD,test,ISD_PlazaBibRambla_PlazaBibRambla1_BIB1_R10239,ISD_PlazaBibRambla_PlazaBibRambla1_BIB1,ISOEventful,0.1036,0.034477074,
isd_individual_iso_prediction__isd__tong_style_reduced_xgboost__seed2027,isd_individual_iso_prediction,ISD,test,ISD_PlazaBibRambla_PlazaBibRambla1_BIB10_R10252,ISD_PlazaBibRambla_PlazaBibRambla1_BIB10,ISOEventful,0.3536,-0.034467008,
isd_individual_iso_prediction__isd__tong_style_reduced_xgboost__seed2027,isd_individual_iso_prediction,ISD,test,ISD_PlazaBibRambla_PlazaBibRambla1_BIB10_R10255,ISD_PlazaBibRambla_PlazaBibRambla1_BIB10,ISOEventful,-0.7071,-0.101571865,
isd_individual_iso_prediction__isd__tong_style_reduced_xgboost__seed2027,isd_individual_iso_prediction,ISD,test,ISD_PlazaBibRambla_PlazaBibRambla1_BIB12_R10237,ISD_PlazaBibRambla_PlazaBibRambla1_BIB12,ISOEventful,-0.2929,0.08184661,
isd_individual_iso_prediction__isd__tong_style_reduced_xgboost__seed2027,isd_individual_iso_prediction,ISD,test,ISD_PlazaBibRambla_PlazaBibRambla1_BIB13_R10253,ISD_PlazaBibRambla_PlazaBibRambla1_BIB13,ISOEventful,-0.5126,0.12432754,
isd_individual_iso_prediction__isd__tong_style_reduced_xgboost__seed2027,isd_individual_iso_prediction,ISD,test,ISD_PlazaBibRambla_PlazaBibRambla1_BIB13_R10254,ISD_PlazaBibRambla_PlazaBibRambla1_BIB13,ISOEventful,-0.1464,0.06736155,
isd_individual_iso_prediction__isd__tong_style_reduced_xgboost__seed2027,isd_individual_iso_prediction,ISD,test,ISD_PlazaBibRambla_PlazaBibRambla1_BIB15_R10236,ISD_PlazaBibRambla_PlazaBibRambla1_BIB15,ISOEventful,-0.0732,0.07457283,
isd_individual_iso_prediction__isd__tong_style_reduced_xgboost__seed2027,isd_individual_iso_prediction,ISD,test,ISD_PlazaBibRambla_PlazaBibRambla1_BIB16_R10235,ISD_PlazaBibRambla_PlazaBibRambla1_BIB16,ISOEventful,0.1339,-0.03328517,
isd_individual_iso_prediction__isd__tong_style_reduced_xgboost__seed2027,isd_individual_iso_prediction,ISD,test,ISD_PlazaBibRambla_PlazaBibRambla1_BIB3_R10251,ISD_PlazaBibRambla_PlazaBibRambla1_BIB3,ISOEventful,0.0303,-0.02052718,
isd_individual_iso_prediction__isd__tong_style_reduced_xgboost__seed2027,isd_individual_iso_prediction,ISD,test,ISD_PlazaBibRambla_PlazaBibRambla1_BIB4_R10243,ISD_PlazaBibRambla_PlazaBibRambla1_BIB4,ISOEventful,-0.5429,0.103029415,
isd_individual_iso_prediction__isd__tong_style_reduced_xgboost__seed2027,isd_individual_iso_prediction,ISD,test,ISD_PlazaBibRambla_PlazaBibRambla1_BIB4_R10244,ISD_PlazaBibRambla_PlazaBibRambla1_BIB4,ISOEventful,-0.3661,-0.05112913,
isd_individual_iso_prediction__isd__tong_style_reduced_xgboost__seed2027,isd_individual_iso_prediction,ISD,test,ISD_PlazaBibRambla_PlazaBibRambla1_BIB6_R10246,ISD_PlazaBibRambla_PlazaBibRambla1_BIB6,ISOEventful,0.0,-0.03810479,
isd_individual_iso_prediction__isd__tong_style_reduced_xgboost__seed2027,isd_individual_iso_prediction,ISD,test,ISD_PlazaBibRambla_PlazaBibRambla1_BIB6_R10247,ISD_PlazaBibRambla_PlazaBibRambla1_BIB6,ISOEventful,0.0732,-0.1255339,
isd_individual_iso_prediction__isd__tong_style_reduced_xgboost__seed2027,isd_individual_iso_prediction,ISD,test,ISD_PlazaBibRambla_PlazaBibRambla1_BIB9_R10258,ISD_PlazaBibRambla_PlazaBibRambla1_BIB9,ISOEventful,0.4571,0.19725358,
isd_individual_iso_prediction__isd__tong_style_reduced_xgboost__seed2027,isd_individual_iso_prediction,ISD,test,ISD_SanMarco_SanMarco1_AM02_R17,ISD_SanMarco_SanMarco1_AM02,ISOEventful,0.1768,0.15302524,
isd_individual_iso_prediction__isd__tong_style_reduced_xgboost__seed2027,isd_individual_iso_prediction,ISD,test,ISD_SanMarco_SanMarco1_AM02_R18,ISD_SanMarco_SanMarco1_AM02,ISOEventful,-0.1768,0.15302524,
isd_individual_iso_prediction__isd__tong_style_reduced_xgboost__seed2027,isd_individual_iso_prediction,ISD,test,ISD_SanMarco_SanMarco1_ML101_R22,ISD_SanMarco_SanMarco1_ML101,ISOEventful,0.2929,0.29894456,
isd_individual_iso_prediction__isd__tong_style_reduced_xgboost__seed2027,isd_individual_iso_prediction,ISD,test,ISD_SanMarco_SanMarco1_ML101_R23,ISD_SanMarco_SanMarco1_ML101,ISOEventful,0.3232,0.31487554,
isd_individual_iso_prediction__isd__tong_style_reduced_xgboost__seed2027,isd_individual_iso_prediction,ISD,test,ISD_SanMarco_SanMarco1_ML104_R24,ISD_SanMarco_SanMarco1_ML104,ISOEventful,0.3964,0.25994655,
isd_individual_iso_prediction__isd__tong_style_reduced_xgboost__seed2027,isd_individual_iso_prediction,ISD,test,ISD_SanMarco_SanMarco1_ML104_R25,ISD_SanMarco_SanMarco1_ML104,ISOEventful,0.0732,0.23859604,
isd_individual_iso_prediction__isd__tong_style_reduced_xgboost__seed2027,isd_individual_iso_prediction,ISD,test,ISD_SanMarco_SanMarco1_ML105_R26,ISD_SanMarco_SanMarco1_ML105,ISOEventful,0.6464,0.12082108,
isd_individual_iso_prediction__isd__tong_style_reduced_xgboost__seed2027,isd_individual_iso_prediction,ISD,test,ISD_SanMarco_SanMarco1_ML111_R27,ISD_SanMarco_SanMarco1_ML111,ISOEventful,0.5732,0.16807501,
isd_individual_iso_prediction__isd__tong_style_reduced_xgboost__seed2027,isd_individual_iso_prediction,ISD,test,ISD_SanMarco_SanMarco1_ML111_R28,ISD_SanMarco_SanMarco1_ML111,ISOEventful,0.0429,0.13900311,
isd_individual_iso_prediction__isd__tong_style_reduced_xgboost__seed2027,isd_individual_iso_prediction,ISD,test,ISD_SanMarco_SanMarco1_ML111_R29,ISD_SanMarco_SanMarco1_ML111,ISOEventful,0.2803,0.16807501,
isd_individual_iso_prediction__isd__tong_style_reduced_xgboost__seed2027,isd_individual_iso_prediction,ISD,test,ISD_SanMarco_SanMarco1_ML111_R30,ISD_SanMarco_SanMarco1_ML111,ISOEventful,0.7071,0.13900311,
isd_individual_iso_prediction__isd__tong_style_reduced_xgboost__seed2027,isd_individual_iso_prediction,ISD,test,ISD_SanMarco_SanMarco1_ML130_R31,ISD_SanMarco_SanMarco1_ML130,ISOEventful,0.5303,0.14878723,
isd_individual_iso_prediction__isd__tong_style_reduced_xgboost__seed2027,isd_individual_iso_prediction,ISD,test,ISD_SanMarco_SanMarco1_ML130_R32,ISD_SanMarco_SanMarco1_ML130,ISOEventful,0.6464,0.10695678,
isd_individual_iso_prediction__isd__tong_style_reduced_xgboost__seed2027,isd_individual_iso_prediction,ISD,test,ISD_SanMarco_SanMarco1_ML131_R33,ISD_SanMarco_SanMarco1_ML131,ISOEventful,0.5732,0.36849022,
isd_individual_iso_prediction__isd__tong_style_reduced_xgboost__seed2027,isd_individual_iso_prediction,ISD,test,ISD_SanMarco_SanMarco1_ML131_R34,ISD_SanMarco_SanMarco1_ML131,ISOEventful,0.1161,0.36849022,
isd_individual_iso_prediction__isd__tong_style_reduced_xgboost__seed2027,isd_individual_iso_prediction,ISD,test,ISD_SanMarco_SanMarco1_ML133_R35,ISD_SanMarco_SanMarco1_ML133,ISOEventful,0.5732,0.24001126,
isd_individual_iso_prediction__isd__tong_style_reduced_xgboost__seed2027,isd_individual_iso_prediction,ISD,test,ISD_SanMarco_SanMarco1_ML133_R36,ISD_SanMarco_SanMarco1_ML133,ISOEventful,0.3661,0.24001126,
isd_individual_iso_prediction__isd__tong_style_reduced_xgboost__seed2027,isd_individual_iso_prediction,ISD,test,ISD_SanMarco_SanMarco1_ML133_R37,ISD_SanMarco_SanMarco1_ML133,ISOEventful,0.1464,0.22996376,
isd_individual_iso_prediction__isd__tong_style_reduced_xgboost__seed2027,isd_individual_iso_prediction,ISD,test,ISD_SanMarco_SanMarco1_ML133_R38,ISD_SanMarco_SanMarco1_ML133,ISOEventful,0.4697,0.24001126,
isd_individual_iso_prediction__isd__tong_style_reduced_xgboost__seed2027,isd_individual_iso_prediction,ISD,test,ISD_SanMarco_SanMarco2_ML202_R39,ISD_SanMarco_SanMarco2_ML202,ISOEventful,0.5,0.5156699,
isd_individual_iso_prediction__isd__tong_style_reduced_xgboost__seed2027,isd_individual_iso_prediction,ISD,test,ISD_SanMarco_SanMarco2_ML202_R40,ISD_SanMarco_SanMarco2_ML202,ISOEventful,0.6339,0.5156699,
isd_individual_iso_prediction__isd__tong_style_reduced_xgboost__seed2027,isd_individual_iso_prediction,ISD,test,ISD_SanMarco_SanMarco2_ML202_R41,ISD_SanMarco_SanMarco2_ML202,ISOEventful,0.0429,0.5212017,
isd_individual_iso_prediction__isd__tong_style_reduced_xgboost__seed2027,isd_individual_iso_prediction,ISD,test,ISD_SanMarco_SanMarco2_ML203_R42,ISD_SanMarco_SanMarco2_ML203,ISOEventful,0.3232,0.0743168,
isd_individual_iso_prediction__isd__tong_style_reduced_xgboost__seed2027,isd_individual_iso_prediction,ISD,test,ISD_SanMarco_SanMarco2_ML205_R43,ISD_SanMarco_SanMarco2_ML205,ISOEventful,0.4697,0.15134247,
isd_individual_iso_prediction__isd__tong_style_reduced_xgboost__seed2027,isd_individual_iso_prediction,ISD,test,ISD_SanMarco_SanMarco2_ML205_R44,ISD_SanMarco_SanMarco2_ML205,ISOEventful,0.3536,0.11877472,
isd_individual_iso_prediction__isd__tong_style_reduced_xgboost__seed2027,isd_individual_iso_prediction,ISD,test,ISD_SanMarco_SanMarco2_ML208_R45,ISD_SanMarco_SanMarco2_ML208,ISOEventful,-0.0303,0.19572902,
isd_individual_iso_prediction__isd__tong_style_reduced_xgboost__seed2027,isd_individual_iso_prediction,ISD,test,ISD_SanMarco_SanMarco2_ML208_R46,ISD_SanMarco_SanMarco2_ML208,ISOEventful,0.1464,0.19572902,
isd_individual_iso_prediction__isd__tong_style_reduced_xgboost__seed2027,isd_individual_iso_prediction,ISD,test,ISD_SanMarco_SanMarco2_ML212_R47,ISD_SanMarco_SanMarco2_ML212,ISOEventful,0.0,0.32425717,
isd_individual_iso_prediction__isd__tong_style_reduced_xgboost__seed2027,isd_individual_iso_prediction,ISD,test,ISD_SanMarco_SanMarco2_ML212_R48,ISD_SanMarco_SanMarco2_ML212,ISOEventful,0.6464,0.30652708,
isd_individual_iso_prediction__isd__tong_style_reduced_xgboost__seed2027,isd_individual_iso_prediction,ISD,test,ISD_SanMarco_SanMarco2_ML214_R49,ISD_SanMarco_SanMarco2_ML214,ISOEventful,0.7071,0.41159976,
isd_individual_iso_prediction__isd__tong_style_reduced_xgboost__seed2027,isd_individual_iso_prediction,ISD,test,ISD_SanMarco_SanMarco2_ML214_R50,ISD_SanMarco_SanMarco2_ML214,ISOEventful,0.0732,0.41159976,
isd_individual_iso_prediction__isd__tong_style_reduced_xgboost__seed2027,isd_individual_iso_prediction,ISD,test,ISD_SanMarco_SanMarco2_ML214_R51,ISD_SanMarco_SanMarco2_ML214,ISOEventful,0.3536,0.41159976,
isd_individual_iso_prediction__isd__tong_style_reduced_xgboost__seed2027,isd_individual_iso_prediction,ISD,test,ISD_SanMarco_SanMarco3_SM301_R52,ISD_SanMarco_SanMarco3_SM301,ISOEventful,0.1339,0.2493503,
isd_individual_iso_prediction__isd__tong_style_reduced_xgboost__seed2027,isd_individual_iso_prediction,ISD,test,ISD_SanMarco_SanMarco3_SM301_R53,ISD_SanMarco_SanMarco3_SM301,ISOEventful,0.25,0.27379945,
isd_individual_iso_prediction__isd__tong_style_reduced_xgboost__seed2027,isd_individual_iso_prediction,ISD,test,ISD_SanMarco_SanMarco3_SM303_R54,ISD_SanMarco_SanMarco3_SM303,ISOEventful,0.5303,0.2777272,
isd_individual_iso_prediction__isd__tong_style_reduced_xgboost__seed2027,isd_individual_iso_prediction,ISD,test,ISD_SanMarco_SanMarco3_SM303_R55,ISD_SanMarco_SanMarco3_SM303,ISOEventful,0.3964,0.2777272,
isd_individual_iso_prediction__isd__tong_style_reduced_xgboost__seed2027,isd_individual_iso_prediction,ISD,test,ISD_SanMarco_SanMarco3_SM303_R56,ISD_SanMarco_SanMarco3_SM303,ISOEventful,0.5732,0.2777272,
isd_individual_iso_prediction__isd__tong_style_reduced_xgboost__seed2027,isd_individual_iso_prediction,ISD,test,ISD_SanMarco_SanMarco3_SM304_R57,ISD_SanMarco_SanMarco3_SM304,ISOEventful,0.8536,0.2527135,
isd_individual_iso_prediction__isd__tong_style_reduced_xgboost__seed2027,isd_individual_iso_prediction,ISD,test,ISD_SanMarco_SanMarco3_SM304_R58,ISD_SanMarco_SanMarco3_SM304,ISOEventful,0.9268,0.28042883,
isd_individual_iso_prediction__isd__tong_style_reduced_xgboost__seed2027,isd_individual_iso_prediction,ISD,test,ISD_SanMarco_SanMarco3_SM306_R59,ISD_SanMarco_SanMarco3_SM306,ISOEventful,0.9268,0.33707458,
isd_individual_iso_prediction__isd__tong_style_reduced_xgboost__seed2027,isd_individual_iso_prediction,ISD,test,ISD_SanMarco_SanMarco3_SM306_R60,ISD_SanMarco_SanMarco3_SM306,ISOEventful,0.3964,0.3635271,
isd_individual_iso_prediction__isd__tong_style_reduced_xgboost__seed2027,isd_individual_iso_prediction,ISD,test,ISD_SanMarco_SanMarco3_SM307_R61,ISD_SanMarco_SanMarco3_SM307,ISOEventful,0.4268,0.37104854,
isd_individual_iso_prediction__isd__tong_style_reduced_xgboost__seed2027,isd_individual_iso_prediction,ISD,test,ISD_SanMarco_SanMarco3_SM308_R63,ISD_SanMarco_SanMarco3_SM308,ISOEventful,0.5303,0.31372634,
isd_individual_iso_prediction__isd__tong_style_reduced_xgboost__seed2027,isd_individual_iso_prediction,ISD,test,ISD_SanMarco_SanMarco3_SM308_R64,ISD_SanMarco_SanMarco3_SM308,ISOEventful,0.5732,0.31372634,
isd_individual_iso_prediction__isd__tong_style_reduced_xgboost__seed2027,isd_individual_iso_prediction,ISD,test,ISD_SanMarco_SanMarco3_SM308_R65,ISD_SanMarco_SanMarco3_SM308,ISOEventful,0.6036,0.31372634,
isd_individual_iso_prediction__isd__tong_style_reduced_xgboost__seed2027,isd_individual_iso_prediction,ISD,test,ISD_SanMarco_SanMarco3_SM309_R66,ISD_SanMarco_SanMarco3_SM309,ISOEventful,0.5732,0.24789551,
isd_individual_iso_prediction__isd__tong_style_reduced_xgboost__seed2027,isd_individual_iso_prediction,ISD,test,ISD_SanMarco_SanMarco3_SM310_R67,ISD_SanMarco_SanMarco3_SM310,ISOEventful,0.3358,0.2846039,
isd_individual_iso_prediction__isd__tong_style_reduced_xgboost__seed2027,isd_individual_iso_prediction,ISD,test,ISD_SanMarco_SanMarco3_SM310_R68,ISD_SanMarco_SanMarco3_SM310,ISOEventful,0.1464,0.30932707,
isd_individual_iso_prediction__isd__tong_style_reduced_xgboost__seed2027,isd_individual_iso_prediction,ISD,test,ISD_SanMarco_SanMarco3_SM311_R69,ISD_SanMarco_SanMarco3_SM311,ISOEventful,-0.1036,0.29386216,
isd_individual_iso_prediction__isd__tong_style_reduced_xgboost__seed2027,isd_individual_iso_prediction,ISD,test,ISD_SanMarco_SanMarco3_SM312_R70,ISD_SanMarco_SanMarco3_SM312,ISOEventful,0.1768,0.28564483,
isd_individual_iso_prediction__isd__tong_style_reduced_xgboost__seed2027,isd_individual_iso_prediction,ISD,test,ISD_SanMarco_SanMarco3_SM313_R71,ISD_SanMarco_SanMarco3_SM313,ISOEventful,0.2929,0.2557885,
isd_individual_iso_prediction__isd__tong_style_reduced_xgboost__seed2027,isd_individual_iso_prediction,ISD,test,ISD_Noorderplantsoen_Noorderplantsoen1_NP101_R2,ISD_Noorderplantsoen_Noorderplantsoen1_NP101,ISOEventful,0.25,-0.04565793,
isd_individual_iso_prediction__isd__tong_style_reduced_xgboost__seed2027,isd_individual_iso_prediction,ISD,test,ISD_Noorderplantsoen_Noorderplantsoen1_NP101_R73,ISD_Noorderplantsoen_Noorderplantsoen1_NP101,ISOEventful,0.3839,0.00054501323,
isd_individual_iso_prediction__isd__tong_style_reduced_xgboost__seed2027,isd_individual_iso_prediction,ISD,test,ISD_Noorderplantsoen_Noorderplantsoen1_NP102_R88,ISD_Noorderplantsoen_Noorderplantsoen1_NP102,ISOEventful,0.1036,0.05894702,
isd_individual_iso_prediction__isd__tong_style_reduced_xgboost__seed2027,isd_individual_iso_prediction,ISD,test,ISD_Noorderplantsoen_Noorderplantsoen1_NP106_R98,ISD_Noorderplantsoen_Noorderplantsoen1_NP106,ISOEventful,0.1464,0.039418925,
isd_individual_iso_prediction__isd__tong_style_reduced_xgboost__seed2027,isd_individual_iso_prediction,ISD,test,ISD_Noorderplantsoen_Noorderplantsoen1_NP107_R97,ISD_Noorderplantsoen_Noorderplantsoen1_NP107,ISOEventful,0.1464,-0.116370626,
isd_individual_iso_prediction__isd__tong_style_reduced_xgboost__seed2027,isd_individual_iso_prediction,ISD,test,ISD_Noorderplantsoen_Noorderplantsoen1_NP108_R96,ISD_Noorderplantsoen_Noorderplantsoen1_NP108,ISOEventful,-0.1036,0.1992758,
isd_individual_iso_prediction__isd__tong_style_reduced_xgboost__seed2027,isd_individual_iso_prediction,ISD,test,ISD_Noorderplantsoen_Noorderplantsoen1_NP109_R3,ISD_Noorderplantsoen_Noorderplantsoen1_NP109,ISOEventful,-0.1339,0.09355728,
isd_individual_iso_prediction__isd__tong_style_reduced_xgboost__seed2027,isd_individual_iso_prediction,ISD,test,ISD_Noorderplantsoen_Noorderplantsoen1_NP110_R4,ISD_Noorderplantsoen_Noorderplantsoen1_NP110,ISOEventful,0.0303,0.038963716,
isd_individual_iso_prediction__isd__tong_style_reduced_xgboost__seed2027,isd_individual_iso_prediction,ISD,test,ISD_Noorderplantsoen_Noorderplantsoen1_NP110_R90,ISD_Noorderplantsoen_Noorderplantsoen1_NP110,ISOEventful,-0.3964,0.038963716,
isd_individual_iso_prediction__isd__tong_style_reduced_xgboost__seed2027,isd_individual_iso_prediction,ISD,test,ISD_Noorderplantsoen_Noorderplantsoen1_NP111_R5,ISD_Noorderplantsoen_Noorderplantsoen1_NP111,ISOEventful,0.1768,-0.049717035,
isd_individual_iso_prediction__isd__tong_style_reduced_xgboost__seed2027,isd_individual_iso_prediction,ISD,test,ISD_Noorderplantsoen_Noorderplantsoen1_NP111_R87,ISD_Noorderplantsoen_Noorderplantsoen1_NP111,ISOEventful,0.7803,-0.044327013,
isd_individual_iso_prediction__isd__tong_style_reduced_xgboost__seed2027,isd_individual_iso_prediction,ISD,test,ISD_Noorderplantsoen_Noorderplantsoen1_NP112_R84,ISD_Noorderplantsoen_Noorderplantsoen1_NP112,ISOEventful,0.0732,0.07938864,
isd_individual_iso_prediction__isd__tong_style_reduced_xgboost__seed2027,isd_individual_iso_prediction,ISD,test,ISD_Noorderplantsoen_Noorderplantsoen1_NP113_R83,ISD_Noorderplantsoen_Noorderplantsoen1_NP113,ISOEventful,0.6768,0.17609623,
isd_individual_iso_prediction__isd__tong_style_reduced_xgboost__seed2027,isd_individual_iso_prediction,ISD,test,ISD_Noorderplantsoen_Noorderplantsoen1_NP114_R6,ISD_Noorderplantsoen_Noorderplantsoen1_NP114,ISOEventful,0.4268,0.14705259,
isd_individual_iso_prediction__isd__tong_style_reduced_xgboost__seed2027,isd_individual_iso_prediction,ISD,test,ISD_Noorderplantsoen_Noorderplantsoen1_NP116_R7,ISD_Noorderplantsoen_Noorderplantsoen1_NP116,ISOEventful,0.3536,0.15355358,
isd_individual_iso_prediction__isd__tong_style_reduced_xgboost__seed2027,isd_individual_iso_prediction,ISD,test,ISD_Noorderplantsoen_Noorderplantsoen1_NP116_R85,ISD_Noorderplantsoen_Noorderplantsoen1_NP116,ISOEventful,0.5303,0.14483786,
isd_individual_iso_prediction__isd__tong_style_reduced_xgboost__seed2027,isd_individual_iso_prediction,ISD,test,ISD_Noorderplantsoen_Noorderplantsoen1_NP117_R8,ISD_Noorderplantsoen_Noorderplantsoen1_NP117,ISOEventful,0.0732,0.2212435,
isd_individual_iso_prediction__isd__tong_style_reduced_xgboost__seed2027,isd_individual_iso_prediction,ISD,test,ISD_Noorderplantsoen_Noorderplantsoen1_NP118_R10,ISD_Noorderplantsoen_Noorderplantsoen1_NP118,ISOEventful,0.5303,0.10226993,
isd_individual_iso_prediction__isd__tong_style_reduced_xgboost__seed2027,isd_individual_iso_prediction,ISD,test,ISD_Noorderplantsoen_Noorderplantsoen1_NP118_R9,ISD_Noorderplantsoen_Noorderplantsoen1_NP118,ISOEventful,0.2803,0.10226993,
isd_individual_iso_prediction__isd__tong_style_reduced_xgboost__seed2027,isd_individual_iso_prediction,ISD,test,ISD_Noorderplantsoen_Noorderplantsoen1_NP119_R11,ISD_Noorderplantsoen_Noorderplantsoen1_NP119,ISOEventful,0.4571,0.07444713,
isd_individual_iso_prediction__isd__tong_style_reduced_xgboost__seed2027,isd_individual_iso_prediction,ISD,test,ISD_Noorderplantsoen_Noorderplantsoen1_NP119_R79,ISD_Noorderplantsoen_Noorderplantsoen1_NP119,ISOEventful,-0.1464,0.030993145,
isd_individual_iso_prediction__isd__tong_style_reduced_xgboost__seed2027,isd_individual_iso_prediction,ISD,test,ISD_Noorderplantsoen_Noorderplantsoen1_NP120_R13,ISD_Noorderplantsoen_Noorderplantsoen1_NP120,ISOEventful,0.3839,0.12229834,
isd_individual_iso_prediction__isd__tong_style_reduced_xgboost__seed2027,isd_individual_iso_prediction,ISD,test,ISD_Noorderplantsoen_Noorderplantsoen1_NP123_R15,ISD_Noorderplantsoen_Noorderplantsoen1_NP123,ISOEventful,0.5429,0.14612134,
isd_individual_iso_prediction__isd__tong_style_reduced_xgboost__seed2027,isd_individual_iso_prediction,ISD,test,ISD_Noorderplantsoen_Noorderplantsoen1_NP123_R81,ISD_Noorderplantsoen_Noorderplantsoen1_NP123,ISOEventful,0.9268,0.14149843,
isd_individual_iso_prediction__isd__tong_style_reduced_xgboost__seed2027,isd_individual_iso_prediction,ISD,test,ISD_Noorderplantsoen_Noorderplantsoen1_NP125_R80,ISD_Noorderplantsoen_Noorderplantsoen1_NP125,ISOEventful,0.0732,0.0017749559,
isd_individual_iso_prediction__isd__tong_style_reduced_xgboost__seed2027,isd_individual_iso_prediction,ISD,test,ISD_Noorderplantsoen_Noorderplantsoen1_NP126_R16,ISD_Noorderplantsoen_Noorderplantsoen1_NP126,ISOEventful,0.6036,0.06623226,
isd_individual_iso_prediction__isd__tong_style_reduced_xgboost__seed2027,isd_individual_iso_prediction,ISD,test,ISD_Noorderplantsoen_Noorderplantsoen1_NP127_R18,ISD_Noorderplantsoen_Noorderplantsoen1_NP127,ISOEventful,0.4571,-0.110092886,
isd_individual_iso_prediction__isd__tong_style_reduced_xgboost__seed2027,isd_individual_iso_prediction,ISD,test,ISD_Noorderplantsoen_Noorderplantsoen1_NP127_R17,ISD_Noorderplantsoen_Noorderplantsoen1_NP127,ISOEventful,0.4142,-0.110092886,
isd_individual_iso_prediction__isd__tong_style_reduced_xgboost__seed2027,isd_individual_iso_prediction,ISD,test,ISD_Noorderplantsoen_Noorderplantsoen1_NP128_R19,ISD_Noorderplantsoen_Noorderplantsoen1_NP128,ISOEventful,-0.1464,0.044942588,
isd_individual_iso_prediction__isd__tong_style_reduced_xgboost__seed2027,isd_individual_iso_prediction,ISD,test,ISD_Noorderplantsoen_Noorderplantsoen1_NP129_R20,ISD_Noorderplantsoen_Noorderplantsoen1_NP129,ISOEventful,0.0429,0.04548828,
isd_individual_iso_prediction__isd__tong_style_reduced_xgboost__seed2027,isd_individual_iso_prediction,ISD,test,ISD_Noorderplantsoen_Noorderplantsoen1_NP129_R22,ISD_Noorderplantsoen_Noorderplantsoen1_NP129,ISOEventful,0.3661,0.048348673,
isd_individual_iso_prediction__isd__tong_style_reduced_xgboost__seed2027,isd_individual_iso_prediction,ISD,test,ISD_Noorderplantsoen_Noorderplantsoen1_NP129_R21,ISD_Noorderplantsoen_Noorderplantsoen1_NP129,ISOEventful,0.4142,0.050550777,
isd_individual_iso_prediction__isd__tong_style_reduced_xgboost__seed2027,isd_individual_iso_prediction,ISD,test,ISD_Noorderplantsoen_Noorderplantsoen1_NP131_R26,ISD_Noorderplantsoen_Noorderplantsoen1_NP131,ISOEventful,0.2803,-0.025368372,
isd_individual_iso_prediction__isd__tong_style_reduced_xgboost__seed2027,isd_individual_iso_prediction,ISD,test,ISD_Noorderplantsoen_Noorderplantsoen1_NP131_R27,ISD_Noorderplantsoen_Noorderplantsoen1_NP131,ISOEventful,0.1036,-0.04560886,
isd_individual_iso_prediction__isd__tong_style_reduced_xgboost__seed2027,isd_individual_iso_prediction,ISD,test,ISD_Noorderplantsoen_Noorderplantsoen1_NP132_R28,ISD_Noorderplantsoen_Noorderplantsoen1_NP132,ISOEventful,0.5303,0.0056871157,
isd_individual_iso_prediction__isd__tong_style_reduced_xgboost__seed2027,isd_individual_iso_prediction,ISD,test,ISD_Noorderplantsoen_Noorderplantsoen1_NP132_R78,ISD_Noorderplantsoen_Noorderplantsoen1_NP132,ISOEventful,0.5303,-0.006594629,
isd_individual_iso_prediction__isd__tong_style_reduced_xgboost__seed2027,isd_individual_iso_prediction,ISD,test,ISD_Noorderplantsoen_Noorderplantsoen1_NP133_R30,ISD_Noorderplantsoen_Noorderplantsoen1_NP133,ISOEventful,0.7071,-0.0049335873,
isd_individual_iso_prediction__isd__tong_style_reduced_xgboost__seed2027,isd_individual_iso_prediction,ISD,test,ISD_Noorderplantsoen_Noorderplantsoen1_NP133_R31,ISD_Noorderplantsoen_Noorderplantsoen1_NP133,ISOEventful,0.2197,-0.008833285,
isd_individual_iso_prediction__isd__tong_style_reduced_xgboost__seed2027,isd_individual_iso_prediction,ISD,test,ISD_Noorderplantsoen_Noorderplantsoen1_NP134_R32,ISD_Noorderplantsoen_Noorderplantsoen1_NP134,ISOEventful,0.2803,0.08628874,
isd_individual_iso_prediction__isd__tong_style_reduced_xgboost__seed2027,isd_individual_iso_prediction,ISD,test,ISD_Noorderplantsoen_Noorderplantsoen1_NP134_R77,ISD_Noorderplantsoen_Noorderplantsoen1_NP134,ISOEventful,0.5732,0.1270411,
isd_individual_iso_prediction__isd__tong_style_reduced_xgboost__seed2027,isd_individual_iso_prediction,ISD,test,ISD_Noorderplantsoen_Noorderplantsoen1_NP135_R33,ISD_Noorderplantsoen_Noorderplantsoen1_NP135,ISOEventful,-0.0732,-0.0009588113,
isd_individual_iso_prediction__isd__tong_style_reduced_xgboost__seed2027,isd_individual_iso_prediction,ISD,test,ISD_Noorderplantsoen_Noorderplantsoen1_NP136_R34,ISD_Noorderplantsoen_Noorderplantsoen1_NP136,ISOEventful,0.5429,0.04004597,
isd_individual_iso_prediction__isd__tong_style_reduced_xgboost__seed2027,isd_individual_iso_prediction,ISD,test,ISD_Noorderplantsoen_Noorderplantsoen1_NP136_R35,ISD_Noorderplantsoen_Noorderplantsoen1_NP136,ISOEventful,0.2071,0.04004597,
isd_individual_iso_prediction__isd__tong_style_reduced_xgboost__seed2027,isd_individual_iso_prediction,ISD,test,ISD_Noorderplantsoen_Noorderplantsoen1_NP138_R36,ISD_Noorderplantsoen_Noorderplantsoen1_NP138,ISOEventful,0.6036,0.074350744,
isd_individual_iso_prediction__isd__tong_style_reduced_xgboost__seed2027,isd_individual_iso_prediction,ISD,test,ISD_Noorderplantsoen_Noorderplantsoen1_NP138_R76,ISD_Noorderplantsoen_Noorderplantsoen1_NP138,ISOEventful,-0.1464,0.15250878,
isd_individual_iso_prediction__isd__tong_style_reduced_xgboost__seed2027,isd_individual_iso_prediction,ISD,test,ISD_Noorderplantsoen_Noorderplantsoen1_NP139_R37,ISD_Noorderplantsoen_Noorderplantsoen1_NP139,ISOEventful,0.6036,-0.04344626,
isd_individual_iso_prediction__isd__tong_style_reduced_xgboost__seed2027,isd_individual_iso_prediction,ISD,test,ISD_Noorderplantsoen_Noorderplantsoen1_NP139_R38,ISD_Noorderplantsoen_Noorderplantsoen1_NP139,ISOEventful,0.75,-0.031924233,
isd_individual_iso_prediction__isd__tong_style_reduced_xgboost__seed2027,isd_individual_iso_prediction,ISD,test,ISD_Noorderplantsoen_Noorderplantsoen1_NP140_R39,ISD_Noorderplantsoen_Noorderplantsoen1_NP140,ISOEventful,0.5,0.068531364,
isd_individual_iso_prediction__isd__tong_style_reduced_xgboost__seed2027,isd_individual_iso_prediction,ISD,test,ISD_Noorderplantsoen_Noorderplantsoen1_NP140_R40,ISD_Noorderplantsoen_Noorderplantsoen1_NP140,ISOEventful,0.7071,0.06927151,
isd_individual_iso_prediction__isd__tong_style_reduced_xgboost__seed2027,isd_individual_iso_prediction,ISD,test,ISD_Noorderplantsoen_Noorderplantsoen1_NP141_R74,ISD_Noorderplantsoen_Noorderplantsoen1_NP141,ISOEventful,-0.0732,0.04318059,
isd_individual_iso_prediction__isd__tong_style_reduced_xgboost__seed2027,isd_individual_iso_prediction,ISD,test,ISD_Noorderplantsoen_Noorderplantsoen1_NP141_R75,ISD_Noorderplantsoen_Noorderplantsoen1_NP141,ISOEventful,0.5,0.046270654,
isd_individual_iso_prediction__isd__tong_style_reduced_xgboost__seed2027,isd_individual_iso_prediction,ISD,test,ISD_Noorderplantsoen_Noorderplantsoen1_NP143_R41,ISD_Noorderplantsoen_Noorderplantsoen1_NP143,ISOEventful,-0.0732,0.09936899,
isd_individual_iso_prediction__isd__tong_style_reduced_xgboost__seed2027,isd_individual_iso_prediction,ISD,test,ISD_Noorderplantsoen_Noorderplantsoen1_NP146_R91,ISD_Noorderplantsoen_Noorderplantsoen1_NP146,ISOEventful,0.7071,0.044788368,
isd_individual_iso_prediction__isd__tong_style_reduced_xgboost__seed2027,isd_individual_iso_prediction,ISD,test,ISD_Noorderplantsoen_Noorderplantsoen1_NP147_R42,ISD_Noorderplantsoen_Noorderplantsoen1_NP147,ISOEventful,-0.0429,0.14616479,
isd_individual_iso_prediction__isd__tong_style_reduced_xgboost__seed2027,isd_individual_iso_prediction,ISD,test,ISD_Noorderplantsoen_Noorderplantsoen1_NP148_R43,ISD_Noorderplantsoen_Noorderplantsoen1_NP148,ISOEventful,0.75,0.11126314,
isd_individual_iso_prediction__isd__tong_style_reduced_xgboost__seed2027,isd_individual_iso_prediction,ISD,test,ISD_Noorderplantsoen_Noorderplantsoen1_NP148_R44,ISD_Noorderplantsoen_Noorderplantsoen1_NP148,ISOEventful,0.6464,0.120776325,
isd_individual_iso_prediction__isd__tong_style_reduced_xgboost__seed2027,isd_individual_iso_prediction,ISD,test,ISD_Noorderplantsoen_Noorderplantsoen1_NP149_R45,ISD_Noorderplantsoen_Noorderplantsoen1_NP149,ISOEventful,0.7071,0.13727528,
isd_individual_iso_prediction__isd__tong_style_reduced_xgboost__seed2027,isd_individual_iso_prediction,ISD,test,ISD_Noorderplantsoen_Noorderplantsoen1_NP149_R46,ISD_Noorderplantsoen_Noorderplantsoen1_NP149,ISOEventful,0.3232,0.08919669,
isd_individual_iso_prediction__isd__tong_style_reduced_xgboost__seed2027,isd_individual_iso_prediction,ISD,test,ISD_Noorderplantsoen_Noorderplantsoen1_NP150_R47,ISD_Noorderplantsoen_Noorderplantsoen1_NP150,ISOEventful,0.0,0.03808546,
isd_individual_iso_prediction__isd__tong_style_reduced_xgboost__seed2027,isd_individual_iso_prediction,ISD,test,ISD_Noorderplantsoen_Noorderplantsoen1_NP152_R48,ISD_Noorderplantsoen_Noorderplantsoen1_NP152,ISOEventful,0.6768,0.029797582,
isd_individual_iso_prediction__isd__tong_style_reduced_xgboost__seed2027,isd_individual_iso_prediction,ISD,test,ISD_Noorderplantsoen_Noorderplantsoen1_NP153_R67,ISD_Noorderplantsoen_Noorderplantsoen1_NP153,ISOEventful,0.3839,-0.12430794,
isd_individual_iso_prediction__isd__tong_style_reduced_xgboost__seed2027,isd_individual_iso_prediction,ISD,test,ISD_Noorderplantsoen_Noorderplantsoen1_NP153_R71,ISD_Noorderplantsoen_Noorderplantsoen1_NP153,ISOEventful,0.5,-0.046656314,
isd_individual_iso_prediction__isd__tong_style_reduced_xgboost__seed2027,isd_individual_iso_prediction,ISD,test,ISD_Noorderplantsoen_Noorderplantsoen1_NP153_R72,ISD_Noorderplantsoen_Noorderplantsoen1_NP153,ISOEventful,0.7803,-0.046656314,
isd_individual_iso_prediction__isd__tong_style_reduced_xgboost__seed2027,isd_individual_iso_prediction,ISD,test,ISD_Noorderplantsoen_Noorderplantsoen1_NP154_R49,ISD_Noorderplantsoen_Noorderplantsoen1_NP154,ISOEventful,0.6036,0.0015075428,
isd_individual_iso_prediction__isd__tong_style_reduced_xgboost__seed2027,isd_individual_iso_prediction,ISD,test,ISD_Noorderplantsoen_Noorderplantsoen1_NP155_R51,ISD_Noorderplantsoen_Noorderplantsoen1_NP155,ISOEventful,0.0,-0.18315554,
isd_individual_iso_prediction__isd__tong_style_reduced_xgboost__seed2027,isd_individual_iso_prediction,ISD,test,ISD_Noorderplantsoen_Noorderplantsoen1_NP155_R50,ISD_Noorderplantsoen_Noorderplantsoen1_NP155,ISOEventful,0.6768,-0.1119918,
isd_individual_iso_prediction__isd__tong_style_reduced_xgboost__seed2027,isd_individual_iso_prediction,ISD,test,ISD_Noorderplantsoen_Noorderplantsoen1_NP155_R53,ISD_Noorderplantsoen_Noorderplantsoen1_NP155,ISOEventful,0.5429,-0.060042795,
isd_individual_iso_prediction__isd__tong_style_reduced_xgboost__seed2027,isd_individual_iso_prediction,ISD,test,ISD_Noorderplantsoen_Noorderplantsoen1_NP155_R52,ISD_Noorderplantsoen_Noorderplantsoen1_NP155,ISOEventful,0.5303,-0.085771926,
isd_individual_iso_prediction__isd__tong_style_reduced_xgboost__seed2027,isd_individual_iso_prediction,ISD,test,ISD_Noorderplantsoen_Noorderplantsoen1_NP156_R54,ISD_Noorderplantsoen_Noorderplantsoen1_NP156,ISOEventful,0.0,-0.05098418,
isd_individual_iso_prediction__isd__tong_style_reduced_xgboost__seed2027,isd_individual_iso_prediction,ISD,test,ISD_Noorderplantsoen_Noorderplantsoen1_NP156_R93,ISD_Noorderplantsoen_Noorderplantsoen1_NP156,ISOEventful,-0.1036,0.04726321,
isd_individual_iso_prediction__isd__tong_style_reduced_xgboost__seed2027,isd_individual_iso_prediction,ISD,test,ISD_Noorderplantsoen_Noorderplantsoen1_NP156_R95,ISD_Noorderplantsoen_Noorderplantsoen1_NP156,ISOEventful,0.2929,0.030461395,
isd_individual_iso_prediction__isd__tong_style_reduced_xgboost__seed2027,isd_individual_iso_prediction,ISD,test,ISD_Noorderplantsoen_Noorderplantsoen1_NP157_R94,ISD_Noorderplantsoen_Noorderplantsoen1_NP157,ISOEventful,0.5,0.04524619,
isd_individual_iso_prediction__isd__tong_style_reduced_xgboost__seed2027,isd_individual_iso_prediction,ISD,test,ISD_Noorderplantsoen_Noorderplantsoen1_NP158_R57,ISD_Noorderplantsoen_Noorderplantsoen1_NP158,ISOEventful,0.3839,0.106319435,
isd_individual_iso_prediction__isd__tong_style_reduced_xgboost__seed2027,isd_individual_iso_prediction,ISD,test,ISD_Noorderplantsoen_Noorderplantsoen1_NP158_R55,ISD_Noorderplantsoen_Noorderplantsoen1_NP158,ISOEventful,0.3536,0.11380134,
isd_individual_iso_prediction__isd__tong_style_reduced_xgboost__seed2027,isd_individual_iso_prediction,ISD,test,ISD_Noorderplantsoen_Noorderplantsoen1_NP160_R59,ISD_Noorderplantsoen_Noorderplantsoen1_NP160,ISOEventful,-0.1768,0.14112228,
isd_individual_iso_prediction__isd__tong_style_reduced_xgboost__seed2027,isd_individual_iso_prediction,ISD,test,ISD_Noorderplantsoen_Noorderplantsoen1_NP160_R60,ISD_Noorderplantsoen_Noorderplantsoen1_NP160,ISOEventful,0.4571,0.081456184,
isd_individual_iso_prediction__isd__tong_style_reduced_xgboost__seed2027,isd_individual_iso_prediction,ISD,test,ISD_Noorderplantsoen_Noorderplantsoen1_NP161_R61,ISD_Noorderplantsoen_Noorderplantsoen1_NP161,ISOEventful,0.6339,0.1341413,
isd_individual_iso_prediction__isd__tong_style_reduced_xgboost__seed2027,isd_individual_iso_prediction,ISD,test,ISD_Noorderplantsoen_Noorderplantsoen1_NP163_R70,ISD_Noorderplantsoen_Noorderplantsoen1_NP163,ISOEventful,0.3839,0.10913588,
isd_individual_iso_prediction__isd__tong_style_reduced_xgboost__seed2027,isd_individual_iso_prediction,ISD,test,ISD_ZhongshanSquare_ZhongshanSquare6_ZS6021_RCL01,ISD_ZhongshanSquare_ZhongshanSquare6_ZS6021,ISOEventful,-0.0732,0.10320844,
isd_individual_iso_prediction__isd__tong_style_reduced_xgboost__seed2027,isd_individual_iso_prediction,ISD,test,ISD_ZhongshanSquare_ZhongshanSquare6_ZS6022_RCL02,ISD_ZhongshanSquare_ZhongshanSquare6_ZS6022,ISOEventful,0.25,0.0054490543,
isd_individual_iso_prediction__isd__tong_style_reduced_xgboost__seed2027,isd_individual_iso_prediction,ISD,test,ISD_ZhongshanSquare_ZhongshanSquare6_ZS6023_RCL03,ISD_ZhongshanSquare_ZhongshanSquare6_ZS6023,ISOEventful,-0.0303,0.008971452,
isd_individual_iso_prediction__isd__tong_style_reduced_xgboost__seed2027,isd_individual_iso_prediction,ISD,test,ISD_ZhongshanSquare_ZhongshanSquare6_ZS6024_RCL04,ISD_ZhongshanSquare_ZhongshanSquare6_ZS6024,ISOEventful,0.0,0.0751767,
isd_individual_iso_prediction__isd__tong_style_reduced_xgboost__seed2027,isd_individual_iso_prediction,ISD,test,ISD_ZhongshanSquare_ZhongshanSquare6_ZS6025_RCL05,ISD_ZhongshanSquare_ZhongshanSquare6_ZS6025,ISOEventful,0.0,0.042400274,
isd_individual_iso_prediction__isd__tong_style_reduced_xgboost__seed2027,isd_individual_iso_prediction,ISD,test,ISD_ZhongshanSquare_ZhongshanSquare6_ZS6026_RCL06,ISD_ZhongshanSquare_ZhongshanSquare6_ZS6026,ISOEventful,-0.1768,0.104617625,
isd_individual_iso_prediction__isd__tong_style_reduced_xgboost__seed2027,isd_individual_iso_prediction,ISD,test,ISD_ZhongshanSquare_ZhongshanSquare6_ZS6027_RCL07,ISD_ZhongshanSquare_ZhongshanSquare6_ZS6027,ISOEventful,0.1036,0.08118439,
isd_individual_iso_prediction__isd__tong_style_reduced_xgboost__seed2027,isd_individual_iso_prediction,ISD,test,ISD_ZhongshanSquare_ZhongshanSquare6_ZS6028_RCL08,ISD_ZhongshanSquare_ZhongshanSquare6_ZS6028,ISOEventful,-0.1036,0.0870334,
isd_individual_iso_prediction__isd__tong_style_reduced_xgboost__seed2027,isd_individual_iso_prediction,ISD,test,ISD_ZhongshanSquare_ZhongshanSquare6_ZS6029_RCL09,ISD_ZhongshanSquare_ZhongshanSquare6_ZS6029,ISOEventful,0.1768,-0.055885896,
isd_individual_iso_prediction__isd__tong_style_reduced_xgboost__seed2027,isd_individual_iso_prediction,ISD,test,ISD_ZhongshanSquare_ZhongshanSquare6_ZS6030_RCL10,ISD_ZhongshanSquare_ZhongshanSquare6_ZS6030,ISOEventful,0.2803,0.029238496,
isd_individual_iso_prediction__isd__tong_style_reduced_xgboost__seed2027,isd_individual_iso_prediction,ISD,test,ISD_ZhongshanSquare_ZhongshanSquare6_ZS6031_RCL11,ISD_ZhongshanSquare_ZhongshanSquare6_ZS6031,ISOEventful,0.0732,-0.0018577962,
isd_individual_iso_prediction__isd__tong_style_reduced_xgboost__seed2027,isd_individual_iso_prediction,ISD,test,ISD_ZhongshanSquare_ZhongshanSquare6_ZS6032_RCL12,ISD_ZhongshanSquare_ZhongshanSquare6_ZS6032,ISOEventful,0.1768,0.13249382,
isd_individual_iso_prediction__isd__tong_style_reduced_xgboost__seed2027,isd_individual_iso_prediction,ISD,test,ISD_ZhongshanSquare_ZhongshanSquare6_ZS6033_RCL13,ISD_ZhongshanSquare_ZhongshanSquare6_ZS6033,ISOEventful,0.0,0.060952876,
isd_individual_iso_prediction__isd__tong_style_reduced_xgboost__seed2027,isd_individual_iso_prediction,ISD,test,ISD_ZhongshanSquare_ZhongshanSquare6_ZS6034_RCL14,ISD_ZhongshanSquare_ZhongshanSquare6_ZS6034,ISOEventful,0.1036,0.06500717,
isd_individual_iso_prediction__isd__tong_style_reduced_xgboost__seed2027,isd_individual_iso_prediction,ISD,test,ISD_ZhongshanSquare_ZhongshanSquare6_ZS6035_RCL15,ISD_ZhongshanSquare_ZhongshanSquare6_ZS6035,ISOEventful,0.0126,0.07774336,
isd_individual_iso_prediction__isd__tong_style_reduced_xgboost__seed2027,isd_individual_iso_prediction,ISD,test,ISD_ZhongshanSquare_ZhongshanSquare6_ZS6036_RQLF01,ISD_ZhongshanSquare_ZhongshanSquare6_ZS6036,ISOEventful,-0.0429,0.07424435,
isd_individual_iso_prediction__isd__tong_style_reduced_xgboost__seed2027,isd_individual_iso_prediction,ISD,test,ISD_ZhongshanSquare_ZhongshanSquare6_ZS6037_RQLF02,ISD_ZhongshanSquare_ZhongshanSquare6_ZS6037,ISOEventful,0.1768,0.046117544,
isd_individual_iso_prediction__isd__tong_style_reduced_xgboost__seed2027,isd_individual_iso_prediction,ISD,test,ISD_ZhongshanSquare_ZhongshanSquare6_ZS6038_RQLF03,ISD_ZhongshanSquare_ZhongshanSquare6_ZS6038,ISOEventful,0.2071,0.07729483,
isd_individual_iso_prediction__isd__tong_style_reduced_xgboost__seed2027,isd_individual_iso_prediction,ISD,test,ISD_ZhongshanSquare_ZhongshanSquare6_ZS6039_RQLF04,ISD_ZhongshanSquare_ZhongshanSquare6_ZS6039,ISOEventful,-0.3107,0.11758514,
isd_individual_iso_prediction__isd__tong_style_reduced_xgboost__seed2027,isd_individual_iso_prediction,ISD,test,ISD_ZhongshanSquare_ZhongshanSquare6_ZS6040_RQLF05,ISD_ZhongshanSquare_ZhongshanSquare6_ZS6040,ISOEventful,0.0732,0.032917492,
isd_individual_iso_prediction__isd__tong_style_reduced_xgboost__seed2027,isd_individual_iso_prediction,ISD,test,ISD_ZhongshanSquare_ZhongshanSquare6_ZS6041_RQLF06,ISD_ZhongshanSquare_ZhongshanSquare6_ZS6041,ISOEventful,0.1339,0.04124081,
isd_individual_iso_prediction__isd__tong_style_reduced_xgboost__seed2027,isd_individual_iso_prediction,ISD,test,ISD_ZhongshanSquare_ZhongshanSquare6_ZS6042_RQLF07,ISD_ZhongshanSquare_ZhongshanSquare6_ZS6042,ISOEventful,0.0732,0.03030045,
isd_individual_iso_prediction__isd__tong_style_reduced_xgboost__seed2027,isd_individual_iso_prediction,ISD,test,ISD_ZhongshanSquare_ZhongshanSquare6_ZS6043_RQLF08,ISD_ZhongshanSquare_ZhongshanSquare6_ZS6043,ISOEventful,-0.0732,0.022822797,
isd_individual_iso_prediction__isd__tong_style_reduced_xgboost__seed2027,isd_individual_iso_prediction,ISD,test,ISD_ZhongshanSquare_ZhongshanSquare6_ZS6044_RQLF09,ISD_ZhongshanSquare_ZhongshanSquare6_ZS6044,ISOEventful,0.0303,0.10500496,
isd_individual_iso_prediction__isd__tong_style_reduced_xgboost__seed2027,isd_individual_iso_prediction,ISD,test,ISD_ZhongshanSquare_ZhongshanSquare6_ZS6045_RQLF10,ISD_ZhongshanSquare_ZhongshanSquare6_ZS6045,ISOEventful,0.3107,0.064017765,
isd_individual_iso_prediction__isd__tong_style_reduced_xgboost__seed2027,isd_individual_iso_prediction,ISD,test,ISD_ZhongshanSquare_ZhongshanSquare6_ZS6046_RQLF11,ISD_ZhongshanSquare_ZhongshanSquare6_ZS6046,ISOEventful,0.0429,0.076029204,
isd_individual_iso_prediction__isd__tong_style_reduced_xgboost__seed2027,isd_individual_iso_prediction,ISD,test,ISD_ZhongshanSquare_ZhongshanSquare6_ZS6047_RQLF12,ISD_ZhongshanSquare_ZhongshanSquare6_ZS6047,ISOEventful,-0.4393,0.10159544,
isd_individual_iso_prediction__isd__tong_style_reduced_xgboost__seed2027,isd_individual_iso_prediction,ISD,test,ISD_ZhongshanSquare_ZhongshanSquare6_ZS6048_RQLF13,ISD_ZhongshanSquare_ZhongshanSquare6_ZS6048,ISOEventful,-0.1893,-0.07442428,
isd_individual_iso_prediction__isd__tong_style_reduced_xgboost__seed2027,isd_individual_iso_prediction,ISD,test,ISD_ZhongshanSquare_ZhongshanSquare6_ZS6049_RQLF14,ISD_ZhongshanSquare_ZhongshanSquare6_ZS6049,ISOEventful,0.0732,-0.036093578,
isd_individual_iso_prediction__isd__tong_style_reduced_xgboost__seed2027,isd_individual_iso_prediction,ISD,test,ISD_ZhongshanSquare_ZhongshanSquare6_ZS6051_RJS02,ISD_ZhongshanSquare_ZhongshanSquare6_ZS6051,ISOEventful,0.1036,0.1630102,
isd_individual_iso_prediction__isd__tong_style_reduced_xgboost__seed2027,isd_individual_iso_prediction,ISD,test,ISD_ZhongshanSquare_ZhongshanSquare6_ZS6052_RJS03,ISD_ZhongshanSquare_ZhongshanSquare6_ZS6052,ISOEventful,-0.0429,0.015548331,
isd_individual_iso_prediction__isd__tong_style_reduced_xgboost__seed2027,isd_individual_iso_prediction,ISD,test,ISD_ZhongshanSquare_ZhongshanSquare6_ZS6053_RJS04,ISD_ZhongshanSquare_ZhongshanSquare6_ZS6053,ISOEventful,-0.0429,0.16690499,
isd_individual_iso_prediction__isd__tong_style_reduced_xgboost__seed2027,isd_individual_iso_prediction,ISD,test,ISD_ZhongshanSquare_ZhongshanSquare6_ZS6054_RJS05,ISD_ZhongshanSquare_ZhongshanSquare6_ZS6054,ISOEventful,-0.091,0.065397404,
isd_individual_iso_prediction__isd__tong_style_reduced_xgboost__seed2027,isd_individual_iso_prediction,ISD,test,ISD_ZhongshanSquare_ZhongshanSquare6_ZS6055_RJS06,ISD_ZhongshanSquare_ZhongshanSquare6_ZS6055,ISOEventful,-0.0732,0.09034124,
isd_individual_iso_prediction__isd__tong_style_reduced_xgboost__seed2027,isd_individual_iso_prediction,ISD,test,ISD_ZhongshanSquare_ZhongshanSquare6_ZS6056_RJS07,ISD_ZhongshanSquare_ZhongshanSquare6_ZS6056,ISOEventful,-0.0303,0.09837368,
isd_individual_iso_prediction__isd__tong_style_reduced_xgboost__seed2027,isd_individual_iso_prediction,ISD,test,ISD_ZhongshanSquare_ZhongshanSquare6_ZS6058_RJS09,ISD_ZhongshanSquare_ZhongshanSquare6_ZS6058,ISOEventful,-0.1464,0.013053674,
isd_individual_iso_prediction__isd__tong_style_reduced_xgboost__seed2027,isd_individual_iso_prediction,ISD,test,ISD_ZhongshanSquare_ZhongshanSquare6_ZS6059_RJS10,ISD_ZhongshanSquare_ZhongshanSquare6_ZS6059,ISOEventful,0.0,0.04783346,
isd_individual_iso_prediction__isd__tong_style_reduced_xgboost__seed2027,isd_individual_iso_prediction,ISD,test,ISD_ZhongshanSquare_ZhongshanSquare6_ZS6060_RJS11,ISD_ZhongshanSquare_ZhongshanSquare6_ZS6060,ISOEventful,0.3536,0.05151204,
isd_individual_iso_prediction__isd__tong_style_reduced_xgboost__seed2027,isd_individual_iso_prediction,ISD,test,ISD_ZhongshanSquare_ZhongshanSquare6_ZS6061_RJS12,ISD_ZhongshanSquare_ZhongshanSquare6_ZS6061,ISOEventful,-0.0732,0.021429278,
isd_individual_iso_prediction__isd__tong_style_reduced_xgboost__seed2027,isd_individual_iso_prediction,ISD,test,ISD_ZhongshanSquare_ZhongshanSquare6_ZS6062_RJS13,ISD_ZhongshanSquare_ZhongshanSquare6_ZS6062,ISOEventful,0.0,0.040849805,
isd_individual_iso_prediction__isd__tong_style_reduced_xgboost__seed2027,isd_individual_iso_prediction,ISD,test,ISD_ZhongshanSquare_ZhongshanSquare6_ZS6063_RJS14,ISD_ZhongshanSquare_ZhongshanSquare6_ZS6063,ISOEventful,0.1464,-0.017386787,
isd_individual_iso_prediction__isd__tong_style_reduced_xgboost__seed2027,isd_individual_iso_prediction,ISD,test,ISD_ZhongshanSquare_ZhongshanSquare6_ZS6064_RJS15,ISD_ZhongshanSquare_ZhongshanSquare6_ZS6064,ISOEventful,0.0,0.10623071,
isd_individual_iso_prediction__isd__tong_style_reduced_xgboost__seed2027,isd_individual_iso_prediction,ISD,test,ISD_ZhongshanSquare_ZhongshanSquare6_ZS6089_RLWQ01,ISD_ZhongshanSquare_ZhongshanSquare6_ZS6089,ISOEventful,-0.2071,0.13181333,
isd_individual_iso_prediction__isd__tong_style_reduced_xgboost__seed2027,isd_individual_iso_prediction,ISD,test,ISD_ZhongshanSquare_ZhongshanSquare6_ZS6090_RLWQ02,ISD_ZhongshanSquare_ZhongshanSquare6_ZS6090,ISOEventful,0.0732,0.07668494,
isd_individual_iso_prediction__isd__tong_style_reduced_xgboost__seed2027,isd_individual_iso_prediction,ISD,test,ISD_ZhongshanSquare_ZhongshanSquare6_ZS6091_RLWQ04,ISD_ZhongshanSquare_ZhongshanSquare6_ZS6091,ISOEventful,0.2803,0.11535974,
isd_individual_iso_prediction__isd__tong_style_reduced_xgboost__seed2027,isd_individual_iso_prediction,ISD,test,ISD_ZhongshanSquare_ZhongshanSquare6_ZS6092_RLWQ05,ISD_ZhongshanSquare_ZhongshanSquare6_ZS6092,ISOEventful,0.0607,0.1092658,
isd_individual_iso_prediction__isd__tong_style_reduced_xgboost__seed2027,isd_individual_iso_prediction,ISD,test,ISD_ZhongshanSquare_ZhongshanSquare6_ZS6093_RLWQ06,ISD_ZhongshanSquare_ZhongshanSquare6_ZS6093,ISOEventful,0.2071,0.08433875,
isd_individual_iso_prediction__isd__tong_style_reduced_xgboost__seed2027,isd_individual_iso_prediction,ISD,test,ISD_ZhongshanSquare_ZhongshanSquare6_ZS6094_RLWQ07,ISD_ZhongshanSquare_ZhongshanSquare6_ZS6094,ISOEventful,-0.0126,0.07547034,
isd_individual_iso_prediction__isd__tong_style_reduced_xgboost__seed2027,isd_individual_iso_prediction,ISD,test,ISD_ZhongshanSquare_ZhongshanSquare6_ZS6110_RCWY01,ISD_ZhongshanSquare_ZhongshanSquare6_ZS6110,ISOEventful,-0.0732,0.105737425,
isd_individual_iso_prediction__isd__tong_style_reduced_xgboost__seed2027,isd_individual_iso_prediction,ISD,test,ISD_ZhongshanSquare_ZhongshanSquare6_ZS6111_RCWY02,ISD_ZhongshanSquare_ZhongshanSquare6_ZS6111,ISOEventful,0.0,0.11885487,
isd_individual_iso_prediction__isd__tong_style_reduced_xgboost__seed2027,isd_individual_iso_prediction,ISD,test,ISD_ZhongshanSquare_ZhongshanSquare6_ZS6112_RCWY03,ISD_ZhongshanSquare_ZhongshanSquare6_ZS6112,ISOEventful,0.0,0.048289392,
isd_individual_iso_prediction__isd__tong_style_reduced_xgboost__seed2027,isd_individual_iso_prediction,ISD,test,ISD_ZhongshanSquare_ZhongshanSquare6_ZS6113_RCWY04,ISD_ZhongshanSquare_ZhongshanSquare6_ZS6113,ISOEventful,0.0,0.028101297,
isd_individual_iso_prediction__isd__tong_style_reduced_xgboost__seed2027,isd_individual_iso_prediction,ISD,test,ISD_ZhongshanSquare_ZhongshanSquare6_ZS6114_RCWY05,ISD_ZhongshanSquare_ZhongshanSquare6_ZS6114,ISOEventful,0.0,0.04771078,
isd_individual_iso_prediction__isd__tong_style_reduced_xgboost__seed2027,isd_individual_iso_prediction,ISD,test,ISD_ZhongshanSquare_ZhongshanSquare6_ZS6115_RCWY06,ISD_ZhongshanSquare_ZhongshanSquare6_ZS6115,ISOEventful,0.0,0.114205875,
isd_individual_iso_prediction__isd__tong_style_reduced_xgboost__seed2027,isd_individual_iso_prediction,ISD,test,ISD_ZhongshanSquare_ZhongshanSquare6_ZS6116_RCWY07,ISD_ZhongshanSquare_ZhongshanSquare6_ZS6116,ISOEventful,0.0,0.068793476,
isd_individual_iso_prediction__isd__tong_style_reduced_xgboost__seed2027,isd_individual_iso_prediction,ISD,test,ISD_ZhongshanSquare_ZhongshanSquare6_ZS6117_RCWY08,ISD_ZhongshanSquare_ZhongshanSquare6_ZS6117,ISOEventful,0.0,0.05248526,
isd_individual_iso_prediction__isd__tong_style_reduced_xgboost__seed2027,isd_individual_iso_prediction,ISD,test,ISD_ZhongshanSquare_ZhongshanSquare6_ZS6118_RZML01,ISD_ZhongshanSquare_ZhongshanSquare6_ZS6118,ISOEventful,0.1036,0.04864984,
isd_individual_iso_prediction__isd__tong_style_reduced_xgboost__seed2027,isd_individual_iso_prediction,ISD,test,ISD_ZhongshanSquare_ZhongshanSquare6_ZS6119_RZML02,ISD_ZhongshanSquare_ZhongshanSquare6_ZS6119,ISOEventful,-0.1339,0.07567474,
isd_individual_iso_prediction__isd__tong_style_reduced_xgboost__seed2027,isd_individual_iso_prediction,ISD,test,ISD_ZhongshanSquare_ZhongshanSquare6_ZS6120_RZML03,ISD_ZhongshanSquare_ZhongshanSquare6_ZS6120,ISOEventful,-0.1161,0.029977607,
isd_individual_iso_prediction__isd__tong_style_reduced_xgboost__seed2027,isd_individual_iso_prediction,ISD,test,ISD_ZhongshanSquare_ZhongshanSquare6_ZS6121_RZML04,ISD_ZhongshanSquare_ZhongshanSquare6_ZS6121,ISOEventful,0.1768,0.080400035,
isd_individual_iso_prediction__isd__tong_style_reduced_xgboost__seed2027,isd_individual_iso_prediction,ISD,test,ISD_ZhongshanSquare_ZhongshanSquare6_ZS6122_RZML05,ISD_ZhongshanSquare_ZhongshanSquare6_ZS6122,ISOEventful,0.0,0.04662249,
isd_individual_iso_prediction__isd__tong_style_reduced_xgboost__seed2027,isd_individual_iso_prediction,ISD,test,ISD_ZhongshanSquare_ZhongshanSquare6_ZS6123_RZML06,ISD_ZhongshanSquare_ZhongshanSquare6_ZS6123,ISOEventful,-0.0303,0.108363315,
isd_individual_iso_prediction__isd__tong_style_reduced_xgboost__seed2027,isd_individual_iso_prediction,ISD,test,ISD_ZhongshanSquare_ZhongshanSquare6_ZS6124_RZML07,ISD_ZhongshanSquare_ZhongshanSquare6_ZS6124,ISOEventful,-0.1036,0.056347694,
isd_individual_iso_prediction__isd__tong_style_reduced_xgboost__seed2027,isd_individual_iso_prediction,ISD,test,ISD_ZhongshanSquare_ZhongshanSquare6_ZS6125_RZML08,ISD_ZhongshanSquare_ZhongshanSquare6_ZS6125,ISOEventful,-0.1464,0.020460777,
