run_id,task_id,dataset_id,partition,record_id,clip_id,target,y_true,y_pred,y_std
isd_individual_iso_prediction__isd__tong_style_reduced_xgboost__seed2030,isd_individual_iso_prediction,ISD,dev,ISD_EustonTap_EustonTap1_ET101_R1284,ISD_EustonTap_EustonTap1_ET101,ISOPleasant,-0.6036,0.2485032,
isd_individual_iso_prediction__isd__tong_style_reduced_xgboost__seed2030,isd_individual_iso_prediction,ISD,dev,ISD_EustonTap_EustonTap1_ET101_R1285,ISD_EustonTap_EustonTap1_ET101,ISOPleasant,0.0429,0.21353169,
isd_individual_iso_prediction__isd__tong_style_reduced_xgboost__seed2030,isd_individual_iso_prediction,ISD,dev,ISD_EustonTap_EustonTap1_ET103_R1286,ISD_EustonTap_EustonTap1_ET103,ISOPleasant,0.3232,0.21950911,
isd_individual_iso_prediction__isd__tong_style_reduced_xgboost__seed2030,isd_individual_iso_prediction,ISD,dev,ISD_EustonTap_EustonTap1_ET103_R1287,ISD_EustonTap_EustonTap1_ET103,ISOPleasant,-0.3232,0.1630212,
isd_individual_iso_prediction__isd__tong_style_reduced_xgboost__seed2030,isd_individual_iso_prediction,ISD,dev,ISD_EustonTap_EustonTap1_ET103_R1288,ISD_EustonTap_EustonTap1_ET103,ISOPleasant,-0.5732,0.18461053,
isd_individual_iso_prediction__isd__tong_style_reduced_xgboost__seed2030,isd_individual_iso_prediction,ISD,dev,ISD_EustonTap_EustonTap1_ET104_R1289,ISD_EustonTap_EustonTap1_ET104,ISOPleasant,-0.1036,0.008534981,
isd_individual_iso_prediction__isd__tong_style_reduced_xgboost__seed2030,isd_individual_iso_prediction,ISD,dev,ISD_EustonTap_EustonTap1_ET105_R1290,ISD_EustonTap_EustonTap1_ET105,ISOPleasant,-0.1464,0.017171808,
isd_individual_iso_prediction__isd__tong_style_reduced_xgboost__seed2030,isd_individual_iso_prediction,ISD,dev,ISD_EustonTap_EustonTap1_ET105_R1291,ISD_EustonTap_EustonTap1_ET105,ISOPleasant,0.1036,0.1426977,
isd_individual_iso_prediction__isd__tong_style_reduced_xgboost__seed2030,isd_individual_iso_prediction,ISD,dev,ISD_EustonTap_EustonTap1_ET106_R1292,ISD_EustonTap_EustonTap1_ET106,ISOPleasant,0.1768,0.21185613,
isd_individual_iso_prediction__isd__tong_style_reduced_xgboost__seed2030,isd_individual_iso_prediction,ISD,dev,ISD_EustonTap_EustonTap1_ET106_R1293,ISD_EustonTap_EustonTap1_ET106,ISOPleasant,-0.5,0.13825406,
isd_individual_iso_prediction__isd__tong_style_reduced_xgboost__seed2030,isd_individual_iso_prediction,ISD,dev,ISD_EustonTap_EustonTap1_ET107_R1294,ISD_EustonTap_EustonTap1_ET107,ISOPleasant,-0.3964,0.062460717,
isd_individual_iso_prediction__isd__tong_style_reduced_xgboost__seed2030,isd_individual_iso_prediction,ISD,dev,ISD_EustonTap_EustonTap1_ET108_R1295,ISD_EustonTap_EustonTap1_ET108,ISOPleasant,-0.2803,0.12357261,
isd_individual_iso_prediction__isd__tong_style_reduced_xgboost__seed2030,isd_individual_iso_prediction,ISD,dev,ISD_EustonTap_EustonTap1_ET109_R1296,ISD_EustonTap_EustonTap1_ET109,ISOPleasant,-0.5,0.13887507,
isd_individual_iso_prediction__isd__tong_style_reduced_xgboost__seed2030,isd_individual_iso_prediction,ISD,dev,ISD_EustonTap_EustonTap1_ET109_R1298,ISD_EustonTap_EustonTap1_ET109,ISOPleasant,-0.4268,0.016439559,
isd_individual_iso_prediction__isd__tong_style_reduced_xgboost__seed2030,isd_individual_iso_prediction,ISD,dev,ISD_EustonTap_EustonTap1_ET110_R1297,ISD_EustonTap_EustonTap1_ET110,ISOPleasant,-0.3536,0.09106773,
isd_individual_iso_prediction__isd__tong_style_reduced_xgboost__seed2030,isd_individual_iso_prediction,ISD,dev,ISD_EustonTap_EustonTap1_ET110_R1299,ISD_EustonTap_EustonTap1_ET110,ISOPleasant,0.341,0.09184911,
isd_individual_iso_prediction__isd__tong_style_reduced_xgboost__seed2030,isd_individual_iso_prediction,ISD,dev,ISD_EustonTap_EustonTap1_ET111_R1300,ISD_EustonTap_EustonTap1_ET111,ISOPleasant,0.0,0.16492632,
isd_individual_iso_prediction__isd__tong_style_reduced_xgboost__seed2030,isd_individual_iso_prediction,ISD,dev,ISD_EustonTap_EustonTap1_ET111_R1301,ISD_EustonTap_EustonTap1_ET111,ISOPleasant,-0.2071,0.121406905,
isd_individual_iso_prediction__isd__tong_style_reduced_xgboost__seed2030,isd_individual_iso_prediction,ISD,dev,ISD_EustonTap_EustonTap1_ET112_R1302,ISD_EustonTap_EustonTap1_ET112,ISOPleasant,-0.4697,0.09733042,
isd_individual_iso_prediction__isd__tong_style_reduced_xgboost__seed2030,isd_individual_iso_prediction,ISD,dev,ISD_EustonTap_EustonTap1_ET113_R1303,ISD_EustonTap_EustonTap1_ET113,ISOPleasant,-0.8536,0.1317819,
isd_individual_iso_prediction__isd__tong_style_reduced_xgboost__seed2030,isd_individual_iso_prediction,ISD,dev,ISD_EustonTap_EustonTap1_ET115_R1306,ISD_EustonTap_EustonTap1_ET115,ISOPleasant,-0.8536,0.056407705,
isd_individual_iso_prediction__isd__tong_style_reduced_xgboost__seed2030,isd_individual_iso_prediction,ISD,dev,ISD_EustonTap_EustonTap1_ET115_R1308,ISD_EustonTap_EustonTap1_ET115,ISOPleasant,-0.3232,-0.036474068,
isd_individual_iso_prediction__isd__tong_style_reduced_xgboost__seed2030,isd_individual_iso_prediction,ISD,dev,ISD_EustonTap_EustonTap1_ET115_R1309,ISD_EustonTap_EustonTap1_ET115,ISOPleasant,-0.25,0.05616723,
isd_individual_iso_prediction__isd__tong_style_reduced_xgboost__seed2030,isd_individual_iso_prediction,ISD,dev,ISD_EustonTap_EustonTap1_ET116_R1305,ISD_EustonTap_EustonTap1_ET116,ISOPleasant,-0.0429,0.1140278,
isd_individual_iso_prediction__isd__tong_style_reduced_xgboost__seed2030,isd_individual_iso_prediction,ISD,dev,ISD_EustonTap_EustonTap1_ET117_R1311,ISD_EustonTap_EustonTap1_ET117,ISOPleasant,0.3536,0.0057169427,
isd_individual_iso_prediction__isd__tong_style_reduced_xgboost__seed2030,isd_individual_iso_prediction,ISD,dev,ISD_EustonTap_EustonTap1_ET118_R1307,ISD_EustonTap_EustonTap1_ET118,ISOPleasant,-0.7803,0.21013178,
isd_individual_iso_prediction__isd__tong_style_reduced_xgboost__seed2030,isd_individual_iso_prediction,ISD,dev,ISD_EustonTap_EustonTap1_ET118_R1310,ISD_EustonTap_EustonTap1_ET118,ISOPleasant,-0.3232,0.035003085,
isd_individual_iso_prediction__isd__tong_style_reduced_xgboost__seed2030,isd_individual_iso_prediction,ISD,dev,ISD_EustonTap_EustonTap1_ET118_R1312,ISD_EustonTap_EustonTap1_ET118,ISOPleasant,-0.6768,0.023705142,
isd_individual_iso_prediction__isd__tong_style_reduced_xgboost__seed2030,isd_individual_iso_prediction,ISD,dev,ISD_EustonTap_EustonTap1_ET118_R1313,ISD_EustonTap_EustonTap1_ET118,ISOPleasant,-0.7803,0.15574564,
isd_individual_iso_prediction__isd__tong_style_reduced_xgboost__seed2030,isd_individual_iso_prediction,ISD,dev,ISD_EustonTap_EustonTap1_ET119_R1314,ISD_EustonTap_EustonTap1_ET119,ISOPleasant,-0.4268,0.18410423,
isd_individual_iso_prediction__isd__tong_style_reduced_xgboost__seed2030,isd_individual_iso_prediction,ISD,dev,ISD_EustonTap_EustonTap1_ET120_R1315,ISD_EustonTap_EustonTap1_ET120,ISOPleasant,-0.1768,0.010187426,
isd_individual_iso_prediction__isd__tong_style_reduced_xgboost__seed2030,isd_individual_iso_prediction,ISD,dev,ISD_EustonTap_EustonTap1_ET120_R1316,ISD_EustonTap_EustonTap1_ET120,ISOPleasant,0.0732,0.010187426,
isd_individual_iso_prediction__isd__tong_style_reduced_xgboost__seed2030,isd_individual_iso_prediction,ISD,dev,ISD_EustonTap_EustonTap1_ET121_R1317,ISD_EustonTap_EustonTap1_ET121,ISOPleasant,-0.6768,-0.053486142,
isd_individual_iso_prediction__isd__tong_style_reduced_xgboost__seed2030,isd_individual_iso_prediction,ISD,dev,ISD_EustonTap_EustonTap1_ET122_R1318,ISD_EustonTap_EustonTap1_ET122,ISOPleasant,0.1464,0.09334126,
isd_individual_iso_prediction__isd__tong_style_reduced_xgboost__seed2030,isd_individual_iso_prediction,ISD,dev,ISD_EustonTap_EustonTap1_ET122_R1319,ISD_EustonTap_EustonTap1_ET122,ISOPleasant,-0.2071,0.09150113,
isd_individual_iso_prediction__isd__tong_style_reduced_xgboost__seed2030,isd_individual_iso_prediction,ISD,dev,ISD_EustonTap_EustonTap1_ET123_R1320,ISD_EustonTap_EustonTap1_ET123,ISOPleasant,-0.1036,0.06911265,
isd_individual_iso_prediction__isd__tong_style_reduced_xgboost__seed2030,isd_individual_iso_prediction,ISD,dev,ISD_EustonTap_EustonTap1_ET123_R1321,ISD_EustonTap_EustonTap1_ET123,ISOPleasant,-0.0732,0.19993412,
isd_individual_iso_prediction__isd__tong_style_reduced_xgboost__seed2030,isd_individual_iso_prediction,ISD,dev,ISD_EustonTap_EustonTap1_ET123_R1322,ISD_EustonTap_EustonTap1_ET123,ISOPleasant,-0.6464,0.16673996,
isd_individual_iso_prediction__isd__tong_style_reduced_xgboost__seed2030,isd_individual_iso_prediction,ISD,dev,ISD_EustonTap_EustonTap1_ET124_R1323,ISD_EustonTap_EustonTap1_ET124,ISOPleasant,-0.6161,0.113161914,
isd_individual_iso_prediction__isd__tong_style_reduced_xgboost__seed2030,isd_individual_iso_prediction,ISD,dev,ISD_EustonTap_EustonTap1_ET124_R1324,ISD_EustonTap_EustonTap1_ET124,ISOPleasant,0.0,0.036152393,
isd_individual_iso_prediction__isd__tong_style_reduced_xgboost__seed2030,isd_individual_iso_prediction,ISD,dev,ISD_EustonTap_EustonTap1_ET125_R1325,ISD_EustonTap_EustonTap1_ET125,ISOPleasant,-0.25,0.13264251,
isd_individual_iso_prediction__isd__tong_style_reduced_xgboost__seed2030,isd_individual_iso_prediction,ISD,dev,ISD_EustonTap_EustonTap2_ET201_R1326,ISD_EustonTap_EustonTap2_ET201,ISOPleasant,-0.6339,0.035127245,
isd_individual_iso_prediction__isd__tong_style_reduced_xgboost__seed2030,isd_individual_iso_prediction,ISD,dev,ISD_EustonTap_EustonTap2_ET201_R1327,ISD_EustonTap_EustonTap2_ET201,ISOPleasant,-0.3107,0.14443609,
isd_individual_iso_prediction__isd__tong_style_reduced_xgboost__seed2030,isd_individual_iso_prediction,ISD,dev,ISD_EustonTap_EustonTap2_ET201_R1328,ISD_EustonTap_EustonTap2_ET201,ISOPleasant,-0.2803,0.016825154,
isd_individual_iso_prediction__isd__tong_style_reduced_xgboost__seed2030,isd_individual_iso_prediction,ISD,dev,ISD_EustonTap_EustonTap2_ET202_R1329,ISD_EustonTap_EustonTap2_ET202,ISOPleasant,-0.1768,0.20883048,
isd_individual_iso_prediction__isd__tong_style_reduced_xgboost__seed2030,isd_individual_iso_prediction,ISD,dev,ISD_EustonTap_EustonTap2_ET203_R1330,ISD_EustonTap_EustonTap2_ET203,ISOPleasant,-0.3839,0.027626185,
isd_individual_iso_prediction__isd__tong_style_reduced_xgboost__seed2030,isd_individual_iso_prediction,ISD,dev,ISD_EustonTap_EustonTap2_ET205_R1332,ISD_EustonTap_EustonTap2_ET205,ISOPleasant,-0.5303,0.14307271,
isd_individual_iso_prediction__isd__tong_style_reduced_xgboost__seed2030,isd_individual_iso_prediction,ISD,dev,ISD_EustonTap_EustonTap2_ET205_R1333,ISD_EustonTap_EustonTap2_ET205,ISOPleasant,-0.5303,-0.029083705,
isd_individual_iso_prediction__isd__tong_style_reduced_xgboost__seed2030,isd_individual_iso_prediction,ISD,dev,ISD_EustonTap_EustonTap2_ET206_R1334,ISD_EustonTap_EustonTap2_ET206,ISOPleasant,-0.2197,0.19599333,
isd_individual_iso_prediction__isd__tong_style_reduced_xgboost__seed2030,isd_individual_iso_prediction,ISD,dev,ISD_EustonTap_EustonTap2_ET206_R1335,ISD_EustonTap_EustonTap2_ET206,ISOPleasant,0.1768,0.09249409,
isd_individual_iso_prediction__isd__tong_style_reduced_xgboost__seed2030,isd_individual_iso_prediction,ISD,dev,ISD_EustonTap_EustonTap2_ET206_R1336,ISD_EustonTap_EustonTap2_ET206,ISOPleasant,-0.0732,0.05814659,
isd_individual_iso_prediction__isd__tong_style_reduced_xgboost__seed2030,isd_individual_iso_prediction,ISD,dev,ISD_EustonTap_EustonTap2_ET207_R1338,ISD_EustonTap_EustonTap2_ET207,ISOPleasant,-0.2803,0.15501797,
isd_individual_iso_prediction__isd__tong_style_reduced_xgboost__seed2030,isd_individual_iso_prediction,ISD,dev,ISD_EustonTap_EustonTap2_ET207_R1339,ISD_EustonTap_EustonTap2_ET207,ISOPleasant,-0.0732,0.097600564,
isd_individual_iso_prediction__isd__tong_style_reduced_xgboost__seed2030,isd_individual_iso_prediction,ISD,dev,ISD_EustonTap_EustonTap2_ET207_R1340,ISD_EustonTap_EustonTap2_ET207,ISOPleasant,-0.4268,0.20165007,
isd_individual_iso_prediction__isd__tong_style_reduced_xgboost__seed2030,isd_individual_iso_prediction,ISD,dev,ISD_EustonTap_EustonTap2_ET207_R1341,ISD_EustonTap_EustonTap2_ET207,ISOPleasant,0.0,0.01970584,
isd_individual_iso_prediction__isd__tong_style_reduced_xgboost__seed2030,isd_individual_iso_prediction,ISD,dev,ISD_EustonTap_EustonTap2_ET210_R1345,ISD_EustonTap_EustonTap2_ET210,ISOPleasant,-0.1339,0.0065347548,
isd_individual_iso_prediction__isd__tong_style_reduced_xgboost__seed2030,isd_individual_iso_prediction,ISD,dev,ISD_EustonTap_EustonTap2_ET211_R1346,ISD_EustonTap_EustonTap2_ET211,ISOPleasant,0.0126,-0.036329333,
isd_individual_iso_prediction__isd__tong_style_reduced_xgboost__seed2030,isd_individual_iso_prediction,ISD,dev,ISD_EustonTap_EustonTap2_ET212_R1347,ISD_EustonTap_EustonTap2_ET212,ISOPleasant,-0.1036,0.116900206,
isd_individual_iso_prediction__isd__tong_style_reduced_xgboost__seed2030,isd_individual_iso_prediction,ISD,dev,ISD_EustonTap_EustonTap2_ET212_R1348,ISD_EustonTap_EustonTap2_ET212,ISOPleasant,-0.1464,0.1172204,
isd_individual_iso_prediction__isd__tong_style_reduced_xgboost__seed2030,isd_individual_iso_prediction,ISD,dev,ISD_EustonTap_EustonTap2_ET213_R1349,ISD_EustonTap_EustonTap2_ET213,ISOPleasant,-0.0732,0.21142054,
isd_individual_iso_prediction__isd__tong_style_reduced_xgboost__seed2030,isd_individual_iso_prediction,ISD,dev,ISD_EustonTap_EustonTap2_ET214_R1350,ISD_EustonTap_EustonTap2_ET214,ISOPleasant,0.1036,0.086335614,
isd_individual_iso_prediction__isd__tong_style_reduced_xgboost__seed2030,isd_individual_iso_prediction,ISD,dev,ISD_EustonTap_EustonTap2_ET215_R1351,ISD_EustonTap_EustonTap2_ET215,ISOPleasant,-0.0732,0.27866003,
isd_individual_iso_prediction__isd__tong_style_reduced_xgboost__seed2030,isd_individual_iso_prediction,ISD,dev,ISD_EustonTap_EustonTap2_ET216_R1352,ISD_EustonTap_EustonTap2_ET216,ISOPleasant,-0.4874,0.108897425,
isd_individual_iso_prediction__isd__tong_style_reduced_xgboost__seed2030,isd_individual_iso_prediction,ISD,dev,ISD_EustonTap_EustonTap2_ET218_R1355,ISD_EustonTap_EustonTap2_ET218,ISOPleasant,-0.25,0.15637325,
isd_individual_iso_prediction__isd__tong_style_reduced_xgboost__seed2030,isd_individual_iso_prediction,ISD,dev,ISD_EustonTap_EustonTap2_ET218_R1356,ISD_EustonTap_EustonTap2_ET218,ISOPleasant,0.0,0.042400856,
isd_individual_iso_prediction__isd__tong_style_reduced_xgboost__seed2030,isd_individual_iso_prediction,ISD,dev,ISD_EustonTap_EustonTap2_ET219_R1357,ISD_EustonTap_EustonTap2_ET219,ISOPleasant,-0.3232,-0.019263646,
isd_individual_iso_prediction__isd__tong_style_reduced_xgboost__seed2030,isd_individual_iso_prediction,ISD,dev,ISD_EustonTap_EustonTap2_ET219_R1358,ISD_EustonTap_EustonTap2_ET219,ISOPleasant,-0.2929,0.006501555,
isd_individual_iso_prediction__isd__tong_style_reduced_xgboost__seed2030,isd_individual_iso_prediction,ISD,dev,ISD_EustonTap_EustonTap2_ET220_R1359,ISD_EustonTap_EustonTap2_ET220,ISOPleasant,-0.159,0.14956295,
isd_individual_iso_prediction__isd__tong_style_reduced_xgboost__seed2030,isd_individual_iso_prediction,ISD,dev,ISD_EustonTap_EustonTap2_ET221_R1360,ISD_EustonTap_EustonTap2_ET221,ISOPleasant,0.25,-0.09971443,
isd_individual_iso_prediction__isd__tong_style_reduced_xgboost__seed2030,isd_individual_iso_prediction,ISD,dev,ISD_EustonTap_EustonTap2_ET221_R1361,ISD_EustonTap_EustonTap2_ET221,ISOPleasant,0.0732,0.03802632,
isd_individual_iso_prediction__isd__tong_style_reduced_xgboost__seed2030,isd_individual_iso_prediction,ISD,dev,ISD_EustonTap_EustonTap2_ET222_R1362,ISD_EustonTap_EustonTap2_ET222,ISOPleasant,-0.1768,0.079533756,
isd_individual_iso_prediction__isd__tong_style_reduced_xgboost__seed2030,isd_individual_iso_prediction,ISD,dev,ISD_EustonTap_EustonTap3_ET302_R1366,ISD_EustonTap_EustonTap3_ET302,ISOPleasant,0.0303,0.12674688,
isd_individual_iso_prediction__isd__tong_style_reduced_xgboost__seed2030,isd_individual_iso_prediction,ISD,dev,ISD_EustonTap_EustonTap3_ET302_R1367,ISD_EustonTap_EustonTap3_ET302,ISOPleasant,0.1464,0.021802291,
isd_individual_iso_prediction__isd__tong_style_reduced_xgboost__seed2030,isd_individual_iso_prediction,ISD,dev,ISD_EustonTap_EustonTap3_ET303_R1370,ISD_EustonTap_EustonTap3_ET303,ISOPleasant,0.1036,0.09906028,
isd_individual_iso_prediction__isd__tong_style_reduced_xgboost__seed2030,isd_individual_iso_prediction,ISD,dev,ISD_EustonTap_EustonTap3_ET303_R1371,ISD_EustonTap_EustonTap3_ET303,ISOPleasant,0.1768,-0.006760555,
isd_individual_iso_prediction__isd__tong_style_reduced_xgboost__seed2030,isd_individual_iso_prediction,ISD,dev,ISD_EustonTap_EustonTap3_ET303_R1372,ISD_EustonTap_EustonTap3_ET303,ISOPleasant,0.0,0.10790149,
isd_individual_iso_prediction__isd__tong_style_reduced_xgboost__seed2030,isd_individual_iso_prediction,ISD,dev,ISD_EustonTap_EustonTap3_ET304_R1373,ISD_EustonTap_EustonTap3_ET304,ISOPleasant,0.1036,0.048108295,
isd_individual_iso_prediction__isd__tong_style_reduced_xgboost__seed2030,isd_individual_iso_prediction,ISD,dev,ISD_EustonTap_EustonTap3_ET305_R1374,ISD_EustonTap_EustonTap3_ET305,ISOPleasant,-0.3232,0.01730218,
isd_individual_iso_prediction__isd__tong_style_reduced_xgboost__seed2030,isd_individual_iso_prediction,ISD,dev,ISD_EustonTap_EustonTap3_ET306_R1375,ISD_EustonTap_EustonTap3_ET306,ISOPleasant,-0.3839,0.11852697,
isd_individual_iso_prediction__isd__tong_style_reduced_xgboost__seed2030,isd_individual_iso_prediction,ISD,dev,ISD_EustonTap_EustonTap3_ET306_R1376,ISD_EustonTap_EustonTap3_ET306,ISOPleasant,0.0732,-0.00062947,
isd_individual_iso_prediction__isd__tong_style_reduced_xgboost__seed2030,isd_individual_iso_prediction,ISD,dev,ISD_EustonTap_EustonTap3_ET306_R1377,ISD_EustonTap_EustonTap3_ET306,ISOPleasant,-0.1036,0.11852697,
isd_individual_iso_prediction__isd__tong_style_reduced_xgboost__seed2030,isd_individual_iso_prediction,ISD,dev,ISD_EustonTap_EustonTap3_ET306_R1378,ISD_EustonTap_EustonTap3_ET306,ISOPleasant,-0.1768,0.11852697,
isd_individual_iso_prediction__isd__tong_style_reduced_xgboost__seed2030,isd_individual_iso_prediction,ISD,dev,ISD_EustonTap_EustonTap3_ET306_R1379,ISD_EustonTap_EustonTap3_ET306,ISOPleasant,0.0607,-0.00062947,
isd_individual_iso_prediction__isd__tong_style_reduced_xgboost__seed2030,isd_individual_iso_prediction,ISD,dev,ISD_EustonTap_EustonTap3_ET307_R1380,ISD_EustonTap_EustonTap3_ET307,ISOPleasant,-0.2071,0.16982637,
isd_individual_iso_prediction__isd__tong_style_reduced_xgboost__seed2030,isd_individual_iso_prediction,ISD,dev,ISD_EustonTap_EustonTap3_ET307_R1381,ISD_EustonTap_EustonTap3_ET307,ISOPleasant,-0.3536,0.1660531,
isd_individual_iso_prediction__isd__tong_style_reduced_xgboost__seed2030,isd_individual_iso_prediction,ISD,dev,ISD_EustonTap_EustonTap3_ET307_R1382,ISD_EustonTap_EustonTap3_ET307,ISOPleasant,-0.25,0.098473504,
isd_individual_iso_prediction__isd__tong_style_reduced_xgboost__seed2030,isd_individual_iso_prediction,ISD,dev,ISD_EustonTap_EustonTap3_ET308_R1383,ISD_EustonTap_EustonTap3_ET308,ISOPleasant,-0.2626,0.107634544,
isd_individual_iso_prediction__isd__tong_style_reduced_xgboost__seed2030,isd_individual_iso_prediction,ISD,dev,ISD_EustonTap_EustonTap3_ET310_R1385,ISD_EustonTap_EustonTap3_ET310,ISOPleasant,-0.2929,-0.0127927,
isd_individual_iso_prediction__isd__tong_style_reduced_xgboost__seed2030,isd_individual_iso_prediction,ISD,dev,ISD_EustonTap_EustonTap3_ET310_R1386,ISD_EustonTap_EustonTap3_ET310,ISOPleasant,-0.2803,0.009126489,
isd_individual_iso_prediction__isd__tong_style_reduced_xgboost__seed2030,isd_individual_iso_prediction,ISD,dev,ISD_EustonTap_EustonTap3_ET311_R1387,ISD_EustonTap_EustonTap3_ET311,ISOPleasant,-0.3536,-0.010254259,
isd_individual_iso_prediction__isd__tong_style_reduced_xgboost__seed2030,isd_individual_iso_prediction,ISD,dev,ISD_EustonTap_EustonTap3_ET312_R1388,ISD_EustonTap_EustonTap3_ET312,ISOPleasant,-0.6036,0.04717627,
isd_individual_iso_prediction__isd__tong_style_reduced_xgboost__seed2030,isd_individual_iso_prediction,ISD,dev,ISD_EustonTap_EustonTap3_ET313_R1389,ISD_EustonTap_EustonTap3_ET313,ISOPleasant,-0.0732,-0.04442081,
isd_individual_iso_prediction__isd__tong_style_reduced_xgboost__seed2030,isd_individual_iso_prediction,ISD,dev,ISD_EustonTap_EustonTap3_ET314_R1390,ISD_EustonTap_EustonTap3_ET314,ISOPleasant,-0.2803,0.08020214,
isd_individual_iso_prediction__isd__tong_style_reduced_xgboost__seed2030,isd_individual_iso_prediction,ISD,dev,ISD_EustonTap_EustonTap3_ET314_R1391,ISD_EustonTap_EustonTap3_ET314,ISOPleasant,0.1464,0.113335766,
isd_individual_iso_prediction__isd__tong_style_reduced_xgboost__seed2030,isd_individual_iso_prediction,ISD,dev,ISD_MarchmontGarden_MarchmontGarden1_MC101_R269,ISD_MarchmontGarden_MarchmontGarden1_MC101,ISOPleasant,-0.2803,0.38455674,
isd_individual_iso_prediction__isd__tong_style_reduced_xgboost__seed2030,isd_individual_iso_prediction,ISD,dev,ISD_MarchmontGarden_MarchmontGarden1_MC102_R270,ISD_MarchmontGarden_MarchmontGarden1_MC102,ISOPleasant,0.25,0.38385516,
isd_individual_iso_prediction__isd__tong_style_reduced_xgboost__seed2030,isd_individual_iso_prediction,ISD,dev,ISD_MarchmontGarden_MarchmontGarden1_MC103_R271,ISD_MarchmontGarden_MarchmontGarden1_MC103,ISOPleasant,0.3536,0.4814389,
isd_individual_iso_prediction__isd__tong_style_reduced_xgboost__seed2030,isd_individual_iso_prediction,ISD,dev,ISD_MarchmontGarden_MarchmontGarden1_MC104_R272,ISD_MarchmontGarden_MarchmontGarden1_MC104,ISOPleasant,0.7071,0.47726762,
isd_individual_iso_prediction__isd__tong_style_reduced_xgboost__seed2030,isd_individual_iso_prediction,ISD,dev,ISD_MarchmontGarden_MarchmontGarden1_MC105_R273,ISD_MarchmontGarden_MarchmontGarden1_MC105,ISOPleasant,0.2803,0.46354824,
isd_individual_iso_prediction__isd__tong_style_reduced_xgboost__seed2030,isd_individual_iso_prediction,ISD,dev,ISD_MarchmontGarden_MarchmontGarden1_MC105_R274,ISD_MarchmontGarden_MarchmontGarden1_MC105,ISOPleasant,0.4268,0.47481322,
isd_individual_iso_prediction__isd__tong_style_reduced_xgboost__seed2030,isd_individual_iso_prediction,ISD,dev,ISD_MarchmontGarden_MarchmontGarden1_MC106_R275,ISD_MarchmontGarden_MarchmontGarden1_MC106,ISOPleasant,0.1768,0.41992876,
isd_individual_iso_prediction__isd__tong_style_reduced_xgboost__seed2030,isd_individual_iso_prediction,ISD,dev,ISD_MarchmontGarden_MarchmontGarden1_MC108_R277,ISD_MarchmontGarden_MarchmontGarden1_MC108,ISOPleasant,0.25,0.36081138,
isd_individual_iso_prediction__isd__tong_style_reduced_xgboost__seed2030,isd_individual_iso_prediction,ISD,dev,ISD_MarchmontGarden_MarchmontGarden1_MC110_R278,ISD_MarchmontGarden_MarchmontGarden1_MC110,ISOPleasant,0.8536,0.47453952,
isd_individual_iso_prediction__isd__tong_style_reduced_xgboost__seed2030,isd_individual_iso_prediction,ISD,dev,ISD_MarchmontGarden_MarchmontGarden1_MC111_R279,ISD_MarchmontGarden_MarchmontGarden1_MC111,ISOPleasant,0.0732,0.41712078,
isd_individual_iso_prediction__isd__tong_style_reduced_xgboost__seed2030,isd_individual_iso_prediction,ISD,dev,ISD_MarchmontGarden_MarchmontGarden1_MC111_R280,ISD_MarchmontGarden_MarchmontGarden1_MC111,ISOPleasant,0.5607,0.41129467,
isd_individual_iso_prediction__isd__tong_style_reduced_xgboost__seed2030,isd_individual_iso_prediction,ISD,dev,ISD_MarchmontGarden_MarchmontGarden1_MC112_R281,ISD_MarchmontGarden_MarchmontGarden1_MC112,ISOPleasant,-0.1768,0.29534256,
isd_individual_iso_prediction__isd__tong_style_reduced_xgboost__seed2030,isd_individual_iso_prediction,ISD,dev,ISD_MarchmontGarden_MarchmontGarden1_MC114_R282,ISD_MarchmontGarden_MarchmontGarden1_MC114,ISOPleasant,-0.5,0.3740297,
isd_individual_iso_prediction__isd__tong_style_reduced_xgboost__seed2030,isd_individual_iso_prediction,ISD,dev,ISD_MarchmontGarden_MarchmontGarden1_MC115_R283,ISD_MarchmontGarden_MarchmontGarden1_MC115,ISOPleasant,0.0,0.44874364,
isd_individual_iso_prediction__isd__tong_style_reduced_xgboost__seed2030,isd_individual_iso_prediction,ISD,dev,ISD_MarchmontGarden_MarchmontGarden1_MC116_R284,ISD_MarchmontGarden_MarchmontGarden1_MC116,ISOPleasant,-0.4571,0.2853207,
isd_individual_iso_prediction__isd__tong_style_reduced_xgboost__seed2030,isd_individual_iso_prediction,ISD,dev,ISD_MarchmontGarden_MarchmontGarden1_MC116_R285,ISD_MarchmontGarden_MarchmontGarden1_MC116,ISOPleasant,-0.1339,0.28879696,
isd_individual_iso_prediction__isd__tong_style_reduced_xgboost__seed2030,isd_individual_iso_prediction,ISD,dev,ISD_MarchmontGarden_MarchmontGarden1_MC118_R287,ISD_MarchmontGarden_MarchmontGarden1_MC118,ISOPleasant,0.1464,0.34171775,
isd_individual_iso_prediction__isd__tong_style_reduced_xgboost__seed2030,isd_individual_iso_prediction,ISD,dev,ISD_MarchmontGarden_MarchmontGarden1_MC118_R288,ISD_MarchmontGarden_MarchmontGarden1_MC118,ISOPleasant,0.0,0.34171775,
isd_individual_iso_prediction__isd__tong_style_reduced_xgboost__seed2030,isd_individual_iso_prediction,ISD,dev,ISD_MarchmontGarden_MarchmontGarden1_MC118_R289,ISD_MarchmontGarden_MarchmontGarden1_MC118,ISOPleasant,0.1036,0.36422485,
isd_individual_iso_prediction__isd__tong_style_reduced_xgboost__seed2030,isd_individual_iso_prediction,ISD,dev,ISD_MarchmontGarden_MarchmontGarden1_MC119_R290,ISD_MarchmontGarden_MarchmontGarden1_MC119,ISOPleasant,0.4571,0.4400152,
isd_individual_iso_prediction__isd__tong_style_reduced_xgboost__seed2030,isd_individual_iso_prediction,ISD,dev,ISD_MarchmontGarden_MarchmontGarden1_MC119_R291,ISD_MarchmontGarden_MarchmontGarden1_MC119,ISOPleasant,0.2803,0.43948323,
isd_individual_iso_prediction__isd__tong_style_reduced_xgboost__seed2030,isd_individual_iso_prediction,ISD,dev,ISD_MarchmontGarden_MarchmontGarden1_MC120_R292,ISD_MarchmontGarden_MarchmontGarden1_MC120,ISOPleasant,1.0,0.43383485,
isd_individual_iso_prediction__isd__tong_style_reduced_xgboost__seed2030,isd_individual_iso_prediction,ISD,dev,ISD_MarchmontGarden_MarchmontGarden1_MC120_R293,ISD_MarchmontGarden_MarchmontGarden1_MC120,ISOPleasant,1.0,0.4699509,
isd_individual_iso_prediction__isd__tong_style_reduced_xgboost__seed2030,isd_individual_iso_prediction,ISD,dev,ISD_MarchmontGarden_MarchmontGarden1_MC121_R294,ISD_MarchmontGarden_MarchmontGarden1_MC121,ISOPleasant,0.7071,0.32775497,
isd_individual_iso_prediction__isd__tong_style_reduced_xgboost__seed2030,isd_individual_iso_prediction,ISD,dev,ISD_MarchmontGarden_MarchmontGarden1_MC121_R295,ISD_MarchmontGarden_MarchmontGarden1_MC121,ISOPleasant,0.9268,0.36487886,
isd_individual_iso_prediction__isd__tong_style_reduced_xgboost__seed2030,isd_individual_iso_prediction,ISD,dev,ISD_MarchmontGarden_MarchmontGarden1_MC122_R296,ISD_MarchmontGarden_MarchmontGarden1_MC122,ISOPleasant,0.5732,0.47261468,
isd_individual_iso_prediction__isd__tong_style_reduced_xgboost__seed2030,isd_individual_iso_prediction,ISD,dev,ISD_MarchmontGarden_MarchmontGarden1_MC127_R298,ISD_MarchmontGarden_MarchmontGarden1_MC127,ISOPleasant,0.2678,0.3836133,
isd_individual_iso_prediction__isd__tong_style_reduced_xgboost__seed2030,isd_individual_iso_prediction,ISD,dev,ISD_MarchmontGarden_MarchmontGarden1_MC129_R300,ISD_MarchmontGarden_MarchmontGarden1_MC129,ISOPleasant,0.2197,0.48103496,
isd_individual_iso_prediction__isd__tong_style_reduced_xgboost__seed2030,isd_individual_iso_prediction,ISD,dev,ISD_MarchmontGarden_MarchmontGarden2_MC203_R306,ISD_MarchmontGarden_MarchmontGarden2_MC203,ISOPleasant,0.9268,0.50065863,
isd_individual_iso_prediction__isd__tong_style_reduced_xgboost__seed2030,isd_individual_iso_prediction,ISD,dev,ISD_MarchmontGarden_MarchmontGarden2_MC204_R302,ISD_MarchmontGarden_MarchmontGarden2_MC204,ISOPleasant,0.1036,0.4541956,
isd_individual_iso_prediction__isd__tong_style_reduced_xgboost__seed2030,isd_individual_iso_prediction,ISD,dev,ISD_MarchmontGarden_MarchmontGarden2_MC206_R303,ISD_MarchmontGarden_MarchmontGarden2_MC206,ISOPleasant,0.6036,0.4053971,
isd_individual_iso_prediction__isd__tong_style_reduced_xgboost__seed2030,isd_individual_iso_prediction,ISD,dev,ISD_MarchmontGarden_MarchmontGarden2_MC207_R304,ISD_MarchmontGarden_MarchmontGarden2_MC207,ISOPleasant,0.6464,0.4997578,
isd_individual_iso_prediction__isd__tong_style_reduced_xgboost__seed2030,isd_individual_iso_prediction,ISD,dev,ISD_MarchmontGarden_MarchmontGarden3_MC301_R309,ISD_MarchmontGarden_MarchmontGarden3_MC301,ISOPleasant,0.3107,0.41332397,
isd_individual_iso_prediction__isd__tong_style_reduced_xgboost__seed2030,isd_individual_iso_prediction,ISD,dev,ISD_MarchmontGarden_MarchmontGarden3_MC302_R308,ISD_MarchmontGarden_MarchmontGarden3_MC302,ISOPleasant,0.25,0.5348481,
isd_individual_iso_prediction__isd__tong_style_reduced_xgboost__seed2030,isd_individual_iso_prediction,ISD,dev,ISD_MarchmontGarden_MarchmontGarden3_MC302_R335,ISD_MarchmontGarden_MarchmontGarden3_MC302,ISOPleasant,-0.3232,0.5430285,
isd_individual_iso_prediction__isd__tong_style_reduced_xgboost__seed2030,isd_individual_iso_prediction,ISD,dev,ISD_MarchmontGarden_MarchmontGarden3_MC303_R310,ISD_MarchmontGarden_MarchmontGarden3_MC303,ISOPleasant,0.4268,0.47776377,
isd_individual_iso_prediction__isd__tong_style_reduced_xgboost__seed2030,isd_individual_iso_prediction,ISD,dev,ISD_MarchmontGarden_MarchmontGarden3_MC307_R313,ISD_MarchmontGarden_MarchmontGarden3_MC307,ISOPleasant,0.6339,0.4359601,
isd_individual_iso_prediction__isd__tong_style_reduced_xgboost__seed2030,isd_individual_iso_prediction,ISD,dev,ISD_MarchmontGarden_MarchmontGarden3_MC308_R314,ISD_MarchmontGarden_MarchmontGarden3_MC308,ISOPleasant,0.5732,0.33344722,
isd_individual_iso_prediction__isd__tong_style_reduced_xgboost__seed2030,isd_individual_iso_prediction,ISD,dev,ISD_MarchmontGarden_MarchmontGarden3_MC309_R315,ISD_MarchmontGarden_MarchmontGarden3_MC309,ISOPleasant,0.75,0.3221694,
isd_individual_iso_prediction__isd__tong_style_reduced_xgboost__seed2030,isd_individual_iso_prediction,ISD,dev,ISD_MarchmontGarden_MarchmontGarden3_MC310_R316,ISD_MarchmontGarden_MarchmontGarden3_MC310,ISOPleasant,-0.4268,0.4089401,
isd_individual_iso_prediction__isd__tong_style_reduced_xgboost__seed2030,isd_individual_iso_prediction,ISD,dev,ISD_MarchmontGarden_MarchmontGarden3_MC311_R317,ISD_MarchmontGarden_MarchmontGarden3_MC311,ISOPleasant,0.4268,0.44360808,
isd_individual_iso_prediction__isd__tong_style_reduced_xgboost__seed2030,isd_individual_iso_prediction,ISD,dev,ISD_MarchmontGarden_MarchmontGarden3_MC311_R336,ISD_MarchmontGarden_MarchmontGarden3_MC311,ISOPleasant,-0.1464,0.44360808,
isd_individual_iso_prediction__isd__tong_style_reduced_xgboost__seed2030,isd_individual_iso_prediction,ISD,dev,ISD_MarchmontGarden_MarchmontGarden3_MC312_R337,ISD_MarchmontGarden_MarchmontGarden3_MC312,ISOPleasant,-0.4268,0.40877244,
isd_individual_iso_prediction__isd__tong_style_reduced_xgboost__seed2030,isd_individual_iso_prediction,ISD,dev,ISD_MarchmontGarden_MarchmontGarden3_MC316_R320,ISD_MarchmontGarden_MarchmontGarden3_MC316,ISOPleasant,0.6036,0.4597474,
isd_individual_iso_prediction__isd__tong_style_reduced_xgboost__seed2030,isd_individual_iso_prediction,ISD,dev,ISD_MarchmontGarden_MarchmontGarden3_MC317_R322,ISD_MarchmontGarden_MarchmontGarden3_MC317,ISOPleasant,0.5,0.312107,
isd_individual_iso_prediction__isd__tong_style_reduced_xgboost__seed2030,isd_individual_iso_prediction,ISD,dev,ISD_MarchmontGarden_MarchmontGarden3_MC318_R339,ISD_MarchmontGarden_MarchmontGarden3_MC318,ISOPleasant,-0.0429,0.41587868,
isd_individual_iso_prediction__isd__tong_style_reduced_xgboost__seed2030,isd_individual_iso_prediction,ISD,dev,ISD_MarchmontGarden_MarchmontGarden3_MC318_R340,ISD_MarchmontGarden_MarchmontGarden3_MC318,ISOPleasant,-0.2197,0.4219659,
isd_individual_iso_prediction__isd__tong_style_reduced_xgboost__seed2030,isd_individual_iso_prediction,ISD,dev,ISD_MarchmontGarden_MarchmontGarden3_MC319_R321,ISD_MarchmontGarden_MarchmontGarden3_MC319,ISOPleasant,0.7803,0.44986606,
isd_individual_iso_prediction__isd__tong_style_reduced_xgboost__seed2030,isd_individual_iso_prediction,ISD,dev,ISD_MarchmontGarden_MarchmontGarden3_MC320_R338,ISD_MarchmontGarden_MarchmontGarden3_MC320,ISOPleasant,0.5607,0.4929995,
isd_individual_iso_prediction__isd__tong_style_reduced_xgboost__seed2030,isd_individual_iso_prediction,ISD,dev,ISD_MarchmontGarden_MarchmontGarden3_MC321_R323,ISD_MarchmontGarden_MarchmontGarden3_MC321,ISOPleasant,0.6768,0.54723203,
isd_individual_iso_prediction__isd__tong_style_reduced_xgboost__seed2030,isd_individual_iso_prediction,ISD,dev,ISD_MarchmontGarden_MarchmontGarden3_MC323_R341,ISD_MarchmontGarden_MarchmontGarden3_MC323,ISOPleasant,-0.4697,0.47211787,
isd_individual_iso_prediction__isd__tong_style_reduced_xgboost__seed2030,isd_individual_iso_prediction,ISD,dev,ISD_MarchmontGarden_MarchmontGarden3_MC324_R326,ISD_MarchmontGarden_MarchmontGarden3_MC324,ISOPleasant,0.5303,0.49856055,
isd_individual_iso_prediction__isd__tong_style_reduced_xgboost__seed2030,isd_individual_iso_prediction,ISD,dev,ISD_MarchmontGarden_MarchmontGarden3_MC325_R327,ISD_MarchmontGarden_MarchmontGarden3_MC325,ISOPleasant,0.8536,0.3854682,
isd_individual_iso_prediction__isd__tong_style_reduced_xgboost__seed2030,isd_individual_iso_prediction,ISD,dev,ISD_MarchmontGarden_MarchmontGarden3_MC328_R329,ISD_MarchmontGarden_MarchmontGarden3_MC328,ISOPleasant,-0.6036,0.456198,
isd_individual_iso_prediction__isd__tong_style_reduced_xgboost__seed2030,isd_individual_iso_prediction,ISD,dev,ISD_MarchmontGarden_MarchmontGarden3_MC329_R342,ISD_MarchmontGarden_MarchmontGarden3_MC329,ISOPleasant,-0.6036,0.39458638,
isd_individual_iso_prediction__isd__tong_style_reduced_xgboost__seed2030,isd_individual_iso_prediction,ISD,dev,ISD_MarchmontGarden_MarchmontGarden3_MC330_R330,ISD_MarchmontGarden_MarchmontGarden3_MC330,ISOPleasant,-0.1036,0.4120302,
isd_individual_iso_prediction__isd__tong_style_reduced_xgboost__seed2030,isd_individual_iso_prediction,ISD,dev,ISD_MarchmontGarden_MarchmontGarden3_MC331_R331,ISD_MarchmontGarden_MarchmontGarden3_MC331,ISOPleasant,0.5732,0.5431098,
isd_individual_iso_prediction__isd__tong_style_reduced_xgboost__seed2030,isd_individual_iso_prediction,ISD,dev,ISD_MarchmontGarden_MarchmontGarden3_MC332_R332,ISD_MarchmontGarden_MarchmontGarden3_MC332,ISOPleasant,0.1036,0.4578528,
isd_individual_iso_prediction__isd__tong_style_reduced_xgboost__seed2030,isd_individual_iso_prediction,ISD,dev,ISD_MarchmontGarden_MarchmontGarden3_MC332_R343,ISD_MarchmontGarden_MarchmontGarden3_MC332,ISOPleasant,-0.1768,0.48056605,
isd_individual_iso_prediction__isd__tong_style_reduced_xgboost__seed2030,isd_individual_iso_prediction,ISD,dev,ISD_MarchmontGarden_MarchmontGarden3_MC333_R344,ISD_MarchmontGarden_MarchmontGarden3_MC333,ISOPleasant,-0.2803,0.438076,
isd_individual_iso_prediction__isd__tong_style_reduced_xgboost__seed2030,isd_individual_iso_prediction,ISD,dev,ISD_MarchmontGarden_MarchmontGarden3_MC333_R345,ISD_MarchmontGarden_MarchmontGarden3_MC333,ISOPleasant,-0.3536,0.417089,
isd_individual_iso_prediction__isd__tong_style_reduced_xgboost__seed2030,isd_individual_iso_prediction,ISD,dev,ISD_MarchmontGarden_MarchmontGarden3_MC334_R346,ISD_MarchmontGarden_MarchmontGarden3_MC334,ISOPleasant,-0.2803,0.4213421,
isd_individual_iso_prediction__isd__tong_style_reduced_xgboost__seed2030,isd_individual_iso_prediction,ISD,dev,ISD_MarchmontGarden_MarchmontGarden3_MC335_R333,ISD_MarchmontGarden_MarchmontGarden3_MC335,ISOPleasant,0.75,0.41416904,
isd_individual_iso_prediction__isd__tong_style_reduced_xgboost__seed2030,isd_individual_iso_prediction,ISD,dev,ISD_MarchmontGarden_MarchmontGarden3_MC336_R334,ISD_MarchmontGarden_MarchmontGarden3_MC336,ISOPleasant,0.5303,0.43803704,
isd_individual_iso_prediction__isd__tong_style_reduced_xgboost__seed2030,isd_individual_iso_prediction,ISD,dev,ISD_MarchmontGarden_MarchmontGarden3_MC336_R347,ISD_MarchmontGarden_MarchmontGarden3_MC336,ISOPleasant,-0.2071,0.46300206,
isd_individual_iso_prediction__isd__tong_style_reduced_xgboost__seed2030,isd_individual_iso_prediction,ISD,dev,ISD_MarchmontGarden_MarchmontGarden4_MC401_R348,ISD_MarchmontGarden_MarchmontGarden4_MC401,ISOPleasant,0.5,0.50648725,
isd_individual_iso_prediction__isd__tong_style_reduced_xgboost__seed2030,isd_individual_iso_prediction,ISD,dev,ISD_MarchmontGarden_MarchmontGarden4_MC402_R349,ISD_MarchmontGarden_MarchmontGarden4_MC402,ISOPleasant,0.7803,0.4981637,
isd_individual_iso_prediction__isd__tong_style_reduced_xgboost__seed2030,isd_individual_iso_prediction,ISD,dev,ISD_MarchmontGarden_MarchmontGarden4_MC402_R350,ISD_MarchmontGarden_MarchmontGarden4_MC402,ISOPleasant,-0.0303,0.48779404,
isd_individual_iso_prediction__isd__tong_style_reduced_xgboost__seed2030,isd_individual_iso_prediction,ISD,dev,ISD_MarchmontGarden_MarchmontGarden4_MC404_R352,ISD_MarchmontGarden_MarchmontGarden4_MC404,ISOPleasant,-0.2071,0.4117055,
isd_individual_iso_prediction__isd__tong_style_reduced_xgboost__seed2030,isd_individual_iso_prediction,ISD,dev,ISD_MarchmontGarden_MarchmontGarden4_MC404_R353,ISD_MarchmontGarden_MarchmontGarden4_MC404,ISOPleasant,0.1768,0.4117055,
isd_individual_iso_prediction__isd__tong_style_reduced_xgboost__seed2030,isd_individual_iso_prediction,ISD,dev,ISD_MarchmontGarden_MarchmontGarden4_MC404_R418,ISD_MarchmontGarden_MarchmontGarden4_MC404,ISOPleasant,0.25,0.40392372,
isd_individual_iso_prediction__isd__tong_style_reduced_xgboost__seed2030,isd_individual_iso_prediction,ISD,dev,ISD_MarchmontGarden_MarchmontGarden4_MC404_R419,ISD_MarchmontGarden_MarchmontGarden4_MC404,ISOPleasant,-0.1036,0.40392372,
isd_individual_iso_prediction__isd__tong_style_reduced_xgboost__seed2030,isd_individual_iso_prediction,ISD,dev,ISD_MarchmontGarden_MarchmontGarden4_MC405_R354,ISD_MarchmontGarden_MarchmontGarden4_MC405,ISOPleasant,0.7071,0.3833056,
isd_individual_iso_prediction__isd__tong_style_reduced_xgboost__seed2030,isd_individual_iso_prediction,ISD,dev,ISD_MarchmontGarden_MarchmontGarden4_MC406_R355,ISD_MarchmontGarden_MarchmontGarden4_MC406,ISOPleasant,0.6339,0.4997725,
isd_individual_iso_prediction__isd__tong_style_reduced_xgboost__seed2030,isd_individual_iso_prediction,ISD,dev,ISD_MarchmontGarden_MarchmontGarden4_MC407_R356,ISD_MarchmontGarden_MarchmontGarden4_MC407,ISOPleasant,0.4571,0.32647058,
isd_individual_iso_prediction__isd__tong_style_reduced_xgboost__seed2030,isd_individual_iso_prediction,ISD,dev,ISD_MarchmontGarden_MarchmontGarden4_MC407_R357,ISD_MarchmontGarden_MarchmontGarden4_MC407,ISOPleasant,0.5,0.342775,
isd_individual_iso_prediction__isd__tong_style_reduced_xgboost__seed2030,isd_individual_iso_prediction,ISD,dev,ISD_MarchmontGarden_MarchmontGarden4_MC407_R420,ISD_MarchmontGarden_MarchmontGarden4_MC407,ISOPleasant,0.0732,0.32833922,
isd_individual_iso_prediction__isd__tong_style_reduced_xgboost__seed2030,isd_individual_iso_prediction,ISD,dev,ISD_MarchmontGarden_MarchmontGarden4_MC409_R358,ISD_MarchmontGarden_MarchmontGarden4_MC409,ISOPleasant,0.4268,0.40133557,
isd_individual_iso_prediction__isd__tong_style_reduced_xgboost__seed2030,isd_individual_iso_prediction,ISD,dev,ISD_MarchmontGarden_MarchmontGarden4_MC409_R359,ISD_MarchmontGarden_MarchmontGarden4_MC409,ISOPleasant,-0.4571,0.47301242,
isd_individual_iso_prediction__isd__tong_style_reduced_xgboost__seed2030,isd_individual_iso_prediction,ISD,dev,ISD_MarchmontGarden_MarchmontGarden4_MC410_R360,ISD_MarchmontGarden_MarchmontGarden4_MC410,ISOPleasant,0.3536,0.30580148,
isd_individual_iso_prediction__isd__tong_style_reduced_xgboost__seed2030,isd_individual_iso_prediction,ISD,dev,ISD_MarchmontGarden_MarchmontGarden4_MC412_R362,ISD_MarchmontGarden_MarchmontGarden4_MC412,ISOPleasant,0.7071,0.319478,
isd_individual_iso_prediction__isd__tong_style_reduced_xgboost__seed2030,isd_individual_iso_prediction,ISD,dev,ISD_MarchmontGarden_MarchmontGarden4_MC413_R363,ISD_MarchmontGarden_MarchmontGarden4_MC413,ISOPleasant,0.25,0.44378105,
isd_individual_iso_prediction__isd__tong_style_reduced_xgboost__seed2030,isd_individual_iso_prediction,ISD,dev,ISD_MarchmontGarden_MarchmontGarden4_MC413_R364,ISD_MarchmontGarden_MarchmontGarden4_MC413,ISOPleasant,-0.25,0.40938726,
isd_individual_iso_prediction__isd__tong_style_reduced_xgboost__seed2030,isd_individual_iso_prediction,ISD,dev,ISD_MarchmontGarden_MarchmontGarden4_MC414_R365,ISD_MarchmontGarden_MarchmontGarden4_MC414,ISOPleasant,0.4268,0.54413265,
isd_individual_iso_prediction__isd__tong_style_reduced_xgboost__seed2030,isd_individual_iso_prediction,ISD,dev,ISD_MarchmontGarden_MarchmontGarden4_MC415_R366,ISD_MarchmontGarden_MarchmontGarden4_MC415,ISOPleasant,0.5303,0.45776466,
isd_individual_iso_prediction__isd__tong_style_reduced_xgboost__seed2030,isd_individual_iso_prediction,ISD,dev,ISD_MarchmontGarden_MarchmontGarden4_MC415_R367,ISD_MarchmontGarden_MarchmontGarden4_MC415,ISOPleasant,0.9268,0.40245825,
isd_individual_iso_prediction__isd__tong_style_reduced_xgboost__seed2030,isd_individual_iso_prediction,ISD,dev,ISD_MarchmontGarden_MarchmontGarden4_MC416_R368,ISD_MarchmontGarden_MarchmontGarden4_MC416,ISOPleasant,0.6339,0.48529845,
isd_individual_iso_prediction__isd__tong_style_reduced_xgboost__seed2030,isd_individual_iso_prediction,ISD,dev,ISD_MarchmontGarden_MarchmontGarden4_MC417_R369,ISD_MarchmontGarden_MarchmontGarden4_MC417,ISOPleasant,-0.3107,0.5066596,
isd_individual_iso_prediction__isd__tong_style_reduced_xgboost__seed2030,isd_individual_iso_prediction,ISD,dev,ISD_MarchmontGarden_MarchmontGarden4_MC417_R416,ISD_MarchmontGarden_MarchmontGarden4_MC417,ISOPleasant,-0.8536,0.4477946,
isd_individual_iso_prediction__isd__tong_style_reduced_xgboost__seed2030,isd_individual_iso_prediction,ISD,dev,ISD_MarchmontGarden_MarchmontGarden4_MC418_R417,ISD_MarchmontGarden_MarchmontGarden4_MC418,ISOPleasant,0.3536,0.4912982,
isd_individual_iso_prediction__isd__tong_style_reduced_xgboost__seed2030,isd_individual_iso_prediction,ISD,dev,ISD_PancrasLock_PancrasLock1_PL101_R215,ISD_PancrasLock_PancrasLock1_PL101,ISOPleasant,0.1339,0.4491961,
isd_individual_iso_prediction__isd__tong_style_reduced_xgboost__seed2030,isd_individual_iso_prediction,ISD,dev,ISD_PancrasLock_PancrasLock1_PL102_R216,ISD_PancrasLock_PancrasLock1_PL102,ISOPleasant,-0.75,0.4747294,
isd_individual_iso_prediction__isd__tong_style_reduced_xgboost__seed2030,isd_individual_iso_prediction,ISD,dev,ISD_PancrasLock_PancrasLock1_PL102_R242,ISD_PancrasLock_PancrasLock1_PL102,ISOPleasant,0.4268,0.4747294,
isd_individual_iso_prediction__isd__tong_style_reduced_xgboost__seed2030,isd_individual_iso_prediction,ISD,dev,ISD_PancrasLock_PancrasLock1_PL103_R217,ISD_PancrasLock_PancrasLock1_PL103,ISOPleasant,0.5,0.2926786,
isd_individual_iso_prediction__isd__tong_style_reduced_xgboost__seed2030,isd_individual_iso_prediction,ISD,dev,ISD_PancrasLock_PancrasLock1_PL103_R239,ISD_PancrasLock_PancrasLock1_PL103,ISOPleasant,0.1768,0.3405997,
isd_individual_iso_prediction__isd__tong_style_reduced_xgboost__seed2030,isd_individual_iso_prediction,ISD,dev,ISD_PancrasLock_PancrasLock1_PL105_R219,ISD_PancrasLock_PancrasLock1_PL105,ISOPleasant,0.6339,0.40672293,
isd_individual_iso_prediction__isd__tong_style_reduced_xgboost__seed2030,isd_individual_iso_prediction,ISD,dev,ISD_PancrasLock_PancrasLock1_PL106_R240,ISD_PancrasLock_PancrasLock1_PL106,ISOPleasant,0.3232,0.40326044,
isd_individual_iso_prediction__isd__tong_style_reduced_xgboost__seed2030,isd_individual_iso_prediction,ISD,dev,ISD_PancrasLock_PancrasLock1_PL107_R220,ISD_PancrasLock_PancrasLock1_PL107,ISOPleasant,0.6339,0.37983593,
isd_individual_iso_prediction__isd__tong_style_reduced_xgboost__seed2030,isd_individual_iso_prediction,ISD,dev,ISD_PancrasLock_PancrasLock1_PL107_R232,ISD_PancrasLock_PancrasLock1_PL107,ISOPleasant,0.4571,0.43638495,
isd_individual_iso_prediction__isd__tong_style_reduced_xgboost__seed2030,isd_individual_iso_prediction,ISD,dev,ISD_PancrasLock_PancrasLock1_PL107_R233,ISD_PancrasLock_PancrasLock1_PL107,ISOPleasant,0.0429,0.43085748,
isd_individual_iso_prediction__isd__tong_style_reduced_xgboost__seed2030,isd_individual_iso_prediction,ISD,dev,ISD_PancrasLock_PancrasLock1_PL107_R234,ISD_PancrasLock_PancrasLock1_PL107,ISOPleasant,0.2803,0.43781114,
isd_individual_iso_prediction__isd__tong_style_reduced_xgboost__seed2030,isd_individual_iso_prediction,ISD,dev,ISD_PancrasLock_PancrasLock1_PL107_R235,ISD_PancrasLock_PancrasLock1_PL107,ISOPleasant,0.8536,0.43781114,
isd_individual_iso_prediction__isd__tong_style_reduced_xgboost__seed2030,isd_individual_iso_prediction,ISD,dev,ISD_PancrasLock_PancrasLock1_PL107_R236,ISD_PancrasLock_PancrasLock1_PL107,ISOPleasant,0.2071,0.37286755,
isd_individual_iso_prediction__isd__tong_style_reduced_xgboost__seed2030,isd_individual_iso_prediction,ISD,dev,ISD_PancrasLock_PancrasLock1_PL107_R237,ISD_PancrasLock_PancrasLock1_PL107,ISOPleasant,0.2803,0.42757884,
isd_individual_iso_prediction__isd__tong_style_reduced_xgboost__seed2030,isd_individual_iso_prediction,ISD,dev,ISD_PancrasLock_PancrasLock1_PL107_R243,ISD_PancrasLock_PancrasLock1_PL107,ISOPleasant,-0.1161,0.42757884,
isd_individual_iso_prediction__isd__tong_style_reduced_xgboost__seed2030,isd_individual_iso_prediction,ISD,dev,ISD_PancrasLock_PancrasLock1_PL107_R244,ISD_PancrasLock_PancrasLock1_PL107,ISOPleasant,0.0,0.4317543,
isd_individual_iso_prediction__isd__tong_style_reduced_xgboost__seed2030,isd_individual_iso_prediction,ISD,dev,ISD_PancrasLock_PancrasLock1_PL107_R246,ISD_PancrasLock_PancrasLock1_PL107,ISOPleasant,0.7071,0.35583314,
isd_individual_iso_prediction__isd__tong_style_reduced_xgboost__seed2030,isd_individual_iso_prediction,ISD,dev,ISD_PancrasLock_PancrasLock1_PL107_R247,ISD_PancrasLock_PancrasLock1_PL107,ISOPleasant,0.4268,0.4303255,
isd_individual_iso_prediction__isd__tong_style_reduced_xgboost__seed2030,isd_individual_iso_prediction,ISD,dev,ISD_PancrasLock_PancrasLock1_PL107_R248,ISD_PancrasLock_PancrasLock1_PL107,ISOPleasant,0.1768,0.43638495,
isd_individual_iso_prediction__isd__tong_style_reduced_xgboost__seed2030,isd_individual_iso_prediction,ISD,dev,ISD_PancrasLock_PancrasLock1_PL107_R249,ISD_PancrasLock_PancrasLock1_PL107,ISOPleasant,0.3536,0.37286755,
isd_individual_iso_prediction__isd__tong_style_reduced_xgboost__seed2030,isd_individual_iso_prediction,ISD,dev,ISD_PancrasLock_PancrasLock1_PL107_R250,ISD_PancrasLock_PancrasLock1_PL107,ISOPleasant,0.3232,0.4270883,
isd_individual_iso_prediction__isd__tong_style_reduced_xgboost__seed2030,isd_individual_iso_prediction,ISD,dev,ISD_PancrasLock_PancrasLock1_PL107_R251,ISD_PancrasLock_PancrasLock1_PL107,ISOPleasant,0.1339,0.43781114,
isd_individual_iso_prediction__isd__tong_style_reduced_xgboost__seed2030,isd_individual_iso_prediction,ISD,dev,ISD_PancrasLock_PancrasLock1_PL107_R252,ISD_PancrasLock_PancrasLock1_PL107,ISOPleasant,0.1768,0.35583314,
isd_individual_iso_prediction__isd__tong_style_reduced_xgboost__seed2030,isd_individual_iso_prediction,ISD,dev,ISD_PancrasLock_PancrasLock1_PL107_R253,ISD_PancrasLock_PancrasLock1_PL107,ISOPleasant,-0.2803,0.3585798,
isd_individual_iso_prediction__isd__tong_style_reduced_xgboost__seed2030,isd_individual_iso_prediction,ISD,dev,ISD_PancrasLock_PancrasLock1_PL107_R254,ISD_PancrasLock_PancrasLock1_PL107,ISOPleasant,-0.25,0.42757884,
isd_individual_iso_prediction__isd__tong_style_reduced_xgboost__seed2030,isd_individual_iso_prediction,ISD,dev,ISD_PancrasLock_PancrasLock1_PL107_R255,ISD_PancrasLock_PancrasLock1_PL107,ISOPleasant,-0.3536,0.4303255,
isd_individual_iso_prediction__isd__tong_style_reduced_xgboost__seed2030,isd_individual_iso_prediction,ISD,dev,ISD_PancrasLock_PancrasLock1_PL107_R256,ISD_PancrasLock_PancrasLock1_PL107,ISOPleasant,0.2071,0.43781114,
isd_individual_iso_prediction__isd__tong_style_reduced_xgboost__seed2030,isd_individual_iso_prediction,ISD,dev,ISD_PancrasLock_PancrasLock1_PL107_R257,ISD_PancrasLock_PancrasLock1_PL107,ISOPleasant,-0.4268,0.3617869,
isd_individual_iso_prediction__isd__tong_style_reduced_xgboost__seed2030,isd_individual_iso_prediction,ISD,dev,ISD_PancrasLock_PancrasLock1_PL107_R258,ISD_PancrasLock_PancrasLock1_PL107,ISOPleasant,0.75,0.378594,
isd_individual_iso_prediction__isd__tong_style_reduced_xgboost__seed2030,isd_individual_iso_prediction,ISD,dev,ISD_PancrasLock_PancrasLock1_PL107_R259,ISD_PancrasLock_PancrasLock1_PL107,ISOPleasant,-0.0303,0.43781114,
isd_individual_iso_prediction__isd__tong_style_reduced_xgboost__seed2030,isd_individual_iso_prediction,ISD,dev,ISD_PancrasLock_PancrasLock1_PL107_R260,ISD_PancrasLock_PancrasLock1_PL107,ISOPleasant,0.0,0.36606544,
isd_individual_iso_prediction__isd__tong_style_reduced_xgboost__seed2030,isd_individual_iso_prediction,ISD,dev,ISD_PancrasLock_PancrasLock1_PL107_R261,ISD_PancrasLock_PancrasLock1_PL107,ISOPleasant,0.0,0.4334926,
isd_individual_iso_prediction__isd__tong_style_reduced_xgboost__seed2030,isd_individual_iso_prediction,ISD,dev,ISD_PancrasLock_PancrasLock1_PL108_R221,ISD_PancrasLock_PancrasLock1_PL108,ISOPleasant,-0.5,0.45588014,
isd_individual_iso_prediction__isd__tong_style_reduced_xgboost__seed2030,isd_individual_iso_prediction,ISD,dev,ISD_PancrasLock_PancrasLock1_PL108_R238,ISD_PancrasLock_PancrasLock1_PL108,ISOPleasant,0.5303,0.3804651,
isd_individual_iso_prediction__isd__tong_style_reduced_xgboost__seed2030,isd_individual_iso_prediction,ISD,dev,ISD_PancrasLock_PancrasLock1_PL109_R222,ISD_PancrasLock_PancrasLock1_PL109,ISOPleasant,0.0732,0.45800593,
isd_individual_iso_prediction__isd__tong_style_reduced_xgboost__seed2030,isd_individual_iso_prediction,ISD,dev,ISD_PancrasLock_PancrasLock1_PL112_R224,ISD_PancrasLock_PancrasLock1_PL112,ISOPleasant,0.2071,0.4024048,
isd_individual_iso_prediction__isd__tong_style_reduced_xgboost__seed2030,isd_individual_iso_prediction,ISD,dev,ISD_PancrasLock_PancrasLock1_PL114_R226,ISD_PancrasLock_PancrasLock1_PL114,ISOPleasant,0.0732,0.31885898,
isd_individual_iso_prediction__isd__tong_style_reduced_xgboost__seed2030,isd_individual_iso_prediction,ISD,dev,ISD_PancrasLock_PancrasLock1_PL114_R267,ISD_PancrasLock_PancrasLock1_PL114,ISOPleasant,0.5303,0.37080705,
isd_individual_iso_prediction__isd__tong_style_reduced_xgboost__seed2030,isd_individual_iso_prediction,ISD,dev,ISD_PancrasLock_PancrasLock1_PL116_R228,ISD_PancrasLock_PancrasLock1_PL116,ISOPleasant,-0.1768,0.31147236,
isd_individual_iso_prediction__isd__tong_style_reduced_xgboost__seed2030,isd_individual_iso_prediction,ISD,dev,ISD_PancrasLock_PancrasLock1_PL116_R263,ISD_PancrasLock_PancrasLock1_PL116,ISOPleasant,-0.25,0.35540447,
isd_individual_iso_prediction__isd__tong_style_reduced_xgboost__seed2030,isd_individual_iso_prediction,ISD,dev,ISD_PancrasLock_PancrasLock1_PL119_R230,ISD_PancrasLock_PancrasLock1_PL119,ISOPleasant,0.3964,0.34919858,
isd_individual_iso_prediction__isd__tong_style_reduced_xgboost__seed2030,isd_individual_iso_prediction,ISD,dev,ISD_PancrasLock_PancrasLock1_PL119_R266,ISD_PancrasLock_PancrasLock1_PL119,ISOPleasant,-0.25,0.41043392,
isd_individual_iso_prediction__isd__tong_style_reduced_xgboost__seed2030,isd_individual_iso_prediction,ISD,dev,ISD_PancrasLock_PancrasLock1_PL120_R231,ISD_PancrasLock_PancrasLock1_PL120,ISOPleasant,-0.0732,0.37973493,
isd_individual_iso_prediction__isd__tong_style_reduced_xgboost__seed2030,isd_individual_iso_prediction,ISD,dev,ISD_PancrasLock_PancrasLock1_PL120_R262,ISD_PancrasLock_PancrasLock1_PL120,ISOPleasant,0.7071,0.37660152,
isd_individual_iso_prediction__isd__tong_style_reduced_xgboost__seed2030,isd_individual_iso_prediction,ISD,dev,ISD_PancrasLock_PancrasLock2_PL201_R371,ISD_PancrasLock_PancrasLock2_PL201,ISOPleasant,0.6768,0.34382367,
isd_individual_iso_prediction__isd__tong_style_reduced_xgboost__seed2030,isd_individual_iso_prediction,ISD,dev,ISD_PancrasLock_PancrasLock2_PL202_R409,ISD_PancrasLock_PancrasLock2_PL202,ISOPleasant,0.3839,0.37219924,
isd_individual_iso_prediction__isd__tong_style_reduced_xgboost__seed2030,isd_individual_iso_prediction,ISD,dev,ISD_PancrasLock_PancrasLock2_PL203_R372,ISD_PancrasLock_PancrasLock2_PL203,ISOPleasant,-0.3536,0.3263655,
isd_individual_iso_prediction__isd__tong_style_reduced_xgboost__seed2030,isd_individual_iso_prediction,ISD,dev,ISD_PancrasLock_PancrasLock2_PL203_R373,ISD_PancrasLock_PancrasLock2_PL203,ISOPleasant,-0.2929,0.35744146,
isd_individual_iso_prediction__isd__tong_style_reduced_xgboost__seed2030,isd_individual_iso_prediction,ISD,dev,ISD_PancrasLock_PancrasLock2_PL205_R411,ISD_PancrasLock_PancrasLock2_PL205,ISOPleasant,-0.1464,0.3106257,
isd_individual_iso_prediction__isd__tong_style_reduced_xgboost__seed2030,isd_individual_iso_prediction,ISD,dev,ISD_PancrasLock_PancrasLock2_PL206_R413,ISD_PancrasLock_PancrasLock2_PL206,ISOPleasant,0.9268,0.4341166,
isd_individual_iso_prediction__isd__tong_style_reduced_xgboost__seed2030,isd_individual_iso_prediction,ISD,dev,ISD_PancrasLock_PancrasLock2_PL209_R374,ISD_PancrasLock_PancrasLock2_PL209,ISOPleasant,0.5,0.44092667,
isd_individual_iso_prediction__isd__tong_style_reduced_xgboost__seed2030,isd_individual_iso_prediction,ISD,dev,ISD_PancrasLock_PancrasLock2_PL209_R414,ISD_PancrasLock_PancrasLock2_PL209,ISOPleasant,0.1768,0.45391148,
isd_individual_iso_prediction__isd__tong_style_reduced_xgboost__seed2030,isd_individual_iso_prediction,ISD,dev,ISD_PancrasLock_PancrasLock2_PL210_R375,ISD_PancrasLock_PancrasLock2_PL210,ISOPleasant,0.4268,0.37787363,
isd_individual_iso_prediction__isd__tong_style_reduced_xgboost__seed2030,isd_individual_iso_prediction,ISD,dev,ISD_PancrasLock_PancrasLock2_PL211_R376,ISD_PancrasLock_PancrasLock2_PL211,ISOPleasant,0.5303,0.38461196,
isd_individual_iso_prediction__isd__tong_style_reduced_xgboost__seed2030,isd_individual_iso_prediction,ISD,dev,ISD_PancrasLock_PancrasLock2_PL211_R397,ISD_PancrasLock_PancrasLock2_PL211,ISOPleasant,0.5732,0.321058,
isd_individual_iso_prediction__isd__tong_style_reduced_xgboost__seed2030,isd_individual_iso_prediction,ISD,dev,ISD_PancrasLock_PancrasLock2_PL213_R378,ISD_PancrasLock_PancrasLock2_PL213,ISOPleasant,0.6036,0.3901487,
isd_individual_iso_prediction__isd__tong_style_reduced_xgboost__seed2030,isd_individual_iso_prediction,ISD,dev,ISD_PancrasLock_PancrasLock2_PL215_R379,ISD_PancrasLock_PancrasLock2_PL215,ISOPleasant,-0.0126,0.38487968,
isd_individual_iso_prediction__isd__tong_style_reduced_xgboost__seed2030,isd_individual_iso_prediction,ISD,dev,ISD_PancrasLock_PancrasLock2_PL215_R401,ISD_PancrasLock_PancrasLock2_PL215,ISOPleasant,0.0303,0.34263375,
isd_individual_iso_prediction__isd__tong_style_reduced_xgboost__seed2030,isd_individual_iso_prediction,ISD,dev,ISD_PancrasLock_PancrasLock2_PL216_R380,ISD_PancrasLock_PancrasLock2_PL216,ISOPleasant,-0.25,0.21388301,
isd_individual_iso_prediction__isd__tong_style_reduced_xgboost__seed2030,isd_individual_iso_prediction,ISD,dev,ISD_PancrasLock_PancrasLock2_PL216_R398,ISD_PancrasLock_PancrasLock2_PL216,ISOPleasant,0.9268,0.25339484,
isd_individual_iso_prediction__isd__tong_style_reduced_xgboost__seed2030,isd_individual_iso_prediction,ISD,dev,ISD_PancrasLock_PancrasLock2_PL217_R381,ISD_PancrasLock_PancrasLock2_PL217,ISOPleasant,0.3536,0.3371959,
isd_individual_iso_prediction__isd__tong_style_reduced_xgboost__seed2030,isd_individual_iso_prediction,ISD,dev,ISD_PancrasLock_PancrasLock2_PL217_R402,ISD_PancrasLock_PancrasLock2_PL217,ISOPleasant,0.6464,0.39532167,
isd_individual_iso_prediction__isd__tong_style_reduced_xgboost__seed2030,isd_individual_iso_prediction,ISD,dev,ISD_PancrasLock_PancrasLock2_PL218_R382,ISD_PancrasLock_PancrasLock2_PL218,ISOPleasant,0.0429,0.4669212,
isd_individual_iso_prediction__isd__tong_style_reduced_xgboost__seed2030,isd_individual_iso_prediction,ISD,dev,ISD_PancrasLock_PancrasLock2_PL218_R408,ISD_PancrasLock_PancrasLock2_PL218,ISOPleasant,0.6768,0.47039747,
isd_individual_iso_prediction__isd__tong_style_reduced_xgboost__seed2030,isd_individual_iso_prediction,ISD,dev,ISD_PancrasLock_PancrasLock2_PL219_R383,ISD_PancrasLock_PancrasLock2_PL219,ISOPleasant,0.7197,0.42760497,
isd_individual_iso_prediction__isd__tong_style_reduced_xgboost__seed2030,isd_individual_iso_prediction,ISD,dev,ISD_PancrasLock_PancrasLock2_PL220_R407,ISD_PancrasLock_PancrasLock2_PL220,ISOPleasant,0.6036,0.37906292,
isd_individual_iso_prediction__isd__tong_style_reduced_xgboost__seed2030,isd_individual_iso_prediction,ISD,dev,ISD_PancrasLock_PancrasLock2_PL221_R384,ISD_PancrasLock_PancrasLock2_PL221,ISOPleasant,-0.0303,0.42373362,
isd_individual_iso_prediction__isd__tong_style_reduced_xgboost__seed2030,isd_individual_iso_prediction,ISD,dev,ISD_PancrasLock_PancrasLock2_PL222_R385,ISD_PancrasLock_PancrasLock2_PL222,ISOPleasant,0.25,0.41495487,
isd_individual_iso_prediction__isd__tong_style_reduced_xgboost__seed2030,isd_individual_iso_prediction,ISD,dev,ISD_PancrasLock_PancrasLock2_PL224_R387,ISD_PancrasLock_PancrasLock2_PL224,ISOPleasant,0.1464,0.37904328,
isd_individual_iso_prediction__isd__tong_style_reduced_xgboost__seed2030,isd_individual_iso_prediction,ISD,dev,ISD_PancrasLock_PancrasLock2_PL227_R389,ISD_PancrasLock_PancrasLock2_PL227,ISOPleasant,0.5303,0.4348227,
isd_individual_iso_prediction__isd__tong_style_reduced_xgboost__seed2030,isd_individual_iso_prediction,ISD,dev,ISD_PancrasLock_PancrasLock2_PL228_R390,ISD_PancrasLock_PancrasLock2_PL228,ISOPleasant,0.6339,0.3164595,
isd_individual_iso_prediction__isd__tong_style_reduced_xgboost__seed2030,isd_individual_iso_prediction,ISD,dev,ISD_PancrasLock_PancrasLock2_PL230_R392,ISD_PancrasLock_PancrasLock2_PL230,ISOPleasant,-0.5,0.3384756,
isd_individual_iso_prediction__isd__tong_style_reduced_xgboost__seed2030,isd_individual_iso_prediction,ISD,dev,ISD_PancrasLock_PancrasLock2_PL231_R393,ISD_PancrasLock_PancrasLock2_PL231,ISOPleasant,0.4571,0.41012135,
isd_individual_iso_prediction__isd__tong_style_reduced_xgboost__seed2030,isd_individual_iso_prediction,ISD,dev,ISD_PancrasLock_PancrasLock2_PL231_R405,ISD_PancrasLock_PancrasLock2_PL231,ISOPleasant,0.5,0.41012135,
isd_individual_iso_prediction__isd__tong_style_reduced_xgboost__seed2030,isd_individual_iso_prediction,ISD,dev,ISD_PancrasLock_PancrasLock2_PL234_R395,ISD_PancrasLock_PancrasLock2_PL234,ISOPleasant,0.3536,0.30184197,
isd_individual_iso_prediction__isd__tong_style_reduced_xgboost__seed2030,isd_individual_iso_prediction,ISD,dev,ISD_OlympicSquare_OlympicSquare4_OSQ4026_RZHH01,ISD_OlympicSquare_OlympicSquare4_OSQ4026,ISOPleasant,0.6768,0.24017881,
isd_individual_iso_prediction__isd__tong_style_reduced_xgboost__seed2030,isd_individual_iso_prediction,ISD,dev,ISD_OlympicSquare_OlympicSquare4_OSQ4027_RZHH02,ISD_OlympicSquare_OlympicSquare4_OSQ4027,ISOPleasant,0.8232,0.22428975,
isd_individual_iso_prediction__isd__tong_style_reduced_xgboost__seed2030,isd_individual_iso_prediction,ISD,dev,ISD_OlympicSquare_OlympicSquare4_OSQ4028_RZHH03,ISD_OlympicSquare_OlympicSquare4_OSQ4028,ISOPleasant,0.4268,0.21585533,
isd_individual_iso_prediction__isd__tong_style_reduced_xgboost__seed2030,isd_individual_iso_prediction,ISD,dev,ISD_OlympicSquare_OlympicSquare4_OSQ4029_RZHH04,ISD_OlympicSquare_OlympicSquare4_OSQ4029,ISOPleasant,0.6036,0.22945161,
isd_individual_iso_prediction__isd__tong_style_reduced_xgboost__seed2030,isd_individual_iso_prediction,ISD,dev,ISD_OlympicSquare_OlympicSquare4_OSQ4030_RZHH05,ISD_OlympicSquare_OlympicSquare4_OSQ4030,ISOPleasant,0.4268,0.24778877,
isd_individual_iso_prediction__isd__tong_style_reduced_xgboost__seed2030,isd_individual_iso_prediction,ISD,dev,ISD_OlympicSquare_OlympicSquare4_OSQ4031_RZHH06,ISD_OlympicSquare_OlympicSquare4_OSQ4031,ISOPleasant,0.0,0.20704716,
isd_individual_iso_prediction__isd__tong_style_reduced_xgboost__seed2030,isd_individual_iso_prediction,ISD,dev,ISD_OlympicSquare_OlympicSquare4_OSQ4032_RZHH07,ISD_OlympicSquare_OlympicSquare4_OSQ4032,ISOPleasant,0.2197,0.20704716,
isd_individual_iso_prediction__isd__tong_style_reduced_xgboost__seed2030,isd_individual_iso_prediction,ISD,dev,ISD_OlympicSquare_OlympicSquare4_OSQ4033_RZHH08,ISD_OlympicSquare_OlympicSquare4_OSQ4033,ISOPleasant,0.0429,0.26846558,
isd_individual_iso_prediction__isd__tong_style_reduced_xgboost__seed2030,isd_individual_iso_prediction,ISD,dev,ISD_OlympicSquare_OlympicSquare4_OSQ4034_RZHH09,ISD_OlympicSquare_OlympicSquare4_OSQ4034,ISOPleasant,0.25,0.23165798,
isd_individual_iso_prediction__isd__tong_style_reduced_xgboost__seed2030,isd_individual_iso_prediction,ISD,dev,ISD_OlympicSquare_OlympicSquare4_OSQ4035_RZHH10,ISD_OlympicSquare_OlympicSquare4_OSQ4035,ISOPleasant,-0.0429,0.21752399,
isd_individual_iso_prediction__isd__tong_style_reduced_xgboost__seed2030,isd_individual_iso_prediction,ISD,dev,ISD_OlympicSquare_OlympicSquare4_OSQ4036_RZHH11,ISD_OlympicSquare_OlympicSquare4_OSQ4036,ISOPleasant,0.0429,0.18296759,
isd_individual_iso_prediction__isd__tong_style_reduced_xgboost__seed2030,isd_individual_iso_prediction,ISD,dev,ISD_OlympicSquare_OlympicSquare4_OSQ4037_RZHH12,ISD_OlympicSquare_OlympicSquare4_OSQ4037,ISOPleasant,0.2197,0.19514468,
isd_individual_iso_prediction__isd__tong_style_reduced_xgboost__seed2030,isd_individual_iso_prediction,ISD,dev,ISD_OlympicSquare_OlympicSquare4_OSQ4038_RZHH13,ISD_OlympicSquare_OlympicSquare4_OSQ4038,ISOPleasant,0.5,0.2079531,
isd_individual_iso_prediction__isd__tong_style_reduced_xgboost__seed2030,isd_individual_iso_prediction,ISD,dev,ISD_OlympicSquare_OlympicSquare4_OSQ4039_RZZY01,ISD_OlympicSquare_OlympicSquare4_OSQ4039,ISOPleasant,0.6464,0.26653835,
isd_individual_iso_prediction__isd__tong_style_reduced_xgboost__seed2030,isd_individual_iso_prediction,ISD,dev,ISD_OlympicSquare_OlympicSquare4_OSQ4040_RZZY03,ISD_OlympicSquare_OlympicSquare4_OSQ4040,ISOPleasant,0.5303,0.21809791,
isd_individual_iso_prediction__isd__tong_style_reduced_xgboost__seed2030,isd_individual_iso_prediction,ISD,dev,ISD_OlympicSquare_OlympicSquare4_OSQ4041_RZRN01,ISD_OlympicSquare_OlympicSquare4_OSQ4041,ISOPleasant,0.5,0.2416477,
isd_individual_iso_prediction__isd__tong_style_reduced_xgboost__seed2030,isd_individual_iso_prediction,ISD,dev,ISD_OlympicSquare_OlympicSquare4_OSQ4042_RZRN02,ISD_OlympicSquare_OlympicSquare4_OSQ4042,ISOPleasant,0.0732,0.33248785,
isd_individual_iso_prediction__isd__tong_style_reduced_xgboost__seed2030,isd_individual_iso_prediction,ISD,dev,ISD_OlympicSquare_OlympicSquare4_OSQ4043_RZRN03,ISD_OlympicSquare_OlympicSquare4_OSQ4043,ISOPleasant,0.0,0.20704716,
isd_individual_iso_prediction__isd__tong_style_reduced_xgboost__seed2030,isd_individual_iso_prediction,ISD,dev,ISD_OlympicSquare_OlympicSquare4_OSQ4044_RZRN04,ISD_OlympicSquare_OlympicSquare4_OSQ4044,ISOPleasant,0.2197,0.21959019,
isd_individual_iso_prediction__isd__tong_style_reduced_xgboost__seed2030,isd_individual_iso_prediction,ISD,dev,ISD_OlympicSquare_OlympicSquare4_OSQ4045_RZRN05,ISD_OlympicSquare_OlympicSquare4_OSQ4045,ISOPleasant,0.25,0.18216263,
isd_individual_iso_prediction__isd__tong_style_reduced_xgboost__seed2030,isd_individual_iso_prediction,ISD,dev,ISD_OlympicSquare_OlympicSquare4_OSQ4046_RZRN06,ISD_OlympicSquare_OlympicSquare4_OSQ4046,ISOPleasant,0.7803,0.17139854,
isd_individual_iso_prediction__isd__tong_style_reduced_xgboost__seed2030,isd_individual_iso_prediction,ISD,dev,ISD_OlympicSquare_OlympicSquare4_OSQ4047_RZRN07,ISD_OlympicSquare_OlympicSquare4_OSQ4047,ISOPleasant,0.1036,0.17869163,
isd_individual_iso_prediction__isd__tong_style_reduced_xgboost__seed2030,isd_individual_iso_prediction,ISD,dev,ISD_OlympicSquare_OlympicSquare4_OSQ4049_RLM02,ISD_OlympicSquare_OlympicSquare4_OSQ4049,ISOPleasant,0.5,0.14509182,
isd_individual_iso_prediction__isd__tong_style_reduced_xgboost__seed2030,isd_individual_iso_prediction,ISD,dev,ISD_OlympicSquare_OlympicSquare4_OSQ4050_RLM03,ISD_OlympicSquare_OlympicSquare4_OSQ4050,ISOPleasant,-0.1036,0.19339485,
isd_individual_iso_prediction__isd__tong_style_reduced_xgboost__seed2030,isd_individual_iso_prediction,ISD,dev,ISD_OlympicSquare_OlympicSquare4_OSQ4051_RLM04,ISD_OlympicSquare_OlympicSquare4_OSQ4051,ISOPleasant,0.0303,0.15438637,
isd_individual_iso_prediction__isd__tong_style_reduced_xgboost__seed2030,isd_individual_iso_prediction,ISD,dev,ISD_OlympicSquare_OlympicSquare4_OSQ4052_RLM05,ISD_OlympicSquare_OlympicSquare4_OSQ4052,ISOPleasant,0.5,0.24007584,
isd_individual_iso_prediction__isd__tong_style_reduced_xgboost__seed2030,isd_individual_iso_prediction,ISD,dev,ISD_OlympicSquare_OlympicSquare4_OSQ4053_RLM06,ISD_OlympicSquare_OlympicSquare4_OSQ4053,ISOPleasant,0.3536,0.047077645,
isd_individual_iso_prediction__isd__tong_style_reduced_xgboost__seed2030,isd_individual_iso_prediction,ISD,dev,ISD_OlympicSquare_OlympicSquare4_OSQ4054_RLM07,ISD_OlympicSquare_OlympicSquare4_OSQ4054,ISOPleasant,0.3536,0.3054094,
isd_individual_iso_prediction__isd__tong_style_reduced_xgboost__seed2030,isd_individual_iso_prediction,ISD,dev,ISD_OlympicSquare_OlympicSquare4_OSQ4056_RLM09,ISD_OlympicSquare_OlympicSquare4_OSQ4056,ISOPleasant,0.3839,0.033006858,
isd_individual_iso_prediction__isd__tong_style_reduced_xgboost__seed2030,isd_individual_iso_prediction,ISD,dev,ISD_OlympicSquare_OlympicSquare4_OSQ4057_RLM10,ISD_OlympicSquare_OlympicSquare4_OSQ4057,ISOPleasant,0.4268,0.072647095,
isd_individual_iso_prediction__isd__tong_style_reduced_xgboost__seed2030,isd_individual_iso_prediction,ISD,dev,ISD_OlympicSquare_OlympicSquare4_OSQ4082_RLR01,ISD_OlympicSquare_OlympicSquare4_OSQ4082,ISOPleasant,0.6768,0.17769198,
isd_individual_iso_prediction__isd__tong_style_reduced_xgboost__seed2030,isd_individual_iso_prediction,ISD,dev,ISD_OlympicSquare_OlympicSquare4_OSQ4084_RLR03,ISD_OlympicSquare_OlympicSquare4_OSQ4084,ISOPleasant,0.3107,0.30955014,
isd_individual_iso_prediction__isd__tong_style_reduced_xgboost__seed2030,isd_individual_iso_prediction,ISD,dev,ISD_OlympicSquare_OlympicSquare4_OSQ4085_RLR04,ISD_OlympicSquare_OlympicSquare4_OSQ4085,ISOPleasant,0.5,0.16402751,
isd_individual_iso_prediction__isd__tong_style_reduced_xgboost__seed2030,isd_individual_iso_prediction,ISD,dev,ISD_OlympicSquare_OlympicSquare4_OSQ4086_RLR05,ISD_OlympicSquare_OlympicSquare4_OSQ4086,ISOPleasant,0.4268,0.16402751,
isd_individual_iso_prediction__isd__tong_style_reduced_xgboost__seed2030,isd_individual_iso_prediction,ISD,dev,ISD_OlympicSquare_OlympicSquare4_OSQ4087_RLR06,ISD_OlympicSquare_OlympicSquare4_OSQ4087,ISOPleasant,0.4268,0.2423656,
isd_individual_iso_prediction__isd__tong_style_reduced_xgboost__seed2030,isd_individual_iso_prediction,ISD,dev,ISD_OlympicSquare_OlympicSquare4_OSQ4088_RLR07,ISD_OlympicSquare_OlympicSquare4_OSQ4088,ISOPleasant,0.25,0.39361122,
isd_individual_iso_prediction__isd__tong_style_reduced_xgboost__seed2030,isd_individual_iso_prediction,ISD,dev,ISD_OlympicSquare_OlympicSquare4_OSQ4089_RLR08,ISD_OlympicSquare_OlympicSquare4_OSQ4089,ISOPleasant,0.0303,0.060259767,
isd_individual_iso_prediction__isd__tong_style_reduced_xgboost__seed2030,isd_individual_iso_prediction,ISD,dev,ISD_OlympicSquare_OlympicSquare4_OSQ4090_RLR09,ISD_OlympicSquare_OlympicSquare4_OSQ4090,ISOPleasant,0.5,0.118835196,
isd_individual_iso_prediction__isd__tong_style_reduced_xgboost__seed2030,isd_individual_iso_prediction,ISD,dev,ISD_OlympicSquare_OlympicSquare4_OSQ4091_RLR10,ISD_OlympicSquare_OlympicSquare4_OSQ4091,ISOPleasant,0.1036,0.18594193,
isd_individual_iso_prediction__isd__tong_style_reduced_xgboost__seed2030,isd_individual_iso_prediction,ISD,dev,ISD_OlympicSquare_OlympicSquare4_OSQ4092_RLQ01,ISD_OlympicSquare_OlympicSquare4_OSQ4092,ISOPleasant,0.3536,0.35150504,
isd_individual_iso_prediction__isd__tong_style_reduced_xgboost__seed2030,isd_individual_iso_prediction,ISD,dev,ISD_OlympicSquare_OlympicSquare4_OSQ4094_RLQ03,ISD_OlympicSquare_OlympicSquare4_OSQ4094,ISOPleasant,0.2197,0.18561836,
isd_individual_iso_prediction__isd__tong_style_reduced_xgboost__seed2030,isd_individual_iso_prediction,ISD,dev,ISD_OlympicSquare_OlympicSquare4_OSQ4095_RLQ04,ISD_OlympicSquare_OlympicSquare4_OSQ4095,ISOPleasant,0.5,0.173249,
isd_individual_iso_prediction__isd__tong_style_reduced_xgboost__seed2030,isd_individual_iso_prediction,ISD,dev,ISD_OlympicSquare_OlympicSquare4_OSQ4096_RLQ05,ISD_OlympicSquare_OlympicSquare4_OSQ4096,ISOPleasant,0.5,0.041017644,
isd_individual_iso_prediction__isd__tong_style_reduced_xgboost__seed2030,isd_individual_iso_prediction,ISD,dev,ISD_OlympicSquare_OlympicSquare4_OSQ4097_RLQ06,ISD_OlympicSquare_OlympicSquare4_OSQ4097,ISOPleasant,0.6464,0.17786154,
isd_individual_iso_prediction__isd__tong_style_reduced_xgboost__seed2030,isd_individual_iso_prediction,ISD,dev,ISD_OlympicSquare_OlympicSquare4_OSQ4098_RLQ07,ISD_OlympicSquare_OlympicSquare4_OSQ4098,ISOPleasant,0.0,0.13338688,
isd_individual_iso_prediction__isd__tong_style_reduced_xgboost__seed2030,isd_individual_iso_prediction,ISD,dev,ISD_OlympicSquare_OlympicSquare4_OSQ4099_RLQ08,ISD_OlympicSquare_OlympicSquare4_OSQ4099,ISOPleasant,0.5,0.15778135,
isd_individual_iso_prediction__isd__tong_style_reduced_xgboost__seed2030,isd_individual_iso_prediction,ISD,dev,ISD_OlympicSquare_OlympicSquare4_OSQ4100_RLQ09,ISD_OlympicSquare_OlympicSquare4_OSQ4100,ISOPleasant,0.5,0.15486336,
isd_individual_iso_prediction__isd__tong_style_reduced_xgboost__seed2030,isd_individual_iso_prediction,ISD,dev,ISD_OlympicSquare_OlympicSquare4_OSQ4101_RHYY01,ISD_OlympicSquare_OlympicSquare4_OSQ4101,ISOPleasant,0.25,0.1295468,
isd_individual_iso_prediction__isd__tong_style_reduced_xgboost__seed2030,isd_individual_iso_prediction,ISD,dev,ISD_OlympicSquare_OlympicSquare4_OSQ4102_RHYY02,ISD_OlympicSquare_OlympicSquare4_OSQ4102,ISOPleasant,0.3232,0.13171425,
isd_individual_iso_prediction__isd__tong_style_reduced_xgboost__seed2030,isd_individual_iso_prediction,ISD,test,ISD_SanMarco_SanMarco1_AM06_R30,ISD_SanMarco_SanMarco1_AM06,ISOPleasant,0.1768,0.19659476,
isd_individual_iso_prediction__isd__tong_style_reduced_xgboost__seed2030,isd_individual_iso_prediction,ISD,test,ISD_SanMarco_SanMarco1_AM06_R31,ISD_SanMarco_SanMarco1_AM06,ISOPleasant,0.1768,0.31181234,
isd_individual_iso_prediction__isd__tong_style_reduced_xgboost__seed2030,isd_individual_iso_prediction,ISD,test,ISD_SanMarco_SanMarco1_AM07_R32,ISD_SanMarco_SanMarco1_AM07,ISOPleasant,0.7071,0.1739083,
isd_individual_iso_prediction__isd__tong_style_reduced_xgboost__seed2030,isd_individual_iso_prediction,ISD,test,ISD_PlazaBibRambla_PlazaBibRambla1_BIB11_R1457,ISD_PlazaBibRambla_PlazaBibRambla1_BIB11,ISOPleasant,0.2071,0.45842186,
isd_individual_iso_prediction__isd__tong_style_reduced_xgboost__seed2030,isd_individual_iso_prediction,ISD,test,ISD_PlazaBibRambla_PlazaBibRambla1_BIB14_R1444,ISD_PlazaBibRambla_PlazaBibRambla1_BIB14,ISOPleasant,0.7803,0.40617213,
isd_individual_iso_prediction__isd__tong_style_reduced_xgboost__seed2030,isd_individual_iso_prediction,ISD,test,ISD_PlazaBibRambla_PlazaBibRambla1_BIB5_R1454,ISD_PlazaBibRambla_PlazaBibRambla1_BIB5,ISOPleasant,0.5607,0.63133615,
isd_individual_iso_prediction__isd__tong_style_reduced_xgboost__seed2030,isd_individual_iso_prediction,ISD,test,ISD_Noorderplantsoen_Noorderplantsoen1_NP142_R1461,ISD_Noorderplantsoen_Noorderplantsoen1_NP142,ISOPleasant,0.3232,0.019102842,
isd_individual_iso_prediction__isd__tong_style_reduced_xgboost__seed2030,isd_individual_iso_prediction,ISD,test,ISD_Noorderplantsoen_Noorderplantsoen1_NP144_R1462,ISD_Noorderplantsoen_Noorderplantsoen1_NP144,ISOPleasant,0.1036,0.018006762,
isd_individual_iso_prediction__isd__tong_style_reduced_xgboost__seed2030,isd_individual_iso_prediction,ISD,test,ISD_Noorderplantsoen_Noorderplantsoen1_NP144_R1463,ISD_Noorderplantsoen_Noorderplantsoen1_NP144,ISOPleasant,0.0732,0.017324073,
isd_individual_iso_prediction__isd__tong_style_reduced_xgboost__seed2030,isd_individual_iso_prediction,ISD,test,ISD_Noorderplantsoen_Noorderplantsoen1_NP147_R1464,ISD_Noorderplantsoen_Noorderplantsoen1_NP147,ISOPleasant,0.2803,0.12908179,
isd_individual_iso_prediction__isd__tong_style_reduced_xgboost__seed2030,isd_individual_iso_prediction,ISD,test,ISD_Noorderplantsoen_Noorderplantsoen1_NP151_R1465,ISD_Noorderplantsoen_Noorderplantsoen1_NP151,ISOPleasant,0.5732,0.05065278,
isd_individual_iso_prediction__isd__tong_style_reduced_xgboost__seed2030,isd_individual_iso_prediction,ISD,test,ISD_Noorderplantsoen_Noorderplantsoen1_NP151_R1466,ISD_Noorderplantsoen_Noorderplantsoen1_NP151,ISOPleasant,0.5607,0.19124064,
isd_individual_iso_prediction__isd__tong_style_reduced_xgboost__seed2030,isd_individual_iso_prediction,ISD,test,ISD_SanMarco_SanMarco1_ML103_R36,ISD_SanMarco_SanMarco1_ML103,ISOPleasant,-0.0429,0.31304738,
isd_individual_iso_prediction__isd__tong_style_reduced_xgboost__seed2030,isd_individual_iso_prediction,ISD,test,ISD_SanMarco_SanMarco1_ML103_R37,ISD_SanMarco_SanMarco1_ML103,ISOPleasant,0.25,0.31304738,
isd_individual_iso_prediction__isd__tong_style_reduced_xgboost__seed2030,isd_individual_iso_prediction,ISD,test,ISD_SanMarco_SanMarco1_ML103_R38,ISD_SanMarco_SanMarco1_ML103,ISOPleasant,-0.1464,0.19233239,
isd_individual_iso_prediction__isd__tong_style_reduced_xgboost__seed2030,isd_individual_iso_prediction,ISD,test,ISD_SanMarco_SanMarco1_ML103_R39,ISD_SanMarco_SanMarco1_ML103,ISOPleasant,0.0,0.19233239,
isd_individual_iso_prediction__isd__tong_style_reduced_xgboost__seed2030,isd_individual_iso_prediction,ISD,test,ISD_SanMarco_SanMarco1_ML106_R43,ISD_SanMarco_SanMarco1_ML106,ISOPleasant,0.6339,0.21538818,
isd_individual_iso_prediction__isd__tong_style_reduced_xgboost__seed2030,isd_individual_iso_prediction,ISD,test,ISD_SanMarco_SanMarco1_ML106_R44,ISD_SanMarco_SanMarco1_ML106,ISOPleasant,0.8536,0.21538818,
isd_individual_iso_prediction__isd__tong_style_reduced_xgboost__seed2030,isd_individual_iso_prediction,ISD,test,ISD_SanMarco_SanMarco1_ML106_R45,ISD_SanMarco_SanMarco1_ML106,ISOPleasant,0.1768,0.105011985,
isd_individual_iso_prediction__isd__tong_style_reduced_xgboost__seed2030,isd_individual_iso_prediction,ISD,test,ISD_SanMarco_SanMarco1_ML106_R46,ISD_SanMarco_SanMarco1_ML106,ISOPleasant,0.3964,0.21538818,
isd_individual_iso_prediction__isd__tong_style_reduced_xgboost__seed2030,isd_individual_iso_prediction,ISD,test,ISD_SanMarco_SanMarco1_ML106_R47,ISD_SanMarco_SanMarco1_ML106,ISOPleasant,0.0,0.21538818,
isd_individual_iso_prediction__isd__tong_style_reduced_xgboost__seed2030,isd_individual_iso_prediction,ISD,test,ISD_SanMarco_SanMarco1_ML112_R53,ISD_SanMarco_SanMarco1_ML112,ISOPleasant,0.3839,0.22241628,
isd_individual_iso_prediction__isd__tong_style_reduced_xgboost__seed2030,isd_individual_iso_prediction,ISD,test,ISD_SanMarco_SanMarco1_ML112_R54,ISD_SanMarco_SanMarco1_ML112,ISOPleasant,0.4874,0.22241628,
isd_individual_iso_prediction__isd__tong_style_reduced_xgboost__seed2030,isd_individual_iso_prediction,ISD,test,ISD_SanMarco_SanMarco1_ML112_R55,ISD_SanMarco_SanMarco1_ML112,ISOPleasant,0.0303,0.33756903,
isd_individual_iso_prediction__isd__tong_style_reduced_xgboost__seed2030,isd_individual_iso_prediction,ISD,test,ISD_SanMarco_SanMarco1_ML132_R60,ISD_SanMarco_SanMarco1_ML132,ISOPleasant,-0.3839,0.2872016,
isd_individual_iso_prediction__isd__tong_style_reduced_xgboost__seed2030,isd_individual_iso_prediction,ISD,test,ISD_SanMarco_SanMarco1_ML132_R61,ISD_SanMarco_SanMarco1_ML132,ISOPleasant,-0.0732,0.16648659,
isd_individual_iso_prediction__isd__tong_style_reduced_xgboost__seed2030,isd_individual_iso_prediction,ISD,test,ISD_SanMarco_SanMarco2_ML204_R73,ISD_SanMarco_SanMarco2_ML204,ISOPleasant,0.0732,0.26039517,
isd_individual_iso_prediction__isd__tong_style_reduced_xgboost__seed2030,isd_individual_iso_prediction,ISD,test,ISD_SanMarco_SanMarco2_ML206_R76,ISD_SanMarco_SanMarco2_ML206,ISOPleasant,0.1036,0.19434887,
isd_individual_iso_prediction__isd__tong_style_reduced_xgboost__seed2030,isd_individual_iso_prediction,ISD,test,ISD_SanMarco_SanMarco2_ML206_R77,ISD_SanMarco_SanMarco2_ML206,ISOPleasant,0.5732,0.31898418,
isd_individual_iso_prediction__isd__tong_style_reduced_xgboost__seed2030,isd_individual_iso_prediction,ISD,test,ISD_SanMarco_SanMarco2_ML209_R80,ISD_SanMarco_SanMarco2_ML209,ISOPleasant,0.6768,0.27060923,
isd_individual_iso_prediction__isd__tong_style_reduced_xgboost__seed2030,isd_individual_iso_prediction,ISD,test,ISD_SanMarco_SanMarco2_ML209_R81,ISD_SanMarco_SanMarco2_ML209,ISOPleasant,0.1339,0.14836581,
isd_individual_iso_prediction__isd__tong_style_reduced_xgboost__seed2030,isd_individual_iso_prediction,ISD,test,ISD_SanMarco_SanMarco2_ML210_R82,ISD_SanMarco_SanMarco2_ML210,ISOPleasant,0.8536,0.24331322,
isd_individual_iso_prediction__isd__tong_style_reduced_xgboost__seed2030,isd_individual_iso_prediction,ISD,test,ISD_SanMarco_SanMarco2_ML210_R83,ISD_SanMarco_SanMarco2_ML210,ISOPleasant,0.6339,0.24331322,
isd_individual_iso_prediction__isd__tong_style_reduced_xgboost__seed2030,isd_individual_iso_prediction,ISD,test,ISD_SanMarco_SanMarco2_ML211_R84,ISD_SanMarco_SanMarco2_ML211,ISOPleasant,0.0,0.28587496,
isd_individual_iso_prediction__isd__tong_style_reduced_xgboost__seed2030,isd_individual_iso_prediction,ISD,test,ISD_SanMarco_SanMarco2_ML213_R88,ISD_SanMarco_SanMarco2_ML213,ISOPleasant,0.2803,0.23794277,
isd_individual_iso_prediction__isd__tong_style_reduced_xgboost__seed2030,isd_individual_iso_prediction,ISD,test,ISD_SanMarco_SanMarco3_SM302_R94,ISD_SanMarco_SanMarco3_SM302,ISOPleasant,-0.2071,0.27371526,
isd_individual_iso_prediction__isd__tong_style_reduced_xgboost__seed2030,isd_individual_iso_prediction,ISD,test,ISD_SanMarco_SanMarco3_SM305_R100,ISD_SanMarco_SanMarco3_SM305,ISOPleasant,-0.2803,0.043104544,
isd_individual_iso_prediction__isd__tong_style_reduced_xgboost__seed2030,isd_individual_iso_prediction,ISD,test,ISD_SanMarco_SanMarco3_SM305_R101,ISD_SanMarco_SanMarco3_SM305,ISOPleasant,0.0,0.043104544,
isd_individual_iso_prediction__isd__tong_style_reduced_xgboost__seed2030,isd_individual_iso_prediction,ISD,test,ISD_SanMarco_SanMarco3_SM309_R109,ISD_SanMarco_SanMarco3_SM309,ISOPleasant,0.0303,0.075132914,
isd_individual_iso_prediction__isd__tong_style_reduced_xgboost__seed2030,isd_individual_iso_prediction,ISD,test,ISD_SanMarco_SanMarco3_SM313_R116,ISD_SanMarco_SanMarco3_SM313,ISOPleasant,0.2803,0.1289035,
isd_individual_iso_prediction__isd__tong_style_reduced_xgboost__seed2030,isd_individual_iso_prediction,ISD,test,ISD_SanMarco_SanMarco3_SM314_R117,ISD_SanMarco_SanMarco3_SM314,ISOPleasant,0.0303,0.14448243,
isd_individual_iso_prediction__isd__tong_style_reduced_xgboost__seed2030,isd_individual_iso_prediction,ISD,test,ISD_SanMarco_SanMarco3_SM314_R118,ISD_SanMarco_SanMarco3_SM314,ISOPleasant,0.1893,0.024453083,
isd_individual_iso_prediction__isd__tong_style_reduced_xgboost__seed2030,isd_individual_iso_prediction,ISD,test,ISD_SanMarco_SanMarco3_SM314_R119,ISD_SanMarco_SanMarco3_SM314,ISOPleasant,0.1339,0.024453083,
isd_individual_iso_prediction__isd__tong_style_reduced_xgboost__seed2030,isd_individual_iso_prediction,ISD,test,ISD_SanMarco_SanMarco3_SM314_R120,ISD_SanMarco_SanMarco3_SM314,ISOPleasant,0.5607,0.14448243,
isd_individual_iso_prediction__isd__tong_style_reduced_xgboost__seed2030,isd_individual_iso_prediction,ISD,test,ISD_SanMarco_SanMarco3_SM314_R121,ISD_SanMarco_SanMarco3_SM314,ISOPleasant,0.5,0.024453083,
isd_individual_iso_prediction__isd__tong_style_reduced_xgboost__seed2030,isd_individual_iso_prediction,ISD,test,ISD_MiradorSanNicolas_MiradorSanNicolas1_M11_R10201,ISD_MiradorSanNicolas_MiradorSanNicolas1_M11,ISOPleasant,0.7071,0.51142496,
isd_individual_iso_prediction__isd__tong_style_reduced_xgboost__seed2030,isd_individual_iso_prediction,ISD,test,ISD_MiradorSanNicolas_MiradorSanNicolas1_M110_R10208,ISD_MiradorSanNicolas_MiradorSanNicolas1_M110,ISOPleasant,0.6339,-0.34221482,
isd_individual_iso_prediction__isd__tong_style_reduced_xgboost__seed2030,isd_individual_iso_prediction,ISD,test,ISD_MiradorSanNicolas_MiradorSanNicolas1_M110_R10209,ISD_MiradorSanNicolas_MiradorSanNicolas1_M110,ISOPleasant,0.0732,-0.34362993,
isd_individual_iso_prediction__isd__tong_style_reduced_xgboost__seed2030,isd_individual_iso_prediction,ISD,test,ISD_MiradorSanNicolas_MiradorSanNicolas1_M111_R10210,ISD_MiradorSanNicolas_MiradorSanNicolas1_M111,ISOPleasant,0.6339,0.32785493,
isd_individual_iso_prediction__isd__tong_style_reduced_xgboost__seed2030,isd_individual_iso_prediction,ISD,test,ISD_MiradorSanNicolas_MiradorSanNicolas1_M111_R10211,ISD_MiradorSanNicolas_MiradorSanNicolas1_M111,ISOPleasant,0.6339,0.35366014,
isd_individual_iso_prediction__isd__tong_style_reduced_xgboost__seed2030,isd_individual_iso_prediction,ISD,test,ISD_MiradorSanNicolas_MiradorSanNicolas1_M113_R10212,ISD_MiradorSanNicolas_MiradorSanNicolas1_M113,ISOPleasant,0.1161,0.578604,
isd_individual_iso_prediction__isd__tong_style_reduced_xgboost__seed2030,isd_individual_iso_prediction,ISD,test,ISD_MiradorSanNicolas_MiradorSanNicolas1_M113_R10214,ISD_MiradorSanNicolas_MiradorSanNicolas1_M113,ISOPleasant,0.0732,0.4757958,
isd_individual_iso_prediction__isd__tong_style_reduced_xgboost__seed2030,isd_individual_iso_prediction,ISD,test,ISD_MiradorSanNicolas_MiradorSanNicolas1_M113_R10215,ISD_MiradorSanNicolas_MiradorSanNicolas1_M113,ISOPleasant,0.7803,0.56884617,
isd_individual_iso_prediction__isd__tong_style_reduced_xgboost__seed2030,isd_individual_iso_prediction,ISD,test,ISD_MiradorSanNicolas_MiradorSanNicolas1_M12_R10202,ISD_MiradorSanNicolas_MiradorSanNicolas1_M12,ISOPleasant,-0.0126,0.43133214,
isd_individual_iso_prediction__isd__tong_style_reduced_xgboost__seed2030,isd_individual_iso_prediction,ISD,test,ISD_MiradorSanNicolas_MiradorSanNicolas1_M13_R10203,ISD_MiradorSanNicolas_MiradorSanNicolas1_M13,ISOPleasant,0.5607,-0.017918734,
isd_individual_iso_prediction__isd__tong_style_reduced_xgboost__seed2030,isd_individual_iso_prediction,ISD,test,ISD_MiradorSanNicolas_MiradorSanNicolas1_M16_R10204,ISD_MiradorSanNicolas_MiradorSanNicolas1_M16,ISOPleasant,0.0732,0.4376027,
isd_individual_iso_prediction__isd__tong_style_reduced_xgboost__seed2030,isd_individual_iso_prediction,ISD,test,ISD_MiradorSanNicolas_MiradorSanNicolas1_M17_R10200,ISD_MiradorSanNicolas_MiradorSanNicolas1_M17,ISOPleasant,0.5607,0.45991892,
isd_individual_iso_prediction__isd__tong_style_reduced_xgboost__seed2030,isd_individual_iso_prediction,ISD,test,ISD_MiradorSanNicolas_MiradorSanNicolas1_M17_R10206,ISD_MiradorSanNicolas_MiradorSanNicolas1_M17,ISOPleasant,0.6339,0.51160765,
isd_individual_iso_prediction__isd__tong_style_reduced_xgboost__seed2030,isd_individual_iso_prediction,ISD,test,ISD_MiradorSanNicolas_MiradorSanNicolas1_M21_R10233,ISD_MiradorSanNicolas_MiradorSanNicolas1_M21,ISOPleasant,-0.2803,0.39920017,
isd_individual_iso_prediction__isd__tong_style_reduced_xgboost__seed2030,isd_individual_iso_prediction,ISD,test,ISD_MiradorSanNicolas_MiradorSanNicolas1_M21_R10234,ISD_MiradorSanNicolas_MiradorSanNicolas1_M21,ISOPleasant,0.0732,0.38768694,
isd_individual_iso_prediction__isd__tong_style_reduced_xgboost__seed2030,isd_individual_iso_prediction,ISD,test,ISD_MiradorSanNicolas_MiradorSanNicolas1_M210_R10232,ISD_MiradorSanNicolas_MiradorSanNicolas1_M210,ISOPleasant,0.5607,-0.093838796,
isd_individual_iso_prediction__isd__tong_style_reduced_xgboost__seed2030,isd_individual_iso_prediction,ISD,test,ISD_MiradorSanNicolas_MiradorSanNicolas1_M22_R10217,ISD_MiradorSanNicolas_MiradorSanNicolas1_M22,ISOPleasant,0.1768,-0.13998497,
isd_individual_iso_prediction__isd__tong_style_reduced_xgboost__seed2030,isd_individual_iso_prediction,ISD,test,ISD_MiradorSanNicolas_MiradorSanNicolas1_M22_R10218,ISD_MiradorSanNicolas_MiradorSanNicolas1_M22,ISOPleasant,0.7803,-0.18081938,
isd_individual_iso_prediction__isd__tong_style_reduced_xgboost__seed2030,isd_individual_iso_prediction,ISD,test,ISD_MiradorSanNicolas_MiradorSanNicolas1_M23_R10219,ISD_MiradorSanNicolas_MiradorSanNicolas1_M23,ISOPleasant,0.3839,0.53040016,
isd_individual_iso_prediction__isd__tong_style_reduced_xgboost__seed2030,isd_individual_iso_prediction,ISD,test,ISD_MiradorSanNicolas_MiradorSanNicolas1_M23_R10220,ISD_MiradorSanNicolas_MiradorSanNicolas1_M23,ISOPleasant,0.1464,0.48989683,
isd_individual_iso_prediction__isd__tong_style_reduced_xgboost__seed2030,isd_individual_iso_prediction,ISD,test,ISD_MiradorSanNicolas_MiradorSanNicolas1_M24_R10227,ISD_MiradorSanNicolas_MiradorSanNicolas1_M24,ISOPleasant,0.3107,0.013687807,
isd_individual_iso_prediction__isd__tong_style_reduced_xgboost__seed2030,isd_individual_iso_prediction,ISD,test,ISD_MiradorSanNicolas_MiradorSanNicolas1_M26_R10222,ISD_MiradorSanNicolas_MiradorSanNicolas1_M26,ISOPleasant,0.2803,0.51484245,
isd_individual_iso_prediction__isd__tong_style_reduced_xgboost__seed2030,isd_individual_iso_prediction,ISD,test,ISD_MiradorSanNicolas_MiradorSanNicolas1_M28_R10224,ISD_MiradorSanNicolas_MiradorSanNicolas1_M28,ISOPleasant,0.6339,0.49430126,
isd_individual_iso_prediction__isd__tong_style_reduced_xgboost__seed2030,isd_individual_iso_prediction,ISD,test,ISD_MiradorSanNicolas_MiradorSanNicolas1_M28_R10225,ISD_MiradorSanNicolas_MiradorSanNicolas1_M28,ISOPleasant,0.4874,0.46654937,
isd_individual_iso_prediction__isd__tong_style_reduced_xgboost__seed2030,isd_individual_iso_prediction,ISD,test,ISD_MiradorSanNicolas_MiradorSanNicolas1_M29_R10228,ISD_MiradorSanNicolas_MiradorSanNicolas1_M29,ISOPleasant,0.4571,0.37675112,
isd_individual_iso_prediction__isd__tong_style_reduced_xgboost__seed2030,isd_individual_iso_prediction,ISD,test,ISD_MiradorSanNicolas_MiradorSanNicolas1_M29_R10229,ISD_MiradorSanNicolas_MiradorSanNicolas1_M29,ISOPleasant,0.7803,0.4087361,
isd_individual_iso_prediction__isd__tong_style_reduced_xgboost__seed2030,isd_individual_iso_prediction,ISD,test,ISD_MiradorSanNicolas_MiradorSanNicolas1_M29_R10231,ISD_MiradorSanNicolas_MiradorSanNicolas1_M29,ISOPleasant,0.1339,0.50001943,
isd_individual_iso_prediction__isd__tong_style_reduced_xgboost__seed2030,isd_individual_iso_prediction,ISD,test,ISD_PlazaBibRambla_PlazaBibRambla1_BIB1_R10239,ISD_PlazaBibRambla_PlazaBibRambla1_BIB1,ISOPleasant,0.7071,0.604329,
isd_individual_iso_prediction__isd__tong_style_reduced_xgboost__seed2030,isd_individual_iso_prediction,ISD,test,ISD_PlazaBibRambla_PlazaBibRambla1_BIB10_R10252,ISD_PlazaBibRambla_PlazaBibRambla1_BIB10,ISOPleasant,-0.4571,0.4109405,
isd_individual_iso_prediction__isd__tong_style_reduced_xgboost__seed2030,isd_individual_iso_prediction,ISD,test,ISD_PlazaBibRambla_PlazaBibRambla1_BIB10_R10255,ISD_PlazaBibRambla_PlazaBibRambla1_BIB10,ISOPleasant,0.7071,0.42535776,
isd_individual_iso_prediction__isd__tong_style_reduced_xgboost__seed2030,isd_individual_iso_prediction,ISD,test,ISD_PlazaBibRambla_PlazaBibRambla1_BIB12_R10237,ISD_PlazaBibRambla_PlazaBibRambla1_BIB12,ISOPleasant,0.2071,0.39666516,
isd_individual_iso_prediction__isd__tong_style_reduced_xgboost__seed2030,isd_individual_iso_prediction,ISD,test,ISD_PlazaBibRambla_PlazaBibRambla1_BIB13_R10253,ISD_PlazaBibRambla_PlazaBibRambla1_BIB13,ISOPleasant,0.4874,0.55983204,
isd_individual_iso_prediction__isd__tong_style_reduced_xgboost__seed2030,isd_individual_iso_prediction,ISD,test,ISD_PlazaBibRambla_PlazaBibRambla1_BIB13_R10254,ISD_PlazaBibRambla_PlazaBibRambla1_BIB13,ISOPleasant,0.6036,0.5146933,
isd_individual_iso_prediction__isd__tong_style_reduced_xgboost__seed2030,isd_individual_iso_prediction,ISD,test,ISD_PlazaBibRambla_PlazaBibRambla1_BIB15_R10236,ISD_PlazaBibRambla_PlazaBibRambla1_BIB15,ISOPleasant,0.7803,0.6388656,
isd_individual_iso_prediction__isd__tong_style_reduced_xgboost__seed2030,isd_individual_iso_prediction,ISD,test,ISD_PlazaBibRambla_PlazaBibRambla1_BIB16_R10235,ISD_PlazaBibRambla_PlazaBibRambla1_BIB16,ISOPleasant,0.9268,0.4859096,
isd_individual_iso_prediction__isd__tong_style_reduced_xgboost__seed2030,isd_individual_iso_prediction,ISD,test,ISD_PlazaBibRambla_PlazaBibRambla1_BIB3_R10251,ISD_PlazaBibRambla_PlazaBibRambla1_BIB3,ISOPleasant,0.6768,0.49881506,
isd_individual_iso_prediction__isd__tong_style_reduced_xgboost__seed2030,isd_individual_iso_prediction,ISD,test,ISD_PlazaBibRambla_PlazaBibRambla1_BIB4_R10243,ISD_PlazaBibRambla_PlazaBibRambla1_BIB4,ISOPleasant,0.4142,0.5219503,
isd_individual_iso_prediction__isd__tong_style_reduced_xgboost__seed2030,isd_individual_iso_prediction,ISD,test,ISD_PlazaBibRambla_PlazaBibRambla1_BIB4_R10244,ISD_PlazaBibRambla_PlazaBibRambla1_BIB4,ISOPleasant,0.4874,0.42876425,
isd_individual_iso_prediction__isd__tong_style_reduced_xgboost__seed2030,isd_individual_iso_prediction,ISD,test,ISD_PlazaBibRambla_PlazaBibRambla1_BIB6_R10246,ISD_PlazaBibRambla_PlazaBibRambla1_BIB6,ISOPleasant,0.0,0.52827454,
isd_individual_iso_prediction__isd__tong_style_reduced_xgboost__seed2030,isd_individual_iso_prediction,ISD,test,ISD_PlazaBibRambla_PlazaBibRambla1_BIB6_R10247,ISD_PlazaBibRambla_PlazaBibRambla1_BIB6,ISOPleasant,0.0732,0.48702767,
isd_individual_iso_prediction__isd__tong_style_reduced_xgboost__seed2030,isd_individual_iso_prediction,ISD,test,ISD_PlazaBibRambla_PlazaBibRambla1_BIB9_R10258,ISD_PlazaBibRambla_PlazaBibRambla1_BIB9,ISOPleasant,0.6036,0.43178076,
isd_individual_iso_prediction__isd__tong_style_reduced_xgboost__seed2030,isd_individual_iso_prediction,ISD,test,ISD_SanMarco_SanMarco1_AM02_R17,ISD_SanMarco_SanMarco1_AM02,ISOPleasant,0.4268,0.15587701,
isd_individual_iso_prediction__isd__tong_style_reduced_xgboost__seed2030,isd_individual_iso_prediction,ISD,test,ISD_SanMarco_SanMarco1_AM02_R18,ISD_SanMarco_SanMarco1_AM02,ISOPleasant,0.4268,0.15587701,
isd_individual_iso_prediction__isd__tong_style_reduced_xgboost__seed2030,isd_individual_iso_prediction,ISD,test,ISD_SanMarco_SanMarco1_ML101_R22,ISD_SanMarco_SanMarco1_ML101,ISOPleasant,0.1036,0.22827742,
isd_individual_iso_prediction__isd__tong_style_reduced_xgboost__seed2030,isd_individual_iso_prediction,ISD,test,ISD_SanMarco_SanMarco1_ML101_R23,ISD_SanMarco_SanMarco1_ML101,ISOPleasant,0.0732,0.117831655,
isd_individual_iso_prediction__isd__tong_style_reduced_xgboost__seed2030,isd_individual_iso_prediction,ISD,test,ISD_SanMarco_SanMarco1_ML104_R24,ISD_SanMarco_SanMarco1_ML104,ISOPleasant,0.2071,0.16503523,
isd_individual_iso_prediction__isd__tong_style_reduced_xgboost__seed2030,isd_individual_iso_prediction,ISD,test,ISD_SanMarco_SanMarco1_ML104_R25,ISD_SanMarco_SanMarco1_ML104,ISOPleasant,0.4268,0.2953799,
isd_individual_iso_prediction__isd__tong_style_reduced_xgboost__seed2030,isd_individual_iso_prediction,ISD,test,ISD_SanMarco_SanMarco1_ML105_R26,ISD_SanMarco_SanMarco1_ML105,ISOPleasant,0.5607,0.18678924,
isd_individual_iso_prediction__isd__tong_style_reduced_xgboost__seed2030,isd_individual_iso_prediction,ISD,test,ISD_SanMarco_SanMarco1_ML111_R27,ISD_SanMarco_SanMarco1_ML111,ISOPleasant,0.3839,0.16998519,
isd_individual_iso_prediction__isd__tong_style_reduced_xgboost__seed2030,isd_individual_iso_prediction,ISD,test,ISD_SanMarco_SanMarco1_ML111_R28,ISD_SanMarco_SanMarco1_ML111,ISOPleasant,0.6036,0.28935933,
isd_individual_iso_prediction__isd__tong_style_reduced_xgboost__seed2030,isd_individual_iso_prediction,ISD,test,ISD_SanMarco_SanMarco1_ML111_R29,ISD_SanMarco_SanMarco1_ML111,ISOPleasant,0.6339,0.16998519,
isd_individual_iso_prediction__isd__tong_style_reduced_xgboost__seed2030,isd_individual_iso_prediction,ISD,test,ISD_SanMarco_SanMarco1_ML111_R30,ISD_SanMarco_SanMarco1_ML111,ISOPleasant,0.6036,0.28935933,
isd_individual_iso_prediction__isd__tong_style_reduced_xgboost__seed2030,isd_individual_iso_prediction,ISD,test,ISD_SanMarco_SanMarco1_ML130_R31,ISD_SanMarco_SanMarco1_ML130,ISOPleasant,0.5303,0.18165694,
isd_individual_iso_prediction__isd__tong_style_reduced_xgboost__seed2030,isd_individual_iso_prediction,ISD,test,ISD_SanMarco_SanMarco1_ML130_R32,ISD_SanMarco_SanMarco1_ML130,ISOPleasant,-0.25,0.29603806,
isd_individual_iso_prediction__isd__tong_style_reduced_xgboost__seed2030,isd_individual_iso_prediction,ISD,test,ISD_SanMarco_SanMarco1_ML131_R33,ISD_SanMarco_SanMarco1_ML131,ISOPleasant,-0.0732,0.13742323,
isd_individual_iso_prediction__isd__tong_style_reduced_xgboost__seed2030,isd_individual_iso_prediction,ISD,test,ISD_SanMarco_SanMarco1_ML131_R34,ISD_SanMarco_SanMarco1_ML131,ISOPleasant,0.3232,0.13742323,
isd_individual_iso_prediction__isd__tong_style_reduced_xgboost__seed2030,isd_individual_iso_prediction,ISD,test,ISD_SanMarco_SanMarco1_ML133_R35,ISD_SanMarco_SanMarco1_ML133,ISOPleasant,-0.3232,0.13313991,
isd_individual_iso_prediction__isd__tong_style_reduced_xgboost__seed2030,isd_individual_iso_prediction,ISD,test,ISD_SanMarco_SanMarco1_ML133_R36,ISD_SanMarco_SanMarco1_ML133,ISOPleasant,0.2803,0.13313991,
isd_individual_iso_prediction__isd__tong_style_reduced_xgboost__seed2030,isd_individual_iso_prediction,ISD,test,ISD_SanMarco_SanMarco1_ML133_R37,ISD_SanMarco_SanMarco1_ML133,ISOPleasant,-0.1036,0.2555333,
isd_individual_iso_prediction__isd__tong_style_reduced_xgboost__seed2030,isd_individual_iso_prediction,ISD,test,ISD_SanMarco_SanMarco1_ML133_R38,ISD_SanMarco_SanMarco1_ML133,ISOPleasant,0.1768,0.13313991,
isd_individual_iso_prediction__isd__tong_style_reduced_xgboost__seed2030,isd_individual_iso_prediction,ISD,test,ISD_SanMarco_SanMarco2_ML202_R39,ISD_SanMarco_SanMarco2_ML202,ISOPleasant,-0.1036,0.08095517,
isd_individual_iso_prediction__isd__tong_style_reduced_xgboost__seed2030,isd_individual_iso_prediction,ISD,test,ISD_SanMarco_SanMarco2_ML202_R40,ISD_SanMarco_SanMarco2_ML202,ISOPleasant,0.5732,0.08095517,
isd_individual_iso_prediction__isd__tong_style_reduced_xgboost__seed2030,isd_individual_iso_prediction,ISD,test,ISD_SanMarco_SanMarco2_ML202_R41,ISD_SanMarco_SanMarco2_ML202,ISOPleasant,0.1036,0.20012015,
isd_individual_iso_prediction__isd__tong_style_reduced_xgboost__seed2030,isd_individual_iso_prediction,ISD,test,ISD_SanMarco_SanMarco2_ML203_R42,ISD_SanMarco_SanMarco2_ML203,ISOPleasant,0.0732,0.19717866,
isd_individual_iso_prediction__isd__tong_style_reduced_xgboost__seed2030,isd_individual_iso_prediction,ISD,test,ISD_SanMarco_SanMarco2_ML205_R43,ISD_SanMarco_SanMarco2_ML205,ISOPleasant,0.4874,0.054418266,
isd_individual_iso_prediction__isd__tong_style_reduced_xgboost__seed2030,isd_individual_iso_prediction,ISD,test,ISD_SanMarco_SanMarco2_ML205_R44,ISD_SanMarco_SanMarco2_ML205,ISOPleasant,0.4571,0.16987237,
isd_individual_iso_prediction__isd__tong_style_reduced_xgboost__seed2030,isd_individual_iso_prediction,ISD,test,ISD_SanMarco_SanMarco2_ML208_R45,ISD_SanMarco_SanMarco2_ML208,ISOPleasant,0.1161,0.34377146,
isd_individual_iso_prediction__isd__tong_style_reduced_xgboost__seed2030,isd_individual_iso_prediction,ISD,test,ISD_SanMarco_SanMarco2_ML208_R46,ISD_SanMarco_SanMarco2_ML208,ISOPleasant,0.5,0.34377146,
isd_individual_iso_prediction__isd__tong_style_reduced_xgboost__seed2030,isd_individual_iso_prediction,ISD,test,ISD_SanMarco_SanMarco2_ML212_R47,ISD_SanMarco_SanMarco2_ML212,ISOPleasant,-0.1464,0.21191633,
isd_individual_iso_prediction__isd__tong_style_reduced_xgboost__seed2030,isd_individual_iso_prediction,ISD,test,ISD_SanMarco_SanMarco2_ML212_R48,ISD_SanMarco_SanMarco2_ML212,ISOPleasant,0.2071,0.33263144,
isd_individual_iso_prediction__isd__tong_style_reduced_xgboost__seed2030,isd_individual_iso_prediction,ISD,test,ISD_SanMarco_SanMarco2_ML214_R49,ISD_SanMarco_SanMarco2_ML214,ISOPleasant,0.3536,0.10726992,
isd_individual_iso_prediction__isd__tong_style_reduced_xgboost__seed2030,isd_individual_iso_prediction,ISD,test,ISD_SanMarco_SanMarco2_ML214_R50,ISD_SanMarco_SanMarco2_ML214,ISOPleasant,0.5732,0.10726992,
isd_individual_iso_prediction__isd__tong_style_reduced_xgboost__seed2030,isd_individual_iso_prediction,ISD,test,ISD_SanMarco_SanMarco2_ML214_R51,ISD_SanMarco_SanMarco2_ML214,ISOPleasant,0.4571,0.10726992,
isd_individual_iso_prediction__isd__tong_style_reduced_xgboost__seed2030,isd_individual_iso_prediction,ISD,test,ISD_SanMarco_SanMarco3_SM301_R52,ISD_SanMarco_SanMarco3_SM301,ISOPleasant,-0.2197,0.27779162,
isd_individual_iso_prediction__isd__tong_style_reduced_xgboost__seed2030,isd_individual_iso_prediction,ISD,test,ISD_SanMarco_SanMarco3_SM301_R53,ISD_SanMarco_SanMarco3_SM301,ISOPleasant,0.25,0.17120112,
isd_individual_iso_prediction__isd__tong_style_reduced_xgboost__seed2030,isd_individual_iso_prediction,ISD,test,ISD_SanMarco_SanMarco3_SM303_R54,ISD_SanMarco_SanMarco3_SM303,ISOPleasant,-0.4268,0.14161552,
isd_individual_iso_prediction__isd__tong_style_reduced_xgboost__seed2030,isd_individual_iso_prediction,ISD,test,ISD_SanMarco_SanMarco3_SM303_R55,ISD_SanMarco_SanMarco3_SM303,ISOPleasant,0.2071,0.14161552,
isd_individual_iso_prediction__isd__tong_style_reduced_xgboost__seed2030,isd_individual_iso_prediction,ISD,test,ISD_SanMarco_SanMarco3_SM303_R56,ISD_SanMarco_SanMarco3_SM303,ISOPleasant,0.0303,0.14161552,
isd_individual_iso_prediction__isd__tong_style_reduced_xgboost__seed2030,isd_individual_iso_prediction,ISD,test,ISD_SanMarco_SanMarco3_SM304_R57,ISD_SanMarco_SanMarco3_SM304,ISOPleasant,0.2071,0.21749529,
isd_individual_iso_prediction__isd__tong_style_reduced_xgboost__seed2030,isd_individual_iso_prediction,ISD,test,ISD_SanMarco_SanMarco3_SM304_R58,ISD_SanMarco_SanMarco3_SM304,ISOPleasant,0.0303,0.093514845,
isd_individual_iso_prediction__isd__tong_style_reduced_xgboost__seed2030,isd_individual_iso_prediction,ISD,test,ISD_SanMarco_SanMarco3_SM306_R59,ISD_SanMarco_SanMarco3_SM306,ISOPleasant,-0.0732,0.26083174,
isd_individual_iso_prediction__isd__tong_style_reduced_xgboost__seed2030,isd_individual_iso_prediction,ISD,test,ISD_SanMarco_SanMarco3_SM306_R60,ISD_SanMarco_SanMarco3_SM306,ISOPleasant,0.1036,0.12577121,
isd_individual_iso_prediction__isd__tong_style_reduced_xgboost__seed2030,isd_individual_iso_prediction,ISD,test,ISD_SanMarco_SanMarco3_SM307_R61,ISD_SanMarco_SanMarco3_SM307,ISOPleasant,0.2803,0.11135962,
isd_individual_iso_prediction__isd__tong_style_reduced_xgboost__seed2030,isd_individual_iso_prediction,ISD,test,ISD_SanMarco_SanMarco3_SM308_R63,ISD_SanMarco_SanMarco3_SM308,ISOPleasant,0.3839,0.11249644,
isd_individual_iso_prediction__isd__tong_style_reduced_xgboost__seed2030,isd_individual_iso_prediction,ISD,test,ISD_SanMarco_SanMarco3_SM308_R64,ISD_SanMarco_SanMarco3_SM308,ISOPleasant,-0.0303,0.11249644,
isd_individual_iso_prediction__isd__tong_style_reduced_xgboost__seed2030,isd_individual_iso_prediction,ISD,test,ISD_SanMarco_SanMarco3_SM308_R65,ISD_SanMarco_SanMarco3_SM308,ISOPleasant,-0.1464,0.11249644,
isd_individual_iso_prediction__isd__tong_style_reduced_xgboost__seed2030,isd_individual_iso_prediction,ISD,test,ISD_SanMarco_SanMarco3_SM309_R66,ISD_SanMarco_SanMarco3_SM309,ISOPleasant,-0.1339,0.17644201,
isd_individual_iso_prediction__isd__tong_style_reduced_xgboost__seed2030,isd_individual_iso_prediction,ISD,test,ISD_SanMarco_SanMarco3_SM310_R67,ISD_SanMarco_SanMarco3_SM310,ISOPleasant,-0.3536,0.23777871,
isd_individual_iso_prediction__isd__tong_style_reduced_xgboost__seed2030,isd_individual_iso_prediction,ISD,test,ISD_SanMarco_SanMarco3_SM310_R68,ISD_SanMarco_SanMarco3_SM310,ISOPleasant,-0.1464,0.10570148,
isd_individual_iso_prediction__isd__tong_style_reduced_xgboost__seed2030,isd_individual_iso_prediction,ISD,test,ISD_SanMarco_SanMarco3_SM311_R69,ISD_SanMarco_SanMarco3_SM311,ISOPleasant,0.5,0.21655217,
isd_individual_iso_prediction__isd__tong_style_reduced_xgboost__seed2030,isd_individual_iso_prediction,ISD,test,ISD_SanMarco_SanMarco3_SM312_R70,ISD_SanMarco_SanMarco3_SM312,ISOPleasant,0.5732,0.08537667,
isd_individual_iso_prediction__isd__tong_style_reduced_xgboost__seed2030,isd_individual_iso_prediction,ISD,test,ISD_SanMarco_SanMarco3_SM313_R71,ISD_SanMarco_SanMarco3_SM313,ISOPleasant,-0.3536,0.25583488,
isd_individual_iso_prediction__isd__tong_style_reduced_xgboost__seed2030,isd_individual_iso_prediction,ISD,test,ISD_Noorderplantsoen_Noorderplantsoen1_NP101_R2,ISD_Noorderplantsoen_Noorderplantsoen1_NP101,ISOPleasant,0.7071,0.13696872,
isd_individual_iso_prediction__isd__tong_style_reduced_xgboost__seed2030,isd_individual_iso_prediction,ISD,test,ISD_Noorderplantsoen_Noorderplantsoen1_NP101_R73,ISD_Noorderplantsoen_Noorderplantsoen1_NP101,ISOPleasant,0.7803,0.31957138,
isd_individual_iso_prediction__isd__tong_style_reduced_xgboost__seed2030,isd_individual_iso_prediction,ISD,test,ISD_Noorderplantsoen_Noorderplantsoen1_NP102_R88,ISD_Noorderplantsoen_Noorderplantsoen1_NP102,ISOPleasant,0.75,0.24399151,
isd_individual_iso_prediction__isd__tong_style_reduced_xgboost__seed2030,isd_individual_iso_prediction,ISD,test,ISD_Noorderplantsoen_Noorderplantsoen1_NP106_R98,ISD_Noorderplantsoen_Noorderplantsoen1_NP106,ISOPleasant,0.3536,0.20633687,
isd_individual_iso_prediction__isd__tong_style_reduced_xgboost__seed2030,isd_individual_iso_prediction,ISD,test,ISD_Noorderplantsoen_Noorderplantsoen1_NP107_R97,ISD_Noorderplantsoen_Noorderplantsoen1_NP107,ISOPleasant,0.5,0.08639394,
isd_individual_iso_prediction__isd__tong_style_reduced_xgboost__seed2030,isd_individual_iso_prediction,ISD,test,ISD_Noorderplantsoen_Noorderplantsoen1_NP108_R96,ISD_Noorderplantsoen_Noorderplantsoen1_NP108,ISOPleasant,0.1036,0.27155516,
isd_individual_iso_prediction__isd__tong_style_reduced_xgboost__seed2030,isd_individual_iso_prediction,ISD,test,ISD_Noorderplantsoen_Noorderplantsoen1_NP109_R3,ISD_Noorderplantsoen_Noorderplantsoen1_NP109,ISOPleasant,0.9268,0.12050604,
isd_individual_iso_prediction__isd__tong_style_reduced_xgboost__seed2030,isd_individual_iso_prediction,ISD,test,ISD_Noorderplantsoen_Noorderplantsoen1_NP110_R4,ISD_Noorderplantsoen_Noorderplantsoen1_NP110,ISOPleasant,0.6768,0.24090436,
isd_individual_iso_prediction__isd__tong_style_reduced_xgboost__seed2030,isd_individual_iso_prediction,ISD,test,ISD_Noorderplantsoen_Noorderplantsoen1_NP110_R90,ISD_Noorderplantsoen_Noorderplantsoen1_NP110,ISOPleasant,0.3107,0.24090436,
isd_individual_iso_prediction__isd__tong_style_reduced_xgboost__seed2030,isd_individual_iso_prediction,ISD,test,ISD_Noorderplantsoen_Noorderplantsoen1_NP111_R5,ISD_Noorderplantsoen_Noorderplantsoen1_NP111,ISOPleasant,0.6768,0.14689974,
isd_individual_iso_prediction__isd__tong_style_reduced_xgboost__seed2030,isd_individual_iso_prediction,ISD,test,ISD_Noorderplantsoen_Noorderplantsoen1_NP111_R87,ISD_Noorderplantsoen_Noorderplantsoen1_NP111,ISOPleasant,0.5303,0.30329546,
isd_individual_iso_prediction__isd__tong_style_reduced_xgboost__seed2030,isd_individual_iso_prediction,ISD,test,ISD_Noorderplantsoen_Noorderplantsoen1_NP112_R84,ISD_Noorderplantsoen_Noorderplantsoen1_NP112,ISOPleasant,0.4268,0.2575455,
isd_individual_iso_prediction__isd__tong_style_reduced_xgboost__seed2030,isd_individual_iso_prediction,ISD,test,ISD_Noorderplantsoen_Noorderplantsoen1_NP113_R83,ISD_Noorderplantsoen_Noorderplantsoen1_NP113,ISOPleasant,0.2803,0.1899997,
isd_individual_iso_prediction__isd__tong_style_reduced_xgboost__seed2030,isd_individual_iso_prediction,ISD,test,ISD_Noorderplantsoen_Noorderplantsoen1_NP114_R6,ISD_Noorderplantsoen_Noorderplantsoen1_NP114,ISOPleasant,0.2197,0.12379601,
isd_individual_iso_prediction__isd__tong_style_reduced_xgboost__seed2030,isd_individual_iso_prediction,ISD,test,ISD_Noorderplantsoen_Noorderplantsoen1_NP116_R7,ISD_Noorderplantsoen_Noorderplantsoen1_NP116,ISOPleasant,0.5,0.1776305,
isd_individual_iso_prediction__isd__tong_style_reduced_xgboost__seed2030,isd_individual_iso_prediction,ISD,test,ISD_Noorderplantsoen_Noorderplantsoen1_NP116_R85,ISD_Noorderplantsoen_Noorderplantsoen1_NP116,ISOPleasant,0.6339,0.1776305,
isd_individual_iso_prediction__isd__tong_style_reduced_xgboost__seed2030,isd_individual_iso_prediction,ISD,test,ISD_Noorderplantsoen_Noorderplantsoen1_NP117_R8,ISD_Noorderplantsoen_Noorderplantsoen1_NP117,ISOPleasant,0.3232,0.22500475,
isd_individual_iso_prediction__isd__tong_style_reduced_xgboost__seed2030,isd_individual_iso_prediction,ISD,test,ISD_Noorderplantsoen_Noorderplantsoen1_NP118_R10,ISD_Noorderplantsoen_Noorderplantsoen1_NP118,ISOPleasant,0.6768,0.12966396,
isd_individual_iso_prediction__isd__tong_style_reduced_xgboost__seed2030,isd_individual_iso_prediction,ISD,test,ISD_Noorderplantsoen_Noorderplantsoen1_NP118_R9,ISD_Noorderplantsoen_Noorderplantsoen1_NP118,ISOPleasant,0.2803,0.12966396,
isd_individual_iso_prediction__isd__tong_style_reduced_xgboost__seed2030,isd_individual_iso_prediction,ISD,test,ISD_Noorderplantsoen_Noorderplantsoen1_NP119_R11,ISD_Noorderplantsoen_Noorderplantsoen1_NP119,ISOPleasant,0.5,0.3111371,
isd_individual_iso_prediction__isd__tong_style_reduced_xgboost__seed2030,isd_individual_iso_prediction,ISD,test,ISD_Noorderplantsoen_Noorderplantsoen1_NP119_R79,ISD_Noorderplantsoen_Noorderplantsoen1_NP119,ISOPleasant,0.7071,0.24407755,
isd_individual_iso_prediction__isd__tong_style_reduced_xgboost__seed2030,isd_individual_iso_prediction,ISD,test,ISD_Noorderplantsoen_Noorderplantsoen1_NP120_R13,ISD_Noorderplantsoen_Noorderplantsoen1_NP120,ISOPleasant,0.4697,0.16330257,
isd_individual_iso_prediction__isd__tong_style_reduced_xgboost__seed2030,isd_individual_iso_prediction,ISD,test,ISD_Noorderplantsoen_Noorderplantsoen1_NP123_R15,ISD_Noorderplantsoen_Noorderplantsoen1_NP123,ISOPleasant,0.0,0.37126166,
isd_individual_iso_prediction__isd__tong_style_reduced_xgboost__seed2030,isd_individual_iso_prediction,ISD,test,ISD_Noorderplantsoen_Noorderplantsoen1_NP123_R81,ISD_Noorderplantsoen_Noorderplantsoen1_NP123,ISOPleasant,0.2803,0.37126166,
isd_individual_iso_prediction__isd__tong_style_reduced_xgboost__seed2030,isd_individual_iso_prediction,ISD,test,ISD_Noorderplantsoen_Noorderplantsoen1_NP125_R80,ISD_Noorderplantsoen_Noorderplantsoen1_NP125,ISOPleasant,0.3232,0.07258036,
isd_individual_iso_prediction__isd__tong_style_reduced_xgboost__seed2030,isd_individual_iso_prediction,ISD,test,ISD_Noorderplantsoen_Noorderplantsoen1_NP126_R16,ISD_Noorderplantsoen_Noorderplantsoen1_NP126,ISOPleasant,-0.3536,0.26692975,
isd_individual_iso_prediction__isd__tong_style_reduced_xgboost__seed2030,isd_individual_iso_prediction,ISD,test,ISD_Noorderplantsoen_Noorderplantsoen1_NP127_R18,ISD_Noorderplantsoen_Noorderplantsoen1_NP127,ISOPleasant,0.3536,0.1504504,
isd_individual_iso_prediction__isd__tong_style_reduced_xgboost__seed2030,isd_individual_iso_prediction,ISD,test,ISD_Noorderplantsoen_Noorderplantsoen1_NP127_R17,ISD_Noorderplantsoen_Noorderplantsoen1_NP127,ISOPleasant,1.0,0.1504504,
isd_individual_iso_prediction__isd__tong_style_reduced_xgboost__seed2030,isd_individual_iso_prediction,ISD,test,ISD_Noorderplantsoen_Noorderplantsoen1_NP128_R19,ISD_Noorderplantsoen_Noorderplantsoen1_NP128,ISOPleasant,0.6036,0.13782507,
isd_individual_iso_prediction__isd__tong_style_reduced_xgboost__seed2030,isd_individual_iso_prediction,ISD,test,ISD_Noorderplantsoen_Noorderplantsoen1_NP129_R20,ISD_Noorderplantsoen_Noorderplantsoen1_NP129,ISOPleasant,0.25,0.1564909,
isd_individual_iso_prediction__isd__tong_style_reduced_xgboost__seed2030,isd_individual_iso_prediction,ISD,test,ISD_Noorderplantsoen_Noorderplantsoen1_NP129_R22,ISD_Noorderplantsoen_Noorderplantsoen1_NP129,ISOPleasant,0.6339,0.25335225,
isd_individual_iso_prediction__isd__tong_style_reduced_xgboost__seed2030,isd_individual_iso_prediction,ISD,test,ISD_Noorderplantsoen_Noorderplantsoen1_NP129_R21,ISD_Noorderplantsoen_Noorderplantsoen1_NP129,ISOPleasant,0.8536,0.2634627,
isd_individual_iso_prediction__isd__tong_style_reduced_xgboost__seed2030,isd_individual_iso_prediction,ISD,test,ISD_Noorderplantsoen_Noorderplantsoen1_NP131_R26,ISD_Noorderplantsoen_Noorderplantsoen1_NP131,ISOPleasant,0.7803,0.13999388,
isd_individual_iso_prediction__isd__tong_style_reduced_xgboost__seed2030,isd_individual_iso_prediction,ISD,test,ISD_Noorderplantsoen_Noorderplantsoen1_NP131_R27,ISD_Noorderplantsoen_Noorderplantsoen1_NP131,ISOPleasant,0.6036,0.056694385,
isd_individual_iso_prediction__isd__tong_style_reduced_xgboost__seed2030,isd_individual_iso_prediction,ISD,test,ISD_Noorderplantsoen_Noorderplantsoen1_NP132_R28,ISD_Noorderplantsoen_Noorderplantsoen1_NP132,ISOPleasant,0.6339,0.29535612,
isd_individual_iso_prediction__isd__tong_style_reduced_xgboost__seed2030,isd_individual_iso_prediction,ISD,test,ISD_Noorderplantsoen_Noorderplantsoen1_NP132_R78,ISD_Noorderplantsoen_Noorderplantsoen1_NP132,ISOPleasant,0.3232,0.28172928,
isd_individual_iso_prediction__isd__tong_style_reduced_xgboost__seed2030,isd_individual_iso_prediction,ISD,test,ISD_Noorderplantsoen_Noorderplantsoen1_NP133_R30,ISD_Noorderplantsoen_Noorderplantsoen1_NP133,ISOPleasant,0.2071,0.13939153,
isd_individual_iso_prediction__isd__tong_style_reduced_xgboost__seed2030,isd_individual_iso_prediction,ISD,test,ISD_Noorderplantsoen_Noorderplantsoen1_NP133_R31,ISD_Noorderplantsoen_Noorderplantsoen1_NP133,ISOPleasant,0.1768,0.14124586,
isd_individual_iso_prediction__isd__tong_style_reduced_xgboost__seed2030,isd_individual_iso_prediction,ISD,test,ISD_Noorderplantsoen_Noorderplantsoen1_NP134_R32,ISD_Noorderplantsoen_Noorderplantsoen1_NP134,ISOPleasant,0.4268,0.27366853,
isd_individual_iso_prediction__isd__tong_style_reduced_xgboost__seed2030,isd_individual_iso_prediction,ISD,test,ISD_Noorderplantsoen_Noorderplantsoen1_NP134_R77,ISD_Noorderplantsoen_Noorderplantsoen1_NP134,ISOPleasant,0.6339,0.26989886,
isd_individual_iso_prediction__isd__tong_style_reduced_xgboost__seed2030,isd_individual_iso_prediction,ISD,test,ISD_Noorderplantsoen_Noorderplantsoen1_NP135_R33,ISD_Noorderplantsoen_Noorderplantsoen1_NP135,ISOPleasant,0.6768,0.30062732,
isd_individual_iso_prediction__isd__tong_style_reduced_xgboost__seed2030,isd_individual_iso_prediction,ISD,test,ISD_Noorderplantsoen_Noorderplantsoen1_NP136_R34,ISD_Noorderplantsoen_Noorderplantsoen1_NP136,ISOPleasant,-0.25,0.15181097,
isd_individual_iso_prediction__isd__tong_style_reduced_xgboost__seed2030,isd_individual_iso_prediction,ISD,test,ISD_Noorderplantsoen_Noorderplantsoen1_NP136_R35,ISD_Noorderplantsoen_Noorderplantsoen1_NP136,ISOPleasant,0.75,0.14995308,
isd_individual_iso_prediction__isd__tong_style_reduced_xgboost__seed2030,isd_individual_iso_prediction,ISD,test,ISD_Noorderplantsoen_Noorderplantsoen1_NP138_R36,ISD_Noorderplantsoen_Noorderplantsoen1_NP138,ISOPleasant,0.4571,0.07055453,
isd_individual_iso_prediction__isd__tong_style_reduced_xgboost__seed2030,isd_individual_iso_prediction,ISD,test,ISD_Noorderplantsoen_Noorderplantsoen1_NP138_R76,ISD_Noorderplantsoen_Noorderplantsoen1_NP138,ISOPleasant,0.25,0.1813574,
isd_individual_iso_prediction__isd__tong_style_reduced_xgboost__seed2030,isd_individual_iso_prediction,ISD,test,ISD_Noorderplantsoen_Noorderplantsoen1_NP139_R37,ISD_Noorderplantsoen_Noorderplantsoen1_NP139,ISOPleasant,0.3536,-0.04647243,
isd_individual_iso_prediction__isd__tong_style_reduced_xgboost__seed2030,isd_individual_iso_prediction,ISD,test,ISD_Noorderplantsoen_Noorderplantsoen1_NP139_R38,ISD_Noorderplantsoen_Noorderplantsoen1_NP139,ISOPleasant,0.0429,0.117712334,
isd_individual_iso_prediction__isd__tong_style_reduced_xgboost__seed2030,isd_individual_iso_prediction,ISD,test,ISD_Noorderplantsoen_Noorderplantsoen1_NP140_R39,ISD_Noorderplantsoen_Noorderplantsoen1_NP140,ISOPleasant,0.5,0.117080696,
isd_individual_iso_prediction__isd__tong_style_reduced_xgboost__seed2030,isd_individual_iso_prediction,ISD,test,ISD_Noorderplantsoen_Noorderplantsoen1_NP140_R40,ISD_Noorderplantsoen_Noorderplantsoen1_NP140,ISOPleasant,0.5,0.18239723,
isd_individual_iso_prediction__isd__tong_style_reduced_xgboost__seed2030,isd_individual_iso_prediction,ISD,test,ISD_Noorderplantsoen_Noorderplantsoen1_NP141_R74,ISD_Noorderplantsoen_Noorderplantsoen1_NP141,ISOPleasant,0.6768,0.16839008,
isd_individual_iso_prediction__isd__tong_style_reduced_xgboost__seed2030,isd_individual_iso_prediction,ISD,test,ISD_Noorderplantsoen_Noorderplantsoen1_NP141_R75,ISD_Noorderplantsoen_Noorderplantsoen1_NP141,ISOPleasant,0.0,0.16839008,
isd_individual_iso_prediction__isd__tong_style_reduced_xgboost__seed2030,isd_individual_iso_prediction,ISD,test,ISD_Noorderplantsoen_Noorderplantsoen1_NP143_R41,ISD_Noorderplantsoen_Noorderplantsoen1_NP143,ISOPleasant,0.6339,0.21425249,
isd_individual_iso_prediction__isd__tong_style_reduced_xgboost__seed2030,isd_individual_iso_prediction,ISD,test,ISD_Noorderplantsoen_Noorderplantsoen1_NP146_R91,ISD_Noorderplantsoen_Noorderplantsoen1_NP146,ISOPleasant,0.3964,-0.057697862,
isd_individual_iso_prediction__isd__tong_style_reduced_xgboost__seed2030,isd_individual_iso_prediction,ISD,test,ISD_Noorderplantsoen_Noorderplantsoen1_NP147_R42,ISD_Noorderplantsoen_Noorderplantsoen1_NP147,ISOPleasant,0.6464,-0.0054175714,
isd_individual_iso_prediction__isd__tong_style_reduced_xgboost__seed2030,isd_individual_iso_prediction,ISD,test,ISD_Noorderplantsoen_Noorderplantsoen1_NP148_R43,ISD_Noorderplantsoen_Noorderplantsoen1_NP148,ISOPleasant,-0.3107,0.06760827,
isd_individual_iso_prediction__isd__tong_style_reduced_xgboost__seed2030,isd_individual_iso_prediction,ISD,test,ISD_Noorderplantsoen_Noorderplantsoen1_NP148_R44,ISD_Noorderplantsoen_Noorderplantsoen1_NP148,ISOPleasant,0.25,0.18814215,
isd_individual_iso_prediction__isd__tong_style_reduced_xgboost__seed2030,isd_individual_iso_prediction,ISD,test,ISD_Noorderplantsoen_Noorderplantsoen1_NP149_R45,ISD_Noorderplantsoen_Noorderplantsoen1_NP149,ISOPleasant,0.6036,0.3024747,
isd_individual_iso_prediction__isd__tong_style_reduced_xgboost__seed2030,isd_individual_iso_prediction,ISD,test,ISD_Noorderplantsoen_Noorderplantsoen1_NP149_R46,ISD_Noorderplantsoen_Noorderplantsoen1_NP149,ISOPleasant,0.0303,0.29241368,
isd_individual_iso_prediction__isd__tong_style_reduced_xgboost__seed2030,isd_individual_iso_prediction,ISD,test,ISD_Noorderplantsoen_Noorderplantsoen1_NP150_R47,ISD_Noorderplantsoen_Noorderplantsoen1_NP150,ISOPleasant,0.6464,0.13907972,
isd_individual_iso_prediction__isd__tong_style_reduced_xgboost__seed2030,isd_individual_iso_prediction,ISD,test,ISD_Noorderplantsoen_Noorderplantsoen1_NP152_R48,ISD_Noorderplantsoen_Noorderplantsoen1_NP152,ISOPleasant,0.4268,0.060319014,
isd_individual_iso_prediction__isd__tong_style_reduced_xgboost__seed2030,isd_individual_iso_prediction,ISD,test,ISD_Noorderplantsoen_Noorderplantsoen1_NP153_R67,ISD_Noorderplantsoen_Noorderplantsoen1_NP153,ISOPleasant,0.6768,0.12837128,
isd_individual_iso_prediction__isd__tong_style_reduced_xgboost__seed2030,isd_individual_iso_prediction,ISD,test,ISD_Noorderplantsoen_Noorderplantsoen1_NP153_R71,ISD_Noorderplantsoen_Noorderplantsoen1_NP153,ISOPleasant,0.7071,0.20797867,
isd_individual_iso_prediction__isd__tong_style_reduced_xgboost__seed2030,isd_individual_iso_prediction,ISD,test,ISD_Noorderplantsoen_Noorderplantsoen1_NP153_R72,ISD_Noorderplantsoen_Noorderplantsoen1_NP153,ISOPleasant,0.5303,0.20797867,
isd_individual_iso_prediction__isd__tong_style_reduced_xgboost__seed2030,isd_individual_iso_prediction,ISD,test,ISD_Noorderplantsoen_Noorderplantsoen1_NP154_R49,ISD_Noorderplantsoen_Noorderplantsoen1_NP154,ISOPleasant,0.5,0.029345697,
isd_individual_iso_prediction__isd__tong_style_reduced_xgboost__seed2030,isd_individual_iso_prediction,ISD,test,ISD_Noorderplantsoen_Noorderplantsoen1_NP155_R51,ISD_Noorderplantsoen_Noorderplantsoen1_NP155,ISOPleasant,0.5,-0.094590664,
isd_individual_iso_prediction__isd__tong_style_reduced_xgboost__seed2030,isd_individual_iso_prediction,ISD,test,ISD_Noorderplantsoen_Noorderplantsoen1_NP155_R50,ISD_Noorderplantsoen_Noorderplantsoen1_NP155,ISOPleasant,0.4268,-0.02167867,
isd_individual_iso_prediction__isd__tong_style_reduced_xgboost__seed2030,isd_individual_iso_prediction,ISD,test,ISD_Noorderplantsoen_Noorderplantsoen1_NP155_R53,ISD_Noorderplantsoen_Noorderplantsoen1_NP155,ISOPleasant,0.3107,0.06530624,
isd_individual_iso_prediction__isd__tong_style_reduced_xgboost__seed2030,isd_individual_iso_prediction,ISD,test,ISD_Noorderplantsoen_Noorderplantsoen1_NP155_R52,ISD_Noorderplantsoen_Noorderplantsoen1_NP155,ISOPleasant,0.2626,0.14963736,
isd_individual_iso_prediction__isd__tong_style_reduced_xgboost__seed2030,isd_individual_iso_prediction,ISD,test,ISD_Noorderplantsoen_Noorderplantsoen1_NP156_R54,ISD_Noorderplantsoen_Noorderplantsoen1_NP156,ISOPleasant,0.3536,0.1955978,
isd_individual_iso_prediction__isd__tong_style_reduced_xgboost__seed2030,isd_individual_iso_prediction,ISD,test,ISD_Noorderplantsoen_Noorderplantsoen1_NP156_R93,ISD_Noorderplantsoen_Noorderplantsoen1_NP156,ISOPleasant,0.75,0.088673845,
isd_individual_iso_prediction__isd__tong_style_reduced_xgboost__seed2030,isd_individual_iso_prediction,ISD,test,ISD_Noorderplantsoen_Noorderplantsoen1_NP156_R95,ISD_Noorderplantsoen_Noorderplantsoen1_NP156,ISOPleasant,0.7071,0.2346438,
isd_individual_iso_prediction__isd__tong_style_reduced_xgboost__seed2030,isd_individual_iso_prediction,ISD,test,ISD_Noorderplantsoen_Noorderplantsoen1_NP157_R94,ISD_Noorderplantsoen_Noorderplantsoen1_NP157,ISOPleasant,-0.2071,-0.06449767,
isd_individual_iso_prediction__isd__tong_style_reduced_xgboost__seed2030,isd_individual_iso_prediction,ISD,test,ISD_Noorderplantsoen_Noorderplantsoen1_NP158_R57,ISD_Noorderplantsoen_Noorderplantsoen1_NP158,ISOPleasant,0.9268,0.23113196,
isd_individual_iso_prediction__isd__tong_style_reduced_xgboost__seed2030,isd_individual_iso_prediction,ISD,test,ISD_Noorderplantsoen_Noorderplantsoen1_NP158_R55,ISD_Noorderplantsoen_Noorderplantsoen1_NP158,ISOPleasant,0.8536,0.21215911,
isd_individual_iso_prediction__isd__tong_style_reduced_xgboost__seed2030,isd_individual_iso_prediction,ISD,test,ISD_Noorderplantsoen_Noorderplantsoen1_NP160_R59,ISD_Noorderplantsoen_Noorderplantsoen1_NP160,ISOPleasant,0.6768,0.18295415,
isd_individual_iso_prediction__isd__tong_style_reduced_xgboost__seed2030,isd_individual_iso_prediction,ISD,test,ISD_Noorderplantsoen_Noorderplantsoen1_NP160_R60,ISD_Noorderplantsoen_Noorderplantsoen1_NP160,ISOPleasant,0.5,0.1524674,
isd_individual_iso_prediction__isd__tong_style_reduced_xgboost__seed2030,isd_individual_iso_prediction,ISD,test,ISD_Noorderplantsoen_Noorderplantsoen1_NP161_R61,ISD_Noorderplantsoen_Noorderplantsoen1_NP161,ISOPleasant,0.4697,0.22620736,
isd_individual_iso_prediction__isd__tong_style_reduced_xgboost__seed2030,isd_individual_iso_prediction,ISD,test,ISD_Noorderplantsoen_Noorderplantsoen1_NP163_R70,ISD_Noorderplantsoen_Noorderplantsoen1_NP163,ISOPleasant,0.6161,0.25052807,
isd_individual_iso_prediction__isd__tong_style_reduced_xgboost__seed2030,isd_individual_iso_prediction,ISD,test,ISD_ZhongshanSquare_ZhongshanSquare6_ZS6021_RCL01,ISD_ZhongshanSquare_ZhongshanSquare6_ZS6021,ISOPleasant,0.0732,0.33022073,
isd_individual_iso_prediction__isd__tong_style_reduced_xgboost__seed2030,isd_individual_iso_prediction,ISD,test,ISD_ZhongshanSquare_ZhongshanSquare6_ZS6022_RCL02,ISD_ZhongshanSquare_ZhongshanSquare6_ZS6022,ISOPleasant,-0.25,0.28864437,
isd_individual_iso_prediction__isd__tong_style_reduced_xgboost__seed2030,isd_individual_iso_prediction,ISD,test,ISD_ZhongshanSquare_ZhongshanSquare6_ZS6023_RCL03,ISD_ZhongshanSquare_ZhongshanSquare6_ZS6023,ISOPleasant,0.3232,0.25796857,
isd_individual_iso_prediction__isd__tong_style_reduced_xgboost__seed2030,isd_individual_iso_prediction,ISD,test,ISD_ZhongshanSquare_ZhongshanSquare6_ZS6024_RCL04,ISD_ZhongshanSquare_ZhongshanSquare6_ZS6024,ISOPleasant,0.5,0.2611907,
isd_individual_iso_prediction__isd__tong_style_reduced_xgboost__seed2030,isd_individual_iso_prediction,ISD,test,ISD_ZhongshanSquare_ZhongshanSquare6_ZS6025_RCL05,ISD_ZhongshanSquare_ZhongshanSquare6_ZS6025,ISOPleasant,0.0,0.23876846,
isd_individual_iso_prediction__isd__tong_style_reduced_xgboost__seed2030,isd_individual_iso_prediction,ISD,test,ISD_ZhongshanSquare_ZhongshanSquare6_ZS6026_RCL06,ISD_ZhongshanSquare_ZhongshanSquare6_ZS6026,ISOPleasant,0.3232,0.18542896,
isd_individual_iso_prediction__isd__tong_style_reduced_xgboost__seed2030,isd_individual_iso_prediction,ISD,test,ISD_ZhongshanSquare_ZhongshanSquare6_ZS6027_RCL07,ISD_ZhongshanSquare_ZhongshanSquare6_ZS6027,ISOPleasant,0.1464,0.44149515,
isd_individual_iso_prediction__isd__tong_style_reduced_xgboost__seed2030,isd_individual_iso_prediction,ISD,test,ISD_ZhongshanSquare_ZhongshanSquare6_ZS6028_RCL08,ISD_ZhongshanSquare_ZhongshanSquare6_ZS6028,ISOPleasant,0.0,0.30287892,
isd_individual_iso_prediction__isd__tong_style_reduced_xgboost__seed2030,isd_individual_iso_prediction,ISD,test,ISD_ZhongshanSquare_ZhongshanSquare6_ZS6029_RCL09,ISD_ZhongshanSquare_ZhongshanSquare6_ZS6029,ISOPleasant,-0.0303,0.18667334,
isd_individual_iso_prediction__isd__tong_style_reduced_xgboost__seed2030,isd_individual_iso_prediction,ISD,test,ISD_ZhongshanSquare_ZhongshanSquare6_ZS6030_RCL10,ISD_ZhongshanSquare_ZhongshanSquare6_ZS6030,ISOPleasant,0.1768,0.20339721,
isd_individual_iso_prediction__isd__tong_style_reduced_xgboost__seed2030,isd_individual_iso_prediction,ISD,test,ISD_ZhongshanSquare_ZhongshanSquare6_ZS6031_RCL11,ISD_ZhongshanSquare_ZhongshanSquare6_ZS6031,ISOPleasant,0.4268,0.2436391,
isd_individual_iso_prediction__isd__tong_style_reduced_xgboost__seed2030,isd_individual_iso_prediction,ISD,test,ISD_ZhongshanSquare_ZhongshanSquare6_ZS6032_RCL12,ISD_ZhongshanSquare_ZhongshanSquare6_ZS6032,ISOPleasant,0.6768,0.10855176,
isd_individual_iso_prediction__isd__tong_style_reduced_xgboost__seed2030,isd_individual_iso_prediction,ISD,test,ISD_ZhongshanSquare_ZhongshanSquare6_ZS6033_RCL13,ISD_ZhongshanSquare_ZhongshanSquare6_ZS6033,ISOPleasant,0.25,0.17464128,
isd_individual_iso_prediction__isd__tong_style_reduced_xgboost__seed2030,isd_individual_iso_prediction,ISD,test,ISD_ZhongshanSquare_ZhongshanSquare6_ZS6034_RCL14,ISD_ZhongshanSquare_ZhongshanSquare6_ZS6034,ISOPleasant,0.2071,0.31386188,
isd_individual_iso_prediction__isd__tong_style_reduced_xgboost__seed2030,isd_individual_iso_prediction,ISD,test,ISD_ZhongshanSquare_ZhongshanSquare6_ZS6035_RCL15,ISD_ZhongshanSquare_ZhongshanSquare6_ZS6035,ISOPleasant,0.4268,0.27617136,
isd_individual_iso_prediction__isd__tong_style_reduced_xgboost__seed2030,isd_individual_iso_prediction,ISD,test,ISD_ZhongshanSquare_ZhongshanSquare6_ZS6036_RQLF01,ISD_ZhongshanSquare_ZhongshanSquare6_ZS6036,ISOPleasant,0.3536,0.18045154,
isd_individual_iso_prediction__isd__tong_style_reduced_xgboost__seed2030,isd_individual_iso_prediction,ISD,test,ISD_ZhongshanSquare_ZhongshanSquare6_ZS6037_RQLF02,ISD_ZhongshanSquare_ZhongshanSquare6_ZS6037,ISOPleasant,0.0732,0.29441008,
isd_individual_iso_prediction__isd__tong_style_reduced_xgboost__seed2030,isd_individual_iso_prediction,ISD,test,ISD_ZhongshanSquare_ZhongshanSquare6_ZS6038_RQLF03,ISD_ZhongshanSquare_ZhongshanSquare6_ZS6038,ISOPleasant,0.5,0.28797558,
isd_individual_iso_prediction__isd__tong_style_reduced_xgboost__seed2030,isd_individual_iso_prediction,ISD,test,ISD_ZhongshanSquare_ZhongshanSquare6_ZS6039_RQLF04,ISD_ZhongshanSquare_ZhongshanSquare6_ZS6039,ISOPleasant,-0.5,0.33294573,
isd_individual_iso_prediction__isd__tong_style_reduced_xgboost__seed2030,isd_individual_iso_prediction,ISD,test,ISD_ZhongshanSquare_ZhongshanSquare6_ZS6040_RQLF05,ISD_ZhongshanSquare_ZhongshanSquare6_ZS6040,ISOPleasant,-0.1768,0.14773782,
isd_individual_iso_prediction__isd__tong_style_reduced_xgboost__seed2030,isd_individual_iso_prediction,ISD,test,ISD_ZhongshanSquare_ZhongshanSquare6_ZS6041_RQLF06,ISD_ZhongshanSquare_ZhongshanSquare6_ZS6041,ISOPleasant,0.2197,0.21945974,
isd_individual_iso_prediction__isd__tong_style_reduced_xgboost__seed2030,isd_individual_iso_prediction,ISD,test,ISD_ZhongshanSquare_ZhongshanSquare6_ZS6042_RQLF07,ISD_ZhongshanSquare_ZhongshanSquare6_ZS6042,ISOPleasant,0.1768,0.3873289,
isd_individual_iso_prediction__isd__tong_style_reduced_xgboost__seed2030,isd_individual_iso_prediction,ISD,test,ISD_ZhongshanSquare_ZhongshanSquare6_ZS6043_RQLF08,ISD_ZhongshanSquare_ZhongshanSquare6_ZS6043,ISOPleasant,0.2803,0.1422267,
isd_individual_iso_prediction__isd__tong_style_reduced_xgboost__seed2030,isd_individual_iso_prediction,ISD,test,ISD_ZhongshanSquare_ZhongshanSquare6_ZS6044_RQLF09,ISD_ZhongshanSquare_ZhongshanSquare6_ZS6044,ISOPleasant,0.5303,0.20966642,
isd_individual_iso_prediction__isd__tong_style_reduced_xgboost__seed2030,isd_individual_iso_prediction,ISD,test,ISD_ZhongshanSquare_ZhongshanSquare6_ZS6045_RQLF10,ISD_ZhongshanSquare_ZhongshanSquare6_ZS6045,ISOPleasant,0.6036,0.17464128,
isd_individual_iso_prediction__isd__tong_style_reduced_xgboost__seed2030,isd_individual_iso_prediction,ISD,test,ISD_ZhongshanSquare_ZhongshanSquare6_ZS6046_RQLF11,ISD_ZhongshanSquare_ZhongshanSquare6_ZS6046,ISOPleasant,0.0607,0.208524,
isd_individual_iso_prediction__isd__tong_style_reduced_xgboost__seed2030,isd_individual_iso_prediction,ISD,test,ISD_ZhongshanSquare_ZhongshanSquare6_ZS6047_RQLF12,ISD_ZhongshanSquare_ZhongshanSquare6_ZS6047,ISOPleasant,0.25,0.21458234,
isd_individual_iso_prediction__isd__tong_style_reduced_xgboost__seed2030,isd_individual_iso_prediction,ISD,test,ISD_ZhongshanSquare_ZhongshanSquare6_ZS6048_RQLF13,ISD_ZhongshanSquare_ZhongshanSquare6_ZS6048,ISOPleasant,0.5,0.31383008,
isd_individual_iso_prediction__isd__tong_style_reduced_xgboost__seed2030,isd_individual_iso_prediction,ISD,test,ISD_ZhongshanSquare_ZhongshanSquare6_ZS6049_RQLF14,ISD_ZhongshanSquare_ZhongshanSquare6_ZS6049,ISOPleasant,0.1768,0.30968475,
isd_individual_iso_prediction__isd__tong_style_reduced_xgboost__seed2030,isd_individual_iso_prediction,ISD,test,ISD_ZhongshanSquare_ZhongshanSquare6_ZS6051_RJS02,ISD_ZhongshanSquare_ZhongshanSquare6_ZS6051,ISOPleasant,-0.1036,0.15839669,
isd_individual_iso_prediction__isd__tong_style_reduced_xgboost__seed2030,isd_individual_iso_prediction,ISD,test,ISD_ZhongshanSquare_ZhongshanSquare6_ZS6052_RJS03,ISD_ZhongshanSquare_ZhongshanSquare6_ZS6052,ISOPleasant,-0.1464,0.2391356,
isd_individual_iso_prediction__isd__tong_style_reduced_xgboost__seed2030,isd_individual_iso_prediction,ISD,test,ISD_ZhongshanSquare_ZhongshanSquare6_ZS6053_RJS04,ISD_ZhongshanSquare_ZhongshanSquare6_ZS6053,ISOPleasant,0.0,0.19050168,
isd_individual_iso_prediction__isd__tong_style_reduced_xgboost__seed2030,isd_individual_iso_prediction,ISD,test,ISD_ZhongshanSquare_ZhongshanSquare6_ZS6054_RJS05,ISD_ZhongshanSquare_ZhongshanSquare6_ZS6054,ISOPleasant,-0.2197,0.42590505,
isd_individual_iso_prediction__isd__tong_style_reduced_xgboost__seed2030,isd_individual_iso_prediction,ISD,test,ISD_ZhongshanSquare_ZhongshanSquare6_ZS6055_RJS06,ISD_ZhongshanSquare_ZhongshanSquare6_ZS6055,ISOPleasant,0.0303,0.26296344,
isd_individual_iso_prediction__isd__tong_style_reduced_xgboost__seed2030,isd_individual_iso_prediction,ISD,test,ISD_ZhongshanSquare_ZhongshanSquare6_ZS6056_RJS07,ISD_ZhongshanSquare_ZhongshanSquare6_ZS6056,ISOPleasant,0.0732,0.21479753,
isd_individual_iso_prediction__isd__tong_style_reduced_xgboost__seed2030,isd_individual_iso_prediction,ISD,test,ISD_ZhongshanSquare_ZhongshanSquare6_ZS6058_RJS09,ISD_ZhongshanSquare_ZhongshanSquare6_ZS6058,ISOPleasant,0.1036,0.35929593,
isd_individual_iso_prediction__isd__tong_style_reduced_xgboost__seed2030,isd_individual_iso_prediction,ISD,test,ISD_ZhongshanSquare_ZhongshanSquare6_ZS6059_RJS10,ISD_ZhongshanSquare_ZhongshanSquare6_ZS6059,ISOPleasant,-0.1464,0.30768192,
isd_individual_iso_prediction__isd__tong_style_reduced_xgboost__seed2030,isd_individual_iso_prediction,ISD,test,ISD_ZhongshanSquare_ZhongshanSquare6_ZS6060_RJS11,ISD_ZhongshanSquare_ZhongshanSquare6_ZS6060,ISOPleasant,0.5,0.2254422,
isd_individual_iso_prediction__isd__tong_style_reduced_xgboost__seed2030,isd_individual_iso_prediction,ISD,test,ISD_ZhongshanSquare_ZhongshanSquare6_ZS6061_RJS12,ISD_ZhongshanSquare_ZhongshanSquare6_ZS6061,ISOPleasant,0.0732,0.076612025,
isd_individual_iso_prediction__isd__tong_style_reduced_xgboost__seed2030,isd_individual_iso_prediction,ISD,test,ISD_ZhongshanSquare_ZhongshanSquare6_ZS6062_RJS13,ISD_ZhongshanSquare_ZhongshanSquare6_ZS6062,ISOPleasant,0.0,0.24922116,
isd_individual_iso_prediction__isd__tong_style_reduced_xgboost__seed2030,isd_individual_iso_prediction,ISD,test,ISD_ZhongshanSquare_ZhongshanSquare6_ZS6063_RJS14,ISD_ZhongshanSquare_ZhongshanSquare6_ZS6063,ISOPleasant,0.5,0.13248554,
isd_individual_iso_prediction__isd__tong_style_reduced_xgboost__seed2030,isd_individual_iso_prediction,ISD,test,ISD_ZhongshanSquare_ZhongshanSquare6_ZS6064_RJS15,ISD_ZhongshanSquare_ZhongshanSquare6_ZS6064,ISOPleasant,0.0,0.24469063,
isd_individual_iso_prediction__isd__tong_style_reduced_xgboost__seed2030,isd_individual_iso_prediction,ISD,test,ISD_ZhongshanSquare_ZhongshanSquare6_ZS6089_RLWQ01,ISD_ZhongshanSquare_ZhongshanSquare6_ZS6089,ISOPleasant,0.5,0.26817897,
isd_individual_iso_prediction__isd__tong_style_reduced_xgboost__seed2030,isd_individual_iso_prediction,ISD,test,ISD_ZhongshanSquare_ZhongshanSquare6_ZS6090_RLWQ02,ISD_ZhongshanSquare_ZhongshanSquare6_ZS6090,ISOPleasant,0.1768,0.2892209,
isd_individual_iso_prediction__isd__tong_style_reduced_xgboost__seed2030,isd_individual_iso_prediction,ISD,test,ISD_ZhongshanSquare_ZhongshanSquare6_ZS6091_RLWQ04,ISD_ZhongshanSquare_ZhongshanSquare6_ZS6091,ISOPleasant,0.2803,0.37516734,
isd_individual_iso_prediction__isd__tong_style_reduced_xgboost__seed2030,isd_individual_iso_prediction,ISD,test,ISD_ZhongshanSquare_ZhongshanSquare6_ZS6092_RLWQ05,ISD_ZhongshanSquare_ZhongshanSquare6_ZS6092,ISOPleasant,0.3536,0.37841055,
isd_individual_iso_prediction__isd__tong_style_reduced_xgboost__seed2030,isd_individual_iso_prediction,ISD,test,ISD_ZhongshanSquare_ZhongshanSquare6_ZS6093_RLWQ06,ISD_ZhongshanSquare_ZhongshanSquare6_ZS6093,ISOPleasant,0.25,0.26833025,
isd_individual_iso_prediction__isd__tong_style_reduced_xgboost__seed2030,isd_individual_iso_prediction,ISD,test,ISD_ZhongshanSquare_ZhongshanSquare6_ZS6094_RLWQ07,ISD_ZhongshanSquare_ZhongshanSquare6_ZS6094,ISOPleasant,-0.2803,0.23946302,
isd_individual_iso_prediction__isd__tong_style_reduced_xgboost__seed2030,isd_individual_iso_prediction,ISD,test,ISD_ZhongshanSquare_ZhongshanSquare6_ZS6110_RCWY01,ISD_ZhongshanSquare_ZhongshanSquare6_ZS6110,ISOPleasant,0.2803,0.34223738,
isd_individual_iso_prediction__isd__tong_style_reduced_xgboost__seed2030,isd_individual_iso_prediction,ISD,test,ISD_ZhongshanSquare_ZhongshanSquare6_ZS6111_RCWY02,ISD_ZhongshanSquare_ZhongshanSquare6_ZS6111,ISOPleasant,0.0,0.37487835,
isd_individual_iso_prediction__isd__tong_style_reduced_xgboost__seed2030,isd_individual_iso_prediction,ISD,test,ISD_ZhongshanSquare_ZhongshanSquare6_ZS6112_RCWY03,ISD_ZhongshanSquare_ZhongshanSquare6_ZS6112,ISOPleasant,0.0,0.3828045,
isd_individual_iso_prediction__isd__tong_style_reduced_xgboost__seed2030,isd_individual_iso_prediction,ISD,test,ISD_ZhongshanSquare_ZhongshanSquare6_ZS6113_RCWY04,ISD_ZhongshanSquare_ZhongshanSquare6_ZS6113,ISOPleasant,0.0,0.3025742,
isd_individual_iso_prediction__isd__tong_style_reduced_xgboost__seed2030,isd_individual_iso_prediction,ISD,test,ISD_ZhongshanSquare_ZhongshanSquare6_ZS6114_RCWY05,ISD_ZhongshanSquare_ZhongshanSquare6_ZS6114,ISOPleasant,0.0,0.33887392,
isd_individual_iso_prediction__isd__tong_style_reduced_xgboost__seed2030,isd_individual_iso_prediction,ISD,test,ISD_ZhongshanSquare_ZhongshanSquare6_ZS6115_RCWY06,ISD_ZhongshanSquare_ZhongshanSquare6_ZS6115,ISOPleasant,0.0,0.16770774,
isd_individual_iso_prediction__isd__tong_style_reduced_xgboost__seed2030,isd_individual_iso_prediction,ISD,test,ISD_ZhongshanSquare_ZhongshanSquare6_ZS6116_RCWY07,ISD_ZhongshanSquare_ZhongshanSquare6_ZS6116,ISOPleasant,0.0,0.21211062,
isd_individual_iso_prediction__isd__tong_style_reduced_xgboost__seed2030,isd_individual_iso_prediction,ISD,test,ISD_ZhongshanSquare_ZhongshanSquare6_ZS6117_RCWY08,ISD_ZhongshanSquare_ZhongshanSquare6_ZS6117,ISOPleasant,0.0,0.2968169,
isd_individual_iso_prediction__isd__tong_style_reduced_xgboost__seed2030,isd_individual_iso_prediction,ISD,test,ISD_ZhongshanSquare_ZhongshanSquare6_ZS6118_RZML01,ISD_ZhongshanSquare_ZhongshanSquare6_ZS6118,ISOPleasant,0.25,0.3992589,
isd_individual_iso_prediction__isd__tong_style_reduced_xgboost__seed2030,isd_individual_iso_prediction,ISD,test,ISD_ZhongshanSquare_ZhongshanSquare6_ZS6119_RZML02,ISD_ZhongshanSquare_ZhongshanSquare6_ZS6119,ISOPleasant,0.3839,0.37051636,
isd_individual_iso_prediction__isd__tong_style_reduced_xgboost__seed2030,isd_individual_iso_prediction,ISD,test,ISD_ZhongshanSquare_ZhongshanSquare6_ZS6120_RZML03,ISD_ZhongshanSquare_ZhongshanSquare6_ZS6120,ISOPleasant,0.5732,0.3281267,
isd_individual_iso_prediction__isd__tong_style_reduced_xgboost__seed2030,isd_individual_iso_prediction,ISD,test,ISD_ZhongshanSquare_ZhongshanSquare6_ZS6121_RZML04,ISD_ZhongshanSquare_ZhongshanSquare6_ZS6121,ISOPleasant,0.4268,0.28626293,
isd_individual_iso_prediction__isd__tong_style_reduced_xgboost__seed2030,isd_individual_iso_prediction,ISD,test,ISD_ZhongshanSquare_ZhongshanSquare6_ZS6122_RZML05,ISD_ZhongshanSquare_ZhongshanSquare6_ZS6122,ISOPleasant,0.6036,0.3549828,
isd_individual_iso_prediction__isd__tong_style_reduced_xgboost__seed2030,isd_individual_iso_prediction,ISD,test,ISD_ZhongshanSquare_ZhongshanSquare6_ZS6123_RZML06,ISD_ZhongshanSquare_ZhongshanSquare6_ZS6123,ISOPleasant,0.4268,0.3346063,
isd_individual_iso_prediction__isd__tong_style_reduced_xgboost__seed2030,isd_individual_iso_prediction,ISD,test,ISD_ZhongshanSquare_ZhongshanSquare6_ZS6124_RZML07,ISD_ZhongshanSquare_ZhongshanSquare6_ZS6124,ISOPleasant,0.5,0.2029949,
isd_individual_iso_prediction__isd__tong_style_reduced_xgboost__seed2030,isd_individual_iso_prediction,ISD,test,ISD_ZhongshanSquare_ZhongshanSquare6_ZS6125_RZML08,ISD_ZhongshanSquare_ZhongshanSquare6_ZS6125,ISOPleasant,0.25,0.31697914,
isd_individual_iso_prediction__isd__tong_style_reduced_xgboost__seed2030,isd_individual_iso_prediction,ISD,dev,ISD_EustonTap_EustonTap1_ET101_R1284,ISD_EustonTap_EustonTap1_ET101,ISOEventful,0.1464,0.29424915,
isd_individual_iso_prediction__isd__tong_style_reduced_xgboost__seed2030,isd_individual_iso_prediction,ISD,dev,ISD_EustonTap_EustonTap1_ET101_R1285,ISD_EustonTap_EustonTap1_ET101,ISOEventful,0.0429,0.30006668,
isd_individual_iso_prediction__isd__tong_style_reduced_xgboost__seed2030,isd_individual_iso_prediction,ISD,dev,ISD_EustonTap_EustonTap1_ET103_R1286,ISD_EustonTap_EustonTap1_ET103,ISOEventful,0.341,0.1758296,
isd_individual_iso_prediction__isd__tong_style_reduced_xgboost__seed2030,isd_individual_iso_prediction,ISD,dev,ISD_EustonTap_EustonTap1_ET103_R1287,ISD_EustonTap_EustonTap1_ET103,ISOEventful,0.1768,0.21306281,
isd_individual_iso_prediction__isd__tong_style_reduced_xgboost__seed2030,isd_individual_iso_prediction,ISD,dev,ISD_EustonTap_EustonTap1_ET103_R1288,ISD_EustonTap_EustonTap1_ET103,ISOEventful,0.3839,0.19477387,
isd_individual_iso_prediction__isd__tong_style_reduced_xgboost__seed2030,isd_individual_iso_prediction,ISD,dev,ISD_EustonTap_EustonTap1_ET104_R1289,ISD_EustonTap_EustonTap1_ET104,ISOEventful,0.7929,0.17857714,
isd_individual_iso_prediction__isd__tong_style_reduced_xgboost__seed2030,isd_individual_iso_prediction,ISD,dev,ISD_EustonTap_EustonTap1_ET105_R1290,ISD_EustonTap_EustonTap1_ET105,ISOEventful,0.0429,0.16683227,
isd_individual_iso_prediction__isd__tong_style_reduced_xgboost__seed2030,isd_individual_iso_prediction,ISD,dev,ISD_EustonTap_EustonTap1_ET105_R1291,ISD_EustonTap_EustonTap1_ET105,ISOEventful,0.0429,0.2323518,
isd_individual_iso_prediction__isd__tong_style_reduced_xgboost__seed2030,isd_individual_iso_prediction,ISD,dev,ISD_EustonTap_EustonTap1_ET106_R1292,ISD_EustonTap_EustonTap1_ET106,ISOEventful,-0.2197,0.1336262,
isd_individual_iso_prediction__isd__tong_style_reduced_xgboost__seed2030,isd_individual_iso_prediction,ISD,dev,ISD_EustonTap_EustonTap1_ET106_R1293,ISD_EustonTap_EustonTap1_ET106,ISOEventful,0.0,0.07001195,
isd_individual_iso_prediction__isd__tong_style_reduced_xgboost__seed2030,isd_individual_iso_prediction,ISD,dev,ISD_EustonTap_EustonTap1_ET107_R1294,ISD_EustonTap_EustonTap1_ET107,ISOEventful,-0.2071,0.36710703,
isd_individual_iso_prediction__isd__tong_style_reduced_xgboost__seed2030,isd_individual_iso_prediction,ISD,dev,ISD_EustonTap_EustonTap1_ET108_R1295,ISD_EustonTap_EustonTap1_ET108,ISOEventful,0.3232,0.28078818,
isd_individual_iso_prediction__isd__tong_style_reduced_xgboost__seed2030,isd_individual_iso_prediction,ISD,dev,ISD_EustonTap_EustonTap1_ET109_R1296,ISD_EustonTap_EustonTap1_ET109,ISOEventful,0.5,0.19173476,
isd_individual_iso_prediction__isd__tong_style_reduced_xgboost__seed2030,isd_individual_iso_prediction,ISD,dev,ISD_EustonTap_EustonTap1_ET109_R1298,ISD_EustonTap_EustonTap1_ET109,ISOEventful,0.1768,0.17773679,
isd_individual_iso_prediction__isd__tong_style_reduced_xgboost__seed2030,isd_individual_iso_prediction,ISD,dev,ISD_EustonTap_EustonTap1_ET110_R1297,ISD_EustonTap_EustonTap1_ET110,ISOEventful,-0.0607,0.3393265,
isd_individual_iso_prediction__isd__tong_style_reduced_xgboost__seed2030,isd_individual_iso_prediction,ISD,dev,ISD_EustonTap_EustonTap1_ET110_R1299,ISD_EustonTap_EustonTap1_ET110,ISOEventful,0.0303,0.30906174,
isd_individual_iso_prediction__isd__tong_style_reduced_xgboost__seed2030,isd_individual_iso_prediction,ISD,dev,ISD_EustonTap_EustonTap1_ET111_R1300,ISD_EustonTap_EustonTap1_ET111,ISOEventful,0.0,0.21573766,
isd_individual_iso_prediction__isd__tong_style_reduced_xgboost__seed2030,isd_individual_iso_prediction,ISD,dev,ISD_EustonTap_EustonTap1_ET111_R1301,ISD_EustonTap_EustonTap1_ET111,ISOEventful,0.0858,0.20620471,
isd_individual_iso_prediction__isd__tong_style_reduced_xgboost__seed2030,isd_individual_iso_prediction,ISD,dev,ISD_EustonTap_EustonTap1_ET112_R1302,ISD_EustonTap_EustonTap1_ET112,ISOEventful,0.4268,0.2370082,
isd_individual_iso_prediction__isd__tong_style_reduced_xgboost__seed2030,isd_individual_iso_prediction,ISD,dev,ISD_EustonTap_EustonTap1_ET113_R1303,ISD_EustonTap_EustonTap1_ET113,ISOEventful,-0.1036,0.17283072,
isd_individual_iso_prediction__isd__tong_style_reduced_xgboost__seed2030,isd_individual_iso_prediction,ISD,dev,ISD_EustonTap_EustonTap1_ET115_R1306,ISD_EustonTap_EustonTap1_ET115,ISOEventful,-0.1036,0.45050797,
isd_individual_iso_prediction__isd__tong_style_reduced_xgboost__seed2030,isd_individual_iso_prediction,ISD,dev,ISD_EustonTap_EustonTap1_ET115_R1308,ISD_EustonTap_EustonTap1_ET115,ISOEventful,0.0126,0.37117255,
isd_individual_iso_prediction__isd__tong_style_reduced_xgboost__seed2030,isd_individual_iso_prediction,ISD,dev,ISD_EustonTap_EustonTap1_ET115_R1309,ISD_EustonTap_EustonTap1_ET115,ISOEventful,-0.0607,0.39685643,
isd_individual_iso_prediction__isd__tong_style_reduced_xgboost__seed2030,isd_individual_iso_prediction,ISD,dev,ISD_EustonTap_EustonTap1_ET116_R1305,ISD_EustonTap_EustonTap1_ET116,ISOEventful,-0.3536,0.30934048,
isd_individual_iso_prediction__isd__tong_style_reduced_xgboost__seed2030,isd_individual_iso_prediction,ISD,dev,ISD_EustonTap_EustonTap1_ET117_R1311,ISD_EustonTap_EustonTap1_ET117,ISOEventful,0.5,0.18636113,
isd_individual_iso_prediction__isd__tong_style_reduced_xgboost__seed2030,isd_individual_iso_prediction,ISD,dev,ISD_EustonTap_EustonTap1_ET118_R1307,ISD_EustonTap_EustonTap1_ET118,ISOEventful,0.4268,0.22692545,
isd_individual_iso_prediction__isd__tong_style_reduced_xgboost__seed2030,isd_individual_iso_prediction,ISD,dev,ISD_EustonTap_EustonTap1_ET118_R1310,ISD_EustonTap_EustonTap1_ET118,ISOEventful,0.6768,0.2047549,
isd_individual_iso_prediction__isd__tong_style_reduced_xgboost__seed2030,isd_individual_iso_prediction,ISD,dev,ISD_EustonTap_EustonTap1_ET118_R1312,ISD_EustonTap_EustonTap1_ET118,ISOEventful,0.2197,0.21726874,
isd_individual_iso_prediction__isd__tong_style_reduced_xgboost__seed2030,isd_individual_iso_prediction,ISD,dev,ISD_EustonTap_EustonTap1_ET118_R1313,ISD_EustonTap_EustonTap1_ET118,ISOEventful,-0.1945,0.22513649,
isd_individual_iso_prediction__isd__tong_style_reduced_xgboost__seed2030,isd_individual_iso_prediction,ISD,dev,ISD_EustonTap_EustonTap1_ET119_R1314,ISD_EustonTap_EustonTap1_ET119,ISOEventful,0.1768,0.21999866,
isd_individual_iso_prediction__isd__tong_style_reduced_xgboost__seed2030,isd_individual_iso_prediction,ISD,dev,ISD_EustonTap_EustonTap1_ET120_R1315,ISD_EustonTap_EustonTap1_ET120,ISOEventful,0.5303,0.17076308,
isd_individual_iso_prediction__isd__tong_style_reduced_xgboost__seed2030,isd_individual_iso_prediction,ISD,dev,ISD_EustonTap_EustonTap1_ET120_R1316,ISD_EustonTap_EustonTap1_ET120,ISOEventful,0.4268,0.17076308,
isd_individual_iso_prediction__isd__tong_style_reduced_xgboost__seed2030,isd_individual_iso_prediction,ISD,dev,ISD_EustonTap_EustonTap1_ET121_R1317,ISD_EustonTap_EustonTap1_ET121,ISOEventful,0.341,0.23232315,
isd_individual_iso_prediction__isd__tong_style_reduced_xgboost__seed2030,isd_individual_iso_prediction,ISD,dev,ISD_EustonTap_EustonTap1_ET122_R1318,ISD_EustonTap_EustonTap1_ET122,ISOEventful,0.1464,0.16341135,
isd_individual_iso_prediction__isd__tong_style_reduced_xgboost__seed2030,isd_individual_iso_prediction,ISD,dev,ISD_EustonTap_EustonTap1_ET122_R1319,ISD_EustonTap_EustonTap1_ET122,ISOEventful,0.2322,0.19518855,
isd_individual_iso_prediction__isd__tong_style_reduced_xgboost__seed2030,isd_individual_iso_prediction,ISD,dev,ISD_EustonTap_EustonTap1_ET123_R1320,ISD_EustonTap_EustonTap1_ET123,ISOEventful,0.3964,0.2528323,
isd_individual_iso_prediction__isd__tong_style_reduced_xgboost__seed2030,isd_individual_iso_prediction,ISD,dev,ISD_EustonTap_EustonTap1_ET123_R1321,ISD_EustonTap_EustonTap1_ET123,ISOEventful,0.5732,0.30283663,
isd_individual_iso_prediction__isd__tong_style_reduced_xgboost__seed2030,isd_individual_iso_prediction,ISD,dev,ISD_EustonTap_EustonTap1_ET123_R1322,ISD_EustonTap_EustonTap1_ET123,ISOEventful,-0.1464,0.24288018,
isd_individual_iso_prediction__isd__tong_style_reduced_xgboost__seed2030,isd_individual_iso_prediction,ISD,dev,ISD_EustonTap_EustonTap1_ET124_R1323,ISD_EustonTap_EustonTap1_ET124,ISOEventful,-0.341,0.21670766,
isd_individual_iso_prediction__isd__tong_style_reduced_xgboost__seed2030,isd_individual_iso_prediction,ISD,dev,ISD_EustonTap_EustonTap1_ET124_R1324,ISD_EustonTap_EustonTap1_ET124,ISOEventful,0.0,0.18942386,
isd_individual_iso_prediction__isd__tong_style_reduced_xgboost__seed2030,isd_individual_iso_prediction,ISD,dev,ISD_EustonTap_EustonTap1_ET125_R1325,ISD_EustonTap_EustonTap1_ET125,ISOEventful,0.25,0.21242747,
isd_individual_iso_prediction__isd__tong_style_reduced_xgboost__seed2030,isd_individual_iso_prediction,ISD,dev,ISD_EustonTap_EustonTap2_ET201_R1326,ISD_EustonTap_EustonTap2_ET201,ISOEventful,0.7803,0.16475946,
isd_individual_iso_prediction__isd__tong_style_reduced_xgboost__seed2030,isd_individual_iso_prediction,ISD,dev,ISD_EustonTap_EustonTap2_ET201_R1327,ISD_EustonTap_EustonTap2_ET201,ISOEventful,0.0858,0.1887183,
isd_individual_iso_prediction__isd__tong_style_reduced_xgboost__seed2030,isd_individual_iso_prediction,ISD,dev,ISD_EustonTap_EustonTap2_ET201_R1328,ISD_EustonTap_EustonTap2_ET201,ISOEventful,0.3055,0.1489927,
isd_individual_iso_prediction__isd__tong_style_reduced_xgboost__seed2030,isd_individual_iso_prediction,ISD,dev,ISD_EustonTap_EustonTap2_ET202_R1329,ISD_EustonTap_EustonTap2_ET202,ISOEventful,0.5732,0.40743765,
isd_individual_iso_prediction__isd__tong_style_reduced_xgboost__seed2030,isd_individual_iso_prediction,ISD,dev,ISD_EustonTap_EustonTap2_ET203_R1330,ISD_EustonTap_EustonTap2_ET203,ISOEventful,0.2197,0.18130407,
isd_individual_iso_prediction__isd__tong_style_reduced_xgboost__seed2030,isd_individual_iso_prediction,ISD,dev,ISD_EustonTap_EustonTap2_ET205_R1332,ISD_EustonTap_EustonTap2_ET205,ISOEventful,0.0126,0.29037845,
isd_individual_iso_prediction__isd__tong_style_reduced_xgboost__seed2030,isd_individual_iso_prediction,ISD,dev,ISD_EustonTap_EustonTap2_ET205_R1333,ISD_EustonTap_EustonTap2_ET205,ISOEventful,0.6768,0.24907239,
isd_individual_iso_prediction__isd__tong_style_reduced_xgboost__seed2030,isd_individual_iso_prediction,ISD,dev,ISD_EustonTap_EustonTap2_ET206_R1334,ISD_EustonTap_EustonTap2_ET206,ISOEventful,0.2197,0.2613365,
isd_individual_iso_prediction__isd__tong_style_reduced_xgboost__seed2030,isd_individual_iso_prediction,ISD,dev,ISD_EustonTap_EustonTap2_ET206_R1335,ISD_EustonTap_EustonTap2_ET206,ISOEventful,0.3232,0.21225886,
isd_individual_iso_prediction__isd__tong_style_reduced_xgboost__seed2030,isd_individual_iso_prediction,ISD,dev,ISD_EustonTap_EustonTap2_ET206_R1336,ISD_EustonTap_EustonTap2_ET206,ISOEventful,0.5732,0.21806942,
isd_individual_iso_prediction__isd__tong_style_reduced_xgboost__seed2030,isd_individual_iso_prediction,ISD,dev,ISD_EustonTap_EustonTap2_ET207_R1338,ISD_EustonTap_EustonTap2_ET207,ISOEventful,0.8232,0.15778382,
isd_individual_iso_prediction__isd__tong_style_reduced_xgboost__seed2030,isd_individual_iso_prediction,ISD,dev,ISD_EustonTap_EustonTap2_ET207_R1339,ISD_EustonTap_EustonTap2_ET207,ISOEventful,0.4697,0.1192288,
isd_individual_iso_prediction__isd__tong_style_reduced_xgboost__seed2030,isd_individual_iso_prediction,ISD,dev,ISD_EustonTap_EustonTap2_ET207_R1340,ISD_EustonTap_EustonTap2_ET207,ISOEventful,0.1768,0.15435985,
isd_individual_iso_prediction__isd__tong_style_reduced_xgboost__seed2030,isd_individual_iso_prediction,ISD,dev,ISD_EustonTap_EustonTap2_ET207_R1341,ISD_EustonTap_EustonTap2_ET207,ISOEventful,0.0,0.12580495,
isd_individual_iso_prediction__isd__tong_style_reduced_xgboost__seed2030,isd_individual_iso_prediction,ISD,dev,ISD_EustonTap_EustonTap2_ET210_R1345,ISD_EustonTap_EustonTap2_ET210,ISOEventful,0.159,0.2127556,
isd_individual_iso_prediction__isd__tong_style_reduced_xgboost__seed2030,isd_individual_iso_prediction,ISD,dev,ISD_EustonTap_EustonTap2_ET211_R1346,ISD_EustonTap_EustonTap2_ET211,ISOEventful,-0.3232,0.24941383,
isd_individual_iso_prediction__isd__tong_style_reduced_xgboost__seed2030,isd_individual_iso_prediction,ISD,dev,ISD_EustonTap_EustonTap2_ET212_R1347,ISD_EustonTap_EustonTap2_ET212,ISOEventful,0.1893,0.21456525,
isd_individual_iso_prediction__isd__tong_style_reduced_xgboost__seed2030,isd_individual_iso_prediction,ISD,dev,ISD_EustonTap_EustonTap2_ET212_R1348,ISD_EustonTap_EustonTap2_ET212,ISOEventful,0.2929,0.21980089,
isd_individual_iso_prediction__isd__tong_style_reduced_xgboost__seed2030,isd_individual_iso_prediction,ISD,dev,ISD_EustonTap_EustonTap2_ET213_R1349,ISD_EustonTap_EustonTap2_ET213,ISOEventful,0.2374,0.2240417,
isd_individual_iso_prediction__isd__tong_style_reduced_xgboost__seed2030,isd_individual_iso_prediction,ISD,dev,ISD_EustonTap_EustonTap2_ET214_R1350,ISD_EustonTap_EustonTap2_ET214,ISOEventful,0.6036,0.13987696,
isd_individual_iso_prediction__isd__tong_style_reduced_xgboost__seed2030,isd_individual_iso_prediction,ISD,dev,ISD_EustonTap_EustonTap2_ET215_R1351,ISD_EustonTap_EustonTap2_ET215,ISOEventful,0.1768,0.2077565,
isd_individual_iso_prediction__isd__tong_style_reduced_xgboost__seed2030,isd_individual_iso_prediction,ISD,dev,ISD_EustonTap_EustonTap2_ET216_R1352,ISD_EustonTap_EustonTap2_ET216,ISOEventful,0.7197,0.290322,
isd_individual_iso_prediction__isd__tong_style_reduced_xgboost__seed2030,isd_individual_iso_prediction,ISD,dev,ISD_EustonTap_EustonTap2_ET218_R1355,ISD_EustonTap_EustonTap2_ET218,ISOEventful,0.0429,0.23891538,
isd_individual_iso_prediction__isd__tong_style_reduced_xgboost__seed2030,isd_individual_iso_prediction,ISD,dev,ISD_EustonTap_EustonTap2_ET218_R1356,ISD_EustonTap_EustonTap2_ET218,ISOEventful,0.0,0.19357136,
isd_individual_iso_prediction__isd__tong_style_reduced_xgboost__seed2030,isd_individual_iso_prediction,ISD,dev,ISD_EustonTap_EustonTap2_ET219_R1357,ISD_EustonTap_EustonTap2_ET219,ISOEventful,0.0303,0.1819006,
isd_individual_iso_prediction__isd__tong_style_reduced_xgboost__seed2030,isd_individual_iso_prediction,ISD,dev,ISD_EustonTap_EustonTap2_ET219_R1358,ISD_EustonTap_EustonTap2_ET219,ISOEventful,-0.1036,0.16955505,
isd_individual_iso_prediction__isd__tong_style_reduced_xgboost__seed2030,isd_individual_iso_prediction,ISD,dev,ISD_EustonTap_EustonTap2_ET220_R1359,ISD_EustonTap_EustonTap2_ET220,ISOEventful,0.0126,0.27002332,
isd_individual_iso_prediction__isd__tong_style_reduced_xgboost__seed2030,isd_individual_iso_prediction,ISD,dev,ISD_EustonTap_EustonTap2_ET221_R1360,ISD_EustonTap_EustonTap2_ET221,ISOEventful,0.4571,0.313805,
isd_individual_iso_prediction__isd__tong_style_reduced_xgboost__seed2030,isd_individual_iso_prediction,ISD,dev,ISD_EustonTap_EustonTap2_ET221_R1361,ISD_EustonTap_EustonTap2_ET221,ISOEventful,0.0732,0.30968547,
isd_individual_iso_prediction__isd__tong_style_reduced_xgboost__seed2030,isd_individual_iso_prediction,ISD,dev,ISD_EustonTap_EustonTap2_ET222_R1362,ISD_EustonTap_EustonTap2_ET222,ISOEventful,0.5732,0.25763658,
isd_individual_iso_prediction__isd__tong_style_reduced_xgboost__seed2030,isd_individual_iso_prediction,ISD,dev,ISD_EustonTap_EustonTap3_ET302_R1366,ISD_EustonTap_EustonTap3_ET302,ISOEventful,-0.1768,0.2423897,
isd_individual_iso_prediction__isd__tong_style_reduced_xgboost__seed2030,isd_individual_iso_prediction,ISD,dev,ISD_EustonTap_EustonTap3_ET302_R1367,ISD_EustonTap_EustonTap3_ET302,ISOEventful,0.0,0.22889376,
isd_individual_iso_prediction__isd__tong_style_reduced_xgboost__seed2030,isd_individual_iso_prediction,ISD,dev,ISD_EustonTap_EustonTap3_ET303_R1370,ISD_EustonTap_EustonTap3_ET303,ISOEventful,0.1036,0.14998145,
isd_individual_iso_prediction__isd__tong_style_reduced_xgboost__seed2030,isd_individual_iso_prediction,ISD,dev,ISD_EustonTap_EustonTap3_ET303_R1371,ISD_EustonTap_EustonTap3_ET303,ISOEventful,0.1768,0.13142611,
isd_individual_iso_prediction__isd__tong_style_reduced_xgboost__seed2030,isd_individual_iso_prediction,ISD,dev,ISD_EustonTap_EustonTap3_ET303_R1372,ISD_EustonTap_EustonTap3_ET303,ISOEventful,0.1464,0.13783188,
isd_individual_iso_prediction__isd__tong_style_reduced_xgboost__seed2030,isd_individual_iso_prediction,ISD,dev,ISD_EustonTap_EustonTap3_ET304_R1373,ISD_EustonTap_EustonTap3_ET304,ISOEventful,-0.5,0.08539404,
isd_individual_iso_prediction__isd__tong_style_reduced_xgboost__seed2030,isd_individual_iso_prediction,ISD,dev,ISD_EustonTap_EustonTap3_ET305_R1374,ISD_EustonTap_EustonTap3_ET305,ISOEventful,0.0126,0.18011186,
isd_individual_iso_prediction__isd__tong_style_reduced_xgboost__seed2030,isd_individual_iso_prediction,ISD,dev,ISD_EustonTap_EustonTap3_ET306_R1375,ISD_EustonTap_EustonTap3_ET306,ISOEventful,0.8232,0.27888307,
isd_individual_iso_prediction__isd__tong_style_reduced_xgboost__seed2030,isd_individual_iso_prediction,ISD,dev,ISD_EustonTap_EustonTap3_ET306_R1376,ISD_EustonTap_EustonTap3_ET306,ISOEventful,0.0732,0.20954941,
isd_individual_iso_prediction__isd__tong_style_reduced_xgboost__seed2030,isd_individual_iso_prediction,ISD,dev,ISD_EustonTap_EustonTap3_ET306_R1377,ISD_EustonTap_EustonTap3_ET306,ISOEventful,0.1464,0.27888307,
isd_individual_iso_prediction__isd__tong_style_reduced_xgboost__seed2030,isd_individual_iso_prediction,ISD,dev,ISD_EustonTap_EustonTap3_ET306_R1378,ISD_EustonTap_EustonTap3_ET306,ISOEventful,0.2803,0.27888307,
isd_individual_iso_prediction__isd__tong_style_reduced_xgboost__seed2030,isd_individual_iso_prediction,ISD,dev,ISD_EustonTap_EustonTap3_ET306_R1379,ISD_EustonTap_EustonTap3_ET306,ISOEventful,0.0607,0.259981,
isd_individual_iso_prediction__isd__tong_style_reduced_xgboost__seed2030,isd_individual_iso_prediction,ISD,dev,ISD_EustonTap_EustonTap3_ET307_R1380,ISD_EustonTap_EustonTap3_ET307,ISOEventful,0.7071,0.201817,
isd_individual_iso_prediction__isd__tong_style_reduced_xgboost__seed2030,isd_individual_iso_prediction,ISD,dev,ISD_EustonTap_EustonTap3_ET307_R1381,ISD_EustonTap_EustonTap3_ET307,ISOEventful,0.1464,0.2013839,
isd_individual_iso_prediction__isd__tong_style_reduced_xgboost__seed2030,isd_individual_iso_prediction,ISD,dev,ISD_EustonTap_EustonTap3_ET307_R1382,ISD_EustonTap_EustonTap3_ET307,ISOEventful,0.5,0.1771879,
isd_individual_iso_prediction__isd__tong_style_reduced_xgboost__seed2030,isd_individual_iso_prediction,ISD,dev,ISD_EustonTap_EustonTap3_ET308_R1383,ISD_EustonTap_EustonTap3_ET308,ISOEventful,-0.0732,0.24034984,
isd_individual_iso_prediction__isd__tong_style_reduced_xgboost__seed2030,isd_individual_iso_prediction,ISD,dev,ISD_EustonTap_EustonTap3_ET310_R1385,ISD_EustonTap_EustonTap3_ET310,ISOEventful,-0.5,0.2574908,
isd_individual_iso_prediction__isd__tong_style_reduced_xgboost__seed2030,isd_individual_iso_prediction,ISD,dev,ISD_EustonTap_EustonTap3_ET310_R1386,ISD_EustonTap_EustonTap3_ET310,ISOEventful,0.1768,0.22782812,
isd_individual_iso_prediction__isd__tong_style_reduced_xgboost__seed2030,isd_individual_iso_prediction,ISD,dev,ISD_EustonTap_EustonTap3_ET311_R1387,ISD_EustonTap_EustonTap3_ET311,ISOEventful,0.6036,0.2670882,
isd_individual_iso_prediction__isd__tong_style_reduced_xgboost__seed2030,isd_individual_iso_prediction,ISD,dev,ISD_EustonTap_EustonTap3_ET312_R1388,ISD_EustonTap_EustonTap3_ET312,ISOEventful,0.1893,0.19625255,
isd_individual_iso_prediction__isd__tong_style_reduced_xgboost__seed2030,isd_individual_iso_prediction,ISD,dev,ISD_EustonTap_EustonTap3_ET313_R1389,ISD_EustonTap_EustonTap3_ET313,ISOEventful,0.0732,0.09400663,
isd_individual_iso_prediction__isd__tong_style_reduced_xgboost__seed2030,isd_individual_iso_prediction,ISD,dev,ISD_EustonTap_EustonTap3_ET314_R1390,ISD_EustonTap_EustonTap3_ET314,ISOEventful,0.6768,0.30442506,
isd_individual_iso_prediction__isd__tong_style_reduced_xgboost__seed2030,isd_individual_iso_prediction,ISD,dev,ISD_EustonTap_EustonTap3_ET314_R1391,ISD_EustonTap_EustonTap3_ET314,ISOEventful,0.3536,0.27129412,
isd_individual_iso_prediction__isd__tong_style_reduced_xgboost__seed2030,isd_individual_iso_prediction,ISD,dev,ISD_MarchmontGarden_MarchmontGarden1_MC101_R269,ISD_MarchmontGarden_MarchmontGarden1_MC101,ISOEventful,-0.0303,0.16249035,
isd_individual_iso_prediction__isd__tong_style_reduced_xgboost__seed2030,isd_individual_iso_prediction,ISD,dev,ISD_MarchmontGarden_MarchmontGarden1_MC102_R270,ISD_MarchmontGarden_MarchmontGarden1_MC102,ISOEventful,-0.25,-0.087928444,
isd_individual_iso_prediction__isd__tong_style_reduced_xgboost__seed2030,isd_individual_iso_prediction,ISD,dev,ISD_MarchmontGarden_MarchmontGarden1_MC103_R271,ISD_MarchmontGarden_MarchmontGarden1_MC103,ISOEventful,0.2071,0.07549999,
isd_individual_iso_prediction__isd__tong_style_reduced_xgboost__seed2030,isd_individual_iso_prediction,ISD,dev,ISD_MarchmontGarden_MarchmontGarden1_MC104_R272,ISD_MarchmontGarden_MarchmontGarden1_MC104,ISOEventful,-0.5,0.10226699,
isd_individual_iso_prediction__isd__tong_style_reduced_xgboost__seed2030,isd_individual_iso_prediction,ISD,dev,ISD_MarchmontGarden_MarchmontGarden1_MC105_R273,ISD_MarchmontGarden_MarchmontGarden1_MC105,ISOEventful,-0.0732,0.037964135,
isd_individual_iso_prediction__isd__tong_style_reduced_xgboost__seed2030,isd_individual_iso_prediction,ISD,dev,ISD_MarchmontGarden_MarchmontGarden1_MC105_R274,ISD_MarchmontGarden_MarchmontGarden1_MC105,ISOEventful,-0.0732,0.038899172,
isd_individual_iso_prediction__isd__tong_style_reduced_xgboost__seed2030,isd_individual_iso_prediction,ISD,dev,ISD_MarchmontGarden_MarchmontGarden1_MC106_R275,ISD_MarchmontGarden_MarchmontGarden1_MC106,ISOEventful,0.1768,0.005875823,
isd_individual_iso_prediction__isd__tong_style_reduced_xgboost__seed2030,isd_individual_iso_prediction,ISD,dev,ISD_MarchmontGarden_MarchmontGarden1_MC108_R277,ISD_MarchmontGarden_MarchmontGarden1_MC108,ISOEventful,-0.3536,0.09657462,
isd_individual_iso_prediction__isd__tong_style_reduced_xgboost__seed2030,isd_individual_iso_prediction,ISD,dev,ISD_MarchmontGarden_MarchmontGarden1_MC110_R278,ISD_MarchmontGarden_MarchmontGarden1_MC110,ISOEventful,0.2071,0.0951337,
isd_individual_iso_prediction__isd__tong_style_reduced_xgboost__seed2030,isd_individual_iso_prediction,ISD,dev,ISD_MarchmontGarden_MarchmontGarden1_MC111_R279,ISD_MarchmontGarden_MarchmontGarden1_MC111,ISOEventful,-0.2803,0.07749933,
isd_individual_iso_prediction__isd__tong_style_reduced_xgboost__seed2030,isd_individual_iso_prediction,ISD,dev,ISD_MarchmontGarden_MarchmontGarden1_MC111_R280,ISD_MarchmontGarden_MarchmontGarden1_MC111,ISOEventful,-0.4393,0.08404565,
isd_individual_iso_prediction__isd__tong_style_reduced_xgboost__seed2030,isd_individual_iso_prediction,ISD,dev,ISD_MarchmontGarden_MarchmontGarden1_MC112_R281,ISD_MarchmontGarden_MarchmontGarden1_MC112,ISOEventful,0.0732,0.0037631278,
isd_individual_iso_prediction__isd__tong_style_reduced_xgboost__seed2030,isd_individual_iso_prediction,ISD,dev,ISD_MarchmontGarden_MarchmontGarden1_MC114_R282,ISD_MarchmontGarden_MarchmontGarden1_MC114,ISOEventful,0.1464,0.12062128,
isd_individual_iso_prediction__isd__tong_style_reduced_xgboost__seed2030,isd_individual_iso_prediction,ISD,dev,ISD_MarchmontGarden_MarchmontGarden1_MC115_R283,ISD_MarchmontGarden_MarchmontGarden1_MC115,ISOEventful,0.0,0.052316446,
isd_individual_iso_prediction__isd__tong_style_reduced_xgboost__seed2030,isd_individual_iso_prediction,ISD,dev,ISD_MarchmontGarden_MarchmontGarden1_MC116_R284,ISD_MarchmontGarden_MarchmontGarden1_MC116,ISOEventful,0.6464,0.17247277,
isd_individual_iso_prediction__isd__tong_style_reduced_xgboost__seed2030,isd_individual_iso_prediction,ISD,dev,ISD_MarchmontGarden_MarchmontGarden1_MC116_R285,ISD_MarchmontGarden_MarchmontGarden1_MC116,ISOEventful,0.0126,0.17247277,
isd_individual_iso_prediction__isd__tong_style_reduced_xgboost__seed2030,isd_individual_iso_prediction,ISD,dev,ISD_MarchmontGarden_MarchmontGarden1_MC118_R287,ISD_MarchmontGarden_MarchmontGarden1_MC118,ISOEventful,0.0,0.15003322,
isd_individual_iso_prediction__isd__tong_style_reduced_xgboost__seed2030,isd_individual_iso_prediction,ISD,dev,ISD_MarchmontGarden_MarchmontGarden1_MC118_R288,ISD_MarchmontGarden_MarchmontGarden1_MC118,ISOEventful,0.25,0.15003322,
isd_individual_iso_prediction__isd__tong_style_reduced_xgboost__seed2030,isd_individual_iso_prediction,ISD,dev,ISD_MarchmontGarden_MarchmontGarden1_MC118_R289,ISD_MarchmontGarden_MarchmontGarden1_MC118,ISOEventful,0.7071,0.21235229,
isd_individual_iso_prediction__isd__tong_style_reduced_xgboost__seed2030,isd_individual_iso_prediction,ISD,dev,ISD_MarchmontGarden_MarchmontGarden1_MC119_R290,ISD_MarchmontGarden_MarchmontGarden1_MC119,ISOEventful,-0.3536,0.09297116,
isd_individual_iso_prediction__isd__tong_style_reduced_xgboost__seed2030,isd_individual_iso_prediction,ISD,dev,ISD_MarchmontGarden_MarchmontGarden1_MC119_R291,ISD_MarchmontGarden_MarchmontGarden1_MC119,ISOEventful,-0.0732,0.098284826,
isd_individual_iso_prediction__isd__tong_style_reduced_xgboost__seed2030,isd_individual_iso_prediction,ISD,dev,ISD_MarchmontGarden_MarchmontGarden1_MC120_R292,ISD_MarchmontGarden_MarchmontGarden1_MC120,ISOEventful,0.4142,-0.06714735,
isd_individual_iso_prediction__isd__tong_style_reduced_xgboost__seed2030,isd_individual_iso_prediction,ISD,dev,ISD_MarchmontGarden_MarchmontGarden1_MC120_R293,ISD_MarchmontGarden_MarchmontGarden1_MC120,ISOEventful,-0.3107,-0.078736395,
isd_individual_iso_prediction__isd__tong_style_reduced_xgboost__seed2030,isd_individual_iso_prediction,ISD,dev,ISD_MarchmontGarden_MarchmontGarden1_MC121_R294,ISD_MarchmontGarden_MarchmontGarden1_MC121,ISOEventful,0.0607,0.008233323,
isd_individual_iso_prediction__isd__tong_style_reduced_xgboost__seed2030,isd_individual_iso_prediction,ISD,dev,ISD_MarchmontGarden_MarchmontGarden1_MC121_R295,ISD_MarchmontGarden_MarchmontGarden1_MC121,ISOEventful,0.0303,0.027250279,
isd_individual_iso_prediction__isd__tong_style_reduced_xgboost__seed2030,isd_individual_iso_prediction,ISD,dev,ISD_MarchmontGarden_MarchmontGarden1_MC122_R296,ISD_MarchmontGarden_MarchmontGarden1_MC122,ISOEventful,0.0303,0.15496221,
isd_individual_iso_prediction__isd__tong_style_reduced_xgboost__seed2030,isd_individual_iso_prediction,ISD,dev,ISD_MarchmontGarden_MarchmontGarden1_MC127_R298,ISD_MarchmontGarden_MarchmontGarden1_MC127,ISOEventful,-0.1036,-0.017232109,
isd_individual_iso_prediction__isd__tong_style_reduced_xgboost__seed2030,isd_individual_iso_prediction,ISD,dev,ISD_MarchmontGarden_MarchmontGarden1_MC129_R300,ISD_MarchmontGarden_MarchmontGarden1_MC129,ISOEventful,-0.2197,0.07186219,
isd_individual_iso_prediction__isd__tong_style_reduced_xgboost__seed2030,isd_individual_iso_prediction,ISD,dev,ISD_MarchmontGarden_MarchmontGarden2_MC203_R306,ISD_MarchmontGarden_MarchmontGarden2_MC203,ISOEventful,-0.0732,-0.029497651,
isd_individual_iso_prediction__isd__tong_style_reduced_xgboost__seed2030,isd_individual_iso_prediction,ISD,dev,ISD_MarchmontGarden_MarchmontGarden2_MC204_R302,ISD_MarchmontGarden_MarchmontGarden2_MC204,ISOEventful,0.2929,0.13089809,
isd_individual_iso_prediction__isd__tong_style_reduced_xgboost__seed2030,isd_individual_iso_prediction,ISD,dev,ISD_MarchmontGarden_MarchmontGarden2_MC206_R303,ISD_MarchmontGarden_MarchmontGarden2_MC206,ISOEventful,-0.3536,0.07125575,
isd_individual_iso_prediction__isd__tong_style_reduced_xgboost__seed2030,isd_individual_iso_prediction,ISD,dev,ISD_MarchmontGarden_MarchmontGarden2_MC207_R304,ISD_MarchmontGarden_MarchmontGarden2_MC207,ISOEventful,-0.1036,0.012909641,
isd_individual_iso_prediction__isd__tong_style_reduced_xgboost__seed2030,isd_individual_iso_prediction,ISD,dev,ISD_MarchmontGarden_MarchmontGarden3_MC301_R309,ISD_MarchmontGarden_MarchmontGarden3_MC301,ISOEventful,0.3536,0.057589088,
isd_individual_iso_prediction__isd__tong_style_reduced_xgboost__seed2030,isd_individual_iso_prediction,ISD,dev,ISD_MarchmontGarden_MarchmontGarden3_MC302_R308,ISD_MarchmontGarden_MarchmontGarden3_MC302,ISOEventful,0.7071,-0.06536305,
isd_individual_iso_prediction__isd__tong_style_reduced_xgboost__seed2030,isd_individual_iso_prediction,ISD,dev,ISD_MarchmontGarden_MarchmontGarden3_MC302_R335,ISD_MarchmontGarden_MarchmontGarden3_MC302,ISOEventful,-0.1768,-0.035866823,
isd_individual_iso_prediction__isd__tong_style_reduced_xgboost__seed2030,isd_individual_iso_prediction,ISD,dev,ISD_MarchmontGarden_MarchmontGarden3_MC303_R310,ISD_MarchmontGarden_MarchmontGarden3_MC303,ISOEventful,-0.2803,0.1262084,
isd_individual_iso_prediction__isd__tong_style_reduced_xgboost__seed2030,isd_individual_iso_prediction,ISD,dev,ISD_MarchmontGarden_MarchmontGarden3_MC307_R313,ISD_MarchmontGarden_MarchmontGarden3_MC307,ISOEventful,-0.2197,0.14868025,
isd_individual_iso_prediction__isd__tong_style_reduced_xgboost__seed2030,isd_individual_iso_prediction,ISD,dev,ISD_MarchmontGarden_MarchmontGarden3_MC308_R314,ISD_MarchmontGarden_MarchmontGarden3_MC308,ISOEventful,-0.2803,-0.10224056,
isd_individual_iso_prediction__isd__tong_style_reduced_xgboost__seed2030,isd_individual_iso_prediction,ISD,dev,ISD_MarchmontGarden_MarchmontGarden3_MC309_R315,ISD_MarchmontGarden_MarchmontGarden3_MC309,ISOEventful,-0.25,0.008638532,
isd_individual_iso_prediction__isd__tong_style_reduced_xgboost__seed2030,isd_individual_iso_prediction,ISD,dev,ISD_MarchmontGarden_MarchmontGarden3_MC310_R316,ISD_MarchmontGarden_MarchmontGarden3_MC310,ISOEventful,0.0732,0.08781335,
isd_individual_iso_prediction__isd__tong_style_reduced_xgboost__seed2030,isd_individual_iso_prediction,ISD,dev,ISD_MarchmontGarden_MarchmontGarden3_MC311_R317,ISD_MarchmontGarden_MarchmontGarden3_MC311,ISOEventful,0.0732,0.29088485,
isd_individual_iso_prediction__isd__tong_style_reduced_xgboost__seed2030,isd_individual_iso_prediction,ISD,dev,ISD_MarchmontGarden_MarchmontGarden3_MC311_R336,ISD_MarchmontGarden_MarchmontGarden3_MC311,ISOEventful,0.0429,0.29088485,
isd_individual_iso_prediction__isd__tong_style_reduced_xgboost__seed2030,isd_individual_iso_prediction,ISD,dev,ISD_MarchmontGarden_MarchmontGarden3_MC312_R337,ISD_MarchmontGarden_MarchmontGarden3_MC312,ISOEventful,-0.0732,0.014190407,
isd_individual_iso_prediction__isd__tong_style_reduced_xgboost__seed2030,isd_individual_iso_prediction,ISD,dev,ISD_MarchmontGarden_MarchmontGarden3_MC316_R320,ISD_MarchmontGarden_MarchmontGarden3_MC316,ISOEventful,-0.1036,0.056327496,
isd_individual_iso_prediction__isd__tong_style_reduced_xgboost__seed2030,isd_individual_iso_prediction,ISD,dev,ISD_MarchmontGarden_MarchmontGarden3_MC317_R322,ISD_MarchmontGarden_MarchmontGarden3_MC317,ISOEventful,0.0,0.023845455,
isd_individual_iso_prediction__isd__tong_style_reduced_xgboost__seed2030,isd_individual_iso_prediction,ISD,dev,ISD_MarchmontGarden_MarchmontGarden3_MC318_R339,ISD_MarchmontGarden_MarchmontGarden3_MC318,ISOEventful,0.0429,0.11504954,
isd_individual_iso_prediction__isd__tong_style_reduced_xgboost__seed2030,isd_individual_iso_prediction,ISD,dev,ISD_MarchmontGarden_MarchmontGarden3_MC318_R340,ISD_MarchmontGarden_MarchmontGarden3_MC318,ISOEventful,-0.0732,0.120363206,
isd_individual_iso_prediction__isd__tong_style_reduced_xgboost__seed2030,isd_individual_iso_prediction,ISD,dev,ISD_MarchmontGarden_MarchmontGarden3_MC319_R321,ISD_MarchmontGarden_MarchmontGarden3_MC319,ISOEventful,-0.3232,0.14144078,
isd_individual_iso_prediction__isd__tong_style_reduced_xgboost__seed2030,isd_individual_iso_prediction,ISD,dev,ISD_MarchmontGarden_MarchmontGarden3_MC320_R338,ISD_MarchmontGarden_MarchmontGarden3_MC320,ISOEventful,0.6036,-0.04443744,
isd_individual_iso_prediction__isd__tong_style_reduced_xgboost__seed2030,isd_individual_iso_prediction,ISD,dev,ISD_MarchmontGarden_MarchmontGarden3_MC321_R323,ISD_MarchmontGarden_MarchmontGarden3_MC321,ISOEventful,-0.0732,0.049834125,
isd_individual_iso_prediction__isd__tong_style_reduced_xgboost__seed2030,isd_individual_iso_prediction,ISD,dev,ISD_MarchmontGarden_MarchmontGarden3_MC323_R341,ISD_MarchmontGarden_MarchmontGarden3_MC323,ISOEventful,-0.3839,0.12443237,
isd_individual_iso_prediction__isd__tong_style_reduced_xgboost__seed2030,isd_individual_iso_prediction,ISD,dev,ISD_MarchmontGarden_MarchmontGarden3_MC324_R326,ISD_MarchmontGarden_MarchmontGarden3_MC324,ISOEventful,0.1339,0.13659681,
isd_individual_iso_prediction__isd__tong_style_reduced_xgboost__seed2030,isd_individual_iso_prediction,ISD,dev,ISD_MarchmontGarden_MarchmontGarden3_MC325_R327,ISD_MarchmontGarden_MarchmontGarden3_MC325,ISOEventful,0.2071,0.16024467,
isd_individual_iso_prediction__isd__tong_style_reduced_xgboost__seed2030,isd_individual_iso_prediction,ISD,dev,ISD_MarchmontGarden_MarchmontGarden3_MC328_R329,ISD_MarchmontGarden_MarchmontGarden3_MC328,ISOEventful,0.25,0.015670465,
isd_individual_iso_prediction__isd__tong_style_reduced_xgboost__seed2030,isd_individual_iso_prediction,ISD,dev,ISD_MarchmontGarden_MarchmontGarden3_MC329_R342,ISD_MarchmontGarden_MarchmontGarden3_MC329,ISOEventful,-0.3107,0.1925914,
isd_individual_iso_prediction__isd__tong_style_reduced_xgboost__seed2030,isd_individual_iso_prediction,ISD,dev,ISD_MarchmontGarden_MarchmontGarden3_MC330_R330,ISD_MarchmontGarden_MarchmontGarden3_MC330,ISOEventful,-0.0607,0.06531593,
isd_individual_iso_prediction__isd__tong_style_reduced_xgboost__seed2030,isd_individual_iso_prediction,ISD,dev,ISD_MarchmontGarden_MarchmontGarden3_MC331_R331,ISD_MarchmontGarden_MarchmontGarden3_MC331,ISOEventful,-0.3839,0.03239639,
isd_individual_iso_prediction__isd__tong_style_reduced_xgboost__seed2030,isd_individual_iso_prediction,ISD,dev,ISD_MarchmontGarden_MarchmontGarden3_MC332_R332,ISD_MarchmontGarden_MarchmontGarden3_MC332,ISOEventful,-0.0607,0.107498355,
isd_individual_iso_prediction__isd__tong_style_reduced_xgboost__seed2030,isd_individual_iso_prediction,ISD,dev,ISD_MarchmontGarden_MarchmontGarden3_MC332_R343,ISD_MarchmontGarden_MarchmontGarden3_MC332,ISOEventful,-0.1339,0.1211605,
isd_individual_iso_prediction__isd__tong_style_reduced_xgboost__seed2030,isd_individual_iso_prediction,ISD,dev,ISD_MarchmontGarden_MarchmontGarden3_MC333_R344,ISD_MarchmontGarden_MarchmontGarden3_MC333,ISOEventful,-0.2374,0.077743635,
isd_individual_iso_prediction__isd__tong_style_reduced_xgboost__seed2030,isd_individual_iso_prediction,ISD,dev,ISD_MarchmontGarden_MarchmontGarden3_MC333_R345,ISD_MarchmontGarden_MarchmontGarden3_MC333,ISOEventful,-0.2071,0.10781981,
isd_individual_iso_prediction__isd__tong_style_reduced_xgboost__seed2030,isd_individual_iso_prediction,ISD,dev,ISD_MarchmontGarden_MarchmontGarden3_MC334_R346,ISD_MarchmontGarden_MarchmontGarden3_MC334,ISOEventful,0.0732,0.013771209,
isd_individual_iso_prediction__isd__tong_style_reduced_xgboost__seed2030,isd_individual_iso_prediction,ISD,dev,ISD_MarchmontGarden_MarchmontGarden3_MC335_R333,ISD_MarchmontGarden_MarchmontGarden3_MC335,ISOEventful,-0.3536,0.0244354,
isd_individual_iso_prediction__isd__tong_style_reduced_xgboost__seed2030,isd_individual_iso_prediction,ISD,dev,ISD_MarchmontGarden_MarchmontGarden3_MC336_R334,ISD_MarchmontGarden_MarchmontGarden3_MC336,ISOEventful,-0.0732,0.08928947,
isd_individual_iso_prediction__isd__tong_style_reduced_xgboost__seed2030,isd_individual_iso_prediction,ISD,dev,ISD_MarchmontGarden_MarchmontGarden3_MC336_R347,ISD_MarchmontGarden_MarchmontGarden3_MC336,ISOEventful,0.0,0.09158489,
isd_individual_iso_prediction__isd__tong_style_reduced_xgboost__seed2030,isd_individual_iso_prediction,ISD,dev,ISD_MarchmontGarden_MarchmontGarden4_MC401_R348,ISD_MarchmontGarden_MarchmontGarden4_MC401,ISOEventful,-0.2071,0.10285502,
isd_individual_iso_prediction__isd__tong_style_reduced_xgboost__seed2030,isd_individual_iso_prediction,ISD,dev,ISD_MarchmontGarden_MarchmontGarden4_MC402_R349,ISD_MarchmontGarden_MarchmontGarden4_MC402,ISOEventful,-0.3232,-0.023102943,
isd_individual_iso_prediction__isd__tong_style_reduced_xgboost__seed2030,isd_individual_iso_prediction,ISD,dev,ISD_MarchmontGarden_MarchmontGarden4_MC402_R350,ISD_MarchmontGarden_MarchmontGarden4_MC402,ISOEventful,0.2803,0.020065637,
isd_individual_iso_prediction__isd__tong_style_reduced_xgboost__seed2030,isd_individual_iso_prediction,ISD,dev,ISD_MarchmontGarden_MarchmontGarden4_MC404_R352,ISD_MarchmontGarden_MarchmontGarden4_MC404,ISOEventful,0.3536,0.12663424,
isd_individual_iso_prediction__isd__tong_style_reduced_xgboost__seed2030,isd_individual_iso_prediction,ISD,dev,ISD_MarchmontGarden_MarchmontGarden4_MC404_R353,ISD_MarchmontGarden_MarchmontGarden4_MC404,ISOEventful,-0.2197,0.12663424,
isd_individual_iso_prediction__isd__tong_style_reduced_xgboost__seed2030,isd_individual_iso_prediction,ISD,dev,ISD_MarchmontGarden_MarchmontGarden4_MC404_R418,ISD_MarchmontGarden_MarchmontGarden4_MC404,ISOEventful,0.2071,0.18322346,
isd_individual_iso_prediction__isd__tong_style_reduced_xgboost__seed2030,isd_individual_iso_prediction,ISD,dev,ISD_MarchmontGarden_MarchmontGarden4_MC404_R419,ISD_MarchmontGarden_MarchmontGarden4_MC404,ISOEventful,0.0,0.17556477,
isd_individual_iso_prediction__isd__tong_style_reduced_xgboost__seed2030,isd_individual_iso_prediction,ISD,dev,ISD_MarchmontGarden_MarchmontGarden4_MC405_R354,ISD_MarchmontGarden_MarchmontGarden4_MC405,ISOEventful,-0.1464,0.12675379,
isd_individual_iso_prediction__isd__tong_style_reduced_xgboost__seed2030,isd_individual_iso_prediction,ISD,dev,ISD_MarchmontGarden_MarchmontGarden4_MC406_R355,ISD_MarchmontGarden_MarchmontGarden4_MC406,ISOEventful,0.5303,0.12251578,
isd_individual_iso_prediction__isd__tong_style_reduced_xgboost__seed2030,isd_individual_iso_prediction,ISD,dev,ISD_MarchmontGarden_MarchmontGarden4_MC407_R356,ISD_MarchmontGarden_MarchmontGarden4_MC407,ISOEventful,-0.2071,0.2151763,
isd_individual_iso_prediction__isd__tong_style_reduced_xgboost__seed2030,isd_individual_iso_prediction,ISD,dev,ISD_MarchmontGarden_MarchmontGarden4_MC407_R357,ISD_MarchmontGarden_MarchmontGarden4_MC407,ISOEventful,-0.1036,0.18680713,
isd_individual_iso_prediction__isd__tong_style_reduced_xgboost__seed2030,isd_individual_iso_prediction,ISD,dev,ISD_MarchmontGarden_MarchmontGarden4_MC407_R420,ISD_MarchmontGarden_MarchmontGarden4_MC407,ISOEventful,0.0303,0.1639808,
isd_individual_iso_prediction__isd__tong_style_reduced_xgboost__seed2030,isd_individual_iso_prediction,ISD,dev,ISD_MarchmontGarden_MarchmontGarden4_MC409_R358,ISD_MarchmontGarden_MarchmontGarden4_MC409,ISOEventful,0.0303,0.03833348,
isd_individual_iso_prediction__isd__tong_style_reduced_xgboost__seed2030,isd_individual_iso_prediction,ISD,dev,ISD_MarchmontGarden_MarchmontGarden4_MC409_R359,ISD_MarchmontGarden_MarchmontGarden4_MC409,ISOEventful,0.3536,0.060663793,
isd_individual_iso_prediction__isd__tong_style_reduced_xgboost__seed2030,isd_individual_iso_prediction,ISD,dev,ISD_MarchmontGarden_MarchmontGarden4_MC410_R360,ISD_MarchmontGarden_MarchmontGarden4_MC410,ISOEventful,-0.1464,0.23356342,
isd_individual_iso_prediction__isd__tong_style_reduced_xgboost__seed2030,isd_individual_iso_prediction,ISD,dev,ISD_MarchmontGarden_MarchmontGarden4_MC412_R362,ISD_MarchmontGarden_MarchmontGarden4_MC412,ISOEventful,-0.5,0.2515447,
isd_individual_iso_prediction__isd__tong_style_reduced_xgboost__seed2030,isd_individual_iso_prediction,ISD,dev,ISD_MarchmontGarden_MarchmontGarden4_MC413_R363,ISD_MarchmontGarden_MarchmontGarden4_MC413,ISOEventful,-0.5,0.10003156,
isd_individual_iso_prediction__isd__tong_style_reduced_xgboost__seed2030,isd_individual_iso_prediction,ISD,dev,ISD_MarchmontGarden_MarchmontGarden4_MC413_R364,ISD_MarchmontGarden_MarchmontGarden4_MC413,ISOEventful,-0.2071,0.10050033,
isd_individual_iso_prediction__isd__tong_style_reduced_xgboost__seed2030,isd_individual_iso_prediction,ISD,dev,ISD_MarchmontGarden_MarchmontGarden4_MC414_R365,ISD_MarchmontGarden_MarchmontGarden4_MC414,ISOEventful,-0.1768,0.11580272,
isd_individual_iso_prediction__isd__tong_style_reduced_xgboost__seed2030,isd_individual_iso_prediction,ISD,dev,ISD_MarchmontGarden_MarchmontGarden4_MC415_R366,ISD_MarchmontGarden_MarchmontGarden4_MC415,ISOEventful,-0.2197,0.051063836,
isd_individual_iso_prediction__isd__tong_style_reduced_xgboost__seed2030,isd_individual_iso_prediction,ISD,dev,ISD_MarchmontGarden_MarchmontGarden4_MC415_R367,ISD_MarchmontGarden_MarchmontGarden4_MC415,ISOEventful,0.1339,0.031990934,
isd_individual_iso_prediction__isd__tong_style_reduced_xgboost__seed2030,isd_individual_iso_prediction,ISD,dev,ISD_MarchmontGarden_MarchmontGarden4_MC416_R368,ISD_MarchmontGarden_MarchmontGarden4_MC416,ISOEventful,-0.2197,0.060044214,
isd_individual_iso_prediction__isd__tong_style_reduced_xgboost__seed2030,isd_individual_iso_prediction,ISD,dev,ISD_MarchmontGarden_MarchmontGarden4_MC417_R369,ISD_MarchmontGarden_MarchmontGarden4_MC417,ISOEventful,0.2929,0.036254868,
isd_individual_iso_prediction__isd__tong_style_reduced_xgboost__seed2030,isd_individual_iso_prediction,ISD,dev,ISD_MarchmontGarden_MarchmontGarden4_MC417_R416,ISD_MarchmontGarden_MarchmontGarden4_MC417,ISOEventful,-0.2071,0.0009560156,
isd_individual_iso_prediction__isd__tong_style_reduced_xgboost__seed2030,isd_individual_iso_prediction,ISD,dev,ISD_MarchmontGarden_MarchmontGarden4_MC418_R417,ISD_MarchmontGarden_MarchmontGarden4_MC418,ISOEventful,0.3536,0.062499005,
isd_individual_iso_prediction__isd__tong_style_reduced_xgboost__seed2030,isd_individual_iso_prediction,ISD,dev,ISD_PancrasLock_PancrasLock1_PL101_R215,ISD_PancrasLock_PancrasLock1_PL101,ISOEventful,0.5303,0.08365484,
isd_individual_iso_prediction__isd__tong_style_reduced_xgboost__seed2030,isd_individual_iso_prediction,ISD,dev,ISD_PancrasLock_PancrasLock1_PL102_R216,ISD_PancrasLock_PancrasLock1_PL102,ISOEventful,0.0429,0.17409873,
isd_individual_iso_prediction__isd__tong_style_reduced_xgboost__seed2030,isd_individual_iso_prediction,ISD,dev,ISD_PancrasLock_PancrasLock1_PL102_R242,ISD_PancrasLock_PancrasLock1_PL102,ISOEventful,-0.4268,0.17409873,
isd_individual_iso_prediction__isd__tong_style_reduced_xgboost__seed2030,isd_individual_iso_prediction,ISD,dev,ISD_PancrasLock_PancrasLock1_PL103_R217,ISD_PancrasLock_PancrasLock1_PL103,ISOEventful,-0.25,0.237604,
isd_individual_iso_prediction__isd__tong_style_reduced_xgboost__seed2030,isd_individual_iso_prediction,ISD,dev,ISD_PancrasLock_PancrasLock1_PL103_R239,ISD_PancrasLock_PancrasLock1_PL103,ISOEventful,-0.5303,0.24776396,
isd_individual_iso_prediction__isd__tong_style_reduced_xgboost__seed2030,isd_individual_iso_prediction,ISD,dev,ISD_PancrasLock_PancrasLock1_PL105_R219,ISD_PancrasLock_PancrasLock1_PL105,ISOEventful,0.4268,0.14065926,
isd_individual_iso_prediction__isd__tong_style_reduced_xgboost__seed2030,isd_individual_iso_prediction,ISD,dev,ISD_PancrasLock_PancrasLock1_PL106_R240,ISD_PancrasLock_PancrasLock1_PL106,ISOEventful,0.4268,0.22819375,
isd_individual_iso_prediction__isd__tong_style_reduced_xgboost__seed2030,isd_individual_iso_prediction,ISD,dev,ISD_PancrasLock_PancrasLock1_PL107_R220,ISD_PancrasLock_PancrasLock1_PL107,ISOEventful,0.0732,0.1768433,
isd_individual_iso_prediction__isd__tong_style_reduced_xgboost__seed2030,isd_individual_iso_prediction,ISD,dev,ISD_PancrasLock_PancrasLock1_PL107_R232,ISD_PancrasLock_PancrasLock1_PL107,ISOEventful,0.25,0.17912121,
isd_individual_iso_prediction__isd__tong_style_reduced_xgboost__seed2030,isd_individual_iso_prediction,ISD,dev,ISD_PancrasLock_PancrasLock1_PL107_R233,ISD_PancrasLock_PancrasLock1_PL107,ISOEventful,0.1036,0.14892168,
isd_individual_iso_prediction__isd__tong_style_reduced_xgboost__seed2030,isd_individual_iso_prediction,ISD,dev,ISD_PancrasLock_PancrasLock1_PL107_R234,ISD_PancrasLock_PancrasLock1_PL107,ISOEventful,-0.0303,0.15119794,
isd_individual_iso_prediction__isd__tong_style_reduced_xgboost__seed2030,isd_individual_iso_prediction,ISD,dev,ISD_PancrasLock_PancrasLock1_PL107_R235,ISD_PancrasLock_PancrasLock1_PL107,ISOEventful,0.2071,0.15119794,
isd_individual_iso_prediction__isd__tong_style_reduced_xgboost__seed2030,isd_individual_iso_prediction,ISD,dev,ISD_PancrasLock_PancrasLock1_PL107_R236,ISD_PancrasLock_PancrasLock1_PL107,ISOEventful,0.5,0.1569268,
isd_individual_iso_prediction__isd__tong_style_reduced_xgboost__seed2030,isd_individual_iso_prediction,ISD,dev,ISD_PancrasLock_PancrasLock1_PL107_R237,ISD_PancrasLock_PancrasLock1_PL107,ISOEventful,-0.4268,0.17190042,
isd_individual_iso_prediction__isd__tong_style_reduced_xgboost__seed2030,isd_individual_iso_prediction,ISD,dev,ISD_PancrasLock_PancrasLock1_PL107_R243,ISD_PancrasLock_PancrasLock1_PL107,ISOEventful,-0.0303,0.17190042,
isd_individual_iso_prediction__isd__tong_style_reduced_xgboost__seed2030,isd_individual_iso_prediction,ISD,dev,ISD_PancrasLock_PancrasLock1_PL107_R244,ISD_PancrasLock_PancrasLock1_PL107,ISOEventful,0.5,0.16255295,
isd_individual_iso_prediction__isd__tong_style_reduced_xgboost__seed2030,isd_individual_iso_prediction,ISD,dev,ISD_PancrasLock_PancrasLock1_PL107_R246,ISD_PancrasLock_PancrasLock1_PL107,ISOEventful,0.25,0.14475474,
isd_individual_iso_prediction__isd__tong_style_reduced_xgboost__seed2030,isd_individual_iso_prediction,ISD,dev,ISD_PancrasLock_PancrasLock1_PL107_R247,ISD_PancrasLock_PancrasLock1_PL107,ISOEventful,-0.0303,0.16105634,
isd_individual_iso_prediction__isd__tong_style_reduced_xgboost__seed2030,isd_individual_iso_prediction,ISD,dev,ISD_PancrasLock_PancrasLock1_PL107_R248,ISD_PancrasLock_PancrasLock1_PL107,ISOEventful,0.4268,0.17912121,
isd_individual_iso_prediction__isd__tong_style_reduced_xgboost__seed2030,isd_individual_iso_prediction,ISD,dev,ISD_PancrasLock_PancrasLock1_PL107_R249,ISD_PancrasLock_PancrasLock1_PL107,ISOEventful,-0.1036,0.1569268,
isd_individual_iso_prediction__isd__tong_style_reduced_xgboost__seed2030,isd_individual_iso_prediction,ISD,dev,ISD_PancrasLock_PancrasLock1_PL107_R250,ISD_PancrasLock_PancrasLock1_PL107,ISOEventful,-0.0732,0.17914562,
isd_individual_iso_prediction__isd__tong_style_reduced_xgboost__seed2030,isd_individual_iso_prediction,ISD,dev,ISD_PancrasLock_PancrasLock1_PL107_R251,ISD_PancrasLock_PancrasLock1_PL107,ISOEventful,-0.0303,0.15119794,
isd_individual_iso_prediction__isd__tong_style_reduced_xgboost__seed2030,isd_individual_iso_prediction,ISD,dev,ISD_PancrasLock_PancrasLock1_PL107_R252,ISD_PancrasLock_PancrasLock1_PL107,ISOEventful,-0.0732,0.14475474,
isd_individual_iso_prediction__isd__tong_style_reduced_xgboost__seed2030,isd_individual_iso_prediction,ISD,dev,ISD_PancrasLock_PancrasLock1_PL107_R253,ISD_PancrasLock_PancrasLock1_PL107,ISOEventful,0.4268,0.11464528,
isd_individual_iso_prediction__isd__tong_style_reduced_xgboost__seed2030,isd_individual_iso_prediction,ISD,dev,ISD_PancrasLock_PancrasLock1_PL107_R254,ISD_PancrasLock_PancrasLock1_PL107,ISOEventful,0.3964,0.17190042,
isd_individual_iso_prediction__isd__tong_style_reduced_xgboost__seed2030,isd_individual_iso_prediction,ISD,dev,ISD_PancrasLock_PancrasLock1_PL107_R255,ISD_PancrasLock_PancrasLock1_PL107,ISOEventful,0.0,0.16105634,
isd_individual_iso_prediction__isd__tong_style_reduced_xgboost__seed2030,isd_individual_iso_prediction,ISD,dev,ISD_PancrasLock_PancrasLock1_PL107_R256,ISD_PancrasLock_PancrasLock1_PL107,ISOEventful,0.1036,0.15119794,
isd_individual_iso_prediction__isd__tong_style_reduced_xgboost__seed2030,isd_individual_iso_prediction,ISD,dev,ISD_PancrasLock_PancrasLock1_PL107_R257,ISD_PancrasLock_PancrasLock1_PL107,ISOEventful,0.0732,0.102510594,
isd_individual_iso_prediction__isd__tong_style_reduced_xgboost__seed2030,isd_individual_iso_prediction,ISD,dev,ISD_PancrasLock_PancrasLock1_PL107_R258,ISD_PancrasLock_PancrasLock1_PL107,ISOEventful,0.4142,0.064948104,
isd_individual_iso_prediction__isd__tong_style_reduced_xgboost__seed2030,isd_individual_iso_prediction,ISD,dev,ISD_PancrasLock_PancrasLock1_PL107_R259,ISD_PancrasLock_PancrasLock1_PL107,ISOEventful,0.1161,0.15119794,
isd_individual_iso_prediction__isd__tong_style_reduced_xgboost__seed2030,isd_individual_iso_prediction,ISD,dev,ISD_PancrasLock_PancrasLock1_PL107_R260,ISD_PancrasLock_PancrasLock1_PL107,ISOEventful,0.1036,0.13096318,
isd_individual_iso_prediction__isd__tong_style_reduced_xgboost__seed2030,isd_individual_iso_prediction,ISD,dev,ISD_PancrasLock_PancrasLock1_PL107_R261,ISD_PancrasLock_PancrasLock1_PL107,ISOEventful,0.0,0.15119794,
isd_individual_iso_prediction__isd__tong_style_reduced_xgboost__seed2030,isd_individual_iso_prediction,ISD,dev,ISD_PancrasLock_PancrasLock1_PL108_R221,ISD_PancrasLock_PancrasLock1_PL108,ISOEventful,0.1036,0.18356492,
isd_individual_iso_prediction__isd__tong_style_reduced_xgboost__seed2030,isd_individual_iso_prediction,ISD,dev,ISD_PancrasLock_PancrasLock1_PL108_R238,ISD_PancrasLock_PancrasLock1_PL108,ISOEventful,-0.3232,0.15307578,
isd_individual_iso_prediction__isd__tong_style_reduced_xgboost__seed2030,isd_individual_iso_prediction,ISD,dev,ISD_PancrasLock_PancrasLock1_PL109_R222,ISD_PancrasLock_PancrasLock1_PL109,ISOEventful,0.1768,0.11059569,
isd_individual_iso_prediction__isd__tong_style_reduced_xgboost__seed2030,isd_individual_iso_prediction,ISD,dev,ISD_PancrasLock_PancrasLock1_PL112_R224,ISD_PancrasLock_PancrasLock1_PL112,ISOEventful,0.2071,0.16941561,
isd_individual_iso_prediction__isd__tong_style_reduced_xgboost__seed2030,isd_individual_iso_prediction,ISD,dev,ISD_PancrasLock_PancrasLock1_PL114_R226,ISD_PancrasLock_PancrasLock1_PL114,ISOEventful,0.2803,0.22254196,
isd_individual_iso_prediction__isd__tong_style_reduced_xgboost__seed2030,isd_individual_iso_prediction,ISD,dev,ISD_PancrasLock_PancrasLock1_PL114_R267,ISD_PancrasLock_PancrasLock1_PL114,ISOEventful,0.1768,0.24089791,
isd_individual_iso_prediction__isd__tong_style_reduced_xgboost__seed2030,isd_individual_iso_prediction,ISD,dev,ISD_PancrasLock_PancrasLock1_PL116_R228,ISD_PancrasLock_PancrasLock1_PL116,ISOEventful,-0.1339,0.11742698,
isd_individual_iso_prediction__isd__tong_style_reduced_xgboost__seed2030,isd_individual_iso_prediction,ISD,dev,ISD_PancrasLock_PancrasLock1_PL116_R263,ISD_PancrasLock_PancrasLock1_PL116,ISOEventful,0.6036,0.15880471,
isd_individual_iso_prediction__isd__tong_style_reduced_xgboost__seed2030,isd_individual_iso_prediction,ISD,dev,ISD_PancrasLock_PancrasLock1_PL119_R230,ISD_PancrasLock_PancrasLock1_PL119,ISOEventful,0.25,0.1415361,
isd_individual_iso_prediction__isd__tong_style_reduced_xgboost__seed2030,isd_individual_iso_prediction,ISD,dev,ISD_PancrasLock_PancrasLock1_PL119_R266,ISD_PancrasLock_PancrasLock1_PL119,ISOEventful,0.3536,0.19374089,
isd_individual_iso_prediction__isd__tong_style_reduced_xgboost__seed2030,isd_individual_iso_prediction,ISD,dev,ISD_PancrasLock_PancrasLock1_PL120_R231,ISD_PancrasLock_PancrasLock1_PL120,ISOEventful,0.4268,0.08313955,
isd_individual_iso_prediction__isd__tong_style_reduced_xgboost__seed2030,isd_individual_iso_prediction,ISD,dev,ISD_PancrasLock_PancrasLock1_PL120_R262,ISD_PancrasLock_PancrasLock1_PL120,ISOEventful,-0.3536,0.06717861,
isd_individual_iso_prediction__isd__tong_style_reduced_xgboost__seed2030,isd_individual_iso_prediction,ISD,dev,ISD_PancrasLock_PancrasLock2_PL201_R371,ISD_PancrasLock_PancrasLock2_PL201,ISOEventful,0.1339,0.07618202,
isd_individual_iso_prediction__isd__tong_style_reduced_xgboost__seed2030,isd_individual_iso_prediction,ISD,dev,ISD_PancrasLock_PancrasLock2_PL202_R409,ISD_PancrasLock_PancrasLock2_PL202,ISOEventful,0.5303,0.0792511,
isd_individual_iso_prediction__isd__tong_style_reduced_xgboost__seed2030,isd_individual_iso_prediction,ISD,dev,ISD_PancrasLock_PancrasLock2_PL203_R372,ISD_PancrasLock_PancrasLock2_PL203,ISOEventful,0.0858,0.2030563,
isd_individual_iso_prediction__isd__tong_style_reduced_xgboost__seed2030,isd_individual_iso_prediction,ISD,dev,ISD_PancrasLock_PancrasLock2_PL203_R373,ISD_PancrasLock_PancrasLock2_PL203,ISOEventful,0.25,0.23915657,
isd_individual_iso_prediction__isd__tong_style_reduced_xgboost__seed2030,isd_individual_iso_prediction,ISD,dev,ISD_PancrasLock_PancrasLock2_PL205_R411,ISD_PancrasLock_PancrasLock2_PL205,ISOEventful,0.3536,0.1620145,
isd_individual_iso_prediction__isd__tong_style_reduced_xgboost__seed2030,isd_individual_iso_prediction,ISD,dev,ISD_PancrasLock_PancrasLock2_PL206_R413,ISD_PancrasLock_PancrasLock2_PL206,ISOEventful,0.2374,0.16662806,
isd_individual_iso_prediction__isd__tong_style_reduced_xgboost__seed2030,isd_individual_iso_prediction,ISD,dev,ISD_PancrasLock_PancrasLock2_PL209_R374,ISD_PancrasLock_PancrasLock2_PL209,ISOEventful,-0.1036,0.21643683,
isd_individual_iso_prediction__isd__tong_style_reduced_xgboost__seed2030,isd_individual_iso_prediction,ISD,dev,ISD_PancrasLock_PancrasLock2_PL209_R414,ISD_PancrasLock_PancrasLock2_PL209,ISOEventful,0.2197,0.17916653,
isd_individual_iso_prediction__isd__tong_style_reduced_xgboost__seed2030,isd_individual_iso_prediction,ISD,dev,ISD_PancrasLock_PancrasLock2_PL210_R375,ISD_PancrasLock_PancrasLock2_PL210,ISOEventful,-0.1768,0.25533372,
isd_individual_iso_prediction__isd__tong_style_reduced_xgboost__seed2030,isd_individual_iso_prediction,ISD,dev,ISD_PancrasLock_PancrasLock2_PL211_R376,ISD_PancrasLock_PancrasLock2_PL211,ISOEventful,-0.2197,0.2674104,
isd_individual_iso_prediction__isd__tong_style_reduced_xgboost__seed2030,isd_individual_iso_prediction,ISD,dev,ISD_PancrasLock_PancrasLock2_PL211_R397,ISD_PancrasLock_PancrasLock2_PL211,ISOEventful,-0.2197,0.1577929,
isd_individual_iso_prediction__isd__tong_style_reduced_xgboost__seed2030,isd_individual_iso_prediction,ISD,dev,ISD_PancrasLock_PancrasLock2_PL213_R378,ISD_PancrasLock_PancrasLock2_PL213,ISOEventful,-0.2929,0.13537839,
isd_individual_iso_prediction__isd__tong_style_reduced_xgboost__seed2030,isd_individual_iso_prediction,ISD,dev,ISD_PancrasLock_PancrasLock2_PL215_R379,ISD_PancrasLock_PancrasLock2_PL215,ISOEventful,0.1161,0.30289063,
isd_individual_iso_prediction__isd__tong_style_reduced_xgboost__seed2030,isd_individual_iso_prediction,ISD,dev,ISD_PancrasLock_PancrasLock2_PL215_R401,ISD_PancrasLock_PancrasLock2_PL215,ISOEventful,-0.4268,0.30601582,
isd_individual_iso_prediction__isd__tong_style_reduced_xgboost__seed2030,isd_individual_iso_prediction,ISD,dev,ISD_PancrasLock_PancrasLock2_PL216_R380,ISD_PancrasLock_PancrasLock2_PL216,ISOEventful,0.1464,0.14042358,
isd_individual_iso_prediction__isd__tong_style_reduced_xgboost__seed2030,isd_individual_iso_prediction,ISD,dev,ISD_PancrasLock_PancrasLock2_PL216_R398,ISD_PancrasLock_PancrasLock2_PL216,ISOEventful,0.0732,0.18339899,
isd_individual_iso_prediction__isd__tong_style_reduced_xgboost__seed2030,isd_individual_iso_prediction,ISD,dev,ISD_PancrasLock_PancrasLock2_PL217_R381,ISD_PancrasLock_PancrasLock2_PL217,ISOEventful,-0.2071,0.03990067,
isd_individual_iso_prediction__isd__tong_style_reduced_xgboost__seed2030,isd_individual_iso_prediction,ISD,dev,ISD_PancrasLock_PancrasLock2_PL217_R402,ISD_PancrasLock_PancrasLock2_PL217,ISOEventful,0.3107,0.076825425,
isd_individual_iso_prediction__isd__tong_style_reduced_xgboost__seed2030,isd_individual_iso_prediction,ISD,dev,ISD_PancrasLock_PancrasLock2_PL218_R382,ISD_PancrasLock_PancrasLock2_PL218,ISOEventful,-0.1464,0.15850508,
isd_individual_iso_prediction__isd__tong_style_reduced_xgboost__seed2030,isd_individual_iso_prediction,ISD,dev,ISD_PancrasLock_PancrasLock2_PL218_R408,ISD_PancrasLock_PancrasLock2_PL218,ISOEventful,-0.1768,0.15850508,
isd_individual_iso_prediction__isd__tong_style_reduced_xgboost__seed2030,isd_individual_iso_prediction,ISD,dev,ISD_PancrasLock_PancrasLock2_PL219_R383,ISD_PancrasLock_PancrasLock2_PL219,ISOEventful,0.1339,0.15759562,
isd_individual_iso_prediction__isd__tong_style_reduced_xgboost__seed2030,isd_individual_iso_prediction,ISD,dev,ISD_PancrasLock_PancrasLock2_PL220_R407,ISD_PancrasLock_PancrasLock2_PL220,ISOEventful,0.3536,0.042204443,
isd_individual_iso_prediction__isd__tong_style_reduced_xgboost__seed2030,isd_individual_iso_prediction,ISD,dev,ISD_PancrasLock_PancrasLock2_PL221_R384,ISD_PancrasLock_PancrasLock2_PL221,ISOEventful,0.2803,0.22615924,
isd_individual_iso_prediction__isd__tong_style_reduced_xgboost__seed2030,isd_individual_iso_prediction,ISD,dev,ISD_PancrasLock_PancrasLock2_PL222_R385,ISD_PancrasLock_PancrasLock2_PL222,ISOEventful,0.5,0.10121976,
isd_individual_iso_prediction__isd__tong_style_reduced_xgboost__seed2030,isd_individual_iso_prediction,ISD,dev,ISD_PancrasLock_PancrasLock2_PL224_R387,ISD_PancrasLock_PancrasLock2_PL224,ISOEventful,-0.25,0.15381135,
isd_individual_iso_prediction__isd__tong_style_reduced_xgboost__seed2030,isd_individual_iso_prediction,ISD,dev,ISD_PancrasLock_PancrasLock2_PL227_R389,ISD_PancrasLock_PancrasLock2_PL227,ISOEventful,-0.4268,0.10338529,
isd_individual_iso_prediction__isd__tong_style_reduced_xgboost__seed2030,isd_individual_iso_prediction,ISD,dev,ISD_PancrasLock_PancrasLock2_PL228_R390,ISD_PancrasLock_PancrasLock2_PL228,ISOEventful,-0.3232,0.056585446,
isd_individual_iso_prediction__isd__tong_style_reduced_xgboost__seed2030,isd_individual_iso_prediction,ISD,dev,ISD_PancrasLock_PancrasLock2_PL230_R392,ISD_PancrasLock_PancrasLock2_PL230,ISOEventful,0.0,0.24019252,
isd_individual_iso_prediction__isd__tong_style_reduced_xgboost__seed2030,isd_individual_iso_prediction,ISD,dev,ISD_PancrasLock_PancrasLock2_PL231_R393,ISD_PancrasLock_PancrasLock2_PL231,ISOEventful,-0.7071,0.15076871,
isd_individual_iso_prediction__isd__tong_style_reduced_xgboost__seed2030,isd_individual_iso_prediction,ISD,dev,ISD_PancrasLock_PancrasLock2_PL231_R405,ISD_PancrasLock_PancrasLock2_PL231,ISOEventful,0.5,0.15264802,
isd_individual_iso_prediction__isd__tong_style_reduced_xgboost__seed2030,isd_individual_iso_prediction,ISD,dev,ISD_PancrasLock_PancrasLock2_PL234_R395,ISD_PancrasLock_PancrasLock2_PL234,ISOEventful,-0.5,0.19406773,
isd_individual_iso_prediction__isd__tong_style_reduced_xgboost__seed2030,isd_individual_iso_prediction,ISD,dev,ISD_OlympicSquare_OlympicSquare4_OSQ4026_RZHH01,ISD_OlympicSquare_OlympicSquare4_OSQ4026,ISOEventful,0.3839,-0.009073827,
isd_individual_iso_prediction__isd__tong_style_reduced_xgboost__seed2030,isd_individual_iso_prediction,ISD,dev,ISD_OlympicSquare_OlympicSquare4_OSQ4027_RZHH02,ISD_OlympicSquare_OlympicSquare4_OSQ4027,ISOEventful,0.1768,0.07852479,
isd_individual_iso_prediction__isd__tong_style_reduced_xgboost__seed2030,isd_individual_iso_prediction,ISD,dev,ISD_OlympicSquare_OlympicSquare4_OSQ4028_RZHH03,ISD_OlympicSquare_OlympicSquare4_OSQ4028,ISOEventful,-0.4268,0.044246927,
isd_individual_iso_prediction__isd__tong_style_reduced_xgboost__seed2030,isd_individual_iso_prediction,ISD,dev,ISD_OlympicSquare_OlympicSquare4_OSQ4029_RZHH04,ISD_OlympicSquare_OlympicSquare4_OSQ4029,ISOEventful,0.1036,-0.012324628,
isd_individual_iso_prediction__isd__tong_style_reduced_xgboost__seed2030,isd_individual_iso_prediction,ISD,dev,ISD_OlympicSquare_OlympicSquare4_OSQ4030_RZHH05,ISD_OlympicSquare_OlympicSquare4_OSQ4030,ISOEventful,0.1339,0.06074785,
isd_individual_iso_prediction__isd__tong_style_reduced_xgboost__seed2030,isd_individual_iso_prediction,ISD,dev,ISD_OlympicSquare_OlympicSquare4_OSQ4031_RZHH06,ISD_OlympicSquare_OlympicSquare4_OSQ4031,ISOEventful,0.0,0.013108726,
isd_individual_iso_prediction__isd__tong_style_reduced_xgboost__seed2030,isd_individual_iso_prediction,ISD,dev,ISD_OlympicSquare_OlympicSquare4_OSQ4032_RZHH07,ISD_OlympicSquare_OlympicSquare4_OSQ4032,ISOEventful,0.0732,0.013108726,
isd_individual_iso_prediction__isd__tong_style_reduced_xgboost__seed2030,isd_individual_iso_prediction,ISD,dev,ISD_OlympicSquare_OlympicSquare4_OSQ4033_RZHH08,ISD_OlympicSquare_OlympicSquare4_OSQ4033,ISOEventful,-0.1036,0.07992227,
isd_individual_iso_prediction__isd__tong_style_reduced_xgboost__seed2030,isd_individual_iso_prediction,ISD,dev,ISD_OlympicSquare_OlympicSquare4_OSQ4034_RZHH09,ISD_OlympicSquare_OlympicSquare4_OSQ4034,ISOEventful,0.5,-0.010473787,
isd_individual_iso_prediction__isd__tong_style_reduced_xgboost__seed2030,isd_individual_iso_prediction,ISD,dev,ISD_OlympicSquare_OlympicSquare4_OSQ4035_RZHH10,ISD_OlympicSquare_OlympicSquare4_OSQ4035,ISOEventful,0.1893,-0.010473787,
isd_individual_iso_prediction__isd__tong_style_reduced_xgboost__seed2030,isd_individual_iso_prediction,ISD,dev,ISD_OlympicSquare_OlympicSquare4_OSQ4036_RZHH11,ISD_OlympicSquare_OlympicSquare4_OSQ4036,ISOEventful,-0.1036,0.04223877,
isd_individual_iso_prediction__isd__tong_style_reduced_xgboost__seed2030,isd_individual_iso_prediction,ISD,dev,ISD_OlympicSquare_OlympicSquare4_OSQ4037_RZHH12,ISD_OlympicSquare_OlympicSquare4_OSQ4037,ISOEventful,-0.1339,0.0093822135,
isd_individual_iso_prediction__isd__tong_style_reduced_xgboost__seed2030,isd_individual_iso_prediction,ISD,dev,ISD_OlympicSquare_OlympicSquare4_OSQ4038_RZHH13,ISD_OlympicSquare_OlympicSquare4_OSQ4038,ISOEventful,0.2071,0.06997653,
isd_individual_iso_prediction__isd__tong_style_reduced_xgboost__seed2030,isd_individual_iso_prediction,ISD,dev,ISD_OlympicSquare_OlympicSquare4_OSQ4039_RZZY01,ISD_OlympicSquare_OlympicSquare4_OSQ4039,ISOEventful,0.25,0.015568487,
isd_individual_iso_prediction__isd__tong_style_reduced_xgboost__seed2030,isd_individual_iso_prediction,ISD,dev,ISD_OlympicSquare_OlympicSquare4_OSQ4040_RZZY03,ISD_OlympicSquare_OlympicSquare4_OSQ4040,ISOEventful,-0.0732,0.06650228,
isd_individual_iso_prediction__isd__tong_style_reduced_xgboost__seed2030,isd_individual_iso_prediction,ISD,dev,ISD_OlympicSquare_OlympicSquare4_OSQ4041_RZRN01,ISD_OlympicSquare_OlympicSquare4_OSQ4041,ISOEventful,0.0,-0.010657494,
isd_individual_iso_prediction__isd__tong_style_reduced_xgboost__seed2030,isd_individual_iso_prediction,ISD,dev,ISD_OlympicSquare_OlympicSquare4_OSQ4042_RZRN02,ISD_OlympicSquare_OlympicSquare4_OSQ4042,ISOEventful,0.0732,0.09595603,
isd_individual_iso_prediction__isd__tong_style_reduced_xgboost__seed2030,isd_individual_iso_prediction,ISD,dev,ISD_OlympicSquare_OlympicSquare4_OSQ4043_RZRN03,ISD_OlympicSquare_OlympicSquare4_OSQ4043,ISOEventful,-0.1036,0.013108726,
isd_individual_iso_prediction__isd__tong_style_reduced_xgboost__seed2030,isd_individual_iso_prediction,ISD,dev,ISD_OlympicSquare_OlympicSquare4_OSQ4044_RZRN04,ISD_OlympicSquare_OlympicSquare4_OSQ4044,ISOEventful,-0.0732,0.013108726,
isd_individual_iso_prediction__isd__tong_style_reduced_xgboost__seed2030,isd_individual_iso_prediction,ISD,dev,ISD_OlympicSquare_OlympicSquare4_OSQ4045_RZRN05,ISD_OlympicSquare_OlympicSquare4_OSQ4045,ISOEventful,0.0429,0.030176092,
isd_individual_iso_prediction__isd__tong_style_reduced_xgboost__seed2030,isd_individual_iso_prediction,ISD,dev,ISD_OlympicSquare_OlympicSquare4_OSQ4046_RZRN06,ISD_OlympicSquare_OlympicSquare4_OSQ4046,ISOEventful,0.4874,0.020170843,
isd_individual_iso_prediction__isd__tong_style_reduced_xgboost__seed2030,isd_individual_iso_prediction,ISD,dev,ISD_OlympicSquare_OlympicSquare4_OSQ4047_RZRN07,ISD_OlympicSquare_OlympicSquare4_OSQ4047,ISOEventful,0.0,0.062735274,
isd_individual_iso_prediction__isd__tong_style_reduced_xgboost__seed2030,isd_individual_iso_prediction,ISD,dev,ISD_OlympicSquare_OlympicSquare4_OSQ4049_RLM02,ISD_OlympicSquare_OlympicSquare4_OSQ4049,ISOEventful,0.1036,0.14212845,
isd_individual_iso_prediction__isd__tong_style_reduced_xgboost__seed2030,isd_individual_iso_prediction,ISD,dev,ISD_OlympicSquare_OlympicSquare4_OSQ4050_RLM03,ISD_OlympicSquare_OlympicSquare4_OSQ4050,ISOEventful,0.1036,0.108851366,
isd_individual_iso_prediction__isd__tong_style_reduced_xgboost__seed2030,isd_individual_iso_prediction,ISD,dev,ISD_OlympicSquare_OlympicSquare4_OSQ4051_RLM04,ISD_OlympicSquare_OlympicSquare4_OSQ4051,ISOEventful,0.0732,-0.026154615,
isd_individual_iso_prediction__isd__tong_style_reduced_xgboost__seed2030,isd_individual_iso_prediction,ISD,dev,ISD_OlympicSquare_OlympicSquare4_OSQ4052_RLM05,ISD_OlympicSquare_OlympicSquare4_OSQ4052,ISOEventful,0.0,0.0498995,
isd_individual_iso_prediction__isd__tong_style_reduced_xgboost__seed2030,isd_individual_iso_prediction,ISD,dev,ISD_OlympicSquare_OlympicSquare4_OSQ4053_RLM06,ISD_OlympicSquare_OlympicSquare4_OSQ4053,ISOEventful,0.0607,0.07141554,
isd_individual_iso_prediction__isd__tong_style_reduced_xgboost__seed2030,isd_individual_iso_prediction,ISD,dev,ISD_OlympicSquare_OlympicSquare4_OSQ4054_RLM07,ISD_OlympicSquare_OlympicSquare4_OSQ4054,ISOEventful,0.25,0.006281697,
isd_individual_iso_prediction__isd__tong_style_reduced_xgboost__seed2030,isd_individual_iso_prediction,ISD,dev,ISD_OlympicSquare_OlympicSquare4_OSQ4056_RLM09,ISD_OlympicSquare_OlympicSquare4_OSQ4056,ISOEventful,0.0303,0.058529478,
isd_individual_iso_prediction__isd__tong_style_reduced_xgboost__seed2030,isd_individual_iso_prediction,ISD,dev,ISD_OlympicSquare_OlympicSquare4_OSQ4057_RLM10,ISD_OlympicSquare_OlympicSquare4_OSQ4057,ISOEventful,-0.1768,0.063734226,
isd_individual_iso_prediction__isd__tong_style_reduced_xgboost__seed2030,isd_individual_iso_prediction,ISD,dev,ISD_OlympicSquare_OlympicSquare4_OSQ4082_RLR01,ISD_OlympicSquare_OlympicSquare4_OSQ4082,ISOEventful,-0.0732,0.044868264,
isd_individual_iso_prediction__isd__tong_style_reduced_xgboost__seed2030,isd_individual_iso_prediction,ISD,dev,ISD_OlympicSquare_OlympicSquare4_OSQ4084_RLR03,ISD_OlympicSquare_OlympicSquare4_OSQ4084,ISOEventful,0.6464,0.0139438445,
isd_individual_iso_prediction__isd__tong_style_reduced_xgboost__seed2030,isd_individual_iso_prediction,ISD,dev,ISD_OlympicSquare_OlympicSquare4_OSQ4085_RLR04,ISD_OlympicSquare_OlympicSquare4_OSQ4085,ISOEventful,0.0429,0.09684676,
isd_individual_iso_prediction__isd__tong_style_reduced_xgboost__seed2030,isd_individual_iso_prediction,ISD,dev,ISD_OlympicSquare_OlympicSquare4_OSQ4086_RLR05,ISD_OlympicSquare_OlympicSquare4_OSQ4086,ISOEventful,0.3232,0.092945434,
isd_individual_iso_prediction__isd__tong_style_reduced_xgboost__seed2030,isd_individual_iso_prediction,ISD,dev,ISD_OlympicSquare_OlympicSquare4_OSQ4087_RLR06,ISD_OlympicSquare_OlympicSquare4_OSQ4087,ISOEventful,0.0732,0.066288196,
isd_individual_iso_prediction__isd__tong_style_reduced_xgboost__seed2030,isd_individual_iso_prediction,ISD,dev,ISD_OlympicSquare_OlympicSquare4_OSQ4088_RLR07,ISD_OlympicSquare_OlympicSquare4_OSQ4088,ISOEventful,0.0,-0.0026407442,
isd_individual_iso_prediction__isd__tong_style_reduced_xgboost__seed2030,isd_individual_iso_prediction,ISD,dev,ISD_OlympicSquare_OlympicSquare4_OSQ4089_RLR08,ISD_OlympicSquare_OlympicSquare4_OSQ4089,ISOEventful,-0.0732,0.12503104,
isd_individual_iso_prediction__isd__tong_style_reduced_xgboost__seed2030,isd_individual_iso_prediction,ISD,dev,ISD_OlympicSquare_OlympicSquare4_OSQ4090_RLR09,ISD_OlympicSquare_OlympicSquare4_OSQ4090,ISOEventful,0.25,0.110385075,
isd_individual_iso_prediction__isd__tong_style_reduced_xgboost__seed2030,isd_individual_iso_prediction,ISD,dev,ISD_OlympicSquare_OlympicSquare4_OSQ4091_RLR10,ISD_OlympicSquare_OlympicSquare4_OSQ4091,ISOEventful,0.0,0.12454778,
isd_individual_iso_prediction__isd__tong_style_reduced_xgboost__seed2030,isd_individual_iso_prediction,ISD,dev,ISD_OlympicSquare_OlympicSquare4_OSQ4092_RLQ01,ISD_OlympicSquare_OlympicSquare4_OSQ4092,ISOEventful,-0.3536,0.0038540817,
isd_individual_iso_prediction__isd__tong_style_reduced_xgboost__seed2030,isd_individual_iso_prediction,ISD,dev,ISD_OlympicSquare_OlympicSquare4_OSQ4094_RLQ03,ISD_OlympicSquare_OlympicSquare4_OSQ4094,ISOEventful,0.1768,-0.02233871,
isd_individual_iso_prediction__isd__tong_style_reduced_xgboost__seed2030,isd_individual_iso_prediction,ISD,dev,ISD_OlympicSquare_OlympicSquare4_OSQ4095_RLQ04,ISD_OlympicSquare_OlympicSquare4_OSQ4095,ISOEventful,0.0,0.040613975,
isd_individual_iso_prediction__isd__tong_style_reduced_xgboost__seed2030,isd_individual_iso_prediction,ISD,dev,ISD_OlympicSquare_OlympicSquare4_OSQ4096_RLQ05,ISD_OlympicSquare_OlympicSquare4_OSQ4096,ISOEventful,0.0,0.028058821,
isd_individual_iso_prediction__isd__tong_style_reduced_xgboost__seed2030,isd_individual_iso_prediction,ISD,dev,ISD_OlympicSquare_OlympicSquare4_OSQ4097_RLQ06,ISD_OlympicSquare_OlympicSquare4_OSQ4097,ISOEventful,-0.3536,0.0453385,
isd_individual_iso_prediction__isd__tong_style_reduced_xgboost__seed2030,isd_individual_iso_prediction,ISD,dev,ISD_OlympicSquare_OlympicSquare4_OSQ4098_RLQ07,ISD_OlympicSquare_OlympicSquare4_OSQ4098,ISOEventful,0.0,0.15052839,
isd_individual_iso_prediction__isd__tong_style_reduced_xgboost__seed2030,isd_individual_iso_prediction,ISD,dev,ISD_OlympicSquare_OlympicSquare4_OSQ4099_RLQ08,ISD_OlympicSquare_OlympicSquare4_OSQ4099,ISOEventful,0.0,0.1224911,
isd_individual_iso_prediction__isd__tong_style_reduced_xgboost__seed2030,isd_individual_iso_prediction,ISD,dev,ISD_OlympicSquare_OlympicSquare4_OSQ4100_RLQ09,ISD_OlympicSquare_OlympicSquare4_OSQ4100,ISOEventful,0.2071,0.12175799,
isd_individual_iso_prediction__isd__tong_style_reduced_xgboost__seed2030,isd_individual_iso_prediction,ISD,dev,ISD_OlympicSquare_OlympicSquare4_OSQ4101_RHYY01,ISD_OlympicSquare_OlympicSquare4_OSQ4101,ISOEventful,0.1036,0.07057786,
isd_individual_iso_prediction__isd__tong_style_reduced_xgboost__seed2030,isd_individual_iso_prediction,ISD,dev,ISD_OlympicSquare_OlympicSquare4_OSQ4102_RHYY02,ISD_OlympicSquare_OlympicSquare4_OSQ4102,ISOEventful,0.0732,0.059587047,
isd_individual_iso_prediction__isd__tong_style_reduced_xgboost__seed2030,isd_individual_iso_prediction,ISD,test,ISD_SanMarco_SanMarco1_AM06_R30,ISD_SanMarco_SanMarco1_AM06,ISOEventful,0.3661,0.3769923,
isd_individual_iso_prediction__isd__tong_style_reduced_xgboost__seed2030,isd_individual_iso_prediction,ISD,test,ISD_SanMarco_SanMarco1_AM06_R31,ISD_SanMarco_SanMarco1_AM06,ISOEventful,-0.159,0.37251985,
isd_individual_iso_prediction__isd__tong_style_reduced_xgboost__seed2030,isd_individual_iso_prediction,ISD,test,ISD_SanMarco_SanMarco1_AM07_R32,ISD_SanMarco_SanMarco1_AM07,ISOEventful,0.7071,0.1958978,
isd_individual_iso_prediction__isd__tong_style_reduced_xgboost__seed2030,isd_individual_iso_prediction,ISD,test,ISD_PlazaBibRambla_PlazaBibRambla1_BIB11_R1457,ISD_PlazaBibRambla_PlazaBibRambla1_BIB11,ISOEventful,0.0,0.21509787,
isd_individual_iso_prediction__isd__tong_style_reduced_xgboost__seed2030,isd_individual_iso_prediction,ISD,test,ISD_PlazaBibRambla_PlazaBibRambla1_BIB14_R1444,ISD_PlazaBibRambla_PlazaBibRambla1_BIB14,ISOEventful,0.6339,0.22480643,
isd_individual_iso_prediction__isd__tong_style_reduced_xgboost__seed2030,isd_individual_iso_prediction,ISD,test,ISD_PlazaBibRambla_PlazaBibRambla1_BIB5_R1454,ISD_PlazaBibRambla_PlazaBibRambla1_BIB5,ISOEventful,0.2929,0.25129396,
isd_individual_iso_prediction__isd__tong_style_reduced_xgboost__seed2030,isd_individual_iso_prediction,ISD,test,ISD_Noorderplantsoen_Noorderplantsoen1_NP142_R1461,ISD_Noorderplantsoen_Noorderplantsoen1_NP142,ISOEventful,0.1768,0.11252248,
isd_individual_iso_prediction__isd__tong_style_reduced_xgboost__seed2030,isd_individual_iso_prediction,ISD,test,ISD_Noorderplantsoen_Noorderplantsoen1_NP144_R1462,ISD_Noorderplantsoen_Noorderplantsoen1_NP144,ISOEventful,0.1464,0.108139485,
isd_individual_iso_prediction__isd__tong_style_reduced_xgboost__seed2030,isd_individual_iso_prediction,ISD,test,ISD_Noorderplantsoen_Noorderplantsoen1_NP144_R1463,ISD_Noorderplantsoen_Noorderplantsoen1_NP144,ISOEventful,0.0303,0.09254951,
isd_individual_iso_prediction__isd__tong_style_reduced_xgboost__seed2030,isd_individual_iso_prediction,ISD,test,ISD_Noorderplantsoen_Noorderplantsoen1_NP147_R1464,ISD_Noorderplantsoen_Noorderplantsoen1_NP147,ISOEventful,-0.0732,0.11695996,
isd_individual_iso_prediction__isd__tong_style_reduced_xgboost__seed2030,isd_individual_iso_prediction,ISD,test,ISD_Noorderplantsoen_Noorderplantsoen1_NP151_R1465,ISD_Noorderplantsoen_Noorderplantsoen1_NP151,ISOEventful,0.4874,-0.016705254,
isd_individual_iso_prediction__isd__tong_style_reduced_xgboost__seed2030,isd_individual_iso_prediction,ISD,test,ISD_Noorderplantsoen_Noorderplantsoen1_NP151_R1466,ISD_Noorderplantsoen_Noorderplantsoen1_NP151,ISOEventful,0.3536,0.014015817,
isd_individual_iso_prediction__isd__tong_style_reduced_xgboost__seed2030,isd_individual_iso_prediction,ISD,test,ISD_SanMarco_SanMarco1_ML103_R36,ISD_SanMarco_SanMarco1_ML103,ISOEventful,0.7071,0.5679129,
isd_individual_iso_prediction__isd__tong_style_reduced_xgboost__seed2030,isd_individual_iso_prediction,ISD,test,ISD_SanMarco_SanMarco1_ML103_R37,ISD_SanMarco_SanMarco1_ML103,ISOEventful,0.5,0.5679129,
isd_individual_iso_prediction__isd__tong_style_reduced_xgboost__seed2030,isd_individual_iso_prediction,ISD,test,ISD_SanMarco_SanMarco1_ML103_R38,ISD_SanMarco_SanMarco1_ML103,ISOEventful,0.4393,0.6118544,
isd_individual_iso_prediction__isd__tong_style_reduced_xgboost__seed2030,isd_individual_iso_prediction,ISD,test,ISD_SanMarco_SanMarco1_ML103_R39,ISD_SanMarco_SanMarco1_ML103,ISOEventful,0.6036,0.6118544,
isd_individual_iso_prediction__isd__tong_style_reduced_xgboost__seed2030,isd_individual_iso_prediction,ISD,test,ISD_SanMarco_SanMarco1_ML106_R43,ISD_SanMarco_SanMarco1_ML106,ISOEventful,-0.1161,0.22304466,
isd_individual_iso_prediction__isd__tong_style_reduced_xgboost__seed2030,isd_individual_iso_prediction,ISD,test,ISD_SanMarco_SanMarco1_ML106_R44,ISD_SanMarco_SanMarco1_ML106,ISOEventful,0.0607,0.22304466,
isd_individual_iso_prediction__isd__tong_style_reduced_xgboost__seed2030,isd_individual_iso_prediction,ISD,test,ISD_SanMarco_SanMarco1_ML106_R45,ISD_SanMarco_SanMarco1_ML106,ISOEventful,-0.0732,0.23745711,
isd_individual_iso_prediction__isd__tong_style_reduced_xgboost__seed2030,isd_individual_iso_prediction,ISD,test,ISD_SanMarco_SanMarco1_ML106_R46,ISD_SanMarco_SanMarco1_ML106,ISOEventful,0.1642,0.22304466,
isd_individual_iso_prediction__isd__tong_style_reduced_xgboost__seed2030,isd_individual_iso_prediction,ISD,test,ISD_SanMarco_SanMarco1_ML106_R47,ISD_SanMarco_SanMarco1_ML106,ISOEventful,0.0,0.22304466,
isd_individual_iso_prediction__isd__tong_style_reduced_xgboost__seed2030,isd_individual_iso_prediction,ISD,test,ISD_SanMarco_SanMarco1_ML112_R53,ISD_SanMarco_SanMarco1_ML112,ISOEventful,0.2374,0.33351153,
isd_individual_iso_prediction__isd__tong_style_reduced_xgboost__seed2030,isd_individual_iso_prediction,ISD,test,ISD_SanMarco_SanMarco1_ML112_R54,ISD_SanMarco_SanMarco1_ML112,ISOEventful,0.4268,0.33351153,
isd_individual_iso_prediction__isd__tong_style_reduced_xgboost__seed2030,isd_individual_iso_prediction,ISD,test,ISD_SanMarco_SanMarco1_ML112_R55,ISD_SanMarco_SanMarco1_ML112,ISOEventful,0.3232,0.32651436,
isd_individual_iso_prediction__isd__tong_style_reduced_xgboost__seed2030,isd_individual_iso_prediction,ISD,test,ISD_SanMarco_SanMarco1_ML132_R60,ISD_SanMarco_SanMarco1_ML132,ISOEventful,0.3661,0.40026644,
isd_individual_iso_prediction__isd__tong_style_reduced_xgboost__seed2030,isd_individual_iso_prediction,ISD,test,ISD_SanMarco_SanMarco1_ML132_R61,ISD_SanMarco_SanMarco1_ML132,ISOEventful,0.3661,0.40983132,
isd_individual_iso_prediction__isd__tong_style_reduced_xgboost__seed2030,isd_individual_iso_prediction,ISD,test,ISD_SanMarco_SanMarco2_ML204_R73,ISD_SanMarco_SanMarco2_ML204,ISOEventful,-0.0303,0.15746917,
isd_individual_iso_prediction__isd__tong_style_reduced_xgboost__seed2030,isd_individual_iso_prediction,ISD,test,ISD_SanMarco_SanMarco2_ML206_R76,ISD_SanMarco_SanMarco2_ML206,ISOEventful,0.1036,0.31413877,
isd_individual_iso_prediction__isd__tong_style_reduced_xgboost__seed2030,isd_individual_iso_prediction,ISD,test,ISD_SanMarco_SanMarco2_ML206_R77,ISD_SanMarco_SanMarco2_ML206,ISOEventful,0.1768,0.3115231,
isd_individual_iso_prediction__isd__tong_style_reduced_xgboost__seed2030,isd_individual_iso_prediction,ISD,test,ISD_SanMarco_SanMarco2_ML209_R80,ISD_SanMarco_SanMarco2_ML209,ISOEventful,-0.0732,0.24368197,
isd_individual_iso_prediction__isd__tong_style_reduced_xgboost__seed2030,isd_individual_iso_prediction,ISD,test,ISD_SanMarco_SanMarco2_ML209_R81,ISD_SanMarco_SanMarco2_ML209,ISOEventful,0.8232,0.26238608,
isd_individual_iso_prediction__isd__tong_style_reduced_xgboost__seed2030,isd_individual_iso_prediction,ISD,test,ISD_SanMarco_SanMarco2_ML210_R82,ISD_SanMarco_SanMarco2_ML210,ISOEventful,0.0607,0.17951635,
isd_individual_iso_prediction__isd__tong_style_reduced_xgboost__seed2030,isd_individual_iso_prediction,ISD,test,ISD_SanMarco_SanMarco2_ML210_R83,ISD_SanMarco_SanMarco2_ML210,ISOEventful,0.5303,0.17951635,
isd_individual_iso_prediction__isd__tong_style_reduced_xgboost__seed2030,isd_individual_iso_prediction,ISD,test,ISD_SanMarco_SanMarco2_ML211_R84,ISD_SanMarco_SanMarco2_ML211,ISOEventful,0.0,0.15855764,
isd_individual_iso_prediction__isd__tong_style_reduced_xgboost__seed2030,isd_individual_iso_prediction,ISD,test,ISD_SanMarco_SanMarco2_ML213_R88,ISD_SanMarco_SanMarco2_ML213,ISOEventful,0.7803,0.44975102,
isd_individual_iso_prediction__isd__tong_style_reduced_xgboost__seed2030,isd_individual_iso_prediction,ISD,test,ISD_SanMarco_SanMarco3_SM302_R94,ISD_SanMarco_SanMarco3_SM302,ISOEventful,0.5607,0.5119858,
isd_individual_iso_prediction__isd__tong_style_reduced_xgboost__seed2030,isd_individual_iso_prediction,ISD,test,ISD_SanMarco_SanMarco3_SM305_R100,ISD_SanMarco_SanMarco3_SM305,ISOEventful,0.341,0.45252278,
isd_individual_iso_prediction__isd__tong_style_reduced_xgboost__seed2030,isd_individual_iso_prediction,ISD,test,ISD_SanMarco_SanMarco3_SM305_R101,ISD_SanMarco_SanMarco3_SM305,ISOEventful,1.0,0.45252278,
isd_individual_iso_prediction__isd__tong_style_reduced_xgboost__seed2030,isd_individual_iso_prediction,ISD,test,ISD_SanMarco_SanMarco3_SM309_R109,ISD_SanMarco_SanMarco3_SM309,ISOEventful,0.7803,0.47852045,
isd_individual_iso_prediction__isd__tong_style_reduced_xgboost__seed2030,isd_individual_iso_prediction,ISD,test,ISD_SanMarco_SanMarco3_SM313_R116,ISD_SanMarco_SanMarco3_SM313,ISOEventful,0.4697,0.40940318,
isd_individual_iso_prediction__isd__tong_style_reduced_xgboost__seed2030,isd_individual_iso_prediction,ISD,test,ISD_SanMarco_SanMarco3_SM314_R117,ISD_SanMarco_SanMarco3_SM314,ISOEventful,0.3661,0.53056985,
isd_individual_iso_prediction__isd__tong_style_reduced_xgboost__seed2030,isd_individual_iso_prediction,ISD,test,ISD_SanMarco_SanMarco3_SM314_R118,ISD_SanMarco_SanMarco3_SM314,ISOEventful,0.1036,0.53931224,
isd_individual_iso_prediction__isd__tong_style_reduced_xgboost__seed2030,isd_individual_iso_prediction,ISD,test,ISD_SanMarco_SanMarco3_SM314_R119,ISD_SanMarco_SanMarco3_SM314,ISOEventful,0.5303,0.53931224,
isd_individual_iso_prediction__isd__tong_style_reduced_xgboost__seed2030,isd_individual_iso_prediction,ISD,test,ISD_SanMarco_SanMarco3_SM314_R120,ISD_SanMarco_SanMarco3_SM314,ISOEventful,0.8536,0.53056985,
isd_individual_iso_prediction__isd__tong_style_reduced_xgboost__seed2030,isd_individual_iso_prediction,ISD,test,ISD_SanMarco_SanMarco3_SM314_R121,ISD_SanMarco_SanMarco3_SM314,ISOEventful,0.2678,0.53931224,
isd_individual_iso_prediction__isd__tong_style_reduced_xgboost__seed2030,isd_individual_iso_prediction,ISD,test,ISD_MiradorSanNicolas_MiradorSanNicolas1_M11_R10201,ISD_MiradorSanNicolas_MiradorSanNicolas1_M11,ISOEventful,-0.2929,0.24714264,
isd_individual_iso_prediction__isd__tong_style_reduced_xgboost__seed2030,isd_individual_iso_prediction,ISD,test,ISD_MiradorSanNicolas_MiradorSanNicolas1_M110_R10208,ISD_MiradorSanNicolas_MiradorSanNicolas1_M110,ISOEventful,0.2197,0.027311126,
isd_individual_iso_prediction__isd__tong_style_reduced_xgboost__seed2030,isd_individual_iso_prediction,ISD,test,ISD_MiradorSanNicolas_MiradorSanNicolas1_M110_R10209,ISD_MiradorSanNicolas_MiradorSanNicolas1_M110,ISOEventful,0.1768,-0.0029184683,
isd_individual_iso_prediction__isd__tong_style_reduced_xgboost__seed2030,isd_individual_iso_prediction,ISD,test,ISD_MiradorSanNicolas_MiradorSanNicolas1_M111_R10210,ISD_MiradorSanNicolas_MiradorSanNicolas1_M111,ISOEventful,-0.1161,0.0008677805,
isd_individual_iso_prediction__isd__tong_style_reduced_xgboost__seed2030,isd_individual_iso_prediction,ISD,test,ISD_MiradorSanNicolas_MiradorSanNicolas1_M111_R10211,ISD_MiradorSanNicolas_MiradorSanNicolas1_M111,ISOEventful,-0.4268,0.05643167,
isd_individual_iso_prediction__isd__tong_style_reduced_xgboost__seed2030,isd_individual_iso_prediction,ISD,test,ISD_MiradorSanNicolas_MiradorSanNicolas1_M113_R10212,ISD_MiradorSanNicolas_MiradorSanNicolas1_M113,ISOEventful,-0.2197,0.07514864,
isd_individual_iso_prediction__isd__tong_style_reduced_xgboost__seed2030,isd_individual_iso_prediction,ISD,test,ISD_MiradorSanNicolas_MiradorSanNicolas1_M113_R10214,ISD_MiradorSanNicolas_MiradorSanNicolas1_M113,ISOEventful,0.8232,0.039203264,
isd_individual_iso_prediction__isd__tong_style_reduced_xgboost__seed2030,isd_individual_iso_prediction,ISD,test,ISD_MiradorSanNicolas_MiradorSanNicolas1_M113_R10215,ISD_MiradorSanNicolas_MiradorSanNicolas1_M113,ISOEventful,0.3839,0.08490712,
isd_individual_iso_prediction__isd__tong_style_reduced_xgboost__seed2030,isd_individual_iso_prediction,ISD,test,ISD_MiradorSanNicolas_MiradorSanNicolas1_M12_R10202,ISD_MiradorSanNicolas_MiradorSanNicolas1_M12,ISOEventful,0.2197,0.29989037,
isd_individual_iso_prediction__isd__tong_style_reduced_xgboost__seed2030,isd_individual_iso_prediction,ISD,test,ISD_MiradorSanNicolas_MiradorSanNicolas1_M13_R10203,ISD_MiradorSanNicolas_MiradorSanNicolas1_M13,ISOEventful,0.1642,0.24902011,
isd_individual_iso_prediction__isd__tong_style_reduced_xgboost__seed2030,isd_individual_iso_prediction,ISD,test,ISD_MiradorSanNicolas_MiradorSanNicolas1_M16_R10204,ISD_MiradorSanNicolas_MiradorSanNicolas1_M16,ISOEventful,0.0303,0.069689706,
isd_individual_iso_prediction__isd__tong_style_reduced_xgboost__seed2030,isd_individual_iso_prediction,ISD,test,ISD_MiradorSanNicolas_MiradorSanNicolas1_M17_R10200,ISD_MiradorSanNicolas_MiradorSanNicolas1_M17,ISOEventful,-0.1287,-0.033314805,
isd_individual_iso_prediction__isd__tong_style_reduced_xgboost__seed2030,isd_individual_iso_prediction,ISD,test,ISD_MiradorSanNicolas_MiradorSanNicolas1_M17_R10206,ISD_MiradorSanNicolas_MiradorSanNicolas1_M17,ISOEventful,-0.1339,-0.03615829,
isd_individual_iso_prediction__isd__tong_style_reduced_xgboost__seed2030,isd_individual_iso_prediction,ISD,test,ISD_MiradorSanNicolas_MiradorSanNicolas1_M21_R10233,ISD_MiradorSanNicolas_MiradorSanNicolas1_M21,ISOEventful,0.3232,0.063437015,
isd_individual_iso_prediction__isd__tong_style_reduced_xgboost__seed2030,isd_individual_iso_prediction,ISD,test,ISD_MiradorSanNicolas_MiradorSanNicolas1_M21_R10234,ISD_MiradorSanNicolas_MiradorSanNicolas1_M21,ISOEventful,0.6768,0.022110948,
isd_individual_iso_prediction__isd__tong_style_reduced_xgboost__seed2030,isd_individual_iso_prediction,ISD,test,ISD_MiradorSanNicolas_MiradorSanNicolas1_M210_R10232,ISD_MiradorSanNicolas_MiradorSanNicolas1_M210,ISOEventful,-0.2929,0.10586078,
isd_individual_iso_prediction__isd__tong_style_reduced_xgboost__seed2030,isd_individual_iso_prediction,ISD,test,ISD_MiradorSanNicolas_MiradorSanNicolas1_M22_R10217,ISD_MiradorSanNicolas_MiradorSanNicolas1_M22,ISOEventful,0.4874,0.07606696,
isd_individual_iso_prediction__isd__tong_style_reduced_xgboost__seed2030,isd_individual_iso_prediction,ISD,test,ISD_MiradorSanNicolas_MiradorSanNicolas1_M22_R10218,ISD_MiradorSanNicolas_MiradorSanNicolas1_M22,ISOEventful,0.6339,-0.0021040903,
isd_individual_iso_prediction__isd__tong_style_reduced_xgboost__seed2030,isd_individual_iso_prediction,ISD,test,ISD_MiradorSanNicolas_MiradorSanNicolas1_M23_R10219,ISD_MiradorSanNicolas_MiradorSanNicolas1_M23,ISOEventful,0.1768,-0.05855004,
isd_individual_iso_prediction__isd__tong_style_reduced_xgboost__seed2030,isd_individual_iso_prediction,ISD,test,ISD_MiradorSanNicolas_MiradorSanNicolas1_M23_R10220,ISD_MiradorSanNicolas_MiradorSanNicolas1_M23,ISOEventful,0.2929,-0.07152472,
isd_individual_iso_prediction__isd__tong_style_reduced_xgboost__seed2030,isd_individual_iso_prediction,ISD,test,ISD_MiradorSanNicolas_MiradorSanNicolas1_M24_R10227,ISD_MiradorSanNicolas_MiradorSanNicolas1_M24,ISOEventful,0.1036,0.09576503,
isd_individual_iso_prediction__isd__tong_style_reduced_xgboost__seed2030,isd_individual_iso_prediction,ISD,test,ISD_MiradorSanNicolas_MiradorSanNicolas1_M26_R10222,ISD_MiradorSanNicolas_MiradorSanNicolas1_M26,ISOEventful,-0.3661,0.18549778,
isd_individual_iso_prediction__isd__tong_style_reduced_xgboost__seed2030,isd_individual_iso_prediction,ISD,test,ISD_MiradorSanNicolas_MiradorSanNicolas1_M28_R10224,ISD_MiradorSanNicolas_MiradorSanNicolas1_M28,ISOEventful,0.1945,0.16449267,
isd_individual_iso_prediction__isd__tong_style_reduced_xgboost__seed2030,isd_individual_iso_prediction,ISD,test,ISD_MiradorSanNicolas_MiradorSanNicolas1_M28_R10225,ISD_MiradorSanNicolas_MiradorSanNicolas1_M28,ISOEventful,-0.0126,0.16449267,
isd_individual_iso_prediction__isd__tong_style_reduced_xgboost__seed2030,isd_individual_iso_prediction,ISD,test,ISD_MiradorSanNicolas_MiradorSanNicolas1_M29_R10228,ISD_MiradorSanNicolas_MiradorSanNicolas1_M29,ISOEventful,-0.0858,0.09550249,
isd_individual_iso_prediction__isd__tong_style_reduced_xgboost__seed2030,isd_individual_iso_prediction,ISD,test,ISD_MiradorSanNicolas_MiradorSanNicolas1_M29_R10229,ISD_MiradorSanNicolas_MiradorSanNicolas1_M29,ISOEventful,0.341,0.11577739,
isd_individual_iso_prediction__isd__tong_style_reduced_xgboost__seed2030,isd_individual_iso_prediction,ISD,test,ISD_MiradorSanNicolas_MiradorSanNicolas1_M29_R10231,ISD_MiradorSanNicolas_MiradorSanNicolas1_M29,ISOEventful,0.3839,0.113973945,
isd_individual_iso_prediction__isd__tong_style_reduced_xgboost__seed2030,isd_individual_iso_prediction,ISD,test,ISD_PlazaBibRambla_PlazaBibRambla1_BIB1_R10239,ISD_PlazaBibRambla_PlazaBibRambla1_BIB1,ISOEventful,0.1036,0.042335026,
isd_individual_iso_prediction__isd__tong_style_reduced_xgboost__seed2030,isd_individual_iso_prediction,ISD,test,ISD_PlazaBibRambla_PlazaBibRambla1_BIB10_R10252,ISD_PlazaBibRambla_PlazaBibRambla1_BIB10,ISOEventful,0.3536,-0.04448766,
isd_individual_iso_prediction__isd__tong_style_reduced_xgboost__seed2030,isd_individual_iso_prediction,ISD,test,ISD_PlazaBibRambla_PlazaBibRambla1_BIB10_R10255,ISD_PlazaBibRambla_PlazaBibRambla1_BIB10,ISOEventful,-0.7071,-0.11404806,
isd_individual_iso_prediction__isd__tong_style_reduced_xgboost__seed2030,isd_individual_iso_prediction,ISD,test,ISD_PlazaBibRambla_PlazaBibRambla1_BIB12_R10237,ISD_PlazaBibRambla_PlazaBibRambla1_BIB12,ISOEventful,-0.2929,0.029226553,
isd_individual_iso_prediction__isd__tong_style_reduced_xgboost__seed2030,isd_individual_iso_prediction,ISD,test,ISD_PlazaBibRambla_PlazaBibRambla1_BIB13_R10253,ISD_PlazaBibRambla_PlazaBibRambla1_BIB13,ISOEventful,-0.5126,0.122052975,
isd_individual_iso_prediction__isd__tong_style_reduced_xgboost__seed2030,isd_individual_iso_prediction,ISD,test,ISD_PlazaBibRambla_PlazaBibRambla1_BIB13_R10254,ISD_PlazaBibRambla_PlazaBibRambla1_BIB13,ISOEventful,-0.1464,0.078846015,
isd_individual_iso_prediction__isd__tong_style_reduced_xgboost__seed2030,isd_individual_iso_prediction,ISD,test,ISD_PlazaBibRambla_PlazaBibRambla1_BIB15_R10236,ISD_PlazaBibRambla_PlazaBibRambla1_BIB15,ISOEventful,-0.0732,0.026336856,
isd_individual_iso_prediction__isd__tong_style_reduced_xgboost__seed2030,isd_individual_iso_prediction,ISD,test,ISD_PlazaBibRambla_PlazaBibRambla1_BIB16_R10235,ISD_PlazaBibRambla_PlazaBibRambla1_BIB16,ISOEventful,0.1339,-0.040300004,
isd_individual_iso_prediction__isd__tong_style_reduced_xgboost__seed2030,isd_individual_iso_prediction,ISD,test,ISD_PlazaBibRambla_PlazaBibRambla1_BIB3_R10251,ISD_PlazaBibRambla_PlazaBibRambla1_BIB3,ISOEventful,0.0303,-0.0025941709,
isd_individual_iso_prediction__isd__tong_style_reduced_xgboost__seed2030,isd_individual_iso_prediction,ISD,test,ISD_PlazaBibRambla_PlazaBibRambla1_BIB4_R10243,ISD_PlazaBibRambla_PlazaBibRambla1_BIB4,ISOEventful,-0.5429,0.086435474,
isd_individual_iso_prediction__isd__tong_style_reduced_xgboost__seed2030,isd_individual_iso_prediction,ISD,test,ISD_PlazaBibRambla_PlazaBibRambla1_BIB4_R10244,ISD_PlazaBibRambla_PlazaBibRambla1_BIB4,ISOEventful,-0.3661,-0.067664914,
isd_individual_iso_prediction__isd__tong_style_reduced_xgboost__seed2030,isd_individual_iso_prediction,ISD,test,ISD_PlazaBibRambla_PlazaBibRambla1_BIB6_R10246,ISD_PlazaBibRambla_PlazaBibRambla1_BIB6,ISOEventful,0.0,-0.0093504945,
isd_individual_iso_prediction__isd__tong_style_reduced_xgboost__seed2030,isd_individual_iso_prediction,ISD,test,ISD_PlazaBibRambla_PlazaBibRambla1_BIB6_R10247,ISD_PlazaBibRambla_PlazaBibRambla1_BIB6,ISOEventful,0.0732,-0.08331946,
isd_individual_iso_prediction__isd__tong_style_reduced_xgboost__seed2030,isd_individual_iso_prediction,ISD,test,ISD_PlazaBibRambla_PlazaBibRambla1_BIB9_R10258,ISD_PlazaBibRambla_PlazaBibRambla1_BIB9,ISOEventful,0.4571,0.19700256,
isd_individual_iso_prediction__isd__tong_style_reduced_xgboost__seed2030,isd_individual_iso_prediction,ISD,test,ISD_SanMarco_SanMarco1_AM02_R17,ISD_SanMarco_SanMarco1_AM02,ISOEventful,0.1768,0.103860825,
isd_individual_iso_prediction__isd__tong_style_reduced_xgboost__seed2030,isd_individual_iso_prediction,ISD,test,ISD_SanMarco_SanMarco1_AM02_R18,ISD_SanMarco_SanMarco1_AM02,ISOEventful,-0.1768,0.103860825,
isd_individual_iso_prediction__isd__tong_style_reduced_xgboost__seed2030,isd_individual_iso_prediction,ISD,test,ISD_SanMarco_SanMarco1_ML101_R22,ISD_SanMarco_SanMarco1_ML101,ISOEventful,0.2929,0.25251395,
isd_individual_iso_prediction__isd__tong_style_reduced_xgboost__seed2030,isd_individual_iso_prediction,ISD,test,ISD_SanMarco_SanMarco1_ML101_R23,ISD_SanMarco_SanMarco1_ML101,ISOEventful,0.3232,0.26337573,
isd_individual_iso_prediction__isd__tong_style_reduced_xgboost__seed2030,isd_individual_iso_prediction,ISD,test,ISD_SanMarco_SanMarco1_ML104_R24,ISD_SanMarco_SanMarco1_ML104,ISOEventful,0.3964,0.20303902,
isd_individual_iso_prediction__isd__tong_style_reduced_xgboost__seed2030,isd_individual_iso_prediction,ISD,test,ISD_SanMarco_SanMarco1_ML104_R25,ISD_SanMarco_SanMarco1_ML104,ISOEventful,0.0732,0.189318,
isd_individual_iso_prediction__isd__tong_style_reduced_xgboost__seed2030,isd_individual_iso_prediction,ISD,test,ISD_SanMarco_SanMarco1_ML105_R26,ISD_SanMarco_SanMarco1_ML105,ISOEventful,0.6464,0.116669156,
isd_individual_iso_prediction__isd__tong_style_reduced_xgboost__seed2030,isd_individual_iso_prediction,ISD,test,ISD_SanMarco_SanMarco1_ML111_R27,ISD_SanMarco_SanMarco1_ML111,ISOEventful,0.5732,0.12131735,
isd_individual_iso_prediction__isd__tong_style_reduced_xgboost__seed2030,isd_individual_iso_prediction,ISD,test,ISD_SanMarco_SanMarco1_ML111_R28,ISD_SanMarco_SanMarco1_ML111,ISOEventful,0.0429,0.11078213,
isd_individual_iso_prediction__isd__tong_style_reduced_xgboost__seed2030,isd_individual_iso_prediction,ISD,test,ISD_SanMarco_SanMarco1_ML111_R29,ISD_SanMarco_SanMarco1_ML111,ISOEventful,0.2803,0.12131735,
isd_individual_iso_prediction__isd__tong_style_reduced_xgboost__seed2030,isd_individual_iso_prediction,ISD,test,ISD_SanMarco_SanMarco1_ML111_R30,ISD_SanMarco_SanMarco1_ML111,ISOEventful,0.7071,0.11078213,
isd_individual_iso_prediction__isd__tong_style_reduced_xgboost__seed2030,isd_individual_iso_prediction,ISD,test,ISD_SanMarco_SanMarco1_ML130_R31,ISD_SanMarco_SanMarco1_ML130,ISOEventful,0.5303,0.14657366,
isd_individual_iso_prediction__isd__tong_style_reduced_xgboost__seed2030,isd_individual_iso_prediction,ISD,test,ISD_SanMarco_SanMarco1_ML130_R32,ISD_SanMarco_SanMarco1_ML130,ISOEventful,0.6464,0.13385132,
isd_individual_iso_prediction__isd__tong_style_reduced_xgboost__seed2030,isd_individual_iso_prediction,ISD,test,ISD_SanMarco_SanMarco1_ML131_R33,ISD_SanMarco_SanMarco1_ML131,ISOEventful,0.5732,0.28978735,
isd_individual_iso_prediction__isd__tong_style_reduced_xgboost__seed2030,isd_individual_iso_prediction,ISD,test,ISD_SanMarco_SanMarco1_ML131_R34,ISD_SanMarco_SanMarco1_ML131,ISOEventful,0.1161,0.28978735,
isd_individual_iso_prediction__isd__tong_style_reduced_xgboost__seed2030,isd_individual_iso_prediction,ISD,test,ISD_SanMarco_SanMarco1_ML133_R35,ISD_SanMarco_SanMarco1_ML133,ISOEventful,0.5732,0.18670122,
isd_individual_iso_prediction__isd__tong_style_reduced_xgboost__seed2030,isd_individual_iso_prediction,ISD,test,ISD_SanMarco_SanMarco1_ML133_R36,ISD_SanMarco_SanMarco1_ML133,ISOEventful,0.3661,0.18670122,
isd_individual_iso_prediction__isd__tong_style_reduced_xgboost__seed2030,isd_individual_iso_prediction,ISD,test,ISD_SanMarco_SanMarco1_ML133_R37,ISD_SanMarco_SanMarco1_ML133,ISOEventful,0.1464,0.17871745,
isd_individual_iso_prediction__isd__tong_style_reduced_xgboost__seed2030,isd_individual_iso_prediction,ISD,test,ISD_SanMarco_SanMarco1_ML133_R38,ISD_SanMarco_SanMarco1_ML133,ISOEventful,0.4697,0.18670122,
isd_individual_iso_prediction__isd__tong_style_reduced_xgboost__seed2030,isd_individual_iso_prediction,ISD,test,ISD_SanMarco_SanMarco2_ML202_R39,ISD_SanMarco_SanMarco2_ML202,ISOEventful,0.5,0.52949834,
isd_individual_iso_prediction__isd__tong_style_reduced_xgboost__seed2030,isd_individual_iso_prediction,ISD,test,ISD_SanMarco_SanMarco2_ML202_R40,ISD_SanMarco_SanMarco2_ML202,ISOEventful,0.6339,0.52949834,
isd_individual_iso_prediction__isd__tong_style_reduced_xgboost__seed2030,isd_individual_iso_prediction,ISD,test,ISD_SanMarco_SanMarco2_ML202_R41,ISD_SanMarco_SanMarco2_ML202,ISOEventful,0.0429,0.5290335,
isd_individual_iso_prediction__isd__tong_style_reduced_xgboost__seed2030,isd_individual_iso_prediction,ISD,test,ISD_SanMarco_SanMarco2_ML203_R42,ISD_SanMarco_SanMarco2_ML203,ISOEventful,0.3232,0.052919462,
isd_individual_iso_prediction__isd__tong_style_reduced_xgboost__seed2030,isd_individual_iso_prediction,ISD,test,ISD_SanMarco_SanMarco2_ML205_R43,ISD_SanMarco_SanMarco2_ML205,ISOEventful,0.4697,0.11851754,
isd_individual_iso_prediction__isd__tong_style_reduced_xgboost__seed2030,isd_individual_iso_prediction,ISD,test,ISD_SanMarco_SanMarco2_ML205_R44,ISD_SanMarco_SanMarco2_ML205,ISOEventful,0.3536,0.1072313,
isd_individual_iso_prediction__isd__tong_style_reduced_xgboost__seed2030,isd_individual_iso_prediction,ISD,test,ISD_SanMarco_SanMarco2_ML208_R45,ISD_SanMarco_SanMarco2_ML208,ISOEventful,-0.0303,0.16396691,
isd_individual_iso_prediction__isd__tong_style_reduced_xgboost__seed2030,isd_individual_iso_prediction,ISD,test,ISD_SanMarco_SanMarco2_ML208_R46,ISD_SanMarco_SanMarco2_ML208,ISOEventful,0.1464,0.16396691,
isd_individual_iso_prediction__isd__tong_style_reduced_xgboost__seed2030,isd_individual_iso_prediction,ISD,test,ISD_SanMarco_SanMarco2_ML212_R47,ISD_SanMarco_SanMarco2_ML212,ISOEventful,0.0,0.27557006,
isd_individual_iso_prediction__isd__tong_style_reduced_xgboost__seed2030,isd_individual_iso_prediction,ISD,test,ISD_SanMarco_SanMarco2_ML212_R48,ISD_SanMarco_SanMarco2_ML212,ISOEventful,0.6464,0.24830629,
isd_individual_iso_prediction__isd__tong_style_reduced_xgboost__seed2030,isd_individual_iso_prediction,ISD,test,ISD_SanMarco_SanMarco2_ML214_R49,ISD_SanMarco_SanMarco2_ML214,ISOEventful,0.7071,0.38032535,
isd_individual_iso_prediction__isd__tong_style_reduced_xgboost__seed2030,isd_individual_iso_prediction,ISD,test,ISD_SanMarco_SanMarco2_ML214_R50,ISD_SanMarco_SanMarco2_ML214,ISOEventful,0.0732,0.38032535,
isd_individual_iso_prediction__isd__tong_style_reduced_xgboost__seed2030,isd_individual_iso_prediction,ISD,test,ISD_SanMarco_SanMarco2_ML214_R51,ISD_SanMarco_SanMarco2_ML214,ISOEventful,0.3536,0.38032535,
isd_individual_iso_prediction__isd__tong_style_reduced_xgboost__seed2030,isd_individual_iso_prediction,ISD,test,ISD_SanMarco_SanMarco3_SM301_R52,ISD_SanMarco_SanMarco3_SM301,ISOEventful,0.1339,0.28365976,
isd_individual_iso_prediction__isd__tong_style_reduced_xgboost__seed2030,isd_individual_iso_prediction,ISD,test,ISD_SanMarco_SanMarco3_SM301_R53,ISD_SanMarco_SanMarco3_SM301,ISOEventful,0.25,0.29992852,
isd_individual_iso_prediction__isd__tong_style_reduced_xgboost__seed2030,isd_individual_iso_prediction,ISD,test,ISD_SanMarco_SanMarco3_SM303_R54,ISD_SanMarco_SanMarco3_SM303,ISOEventful,0.5303,0.23249838,
isd_individual_iso_prediction__isd__tong_style_reduced_xgboost__seed2030,isd_individual_iso_prediction,ISD,test,ISD_SanMarco_SanMarco3_SM303_R55,ISD_SanMarco_SanMarco3_SM303,ISOEventful,0.3964,0.23249838,
isd_individual_iso_prediction__isd__tong_style_reduced_xgboost__seed2030,isd_individual_iso_prediction,ISD,test,ISD_SanMarco_SanMarco3_SM303_R56,ISD_SanMarco_SanMarco3_SM303,ISOEventful,0.5732,0.23249838,
isd_individual_iso_prediction__isd__tong_style_reduced_xgboost__seed2030,isd_individual_iso_prediction,ISD,test,ISD_SanMarco_SanMarco3_SM304_R57,ISD_SanMarco_SanMarco3_SM304,ISOEventful,0.8536,0.22135457,
isd_individual_iso_prediction__isd__tong_style_reduced_xgboost__seed2030,isd_individual_iso_prediction,ISD,test,ISD_SanMarco_SanMarco3_SM304_R58,ISD_SanMarco_SanMarco3_SM304,ISOEventful,0.9268,0.23477969,
isd_individual_iso_prediction__isd__tong_style_reduced_xgboost__seed2030,isd_individual_iso_prediction,ISD,test,ISD_SanMarco_SanMarco3_SM306_R59,ISD_SanMarco_SanMarco3_SM306,ISOEventful,0.9268,0.36072466,
isd_individual_iso_prediction__isd__tong_style_reduced_xgboost__seed2030,isd_individual_iso_prediction,ISD,test,ISD_SanMarco_SanMarco3_SM306_R60,ISD_SanMarco_SanMarco3_SM306,ISOEventful,0.3964,0.37579322,
isd_individual_iso_prediction__isd__tong_style_reduced_xgboost__seed2030,isd_individual_iso_prediction,ISD,test,ISD_SanMarco_SanMarco3_SM307_R61,ISD_SanMarco_SanMarco3_SM307,ISOEventful,0.4268,0.3881257,
isd_individual_iso_prediction__isd__tong_style_reduced_xgboost__seed2030,isd_individual_iso_prediction,ISD,test,ISD_SanMarco_SanMarco3_SM308_R63,ISD_SanMarco_SanMarco3_SM308,ISOEventful,0.5303,0.28482145,
isd_individual_iso_prediction__isd__tong_style_reduced_xgboost__seed2030,isd_individual_iso_prediction,ISD,test,ISD_SanMarco_SanMarco3_SM308_R64,ISD_SanMarco_SanMarco3_SM308,ISOEventful,0.5732,0.28482145,
isd_individual_iso_prediction__isd__tong_style_reduced_xgboost__seed2030,isd_individual_iso_prediction,ISD,test,ISD_SanMarco_SanMarco3_SM308_R65,ISD_SanMarco_SanMarco3_SM308,ISOEventful,0.6036,0.28482145,
isd_individual_iso_prediction__isd__tong_style_reduced_xgboost__seed2030,isd_individual_iso_prediction,ISD,test,ISD_SanMarco_SanMarco3_SM309_R66,ISD_SanMarco_SanMarco3_SM309,ISOEventful,0.5732,0.28712276,
isd_individual_iso_prediction__isd__tong_style_reduced_xgboost__seed2030,isd_individual_iso_prediction,ISD,test,ISD_SanMarco_SanMarco3_SM310_R67,ISD_SanMarco_SanMarco3_SM310,ISOEventful,0.3358,0.27901846,
isd_individual_iso_prediction__isd__tong_style_reduced_xgboost__seed2030,isd_individual_iso_prediction,ISD,test,ISD_SanMarco_SanMarco3_SM310_R68,ISD_SanMarco_SanMarco3_SM310,ISOEventful,0.1464,0.29808676,
isd_individual_iso_prediction__isd__tong_style_reduced_xgboost__seed2030,isd_individual_iso_prediction,ISD,test,ISD_SanMarco_SanMarco3_SM311_R69,ISD_SanMarco_SanMarco3_SM311,ISOEventful,-0.1036,0.28871298,
isd_individual_iso_prediction__isd__tong_style_reduced_xgboost__seed2030,isd_individual_iso_prediction,ISD,test,ISD_SanMarco_SanMarco3_SM312_R70,ISD_SanMarco_SanMarco3_SM312,ISOEventful,0.1768,0.27304667,
isd_individual_iso_prediction__isd__tong_style_reduced_xgboost__seed2030,isd_individual_iso_prediction,ISD,test,ISD_SanMarco_SanMarco3_SM313_R71,ISD_SanMarco_SanMarco3_SM313,ISOEventful,0.2929,0.23508126,
isd_individual_iso_prediction__isd__tong_style_reduced_xgboost__seed2030,isd_individual_iso_prediction,ISD,test,ISD_Noorderplantsoen_Noorderplantsoen1_NP101_R2,ISD_Noorderplantsoen_Noorderplantsoen1_NP101,ISOEventful,0.25,0.022602312,
isd_individual_iso_prediction__isd__tong_style_reduced_xgboost__seed2030,isd_individual_iso_prediction,ISD,test,ISD_Noorderplantsoen_Noorderplantsoen1_NP101_R73,ISD_Noorderplantsoen_Noorderplantsoen1_NP101,ISOEventful,0.3839,0.04763269,
isd_individual_iso_prediction__isd__tong_style_reduced_xgboost__seed2030,isd_individual_iso_prediction,ISD,test,ISD_Noorderplantsoen_Noorderplantsoen1_NP102_R88,ISD_Noorderplantsoen_Noorderplantsoen1_NP102,ISOEventful,0.1036,0.06503006,
isd_individual_iso_prediction__isd__tong_style_reduced_xgboost__seed2030,isd_individual_iso_prediction,ISD,test,ISD_Noorderplantsoen_Noorderplantsoen1_NP106_R98,ISD_Noorderplantsoen_Noorderplantsoen1_NP106,ISOEventful,0.1464,0.034684926,
isd_individual_iso_prediction__isd__tong_style_reduced_xgboost__seed2030,isd_individual_iso_prediction,ISD,test,ISD_Noorderplantsoen_Noorderplantsoen1_NP107_R97,ISD_Noorderplantsoen_Noorderplantsoen1_NP107,ISOEventful,0.1464,-0.12842868,
isd_individual_iso_prediction__isd__tong_style_reduced_xgboost__seed2030,isd_individual_iso_prediction,ISD,test,ISD_Noorderplantsoen_Noorderplantsoen1_NP108_R96,ISD_Noorderplantsoen_Noorderplantsoen1_NP108,ISOEventful,-0.1036,0.18117236,
isd_individual_iso_prediction__isd__tong_style_reduced_xgboost__seed2030,isd_individual_iso_prediction,ISD,test,ISD_Noorderplantsoen_Noorderplantsoen1_NP109_R3,ISD_Noorderplantsoen_Noorderplantsoen1_NP109,ISOEventful,-0.1339,0.10277619,
isd_individual_iso_prediction__isd__tong_style_reduced_xgboost__seed2030,isd_individual_iso_prediction,ISD,test,ISD_Noorderplantsoen_Noorderplantsoen1_NP110_R4,ISD_Noorderplantsoen_Noorderplantsoen1_NP110,ISOEventful,0.0303,0.029077524,
isd_individual_iso_prediction__isd__tong_style_reduced_xgboost__seed2030,isd_individual_iso_prediction,ISD,test,ISD_Noorderplantsoen_Noorderplantsoen1_NP110_R90,ISD_Noorderplantsoen_Noorderplantsoen1_NP110,ISOEventful,-0.3964,0.029077524,
isd_individual_iso_prediction__isd__tong_style_reduced_xgboost__seed2030,isd_individual_iso_prediction,ISD,test,ISD_Noorderplantsoen_Noorderplantsoen1_NP111_R5,ISD_Noorderplantsoen_Noorderplantsoen1_NP111,ISOEventful,0.1768,-0.067806385,
isd_individual_iso_prediction__isd__tong_style_reduced_xgboost__seed2030,isd_individual_iso_prediction,ISD,test,ISD_Noorderplantsoen_Noorderplantsoen1_NP111_R87,ISD_Noorderplantsoen_Noorderplantsoen1_NP111,ISOEventful,0.7803,-0.0544256,
isd_individual_iso_prediction__isd__tong_style_reduced_xgboost__seed2030,isd_individual_iso_prediction,ISD,test,ISD_Noorderplantsoen_Noorderplantsoen1_NP112_R84,ISD_Noorderplantsoen_Noorderplantsoen1_NP112,ISOEventful,0.0732,0.06128838,
isd_individual_iso_prediction__isd__tong_style_reduced_xgboost__seed2030,isd_individual_iso_prediction,ISD,test,ISD_Noorderplantsoen_Noorderplantsoen1_NP113_R83,ISD_Noorderplantsoen_Noorderplantsoen1_NP113,ISOEventful,0.6768,0.16324885,
isd_individual_iso_prediction__isd__tong_style_reduced_xgboost__seed2030,isd_individual_iso_prediction,ISD,test,ISD_Noorderplantsoen_Noorderplantsoen1_NP114_R6,ISD_Noorderplantsoen_Noorderplantsoen1_NP114,ISOEventful,0.4268,0.13971692,
isd_individual_iso_prediction__isd__tong_style_reduced_xgboost__seed2030,isd_individual_iso_prediction,ISD,test,ISD_Noorderplantsoen_Noorderplantsoen1_NP116_R7,ISD_Noorderplantsoen_Noorderplantsoen1_NP116,ISOEventful,0.3536,0.12524644,
isd_individual_iso_prediction__isd__tong_style_reduced_xgboost__seed2030,isd_individual_iso_prediction,ISD,test,ISD_Noorderplantsoen_Noorderplantsoen1_NP116_R85,ISD_Noorderplantsoen_Noorderplantsoen1_NP116,ISOEventful,0.5303,0.124255866,
isd_individual_iso_prediction__isd__tong_style_reduced_xgboost__seed2030,isd_individual_iso_prediction,ISD,test,ISD_Noorderplantsoen_Noorderplantsoen1_NP117_R8,ISD_Noorderplantsoen_Noorderplantsoen1_NP117,ISOEventful,0.0732,0.23707266,
isd_individual_iso_prediction__isd__tong_style_reduced_xgboost__seed2030,isd_individual_iso_prediction,ISD,test,ISD_Noorderplantsoen_Noorderplantsoen1_NP118_R10,ISD_Noorderplantsoen_Noorderplantsoen1_NP118,ISOEventful,0.5303,0.08172004,
isd_individual_iso_prediction__isd__tong_style_reduced_xgboost__seed2030,isd_individual_iso_prediction,ISD,test,ISD_Noorderplantsoen_Noorderplantsoen1_NP118_R9,ISD_Noorderplantsoen_Noorderplantsoen1_NP118,ISOEventful,0.2803,0.08172004,
isd_individual_iso_prediction__isd__tong_style_reduced_xgboost__seed2030,isd_individual_iso_prediction,ISD,test,ISD_Noorderplantsoen_Noorderplantsoen1_NP119_R11,ISD_Noorderplantsoen_Noorderplantsoen1_NP119,ISOEventful,0.4571,0.06555964,
isd_individual_iso_prediction__isd__tong_style_reduced_xgboost__seed2030,isd_individual_iso_prediction,ISD,test,ISD_Noorderplantsoen_Noorderplantsoen1_NP119_R79,ISD_Noorderplantsoen_Noorderplantsoen1_NP119,ISOEventful,-0.1464,0.014137655,
isd_individual_iso_prediction__isd__tong_style_reduced_xgboost__seed2030,isd_individual_iso_prediction,ISD,test,ISD_Noorderplantsoen_Noorderplantsoen1_NP120_R13,ISD_Noorderplantsoen_Noorderplantsoen1_NP120,ISOEventful,0.3839,0.11570165,
isd_individual_iso_prediction__isd__tong_style_reduced_xgboost__seed2030,isd_individual_iso_prediction,ISD,test,ISD_Noorderplantsoen_Noorderplantsoen1_NP123_R15,ISD_Noorderplantsoen_Noorderplantsoen1_NP123,ISOEventful,0.5429,0.11597579,
isd_individual_iso_prediction__isd__tong_style_reduced_xgboost__seed2030,isd_individual_iso_prediction,ISD,test,ISD_Noorderplantsoen_Noorderplantsoen1_NP123_R81,ISD_Noorderplantsoen_Noorderplantsoen1_NP123,ISOEventful,0.9268,0.11597579,
isd_individual_iso_prediction__isd__tong_style_reduced_xgboost__seed2030,isd_individual_iso_prediction,ISD,test,ISD_Noorderplantsoen_Noorderplantsoen1_NP125_R80,ISD_Noorderplantsoen_Noorderplantsoen1_NP125,ISOEventful,0.0732,-0.03304109,
isd_individual_iso_prediction__isd__tong_style_reduced_xgboost__seed2030,isd_individual_iso_prediction,ISD,test,ISD_Noorderplantsoen_Noorderplantsoen1_NP126_R16,ISD_Noorderplantsoen_Noorderplantsoen1_NP126,ISOEventful,0.6036,0.10134862,
isd_individual_iso_prediction__isd__tong_style_reduced_xgboost__seed2030,isd_individual_iso_prediction,ISD,test,ISD_Noorderplantsoen_Noorderplantsoen1_NP127_R18,ISD_Noorderplantsoen_Noorderplantsoen1_NP127,ISOEventful,0.4571,-0.12560222,
isd_individual_iso_prediction__isd__tong_style_reduced_xgboost__seed2030,isd_individual_iso_prediction,ISD,test,ISD_Noorderplantsoen_Noorderplantsoen1_NP127_R17,ISD_Noorderplantsoen_Noorderplantsoen1_NP127,ISOEventful,0.4142,-0.12560222,
isd_individual_iso_prediction__isd__tong_style_reduced_xgboost__seed2030,isd_individual_iso_prediction,ISD,test,ISD_Noorderplantsoen_Noorderplantsoen1_NP128_R19,ISD_Noorderplantsoen_Noorderplantsoen1_NP128,ISOEventful,-0.1464,0.07541426,
isd_individual_iso_prediction__isd__tong_style_reduced_xgboost__seed2030,isd_individual_iso_prediction,ISD,test,ISD_Noorderplantsoen_Noorderplantsoen1_NP129_R20,ISD_Noorderplantsoen_Noorderplantsoen1_NP129,ISOEventful,0.0429,0.062577516,
isd_individual_iso_prediction__isd__tong_style_reduced_xgboost__seed2030,isd_individual_iso_prediction,ISD,test,ISD_Noorderplantsoen_Noorderplantsoen1_NP129_R22,ISD_Noorderplantsoen_Noorderplantsoen1_NP129,ISOEventful,0.3661,0.042499922,
isd_individual_iso_prediction__isd__tong_style_reduced_xgboost__seed2030,isd_individual_iso_prediction,ISD,test,ISD_Noorderplantsoen_Noorderplantsoen1_NP129_R21,ISD_Noorderplantsoen_Noorderplantsoen1_NP129,ISOEventful,0.4142,0.044182546,
isd_individual_iso_prediction__isd__tong_style_reduced_xgboost__seed2030,isd_individual_iso_prediction,ISD,test,ISD_Noorderplantsoen_Noorderplantsoen1_NP131_R26,ISD_Noorderplantsoen_Noorderplantsoen1_NP131,ISOEventful,0.2803,-0.041923374,
isd_individual_iso_prediction__isd__tong_style_reduced_xgboost__seed2030,isd_individual_iso_prediction,ISD,test,ISD_Noorderplantsoen_Noorderplantsoen1_NP131_R27,ISD_Noorderplantsoen_Noorderplantsoen1_NP131,ISOEventful,0.1036,-0.06469801,
isd_individual_iso_prediction__isd__tong_style_reduced_xgboost__seed2030,isd_individual_iso_prediction,ISD,test,ISD_Noorderplantsoen_Noorderplantsoen1_NP132_R28,ISD_Noorderplantsoen_Noorderplantsoen1_NP132,ISOEventful,0.5303,-0.01934881,
isd_individual_iso_prediction__isd__tong_style_reduced_xgboost__seed2030,isd_individual_iso_prediction,ISD,test,ISD_Noorderplantsoen_Noorderplantsoen1_NP132_R78,ISD_Noorderplantsoen_Noorderplantsoen1_NP132,ISOEventful,0.5303,-0.03228033,
isd_individual_iso_prediction__isd__tong_style_reduced_xgboost__seed2030,isd_individual_iso_prediction,ISD,test,ISD_Noorderplantsoen_Noorderplantsoen1_NP133_R30,ISD_Noorderplantsoen_Noorderplantsoen1_NP133,ISOEventful,0.7071,0.028370563,
isd_individual_iso_prediction__isd__tong_style_reduced_xgboost__seed2030,isd_individual_iso_prediction,ISD,test,ISD_Noorderplantsoen_Noorderplantsoen1_NP133_R31,ISD_Noorderplantsoen_Noorderplantsoen1_NP133,ISOEventful,0.2197,0.023766851,
isd_individual_iso_prediction__isd__tong_style_reduced_xgboost__seed2030,isd_individual_iso_prediction,ISD,test,ISD_Noorderplantsoen_Noorderplantsoen1_NP134_R32,ISD_Noorderplantsoen_Noorderplantsoen1_NP134,ISOEventful,0.2803,0.06459409,
isd_individual_iso_prediction__isd__tong_style_reduced_xgboost__seed2030,isd_individual_iso_prediction,ISD,test,ISD_Noorderplantsoen_Noorderplantsoen1_NP134_R77,ISD_Noorderplantsoen_Noorderplantsoen1_NP134,ISOEventful,0.5732,0.10650284,
isd_individual_iso_prediction__isd__tong_style_reduced_xgboost__seed2030,isd_individual_iso_prediction,ISD,test,ISD_Noorderplantsoen_Noorderplantsoen1_NP135_R33,ISD_Noorderplantsoen_Noorderplantsoen1_NP135,ISOEventful,-0.0732,-0.007491666,
isd_individual_iso_prediction__isd__tong_style_reduced_xgboost__seed2030,isd_individual_iso_prediction,ISD,test,ISD_Noorderplantsoen_Noorderplantsoen1_NP136_R34,ISD_Noorderplantsoen_Noorderplantsoen1_NP136,ISOEventful,0.5429,0.024629183,
isd_individual_iso_prediction__isd__tong_style_reduced_xgboost__seed2030,isd_individual_iso_prediction,ISD,test,ISD_Noorderplantsoen_Noorderplantsoen1_NP136_R35,ISD_Noorderplantsoen_Noorderplantsoen1_NP136,ISOEventful,0.2071,0.024629183,
isd_individual_iso_prediction__isd__tong_style_reduced_xgboost__seed2030,isd_individual_iso_prediction,ISD,test,ISD_Noorderplantsoen_Noorderplantsoen1_NP138_R36,ISD_Noorderplantsoen_Noorderplantsoen1_NP138,ISOEventful,0.6036,0.06410307,
isd_individual_iso_prediction__isd__tong_style_reduced_xgboost__seed2030,isd_individual_iso_prediction,ISD,test,ISD_Noorderplantsoen_Noorderplantsoen1_NP138_R76,ISD_Noorderplantsoen_Noorderplantsoen1_NP138,ISOEventful,-0.1464,0.10439575,
isd_individual_iso_prediction__isd__tong_style_reduced_xgboost__seed2030,isd_individual_iso_prediction,ISD,test,ISD_Noorderplantsoen_Noorderplantsoen1_NP139_R37,ISD_Noorderplantsoen_Noorderplantsoen1_NP139,ISOEventful,0.6036,-0.022344215,
isd_individual_iso_prediction__isd__tong_style_reduced_xgboost__seed2030,isd_individual_iso_prediction,ISD,test,ISD_Noorderplantsoen_Noorderplantsoen1_NP139_R38,ISD_Noorderplantsoen_Noorderplantsoen1_NP139,ISOEventful,0.75,-0.012839661,
isd_individual_iso_prediction__isd__tong_style_reduced_xgboost__seed2030,isd_individual_iso_prediction,ISD,test,ISD_Noorderplantsoen_Noorderplantsoen1_NP140_R39,ISD_Noorderplantsoen_Noorderplantsoen1_NP140,ISOEventful,0.5,0.06808567,
isd_individual_iso_prediction__isd__tong_style_reduced_xgboost__seed2030,isd_individual_iso_prediction,ISD,test,ISD_Noorderplantsoen_Noorderplantsoen1_NP140_R40,ISD_Noorderplantsoen_Noorderplantsoen1_NP140,ISOEventful,0.7071,0.06547094,
isd_individual_iso_prediction__isd__tong_style_reduced_xgboost__seed2030,isd_individual_iso_prediction,ISD,test,ISD_Noorderplantsoen_Noorderplantsoen1_NP141_R74,ISD_Noorderplantsoen_Noorderplantsoen1_NP141,ISOEventful,-0.0732,0.10872665,
isd_individual_iso_prediction__isd__tong_style_reduced_xgboost__seed2030,isd_individual_iso_prediction,ISD,test,ISD_Noorderplantsoen_Noorderplantsoen1_NP141_R75,ISD_Noorderplantsoen_Noorderplantsoen1_NP141,ISOEventful,0.5,0.104014635,
isd_individual_iso_prediction__isd__tong_style_reduced_xgboost__seed2030,isd_individual_iso_prediction,ISD,test,ISD_Noorderplantsoen_Noorderplantsoen1_NP143_R41,ISD_Noorderplantsoen_Noorderplantsoen1_NP143,ISOEventful,-0.0732,0.07970919,
isd_individual_iso_prediction__isd__tong_style_reduced_xgboost__seed2030,isd_individual_iso_prediction,ISD,test,ISD_Noorderplantsoen_Noorderplantsoen1_NP146_R91,ISD_Noorderplantsoen_Noorderplantsoen1_NP146,ISOEventful,0.7071,0.06942935,
isd_individual_iso_prediction__isd__tong_style_reduced_xgboost__seed2030,isd_individual_iso_prediction,ISD,test,ISD_Noorderplantsoen_Noorderplantsoen1_NP147_R42,ISD_Noorderplantsoen_Noorderplantsoen1_NP147,ISOEventful,-0.0429,0.09222274,
isd_individual_iso_prediction__isd__tong_style_reduced_xgboost__seed2030,isd_individual_iso_prediction,ISD,test,ISD_Noorderplantsoen_Noorderplantsoen1_NP148_R43,ISD_Noorderplantsoen_Noorderplantsoen1_NP148,ISOEventful,0.75,0.10152072,
isd_individual_iso_prediction__isd__tong_style_reduced_xgboost__seed2030,isd_individual_iso_prediction,ISD,test,ISD_Noorderplantsoen_Noorderplantsoen1_NP148_R44,ISD_Noorderplantsoen_Noorderplantsoen1_NP148,ISOEventful,0.6464,0.11675374,
isd_individual_iso_prediction__isd__tong_style_reduced_xgboost__seed2030,isd_individual_iso_prediction,ISD,test,ISD_Noorderplantsoen_Noorderplantsoen1_NP149_R45,ISD_Noorderplantsoen_Noorderplantsoen1_NP149,ISOEventful,0.7071,0.16393216,
isd_individual_iso_prediction__isd__tong_style_reduced_xgboost__seed2030,isd_individual_iso_prediction,ISD,test,ISD_Noorderplantsoen_Noorderplantsoen1_NP149_R46,ISD_Noorderplantsoen_Noorderplantsoen1_NP149,ISOEventful,0.3232,0.13797961,
isd_individual_iso_prediction__isd__tong_style_reduced_xgboost__seed2030,isd_individual_iso_prediction,ISD,test,ISD_Noorderplantsoen_Noorderplantsoen1_NP150_R47,ISD_Noorderplantsoen_Noorderplantsoen1_NP150,ISOEventful,0.0,0.012325567,
isd_individual_iso_prediction__isd__tong_style_reduced_xgboost__seed2030,isd_individual_iso_prediction,ISD,test,ISD_Noorderplantsoen_Noorderplantsoen1_NP152_R48,ISD_Noorderplantsoen_Noorderplantsoen1_NP152,ISOEventful,0.6768,0.03187635,
isd_individual_iso_prediction__isd__tong_style_reduced_xgboost__seed2030,isd_individual_iso_prediction,ISD,test,ISD_Noorderplantsoen_Noorderplantsoen1_NP153_R67,ISD_Noorderplantsoen_Noorderplantsoen1_NP153,ISOEventful,0.3839,-0.10741454,
isd_individual_iso_prediction__isd__tong_style_reduced_xgboost__seed2030,isd_individual_iso_prediction,ISD,test,ISD_Noorderplantsoen_Noorderplantsoen1_NP153_R71,ISD_Noorderplantsoen_Noorderplantsoen1_NP153,ISOEventful,0.5,-0.0541291,
isd_individual_iso_prediction__isd__tong_style_reduced_xgboost__seed2030,isd_individual_iso_prediction,ISD,test,ISD_Noorderplantsoen_Noorderplantsoen1_NP153_R72,ISD_Noorderplantsoen_Noorderplantsoen1_NP153,ISOEventful,0.7803,-0.0541291,
isd_individual_iso_prediction__isd__tong_style_reduced_xgboost__seed2030,isd_individual_iso_prediction,ISD,test,ISD_Noorderplantsoen_Noorderplantsoen1_NP154_R49,ISD_Noorderplantsoen_Noorderplantsoen1_NP154,ISOEventful,0.6036,0.04827359,
isd_individual_iso_prediction__isd__tong_style_reduced_xgboost__seed2030,isd_individual_iso_prediction,ISD,test,ISD_Noorderplantsoen_Noorderplantsoen1_NP155_R51,ISD_Noorderplantsoen_Noorderplantsoen1_NP155,ISOEventful,0.0,-0.19960517,
isd_individual_iso_prediction__isd__tong_style_reduced_xgboost__seed2030,isd_individual_iso_prediction,ISD,test,ISD_Noorderplantsoen_Noorderplantsoen1_NP155_R50,ISD_Noorderplantsoen_Noorderplantsoen1_NP155,ISOEventful,0.6768,-0.11300278,
isd_individual_iso_prediction__isd__tong_style_reduced_xgboost__seed2030,isd_individual_iso_prediction,ISD,test,ISD_Noorderplantsoen_Noorderplantsoen1_NP155_R53,ISD_Noorderplantsoen_Noorderplantsoen1_NP155,ISOEventful,0.5429,-0.020013843,
isd_individual_iso_prediction__isd__tong_style_reduced_xgboost__seed2030,isd_individual_iso_prediction,ISD,test,ISD_Noorderplantsoen_Noorderplantsoen1_NP155_R52,ISD_Noorderplantsoen_Noorderplantsoen1_NP155,ISOEventful,0.5303,-0.11909434,
isd_individual_iso_prediction__isd__tong_style_reduced_xgboost__seed2030,isd_individual_iso_prediction,ISD,test,ISD_Noorderplantsoen_Noorderplantsoen1_NP156_R54,ISD_Noorderplantsoen_Noorderplantsoen1_NP156,ISOEventful,0.0,-0.058345526,
isd_individual_iso_prediction__isd__tong_style_reduced_xgboost__seed2030,isd_individual_iso_prediction,ISD,test,ISD_Noorderplantsoen_Noorderplantsoen1_NP156_R93,ISD_Noorderplantsoen_Noorderplantsoen1_NP156,ISOEventful,-0.1036,0.01870305,
isd_individual_iso_prediction__isd__tong_style_reduced_xgboost__seed2030,isd_individual_iso_prediction,ISD,test,ISD_Noorderplantsoen_Noorderplantsoen1_NP156_R95,ISD_Noorderplantsoen_Noorderplantsoen1_NP156,ISOEventful,0.2929,0.004063679,
isd_individual_iso_prediction__isd__tong_style_reduced_xgboost__seed2030,isd_individual_iso_prediction,ISD,test,ISD_Noorderplantsoen_Noorderplantsoen1_NP157_R94,ISD_Noorderplantsoen_Noorderplantsoen1_NP157,ISOEventful,0.5,0.031984854,
isd_individual_iso_prediction__isd__tong_style_reduced_xgboost__seed2030,isd_individual_iso_prediction,ISD,test,ISD_Noorderplantsoen_Noorderplantsoen1_NP158_R57,ISD_Noorderplantsoen_Noorderplantsoen1_NP158,ISOEventful,0.3839,0.05902975,
isd_individual_iso_prediction__isd__tong_style_reduced_xgboost__seed2030,isd_individual_iso_prediction,ISD,test,ISD_Noorderplantsoen_Noorderplantsoen1_NP158_R55,ISD_Noorderplantsoen_Noorderplantsoen1_NP158,ISOEventful,0.3536,0.053230207,
isd_individual_iso_prediction__isd__tong_style_reduced_xgboost__seed2030,isd_individual_iso_prediction,ISD,test,ISD_Noorderplantsoen_Noorderplantsoen1_NP160_R59,ISD_Noorderplantsoen_Noorderplantsoen1_NP160,ISOEventful,-0.1768,0.1429578,
isd_individual_iso_prediction__isd__tong_style_reduced_xgboost__seed2030,isd_individual_iso_prediction,ISD,test,ISD_Noorderplantsoen_Noorderplantsoen1_NP160_R60,ISD_Noorderplantsoen_Noorderplantsoen1_NP160,ISOEventful,0.4571,0.094820656,
isd_individual_iso_prediction__isd__tong_style_reduced_xgboost__seed2030,isd_individual_iso_prediction,ISD,test,ISD_Noorderplantsoen_Noorderplantsoen1_NP161_R61,ISD_Noorderplantsoen_Noorderplantsoen1_NP161,ISOEventful,0.6339,0.16895363,
isd_individual_iso_prediction__isd__tong_style_reduced_xgboost__seed2030,isd_individual_iso_prediction,ISD,test,ISD_Noorderplantsoen_Noorderplantsoen1_NP163_R70,ISD_Noorderplantsoen_Noorderplantsoen1_NP163,ISOEventful,0.3839,0.08631536,
isd_individual_iso_prediction__isd__tong_style_reduced_xgboost__seed2030,isd_individual_iso_prediction,ISD,test,ISD_ZhongshanSquare_ZhongshanSquare6_ZS6021_RCL01,ISD_ZhongshanSquare_ZhongshanSquare6_ZS6021,ISOEventful,-0.0732,0.13165939,
isd_individual_iso_prediction__isd__tong_style_reduced_xgboost__seed2030,isd_individual_iso_prediction,ISD,test,ISD_ZhongshanSquare_ZhongshanSquare6_ZS6022_RCL02,ISD_ZhongshanSquare_ZhongshanSquare6_ZS6022,ISOEventful,0.25,0.0040873233,
isd_individual_iso_prediction__isd__tong_style_reduced_xgboost__seed2030,isd_individual_iso_prediction,ISD,test,ISD_ZhongshanSquare_ZhongshanSquare6_ZS6023_RCL03,ISD_ZhongshanSquare_ZhongshanSquare6_ZS6023,ISOEventful,-0.0303,0.013718484,
isd_individual_iso_prediction__isd__tong_style_reduced_xgboost__seed2030,isd_individual_iso_prediction,ISD,test,ISD_ZhongshanSquare_ZhongshanSquare6_ZS6024_RCL04,ISD_ZhongshanSquare_ZhongshanSquare6_ZS6024,ISOEventful,0.0,0.057512693,
isd_individual_iso_prediction__isd__tong_style_reduced_xgboost__seed2030,isd_individual_iso_prediction,ISD,test,ISD_ZhongshanSquare_ZhongshanSquare6_ZS6025_RCL05,ISD_ZhongshanSquare_ZhongshanSquare6_ZS6025,ISOEventful,0.0,0.032977182,
isd_individual_iso_prediction__isd__tong_style_reduced_xgboost__seed2030,isd_individual_iso_prediction,ISD,test,ISD_ZhongshanSquare_ZhongshanSquare6_ZS6026_RCL06,ISD_ZhongshanSquare_ZhongshanSquare6_ZS6026,ISOEventful,-0.1768,0.09446253,
isd_individual_iso_prediction__isd__tong_style_reduced_xgboost__seed2030,isd_individual_iso_prediction,ISD,test,ISD_ZhongshanSquare_ZhongshanSquare6_ZS6027_RCL07,ISD_ZhongshanSquare_ZhongshanSquare6_ZS6027,ISOEventful,0.1036,0.067465454,
isd_individual_iso_prediction__isd__tong_style_reduced_xgboost__seed2030,isd_individual_iso_prediction,ISD,test,ISD_ZhongshanSquare_ZhongshanSquare6_ZS6028_RCL08,ISD_ZhongshanSquare_ZhongshanSquare6_ZS6028,ISOEventful,-0.1036,0.08578817,
isd_individual_iso_prediction__isd__tong_style_reduced_xgboost__seed2030,isd_individual_iso_prediction,ISD,test,ISD_ZhongshanSquare_ZhongshanSquare6_ZS6029_RCL09,ISD_ZhongshanSquare_ZhongshanSquare6_ZS6029,ISOEventful,0.1768,-0.015253313,
isd_individual_iso_prediction__isd__tong_style_reduced_xgboost__seed2030,isd_individual_iso_prediction,ISD,test,ISD_ZhongshanSquare_ZhongshanSquare6_ZS6030_RCL10,ISD_ZhongshanSquare_ZhongshanSquare6_ZS6030,ISOEventful,0.2803,0.029337024,
isd_individual_iso_prediction__isd__tong_style_reduced_xgboost__seed2030,isd_individual_iso_prediction,ISD,test,ISD_ZhongshanSquare_ZhongshanSquare6_ZS6031_RCL11,ISD_ZhongshanSquare_ZhongshanSquare6_ZS6031,ISOEventful,0.0732,0.025069023,
isd_individual_iso_prediction__isd__tong_style_reduced_xgboost__seed2030,isd_individual_iso_prediction,ISD,test,ISD_ZhongshanSquare_ZhongshanSquare6_ZS6032_RCL12,ISD_ZhongshanSquare_ZhongshanSquare6_ZS6032,ISOEventful,0.1768,0.12405863,
isd_individual_iso_prediction__isd__tong_style_reduced_xgboost__seed2030,isd_individual_iso_prediction,ISD,test,ISD_ZhongshanSquare_ZhongshanSquare6_ZS6033_RCL13,ISD_ZhongshanSquare_ZhongshanSquare6_ZS6033,ISOEventful,0.0,0.076744735,
isd_individual_iso_prediction__isd__tong_style_reduced_xgboost__seed2030,isd_individual_iso_prediction,ISD,test,ISD_ZhongshanSquare_ZhongshanSquare6_ZS6034_RCL14,ISD_ZhongshanSquare_ZhongshanSquare6_ZS6034,ISOEventful,0.1036,0.06142447,
isd_individual_iso_prediction__isd__tong_style_reduced_xgboost__seed2030,isd_individual_iso_prediction,ISD,test,ISD_ZhongshanSquare_ZhongshanSquare6_ZS6035_RCL15,ISD_ZhongshanSquare_ZhongshanSquare6_ZS6035,ISOEventful,0.0126,0.07540839,
isd_individual_iso_prediction__isd__tong_style_reduced_xgboost__seed2030,isd_individual_iso_prediction,ISD,test,ISD_ZhongshanSquare_ZhongshanSquare6_ZS6036_RQLF01,ISD_ZhongshanSquare_ZhongshanSquare6_ZS6036,ISOEventful,-0.0429,0.06719329,
isd_individual_iso_prediction__isd__tong_style_reduced_xgboost__seed2030,isd_individual_iso_prediction,ISD,test,ISD_ZhongshanSquare_ZhongshanSquare6_ZS6037_RQLF02,ISD_ZhongshanSquare_ZhongshanSquare6_ZS6037,ISOEventful,0.1768,0.06262403,
isd_individual_iso_prediction__isd__tong_style_reduced_xgboost__seed2030,isd_individual_iso_prediction,ISD,test,ISD_ZhongshanSquare_ZhongshanSquare6_ZS6038_RQLF03,ISD_ZhongshanSquare_ZhongshanSquare6_ZS6038,ISOEventful,0.2071,0.073038995,
isd_individual_iso_prediction__isd__tong_style_reduced_xgboost__seed2030,isd_individual_iso_prediction,ISD,test,ISD_ZhongshanSquare_ZhongshanSquare6_ZS6039_RQLF04,ISD_ZhongshanSquare_ZhongshanSquare6_ZS6039,ISOEventful,-0.3107,0.11147939,
isd_individual_iso_prediction__isd__tong_style_reduced_xgboost__seed2030,isd_individual_iso_prediction,ISD,test,ISD_ZhongshanSquare_ZhongshanSquare6_ZS6040_RQLF05,ISD_ZhongshanSquare_ZhongshanSquare6_ZS6040,ISOEventful,0.0732,0.043470133,
isd_individual_iso_prediction__isd__tong_style_reduced_xgboost__seed2030,isd_individual_iso_prediction,ISD,test,ISD_ZhongshanSquare_ZhongshanSquare6_ZS6041_RQLF06,ISD_ZhongshanSquare_ZhongshanSquare6_ZS6041,ISOEventful,0.1339,0.049432915,
isd_individual_iso_prediction__isd__tong_style_reduced_xgboost__seed2030,isd_individual_iso_prediction,ISD,test,ISD_ZhongshanSquare_ZhongshanSquare6_ZS6042_RQLF07,ISD_ZhongshanSquare_ZhongshanSquare6_ZS6042,ISOEventful,0.0732,0.019690847,
isd_individual_iso_prediction__isd__tong_style_reduced_xgboost__seed2030,isd_individual_iso_prediction,ISD,test,ISD_ZhongshanSquare_ZhongshanSquare6_ZS6043_RQLF08,ISD_ZhongshanSquare_ZhongshanSquare6_ZS6043,ISOEventful,-0.0732,0.024213012,
isd_individual_iso_prediction__isd__tong_style_reduced_xgboost__seed2030,isd_individual_iso_prediction,ISD,test,ISD_ZhongshanSquare_ZhongshanSquare6_ZS6044_RQLF09,ISD_ZhongshanSquare_ZhongshanSquare6_ZS6044,ISOEventful,0.0303,0.08931314,
isd_individual_iso_prediction__isd__tong_style_reduced_xgboost__seed2030,isd_individual_iso_prediction,ISD,test,ISD_ZhongshanSquare_ZhongshanSquare6_ZS6045_RQLF10,ISD_ZhongshanSquare_ZhongshanSquare6_ZS6045,ISOEventful,0.3107,0.07662264,
isd_individual_iso_prediction__isd__tong_style_reduced_xgboost__seed2030,isd_individual_iso_prediction,ISD,test,ISD_ZhongshanSquare_ZhongshanSquare6_ZS6046_RQLF11,ISD_ZhongshanSquare_ZhongshanSquare6_ZS6046,ISOEventful,0.0429,0.06905211,
isd_individual_iso_prediction__isd__tong_style_reduced_xgboost__seed2030,isd_individual_iso_prediction,ISD,test,ISD_ZhongshanSquare_ZhongshanSquare6_ZS6047_RQLF12,ISD_ZhongshanSquare_ZhongshanSquare6_ZS6047,ISOEventful,-0.4393,0.07458315,
isd_individual_iso_prediction__isd__tong_style_reduced_xgboost__seed2030,isd_individual_iso_prediction,ISD,test,ISD_ZhongshanSquare_ZhongshanSquare6_ZS6048_RQLF13,ISD_ZhongshanSquare_ZhongshanSquare6_ZS6048,ISOEventful,-0.1893,-0.04506169,
isd_individual_iso_prediction__isd__tong_style_reduced_xgboost__seed2030,isd_individual_iso_prediction,ISD,test,ISD_ZhongshanSquare_ZhongshanSquare6_ZS6049_RQLF14,ISD_ZhongshanSquare_ZhongshanSquare6_ZS6049,ISOEventful,0.0732,-0.018430084,
isd_individual_iso_prediction__isd__tong_style_reduced_xgboost__seed2030,isd_individual_iso_prediction,ISD,test,ISD_ZhongshanSquare_ZhongshanSquare6_ZS6051_RJS02,ISD_ZhongshanSquare_ZhongshanSquare6_ZS6051,ISOEventful,0.1036,0.18844886,
isd_individual_iso_prediction__isd__tong_style_reduced_xgboost__seed2030,isd_individual_iso_prediction,ISD,test,ISD_ZhongshanSquare_ZhongshanSquare6_ZS6052_RJS03,ISD_ZhongshanSquare_ZhongshanSquare6_ZS6052,ISOEventful,-0.0429,0.028382571,
isd_individual_iso_prediction__isd__tong_style_reduced_xgboost__seed2030,isd_individual_iso_prediction,ISD,test,ISD_ZhongshanSquare_ZhongshanSquare6_ZS6053_RJS04,ISD_ZhongshanSquare_ZhongshanSquare6_ZS6053,ISOEventful,-0.0429,0.1561909,
isd_individual_iso_prediction__isd__tong_style_reduced_xgboost__seed2030,isd_individual_iso_prediction,ISD,test,ISD_ZhongshanSquare_ZhongshanSquare6_ZS6054_RJS05,ISD_ZhongshanSquare_ZhongshanSquare6_ZS6054,ISOEventful,-0.091,0.112096034,
isd_individual_iso_prediction__isd__tong_style_reduced_xgboost__seed2030,isd_individual_iso_prediction,ISD,test,ISD_ZhongshanSquare_ZhongshanSquare6_ZS6055_RJS06,ISD_ZhongshanSquare_ZhongshanSquare6_ZS6055,ISOEventful,-0.0732,0.08149699,
isd_individual_iso_prediction__isd__tong_style_reduced_xgboost__seed2030,isd_individual_iso_prediction,ISD,test,ISD_ZhongshanSquare_ZhongshanSquare6_ZS6056_RJS07,ISD_ZhongshanSquare_ZhongshanSquare6_ZS6056,ISOEventful,-0.0303,0.09539249,
isd_individual_iso_prediction__isd__tong_style_reduced_xgboost__seed2030,isd_individual_iso_prediction,ISD,test,ISD_ZhongshanSquare_ZhongshanSquare6_ZS6058_RJS09,ISD_ZhongshanSquare_ZhongshanSquare6_ZS6058,ISOEventful,-0.1464,-0.017999576,
isd_individual_iso_prediction__isd__tong_style_reduced_xgboost__seed2030,isd_individual_iso_prediction,ISD,test,ISD_ZhongshanSquare_ZhongshanSquare6_ZS6059_RJS10,ISD_ZhongshanSquare_ZhongshanSquare6_ZS6059,ISOEventful,0.0,0.018531417,
isd_individual_iso_prediction__isd__tong_style_reduced_xgboost__seed2030,isd_individual_iso_prediction,ISD,test,ISD_ZhongshanSquare_ZhongshanSquare6_ZS6060_RJS11,ISD_ZhongshanSquare_ZhongshanSquare6_ZS6060,ISOEventful,0.3536,0.06301592,
isd_individual_iso_prediction__isd__tong_style_reduced_xgboost__seed2030,isd_individual_iso_prediction,ISD,test,ISD_ZhongshanSquare_ZhongshanSquare6_ZS6061_RJS12,ISD_ZhongshanSquare_ZhongshanSquare6_ZS6061,ISOEventful,-0.0732,0.01016056,
isd_individual_iso_prediction__isd__tong_style_reduced_xgboost__seed2030,isd_individual_iso_prediction,ISD,test,ISD_ZhongshanSquare_ZhongshanSquare6_ZS6062_RJS13,ISD_ZhongshanSquare_ZhongshanSquare6_ZS6062,ISOEventful,0.0,0.052500363,
isd_individual_iso_prediction__isd__tong_style_reduced_xgboost__seed2030,isd_individual_iso_prediction,ISD,test,ISD_ZhongshanSquare_ZhongshanSquare6_ZS6063_RJS14,ISD_ZhongshanSquare_ZhongshanSquare6_ZS6063,ISOEventful,0.1464,-0.0046532666,
isd_individual_iso_prediction__isd__tong_style_reduced_xgboost__seed2030,isd_individual_iso_prediction,ISD,test,ISD_ZhongshanSquare_ZhongshanSquare6_ZS6064_RJS15,ISD_ZhongshanSquare_ZhongshanSquare6_ZS6064,ISOEventful,0.0,0.11149105,
isd_individual_iso_prediction__isd__tong_style_reduced_xgboost__seed2030,isd_individual_iso_prediction,ISD,test,ISD_ZhongshanSquare_ZhongshanSquare6_ZS6089_RLWQ01,ISD_ZhongshanSquare_ZhongshanSquare6_ZS6089,ISOEventful,-0.2071,0.10480738,
isd_individual_iso_prediction__isd__tong_style_reduced_xgboost__seed2030,isd_individual_iso_prediction,ISD,test,ISD_ZhongshanSquare_ZhongshanSquare6_ZS6090_RLWQ02,ISD_ZhongshanSquare_ZhongshanSquare6_ZS6090,ISOEventful,0.0732,0.114995174,
isd_individual_iso_prediction__isd__tong_style_reduced_xgboost__seed2030,isd_individual_iso_prediction,ISD,test,ISD_ZhongshanSquare_ZhongshanSquare6_ZS6091_RLWQ04,ISD_ZhongshanSquare_ZhongshanSquare6_ZS6091,ISOEventful,0.2803,0.11438992,
isd_individual_iso_prediction__isd__tong_style_reduced_xgboost__seed2030,isd_individual_iso_prediction,ISD,test,ISD_ZhongshanSquare_ZhongshanSquare6_ZS6092_RLWQ05,ISD_ZhongshanSquare_ZhongshanSquare6_ZS6092,ISOEventful,0.0607,0.1090464,
isd_individual_iso_prediction__isd__tong_style_reduced_xgboost__seed2030,isd_individual_iso_prediction,ISD,test,ISD_ZhongshanSquare_ZhongshanSquare6_ZS6093_RLWQ06,ISD_ZhongshanSquare_ZhongshanSquare6_ZS6093,ISOEventful,0.2071,0.078010894,
isd_individual_iso_prediction__isd__tong_style_reduced_xgboost__seed2030,isd_individual_iso_prediction,ISD,test,ISD_ZhongshanSquare_ZhongshanSquare6_ZS6094_RLWQ07,ISD_ZhongshanSquare_ZhongshanSquare6_ZS6094,ISOEventful,-0.0126,0.04379287,
isd_individual_iso_prediction__isd__tong_style_reduced_xgboost__seed2030,isd_individual_iso_prediction,ISD,test,ISD_ZhongshanSquare_ZhongshanSquare6_ZS6110_RCWY01,ISD_ZhongshanSquare_ZhongshanSquare6_ZS6110,ISOEventful,-0.0732,0.08205849,
isd_individual_iso_prediction__isd__tong_style_reduced_xgboost__seed2030,isd_individual_iso_prediction,ISD,test,ISD_ZhongshanSquare_ZhongshanSquare6_ZS6111_RCWY02,ISD_ZhongshanSquare_ZhongshanSquare6_ZS6111,ISOEventful,0.0,0.115157284,
isd_individual_iso_prediction__isd__tong_style_reduced_xgboost__seed2030,isd_individual_iso_prediction,ISD,test,ISD_ZhongshanSquare_ZhongshanSquare6_ZS6112_RCWY03,ISD_ZhongshanSquare_ZhongshanSquare6_ZS6112,ISOEventful,0.0,0.01615377,
isd_individual_iso_prediction__isd__tong_style_reduced_xgboost__seed2030,isd_individual_iso_prediction,ISD,test,ISD_ZhongshanSquare_ZhongshanSquare6_ZS6113_RCWY04,ISD_ZhongshanSquare_ZhongshanSquare6_ZS6113,ISOEventful,0.0,0.038477167,
isd_individual_iso_prediction__isd__tong_style_reduced_xgboost__seed2030,isd_individual_iso_prediction,ISD,test,ISD_ZhongshanSquare_ZhongshanSquare6_ZS6114_RCWY05,ISD_ZhongshanSquare_ZhongshanSquare6_ZS6114,ISOEventful,0.0,0.036776703,
isd_individual_iso_prediction__isd__tong_style_reduced_xgboost__seed2030,isd_individual_iso_prediction,ISD,test,ISD_ZhongshanSquare_ZhongshanSquare6_ZS6115_RCWY06,ISD_ZhongshanSquare_ZhongshanSquare6_ZS6115,ISOEventful,0.0,0.08923039,
isd_individual_iso_prediction__isd__tong_style_reduced_xgboost__seed2030,isd_individual_iso_prediction,ISD,test,ISD_ZhongshanSquare_ZhongshanSquare6_ZS6116_RCWY07,ISD_ZhongshanSquare_ZhongshanSquare6_ZS6116,ISOEventful,0.0,0.050698582,
isd_individual_iso_prediction__isd__tong_style_reduced_xgboost__seed2030,isd_individual_iso_prediction,ISD,test,ISD_ZhongshanSquare_ZhongshanSquare6_ZS6117_RCWY08,ISD_ZhongshanSquare_ZhongshanSquare6_ZS6117,ISOEventful,0.0,0.05674289,
isd_individual_iso_prediction__isd__tong_style_reduced_xgboost__seed2030,isd_individual_iso_prediction,ISD,test,ISD_ZhongshanSquare_ZhongshanSquare6_ZS6118_RZML01,ISD_ZhongshanSquare_ZhongshanSquare6_ZS6118,ISOEventful,0.1036,0.028064867,
isd_individual_iso_prediction__isd__tong_style_reduced_xgboost__seed2030,isd_individual_iso_prediction,ISD,test,ISD_ZhongshanSquare_ZhongshanSquare6_ZS6119_RZML02,ISD_ZhongshanSquare_ZhongshanSquare6_ZS6119,ISOEventful,-0.1339,0.07931671,
isd_individual_iso_prediction__isd__tong_style_reduced_xgboost__seed2030,isd_individual_iso_prediction,ISD,test,ISD_ZhongshanSquare_ZhongshanSquare6_ZS6120_RZML03,ISD_ZhongshanSquare_ZhongshanSquare6_ZS6120,ISOEventful,-0.1161,0.029308511,
isd_individual_iso_prediction__isd__tong_style_reduced_xgboost__seed2030,isd_individual_iso_prediction,ISD,test,ISD_ZhongshanSquare_ZhongshanSquare6_ZS6121_RZML04,ISD_ZhongshanSquare_ZhongshanSquare6_ZS6121,ISOEventful,0.1768,0.076702185,
isd_individual_iso_prediction__isd__tong_style_reduced_xgboost__seed2030,isd_individual_iso_prediction,ISD,test,ISD_ZhongshanSquare_ZhongshanSquare6_ZS6122_RZML05,ISD_ZhongshanSquare_ZhongshanSquare6_ZS6122,ISOEventful,0.0,0.051108543,
isd_individual_iso_prediction__isd__tong_style_reduced_xgboost__seed2030,isd_individual_iso_prediction,ISD,test,ISD_ZhongshanSquare_ZhongshanSquare6_ZS6123_RZML06,ISD_ZhongshanSquare_ZhongshanSquare6_ZS6123,ISOEventful,-0.0303,0.073754594,
isd_individual_iso_prediction__isd__tong_style_reduced_xgboost__seed2030,isd_individual_iso_prediction,ISD,test,ISD_ZhongshanSquare_ZhongshanSquare6_ZS6124_RZML07,ISD_ZhongshanSquare_ZhongshanSquare6_ZS6124,ISOEventful,-0.1036,0.054028936,
isd_individual_iso_prediction__isd__tong_style_reduced_xgboost__seed2030,isd_individual_iso_prediction,ISD,test,ISD_ZhongshanSquare_ZhongshanSquare6_ZS6125_RZML08,ISD_ZhongshanSquare_ZhongshanSquare6_ZS6125,ISOEventful,-0.1464,0.012888271,
