run_id,task_id,dataset_id,partition,record_id,clip_id,target,y_true,y_pred,y_std
delta_annoyance__delta__delta_annoyance_target_mean__seed2026,delta_annoyance,DeLTA,dev,DeLTA_ts235_1,DeLTA_ts235_1,mean_annoyance,1.0,3.361510685884692,
delta_annoyance__delta__delta_annoyance_target_mean__seed2026,delta_annoyance,DeLTA,dev,DeLTA_MG108_2,DeLTA_MG108_2,mean_annoyance,2.0,3.361510685884692,
delta_annoyance__delta__delta_annoyance_target_mean__seed2026,delta_annoyance,DeLTA,dev,DeLTA_Rp208_2,DeLTA_Rp208_2,mean_annoyance,1.25,3.361510685884692,
delta_annoyance__delta__delta_annoyance_target_mean__seed2026,delta_annoyance,DeLTA,dev,DeLTA_Mc407_2,DeLTA_Mc407_2,mean_annoyance,2.75,3.361510685884692,
delta_annoyance__delta__delta_annoyance_target_mean__seed2026,delta_annoyance,DeLTA,dev,DeLTA_ET207_1,DeLTA_ET207_1,mean_annoyance,4.25,3.361510685884692,
delta_annoyance__delta__delta_annoyance_target_mean__seed2026,delta_annoyance,DeLTA,dev,DeLTA_RS412_2,DeLTA_RS412_2,mean_annoyance,2.5,3.361510685884692,
delta_annoyance__delta__delta_annoyance_target_mean__seed2026,delta_annoyance,DeLTA,dev,DeLTA_Rp126_1,DeLTA_Rp126_1,mean_annoyance,3.75,3.361510685884692,
delta_annoyance__delta__delta_annoyance_target_mean__seed2026,delta_annoyance,DeLTA,dev,DeLTA_CT541_2,DeLTA_CT541_2,mean_annoyance,3.25,3.361510685884692,
delta_annoyance__delta__delta_annoyance_target_mean__seed2026,delta_annoyance,DeLTA,dev,DeLTA_RS440_1,DeLTA_RS440_1,mean_annoyance,3.0,3.361510685884692,
delta_annoyance__delta__delta_annoyance_target_mean__seed2026,delta_annoyance,DeLTA,dev,DeLTA_Rp226_1,DeLTA_Rp226_1,mean_annoyance,1.25,3.361510685884692,
delta_annoyance__delta__delta_annoyance_target_mean__seed2026,delta_annoyance,DeLTA,dev,DeLTA_Rs106_1,DeLTA_Rs106_1,mean_annoyance,7.25,3.361510685884692,
delta_annoyance__delta__delta_annoyance_target_mean__seed2026,delta_annoyance,DeLTA,dev,DeLTA_ML101_1,DeLTA_ML101_1,mean_annoyance,6.0,3.361510685884692,
delta_annoyance__delta__delta_annoyance_target_mean__seed2026,delta_annoyance,DeLTA,dev,DeLTA_TM441_2,DeLTA_TM441_2,mean_annoyance,3.5,3.361510685884692,
delta_annoyance__delta__delta_annoyance_target_mean__seed2026,delta_annoyance,DeLTA,dev,DeLTA_m23_1,DeLTA_m23_1,mean_annoyance,1.75,3.361510685884692,
delta_annoyance__delta__delta_annoyance_target_mean__seed2026,delta_annoyance,DeLTA,dev,DeLTA_NP113_1,DeLTA_NP113_1,mean_annoyance,3.5,3.361510685884692,
delta_annoyance__delta__delta_annoyance_target_mean__seed2026,delta_annoyance,DeLTA,dev,DeLTA_RF324_1,DeLTA_RF324_1,mean_annoyance,1.75,3.361510685884692,
delta_annoyance__delta__delta_annoyance_target_mean__seed2026,delta_annoyance,DeLTA,dev,DeLTA_cp19_1,DeLTA_cp19_1,mean_annoyance,5.0,3.361510685884692,
delta_annoyance__delta__delta_annoyance_target_mean__seed2026,delta_annoyance,DeLTA,dev,DeLTA_RS405_2,DeLTA_RS405_2,mean_annoyance,3.75,3.361510685884692,
delta_annoyance__delta__delta_annoyance_target_mean__seed2026,delta_annoyance,DeLTA,dev,DeLTA_TS527_2,DeLTA_TS527_2,mean_annoyance,3.75,3.361510685884692,
delta_annoyance__delta__delta_annoyance_target_mean__seed2026,delta_annoyance,DeLTA,dev,DeLTA_cp13_2,DeLTA_cp13_2,mean_annoyance,4.5,3.361510685884692,
delta_annoyance__delta__delta_annoyance_target_mean__seed2026,delta_annoyance,DeLTA,dev,DeLTA_ts216_2,DeLTA_ts216_2,mean_annoyance,1.75,3.361510685884692,
delta_annoyance__delta__delta_annoyance_target_mean__seed2026,delta_annoyance,DeLTA,dev,DeLTA_tm230_2,DeLTA_tm230_2,mean_annoyance,3.25,3.361510685884692,
delta_annoyance__delta__delta_annoyance_target_mean__seed2026,delta_annoyance,DeLTA,dev,DeLTA_SC225_1,DeLTA_SC225_1,mean_annoyance,4.8,3.361510685884692,
delta_annoyance__delta__delta_annoyance_target_mean__seed2026,delta_annoyance,DeLTA,dev,DeLTA_RF306_1,DeLTA_RF306_1,mean_annoyance,2.8,3.361510685884692,
delta_annoyance__delta__delta_annoyance_target_mean__seed2026,delta_annoyance,DeLTA,dev,DeLTA_PL320_1,DeLTA_PL320_1,mean_annoyance,2.5,3.361510685884692,
delta_annoyance__delta__delta_annoyance_target_mean__seed2026,delta_annoyance,DeLTA,dev,DeLTA_MC520_1,DeLTA_MC520_1,mean_annoyance,4.75,3.361510685884692,
delta_annoyance__delta__delta_annoyance_target_mean__seed2026,delta_annoyance,DeLTA,dev,DeLTA_ET304_1,DeLTA_ET304_1,mean_annoyance,5.25,3.361510685884692,
delta_annoyance__delta__delta_annoyance_target_mean__seed2026,delta_annoyance,DeLTA,dev,DeLTA_MC529_2,DeLTA_MC529_2,mean_annoyance,1.75,3.361510685884692,
delta_annoyance__delta__delta_annoyance_target_mean__seed2026,delta_annoyance,DeLTA,dev,DeLTA_TM409_1,DeLTA_TM409_1,mean_annoyance,1.75,3.361510685884692,
delta_annoyance__delta__delta_annoyance_target_mean__seed2026,delta_annoyance,DeLTA,dev,DeLTA_ET205_2,DeLTA_ET205_2,mean_annoyance,3.75,3.361510685884692,
delta_annoyance__delta__delta_annoyance_target_mean__seed2026,delta_annoyance,DeLTA,dev,DeLTA_PL407_1,DeLTA_PL407_1,mean_annoyance,2.75,3.361510685884692,
delta_annoyance__delta__delta_annoyance_target_mean__seed2026,delta_annoyance,DeLTA,dev,DeLTA_sc142_1,DeLTA_sc142_1,mean_annoyance,3.25,3.361510685884692,
delta_annoyance__delta__delta_annoyance_target_mean__seed2026,delta_annoyance,DeLTA,dev,DeLTA_Mc118_2,DeLTA_Mc118_2,mean_annoyance,4.4,3.361510685884692,
delta_annoyance__delta__delta_annoyance_target_mean__seed2026,delta_annoyance,DeLTA,dev,DeLTA_sr123_2,DeLTA_sr123_2,mean_annoyance,4.0,3.361510685884692,
delta_annoyance__delta__delta_annoyance_target_mean__seed2026,delta_annoyance,DeLTA,dev,DeLTA_ET203_2,DeLTA_ET203_2,mean_annoyance,3.4,3.361510685884692,
delta_annoyance__delta__delta_annoyance_target_mean__seed2026,delta_annoyance,DeLTA,dev,DeLTA_PL439_2,DeLTA_PL439_2,mean_annoyance,3.0,3.361510685884692,
delta_annoyance__delta__delta_annoyance_target_mean__seed2026,delta_annoyance,DeLTA,dev,DeLTA_Mc413_2,DeLTA_Mc413_2,mean_annoyance,4.75,3.361510685884692,
delta_annoyance__delta__delta_annoyance_target_mean__seed2026,delta_annoyance,DeLTA,dev,DeLTA_sc125_2,DeLTA_sc125_2,mean_annoyance,3.5,3.361510685884692,
delta_annoyance__delta__delta_annoyance_target_mean__seed2026,delta_annoyance,DeLTA,dev,DeLTA_MG323_2,DeLTA_MG323_2,mean_annoyance,1.75,3.361510685884692,
delta_annoyance__delta__delta_annoyance_target_mean__seed2026,delta_annoyance,DeLTA,dev,DeLTA_Rf127_1,DeLTA_Rf127_1,mean_annoyance,2.25,3.361510685884692,
delta_annoyance__delta__delta_annoyance_target_mean__seed2026,delta_annoyance,DeLTA,dev,DeLTA_Rp203_1,DeLTA_Rp203_1,mean_annoyance,3.0,3.361510685884692,
delta_annoyance__delta__delta_annoyance_target_mean__seed2026,delta_annoyance,DeLTA,dev,DeLTA_SR221_1,DeLTA_SR221_1,mean_annoyance,2.25,3.361510685884692,
delta_annoyance__delta__delta_annoyance_target_mean__seed2026,delta_annoyance,DeLTA,dev,DeLTA_2cv12_1,DeLTA_2cv12_1,mean_annoyance,3.25,3.361510685884692,
delta_annoyance__delta__delta_annoyance_target_mean__seed2026,delta_annoyance,DeLTA,dev,DeLTA_CT401_2,DeLTA_CT401_2,mean_annoyance,9.75,3.361510685884692,
delta_annoyance__delta__delta_annoyance_target_mean__seed2026,delta_annoyance,DeLTA,dev,DeLTA_NP125_2,DeLTA_NP125_2,mean_annoyance,1.5,3.361510685884692,
delta_annoyance__delta__delta_annoyance_target_mean__seed2026,delta_annoyance,DeLTA,dev,DeLTA_RS428_1,DeLTA_RS428_1,mean_annoyance,3.0,3.361510685884692,
delta_annoyance__delta__delta_annoyance_target_mean__seed2026,delta_annoyance,DeLTA,dev,DeLTA_sc110_1,DeLTA_sc110_1,mean_annoyance,4.0,3.361510685884692,
delta_annoyance__delta__delta_annoyance_target_mean__seed2026,delta_annoyance,DeLTA,dev,DeLTA_bib16_2,DeLTA_bib16_2,mean_annoyance,4.5,3.361510685884692,
delta_annoyance__delta__delta_annoyance_target_mean__seed2026,delta_annoyance,DeLTA,dev,DeLTA_SR248_2,DeLTA_SR248_2,mean_annoyance,2.75,3.361510685884692,
delta_annoyance__delta__delta_annoyance_target_mean__seed2026,delta_annoyance,DeLTA,dev,DeLTA_MG330_1,DeLTA_MG330_1,mean_annoyance,1.75,3.361510685884692,
delta_annoyance__delta__delta_annoyance_target_mean__seed2026,delta_annoyance,DeLTA,dev,DeLTA_NP119_2,DeLTA_NP119_2,mean_annoyance,2.25,3.361510685884692,
delta_annoyance__delta__delta_annoyance_target_mean__seed2026,delta_annoyance,DeLTA,dev,DeLTA_ET408_2,DeLTA_ET408_2,mean_annoyance,1.5,3.361510685884692,
delta_annoyance__delta__delta_annoyance_target_mean__seed2026,delta_annoyance,DeLTA,dev,DeLTA_NP125_1,DeLTA_NP125_1,mean_annoyance,2.75,3.361510685884692,
delta_annoyance__delta__delta_annoyance_target_mean__seed2026,delta_annoyance,DeLTA,dev,DeLTA_sr140_1,DeLTA_sr140_1,mean_annoyance,4.0,3.361510685884692,
delta_annoyance__delta__delta_annoyance_target_mean__seed2026,delta_annoyance,DeLTA,dev,DeLTA_ET114_1,DeLTA_ET114_1,mean_annoyance,2.5,3.361510685884692,
delta_annoyance__delta__delta_annoyance_target_mean__seed2026,delta_annoyance,DeLTA,dev,DeLTA_Ts413_1,DeLTA_Ts413_1,mean_annoyance,4.75,3.361510685884692,
delta_annoyance__delta__delta_annoyance_target_mean__seed2026,delta_annoyance,DeLTA,dev,DeLTA_NP107_2,DeLTA_NP107_2,mean_annoyance,1.75,3.361510685884692,
delta_annoyance__delta__delta_annoyance_target_mean__seed2026,delta_annoyance,DeLTA,dev,DeLTA_CT512_2,DeLTA_CT512_2,mean_annoyance,3.5,3.361510685884692,
delta_annoyance__delta__delta_annoyance_target_mean__seed2026,delta_annoyance,DeLTA,dev,DeLTA_SR222_1,DeLTA_SR222_1,mean_annoyance,2.25,3.361510685884692,
delta_annoyance__delta__delta_annoyance_target_mean__seed2026,delta_annoyance,DeLTA,dev,DeLTA_Rp118_2,DeLTA_Rp118_2,mean_annoyance,3.16667,3.361510685884692,
delta_annoyance__delta__delta_annoyance_target_mean__seed2026,delta_annoyance,DeLTA,dev,DeLTA_bib14_2,DeLTA_bib14_2,mean_annoyance,3.33333,3.361510685884692,
delta_annoyance__delta__delta_annoyance_target_mean__seed2026,delta_annoyance,DeLTA,dev,DeLTA_RP327_2,DeLTA_RP327_2,mean_annoyance,1.83333,3.361510685884692,
delta_annoyance__delta__delta_annoyance_target_mean__seed2026,delta_annoyance,DeLTA,dev,DeLTA_tm309_2,DeLTA_tm309_2,mean_annoyance,6.75,3.361510685884692,
delta_annoyance__delta__delta_annoyance_target_mean__seed2026,delta_annoyance,DeLTA,dev,DeLTA_TS519_1,DeLTA_TS519_1,mean_annoyance,4.0,3.361510685884692,
delta_annoyance__delta__delta_annoyance_target_mean__seed2026,delta_annoyance,DeLTA,dev,DeLTA_Rp134_1,DeLTA_Rp134_1,mean_annoyance,3.0,3.361510685884692,
delta_annoyance__delta__delta_annoyance_target_mean__seed2026,delta_annoyance,DeLTA,dev,DeLTA_MC505_2,DeLTA_MC505_2,mean_annoyance,3.4,3.361510685884692,
delta_annoyance__delta__delta_annoyance_target_mean__seed2026,delta_annoyance,DeLTA,dev,DeLTA_ML133_1,DeLTA_ML133_1,mean_annoyance,4.6,3.361510685884692,
delta_annoyance__delta__delta_annoyance_target_mean__seed2026,delta_annoyance,DeLTA,dev,DeLTA_SC216_2,DeLTA_SC216_2,mean_annoyance,2.0,3.361510685884692,
delta_annoyance__delta__delta_annoyance_target_mean__seed2026,delta_annoyance,DeLTA,dev,DeLTA_CT515_1,DeLTA_CT515_1,mean_annoyance,3.25,3.361510685884692,
delta_annoyance__delta__delta_annoyance_target_mean__seed2026,delta_annoyance,DeLTA,dev,DeLTA_PL403_2,DeLTA_PL403_2,mean_annoyance,1.5,3.361510685884692,
delta_annoyance__delta__delta_annoyance_target_mean__seed2026,delta_annoyance,DeLTA,dev,DeLTA_TM411_1,DeLTA_TM411_1,mean_annoyance,1.5,3.361510685884692,
delta_annoyance__delta__delta_annoyance_target_mean__seed2026,delta_annoyance,DeLTA,dev,DeLTA_Rs322_2,DeLTA_Rs322_2,mean_annoyance,7.0,3.361510685884692,
delta_annoyance__delta__delta_annoyance_target_mean__seed2026,delta_annoyance,DeLTA,dev,DeLTA_PL311_2,DeLTA_PL311_2,mean_annoyance,4.0,3.361510685884692,
delta_annoyance__delta__delta_annoyance_target_mean__seed2026,delta_annoyance,DeLTA,dev,DeLTA_Rs103_2,DeLTA_Rs103_2,mean_annoyance,6.25,3.361510685884692,
delta_annoyance__delta__delta_annoyance_target_mean__seed2026,delta_annoyance,DeLTA,dev,DeLTA_tm102_1,DeLTA_tm102_1,mean_annoyance,3.25,3.361510685884692,
delta_annoyance__delta__delta_annoyance_target_mean__seed2026,delta_annoyance,DeLTA,dev,DeLTA_CT538_2,DeLTA_CT538_2,mean_annoyance,4.25,3.361510685884692,
delta_annoyance__delta__delta_annoyance_target_mean__seed2026,delta_annoyance,DeLTA,dev,DeLTA_Rf218_2,DeLTA_Rf218_2,mean_annoyance,4.0,3.361510685884692,
delta_annoyance__delta__delta_annoyance_target_mean__seed2026,delta_annoyance,DeLTA,dev,DeLTA_ts219_2,DeLTA_ts219_2,mean_annoyance,3.0,3.361510685884692,
delta_annoyance__delta__delta_annoyance_target_mean__seed2026,delta_annoyance,DeLTA,dev,DeLTA_MG303_1,DeLTA_MG303_1,mean_annoyance,3.5,3.361510685884692,
delta_annoyance__delta__delta_annoyance_target_mean__seed2026,delta_annoyance,DeLTA,dev,DeLTA_cv31_2,DeLTA_cv31_2,mean_annoyance,3.0,3.361510685884692,
delta_annoyance__delta__delta_annoyance_target_mean__seed2026,delta_annoyance,DeLTA,dev,DeLTA_PL313_2,DeLTA_PL313_2,mean_annoyance,2.25,3.361510685884692,
delta_annoyance__delta__delta_annoyance_target_mean__seed2026,delta_annoyance,DeLTA,dev,DeLTA_TS541_1,DeLTA_TS541_1,mean_annoyance,1.25,3.361510685884692,
delta_annoyance__delta__delta_annoyance_target_mean__seed2026,delta_annoyance,DeLTA,dev,DeLTA_bib6_2,DeLTA_bib6_2,mean_annoyance,5.5,3.361510685884692,
delta_annoyance__delta__delta_annoyance_target_mean__seed2026,delta_annoyance,DeLTA,dev,DeLTA_cv16_1,DeLTA_cv16_1,mean_annoyance,2.75,3.361510685884692,
delta_annoyance__delta__delta_annoyance_target_mean__seed2026,delta_annoyance,DeLTA,dev,DeLTA_RF323_1,DeLTA_RF323_1,mean_annoyance,2.0,3.361510685884692,
delta_annoyance__delta__delta_annoyance_target_mean__seed2026,delta_annoyance,DeLTA,dev,DeLTA_Rs116_1,DeLTA_Rs116_1,mean_annoyance,6.0,3.361510685884692,
delta_annoyance__delta__delta_annoyance_target_mean__seed2026,delta_annoyance,DeLTA,dev,DeLTA_ET418_2,DeLTA_ET418_2,mean_annoyance,3.6,3.361510685884692,
delta_annoyance__delta__delta_annoyance_target_mean__seed2026,delta_annoyance,DeLTA,dev,DeLTA_ML104_1,DeLTA_ML104_1,mean_annoyance,6.25,3.361510685884692,
delta_annoyance__delta__delta_annoyance_target_mean__seed2026,delta_annoyance,DeLTA,dev,DeLTA_RS408_1,DeLTA_RS408_1,mean_annoyance,2.25,3.361510685884692,
delta_annoyance__delta__delta_annoyance_target_mean__seed2026,delta_annoyance,DeLTA,dev,DeLTA_Mc417_1,DeLTA_Mc417_1,mean_annoyance,3.25,3.361510685884692,
delta_annoyance__delta__delta_annoyance_target_mean__seed2026,delta_annoyance,DeLTA,dev,DeLTA_TM418_1,DeLTA_TM418_1,mean_annoyance,1.5,3.361510685884692,
delta_annoyance__delta__delta_annoyance_target_mean__seed2026,delta_annoyance,DeLTA,dev,DeLTA_ET120_2,DeLTA_ET120_2,mean_annoyance,2.33333,3.361510685884692,
delta_annoyance__delta__delta_annoyance_target_mean__seed2026,delta_annoyance,DeLTA,dev,DeLTA_Rf108_1,DeLTA_Rf108_1,mean_annoyance,2.5,3.361510685884692,
delta_annoyance__delta__delta_annoyance_target_mean__seed2026,delta_annoyance,DeLTA,dev,DeLTA_CT124_2,DeLTA_CT124_2,mean_annoyance,5.0,3.361510685884692,
delta_annoyance__delta__delta_annoyance_target_mean__seed2026,delta_annoyance,DeLTA,dev,DeLTA_sc114_1,DeLTA_sc114_1,mean_annoyance,4.33333,3.361510685884692,
delta_annoyance__delta__delta_annoyance_target_mean__seed2026,delta_annoyance,DeLTA,dev,DeLTA_Rf101_2,DeLTA_Rf101_2,mean_annoyance,3.5,3.361510685884692,
delta_annoyance__delta__delta_annoyance_target_mean__seed2026,delta_annoyance,DeLTA,dev,DeLTA_ts236_1,DeLTA_ts236_1,mean_annoyance,2.75,3.361510685884692,
delta_annoyance__delta__delta_annoyance_target_mean__seed2026,delta_annoyance,DeLTA,dev,DeLTA_SR239_2,DeLTA_SR239_2,mean_annoyance,4.75,3.361510685884692,
delta_annoyance__delta__delta_annoyance_target_mean__seed2026,delta_annoyance,DeLTA,dev,DeLTA_MC503_2,DeLTA_MC503_2,mean_annoyance,4.0,3.361510685884692,
delta_annoyance__delta__delta_annoyance_target_mean__seed2026,delta_annoyance,DeLTA,dev,DeLTA_Mc114_2,DeLTA_Mc114_2,mean_annoyance,5.0,3.361510685884692,
delta_annoyance__delta__delta_annoyance_target_mean__seed2026,delta_annoyance,DeLTA,dev,DeLTA_NP138_2,DeLTA_NP138_2,mean_annoyance,3.75,3.361510685884692,
delta_annoyance__delta__delta_annoyance_target_mean__seed2026,delta_annoyance,DeLTA,dev,DeLTA_Rp121_1,DeLTA_Rp121_1,mean_annoyance,3.25,3.361510685884692,
delta_annoyance__delta__delta_annoyance_target_mean__seed2026,delta_annoyance,DeLTA,dev,DeLTA_MG318_1,DeLTA_MG318_1,mean_annoyance,2.25,3.361510685884692,
delta_annoyance__delta__delta_annoyance_target_mean__seed2026,delta_annoyance,DeLTA,dev,DeLTA_Rf141_2,DeLTA_Rf141_2,mean_annoyance,2.75,3.361510685884692,
delta_annoyance__delta__delta_annoyance_target_mean__seed2026,delta_annoyance,DeLTA,dev,DeLTA_NP102_2,DeLTA_NP102_2,mean_annoyance,1.5,3.361510685884692,
delta_annoyance__delta__delta_annoyance_target_mean__seed2026,delta_annoyance,DeLTA,dev,DeLTA_Rf143_2,DeLTA_Rf143_2,mean_annoyance,1.25,3.361510685884692,
delta_annoyance__delta__delta_annoyance_target_mean__seed2026,delta_annoyance,DeLTA,dev,DeLTA_ET414_2,DeLTA_ET414_2,mean_annoyance,3.2,3.361510685884692,
delta_annoyance__delta__delta_annoyance_target_mean__seed2026,delta_annoyance,DeLTA,dev,DeLTA_Rf113_1,DeLTA_Rf113_1,mean_annoyance,4.6,3.361510685884692,
delta_annoyance__delta__delta_annoyance_target_mean__seed2026,delta_annoyance,DeLTA,dev,DeLTA_ts211_1,DeLTA_ts211_1,mean_annoyance,2.2,3.361510685884692,
delta_annoyance__delta__delta_annoyance_target_mean__seed2026,delta_annoyance,DeLTA,dev,DeLTA_RF326_2,DeLTA_RF326_2,mean_annoyance,2.25,3.361510685884692,
delta_annoyance__delta__delta_annoyance_target_mean__seed2026,delta_annoyance,DeLTA,dev,DeLTA_SR238_2,DeLTA_SR238_2,mean_annoyance,3.75,3.361510685884692,
delta_annoyance__delta__delta_annoyance_target_mean__seed2026,delta_annoyance,DeLTA,dev,DeLTA_CT402_2,DeLTA_CT402_2,mean_annoyance,5.0,3.361510685884692,
delta_annoyance__delta__delta_annoyance_target_mean__seed2026,delta_annoyance,DeLTA,dev,DeLTA_tm123_1,DeLTA_tm123_1,mean_annoyance,4.25,3.361510685884692,
delta_annoyance__delta__delta_annoyance_target_mean__seed2026,delta_annoyance,DeLTA,dev,DeLTA_Rp139_2,DeLTA_Rp139_2,mean_annoyance,2.5,3.361510685884692,
delta_annoyance__delta__delta_annoyance_target_mean__seed2026,delta_annoyance,DeLTA,dev,DeLTA_Rs321_2,DeLTA_Rs321_2,mean_annoyance,4.0,3.361510685884692,
delta_annoyance__delta__delta_annoyance_target_mean__seed2026,delta_annoyance,DeLTA,dev,DeLTA_SM420_2,DeLTA_SM420_2,mean_annoyance,1.25,3.361510685884692,
delta_annoyance__delta__delta_annoyance_target_mean__seed2026,delta_annoyance,DeLTA,dev,DeLTA_Pl206_1,DeLTA_Pl206_1,mean_annoyance,2.33333,3.361510685884692,
delta_annoyance__delta__delta_annoyance_target_mean__seed2026,delta_annoyance,DeLTA,dev,DeLTA_Rp103_1,DeLTA_Rp103_1,mean_annoyance,5.0,3.361510685884692,
delta_annoyance__delta__delta_annoyance_target_mean__seed2026,delta_annoyance,DeLTA,dev,DeLTA_ET431_1,DeLTA_ET431_1,mean_annoyance,4.4,3.361510685884692,
delta_annoyance__delta__delta_annoyance_target_mean__seed2026,delta_annoyance,DeLTA,dev,DeLTA_NP134_2,DeLTA_NP134_2,mean_annoyance,4.5,3.361510685884692,
delta_annoyance__delta__delta_annoyance_target_mean__seed2026,delta_annoyance,DeLTA,dev,DeLTA_Rf111_1,DeLTA_Rf111_1,mean_annoyance,1.6,3.361510685884692,
delta_annoyance__delta__delta_annoyance_target_mean__seed2026,delta_annoyance,DeLTA,dev,DeLTA_CT516_1,DeLTA_CT516_1,mean_annoyance,6.6,3.361510685884692,
delta_annoyance__delta__delta_annoyance_target_mean__seed2026,delta_annoyance,DeLTA,dev,DeLTA_NP128_1,DeLTA_NP128_1,mean_annoyance,3.8,3.361510685884692,
delta_annoyance__delta__delta_annoyance_target_mean__seed2026,delta_annoyance,DeLTA,dev,DeLTA_ET422_1,DeLTA_ET422_1,mean_annoyance,4.0,3.361510685884692,
delta_annoyance__delta__delta_annoyance_target_mean__seed2026,delta_annoyance,DeLTA,dev,DeLTA_ts317_2,DeLTA_ts317_2,mean_annoyance,2.33333,3.361510685884692,
delta_annoyance__delta__delta_annoyance_target_mean__seed2026,delta_annoyance,DeLTA,dev,DeLTA_NP156_1,DeLTA_NP156_1,mean_annoyance,1.75,3.361510685884692,
delta_annoyance__delta__delta_annoyance_target_mean__seed2026,delta_annoyance,DeLTA,dev,DeLTA_tm220_2,DeLTA_tm220_2,mean_annoyance,5.0,3.361510685884692,
delta_annoyance__delta__delta_annoyance_target_mean__seed2026,delta_annoyance,DeLTA,dev,DeLTA_RF331_1,DeLTA_RF331_1,mean_annoyance,1.75,3.361510685884692,
delta_annoyance__delta__delta_annoyance_target_mean__seed2026,delta_annoyance,DeLTA,dev,DeLTA_RF301_3,DeLTA_RF301_3,mean_annoyance,2.5,3.361510685884692,
delta_annoyance__delta__delta_annoyance_target_mean__seed2026,delta_annoyance,DeLTA,dev,DeLTA_Rp126_2,DeLTA_Rp126_2,mean_annoyance,4.0,3.361510685884692,
delta_annoyance__delta__delta_annoyance_target_mean__seed2026,delta_annoyance,DeLTA,dev,DeLTA_Ts426_2,DeLTA_Ts426_2,mean_annoyance,3.5,3.361510685884692,
delta_annoyance__delta__delta_annoyance_target_mean__seed2026,delta_annoyance,DeLTA,dev,DeLTA_PL435_2,DeLTA_PL435_2,mean_annoyance,2.75,3.361510685884692,
delta_annoyance__delta__delta_annoyance_target_mean__seed2026,delta_annoyance,DeLTA,dev,DeLTA_ET123_2,DeLTA_ET123_2,mean_annoyance,3.0,3.361510685884692,
delta_annoyance__delta__delta_annoyance_target_mean__seed2026,delta_annoyance,DeLTA,dev,DeLTA_tm331_2,DeLTA_tm331_2,mean_annoyance,2.75,3.361510685884692,
delta_annoyance__delta__delta_annoyance_target_mean__seed2026,delta_annoyance,DeLTA,dev,DeLTA_cv27_1,DeLTA_cv27_1,mean_annoyance,2.5,3.361510685884692,
delta_annoyance__delta__delta_annoyance_target_mean__seed2026,delta_annoyance,DeLTA,dev,DeLTA_CT102_1,DeLTA_CT102_1,mean_annoyance,5.75,3.361510685884692,
delta_annoyance__delta__delta_annoyance_target_mean__seed2026,delta_annoyance,DeLTA,dev,DeLTA_PL420_2,DeLTA_PL420_2,mean_annoyance,3.25,3.361510685884692,
delta_annoyance__delta__delta_annoyance_target_mean__seed2026,delta_annoyance,DeLTA,dev,DeLTA_MG306_2,DeLTA_MG306_2,mean_annoyance,3.75,3.361510685884692,
delta_annoyance__delta__delta_annoyance_target_mean__seed2026,delta_annoyance,DeLTA,dev,DeLTA_Mc310_2,DeLTA_Mc310_2,mean_annoyance,1.5,3.361510685884692,
delta_annoyance__delta__delta_annoyance_target_mean__seed2026,delta_annoyance,DeLTA,dev,DeLTA_SC219_2,DeLTA_SC219_2,mean_annoyance,2.0,3.361510685884692,
delta_annoyance__delta__delta_annoyance_target_mean__seed2026,delta_annoyance,DeLTA,dev,DeLTA_2cv23_1,DeLTA_2cv23_1,mean_annoyance,1.75,3.361510685884692,
delta_annoyance__delta__delta_annoyance_target_mean__seed2026,delta_annoyance,DeLTA,dev,DeLTA_RF301_6,DeLTA_RF301_6,mean_annoyance,2.25,3.361510685884692,
delta_annoyance__delta__delta_annoyance_target_mean__seed2026,delta_annoyance,DeLTA,dev,DeLTA_2cv25_1,DeLTA_2cv25_1,mean_annoyance,2.0,3.361510685884692,
delta_annoyance__delta__delta_annoyance_target_mean__seed2026,delta_annoyance,DeLTA,dev,DeLTA_MC516_1,DeLTA_MC516_1,mean_annoyance,2.2,3.361510685884692,
delta_annoyance__delta__delta_annoyance_target_mean__seed2026,delta_annoyance,DeLTA,dev,DeLTA_sr125_3,DeLTA_sr125_3,mean_annoyance,2.8,3.361510685884692,
delta_annoyance__delta__delta_annoyance_target_mean__seed2026,delta_annoyance,DeLTA,dev,DeLTA_SR206_2,DeLTA_SR206_2,mean_annoyance,3.2,3.361510685884692,
delta_annoyance__delta__delta_annoyance_target_mean__seed2026,delta_annoyance,DeLTA,dev,DeLTA_Rp201_1,DeLTA_Rp201_1,mean_annoyance,2.25,3.361510685884692,
delta_annoyance__delta__delta_annoyance_target_mean__seed2026,delta_annoyance,DeLTA,dev,DeLTA_cv42_1,DeLTA_cv42_1,mean_annoyance,4.0,3.361510685884692,
delta_annoyance__delta__delta_annoyance_target_mean__seed2026,delta_annoyance,DeLTA,dev,DeLTA_SC223_1,DeLTA_SC223_1,mean_annoyance,2.0,3.361510685884692,
delta_annoyance__delta__delta_annoyance_target_mean__seed2026,delta_annoyance,DeLTA,dev,DeLTA_Mc317_1,DeLTA_Mc317_1,mean_annoyance,2.25,3.361510685884692,
delta_annoyance__delta__delta_annoyance_target_mean__seed2026,delta_annoyance,DeLTA,dev,DeLTA_CT413_1,DeLTA_CT413_1,mean_annoyance,4.5,3.361510685884692,
delta_annoyance__delta__delta_annoyance_target_mean__seed2026,delta_annoyance,DeLTA,dev,DeLTA_SM303_2,DeLTA_SM303_2,mean_annoyance,4.25,3.361510685884692,
delta_annoyance__delta__delta_annoyance_target_mean__seed2026,delta_annoyance,DeLTA,dev,DeLTA_ts320_2,DeLTA_ts320_2,mean_annoyance,2.0,3.361510685884692,
delta_annoyance__delta__delta_annoyance_target_mean__seed2026,delta_annoyance,DeLTA,dev,DeLTA_RS416_2,DeLTA_RS416_2,mean_annoyance,2.0,3.361510685884692,
delta_annoyance__delta__delta_annoyance_target_mean__seed2026,delta_annoyance,DeLTA,dev,DeLTA_MG118_1,DeLTA_MG118_1,mean_annoyance,1.5,3.361510685884692,
delta_annoyance__delta__delta_annoyance_target_mean__seed2026,delta_annoyance,DeLTA,dev,DeLTA_Mc336_1,DeLTA_Mc336_1,mean_annoyance,1.6,3.361510685884692,
delta_annoyance__delta__delta_annoyance_target_mean__seed2026,delta_annoyance,DeLTA,dev,DeLTA_PL201_2,DeLTA_PL201_2,mean_annoyance,4.0,3.361510685884692,
delta_annoyance__delta__delta_annoyance_target_mean__seed2026,delta_annoyance,DeLTA,dev,DeLTA_RF320_1,DeLTA_RF320_1,mean_annoyance,1.25,3.361510685884692,
delta_annoyance__delta__delta_annoyance_target_mean__seed2026,delta_annoyance,DeLTA,dev,DeLTA_Mc407_1,DeLTA_Mc407_1,mean_annoyance,3.0,3.361510685884692,
delta_annoyance__delta__delta_annoyance_target_mean__seed2026,delta_annoyance,DeLTA,dev,DeLTA_sr130_1,DeLTA_sr130_1,mean_annoyance,4.25,3.361510685884692,
delta_annoyance__delta__delta_annoyance_target_mean__seed2026,delta_annoyance,DeLTA,dev,DeLTA_Rp104_2,DeLTA_Rp104_2,mean_annoyance,4.75,3.361510685884692,
delta_annoyance__delta__delta_annoyance_target_mean__seed2026,delta_annoyance,DeLTA,dev,DeLTA_RF341_2,DeLTA_RF341_2,mean_annoyance,2.0,3.361510685884692,
delta_annoyance__delta__delta_annoyance_target_mean__seed2026,delta_annoyance,DeLTA,dev,DeLTA_bib2_2,DeLTA_bib2_2,mean_annoyance,4.0,3.361510685884692,
delta_annoyance__delta__delta_annoyance_target_mean__seed2026,delta_annoyance,DeLTA,dev,DeLTA_CT405_2,DeLTA_CT405_2,mean_annoyance,5.0,3.361510685884692,
delta_annoyance__delta__delta_annoyance_target_mean__seed2026,delta_annoyance,DeLTA,dev,DeLTA_RS404_2,DeLTA_RS404_2,mean_annoyance,2.0,3.361510685884692,
delta_annoyance__delta__delta_annoyance_target_mean__seed2026,delta_annoyance,DeLTA,dev,DeLTA_sc125_1,DeLTA_sc125_1,mean_annoyance,2.25,3.361510685884692,
delta_annoyance__delta__delta_annoyance_target_mean__seed2026,delta_annoyance,DeLTA,dev,DeLTA_Rf216_1,DeLTA_Rf216_1,mean_annoyance,1.75,3.361510685884692,
delta_annoyance__delta__delta_annoyance_target_mean__seed2026,delta_annoyance,DeLTA,dev,DeLTA_ET411_2,DeLTA_ET411_2,mean_annoyance,2.25,3.361510685884692,
delta_annoyance__delta__delta_annoyance_target_mean__seed2026,delta_annoyance,DeLTA,dev,DeLTA_ts302_2,DeLTA_ts302_2,mean_annoyance,1.5,3.361510685884692,
delta_annoyance__delta__delta_annoyance_target_mean__seed2026,delta_annoyance,DeLTA,dev,DeLTA_2cv34_2,DeLTA_2cv34_2,mean_annoyance,4.25,3.361510685884692,
delta_annoyance__delta__delta_annoyance_target_mean__seed2026,delta_annoyance,DeLTA,dev,DeLTA_Mc120_2,DeLTA_Mc120_2,mean_annoyance,1.5,3.361510685884692,
delta_annoyance__delta__delta_annoyance_target_mean__seed2026,delta_annoyance,DeLTA,dev,DeLTA_CT531_2,DeLTA_CT531_2,mean_annoyance,5.33333,3.361510685884692,
delta_annoyance__delta__delta_annoyance_target_mean__seed2026,delta_annoyance,DeLTA,dev,DeLTA_Mc325_1,DeLTA_Mc325_1,mean_annoyance,3.0,3.361510685884692,
delta_annoyance__delta__delta_annoyance_target_mean__seed2026,delta_annoyance,DeLTA,dev,DeLTA_Mc325_2,DeLTA_Mc325_2,mean_annoyance,3.66667,3.361510685884692,
delta_annoyance__delta__delta_annoyance_target_mean__seed2026,delta_annoyance,DeLTA,dev,DeLTA_NP127_1,DeLTA_NP127_1,mean_annoyance,1.75,3.361510685884692,
delta_annoyance__delta__delta_annoyance_target_mean__seed2026,delta_annoyance,DeLTA,dev,DeLTA_tm121_2,DeLTA_tm121_2,mean_annoyance,4.25,3.361510685884692,
delta_annoyance__delta__delta_annoyance_target_mean__seed2026,delta_annoyance,DeLTA,dev,DeLTA_Rf130_2,DeLTA_Rf130_2,mean_annoyance,1.5,3.361510685884692,
delta_annoyance__delta__delta_annoyance_target_mean__seed2026,delta_annoyance,DeLTA,dev,DeLTA_TS515_2,DeLTA_TS515_2,mean_annoyance,2.0,3.361510685884692,
delta_annoyance__delta__delta_annoyance_target_mean__seed2026,delta_annoyance,DeLTA,dev,DeLTA_Rs221_2,DeLTA_Rs221_2,mean_annoyance,2.33333,3.361510685884692,
delta_annoyance__delta__delta_annoyance_target_mean__seed2026,delta_annoyance,DeLTA,dev,DeLTA_ML132_3,DeLTA_ML132_3,mean_annoyance,3.5,3.361510685884692,
delta_annoyance__delta__delta_annoyance_target_mean__seed2026,delta_annoyance,DeLTA,dev,DeLTA_Ts416_1,DeLTA_Ts416_1,mean_annoyance,2.5,3.361510685884692,
delta_annoyance__delta__delta_annoyance_target_mean__seed2026,delta_annoyance,DeLTA,dev,DeLTA_TM435_1,DeLTA_TM435_1,mean_annoyance,3.25,3.361510685884692,
delta_annoyance__delta__delta_annoyance_target_mean__seed2026,delta_annoyance,DeLTA,dev,DeLTA_ET303_2,DeLTA_ET303_2,mean_annoyance,3.0,3.361510685884692,
delta_annoyance__delta__delta_annoyance_target_mean__seed2026,delta_annoyance,DeLTA,dev,DeLTA_Rf226_1,DeLTA_Rf226_1,mean_annoyance,2.0,3.361510685884692,
delta_annoyance__delta__delta_annoyance_target_mean__seed2026,delta_annoyance,DeLTA,dev,DeLTA_CT122_1,DeLTA_CT122_1,mean_annoyance,3.25,3.361510685884692,
delta_annoyance__delta__delta_annoyance_target_mean__seed2026,delta_annoyance,DeLTA,dev,DeLTA_RF341_1,DeLTA_RF341_1,mean_annoyance,3.25,3.361510685884692,
delta_annoyance__delta__delta_annoyance_target_mean__seed2026,delta_annoyance,DeLTA,dev,DeLTA_sc107_1,DeLTA_sc107_1,mean_annoyance,2.25,3.361510685884692,
delta_annoyance__delta__delta_annoyance_target_mean__seed2026,delta_annoyance,DeLTA,dev,DeLTA_Rs202_1,DeLTA_Rs202_1,mean_annoyance,5.66667,3.361510685884692,
delta_annoyance__delta__delta_annoyance_target_mean__seed2026,delta_annoyance,DeLTA,dev,DeLTA_ET306_1,DeLTA_ET306_1,mean_annoyance,5.0,3.361510685884692,
delta_annoyance__delta__delta_annoyance_target_mean__seed2026,delta_annoyance,DeLTA,dev,DeLTA_SM516_1,DeLTA_SM516_1,mean_annoyance,1.75,3.361510685884692,
delta_annoyance__delta__delta_annoyance_target_mean__seed2026,delta_annoyance,DeLTA,dev,DeLTA_SR210_2,DeLTA_SR210_2,mean_annoyance,3.0,3.361510685884692,
delta_annoyance__delta__delta_annoyance_target_mean__seed2026,delta_annoyance,DeLTA,dev,DeLTA_Rs319_1,DeLTA_Rs319_1,mean_annoyance,4.0,3.361510685884692,
delta_annoyance__delta__delta_annoyance_target_mean__seed2026,delta_annoyance,DeLTA,dev,DeLTA_Rf124_1,DeLTA_Rf124_1,mean_annoyance,3.0,3.361510685884692,
delta_annoyance__delta__delta_annoyance_target_mean__seed2026,delta_annoyance,DeLTA,dev,DeLTA_MC511_2,DeLTA_MC511_2,mean_annoyance,2.0,3.361510685884692,
delta_annoyance__delta__delta_annoyance_target_mean__seed2026,delta_annoyance,DeLTA,dev,DeLTA_Rp121_2,DeLTA_Rp121_2,mean_annoyance,2.75,3.361510685884692,
delta_annoyance__delta__delta_annoyance_target_mean__seed2026,delta_annoyance,DeLTA,dev,DeLTA_CT325_1,DeLTA_CT325_1,mean_annoyance,3.5,3.361510685884692,
delta_annoyance__delta__delta_annoyance_target_mean__seed2026,delta_annoyance,DeLTA,dev,DeLTA_Rf108_2,DeLTA_Rf108_2,mean_annoyance,5.0,3.361510685884692,
delta_annoyance__delta__delta_annoyance_target_mean__seed2026,delta_annoyance,DeLTA,dev,DeLTA_sc130_2,DeLTA_sc130_2,mean_annoyance,4.75,3.361510685884692,
delta_annoyance__delta__delta_annoyance_target_mean__seed2026,delta_annoyance,DeLTA,dev,DeLTA_PL419_2,DeLTA_PL419_2,mean_annoyance,4.5,3.361510685884692,
delta_annoyance__delta__delta_annoyance_target_mean__seed2026,delta_annoyance,DeLTA,dev,DeLTA_SC222_2,DeLTA_SC222_2,mean_annoyance,1.33333,3.361510685884692,
delta_annoyance__delta__delta_annoyance_target_mean__seed2026,delta_annoyance,DeLTA,dev,DeLTA_RS424_1,DeLTA_RS424_1,mean_annoyance,2.0,3.361510685884692,
delta_annoyance__delta__delta_annoyance_target_mean__seed2026,delta_annoyance,DeLTA,dev,DeLTA_sc144_1,DeLTA_sc144_1,mean_annoyance,1.66667,3.361510685884692,
delta_annoyance__delta__delta_annoyance_target_mean__seed2026,delta_annoyance,DeLTA,dev,DeLTA_ts317_1,DeLTA_ts317_1,mean_annoyance,3.33333,3.361510685884692,
delta_annoyance__delta__delta_annoyance_target_mean__seed2026,delta_annoyance,DeLTA,dev,DeLTA_PL320_2,DeLTA_PL320_2,mean_annoyance,3.0,3.361510685884692,
delta_annoyance__delta__delta_annoyance_target_mean__seed2026,delta_annoyance,DeLTA,dev,DeLTA_PL108_1,DeLTA_PL108_1,mean_annoyance,3.0,3.361510685884692,
delta_annoyance__delta__delta_annoyance_target_mean__seed2026,delta_annoyance,DeLTA,dev,DeLTA_Ts419_1,DeLTA_Ts419_1,mean_annoyance,3.0,3.361510685884692,
delta_annoyance__delta__delta_annoyance_target_mean__seed2026,delta_annoyance,DeLTA,dev,DeLTA_MG218_2,DeLTA_MG218_2,mean_annoyance,5.5,3.361510685884692,
delta_annoyance__delta__delta_annoyance_target_mean__seed2026,delta_annoyance,DeLTA,dev,DeLTA_TS530_2,DeLTA_TS530_2,mean_annoyance,1.0,3.361510685884692,
delta_annoyance__delta__delta_annoyance_target_mean__seed2026,delta_annoyance,DeLTA,dev,DeLTA_Mc320_2,DeLTA_Mc320_2,mean_annoyance,1.25,3.361510685884692,
delta_annoyance__delta__delta_annoyance_target_mean__seed2026,delta_annoyance,DeLTA,dev,DeLTA_tm128_2,DeLTA_tm128_2,mean_annoyance,4.25,3.361510685884692,
delta_annoyance__delta__delta_annoyance_target_mean__seed2026,delta_annoyance,DeLTA,dev,DeLTA_PL412_1,DeLTA_PL412_1,mean_annoyance,4.5,3.361510685884692,
delta_annoyance__delta__delta_annoyance_target_mean__seed2026,delta_annoyance,DeLTA,dev,DeLTA_Rp127_2,DeLTA_Rp127_2,mean_annoyance,3.75,3.361510685884692,
delta_annoyance__delta__delta_annoyance_target_mean__seed2026,delta_annoyance,DeLTA,dev,DeLTA_CT306_1,DeLTA_CT306_1,mean_annoyance,4.75,3.361510685884692,
delta_annoyance__delta__delta_annoyance_target_mean__seed2026,delta_annoyance,DeLTA,dev,DeLTA_RF311_2,DeLTA_RF311_2,mean_annoyance,2.75,3.361510685884692,
delta_annoyance__delta__delta_annoyance_target_mean__seed2026,delta_annoyance,DeLTA,dev,DeLTA_MG116_1,DeLTA_MG116_1,mean_annoyance,2.5,3.361510685884692,
delta_annoyance__delta__delta_annoyance_target_mean__seed2026,delta_annoyance,DeLTA,dev,DeLTA_RF338_1,DeLTA_RF338_1,mean_annoyance,2.25,3.361510685884692,
delta_annoyance__delta__delta_annoyance_target_mean__seed2026,delta_annoyance,DeLTA,dev,DeLTA_Rp136_2,DeLTA_Rp136_2,mean_annoyance,4.25,3.361510685884692,
delta_annoyance__delta__delta_annoyance_target_mean__seed2026,delta_annoyance,DeLTA,dev,DeLTA_Pl230_1,DeLTA_Pl230_1,mean_annoyance,4.0,3.361510685884692,
delta_annoyance__delta__delta_annoyance_target_mean__seed2026,delta_annoyance,DeLTA,dev,DeLTA_Pl219_1,DeLTA_Pl219_1,mean_annoyance,4.66667,3.361510685884692,
delta_annoyance__delta__delta_annoyance_target_mean__seed2026,delta_annoyance,DeLTA,dev,DeLTA_RF331_2,DeLTA_RF331_2,mean_annoyance,2.66667,3.361510685884692,
delta_annoyance__delta__delta_annoyance_target_mean__seed2026,delta_annoyance,DeLTA,dev,DeLTA_Mc416_2,DeLTA_Mc416_2,mean_annoyance,3.33333,3.361510685884692,
delta_annoyance__delta__delta_annoyance_target_mean__seed2026,delta_annoyance,DeLTA,dev,DeLTA_CT120_1,DeLTA_CT120_1,mean_annoyance,6.0,3.361510685884692,
delta_annoyance__delta__delta_annoyance_target_mean__seed2026,delta_annoyance,DeLTA,dev,DeLTA_ML209_2,DeLTA_ML209_2,mean_annoyance,2.4,3.361510685884692,
delta_annoyance__delta__delta_annoyance_target_mean__seed2026,delta_annoyance,DeLTA,dev,DeLTA_Mc115_1,DeLTA_Mc115_1,mean_annoyance,3.0,3.361510685884692,
delta_annoyance__delta__delta_annoyance_target_mean__seed2026,delta_annoyance,DeLTA,dev,DeLTA_RP329_2,DeLTA_RP329_2,mean_annoyance,1.8,3.361510685884692,
delta_annoyance__delta__delta_annoyance_target_mean__seed2026,delta_annoyance,DeLTA,dev,DeLTA_cv39_2,DeLTA_cv39_2,mean_annoyance,5.0,3.361510685884692,
delta_annoyance__delta__delta_annoyance_target_mean__seed2026,delta_annoyance,DeLTA,dev,DeLTA_ET409_2,DeLTA_ET409_2,mean_annoyance,4.5,3.361510685884692,
delta_annoyance__delta__delta_annoyance_target_mean__seed2026,delta_annoyance,DeLTA,dev,DeLTA_PL432_2,DeLTA_PL432_2,mean_annoyance,1.5,3.361510685884692,
delta_annoyance__delta__delta_annoyance_target_mean__seed2026,delta_annoyance,DeLTA,dev,DeLTA_RS414_2,DeLTA_RS414_2,mean_annoyance,1.0,3.361510685884692,
delta_annoyance__delta__delta_annoyance_target_mean__seed2026,delta_annoyance,DeLTA,dev,DeLTA_cv28_1,DeLTA_cv28_1,mean_annoyance,2.25,3.361510685884692,
delta_annoyance__delta__delta_annoyance_target_mean__seed2026,delta_annoyance,DeLTA,dev,DeLTA_ET309_2,DeLTA_ET309_2,mean_annoyance,5.25,3.361510685884692,
delta_annoyance__delta__delta_annoyance_target_mean__seed2026,delta_annoyance,DeLTA,dev,DeLTA_PL321_2,DeLTA_PL321_2,mean_annoyance,6.25,3.361510685884692,
delta_annoyance__delta__delta_annoyance_target_mean__seed2026,delta_annoyance,DeLTA,dev,DeLTA_Pl114_2,DeLTA_Pl114_2,mean_annoyance,2.5,3.361510685884692,
delta_annoyance__delta__delta_annoyance_target_mean__seed2026,delta_annoyance,DeLTA,dev,DeLTA_Rs217_1,DeLTA_Rs217_1,mean_annoyance,3.5,3.361510685884692,
delta_annoyance__delta__delta_annoyance_target_mean__seed2026,delta_annoyance,DeLTA,dev,DeLTA_cv23_2,DeLTA_cv23_2,mean_annoyance,2.25,3.361510685884692,
delta_annoyance__delta__delta_annoyance_target_mean__seed2026,delta_annoyance,DeLTA,dev,DeLTA_SR211_1,DeLTA_SR211_1,mean_annoyance,3.0,3.361510685884692,
delta_annoyance__delta__delta_annoyance_target_mean__seed2026,delta_annoyance,DeLTA,dev,DeLTA_NP129_1,DeLTA_NP129_1,mean_annoyance,2.5,3.361510685884692,
delta_annoyance__delta__delta_annoyance_target_mean__seed2026,delta_annoyance,DeLTA,dev,DeLTA_TM409_2,DeLTA_TM409_2,mean_annoyance,2.5,3.361510685884692,
delta_annoyance__delta__delta_annoyance_target_mean__seed2026,delta_annoyance,DeLTA,dev,DeLTA_SM419_1,DeLTA_SM419_1,mean_annoyance,1.5,3.361510685884692,
delta_annoyance__delta__delta_annoyance_target_mean__seed2026,delta_annoyance,DeLTA,dev,DeLTA_RP333_2,DeLTA_RP333_2,mean_annoyance,5.25,3.361510685884692,
delta_annoyance__delta__delta_annoyance_target_mean__seed2026,delta_annoyance,DeLTA,dev,DeLTA_cv27_2,DeLTA_cv27_2,mean_annoyance,3.0,3.361510685884692,
delta_annoyance__delta__delta_annoyance_target_mean__seed2026,delta_annoyance,DeLTA,dev,DeLTA_TM411_2,DeLTA_TM411_2,mean_annoyance,1.75,3.361510685884692,
delta_annoyance__delta__delta_annoyance_target_mean__seed2026,delta_annoyance,DeLTA,dev,DeLTA_tm211_1,DeLTA_tm211_1,mean_annoyance,5.0,3.361510685884692,
delta_annoyance__delta__delta_annoyance_target_mean__seed2026,delta_annoyance,DeLTA,dev,DeLTA_ET304_2,DeLTA_ET304_2,mean_annoyance,6.0,3.361510685884692,
delta_annoyance__delta__delta_annoyance_target_mean__seed2026,delta_annoyance,DeLTA,dev,DeLTA_ts211_2,DeLTA_ts211_2,mean_annoyance,1.8,3.361510685884692,
delta_annoyance__delta__delta_annoyance_target_mean__seed2026,delta_annoyance,DeLTA,dev,DeLTA_NP110_2,DeLTA_NP110_2,mean_annoyance,2.4,3.361510685884692,
delta_annoyance__delta__delta_annoyance_target_mean__seed2026,delta_annoyance,DeLTA,dev,DeLTA_Rp125_2,DeLTA_Rp125_2,mean_annoyance,4.8,3.361510685884692,
delta_annoyance__delta__delta_annoyance_target_mean__seed2026,delta_annoyance,DeLTA,dev,DeLTA_TM413_2,DeLTA_TM413_2,mean_annoyance,2.2,3.361510685884692,
delta_annoyance__delta__delta_annoyance_target_mean__seed2026,delta_annoyance,DeLTA,dev,DeLTA_ET432_1,DeLTA_ET432_1,mean_annoyance,4.0,3.361510685884692,
delta_annoyance__delta__delta_annoyance_target_mean__seed2026,delta_annoyance,DeLTA,dev,DeLTA_sr109_2,DeLTA_sr109_2,mean_annoyance,4.5,3.361510685884692,
delta_annoyance__delta__delta_annoyance_target_mean__seed2026,delta_annoyance,DeLTA,dev,DeLTA_RP327_1,DeLTA_RP327_1,mean_annoyance,1.5,3.361510685884692,
delta_annoyance__delta__delta_annoyance_target_mean__seed2026,delta_annoyance,DeLTA,dev,DeLTA_PL415_1,DeLTA_PL415_1,mean_annoyance,1.85714,3.361510685884692,
delta_annoyance__delta__delta_annoyance_target_mean__seed2026,delta_annoyance,DeLTA,dev,DeLTA_MG207_1,DeLTA_MG207_1,mean_annoyance,5.42857,3.361510685884692,
delta_annoyance__delta__delta_annoyance_target_mean__seed2026,delta_annoyance,DeLTA,dev,DeLTA_Rs104_1,DeLTA_Rs104_1,mean_annoyance,3.14286,3.361510685884692,
delta_annoyance__delta__delta_annoyance_target_mean__seed2026,delta_annoyance,DeLTA,dev,DeLTA_Rp209_2,DeLTA_Rp209_2,mean_annoyance,2.71429,3.361510685884692,
delta_annoyance__delta__delta_annoyance_target_mean__seed2026,delta_annoyance,DeLTA,dev,DeLTA_Ts411_3,DeLTA_Ts411_3,mean_annoyance,2.0,3.361510685884692,
delta_annoyance__delta__delta_annoyance_target_mean__seed2026,delta_annoyance,DeLTA,dev,DeLTA_sc134_1,DeLTA_sc134_1,mean_annoyance,4.0,3.361510685884692,
delta_annoyance__delta__delta_annoyance_target_mean__seed2026,delta_annoyance,DeLTA,dev,DeLTA_SM307_2,DeLTA_SM307_2,mean_annoyance,4.0,3.361510685884692,
delta_annoyance__delta__delta_annoyance_target_mean__seed2026,delta_annoyance,DeLTA,dev,DeLTA_Rp110_3,DeLTA_Rp110_3,mean_annoyance,5.0,3.361510685884692,
delta_annoyance__delta__delta_annoyance_target_mean__seed2026,delta_annoyance,DeLTA,dev,DeLTA_SR227_2,DeLTA_SR227_2,mean_annoyance,5.25,3.361510685884692,
delta_annoyance__delta__delta_annoyance_target_mean__seed2026,delta_annoyance,DeLTA,dev,DeLTA_SR216_2,DeLTA_SR216_2,mean_annoyance,3.25,3.361510685884692,
delta_annoyance__delta__delta_annoyance_target_mean__seed2026,delta_annoyance,DeLTA,dev,DeLTA_MG331_2,DeLTA_MG331_2,mean_annoyance,4.25,3.361510685884692,
delta_annoyance__delta__delta_annoyance_target_mean__seed2026,delta_annoyance,DeLTA,dev,DeLTA_m21_1,DeLTA_m21_1,mean_annoyance,2.25,3.361510685884692,
delta_annoyance__delta__delta_annoyance_target_mean__seed2026,delta_annoyance,DeLTA,dev,DeLTA_RP321_2,DeLTA_RP321_2,mean_annoyance,1.5,3.361510685884692,
delta_annoyance__delta__delta_annoyance_target_mean__seed2026,delta_annoyance,DeLTA,dev,DeLTA_tm206_1,DeLTA_tm206_1,mean_annoyance,3.5,3.361510685884692,
delta_annoyance__delta__delta_annoyance_target_mean__seed2026,delta_annoyance,DeLTA,dev,DeLTA_sc115_1,DeLTA_sc115_1,mean_annoyance,1.25,3.361510685884692,
delta_annoyance__delta__delta_annoyance_target_mean__seed2026,delta_annoyance,DeLTA,dev,DeLTA_SM504_1,DeLTA_SM504_1,mean_annoyance,2.75,3.361510685884692,
delta_annoyance__delta__delta_annoyance_target_mean__seed2026,delta_annoyance,DeLTA,dev,DeLTA_Rf220_2,DeLTA_Rf220_2,mean_annoyance,2.0,3.361510685884692,
delta_annoyance__delta__delta_annoyance_target_mean__seed2026,delta_annoyance,DeLTA,dev,DeLTA_sr118_2,DeLTA_sr118_2,mean_annoyance,3.5,3.361510685884692,
delta_annoyance__delta__delta_annoyance_target_mean__seed2026,delta_annoyance,DeLTA,dev,DeLTA_sr110_1,DeLTA_sr110_1,mean_annoyance,2.75,3.361510685884692,
delta_annoyance__delta__delta_annoyance_target_mean__seed2026,delta_annoyance,DeLTA,dev,DeLTA_RP312_2,DeLTA_RP312_2,mean_annoyance,6.66667,3.361510685884692,
delta_annoyance__delta__delta_annoyance_target_mean__seed2026,delta_annoyance,DeLTA,dev,DeLTA_RF333_2,DeLTA_RF333_2,mean_annoyance,2.0,3.361510685884692,
delta_annoyance__delta__delta_annoyance_target_mean__seed2026,delta_annoyance,DeLTA,dev,DeLTA_cp4_2,DeLTA_cp4_2,mean_annoyance,1.25,3.361510685884692,
delta_annoyance__delta__delta_annoyance_target_mean__seed2026,delta_annoyance,DeLTA,dev,DeLTA_TM422_2,DeLTA_TM422_2,mean_annoyance,2.25,3.361510685884692,
delta_annoyance__delta__delta_annoyance_target_mean__seed2026,delta_annoyance,DeLTA,dev,DeLTA_Mc329_1,DeLTA_Mc329_1,mean_annoyance,4.5,3.361510685884692,
delta_annoyance__delta__delta_annoyance_target_mean__seed2026,delta_annoyance,DeLTA,dev,DeLTA_SM309_1,DeLTA_SM309_1,mean_annoyance,3.25,3.361510685884692,
delta_annoyance__delta__delta_annoyance_target_mean__seed2026,delta_annoyance,DeLTA,dev,DeLTA_Mc103_1,DeLTA_Mc103_1,mean_annoyance,1.25,3.361510685884692,
delta_annoyance__delta__delta_annoyance_target_mean__seed2026,delta_annoyance,DeLTA,dev,DeLTA_SM501_2,DeLTA_SM501_2,mean_annoyance,1.25,3.361510685884692,
delta_annoyance__delta__delta_annoyance_target_mean__seed2026,delta_annoyance,DeLTA,dev,DeLTA_PL439_1,DeLTA_PL439_1,mean_annoyance,2.25,3.361510685884692,
delta_annoyance__delta__delta_annoyance_target_mean__seed2026,delta_annoyance,DeLTA,dev,DeLTA_ML111_3,DeLTA_ML111_3,mean_annoyance,5.0,3.361510685884692,
delta_annoyance__delta__delta_annoyance_target_mean__seed2026,delta_annoyance,DeLTA,dev,DeLTA_MG326_1,DeLTA_MG326_1,mean_annoyance,2.0,3.361510685884692,
delta_annoyance__delta__delta_annoyance_target_mean__seed2026,delta_annoyance,DeLTA,dev,DeLTA_RS401_2,DeLTA_RS401_2,mean_annoyance,2.75,3.361510685884692,
delta_annoyance__delta__delta_annoyance_target_mean__seed2026,delta_annoyance,DeLTA,dev,DeLTA_CT121_2,DeLTA_CT121_2,mean_annoyance,3.75,3.361510685884692,
delta_annoyance__delta__delta_annoyance_target_mean__seed2026,delta_annoyance,DeLTA,dev,DeLTA_SC207_1,DeLTA_SC207_1,mean_annoyance,3.5,3.361510685884692,
delta_annoyance__delta__delta_annoyance_target_mean__seed2026,delta_annoyance,DeLTA,dev,DeLTA_TM414_1,DeLTA_TM414_1,mean_annoyance,3.0,3.361510685884692,
delta_annoyance__delta__delta_annoyance_target_mean__seed2026,delta_annoyance,DeLTA,dev,DeLTA_Rp104_1,DeLTA_Rp104_1,mean_annoyance,6.25,3.361510685884692,
delta_annoyance__delta__delta_annoyance_target_mean__seed2026,delta_annoyance,DeLTA,dev,DeLTA_Rf131_2,DeLTA_Rf131_2,mean_annoyance,6.0,3.361510685884692,
delta_annoyance__delta__delta_annoyance_target_mean__seed2026,delta_annoyance,DeLTA,dev,DeLTA_SM417_2,DeLTA_SM417_2,mean_annoyance,3.25,3.361510685884692,
delta_annoyance__delta__delta_annoyance_target_mean__seed2026,delta_annoyance,DeLTA,dev,DeLTA_Rs113_2,DeLTA_Rs113_2,mean_annoyance,1.8,3.361510685884692,
delta_annoyance__delta__delta_annoyance_target_mean__seed2026,delta_annoyance,DeLTA,dev,DeLTA_Rf122_1,DeLTA_Rf122_1,mean_annoyance,2.2,3.361510685884692,
delta_annoyance__delta__delta_annoyance_target_mean__seed2026,delta_annoyance,DeLTA,dev,DeLTA_Rf137_1,DeLTA_Rf137_1,mean_annoyance,1.8,3.361510685884692,
delta_annoyance__delta__delta_annoyance_target_mean__seed2026,delta_annoyance,DeLTA,dev,DeLTA_TM426_2,DeLTA_TM426_2,mean_annoyance,1.2,3.361510685884692,
delta_annoyance__delta__delta_annoyance_target_mean__seed2026,delta_annoyance,DeLTA,dev,DeLTA_Ts423_2,DeLTA_Ts423_2,mean_annoyance,2.5,3.361510685884692,
delta_annoyance__delta__delta_annoyance_target_mean__seed2026,delta_annoyance,DeLTA,dev,DeLTA_MG209_2,DeLTA_MG209_2,mean_annoyance,5.75,3.361510685884692,
delta_annoyance__delta__delta_annoyance_target_mean__seed2026,delta_annoyance,DeLTA,dev,DeLTA_SM510_2,DeLTA_SM510_2,mean_annoyance,2.25,3.361510685884692,
delta_annoyance__delta__delta_annoyance_target_mean__seed2026,delta_annoyance,DeLTA,dev,DeLTA_MG212_2,DeLTA_MG212_2,mean_annoyance,6.75,3.361510685884692,
delta_annoyance__delta__delta_annoyance_target_mean__seed2026,delta_annoyance,DeLTA,dev,DeLTA_Mc207_1,DeLTA_Mc207_1,mean_annoyance,2.75,3.361510685884692,
delta_annoyance__delta__delta_annoyance_target_mean__seed2026,delta_annoyance,DeLTA,dev,DeLTA_PL315_1,DeLTA_PL315_1,mean_annoyance,2.5,3.361510685884692,
delta_annoyance__delta__delta_annoyance_target_mean__seed2026,delta_annoyance,DeLTA,dev,DeLTA_ET206_1,DeLTA_ET206_1,mean_annoyance,3.75,3.361510685884692,
delta_annoyance__delta__delta_annoyance_target_mean__seed2026,delta_annoyance,DeLTA,dev,DeLTA_SM417_1,DeLTA_SM417_1,mean_annoyance,2.0,3.361510685884692,
delta_annoyance__delta__delta_annoyance_target_mean__seed2026,delta_annoyance,DeLTA,dev,DeLTA_Rs120_2,DeLTA_Rs120_2,mean_annoyance,5.75,3.361510685884692,
delta_annoyance__delta__delta_annoyance_target_mean__seed2026,delta_annoyance,DeLTA,dev,DeLTA_Rp105_1,DeLTA_Rp105_1,mean_annoyance,1.5,3.361510685884692,
delta_annoyance__delta__delta_annoyance_target_mean__seed2026,delta_annoyance,DeLTA,dev,DeLTA_ts322_2,DeLTA_ts322_2,mean_annoyance,1.0,3.361510685884692,
delta_annoyance__delta__delta_annoyance_target_mean__seed2026,delta_annoyance,DeLTA,dev,DeLTA_ML212_2,DeLTA_ML212_2,mean_annoyance,5.0,3.361510685884692,
delta_annoyance__delta__delta_annoyance_target_mean__seed2026,delta_annoyance,DeLTA,dev,DeLTA_Rs205_1,DeLTA_Rs205_1,mean_annoyance,5.0,3.361510685884692,
delta_annoyance__delta__delta_annoyance_target_mean__seed2026,delta_annoyance,DeLTA,dev,DeLTA_Rp130_1,DeLTA_Rp130_1,mean_annoyance,4.5,3.361510685884692,
delta_annoyance__delta__delta_annoyance_target_mean__seed2026,delta_annoyance,DeLTA,dev,DeLTA_PL434_1,DeLTA_PL434_1,mean_annoyance,2.0,3.361510685884692,
delta_annoyance__delta__delta_annoyance_target_mean__seed2026,delta_annoyance,DeLTA,dev,DeLTA_bib1_1,DeLTA_bib1_1,mean_annoyance,4.5,3.361510685884692,
delta_annoyance__delta__delta_annoyance_target_mean__seed2026,delta_annoyance,DeLTA,dev,DeLTA_ts229_1,DeLTA_ts229_1,mean_annoyance,2.5,3.361510685884692,
delta_annoyance__delta__delta_annoyance_target_mean__seed2026,delta_annoyance,DeLTA,dev,DeLTA_tm201_1,DeLTA_tm201_1,mean_annoyance,3.5,3.361510685884692,
delta_annoyance__delta__delta_annoyance_target_mean__seed2026,delta_annoyance,DeLTA,dev,DeLTA_MG305_2,DeLTA_MG305_2,mean_annoyance,2.8,3.361510685884692,
delta_annoyance__delta__delta_annoyance_target_mean__seed2026,delta_annoyance,DeLTA,dev,DeLTA_NP143_1,DeLTA_NP143_1,mean_annoyance,2.25,3.361510685884692,
delta_annoyance__delta__delta_annoyance_target_mean__seed2026,delta_annoyance,DeLTA,dev,DeLTA_Rf136_1,DeLTA_Rf136_1,mean_annoyance,4.33333,3.361510685884692,
delta_annoyance__delta__delta_annoyance_target_mean__seed2026,delta_annoyance,DeLTA,dev,DeLTA_RF307_2,DeLTA_RF307_2,mean_annoyance,1.4,3.361510685884692,
delta_annoyance__delta__delta_annoyance_target_mean__seed2026,delta_annoyance,DeLTA,dev,DeLTA_ET432_2,DeLTA_ET432_2,mean_annoyance,3.0,3.361510685884692,
delta_annoyance__delta__delta_annoyance_target_mean__seed2026,delta_annoyance,DeLTA,dev,DeLTA_Mc323_1,DeLTA_Mc323_1,mean_annoyance,2.25,3.361510685884692,
delta_annoyance__delta__delta_annoyance_target_mean__seed2026,delta_annoyance,DeLTA,dev,DeLTA_ML212_1,DeLTA_ML212_1,mean_annoyance,3.75,3.361510685884692,
delta_annoyance__delta__delta_annoyance_target_mean__seed2026,delta_annoyance,DeLTA,dev,DeLTA_PL421_2,DeLTA_PL421_2,mean_annoyance,1.0,3.361510685884692,
delta_annoyance__delta__delta_annoyance_target_mean__seed2026,delta_annoyance,DeLTA,dev,DeLTA_RP301_2,DeLTA_RP301_2,mean_annoyance,3.0,3.361510685884692,
delta_annoyance__delta__delta_annoyance_target_mean__seed2026,delta_annoyance,DeLTA,dev,DeLTA_Mc412_1,DeLTA_Mc412_1,mean_annoyance,2.5,3.361510685884692,
delta_annoyance__delta__delta_annoyance_target_mean__seed2026,delta_annoyance,DeLTA,dev,DeLTA_RP334_1,DeLTA_RP334_1,mean_annoyance,1.25,3.361510685884692,
delta_annoyance__delta__delta_annoyance_target_mean__seed2026,delta_annoyance,DeLTA,dev,DeLTA_ML206_3,DeLTA_ML206_3,mean_annoyance,2.25,3.361510685884692,
delta_annoyance__delta__delta_annoyance_target_mean__seed2026,delta_annoyance,DeLTA,dev,DeLTA_CT414_1,DeLTA_CT414_1,mean_annoyance,3.25,3.361510685884692,
delta_annoyance__delta__delta_annoyance_target_mean__seed2026,delta_annoyance,DeLTA,dev,DeLTA_cp8_2,DeLTA_cp8_2,mean_annoyance,4.0,3.361510685884692,
delta_annoyance__delta__delta_annoyance_target_mean__seed2026,delta_annoyance,DeLTA,dev,DeLTA_cv39_1,DeLTA_cv39_1,mean_annoyance,5.5,3.361510685884692,
delta_annoyance__delta__delta_annoyance_target_mean__seed2026,delta_annoyance,DeLTA,dev,DeLTA_sr107_2,DeLTA_sr107_2,mean_annoyance,4.0,3.361510685884692,
delta_annoyance__delta__delta_annoyance_target_mean__seed2026,delta_annoyance,DeLTA,dev,DeLTA_sr128_1,DeLTA_sr128_1,mean_annoyance,4.0,3.361510685884692,
delta_annoyance__delta__delta_annoyance_target_mean__seed2026,delta_annoyance,DeLTA,dev,DeLTA_st104_1,DeLTA_st104_1,mean_annoyance,3.5,3.361510685884692,
delta_annoyance__delta__delta_annoyance_target_mean__seed2026,delta_annoyance,DeLTA,dev,DeLTA_sc118_2,DeLTA_sc118_2,mean_annoyance,2.75,3.361510685884692,
delta_annoyance__delta__delta_annoyance_target_mean__seed2026,delta_annoyance,DeLTA,dev,DeLTA_ET426_2,DeLTA_ET426_2,mean_annoyance,4.75,3.361510685884692,
delta_annoyance__delta__delta_annoyance_target_mean__seed2026,delta_annoyance,DeLTA,dev,DeLTA_m22_1,DeLTA_m22_1,mean_annoyance,4.25,3.361510685884692,
delta_annoyance__delta__delta_annoyance_target_mean__seed2026,delta_annoyance,DeLTA,dev,DeLTA_SM402_1,DeLTA_SM402_1,mean_annoyance,1.5,3.361510685884692,
delta_annoyance__delta__delta_annoyance_target_mean__seed2026,delta_annoyance,DeLTA,dev,DeLTA_tm229_1,DeLTA_tm229_1,mean_annoyance,2.75,3.361510685884692,
delta_annoyance__delta__delta_annoyance_target_mean__seed2026,delta_annoyance,DeLTA,dev,DeLTA_sr129_1,DeLTA_sr129_1,mean_annoyance,3.25,3.361510685884692,
delta_annoyance__delta__delta_annoyance_target_mean__seed2026,delta_annoyance,DeLTA,dev,DeLTA_Ts422_1,DeLTA_Ts422_1,mean_annoyance,3.25,3.361510685884692,
delta_annoyance__delta__delta_annoyance_target_mean__seed2026,delta_annoyance,DeLTA,dev,DeLTA_sc129_1,DeLTA_sc129_1,mean_annoyance,3.5,3.361510685884692,
delta_annoyance__delta__delta_annoyance_target_mean__seed2026,delta_annoyance,DeLTA,dev,DeLTA_CT517_5,DeLTA_CT517_5,mean_annoyance,3.0,3.361510685884692,
delta_annoyance__delta__delta_annoyance_target_mean__seed2026,delta_annoyance,DeLTA,dev,DeLTA_sc106_2,DeLTA_sc106_2,mean_annoyance,3.0,3.361510685884692,
delta_annoyance__delta__delta_annoyance_target_mean__seed2026,delta_annoyance,DeLTA,dev,DeLTA_MC522_1,DeLTA_MC522_1,mean_annoyance,2.75,3.361510685884692,
delta_annoyance__delta__delta_annoyance_target_mean__seed2026,delta_annoyance,DeLTA,dev,DeLTA_MG216_2,DeLTA_MG216_2,mean_annoyance,6.0,3.361510685884692,
delta_annoyance__delta__delta_annoyance_target_mean__seed2026,delta_annoyance,DeLTA,dev,DeLTA_ET220_2,DeLTA_ET220_2,mean_annoyance,5.25,3.361510685884692,
delta_annoyance__delta__delta_annoyance_target_mean__seed2026,delta_annoyance,DeLTA,dev,DeLTA_CT510_1,DeLTA_CT510_1,mean_annoyance,5.0,3.361510685884692,
delta_annoyance__delta__delta_annoyance_target_mean__seed2026,delta_annoyance,DeLTA,dev,DeLTA_RF318_1,DeLTA_RF318_1,mean_annoyance,2.5,3.361510685884692,
delta_annoyance__delta__delta_annoyance_target_mean__seed2026,delta_annoyance,DeLTA,dev,DeLTA_m112_1,DeLTA_m112_1,mean_annoyance,3.66667,3.361510685884692,
delta_annoyance__delta__delta_annoyance_target_mean__seed2026,delta_annoyance,DeLTA,dev,DeLTA_MC528_1,DeLTA_MC528_1,mean_annoyance,2.66667,3.361510685884692,
delta_annoyance__delta__delta_annoyance_target_mean__seed2026,delta_annoyance,DeLTA,dev,DeLTA_bib8_1,DeLTA_bib8_1,mean_annoyance,3.0,3.361510685884692,
delta_annoyance__delta__delta_annoyance_target_mean__seed2026,delta_annoyance,DeLTA,dev,DeLTA_m16_1,DeLTA_m16_1,mean_annoyance,5.0,3.361510685884692,
delta_annoyance__delta__delta_annoyance_target_mean__seed2026,delta_annoyance,DeLTA,dev,DeLTA_ML210_1,DeLTA_ML210_1,mean_annoyance,5.25,3.361510685884692,
delta_annoyance__delta__delta_annoyance_target_mean__seed2026,delta_annoyance,DeLTA,dev,DeLTA_RS422_2,DeLTA_RS422_2,mean_annoyance,3.25,3.361510685884692,
delta_annoyance__delta__delta_annoyance_target_mean__seed2026,delta_annoyance,DeLTA,dev,DeLTA_NP128_2,DeLTA_NP128_2,mean_annoyance,6.5,3.361510685884692,
delta_annoyance__delta__delta_annoyance_target_mean__seed2026,delta_annoyance,DeLTA,dev,DeLTA_ET203_1,DeLTA_ET203_1,mean_annoyance,3.75,3.361510685884692,
delta_annoyance__delta__delta_annoyance_target_mean__seed2026,delta_annoyance,DeLTA,dev,DeLTA_SC217_1,DeLTA_SC217_1,mean_annoyance,1.5,3.361510685884692,
delta_annoyance__delta__delta_annoyance_target_mean__seed2026,delta_annoyance,DeLTA,dev,DeLTA_sr132_2,DeLTA_sr132_2,mean_annoyance,2.75,3.361510685884692,
delta_annoyance__delta__delta_annoyance_target_mean__seed2026,delta_annoyance,DeLTA,dev,DeLTA_ET105_1,DeLTA_ET105_1,mean_annoyance,2.5,3.361510685884692,
delta_annoyance__delta__delta_annoyance_target_mean__seed2026,delta_annoyance,DeLTA,dev,DeLTA_MC536_1,DeLTA_MC536_1,mean_annoyance,2.5,3.361510685884692,
delta_annoyance__delta__delta_annoyance_target_mean__seed2026,delta_annoyance,DeLTA,dev,DeLTA_ts230_1,DeLTA_ts230_1,mean_annoyance,2.0,3.361510685884692,
delta_annoyance__delta__delta_annoyance_target_mean__seed2026,delta_annoyance,DeLTA,dev,DeLTA_bib9_1,DeLTA_bib9_1,mean_annoyance,3.0,3.361510685884692,
delta_annoyance__delta__delta_annoyance_target_mean__seed2026,delta_annoyance,DeLTA,dev,DeLTA_TM434_1,DeLTA_TM434_1,mean_annoyance,4.75,3.361510685884692,
delta_annoyance__delta__delta_annoyance_target_mean__seed2026,delta_annoyance,DeLTA,dev,DeLTA_ET202_1,DeLTA_ET202_1,mean_annoyance,3.75,3.361510685884692,
delta_annoyance__delta__delta_annoyance_target_mean__seed2026,delta_annoyance,DeLTA,dev,DeLTA_SM409_1,DeLTA_SM409_1,mean_annoyance,2.0,3.361510685884692,
delta_annoyance__delta__delta_annoyance_target_mean__seed2026,delta_annoyance,DeLTA,dev,DeLTA_Pl222_1,DeLTA_Pl222_1,mean_annoyance,3.25,3.361510685884692,
delta_annoyance__delta__delta_annoyance_target_mean__seed2026,delta_annoyance,DeLTA,dev,DeLTA_ts236_2,DeLTA_ts236_2,mean_annoyance,2.25,3.361510685884692,
delta_annoyance__delta__delta_annoyance_target_mean__seed2026,delta_annoyance,DeLTA,dev,DeLTA_CT116_1,DeLTA_CT116_1,mean_annoyance,5.8,3.361510685884692,
delta_annoyance__delta__delta_annoyance_target_mean__seed2026,delta_annoyance,DeLTA,dev,DeLTA_TM403_1,DeLTA_TM403_1,mean_annoyance,4.0,3.361510685884692,
delta_annoyance__delta__delta_annoyance_target_mean__seed2026,delta_annoyance,DeLTA,dev,DeLTA_bib5_2,DeLTA_bib5_2,mean_annoyance,3.75,3.361510685884692,
delta_annoyance__delta__delta_annoyance_target_mean__seed2026,delta_annoyance,DeLTA,dev,DeLTA_Pl102_1,DeLTA_Pl102_1,mean_annoyance,5.0,3.361510685884692,
delta_annoyance__delta__delta_annoyance_target_mean__seed2026,delta_annoyance,DeLTA,dev,DeLTA_ET425_2,DeLTA_ET425_2,mean_annoyance,4.25,3.361510685884692,
delta_annoyance__delta__delta_annoyance_target_mean__seed2026,delta_annoyance,DeLTA,dev,DeLTA_Rp206_1,DeLTA_Rp206_1,mean_annoyance,1.25,3.361510685884692,
delta_annoyance__delta__delta_annoyance_target_mean__seed2026,delta_annoyance,DeLTA,dev,DeLTA_Rf209_2,DeLTA_Rf209_2,mean_annoyance,2.5,3.361510685884692,
delta_annoyance__delta__delta_annoyance_target_mean__seed2026,delta_annoyance,DeLTA,dev,DeLTA_ET212_2,DeLTA_ET212_2,mean_annoyance,5.25,3.361510685884692,
delta_annoyance__delta__delta_annoyance_target_mean__seed2026,delta_annoyance,DeLTA,dev,DeLTA_RP301_1,DeLTA_RP301_1,mean_annoyance,1.25,3.361510685884692,
delta_annoyance__delta__delta_annoyance_target_mean__seed2026,delta_annoyance,DeLTA,dev,DeLTA_Mc317_2,DeLTA_Mc317_2,mean_annoyance,3.5,3.361510685884692,
delta_annoyance__delta__delta_annoyance_target_mean__seed2026,delta_annoyance,DeLTA,dev,DeLTA_TS508_2,DeLTA_TS508_2,mean_annoyance,2.75,3.361510685884692,
delta_annoyance__delta__delta_annoyance_target_mean__seed2026,delta_annoyance,DeLTA,dev,DeLTA_SM503_2,DeLTA_SM503_2,mean_annoyance,3.25,3.361510685884692,
delta_annoyance__delta__delta_annoyance_target_mean__seed2026,delta_annoyance,DeLTA,dev,DeLTA_Ts405_2,DeLTA_Ts405_2,mean_annoyance,2.5,3.361510685884692,
delta_annoyance__delta__delta_annoyance_target_mean__seed2026,delta_annoyance,DeLTA,dev,DeLTA_Rf117_3,DeLTA_Rf117_3,mean_annoyance,4.0,3.361510685884692,
delta_annoyance__delta__delta_annoyance_target_mean__seed2026,delta_annoyance,DeLTA,dev,DeLTA_CT504_1,DeLTA_CT504_1,mean_annoyance,3.25,3.361510685884692,
delta_annoyance__delta__delta_annoyance_target_mean__seed2026,delta_annoyance,DeLTA,dev,DeLTA_sc103_2,DeLTA_sc103_2,mean_annoyance,4.2,3.361510685884692,
delta_annoyance__delta__delta_annoyance_target_mean__seed2026,delta_annoyance,DeLTA,dev,DeLTA_Rf211_1,DeLTA_Rf211_1,mean_annoyance,2.25,3.361510685884692,
delta_annoyance__delta__delta_annoyance_target_mean__seed2026,delta_annoyance,DeLTA,dev,DeLTA_2cv61_1,DeLTA_2cv61_1,mean_annoyance,2.75,3.361510685884692,
delta_annoyance__delta__delta_annoyance_target_mean__seed2026,delta_annoyance,DeLTA,dev,DeLTA_RF338_2,DeLTA_RF338_2,mean_annoyance,1.5,3.361510685884692,
delta_annoyance__delta__delta_annoyance_target_mean__seed2026,delta_annoyance,DeLTA,dev,DeLTA_RF313_2,DeLTA_RF313_2,mean_annoyance,2.0,3.361510685884692,
delta_annoyance__delta__delta_annoyance_target_mean__seed2026,delta_annoyance,DeLTA,dev,DeLTA_sc113_2,DeLTA_sc113_2,mean_annoyance,4.5,3.361510685884692,
delta_annoyance__delta__delta_annoyance_target_mean__seed2026,delta_annoyance,DeLTA,dev,DeLTA_MG205_2,DeLTA_MG205_2,mean_annoyance,5.5,3.361510685884692,
delta_annoyance__delta__delta_annoyance_target_mean__seed2026,delta_annoyance,DeLTA,dev,DeLTA_MC512_2,DeLTA_MC512_2,mean_annoyance,1.25,3.361510685884692,
delta_annoyance__delta__delta_annoyance_target_mean__seed2026,delta_annoyance,DeLTA,dev,DeLTA_Rs223_2,DeLTA_Rs223_2,mean_annoyance,3.5,3.361510685884692,
delta_annoyance__delta__delta_annoyance_target_mean__seed2026,delta_annoyance,DeLTA,dev,DeLTA_MG303_2,DeLTA_MG303_2,mean_annoyance,1.5,3.361510685884692,
delta_annoyance__delta__delta_annoyance_target_mean__seed2026,delta_annoyance,DeLTA,dev,DeLTA_ET436_2,DeLTA_ET436_2,mean_annoyance,2.5,3.361510685884692,
delta_annoyance__delta__delta_annoyance_target_mean__seed2026,delta_annoyance,DeLTA,dev,DeLTA_PL430_1,DeLTA_PL430_1,mean_annoyance,3.0,3.361510685884692,
delta_annoyance__delta__delta_annoyance_target_mean__seed2026,delta_annoyance,DeLTA,dev,DeLTA_ML206_2,DeLTA_ML206_2,mean_annoyance,3.75,3.361510685884692,
delta_annoyance__delta__delta_annoyance_target_mean__seed2026,delta_annoyance,DeLTA,dev,DeLTA_CT406_2,DeLTA_CT406_2,mean_annoyance,4.25,3.361510685884692,
delta_annoyance__delta__delta_annoyance_target_mean__seed2026,delta_annoyance,DeLTA,dev,DeLTA_CT104_1,DeLTA_CT104_1,mean_annoyance,5.25,3.361510685884692,
delta_annoyance__delta__delta_annoyance_target_mean__seed2026,delta_annoyance,DeLTA,dev,DeLTA_MG214_2,DeLTA_MG214_2,mean_annoyance,7.25,3.361510685884692,
delta_annoyance__delta__delta_annoyance_target_mean__seed2026,delta_annoyance,DeLTA,dev,DeLTA_Rf215_2,DeLTA_Rf215_2,mean_annoyance,4.25,3.361510685884692,
delta_annoyance__delta__delta_annoyance_target_mean__seed2026,delta_annoyance,DeLTA,dev,DeLTA_CT114_1,DeLTA_CT114_1,mean_annoyance,6.25,3.361510685884692,
delta_annoyance__delta__delta_annoyance_target_mean__seed2026,delta_annoyance,DeLTA,dev,DeLTA_CT506_2,DeLTA_CT506_2,mean_annoyance,6.25,3.361510685884692,
delta_annoyance__delta__delta_annoyance_target_mean__seed2026,delta_annoyance,DeLTA,dev,DeLTA_ET311_1,DeLTA_ET311_1,mean_annoyance,4.75,3.361510685884692,
delta_annoyance__delta__delta_annoyance_target_mean__seed2026,delta_annoyance,DeLTA,dev,DeLTA_ts305_1,DeLTA_ts305_1,mean_annoyance,2.0,3.361510685884692,
delta_annoyance__delta__delta_annoyance_target_mean__seed2026,delta_annoyance,DeLTA,dev,DeLTA_SM520_1,DeLTA_SM520_1,mean_annoyance,1.75,3.361510685884692,
delta_annoyance__delta__delta_annoyance_target_mean__seed2026,delta_annoyance,DeLTA,dev,DeLTA_cp20_1,DeLTA_cp20_1,mean_annoyance,3.75,3.361510685884692,
delta_annoyance__delta__delta_annoyance_target_mean__seed2026,delta_annoyance,DeLTA,dev,DeLTA_MC535_1,DeLTA_MC535_1,mean_annoyance,2.0,3.361510685884692,
delta_annoyance__delta__delta_annoyance_target_mean__seed2026,delta_annoyance,DeLTA,dev,DeLTA_ET118_2,DeLTA_ET118_2,mean_annoyance,2.5,3.361510685884692,
delta_annoyance__delta__delta_annoyance_target_mean__seed2026,delta_annoyance,DeLTA,dev,DeLTA_RP322_1,DeLTA_RP322_1,mean_annoyance,2.5,3.361510685884692,
delta_annoyance__delta__delta_annoyance_target_mean__seed2026,delta_annoyance,DeLTA,dev,DeLTA_Rf227_3,DeLTA_Rf227_3,mean_annoyance,2.5,3.361510685884692,
delta_annoyance__delta__delta_annoyance_target_mean__seed2026,delta_annoyance,DeLTA,dev,DeLTA_RS432_1,DeLTA_RS432_1,mean_annoyance,3.75,3.361510685884692,
delta_annoyance__delta__delta_annoyance_target_mean__seed2026,delta_annoyance,DeLTA,dev,DeLTA_PL402_1,DeLTA_PL402_1,mean_annoyance,4.25,3.361510685884692,
delta_annoyance__delta__delta_annoyance_target_mean__seed2026,delta_annoyance,DeLTA,dev,DeLTA_Ts424_2,DeLTA_Ts424_2,mean_annoyance,4.25,3.361510685884692,
delta_annoyance__delta__delta_annoyance_target_mean__seed2026,delta_annoyance,DeLTA,dev,DeLTA_tm120_1,DeLTA_tm120_1,mean_annoyance,4.75,3.361510685884692,
delta_annoyance__delta__delta_annoyance_target_mean__seed2026,delta_annoyance,DeLTA,dev,DeLTA_SM314_2,DeLTA_SM314_2,mean_annoyance,5.25,3.361510685884692,
delta_annoyance__delta__delta_annoyance_target_mean__seed2026,delta_annoyance,DeLTA,dev,DeLTA_ET106_1,DeLTA_ET106_1,mean_annoyance,4.0,3.361510685884692,
delta_annoyance__delta__delta_annoyance_target_mean__seed2026,delta_annoyance,DeLTA,dev,DeLTA_MG119_2,DeLTA_MG119_2,mean_annoyance,3.0,3.361510685884692,
delta_annoyance__delta__delta_annoyance_target_mean__seed2026,delta_annoyance,DeLTA,dev,DeLTA_SR236_2,DeLTA_SR236_2,mean_annoyance,1.5,3.361510685884692,
delta_annoyance__delta__delta_annoyance_target_mean__seed2026,delta_annoyance,DeLTA,dev,DeLTA_PL309_1,DeLTA_PL309_1,mean_annoyance,4.0,3.361510685884692,
delta_annoyance__delta__delta_annoyance_target_mean__seed2026,delta_annoyance,DeLTA,dev,DeLTA_tm119_2,DeLTA_tm119_2,mean_annoyance,3.5,3.361510685884692,
delta_annoyance__delta__delta_annoyance_target_mean__seed2026,delta_annoyance,DeLTA,dev,DeLTA_Rs124_2,DeLTA_Rs124_2,mean_annoyance,1.75,3.361510685884692,
delta_annoyance__delta__delta_annoyance_target_mean__seed2026,delta_annoyance,DeLTA,dev,DeLTA_sr105_1,DeLTA_sr105_1,mean_annoyance,1.75,3.361510685884692,
delta_annoyance__delta__delta_annoyance_target_mean__seed2026,delta_annoyance,DeLTA,dev,DeLTA_SC209_2,DeLTA_SC209_2,mean_annoyance,1.25,3.361510685884692,
delta_annoyance__delta__delta_annoyance_target_mean__seed2026,delta_annoyance,DeLTA,dev,DeLTA_Rs305_1,DeLTA_Rs305_1,mean_annoyance,2.75,3.361510685884692,
delta_annoyance__delta__delta_annoyance_target_mean__seed2026,delta_annoyance,DeLTA,dev,DeLTA_Ts423_1,DeLTA_Ts423_1,mean_annoyance,4.25,3.361510685884692,
delta_annoyance__delta__delta_annoyance_target_mean__seed2026,delta_annoyance,DeLTA,dev,DeLTA_TM437_2,DeLTA_TM437_2,mean_annoyance,3.0,3.361510685884692,
delta_annoyance__delta__delta_annoyance_target_mean__seed2026,delta_annoyance,DeLTA,dev,DeLTA_2cv12_2,DeLTA_2cv12_2,mean_annoyance,2.5,3.361510685884692,
delta_annoyance__delta__delta_annoyance_target_mean__seed2026,delta_annoyance,DeLTA,dev,DeLTA_PL314_1,DeLTA_PL314_1,mean_annoyance,2.75,3.361510685884692,
delta_annoyance__delta__delta_annoyance_target_mean__seed2026,delta_annoyance,DeLTA,dev,DeLTA_m11_2,DeLTA_m11_2,mean_annoyance,6.0,3.361510685884692,
delta_annoyance__delta__delta_annoyance_target_mean__seed2026,delta_annoyance,DeLTA,dev,DeLTA_MG201_2,DeLTA_MG201_2,mean_annoyance,6.25,3.361510685884692,
delta_annoyance__delta__delta_annoyance_target_mean__seed2026,delta_annoyance,DeLTA,dev,DeLTA_Ts412_2,DeLTA_Ts412_2,mean_annoyance,5.25,3.361510685884692,
delta_annoyance__delta__delta_annoyance_target_mean__seed2026,delta_annoyance,DeLTA,dev,DeLTA_2cv15_1,DeLTA_2cv15_1,mean_annoyance,3.25,3.361510685884692,
delta_annoyance__delta__delta_annoyance_target_mean__seed2026,delta_annoyance,DeLTA,dev,DeLTA_Rf134_2,DeLTA_Rf134_2,mean_annoyance,2.25,3.361510685884692,
delta_annoyance__delta__delta_annoyance_target_mean__seed2026,delta_annoyance,DeLTA,dev,DeLTA_PL321_1,DeLTA_PL321_1,mean_annoyance,7.0,3.361510685884692,
delta_annoyance__delta__delta_annoyance_target_mean__seed2026,delta_annoyance,DeLTA,dev,DeLTA_ET419_1,DeLTA_ET419_1,mean_annoyance,5.25,3.361510685884692,
delta_annoyance__delta__delta_annoyance_target_mean__seed2026,delta_annoyance,DeLTA,dev,DeLTA_ML203_1,DeLTA_ML203_1,mean_annoyance,3.75,3.361510685884692,
delta_annoyance__delta__delta_annoyance_target_mean__seed2026,delta_annoyance,DeLTA,dev,DeLTA_RF307_1,DeLTA_RF307_1,mean_annoyance,2.75,3.361510685884692,
delta_annoyance__delta__delta_annoyance_target_mean__seed2026,delta_annoyance,DeLTA,dev,DeLTA_CT532_1,DeLTA_CT532_1,mean_annoyance,4.25,3.361510685884692,
delta_annoyance__delta__delta_annoyance_target_mean__seed2026,delta_annoyance,DeLTA,dev,DeLTA_Rs103_1,DeLTA_Rs103_1,mean_annoyance,4.5,3.361510685884692,
delta_annoyance__delta__delta_annoyance_target_mean__seed2026,delta_annoyance,DeLTA,dev,DeLTA_tm133_2,DeLTA_tm133_2,mean_annoyance,3.0,3.361510685884692,
delta_annoyance__delta__delta_annoyance_target_mean__seed2026,delta_annoyance,DeLTA,dev,DeLTA_ET111_1,DeLTA_ET111_1,mean_annoyance,5.5,3.361510685884692,
delta_annoyance__delta__delta_annoyance_target_mean__seed2026,delta_annoyance,DeLTA,dev,DeLTA_ts239_2,DeLTA_ts239_2,mean_annoyance,2.5,3.361510685884692,
delta_annoyance__delta__delta_annoyance_target_mean__seed2026,delta_annoyance,DeLTA,dev,DeLTA_Rs220_1,DeLTA_Rs220_1,mean_annoyance,4.5,3.361510685884692,
delta_annoyance__delta__delta_annoyance_target_mean__seed2026,delta_annoyance,DeLTA,dev,DeLTA_ET122_1,DeLTA_ET122_1,mean_annoyance,3.75,3.361510685884692,
delta_annoyance__delta__delta_annoyance_target_mean__seed2026,delta_annoyance,DeLTA,dev,DeLTA_Ts419_2,DeLTA_Ts419_2,mean_annoyance,3.25,3.361510685884692,
delta_annoyance__delta__delta_annoyance_target_mean__seed2026,delta_annoyance,DeLTA,dev,DeLTA_tm333_1,DeLTA_tm333_1,mean_annoyance,2.75,3.361510685884692,
delta_annoyance__delta__delta_annoyance_target_mean__seed2026,delta_annoyance,DeLTA,dev,DeLTA_SC205_2,DeLTA_SC205_2,mean_annoyance,2.0,3.361510685884692,
delta_annoyance__delta__delta_annoyance_target_mean__seed2026,delta_annoyance,DeLTA,test,DeLTA_SR218_1,DeLTA_SR218_1,mean_annoyance,1.0,3.361510685884692,
delta_annoyance__delta__delta_annoyance_target_mean__seed2026,delta_annoyance,DeLTA,test,DeLTA_PL327_1,DeLTA_PL327_1,mean_annoyance,3.33333,3.361510685884692,
delta_annoyance__delta__delta_annoyance_target_mean__seed2026,delta_annoyance,DeLTA,test,DeLTA_tm106_2,DeLTA_tm106_2,mean_annoyance,5.0,3.361510685884692,
delta_annoyance__delta__delta_annoyance_target_mean__seed2026,delta_annoyance,DeLTA,test,DeLTA_m211_2,DeLTA_m211_2,mean_annoyance,5.66667,3.361510685884692,
delta_annoyance__delta__delta_annoyance_target_mean__seed2026,delta_annoyance,DeLTA,test,DeLTA_NP120_1,DeLTA_NP120_1,mean_annoyance,2.66667,3.361510685884692,
delta_annoyance__delta__delta_annoyance_target_mean__seed2026,delta_annoyance,DeLTA,test,DeLTA_ET431_2,DeLTA_ET431_2,mean_annoyance,4.25,3.361510685884692,
delta_annoyance__delta__delta_annoyance_target_mean__seed2026,delta_annoyance,DeLTA,test,DeLTA_TM431_1,DeLTA_TM431_1,mean_annoyance,3.0,3.361510685884692,
delta_annoyance__delta__delta_annoyance_target_mean__seed2026,delta_annoyance,DeLTA,test,DeLTA_CT504_2,DeLTA_CT504_2,mean_annoyance,4.25,3.361510685884692,
delta_annoyance__delta__delta_annoyance_target_mean__seed2026,delta_annoyance,DeLTA,test,DeLTA_sc138_2,DeLTA_sc138_2,mean_annoyance,3.5,3.361510685884692,
delta_annoyance__delta__delta_annoyance_target_mean__seed2026,delta_annoyance,DeLTA,test,DeLTA_ET212_1,DeLTA_ET212_1,mean_annoyance,3.75,3.361510685884692,
delta_annoyance__delta__delta_annoyance_target_mean__seed2026,delta_annoyance,DeLTA,test,DeLTA_tm108_2,DeLTA_tm108_2,mean_annoyance,4.75,3.361510685884692,
delta_annoyance__delta__delta_annoyance_target_mean__seed2026,delta_annoyance,DeLTA,test,DeLTA_SC213_1,DeLTA_SC213_1,mean_annoyance,4.75,3.361510685884692,
delta_annoyance__delta__delta_annoyance_target_mean__seed2026,delta_annoyance,DeLTA,test,DeLTA_ts209_2,DeLTA_ts209_2,mean_annoyance,4.0,3.361510685884692,
delta_annoyance__delta__delta_annoyance_target_mean__seed2026,delta_annoyance,DeLTA,test,DeLTA_tm113_2,DeLTA_tm113_2,mean_annoyance,5.4,3.361510685884692,
delta_annoyance__delta__delta_annoyance_target_mean__seed2026,delta_annoyance,DeLTA,test,DeLTA_SR215_2,DeLTA_SR215_2,mean_annoyance,6.25,3.361510685884692,
delta_annoyance__delta__delta_annoyance_target_mean__seed2026,delta_annoyance,DeLTA,test,DeLTA_MC521_1,DeLTA_MC521_1,mean_annoyance,3.0,3.361510685884692,
delta_annoyance__delta__delta_annoyance_target_mean__seed2026,delta_annoyance,DeLTA,test,DeLTA_sc108_1,DeLTA_sc108_1,mean_annoyance,4.25,3.361510685884692,
delta_annoyance__delta__delta_annoyance_target_mean__seed2026,delta_annoyance,DeLTA,test,DeLTA_tm335_2,DeLTA_tm335_2,mean_annoyance,4.0,3.361510685884692,
delta_annoyance__delta__delta_annoyance_target_mean__seed2026,delta_annoyance,DeLTA,test,DeLTA_MG314_1,DeLTA_MG314_1,mean_annoyance,2.25,3.361510685884692,
delta_annoyance__delta__delta_annoyance_target_mean__seed2026,delta_annoyance,DeLTA,test,DeLTA_RP325_1,DeLTA_RP325_1,mean_annoyance,2.0,3.361510685884692,
delta_annoyance__delta__delta_annoyance_target_mean__seed2026,delta_annoyance,DeLTA,test,DeLTA_sc135_2,DeLTA_sc135_2,mean_annoyance,1.75,3.361510685884692,
delta_annoyance__delta__delta_annoyance_target_mean__seed2026,delta_annoyance,DeLTA,test,DeLTA_bib8_2,DeLTA_bib8_2,mean_annoyance,3.5,3.361510685884692,
delta_annoyance__delta__delta_annoyance_target_mean__seed2026,delta_annoyance,DeLTA,test,DeLTA_CT104_2,DeLTA_CT104_2,mean_annoyance,5.5,3.361510685884692,
delta_annoyance__delta__delta_annoyance_target_mean__seed2026,delta_annoyance,DeLTA,test,DeLTA_tm103_1,DeLTA_tm103_1,mean_annoyance,3.0,3.361510685884692,
delta_annoyance__delta__delta_annoyance_target_mean__seed2026,delta_annoyance,DeLTA,test,DeLTA_SR216_1,DeLTA_SR216_1,mean_annoyance,2.2,3.361510685884692,
delta_annoyance__delta__delta_annoyance_target_mean__seed2026,delta_annoyance,DeLTA,test,DeLTA_tm216_2,DeLTA_tm216_2,mean_annoyance,3.2,3.361510685884692,
delta_annoyance__delta__delta_annoyance_target_mean__seed2026,delta_annoyance,DeLTA,test,DeLTA_Rp221_2,DeLTA_Rp221_2,mean_annoyance,1.5,3.361510685884692,
delta_annoyance__delta__delta_annoyance_target_mean__seed2026,delta_annoyance,DeLTA,test,DeLTA_SR233_1,DeLTA_SR233_1,mean_annoyance,4.33333,3.361510685884692,
delta_annoyance__delta__delta_annoyance_target_mean__seed2026,delta_annoyance,DeLTA,test,DeLTA_Mc119_1,DeLTA_Mc119_1,mean_annoyance,5.25,3.361510685884692,
delta_annoyance__delta__delta_annoyance_target_mean__seed2026,delta_annoyance,DeLTA,test,DeLTA_Rf208_1,DeLTA_Rf208_1,mean_annoyance,3.0,3.361510685884692,
delta_annoyance__delta__delta_annoyance_target_mean__seed2026,delta_annoyance,DeLTA,test,DeLTA_tm116_1,DeLTA_tm116_1,mean_annoyance,5.75,3.361510685884692,
delta_annoyance__delta__delta_annoyance_target_mean__seed2026,delta_annoyance,DeLTA,test,DeLTA_tm221_1,DeLTA_tm221_1,mean_annoyance,3.75,3.361510685884692,
delta_annoyance__delta__delta_annoyance_target_mean__seed2026,delta_annoyance,DeLTA,test,DeLTA_Pl105_1,DeLTA_Pl105_1,mean_annoyance,3.0,3.361510685884692,
delta_annoyance__delta__delta_annoyance_target_mean__seed2026,delta_annoyance,DeLTA,test,DeLTA_Rp207_2,DeLTA_Rp207_2,mean_annoyance,1.5,3.361510685884692,
delta_annoyance__delta__delta_annoyance_target_mean__seed2026,delta_annoyance,DeLTA,test,DeLTA_RP326_2,DeLTA_RP326_2,mean_annoyance,1.25,3.361510685884692,
delta_annoyance__delta__delta_annoyance_target_mean__seed2026,delta_annoyance,DeLTA,test,DeLTA_sc138_1,DeLTA_sc138_1,mean_annoyance,2.75,3.361510685884692,
delta_annoyance__delta__delta_annoyance_target_mean__seed2026,delta_annoyance,DeLTA,test,DeLTA_cp19_2,DeLTA_cp19_2,mean_annoyance,3.0,3.361510685884692,
delta_annoyance__delta__delta_annoyance_target_mean__seed2026,delta_annoyance,DeLTA,test,DeLTA_Rs119_1,DeLTA_Rs119_1,mean_annoyance,4.0,3.361510685884692,
delta_annoyance__delta__delta_annoyance_target_mean__seed2026,delta_annoyance,DeLTA,test,DeLTA_Mc332_2,DeLTA_Mc332_2,mean_annoyance,2.75,3.361510685884692,
delta_annoyance__delta__delta_annoyance_target_mean__seed2026,delta_annoyance,DeLTA,test,DeLTA_RF301_1,DeLTA_RF301_1,mean_annoyance,1.5,3.361510685884692,
delta_annoyance__delta__delta_annoyance_target_mean__seed2026,delta_annoyance,DeLTA,test,DeLTA_TM429_1,DeLTA_TM429_1,mean_annoyance,2.0,3.361510685884692,
delta_annoyance__delta__delta_annoyance_target_mean__seed2026,delta_annoyance,DeLTA,test,DeLTA_tm122_1,DeLTA_tm122_1,mean_annoyance,2.5,3.361510685884692,
delta_annoyance__delta__delta_annoyance_target_mean__seed2026,delta_annoyance,DeLTA,test,DeLTA_ET410_2,DeLTA_ET410_2,mean_annoyance,4.5,3.361510685884692,
delta_annoyance__delta__delta_annoyance_target_mean__seed2026,delta_annoyance,DeLTA,test,DeLTA_Rs109_1,DeLTA_Rs109_1,mean_annoyance,3.25,3.361510685884692,
delta_annoyance__delta__delta_annoyance_target_mean__seed2026,delta_annoyance,DeLTA,test,DeLTA_TM436_2,DeLTA_TM436_2,mean_annoyance,1.75,3.361510685884692,
delta_annoyance__delta__delta_annoyance_target_mean__seed2026,delta_annoyance,DeLTA,test,DeLTA_RS429_2,DeLTA_RS429_2,mean_annoyance,1.25,3.361510685884692,
delta_annoyance__delta__delta_annoyance_target_mean__seed2026,delta_annoyance,DeLTA,test,DeLTA_PL318_1,DeLTA_PL318_1,mean_annoyance,3.25,3.361510685884692,
delta_annoyance__delta__delta_annoyance_target_mean__seed2026,delta_annoyance,DeLTA,test,DeLTA_MG106_2,DeLTA_MG106_2,mean_annoyance,2.5,3.361510685884692,
delta_annoyance__delta__delta_annoyance_target_mean__seed2026,delta_annoyance,DeLTA,test,DeLTA_Pl223_1,DeLTA_Pl223_1,mean_annoyance,5.25,3.361510685884692,
delta_annoyance__delta__delta_annoyance_target_mean__seed2026,delta_annoyance,DeLTA,test,DeLTA_RS408_2,DeLTA_RS408_2,mean_annoyance,3.75,3.361510685884692,
delta_annoyance__delta__delta_annoyance_target_mean__seed2026,delta_annoyance,DeLTA,test,DeLTA_sc105_2,DeLTA_sc105_2,mean_annoyance,3.75,3.361510685884692,
delta_annoyance__delta__delta_annoyance_target_mean__seed2026,delta_annoyance,DeLTA,test,DeLTA_sr112_1,DeLTA_sr112_1,mean_annoyance,4.5,3.361510685884692,
delta_annoyance__delta__delta_annoyance_target_mean__seed2026,delta_annoyance,DeLTA,test,DeLTA_ET422_2,DeLTA_ET422_2,mean_annoyance,6.0,3.361510685884692,
delta_annoyance__delta__delta_annoyance_target_mean__seed2026,delta_annoyance,DeLTA,test,DeLTA_ET429_2,DeLTA_ET429_2,mean_annoyance,2.5,3.361510685884692,
delta_annoyance__delta__delta_annoyance_target_mean__seed2026,delta_annoyance,DeLTA,test,DeLTA_ts304_1,DeLTA_ts304_1,mean_annoyance,2.25,3.361510685884692,
delta_annoyance__delta__delta_annoyance_target_mean__seed2026,delta_annoyance,DeLTA,test,DeLTA_CT514_2,DeLTA_CT514_2,mean_annoyance,3.0,3.361510685884692,
delta_annoyance__delta__delta_annoyance_target_mean__seed2026,delta_annoyance,DeLTA,test,DeLTA_cv37_2,DeLTA_cv37_2,mean_annoyance,2.33333,3.361510685884692,
delta_annoyance__delta__delta_annoyance_target_mean__seed2026,delta_annoyance,DeLTA,test,DeLTA_TM417_2,DeLTA_TM417_2,mean_annoyance,2.66667,3.361510685884692,
delta_annoyance__delta__delta_annoyance_target_mean__seed2026,delta_annoyance,DeLTA,test,DeLTA_Mc402_1,DeLTA_Mc402_1,mean_annoyance,3.25,3.361510685884692,
delta_annoyance__delta__delta_annoyance_target_mean__seed2026,delta_annoyance,DeLTA,test,DeLTA_MG216_1,DeLTA_MG216_1,mean_annoyance,6.25,3.361510685884692,
delta_annoyance__delta__delta_annoyance_target_mean__seed2026,delta_annoyance,DeLTA,test,DeLTA_Rp116_1,DeLTA_Rp116_1,mean_annoyance,5.33333,3.361510685884692,
delta_annoyance__delta__delta_annoyance_target_mean__seed2026,delta_annoyance,DeLTA,test,DeLTA_Pl210_2,DeLTA_Pl210_2,mean_annoyance,4.0,3.361510685884692,
delta_annoyance__delta__delta_annoyance_target_mean__seed2026,delta_annoyance,DeLTA,test,DeLTA_RF340_2,DeLTA_RF340_2,mean_annoyance,4.33333,3.361510685884692,
delta_annoyance__delta__delta_annoyance_target_mean__seed2026,delta_annoyance,DeLTA,test,DeLTA_tm204_1,DeLTA_tm204_1,mean_annoyance,3.5,3.361510685884692,
delta_annoyance__delta__delta_annoyance_target_mean__seed2026,delta_annoyance,DeLTA,test,DeLTA_sr145_1,DeLTA_sr145_1,mean_annoyance,3.25,3.361510685884692,
delta_annoyance__delta__delta_annoyance_target_mean__seed2026,delta_annoyance,DeLTA,test,DeLTA_NP114_1,DeLTA_NP114_1,mean_annoyance,3.5,3.361510685884692,
delta_annoyance__delta__delta_annoyance_target_mean__seed2026,delta_annoyance,DeLTA,test,DeLTA_Rf114_2,DeLTA_Rf114_2,mean_annoyance,3.0,3.361510685884692,
delta_annoyance__delta__delta_annoyance_target_mean__seed2026,delta_annoyance,DeLTA,test,DeLTA_ML212_4,DeLTA_ML212_4,mean_annoyance,4.25,3.361510685884692,
delta_annoyance__delta__delta_annoyance_target_mean__seed2026,delta_annoyance,DeLTA,test,DeLTA_Rf114_1,DeLTA_Rf114_1,mean_annoyance,2.5,3.361510685884692,
delta_annoyance__delta__delta_annoyance_target_mean__seed2026,delta_annoyance,DeLTA,test,DeLTA_Rs322_1,DeLTA_Rs322_1,mean_annoyance,4.0,3.361510685884692,
delta_annoyance__delta__delta_annoyance_target_mean__seed2026,delta_annoyance,DeLTA,test,DeLTA_SM508_2,DeLTA_SM508_2,mean_annoyance,1.0,3.361510685884692,
delta_annoyance__delta__delta_annoyance_target_mean__seed2026,delta_annoyance,DeLTA,test,DeLTA_ET201_1,DeLTA_ET201_1,mean_annoyance,2.25,3.361510685884692,
delta_annoyance__delta__delta_annoyance_target_mean__seed2026,delta_annoyance,DeLTA,test,DeLTA_PL411_1,DeLTA_PL411_1,mean_annoyance,6.0,3.361510685884692,
delta_annoyance__delta__delta_annoyance_target_mean__seed2026,delta_annoyance,DeLTA,test,DeLTA_Rs114_2,DeLTA_Rs114_2,mean_annoyance,3.25,3.361510685884692,
delta_annoyance__delta__delta_annoyance_target_mean__seed2026,delta_annoyance,DeLTA,test,DeLTA_tm120_2,DeLTA_tm120_2,mean_annoyance,4.66667,3.361510685884692,
delta_annoyance__delta__delta_annoyance_target_mean__seed2026,delta_annoyance,DeLTA,test,DeLTA_ML111_1,DeLTA_ML111_1,mean_annoyance,5.25,3.361510685884692,
delta_annoyance__delta__delta_annoyance_target_mean__seed2026,delta_annoyance,DeLTA,test,DeLTA_RF325_1,DeLTA_RF325_1,mean_annoyance,3.0,3.361510685884692,
delta_annoyance__delta__delta_annoyance_target_mean__seed2026,delta_annoyance,DeLTA,test,DeLTA_SR201_1,DeLTA_SR201_1,mean_annoyance,2.5,3.361510685884692,
delta_annoyance__delta__delta_annoyance_target_mean__seed2026,delta_annoyance,DeLTA,test,DeLTA_TS516_1,DeLTA_TS516_1,mean_annoyance,2.75,3.361510685884692,
delta_annoyance__delta__delta_annoyance_target_mean__seed2026,delta_annoyance,DeLTA,test,DeLTA_SR215_1,DeLTA_SR215_1,mean_annoyance,4.25,3.361510685884692,
delta_annoyance__delta__delta_annoyance_target_mean__seed2026,delta_annoyance,DeLTA,test,DeLTA_TS538_1,DeLTA_TS538_1,mean_annoyance,2.25,3.361510685884692,
delta_annoyance__delta__delta_annoyance_target_mean__seed2026,delta_annoyance,DeLTA,test,DeLTA_m26_2,DeLTA_m26_2,mean_annoyance,6.25,3.361510685884692,
delta_annoyance__delta__delta_annoyance_target_mean__seed2026,delta_annoyance,DeLTA,test,DeLTA_CT524_1,DeLTA_CT524_1,mean_annoyance,4.25,3.361510685884692,
delta_annoyance__delta__delta_annoyance_target_mean__seed2026,delta_annoyance,DeLTA,test,DeLTA_PL302_2,DeLTA_PL302_2,mean_annoyance,3.25,3.361510685884692,
delta_annoyance__delta__delta_annoyance_target_mean__seed2026,delta_annoyance,DeLTA,test,DeLTA_MG114_1,DeLTA_MG114_1,mean_annoyance,2.0,3.361510685884692,
delta_annoyance__delta__delta_annoyance_target_mean__seed2026,delta_annoyance,DeLTA,test,DeLTA_ts233_1,DeLTA_ts233_1,mean_annoyance,2.0,3.361510685884692,
delta_annoyance__delta__delta_annoyance_target_mean__seed2026,delta_annoyance,DeLTA,test,DeLTA_RF324_2,DeLTA_RF324_2,mean_annoyance,4.25,3.361510685884692,
delta_annoyance__delta__delta_annoyance_target_mean__seed2026,delta_annoyance,DeLTA,test,DeLTA_Rf132_2,DeLTA_Rf132_2,mean_annoyance,2.6,3.361510685884692,
delta_annoyance__delta__delta_annoyance_target_mean__seed2026,delta_annoyance,DeLTA,test,DeLTA_m29_1,DeLTA_m29_1,mean_annoyance,4.0,3.361510685884692,
delta_annoyance__delta__delta_annoyance_target_mean__seed2026,delta_annoyance,DeLTA,test,DeLTA_ET222_1,DeLTA_ET222_1,mean_annoyance,5.25,3.361510685884692,
delta_annoyance__delta__delta_annoyance_target_mean__seed2026,delta_annoyance,DeLTA,test,DeLTA_Rf226_2,DeLTA_Rf226_2,mean_annoyance,1.5,3.361510685884692,
delta_annoyance__delta__delta_annoyance_target_mean__seed2026,delta_annoyance,DeLTA,test,DeLTA_Rf209_1,DeLTA_Rf209_1,mean_annoyance,2.25,3.361510685884692,
delta_annoyance__delta__delta_annoyance_target_mean__seed2026,delta_annoyance,DeLTA,test,DeLTA_CT515_2,DeLTA_CT515_2,mean_annoyance,2.16667,3.361510685884692,
delta_annoyance__delta__delta_annoyance_target_mean__seed2026,delta_annoyance,DeLTA,test,DeLTA_PL326_1,DeLTA_PL326_1,mean_annoyance,1.0,3.361510685884692,
delta_annoyance__delta__delta_annoyance_target_mean__seed2026,delta_annoyance,DeLTA,test,DeLTA_ts213_2,DeLTA_ts213_2,mean_annoyance,1.33333,3.361510685884692,
delta_annoyance__delta__delta_annoyance_target_mean__seed2026,delta_annoyance,DeLTA,test,DeLTA_Rs108_1,DeLTA_Rs108_1,mean_annoyance,6.5,3.361510685884692,
delta_annoyance__delta__delta_annoyance_target_mean__seed2026,delta_annoyance,DeLTA,test,DeLTA_Mc308_2,DeLTA_Mc308_2,mean_annoyance,1.5,3.361510685884692,
delta_annoyance__delta__delta_annoyance_target_mean__seed2026,delta_annoyance,DeLTA,test,DeLTA_bib14_1,DeLTA_bib14_1,mean_annoyance,3.5,3.361510685884692,
delta_annoyance__delta__delta_annoyance_target_mean__seed2026,delta_annoyance,DeLTA,test,DeLTA_ts218_1,DeLTA_ts218_1,mean_annoyance,4.83333,3.361510685884692,
delta_annoyance__delta__delta_annoyance_target_mean__seed2026,delta_annoyance,DeLTA,test,DeLTA_RP309_1,DeLTA_RP309_1,mean_annoyance,4.5,3.361510685884692,
delta_annoyance__delta__delta_annoyance_target_mean__seed2026,delta_annoyance,DeLTA,test,DeLTA_ET437_1,DeLTA_ET437_1,mean_annoyance,4.5,3.361510685884692,
delta_annoyance__delta__delta_annoyance_target_mean__seed2026,delta_annoyance,DeLTA,test,DeLTA_Rs319_2,DeLTA_Rs319_2,mean_annoyance,7.0,3.361510685884692,
delta_annoyance__delta__delta_annoyance_target_mean__seed2026,delta_annoyance,DeLTA,test,DeLTA_RP307_1,DeLTA_RP307_1,mean_annoyance,4.8,3.361510685884692,
delta_annoyance__delta__delta_annoyance_target_mean__seed2026,delta_annoyance,DeLTA,test,DeLTA_Pl227_1,DeLTA_Pl227_1,mean_annoyance,3.4,3.361510685884692,
delta_annoyance__delta__delta_annoyance_target_mean__seed2026,delta_annoyance,DeLTA,test,DeLTA_MG326_2,DeLTA_MG326_2,mean_annoyance,2.5,3.361510685884692,
delta_annoyance__delta__delta_annoyance_target_mean__seed2026,delta_annoyance,DeLTA,test,DeLTA_TM416_2,DeLTA_TM416_2,mean_annoyance,2.5,3.361510685884692,
delta_annoyance__delta__delta_annoyance_target_mean__seed2026,delta_annoyance,DeLTA,test,DeLTA_ts234_2,DeLTA_ts234_2,mean_annoyance,3.5,3.361510685884692,
delta_annoyance__delta__delta_annoyance_target_mean__seed2026,delta_annoyance,DeLTA,test,DeLTA_sc112_1,DeLTA_sc112_1,mean_annoyance,2.5,3.361510685884692,
delta_annoyance__delta__delta_annoyance_target_mean__seed2026,delta_annoyance,DeLTA,test,DeLTA_ET119_2,DeLTA_ET119_2,mean_annoyance,1.75,3.361510685884692,
delta_annoyance__delta__delta_annoyance_target_mean__seed2026,delta_annoyance,DeLTA,test,DeLTA_Rp138_3,DeLTA_Rp138_3,mean_annoyance,4.75,3.361510685884692,
delta_annoyance__delta__delta_annoyance_target_mean__seed2026,delta_annoyance,DeLTA,test,DeLTA_RS429_1,DeLTA_RS429_1,mean_annoyance,1.75,3.361510685884692,
delta_annoyance__delta__delta_annoyance_target_mean__seed2026,delta_annoyance,DeLTA,test,DeLTA_Mc320_1,DeLTA_Mc320_1,mean_annoyance,1.75,3.361510685884692,
delta_annoyance__delta__delta_annoyance_target_mean__seed2026,delta_annoyance,DeLTA,test,DeLTA_TS532_2,DeLTA_TS532_2,mean_annoyance,1.75,3.361510685884692,
delta_annoyance__delta__delta_annoyance_target_mean__seed2026,delta_annoyance,DeLTA,test,DeLTA_Rs127_2,DeLTA_Rs127_2,mean_annoyance,3.8,3.361510685884692,
delta_annoyance__delta__delta_annoyance_target_mean__seed2026,delta_annoyance,DeLTA,test,DeLTA_ET207_2,DeLTA_ET207_2,mean_annoyance,5.0,3.361510685884692,
delta_annoyance__delta__delta_annoyance_target_mean__seed2026,delta_annoyance,DeLTA,test,DeLTA_RF325_2,DeLTA_RF325_2,mean_annoyance,4.0,3.361510685884692,
delta_annoyance__delta__delta_annoyance_target_mean__seed2026,delta_annoyance,DeLTA,test,DeLTA_Ts411_2,DeLTA_Ts411_2,mean_annoyance,6.0,3.361510685884692,
delta_annoyance__delta__delta_annoyance_target_mean__seed2026,delta_annoyance,DeLTA,test,DeLTA_Rf203_1,DeLTA_Rf203_1,mean_annoyance,1.8,3.361510685884692,
delta_annoyance__delta__delta_annoyance_target_mean__seed2026,delta_annoyance,DeLTA,test,DeLTA_Rs303_1,DeLTA_Rs303_1,mean_annoyance,4.4,3.361510685884692,
delta_annoyance__delta__delta_annoyance_target_mean__seed2026,delta_annoyance,DeLTA,test,DeLTA_ET406_1,DeLTA_ET406_1,mean_annoyance,4.0,3.361510685884692,
delta_annoyance__delta__delta_annoyance_target_mean__seed2026,delta_annoyance,DeLTA,test,DeLTA_NP163_2,DeLTA_NP163_2,mean_annoyance,5.0,3.361510685884692,
delta_annoyance__delta__delta_annoyance_target_mean__seed2026,delta_annoyance,DeLTA,test,DeLTA_CT543_2,DeLTA_CT543_2,mean_annoyance,5.66667,3.361510685884692,
delta_annoyance__delta__delta_annoyance_target_mean__seed2026,delta_annoyance,DeLTA,test,DeLTA_sr101_2,DeLTA_sr101_2,mean_annoyance,3.25,3.361510685884692,
delta_annoyance__delta__delta_annoyance_target_mean__seed2026,delta_annoyance,DeLTA,test,DeLTA_TM412_1,DeLTA_TM412_1,mean_annoyance,5.25,3.361510685884692,
delta_annoyance__delta__delta_annoyance_target_mean__seed2026,delta_annoyance,DeLTA,test,DeLTA_Ts417_1,DeLTA_Ts417_1,mean_annoyance,4.75,3.361510685884692,
delta_annoyance__delta__delta_annoyance_target_mean__seed2026,delta_annoyance,DeLTA,test,DeLTA_Ts422_2,DeLTA_Ts422_2,mean_annoyance,3.0,3.361510685884692,
delta_annoyance__delta__delta_annoyance_target_mean__seed2026,delta_annoyance,DeLTA,test,DeLTA_m27_2,DeLTA_m27_2,mean_annoyance,2.75,3.361510685884692,
delta_annoyance__delta__delta_annoyance_target_mean__seed2026,delta_annoyance,DeLTA,test,DeLTA_RS426_2,DeLTA_RS426_2,mean_annoyance,2.0,3.361510685884692,
delta_annoyance__delta__delta_annoyance_target_mean__seed2026,delta_annoyance,DeLTA,test,DeLTA_RS415_2,DeLTA_RS415_2,mean_annoyance,2.75,3.361510685884692,
delta_annoyance__delta__delta_annoyance_target_mean__seed2026,delta_annoyance,DeLTA,test,DeLTA_NP140_2,DeLTA_NP140_2,mean_annoyance,3.75,3.361510685884692,
delta_annoyance__delta__delta_annoyance_target_mean__seed2026,delta_annoyance,DeLTA,test,DeLTA_NP158_1,DeLTA_NP158_1,mean_annoyance,2.25,3.361510685884692,
delta_annoyance__delta__delta_annoyance_target_mean__seed2026,delta_annoyance,DeLTA,test,DeLTA_Rs320_1,DeLTA_Rs320_1,mean_annoyance,5.25,3.361510685884692,
delta_annoyance__delta__delta_annoyance_target_mean__seed2026,delta_annoyance,DeLTA,test,DeLTA_ts310_1,DeLTA_ts310_1,mean_annoyance,2.5,3.361510685884692,
delta_annoyance__delta__delta_annoyance_target_mean__seed2026,delta_annoyance,DeLTA,test,DeLTA_tm117_2,DeLTA_tm117_2,mean_annoyance,5.0,3.361510685884692,
delta_annoyance__delta__delta_annoyance_target_mean__seed2026,delta_annoyance,DeLTA,test,DeLTA_Rp129_1,DeLTA_Rp129_1,mean_annoyance,5.25,3.361510685884692,
delta_annoyance__delta__delta_annoyance_target_mean__seed2026,delta_annoyance,DeLTA,test,DeLTA_ET428_1,DeLTA_ET428_1,mean_annoyance,3.75,3.361510685884692,
delta_annoyance__delta__delta_annoyance_target_mean__seed2026,delta_annoyance,DeLTA,test,DeLTA_MC528_2,DeLTA_MC528_2,mean_annoyance,2.25,3.361510685884692,
delta_annoyance__delta__delta_annoyance_target_mean__seed2026,delta_annoyance,DeLTA,test,DeLTA_RS430_1,DeLTA_RS430_1,mean_annoyance,3.25,3.361510685884692,
delta_annoyance__delta__delta_annoyance_target_mean__seed2026,delta_annoyance,DeLTA,test,DeLTA_Rs111_1,DeLTA_Rs111_1,mean_annoyance,4.75,3.361510685884692,
delta_annoyance__delta__delta_annoyance_target_mean__seed2026,delta_annoyance,DeLTA,test,DeLTA_ET108_1,DeLTA_ET108_1,mean_annoyance,4.25,3.361510685884692,
delta_annoyance__delta__delta_annoyance_target_mean__seed2026,delta_annoyance,DeLTA,test,DeLTA_ET408_1,DeLTA_ET408_1,mean_annoyance,5.0,3.361510685884692,
delta_annoyance__delta__delta_annoyance_target_mean__seed2026,delta_annoyance,DeLTA,test,DeLTA_tm115_1,DeLTA_tm115_1,mean_annoyance,2.5,3.361510685884692,
delta_annoyance__delta__delta_annoyance_target_mean__seed2026,delta_annoyance,DeLTA,test,DeLTA_Rs209_1,DeLTA_Rs209_1,mean_annoyance,4.75,3.361510685884692,
delta_annoyance__delta__delta_annoyance_target_mean__seed2026,delta_annoyance,DeLTA,test,DeLTA_m14_1,DeLTA_m14_1,mean_annoyance,2.75,3.361510685884692,
delta_annoyance__delta__delta_annoyance_target_mean__seed2026,delta_annoyance,DeLTA,test,DeLTA_sr121_1,DeLTA_sr121_1,mean_annoyance,2.5,3.361510685884692,
delta_annoyance__delta__delta_annoyance_target_mean__seed2026,delta_annoyance,DeLTA,test,DeLTA_tm318_2,DeLTA_tm318_2,mean_annoyance,2.75,3.361510685884692,
delta_annoyance__delta__delta_annoyance_target_mean__seed2026,delta_annoyance,DeLTA,test,DeLTA_Rf214_1,DeLTA_Rf214_1,mean_annoyance,2.25,3.361510685884692,
delta_annoyance__delta__delta_annoyance_target_mean__seed2026,delta_annoyance,DeLTA,test,DeLTA_CT507_1,DeLTA_CT507_1,mean_annoyance,3.5,3.361510685884692,
delta_annoyance__delta__delta_annoyance_target_mean__seed2026,delta_annoyance,DeLTA,test,DeLTA_Rs232_2,DeLTA_Rs232_2,mean_annoyance,3.0,3.361510685884692,
delta_annoyance__delta__delta_annoyance_target_mean__seed2026,delta_annoyance,DeLTA,test,DeLTA_CT534_1,DeLTA_CT534_1,mean_annoyance,2.0,3.361510685884692,
delta_annoyance__delta__delta_annoyance_target_mean__seed2026,delta_annoyance,DeLTA,test,DeLTA_Rp131_2,DeLTA_Rp131_2,mean_annoyance,6.25,3.361510685884692,
delta_annoyance__delta__delta_annoyance_target_mean__seed2026,delta_annoyance,DeLTA,test,DeLTA_PL333_2,DeLTA_PL333_2,mean_annoyance,1.8,3.361510685884692,
delta_annoyance__delta__delta_annoyance_target_mean__seed2026,delta_annoyance,DeLTA,test,DeLTA_SM311_2,DeLTA_SM311_2,mean_annoyance,4.75,3.361510685884692,
delta_annoyance__delta__delta_annoyance_target_mean__seed2026,delta_annoyance,DeLTA,test,DeLTA_RF334_1,DeLTA_RF334_1,mean_annoyance,2.75,3.361510685884692,
delta_annoyance__delta__delta_annoyance_target_mean__seed2026,delta_annoyance,DeLTA,test,DeLTA_Rp204_1,DeLTA_Rp204_1,mean_annoyance,3.0,3.361510685884692,
delta_annoyance__delta__delta_annoyance_target_mean__seed2026,delta_annoyance,DeLTA,test,DeLTA_2cv41_2,DeLTA_2cv41_2,mean_annoyance,1.25,3.361510685884692,
delta_annoyance__delta__delta_annoyance_target_mean__seed2026,delta_annoyance,DeLTA,test,DeLTA_cp2_1,DeLTA_cp2_1,mean_annoyance,1.75,3.361510685884692,
delta_annoyance__delta__delta_annoyance_target_mean__seed2026,delta_annoyance,DeLTA,test,DeLTA_Ts418_1,DeLTA_Ts418_1,mean_annoyance,2.25,3.361510685884692,
delta_annoyance__delta__delta_annoyance_target_mean__seed2026,delta_annoyance,DeLTA,test,DeLTA_PL422_2,DeLTA_PL422_2,mean_annoyance,2.0,3.361510685884692,
delta_annoyance__delta__delta_annoyance_target_mean__seed2026,delta_annoyance,DeLTA,test,DeLTA_Ts408_1,DeLTA_Ts408_1,mean_annoyance,1.75,3.361510685884692,
delta_annoyance__delta__delta_annoyance_target_mean__seed2026,delta_annoyance,DeLTA,test,DeLTA_TS511_1,DeLTA_TS511_1,mean_annoyance,1.2,3.361510685884692,
delta_annoyance__delta__delta_annoyance_target_mean__seed2026,delta_annoyance,DeLTA,test,DeLTA_ts205_1,DeLTA_ts205_1,mean_annoyance,1.5,3.361510685884692,
delta_annoyance__delta__delta_annoyance_target_mean__seed2026,delta_annoyance,DeLTA,test,DeLTA_RF326_1,DeLTA_RF326_1,mean_annoyance,2.25,3.361510685884692,
delta_annoyance__delta__delta_annoyance_target_mean__seed2026,delta_annoyance,DeLTA,test,DeLTA_ML131_7,DeLTA_ML131_7,mean_annoyance,5.5,3.361510685884692,
delta_annoyance__delta__delta_annoyance_target_mean__seed2026,delta_annoyance,DeLTA,test,DeLTA_ML111_6,DeLTA_ML111_6,mean_annoyance,3.0,3.361510685884692,
delta_annoyance__delta__delta_annoyance_target_mean__seed2026,delta_annoyance,DeLTA,test,DeLTA_SM307_1,DeLTA_SM307_1,mean_annoyance,4.5,3.361510685884692,
delta_annoyance__delta__delta_annoyance_target_mean__seed2026,delta_annoyance,DeLTA,test,DeLTA_RF330_2,DeLTA_RF330_2,mean_annoyance,3.0,3.361510685884692,
delta_annoyance__delta__delta_annoyance_target_mean__seed2026,delta_annoyance,DeLTA,test,DeLTA_SM409_2,DeLTA_SM409_2,mean_annoyance,2.0,3.361510685884692,
delta_annoyance__delta__delta_annoyance_target_mean__seed2026,delta_annoyance,DeLTA,test,DeLTA_TM441_1,DeLTA_TM441_1,mean_annoyance,3.75,3.361510685884692,
delta_annoyance__delta__delta_annoyance_target_mean__seed2026,delta_annoyance,DeLTA,test,DeLTA_Mc112_2,DeLTA_Mc112_2,mean_annoyance,4.0,3.361510685884692,
delta_annoyance__delta__delta_annoyance_target_mean__seed2026,delta_annoyance,DeLTA,test,DeLTA_CT501_2,DeLTA_CT501_2,mean_annoyance,3.0,3.361510685884692,
delta_annoyance__delta__delta_annoyance_target_mean__seed2026,delta_annoyance,DeLTA,test,DeLTA_m212_1,DeLTA_m212_1,mean_annoyance,5.66667,3.361510685884692,
delta_annoyance__delta__delta_annoyance_target_mean__seed2026,delta_annoyance,DeLTA,test,DeLTA_CT527_2,DeLTA_CT527_2,mean_annoyance,6.33333,3.361510685884692,
delta_annoyance__delta__delta_annoyance_target_mean__seed2026,delta_annoyance,DeLTA,test,DeLTA_st106_1,DeLTA_st106_1,mean_annoyance,3.5,3.361510685884692,
delta_annoyance__delta__delta_annoyance_target_mean__seed2026,delta_annoyance,DeLTA,test,DeLTA_RS432_2,DeLTA_RS432_2,mean_annoyance,3.0,3.361510685884692,
delta_annoyance__delta__delta_annoyance_target_mean__seed2026,delta_annoyance,DeLTA,test,DeLTA_Mc409_1,DeLTA_Mc409_1,mean_annoyance,2.0,3.361510685884692,
delta_annoyance__delta__delta_annoyance_target_mean__seed2026,delta_annoyance,DeLTA,test,DeLTA_ML205_2,DeLTA_ML205_2,mean_annoyance,4.5,3.361510685884692,
delta_annoyance__delta__delta_annoyance_target_mean__seed2026,delta_annoyance,DeLTA,test,DeLTA_sc113_1,DeLTA_sc113_1,mean_annoyance,4.33333,3.361510685884692,
delta_annoyance__delta__delta_annoyance_target_mean__seed2026,delta_annoyance,DeLTA,test,DeLTA_MG312_1,DeLTA_MG312_1,mean_annoyance,2.0,3.361510685884692,
delta_annoyance__delta__delta_annoyance_target_mean__seed2026,delta_annoyance,DeLTA,test,DeLTA_tm301_2,DeLTA_tm301_2,mean_annoyance,2.33333,3.361510685884692,
delta_annoyance__delta__delta_annoyance_target_mean__seed2026,delta_annoyance,DeLTA,test,DeLTA_SC214_1,DeLTA_SC214_1,mean_annoyance,3.66667,3.361510685884692,
delta_annoyance__delta__delta_annoyance_target_mean__seed2026,delta_annoyance,DeLTA,test,DeLTA_RP320_1,DeLTA_RP320_1,mean_annoyance,2.0,3.361510685884692,
delta_annoyance__delta__delta_annoyance_target_mean__seed2026,delta_annoyance,DeLTA,test,DeLTA_m12_2,DeLTA_m12_2,mean_annoyance,3.5,3.361510685884692,
delta_annoyance__delta__delta_annoyance_target_mean__seed2026,delta_annoyance,DeLTA,test,DeLTA_CT415_2,DeLTA_CT415_2,mean_annoyance,6.0,3.361510685884692,
delta_annoyance__delta__delta_annoyance_target_mean__seed2026,delta_annoyance,DeLTA,test,DeLTA_SR202_2,DeLTA_SR202_2,mean_annoyance,2.25,3.361510685884692,
delta_annoyance__delta__delta_annoyance_target_mean__seed2026,delta_annoyance,DeLTA,test,DeLTA_PL101_1,DeLTA_PL101_1,mean_annoyance,3.5,3.361510685884692,
delta_annoyance__delta__delta_annoyance_target_mean__seed2026,delta_annoyance,DeLTA,test,DeLTA_PL322_1,DeLTA_PL322_1,mean_annoyance,3.0,3.361510685884692,
delta_annoyance__delta__delta_annoyance_target_mean__seed2026,delta_annoyance,DeLTA,test,DeLTA_PL423_2,DeLTA_PL423_2,mean_annoyance,3.25,3.361510685884692,
delta_annoyance__delta__delta_annoyance_target_mean__seed2026,delta_annoyance,DeLTA,test,DeLTA_CT536_2,DeLTA_CT536_2,mean_annoyance,3.25,3.361510685884692,
delta_annoyance__delta__delta_annoyance_target_mean__seed2026,delta_annoyance,DeLTA,test,DeLTA_sc103_1,DeLTA_sc103_1,mean_annoyance,4.25,3.361510685884692,
delta_annoyance__delta__delta_annoyance_target_mean__seed2026,delta_annoyance,DeLTA,test,DeLTA_ML103_2,DeLTA_ML103_2,mean_annoyance,5.25,3.361510685884692,
delta_annoyance__delta__delta_annoyance_target_mean__seed2026,delta_annoyance,DeLTA,test,DeLTA_tm205_2,DeLTA_tm205_2,mean_annoyance,4.0,3.361510685884692,
delta_annoyance__delta__delta_annoyance_target_mean__seed2026,delta_annoyance,DeLTA,test,DeLTA_ML131_2,DeLTA_ML131_2,mean_annoyance,4.5,3.361510685884692,
delta_annoyance__delta__delta_annoyance_target_mean__seed2026,delta_annoyance,DeLTA,test,DeLTA_tm112_2,DeLTA_tm112_2,mean_annoyance,5.33333,3.361510685884692,
delta_annoyance__delta__delta_annoyance_target_mean__seed2026,delta_annoyance,DeLTA,test,DeLTA_CT117_1,DeLTA_CT117_1,mean_annoyance,6.33333,3.361510685884692,
delta_annoyance__delta__delta_annoyance_target_mean__seed2026,delta_annoyance,DeLTA,test,DeLTA_ts202_2,DeLTA_ts202_2,mean_annoyance,1.33333,3.361510685884692,
delta_annoyance__delta__delta_annoyance_target_mean__seed2026,delta_annoyance,DeLTA,test,DeLTA_CT313_2,DeLTA_CT313_2,mean_annoyance,3.0,3.361510685884692,
delta_annoyance__delta__delta_annoyance_target_mean__seed2026,delta_annoyance,DeLTA,test,DeLTA_Mc108_2,DeLTA_Mc108_2,mean_annoyance,2.5,3.361510685884692,
delta_annoyance__delta__delta_annoyance_target_mean__seed2026,delta_annoyance,DeLTA,test,DeLTA_MG310_1,DeLTA_MG310_1,mean_annoyance,1.25,3.361510685884692,
delta_annoyance__delta__delta_annoyance_target_mean__seed2026,delta_annoyance,DeLTA,test,DeLTA_tm334_2,DeLTA_tm334_2,mean_annoyance,2.25,3.361510685884692,
delta_annoyance__delta__delta_annoyance_target_mean__seed2026,delta_annoyance,DeLTA,test,DeLTA_MG206_2,DeLTA_MG206_2,mean_annoyance,7.0,3.361510685884692,
delta_annoyance__delta__delta_annoyance_target_mean__seed2026,delta_annoyance,DeLTA,test,DeLTA_tm325_2,DeLTA_tm325_2,mean_annoyance,4.5,3.361510685884692,
delta_annoyance__delta__delta_annoyance_target_mean__seed2026,delta_annoyance,DeLTA,test,DeLTA_CT110_2,DeLTA_CT110_2,mean_annoyance,6.0,3.361510685884692,
delta_annoyance__delta__delta_annoyance_target_mean__seed2026,delta_annoyance,DeLTA,test,DeLTA_tm335_1,DeLTA_tm335_1,mean_annoyance,2.0,3.361510685884692,
delta_annoyance__delta__delta_annoyance_target_mean__seed2026,delta_annoyance,DeLTA,test,DeLTA_Rs118_1,DeLTA_Rs118_1,mean_annoyance,2.0,3.361510685884692,
delta_annoyance__delta__delta_annoyance_target_mean__seed2026,delta_annoyance,DeLTA,test,DeLTA_TM439_2,DeLTA_TM439_2,mean_annoyance,2.5,3.361510685884692,
delta_annoyance__delta__delta_annoyance_target_mean__seed2026,delta_annoyance,DeLTA,test,DeLTA_Rp117_1,DeLTA_Rp117_1,mean_annoyance,1.25,3.361510685884692,
delta_annoyance__delta__delta_annoyance_target_mean__seed2026,delta_annoyance,DeLTA,test,DeLTA_TM402_2,DeLTA_TM402_2,mean_annoyance,4.25,3.361510685884692,
delta_annoyance__delta__delta_annoyance_target_mean__seed2026,delta_annoyance,DeLTA,test,DeLTA_MC530_1,DeLTA_MC530_1,mean_annoyance,1.75,3.361510685884692,
delta_annoyance__delta__delta_annoyance_target_mean__seed2026,delta_annoyance,DeLTA,test,DeLTA_SR244_2,DeLTA_SR244_2,mean_annoyance,3.75,3.361510685884692,
delta_annoyance__delta__delta_annoyance_target_mean__seed2026,delta_annoyance,DeLTA,test,DeLTA_Rf110_2,DeLTA_Rf110_2,mean_annoyance,1.66667,3.361510685884692,
delta_annoyance__delta__delta_annoyance_target_mean__seed2026,delta_annoyance,DeLTA,test,DeLTA_cv14_2,DeLTA_cv14_2,mean_annoyance,4.0,3.361510685884692,
delta_annoyance__delta__delta_annoyance_target_mean__seed2026,delta_annoyance,DeLTA,test,DeLTA_PL421_1,DeLTA_PL421_1,mean_annoyance,4.5,3.361510685884692,
delta_annoyance__delta__delta_annoyance_target_mean__seed2026,delta_annoyance,DeLTA,test,DeLTA_Rs203_2,DeLTA_Rs203_2,mean_annoyance,2.33333,3.361510685884692,
delta_annoyance__delta__delta_annoyance_target_mean__seed2026,delta_annoyance,DeLTA,test,DeLTA_ML206_4,DeLTA_ML206_4,mean_annoyance,2.66667,3.361510685884692,
delta_annoyance__delta__delta_annoyance_target_mean__seed2026,delta_annoyance,DeLTA,test,DeLTA_ET417_1,DeLTA_ET417_1,mean_annoyance,4.0,3.361510685884692,
delta_annoyance__delta__delta_annoyance_target_mean__seed2026,delta_annoyance,DeLTA,test,DeLTA_SM508_1,DeLTA_SM508_1,mean_annoyance,1.75,3.361510685884692,
delta_annoyance__delta__delta_annoyance_target_mean__seed2026,delta_annoyance,DeLTA,test,DeLTA_RP332_2,DeLTA_RP332_2,mean_annoyance,2.25,3.361510685884692,
delta_annoyance__delta__delta_annoyance_target_mean__seed2026,delta_annoyance,DeLTA,test,DeLTA_sc117_1,DeLTA_sc117_1,mean_annoyance,2.0,3.361510685884692,
delta_annoyance__delta__delta_annoyance_target_mean__seed2026,delta_annoyance,DeLTA,test,DeLTA_MG316_1,DeLTA_MG316_1,mean_annoyance,3.75,3.361510685884692,
delta_annoyance__delta__delta_annoyance_target_mean__seed2026,delta_annoyance,DeLTA,test,DeLTA_RF328_2,DeLTA_RF328_2,mean_annoyance,2.5,3.361510685884692,
delta_annoyance__delta__delta_annoyance_target_mean__seed2026,delta_annoyance,DeLTA,test,DeLTA_MG203_2,DeLTA_MG203_2,mean_annoyance,6.25,3.361510685884692,
delta_annoyance__delta__delta_annoyance_target_mean__seed2026,delta_annoyance,DeLTA,test,DeLTA_MC510_2,DeLTA_MC510_2,mean_annoyance,1.75,3.361510685884692,
delta_annoyance__delta__delta_annoyance_target_mean__seed2026,delta_annoyance,DeLTA,test,DeLTA_Rs101_2,DeLTA_Rs101_2,mean_annoyance,3.75,3.361510685884692,
delta_annoyance__delta__delta_annoyance_target_mean__seed2026,delta_annoyance,DeLTA,test,DeLTA_Rp134_2,DeLTA_Rp134_2,mean_annoyance,2.25,3.361510685884692,
delta_annoyance__delta__delta_annoyance_target_mean__seed2026,delta_annoyance,DeLTA,test,DeLTA_MC531_2,DeLTA_MC531_2,mean_annoyance,2.0,3.361510685884692,
delta_annoyance__delta__delta_annoyance_target_mean__seed2026,delta_annoyance,DeLTA,test,DeLTA_Rs227_2,DeLTA_Rs227_2,mean_annoyance,4.5,3.361510685884692,
delta_annoyance__delta__delta_annoyance_target_mean__seed2026,delta_annoyance,DeLTA,test,DeLTA_ts207_2,DeLTA_ts207_2,mean_annoyance,1.75,3.361510685884692,
delta_annoyance__delta__delta_annoyance_target_mean__seed2026,delta_annoyance,DeLTA,test,DeLTA_ET202_2,DeLTA_ET202_2,mean_annoyance,3.25,3.361510685884692,
delta_annoyance__delta__delta_annoyance_target_mean__seed2026,delta_annoyance,DeLTA,test,DeLTA_tm104_1,DeLTA_tm104_1,mean_annoyance,5.25,3.361510685884692,
delta_annoyance__delta__delta_annoyance_target_mean__seed2026,delta_annoyance,DeLTA,test,DeLTA_ET407_2,DeLTA_ET407_2,mean_annoyance,5.25,3.361510685884692,
delta_annoyance__delta__delta_annoyance_target_mean__seed2026,delta_annoyance,DeLTA,test,DeLTA_ts214_2,DeLTA_ts214_2,mean_annoyance,1.25,3.361510685884692,
delta_annoyance__delta__delta_annoyance_target_mean__seed2026,delta_annoyance,DeLTA,test,DeLTA_MG104_1,DeLTA_MG104_1,mean_annoyance,2.0,3.361510685884692,
delta_annoyance__delta__delta_annoyance_target_mean__seed2026,delta_annoyance,DeLTA,test,DeLTA_CT318_2,DeLTA_CT318_2,mean_annoyance,3.66667,3.361510685884692,
delta_annoyance__delta__delta_annoyance_target_mean__seed2026,delta_annoyance,DeLTA,test,DeLTA_2cv15_2,DeLTA_2cv15_2,mean_annoyance,2.2,3.361510685884692,
delta_annoyance__delta__delta_annoyance_target_mean__seed2026,delta_annoyance,DeLTA,test,DeLTA_Rs121_1,DeLTA_Rs121_1,mean_annoyance,2.8,3.361510685884692,
delta_annoyance__delta__delta_annoyance_target_mean__seed2026,delta_annoyance,DeLTA,test,DeLTA_TS527_1,DeLTA_TS527_1,mean_annoyance,3.5,3.361510685884692,
delta_annoyance__delta__delta_annoyance_target_mean__seed2026,delta_annoyance,DeLTA,test,DeLTA_Rp221_1,DeLTA_Rp221_1,mean_annoyance,2.75,3.361510685884692,
delta_annoyance__delta__delta_annoyance_target_mean__seed2026,delta_annoyance,DeLTA,test,DeLTA_Rs326_2,DeLTA_Rs326_2,mean_annoyance,4.25,3.361510685884692,
delta_annoyance__delta__delta_annoyance_target_mean__seed2026,delta_annoyance,DeLTA,test,DeLTA_cp6_2,DeLTA_cp6_2,mean_annoyance,2.0,3.361510685884692,
delta_annoyance__delta__delta_annoyance_target_mean__seed2026,delta_annoyance,DeLTA,test,DeLTA_PL304_2,DeLTA_PL304_2,mean_annoyance,2.0,3.361510685884692,
delta_annoyance__delta__delta_annoyance_target_mean__seed2026,delta_annoyance,DeLTA,test,DeLTA_ML112_2,DeLTA_ML112_2,mean_annoyance,4.0,3.361510685884692,
delta_annoyance__delta__delta_annoyance_target_mean__seed2026,delta_annoyance,DeLTA,test,DeLTA_cp11_2,DeLTA_cp11_2,mean_annoyance,3.0,3.361510685884692,
delta_annoyance__delta__delta_annoyance_target_mean__seed2026,delta_annoyance,DeLTA,test,DeLTA_TS510_1,DeLTA_TS510_1,mean_annoyance,2.0,3.361510685884692,
delta_annoyance__delta__delta_annoyance_target_mean__seed2026,delta_annoyance,DeLTA,test,DeLTA_RS423_2,DeLTA_RS423_2,mean_annoyance,4.25,3.361510685884692,
delta_annoyance__delta__delta_annoyance_target_mean__seed2026,delta_annoyance,DeLTA,test,DeLTA_RF337_1,DeLTA_RF337_1,mean_annoyance,2.75,3.361510685884692,
delta_annoyance__delta__delta_annoyance_target_mean__seed2026,delta_annoyance,DeLTA,test,DeLTA_tm202_2,DeLTA_tm202_2,mean_annoyance,4.5,3.361510685884692,
delta_annoyance__delta__delta_annoyance_target_mean__seed2026,delta_annoyance,DeLTA,test,DeLTA_Pl106_1,DeLTA_Pl106_1,mean_annoyance,3.5,3.361510685884692,
delta_annoyance__delta__delta_annoyance_target_mean__seed2026,delta_annoyance,DeLTA,test,DeLTA_MC540_1,DeLTA_MC540_1,mean_annoyance,2.5,3.361510685884692,
delta_annoyance__delta__delta_annoyance_target_mean__seed2026,delta_annoyance,DeLTA,test,DeLTA_TS512_2,DeLTA_TS512_2,mean_annoyance,3.33333,3.361510685884692,
delta_annoyance__delta__delta_annoyance_target_mean__seed2026,delta_annoyance,DeLTA,test,DeLTA_RF344_2,DeLTA_RF344_2,mean_annoyance,2.75,3.361510685884692,
delta_annoyance__delta__delta_annoyance_target_mean__seed2026,delta_annoyance,DeLTA,test,DeLTA_Mc307_2,DeLTA_Mc307_2,mean_annoyance,2.0,3.361510685884692,
delta_annoyance__delta__delta_annoyance_target_mean__seed2026,delta_annoyance,DeLTA,test,DeLTA_MC520_2,DeLTA_MC520_2,mean_annoyance,2.25,3.361510685884692,
delta_annoyance__delta__delta_annoyance_target_mean__seed2026,delta_annoyance,DeLTA,test,DeLTA_SR204_1,DeLTA_SR204_1,mean_annoyance,3.14286,3.361510685884692,
delta_annoyance__delta__delta_annoyance_target_mean__seed2026,delta_annoyance,DeLTA,test,DeLTA_Rs329_2,DeLTA_Rs329_2,mean_annoyance,5.28571,3.361510685884692,
delta_annoyance__delta__delta_annoyance_target_mean__seed2026,delta_annoyance,DeLTA,test,DeLTA_Rp132_1,DeLTA_Rp132_1,mean_annoyance,3.0,3.361510685884692,
delta_annoyance__delta__delta_annoyance_target_mean__seed2026,delta_annoyance,DeLTA,test,DeLTA_PL401_1,DeLTA_PL401_1,mean_annoyance,2.25,3.361510685884692,
delta_annoyance__delta__delta_annoyance_target_mean__seed2026,delta_annoyance,DeLTA,test,DeLTA_Rs306_1,DeLTA_Rs306_1,mean_annoyance,6.0,3.361510685884692,
delta_annoyance__delta__delta_annoyance_target_mean__seed2026,delta_annoyance,DeLTA,test,DeLTA_ML130_1,DeLTA_ML130_1,mean_annoyance,3.25,3.361510685884692,
delta_annoyance__delta__delta_annoyance_target_mean__seed2026,delta_annoyance,DeLTA,test,DeLTA_RS406_2,DeLTA_RS406_2,mean_annoyance,3.0,3.361510685884692,
delta_annoyance__delta__delta_annoyance_target_mean__seed2026,delta_annoyance,DeLTA,test,DeLTA_sr140_2,DeLTA_sr140_2,mean_annoyance,1.75,3.361510685884692,
delta_annoyance__delta__delta_annoyance_target_mean__seed2026,delta_annoyance,DeLTA,test,DeLTA_2cv62_2,DeLTA_2cv62_2,mean_annoyance,2.0,3.361510685884692,
delta_annoyance__delta__delta_annoyance_target_mean__seed2026,delta_annoyance,DeLTA,test,DeLTA_Rf216_2,DeLTA_Rf216_2,mean_annoyance,2.5,3.361510685884692,
delta_annoyance__delta__delta_annoyance_target_mean__seed2026,delta_annoyance,DeLTA,test,DeLTA_MC506_2,DeLTA_MC506_2,mean_annoyance,4.5,3.361510685884692,
delta_annoyance__delta__delta_annoyance_target_mean__seed2026,delta_annoyance,DeLTA,test,DeLTA_Mc328_2,DeLTA_Mc328_2,mean_annoyance,2.0,3.361510685884692,
delta_annoyance__delta__delta_annoyance_target_mean__seed2026,delta_annoyance,DeLTA,test,DeLTA_NP123_1,DeLTA_NP123_1,mean_annoyance,2.75,3.361510685884692,
delta_annoyance__delta__delta_annoyance_target_mean__seed2026,delta_annoyance,DeLTA,test,DeLTA_Ts405_1,DeLTA_Ts405_1,mean_annoyance,3.0,3.361510685884692,
delta_annoyance__delta__delta_annoyance_target_mean__seed2026,delta_annoyance,DeLTA,test,DeLTA_RS421_1,DeLTA_RS421_1,mean_annoyance,2.5,3.361510685884692,
delta_annoyance__delta__delta_annoyance_target_mean__seed2026,delta_annoyance,DeLTA,test,DeLTA_MC502_1,DeLTA_MC502_1,mean_annoyance,2.0,3.361510685884692,
delta_annoyance__delta__delta_annoyance_target_mean__seed2026,delta_annoyance,DeLTA,test,DeLTA_Rf109_1,DeLTA_Rf109_1,mean_annoyance,2.33333,3.361510685884692,
delta_annoyance__delta__delta_annoyance_target_mean__seed2026,delta_annoyance,DeLTA,test,DeLTA_Rs114_1,DeLTA_Rs114_1,mean_annoyance,2.0,3.361510685884692,
delta_annoyance__delta__delta_annoyance_target_mean__seed2026,delta_annoyance,DeLTA,test,DeLTA_MG104_2,DeLTA_MG104_2,mean_annoyance,1.25,3.361510685884692,
delta_annoyance__delta__delta_annoyance_target_mean__seed2026,delta_annoyance,DeLTA,test,DeLTA_ML133_3,DeLTA_ML133_3,mean_annoyance,5.0,3.361510685884692,
delta_annoyance__delta__delta_annoyance_target_mean__seed2026,delta_annoyance,DeLTA,test,DeLTA_ET301_2,DeLTA_ET301_2,mean_annoyance,4.75,3.361510685884692,
delta_annoyance__delta__delta_annoyance_target_mean__seed2026,delta_annoyance,DeLTA,test,DeLTA_ET214_2,DeLTA_ET214_2,mean_annoyance,4.5,3.361510685884692,
delta_annoyance__delta__delta_annoyance_target_mean__seed2026,delta_annoyance,DeLTA,test,DeLTA_Rp220_2,DeLTA_Rp220_2,mean_annoyance,4.75,3.361510685884692,
delta_annoyance__delta__delta_annoyance_target_mean__seed2026,delta_annoyance,DeLTA,test,DeLTA_SC217_2,DeLTA_SC217_2,mean_annoyance,4.25,3.361510685884692,
delta_annoyance__delta__delta_annoyance_target_mean__seed2026,delta_annoyance,DeLTA,test,DeLTA_ML213_1,DeLTA_ML213_1,mean_annoyance,6.5,3.361510685884692,
delta_annoyance__delta__delta_annoyance_target_mean__seed2026,delta_annoyance,DeLTA,test,DeLTA_ts322_1,DeLTA_ts322_1,mean_annoyance,3.25,3.361510685884692,
delta_annoyance__delta__delta_annoyance_target_mean__seed2026,delta_annoyance,DeLTA,test,DeLTA_RS435_2,DeLTA_RS435_2,mean_annoyance,4.0,3.361510685884692,
delta_annoyance__delta__delta_annoyance_target_mean__seed2026,delta_annoyance,DeLTA,test,DeLTA_tm221_2,DeLTA_tm221_2,mean_annoyance,1.25,3.361510685884692,
delta_annoyance__delta__delta_annoyance_target_mean__seed2026,delta_annoyance,DeLTA,test,DeLTA_SR224_2,DeLTA_SR224_2,mean_annoyance,5.0,3.361510685884692,
delta_annoyance__delta__delta_annoyance_target_mean__seed2026,delta_annoyance,DeLTA,test,DeLTA_MC517_2,DeLTA_MC517_2,mean_annoyance,2.0,3.361510685884692,
delta_annoyance__delta__delta_annoyance_target_mean__seed2026,delta_annoyance,DeLTA,test,DeLTA_RS427_2,DeLTA_RS427_2,mean_annoyance,2.75,3.361510685884692,
delta_annoyance__delta__delta_annoyance_target_mean__seed2026,delta_annoyance,DeLTA,test,DeLTA_PL301_2,DeLTA_PL301_2,mean_annoyance,3.8,3.361510685884692,
delta_annoyance__delta__delta_annoyance_target_mean__seed2026,delta_annoyance,DeLTA,test,DeLTA_CT310_2,DeLTA_CT310_2,mean_annoyance,5.4,3.361510685884692,
delta_annoyance__delta__delta_annoyance_target_mean__seed2026,delta_annoyance,DeLTA,test,DeLTA_RF320_2,DeLTA_RF320_2,mean_annoyance,2.2,3.361510685884692,
delta_annoyance__delta__delta_annoyance_target_mean__seed2026,delta_annoyance,DeLTA,test,DeLTA_SC220_1,DeLTA_SC220_1,mean_annoyance,2.5,3.361510685884692,
delta_annoyance__delta__delta_annoyance_target_mean__seed2026,delta_annoyance,DeLTA,test,DeLTA_PL417_1,DeLTA_PL417_1,mean_annoyance,2.25,3.361510685884692,
delta_annoyance__delta__delta_annoyance_target_mean__seed2026,delta_annoyance,DeLTA,test,DeLTA_CT322_2,DeLTA_CT322_2,mean_annoyance,4.25,3.361510685884692,
delta_annoyance__delta__delta_annoyance_target_mean__seed2026,delta_annoyance,DeLTA,test,DeLTA_RF342_1,DeLTA_RF342_1,mean_annoyance,3.0,3.361510685884692,
delta_annoyance__delta__delta_annoyance_target_mean__seed2026,delta_annoyance,DeLTA,test,DeLTA_CT407_1,DeLTA_CT407_1,mean_annoyance,4.75,3.361510685884692,
delta_annoyance__delta__delta_annoyance_target_mean__seed2026,delta_annoyance,DeLTA,test,DeLTA_tm115_2,DeLTA_tm115_2,mean_annoyance,4.0,3.361510685884692,
delta_annoyance__delta__delta_annoyance_target_mean__seed2026,delta_annoyance,DeLTA,test,DeLTA_SR223_1,DeLTA_SR223_1,mean_annoyance,4.25,3.361510685884692,
delta_annoyance__delta__delta_annoyance_target_mean__seed2026,delta_annoyance,DeLTA,test,DeLTA_PL433_2,DeLTA_PL433_2,mean_annoyance,3.0,3.361510685884692,
delta_annoyance__delta__delta_annoyance_target_mean__seed2026,delta_annoyance,DeLTA,test,DeLTA_Mc109_2,DeLTA_Mc109_2,mean_annoyance,4.0,3.361510685884692,
delta_annoyance__delta__delta_annoyance_target_mean__seed2026,delta_annoyance,DeLTA,test,DeLTA_NP106_2,DeLTA_NP106_2,mean_annoyance,2.75,3.361510685884692,
delta_annoyance__delta__delta_annoyance_target_mean__seed2026,delta_annoyance,DeLTA,test,DeLTA_RP331_1,DeLTA_RP331_1,mean_annoyance,2.25,3.361510685884692,
delta_annoyance__delta__delta_annoyance_target_mean__seed2026,delta_annoyance,DeLTA,test,DeLTA_RP318_2,DeLTA_RP318_2,mean_annoyance,2.25,3.361510685884692,
delta_annoyance__delta__delta_annoyance_target_mean__seed2026,delta_annoyance,DeLTA,test,DeLTA_Rf219_2,DeLTA_Rf219_2,mean_annoyance,2.75,3.361510685884692,
delta_annoyance__delta__delta_annoyance_target_mean__seed2026,delta_annoyance,DeLTA,test,DeLTA_TM404_1,DeLTA_TM404_1,mean_annoyance,2.0,3.361510685884692,
delta_annoyance__delta__delta_annoyance_target_mean__seed2026,delta_annoyance,DeLTA,test,DeLTA_CT542_1,DeLTA_CT542_1,mean_annoyance,4.25,3.361510685884692,
delta_annoyance__delta__delta_annoyance_target_mean__seed2026,delta_annoyance,DeLTA,test,DeLTA_MG203_1,DeLTA_MG203_1,mean_annoyance,5.0,3.361510685884692,
delta_annoyance__delta__delta_annoyance_target_mean__seed2026,delta_annoyance,DeLTA,test,DeLTA_ET435_2,DeLTA_ET435_2,mean_annoyance,3.0,3.361510685884692,
delta_annoyance__delta__delta_annoyance_target_mean__seed2026,delta_annoyance,DeLTA,test,DeLTA_SC210_2,DeLTA_SC210_2,mean_annoyance,2.25,3.361510685884692,
delta_annoyance__delta__delta_annoyance_target_mean__seed2026,delta_annoyance,DeLTA,test,DeLTA_TM438_1,DeLTA_TM438_1,mean_annoyance,2.25,3.361510685884692,
delta_annoyance__delta__delta_annoyance_target_mean__seed2026,delta_annoyance,DeLTA,test,DeLTA_MC539_1,DeLTA_MC539_1,mean_annoyance,3.5,3.361510685884692,
delta_annoyance__delta__delta_annoyance_target_mean__seed2026,delta_annoyance,DeLTA,test,DeLTA_RF314_1,DeLTA_RF314_1,mean_annoyance,2.75,3.361510685884692,
delta_annoyance__delta__delta_annoyance_target_mean__seed2026,delta_annoyance,DeLTA,test,DeLTA_ts304_2,DeLTA_ts304_2,mean_annoyance,3.0,3.361510685884692,
delta_annoyance__delta__delta_annoyance_target_mean__seed2026,delta_annoyance,DeLTA,test,DeLTA_SR233_2,DeLTA_SR233_2,mean_annoyance,3.0,3.361510685884692,
delta_annoyance__delta__delta_annoyance_target_mean__seed2026,delta_annoyance,DeLTA,test,DeLTA_SC206_1,DeLTA_SC206_1,mean_annoyance,3.5,3.361510685884692,
delta_annoyance__delta__delta_annoyance_target_mean__seed2026,delta_annoyance,DeLTA,test,DeLTA_sr145_2,DeLTA_sr145_2,mean_annoyance,4.75,3.361510685884692,
delta_annoyance__delta__delta_annoyance_target_mean__seed2026,delta_annoyance,DeLTA,test,DeLTA_MG208_1,DeLTA_MG208_1,mean_annoyance,5.5,3.361510685884692,
delta_annoyance__delta__delta_annoyance_target_mean__seed2026,delta_annoyance,DeLTA,test,DeLTA_m28_2,DeLTA_m28_2,mean_annoyance,4.0,3.361510685884692,
delta_annoyance__delta__delta_annoyance_target_mean__seed2026,delta_annoyance,DeLTA,test,DeLTA_PL420_1,DeLTA_PL420_1,mean_annoyance,2.75,3.361510685884692,
delta_annoyance__delta__delta_annoyance_target_mean__seed2026,delta_annoyance,DeLTA,test,DeLTA_bib5_1,DeLTA_bib5_1,mean_annoyance,4.25,3.361510685884692,
delta_annoyance__delta__delta_annoyance_target_mean__seed2026,delta_annoyance,DeLTA,test,DeLTA_PL309_2,DeLTA_PL309_2,mean_annoyance,2.5,3.361510685884692,
delta_annoyance__delta__delta_annoyance_target_mean__seed2026,delta_annoyance,DeLTA,test,DeLTA_sc114_2,DeLTA_sc114_2,mean_annoyance,3.0,3.361510685884692,
delta_annoyance__delta__delta_annoyance_target_mean__seed2026,delta_annoyance,DeLTA,test,DeLTA_cv28_2,DeLTA_cv28_2,mean_annoyance,1.75,3.361510685884692,
delta_annoyance__delta__delta_annoyance_target_mean__seed2026,delta_annoyance,DeLTA,test,DeLTA_CT319_2,DeLTA_CT319_2,mean_annoyance,5.0,3.361510685884692,
delta_annoyance__delta__delta_annoyance_target_mean__seed2026,delta_annoyance,DeLTA,test,DeLTA_ts309_2,DeLTA_ts309_2,mean_annoyance,1.0,3.361510685884692,
delta_annoyance__delta__delta_annoyance_target_mean__seed2026,delta_annoyance,DeLTA,test,DeLTA_tm123_2,DeLTA_tm123_2,mean_annoyance,2.25,3.361510685884692,
delta_annoyance__delta__delta_annoyance_target_mean__seed2026,delta_annoyance,DeLTA,test,DeLTA_MC518_1,DeLTA_MC518_1,mean_annoyance,1.5,3.361510685884692,
delta_annoyance__delta__delta_annoyance_target_mean__seed2026,delta_annoyance,DeLTA,test,DeLTA_ML103_1,DeLTA_ML103_1,mean_annoyance,4.75,3.361510685884692,
delta_annoyance__delta__delta_annoyance_target_mean__seed2026,delta_annoyance,DeLTA,test,DeLTA_PL428_1,DeLTA_PL428_1,mean_annoyance,2.0,3.361510685884692,
delta_annoyance__delta__delta_annoyance_target_mean__seed2026,delta_annoyance,DeLTA,test,DeLTA_CT328_2,DeLTA_CT328_2,mean_annoyance,4.5,3.361510685884692,
delta_annoyance__delta__delta_annoyance_target_mean__seed2026,delta_annoyance,DeLTA,test,DeLTA_SR230_1,DeLTA_SR230_1,mean_annoyance,3.5,3.361510685884692,
delta_annoyance__delta__delta_annoyance_target_mean__seed2026,delta_annoyance,DeLTA,test,DeLTA_Rs312_1,DeLTA_Rs312_1,mean_annoyance,7.0,3.361510685884692,
delta_annoyance__delta__delta_annoyance_target_mean__seed2026,delta_annoyance,DeLTA,test,DeLTA_ET416_2,DeLTA_ET416_2,mean_annoyance,7.2,3.361510685884692,
delta_annoyance__delta__delta_annoyance_target_mean__seed2026,delta_annoyance,DeLTA,test,DeLTA_RF301_4,DeLTA_RF301_4,mean_annoyance,1.66667,3.361510685884692,
delta_annoyance__delta__delta_annoyance_target_mean__seed2026,delta_annoyance,DeLTA,test,DeLTA_CT324_2,DeLTA_CT324_2,mean_annoyance,5.33333,3.361510685884692,
delta_annoyance__delta__delta_annoyance_target_mean__seed2026,delta_annoyance,DeLTA,test,DeLTA_MG207_2,DeLTA_MG207_2,mean_annoyance,7.0,3.361510685884692,
delta_annoyance__delta__delta_annoyance_target_mean__seed2026,delta_annoyance,DeLTA,test,DeLTA_RF302_1,DeLTA_RF302_1,mean_annoyance,2.33333,3.361510685884692,
delta_annoyance__delta__delta_annoyance_target_mean__seed2026,delta_annoyance,DeLTA,test,DeLTA_Rs204_1,DeLTA_Rs204_1,mean_annoyance,2.25,3.361510685884692,
delta_annoyance__delta__delta_annoyance_target_mean__seed2026,delta_annoyance,DeLTA,test,DeLTA_RF328_1,DeLTA_RF328_1,mean_annoyance,1.5,3.361510685884692,
delta_annoyance__delta__delta_annoyance_target_mean__seed2026,delta_annoyance,DeLTA,test,DeLTA_cv38_1,DeLTA_cv38_1,mean_annoyance,2.25,3.361510685884692,
delta_annoyance__delta__delta_annoyance_target_mean__seed2026,delta_annoyance,DeLTA,test,DeLTA_sr125_1,DeLTA_sr125_1,mean_annoyance,5.0,3.361510685884692,
delta_annoyance__delta__delta_annoyance_target_mean__seed2026,delta_annoyance,DeLTA,test,DeLTA_NP131_2,DeLTA_NP131_2,mean_annoyance,2.0,3.361510685884692,
delta_annoyance__delta__delta_annoyance_target_mean__seed2026,delta_annoyance,DeLTA,test,DeLTA_CT323_1,DeLTA_CT323_1,mean_annoyance,5.0,3.361510685884692,
delta_annoyance__delta__delta_annoyance_target_mean__seed2026,delta_annoyance,DeLTA,test,DeLTA_SM514_1,DeLTA_SM514_1,mean_annoyance,1.4,3.361510685884692,
delta_annoyance__delta__delta_annoyance_target_mean__seed2026,delta_annoyance,DeLTA,test,DeLTA_m111_1,DeLTA_m111_1,mean_annoyance,3.5,3.361510685884692,
delta_annoyance__delta__delta_annoyance_target_mean__seed2026,delta_annoyance,DeLTA,test,DeLTA_ET433_2,DeLTA_ET433_2,mean_annoyance,5.0,3.361510685884692,
delta_annoyance__delta__delta_annoyance_target_mean__seed2026,delta_annoyance,DeLTA,test,DeLTA_TS513_2,DeLTA_TS513_2,mean_annoyance,3.0,3.361510685884692,
delta_annoyance__delta__delta_annoyance_target_mean__seed2026,delta_annoyance,DeLTA,test,DeLTA_tm109_2,DeLTA_tm109_2,mean_annoyance,4.75,3.361510685884692,
delta_annoyance__delta__delta_annoyance_target_mean__seed2026,delta_annoyance,DeLTA,test,DeLTA_SR231_1,DeLTA_SR231_1,mean_annoyance,2.5,3.361510685884692,
delta_annoyance__delta__delta_annoyance_target_mean__seed2026,delta_annoyance,DeLTA,test,DeLTA_RP317_1,DeLTA_RP317_1,mean_annoyance,1.25,3.361510685884692,
delta_annoyance__delta__delta_annoyance_target_mean__seed2026,delta_annoyance,DeLTA,test,DeLTA_MC501_1,DeLTA_MC501_1,mean_annoyance,2.0,3.361510685884692,
delta_annoyance__delta__delta_annoyance_target_mean__seed2026,delta_annoyance,DeLTA,test,DeLTA_RP325_2,DeLTA_RP325_2,mean_annoyance,1.25,3.361510685884692,
delta_annoyance__delta__delta_annoyance_target_mean__seed2026,delta_annoyance,DeLTA,test,DeLTA_TS522_1,DeLTA_TS522_1,mean_annoyance,3.4,3.361510685884692,
delta_annoyance__delta__delta_annoyance_target_mean__seed2026,delta_annoyance,DeLTA,test,DeLTA_Rp228_2,DeLTA_Rp228_2,mean_annoyance,2.8,3.361510685884692,
delta_annoyance__delta__delta_annoyance_target_mean__seed2026,delta_annoyance,DeLTA,test,DeLTA_RS402_2,DeLTA_RS402_2,mean_annoyance,1.75,3.361510685884692,
delta_annoyance__delta__delta_annoyance_target_mean__seed2026,delta_annoyance,DeLTA,test,DeLTA_SR229_1,DeLTA_SR229_1,mean_annoyance,6.0,3.361510685884692,
delta_annoyance__delta__delta_annoyance_target_mean__seed2026,delta_annoyance,DeLTA,test,DeLTA_Mc413_1,DeLTA_Mc413_1,mean_annoyance,3.75,3.361510685884692,
delta_annoyance__delta__delta_annoyance_target_mean__seed2026,delta_annoyance,DeLTA,test,DeLTA_CT539_2,DeLTA_CT539_2,mean_annoyance,3.75,3.361510685884692,
delta_annoyance__delta__delta_annoyance_target_mean__seed2026,delta_annoyance,DeLTA,test,DeLTA_Rf112_1,DeLTA_Rf112_1,mean_annoyance,4.0,3.361510685884692,
delta_annoyance__delta__delta_annoyance_target_mean__seed2026,delta_annoyance,DeLTA,test,DeLTA_PL413_2,DeLTA_PL413_2,mean_annoyance,4.0,3.361510685884692,
delta_annoyance__delta__delta_annoyance_target_mean__seed2026,delta_annoyance,DeLTA,test,DeLTA_ET205_3,DeLTA_ET205_3,mean_annoyance,2.5,3.361510685884692,
delta_annoyance__delta__delta_annoyance_target_mean__seed2026,delta_annoyance,DeLTA,test,DeLTA_TM405_1,DeLTA_TM405_1,mean_annoyance,2.0,3.361510685884692,
delta_annoyance__delta__delta_annoyance_target_mean__seed2026,delta_annoyance,DeLTA,test,DeLTA_CT327_3,DeLTA_CT327_3,mean_annoyance,4.5,3.361510685884692,
delta_annoyance__delta__delta_annoyance_target_mean__seed2026,delta_annoyance,DeLTA,test,DeLTA_RS436_1,DeLTA_RS436_1,mean_annoyance,4.25,3.361510685884692,
delta_annoyance__delta__delta_annoyance_target_mean__seed2026,delta_annoyance,DeLTA,test,DeLTA_Rs208_1,DeLTA_Rs208_1,mean_annoyance,6.75,3.361510685884692,
delta_annoyance__delta__delta_annoyance_target_mean__seed2026,delta_annoyance,DeLTA,test,DeLTA_bib10_2,DeLTA_bib10_2,mean_annoyance,2.25,3.361510685884692,
delta_annoyance__delta__delta_annoyance_target_mean__seed2026,delta_annoyance,DeLTA,test,DeLTA_RS415_1,DeLTA_RS415_1,mean_annoyance,2.25,3.361510685884692,
delta_annoyance__delta__delta_annoyance_target_mean__seed2026,delta_annoyance,DeLTA,test,DeLTA_ET404_1,DeLTA_ET404_1,mean_annoyance,3.33333,3.361510685884692,
delta_annoyance__delta__delta_annoyance_target_mean__seed2026,delta_annoyance,DeLTA,test,DeLTA_SC218_1,DeLTA_SC218_1,mean_annoyance,1.25,3.361510685884692,
delta_annoyance__delta__delta_annoyance_target_mean__seed2026,delta_annoyance,DeLTA,test,DeLTA_TM420_2,DeLTA_TM420_2,mean_annoyance,2.75,3.361510685884692,
delta_annoyance__delta__delta_annoyance_target_mean__seed2026,delta_annoyance,DeLTA,test,DeLTA_tm318_1,DeLTA_tm318_1,mean_annoyance,3.25,3.361510685884692,
delta_annoyance__delta__delta_annoyance_target_mean__seed2026,delta_annoyance,DeLTA,test,DeLTA_NP110_1,DeLTA_NP110_1,mean_annoyance,4.0,3.361510685884692,
delta_annoyance__delta__delta_annoyance_target_mean__seed2026,delta_annoyance,DeLTA,test,DeLTA_RF310_2,DeLTA_RF310_2,mean_annoyance,4.5,3.361510685884692,
delta_annoyance__delta__delta_annoyance_target_mean__seed2026,delta_annoyance,DeLTA,test,DeLTA_NP138_1,DeLTA_NP138_1,mean_annoyance,2.25,3.361510685884692,
delta_annoyance__delta__delta_annoyance_target_mean__seed2026,delta_annoyance,DeLTA,test,DeLTA_RS417_2,DeLTA_RS417_2,mean_annoyance,2.75,3.361510685884692,
delta_annoyance__delta__delta_annoyance_target_mean__seed2026,delta_annoyance,DeLTA,test,DeLTA_CT329_1,DeLTA_CT329_1,mean_annoyance,5.25,3.361510685884692,
delta_annoyance__delta__delta_annoyance_target_mean__seed2026,delta_annoyance,DeLTA,test,DeLTA_ts320_1,DeLTA_ts320_1,mean_annoyance,2.75,3.361510685884692,
delta_annoyance__delta__delta_annoyance_target_mean__seed2026,delta_annoyance,DeLTA,test,DeLTA_sc136_2,DeLTA_sc136_2,mean_annoyance,1.33333,3.361510685884692,
delta_annoyance__delta__delta_annoyance_target_mean__seed2026,delta_annoyance,DeLTA,test,DeLTA_RS420_2,DeLTA_RS420_2,mean_annoyance,2.75,3.361510685884692,
delta_annoyance__delta__delta_annoyance_target_mean__seed2026,delta_annoyance,DeLTA,test,DeLTA_RF335_1,DeLTA_RF335_1,mean_annoyance,3.0,3.361510685884692,
delta_annoyance__delta__delta_annoyance_target_mean__seed2026,delta_annoyance,DeLTA,test,DeLTA_NP132_1,DeLTA_NP132_1,mean_annoyance,2.5,3.361510685884692,
delta_annoyance__delta__delta_annoyance_target_mean__seed2026,delta_annoyance,DeLTA,test,DeLTA_Rf222_1,DeLTA_Rf222_1,mean_annoyance,2.0,3.361510685884692,
delta_annoyance__delta__delta_annoyance_target_mean__seed2026,delta_annoyance,DeLTA,test,DeLTA_Mc206_2,DeLTA_Mc206_2,mean_annoyance,3.25,3.361510685884692,
delta_annoyance__delta__delta_annoyance_target_mean__seed2026,delta_annoyance,DeLTA,test,DeLTA_ET108_2,DeLTA_ET108_2,mean_annoyance,3.0,3.361510685884692,
delta_annoyance__delta__delta_annoyance_target_mean__seed2026,delta_annoyance,DeLTA,test,DeLTA_sr144_1,DeLTA_sr144_1,mean_annoyance,4.25,3.361510685884692,
delta_annoyance__delta__delta_annoyance_target_mean__seed2026,delta_annoyance,DeLTA,test,DeLTA_Pl231_2,DeLTA_Pl231_2,mean_annoyance,3.25,3.361510685884692,
delta_annoyance__delta__delta_annoyance_target_mean__seed2026,delta_annoyance,DeLTA,test,DeLTA_cv22_1,DeLTA_cv22_1,mean_annoyance,2.0,3.361510685884692,
delta_annoyance__delta__delta_annoyance_target_mean__seed2026,delta_annoyance,DeLTA,test,DeLTA_Mc111_1,DeLTA_Mc111_1,mean_annoyance,2.5,3.361510685884692,
delta_annoyance__delta__delta_annoyance_target_mean__seed2026,delta_annoyance,DeLTA,test,DeLTA_TS523_2,DeLTA_TS523_2,mean_annoyance,3.0,3.361510685884692,
delta_annoyance__delta__delta_annoyance_target_mean__seed2026,delta_annoyance,DeLTA,test,DeLTA_PL428_2,DeLTA_PL428_2,mean_annoyance,3.0,3.361510685884692,
delta_annoyance__delta__delta_annoyance_target_mean__seed2026,delta_annoyance,DeLTA,test,DeLTA_SR228_2,DeLTA_SR228_2,mean_annoyance,4.25,3.361510685884692,
delta_annoyance__delta__delta_annoyance_target_mean__seed2026,delta_annoyance,DeLTA,test,DeLTA_ET302_1,DeLTA_ET302_1,mean_annoyance,3.75,3.361510685884692,
delta_annoyance__delta__delta_annoyance_target_mean__seed2026,delta_annoyance,DeLTA,test,DeLTA_TS524_3,DeLTA_TS524_3,mean_annoyance,2.5,3.361510685884692,
delta_annoyance__delta__delta_annoyance_target_mean__seed2026,delta_annoyance,DeLTA,test,DeLTA_SR235_1,DeLTA_SR235_1,mean_annoyance,3.75,3.361510685884692,
delta_annoyance__delta__delta_annoyance_target_mean__seed2026,delta_annoyance,DeLTA,test,DeLTA_MG334_1,DeLTA_MG334_1,mean_annoyance,4.5,3.361510685884692,
delta_annoyance__delta__delta_annoyance_target_mean__seed2026,delta_annoyance,DeLTA,test,DeLTA_MG304_1,DeLTA_MG304_1,mean_annoyance,1.5,3.361510685884692,
delta_annoyance__delta__delta_annoyance_target_mean__seed2026,delta_annoyance,DeLTA,test,DeLTA_Mc416_1,DeLTA_Mc416_1,mean_annoyance,1.75,3.361510685884692,
delta_annoyance__delta__delta_annoyance_target_mean__seed2026,delta_annoyance,DeLTA,test,DeLTA_CT203_2,DeLTA_CT203_2,mean_annoyance,5.0,3.361510685884692,
delta_annoyance__delta__delta_annoyance_target_mean__seed2026,delta_annoyance,DeLTA,test,DeLTA_RP318_1,DeLTA_RP318_1,mean_annoyance,1.5,3.361510685884692,
delta_annoyance__delta__delta_annoyance_target_mean__seed2026,delta_annoyance,DeLTA,test,DeLTA_CT101_2,DeLTA_CT101_2,mean_annoyance,4.25,3.361510685884692,
delta_annoyance__delta__delta_annoyance_target_mean__seed2026,delta_annoyance,DeLTA,test,DeLTA_PL305_1,DeLTA_PL305_1,mean_annoyance,1.75,3.361510685884692,
delta_annoyance__delta__delta_annoyance_target_mean__seed2026,delta_annoyance,DeLTA,test,DeLTA_cp14_1,DeLTA_cp14_1,mean_annoyance,2.0,3.361510685884692,
delta_annoyance__delta__delta_annoyance_target_mean__seed2026,delta_annoyance,DeLTA,test,DeLTA_mc102_1,DeLTA_mc102_1,mean_annoyance,2.0,3.361510685884692,
delta_annoyance__delta__delta_annoyance_target_mean__seed2026,delta_annoyance,DeLTA,test,DeLTA_CT123_2,DeLTA_CT123_2,mean_annoyance,5.25,3.361510685884692,
delta_annoyance__delta__delta_annoyance_target_mean__seed2026,delta_annoyance,DeLTA,test,DeLTA_CT516_2,DeLTA_CT516_2,mean_annoyance,3.25,3.361510685884692,
delta_annoyance__delta__delta_annoyance_target_mean__seed2026,delta_annoyance,DeLTA,test,DeLTA_cp21_1,DeLTA_cp21_1,mean_annoyance,2.75,3.361510685884692,
delta_annoyance__delta__delta_annoyance_target_mean__seed2026,delta_annoyance,DeLTA,test,DeLTA_Mc103_2,DeLTA_Mc103_2,mean_annoyance,3.0,3.361510685884692,
delta_annoyance__delta__delta_annoyance_target_mean__seed2026,delta_annoyance,DeLTA,test,DeLTA_PL331_1,DeLTA_PL331_1,mean_annoyance,1.25,3.361510685884692,
delta_annoyance__delta__delta_annoyance_target_mean__seed2026,delta_annoyance,DeLTA,test,DeLTA_Rs311_1,DeLTA_Rs311_1,mean_annoyance,5.0,3.361510685884692,
delta_annoyance__delta__delta_annoyance_target_mean__seed2026,delta_annoyance,DeLTA,test,DeLTA_NP142_2,DeLTA_NP142_2,mean_annoyance,4.75,3.361510685884692,
delta_annoyance__delta__delta_annoyance_target_mean__seed2026,delta_annoyance,DeLTA,test,DeLTA_MG328_1,DeLTA_MG328_1,mean_annoyance,2.75,3.361510685884692,
delta_annoyance__delta__delta_annoyance_target_mean__seed2026,delta_annoyance,DeLTA,test,DeLTA_ET413_2,DeLTA_ET413_2,mean_annoyance,5.75,3.361510685884692,
delta_annoyance__delta__delta_annoyance_target_mean__seed2026,delta_annoyance,DeLTA,test,DeLTA_bib12_1,DeLTA_bib12_1,mean_annoyance,3.66667,3.361510685884692,
delta_annoyance__delta__delta_annoyance_target_mean__seed2026,delta_annoyance,DeLTA,test,DeLTA_sc119_1,DeLTA_sc119_1,mean_annoyance,2.75,3.361510685884692,
delta_annoyance__delta__delta_annoyance_target_mean__seed2026,delta_annoyance,DeLTA,test,DeLTA_Rs321_1,DeLTA_Rs321_1,mean_annoyance,3.25,3.361510685884692,
delta_annoyance__delta__delta_annoyance_target_mean__seed2026,delta_annoyance,DeLTA,test,DeLTA_RS433_1,DeLTA_RS433_1,mean_annoyance,2.75,3.361510685884692,
delta_annoyance__delta__delta_annoyance_target_mean__seed2026,delta_annoyance,DeLTA,test,DeLTA_cp6_1,DeLTA_cp6_1,mean_annoyance,1.75,3.361510685884692,
delta_annoyance__delta__delta_annoyance_target_mean__seed2026,delta_annoyance,DeLTA,test,DeLTA_SM515_2,DeLTA_SM515_2,mean_annoyance,3.5,3.361510685884692,
delta_annoyance__delta__delta_annoyance_target_mean__seed2026,delta_annoyance,DeLTA,test,DeLTA_Rp116_3,DeLTA_Rp116_3,mean_annoyance,3.5,3.361510685884692,
delta_annoyance__delta__delta_annoyance_target_mean__seed2026,delta_annoyance,DeLTA,test,DeLTA_TS533_1,DeLTA_TS533_1,mean_annoyance,1.75,3.361510685884692,
delta_annoyance__delta__delta_annoyance_target_mean__seed2026,delta_annoyance,DeLTA,test,DeLTA_2cv32_2,DeLTA_2cv32_2,mean_annoyance,5.5,3.361510685884692,
delta_annoyance__delta__delta_annoyance_target_mean__seed2026,delta_annoyance,DeLTA,test,DeLTA_ET102_1,DeLTA_ET102_1,mean_annoyance,4.5,3.361510685884692,
delta_annoyance__delta__delta_annoyance_target_mean__seed2026,delta_annoyance,DeLTA,test,DeLTA_SR232_2,DeLTA_SR232_2,mean_annoyance,3.0,3.361510685884692,
delta_annoyance__delta__delta_annoyance_target_mean__seed2026,delta_annoyance,DeLTA,test,DeLTA_Mc412_2,DeLTA_Mc412_2,mean_annoyance,3.75,3.361510685884692,
delta_annoyance__delta__delta_annoyance_target_mean__seed2026,delta_annoyance,DeLTA,test,DeLTA_MC523_1,DeLTA_MC523_1,mean_annoyance,1.75,3.361510685884692,
delta_annoyance__delta__delta_annoyance_target_mean__seed2026,delta_annoyance,DeLTA,test,DeLTA_Mc415_2,DeLTA_Mc415_2,mean_annoyance,3.0,3.361510685884692,
delta_annoyance__delta__delta_annoyance_target_mean__seed2026,delta_annoyance,DeLTA,test,DeLTA_Rs229_1,DeLTA_Rs229_1,mean_annoyance,5.75,3.361510685884692,
delta_annoyance__delta__delta_annoyance_target_mean__seed2026,delta_annoyance,DeLTA,test,DeLTA_SM408_2,DeLTA_SM408_2,mean_annoyance,2.5,3.361510685884692,
delta_annoyance__delta__delta_annoyance_target_mean__seed2026,delta_annoyance,DeLTA,test,DeLTA_tm307_2,DeLTA_tm307_2,mean_annoyance,1.75,3.361510685884692,
delta_annoyance__delta__delta_annoyance_target_mean__seed2026,delta_annoyance,DeLTA,test,DeLTA_ET105_2,DeLTA_ET105_2,mean_annoyance,2.0,3.361510685884692,
delta_annoyance__delta__delta_annoyance_target_mean__seed2026,delta_annoyance,DeLTA,test,DeLTA_Mc331_1,DeLTA_Mc331_1,mean_annoyance,2.0,3.361510685884692,
delta_annoyance__delta__delta_annoyance_target_mean__seed2026,delta_annoyance,DeLTA,test,DeLTA_ts237_2,DeLTA_ts237_2,mean_annoyance,2.75,3.361510685884692,
delta_annoyance__delta__delta_annoyance_target_mean__seed2026,delta_annoyance,DeLTA,test,DeLTA_PL202_1,DeLTA_PL202_1,mean_annoyance,2.0,3.361510685884692,
delta_annoyance__delta__delta_annoyance_target_mean__seed2026,delta_annoyance,DeLTA,test,DeLTA_MC537_1,DeLTA_MC537_1,mean_annoyance,3.25,3.361510685884692,
delta_annoyance__delta__delta_annoyance_target_mean__seed2026,delta_annoyance,DeLTA,test,DeLTA_Mc118_1,DeLTA_Mc118_1,mean_annoyance,2.5,3.361510685884692,
delta_annoyance__delta__delta_annoyance_target_mean__seed2026,delta_annoyance,DeLTA,test,DeLTA_ET215_2,DeLTA_ET215_2,mean_annoyance,3.5,3.361510685884692,
delta_annoyance__delta__delta_annoyance_target_mean__seed2026,delta_annoyance,DeLTA,test,DeLTA_PL334_1,DeLTA_PL334_1,mean_annoyance,3.75,3.361510685884692,
delta_annoyance__delta__delta_annoyance_target_mean__seed2026,delta_annoyance,DeLTA,test,DeLTA_MC529_1,DeLTA_MC529_1,mean_annoyance,3.5,3.361510685884692,
delta_annoyance__delta__delta_annoyance_target_mean__seed2026,delta_annoyance,DeLTA,test,DeLTA_sc130_1,DeLTA_sc130_1,mean_annoyance,4.0,3.361510685884692,
delta_annoyance__delta__delta_annoyance_target_mean__seed2026,delta_annoyance,DeLTA,test,DeLTA_tm101_2,DeLTA_tm101_2,mean_annoyance,2.25,3.361510685884692,
delta_annoyance__delta__delta_annoyance_target_mean__seed2026,delta_annoyance,DeLTA,test,DeLTA_SM413_1,DeLTA_SM413_1,mean_annoyance,3.5,3.361510685884692,
