run_id,task_id,dataset_id,partition,record_id,clip_id,target,y_true,y_pred,y_std
isd_individual_iso_prediction__isd__isd_response_target_mean_shared6__seed2026,isd_individual_iso_prediction,ISD,dev,ISD_EustonTap_EustonTap1_ET101_R1284,ISD_EustonTap_EustonTap1_ET101,ISOPleasant,-0.6036,0.3096426737160121,
isd_individual_iso_prediction__isd__isd_response_target_mean_shared6__seed2026,isd_individual_iso_prediction,ISD,dev,ISD_EustonTap_EustonTap1_ET101_R1285,ISD_EustonTap_EustonTap1_ET101,ISOPleasant,0.0429,0.3096426737160121,
isd_individual_iso_prediction__isd__isd_response_target_mean_shared6__seed2026,isd_individual_iso_prediction,ISD,dev,ISD_EustonTap_EustonTap1_ET103_R1286,ISD_EustonTap_EustonTap1_ET103,ISOPleasant,0.3232,0.3096426737160121,
isd_individual_iso_prediction__isd__isd_response_target_mean_shared6__seed2026,isd_individual_iso_prediction,ISD,dev,ISD_EustonTap_EustonTap1_ET103_R1287,ISD_EustonTap_EustonTap1_ET103,ISOPleasant,-0.3232,0.3096426737160121,
isd_individual_iso_prediction__isd__isd_response_target_mean_shared6__seed2026,isd_individual_iso_prediction,ISD,dev,ISD_EustonTap_EustonTap1_ET103_R1288,ISD_EustonTap_EustonTap1_ET103,ISOPleasant,-0.5732,0.3096426737160121,
isd_individual_iso_prediction__isd__isd_response_target_mean_shared6__seed2026,isd_individual_iso_prediction,ISD,dev,ISD_EustonTap_EustonTap1_ET104_R1289,ISD_EustonTap_EustonTap1_ET104,ISOPleasant,-0.1036,0.3096426737160121,
isd_individual_iso_prediction__isd__isd_response_target_mean_shared6__seed2026,isd_individual_iso_prediction,ISD,dev,ISD_EustonTap_EustonTap1_ET105_R1290,ISD_EustonTap_EustonTap1_ET105,ISOPleasant,-0.1464,0.3096426737160121,
isd_individual_iso_prediction__isd__isd_response_target_mean_shared6__seed2026,isd_individual_iso_prediction,ISD,dev,ISD_EustonTap_EustonTap1_ET105_R1291,ISD_EustonTap_EustonTap1_ET105,ISOPleasant,0.1036,0.3096426737160121,
isd_individual_iso_prediction__isd__isd_response_target_mean_shared6__seed2026,isd_individual_iso_prediction,ISD,dev,ISD_EustonTap_EustonTap1_ET106_R1292,ISD_EustonTap_EustonTap1_ET106,ISOPleasant,0.1768,0.3096426737160121,
isd_individual_iso_prediction__isd__isd_response_target_mean_shared6__seed2026,isd_individual_iso_prediction,ISD,dev,ISD_EustonTap_EustonTap1_ET106_R1293,ISD_EustonTap_EustonTap1_ET106,ISOPleasant,-0.5,0.3096426737160121,
isd_individual_iso_prediction__isd__isd_response_target_mean_shared6__seed2026,isd_individual_iso_prediction,ISD,dev,ISD_EustonTap_EustonTap1_ET107_R1294,ISD_EustonTap_EustonTap1_ET107,ISOPleasant,-0.3964,0.3096426737160121,
isd_individual_iso_prediction__isd__isd_response_target_mean_shared6__seed2026,isd_individual_iso_prediction,ISD,dev,ISD_EustonTap_EustonTap1_ET108_R1295,ISD_EustonTap_EustonTap1_ET108,ISOPleasant,-0.2803,0.3096426737160121,
isd_individual_iso_prediction__isd__isd_response_target_mean_shared6__seed2026,isd_individual_iso_prediction,ISD,dev,ISD_EustonTap_EustonTap1_ET109_R1296,ISD_EustonTap_EustonTap1_ET109,ISOPleasant,-0.5,0.3096426737160121,
isd_individual_iso_prediction__isd__isd_response_target_mean_shared6__seed2026,isd_individual_iso_prediction,ISD,dev,ISD_EustonTap_EustonTap1_ET109_R1298,ISD_EustonTap_EustonTap1_ET109,ISOPleasant,-0.4268,0.3096426737160121,
isd_individual_iso_prediction__isd__isd_response_target_mean_shared6__seed2026,isd_individual_iso_prediction,ISD,dev,ISD_EustonTap_EustonTap1_ET110_R1297,ISD_EustonTap_EustonTap1_ET110,ISOPleasant,-0.3536,0.3096426737160121,
isd_individual_iso_prediction__isd__isd_response_target_mean_shared6__seed2026,isd_individual_iso_prediction,ISD,dev,ISD_EustonTap_EustonTap1_ET110_R1299,ISD_EustonTap_EustonTap1_ET110,ISOPleasant,0.341,0.3096426737160121,
isd_individual_iso_prediction__isd__isd_response_target_mean_shared6__seed2026,isd_individual_iso_prediction,ISD,dev,ISD_EustonTap_EustonTap1_ET111_R1300,ISD_EustonTap_EustonTap1_ET111,ISOPleasant,0.0,0.3096426737160121,
isd_individual_iso_prediction__isd__isd_response_target_mean_shared6__seed2026,isd_individual_iso_prediction,ISD,dev,ISD_EustonTap_EustonTap1_ET111_R1301,ISD_EustonTap_EustonTap1_ET111,ISOPleasant,-0.2071,0.3096426737160121,
isd_individual_iso_prediction__isd__isd_response_target_mean_shared6__seed2026,isd_individual_iso_prediction,ISD,dev,ISD_EustonTap_EustonTap1_ET112_R1302,ISD_EustonTap_EustonTap1_ET112,ISOPleasant,-0.4697,0.3096426737160121,
isd_individual_iso_prediction__isd__isd_response_target_mean_shared6__seed2026,isd_individual_iso_prediction,ISD,dev,ISD_EustonTap_EustonTap1_ET113_R1303,ISD_EustonTap_EustonTap1_ET113,ISOPleasant,-0.8536,0.3096426737160121,
isd_individual_iso_prediction__isd__isd_response_target_mean_shared6__seed2026,isd_individual_iso_prediction,ISD,dev,ISD_EustonTap_EustonTap1_ET115_R1306,ISD_EustonTap_EustonTap1_ET115,ISOPleasant,-0.8536,0.3096426737160121,
isd_individual_iso_prediction__isd__isd_response_target_mean_shared6__seed2026,isd_individual_iso_prediction,ISD,dev,ISD_EustonTap_EustonTap1_ET115_R1308,ISD_EustonTap_EustonTap1_ET115,ISOPleasant,-0.3232,0.3096426737160121,
isd_individual_iso_prediction__isd__isd_response_target_mean_shared6__seed2026,isd_individual_iso_prediction,ISD,dev,ISD_EustonTap_EustonTap1_ET115_R1309,ISD_EustonTap_EustonTap1_ET115,ISOPleasant,-0.25,0.3096426737160121,
isd_individual_iso_prediction__isd__isd_response_target_mean_shared6__seed2026,isd_individual_iso_prediction,ISD,dev,ISD_EustonTap_EustonTap1_ET116_R1305,ISD_EustonTap_EustonTap1_ET116,ISOPleasant,-0.0429,0.3096426737160121,
isd_individual_iso_prediction__isd__isd_response_target_mean_shared6__seed2026,isd_individual_iso_prediction,ISD,dev,ISD_EustonTap_EustonTap1_ET117_R1311,ISD_EustonTap_EustonTap1_ET117,ISOPleasant,0.3536,0.3096426737160121,
isd_individual_iso_prediction__isd__isd_response_target_mean_shared6__seed2026,isd_individual_iso_prediction,ISD,dev,ISD_EustonTap_EustonTap1_ET118_R1307,ISD_EustonTap_EustonTap1_ET118,ISOPleasant,-0.7803,0.3096426737160121,
isd_individual_iso_prediction__isd__isd_response_target_mean_shared6__seed2026,isd_individual_iso_prediction,ISD,dev,ISD_EustonTap_EustonTap1_ET118_R1310,ISD_EustonTap_EustonTap1_ET118,ISOPleasant,-0.3232,0.3096426737160121,
isd_individual_iso_prediction__isd__isd_response_target_mean_shared6__seed2026,isd_individual_iso_prediction,ISD,dev,ISD_EustonTap_EustonTap1_ET118_R1312,ISD_EustonTap_EustonTap1_ET118,ISOPleasant,-0.6768,0.3096426737160121,
isd_individual_iso_prediction__isd__isd_response_target_mean_shared6__seed2026,isd_individual_iso_prediction,ISD,dev,ISD_EustonTap_EustonTap1_ET118_R1313,ISD_EustonTap_EustonTap1_ET118,ISOPleasant,-0.7803,0.3096426737160121,
isd_individual_iso_prediction__isd__isd_response_target_mean_shared6__seed2026,isd_individual_iso_prediction,ISD,dev,ISD_EustonTap_EustonTap1_ET119_R1314,ISD_EustonTap_EustonTap1_ET119,ISOPleasant,-0.4268,0.3096426737160121,
isd_individual_iso_prediction__isd__isd_response_target_mean_shared6__seed2026,isd_individual_iso_prediction,ISD,dev,ISD_EustonTap_EustonTap1_ET120_R1315,ISD_EustonTap_EustonTap1_ET120,ISOPleasant,-0.1768,0.3096426737160121,
isd_individual_iso_prediction__isd__isd_response_target_mean_shared6__seed2026,isd_individual_iso_prediction,ISD,dev,ISD_EustonTap_EustonTap1_ET120_R1316,ISD_EustonTap_EustonTap1_ET120,ISOPleasant,0.0732,0.3096426737160121,
isd_individual_iso_prediction__isd__isd_response_target_mean_shared6__seed2026,isd_individual_iso_prediction,ISD,dev,ISD_EustonTap_EustonTap1_ET121_R1317,ISD_EustonTap_EustonTap1_ET121,ISOPleasant,-0.6768,0.3096426737160121,
isd_individual_iso_prediction__isd__isd_response_target_mean_shared6__seed2026,isd_individual_iso_prediction,ISD,dev,ISD_EustonTap_EustonTap1_ET122_R1318,ISD_EustonTap_EustonTap1_ET122,ISOPleasant,0.1464,0.3096426737160121,
isd_individual_iso_prediction__isd__isd_response_target_mean_shared6__seed2026,isd_individual_iso_prediction,ISD,dev,ISD_EustonTap_EustonTap1_ET122_R1319,ISD_EustonTap_EustonTap1_ET122,ISOPleasant,-0.2071,0.3096426737160121,
isd_individual_iso_prediction__isd__isd_response_target_mean_shared6__seed2026,isd_individual_iso_prediction,ISD,dev,ISD_EustonTap_EustonTap1_ET123_R1320,ISD_EustonTap_EustonTap1_ET123,ISOPleasant,-0.1036,0.3096426737160121,
isd_individual_iso_prediction__isd__isd_response_target_mean_shared6__seed2026,isd_individual_iso_prediction,ISD,dev,ISD_EustonTap_EustonTap1_ET123_R1321,ISD_EustonTap_EustonTap1_ET123,ISOPleasant,-0.0732,0.3096426737160121,
isd_individual_iso_prediction__isd__isd_response_target_mean_shared6__seed2026,isd_individual_iso_prediction,ISD,dev,ISD_EustonTap_EustonTap1_ET123_R1322,ISD_EustonTap_EustonTap1_ET123,ISOPleasant,-0.6464,0.3096426737160121,
isd_individual_iso_prediction__isd__isd_response_target_mean_shared6__seed2026,isd_individual_iso_prediction,ISD,dev,ISD_EustonTap_EustonTap1_ET124_R1323,ISD_EustonTap_EustonTap1_ET124,ISOPleasant,-0.6161,0.3096426737160121,
isd_individual_iso_prediction__isd__isd_response_target_mean_shared6__seed2026,isd_individual_iso_prediction,ISD,dev,ISD_EustonTap_EustonTap1_ET124_R1324,ISD_EustonTap_EustonTap1_ET124,ISOPleasant,0.0,0.3096426737160121,
isd_individual_iso_prediction__isd__isd_response_target_mean_shared6__seed2026,isd_individual_iso_prediction,ISD,dev,ISD_EustonTap_EustonTap1_ET125_R1325,ISD_EustonTap_EustonTap1_ET125,ISOPleasant,-0.25,0.3096426737160121,
isd_individual_iso_prediction__isd__isd_response_target_mean_shared6__seed2026,isd_individual_iso_prediction,ISD,dev,ISD_EustonTap_EustonTap2_ET201_R1326,ISD_EustonTap_EustonTap2_ET201,ISOPleasant,-0.6339,0.3096426737160121,
isd_individual_iso_prediction__isd__isd_response_target_mean_shared6__seed2026,isd_individual_iso_prediction,ISD,dev,ISD_EustonTap_EustonTap2_ET201_R1327,ISD_EustonTap_EustonTap2_ET201,ISOPleasant,-0.3107,0.3096426737160121,
isd_individual_iso_prediction__isd__isd_response_target_mean_shared6__seed2026,isd_individual_iso_prediction,ISD,dev,ISD_EustonTap_EustonTap2_ET201_R1328,ISD_EustonTap_EustonTap2_ET201,ISOPleasant,-0.2803,0.3096426737160121,
isd_individual_iso_prediction__isd__isd_response_target_mean_shared6__seed2026,isd_individual_iso_prediction,ISD,dev,ISD_EustonTap_EustonTap2_ET202_R1329,ISD_EustonTap_EustonTap2_ET202,ISOPleasant,-0.1768,0.3096426737160121,
isd_individual_iso_prediction__isd__isd_response_target_mean_shared6__seed2026,isd_individual_iso_prediction,ISD,dev,ISD_EustonTap_EustonTap2_ET203_R1330,ISD_EustonTap_EustonTap2_ET203,ISOPleasant,-0.3839,0.3096426737160121,
isd_individual_iso_prediction__isd__isd_response_target_mean_shared6__seed2026,isd_individual_iso_prediction,ISD,dev,ISD_EustonTap_EustonTap2_ET205_R1332,ISD_EustonTap_EustonTap2_ET205,ISOPleasant,-0.5303,0.3096426737160121,
isd_individual_iso_prediction__isd__isd_response_target_mean_shared6__seed2026,isd_individual_iso_prediction,ISD,dev,ISD_EustonTap_EustonTap2_ET205_R1333,ISD_EustonTap_EustonTap2_ET205,ISOPleasant,-0.5303,0.3096426737160121,
isd_individual_iso_prediction__isd__isd_response_target_mean_shared6__seed2026,isd_individual_iso_prediction,ISD,dev,ISD_EustonTap_EustonTap2_ET206_R1334,ISD_EustonTap_EustonTap2_ET206,ISOPleasant,-0.2197,0.3096426737160121,
isd_individual_iso_prediction__isd__isd_response_target_mean_shared6__seed2026,isd_individual_iso_prediction,ISD,dev,ISD_EustonTap_EustonTap2_ET206_R1335,ISD_EustonTap_EustonTap2_ET206,ISOPleasant,0.1768,0.3096426737160121,
isd_individual_iso_prediction__isd__isd_response_target_mean_shared6__seed2026,isd_individual_iso_prediction,ISD,dev,ISD_EustonTap_EustonTap2_ET206_R1336,ISD_EustonTap_EustonTap2_ET206,ISOPleasant,-0.0732,0.3096426737160121,
isd_individual_iso_prediction__isd__isd_response_target_mean_shared6__seed2026,isd_individual_iso_prediction,ISD,dev,ISD_EustonTap_EustonTap2_ET207_R1338,ISD_EustonTap_EustonTap2_ET207,ISOPleasant,-0.2803,0.3096426737160121,
isd_individual_iso_prediction__isd__isd_response_target_mean_shared6__seed2026,isd_individual_iso_prediction,ISD,dev,ISD_EustonTap_EustonTap2_ET207_R1339,ISD_EustonTap_EustonTap2_ET207,ISOPleasant,-0.0732,0.3096426737160121,
isd_individual_iso_prediction__isd__isd_response_target_mean_shared6__seed2026,isd_individual_iso_prediction,ISD,dev,ISD_EustonTap_EustonTap2_ET207_R1340,ISD_EustonTap_EustonTap2_ET207,ISOPleasant,-0.4268,0.3096426737160121,
isd_individual_iso_prediction__isd__isd_response_target_mean_shared6__seed2026,isd_individual_iso_prediction,ISD,dev,ISD_EustonTap_EustonTap2_ET207_R1341,ISD_EustonTap_EustonTap2_ET207,ISOPleasant,0.0,0.3096426737160121,
isd_individual_iso_prediction__isd__isd_response_target_mean_shared6__seed2026,isd_individual_iso_prediction,ISD,dev,ISD_EustonTap_EustonTap2_ET210_R1345,ISD_EustonTap_EustonTap2_ET210,ISOPleasant,-0.1339,0.3096426737160121,
isd_individual_iso_prediction__isd__isd_response_target_mean_shared6__seed2026,isd_individual_iso_prediction,ISD,dev,ISD_EustonTap_EustonTap2_ET211_R1346,ISD_EustonTap_EustonTap2_ET211,ISOPleasant,0.0126,0.3096426737160121,
isd_individual_iso_prediction__isd__isd_response_target_mean_shared6__seed2026,isd_individual_iso_prediction,ISD,dev,ISD_EustonTap_EustonTap2_ET212_R1347,ISD_EustonTap_EustonTap2_ET212,ISOPleasant,-0.1036,0.3096426737160121,
isd_individual_iso_prediction__isd__isd_response_target_mean_shared6__seed2026,isd_individual_iso_prediction,ISD,dev,ISD_EustonTap_EustonTap2_ET212_R1348,ISD_EustonTap_EustonTap2_ET212,ISOPleasant,-0.1464,0.3096426737160121,
isd_individual_iso_prediction__isd__isd_response_target_mean_shared6__seed2026,isd_individual_iso_prediction,ISD,dev,ISD_EustonTap_EustonTap2_ET213_R1349,ISD_EustonTap_EustonTap2_ET213,ISOPleasant,-0.0732,0.3096426737160121,
isd_individual_iso_prediction__isd__isd_response_target_mean_shared6__seed2026,isd_individual_iso_prediction,ISD,dev,ISD_EustonTap_EustonTap2_ET214_R1350,ISD_EustonTap_EustonTap2_ET214,ISOPleasant,0.1036,0.3096426737160121,
isd_individual_iso_prediction__isd__isd_response_target_mean_shared6__seed2026,isd_individual_iso_prediction,ISD,dev,ISD_EustonTap_EustonTap2_ET215_R1351,ISD_EustonTap_EustonTap2_ET215,ISOPleasant,-0.0732,0.3096426737160121,
isd_individual_iso_prediction__isd__isd_response_target_mean_shared6__seed2026,isd_individual_iso_prediction,ISD,dev,ISD_EustonTap_EustonTap2_ET216_R1352,ISD_EustonTap_EustonTap2_ET216,ISOPleasant,-0.4874,0.3096426737160121,
isd_individual_iso_prediction__isd__isd_response_target_mean_shared6__seed2026,isd_individual_iso_prediction,ISD,dev,ISD_EustonTap_EustonTap2_ET218_R1355,ISD_EustonTap_EustonTap2_ET218,ISOPleasant,-0.25,0.3096426737160121,
isd_individual_iso_prediction__isd__isd_response_target_mean_shared6__seed2026,isd_individual_iso_prediction,ISD,dev,ISD_EustonTap_EustonTap2_ET218_R1356,ISD_EustonTap_EustonTap2_ET218,ISOPleasant,0.0,0.3096426737160121,
isd_individual_iso_prediction__isd__isd_response_target_mean_shared6__seed2026,isd_individual_iso_prediction,ISD,dev,ISD_EustonTap_EustonTap2_ET219_R1357,ISD_EustonTap_EustonTap2_ET219,ISOPleasant,-0.3232,0.3096426737160121,
isd_individual_iso_prediction__isd__isd_response_target_mean_shared6__seed2026,isd_individual_iso_prediction,ISD,dev,ISD_EustonTap_EustonTap2_ET219_R1358,ISD_EustonTap_EustonTap2_ET219,ISOPleasant,-0.2929,0.3096426737160121,
isd_individual_iso_prediction__isd__isd_response_target_mean_shared6__seed2026,isd_individual_iso_prediction,ISD,dev,ISD_EustonTap_EustonTap2_ET220_R1359,ISD_EustonTap_EustonTap2_ET220,ISOPleasant,-0.159,0.3096426737160121,
isd_individual_iso_prediction__isd__isd_response_target_mean_shared6__seed2026,isd_individual_iso_prediction,ISD,dev,ISD_EustonTap_EustonTap2_ET221_R1360,ISD_EustonTap_EustonTap2_ET221,ISOPleasant,0.25,0.3096426737160121,
isd_individual_iso_prediction__isd__isd_response_target_mean_shared6__seed2026,isd_individual_iso_prediction,ISD,dev,ISD_EustonTap_EustonTap2_ET221_R1361,ISD_EustonTap_EustonTap2_ET221,ISOPleasant,0.0732,0.3096426737160121,
isd_individual_iso_prediction__isd__isd_response_target_mean_shared6__seed2026,isd_individual_iso_prediction,ISD,dev,ISD_EustonTap_EustonTap2_ET222_R1362,ISD_EustonTap_EustonTap2_ET222,ISOPleasant,-0.1768,0.3096426737160121,
isd_individual_iso_prediction__isd__isd_response_target_mean_shared6__seed2026,isd_individual_iso_prediction,ISD,dev,ISD_EustonTap_EustonTap3_ET302_R1366,ISD_EustonTap_EustonTap3_ET302,ISOPleasant,0.0303,0.3096426737160121,
isd_individual_iso_prediction__isd__isd_response_target_mean_shared6__seed2026,isd_individual_iso_prediction,ISD,dev,ISD_EustonTap_EustonTap3_ET302_R1367,ISD_EustonTap_EustonTap3_ET302,ISOPleasant,0.1464,0.3096426737160121,
isd_individual_iso_prediction__isd__isd_response_target_mean_shared6__seed2026,isd_individual_iso_prediction,ISD,dev,ISD_EustonTap_EustonTap3_ET303_R1370,ISD_EustonTap_EustonTap3_ET303,ISOPleasant,0.1036,0.3096426737160121,
isd_individual_iso_prediction__isd__isd_response_target_mean_shared6__seed2026,isd_individual_iso_prediction,ISD,dev,ISD_EustonTap_EustonTap3_ET303_R1371,ISD_EustonTap_EustonTap3_ET303,ISOPleasant,0.1768,0.3096426737160121,
isd_individual_iso_prediction__isd__isd_response_target_mean_shared6__seed2026,isd_individual_iso_prediction,ISD,dev,ISD_EustonTap_EustonTap3_ET303_R1372,ISD_EustonTap_EustonTap3_ET303,ISOPleasant,0.0,0.3096426737160121,
isd_individual_iso_prediction__isd__isd_response_target_mean_shared6__seed2026,isd_individual_iso_prediction,ISD,dev,ISD_EustonTap_EustonTap3_ET304_R1373,ISD_EustonTap_EustonTap3_ET304,ISOPleasant,0.1036,0.3096426737160121,
isd_individual_iso_prediction__isd__isd_response_target_mean_shared6__seed2026,isd_individual_iso_prediction,ISD,dev,ISD_EustonTap_EustonTap3_ET305_R1374,ISD_EustonTap_EustonTap3_ET305,ISOPleasant,-0.3232,0.3096426737160121,
isd_individual_iso_prediction__isd__isd_response_target_mean_shared6__seed2026,isd_individual_iso_prediction,ISD,dev,ISD_EustonTap_EustonTap3_ET306_R1375,ISD_EustonTap_EustonTap3_ET306,ISOPleasant,-0.3839,0.3096426737160121,
isd_individual_iso_prediction__isd__isd_response_target_mean_shared6__seed2026,isd_individual_iso_prediction,ISD,dev,ISD_EustonTap_EustonTap3_ET306_R1376,ISD_EustonTap_EustonTap3_ET306,ISOPleasant,0.0732,0.3096426737160121,
isd_individual_iso_prediction__isd__isd_response_target_mean_shared6__seed2026,isd_individual_iso_prediction,ISD,dev,ISD_EustonTap_EustonTap3_ET306_R1377,ISD_EustonTap_EustonTap3_ET306,ISOPleasant,-0.1036,0.3096426737160121,
isd_individual_iso_prediction__isd__isd_response_target_mean_shared6__seed2026,isd_individual_iso_prediction,ISD,dev,ISD_EustonTap_EustonTap3_ET306_R1378,ISD_EustonTap_EustonTap3_ET306,ISOPleasant,-0.1768,0.3096426737160121,
isd_individual_iso_prediction__isd__isd_response_target_mean_shared6__seed2026,isd_individual_iso_prediction,ISD,dev,ISD_EustonTap_EustonTap3_ET306_R1379,ISD_EustonTap_EustonTap3_ET306,ISOPleasant,0.0607,0.3096426737160121,
isd_individual_iso_prediction__isd__isd_response_target_mean_shared6__seed2026,isd_individual_iso_prediction,ISD,dev,ISD_EustonTap_EustonTap3_ET307_R1380,ISD_EustonTap_EustonTap3_ET307,ISOPleasant,-0.2071,0.3096426737160121,
isd_individual_iso_prediction__isd__isd_response_target_mean_shared6__seed2026,isd_individual_iso_prediction,ISD,dev,ISD_EustonTap_EustonTap3_ET307_R1381,ISD_EustonTap_EustonTap3_ET307,ISOPleasant,-0.3536,0.3096426737160121,
isd_individual_iso_prediction__isd__isd_response_target_mean_shared6__seed2026,isd_individual_iso_prediction,ISD,dev,ISD_EustonTap_EustonTap3_ET307_R1382,ISD_EustonTap_EustonTap3_ET307,ISOPleasant,-0.25,0.3096426737160121,
isd_individual_iso_prediction__isd__isd_response_target_mean_shared6__seed2026,isd_individual_iso_prediction,ISD,dev,ISD_EustonTap_EustonTap3_ET308_R1383,ISD_EustonTap_EustonTap3_ET308,ISOPleasant,-0.2626,0.3096426737160121,
isd_individual_iso_prediction__isd__isd_response_target_mean_shared6__seed2026,isd_individual_iso_prediction,ISD,dev,ISD_EustonTap_EustonTap3_ET310_R1385,ISD_EustonTap_EustonTap3_ET310,ISOPleasant,-0.2929,0.3096426737160121,
isd_individual_iso_prediction__isd__isd_response_target_mean_shared6__seed2026,isd_individual_iso_prediction,ISD,dev,ISD_EustonTap_EustonTap3_ET310_R1386,ISD_EustonTap_EustonTap3_ET310,ISOPleasant,-0.2803,0.3096426737160121,
isd_individual_iso_prediction__isd__isd_response_target_mean_shared6__seed2026,isd_individual_iso_prediction,ISD,dev,ISD_EustonTap_EustonTap3_ET311_R1387,ISD_EustonTap_EustonTap3_ET311,ISOPleasant,-0.3536,0.3096426737160121,
isd_individual_iso_prediction__isd__isd_response_target_mean_shared6__seed2026,isd_individual_iso_prediction,ISD,dev,ISD_EustonTap_EustonTap3_ET312_R1388,ISD_EustonTap_EustonTap3_ET312,ISOPleasant,-0.6036,0.3096426737160121,
isd_individual_iso_prediction__isd__isd_response_target_mean_shared6__seed2026,isd_individual_iso_prediction,ISD,dev,ISD_EustonTap_EustonTap3_ET313_R1389,ISD_EustonTap_EustonTap3_ET313,ISOPleasant,-0.0732,0.3096426737160121,
isd_individual_iso_prediction__isd__isd_response_target_mean_shared6__seed2026,isd_individual_iso_prediction,ISD,dev,ISD_EustonTap_EustonTap3_ET314_R1390,ISD_EustonTap_EustonTap3_ET314,ISOPleasant,-0.2803,0.3096426737160121,
isd_individual_iso_prediction__isd__isd_response_target_mean_shared6__seed2026,isd_individual_iso_prediction,ISD,dev,ISD_EustonTap_EustonTap3_ET314_R1391,ISD_EustonTap_EustonTap3_ET314,ISOPleasant,0.1464,0.3096426737160121,
isd_individual_iso_prediction__isd__isd_response_target_mean_shared6__seed2026,isd_individual_iso_prediction,ISD,dev,ISD_MarchmontGarden_MarchmontGarden1_MC101_R269,ISD_MarchmontGarden_MarchmontGarden1_MC101,ISOPleasant,-0.2803,0.3096426737160121,
isd_individual_iso_prediction__isd__isd_response_target_mean_shared6__seed2026,isd_individual_iso_prediction,ISD,dev,ISD_MarchmontGarden_MarchmontGarden1_MC102_R270,ISD_MarchmontGarden_MarchmontGarden1_MC102,ISOPleasant,0.25,0.3096426737160121,
isd_individual_iso_prediction__isd__isd_response_target_mean_shared6__seed2026,isd_individual_iso_prediction,ISD,dev,ISD_MarchmontGarden_MarchmontGarden1_MC103_R271,ISD_MarchmontGarden_MarchmontGarden1_MC103,ISOPleasant,0.3536,0.3096426737160121,
isd_individual_iso_prediction__isd__isd_response_target_mean_shared6__seed2026,isd_individual_iso_prediction,ISD,dev,ISD_MarchmontGarden_MarchmontGarden1_MC104_R272,ISD_MarchmontGarden_MarchmontGarden1_MC104,ISOPleasant,0.7071,0.3096426737160121,
isd_individual_iso_prediction__isd__isd_response_target_mean_shared6__seed2026,isd_individual_iso_prediction,ISD,dev,ISD_MarchmontGarden_MarchmontGarden1_MC105_R273,ISD_MarchmontGarden_MarchmontGarden1_MC105,ISOPleasant,0.2803,0.3096426737160121,
isd_individual_iso_prediction__isd__isd_response_target_mean_shared6__seed2026,isd_individual_iso_prediction,ISD,dev,ISD_MarchmontGarden_MarchmontGarden1_MC105_R274,ISD_MarchmontGarden_MarchmontGarden1_MC105,ISOPleasant,0.4268,0.3096426737160121,
isd_individual_iso_prediction__isd__isd_response_target_mean_shared6__seed2026,isd_individual_iso_prediction,ISD,dev,ISD_MarchmontGarden_MarchmontGarden1_MC106_R275,ISD_MarchmontGarden_MarchmontGarden1_MC106,ISOPleasant,0.1768,0.3096426737160121,
isd_individual_iso_prediction__isd__isd_response_target_mean_shared6__seed2026,isd_individual_iso_prediction,ISD,dev,ISD_MarchmontGarden_MarchmontGarden1_MC108_R277,ISD_MarchmontGarden_MarchmontGarden1_MC108,ISOPleasant,0.25,0.3096426737160121,
isd_individual_iso_prediction__isd__isd_response_target_mean_shared6__seed2026,isd_individual_iso_prediction,ISD,dev,ISD_MarchmontGarden_MarchmontGarden1_MC110_R278,ISD_MarchmontGarden_MarchmontGarden1_MC110,ISOPleasant,0.8536,0.3096426737160121,
isd_individual_iso_prediction__isd__isd_response_target_mean_shared6__seed2026,isd_individual_iso_prediction,ISD,dev,ISD_MarchmontGarden_MarchmontGarden1_MC111_R279,ISD_MarchmontGarden_MarchmontGarden1_MC111,ISOPleasant,0.0732,0.3096426737160121,
isd_individual_iso_prediction__isd__isd_response_target_mean_shared6__seed2026,isd_individual_iso_prediction,ISD,dev,ISD_MarchmontGarden_MarchmontGarden1_MC111_R280,ISD_MarchmontGarden_MarchmontGarden1_MC111,ISOPleasant,0.5607,0.3096426737160121,
isd_individual_iso_prediction__isd__isd_response_target_mean_shared6__seed2026,isd_individual_iso_prediction,ISD,dev,ISD_MarchmontGarden_MarchmontGarden1_MC112_R281,ISD_MarchmontGarden_MarchmontGarden1_MC112,ISOPleasant,-0.1768,0.3096426737160121,
isd_individual_iso_prediction__isd__isd_response_target_mean_shared6__seed2026,isd_individual_iso_prediction,ISD,dev,ISD_MarchmontGarden_MarchmontGarden1_MC114_R282,ISD_MarchmontGarden_MarchmontGarden1_MC114,ISOPleasant,-0.5,0.3096426737160121,
isd_individual_iso_prediction__isd__isd_response_target_mean_shared6__seed2026,isd_individual_iso_prediction,ISD,dev,ISD_MarchmontGarden_MarchmontGarden1_MC115_R283,ISD_MarchmontGarden_MarchmontGarden1_MC115,ISOPleasant,0.0,0.3096426737160121,
isd_individual_iso_prediction__isd__isd_response_target_mean_shared6__seed2026,isd_individual_iso_prediction,ISD,dev,ISD_MarchmontGarden_MarchmontGarden1_MC116_R284,ISD_MarchmontGarden_MarchmontGarden1_MC116,ISOPleasant,-0.4571,0.3096426737160121,
isd_individual_iso_prediction__isd__isd_response_target_mean_shared6__seed2026,isd_individual_iso_prediction,ISD,dev,ISD_MarchmontGarden_MarchmontGarden1_MC116_R285,ISD_MarchmontGarden_MarchmontGarden1_MC116,ISOPleasant,-0.1339,0.3096426737160121,
isd_individual_iso_prediction__isd__isd_response_target_mean_shared6__seed2026,isd_individual_iso_prediction,ISD,dev,ISD_MarchmontGarden_MarchmontGarden1_MC118_R287,ISD_MarchmontGarden_MarchmontGarden1_MC118,ISOPleasant,0.1464,0.3096426737160121,
isd_individual_iso_prediction__isd__isd_response_target_mean_shared6__seed2026,isd_individual_iso_prediction,ISD,dev,ISD_MarchmontGarden_MarchmontGarden1_MC118_R288,ISD_MarchmontGarden_MarchmontGarden1_MC118,ISOPleasant,0.0,0.3096426737160121,
isd_individual_iso_prediction__isd__isd_response_target_mean_shared6__seed2026,isd_individual_iso_prediction,ISD,dev,ISD_MarchmontGarden_MarchmontGarden1_MC118_R289,ISD_MarchmontGarden_MarchmontGarden1_MC118,ISOPleasant,0.1036,0.3096426737160121,
isd_individual_iso_prediction__isd__isd_response_target_mean_shared6__seed2026,isd_individual_iso_prediction,ISD,dev,ISD_MarchmontGarden_MarchmontGarden1_MC119_R290,ISD_MarchmontGarden_MarchmontGarden1_MC119,ISOPleasant,0.4571,0.3096426737160121,
isd_individual_iso_prediction__isd__isd_response_target_mean_shared6__seed2026,isd_individual_iso_prediction,ISD,dev,ISD_MarchmontGarden_MarchmontGarden1_MC119_R291,ISD_MarchmontGarden_MarchmontGarden1_MC119,ISOPleasant,0.2803,0.3096426737160121,
isd_individual_iso_prediction__isd__isd_response_target_mean_shared6__seed2026,isd_individual_iso_prediction,ISD,dev,ISD_MarchmontGarden_MarchmontGarden1_MC120_R292,ISD_MarchmontGarden_MarchmontGarden1_MC120,ISOPleasant,1.0,0.3096426737160121,
isd_individual_iso_prediction__isd__isd_response_target_mean_shared6__seed2026,isd_individual_iso_prediction,ISD,dev,ISD_MarchmontGarden_MarchmontGarden1_MC120_R293,ISD_MarchmontGarden_MarchmontGarden1_MC120,ISOPleasant,1.0,0.3096426737160121,
isd_individual_iso_prediction__isd__isd_response_target_mean_shared6__seed2026,isd_individual_iso_prediction,ISD,dev,ISD_MarchmontGarden_MarchmontGarden1_MC121_R294,ISD_MarchmontGarden_MarchmontGarden1_MC121,ISOPleasant,0.7071,0.3096426737160121,
isd_individual_iso_prediction__isd__isd_response_target_mean_shared6__seed2026,isd_individual_iso_prediction,ISD,dev,ISD_MarchmontGarden_MarchmontGarden1_MC121_R295,ISD_MarchmontGarden_MarchmontGarden1_MC121,ISOPleasant,0.9268,0.3096426737160121,
isd_individual_iso_prediction__isd__isd_response_target_mean_shared6__seed2026,isd_individual_iso_prediction,ISD,dev,ISD_MarchmontGarden_MarchmontGarden1_MC122_R296,ISD_MarchmontGarden_MarchmontGarden1_MC122,ISOPleasant,0.5732,0.3096426737160121,
isd_individual_iso_prediction__isd__isd_response_target_mean_shared6__seed2026,isd_individual_iso_prediction,ISD,dev,ISD_MarchmontGarden_MarchmontGarden1_MC127_R298,ISD_MarchmontGarden_MarchmontGarden1_MC127,ISOPleasant,0.2678,0.3096426737160121,
isd_individual_iso_prediction__isd__isd_response_target_mean_shared6__seed2026,isd_individual_iso_prediction,ISD,dev,ISD_MarchmontGarden_MarchmontGarden1_MC129_R300,ISD_MarchmontGarden_MarchmontGarden1_MC129,ISOPleasant,0.2197,0.3096426737160121,
isd_individual_iso_prediction__isd__isd_response_target_mean_shared6__seed2026,isd_individual_iso_prediction,ISD,dev,ISD_MarchmontGarden_MarchmontGarden2_MC203_R306,ISD_MarchmontGarden_MarchmontGarden2_MC203,ISOPleasant,0.9268,0.3096426737160121,
isd_individual_iso_prediction__isd__isd_response_target_mean_shared6__seed2026,isd_individual_iso_prediction,ISD,dev,ISD_MarchmontGarden_MarchmontGarden2_MC204_R302,ISD_MarchmontGarden_MarchmontGarden2_MC204,ISOPleasant,0.1036,0.3096426737160121,
isd_individual_iso_prediction__isd__isd_response_target_mean_shared6__seed2026,isd_individual_iso_prediction,ISD,dev,ISD_MarchmontGarden_MarchmontGarden2_MC206_R303,ISD_MarchmontGarden_MarchmontGarden2_MC206,ISOPleasant,0.6036,0.3096426737160121,
isd_individual_iso_prediction__isd__isd_response_target_mean_shared6__seed2026,isd_individual_iso_prediction,ISD,dev,ISD_MarchmontGarden_MarchmontGarden2_MC207_R304,ISD_MarchmontGarden_MarchmontGarden2_MC207,ISOPleasant,0.6464,0.3096426737160121,
isd_individual_iso_prediction__isd__isd_response_target_mean_shared6__seed2026,isd_individual_iso_prediction,ISD,dev,ISD_MarchmontGarden_MarchmontGarden3_MC301_R309,ISD_MarchmontGarden_MarchmontGarden3_MC301,ISOPleasant,0.3107,0.3096426737160121,
isd_individual_iso_prediction__isd__isd_response_target_mean_shared6__seed2026,isd_individual_iso_prediction,ISD,dev,ISD_MarchmontGarden_MarchmontGarden3_MC302_R308,ISD_MarchmontGarden_MarchmontGarden3_MC302,ISOPleasant,0.25,0.3096426737160121,
isd_individual_iso_prediction__isd__isd_response_target_mean_shared6__seed2026,isd_individual_iso_prediction,ISD,dev,ISD_MarchmontGarden_MarchmontGarden3_MC302_R335,ISD_MarchmontGarden_MarchmontGarden3_MC302,ISOPleasant,-0.3232,0.3096426737160121,
isd_individual_iso_prediction__isd__isd_response_target_mean_shared6__seed2026,isd_individual_iso_prediction,ISD,dev,ISD_MarchmontGarden_MarchmontGarden3_MC303_R310,ISD_MarchmontGarden_MarchmontGarden3_MC303,ISOPleasant,0.4268,0.3096426737160121,
isd_individual_iso_prediction__isd__isd_response_target_mean_shared6__seed2026,isd_individual_iso_prediction,ISD,dev,ISD_MarchmontGarden_MarchmontGarden3_MC307_R313,ISD_MarchmontGarden_MarchmontGarden3_MC307,ISOPleasant,0.6339,0.3096426737160121,
isd_individual_iso_prediction__isd__isd_response_target_mean_shared6__seed2026,isd_individual_iso_prediction,ISD,dev,ISD_MarchmontGarden_MarchmontGarden3_MC308_R314,ISD_MarchmontGarden_MarchmontGarden3_MC308,ISOPleasant,0.5732,0.3096426737160121,
isd_individual_iso_prediction__isd__isd_response_target_mean_shared6__seed2026,isd_individual_iso_prediction,ISD,dev,ISD_MarchmontGarden_MarchmontGarden3_MC309_R315,ISD_MarchmontGarden_MarchmontGarden3_MC309,ISOPleasant,0.75,0.3096426737160121,
isd_individual_iso_prediction__isd__isd_response_target_mean_shared6__seed2026,isd_individual_iso_prediction,ISD,dev,ISD_MarchmontGarden_MarchmontGarden3_MC310_R316,ISD_MarchmontGarden_MarchmontGarden3_MC310,ISOPleasant,-0.4268,0.3096426737160121,
isd_individual_iso_prediction__isd__isd_response_target_mean_shared6__seed2026,isd_individual_iso_prediction,ISD,dev,ISD_MarchmontGarden_MarchmontGarden3_MC311_R317,ISD_MarchmontGarden_MarchmontGarden3_MC311,ISOPleasant,0.4268,0.3096426737160121,
isd_individual_iso_prediction__isd__isd_response_target_mean_shared6__seed2026,isd_individual_iso_prediction,ISD,dev,ISD_MarchmontGarden_MarchmontGarden3_MC311_R336,ISD_MarchmontGarden_MarchmontGarden3_MC311,ISOPleasant,-0.1464,0.3096426737160121,
isd_individual_iso_prediction__isd__isd_response_target_mean_shared6__seed2026,isd_individual_iso_prediction,ISD,dev,ISD_MarchmontGarden_MarchmontGarden3_MC312_R337,ISD_MarchmontGarden_MarchmontGarden3_MC312,ISOPleasant,-0.4268,0.3096426737160121,
isd_individual_iso_prediction__isd__isd_response_target_mean_shared6__seed2026,isd_individual_iso_prediction,ISD,dev,ISD_MarchmontGarden_MarchmontGarden3_MC316_R320,ISD_MarchmontGarden_MarchmontGarden3_MC316,ISOPleasant,0.6036,0.3096426737160121,
isd_individual_iso_prediction__isd__isd_response_target_mean_shared6__seed2026,isd_individual_iso_prediction,ISD,dev,ISD_MarchmontGarden_MarchmontGarden3_MC317_R322,ISD_MarchmontGarden_MarchmontGarden3_MC317,ISOPleasant,0.5,0.3096426737160121,
isd_individual_iso_prediction__isd__isd_response_target_mean_shared6__seed2026,isd_individual_iso_prediction,ISD,dev,ISD_MarchmontGarden_MarchmontGarden3_MC318_R339,ISD_MarchmontGarden_MarchmontGarden3_MC318,ISOPleasant,-0.0429,0.3096426737160121,
isd_individual_iso_prediction__isd__isd_response_target_mean_shared6__seed2026,isd_individual_iso_prediction,ISD,dev,ISD_MarchmontGarden_MarchmontGarden3_MC318_R340,ISD_MarchmontGarden_MarchmontGarden3_MC318,ISOPleasant,-0.2197,0.3096426737160121,
isd_individual_iso_prediction__isd__isd_response_target_mean_shared6__seed2026,isd_individual_iso_prediction,ISD,dev,ISD_MarchmontGarden_MarchmontGarden3_MC319_R321,ISD_MarchmontGarden_MarchmontGarden3_MC319,ISOPleasant,0.7803,0.3096426737160121,
isd_individual_iso_prediction__isd__isd_response_target_mean_shared6__seed2026,isd_individual_iso_prediction,ISD,dev,ISD_MarchmontGarden_MarchmontGarden3_MC320_R338,ISD_MarchmontGarden_MarchmontGarden3_MC320,ISOPleasant,0.5607,0.3096426737160121,
isd_individual_iso_prediction__isd__isd_response_target_mean_shared6__seed2026,isd_individual_iso_prediction,ISD,dev,ISD_MarchmontGarden_MarchmontGarden3_MC321_R323,ISD_MarchmontGarden_MarchmontGarden3_MC321,ISOPleasant,0.6768,0.3096426737160121,
isd_individual_iso_prediction__isd__isd_response_target_mean_shared6__seed2026,isd_individual_iso_prediction,ISD,dev,ISD_MarchmontGarden_MarchmontGarden3_MC323_R341,ISD_MarchmontGarden_MarchmontGarden3_MC323,ISOPleasant,-0.4697,0.3096426737160121,
isd_individual_iso_prediction__isd__isd_response_target_mean_shared6__seed2026,isd_individual_iso_prediction,ISD,dev,ISD_MarchmontGarden_MarchmontGarden3_MC324_R326,ISD_MarchmontGarden_MarchmontGarden3_MC324,ISOPleasant,0.5303,0.3096426737160121,
isd_individual_iso_prediction__isd__isd_response_target_mean_shared6__seed2026,isd_individual_iso_prediction,ISD,dev,ISD_MarchmontGarden_MarchmontGarden3_MC325_R327,ISD_MarchmontGarden_MarchmontGarden3_MC325,ISOPleasant,0.8536,0.3096426737160121,
isd_individual_iso_prediction__isd__isd_response_target_mean_shared6__seed2026,isd_individual_iso_prediction,ISD,dev,ISD_MarchmontGarden_MarchmontGarden3_MC328_R329,ISD_MarchmontGarden_MarchmontGarden3_MC328,ISOPleasant,-0.6036,0.3096426737160121,
isd_individual_iso_prediction__isd__isd_response_target_mean_shared6__seed2026,isd_individual_iso_prediction,ISD,dev,ISD_MarchmontGarden_MarchmontGarden3_MC329_R342,ISD_MarchmontGarden_MarchmontGarden3_MC329,ISOPleasant,-0.6036,0.3096426737160121,
isd_individual_iso_prediction__isd__isd_response_target_mean_shared6__seed2026,isd_individual_iso_prediction,ISD,dev,ISD_MarchmontGarden_MarchmontGarden3_MC330_R330,ISD_MarchmontGarden_MarchmontGarden3_MC330,ISOPleasant,-0.1036,0.3096426737160121,
isd_individual_iso_prediction__isd__isd_response_target_mean_shared6__seed2026,isd_individual_iso_prediction,ISD,dev,ISD_MarchmontGarden_MarchmontGarden3_MC331_R331,ISD_MarchmontGarden_MarchmontGarden3_MC331,ISOPleasant,0.5732,0.3096426737160121,
isd_individual_iso_prediction__isd__isd_response_target_mean_shared6__seed2026,isd_individual_iso_prediction,ISD,dev,ISD_MarchmontGarden_MarchmontGarden3_MC332_R332,ISD_MarchmontGarden_MarchmontGarden3_MC332,ISOPleasant,0.1036,0.3096426737160121,
isd_individual_iso_prediction__isd__isd_response_target_mean_shared6__seed2026,isd_individual_iso_prediction,ISD,dev,ISD_MarchmontGarden_MarchmontGarden3_MC332_R343,ISD_MarchmontGarden_MarchmontGarden3_MC332,ISOPleasant,-0.1768,0.3096426737160121,
isd_individual_iso_prediction__isd__isd_response_target_mean_shared6__seed2026,isd_individual_iso_prediction,ISD,dev,ISD_MarchmontGarden_MarchmontGarden3_MC333_R344,ISD_MarchmontGarden_MarchmontGarden3_MC333,ISOPleasant,-0.2803,0.3096426737160121,
isd_individual_iso_prediction__isd__isd_response_target_mean_shared6__seed2026,isd_individual_iso_prediction,ISD,dev,ISD_MarchmontGarden_MarchmontGarden3_MC333_R345,ISD_MarchmontGarden_MarchmontGarden3_MC333,ISOPleasant,-0.3536,0.3096426737160121,
isd_individual_iso_prediction__isd__isd_response_target_mean_shared6__seed2026,isd_individual_iso_prediction,ISD,dev,ISD_MarchmontGarden_MarchmontGarden3_MC334_R346,ISD_MarchmontGarden_MarchmontGarden3_MC334,ISOPleasant,-0.2803,0.3096426737160121,
isd_individual_iso_prediction__isd__isd_response_target_mean_shared6__seed2026,isd_individual_iso_prediction,ISD,dev,ISD_MarchmontGarden_MarchmontGarden3_MC335_R333,ISD_MarchmontGarden_MarchmontGarden3_MC335,ISOPleasant,0.75,0.3096426737160121,
isd_individual_iso_prediction__isd__isd_response_target_mean_shared6__seed2026,isd_individual_iso_prediction,ISD,dev,ISD_MarchmontGarden_MarchmontGarden3_MC336_R334,ISD_MarchmontGarden_MarchmontGarden3_MC336,ISOPleasant,0.5303,0.3096426737160121,
isd_individual_iso_prediction__isd__isd_response_target_mean_shared6__seed2026,isd_individual_iso_prediction,ISD,dev,ISD_MarchmontGarden_MarchmontGarden3_MC336_R347,ISD_MarchmontGarden_MarchmontGarden3_MC336,ISOPleasant,-0.2071,0.3096426737160121,
isd_individual_iso_prediction__isd__isd_response_target_mean_shared6__seed2026,isd_individual_iso_prediction,ISD,dev,ISD_MarchmontGarden_MarchmontGarden4_MC401_R348,ISD_MarchmontGarden_MarchmontGarden4_MC401,ISOPleasant,0.5,0.3096426737160121,
isd_individual_iso_prediction__isd__isd_response_target_mean_shared6__seed2026,isd_individual_iso_prediction,ISD,dev,ISD_MarchmontGarden_MarchmontGarden4_MC402_R349,ISD_MarchmontGarden_MarchmontGarden4_MC402,ISOPleasant,0.7803,0.3096426737160121,
isd_individual_iso_prediction__isd__isd_response_target_mean_shared6__seed2026,isd_individual_iso_prediction,ISD,dev,ISD_MarchmontGarden_MarchmontGarden4_MC402_R350,ISD_MarchmontGarden_MarchmontGarden4_MC402,ISOPleasant,-0.0303,0.3096426737160121,
isd_individual_iso_prediction__isd__isd_response_target_mean_shared6__seed2026,isd_individual_iso_prediction,ISD,dev,ISD_MarchmontGarden_MarchmontGarden4_MC404_R352,ISD_MarchmontGarden_MarchmontGarden4_MC404,ISOPleasant,-0.2071,0.3096426737160121,
isd_individual_iso_prediction__isd__isd_response_target_mean_shared6__seed2026,isd_individual_iso_prediction,ISD,dev,ISD_MarchmontGarden_MarchmontGarden4_MC404_R353,ISD_MarchmontGarden_MarchmontGarden4_MC404,ISOPleasant,0.1768,0.3096426737160121,
isd_individual_iso_prediction__isd__isd_response_target_mean_shared6__seed2026,isd_individual_iso_prediction,ISD,dev,ISD_MarchmontGarden_MarchmontGarden4_MC404_R418,ISD_MarchmontGarden_MarchmontGarden4_MC404,ISOPleasant,0.25,0.3096426737160121,
isd_individual_iso_prediction__isd__isd_response_target_mean_shared6__seed2026,isd_individual_iso_prediction,ISD,dev,ISD_MarchmontGarden_MarchmontGarden4_MC404_R419,ISD_MarchmontGarden_MarchmontGarden4_MC404,ISOPleasant,-0.1036,0.3096426737160121,
isd_individual_iso_prediction__isd__isd_response_target_mean_shared6__seed2026,isd_individual_iso_prediction,ISD,dev,ISD_MarchmontGarden_MarchmontGarden4_MC405_R354,ISD_MarchmontGarden_MarchmontGarden4_MC405,ISOPleasant,0.7071,0.3096426737160121,
isd_individual_iso_prediction__isd__isd_response_target_mean_shared6__seed2026,isd_individual_iso_prediction,ISD,dev,ISD_MarchmontGarden_MarchmontGarden4_MC406_R355,ISD_MarchmontGarden_MarchmontGarden4_MC406,ISOPleasant,0.6339,0.3096426737160121,
isd_individual_iso_prediction__isd__isd_response_target_mean_shared6__seed2026,isd_individual_iso_prediction,ISD,dev,ISD_MarchmontGarden_MarchmontGarden4_MC407_R356,ISD_MarchmontGarden_MarchmontGarden4_MC407,ISOPleasant,0.4571,0.3096426737160121,
isd_individual_iso_prediction__isd__isd_response_target_mean_shared6__seed2026,isd_individual_iso_prediction,ISD,dev,ISD_MarchmontGarden_MarchmontGarden4_MC407_R357,ISD_MarchmontGarden_MarchmontGarden4_MC407,ISOPleasant,0.5,0.3096426737160121,
isd_individual_iso_prediction__isd__isd_response_target_mean_shared6__seed2026,isd_individual_iso_prediction,ISD,dev,ISD_MarchmontGarden_MarchmontGarden4_MC407_R420,ISD_MarchmontGarden_MarchmontGarden4_MC407,ISOPleasant,0.0732,0.3096426737160121,
isd_individual_iso_prediction__isd__isd_response_target_mean_shared6__seed2026,isd_individual_iso_prediction,ISD,dev,ISD_MarchmontGarden_MarchmontGarden4_MC409_R358,ISD_MarchmontGarden_MarchmontGarden4_MC409,ISOPleasant,0.4268,0.3096426737160121,
isd_individual_iso_prediction__isd__isd_response_target_mean_shared6__seed2026,isd_individual_iso_prediction,ISD,dev,ISD_MarchmontGarden_MarchmontGarden4_MC409_R359,ISD_MarchmontGarden_MarchmontGarden4_MC409,ISOPleasant,-0.4571,0.3096426737160121,
isd_individual_iso_prediction__isd__isd_response_target_mean_shared6__seed2026,isd_individual_iso_prediction,ISD,dev,ISD_MarchmontGarden_MarchmontGarden4_MC410_R360,ISD_MarchmontGarden_MarchmontGarden4_MC410,ISOPleasant,0.3536,0.3096426737160121,
isd_individual_iso_prediction__isd__isd_response_target_mean_shared6__seed2026,isd_individual_iso_prediction,ISD,dev,ISD_MarchmontGarden_MarchmontGarden4_MC412_R362,ISD_MarchmontGarden_MarchmontGarden4_MC412,ISOPleasant,0.7071,0.3096426737160121,
isd_individual_iso_prediction__isd__isd_response_target_mean_shared6__seed2026,isd_individual_iso_prediction,ISD,dev,ISD_MarchmontGarden_MarchmontGarden4_MC413_R363,ISD_MarchmontGarden_MarchmontGarden4_MC413,ISOPleasant,0.25,0.3096426737160121,
isd_individual_iso_prediction__isd__isd_response_target_mean_shared6__seed2026,isd_individual_iso_prediction,ISD,dev,ISD_MarchmontGarden_MarchmontGarden4_MC413_R364,ISD_MarchmontGarden_MarchmontGarden4_MC413,ISOPleasant,-0.25,0.3096426737160121,
isd_individual_iso_prediction__isd__isd_response_target_mean_shared6__seed2026,isd_individual_iso_prediction,ISD,dev,ISD_MarchmontGarden_MarchmontGarden4_MC414_R365,ISD_MarchmontGarden_MarchmontGarden4_MC414,ISOPleasant,0.4268,0.3096426737160121,
isd_individual_iso_prediction__isd__isd_response_target_mean_shared6__seed2026,isd_individual_iso_prediction,ISD,dev,ISD_MarchmontGarden_MarchmontGarden4_MC415_R366,ISD_MarchmontGarden_MarchmontGarden4_MC415,ISOPleasant,0.5303,0.3096426737160121,
isd_individual_iso_prediction__isd__isd_response_target_mean_shared6__seed2026,isd_individual_iso_prediction,ISD,dev,ISD_MarchmontGarden_MarchmontGarden4_MC415_R367,ISD_MarchmontGarden_MarchmontGarden4_MC415,ISOPleasant,0.9268,0.3096426737160121,
isd_individual_iso_prediction__isd__isd_response_target_mean_shared6__seed2026,isd_individual_iso_prediction,ISD,dev,ISD_MarchmontGarden_MarchmontGarden4_MC416_R368,ISD_MarchmontGarden_MarchmontGarden4_MC416,ISOPleasant,0.6339,0.3096426737160121,
isd_individual_iso_prediction__isd__isd_response_target_mean_shared6__seed2026,isd_individual_iso_prediction,ISD,dev,ISD_MarchmontGarden_MarchmontGarden4_MC417_R369,ISD_MarchmontGarden_MarchmontGarden4_MC417,ISOPleasant,-0.3107,0.3096426737160121,
isd_individual_iso_prediction__isd__isd_response_target_mean_shared6__seed2026,isd_individual_iso_prediction,ISD,dev,ISD_MarchmontGarden_MarchmontGarden4_MC417_R416,ISD_MarchmontGarden_MarchmontGarden4_MC417,ISOPleasant,-0.8536,0.3096426737160121,
isd_individual_iso_prediction__isd__isd_response_target_mean_shared6__seed2026,isd_individual_iso_prediction,ISD,dev,ISD_MarchmontGarden_MarchmontGarden4_MC418_R417,ISD_MarchmontGarden_MarchmontGarden4_MC418,ISOPleasant,0.3536,0.3096426737160121,
isd_individual_iso_prediction__isd__isd_response_target_mean_shared6__seed2026,isd_individual_iso_prediction,ISD,dev,ISD_PancrasLock_PancrasLock1_PL101_R215,ISD_PancrasLock_PancrasLock1_PL101,ISOPleasant,0.1339,0.3096426737160121,
isd_individual_iso_prediction__isd__isd_response_target_mean_shared6__seed2026,isd_individual_iso_prediction,ISD,dev,ISD_PancrasLock_PancrasLock1_PL102_R216,ISD_PancrasLock_PancrasLock1_PL102,ISOPleasant,-0.75,0.3096426737160121,
isd_individual_iso_prediction__isd__isd_response_target_mean_shared6__seed2026,isd_individual_iso_prediction,ISD,dev,ISD_PancrasLock_PancrasLock1_PL102_R242,ISD_PancrasLock_PancrasLock1_PL102,ISOPleasant,0.4268,0.3096426737160121,
isd_individual_iso_prediction__isd__isd_response_target_mean_shared6__seed2026,isd_individual_iso_prediction,ISD,dev,ISD_PancrasLock_PancrasLock1_PL103_R217,ISD_PancrasLock_PancrasLock1_PL103,ISOPleasant,0.5,0.3096426737160121,
isd_individual_iso_prediction__isd__isd_response_target_mean_shared6__seed2026,isd_individual_iso_prediction,ISD,dev,ISD_PancrasLock_PancrasLock1_PL103_R239,ISD_PancrasLock_PancrasLock1_PL103,ISOPleasant,0.1768,0.3096426737160121,
isd_individual_iso_prediction__isd__isd_response_target_mean_shared6__seed2026,isd_individual_iso_prediction,ISD,dev,ISD_PancrasLock_PancrasLock1_PL105_R219,ISD_PancrasLock_PancrasLock1_PL105,ISOPleasant,0.6339,0.3096426737160121,
isd_individual_iso_prediction__isd__isd_response_target_mean_shared6__seed2026,isd_individual_iso_prediction,ISD,dev,ISD_PancrasLock_PancrasLock1_PL106_R240,ISD_PancrasLock_PancrasLock1_PL106,ISOPleasant,0.3232,0.3096426737160121,
isd_individual_iso_prediction__isd__isd_response_target_mean_shared6__seed2026,isd_individual_iso_prediction,ISD,dev,ISD_PancrasLock_PancrasLock1_PL107_R220,ISD_PancrasLock_PancrasLock1_PL107,ISOPleasant,0.6339,0.3096426737160121,
isd_individual_iso_prediction__isd__isd_response_target_mean_shared6__seed2026,isd_individual_iso_prediction,ISD,dev,ISD_PancrasLock_PancrasLock1_PL107_R232,ISD_PancrasLock_PancrasLock1_PL107,ISOPleasant,0.4571,0.3096426737160121,
isd_individual_iso_prediction__isd__isd_response_target_mean_shared6__seed2026,isd_individual_iso_prediction,ISD,dev,ISD_PancrasLock_PancrasLock1_PL107_R233,ISD_PancrasLock_PancrasLock1_PL107,ISOPleasant,0.0429,0.3096426737160121,
isd_individual_iso_prediction__isd__isd_response_target_mean_shared6__seed2026,isd_individual_iso_prediction,ISD,dev,ISD_PancrasLock_PancrasLock1_PL107_R234,ISD_PancrasLock_PancrasLock1_PL107,ISOPleasant,0.2803,0.3096426737160121,
isd_individual_iso_prediction__isd__isd_response_target_mean_shared6__seed2026,isd_individual_iso_prediction,ISD,dev,ISD_PancrasLock_PancrasLock1_PL107_R235,ISD_PancrasLock_PancrasLock1_PL107,ISOPleasant,0.8536,0.3096426737160121,
isd_individual_iso_prediction__isd__isd_response_target_mean_shared6__seed2026,isd_individual_iso_prediction,ISD,dev,ISD_PancrasLock_PancrasLock1_PL107_R236,ISD_PancrasLock_PancrasLock1_PL107,ISOPleasant,0.2071,0.3096426737160121,
isd_individual_iso_prediction__isd__isd_response_target_mean_shared6__seed2026,isd_individual_iso_prediction,ISD,dev,ISD_PancrasLock_PancrasLock1_PL107_R237,ISD_PancrasLock_PancrasLock1_PL107,ISOPleasant,0.2803,0.3096426737160121,
isd_individual_iso_prediction__isd__isd_response_target_mean_shared6__seed2026,isd_individual_iso_prediction,ISD,dev,ISD_PancrasLock_PancrasLock1_PL107_R243,ISD_PancrasLock_PancrasLock1_PL107,ISOPleasant,-0.1161,0.3096426737160121,
isd_individual_iso_prediction__isd__isd_response_target_mean_shared6__seed2026,isd_individual_iso_prediction,ISD,dev,ISD_PancrasLock_PancrasLock1_PL107_R244,ISD_PancrasLock_PancrasLock1_PL107,ISOPleasant,0.0,0.3096426737160121,
isd_individual_iso_prediction__isd__isd_response_target_mean_shared6__seed2026,isd_individual_iso_prediction,ISD,dev,ISD_PancrasLock_PancrasLock1_PL107_R246,ISD_PancrasLock_PancrasLock1_PL107,ISOPleasant,0.7071,0.3096426737160121,
isd_individual_iso_prediction__isd__isd_response_target_mean_shared6__seed2026,isd_individual_iso_prediction,ISD,dev,ISD_PancrasLock_PancrasLock1_PL107_R247,ISD_PancrasLock_PancrasLock1_PL107,ISOPleasant,0.4268,0.3096426737160121,
isd_individual_iso_prediction__isd__isd_response_target_mean_shared6__seed2026,isd_individual_iso_prediction,ISD,dev,ISD_PancrasLock_PancrasLock1_PL107_R248,ISD_PancrasLock_PancrasLock1_PL107,ISOPleasant,0.1768,0.3096426737160121,
isd_individual_iso_prediction__isd__isd_response_target_mean_shared6__seed2026,isd_individual_iso_prediction,ISD,dev,ISD_PancrasLock_PancrasLock1_PL107_R249,ISD_PancrasLock_PancrasLock1_PL107,ISOPleasant,0.3536,0.3096426737160121,
isd_individual_iso_prediction__isd__isd_response_target_mean_shared6__seed2026,isd_individual_iso_prediction,ISD,dev,ISD_PancrasLock_PancrasLock1_PL107_R250,ISD_PancrasLock_PancrasLock1_PL107,ISOPleasant,0.3232,0.3096426737160121,
isd_individual_iso_prediction__isd__isd_response_target_mean_shared6__seed2026,isd_individual_iso_prediction,ISD,dev,ISD_PancrasLock_PancrasLock1_PL107_R251,ISD_PancrasLock_PancrasLock1_PL107,ISOPleasant,0.1339,0.3096426737160121,
isd_individual_iso_prediction__isd__isd_response_target_mean_shared6__seed2026,isd_individual_iso_prediction,ISD,dev,ISD_PancrasLock_PancrasLock1_PL107_R252,ISD_PancrasLock_PancrasLock1_PL107,ISOPleasant,0.1768,0.3096426737160121,
isd_individual_iso_prediction__isd__isd_response_target_mean_shared6__seed2026,isd_individual_iso_prediction,ISD,dev,ISD_PancrasLock_PancrasLock1_PL107_R253,ISD_PancrasLock_PancrasLock1_PL107,ISOPleasant,-0.2803,0.3096426737160121,
isd_individual_iso_prediction__isd__isd_response_target_mean_shared6__seed2026,isd_individual_iso_prediction,ISD,dev,ISD_PancrasLock_PancrasLock1_PL107_R254,ISD_PancrasLock_PancrasLock1_PL107,ISOPleasant,-0.25,0.3096426737160121,
isd_individual_iso_prediction__isd__isd_response_target_mean_shared6__seed2026,isd_individual_iso_prediction,ISD,dev,ISD_PancrasLock_PancrasLock1_PL107_R255,ISD_PancrasLock_PancrasLock1_PL107,ISOPleasant,-0.3536,0.3096426737160121,
isd_individual_iso_prediction__isd__isd_response_target_mean_shared6__seed2026,isd_individual_iso_prediction,ISD,dev,ISD_PancrasLock_PancrasLock1_PL107_R256,ISD_PancrasLock_PancrasLock1_PL107,ISOPleasant,0.2071,0.3096426737160121,
isd_individual_iso_prediction__isd__isd_response_target_mean_shared6__seed2026,isd_individual_iso_prediction,ISD,dev,ISD_PancrasLock_PancrasLock1_PL107_R257,ISD_PancrasLock_PancrasLock1_PL107,ISOPleasant,-0.4268,0.3096426737160121,
isd_individual_iso_prediction__isd__isd_response_target_mean_shared6__seed2026,isd_individual_iso_prediction,ISD,dev,ISD_PancrasLock_PancrasLock1_PL107_R258,ISD_PancrasLock_PancrasLock1_PL107,ISOPleasant,0.75,0.3096426737160121,
isd_individual_iso_prediction__isd__isd_response_target_mean_shared6__seed2026,isd_individual_iso_prediction,ISD,dev,ISD_PancrasLock_PancrasLock1_PL107_R259,ISD_PancrasLock_PancrasLock1_PL107,ISOPleasant,-0.0303,0.3096426737160121,
isd_individual_iso_prediction__isd__isd_response_target_mean_shared6__seed2026,isd_individual_iso_prediction,ISD,dev,ISD_PancrasLock_PancrasLock1_PL107_R260,ISD_PancrasLock_PancrasLock1_PL107,ISOPleasant,0.0,0.3096426737160121,
isd_individual_iso_prediction__isd__isd_response_target_mean_shared6__seed2026,isd_individual_iso_prediction,ISD,dev,ISD_PancrasLock_PancrasLock1_PL107_R261,ISD_PancrasLock_PancrasLock1_PL107,ISOPleasant,0.0,0.3096426737160121,
isd_individual_iso_prediction__isd__isd_response_target_mean_shared6__seed2026,isd_individual_iso_prediction,ISD,dev,ISD_PancrasLock_PancrasLock1_PL108_R221,ISD_PancrasLock_PancrasLock1_PL108,ISOPleasant,-0.5,0.3096426737160121,
isd_individual_iso_prediction__isd__isd_response_target_mean_shared6__seed2026,isd_individual_iso_prediction,ISD,dev,ISD_PancrasLock_PancrasLock1_PL108_R238,ISD_PancrasLock_PancrasLock1_PL108,ISOPleasant,0.5303,0.3096426737160121,
isd_individual_iso_prediction__isd__isd_response_target_mean_shared6__seed2026,isd_individual_iso_prediction,ISD,dev,ISD_PancrasLock_PancrasLock1_PL109_R222,ISD_PancrasLock_PancrasLock1_PL109,ISOPleasant,0.0732,0.3096426737160121,
isd_individual_iso_prediction__isd__isd_response_target_mean_shared6__seed2026,isd_individual_iso_prediction,ISD,dev,ISD_PancrasLock_PancrasLock1_PL112_R224,ISD_PancrasLock_PancrasLock1_PL112,ISOPleasant,0.2071,0.3096426737160121,
isd_individual_iso_prediction__isd__isd_response_target_mean_shared6__seed2026,isd_individual_iso_prediction,ISD,dev,ISD_PancrasLock_PancrasLock1_PL114_R226,ISD_PancrasLock_PancrasLock1_PL114,ISOPleasant,0.0732,0.3096426737160121,
isd_individual_iso_prediction__isd__isd_response_target_mean_shared6__seed2026,isd_individual_iso_prediction,ISD,dev,ISD_PancrasLock_PancrasLock1_PL114_R267,ISD_PancrasLock_PancrasLock1_PL114,ISOPleasant,0.5303,0.3096426737160121,
isd_individual_iso_prediction__isd__isd_response_target_mean_shared6__seed2026,isd_individual_iso_prediction,ISD,dev,ISD_PancrasLock_PancrasLock1_PL116_R228,ISD_PancrasLock_PancrasLock1_PL116,ISOPleasant,-0.1768,0.3096426737160121,
isd_individual_iso_prediction__isd__isd_response_target_mean_shared6__seed2026,isd_individual_iso_prediction,ISD,dev,ISD_PancrasLock_PancrasLock1_PL116_R263,ISD_PancrasLock_PancrasLock1_PL116,ISOPleasant,-0.25,0.3096426737160121,
isd_individual_iso_prediction__isd__isd_response_target_mean_shared6__seed2026,isd_individual_iso_prediction,ISD,dev,ISD_PancrasLock_PancrasLock1_PL119_R230,ISD_PancrasLock_PancrasLock1_PL119,ISOPleasant,0.3964,0.3096426737160121,
isd_individual_iso_prediction__isd__isd_response_target_mean_shared6__seed2026,isd_individual_iso_prediction,ISD,dev,ISD_PancrasLock_PancrasLock1_PL119_R266,ISD_PancrasLock_PancrasLock1_PL119,ISOPleasant,-0.25,0.3096426737160121,
isd_individual_iso_prediction__isd__isd_response_target_mean_shared6__seed2026,isd_individual_iso_prediction,ISD,dev,ISD_PancrasLock_PancrasLock1_PL120_R231,ISD_PancrasLock_PancrasLock1_PL120,ISOPleasant,-0.0732,0.3096426737160121,
isd_individual_iso_prediction__isd__isd_response_target_mean_shared6__seed2026,isd_individual_iso_prediction,ISD,dev,ISD_PancrasLock_PancrasLock1_PL120_R262,ISD_PancrasLock_PancrasLock1_PL120,ISOPleasant,0.7071,0.3096426737160121,
isd_individual_iso_prediction__isd__isd_response_target_mean_shared6__seed2026,isd_individual_iso_prediction,ISD,dev,ISD_PancrasLock_PancrasLock2_PL201_R371,ISD_PancrasLock_PancrasLock2_PL201,ISOPleasant,0.6768,0.3096426737160121,
isd_individual_iso_prediction__isd__isd_response_target_mean_shared6__seed2026,isd_individual_iso_prediction,ISD,dev,ISD_PancrasLock_PancrasLock2_PL202_R409,ISD_PancrasLock_PancrasLock2_PL202,ISOPleasant,0.3839,0.3096426737160121,
isd_individual_iso_prediction__isd__isd_response_target_mean_shared6__seed2026,isd_individual_iso_prediction,ISD,dev,ISD_PancrasLock_PancrasLock2_PL203_R372,ISD_PancrasLock_PancrasLock2_PL203,ISOPleasant,-0.3536,0.3096426737160121,
isd_individual_iso_prediction__isd__isd_response_target_mean_shared6__seed2026,isd_individual_iso_prediction,ISD,dev,ISD_PancrasLock_PancrasLock2_PL203_R373,ISD_PancrasLock_PancrasLock2_PL203,ISOPleasant,-0.2929,0.3096426737160121,
isd_individual_iso_prediction__isd__isd_response_target_mean_shared6__seed2026,isd_individual_iso_prediction,ISD,dev,ISD_PancrasLock_PancrasLock2_PL205_R411,ISD_PancrasLock_PancrasLock2_PL205,ISOPleasant,-0.1464,0.3096426737160121,
isd_individual_iso_prediction__isd__isd_response_target_mean_shared6__seed2026,isd_individual_iso_prediction,ISD,dev,ISD_PancrasLock_PancrasLock2_PL206_R413,ISD_PancrasLock_PancrasLock2_PL206,ISOPleasant,0.9268,0.3096426737160121,
isd_individual_iso_prediction__isd__isd_response_target_mean_shared6__seed2026,isd_individual_iso_prediction,ISD,dev,ISD_PancrasLock_PancrasLock2_PL209_R374,ISD_PancrasLock_PancrasLock2_PL209,ISOPleasant,0.5,0.3096426737160121,
isd_individual_iso_prediction__isd__isd_response_target_mean_shared6__seed2026,isd_individual_iso_prediction,ISD,dev,ISD_PancrasLock_PancrasLock2_PL209_R414,ISD_PancrasLock_PancrasLock2_PL209,ISOPleasant,0.1768,0.3096426737160121,
isd_individual_iso_prediction__isd__isd_response_target_mean_shared6__seed2026,isd_individual_iso_prediction,ISD,dev,ISD_PancrasLock_PancrasLock2_PL210_R375,ISD_PancrasLock_PancrasLock2_PL210,ISOPleasant,0.4268,0.3096426737160121,
isd_individual_iso_prediction__isd__isd_response_target_mean_shared6__seed2026,isd_individual_iso_prediction,ISD,dev,ISD_PancrasLock_PancrasLock2_PL211_R376,ISD_PancrasLock_PancrasLock2_PL211,ISOPleasant,0.5303,0.3096426737160121,
isd_individual_iso_prediction__isd__isd_response_target_mean_shared6__seed2026,isd_individual_iso_prediction,ISD,dev,ISD_PancrasLock_PancrasLock2_PL211_R397,ISD_PancrasLock_PancrasLock2_PL211,ISOPleasant,0.5732,0.3096426737160121,
isd_individual_iso_prediction__isd__isd_response_target_mean_shared6__seed2026,isd_individual_iso_prediction,ISD,dev,ISD_PancrasLock_PancrasLock2_PL213_R378,ISD_PancrasLock_PancrasLock2_PL213,ISOPleasant,0.6036,0.3096426737160121,
isd_individual_iso_prediction__isd__isd_response_target_mean_shared6__seed2026,isd_individual_iso_prediction,ISD,dev,ISD_PancrasLock_PancrasLock2_PL215_R379,ISD_PancrasLock_PancrasLock2_PL215,ISOPleasant,-0.0126,0.3096426737160121,
isd_individual_iso_prediction__isd__isd_response_target_mean_shared6__seed2026,isd_individual_iso_prediction,ISD,dev,ISD_PancrasLock_PancrasLock2_PL215_R401,ISD_PancrasLock_PancrasLock2_PL215,ISOPleasant,0.0303,0.3096426737160121,
isd_individual_iso_prediction__isd__isd_response_target_mean_shared6__seed2026,isd_individual_iso_prediction,ISD,dev,ISD_PancrasLock_PancrasLock2_PL216_R380,ISD_PancrasLock_PancrasLock2_PL216,ISOPleasant,-0.25,0.3096426737160121,
isd_individual_iso_prediction__isd__isd_response_target_mean_shared6__seed2026,isd_individual_iso_prediction,ISD,dev,ISD_PancrasLock_PancrasLock2_PL216_R398,ISD_PancrasLock_PancrasLock2_PL216,ISOPleasant,0.9268,0.3096426737160121,
isd_individual_iso_prediction__isd__isd_response_target_mean_shared6__seed2026,isd_individual_iso_prediction,ISD,dev,ISD_PancrasLock_PancrasLock2_PL217_R381,ISD_PancrasLock_PancrasLock2_PL217,ISOPleasant,0.3536,0.3096426737160121,
isd_individual_iso_prediction__isd__isd_response_target_mean_shared6__seed2026,isd_individual_iso_prediction,ISD,dev,ISD_PancrasLock_PancrasLock2_PL217_R402,ISD_PancrasLock_PancrasLock2_PL217,ISOPleasant,0.6464,0.3096426737160121,
isd_individual_iso_prediction__isd__isd_response_target_mean_shared6__seed2026,isd_individual_iso_prediction,ISD,dev,ISD_PancrasLock_PancrasLock2_PL218_R382,ISD_PancrasLock_PancrasLock2_PL218,ISOPleasant,0.0429,0.3096426737160121,
isd_individual_iso_prediction__isd__isd_response_target_mean_shared6__seed2026,isd_individual_iso_prediction,ISD,dev,ISD_PancrasLock_PancrasLock2_PL218_R408,ISD_PancrasLock_PancrasLock2_PL218,ISOPleasant,0.6768,0.3096426737160121,
isd_individual_iso_prediction__isd__isd_response_target_mean_shared6__seed2026,isd_individual_iso_prediction,ISD,dev,ISD_PancrasLock_PancrasLock2_PL219_R383,ISD_PancrasLock_PancrasLock2_PL219,ISOPleasant,0.7197,0.3096426737160121,
isd_individual_iso_prediction__isd__isd_response_target_mean_shared6__seed2026,isd_individual_iso_prediction,ISD,dev,ISD_PancrasLock_PancrasLock2_PL220_R407,ISD_PancrasLock_PancrasLock2_PL220,ISOPleasant,0.6036,0.3096426737160121,
isd_individual_iso_prediction__isd__isd_response_target_mean_shared6__seed2026,isd_individual_iso_prediction,ISD,dev,ISD_PancrasLock_PancrasLock2_PL221_R384,ISD_PancrasLock_PancrasLock2_PL221,ISOPleasant,-0.0303,0.3096426737160121,
isd_individual_iso_prediction__isd__isd_response_target_mean_shared6__seed2026,isd_individual_iso_prediction,ISD,dev,ISD_PancrasLock_PancrasLock2_PL222_R385,ISD_PancrasLock_PancrasLock2_PL222,ISOPleasant,0.25,0.3096426737160121,
isd_individual_iso_prediction__isd__isd_response_target_mean_shared6__seed2026,isd_individual_iso_prediction,ISD,dev,ISD_PancrasLock_PancrasLock2_PL224_R387,ISD_PancrasLock_PancrasLock2_PL224,ISOPleasant,0.1464,0.3096426737160121,
isd_individual_iso_prediction__isd__isd_response_target_mean_shared6__seed2026,isd_individual_iso_prediction,ISD,dev,ISD_PancrasLock_PancrasLock2_PL227_R389,ISD_PancrasLock_PancrasLock2_PL227,ISOPleasant,0.5303,0.3096426737160121,
isd_individual_iso_prediction__isd__isd_response_target_mean_shared6__seed2026,isd_individual_iso_prediction,ISD,dev,ISD_PancrasLock_PancrasLock2_PL228_R390,ISD_PancrasLock_PancrasLock2_PL228,ISOPleasant,0.6339,0.3096426737160121,
isd_individual_iso_prediction__isd__isd_response_target_mean_shared6__seed2026,isd_individual_iso_prediction,ISD,dev,ISD_PancrasLock_PancrasLock2_PL230_R392,ISD_PancrasLock_PancrasLock2_PL230,ISOPleasant,-0.5,0.3096426737160121,
isd_individual_iso_prediction__isd__isd_response_target_mean_shared6__seed2026,isd_individual_iso_prediction,ISD,dev,ISD_PancrasLock_PancrasLock2_PL231_R393,ISD_PancrasLock_PancrasLock2_PL231,ISOPleasant,0.4571,0.3096426737160121,
isd_individual_iso_prediction__isd__isd_response_target_mean_shared6__seed2026,isd_individual_iso_prediction,ISD,dev,ISD_PancrasLock_PancrasLock2_PL231_R405,ISD_PancrasLock_PancrasLock2_PL231,ISOPleasant,0.5,0.3096426737160121,
isd_individual_iso_prediction__isd__isd_response_target_mean_shared6__seed2026,isd_individual_iso_prediction,ISD,dev,ISD_PancrasLock_PancrasLock2_PL234_R395,ISD_PancrasLock_PancrasLock2_PL234,ISOPleasant,0.3536,0.3096426737160121,
isd_individual_iso_prediction__isd__isd_response_target_mean_shared6__seed2026,isd_individual_iso_prediction,ISD,dev,ISD_OlympicSquare_OlympicSquare4_OSQ4026_RZHH01,ISD_OlympicSquare_OlympicSquare4_OSQ4026,ISOPleasant,0.6768,0.3096426737160121,
isd_individual_iso_prediction__isd__isd_response_target_mean_shared6__seed2026,isd_individual_iso_prediction,ISD,dev,ISD_OlympicSquare_OlympicSquare4_OSQ4027_RZHH02,ISD_OlympicSquare_OlympicSquare4_OSQ4027,ISOPleasant,0.8232,0.3096426737160121,
isd_individual_iso_prediction__isd__isd_response_target_mean_shared6__seed2026,isd_individual_iso_prediction,ISD,dev,ISD_OlympicSquare_OlympicSquare4_OSQ4028_RZHH03,ISD_OlympicSquare_OlympicSquare4_OSQ4028,ISOPleasant,0.4268,0.3096426737160121,
isd_individual_iso_prediction__isd__isd_response_target_mean_shared6__seed2026,isd_individual_iso_prediction,ISD,dev,ISD_OlympicSquare_OlympicSquare4_OSQ4029_RZHH04,ISD_OlympicSquare_OlympicSquare4_OSQ4029,ISOPleasant,0.6036,0.3096426737160121,
isd_individual_iso_prediction__isd__isd_response_target_mean_shared6__seed2026,isd_individual_iso_prediction,ISD,dev,ISD_OlympicSquare_OlympicSquare4_OSQ4030_RZHH05,ISD_OlympicSquare_OlympicSquare4_OSQ4030,ISOPleasant,0.4268,0.3096426737160121,
isd_individual_iso_prediction__isd__isd_response_target_mean_shared6__seed2026,isd_individual_iso_prediction,ISD,dev,ISD_OlympicSquare_OlympicSquare4_OSQ4031_RZHH06,ISD_OlympicSquare_OlympicSquare4_OSQ4031,ISOPleasant,0.0,0.3096426737160121,
isd_individual_iso_prediction__isd__isd_response_target_mean_shared6__seed2026,isd_individual_iso_prediction,ISD,dev,ISD_OlympicSquare_OlympicSquare4_OSQ4032_RZHH07,ISD_OlympicSquare_OlympicSquare4_OSQ4032,ISOPleasant,0.2197,0.3096426737160121,
isd_individual_iso_prediction__isd__isd_response_target_mean_shared6__seed2026,isd_individual_iso_prediction,ISD,dev,ISD_OlympicSquare_OlympicSquare4_OSQ4033_RZHH08,ISD_OlympicSquare_OlympicSquare4_OSQ4033,ISOPleasant,0.0429,0.3096426737160121,
isd_individual_iso_prediction__isd__isd_response_target_mean_shared6__seed2026,isd_individual_iso_prediction,ISD,dev,ISD_OlympicSquare_OlympicSquare4_OSQ4034_RZHH09,ISD_OlympicSquare_OlympicSquare4_OSQ4034,ISOPleasant,0.25,0.3096426737160121,
isd_individual_iso_prediction__isd__isd_response_target_mean_shared6__seed2026,isd_individual_iso_prediction,ISD,dev,ISD_OlympicSquare_OlympicSquare4_OSQ4035_RZHH10,ISD_OlympicSquare_OlympicSquare4_OSQ4035,ISOPleasant,-0.0429,0.3096426737160121,
isd_individual_iso_prediction__isd__isd_response_target_mean_shared6__seed2026,isd_individual_iso_prediction,ISD,dev,ISD_OlympicSquare_OlympicSquare4_OSQ4036_RZHH11,ISD_OlympicSquare_OlympicSquare4_OSQ4036,ISOPleasant,0.0429,0.3096426737160121,
isd_individual_iso_prediction__isd__isd_response_target_mean_shared6__seed2026,isd_individual_iso_prediction,ISD,dev,ISD_OlympicSquare_OlympicSquare4_OSQ4037_RZHH12,ISD_OlympicSquare_OlympicSquare4_OSQ4037,ISOPleasant,0.2197,0.3096426737160121,
isd_individual_iso_prediction__isd__isd_response_target_mean_shared6__seed2026,isd_individual_iso_prediction,ISD,dev,ISD_OlympicSquare_OlympicSquare4_OSQ4038_RZHH13,ISD_OlympicSquare_OlympicSquare4_OSQ4038,ISOPleasant,0.5,0.3096426737160121,
isd_individual_iso_prediction__isd__isd_response_target_mean_shared6__seed2026,isd_individual_iso_prediction,ISD,dev,ISD_OlympicSquare_OlympicSquare4_OSQ4039_RZZY01,ISD_OlympicSquare_OlympicSquare4_OSQ4039,ISOPleasant,0.6464,0.3096426737160121,
isd_individual_iso_prediction__isd__isd_response_target_mean_shared6__seed2026,isd_individual_iso_prediction,ISD,dev,ISD_OlympicSquare_OlympicSquare4_OSQ4040_RZZY03,ISD_OlympicSquare_OlympicSquare4_OSQ4040,ISOPleasant,0.5303,0.3096426737160121,
isd_individual_iso_prediction__isd__isd_response_target_mean_shared6__seed2026,isd_individual_iso_prediction,ISD,dev,ISD_OlympicSquare_OlympicSquare4_OSQ4041_RZRN01,ISD_OlympicSquare_OlympicSquare4_OSQ4041,ISOPleasant,0.5,0.3096426737160121,
isd_individual_iso_prediction__isd__isd_response_target_mean_shared6__seed2026,isd_individual_iso_prediction,ISD,dev,ISD_OlympicSquare_OlympicSquare4_OSQ4042_RZRN02,ISD_OlympicSquare_OlympicSquare4_OSQ4042,ISOPleasant,0.0732,0.3096426737160121,
isd_individual_iso_prediction__isd__isd_response_target_mean_shared6__seed2026,isd_individual_iso_prediction,ISD,dev,ISD_OlympicSquare_OlympicSquare4_OSQ4043_RZRN03,ISD_OlympicSquare_OlympicSquare4_OSQ4043,ISOPleasant,0.0,0.3096426737160121,
isd_individual_iso_prediction__isd__isd_response_target_mean_shared6__seed2026,isd_individual_iso_prediction,ISD,dev,ISD_OlympicSquare_OlympicSquare4_OSQ4044_RZRN04,ISD_OlympicSquare_OlympicSquare4_OSQ4044,ISOPleasant,0.2197,0.3096426737160121,
isd_individual_iso_prediction__isd__isd_response_target_mean_shared6__seed2026,isd_individual_iso_prediction,ISD,dev,ISD_OlympicSquare_OlympicSquare4_OSQ4045_RZRN05,ISD_OlympicSquare_OlympicSquare4_OSQ4045,ISOPleasant,0.25,0.3096426737160121,
isd_individual_iso_prediction__isd__isd_response_target_mean_shared6__seed2026,isd_individual_iso_prediction,ISD,dev,ISD_OlympicSquare_OlympicSquare4_OSQ4046_RZRN06,ISD_OlympicSquare_OlympicSquare4_OSQ4046,ISOPleasant,0.7803,0.3096426737160121,
isd_individual_iso_prediction__isd__isd_response_target_mean_shared6__seed2026,isd_individual_iso_prediction,ISD,dev,ISD_OlympicSquare_OlympicSquare4_OSQ4047_RZRN07,ISD_OlympicSquare_OlympicSquare4_OSQ4047,ISOPleasant,0.1036,0.3096426737160121,
isd_individual_iso_prediction__isd__isd_response_target_mean_shared6__seed2026,isd_individual_iso_prediction,ISD,dev,ISD_OlympicSquare_OlympicSquare4_OSQ4049_RLM02,ISD_OlympicSquare_OlympicSquare4_OSQ4049,ISOPleasant,0.5,0.3096426737160121,
isd_individual_iso_prediction__isd__isd_response_target_mean_shared6__seed2026,isd_individual_iso_prediction,ISD,dev,ISD_OlympicSquare_OlympicSquare4_OSQ4050_RLM03,ISD_OlympicSquare_OlympicSquare4_OSQ4050,ISOPleasant,-0.1036,0.3096426737160121,
isd_individual_iso_prediction__isd__isd_response_target_mean_shared6__seed2026,isd_individual_iso_prediction,ISD,dev,ISD_OlympicSquare_OlympicSquare4_OSQ4051_RLM04,ISD_OlympicSquare_OlympicSquare4_OSQ4051,ISOPleasant,0.0303,0.3096426737160121,
isd_individual_iso_prediction__isd__isd_response_target_mean_shared6__seed2026,isd_individual_iso_prediction,ISD,dev,ISD_OlympicSquare_OlympicSquare4_OSQ4052_RLM05,ISD_OlympicSquare_OlympicSquare4_OSQ4052,ISOPleasant,0.5,0.3096426737160121,
isd_individual_iso_prediction__isd__isd_response_target_mean_shared6__seed2026,isd_individual_iso_prediction,ISD,dev,ISD_OlympicSquare_OlympicSquare4_OSQ4053_RLM06,ISD_OlympicSquare_OlympicSquare4_OSQ4053,ISOPleasant,0.3536,0.3096426737160121,
isd_individual_iso_prediction__isd__isd_response_target_mean_shared6__seed2026,isd_individual_iso_prediction,ISD,dev,ISD_OlympicSquare_OlympicSquare4_OSQ4054_RLM07,ISD_OlympicSquare_OlympicSquare4_OSQ4054,ISOPleasant,0.3536,0.3096426737160121,
isd_individual_iso_prediction__isd__isd_response_target_mean_shared6__seed2026,isd_individual_iso_prediction,ISD,dev,ISD_OlympicSquare_OlympicSquare4_OSQ4056_RLM09,ISD_OlympicSquare_OlympicSquare4_OSQ4056,ISOPleasant,0.3839,0.3096426737160121,
isd_individual_iso_prediction__isd__isd_response_target_mean_shared6__seed2026,isd_individual_iso_prediction,ISD,dev,ISD_OlympicSquare_OlympicSquare4_OSQ4057_RLM10,ISD_OlympicSquare_OlympicSquare4_OSQ4057,ISOPleasant,0.4268,0.3096426737160121,
isd_individual_iso_prediction__isd__isd_response_target_mean_shared6__seed2026,isd_individual_iso_prediction,ISD,dev,ISD_OlympicSquare_OlympicSquare4_OSQ4082_RLR01,ISD_OlympicSquare_OlympicSquare4_OSQ4082,ISOPleasant,0.6768,0.3096426737160121,
isd_individual_iso_prediction__isd__isd_response_target_mean_shared6__seed2026,isd_individual_iso_prediction,ISD,dev,ISD_OlympicSquare_OlympicSquare4_OSQ4084_RLR03,ISD_OlympicSquare_OlympicSquare4_OSQ4084,ISOPleasant,0.3107,0.3096426737160121,
isd_individual_iso_prediction__isd__isd_response_target_mean_shared6__seed2026,isd_individual_iso_prediction,ISD,dev,ISD_OlympicSquare_OlympicSquare4_OSQ4085_RLR04,ISD_OlympicSquare_OlympicSquare4_OSQ4085,ISOPleasant,0.5,0.3096426737160121,
isd_individual_iso_prediction__isd__isd_response_target_mean_shared6__seed2026,isd_individual_iso_prediction,ISD,dev,ISD_OlympicSquare_OlympicSquare4_OSQ4086_RLR05,ISD_OlympicSquare_OlympicSquare4_OSQ4086,ISOPleasant,0.4268,0.3096426737160121,
isd_individual_iso_prediction__isd__isd_response_target_mean_shared6__seed2026,isd_individual_iso_prediction,ISD,dev,ISD_OlympicSquare_OlympicSquare4_OSQ4087_RLR06,ISD_OlympicSquare_OlympicSquare4_OSQ4087,ISOPleasant,0.4268,0.3096426737160121,
isd_individual_iso_prediction__isd__isd_response_target_mean_shared6__seed2026,isd_individual_iso_prediction,ISD,dev,ISD_OlympicSquare_OlympicSquare4_OSQ4088_RLR07,ISD_OlympicSquare_OlympicSquare4_OSQ4088,ISOPleasant,0.25,0.3096426737160121,
isd_individual_iso_prediction__isd__isd_response_target_mean_shared6__seed2026,isd_individual_iso_prediction,ISD,dev,ISD_OlympicSquare_OlympicSquare4_OSQ4089_RLR08,ISD_OlympicSquare_OlympicSquare4_OSQ4089,ISOPleasant,0.0303,0.3096426737160121,
isd_individual_iso_prediction__isd__isd_response_target_mean_shared6__seed2026,isd_individual_iso_prediction,ISD,dev,ISD_OlympicSquare_OlympicSquare4_OSQ4090_RLR09,ISD_OlympicSquare_OlympicSquare4_OSQ4090,ISOPleasant,0.5,0.3096426737160121,
isd_individual_iso_prediction__isd__isd_response_target_mean_shared6__seed2026,isd_individual_iso_prediction,ISD,dev,ISD_OlympicSquare_OlympicSquare4_OSQ4091_RLR10,ISD_OlympicSquare_OlympicSquare4_OSQ4091,ISOPleasant,0.1036,0.3096426737160121,
isd_individual_iso_prediction__isd__isd_response_target_mean_shared6__seed2026,isd_individual_iso_prediction,ISD,dev,ISD_OlympicSquare_OlympicSquare4_OSQ4092_RLQ01,ISD_OlympicSquare_OlympicSquare4_OSQ4092,ISOPleasant,0.3536,0.3096426737160121,
isd_individual_iso_prediction__isd__isd_response_target_mean_shared6__seed2026,isd_individual_iso_prediction,ISD,dev,ISD_OlympicSquare_OlympicSquare4_OSQ4094_RLQ03,ISD_OlympicSquare_OlympicSquare4_OSQ4094,ISOPleasant,0.2197,0.3096426737160121,
isd_individual_iso_prediction__isd__isd_response_target_mean_shared6__seed2026,isd_individual_iso_prediction,ISD,dev,ISD_OlympicSquare_OlympicSquare4_OSQ4095_RLQ04,ISD_OlympicSquare_OlympicSquare4_OSQ4095,ISOPleasant,0.5,0.3096426737160121,
isd_individual_iso_prediction__isd__isd_response_target_mean_shared6__seed2026,isd_individual_iso_prediction,ISD,dev,ISD_OlympicSquare_OlympicSquare4_OSQ4096_RLQ05,ISD_OlympicSquare_OlympicSquare4_OSQ4096,ISOPleasant,0.5,0.3096426737160121,
isd_individual_iso_prediction__isd__isd_response_target_mean_shared6__seed2026,isd_individual_iso_prediction,ISD,dev,ISD_OlympicSquare_OlympicSquare4_OSQ4097_RLQ06,ISD_OlympicSquare_OlympicSquare4_OSQ4097,ISOPleasant,0.6464,0.3096426737160121,
isd_individual_iso_prediction__isd__isd_response_target_mean_shared6__seed2026,isd_individual_iso_prediction,ISD,dev,ISD_OlympicSquare_OlympicSquare4_OSQ4098_RLQ07,ISD_OlympicSquare_OlympicSquare4_OSQ4098,ISOPleasant,0.0,0.3096426737160121,
isd_individual_iso_prediction__isd__isd_response_target_mean_shared6__seed2026,isd_individual_iso_prediction,ISD,dev,ISD_OlympicSquare_OlympicSquare4_OSQ4099_RLQ08,ISD_OlympicSquare_OlympicSquare4_OSQ4099,ISOPleasant,0.5,0.3096426737160121,
isd_individual_iso_prediction__isd__isd_response_target_mean_shared6__seed2026,isd_individual_iso_prediction,ISD,dev,ISD_OlympicSquare_OlympicSquare4_OSQ4100_RLQ09,ISD_OlympicSquare_OlympicSquare4_OSQ4100,ISOPleasant,0.5,0.3096426737160121,
isd_individual_iso_prediction__isd__isd_response_target_mean_shared6__seed2026,isd_individual_iso_prediction,ISD,dev,ISD_OlympicSquare_OlympicSquare4_OSQ4101_RHYY01,ISD_OlympicSquare_OlympicSquare4_OSQ4101,ISOPleasant,0.25,0.3096426737160121,
isd_individual_iso_prediction__isd__isd_response_target_mean_shared6__seed2026,isd_individual_iso_prediction,ISD,dev,ISD_OlympicSquare_OlympicSquare4_OSQ4102_RHYY02,ISD_OlympicSquare_OlympicSquare4_OSQ4102,ISOPleasant,0.3232,0.3096426737160121,
isd_individual_iso_prediction__isd__isd_response_target_mean_shared6__seed2026,isd_individual_iso_prediction,ISD,test,ISD_SanMarco_SanMarco1_AM06_R30,ISD_SanMarco_SanMarco1_AM06,ISOPleasant,0.1768,0.3096426737160121,
isd_individual_iso_prediction__isd__isd_response_target_mean_shared6__seed2026,isd_individual_iso_prediction,ISD,test,ISD_SanMarco_SanMarco1_AM06_R31,ISD_SanMarco_SanMarco1_AM06,ISOPleasant,0.1768,0.3096426737160121,
isd_individual_iso_prediction__isd__isd_response_target_mean_shared6__seed2026,isd_individual_iso_prediction,ISD,test,ISD_SanMarco_SanMarco1_AM07_R32,ISD_SanMarco_SanMarco1_AM07,ISOPleasant,0.7071,0.3096426737160121,
isd_individual_iso_prediction__isd__isd_response_target_mean_shared6__seed2026,isd_individual_iso_prediction,ISD,test,ISD_PlazaBibRambla_PlazaBibRambla1_BIB11_R1457,ISD_PlazaBibRambla_PlazaBibRambla1_BIB11,ISOPleasant,0.2071,0.3096426737160121,
isd_individual_iso_prediction__isd__isd_response_target_mean_shared6__seed2026,isd_individual_iso_prediction,ISD,test,ISD_PlazaBibRambla_PlazaBibRambla1_BIB14_R1444,ISD_PlazaBibRambla_PlazaBibRambla1_BIB14,ISOPleasant,0.7803,0.3096426737160121,
isd_individual_iso_prediction__isd__isd_response_target_mean_shared6__seed2026,isd_individual_iso_prediction,ISD,test,ISD_PlazaBibRambla_PlazaBibRambla1_BIB5_R1454,ISD_PlazaBibRambla_PlazaBibRambla1_BIB5,ISOPleasant,0.5607,0.3096426737160121,
isd_individual_iso_prediction__isd__isd_response_target_mean_shared6__seed2026,isd_individual_iso_prediction,ISD,test,ISD_Noorderplantsoen_Noorderplantsoen1_NP142_R1461,ISD_Noorderplantsoen_Noorderplantsoen1_NP142,ISOPleasant,0.3232,0.3096426737160121,
isd_individual_iso_prediction__isd__isd_response_target_mean_shared6__seed2026,isd_individual_iso_prediction,ISD,test,ISD_Noorderplantsoen_Noorderplantsoen1_NP144_R1462,ISD_Noorderplantsoen_Noorderplantsoen1_NP144,ISOPleasant,0.1036,0.3096426737160121,
isd_individual_iso_prediction__isd__isd_response_target_mean_shared6__seed2026,isd_individual_iso_prediction,ISD,test,ISD_Noorderplantsoen_Noorderplantsoen1_NP144_R1463,ISD_Noorderplantsoen_Noorderplantsoen1_NP144,ISOPleasant,0.0732,0.3096426737160121,
isd_individual_iso_prediction__isd__isd_response_target_mean_shared6__seed2026,isd_individual_iso_prediction,ISD,test,ISD_Noorderplantsoen_Noorderplantsoen1_NP147_R1464,ISD_Noorderplantsoen_Noorderplantsoen1_NP147,ISOPleasant,0.2803,0.3096426737160121,
isd_individual_iso_prediction__isd__isd_response_target_mean_shared6__seed2026,isd_individual_iso_prediction,ISD,test,ISD_Noorderplantsoen_Noorderplantsoen1_NP151_R1465,ISD_Noorderplantsoen_Noorderplantsoen1_NP151,ISOPleasant,0.5732,0.3096426737160121,
isd_individual_iso_prediction__isd__isd_response_target_mean_shared6__seed2026,isd_individual_iso_prediction,ISD,test,ISD_Noorderplantsoen_Noorderplantsoen1_NP151_R1466,ISD_Noorderplantsoen_Noorderplantsoen1_NP151,ISOPleasant,0.5607,0.3096426737160121,
isd_individual_iso_prediction__isd__isd_response_target_mean_shared6__seed2026,isd_individual_iso_prediction,ISD,test,ISD_SanMarco_SanMarco1_ML103_R36,ISD_SanMarco_SanMarco1_ML103,ISOPleasant,-0.0429,0.3096426737160121,
isd_individual_iso_prediction__isd__isd_response_target_mean_shared6__seed2026,isd_individual_iso_prediction,ISD,test,ISD_SanMarco_SanMarco1_ML103_R37,ISD_SanMarco_SanMarco1_ML103,ISOPleasant,0.25,0.3096426737160121,
isd_individual_iso_prediction__isd__isd_response_target_mean_shared6__seed2026,isd_individual_iso_prediction,ISD,test,ISD_SanMarco_SanMarco1_ML103_R38,ISD_SanMarco_SanMarco1_ML103,ISOPleasant,-0.1464,0.3096426737160121,
isd_individual_iso_prediction__isd__isd_response_target_mean_shared6__seed2026,isd_individual_iso_prediction,ISD,test,ISD_SanMarco_SanMarco1_ML103_R39,ISD_SanMarco_SanMarco1_ML103,ISOPleasant,0.0,0.3096426737160121,
isd_individual_iso_prediction__isd__isd_response_target_mean_shared6__seed2026,isd_individual_iso_prediction,ISD,test,ISD_SanMarco_SanMarco1_ML106_R43,ISD_SanMarco_SanMarco1_ML106,ISOPleasant,0.6339,0.3096426737160121,
isd_individual_iso_prediction__isd__isd_response_target_mean_shared6__seed2026,isd_individual_iso_prediction,ISD,test,ISD_SanMarco_SanMarco1_ML106_R44,ISD_SanMarco_SanMarco1_ML106,ISOPleasant,0.8536,0.3096426737160121,
isd_individual_iso_prediction__isd__isd_response_target_mean_shared6__seed2026,isd_individual_iso_prediction,ISD,test,ISD_SanMarco_SanMarco1_ML106_R45,ISD_SanMarco_SanMarco1_ML106,ISOPleasant,0.1768,0.3096426737160121,
isd_individual_iso_prediction__isd__isd_response_target_mean_shared6__seed2026,isd_individual_iso_prediction,ISD,test,ISD_SanMarco_SanMarco1_ML106_R46,ISD_SanMarco_SanMarco1_ML106,ISOPleasant,0.3964,0.3096426737160121,
isd_individual_iso_prediction__isd__isd_response_target_mean_shared6__seed2026,isd_individual_iso_prediction,ISD,test,ISD_SanMarco_SanMarco1_ML106_R47,ISD_SanMarco_SanMarco1_ML106,ISOPleasant,0.0,0.3096426737160121,
isd_individual_iso_prediction__isd__isd_response_target_mean_shared6__seed2026,isd_individual_iso_prediction,ISD,test,ISD_SanMarco_SanMarco1_ML112_R53,ISD_SanMarco_SanMarco1_ML112,ISOPleasant,0.3839,0.3096426737160121,
isd_individual_iso_prediction__isd__isd_response_target_mean_shared6__seed2026,isd_individual_iso_prediction,ISD,test,ISD_SanMarco_SanMarco1_ML112_R54,ISD_SanMarco_SanMarco1_ML112,ISOPleasant,0.4874,0.3096426737160121,
isd_individual_iso_prediction__isd__isd_response_target_mean_shared6__seed2026,isd_individual_iso_prediction,ISD,test,ISD_SanMarco_SanMarco1_ML112_R55,ISD_SanMarco_SanMarco1_ML112,ISOPleasant,0.0303,0.3096426737160121,
isd_individual_iso_prediction__isd__isd_response_target_mean_shared6__seed2026,isd_individual_iso_prediction,ISD,test,ISD_SanMarco_SanMarco1_ML132_R60,ISD_SanMarco_SanMarco1_ML132,ISOPleasant,-0.3839,0.3096426737160121,
isd_individual_iso_prediction__isd__isd_response_target_mean_shared6__seed2026,isd_individual_iso_prediction,ISD,test,ISD_SanMarco_SanMarco1_ML132_R61,ISD_SanMarco_SanMarco1_ML132,ISOPleasant,-0.0732,0.3096426737160121,
isd_individual_iso_prediction__isd__isd_response_target_mean_shared6__seed2026,isd_individual_iso_prediction,ISD,test,ISD_SanMarco_SanMarco2_ML204_R73,ISD_SanMarco_SanMarco2_ML204,ISOPleasant,0.0732,0.3096426737160121,
isd_individual_iso_prediction__isd__isd_response_target_mean_shared6__seed2026,isd_individual_iso_prediction,ISD,test,ISD_SanMarco_SanMarco2_ML206_R76,ISD_SanMarco_SanMarco2_ML206,ISOPleasant,0.1036,0.3096426737160121,
isd_individual_iso_prediction__isd__isd_response_target_mean_shared6__seed2026,isd_individual_iso_prediction,ISD,test,ISD_SanMarco_SanMarco2_ML206_R77,ISD_SanMarco_SanMarco2_ML206,ISOPleasant,0.5732,0.3096426737160121,
isd_individual_iso_prediction__isd__isd_response_target_mean_shared6__seed2026,isd_individual_iso_prediction,ISD,test,ISD_SanMarco_SanMarco2_ML209_R80,ISD_SanMarco_SanMarco2_ML209,ISOPleasant,0.6768,0.3096426737160121,
isd_individual_iso_prediction__isd__isd_response_target_mean_shared6__seed2026,isd_individual_iso_prediction,ISD,test,ISD_SanMarco_SanMarco2_ML209_R81,ISD_SanMarco_SanMarco2_ML209,ISOPleasant,0.1339,0.3096426737160121,
isd_individual_iso_prediction__isd__isd_response_target_mean_shared6__seed2026,isd_individual_iso_prediction,ISD,test,ISD_SanMarco_SanMarco2_ML210_R82,ISD_SanMarco_SanMarco2_ML210,ISOPleasant,0.8536,0.3096426737160121,
isd_individual_iso_prediction__isd__isd_response_target_mean_shared6__seed2026,isd_individual_iso_prediction,ISD,test,ISD_SanMarco_SanMarco2_ML210_R83,ISD_SanMarco_SanMarco2_ML210,ISOPleasant,0.6339,0.3096426737160121,
isd_individual_iso_prediction__isd__isd_response_target_mean_shared6__seed2026,isd_individual_iso_prediction,ISD,test,ISD_SanMarco_SanMarco2_ML211_R84,ISD_SanMarco_SanMarco2_ML211,ISOPleasant,0.0,0.3096426737160121,
isd_individual_iso_prediction__isd__isd_response_target_mean_shared6__seed2026,isd_individual_iso_prediction,ISD,test,ISD_SanMarco_SanMarco2_ML213_R88,ISD_SanMarco_SanMarco2_ML213,ISOPleasant,0.2803,0.3096426737160121,
isd_individual_iso_prediction__isd__isd_response_target_mean_shared6__seed2026,isd_individual_iso_prediction,ISD,test,ISD_SanMarco_SanMarco3_SM302_R94,ISD_SanMarco_SanMarco3_SM302,ISOPleasant,-0.2071,0.3096426737160121,
isd_individual_iso_prediction__isd__isd_response_target_mean_shared6__seed2026,isd_individual_iso_prediction,ISD,test,ISD_SanMarco_SanMarco3_SM305_R100,ISD_SanMarco_SanMarco3_SM305,ISOPleasant,-0.2803,0.3096426737160121,
isd_individual_iso_prediction__isd__isd_response_target_mean_shared6__seed2026,isd_individual_iso_prediction,ISD,test,ISD_SanMarco_SanMarco3_SM305_R101,ISD_SanMarco_SanMarco3_SM305,ISOPleasant,0.0,0.3096426737160121,
isd_individual_iso_prediction__isd__isd_response_target_mean_shared6__seed2026,isd_individual_iso_prediction,ISD,test,ISD_SanMarco_SanMarco3_SM309_R109,ISD_SanMarco_SanMarco3_SM309,ISOPleasant,0.0303,0.3096426737160121,
isd_individual_iso_prediction__isd__isd_response_target_mean_shared6__seed2026,isd_individual_iso_prediction,ISD,test,ISD_SanMarco_SanMarco3_SM313_R116,ISD_SanMarco_SanMarco3_SM313,ISOPleasant,0.2803,0.3096426737160121,
isd_individual_iso_prediction__isd__isd_response_target_mean_shared6__seed2026,isd_individual_iso_prediction,ISD,test,ISD_SanMarco_SanMarco3_SM314_R117,ISD_SanMarco_SanMarco3_SM314,ISOPleasant,0.0303,0.3096426737160121,
isd_individual_iso_prediction__isd__isd_response_target_mean_shared6__seed2026,isd_individual_iso_prediction,ISD,test,ISD_SanMarco_SanMarco3_SM314_R118,ISD_SanMarco_SanMarco3_SM314,ISOPleasant,0.1893,0.3096426737160121,
isd_individual_iso_prediction__isd__isd_response_target_mean_shared6__seed2026,isd_individual_iso_prediction,ISD,test,ISD_SanMarco_SanMarco3_SM314_R119,ISD_SanMarco_SanMarco3_SM314,ISOPleasant,0.1339,0.3096426737160121,
isd_individual_iso_prediction__isd__isd_response_target_mean_shared6__seed2026,isd_individual_iso_prediction,ISD,test,ISD_SanMarco_SanMarco3_SM314_R120,ISD_SanMarco_SanMarco3_SM314,ISOPleasant,0.5607,0.3096426737160121,
isd_individual_iso_prediction__isd__isd_response_target_mean_shared6__seed2026,isd_individual_iso_prediction,ISD,test,ISD_SanMarco_SanMarco3_SM314_R121,ISD_SanMarco_SanMarco3_SM314,ISOPleasant,0.5,0.3096426737160121,
isd_individual_iso_prediction__isd__isd_response_target_mean_shared6__seed2026,isd_individual_iso_prediction,ISD,test,ISD_MiradorSanNicolas_MiradorSanNicolas1_M11_R10201,ISD_MiradorSanNicolas_MiradorSanNicolas1_M11,ISOPleasant,0.7071,0.3096426737160121,
isd_individual_iso_prediction__isd__isd_response_target_mean_shared6__seed2026,isd_individual_iso_prediction,ISD,test,ISD_MiradorSanNicolas_MiradorSanNicolas1_M110_R10208,ISD_MiradorSanNicolas_MiradorSanNicolas1_M110,ISOPleasant,0.6339,0.3096426737160121,
isd_individual_iso_prediction__isd__isd_response_target_mean_shared6__seed2026,isd_individual_iso_prediction,ISD,test,ISD_MiradorSanNicolas_MiradorSanNicolas1_M110_R10209,ISD_MiradorSanNicolas_MiradorSanNicolas1_M110,ISOPleasant,0.0732,0.3096426737160121,
isd_individual_iso_prediction__isd__isd_response_target_mean_shared6__seed2026,isd_individual_iso_prediction,ISD,test,ISD_MiradorSanNicolas_MiradorSanNicolas1_M111_R10210,ISD_MiradorSanNicolas_MiradorSanNicolas1_M111,ISOPleasant,0.6339,0.3096426737160121,
isd_individual_iso_prediction__isd__isd_response_target_mean_shared6__seed2026,isd_individual_iso_prediction,ISD,test,ISD_MiradorSanNicolas_MiradorSanNicolas1_M111_R10211,ISD_MiradorSanNicolas_MiradorSanNicolas1_M111,ISOPleasant,0.6339,0.3096426737160121,
isd_individual_iso_prediction__isd__isd_response_target_mean_shared6__seed2026,isd_individual_iso_prediction,ISD,test,ISD_MiradorSanNicolas_MiradorSanNicolas1_M113_R10212,ISD_MiradorSanNicolas_MiradorSanNicolas1_M113,ISOPleasant,0.1161,0.3096426737160121,
isd_individual_iso_prediction__isd__isd_response_target_mean_shared6__seed2026,isd_individual_iso_prediction,ISD,test,ISD_MiradorSanNicolas_MiradorSanNicolas1_M113_R10214,ISD_MiradorSanNicolas_MiradorSanNicolas1_M113,ISOPleasant,0.0732,0.3096426737160121,
isd_individual_iso_prediction__isd__isd_response_target_mean_shared6__seed2026,isd_individual_iso_prediction,ISD,test,ISD_MiradorSanNicolas_MiradorSanNicolas1_M113_R10215,ISD_MiradorSanNicolas_MiradorSanNicolas1_M113,ISOPleasant,0.7803,0.3096426737160121,
isd_individual_iso_prediction__isd__isd_response_target_mean_shared6__seed2026,isd_individual_iso_prediction,ISD,test,ISD_MiradorSanNicolas_MiradorSanNicolas1_M12_R10202,ISD_MiradorSanNicolas_MiradorSanNicolas1_M12,ISOPleasant,-0.0126,0.3096426737160121,
isd_individual_iso_prediction__isd__isd_response_target_mean_shared6__seed2026,isd_individual_iso_prediction,ISD,test,ISD_MiradorSanNicolas_MiradorSanNicolas1_M13_R10203,ISD_MiradorSanNicolas_MiradorSanNicolas1_M13,ISOPleasant,0.5607,0.3096426737160121,
isd_individual_iso_prediction__isd__isd_response_target_mean_shared6__seed2026,isd_individual_iso_prediction,ISD,test,ISD_MiradorSanNicolas_MiradorSanNicolas1_M16_R10204,ISD_MiradorSanNicolas_MiradorSanNicolas1_M16,ISOPleasant,0.0732,0.3096426737160121,
isd_individual_iso_prediction__isd__isd_response_target_mean_shared6__seed2026,isd_individual_iso_prediction,ISD,test,ISD_MiradorSanNicolas_MiradorSanNicolas1_M17_R10200,ISD_MiradorSanNicolas_MiradorSanNicolas1_M17,ISOPleasant,0.5607,0.3096426737160121,
isd_individual_iso_prediction__isd__isd_response_target_mean_shared6__seed2026,isd_individual_iso_prediction,ISD,test,ISD_MiradorSanNicolas_MiradorSanNicolas1_M17_R10206,ISD_MiradorSanNicolas_MiradorSanNicolas1_M17,ISOPleasant,0.6339,0.3096426737160121,
isd_individual_iso_prediction__isd__isd_response_target_mean_shared6__seed2026,isd_individual_iso_prediction,ISD,test,ISD_MiradorSanNicolas_MiradorSanNicolas1_M21_R10233,ISD_MiradorSanNicolas_MiradorSanNicolas1_M21,ISOPleasant,-0.2803,0.3096426737160121,
isd_individual_iso_prediction__isd__isd_response_target_mean_shared6__seed2026,isd_individual_iso_prediction,ISD,test,ISD_MiradorSanNicolas_MiradorSanNicolas1_M21_R10234,ISD_MiradorSanNicolas_MiradorSanNicolas1_M21,ISOPleasant,0.0732,0.3096426737160121,
isd_individual_iso_prediction__isd__isd_response_target_mean_shared6__seed2026,isd_individual_iso_prediction,ISD,test,ISD_MiradorSanNicolas_MiradorSanNicolas1_M210_R10232,ISD_MiradorSanNicolas_MiradorSanNicolas1_M210,ISOPleasant,0.5607,0.3096426737160121,
isd_individual_iso_prediction__isd__isd_response_target_mean_shared6__seed2026,isd_individual_iso_prediction,ISD,test,ISD_MiradorSanNicolas_MiradorSanNicolas1_M22_R10217,ISD_MiradorSanNicolas_MiradorSanNicolas1_M22,ISOPleasant,0.1768,0.3096426737160121,
isd_individual_iso_prediction__isd__isd_response_target_mean_shared6__seed2026,isd_individual_iso_prediction,ISD,test,ISD_MiradorSanNicolas_MiradorSanNicolas1_M22_R10218,ISD_MiradorSanNicolas_MiradorSanNicolas1_M22,ISOPleasant,0.7803,0.3096426737160121,
isd_individual_iso_prediction__isd__isd_response_target_mean_shared6__seed2026,isd_individual_iso_prediction,ISD,test,ISD_MiradorSanNicolas_MiradorSanNicolas1_M23_R10219,ISD_MiradorSanNicolas_MiradorSanNicolas1_M23,ISOPleasant,0.3839,0.3096426737160121,
isd_individual_iso_prediction__isd__isd_response_target_mean_shared6__seed2026,isd_individual_iso_prediction,ISD,test,ISD_MiradorSanNicolas_MiradorSanNicolas1_M23_R10220,ISD_MiradorSanNicolas_MiradorSanNicolas1_M23,ISOPleasant,0.1464,0.3096426737160121,
isd_individual_iso_prediction__isd__isd_response_target_mean_shared6__seed2026,isd_individual_iso_prediction,ISD,test,ISD_MiradorSanNicolas_MiradorSanNicolas1_M24_R10227,ISD_MiradorSanNicolas_MiradorSanNicolas1_M24,ISOPleasant,0.3107,0.3096426737160121,
isd_individual_iso_prediction__isd__isd_response_target_mean_shared6__seed2026,isd_individual_iso_prediction,ISD,test,ISD_MiradorSanNicolas_MiradorSanNicolas1_M26_R10222,ISD_MiradorSanNicolas_MiradorSanNicolas1_M26,ISOPleasant,0.2803,0.3096426737160121,
isd_individual_iso_prediction__isd__isd_response_target_mean_shared6__seed2026,isd_individual_iso_prediction,ISD,test,ISD_MiradorSanNicolas_MiradorSanNicolas1_M28_R10224,ISD_MiradorSanNicolas_MiradorSanNicolas1_M28,ISOPleasant,0.6339,0.3096426737160121,
isd_individual_iso_prediction__isd__isd_response_target_mean_shared6__seed2026,isd_individual_iso_prediction,ISD,test,ISD_MiradorSanNicolas_MiradorSanNicolas1_M28_R10225,ISD_MiradorSanNicolas_MiradorSanNicolas1_M28,ISOPleasant,0.4874,0.3096426737160121,
isd_individual_iso_prediction__isd__isd_response_target_mean_shared6__seed2026,isd_individual_iso_prediction,ISD,test,ISD_MiradorSanNicolas_MiradorSanNicolas1_M29_R10228,ISD_MiradorSanNicolas_MiradorSanNicolas1_M29,ISOPleasant,0.4571,0.3096426737160121,
isd_individual_iso_prediction__isd__isd_response_target_mean_shared6__seed2026,isd_individual_iso_prediction,ISD,test,ISD_MiradorSanNicolas_MiradorSanNicolas1_M29_R10229,ISD_MiradorSanNicolas_MiradorSanNicolas1_M29,ISOPleasant,0.7803,0.3096426737160121,
isd_individual_iso_prediction__isd__isd_response_target_mean_shared6__seed2026,isd_individual_iso_prediction,ISD,test,ISD_MiradorSanNicolas_MiradorSanNicolas1_M29_R10231,ISD_MiradorSanNicolas_MiradorSanNicolas1_M29,ISOPleasant,0.1339,0.3096426737160121,
isd_individual_iso_prediction__isd__isd_response_target_mean_shared6__seed2026,isd_individual_iso_prediction,ISD,test,ISD_PlazaBibRambla_PlazaBibRambla1_BIB1_R10239,ISD_PlazaBibRambla_PlazaBibRambla1_BIB1,ISOPleasant,0.7071,0.3096426737160121,
isd_individual_iso_prediction__isd__isd_response_target_mean_shared6__seed2026,isd_individual_iso_prediction,ISD,test,ISD_PlazaBibRambla_PlazaBibRambla1_BIB10_R10252,ISD_PlazaBibRambla_PlazaBibRambla1_BIB10,ISOPleasant,-0.4571,0.3096426737160121,
isd_individual_iso_prediction__isd__isd_response_target_mean_shared6__seed2026,isd_individual_iso_prediction,ISD,test,ISD_PlazaBibRambla_PlazaBibRambla1_BIB10_R10255,ISD_PlazaBibRambla_PlazaBibRambla1_BIB10,ISOPleasant,0.7071,0.3096426737160121,
isd_individual_iso_prediction__isd__isd_response_target_mean_shared6__seed2026,isd_individual_iso_prediction,ISD,test,ISD_PlazaBibRambla_PlazaBibRambla1_BIB12_R10237,ISD_PlazaBibRambla_PlazaBibRambla1_BIB12,ISOPleasant,0.2071,0.3096426737160121,
isd_individual_iso_prediction__isd__isd_response_target_mean_shared6__seed2026,isd_individual_iso_prediction,ISD,test,ISD_PlazaBibRambla_PlazaBibRambla1_BIB13_R10253,ISD_PlazaBibRambla_PlazaBibRambla1_BIB13,ISOPleasant,0.4874,0.3096426737160121,
isd_individual_iso_prediction__isd__isd_response_target_mean_shared6__seed2026,isd_individual_iso_prediction,ISD,test,ISD_PlazaBibRambla_PlazaBibRambla1_BIB13_R10254,ISD_PlazaBibRambla_PlazaBibRambla1_BIB13,ISOPleasant,0.6036,0.3096426737160121,
isd_individual_iso_prediction__isd__isd_response_target_mean_shared6__seed2026,isd_individual_iso_prediction,ISD,test,ISD_PlazaBibRambla_PlazaBibRambla1_BIB15_R10236,ISD_PlazaBibRambla_PlazaBibRambla1_BIB15,ISOPleasant,0.7803,0.3096426737160121,
isd_individual_iso_prediction__isd__isd_response_target_mean_shared6__seed2026,isd_individual_iso_prediction,ISD,test,ISD_PlazaBibRambla_PlazaBibRambla1_BIB16_R10235,ISD_PlazaBibRambla_PlazaBibRambla1_BIB16,ISOPleasant,0.9268,0.3096426737160121,
isd_individual_iso_prediction__isd__isd_response_target_mean_shared6__seed2026,isd_individual_iso_prediction,ISD,test,ISD_PlazaBibRambla_PlazaBibRambla1_BIB3_R10251,ISD_PlazaBibRambla_PlazaBibRambla1_BIB3,ISOPleasant,0.6768,0.3096426737160121,
isd_individual_iso_prediction__isd__isd_response_target_mean_shared6__seed2026,isd_individual_iso_prediction,ISD,test,ISD_PlazaBibRambla_PlazaBibRambla1_BIB4_R10243,ISD_PlazaBibRambla_PlazaBibRambla1_BIB4,ISOPleasant,0.4142,0.3096426737160121,
isd_individual_iso_prediction__isd__isd_response_target_mean_shared6__seed2026,isd_individual_iso_prediction,ISD,test,ISD_PlazaBibRambla_PlazaBibRambla1_BIB4_R10244,ISD_PlazaBibRambla_PlazaBibRambla1_BIB4,ISOPleasant,0.4874,0.3096426737160121,
isd_individual_iso_prediction__isd__isd_response_target_mean_shared6__seed2026,isd_individual_iso_prediction,ISD,test,ISD_PlazaBibRambla_PlazaBibRambla1_BIB6_R10246,ISD_PlazaBibRambla_PlazaBibRambla1_BIB6,ISOPleasant,0.0,0.3096426737160121,
isd_individual_iso_prediction__isd__isd_response_target_mean_shared6__seed2026,isd_individual_iso_prediction,ISD,test,ISD_PlazaBibRambla_PlazaBibRambla1_BIB6_R10247,ISD_PlazaBibRambla_PlazaBibRambla1_BIB6,ISOPleasant,0.0732,0.3096426737160121,
isd_individual_iso_prediction__isd__isd_response_target_mean_shared6__seed2026,isd_individual_iso_prediction,ISD,test,ISD_PlazaBibRambla_PlazaBibRambla1_BIB9_R10258,ISD_PlazaBibRambla_PlazaBibRambla1_BIB9,ISOPleasant,0.6036,0.3096426737160121,
isd_individual_iso_prediction__isd__isd_response_target_mean_shared6__seed2026,isd_individual_iso_prediction,ISD,test,ISD_SanMarco_SanMarco1_AM02_R17,ISD_SanMarco_SanMarco1_AM02,ISOPleasant,0.4268,0.3096426737160121,
isd_individual_iso_prediction__isd__isd_response_target_mean_shared6__seed2026,isd_individual_iso_prediction,ISD,test,ISD_SanMarco_SanMarco1_AM02_R18,ISD_SanMarco_SanMarco1_AM02,ISOPleasant,0.4268,0.3096426737160121,
isd_individual_iso_prediction__isd__isd_response_target_mean_shared6__seed2026,isd_individual_iso_prediction,ISD,test,ISD_SanMarco_SanMarco1_ML101_R22,ISD_SanMarco_SanMarco1_ML101,ISOPleasant,0.1036,0.3096426737160121,
isd_individual_iso_prediction__isd__isd_response_target_mean_shared6__seed2026,isd_individual_iso_prediction,ISD,test,ISD_SanMarco_SanMarco1_ML101_R23,ISD_SanMarco_SanMarco1_ML101,ISOPleasant,0.0732,0.3096426737160121,
isd_individual_iso_prediction__isd__isd_response_target_mean_shared6__seed2026,isd_individual_iso_prediction,ISD,test,ISD_SanMarco_SanMarco1_ML104_R24,ISD_SanMarco_SanMarco1_ML104,ISOPleasant,0.2071,0.3096426737160121,
isd_individual_iso_prediction__isd__isd_response_target_mean_shared6__seed2026,isd_individual_iso_prediction,ISD,test,ISD_SanMarco_SanMarco1_ML104_R25,ISD_SanMarco_SanMarco1_ML104,ISOPleasant,0.4268,0.3096426737160121,
isd_individual_iso_prediction__isd__isd_response_target_mean_shared6__seed2026,isd_individual_iso_prediction,ISD,test,ISD_SanMarco_SanMarco1_ML105_R26,ISD_SanMarco_SanMarco1_ML105,ISOPleasant,0.5607,0.3096426737160121,
isd_individual_iso_prediction__isd__isd_response_target_mean_shared6__seed2026,isd_individual_iso_prediction,ISD,test,ISD_SanMarco_SanMarco1_ML111_R27,ISD_SanMarco_SanMarco1_ML111,ISOPleasant,0.3839,0.3096426737160121,
isd_individual_iso_prediction__isd__isd_response_target_mean_shared6__seed2026,isd_individual_iso_prediction,ISD,test,ISD_SanMarco_SanMarco1_ML111_R28,ISD_SanMarco_SanMarco1_ML111,ISOPleasant,0.6036,0.3096426737160121,
isd_individual_iso_prediction__isd__isd_response_target_mean_shared6__seed2026,isd_individual_iso_prediction,ISD,test,ISD_SanMarco_SanMarco1_ML111_R29,ISD_SanMarco_SanMarco1_ML111,ISOPleasant,0.6339,0.3096426737160121,
isd_individual_iso_prediction__isd__isd_response_target_mean_shared6__seed2026,isd_individual_iso_prediction,ISD,test,ISD_SanMarco_SanMarco1_ML111_R30,ISD_SanMarco_SanMarco1_ML111,ISOPleasant,0.6036,0.3096426737160121,
isd_individual_iso_prediction__isd__isd_response_target_mean_shared6__seed2026,isd_individual_iso_prediction,ISD,test,ISD_SanMarco_SanMarco1_ML130_R31,ISD_SanMarco_SanMarco1_ML130,ISOPleasant,0.5303,0.3096426737160121,
isd_individual_iso_prediction__isd__isd_response_target_mean_shared6__seed2026,isd_individual_iso_prediction,ISD,test,ISD_SanMarco_SanMarco1_ML130_R32,ISD_SanMarco_SanMarco1_ML130,ISOPleasant,-0.25,0.3096426737160121,
isd_individual_iso_prediction__isd__isd_response_target_mean_shared6__seed2026,isd_individual_iso_prediction,ISD,test,ISD_SanMarco_SanMarco1_ML131_R33,ISD_SanMarco_SanMarco1_ML131,ISOPleasant,-0.0732,0.3096426737160121,
isd_individual_iso_prediction__isd__isd_response_target_mean_shared6__seed2026,isd_individual_iso_prediction,ISD,test,ISD_SanMarco_SanMarco1_ML131_R34,ISD_SanMarco_SanMarco1_ML131,ISOPleasant,0.3232,0.3096426737160121,
isd_individual_iso_prediction__isd__isd_response_target_mean_shared6__seed2026,isd_individual_iso_prediction,ISD,test,ISD_SanMarco_SanMarco1_ML133_R35,ISD_SanMarco_SanMarco1_ML133,ISOPleasant,-0.3232,0.3096426737160121,
isd_individual_iso_prediction__isd__isd_response_target_mean_shared6__seed2026,isd_individual_iso_prediction,ISD,test,ISD_SanMarco_SanMarco1_ML133_R36,ISD_SanMarco_SanMarco1_ML133,ISOPleasant,0.2803,0.3096426737160121,
isd_individual_iso_prediction__isd__isd_response_target_mean_shared6__seed2026,isd_individual_iso_prediction,ISD,test,ISD_SanMarco_SanMarco1_ML133_R37,ISD_SanMarco_SanMarco1_ML133,ISOPleasant,-0.1036,0.3096426737160121,
isd_individual_iso_prediction__isd__isd_response_target_mean_shared6__seed2026,isd_individual_iso_prediction,ISD,test,ISD_SanMarco_SanMarco1_ML133_R38,ISD_SanMarco_SanMarco1_ML133,ISOPleasant,0.1768,0.3096426737160121,
isd_individual_iso_prediction__isd__isd_response_target_mean_shared6__seed2026,isd_individual_iso_prediction,ISD,test,ISD_SanMarco_SanMarco2_ML202_R39,ISD_SanMarco_SanMarco2_ML202,ISOPleasant,-0.1036,0.3096426737160121,
isd_individual_iso_prediction__isd__isd_response_target_mean_shared6__seed2026,isd_individual_iso_prediction,ISD,test,ISD_SanMarco_SanMarco2_ML202_R40,ISD_SanMarco_SanMarco2_ML202,ISOPleasant,0.5732,0.3096426737160121,
isd_individual_iso_prediction__isd__isd_response_target_mean_shared6__seed2026,isd_individual_iso_prediction,ISD,test,ISD_SanMarco_SanMarco2_ML202_R41,ISD_SanMarco_SanMarco2_ML202,ISOPleasant,0.1036,0.3096426737160121,
isd_individual_iso_prediction__isd__isd_response_target_mean_shared6__seed2026,isd_individual_iso_prediction,ISD,test,ISD_SanMarco_SanMarco2_ML203_R42,ISD_SanMarco_SanMarco2_ML203,ISOPleasant,0.0732,0.3096426737160121,
isd_individual_iso_prediction__isd__isd_response_target_mean_shared6__seed2026,isd_individual_iso_prediction,ISD,test,ISD_SanMarco_SanMarco2_ML205_R43,ISD_SanMarco_SanMarco2_ML205,ISOPleasant,0.4874,0.3096426737160121,
isd_individual_iso_prediction__isd__isd_response_target_mean_shared6__seed2026,isd_individual_iso_prediction,ISD,test,ISD_SanMarco_SanMarco2_ML205_R44,ISD_SanMarco_SanMarco2_ML205,ISOPleasant,0.4571,0.3096426737160121,
isd_individual_iso_prediction__isd__isd_response_target_mean_shared6__seed2026,isd_individual_iso_prediction,ISD,test,ISD_SanMarco_SanMarco2_ML208_R45,ISD_SanMarco_SanMarco2_ML208,ISOPleasant,0.1161,0.3096426737160121,
isd_individual_iso_prediction__isd__isd_response_target_mean_shared6__seed2026,isd_individual_iso_prediction,ISD,test,ISD_SanMarco_SanMarco2_ML208_R46,ISD_SanMarco_SanMarco2_ML208,ISOPleasant,0.5,0.3096426737160121,
isd_individual_iso_prediction__isd__isd_response_target_mean_shared6__seed2026,isd_individual_iso_prediction,ISD,test,ISD_SanMarco_SanMarco2_ML212_R47,ISD_SanMarco_SanMarco2_ML212,ISOPleasant,-0.1464,0.3096426737160121,
isd_individual_iso_prediction__isd__isd_response_target_mean_shared6__seed2026,isd_individual_iso_prediction,ISD,test,ISD_SanMarco_SanMarco2_ML212_R48,ISD_SanMarco_SanMarco2_ML212,ISOPleasant,0.2071,0.3096426737160121,
isd_individual_iso_prediction__isd__isd_response_target_mean_shared6__seed2026,isd_individual_iso_prediction,ISD,test,ISD_SanMarco_SanMarco2_ML214_R49,ISD_SanMarco_SanMarco2_ML214,ISOPleasant,0.3536,0.3096426737160121,
isd_individual_iso_prediction__isd__isd_response_target_mean_shared6__seed2026,isd_individual_iso_prediction,ISD,test,ISD_SanMarco_SanMarco2_ML214_R50,ISD_SanMarco_SanMarco2_ML214,ISOPleasant,0.5732,0.3096426737160121,
isd_individual_iso_prediction__isd__isd_response_target_mean_shared6__seed2026,isd_individual_iso_prediction,ISD,test,ISD_SanMarco_SanMarco2_ML214_R51,ISD_SanMarco_SanMarco2_ML214,ISOPleasant,0.4571,0.3096426737160121,
isd_individual_iso_prediction__isd__isd_response_target_mean_shared6__seed2026,isd_individual_iso_prediction,ISD,test,ISD_SanMarco_SanMarco3_SM301_R52,ISD_SanMarco_SanMarco3_SM301,ISOPleasant,-0.2197,0.3096426737160121,
isd_individual_iso_prediction__isd__isd_response_target_mean_shared6__seed2026,isd_individual_iso_prediction,ISD,test,ISD_SanMarco_SanMarco3_SM301_R53,ISD_SanMarco_SanMarco3_SM301,ISOPleasant,0.25,0.3096426737160121,
isd_individual_iso_prediction__isd__isd_response_target_mean_shared6__seed2026,isd_individual_iso_prediction,ISD,test,ISD_SanMarco_SanMarco3_SM303_R54,ISD_SanMarco_SanMarco3_SM303,ISOPleasant,-0.4268,0.3096426737160121,
isd_individual_iso_prediction__isd__isd_response_target_mean_shared6__seed2026,isd_individual_iso_prediction,ISD,test,ISD_SanMarco_SanMarco3_SM303_R55,ISD_SanMarco_SanMarco3_SM303,ISOPleasant,0.2071,0.3096426737160121,
isd_individual_iso_prediction__isd__isd_response_target_mean_shared6__seed2026,isd_individual_iso_prediction,ISD,test,ISD_SanMarco_SanMarco3_SM303_R56,ISD_SanMarco_SanMarco3_SM303,ISOPleasant,0.0303,0.3096426737160121,
isd_individual_iso_prediction__isd__isd_response_target_mean_shared6__seed2026,isd_individual_iso_prediction,ISD,test,ISD_SanMarco_SanMarco3_SM304_R57,ISD_SanMarco_SanMarco3_SM304,ISOPleasant,0.2071,0.3096426737160121,
isd_individual_iso_prediction__isd__isd_response_target_mean_shared6__seed2026,isd_individual_iso_prediction,ISD,test,ISD_SanMarco_SanMarco3_SM304_R58,ISD_SanMarco_SanMarco3_SM304,ISOPleasant,0.0303,0.3096426737160121,
isd_individual_iso_prediction__isd__isd_response_target_mean_shared6__seed2026,isd_individual_iso_prediction,ISD,test,ISD_SanMarco_SanMarco3_SM306_R59,ISD_SanMarco_SanMarco3_SM306,ISOPleasant,-0.0732,0.3096426737160121,
isd_individual_iso_prediction__isd__isd_response_target_mean_shared6__seed2026,isd_individual_iso_prediction,ISD,test,ISD_SanMarco_SanMarco3_SM306_R60,ISD_SanMarco_SanMarco3_SM306,ISOPleasant,0.1036,0.3096426737160121,
isd_individual_iso_prediction__isd__isd_response_target_mean_shared6__seed2026,isd_individual_iso_prediction,ISD,test,ISD_SanMarco_SanMarco3_SM307_R61,ISD_SanMarco_SanMarco3_SM307,ISOPleasant,0.2803,0.3096426737160121,
isd_individual_iso_prediction__isd__isd_response_target_mean_shared6__seed2026,isd_individual_iso_prediction,ISD,test,ISD_SanMarco_SanMarco3_SM308_R63,ISD_SanMarco_SanMarco3_SM308,ISOPleasant,0.3839,0.3096426737160121,
isd_individual_iso_prediction__isd__isd_response_target_mean_shared6__seed2026,isd_individual_iso_prediction,ISD,test,ISD_SanMarco_SanMarco3_SM308_R64,ISD_SanMarco_SanMarco3_SM308,ISOPleasant,-0.0303,0.3096426737160121,
isd_individual_iso_prediction__isd__isd_response_target_mean_shared6__seed2026,isd_individual_iso_prediction,ISD,test,ISD_SanMarco_SanMarco3_SM308_R65,ISD_SanMarco_SanMarco3_SM308,ISOPleasant,-0.1464,0.3096426737160121,
isd_individual_iso_prediction__isd__isd_response_target_mean_shared6__seed2026,isd_individual_iso_prediction,ISD,test,ISD_SanMarco_SanMarco3_SM309_R66,ISD_SanMarco_SanMarco3_SM309,ISOPleasant,-0.1339,0.3096426737160121,
isd_individual_iso_prediction__isd__isd_response_target_mean_shared6__seed2026,isd_individual_iso_prediction,ISD,test,ISD_SanMarco_SanMarco3_SM310_R67,ISD_SanMarco_SanMarco3_SM310,ISOPleasant,-0.3536,0.3096426737160121,
isd_individual_iso_prediction__isd__isd_response_target_mean_shared6__seed2026,isd_individual_iso_prediction,ISD,test,ISD_SanMarco_SanMarco3_SM310_R68,ISD_SanMarco_SanMarco3_SM310,ISOPleasant,-0.1464,0.3096426737160121,
isd_individual_iso_prediction__isd__isd_response_target_mean_shared6__seed2026,isd_individual_iso_prediction,ISD,test,ISD_SanMarco_SanMarco3_SM311_R69,ISD_SanMarco_SanMarco3_SM311,ISOPleasant,0.5,0.3096426737160121,
isd_individual_iso_prediction__isd__isd_response_target_mean_shared6__seed2026,isd_individual_iso_prediction,ISD,test,ISD_SanMarco_SanMarco3_SM312_R70,ISD_SanMarco_SanMarco3_SM312,ISOPleasant,0.5732,0.3096426737160121,
isd_individual_iso_prediction__isd__isd_response_target_mean_shared6__seed2026,isd_individual_iso_prediction,ISD,test,ISD_SanMarco_SanMarco3_SM313_R71,ISD_SanMarco_SanMarco3_SM313,ISOPleasant,-0.3536,0.3096426737160121,
isd_individual_iso_prediction__isd__isd_response_target_mean_shared6__seed2026,isd_individual_iso_prediction,ISD,test,ISD_Noorderplantsoen_Noorderplantsoen1_NP101_R2,ISD_Noorderplantsoen_Noorderplantsoen1_NP101,ISOPleasant,0.7071,0.3096426737160121,
isd_individual_iso_prediction__isd__isd_response_target_mean_shared6__seed2026,isd_individual_iso_prediction,ISD,test,ISD_Noorderplantsoen_Noorderplantsoen1_NP101_R73,ISD_Noorderplantsoen_Noorderplantsoen1_NP101,ISOPleasant,0.7803,0.3096426737160121,
isd_individual_iso_prediction__isd__isd_response_target_mean_shared6__seed2026,isd_individual_iso_prediction,ISD,test,ISD_Noorderplantsoen_Noorderplantsoen1_NP102_R88,ISD_Noorderplantsoen_Noorderplantsoen1_NP102,ISOPleasant,0.75,0.3096426737160121,
isd_individual_iso_prediction__isd__isd_response_target_mean_shared6__seed2026,isd_individual_iso_prediction,ISD,test,ISD_Noorderplantsoen_Noorderplantsoen1_NP106_R98,ISD_Noorderplantsoen_Noorderplantsoen1_NP106,ISOPleasant,0.3536,0.3096426737160121,
isd_individual_iso_prediction__isd__isd_response_target_mean_shared6__seed2026,isd_individual_iso_prediction,ISD,test,ISD_Noorderplantsoen_Noorderplantsoen1_NP107_R97,ISD_Noorderplantsoen_Noorderplantsoen1_NP107,ISOPleasant,0.5,0.3096426737160121,
isd_individual_iso_prediction__isd__isd_response_target_mean_shared6__seed2026,isd_individual_iso_prediction,ISD,test,ISD_Noorderplantsoen_Noorderplantsoen1_NP108_R96,ISD_Noorderplantsoen_Noorderplantsoen1_NP108,ISOPleasant,0.1036,0.3096426737160121,
isd_individual_iso_prediction__isd__isd_response_target_mean_shared6__seed2026,isd_individual_iso_prediction,ISD,test,ISD_Noorderplantsoen_Noorderplantsoen1_NP109_R3,ISD_Noorderplantsoen_Noorderplantsoen1_NP109,ISOPleasant,0.9268,0.3096426737160121,
isd_individual_iso_prediction__isd__isd_response_target_mean_shared6__seed2026,isd_individual_iso_prediction,ISD,test,ISD_Noorderplantsoen_Noorderplantsoen1_NP110_R4,ISD_Noorderplantsoen_Noorderplantsoen1_NP110,ISOPleasant,0.6768,0.3096426737160121,
isd_individual_iso_prediction__isd__isd_response_target_mean_shared6__seed2026,isd_individual_iso_prediction,ISD,test,ISD_Noorderplantsoen_Noorderplantsoen1_NP110_R90,ISD_Noorderplantsoen_Noorderplantsoen1_NP110,ISOPleasant,0.3107,0.3096426737160121,
isd_individual_iso_prediction__isd__isd_response_target_mean_shared6__seed2026,isd_individual_iso_prediction,ISD,test,ISD_Noorderplantsoen_Noorderplantsoen1_NP111_R5,ISD_Noorderplantsoen_Noorderplantsoen1_NP111,ISOPleasant,0.6768,0.3096426737160121,
isd_individual_iso_prediction__isd__isd_response_target_mean_shared6__seed2026,isd_individual_iso_prediction,ISD,test,ISD_Noorderplantsoen_Noorderplantsoen1_NP111_R87,ISD_Noorderplantsoen_Noorderplantsoen1_NP111,ISOPleasant,0.5303,0.3096426737160121,
isd_individual_iso_prediction__isd__isd_response_target_mean_shared6__seed2026,isd_individual_iso_prediction,ISD,test,ISD_Noorderplantsoen_Noorderplantsoen1_NP112_R84,ISD_Noorderplantsoen_Noorderplantsoen1_NP112,ISOPleasant,0.4268,0.3096426737160121,
isd_individual_iso_prediction__isd__isd_response_target_mean_shared6__seed2026,isd_individual_iso_prediction,ISD,test,ISD_Noorderplantsoen_Noorderplantsoen1_NP113_R83,ISD_Noorderplantsoen_Noorderplantsoen1_NP113,ISOPleasant,0.2803,0.3096426737160121,
isd_individual_iso_prediction__isd__isd_response_target_mean_shared6__seed2026,isd_individual_iso_prediction,ISD,test,ISD_Noorderplantsoen_Noorderplantsoen1_NP114_R6,ISD_Noorderplantsoen_Noorderplantsoen1_NP114,ISOPleasant,0.2197,0.3096426737160121,
isd_individual_iso_prediction__isd__isd_response_target_mean_shared6__seed2026,isd_individual_iso_prediction,ISD,test,ISD_Noorderplantsoen_Noorderplantsoen1_NP116_R7,ISD_Noorderplantsoen_Noorderplantsoen1_NP116,ISOPleasant,0.5,0.3096426737160121,
isd_individual_iso_prediction__isd__isd_response_target_mean_shared6__seed2026,isd_individual_iso_prediction,ISD,test,ISD_Noorderplantsoen_Noorderplantsoen1_NP116_R85,ISD_Noorderplantsoen_Noorderplantsoen1_NP116,ISOPleasant,0.6339,0.3096426737160121,
isd_individual_iso_prediction__isd__isd_response_target_mean_shared6__seed2026,isd_individual_iso_prediction,ISD,test,ISD_Noorderplantsoen_Noorderplantsoen1_NP117_R8,ISD_Noorderplantsoen_Noorderplantsoen1_NP117,ISOPleasant,0.3232,0.3096426737160121,
isd_individual_iso_prediction__isd__isd_response_target_mean_shared6__seed2026,isd_individual_iso_prediction,ISD,test,ISD_Noorderplantsoen_Noorderplantsoen1_NP118_R10,ISD_Noorderplantsoen_Noorderplantsoen1_NP118,ISOPleasant,0.6768,0.3096426737160121,
isd_individual_iso_prediction__isd__isd_response_target_mean_shared6__seed2026,isd_individual_iso_prediction,ISD,test,ISD_Noorderplantsoen_Noorderplantsoen1_NP118_R9,ISD_Noorderplantsoen_Noorderplantsoen1_NP118,ISOPleasant,0.2803,0.3096426737160121,
isd_individual_iso_prediction__isd__isd_response_target_mean_shared6__seed2026,isd_individual_iso_prediction,ISD,test,ISD_Noorderplantsoen_Noorderplantsoen1_NP119_R11,ISD_Noorderplantsoen_Noorderplantsoen1_NP119,ISOPleasant,0.5,0.3096426737160121,
isd_individual_iso_prediction__isd__isd_response_target_mean_shared6__seed2026,isd_individual_iso_prediction,ISD,test,ISD_Noorderplantsoen_Noorderplantsoen1_NP119_R79,ISD_Noorderplantsoen_Noorderplantsoen1_NP119,ISOPleasant,0.7071,0.3096426737160121,
isd_individual_iso_prediction__isd__isd_response_target_mean_shared6__seed2026,isd_individual_iso_prediction,ISD,test,ISD_Noorderplantsoen_Noorderplantsoen1_NP120_R13,ISD_Noorderplantsoen_Noorderplantsoen1_NP120,ISOPleasant,0.4697,0.3096426737160121,
isd_individual_iso_prediction__isd__isd_response_target_mean_shared6__seed2026,isd_individual_iso_prediction,ISD,test,ISD_Noorderplantsoen_Noorderplantsoen1_NP123_R15,ISD_Noorderplantsoen_Noorderplantsoen1_NP123,ISOPleasant,0.0,0.3096426737160121,
isd_individual_iso_prediction__isd__isd_response_target_mean_shared6__seed2026,isd_individual_iso_prediction,ISD,test,ISD_Noorderplantsoen_Noorderplantsoen1_NP123_R81,ISD_Noorderplantsoen_Noorderplantsoen1_NP123,ISOPleasant,0.2803,0.3096426737160121,
isd_individual_iso_prediction__isd__isd_response_target_mean_shared6__seed2026,isd_individual_iso_prediction,ISD,test,ISD_Noorderplantsoen_Noorderplantsoen1_NP125_R80,ISD_Noorderplantsoen_Noorderplantsoen1_NP125,ISOPleasant,0.3232,0.3096426737160121,
isd_individual_iso_prediction__isd__isd_response_target_mean_shared6__seed2026,isd_individual_iso_prediction,ISD,test,ISD_Noorderplantsoen_Noorderplantsoen1_NP126_R16,ISD_Noorderplantsoen_Noorderplantsoen1_NP126,ISOPleasant,-0.3536,0.3096426737160121,
isd_individual_iso_prediction__isd__isd_response_target_mean_shared6__seed2026,isd_individual_iso_prediction,ISD,test,ISD_Noorderplantsoen_Noorderplantsoen1_NP127_R18,ISD_Noorderplantsoen_Noorderplantsoen1_NP127,ISOPleasant,0.3536,0.3096426737160121,
isd_individual_iso_prediction__isd__isd_response_target_mean_shared6__seed2026,isd_individual_iso_prediction,ISD,test,ISD_Noorderplantsoen_Noorderplantsoen1_NP127_R17,ISD_Noorderplantsoen_Noorderplantsoen1_NP127,ISOPleasant,1.0,0.3096426737160121,
isd_individual_iso_prediction__isd__isd_response_target_mean_shared6__seed2026,isd_individual_iso_prediction,ISD,test,ISD_Noorderplantsoen_Noorderplantsoen1_NP128_R19,ISD_Noorderplantsoen_Noorderplantsoen1_NP128,ISOPleasant,0.6036,0.3096426737160121,
isd_individual_iso_prediction__isd__isd_response_target_mean_shared6__seed2026,isd_individual_iso_prediction,ISD,test,ISD_Noorderplantsoen_Noorderplantsoen1_NP129_R20,ISD_Noorderplantsoen_Noorderplantsoen1_NP129,ISOPleasant,0.25,0.3096426737160121,
isd_individual_iso_prediction__isd__isd_response_target_mean_shared6__seed2026,isd_individual_iso_prediction,ISD,test,ISD_Noorderplantsoen_Noorderplantsoen1_NP129_R22,ISD_Noorderplantsoen_Noorderplantsoen1_NP129,ISOPleasant,0.6339,0.3096426737160121,
isd_individual_iso_prediction__isd__isd_response_target_mean_shared6__seed2026,isd_individual_iso_prediction,ISD,test,ISD_Noorderplantsoen_Noorderplantsoen1_NP129_R21,ISD_Noorderplantsoen_Noorderplantsoen1_NP129,ISOPleasant,0.8536,0.3096426737160121,
isd_individual_iso_prediction__isd__isd_response_target_mean_shared6__seed2026,isd_individual_iso_prediction,ISD,test,ISD_Noorderplantsoen_Noorderplantsoen1_NP131_R26,ISD_Noorderplantsoen_Noorderplantsoen1_NP131,ISOPleasant,0.7803,0.3096426737160121,
isd_individual_iso_prediction__isd__isd_response_target_mean_shared6__seed2026,isd_individual_iso_prediction,ISD,test,ISD_Noorderplantsoen_Noorderplantsoen1_NP131_R27,ISD_Noorderplantsoen_Noorderplantsoen1_NP131,ISOPleasant,0.6036,0.3096426737160121,
isd_individual_iso_prediction__isd__isd_response_target_mean_shared6__seed2026,isd_individual_iso_prediction,ISD,test,ISD_Noorderplantsoen_Noorderplantsoen1_NP132_R28,ISD_Noorderplantsoen_Noorderplantsoen1_NP132,ISOPleasant,0.6339,0.3096426737160121,
isd_individual_iso_prediction__isd__isd_response_target_mean_shared6__seed2026,isd_individual_iso_prediction,ISD,test,ISD_Noorderplantsoen_Noorderplantsoen1_NP132_R78,ISD_Noorderplantsoen_Noorderplantsoen1_NP132,ISOPleasant,0.3232,0.3096426737160121,
isd_individual_iso_prediction__isd__isd_response_target_mean_shared6__seed2026,isd_individual_iso_prediction,ISD,test,ISD_Noorderplantsoen_Noorderplantsoen1_NP133_R30,ISD_Noorderplantsoen_Noorderplantsoen1_NP133,ISOPleasant,0.2071,0.3096426737160121,
isd_individual_iso_prediction__isd__isd_response_target_mean_shared6__seed2026,isd_individual_iso_prediction,ISD,test,ISD_Noorderplantsoen_Noorderplantsoen1_NP133_R31,ISD_Noorderplantsoen_Noorderplantsoen1_NP133,ISOPleasant,0.1768,0.3096426737160121,
isd_individual_iso_prediction__isd__isd_response_target_mean_shared6__seed2026,isd_individual_iso_prediction,ISD,test,ISD_Noorderplantsoen_Noorderplantsoen1_NP134_R32,ISD_Noorderplantsoen_Noorderplantsoen1_NP134,ISOPleasant,0.4268,0.3096426737160121,
isd_individual_iso_prediction__isd__isd_response_target_mean_shared6__seed2026,isd_individual_iso_prediction,ISD,test,ISD_Noorderplantsoen_Noorderplantsoen1_NP134_R77,ISD_Noorderplantsoen_Noorderplantsoen1_NP134,ISOPleasant,0.6339,0.3096426737160121,
isd_individual_iso_prediction__isd__isd_response_target_mean_shared6__seed2026,isd_individual_iso_prediction,ISD,test,ISD_Noorderplantsoen_Noorderplantsoen1_NP135_R33,ISD_Noorderplantsoen_Noorderplantsoen1_NP135,ISOPleasant,0.6768,0.3096426737160121,
isd_individual_iso_prediction__isd__isd_response_target_mean_shared6__seed2026,isd_individual_iso_prediction,ISD,test,ISD_Noorderplantsoen_Noorderplantsoen1_NP136_R34,ISD_Noorderplantsoen_Noorderplantsoen1_NP136,ISOPleasant,-0.25,0.3096426737160121,
isd_individual_iso_prediction__isd__isd_response_target_mean_shared6__seed2026,isd_individual_iso_prediction,ISD,test,ISD_Noorderplantsoen_Noorderplantsoen1_NP136_R35,ISD_Noorderplantsoen_Noorderplantsoen1_NP136,ISOPleasant,0.75,0.3096426737160121,
isd_individual_iso_prediction__isd__isd_response_target_mean_shared6__seed2026,isd_individual_iso_prediction,ISD,test,ISD_Noorderplantsoen_Noorderplantsoen1_NP138_R36,ISD_Noorderplantsoen_Noorderplantsoen1_NP138,ISOPleasant,0.4571,0.3096426737160121,
isd_individual_iso_prediction__isd__isd_response_target_mean_shared6__seed2026,isd_individual_iso_prediction,ISD,test,ISD_Noorderplantsoen_Noorderplantsoen1_NP138_R76,ISD_Noorderplantsoen_Noorderplantsoen1_NP138,ISOPleasant,0.25,0.3096426737160121,
isd_individual_iso_prediction__isd__isd_response_target_mean_shared6__seed2026,isd_individual_iso_prediction,ISD,test,ISD_Noorderplantsoen_Noorderplantsoen1_NP139_R37,ISD_Noorderplantsoen_Noorderplantsoen1_NP139,ISOPleasant,0.3536,0.3096426737160121,
isd_individual_iso_prediction__isd__isd_response_target_mean_shared6__seed2026,isd_individual_iso_prediction,ISD,test,ISD_Noorderplantsoen_Noorderplantsoen1_NP139_R38,ISD_Noorderplantsoen_Noorderplantsoen1_NP139,ISOPleasant,0.0429,0.3096426737160121,
isd_individual_iso_prediction__isd__isd_response_target_mean_shared6__seed2026,isd_individual_iso_prediction,ISD,test,ISD_Noorderplantsoen_Noorderplantsoen1_NP140_R39,ISD_Noorderplantsoen_Noorderplantsoen1_NP140,ISOPleasant,0.5,0.3096426737160121,
isd_individual_iso_prediction__isd__isd_response_target_mean_shared6__seed2026,isd_individual_iso_prediction,ISD,test,ISD_Noorderplantsoen_Noorderplantsoen1_NP140_R40,ISD_Noorderplantsoen_Noorderplantsoen1_NP140,ISOPleasant,0.5,0.3096426737160121,
isd_individual_iso_prediction__isd__isd_response_target_mean_shared6__seed2026,isd_individual_iso_prediction,ISD,test,ISD_Noorderplantsoen_Noorderplantsoen1_NP141_R74,ISD_Noorderplantsoen_Noorderplantsoen1_NP141,ISOPleasant,0.6768,0.3096426737160121,
isd_individual_iso_prediction__isd__isd_response_target_mean_shared6__seed2026,isd_individual_iso_prediction,ISD,test,ISD_Noorderplantsoen_Noorderplantsoen1_NP141_R75,ISD_Noorderplantsoen_Noorderplantsoen1_NP141,ISOPleasant,0.0,0.3096426737160121,
isd_individual_iso_prediction__isd__isd_response_target_mean_shared6__seed2026,isd_individual_iso_prediction,ISD,test,ISD_Noorderplantsoen_Noorderplantsoen1_NP143_R41,ISD_Noorderplantsoen_Noorderplantsoen1_NP143,ISOPleasant,0.6339,0.3096426737160121,
isd_individual_iso_prediction__isd__isd_response_target_mean_shared6__seed2026,isd_individual_iso_prediction,ISD,test,ISD_Noorderplantsoen_Noorderplantsoen1_NP146_R91,ISD_Noorderplantsoen_Noorderplantsoen1_NP146,ISOPleasant,0.3964,0.3096426737160121,
isd_individual_iso_prediction__isd__isd_response_target_mean_shared6__seed2026,isd_individual_iso_prediction,ISD,test,ISD_Noorderplantsoen_Noorderplantsoen1_NP147_R42,ISD_Noorderplantsoen_Noorderplantsoen1_NP147,ISOPleasant,0.6464,0.3096426737160121,
isd_individual_iso_prediction__isd__isd_response_target_mean_shared6__seed2026,isd_individual_iso_prediction,ISD,test,ISD_Noorderplantsoen_Noorderplantsoen1_NP148_R43,ISD_Noorderplantsoen_Noorderplantsoen1_NP148,ISOPleasant,-0.3107,0.3096426737160121,
isd_individual_iso_prediction__isd__isd_response_target_mean_shared6__seed2026,isd_individual_iso_prediction,ISD,test,ISD_Noorderplantsoen_Noorderplantsoen1_NP148_R44,ISD_Noorderplantsoen_Noorderplantsoen1_NP148,ISOPleasant,0.25,0.3096426737160121,
isd_individual_iso_prediction__isd__isd_response_target_mean_shared6__seed2026,isd_individual_iso_prediction,ISD,test,ISD_Noorderplantsoen_Noorderplantsoen1_NP149_R45,ISD_Noorderplantsoen_Noorderplantsoen1_NP149,ISOPleasant,0.6036,0.3096426737160121,
isd_individual_iso_prediction__isd__isd_response_target_mean_shared6__seed2026,isd_individual_iso_prediction,ISD,test,ISD_Noorderplantsoen_Noorderplantsoen1_NP149_R46,ISD_Noorderplantsoen_Noorderplantsoen1_NP149,ISOPleasant,0.0303,0.3096426737160121,
isd_individual_iso_prediction__isd__isd_response_target_mean_shared6__seed2026,isd_individual_iso_prediction,ISD,test,ISD_Noorderplantsoen_Noorderplantsoen1_NP150_R47,ISD_Noorderplantsoen_Noorderplantsoen1_NP150,ISOPleasant,0.6464,0.3096426737160121,
isd_individual_iso_prediction__isd__isd_response_target_mean_shared6__seed2026,isd_individual_iso_prediction,ISD,test,ISD_Noorderplantsoen_Noorderplantsoen1_NP152_R48,ISD_Noorderplantsoen_Noorderplantsoen1_NP152,ISOPleasant,0.4268,0.3096426737160121,
isd_individual_iso_prediction__isd__isd_response_target_mean_shared6__seed2026,isd_individual_iso_prediction,ISD,test,ISD_Noorderplantsoen_Noorderplantsoen1_NP153_R67,ISD_Noorderplantsoen_Noorderplantsoen1_NP153,ISOPleasant,0.6768,0.3096426737160121,
isd_individual_iso_prediction__isd__isd_response_target_mean_shared6__seed2026,isd_individual_iso_prediction,ISD,test,ISD_Noorderplantsoen_Noorderplantsoen1_NP153_R71,ISD_Noorderplantsoen_Noorderplantsoen1_NP153,ISOPleasant,0.7071,0.3096426737160121,
isd_individual_iso_prediction__isd__isd_response_target_mean_shared6__seed2026,isd_individual_iso_prediction,ISD,test,ISD_Noorderplantsoen_Noorderplantsoen1_NP153_R72,ISD_Noorderplantsoen_Noorderplantsoen1_NP153,ISOPleasant,0.5303,0.3096426737160121,
isd_individual_iso_prediction__isd__isd_response_target_mean_shared6__seed2026,isd_individual_iso_prediction,ISD,test,ISD_Noorderplantsoen_Noorderplantsoen1_NP154_R49,ISD_Noorderplantsoen_Noorderplantsoen1_NP154,ISOPleasant,0.5,0.3096426737160121,
isd_individual_iso_prediction__isd__isd_response_target_mean_shared6__seed2026,isd_individual_iso_prediction,ISD,test,ISD_Noorderplantsoen_Noorderplantsoen1_NP155_R51,ISD_Noorderplantsoen_Noorderplantsoen1_NP155,ISOPleasant,0.5,0.3096426737160121,
isd_individual_iso_prediction__isd__isd_response_target_mean_shared6__seed2026,isd_individual_iso_prediction,ISD,test,ISD_Noorderplantsoen_Noorderplantsoen1_NP155_R50,ISD_Noorderplantsoen_Noorderplantsoen1_NP155,ISOPleasant,0.4268,0.3096426737160121,
isd_individual_iso_prediction__isd__isd_response_target_mean_shared6__seed2026,isd_individual_iso_prediction,ISD,test,ISD_Noorderplantsoen_Noorderplantsoen1_NP155_R53,ISD_Noorderplantsoen_Noorderplantsoen1_NP155,ISOPleasant,0.3107,0.3096426737160121,
isd_individual_iso_prediction__isd__isd_response_target_mean_shared6__seed2026,isd_individual_iso_prediction,ISD,test,ISD_Noorderplantsoen_Noorderplantsoen1_NP155_R52,ISD_Noorderplantsoen_Noorderplantsoen1_NP155,ISOPleasant,0.2626,0.3096426737160121,
isd_individual_iso_prediction__isd__isd_response_target_mean_shared6__seed2026,isd_individual_iso_prediction,ISD,test,ISD_Noorderplantsoen_Noorderplantsoen1_NP156_R54,ISD_Noorderplantsoen_Noorderplantsoen1_NP156,ISOPleasant,0.3536,0.3096426737160121,
isd_individual_iso_prediction__isd__isd_response_target_mean_shared6__seed2026,isd_individual_iso_prediction,ISD,test,ISD_Noorderplantsoen_Noorderplantsoen1_NP156_R93,ISD_Noorderplantsoen_Noorderplantsoen1_NP156,ISOPleasant,0.75,0.3096426737160121,
isd_individual_iso_prediction__isd__isd_response_target_mean_shared6__seed2026,isd_individual_iso_prediction,ISD,test,ISD_Noorderplantsoen_Noorderplantsoen1_NP156_R95,ISD_Noorderplantsoen_Noorderplantsoen1_NP156,ISOPleasant,0.7071,0.3096426737160121,
isd_individual_iso_prediction__isd__isd_response_target_mean_shared6__seed2026,isd_individual_iso_prediction,ISD,test,ISD_Noorderplantsoen_Noorderplantsoen1_NP157_R94,ISD_Noorderplantsoen_Noorderplantsoen1_NP157,ISOPleasant,-0.2071,0.3096426737160121,
isd_individual_iso_prediction__isd__isd_response_target_mean_shared6__seed2026,isd_individual_iso_prediction,ISD,test,ISD_Noorderplantsoen_Noorderplantsoen1_NP158_R57,ISD_Noorderplantsoen_Noorderplantsoen1_NP158,ISOPleasant,0.9268,0.3096426737160121,
isd_individual_iso_prediction__isd__isd_response_target_mean_shared6__seed2026,isd_individual_iso_prediction,ISD,test,ISD_Noorderplantsoen_Noorderplantsoen1_NP158_R55,ISD_Noorderplantsoen_Noorderplantsoen1_NP158,ISOPleasant,0.8536,0.3096426737160121,
isd_individual_iso_prediction__isd__isd_response_target_mean_shared6__seed2026,isd_individual_iso_prediction,ISD,test,ISD_Noorderplantsoen_Noorderplantsoen1_NP160_R59,ISD_Noorderplantsoen_Noorderplantsoen1_NP160,ISOPleasant,0.6768,0.3096426737160121,
isd_individual_iso_prediction__isd__isd_response_target_mean_shared6__seed2026,isd_individual_iso_prediction,ISD,test,ISD_Noorderplantsoen_Noorderplantsoen1_NP160_R60,ISD_Noorderplantsoen_Noorderplantsoen1_NP160,ISOPleasant,0.5,0.3096426737160121,
isd_individual_iso_prediction__isd__isd_response_target_mean_shared6__seed2026,isd_individual_iso_prediction,ISD,test,ISD_Noorderplantsoen_Noorderplantsoen1_NP161_R61,ISD_Noorderplantsoen_Noorderplantsoen1_NP161,ISOPleasant,0.4697,0.3096426737160121,
isd_individual_iso_prediction__isd__isd_response_target_mean_shared6__seed2026,isd_individual_iso_prediction,ISD,test,ISD_Noorderplantsoen_Noorderplantsoen1_NP163_R70,ISD_Noorderplantsoen_Noorderplantsoen1_NP163,ISOPleasant,0.6161,0.3096426737160121,
isd_individual_iso_prediction__isd__isd_response_target_mean_shared6__seed2026,isd_individual_iso_prediction,ISD,test,ISD_ZhongshanSquare_ZhongshanSquare6_ZS6021_RCL01,ISD_ZhongshanSquare_ZhongshanSquare6_ZS6021,ISOPleasant,0.0732,0.3096426737160121,
isd_individual_iso_prediction__isd__isd_response_target_mean_shared6__seed2026,isd_individual_iso_prediction,ISD,test,ISD_ZhongshanSquare_ZhongshanSquare6_ZS6022_RCL02,ISD_ZhongshanSquare_ZhongshanSquare6_ZS6022,ISOPleasant,-0.25,0.3096426737160121,
isd_individual_iso_prediction__isd__isd_response_target_mean_shared6__seed2026,isd_individual_iso_prediction,ISD,test,ISD_ZhongshanSquare_ZhongshanSquare6_ZS6023_RCL03,ISD_ZhongshanSquare_ZhongshanSquare6_ZS6023,ISOPleasant,0.3232,0.3096426737160121,
isd_individual_iso_prediction__isd__isd_response_target_mean_shared6__seed2026,isd_individual_iso_prediction,ISD,test,ISD_ZhongshanSquare_ZhongshanSquare6_ZS6024_RCL04,ISD_ZhongshanSquare_ZhongshanSquare6_ZS6024,ISOPleasant,0.5,0.3096426737160121,
isd_individual_iso_prediction__isd__isd_response_target_mean_shared6__seed2026,isd_individual_iso_prediction,ISD,test,ISD_ZhongshanSquare_ZhongshanSquare6_ZS6025_RCL05,ISD_ZhongshanSquare_ZhongshanSquare6_ZS6025,ISOPleasant,0.0,0.3096426737160121,
isd_individual_iso_prediction__isd__isd_response_target_mean_shared6__seed2026,isd_individual_iso_prediction,ISD,test,ISD_ZhongshanSquare_ZhongshanSquare6_ZS6026_RCL06,ISD_ZhongshanSquare_ZhongshanSquare6_ZS6026,ISOPleasant,0.3232,0.3096426737160121,
isd_individual_iso_prediction__isd__isd_response_target_mean_shared6__seed2026,isd_individual_iso_prediction,ISD,test,ISD_ZhongshanSquare_ZhongshanSquare6_ZS6027_RCL07,ISD_ZhongshanSquare_ZhongshanSquare6_ZS6027,ISOPleasant,0.1464,0.3096426737160121,
isd_individual_iso_prediction__isd__isd_response_target_mean_shared6__seed2026,isd_individual_iso_prediction,ISD,test,ISD_ZhongshanSquare_ZhongshanSquare6_ZS6028_RCL08,ISD_ZhongshanSquare_ZhongshanSquare6_ZS6028,ISOPleasant,0.0,0.3096426737160121,
isd_individual_iso_prediction__isd__isd_response_target_mean_shared6__seed2026,isd_individual_iso_prediction,ISD,test,ISD_ZhongshanSquare_ZhongshanSquare6_ZS6029_RCL09,ISD_ZhongshanSquare_ZhongshanSquare6_ZS6029,ISOPleasant,-0.0303,0.3096426737160121,
isd_individual_iso_prediction__isd__isd_response_target_mean_shared6__seed2026,isd_individual_iso_prediction,ISD,test,ISD_ZhongshanSquare_ZhongshanSquare6_ZS6030_RCL10,ISD_ZhongshanSquare_ZhongshanSquare6_ZS6030,ISOPleasant,0.1768,0.3096426737160121,
isd_individual_iso_prediction__isd__isd_response_target_mean_shared6__seed2026,isd_individual_iso_prediction,ISD,test,ISD_ZhongshanSquare_ZhongshanSquare6_ZS6031_RCL11,ISD_ZhongshanSquare_ZhongshanSquare6_ZS6031,ISOPleasant,0.4268,0.3096426737160121,
isd_individual_iso_prediction__isd__isd_response_target_mean_shared6__seed2026,isd_individual_iso_prediction,ISD,test,ISD_ZhongshanSquare_ZhongshanSquare6_ZS6032_RCL12,ISD_ZhongshanSquare_ZhongshanSquare6_ZS6032,ISOPleasant,0.6768,0.3096426737160121,
isd_individual_iso_prediction__isd__isd_response_target_mean_shared6__seed2026,isd_individual_iso_prediction,ISD,test,ISD_ZhongshanSquare_ZhongshanSquare6_ZS6033_RCL13,ISD_ZhongshanSquare_ZhongshanSquare6_ZS6033,ISOPleasant,0.25,0.3096426737160121,
isd_individual_iso_prediction__isd__isd_response_target_mean_shared6__seed2026,isd_individual_iso_prediction,ISD,test,ISD_ZhongshanSquare_ZhongshanSquare6_ZS6034_RCL14,ISD_ZhongshanSquare_ZhongshanSquare6_ZS6034,ISOPleasant,0.2071,0.3096426737160121,
isd_individual_iso_prediction__isd__isd_response_target_mean_shared6__seed2026,isd_individual_iso_prediction,ISD,test,ISD_ZhongshanSquare_ZhongshanSquare6_ZS6035_RCL15,ISD_ZhongshanSquare_ZhongshanSquare6_ZS6035,ISOPleasant,0.4268,0.3096426737160121,
isd_individual_iso_prediction__isd__isd_response_target_mean_shared6__seed2026,isd_individual_iso_prediction,ISD,test,ISD_ZhongshanSquare_ZhongshanSquare6_ZS6036_RQLF01,ISD_ZhongshanSquare_ZhongshanSquare6_ZS6036,ISOPleasant,0.3536,0.3096426737160121,
isd_individual_iso_prediction__isd__isd_response_target_mean_shared6__seed2026,isd_individual_iso_prediction,ISD,test,ISD_ZhongshanSquare_ZhongshanSquare6_ZS6037_RQLF02,ISD_ZhongshanSquare_ZhongshanSquare6_ZS6037,ISOPleasant,0.0732,0.3096426737160121,
isd_individual_iso_prediction__isd__isd_response_target_mean_shared6__seed2026,isd_individual_iso_prediction,ISD,test,ISD_ZhongshanSquare_ZhongshanSquare6_ZS6038_RQLF03,ISD_ZhongshanSquare_ZhongshanSquare6_ZS6038,ISOPleasant,0.5,0.3096426737160121,
isd_individual_iso_prediction__isd__isd_response_target_mean_shared6__seed2026,isd_individual_iso_prediction,ISD,test,ISD_ZhongshanSquare_ZhongshanSquare6_ZS6039_RQLF04,ISD_ZhongshanSquare_ZhongshanSquare6_ZS6039,ISOPleasant,-0.5,0.3096426737160121,
isd_individual_iso_prediction__isd__isd_response_target_mean_shared6__seed2026,isd_individual_iso_prediction,ISD,test,ISD_ZhongshanSquare_ZhongshanSquare6_ZS6040_RQLF05,ISD_ZhongshanSquare_ZhongshanSquare6_ZS6040,ISOPleasant,-0.1768,0.3096426737160121,
isd_individual_iso_prediction__isd__isd_response_target_mean_shared6__seed2026,isd_individual_iso_prediction,ISD,test,ISD_ZhongshanSquare_ZhongshanSquare6_ZS6041_RQLF06,ISD_ZhongshanSquare_ZhongshanSquare6_ZS6041,ISOPleasant,0.2197,0.3096426737160121,
isd_individual_iso_prediction__isd__isd_response_target_mean_shared6__seed2026,isd_individual_iso_prediction,ISD,test,ISD_ZhongshanSquare_ZhongshanSquare6_ZS6042_RQLF07,ISD_ZhongshanSquare_ZhongshanSquare6_ZS6042,ISOPleasant,0.1768,0.3096426737160121,
isd_individual_iso_prediction__isd__isd_response_target_mean_shared6__seed2026,isd_individual_iso_prediction,ISD,test,ISD_ZhongshanSquare_ZhongshanSquare6_ZS6043_RQLF08,ISD_ZhongshanSquare_ZhongshanSquare6_ZS6043,ISOPleasant,0.2803,0.3096426737160121,
isd_individual_iso_prediction__isd__isd_response_target_mean_shared6__seed2026,isd_individual_iso_prediction,ISD,test,ISD_ZhongshanSquare_ZhongshanSquare6_ZS6044_RQLF09,ISD_ZhongshanSquare_ZhongshanSquare6_ZS6044,ISOPleasant,0.5303,0.3096426737160121,
isd_individual_iso_prediction__isd__isd_response_target_mean_shared6__seed2026,isd_individual_iso_prediction,ISD,test,ISD_ZhongshanSquare_ZhongshanSquare6_ZS6045_RQLF10,ISD_ZhongshanSquare_ZhongshanSquare6_ZS6045,ISOPleasant,0.6036,0.3096426737160121,
isd_individual_iso_prediction__isd__isd_response_target_mean_shared6__seed2026,isd_individual_iso_prediction,ISD,test,ISD_ZhongshanSquare_ZhongshanSquare6_ZS6046_RQLF11,ISD_ZhongshanSquare_ZhongshanSquare6_ZS6046,ISOPleasant,0.0607,0.3096426737160121,
isd_individual_iso_prediction__isd__isd_response_target_mean_shared6__seed2026,isd_individual_iso_prediction,ISD,test,ISD_ZhongshanSquare_ZhongshanSquare6_ZS6047_RQLF12,ISD_ZhongshanSquare_ZhongshanSquare6_ZS6047,ISOPleasant,0.25,0.3096426737160121,
isd_individual_iso_prediction__isd__isd_response_target_mean_shared6__seed2026,isd_individual_iso_prediction,ISD,test,ISD_ZhongshanSquare_ZhongshanSquare6_ZS6048_RQLF13,ISD_ZhongshanSquare_ZhongshanSquare6_ZS6048,ISOPleasant,0.5,0.3096426737160121,
isd_individual_iso_prediction__isd__isd_response_target_mean_shared6__seed2026,isd_individual_iso_prediction,ISD,test,ISD_ZhongshanSquare_ZhongshanSquare6_ZS6049_RQLF14,ISD_ZhongshanSquare_ZhongshanSquare6_ZS6049,ISOPleasant,0.1768,0.3096426737160121,
isd_individual_iso_prediction__isd__isd_response_target_mean_shared6__seed2026,isd_individual_iso_prediction,ISD,test,ISD_ZhongshanSquare_ZhongshanSquare6_ZS6051_RJS02,ISD_ZhongshanSquare_ZhongshanSquare6_ZS6051,ISOPleasant,-0.1036,0.3096426737160121,
isd_individual_iso_prediction__isd__isd_response_target_mean_shared6__seed2026,isd_individual_iso_prediction,ISD,test,ISD_ZhongshanSquare_ZhongshanSquare6_ZS6052_RJS03,ISD_ZhongshanSquare_ZhongshanSquare6_ZS6052,ISOPleasant,-0.1464,0.3096426737160121,
isd_individual_iso_prediction__isd__isd_response_target_mean_shared6__seed2026,isd_individual_iso_prediction,ISD,test,ISD_ZhongshanSquare_ZhongshanSquare6_ZS6053_RJS04,ISD_ZhongshanSquare_ZhongshanSquare6_ZS6053,ISOPleasant,0.0,0.3096426737160121,
isd_individual_iso_prediction__isd__isd_response_target_mean_shared6__seed2026,isd_individual_iso_prediction,ISD,test,ISD_ZhongshanSquare_ZhongshanSquare6_ZS6054_RJS05,ISD_ZhongshanSquare_ZhongshanSquare6_ZS6054,ISOPleasant,-0.2197,0.3096426737160121,
isd_individual_iso_prediction__isd__isd_response_target_mean_shared6__seed2026,isd_individual_iso_prediction,ISD,test,ISD_ZhongshanSquare_ZhongshanSquare6_ZS6055_RJS06,ISD_ZhongshanSquare_ZhongshanSquare6_ZS6055,ISOPleasant,0.0303,0.3096426737160121,
isd_individual_iso_prediction__isd__isd_response_target_mean_shared6__seed2026,isd_individual_iso_prediction,ISD,test,ISD_ZhongshanSquare_ZhongshanSquare6_ZS6056_RJS07,ISD_ZhongshanSquare_ZhongshanSquare6_ZS6056,ISOPleasant,0.0732,0.3096426737160121,
isd_individual_iso_prediction__isd__isd_response_target_mean_shared6__seed2026,isd_individual_iso_prediction,ISD,test,ISD_ZhongshanSquare_ZhongshanSquare6_ZS6058_RJS09,ISD_ZhongshanSquare_ZhongshanSquare6_ZS6058,ISOPleasant,0.1036,0.3096426737160121,
isd_individual_iso_prediction__isd__isd_response_target_mean_shared6__seed2026,isd_individual_iso_prediction,ISD,test,ISD_ZhongshanSquare_ZhongshanSquare6_ZS6059_RJS10,ISD_ZhongshanSquare_ZhongshanSquare6_ZS6059,ISOPleasant,-0.1464,0.3096426737160121,
isd_individual_iso_prediction__isd__isd_response_target_mean_shared6__seed2026,isd_individual_iso_prediction,ISD,test,ISD_ZhongshanSquare_ZhongshanSquare6_ZS6060_RJS11,ISD_ZhongshanSquare_ZhongshanSquare6_ZS6060,ISOPleasant,0.5,0.3096426737160121,
isd_individual_iso_prediction__isd__isd_response_target_mean_shared6__seed2026,isd_individual_iso_prediction,ISD,test,ISD_ZhongshanSquare_ZhongshanSquare6_ZS6061_RJS12,ISD_ZhongshanSquare_ZhongshanSquare6_ZS6061,ISOPleasant,0.0732,0.3096426737160121,
isd_individual_iso_prediction__isd__isd_response_target_mean_shared6__seed2026,isd_individual_iso_prediction,ISD,test,ISD_ZhongshanSquare_ZhongshanSquare6_ZS6062_RJS13,ISD_ZhongshanSquare_ZhongshanSquare6_ZS6062,ISOPleasant,0.0,0.3096426737160121,
isd_individual_iso_prediction__isd__isd_response_target_mean_shared6__seed2026,isd_individual_iso_prediction,ISD,test,ISD_ZhongshanSquare_ZhongshanSquare6_ZS6063_RJS14,ISD_ZhongshanSquare_ZhongshanSquare6_ZS6063,ISOPleasant,0.5,0.3096426737160121,
isd_individual_iso_prediction__isd__isd_response_target_mean_shared6__seed2026,isd_individual_iso_prediction,ISD,test,ISD_ZhongshanSquare_ZhongshanSquare6_ZS6064_RJS15,ISD_ZhongshanSquare_ZhongshanSquare6_ZS6064,ISOPleasant,0.0,0.3096426737160121,
isd_individual_iso_prediction__isd__isd_response_target_mean_shared6__seed2026,isd_individual_iso_prediction,ISD,test,ISD_ZhongshanSquare_ZhongshanSquare6_ZS6089_RLWQ01,ISD_ZhongshanSquare_ZhongshanSquare6_ZS6089,ISOPleasant,0.5,0.3096426737160121,
isd_individual_iso_prediction__isd__isd_response_target_mean_shared6__seed2026,isd_individual_iso_prediction,ISD,test,ISD_ZhongshanSquare_ZhongshanSquare6_ZS6090_RLWQ02,ISD_ZhongshanSquare_ZhongshanSquare6_ZS6090,ISOPleasant,0.1768,0.3096426737160121,
isd_individual_iso_prediction__isd__isd_response_target_mean_shared6__seed2026,isd_individual_iso_prediction,ISD,test,ISD_ZhongshanSquare_ZhongshanSquare6_ZS6091_RLWQ04,ISD_ZhongshanSquare_ZhongshanSquare6_ZS6091,ISOPleasant,0.2803,0.3096426737160121,
isd_individual_iso_prediction__isd__isd_response_target_mean_shared6__seed2026,isd_individual_iso_prediction,ISD,test,ISD_ZhongshanSquare_ZhongshanSquare6_ZS6092_RLWQ05,ISD_ZhongshanSquare_ZhongshanSquare6_ZS6092,ISOPleasant,0.3536,0.3096426737160121,
isd_individual_iso_prediction__isd__isd_response_target_mean_shared6__seed2026,isd_individual_iso_prediction,ISD,test,ISD_ZhongshanSquare_ZhongshanSquare6_ZS6093_RLWQ06,ISD_ZhongshanSquare_ZhongshanSquare6_ZS6093,ISOPleasant,0.25,0.3096426737160121,
isd_individual_iso_prediction__isd__isd_response_target_mean_shared6__seed2026,isd_individual_iso_prediction,ISD,test,ISD_ZhongshanSquare_ZhongshanSquare6_ZS6094_RLWQ07,ISD_ZhongshanSquare_ZhongshanSquare6_ZS6094,ISOPleasant,-0.2803,0.3096426737160121,
isd_individual_iso_prediction__isd__isd_response_target_mean_shared6__seed2026,isd_individual_iso_prediction,ISD,test,ISD_ZhongshanSquare_ZhongshanSquare6_ZS6110_RCWY01,ISD_ZhongshanSquare_ZhongshanSquare6_ZS6110,ISOPleasant,0.2803,0.3096426737160121,
isd_individual_iso_prediction__isd__isd_response_target_mean_shared6__seed2026,isd_individual_iso_prediction,ISD,test,ISD_ZhongshanSquare_ZhongshanSquare6_ZS6111_RCWY02,ISD_ZhongshanSquare_ZhongshanSquare6_ZS6111,ISOPleasant,0.0,0.3096426737160121,
isd_individual_iso_prediction__isd__isd_response_target_mean_shared6__seed2026,isd_individual_iso_prediction,ISD,test,ISD_ZhongshanSquare_ZhongshanSquare6_ZS6112_RCWY03,ISD_ZhongshanSquare_ZhongshanSquare6_ZS6112,ISOPleasant,0.0,0.3096426737160121,
isd_individual_iso_prediction__isd__isd_response_target_mean_shared6__seed2026,isd_individual_iso_prediction,ISD,test,ISD_ZhongshanSquare_ZhongshanSquare6_ZS6113_RCWY04,ISD_ZhongshanSquare_ZhongshanSquare6_ZS6113,ISOPleasant,0.0,0.3096426737160121,
isd_individual_iso_prediction__isd__isd_response_target_mean_shared6__seed2026,isd_individual_iso_prediction,ISD,test,ISD_ZhongshanSquare_ZhongshanSquare6_ZS6114_RCWY05,ISD_ZhongshanSquare_ZhongshanSquare6_ZS6114,ISOPleasant,0.0,0.3096426737160121,
isd_individual_iso_prediction__isd__isd_response_target_mean_shared6__seed2026,isd_individual_iso_prediction,ISD,test,ISD_ZhongshanSquare_ZhongshanSquare6_ZS6115_RCWY06,ISD_ZhongshanSquare_ZhongshanSquare6_ZS6115,ISOPleasant,0.0,0.3096426737160121,
isd_individual_iso_prediction__isd__isd_response_target_mean_shared6__seed2026,isd_individual_iso_prediction,ISD,test,ISD_ZhongshanSquare_ZhongshanSquare6_ZS6116_RCWY07,ISD_ZhongshanSquare_ZhongshanSquare6_ZS6116,ISOPleasant,0.0,0.3096426737160121,
isd_individual_iso_prediction__isd__isd_response_target_mean_shared6__seed2026,isd_individual_iso_prediction,ISD,test,ISD_ZhongshanSquare_ZhongshanSquare6_ZS6117_RCWY08,ISD_ZhongshanSquare_ZhongshanSquare6_ZS6117,ISOPleasant,0.0,0.3096426737160121,
isd_individual_iso_prediction__isd__isd_response_target_mean_shared6__seed2026,isd_individual_iso_prediction,ISD,test,ISD_ZhongshanSquare_ZhongshanSquare6_ZS6118_RZML01,ISD_ZhongshanSquare_ZhongshanSquare6_ZS6118,ISOPleasant,0.25,0.3096426737160121,
isd_individual_iso_prediction__isd__isd_response_target_mean_shared6__seed2026,isd_individual_iso_prediction,ISD,test,ISD_ZhongshanSquare_ZhongshanSquare6_ZS6119_RZML02,ISD_ZhongshanSquare_ZhongshanSquare6_ZS6119,ISOPleasant,0.3839,0.3096426737160121,
isd_individual_iso_prediction__isd__isd_response_target_mean_shared6__seed2026,isd_individual_iso_prediction,ISD,test,ISD_ZhongshanSquare_ZhongshanSquare6_ZS6120_RZML03,ISD_ZhongshanSquare_ZhongshanSquare6_ZS6120,ISOPleasant,0.5732,0.3096426737160121,
isd_individual_iso_prediction__isd__isd_response_target_mean_shared6__seed2026,isd_individual_iso_prediction,ISD,test,ISD_ZhongshanSquare_ZhongshanSquare6_ZS6121_RZML04,ISD_ZhongshanSquare_ZhongshanSquare6_ZS6121,ISOPleasant,0.4268,0.3096426737160121,
isd_individual_iso_prediction__isd__isd_response_target_mean_shared6__seed2026,isd_individual_iso_prediction,ISD,test,ISD_ZhongshanSquare_ZhongshanSquare6_ZS6122_RZML05,ISD_ZhongshanSquare_ZhongshanSquare6_ZS6122,ISOPleasant,0.6036,0.3096426737160121,
isd_individual_iso_prediction__isd__isd_response_target_mean_shared6__seed2026,isd_individual_iso_prediction,ISD,test,ISD_ZhongshanSquare_ZhongshanSquare6_ZS6123_RZML06,ISD_ZhongshanSquare_ZhongshanSquare6_ZS6123,ISOPleasant,0.4268,0.3096426737160121,
isd_individual_iso_prediction__isd__isd_response_target_mean_shared6__seed2026,isd_individual_iso_prediction,ISD,test,ISD_ZhongshanSquare_ZhongshanSquare6_ZS6124_RZML07,ISD_ZhongshanSquare_ZhongshanSquare6_ZS6124,ISOPleasant,0.5,0.3096426737160121,
isd_individual_iso_prediction__isd__isd_response_target_mean_shared6__seed2026,isd_individual_iso_prediction,ISD,test,ISD_ZhongshanSquare_ZhongshanSquare6_ZS6125_RZML08,ISD_ZhongshanSquare_ZhongshanSquare6_ZS6125,ISOPleasant,0.25,0.3096426737160121,
isd_individual_iso_prediction__isd__isd_response_target_mean_shared6__seed2026,isd_individual_iso_prediction,ISD,dev,ISD_EustonTap_EustonTap1_ET101_R1284,ISD_EustonTap_EustonTap1_ET101,ISOEventful,0.1464,0.09380468277945618,
isd_individual_iso_prediction__isd__isd_response_target_mean_shared6__seed2026,isd_individual_iso_prediction,ISD,dev,ISD_EustonTap_EustonTap1_ET101_R1285,ISD_EustonTap_EustonTap1_ET101,ISOEventful,0.0429,0.09380468277945618,
isd_individual_iso_prediction__isd__isd_response_target_mean_shared6__seed2026,isd_individual_iso_prediction,ISD,dev,ISD_EustonTap_EustonTap1_ET103_R1286,ISD_EustonTap_EustonTap1_ET103,ISOEventful,0.341,0.09380468277945618,
isd_individual_iso_prediction__isd__isd_response_target_mean_shared6__seed2026,isd_individual_iso_prediction,ISD,dev,ISD_EustonTap_EustonTap1_ET103_R1287,ISD_EustonTap_EustonTap1_ET103,ISOEventful,0.1768,0.09380468277945618,
isd_individual_iso_prediction__isd__isd_response_target_mean_shared6__seed2026,isd_individual_iso_prediction,ISD,dev,ISD_EustonTap_EustonTap1_ET103_R1288,ISD_EustonTap_EustonTap1_ET103,ISOEventful,0.3839,0.09380468277945618,
isd_individual_iso_prediction__isd__isd_response_target_mean_shared6__seed2026,isd_individual_iso_prediction,ISD,dev,ISD_EustonTap_EustonTap1_ET104_R1289,ISD_EustonTap_EustonTap1_ET104,ISOEventful,0.7929,0.09380468277945618,
isd_individual_iso_prediction__isd__isd_response_target_mean_shared6__seed2026,isd_individual_iso_prediction,ISD,dev,ISD_EustonTap_EustonTap1_ET105_R1290,ISD_EustonTap_EustonTap1_ET105,ISOEventful,0.0429,0.09380468277945618,
isd_individual_iso_prediction__isd__isd_response_target_mean_shared6__seed2026,isd_individual_iso_prediction,ISD,dev,ISD_EustonTap_EustonTap1_ET105_R1291,ISD_EustonTap_EustonTap1_ET105,ISOEventful,0.0429,0.09380468277945618,
isd_individual_iso_prediction__isd__isd_response_target_mean_shared6__seed2026,isd_individual_iso_prediction,ISD,dev,ISD_EustonTap_EustonTap1_ET106_R1292,ISD_EustonTap_EustonTap1_ET106,ISOEventful,-0.2197,0.09380468277945618,
isd_individual_iso_prediction__isd__isd_response_target_mean_shared6__seed2026,isd_individual_iso_prediction,ISD,dev,ISD_EustonTap_EustonTap1_ET106_R1293,ISD_EustonTap_EustonTap1_ET106,ISOEventful,0.0,0.09380468277945618,
isd_individual_iso_prediction__isd__isd_response_target_mean_shared6__seed2026,isd_individual_iso_prediction,ISD,dev,ISD_EustonTap_EustonTap1_ET107_R1294,ISD_EustonTap_EustonTap1_ET107,ISOEventful,-0.2071,0.09380468277945618,
isd_individual_iso_prediction__isd__isd_response_target_mean_shared6__seed2026,isd_individual_iso_prediction,ISD,dev,ISD_EustonTap_EustonTap1_ET108_R1295,ISD_EustonTap_EustonTap1_ET108,ISOEventful,0.3232,0.09380468277945618,
isd_individual_iso_prediction__isd__isd_response_target_mean_shared6__seed2026,isd_individual_iso_prediction,ISD,dev,ISD_EustonTap_EustonTap1_ET109_R1296,ISD_EustonTap_EustonTap1_ET109,ISOEventful,0.5,0.09380468277945618,
isd_individual_iso_prediction__isd__isd_response_target_mean_shared6__seed2026,isd_individual_iso_prediction,ISD,dev,ISD_EustonTap_EustonTap1_ET109_R1298,ISD_EustonTap_EustonTap1_ET109,ISOEventful,0.1768,0.09380468277945618,
isd_individual_iso_prediction__isd__isd_response_target_mean_shared6__seed2026,isd_individual_iso_prediction,ISD,dev,ISD_EustonTap_EustonTap1_ET110_R1297,ISD_EustonTap_EustonTap1_ET110,ISOEventful,-0.0607,0.09380468277945618,
isd_individual_iso_prediction__isd__isd_response_target_mean_shared6__seed2026,isd_individual_iso_prediction,ISD,dev,ISD_EustonTap_EustonTap1_ET110_R1299,ISD_EustonTap_EustonTap1_ET110,ISOEventful,0.0303,0.09380468277945618,
isd_individual_iso_prediction__isd__isd_response_target_mean_shared6__seed2026,isd_individual_iso_prediction,ISD,dev,ISD_EustonTap_EustonTap1_ET111_R1300,ISD_EustonTap_EustonTap1_ET111,ISOEventful,0.0,0.09380468277945618,
isd_individual_iso_prediction__isd__isd_response_target_mean_shared6__seed2026,isd_individual_iso_prediction,ISD,dev,ISD_EustonTap_EustonTap1_ET111_R1301,ISD_EustonTap_EustonTap1_ET111,ISOEventful,0.0858,0.09380468277945618,
isd_individual_iso_prediction__isd__isd_response_target_mean_shared6__seed2026,isd_individual_iso_prediction,ISD,dev,ISD_EustonTap_EustonTap1_ET112_R1302,ISD_EustonTap_EustonTap1_ET112,ISOEventful,0.4268,0.09380468277945618,
isd_individual_iso_prediction__isd__isd_response_target_mean_shared6__seed2026,isd_individual_iso_prediction,ISD,dev,ISD_EustonTap_EustonTap1_ET113_R1303,ISD_EustonTap_EustonTap1_ET113,ISOEventful,-0.1036,0.09380468277945618,
isd_individual_iso_prediction__isd__isd_response_target_mean_shared6__seed2026,isd_individual_iso_prediction,ISD,dev,ISD_EustonTap_EustonTap1_ET115_R1306,ISD_EustonTap_EustonTap1_ET115,ISOEventful,-0.1036,0.09380468277945618,
isd_individual_iso_prediction__isd__isd_response_target_mean_shared6__seed2026,isd_individual_iso_prediction,ISD,dev,ISD_EustonTap_EustonTap1_ET115_R1308,ISD_EustonTap_EustonTap1_ET115,ISOEventful,0.0126,0.09380468277945618,
isd_individual_iso_prediction__isd__isd_response_target_mean_shared6__seed2026,isd_individual_iso_prediction,ISD,dev,ISD_EustonTap_EustonTap1_ET115_R1309,ISD_EustonTap_EustonTap1_ET115,ISOEventful,-0.0607,0.09380468277945618,
isd_individual_iso_prediction__isd__isd_response_target_mean_shared6__seed2026,isd_individual_iso_prediction,ISD,dev,ISD_EustonTap_EustonTap1_ET116_R1305,ISD_EustonTap_EustonTap1_ET116,ISOEventful,-0.3536,0.09380468277945618,
isd_individual_iso_prediction__isd__isd_response_target_mean_shared6__seed2026,isd_individual_iso_prediction,ISD,dev,ISD_EustonTap_EustonTap1_ET117_R1311,ISD_EustonTap_EustonTap1_ET117,ISOEventful,0.5,0.09380468277945618,
isd_individual_iso_prediction__isd__isd_response_target_mean_shared6__seed2026,isd_individual_iso_prediction,ISD,dev,ISD_EustonTap_EustonTap1_ET118_R1307,ISD_EustonTap_EustonTap1_ET118,ISOEventful,0.4268,0.09380468277945618,
isd_individual_iso_prediction__isd__isd_response_target_mean_shared6__seed2026,isd_individual_iso_prediction,ISD,dev,ISD_EustonTap_EustonTap1_ET118_R1310,ISD_EustonTap_EustonTap1_ET118,ISOEventful,0.6768,0.09380468277945618,
isd_individual_iso_prediction__isd__isd_response_target_mean_shared6__seed2026,isd_individual_iso_prediction,ISD,dev,ISD_EustonTap_EustonTap1_ET118_R1312,ISD_EustonTap_EustonTap1_ET118,ISOEventful,0.2197,0.09380468277945618,
isd_individual_iso_prediction__isd__isd_response_target_mean_shared6__seed2026,isd_individual_iso_prediction,ISD,dev,ISD_EustonTap_EustonTap1_ET118_R1313,ISD_EustonTap_EustonTap1_ET118,ISOEventful,-0.1945,0.09380468277945618,
isd_individual_iso_prediction__isd__isd_response_target_mean_shared6__seed2026,isd_individual_iso_prediction,ISD,dev,ISD_EustonTap_EustonTap1_ET119_R1314,ISD_EustonTap_EustonTap1_ET119,ISOEventful,0.1768,0.09380468277945618,
isd_individual_iso_prediction__isd__isd_response_target_mean_shared6__seed2026,isd_individual_iso_prediction,ISD,dev,ISD_EustonTap_EustonTap1_ET120_R1315,ISD_EustonTap_EustonTap1_ET120,ISOEventful,0.5303,0.09380468277945618,
isd_individual_iso_prediction__isd__isd_response_target_mean_shared6__seed2026,isd_individual_iso_prediction,ISD,dev,ISD_EustonTap_EustonTap1_ET120_R1316,ISD_EustonTap_EustonTap1_ET120,ISOEventful,0.4268,0.09380468277945618,
isd_individual_iso_prediction__isd__isd_response_target_mean_shared6__seed2026,isd_individual_iso_prediction,ISD,dev,ISD_EustonTap_EustonTap1_ET121_R1317,ISD_EustonTap_EustonTap1_ET121,ISOEventful,0.341,0.09380468277945618,
isd_individual_iso_prediction__isd__isd_response_target_mean_shared6__seed2026,isd_individual_iso_prediction,ISD,dev,ISD_EustonTap_EustonTap1_ET122_R1318,ISD_EustonTap_EustonTap1_ET122,ISOEventful,0.1464,0.09380468277945618,
isd_individual_iso_prediction__isd__isd_response_target_mean_shared6__seed2026,isd_individual_iso_prediction,ISD,dev,ISD_EustonTap_EustonTap1_ET122_R1319,ISD_EustonTap_EustonTap1_ET122,ISOEventful,0.2322,0.09380468277945618,
isd_individual_iso_prediction__isd__isd_response_target_mean_shared6__seed2026,isd_individual_iso_prediction,ISD,dev,ISD_EustonTap_EustonTap1_ET123_R1320,ISD_EustonTap_EustonTap1_ET123,ISOEventful,0.3964,0.09380468277945618,
isd_individual_iso_prediction__isd__isd_response_target_mean_shared6__seed2026,isd_individual_iso_prediction,ISD,dev,ISD_EustonTap_EustonTap1_ET123_R1321,ISD_EustonTap_EustonTap1_ET123,ISOEventful,0.5732,0.09380468277945618,
isd_individual_iso_prediction__isd__isd_response_target_mean_shared6__seed2026,isd_individual_iso_prediction,ISD,dev,ISD_EustonTap_EustonTap1_ET123_R1322,ISD_EustonTap_EustonTap1_ET123,ISOEventful,-0.1464,0.09380468277945618,
isd_individual_iso_prediction__isd__isd_response_target_mean_shared6__seed2026,isd_individual_iso_prediction,ISD,dev,ISD_EustonTap_EustonTap1_ET124_R1323,ISD_EustonTap_EustonTap1_ET124,ISOEventful,-0.341,0.09380468277945618,
isd_individual_iso_prediction__isd__isd_response_target_mean_shared6__seed2026,isd_individual_iso_prediction,ISD,dev,ISD_EustonTap_EustonTap1_ET124_R1324,ISD_EustonTap_EustonTap1_ET124,ISOEventful,0.0,0.09380468277945618,
isd_individual_iso_prediction__isd__isd_response_target_mean_shared6__seed2026,isd_individual_iso_prediction,ISD,dev,ISD_EustonTap_EustonTap1_ET125_R1325,ISD_EustonTap_EustonTap1_ET125,ISOEventful,0.25,0.09380468277945618,
isd_individual_iso_prediction__isd__isd_response_target_mean_shared6__seed2026,isd_individual_iso_prediction,ISD,dev,ISD_EustonTap_EustonTap2_ET201_R1326,ISD_EustonTap_EustonTap2_ET201,ISOEventful,0.7803,0.09380468277945618,
isd_individual_iso_prediction__isd__isd_response_target_mean_shared6__seed2026,isd_individual_iso_prediction,ISD,dev,ISD_EustonTap_EustonTap2_ET201_R1327,ISD_EustonTap_EustonTap2_ET201,ISOEventful,0.0858,0.09380468277945618,
isd_individual_iso_prediction__isd__isd_response_target_mean_shared6__seed2026,isd_individual_iso_prediction,ISD,dev,ISD_EustonTap_EustonTap2_ET201_R1328,ISD_EustonTap_EustonTap2_ET201,ISOEventful,0.3055,0.09380468277945618,
isd_individual_iso_prediction__isd__isd_response_target_mean_shared6__seed2026,isd_individual_iso_prediction,ISD,dev,ISD_EustonTap_EustonTap2_ET202_R1329,ISD_EustonTap_EustonTap2_ET202,ISOEventful,0.5732,0.09380468277945618,
isd_individual_iso_prediction__isd__isd_response_target_mean_shared6__seed2026,isd_individual_iso_prediction,ISD,dev,ISD_EustonTap_EustonTap2_ET203_R1330,ISD_EustonTap_EustonTap2_ET203,ISOEventful,0.2197,0.09380468277945618,
isd_individual_iso_prediction__isd__isd_response_target_mean_shared6__seed2026,isd_individual_iso_prediction,ISD,dev,ISD_EustonTap_EustonTap2_ET205_R1332,ISD_EustonTap_EustonTap2_ET205,ISOEventful,0.0126,0.09380468277945618,
isd_individual_iso_prediction__isd__isd_response_target_mean_shared6__seed2026,isd_individual_iso_prediction,ISD,dev,ISD_EustonTap_EustonTap2_ET205_R1333,ISD_EustonTap_EustonTap2_ET205,ISOEventful,0.6768,0.09380468277945618,
isd_individual_iso_prediction__isd__isd_response_target_mean_shared6__seed2026,isd_individual_iso_prediction,ISD,dev,ISD_EustonTap_EustonTap2_ET206_R1334,ISD_EustonTap_EustonTap2_ET206,ISOEventful,0.2197,0.09380468277945618,
isd_individual_iso_prediction__isd__isd_response_target_mean_shared6__seed2026,isd_individual_iso_prediction,ISD,dev,ISD_EustonTap_EustonTap2_ET206_R1335,ISD_EustonTap_EustonTap2_ET206,ISOEventful,0.3232,0.09380468277945618,
isd_individual_iso_prediction__isd__isd_response_target_mean_shared6__seed2026,isd_individual_iso_prediction,ISD,dev,ISD_EustonTap_EustonTap2_ET206_R1336,ISD_EustonTap_EustonTap2_ET206,ISOEventful,0.5732,0.09380468277945618,
isd_individual_iso_prediction__isd__isd_response_target_mean_shared6__seed2026,isd_individual_iso_prediction,ISD,dev,ISD_EustonTap_EustonTap2_ET207_R1338,ISD_EustonTap_EustonTap2_ET207,ISOEventful,0.8232,0.09380468277945618,
isd_individual_iso_prediction__isd__isd_response_target_mean_shared6__seed2026,isd_individual_iso_prediction,ISD,dev,ISD_EustonTap_EustonTap2_ET207_R1339,ISD_EustonTap_EustonTap2_ET207,ISOEventful,0.4697,0.09380468277945618,
isd_individual_iso_prediction__isd__isd_response_target_mean_shared6__seed2026,isd_individual_iso_prediction,ISD,dev,ISD_EustonTap_EustonTap2_ET207_R1340,ISD_EustonTap_EustonTap2_ET207,ISOEventful,0.1768,0.09380468277945618,
isd_individual_iso_prediction__isd__isd_response_target_mean_shared6__seed2026,isd_individual_iso_prediction,ISD,dev,ISD_EustonTap_EustonTap2_ET207_R1341,ISD_EustonTap_EustonTap2_ET207,ISOEventful,0.0,0.09380468277945618,
isd_individual_iso_prediction__isd__isd_response_target_mean_shared6__seed2026,isd_individual_iso_prediction,ISD,dev,ISD_EustonTap_EustonTap2_ET210_R1345,ISD_EustonTap_EustonTap2_ET210,ISOEventful,0.159,0.09380468277945618,
isd_individual_iso_prediction__isd__isd_response_target_mean_shared6__seed2026,isd_individual_iso_prediction,ISD,dev,ISD_EustonTap_EustonTap2_ET211_R1346,ISD_EustonTap_EustonTap2_ET211,ISOEventful,-0.3232,0.09380468277945618,
isd_individual_iso_prediction__isd__isd_response_target_mean_shared6__seed2026,isd_individual_iso_prediction,ISD,dev,ISD_EustonTap_EustonTap2_ET212_R1347,ISD_EustonTap_EustonTap2_ET212,ISOEventful,0.1893,0.09380468277945618,
isd_individual_iso_prediction__isd__isd_response_target_mean_shared6__seed2026,isd_individual_iso_prediction,ISD,dev,ISD_EustonTap_EustonTap2_ET212_R1348,ISD_EustonTap_EustonTap2_ET212,ISOEventful,0.2929,0.09380468277945618,
isd_individual_iso_prediction__isd__isd_response_target_mean_shared6__seed2026,isd_individual_iso_prediction,ISD,dev,ISD_EustonTap_EustonTap2_ET213_R1349,ISD_EustonTap_EustonTap2_ET213,ISOEventful,0.2374,0.09380468277945618,
isd_individual_iso_prediction__isd__isd_response_target_mean_shared6__seed2026,isd_individual_iso_prediction,ISD,dev,ISD_EustonTap_EustonTap2_ET214_R1350,ISD_EustonTap_EustonTap2_ET214,ISOEventful,0.6036,0.09380468277945618,
isd_individual_iso_prediction__isd__isd_response_target_mean_shared6__seed2026,isd_individual_iso_prediction,ISD,dev,ISD_EustonTap_EustonTap2_ET215_R1351,ISD_EustonTap_EustonTap2_ET215,ISOEventful,0.1768,0.09380468277945618,
isd_individual_iso_prediction__isd__isd_response_target_mean_shared6__seed2026,isd_individual_iso_prediction,ISD,dev,ISD_EustonTap_EustonTap2_ET216_R1352,ISD_EustonTap_EustonTap2_ET216,ISOEventful,0.7197,0.09380468277945618,
isd_individual_iso_prediction__isd__isd_response_target_mean_shared6__seed2026,isd_individual_iso_prediction,ISD,dev,ISD_EustonTap_EustonTap2_ET218_R1355,ISD_EustonTap_EustonTap2_ET218,ISOEventful,0.0429,0.09380468277945618,
isd_individual_iso_prediction__isd__isd_response_target_mean_shared6__seed2026,isd_individual_iso_prediction,ISD,dev,ISD_EustonTap_EustonTap2_ET218_R1356,ISD_EustonTap_EustonTap2_ET218,ISOEventful,0.0,0.09380468277945618,
isd_individual_iso_prediction__isd__isd_response_target_mean_shared6__seed2026,isd_individual_iso_prediction,ISD,dev,ISD_EustonTap_EustonTap2_ET219_R1357,ISD_EustonTap_EustonTap2_ET219,ISOEventful,0.0303,0.09380468277945618,
isd_individual_iso_prediction__isd__isd_response_target_mean_shared6__seed2026,isd_individual_iso_prediction,ISD,dev,ISD_EustonTap_EustonTap2_ET219_R1358,ISD_EustonTap_EustonTap2_ET219,ISOEventful,-0.1036,0.09380468277945618,
isd_individual_iso_prediction__isd__isd_response_target_mean_shared6__seed2026,isd_individual_iso_prediction,ISD,dev,ISD_EustonTap_EustonTap2_ET220_R1359,ISD_EustonTap_EustonTap2_ET220,ISOEventful,0.0126,0.09380468277945618,
isd_individual_iso_prediction__isd__isd_response_target_mean_shared6__seed2026,isd_individual_iso_prediction,ISD,dev,ISD_EustonTap_EustonTap2_ET221_R1360,ISD_EustonTap_EustonTap2_ET221,ISOEventful,0.4571,0.09380468277945618,
isd_individual_iso_prediction__isd__isd_response_target_mean_shared6__seed2026,isd_individual_iso_prediction,ISD,dev,ISD_EustonTap_EustonTap2_ET221_R1361,ISD_EustonTap_EustonTap2_ET221,ISOEventful,0.0732,0.09380468277945618,
isd_individual_iso_prediction__isd__isd_response_target_mean_shared6__seed2026,isd_individual_iso_prediction,ISD,dev,ISD_EustonTap_EustonTap2_ET222_R1362,ISD_EustonTap_EustonTap2_ET222,ISOEventful,0.5732,0.09380468277945618,
isd_individual_iso_prediction__isd__isd_response_target_mean_shared6__seed2026,isd_individual_iso_prediction,ISD,dev,ISD_EustonTap_EustonTap3_ET302_R1366,ISD_EustonTap_EustonTap3_ET302,ISOEventful,-0.1768,0.09380468277945618,
isd_individual_iso_prediction__isd__isd_response_target_mean_shared6__seed2026,isd_individual_iso_prediction,ISD,dev,ISD_EustonTap_EustonTap3_ET302_R1367,ISD_EustonTap_EustonTap3_ET302,ISOEventful,0.0,0.09380468277945618,
isd_individual_iso_prediction__isd__isd_response_target_mean_shared6__seed2026,isd_individual_iso_prediction,ISD,dev,ISD_EustonTap_EustonTap3_ET303_R1370,ISD_EustonTap_EustonTap3_ET303,ISOEventful,0.1036,0.09380468277945618,
isd_individual_iso_prediction__isd__isd_response_target_mean_shared6__seed2026,isd_individual_iso_prediction,ISD,dev,ISD_EustonTap_EustonTap3_ET303_R1371,ISD_EustonTap_EustonTap3_ET303,ISOEventful,0.1768,0.09380468277945618,
isd_individual_iso_prediction__isd__isd_response_target_mean_shared6__seed2026,isd_individual_iso_prediction,ISD,dev,ISD_EustonTap_EustonTap3_ET303_R1372,ISD_EustonTap_EustonTap3_ET303,ISOEventful,0.1464,0.09380468277945618,
isd_individual_iso_prediction__isd__isd_response_target_mean_shared6__seed2026,isd_individual_iso_prediction,ISD,dev,ISD_EustonTap_EustonTap3_ET304_R1373,ISD_EustonTap_EustonTap3_ET304,ISOEventful,-0.5,0.09380468277945618,
isd_individual_iso_prediction__isd__isd_response_target_mean_shared6__seed2026,isd_individual_iso_prediction,ISD,dev,ISD_EustonTap_EustonTap3_ET305_R1374,ISD_EustonTap_EustonTap3_ET305,ISOEventful,0.0126,0.09380468277945618,
isd_individual_iso_prediction__isd__isd_response_target_mean_shared6__seed2026,isd_individual_iso_prediction,ISD,dev,ISD_EustonTap_EustonTap3_ET306_R1375,ISD_EustonTap_EustonTap3_ET306,ISOEventful,0.8232,0.09380468277945618,
isd_individual_iso_prediction__isd__isd_response_target_mean_shared6__seed2026,isd_individual_iso_prediction,ISD,dev,ISD_EustonTap_EustonTap3_ET306_R1376,ISD_EustonTap_EustonTap3_ET306,ISOEventful,0.0732,0.09380468277945618,
isd_individual_iso_prediction__isd__isd_response_target_mean_shared6__seed2026,isd_individual_iso_prediction,ISD,dev,ISD_EustonTap_EustonTap3_ET306_R1377,ISD_EustonTap_EustonTap3_ET306,ISOEventful,0.1464,0.09380468277945618,
isd_individual_iso_prediction__isd__isd_response_target_mean_shared6__seed2026,isd_individual_iso_prediction,ISD,dev,ISD_EustonTap_EustonTap3_ET306_R1378,ISD_EustonTap_EustonTap3_ET306,ISOEventful,0.2803,0.09380468277945618,
isd_individual_iso_prediction__isd__isd_response_target_mean_shared6__seed2026,isd_individual_iso_prediction,ISD,dev,ISD_EustonTap_EustonTap3_ET306_R1379,ISD_EustonTap_EustonTap3_ET306,ISOEventful,0.0607,0.09380468277945618,
isd_individual_iso_prediction__isd__isd_response_target_mean_shared6__seed2026,isd_individual_iso_prediction,ISD,dev,ISD_EustonTap_EustonTap3_ET307_R1380,ISD_EustonTap_EustonTap3_ET307,ISOEventful,0.7071,0.09380468277945618,
isd_individual_iso_prediction__isd__isd_response_target_mean_shared6__seed2026,isd_individual_iso_prediction,ISD,dev,ISD_EustonTap_EustonTap3_ET307_R1381,ISD_EustonTap_EustonTap3_ET307,ISOEventful,0.1464,0.09380468277945618,
isd_individual_iso_prediction__isd__isd_response_target_mean_shared6__seed2026,isd_individual_iso_prediction,ISD,dev,ISD_EustonTap_EustonTap3_ET307_R1382,ISD_EustonTap_EustonTap3_ET307,ISOEventful,0.5,0.09380468277945618,
isd_individual_iso_prediction__isd__isd_response_target_mean_shared6__seed2026,isd_individual_iso_prediction,ISD,dev,ISD_EustonTap_EustonTap3_ET308_R1383,ISD_EustonTap_EustonTap3_ET308,ISOEventful,-0.0732,0.09380468277945618,
isd_individual_iso_prediction__isd__isd_response_target_mean_shared6__seed2026,isd_individual_iso_prediction,ISD,dev,ISD_EustonTap_EustonTap3_ET310_R1385,ISD_EustonTap_EustonTap3_ET310,ISOEventful,-0.5,0.09380468277945618,
isd_individual_iso_prediction__isd__isd_response_target_mean_shared6__seed2026,isd_individual_iso_prediction,ISD,dev,ISD_EustonTap_EustonTap3_ET310_R1386,ISD_EustonTap_EustonTap3_ET310,ISOEventful,0.1768,0.09380468277945618,
isd_individual_iso_prediction__isd__isd_response_target_mean_shared6__seed2026,isd_individual_iso_prediction,ISD,dev,ISD_EustonTap_EustonTap3_ET311_R1387,ISD_EustonTap_EustonTap3_ET311,ISOEventful,0.6036,0.09380468277945618,
isd_individual_iso_prediction__isd__isd_response_target_mean_shared6__seed2026,isd_individual_iso_prediction,ISD,dev,ISD_EustonTap_EustonTap3_ET312_R1388,ISD_EustonTap_EustonTap3_ET312,ISOEventful,0.1893,0.09380468277945618,
isd_individual_iso_prediction__isd__isd_response_target_mean_shared6__seed2026,isd_individual_iso_prediction,ISD,dev,ISD_EustonTap_EustonTap3_ET313_R1389,ISD_EustonTap_EustonTap3_ET313,ISOEventful,0.0732,0.09380468277945618,
isd_individual_iso_prediction__isd__isd_response_target_mean_shared6__seed2026,isd_individual_iso_prediction,ISD,dev,ISD_EustonTap_EustonTap3_ET314_R1390,ISD_EustonTap_EustonTap3_ET314,ISOEventful,0.6768,0.09380468277945618,
isd_individual_iso_prediction__isd__isd_response_target_mean_shared6__seed2026,isd_individual_iso_prediction,ISD,dev,ISD_EustonTap_EustonTap3_ET314_R1391,ISD_EustonTap_EustonTap3_ET314,ISOEventful,0.3536,0.09380468277945618,
isd_individual_iso_prediction__isd__isd_response_target_mean_shared6__seed2026,isd_individual_iso_prediction,ISD,dev,ISD_MarchmontGarden_MarchmontGarden1_MC101_R269,ISD_MarchmontGarden_MarchmontGarden1_MC101,ISOEventful,-0.0303,0.09380468277945618,
isd_individual_iso_prediction__isd__isd_response_target_mean_shared6__seed2026,isd_individual_iso_prediction,ISD,dev,ISD_MarchmontGarden_MarchmontGarden1_MC102_R270,ISD_MarchmontGarden_MarchmontGarden1_MC102,ISOEventful,-0.25,0.09380468277945618,
isd_individual_iso_prediction__isd__isd_response_target_mean_shared6__seed2026,isd_individual_iso_prediction,ISD,dev,ISD_MarchmontGarden_MarchmontGarden1_MC103_R271,ISD_MarchmontGarden_MarchmontGarden1_MC103,ISOEventful,0.2071,0.09380468277945618,
isd_individual_iso_prediction__isd__isd_response_target_mean_shared6__seed2026,isd_individual_iso_prediction,ISD,dev,ISD_MarchmontGarden_MarchmontGarden1_MC104_R272,ISD_MarchmontGarden_MarchmontGarden1_MC104,ISOEventful,-0.5,0.09380468277945618,
isd_individual_iso_prediction__isd__isd_response_target_mean_shared6__seed2026,isd_individual_iso_prediction,ISD,dev,ISD_MarchmontGarden_MarchmontGarden1_MC105_R273,ISD_MarchmontGarden_MarchmontGarden1_MC105,ISOEventful,-0.0732,0.09380468277945618,
isd_individual_iso_prediction__isd__isd_response_target_mean_shared6__seed2026,isd_individual_iso_prediction,ISD,dev,ISD_MarchmontGarden_MarchmontGarden1_MC105_R274,ISD_MarchmontGarden_MarchmontGarden1_MC105,ISOEventful,-0.0732,0.09380468277945618,
isd_individual_iso_prediction__isd__isd_response_target_mean_shared6__seed2026,isd_individual_iso_prediction,ISD,dev,ISD_MarchmontGarden_MarchmontGarden1_MC106_R275,ISD_MarchmontGarden_MarchmontGarden1_MC106,ISOEventful,0.1768,0.09380468277945618,
isd_individual_iso_prediction__isd__isd_response_target_mean_shared6__seed2026,isd_individual_iso_prediction,ISD,dev,ISD_MarchmontGarden_MarchmontGarden1_MC108_R277,ISD_MarchmontGarden_MarchmontGarden1_MC108,ISOEventful,-0.3536,0.09380468277945618,
isd_individual_iso_prediction__isd__isd_response_target_mean_shared6__seed2026,isd_individual_iso_prediction,ISD,dev,ISD_MarchmontGarden_MarchmontGarden1_MC110_R278,ISD_MarchmontGarden_MarchmontGarden1_MC110,ISOEventful,0.2071,0.09380468277945618,
isd_individual_iso_prediction__isd__isd_response_target_mean_shared6__seed2026,isd_individual_iso_prediction,ISD,dev,ISD_MarchmontGarden_MarchmontGarden1_MC111_R279,ISD_MarchmontGarden_MarchmontGarden1_MC111,ISOEventful,-0.2803,0.09380468277945618,
isd_individual_iso_prediction__isd__isd_response_target_mean_shared6__seed2026,isd_individual_iso_prediction,ISD,dev,ISD_MarchmontGarden_MarchmontGarden1_MC111_R280,ISD_MarchmontGarden_MarchmontGarden1_MC111,ISOEventful,-0.4393,0.09380468277945618,
isd_individual_iso_prediction__isd__isd_response_target_mean_shared6__seed2026,isd_individual_iso_prediction,ISD,dev,ISD_MarchmontGarden_MarchmontGarden1_MC112_R281,ISD_MarchmontGarden_MarchmontGarden1_MC112,ISOEventful,0.0732,0.09380468277945618,
isd_individual_iso_prediction__isd__isd_response_target_mean_shared6__seed2026,isd_individual_iso_prediction,ISD,dev,ISD_MarchmontGarden_MarchmontGarden1_MC114_R282,ISD_MarchmontGarden_MarchmontGarden1_MC114,ISOEventful,0.1464,0.09380468277945618,
isd_individual_iso_prediction__isd__isd_response_target_mean_shared6__seed2026,isd_individual_iso_prediction,ISD,dev,ISD_MarchmontGarden_MarchmontGarden1_MC115_R283,ISD_MarchmontGarden_MarchmontGarden1_MC115,ISOEventful,0.0,0.09380468277945618,
isd_individual_iso_prediction__isd__isd_response_target_mean_shared6__seed2026,isd_individual_iso_prediction,ISD,dev,ISD_MarchmontGarden_MarchmontGarden1_MC116_R284,ISD_MarchmontGarden_MarchmontGarden1_MC116,ISOEventful,0.6464,0.09380468277945618,
isd_individual_iso_prediction__isd__isd_response_target_mean_shared6__seed2026,isd_individual_iso_prediction,ISD,dev,ISD_MarchmontGarden_MarchmontGarden1_MC116_R285,ISD_MarchmontGarden_MarchmontGarden1_MC116,ISOEventful,0.0126,0.09380468277945618,
isd_individual_iso_prediction__isd__isd_response_target_mean_shared6__seed2026,isd_individual_iso_prediction,ISD,dev,ISD_MarchmontGarden_MarchmontGarden1_MC118_R287,ISD_MarchmontGarden_MarchmontGarden1_MC118,ISOEventful,0.0,0.09380468277945618,
isd_individual_iso_prediction__isd__isd_response_target_mean_shared6__seed2026,isd_individual_iso_prediction,ISD,dev,ISD_MarchmontGarden_MarchmontGarden1_MC118_R288,ISD_MarchmontGarden_MarchmontGarden1_MC118,ISOEventful,0.25,0.09380468277945618,
isd_individual_iso_prediction__isd__isd_response_target_mean_shared6__seed2026,isd_individual_iso_prediction,ISD,dev,ISD_MarchmontGarden_MarchmontGarden1_MC118_R289,ISD_MarchmontGarden_MarchmontGarden1_MC118,ISOEventful,0.7071,0.09380468277945618,
isd_individual_iso_prediction__isd__isd_response_target_mean_shared6__seed2026,isd_individual_iso_prediction,ISD,dev,ISD_MarchmontGarden_MarchmontGarden1_MC119_R290,ISD_MarchmontGarden_MarchmontGarden1_MC119,ISOEventful,-0.3536,0.09380468277945618,
isd_individual_iso_prediction__isd__isd_response_target_mean_shared6__seed2026,isd_individual_iso_prediction,ISD,dev,ISD_MarchmontGarden_MarchmontGarden1_MC119_R291,ISD_MarchmontGarden_MarchmontGarden1_MC119,ISOEventful,-0.0732,0.09380468277945618,
isd_individual_iso_prediction__isd__isd_response_target_mean_shared6__seed2026,isd_individual_iso_prediction,ISD,dev,ISD_MarchmontGarden_MarchmontGarden1_MC120_R292,ISD_MarchmontGarden_MarchmontGarden1_MC120,ISOEventful,0.4142,0.09380468277945618,
isd_individual_iso_prediction__isd__isd_response_target_mean_shared6__seed2026,isd_individual_iso_prediction,ISD,dev,ISD_MarchmontGarden_MarchmontGarden1_MC120_R293,ISD_MarchmontGarden_MarchmontGarden1_MC120,ISOEventful,-0.3107,0.09380468277945618,
isd_individual_iso_prediction__isd__isd_response_target_mean_shared6__seed2026,isd_individual_iso_prediction,ISD,dev,ISD_MarchmontGarden_MarchmontGarden1_MC121_R294,ISD_MarchmontGarden_MarchmontGarden1_MC121,ISOEventful,0.0607,0.09380468277945618,
isd_individual_iso_prediction__isd__isd_response_target_mean_shared6__seed2026,isd_individual_iso_prediction,ISD,dev,ISD_MarchmontGarden_MarchmontGarden1_MC121_R295,ISD_MarchmontGarden_MarchmontGarden1_MC121,ISOEventful,0.0303,0.09380468277945618,
isd_individual_iso_prediction__isd__isd_response_target_mean_shared6__seed2026,isd_individual_iso_prediction,ISD,dev,ISD_MarchmontGarden_MarchmontGarden1_MC122_R296,ISD_MarchmontGarden_MarchmontGarden1_MC122,ISOEventful,0.0303,0.09380468277945618,
isd_individual_iso_prediction__isd__isd_response_target_mean_shared6__seed2026,isd_individual_iso_prediction,ISD,dev,ISD_MarchmontGarden_MarchmontGarden1_MC127_R298,ISD_MarchmontGarden_MarchmontGarden1_MC127,ISOEventful,-0.1036,0.09380468277945618,
isd_individual_iso_prediction__isd__isd_response_target_mean_shared6__seed2026,isd_individual_iso_prediction,ISD,dev,ISD_MarchmontGarden_MarchmontGarden1_MC129_R300,ISD_MarchmontGarden_MarchmontGarden1_MC129,ISOEventful,-0.2197,0.09380468277945618,
isd_individual_iso_prediction__isd__isd_response_target_mean_shared6__seed2026,isd_individual_iso_prediction,ISD,dev,ISD_MarchmontGarden_MarchmontGarden2_MC203_R306,ISD_MarchmontGarden_MarchmontGarden2_MC203,ISOEventful,-0.0732,0.09380468277945618,
isd_individual_iso_prediction__isd__isd_response_target_mean_shared6__seed2026,isd_individual_iso_prediction,ISD,dev,ISD_MarchmontGarden_MarchmontGarden2_MC204_R302,ISD_MarchmontGarden_MarchmontGarden2_MC204,ISOEventful,0.2929,0.09380468277945618,
isd_individual_iso_prediction__isd__isd_response_target_mean_shared6__seed2026,isd_individual_iso_prediction,ISD,dev,ISD_MarchmontGarden_MarchmontGarden2_MC206_R303,ISD_MarchmontGarden_MarchmontGarden2_MC206,ISOEventful,-0.3536,0.09380468277945618,
isd_individual_iso_prediction__isd__isd_response_target_mean_shared6__seed2026,isd_individual_iso_prediction,ISD,dev,ISD_MarchmontGarden_MarchmontGarden2_MC207_R304,ISD_MarchmontGarden_MarchmontGarden2_MC207,ISOEventful,-0.1036,0.09380468277945618,
isd_individual_iso_prediction__isd__isd_response_target_mean_shared6__seed2026,isd_individual_iso_prediction,ISD,dev,ISD_MarchmontGarden_MarchmontGarden3_MC301_R309,ISD_MarchmontGarden_MarchmontGarden3_MC301,ISOEventful,0.3536,0.09380468277945618,
isd_individual_iso_prediction__isd__isd_response_target_mean_shared6__seed2026,isd_individual_iso_prediction,ISD,dev,ISD_MarchmontGarden_MarchmontGarden3_MC302_R308,ISD_MarchmontGarden_MarchmontGarden3_MC302,ISOEventful,0.7071,0.09380468277945618,
isd_individual_iso_prediction__isd__isd_response_target_mean_shared6__seed2026,isd_individual_iso_prediction,ISD,dev,ISD_MarchmontGarden_MarchmontGarden3_MC302_R335,ISD_MarchmontGarden_MarchmontGarden3_MC302,ISOEventful,-0.1768,0.09380468277945618,
isd_individual_iso_prediction__isd__isd_response_target_mean_shared6__seed2026,isd_individual_iso_prediction,ISD,dev,ISD_MarchmontGarden_MarchmontGarden3_MC303_R310,ISD_MarchmontGarden_MarchmontGarden3_MC303,ISOEventful,-0.2803,0.09380468277945618,
isd_individual_iso_prediction__isd__isd_response_target_mean_shared6__seed2026,isd_individual_iso_prediction,ISD,dev,ISD_MarchmontGarden_MarchmontGarden3_MC307_R313,ISD_MarchmontGarden_MarchmontGarden3_MC307,ISOEventful,-0.2197,0.09380468277945618,
isd_individual_iso_prediction__isd__isd_response_target_mean_shared6__seed2026,isd_individual_iso_prediction,ISD,dev,ISD_MarchmontGarden_MarchmontGarden3_MC308_R314,ISD_MarchmontGarden_MarchmontGarden3_MC308,ISOEventful,-0.2803,0.09380468277945618,
isd_individual_iso_prediction__isd__isd_response_target_mean_shared6__seed2026,isd_individual_iso_prediction,ISD,dev,ISD_MarchmontGarden_MarchmontGarden3_MC309_R315,ISD_MarchmontGarden_MarchmontGarden3_MC309,ISOEventful,-0.25,0.09380468277945618,
isd_individual_iso_prediction__isd__isd_response_target_mean_shared6__seed2026,isd_individual_iso_prediction,ISD,dev,ISD_MarchmontGarden_MarchmontGarden3_MC310_R316,ISD_MarchmontGarden_MarchmontGarden3_MC310,ISOEventful,0.0732,0.09380468277945618,
isd_individual_iso_prediction__isd__isd_response_target_mean_shared6__seed2026,isd_individual_iso_prediction,ISD,dev,ISD_MarchmontGarden_MarchmontGarden3_MC311_R317,ISD_MarchmontGarden_MarchmontGarden3_MC311,ISOEventful,0.0732,0.09380468277945618,
isd_individual_iso_prediction__isd__isd_response_target_mean_shared6__seed2026,isd_individual_iso_prediction,ISD,dev,ISD_MarchmontGarden_MarchmontGarden3_MC311_R336,ISD_MarchmontGarden_MarchmontGarden3_MC311,ISOEventful,0.0429,0.09380468277945618,
isd_individual_iso_prediction__isd__isd_response_target_mean_shared6__seed2026,isd_individual_iso_prediction,ISD,dev,ISD_MarchmontGarden_MarchmontGarden3_MC312_R337,ISD_MarchmontGarden_MarchmontGarden3_MC312,ISOEventful,-0.0732,0.09380468277945618,
isd_individual_iso_prediction__isd__isd_response_target_mean_shared6__seed2026,isd_individual_iso_prediction,ISD,dev,ISD_MarchmontGarden_MarchmontGarden3_MC316_R320,ISD_MarchmontGarden_MarchmontGarden3_MC316,ISOEventful,-0.1036,0.09380468277945618,
isd_individual_iso_prediction__isd__isd_response_target_mean_shared6__seed2026,isd_individual_iso_prediction,ISD,dev,ISD_MarchmontGarden_MarchmontGarden3_MC317_R322,ISD_MarchmontGarden_MarchmontGarden3_MC317,ISOEventful,0.0,0.09380468277945618,
isd_individual_iso_prediction__isd__isd_response_target_mean_shared6__seed2026,isd_individual_iso_prediction,ISD,dev,ISD_MarchmontGarden_MarchmontGarden3_MC318_R339,ISD_MarchmontGarden_MarchmontGarden3_MC318,ISOEventful,0.0429,0.09380468277945618,
isd_individual_iso_prediction__isd__isd_response_target_mean_shared6__seed2026,isd_individual_iso_prediction,ISD,dev,ISD_MarchmontGarden_MarchmontGarden3_MC318_R340,ISD_MarchmontGarden_MarchmontGarden3_MC318,ISOEventful,-0.0732,0.09380468277945618,
isd_individual_iso_prediction__isd__isd_response_target_mean_shared6__seed2026,isd_individual_iso_prediction,ISD,dev,ISD_MarchmontGarden_MarchmontGarden3_MC319_R321,ISD_MarchmontGarden_MarchmontGarden3_MC319,ISOEventful,-0.3232,0.09380468277945618,
isd_individual_iso_prediction__isd__isd_response_target_mean_shared6__seed2026,isd_individual_iso_prediction,ISD,dev,ISD_MarchmontGarden_MarchmontGarden3_MC320_R338,ISD_MarchmontGarden_MarchmontGarden3_MC320,ISOEventful,0.6036,0.09380468277945618,
isd_individual_iso_prediction__isd__isd_response_target_mean_shared6__seed2026,isd_individual_iso_prediction,ISD,dev,ISD_MarchmontGarden_MarchmontGarden3_MC321_R323,ISD_MarchmontGarden_MarchmontGarden3_MC321,ISOEventful,-0.0732,0.09380468277945618,
isd_individual_iso_prediction__isd__isd_response_target_mean_shared6__seed2026,isd_individual_iso_prediction,ISD,dev,ISD_MarchmontGarden_MarchmontGarden3_MC323_R341,ISD_MarchmontGarden_MarchmontGarden3_MC323,ISOEventful,-0.3839,0.09380468277945618,
isd_individual_iso_prediction__isd__isd_response_target_mean_shared6__seed2026,isd_individual_iso_prediction,ISD,dev,ISD_MarchmontGarden_MarchmontGarden3_MC324_R326,ISD_MarchmontGarden_MarchmontGarden3_MC324,ISOEventful,0.1339,0.09380468277945618,
isd_individual_iso_prediction__isd__isd_response_target_mean_shared6__seed2026,isd_individual_iso_prediction,ISD,dev,ISD_MarchmontGarden_MarchmontGarden3_MC325_R327,ISD_MarchmontGarden_MarchmontGarden3_MC325,ISOEventful,0.2071,0.09380468277945618,
isd_individual_iso_prediction__isd__isd_response_target_mean_shared6__seed2026,isd_individual_iso_prediction,ISD,dev,ISD_MarchmontGarden_MarchmontGarden3_MC328_R329,ISD_MarchmontGarden_MarchmontGarden3_MC328,ISOEventful,0.25,0.09380468277945618,
isd_individual_iso_prediction__isd__isd_response_target_mean_shared6__seed2026,isd_individual_iso_prediction,ISD,dev,ISD_MarchmontGarden_MarchmontGarden3_MC329_R342,ISD_MarchmontGarden_MarchmontGarden3_MC329,ISOEventful,-0.3107,0.09380468277945618,
isd_individual_iso_prediction__isd__isd_response_target_mean_shared6__seed2026,isd_individual_iso_prediction,ISD,dev,ISD_MarchmontGarden_MarchmontGarden3_MC330_R330,ISD_MarchmontGarden_MarchmontGarden3_MC330,ISOEventful,-0.0607,0.09380468277945618,
isd_individual_iso_prediction__isd__isd_response_target_mean_shared6__seed2026,isd_individual_iso_prediction,ISD,dev,ISD_MarchmontGarden_MarchmontGarden3_MC331_R331,ISD_MarchmontGarden_MarchmontGarden3_MC331,ISOEventful,-0.3839,0.09380468277945618,
isd_individual_iso_prediction__isd__isd_response_target_mean_shared6__seed2026,isd_individual_iso_prediction,ISD,dev,ISD_MarchmontGarden_MarchmontGarden3_MC332_R332,ISD_MarchmontGarden_MarchmontGarden3_MC332,ISOEventful,-0.0607,0.09380468277945618,
isd_individual_iso_prediction__isd__isd_response_target_mean_shared6__seed2026,isd_individual_iso_prediction,ISD,dev,ISD_MarchmontGarden_MarchmontGarden3_MC332_R343,ISD_MarchmontGarden_MarchmontGarden3_MC332,ISOEventful,-0.1339,0.09380468277945618,
isd_individual_iso_prediction__isd__isd_response_target_mean_shared6__seed2026,isd_individual_iso_prediction,ISD,dev,ISD_MarchmontGarden_MarchmontGarden3_MC333_R344,ISD_MarchmontGarden_MarchmontGarden3_MC333,ISOEventful,-0.2374,0.09380468277945618,
isd_individual_iso_prediction__isd__isd_response_target_mean_shared6__seed2026,isd_individual_iso_prediction,ISD,dev,ISD_MarchmontGarden_MarchmontGarden3_MC333_R345,ISD_MarchmontGarden_MarchmontGarden3_MC333,ISOEventful,-0.2071,0.09380468277945618,
isd_individual_iso_prediction__isd__isd_response_target_mean_shared6__seed2026,isd_individual_iso_prediction,ISD,dev,ISD_MarchmontGarden_MarchmontGarden3_MC334_R346,ISD_MarchmontGarden_MarchmontGarden3_MC334,ISOEventful,0.0732,0.09380468277945618,
isd_individual_iso_prediction__isd__isd_response_target_mean_shared6__seed2026,isd_individual_iso_prediction,ISD,dev,ISD_MarchmontGarden_MarchmontGarden3_MC335_R333,ISD_MarchmontGarden_MarchmontGarden3_MC335,ISOEventful,-0.3536,0.09380468277945618,
isd_individual_iso_prediction__isd__isd_response_target_mean_shared6__seed2026,isd_individual_iso_prediction,ISD,dev,ISD_MarchmontGarden_MarchmontGarden3_MC336_R334,ISD_MarchmontGarden_MarchmontGarden3_MC336,ISOEventful,-0.0732,0.09380468277945618,
isd_individual_iso_prediction__isd__isd_response_target_mean_shared6__seed2026,isd_individual_iso_prediction,ISD,dev,ISD_MarchmontGarden_MarchmontGarden3_MC336_R347,ISD_MarchmontGarden_MarchmontGarden3_MC336,ISOEventful,0.0,0.09380468277945618,
isd_individual_iso_prediction__isd__isd_response_target_mean_shared6__seed2026,isd_individual_iso_prediction,ISD,dev,ISD_MarchmontGarden_MarchmontGarden4_MC401_R348,ISD_MarchmontGarden_MarchmontGarden4_MC401,ISOEventful,-0.2071,0.09380468277945618,
isd_individual_iso_prediction__isd__isd_response_target_mean_shared6__seed2026,isd_individual_iso_prediction,ISD,dev,ISD_MarchmontGarden_MarchmontGarden4_MC402_R349,ISD_MarchmontGarden_MarchmontGarden4_MC402,ISOEventful,-0.3232,0.09380468277945618,
isd_individual_iso_prediction__isd__isd_response_target_mean_shared6__seed2026,isd_individual_iso_prediction,ISD,dev,ISD_MarchmontGarden_MarchmontGarden4_MC402_R350,ISD_MarchmontGarden_MarchmontGarden4_MC402,ISOEventful,0.2803,0.09380468277945618,
isd_individual_iso_prediction__isd__isd_response_target_mean_shared6__seed2026,isd_individual_iso_prediction,ISD,dev,ISD_MarchmontGarden_MarchmontGarden4_MC404_R352,ISD_MarchmontGarden_MarchmontGarden4_MC404,ISOEventful,0.3536,0.09380468277945618,
isd_individual_iso_prediction__isd__isd_response_target_mean_shared6__seed2026,isd_individual_iso_prediction,ISD,dev,ISD_MarchmontGarden_MarchmontGarden4_MC404_R353,ISD_MarchmontGarden_MarchmontGarden4_MC404,ISOEventful,-0.2197,0.09380468277945618,
isd_individual_iso_prediction__isd__isd_response_target_mean_shared6__seed2026,isd_individual_iso_prediction,ISD,dev,ISD_MarchmontGarden_MarchmontGarden4_MC404_R418,ISD_MarchmontGarden_MarchmontGarden4_MC404,ISOEventful,0.2071,0.09380468277945618,
isd_individual_iso_prediction__isd__isd_response_target_mean_shared6__seed2026,isd_individual_iso_prediction,ISD,dev,ISD_MarchmontGarden_MarchmontGarden4_MC404_R419,ISD_MarchmontGarden_MarchmontGarden4_MC404,ISOEventful,0.0,0.09380468277945618,
isd_individual_iso_prediction__isd__isd_response_target_mean_shared6__seed2026,isd_individual_iso_prediction,ISD,dev,ISD_MarchmontGarden_MarchmontGarden4_MC405_R354,ISD_MarchmontGarden_MarchmontGarden4_MC405,ISOEventful,-0.1464,0.09380468277945618,
isd_individual_iso_prediction__isd__isd_response_target_mean_shared6__seed2026,isd_individual_iso_prediction,ISD,dev,ISD_MarchmontGarden_MarchmontGarden4_MC406_R355,ISD_MarchmontGarden_MarchmontGarden4_MC406,ISOEventful,0.5303,0.09380468277945618,
isd_individual_iso_prediction__isd__isd_response_target_mean_shared6__seed2026,isd_individual_iso_prediction,ISD,dev,ISD_MarchmontGarden_MarchmontGarden4_MC407_R356,ISD_MarchmontGarden_MarchmontGarden4_MC407,ISOEventful,-0.2071,0.09380468277945618,
isd_individual_iso_prediction__isd__isd_response_target_mean_shared6__seed2026,isd_individual_iso_prediction,ISD,dev,ISD_MarchmontGarden_MarchmontGarden4_MC407_R357,ISD_MarchmontGarden_MarchmontGarden4_MC407,ISOEventful,-0.1036,0.09380468277945618,
isd_individual_iso_prediction__isd__isd_response_target_mean_shared6__seed2026,isd_individual_iso_prediction,ISD,dev,ISD_MarchmontGarden_MarchmontGarden4_MC407_R420,ISD_MarchmontGarden_MarchmontGarden4_MC407,ISOEventful,0.0303,0.09380468277945618,
isd_individual_iso_prediction__isd__isd_response_target_mean_shared6__seed2026,isd_individual_iso_prediction,ISD,dev,ISD_MarchmontGarden_MarchmontGarden4_MC409_R358,ISD_MarchmontGarden_MarchmontGarden4_MC409,ISOEventful,0.0303,0.09380468277945618,
isd_individual_iso_prediction__isd__isd_response_target_mean_shared6__seed2026,isd_individual_iso_prediction,ISD,dev,ISD_MarchmontGarden_MarchmontGarden4_MC409_R359,ISD_MarchmontGarden_MarchmontGarden4_MC409,ISOEventful,0.3536,0.09380468277945618,
isd_individual_iso_prediction__isd__isd_response_target_mean_shared6__seed2026,isd_individual_iso_prediction,ISD,dev,ISD_MarchmontGarden_MarchmontGarden4_MC410_R360,ISD_MarchmontGarden_MarchmontGarden4_MC410,ISOEventful,-0.1464,0.09380468277945618,
isd_individual_iso_prediction__isd__isd_response_target_mean_shared6__seed2026,isd_individual_iso_prediction,ISD,dev,ISD_MarchmontGarden_MarchmontGarden4_MC412_R362,ISD_MarchmontGarden_MarchmontGarden4_MC412,ISOEventful,-0.5,0.09380468277945618,
isd_individual_iso_prediction__isd__isd_response_target_mean_shared6__seed2026,isd_individual_iso_prediction,ISD,dev,ISD_MarchmontGarden_MarchmontGarden4_MC413_R363,ISD_MarchmontGarden_MarchmontGarden4_MC413,ISOEventful,-0.5,0.09380468277945618,
isd_individual_iso_prediction__isd__isd_response_target_mean_shared6__seed2026,isd_individual_iso_prediction,ISD,dev,ISD_MarchmontGarden_MarchmontGarden4_MC413_R364,ISD_MarchmontGarden_MarchmontGarden4_MC413,ISOEventful,-0.2071,0.09380468277945618,
isd_individual_iso_prediction__isd__isd_response_target_mean_shared6__seed2026,isd_individual_iso_prediction,ISD,dev,ISD_MarchmontGarden_MarchmontGarden4_MC414_R365,ISD_MarchmontGarden_MarchmontGarden4_MC414,ISOEventful,-0.1768,0.09380468277945618,
isd_individual_iso_prediction__isd__isd_response_target_mean_shared6__seed2026,isd_individual_iso_prediction,ISD,dev,ISD_MarchmontGarden_MarchmontGarden4_MC415_R366,ISD_MarchmontGarden_MarchmontGarden4_MC415,ISOEventful,-0.2197,0.09380468277945618,
isd_individual_iso_prediction__isd__isd_response_target_mean_shared6__seed2026,isd_individual_iso_prediction,ISD,dev,ISD_MarchmontGarden_MarchmontGarden4_MC415_R367,ISD_MarchmontGarden_MarchmontGarden4_MC415,ISOEventful,0.1339,0.09380468277945618,
isd_individual_iso_prediction__isd__isd_response_target_mean_shared6__seed2026,isd_individual_iso_prediction,ISD,dev,ISD_MarchmontGarden_MarchmontGarden4_MC416_R368,ISD_MarchmontGarden_MarchmontGarden4_MC416,ISOEventful,-0.2197,0.09380468277945618,
isd_individual_iso_prediction__isd__isd_response_target_mean_shared6__seed2026,isd_individual_iso_prediction,ISD,dev,ISD_MarchmontGarden_MarchmontGarden4_MC417_R369,ISD_MarchmontGarden_MarchmontGarden4_MC417,ISOEventful,0.2929,0.09380468277945618,
isd_individual_iso_prediction__isd__isd_response_target_mean_shared6__seed2026,isd_individual_iso_prediction,ISD,dev,ISD_MarchmontGarden_MarchmontGarden4_MC417_R416,ISD_MarchmontGarden_MarchmontGarden4_MC417,ISOEventful,-0.2071,0.09380468277945618,
isd_individual_iso_prediction__isd__isd_response_target_mean_shared6__seed2026,isd_individual_iso_prediction,ISD,dev,ISD_MarchmontGarden_MarchmontGarden4_MC418_R417,ISD_MarchmontGarden_MarchmontGarden4_MC418,ISOEventful,0.3536,0.09380468277945618,
isd_individual_iso_prediction__isd__isd_response_target_mean_shared6__seed2026,isd_individual_iso_prediction,ISD,dev,ISD_PancrasLock_PancrasLock1_PL101_R215,ISD_PancrasLock_PancrasLock1_PL101,ISOEventful,0.5303,0.09380468277945618,
isd_individual_iso_prediction__isd__isd_response_target_mean_shared6__seed2026,isd_individual_iso_prediction,ISD,dev,ISD_PancrasLock_PancrasLock1_PL102_R216,ISD_PancrasLock_PancrasLock1_PL102,ISOEventful,0.0429,0.09380468277945618,
isd_individual_iso_prediction__isd__isd_response_target_mean_shared6__seed2026,isd_individual_iso_prediction,ISD,dev,ISD_PancrasLock_PancrasLock1_PL102_R242,ISD_PancrasLock_PancrasLock1_PL102,ISOEventful,-0.4268,0.09380468277945618,
isd_individual_iso_prediction__isd__isd_response_target_mean_shared6__seed2026,isd_individual_iso_prediction,ISD,dev,ISD_PancrasLock_PancrasLock1_PL103_R217,ISD_PancrasLock_PancrasLock1_PL103,ISOEventful,-0.25,0.09380468277945618,
isd_individual_iso_prediction__isd__isd_response_target_mean_shared6__seed2026,isd_individual_iso_prediction,ISD,dev,ISD_PancrasLock_PancrasLock1_PL103_R239,ISD_PancrasLock_PancrasLock1_PL103,ISOEventful,-0.5303,0.09380468277945618,
isd_individual_iso_prediction__isd__isd_response_target_mean_shared6__seed2026,isd_individual_iso_prediction,ISD,dev,ISD_PancrasLock_PancrasLock1_PL105_R219,ISD_PancrasLock_PancrasLock1_PL105,ISOEventful,0.4268,0.09380468277945618,
isd_individual_iso_prediction__isd__isd_response_target_mean_shared6__seed2026,isd_individual_iso_prediction,ISD,dev,ISD_PancrasLock_PancrasLock1_PL106_R240,ISD_PancrasLock_PancrasLock1_PL106,ISOEventful,0.4268,0.09380468277945618,
isd_individual_iso_prediction__isd__isd_response_target_mean_shared6__seed2026,isd_individual_iso_prediction,ISD,dev,ISD_PancrasLock_PancrasLock1_PL107_R220,ISD_PancrasLock_PancrasLock1_PL107,ISOEventful,0.0732,0.09380468277945618,
isd_individual_iso_prediction__isd__isd_response_target_mean_shared6__seed2026,isd_individual_iso_prediction,ISD,dev,ISD_PancrasLock_PancrasLock1_PL107_R232,ISD_PancrasLock_PancrasLock1_PL107,ISOEventful,0.25,0.09380468277945618,
isd_individual_iso_prediction__isd__isd_response_target_mean_shared6__seed2026,isd_individual_iso_prediction,ISD,dev,ISD_PancrasLock_PancrasLock1_PL107_R233,ISD_PancrasLock_PancrasLock1_PL107,ISOEventful,0.1036,0.09380468277945618,
isd_individual_iso_prediction__isd__isd_response_target_mean_shared6__seed2026,isd_individual_iso_prediction,ISD,dev,ISD_PancrasLock_PancrasLock1_PL107_R234,ISD_PancrasLock_PancrasLock1_PL107,ISOEventful,-0.0303,0.09380468277945618,
isd_individual_iso_prediction__isd__isd_response_target_mean_shared6__seed2026,isd_individual_iso_prediction,ISD,dev,ISD_PancrasLock_PancrasLock1_PL107_R235,ISD_PancrasLock_PancrasLock1_PL107,ISOEventful,0.2071,0.09380468277945618,
isd_individual_iso_prediction__isd__isd_response_target_mean_shared6__seed2026,isd_individual_iso_prediction,ISD,dev,ISD_PancrasLock_PancrasLock1_PL107_R236,ISD_PancrasLock_PancrasLock1_PL107,ISOEventful,0.5,0.09380468277945618,
isd_individual_iso_prediction__isd__isd_response_target_mean_shared6__seed2026,isd_individual_iso_prediction,ISD,dev,ISD_PancrasLock_PancrasLock1_PL107_R237,ISD_PancrasLock_PancrasLock1_PL107,ISOEventful,-0.4268,0.09380468277945618,
isd_individual_iso_prediction__isd__isd_response_target_mean_shared6__seed2026,isd_individual_iso_prediction,ISD,dev,ISD_PancrasLock_PancrasLock1_PL107_R243,ISD_PancrasLock_PancrasLock1_PL107,ISOEventful,-0.0303,0.09380468277945618,
isd_individual_iso_prediction__isd__isd_response_target_mean_shared6__seed2026,isd_individual_iso_prediction,ISD,dev,ISD_PancrasLock_PancrasLock1_PL107_R244,ISD_PancrasLock_PancrasLock1_PL107,ISOEventful,0.5,0.09380468277945618,
isd_individual_iso_prediction__isd__isd_response_target_mean_shared6__seed2026,isd_individual_iso_prediction,ISD,dev,ISD_PancrasLock_PancrasLock1_PL107_R246,ISD_PancrasLock_PancrasLock1_PL107,ISOEventful,0.25,0.09380468277945618,
isd_individual_iso_prediction__isd__isd_response_target_mean_shared6__seed2026,isd_individual_iso_prediction,ISD,dev,ISD_PancrasLock_PancrasLock1_PL107_R247,ISD_PancrasLock_PancrasLock1_PL107,ISOEventful,-0.0303,0.09380468277945618,
isd_individual_iso_prediction__isd__isd_response_target_mean_shared6__seed2026,isd_individual_iso_prediction,ISD,dev,ISD_PancrasLock_PancrasLock1_PL107_R248,ISD_PancrasLock_PancrasLock1_PL107,ISOEventful,0.4268,0.09380468277945618,
isd_individual_iso_prediction__isd__isd_response_target_mean_shared6__seed2026,isd_individual_iso_prediction,ISD,dev,ISD_PancrasLock_PancrasLock1_PL107_R249,ISD_PancrasLock_PancrasLock1_PL107,ISOEventful,-0.1036,0.09380468277945618,
isd_individual_iso_prediction__isd__isd_response_target_mean_shared6__seed2026,isd_individual_iso_prediction,ISD,dev,ISD_PancrasLock_PancrasLock1_PL107_R250,ISD_PancrasLock_PancrasLock1_PL107,ISOEventful,-0.0732,0.09380468277945618,
isd_individual_iso_prediction__isd__isd_response_target_mean_shared6__seed2026,isd_individual_iso_prediction,ISD,dev,ISD_PancrasLock_PancrasLock1_PL107_R251,ISD_PancrasLock_PancrasLock1_PL107,ISOEventful,-0.0303,0.09380468277945618,
isd_individual_iso_prediction__isd__isd_response_target_mean_shared6__seed2026,isd_individual_iso_prediction,ISD,dev,ISD_PancrasLock_PancrasLock1_PL107_R252,ISD_PancrasLock_PancrasLock1_PL107,ISOEventful,-0.0732,0.09380468277945618,
isd_individual_iso_prediction__isd__isd_response_target_mean_shared6__seed2026,isd_individual_iso_prediction,ISD,dev,ISD_PancrasLock_PancrasLock1_PL107_R253,ISD_PancrasLock_PancrasLock1_PL107,ISOEventful,0.4268,0.09380468277945618,
isd_individual_iso_prediction__isd__isd_response_target_mean_shared6__seed2026,isd_individual_iso_prediction,ISD,dev,ISD_PancrasLock_PancrasLock1_PL107_R254,ISD_PancrasLock_PancrasLock1_PL107,ISOEventful,0.3964,0.09380468277945618,
isd_individual_iso_prediction__isd__isd_response_target_mean_shared6__seed2026,isd_individual_iso_prediction,ISD,dev,ISD_PancrasLock_PancrasLock1_PL107_R255,ISD_PancrasLock_PancrasLock1_PL107,ISOEventful,0.0,0.09380468277945618,
isd_individual_iso_prediction__isd__isd_response_target_mean_shared6__seed2026,isd_individual_iso_prediction,ISD,dev,ISD_PancrasLock_PancrasLock1_PL107_R256,ISD_PancrasLock_PancrasLock1_PL107,ISOEventful,0.1036,0.09380468277945618,
isd_individual_iso_prediction__isd__isd_response_target_mean_shared6__seed2026,isd_individual_iso_prediction,ISD,dev,ISD_PancrasLock_PancrasLock1_PL107_R257,ISD_PancrasLock_PancrasLock1_PL107,ISOEventful,0.0732,0.09380468277945618,
isd_individual_iso_prediction__isd__isd_response_target_mean_shared6__seed2026,isd_individual_iso_prediction,ISD,dev,ISD_PancrasLock_PancrasLock1_PL107_R258,ISD_PancrasLock_PancrasLock1_PL107,ISOEventful,0.4142,0.09380468277945618,
isd_individual_iso_prediction__isd__isd_response_target_mean_shared6__seed2026,isd_individual_iso_prediction,ISD,dev,ISD_PancrasLock_PancrasLock1_PL107_R259,ISD_PancrasLock_PancrasLock1_PL107,ISOEventful,0.1161,0.09380468277945618,
isd_individual_iso_prediction__isd__isd_response_target_mean_shared6__seed2026,isd_individual_iso_prediction,ISD,dev,ISD_PancrasLock_PancrasLock1_PL107_R260,ISD_PancrasLock_PancrasLock1_PL107,ISOEventful,0.1036,0.09380468277945618,
isd_individual_iso_prediction__isd__isd_response_target_mean_shared6__seed2026,isd_individual_iso_prediction,ISD,dev,ISD_PancrasLock_PancrasLock1_PL107_R261,ISD_PancrasLock_PancrasLock1_PL107,ISOEventful,0.0,0.09380468277945618,
isd_individual_iso_prediction__isd__isd_response_target_mean_shared6__seed2026,isd_individual_iso_prediction,ISD,dev,ISD_PancrasLock_PancrasLock1_PL108_R221,ISD_PancrasLock_PancrasLock1_PL108,ISOEventful,0.1036,0.09380468277945618,
isd_individual_iso_prediction__isd__isd_response_target_mean_shared6__seed2026,isd_individual_iso_prediction,ISD,dev,ISD_PancrasLock_PancrasLock1_PL108_R238,ISD_PancrasLock_PancrasLock1_PL108,ISOEventful,-0.3232,0.09380468277945618,
isd_individual_iso_prediction__isd__isd_response_target_mean_shared6__seed2026,isd_individual_iso_prediction,ISD,dev,ISD_PancrasLock_PancrasLock1_PL109_R222,ISD_PancrasLock_PancrasLock1_PL109,ISOEventful,0.1768,0.09380468277945618,
isd_individual_iso_prediction__isd__isd_response_target_mean_shared6__seed2026,isd_individual_iso_prediction,ISD,dev,ISD_PancrasLock_PancrasLock1_PL112_R224,ISD_PancrasLock_PancrasLock1_PL112,ISOEventful,0.2071,0.09380468277945618,
isd_individual_iso_prediction__isd__isd_response_target_mean_shared6__seed2026,isd_individual_iso_prediction,ISD,dev,ISD_PancrasLock_PancrasLock1_PL114_R226,ISD_PancrasLock_PancrasLock1_PL114,ISOEventful,0.2803,0.09380468277945618,
isd_individual_iso_prediction__isd__isd_response_target_mean_shared6__seed2026,isd_individual_iso_prediction,ISD,dev,ISD_PancrasLock_PancrasLock1_PL114_R267,ISD_PancrasLock_PancrasLock1_PL114,ISOEventful,0.1768,0.09380468277945618,
isd_individual_iso_prediction__isd__isd_response_target_mean_shared6__seed2026,isd_individual_iso_prediction,ISD,dev,ISD_PancrasLock_PancrasLock1_PL116_R228,ISD_PancrasLock_PancrasLock1_PL116,ISOEventful,-0.1339,0.09380468277945618,
isd_individual_iso_prediction__isd__isd_response_target_mean_shared6__seed2026,isd_individual_iso_prediction,ISD,dev,ISD_PancrasLock_PancrasLock1_PL116_R263,ISD_PancrasLock_PancrasLock1_PL116,ISOEventful,0.6036,0.09380468277945618,
isd_individual_iso_prediction__isd__isd_response_target_mean_shared6__seed2026,isd_individual_iso_prediction,ISD,dev,ISD_PancrasLock_PancrasLock1_PL119_R230,ISD_PancrasLock_PancrasLock1_PL119,ISOEventful,0.25,0.09380468277945618,
isd_individual_iso_prediction__isd__isd_response_target_mean_shared6__seed2026,isd_individual_iso_prediction,ISD,dev,ISD_PancrasLock_PancrasLock1_PL119_R266,ISD_PancrasLock_PancrasLock1_PL119,ISOEventful,0.3536,0.09380468277945618,
isd_individual_iso_prediction__isd__isd_response_target_mean_shared6__seed2026,isd_individual_iso_prediction,ISD,dev,ISD_PancrasLock_PancrasLock1_PL120_R231,ISD_PancrasLock_PancrasLock1_PL120,ISOEventful,0.4268,0.09380468277945618,
isd_individual_iso_prediction__isd__isd_response_target_mean_shared6__seed2026,isd_individual_iso_prediction,ISD,dev,ISD_PancrasLock_PancrasLock1_PL120_R262,ISD_PancrasLock_PancrasLock1_PL120,ISOEventful,-0.3536,0.09380468277945618,
isd_individual_iso_prediction__isd__isd_response_target_mean_shared6__seed2026,isd_individual_iso_prediction,ISD,dev,ISD_PancrasLock_PancrasLock2_PL201_R371,ISD_PancrasLock_PancrasLock2_PL201,ISOEventful,0.1339,0.09380468277945618,
isd_individual_iso_prediction__isd__isd_response_target_mean_shared6__seed2026,isd_individual_iso_prediction,ISD,dev,ISD_PancrasLock_PancrasLock2_PL202_R409,ISD_PancrasLock_PancrasLock2_PL202,ISOEventful,0.5303,0.09380468277945618,
isd_individual_iso_prediction__isd__isd_response_target_mean_shared6__seed2026,isd_individual_iso_prediction,ISD,dev,ISD_PancrasLock_PancrasLock2_PL203_R372,ISD_PancrasLock_PancrasLock2_PL203,ISOEventful,0.0858,0.09380468277945618,
isd_individual_iso_prediction__isd__isd_response_target_mean_shared6__seed2026,isd_individual_iso_prediction,ISD,dev,ISD_PancrasLock_PancrasLock2_PL203_R373,ISD_PancrasLock_PancrasLock2_PL203,ISOEventful,0.25,0.09380468277945618,
isd_individual_iso_prediction__isd__isd_response_target_mean_shared6__seed2026,isd_individual_iso_prediction,ISD,dev,ISD_PancrasLock_PancrasLock2_PL205_R411,ISD_PancrasLock_PancrasLock2_PL205,ISOEventful,0.3536,0.09380468277945618,
isd_individual_iso_prediction__isd__isd_response_target_mean_shared6__seed2026,isd_individual_iso_prediction,ISD,dev,ISD_PancrasLock_PancrasLock2_PL206_R413,ISD_PancrasLock_PancrasLock2_PL206,ISOEventful,0.2374,0.09380468277945618,
isd_individual_iso_prediction__isd__isd_response_target_mean_shared6__seed2026,isd_individual_iso_prediction,ISD,dev,ISD_PancrasLock_PancrasLock2_PL209_R374,ISD_PancrasLock_PancrasLock2_PL209,ISOEventful,-0.1036,0.09380468277945618,
isd_individual_iso_prediction__isd__isd_response_target_mean_shared6__seed2026,isd_individual_iso_prediction,ISD,dev,ISD_PancrasLock_PancrasLock2_PL209_R414,ISD_PancrasLock_PancrasLock2_PL209,ISOEventful,0.2197,0.09380468277945618,
isd_individual_iso_prediction__isd__isd_response_target_mean_shared6__seed2026,isd_individual_iso_prediction,ISD,dev,ISD_PancrasLock_PancrasLock2_PL210_R375,ISD_PancrasLock_PancrasLock2_PL210,ISOEventful,-0.1768,0.09380468277945618,
isd_individual_iso_prediction__isd__isd_response_target_mean_shared6__seed2026,isd_individual_iso_prediction,ISD,dev,ISD_PancrasLock_PancrasLock2_PL211_R376,ISD_PancrasLock_PancrasLock2_PL211,ISOEventful,-0.2197,0.09380468277945618,
isd_individual_iso_prediction__isd__isd_response_target_mean_shared6__seed2026,isd_individual_iso_prediction,ISD,dev,ISD_PancrasLock_PancrasLock2_PL211_R397,ISD_PancrasLock_PancrasLock2_PL211,ISOEventful,-0.2197,0.09380468277945618,
isd_individual_iso_prediction__isd__isd_response_target_mean_shared6__seed2026,isd_individual_iso_prediction,ISD,dev,ISD_PancrasLock_PancrasLock2_PL213_R378,ISD_PancrasLock_PancrasLock2_PL213,ISOEventful,-0.2929,0.09380468277945618,
isd_individual_iso_prediction__isd__isd_response_target_mean_shared6__seed2026,isd_individual_iso_prediction,ISD,dev,ISD_PancrasLock_PancrasLock2_PL215_R379,ISD_PancrasLock_PancrasLock2_PL215,ISOEventful,0.1161,0.09380468277945618,
isd_individual_iso_prediction__isd__isd_response_target_mean_shared6__seed2026,isd_individual_iso_prediction,ISD,dev,ISD_PancrasLock_PancrasLock2_PL215_R401,ISD_PancrasLock_PancrasLock2_PL215,ISOEventful,-0.4268,0.09380468277945618,
isd_individual_iso_prediction__isd__isd_response_target_mean_shared6__seed2026,isd_individual_iso_prediction,ISD,dev,ISD_PancrasLock_PancrasLock2_PL216_R380,ISD_PancrasLock_PancrasLock2_PL216,ISOEventful,0.1464,0.09380468277945618,
isd_individual_iso_prediction__isd__isd_response_target_mean_shared6__seed2026,isd_individual_iso_prediction,ISD,dev,ISD_PancrasLock_PancrasLock2_PL216_R398,ISD_PancrasLock_PancrasLock2_PL216,ISOEventful,0.0732,0.09380468277945618,
isd_individual_iso_prediction__isd__isd_response_target_mean_shared6__seed2026,isd_individual_iso_prediction,ISD,dev,ISD_PancrasLock_PancrasLock2_PL217_R381,ISD_PancrasLock_PancrasLock2_PL217,ISOEventful,-0.2071,0.09380468277945618,
isd_individual_iso_prediction__isd__isd_response_target_mean_shared6__seed2026,isd_individual_iso_prediction,ISD,dev,ISD_PancrasLock_PancrasLock2_PL217_R402,ISD_PancrasLock_PancrasLock2_PL217,ISOEventful,0.3107,0.09380468277945618,
isd_individual_iso_prediction__isd__isd_response_target_mean_shared6__seed2026,isd_individual_iso_prediction,ISD,dev,ISD_PancrasLock_PancrasLock2_PL218_R382,ISD_PancrasLock_PancrasLock2_PL218,ISOEventful,-0.1464,0.09380468277945618,
isd_individual_iso_prediction__isd__isd_response_target_mean_shared6__seed2026,isd_individual_iso_prediction,ISD,dev,ISD_PancrasLock_PancrasLock2_PL218_R408,ISD_PancrasLock_PancrasLock2_PL218,ISOEventful,-0.1768,0.09380468277945618,
isd_individual_iso_prediction__isd__isd_response_target_mean_shared6__seed2026,isd_individual_iso_prediction,ISD,dev,ISD_PancrasLock_PancrasLock2_PL219_R383,ISD_PancrasLock_PancrasLock2_PL219,ISOEventful,0.1339,0.09380468277945618,
isd_individual_iso_prediction__isd__isd_response_target_mean_shared6__seed2026,isd_individual_iso_prediction,ISD,dev,ISD_PancrasLock_PancrasLock2_PL220_R407,ISD_PancrasLock_PancrasLock2_PL220,ISOEventful,0.3536,0.09380468277945618,
isd_individual_iso_prediction__isd__isd_response_target_mean_shared6__seed2026,isd_individual_iso_prediction,ISD,dev,ISD_PancrasLock_PancrasLock2_PL221_R384,ISD_PancrasLock_PancrasLock2_PL221,ISOEventful,0.2803,0.09380468277945618,
isd_individual_iso_prediction__isd__isd_response_target_mean_shared6__seed2026,isd_individual_iso_prediction,ISD,dev,ISD_PancrasLock_PancrasLock2_PL222_R385,ISD_PancrasLock_PancrasLock2_PL222,ISOEventful,0.5,0.09380468277945618,
isd_individual_iso_prediction__isd__isd_response_target_mean_shared6__seed2026,isd_individual_iso_prediction,ISD,dev,ISD_PancrasLock_PancrasLock2_PL224_R387,ISD_PancrasLock_PancrasLock2_PL224,ISOEventful,-0.25,0.09380468277945618,
isd_individual_iso_prediction__isd__isd_response_target_mean_shared6__seed2026,isd_individual_iso_prediction,ISD,dev,ISD_PancrasLock_PancrasLock2_PL227_R389,ISD_PancrasLock_PancrasLock2_PL227,ISOEventful,-0.4268,0.09380468277945618,
isd_individual_iso_prediction__isd__isd_response_target_mean_shared6__seed2026,isd_individual_iso_prediction,ISD,dev,ISD_PancrasLock_PancrasLock2_PL228_R390,ISD_PancrasLock_PancrasLock2_PL228,ISOEventful,-0.3232,0.09380468277945618,
isd_individual_iso_prediction__isd__isd_response_target_mean_shared6__seed2026,isd_individual_iso_prediction,ISD,dev,ISD_PancrasLock_PancrasLock2_PL230_R392,ISD_PancrasLock_PancrasLock2_PL230,ISOEventful,0.0,0.09380468277945618,
isd_individual_iso_prediction__isd__isd_response_target_mean_shared6__seed2026,isd_individual_iso_prediction,ISD,dev,ISD_PancrasLock_PancrasLock2_PL231_R393,ISD_PancrasLock_PancrasLock2_PL231,ISOEventful,-0.7071,0.09380468277945618,
isd_individual_iso_prediction__isd__isd_response_target_mean_shared6__seed2026,isd_individual_iso_prediction,ISD,dev,ISD_PancrasLock_PancrasLock2_PL231_R405,ISD_PancrasLock_PancrasLock2_PL231,ISOEventful,0.5,0.09380468277945618,
isd_individual_iso_prediction__isd__isd_response_target_mean_shared6__seed2026,isd_individual_iso_prediction,ISD,dev,ISD_PancrasLock_PancrasLock2_PL234_R395,ISD_PancrasLock_PancrasLock2_PL234,ISOEventful,-0.5,0.09380468277945618,
isd_individual_iso_prediction__isd__isd_response_target_mean_shared6__seed2026,isd_individual_iso_prediction,ISD,dev,ISD_OlympicSquare_OlympicSquare4_OSQ4026_RZHH01,ISD_OlympicSquare_OlympicSquare4_OSQ4026,ISOEventful,0.3839,0.09380468277945618,
isd_individual_iso_prediction__isd__isd_response_target_mean_shared6__seed2026,isd_individual_iso_prediction,ISD,dev,ISD_OlympicSquare_OlympicSquare4_OSQ4027_RZHH02,ISD_OlympicSquare_OlympicSquare4_OSQ4027,ISOEventful,0.1768,0.09380468277945618,
isd_individual_iso_prediction__isd__isd_response_target_mean_shared6__seed2026,isd_individual_iso_prediction,ISD,dev,ISD_OlympicSquare_OlympicSquare4_OSQ4028_RZHH03,ISD_OlympicSquare_OlympicSquare4_OSQ4028,ISOEventful,-0.4268,0.09380468277945618,
isd_individual_iso_prediction__isd__isd_response_target_mean_shared6__seed2026,isd_individual_iso_prediction,ISD,dev,ISD_OlympicSquare_OlympicSquare4_OSQ4029_RZHH04,ISD_OlympicSquare_OlympicSquare4_OSQ4029,ISOEventful,0.1036,0.09380468277945618,
isd_individual_iso_prediction__isd__isd_response_target_mean_shared6__seed2026,isd_individual_iso_prediction,ISD,dev,ISD_OlympicSquare_OlympicSquare4_OSQ4030_RZHH05,ISD_OlympicSquare_OlympicSquare4_OSQ4030,ISOEventful,0.1339,0.09380468277945618,
isd_individual_iso_prediction__isd__isd_response_target_mean_shared6__seed2026,isd_individual_iso_prediction,ISD,dev,ISD_OlympicSquare_OlympicSquare4_OSQ4031_RZHH06,ISD_OlympicSquare_OlympicSquare4_OSQ4031,ISOEventful,0.0,0.09380468277945618,
isd_individual_iso_prediction__isd__isd_response_target_mean_shared6__seed2026,isd_individual_iso_prediction,ISD,dev,ISD_OlympicSquare_OlympicSquare4_OSQ4032_RZHH07,ISD_OlympicSquare_OlympicSquare4_OSQ4032,ISOEventful,0.0732,0.09380468277945618,
isd_individual_iso_prediction__isd__isd_response_target_mean_shared6__seed2026,isd_individual_iso_prediction,ISD,dev,ISD_OlympicSquare_OlympicSquare4_OSQ4033_RZHH08,ISD_OlympicSquare_OlympicSquare4_OSQ4033,ISOEventful,-0.1036,0.09380468277945618,
isd_individual_iso_prediction__isd__isd_response_target_mean_shared6__seed2026,isd_individual_iso_prediction,ISD,dev,ISD_OlympicSquare_OlympicSquare4_OSQ4034_RZHH09,ISD_OlympicSquare_OlympicSquare4_OSQ4034,ISOEventful,0.5,0.09380468277945618,
isd_individual_iso_prediction__isd__isd_response_target_mean_shared6__seed2026,isd_individual_iso_prediction,ISD,dev,ISD_OlympicSquare_OlympicSquare4_OSQ4035_RZHH10,ISD_OlympicSquare_OlympicSquare4_OSQ4035,ISOEventful,0.1893,0.09380468277945618,
isd_individual_iso_prediction__isd__isd_response_target_mean_shared6__seed2026,isd_individual_iso_prediction,ISD,dev,ISD_OlympicSquare_OlympicSquare4_OSQ4036_RZHH11,ISD_OlympicSquare_OlympicSquare4_OSQ4036,ISOEventful,-0.1036,0.09380468277945618,
isd_individual_iso_prediction__isd__isd_response_target_mean_shared6__seed2026,isd_individual_iso_prediction,ISD,dev,ISD_OlympicSquare_OlympicSquare4_OSQ4037_RZHH12,ISD_OlympicSquare_OlympicSquare4_OSQ4037,ISOEventful,-0.1339,0.09380468277945618,
isd_individual_iso_prediction__isd__isd_response_target_mean_shared6__seed2026,isd_individual_iso_prediction,ISD,dev,ISD_OlympicSquare_OlympicSquare4_OSQ4038_RZHH13,ISD_OlympicSquare_OlympicSquare4_OSQ4038,ISOEventful,0.2071,0.09380468277945618,
isd_individual_iso_prediction__isd__isd_response_target_mean_shared6__seed2026,isd_individual_iso_prediction,ISD,dev,ISD_OlympicSquare_OlympicSquare4_OSQ4039_RZZY01,ISD_OlympicSquare_OlympicSquare4_OSQ4039,ISOEventful,0.25,0.09380468277945618,
isd_individual_iso_prediction__isd__isd_response_target_mean_shared6__seed2026,isd_individual_iso_prediction,ISD,dev,ISD_OlympicSquare_OlympicSquare4_OSQ4040_RZZY03,ISD_OlympicSquare_OlympicSquare4_OSQ4040,ISOEventful,-0.0732,0.09380468277945618,
isd_individual_iso_prediction__isd__isd_response_target_mean_shared6__seed2026,isd_individual_iso_prediction,ISD,dev,ISD_OlympicSquare_OlympicSquare4_OSQ4041_RZRN01,ISD_OlympicSquare_OlympicSquare4_OSQ4041,ISOEventful,0.0,0.09380468277945618,
isd_individual_iso_prediction__isd__isd_response_target_mean_shared6__seed2026,isd_individual_iso_prediction,ISD,dev,ISD_OlympicSquare_OlympicSquare4_OSQ4042_RZRN02,ISD_OlympicSquare_OlympicSquare4_OSQ4042,ISOEventful,0.0732,0.09380468277945618,
isd_individual_iso_prediction__isd__isd_response_target_mean_shared6__seed2026,isd_individual_iso_prediction,ISD,dev,ISD_OlympicSquare_OlympicSquare4_OSQ4043_RZRN03,ISD_OlympicSquare_OlympicSquare4_OSQ4043,ISOEventful,-0.1036,0.09380468277945618,
isd_individual_iso_prediction__isd__isd_response_target_mean_shared6__seed2026,isd_individual_iso_prediction,ISD,dev,ISD_OlympicSquare_OlympicSquare4_OSQ4044_RZRN04,ISD_OlympicSquare_OlympicSquare4_OSQ4044,ISOEventful,-0.0732,0.09380468277945618,
isd_individual_iso_prediction__isd__isd_response_target_mean_shared6__seed2026,isd_individual_iso_prediction,ISD,dev,ISD_OlympicSquare_OlympicSquare4_OSQ4045_RZRN05,ISD_OlympicSquare_OlympicSquare4_OSQ4045,ISOEventful,0.0429,0.09380468277945618,
isd_individual_iso_prediction__isd__isd_response_target_mean_shared6__seed2026,isd_individual_iso_prediction,ISD,dev,ISD_OlympicSquare_OlympicSquare4_OSQ4046_RZRN06,ISD_OlympicSquare_OlympicSquare4_OSQ4046,ISOEventful,0.4874,0.09380468277945618,
isd_individual_iso_prediction__isd__isd_response_target_mean_shared6__seed2026,isd_individual_iso_prediction,ISD,dev,ISD_OlympicSquare_OlympicSquare4_OSQ4047_RZRN07,ISD_OlympicSquare_OlympicSquare4_OSQ4047,ISOEventful,0.0,0.09380468277945618,
isd_individual_iso_prediction__isd__isd_response_target_mean_shared6__seed2026,isd_individual_iso_prediction,ISD,dev,ISD_OlympicSquare_OlympicSquare4_OSQ4049_RLM02,ISD_OlympicSquare_OlympicSquare4_OSQ4049,ISOEventful,0.1036,0.09380468277945618,
isd_individual_iso_prediction__isd__isd_response_target_mean_shared6__seed2026,isd_individual_iso_prediction,ISD,dev,ISD_OlympicSquare_OlympicSquare4_OSQ4050_RLM03,ISD_OlympicSquare_OlympicSquare4_OSQ4050,ISOEventful,0.1036,0.09380468277945618,
isd_individual_iso_prediction__isd__isd_response_target_mean_shared6__seed2026,isd_individual_iso_prediction,ISD,dev,ISD_OlympicSquare_OlympicSquare4_OSQ4051_RLM04,ISD_OlympicSquare_OlympicSquare4_OSQ4051,ISOEventful,0.0732,0.09380468277945618,
isd_individual_iso_prediction__isd__isd_response_target_mean_shared6__seed2026,isd_individual_iso_prediction,ISD,dev,ISD_OlympicSquare_OlympicSquare4_OSQ4052_RLM05,ISD_OlympicSquare_OlympicSquare4_OSQ4052,ISOEventful,0.0,0.09380468277945618,
isd_individual_iso_prediction__isd__isd_response_target_mean_shared6__seed2026,isd_individual_iso_prediction,ISD,dev,ISD_OlympicSquare_OlympicSquare4_OSQ4053_RLM06,ISD_OlympicSquare_OlympicSquare4_OSQ4053,ISOEventful,0.0607,0.09380468277945618,
isd_individual_iso_prediction__isd__isd_response_target_mean_shared6__seed2026,isd_individual_iso_prediction,ISD,dev,ISD_OlympicSquare_OlympicSquare4_OSQ4054_RLM07,ISD_OlympicSquare_OlympicSquare4_OSQ4054,ISOEventful,0.25,0.09380468277945618,
isd_individual_iso_prediction__isd__isd_response_target_mean_shared6__seed2026,isd_individual_iso_prediction,ISD,dev,ISD_OlympicSquare_OlympicSquare4_OSQ4056_RLM09,ISD_OlympicSquare_OlympicSquare4_OSQ4056,ISOEventful,0.0303,0.09380468277945618,
isd_individual_iso_prediction__isd__isd_response_target_mean_shared6__seed2026,isd_individual_iso_prediction,ISD,dev,ISD_OlympicSquare_OlympicSquare4_OSQ4057_RLM10,ISD_OlympicSquare_OlympicSquare4_OSQ4057,ISOEventful,-0.1768,0.09380468277945618,
isd_individual_iso_prediction__isd__isd_response_target_mean_shared6__seed2026,isd_individual_iso_prediction,ISD,dev,ISD_OlympicSquare_OlympicSquare4_OSQ4082_RLR01,ISD_OlympicSquare_OlympicSquare4_OSQ4082,ISOEventful,-0.0732,0.09380468277945618,
isd_individual_iso_prediction__isd__isd_response_target_mean_shared6__seed2026,isd_individual_iso_prediction,ISD,dev,ISD_OlympicSquare_OlympicSquare4_OSQ4084_RLR03,ISD_OlympicSquare_OlympicSquare4_OSQ4084,ISOEventful,0.6464,0.09380468277945618,
isd_individual_iso_prediction__isd__isd_response_target_mean_shared6__seed2026,isd_individual_iso_prediction,ISD,dev,ISD_OlympicSquare_OlympicSquare4_OSQ4085_RLR04,ISD_OlympicSquare_OlympicSquare4_OSQ4085,ISOEventful,0.0429,0.09380468277945618,
isd_individual_iso_prediction__isd__isd_response_target_mean_shared6__seed2026,isd_individual_iso_prediction,ISD,dev,ISD_OlympicSquare_OlympicSquare4_OSQ4086_RLR05,ISD_OlympicSquare_OlympicSquare4_OSQ4086,ISOEventful,0.3232,0.09380468277945618,
isd_individual_iso_prediction__isd__isd_response_target_mean_shared6__seed2026,isd_individual_iso_prediction,ISD,dev,ISD_OlympicSquare_OlympicSquare4_OSQ4087_RLR06,ISD_OlympicSquare_OlympicSquare4_OSQ4087,ISOEventful,0.0732,0.09380468277945618,
isd_individual_iso_prediction__isd__isd_response_target_mean_shared6__seed2026,isd_individual_iso_prediction,ISD,dev,ISD_OlympicSquare_OlympicSquare4_OSQ4088_RLR07,ISD_OlympicSquare_OlympicSquare4_OSQ4088,ISOEventful,0.0,0.09380468277945618,
isd_individual_iso_prediction__isd__isd_response_target_mean_shared6__seed2026,isd_individual_iso_prediction,ISD,dev,ISD_OlympicSquare_OlympicSquare4_OSQ4089_RLR08,ISD_OlympicSquare_OlympicSquare4_OSQ4089,ISOEventful,-0.0732,0.09380468277945618,
isd_individual_iso_prediction__isd__isd_response_target_mean_shared6__seed2026,isd_individual_iso_prediction,ISD,dev,ISD_OlympicSquare_OlympicSquare4_OSQ4090_RLR09,ISD_OlympicSquare_OlympicSquare4_OSQ4090,ISOEventful,0.25,0.09380468277945618,
isd_individual_iso_prediction__isd__isd_response_target_mean_shared6__seed2026,isd_individual_iso_prediction,ISD,dev,ISD_OlympicSquare_OlympicSquare4_OSQ4091_RLR10,ISD_OlympicSquare_OlympicSquare4_OSQ4091,ISOEventful,0.0,0.09380468277945618,
isd_individual_iso_prediction__isd__isd_response_target_mean_shared6__seed2026,isd_individual_iso_prediction,ISD,dev,ISD_OlympicSquare_OlympicSquare4_OSQ4092_RLQ01,ISD_OlympicSquare_OlympicSquare4_OSQ4092,ISOEventful,-0.3536,0.09380468277945618,
isd_individual_iso_prediction__isd__isd_response_target_mean_shared6__seed2026,isd_individual_iso_prediction,ISD,dev,ISD_OlympicSquare_OlympicSquare4_OSQ4094_RLQ03,ISD_OlympicSquare_OlympicSquare4_OSQ4094,ISOEventful,0.1768,0.09380468277945618,
isd_individual_iso_prediction__isd__isd_response_target_mean_shared6__seed2026,isd_individual_iso_prediction,ISD,dev,ISD_OlympicSquare_OlympicSquare4_OSQ4095_RLQ04,ISD_OlympicSquare_OlympicSquare4_OSQ4095,ISOEventful,0.0,0.09380468277945618,
isd_individual_iso_prediction__isd__isd_response_target_mean_shared6__seed2026,isd_individual_iso_prediction,ISD,dev,ISD_OlympicSquare_OlympicSquare4_OSQ4096_RLQ05,ISD_OlympicSquare_OlympicSquare4_OSQ4096,ISOEventful,0.0,0.09380468277945618,
isd_individual_iso_prediction__isd__isd_response_target_mean_shared6__seed2026,isd_individual_iso_prediction,ISD,dev,ISD_OlympicSquare_OlympicSquare4_OSQ4097_RLQ06,ISD_OlympicSquare_OlympicSquare4_OSQ4097,ISOEventful,-0.3536,0.09380468277945618,
isd_individual_iso_prediction__isd__isd_response_target_mean_shared6__seed2026,isd_individual_iso_prediction,ISD,dev,ISD_OlympicSquare_OlympicSquare4_OSQ4098_RLQ07,ISD_OlympicSquare_OlympicSquare4_OSQ4098,ISOEventful,0.0,0.09380468277945618,
isd_individual_iso_prediction__isd__isd_response_target_mean_shared6__seed2026,isd_individual_iso_prediction,ISD,dev,ISD_OlympicSquare_OlympicSquare4_OSQ4099_RLQ08,ISD_OlympicSquare_OlympicSquare4_OSQ4099,ISOEventful,0.0,0.09380468277945618,
isd_individual_iso_prediction__isd__isd_response_target_mean_shared6__seed2026,isd_individual_iso_prediction,ISD,dev,ISD_OlympicSquare_OlympicSquare4_OSQ4100_RLQ09,ISD_OlympicSquare_OlympicSquare4_OSQ4100,ISOEventful,0.2071,0.09380468277945618,
isd_individual_iso_prediction__isd__isd_response_target_mean_shared6__seed2026,isd_individual_iso_prediction,ISD,dev,ISD_OlympicSquare_OlympicSquare4_OSQ4101_RHYY01,ISD_OlympicSquare_OlympicSquare4_OSQ4101,ISOEventful,0.1036,0.09380468277945618,
isd_individual_iso_prediction__isd__isd_response_target_mean_shared6__seed2026,isd_individual_iso_prediction,ISD,dev,ISD_OlympicSquare_OlympicSquare4_OSQ4102_RHYY02,ISD_OlympicSquare_OlympicSquare4_OSQ4102,ISOEventful,0.0732,0.09380468277945618,
isd_individual_iso_prediction__isd__isd_response_target_mean_shared6__seed2026,isd_individual_iso_prediction,ISD,test,ISD_SanMarco_SanMarco1_AM06_R30,ISD_SanMarco_SanMarco1_AM06,ISOEventful,0.3661,0.09380468277945618,
isd_individual_iso_prediction__isd__isd_response_target_mean_shared6__seed2026,isd_individual_iso_prediction,ISD,test,ISD_SanMarco_SanMarco1_AM06_R31,ISD_SanMarco_SanMarco1_AM06,ISOEventful,-0.159,0.09380468277945618,
isd_individual_iso_prediction__isd__isd_response_target_mean_shared6__seed2026,isd_individual_iso_prediction,ISD,test,ISD_SanMarco_SanMarco1_AM07_R32,ISD_SanMarco_SanMarco1_AM07,ISOEventful,0.7071,0.09380468277945618,
isd_individual_iso_prediction__isd__isd_response_target_mean_shared6__seed2026,isd_individual_iso_prediction,ISD,test,ISD_PlazaBibRambla_PlazaBibRambla1_BIB11_R1457,ISD_PlazaBibRambla_PlazaBibRambla1_BIB11,ISOEventful,0.0,0.09380468277945618,
isd_individual_iso_prediction__isd__isd_response_target_mean_shared6__seed2026,isd_individual_iso_prediction,ISD,test,ISD_PlazaBibRambla_PlazaBibRambla1_BIB14_R1444,ISD_PlazaBibRambla_PlazaBibRambla1_BIB14,ISOEventful,0.6339,0.09380468277945618,
isd_individual_iso_prediction__isd__isd_response_target_mean_shared6__seed2026,isd_individual_iso_prediction,ISD,test,ISD_PlazaBibRambla_PlazaBibRambla1_BIB5_R1454,ISD_PlazaBibRambla_PlazaBibRambla1_BIB5,ISOEventful,0.2929,0.09380468277945618,
isd_individual_iso_prediction__isd__isd_response_target_mean_shared6__seed2026,isd_individual_iso_prediction,ISD,test,ISD_Noorderplantsoen_Noorderplantsoen1_NP142_R1461,ISD_Noorderplantsoen_Noorderplantsoen1_NP142,ISOEventful,0.1768,0.09380468277945618,
isd_individual_iso_prediction__isd__isd_response_target_mean_shared6__seed2026,isd_individual_iso_prediction,ISD,test,ISD_Noorderplantsoen_Noorderplantsoen1_NP144_R1462,ISD_Noorderplantsoen_Noorderplantsoen1_NP144,ISOEventful,0.1464,0.09380468277945618,
isd_individual_iso_prediction__isd__isd_response_target_mean_shared6__seed2026,isd_individual_iso_prediction,ISD,test,ISD_Noorderplantsoen_Noorderplantsoen1_NP144_R1463,ISD_Noorderplantsoen_Noorderplantsoen1_NP144,ISOEventful,0.0303,0.09380468277945618,
isd_individual_iso_prediction__isd__isd_response_target_mean_shared6__seed2026,isd_individual_iso_prediction,ISD,test,ISD_Noorderplantsoen_Noorderplantsoen1_NP147_R1464,ISD_Noorderplantsoen_Noorderplantsoen1_NP147,ISOEventful,-0.0732,0.09380468277945618,
isd_individual_iso_prediction__isd__isd_response_target_mean_shared6__seed2026,isd_individual_iso_prediction,ISD,test,ISD_Noorderplantsoen_Noorderplantsoen1_NP151_R1465,ISD_Noorderplantsoen_Noorderplantsoen1_NP151,ISOEventful,0.4874,0.09380468277945618,
isd_individual_iso_prediction__isd__isd_response_target_mean_shared6__seed2026,isd_individual_iso_prediction,ISD,test,ISD_Noorderplantsoen_Noorderplantsoen1_NP151_R1466,ISD_Noorderplantsoen_Noorderplantsoen1_NP151,ISOEventful,0.3536,0.09380468277945618,
isd_individual_iso_prediction__isd__isd_response_target_mean_shared6__seed2026,isd_individual_iso_prediction,ISD,test,ISD_SanMarco_SanMarco1_ML103_R36,ISD_SanMarco_SanMarco1_ML103,ISOEventful,0.7071,0.09380468277945618,
isd_individual_iso_prediction__isd__isd_response_target_mean_shared6__seed2026,isd_individual_iso_prediction,ISD,test,ISD_SanMarco_SanMarco1_ML103_R37,ISD_SanMarco_SanMarco1_ML103,ISOEventful,0.5,0.09380468277945618,
isd_individual_iso_prediction__isd__isd_response_target_mean_shared6__seed2026,isd_individual_iso_prediction,ISD,test,ISD_SanMarco_SanMarco1_ML103_R38,ISD_SanMarco_SanMarco1_ML103,ISOEventful,0.4393,0.09380468277945618,
isd_individual_iso_prediction__isd__isd_response_target_mean_shared6__seed2026,isd_individual_iso_prediction,ISD,test,ISD_SanMarco_SanMarco1_ML103_R39,ISD_SanMarco_SanMarco1_ML103,ISOEventful,0.6036,0.09380468277945618,
isd_individual_iso_prediction__isd__isd_response_target_mean_shared6__seed2026,isd_individual_iso_prediction,ISD,test,ISD_SanMarco_SanMarco1_ML106_R43,ISD_SanMarco_SanMarco1_ML106,ISOEventful,-0.1161,0.09380468277945618,
isd_individual_iso_prediction__isd__isd_response_target_mean_shared6__seed2026,isd_individual_iso_prediction,ISD,test,ISD_SanMarco_SanMarco1_ML106_R44,ISD_SanMarco_SanMarco1_ML106,ISOEventful,0.0607,0.09380468277945618,
isd_individual_iso_prediction__isd__isd_response_target_mean_shared6__seed2026,isd_individual_iso_prediction,ISD,test,ISD_SanMarco_SanMarco1_ML106_R45,ISD_SanMarco_SanMarco1_ML106,ISOEventful,-0.0732,0.09380468277945618,
isd_individual_iso_prediction__isd__isd_response_target_mean_shared6__seed2026,isd_individual_iso_prediction,ISD,test,ISD_SanMarco_SanMarco1_ML106_R46,ISD_SanMarco_SanMarco1_ML106,ISOEventful,0.1642,0.09380468277945618,
isd_individual_iso_prediction__isd__isd_response_target_mean_shared6__seed2026,isd_individual_iso_prediction,ISD,test,ISD_SanMarco_SanMarco1_ML106_R47,ISD_SanMarco_SanMarco1_ML106,ISOEventful,0.0,0.09380468277945618,
isd_individual_iso_prediction__isd__isd_response_target_mean_shared6__seed2026,isd_individual_iso_prediction,ISD,test,ISD_SanMarco_SanMarco1_ML112_R53,ISD_SanMarco_SanMarco1_ML112,ISOEventful,0.2374,0.09380468277945618,
isd_individual_iso_prediction__isd__isd_response_target_mean_shared6__seed2026,isd_individual_iso_prediction,ISD,test,ISD_SanMarco_SanMarco1_ML112_R54,ISD_SanMarco_SanMarco1_ML112,ISOEventful,0.4268,0.09380468277945618,
isd_individual_iso_prediction__isd__isd_response_target_mean_shared6__seed2026,isd_individual_iso_prediction,ISD,test,ISD_SanMarco_SanMarco1_ML112_R55,ISD_SanMarco_SanMarco1_ML112,ISOEventful,0.3232,0.09380468277945618,
isd_individual_iso_prediction__isd__isd_response_target_mean_shared6__seed2026,isd_individual_iso_prediction,ISD,test,ISD_SanMarco_SanMarco1_ML132_R60,ISD_SanMarco_SanMarco1_ML132,ISOEventful,0.3661,0.09380468277945618,
isd_individual_iso_prediction__isd__isd_response_target_mean_shared6__seed2026,isd_individual_iso_prediction,ISD,test,ISD_SanMarco_SanMarco1_ML132_R61,ISD_SanMarco_SanMarco1_ML132,ISOEventful,0.3661,0.09380468277945618,
isd_individual_iso_prediction__isd__isd_response_target_mean_shared6__seed2026,isd_individual_iso_prediction,ISD,test,ISD_SanMarco_SanMarco2_ML204_R73,ISD_SanMarco_SanMarco2_ML204,ISOEventful,-0.0303,0.09380468277945618,
isd_individual_iso_prediction__isd__isd_response_target_mean_shared6__seed2026,isd_individual_iso_prediction,ISD,test,ISD_SanMarco_SanMarco2_ML206_R76,ISD_SanMarco_SanMarco2_ML206,ISOEventful,0.1036,0.09380468277945618,
isd_individual_iso_prediction__isd__isd_response_target_mean_shared6__seed2026,isd_individual_iso_prediction,ISD,test,ISD_SanMarco_SanMarco2_ML206_R77,ISD_SanMarco_SanMarco2_ML206,ISOEventful,0.1768,0.09380468277945618,
isd_individual_iso_prediction__isd__isd_response_target_mean_shared6__seed2026,isd_individual_iso_prediction,ISD,test,ISD_SanMarco_SanMarco2_ML209_R80,ISD_SanMarco_SanMarco2_ML209,ISOEventful,-0.0732,0.09380468277945618,
isd_individual_iso_prediction__isd__isd_response_target_mean_shared6__seed2026,isd_individual_iso_prediction,ISD,test,ISD_SanMarco_SanMarco2_ML209_R81,ISD_SanMarco_SanMarco2_ML209,ISOEventful,0.8232,0.09380468277945618,
isd_individual_iso_prediction__isd__isd_response_target_mean_shared6__seed2026,isd_individual_iso_prediction,ISD,test,ISD_SanMarco_SanMarco2_ML210_R82,ISD_SanMarco_SanMarco2_ML210,ISOEventful,0.0607,0.09380468277945618,
isd_individual_iso_prediction__isd__isd_response_target_mean_shared6__seed2026,isd_individual_iso_prediction,ISD,test,ISD_SanMarco_SanMarco2_ML210_R83,ISD_SanMarco_SanMarco2_ML210,ISOEventful,0.5303,0.09380468277945618,
isd_individual_iso_prediction__isd__isd_response_target_mean_shared6__seed2026,isd_individual_iso_prediction,ISD,test,ISD_SanMarco_SanMarco2_ML211_R84,ISD_SanMarco_SanMarco2_ML211,ISOEventful,0.0,0.09380468277945618,
isd_individual_iso_prediction__isd__isd_response_target_mean_shared6__seed2026,isd_individual_iso_prediction,ISD,test,ISD_SanMarco_SanMarco2_ML213_R88,ISD_SanMarco_SanMarco2_ML213,ISOEventful,0.7803,0.09380468277945618,
isd_individual_iso_prediction__isd__isd_response_target_mean_shared6__seed2026,isd_individual_iso_prediction,ISD,test,ISD_SanMarco_SanMarco3_SM302_R94,ISD_SanMarco_SanMarco3_SM302,ISOEventful,0.5607,0.09380468277945618,
isd_individual_iso_prediction__isd__isd_response_target_mean_shared6__seed2026,isd_individual_iso_prediction,ISD,test,ISD_SanMarco_SanMarco3_SM305_R100,ISD_SanMarco_SanMarco3_SM305,ISOEventful,0.341,0.09380468277945618,
isd_individual_iso_prediction__isd__isd_response_target_mean_shared6__seed2026,isd_individual_iso_prediction,ISD,test,ISD_SanMarco_SanMarco3_SM305_R101,ISD_SanMarco_SanMarco3_SM305,ISOEventful,1.0,0.09380468277945618,
isd_individual_iso_prediction__isd__isd_response_target_mean_shared6__seed2026,isd_individual_iso_prediction,ISD,test,ISD_SanMarco_SanMarco3_SM309_R109,ISD_SanMarco_SanMarco3_SM309,ISOEventful,0.7803,0.09380468277945618,
isd_individual_iso_prediction__isd__isd_response_target_mean_shared6__seed2026,isd_individual_iso_prediction,ISD,test,ISD_SanMarco_SanMarco3_SM313_R116,ISD_SanMarco_SanMarco3_SM313,ISOEventful,0.4697,0.09380468277945618,
isd_individual_iso_prediction__isd__isd_response_target_mean_shared6__seed2026,isd_individual_iso_prediction,ISD,test,ISD_SanMarco_SanMarco3_SM314_R117,ISD_SanMarco_SanMarco3_SM314,ISOEventful,0.3661,0.09380468277945618,
isd_individual_iso_prediction__isd__isd_response_target_mean_shared6__seed2026,isd_individual_iso_prediction,ISD,test,ISD_SanMarco_SanMarco3_SM314_R118,ISD_SanMarco_SanMarco3_SM314,ISOEventful,0.1036,0.09380468277945618,
isd_individual_iso_prediction__isd__isd_response_target_mean_shared6__seed2026,isd_individual_iso_prediction,ISD,test,ISD_SanMarco_SanMarco3_SM314_R119,ISD_SanMarco_SanMarco3_SM314,ISOEventful,0.5303,0.09380468277945618,
isd_individual_iso_prediction__isd__isd_response_target_mean_shared6__seed2026,isd_individual_iso_prediction,ISD,test,ISD_SanMarco_SanMarco3_SM314_R120,ISD_SanMarco_SanMarco3_SM314,ISOEventful,0.8536,0.09380468277945618,
isd_individual_iso_prediction__isd__isd_response_target_mean_shared6__seed2026,isd_individual_iso_prediction,ISD,test,ISD_SanMarco_SanMarco3_SM314_R121,ISD_SanMarco_SanMarco3_SM314,ISOEventful,0.2678,0.09380468277945618,
isd_individual_iso_prediction__isd__isd_response_target_mean_shared6__seed2026,isd_individual_iso_prediction,ISD,test,ISD_MiradorSanNicolas_MiradorSanNicolas1_M11_R10201,ISD_MiradorSanNicolas_MiradorSanNicolas1_M11,ISOEventful,-0.2929,0.09380468277945618,
isd_individual_iso_prediction__isd__isd_response_target_mean_shared6__seed2026,isd_individual_iso_prediction,ISD,test,ISD_MiradorSanNicolas_MiradorSanNicolas1_M110_R10208,ISD_MiradorSanNicolas_MiradorSanNicolas1_M110,ISOEventful,0.2197,0.09380468277945618,
isd_individual_iso_prediction__isd__isd_response_target_mean_shared6__seed2026,isd_individual_iso_prediction,ISD,test,ISD_MiradorSanNicolas_MiradorSanNicolas1_M110_R10209,ISD_MiradorSanNicolas_MiradorSanNicolas1_M110,ISOEventful,0.1768,0.09380468277945618,
isd_individual_iso_prediction__isd__isd_response_target_mean_shared6__seed2026,isd_individual_iso_prediction,ISD,test,ISD_MiradorSanNicolas_MiradorSanNicolas1_M111_R10210,ISD_MiradorSanNicolas_MiradorSanNicolas1_M111,ISOEventful,-0.1161,0.09380468277945618,
isd_individual_iso_prediction__isd__isd_response_target_mean_shared6__seed2026,isd_individual_iso_prediction,ISD,test,ISD_MiradorSanNicolas_MiradorSanNicolas1_M111_R10211,ISD_MiradorSanNicolas_MiradorSanNicolas1_M111,ISOEventful,-0.4268,0.09380468277945618,
isd_individual_iso_prediction__isd__isd_response_target_mean_shared6__seed2026,isd_individual_iso_prediction,ISD,test,ISD_MiradorSanNicolas_MiradorSanNicolas1_M113_R10212,ISD_MiradorSanNicolas_MiradorSanNicolas1_M113,ISOEventful,-0.2197,0.09380468277945618,
isd_individual_iso_prediction__isd__isd_response_target_mean_shared6__seed2026,isd_individual_iso_prediction,ISD,test,ISD_MiradorSanNicolas_MiradorSanNicolas1_M113_R10214,ISD_MiradorSanNicolas_MiradorSanNicolas1_M113,ISOEventful,0.8232,0.09380468277945618,
isd_individual_iso_prediction__isd__isd_response_target_mean_shared6__seed2026,isd_individual_iso_prediction,ISD,test,ISD_MiradorSanNicolas_MiradorSanNicolas1_M113_R10215,ISD_MiradorSanNicolas_MiradorSanNicolas1_M113,ISOEventful,0.3839,0.09380468277945618,
isd_individual_iso_prediction__isd__isd_response_target_mean_shared6__seed2026,isd_individual_iso_prediction,ISD,test,ISD_MiradorSanNicolas_MiradorSanNicolas1_M12_R10202,ISD_MiradorSanNicolas_MiradorSanNicolas1_M12,ISOEventful,0.2197,0.09380468277945618,
isd_individual_iso_prediction__isd__isd_response_target_mean_shared6__seed2026,isd_individual_iso_prediction,ISD,test,ISD_MiradorSanNicolas_MiradorSanNicolas1_M13_R10203,ISD_MiradorSanNicolas_MiradorSanNicolas1_M13,ISOEventful,0.1642,0.09380468277945618,
isd_individual_iso_prediction__isd__isd_response_target_mean_shared6__seed2026,isd_individual_iso_prediction,ISD,test,ISD_MiradorSanNicolas_MiradorSanNicolas1_M16_R10204,ISD_MiradorSanNicolas_MiradorSanNicolas1_M16,ISOEventful,0.0303,0.09380468277945618,
isd_individual_iso_prediction__isd__isd_response_target_mean_shared6__seed2026,isd_individual_iso_prediction,ISD,test,ISD_MiradorSanNicolas_MiradorSanNicolas1_M17_R10200,ISD_MiradorSanNicolas_MiradorSanNicolas1_M17,ISOEventful,-0.1287,0.09380468277945618,
isd_individual_iso_prediction__isd__isd_response_target_mean_shared6__seed2026,isd_individual_iso_prediction,ISD,test,ISD_MiradorSanNicolas_MiradorSanNicolas1_M17_R10206,ISD_MiradorSanNicolas_MiradorSanNicolas1_M17,ISOEventful,-0.1339,0.09380468277945618,
isd_individual_iso_prediction__isd__isd_response_target_mean_shared6__seed2026,isd_individual_iso_prediction,ISD,test,ISD_MiradorSanNicolas_MiradorSanNicolas1_M21_R10233,ISD_MiradorSanNicolas_MiradorSanNicolas1_M21,ISOEventful,0.3232,0.09380468277945618,
isd_individual_iso_prediction__isd__isd_response_target_mean_shared6__seed2026,isd_individual_iso_prediction,ISD,test,ISD_MiradorSanNicolas_MiradorSanNicolas1_M21_R10234,ISD_MiradorSanNicolas_MiradorSanNicolas1_M21,ISOEventful,0.6768,0.09380468277945618,
isd_individual_iso_prediction__isd__isd_response_target_mean_shared6__seed2026,isd_individual_iso_prediction,ISD,test,ISD_MiradorSanNicolas_MiradorSanNicolas1_M210_R10232,ISD_MiradorSanNicolas_MiradorSanNicolas1_M210,ISOEventful,-0.2929,0.09380468277945618,
isd_individual_iso_prediction__isd__isd_response_target_mean_shared6__seed2026,isd_individual_iso_prediction,ISD,test,ISD_MiradorSanNicolas_MiradorSanNicolas1_M22_R10217,ISD_MiradorSanNicolas_MiradorSanNicolas1_M22,ISOEventful,0.4874,0.09380468277945618,
isd_individual_iso_prediction__isd__isd_response_target_mean_shared6__seed2026,isd_individual_iso_prediction,ISD,test,ISD_MiradorSanNicolas_MiradorSanNicolas1_M22_R10218,ISD_MiradorSanNicolas_MiradorSanNicolas1_M22,ISOEventful,0.6339,0.09380468277945618,
isd_individual_iso_prediction__isd__isd_response_target_mean_shared6__seed2026,isd_individual_iso_prediction,ISD,test,ISD_MiradorSanNicolas_MiradorSanNicolas1_M23_R10219,ISD_MiradorSanNicolas_MiradorSanNicolas1_M23,ISOEventful,0.1768,0.09380468277945618,
isd_individual_iso_prediction__isd__isd_response_target_mean_shared6__seed2026,isd_individual_iso_prediction,ISD,test,ISD_MiradorSanNicolas_MiradorSanNicolas1_M23_R10220,ISD_MiradorSanNicolas_MiradorSanNicolas1_M23,ISOEventful,0.2929,0.09380468277945618,
isd_individual_iso_prediction__isd__isd_response_target_mean_shared6__seed2026,isd_individual_iso_prediction,ISD,test,ISD_MiradorSanNicolas_MiradorSanNicolas1_M24_R10227,ISD_MiradorSanNicolas_MiradorSanNicolas1_M24,ISOEventful,0.1036,0.09380468277945618,
isd_individual_iso_prediction__isd__isd_response_target_mean_shared6__seed2026,isd_individual_iso_prediction,ISD,test,ISD_MiradorSanNicolas_MiradorSanNicolas1_M26_R10222,ISD_MiradorSanNicolas_MiradorSanNicolas1_M26,ISOEventful,-0.3661,0.09380468277945618,
isd_individual_iso_prediction__isd__isd_response_target_mean_shared6__seed2026,isd_individual_iso_prediction,ISD,test,ISD_MiradorSanNicolas_MiradorSanNicolas1_M28_R10224,ISD_MiradorSanNicolas_MiradorSanNicolas1_M28,ISOEventful,0.1945,0.09380468277945618,
isd_individual_iso_prediction__isd__isd_response_target_mean_shared6__seed2026,isd_individual_iso_prediction,ISD,test,ISD_MiradorSanNicolas_MiradorSanNicolas1_M28_R10225,ISD_MiradorSanNicolas_MiradorSanNicolas1_M28,ISOEventful,-0.0126,0.09380468277945618,
isd_individual_iso_prediction__isd__isd_response_target_mean_shared6__seed2026,isd_individual_iso_prediction,ISD,test,ISD_MiradorSanNicolas_MiradorSanNicolas1_M29_R10228,ISD_MiradorSanNicolas_MiradorSanNicolas1_M29,ISOEventful,-0.0858,0.09380468277945618,
isd_individual_iso_prediction__isd__isd_response_target_mean_shared6__seed2026,isd_individual_iso_prediction,ISD,test,ISD_MiradorSanNicolas_MiradorSanNicolas1_M29_R10229,ISD_MiradorSanNicolas_MiradorSanNicolas1_M29,ISOEventful,0.341,0.09380468277945618,
isd_individual_iso_prediction__isd__isd_response_target_mean_shared6__seed2026,isd_individual_iso_prediction,ISD,test,ISD_MiradorSanNicolas_MiradorSanNicolas1_M29_R10231,ISD_MiradorSanNicolas_MiradorSanNicolas1_M29,ISOEventful,0.3839,0.09380468277945618,
isd_individual_iso_prediction__isd__isd_response_target_mean_shared6__seed2026,isd_individual_iso_prediction,ISD,test,ISD_PlazaBibRambla_PlazaBibRambla1_BIB1_R10239,ISD_PlazaBibRambla_PlazaBibRambla1_BIB1,ISOEventful,0.1036,0.09380468277945618,
isd_individual_iso_prediction__isd__isd_response_target_mean_shared6__seed2026,isd_individual_iso_prediction,ISD,test,ISD_PlazaBibRambla_PlazaBibRambla1_BIB10_R10252,ISD_PlazaBibRambla_PlazaBibRambla1_BIB10,ISOEventful,0.3536,0.09380468277945618,
isd_individual_iso_prediction__isd__isd_response_target_mean_shared6__seed2026,isd_individual_iso_prediction,ISD,test,ISD_PlazaBibRambla_PlazaBibRambla1_BIB10_R10255,ISD_PlazaBibRambla_PlazaBibRambla1_BIB10,ISOEventful,-0.7071,0.09380468277945618,
isd_individual_iso_prediction__isd__isd_response_target_mean_shared6__seed2026,isd_individual_iso_prediction,ISD,test,ISD_PlazaBibRambla_PlazaBibRambla1_BIB12_R10237,ISD_PlazaBibRambla_PlazaBibRambla1_BIB12,ISOEventful,-0.2929,0.09380468277945618,
isd_individual_iso_prediction__isd__isd_response_target_mean_shared6__seed2026,isd_individual_iso_prediction,ISD,test,ISD_PlazaBibRambla_PlazaBibRambla1_BIB13_R10253,ISD_PlazaBibRambla_PlazaBibRambla1_BIB13,ISOEventful,-0.5126,0.09380468277945618,
isd_individual_iso_prediction__isd__isd_response_target_mean_shared6__seed2026,isd_individual_iso_prediction,ISD,test,ISD_PlazaBibRambla_PlazaBibRambla1_BIB13_R10254,ISD_PlazaBibRambla_PlazaBibRambla1_BIB13,ISOEventful,-0.1464,0.09380468277945618,
isd_individual_iso_prediction__isd__isd_response_target_mean_shared6__seed2026,isd_individual_iso_prediction,ISD,test,ISD_PlazaBibRambla_PlazaBibRambla1_BIB15_R10236,ISD_PlazaBibRambla_PlazaBibRambla1_BIB15,ISOEventful,-0.0732,0.09380468277945618,
isd_individual_iso_prediction__isd__isd_response_target_mean_shared6__seed2026,isd_individual_iso_prediction,ISD,test,ISD_PlazaBibRambla_PlazaBibRambla1_BIB16_R10235,ISD_PlazaBibRambla_PlazaBibRambla1_BIB16,ISOEventful,0.1339,0.09380468277945618,
isd_individual_iso_prediction__isd__isd_response_target_mean_shared6__seed2026,isd_individual_iso_prediction,ISD,test,ISD_PlazaBibRambla_PlazaBibRambla1_BIB3_R10251,ISD_PlazaBibRambla_PlazaBibRambla1_BIB3,ISOEventful,0.0303,0.09380468277945618,
isd_individual_iso_prediction__isd__isd_response_target_mean_shared6__seed2026,isd_individual_iso_prediction,ISD,test,ISD_PlazaBibRambla_PlazaBibRambla1_BIB4_R10243,ISD_PlazaBibRambla_PlazaBibRambla1_BIB4,ISOEventful,-0.5429,0.09380468277945618,
isd_individual_iso_prediction__isd__isd_response_target_mean_shared6__seed2026,isd_individual_iso_prediction,ISD,test,ISD_PlazaBibRambla_PlazaBibRambla1_BIB4_R10244,ISD_PlazaBibRambla_PlazaBibRambla1_BIB4,ISOEventful,-0.3661,0.09380468277945618,
isd_individual_iso_prediction__isd__isd_response_target_mean_shared6__seed2026,isd_individual_iso_prediction,ISD,test,ISD_PlazaBibRambla_PlazaBibRambla1_BIB6_R10246,ISD_PlazaBibRambla_PlazaBibRambla1_BIB6,ISOEventful,0.0,0.09380468277945618,
isd_individual_iso_prediction__isd__isd_response_target_mean_shared6__seed2026,isd_individual_iso_prediction,ISD,test,ISD_PlazaBibRambla_PlazaBibRambla1_BIB6_R10247,ISD_PlazaBibRambla_PlazaBibRambla1_BIB6,ISOEventful,0.0732,0.09380468277945618,
isd_individual_iso_prediction__isd__isd_response_target_mean_shared6__seed2026,isd_individual_iso_prediction,ISD,test,ISD_PlazaBibRambla_PlazaBibRambla1_BIB9_R10258,ISD_PlazaBibRambla_PlazaBibRambla1_BIB9,ISOEventful,0.4571,0.09380468277945618,
isd_individual_iso_prediction__isd__isd_response_target_mean_shared6__seed2026,isd_individual_iso_prediction,ISD,test,ISD_SanMarco_SanMarco1_AM02_R17,ISD_SanMarco_SanMarco1_AM02,ISOEventful,0.1768,0.09380468277945618,
isd_individual_iso_prediction__isd__isd_response_target_mean_shared6__seed2026,isd_individual_iso_prediction,ISD,test,ISD_SanMarco_SanMarco1_AM02_R18,ISD_SanMarco_SanMarco1_AM02,ISOEventful,-0.1768,0.09380468277945618,
isd_individual_iso_prediction__isd__isd_response_target_mean_shared6__seed2026,isd_individual_iso_prediction,ISD,test,ISD_SanMarco_SanMarco1_ML101_R22,ISD_SanMarco_SanMarco1_ML101,ISOEventful,0.2929,0.09380468277945618,
isd_individual_iso_prediction__isd__isd_response_target_mean_shared6__seed2026,isd_individual_iso_prediction,ISD,test,ISD_SanMarco_SanMarco1_ML101_R23,ISD_SanMarco_SanMarco1_ML101,ISOEventful,0.3232,0.09380468277945618,
isd_individual_iso_prediction__isd__isd_response_target_mean_shared6__seed2026,isd_individual_iso_prediction,ISD,test,ISD_SanMarco_SanMarco1_ML104_R24,ISD_SanMarco_SanMarco1_ML104,ISOEventful,0.3964,0.09380468277945618,
isd_individual_iso_prediction__isd__isd_response_target_mean_shared6__seed2026,isd_individual_iso_prediction,ISD,test,ISD_SanMarco_SanMarco1_ML104_R25,ISD_SanMarco_SanMarco1_ML104,ISOEventful,0.0732,0.09380468277945618,
isd_individual_iso_prediction__isd__isd_response_target_mean_shared6__seed2026,isd_individual_iso_prediction,ISD,test,ISD_SanMarco_SanMarco1_ML105_R26,ISD_SanMarco_SanMarco1_ML105,ISOEventful,0.6464,0.09380468277945618,
isd_individual_iso_prediction__isd__isd_response_target_mean_shared6__seed2026,isd_individual_iso_prediction,ISD,test,ISD_SanMarco_SanMarco1_ML111_R27,ISD_SanMarco_SanMarco1_ML111,ISOEventful,0.5732,0.09380468277945618,
isd_individual_iso_prediction__isd__isd_response_target_mean_shared6__seed2026,isd_individual_iso_prediction,ISD,test,ISD_SanMarco_SanMarco1_ML111_R28,ISD_SanMarco_SanMarco1_ML111,ISOEventful,0.0429,0.09380468277945618,
isd_individual_iso_prediction__isd__isd_response_target_mean_shared6__seed2026,isd_individual_iso_prediction,ISD,test,ISD_SanMarco_SanMarco1_ML111_R29,ISD_SanMarco_SanMarco1_ML111,ISOEventful,0.2803,0.09380468277945618,
isd_individual_iso_prediction__isd__isd_response_target_mean_shared6__seed2026,isd_individual_iso_prediction,ISD,test,ISD_SanMarco_SanMarco1_ML111_R30,ISD_SanMarco_SanMarco1_ML111,ISOEventful,0.7071,0.09380468277945618,
isd_individual_iso_prediction__isd__isd_response_target_mean_shared6__seed2026,isd_individual_iso_prediction,ISD,test,ISD_SanMarco_SanMarco1_ML130_R31,ISD_SanMarco_SanMarco1_ML130,ISOEventful,0.5303,0.09380468277945618,
isd_individual_iso_prediction__isd__isd_response_target_mean_shared6__seed2026,isd_individual_iso_prediction,ISD,test,ISD_SanMarco_SanMarco1_ML130_R32,ISD_SanMarco_SanMarco1_ML130,ISOEventful,0.6464,0.09380468277945618,
isd_individual_iso_prediction__isd__isd_response_target_mean_shared6__seed2026,isd_individual_iso_prediction,ISD,test,ISD_SanMarco_SanMarco1_ML131_R33,ISD_SanMarco_SanMarco1_ML131,ISOEventful,0.5732,0.09380468277945618,
isd_individual_iso_prediction__isd__isd_response_target_mean_shared6__seed2026,isd_individual_iso_prediction,ISD,test,ISD_SanMarco_SanMarco1_ML131_R34,ISD_SanMarco_SanMarco1_ML131,ISOEventful,0.1161,0.09380468277945618,
isd_individual_iso_prediction__isd__isd_response_target_mean_shared6__seed2026,isd_individual_iso_prediction,ISD,test,ISD_SanMarco_SanMarco1_ML133_R35,ISD_SanMarco_SanMarco1_ML133,ISOEventful,0.5732,0.09380468277945618,
isd_individual_iso_prediction__isd__isd_response_target_mean_shared6__seed2026,isd_individual_iso_prediction,ISD,test,ISD_SanMarco_SanMarco1_ML133_R36,ISD_SanMarco_SanMarco1_ML133,ISOEventful,0.3661,0.09380468277945618,
isd_individual_iso_prediction__isd__isd_response_target_mean_shared6__seed2026,isd_individual_iso_prediction,ISD,test,ISD_SanMarco_SanMarco1_ML133_R37,ISD_SanMarco_SanMarco1_ML133,ISOEventful,0.1464,0.09380468277945618,
isd_individual_iso_prediction__isd__isd_response_target_mean_shared6__seed2026,isd_individual_iso_prediction,ISD,test,ISD_SanMarco_SanMarco1_ML133_R38,ISD_SanMarco_SanMarco1_ML133,ISOEventful,0.4697,0.09380468277945618,
isd_individual_iso_prediction__isd__isd_response_target_mean_shared6__seed2026,isd_individual_iso_prediction,ISD,test,ISD_SanMarco_SanMarco2_ML202_R39,ISD_SanMarco_SanMarco2_ML202,ISOEventful,0.5,0.09380468277945618,
isd_individual_iso_prediction__isd__isd_response_target_mean_shared6__seed2026,isd_individual_iso_prediction,ISD,test,ISD_SanMarco_SanMarco2_ML202_R40,ISD_SanMarco_SanMarco2_ML202,ISOEventful,0.6339,0.09380468277945618,
isd_individual_iso_prediction__isd__isd_response_target_mean_shared6__seed2026,isd_individual_iso_prediction,ISD,test,ISD_SanMarco_SanMarco2_ML202_R41,ISD_SanMarco_SanMarco2_ML202,ISOEventful,0.0429,0.09380468277945618,
isd_individual_iso_prediction__isd__isd_response_target_mean_shared6__seed2026,isd_individual_iso_prediction,ISD,test,ISD_SanMarco_SanMarco2_ML203_R42,ISD_SanMarco_SanMarco2_ML203,ISOEventful,0.3232,0.09380468277945618,
isd_individual_iso_prediction__isd__isd_response_target_mean_shared6__seed2026,isd_individual_iso_prediction,ISD,test,ISD_SanMarco_SanMarco2_ML205_R43,ISD_SanMarco_SanMarco2_ML205,ISOEventful,0.4697,0.09380468277945618,
isd_individual_iso_prediction__isd__isd_response_target_mean_shared6__seed2026,isd_individual_iso_prediction,ISD,test,ISD_SanMarco_SanMarco2_ML205_R44,ISD_SanMarco_SanMarco2_ML205,ISOEventful,0.3536,0.09380468277945618,
isd_individual_iso_prediction__isd__isd_response_target_mean_shared6__seed2026,isd_individual_iso_prediction,ISD,test,ISD_SanMarco_SanMarco2_ML208_R45,ISD_SanMarco_SanMarco2_ML208,ISOEventful,-0.0303,0.09380468277945618,
isd_individual_iso_prediction__isd__isd_response_target_mean_shared6__seed2026,isd_individual_iso_prediction,ISD,test,ISD_SanMarco_SanMarco2_ML208_R46,ISD_SanMarco_SanMarco2_ML208,ISOEventful,0.1464,0.09380468277945618,
isd_individual_iso_prediction__isd__isd_response_target_mean_shared6__seed2026,isd_individual_iso_prediction,ISD,test,ISD_SanMarco_SanMarco2_ML212_R47,ISD_SanMarco_SanMarco2_ML212,ISOEventful,0.0,0.09380468277945618,
isd_individual_iso_prediction__isd__isd_response_target_mean_shared6__seed2026,isd_individual_iso_prediction,ISD,test,ISD_SanMarco_SanMarco2_ML212_R48,ISD_SanMarco_SanMarco2_ML212,ISOEventful,0.6464,0.09380468277945618,
isd_individual_iso_prediction__isd__isd_response_target_mean_shared6__seed2026,isd_individual_iso_prediction,ISD,test,ISD_SanMarco_SanMarco2_ML214_R49,ISD_SanMarco_SanMarco2_ML214,ISOEventful,0.7071,0.09380468277945618,
isd_individual_iso_prediction__isd__isd_response_target_mean_shared6__seed2026,isd_individual_iso_prediction,ISD,test,ISD_SanMarco_SanMarco2_ML214_R50,ISD_SanMarco_SanMarco2_ML214,ISOEventful,0.0732,0.09380468277945618,
isd_individual_iso_prediction__isd__isd_response_target_mean_shared6__seed2026,isd_individual_iso_prediction,ISD,test,ISD_SanMarco_SanMarco2_ML214_R51,ISD_SanMarco_SanMarco2_ML214,ISOEventful,0.3536,0.09380468277945618,
isd_individual_iso_prediction__isd__isd_response_target_mean_shared6__seed2026,isd_individual_iso_prediction,ISD,test,ISD_SanMarco_SanMarco3_SM301_R52,ISD_SanMarco_SanMarco3_SM301,ISOEventful,0.1339,0.09380468277945618,
isd_individual_iso_prediction__isd__isd_response_target_mean_shared6__seed2026,isd_individual_iso_prediction,ISD,test,ISD_SanMarco_SanMarco3_SM301_R53,ISD_SanMarco_SanMarco3_SM301,ISOEventful,0.25,0.09380468277945618,
isd_individual_iso_prediction__isd__isd_response_target_mean_shared6__seed2026,isd_individual_iso_prediction,ISD,test,ISD_SanMarco_SanMarco3_SM303_R54,ISD_SanMarco_SanMarco3_SM303,ISOEventful,0.5303,0.09380468277945618,
isd_individual_iso_prediction__isd__isd_response_target_mean_shared6__seed2026,isd_individual_iso_prediction,ISD,test,ISD_SanMarco_SanMarco3_SM303_R55,ISD_SanMarco_SanMarco3_SM303,ISOEventful,0.3964,0.09380468277945618,
isd_individual_iso_prediction__isd__isd_response_target_mean_shared6__seed2026,isd_individual_iso_prediction,ISD,test,ISD_SanMarco_SanMarco3_SM303_R56,ISD_SanMarco_SanMarco3_SM303,ISOEventful,0.5732,0.09380468277945618,
isd_individual_iso_prediction__isd__isd_response_target_mean_shared6__seed2026,isd_individual_iso_prediction,ISD,test,ISD_SanMarco_SanMarco3_SM304_R57,ISD_SanMarco_SanMarco3_SM304,ISOEventful,0.8536,0.09380468277945618,
isd_individual_iso_prediction__isd__isd_response_target_mean_shared6__seed2026,isd_individual_iso_prediction,ISD,test,ISD_SanMarco_SanMarco3_SM304_R58,ISD_SanMarco_SanMarco3_SM304,ISOEventful,0.9268,0.09380468277945618,
isd_individual_iso_prediction__isd__isd_response_target_mean_shared6__seed2026,isd_individual_iso_prediction,ISD,test,ISD_SanMarco_SanMarco3_SM306_R59,ISD_SanMarco_SanMarco3_SM306,ISOEventful,0.9268,0.09380468277945618,
isd_individual_iso_prediction__isd__isd_response_target_mean_shared6__seed2026,isd_individual_iso_prediction,ISD,test,ISD_SanMarco_SanMarco3_SM306_R60,ISD_SanMarco_SanMarco3_SM306,ISOEventful,0.3964,0.09380468277945618,
isd_individual_iso_prediction__isd__isd_response_target_mean_shared6__seed2026,isd_individual_iso_prediction,ISD,test,ISD_SanMarco_SanMarco3_SM307_R61,ISD_SanMarco_SanMarco3_SM307,ISOEventful,0.4268,0.09380468277945618,
isd_individual_iso_prediction__isd__isd_response_target_mean_shared6__seed2026,isd_individual_iso_prediction,ISD,test,ISD_SanMarco_SanMarco3_SM308_R63,ISD_SanMarco_SanMarco3_SM308,ISOEventful,0.5303,0.09380468277945618,
isd_individual_iso_prediction__isd__isd_response_target_mean_shared6__seed2026,isd_individual_iso_prediction,ISD,test,ISD_SanMarco_SanMarco3_SM308_R64,ISD_SanMarco_SanMarco3_SM308,ISOEventful,0.5732,0.09380468277945618,
isd_individual_iso_prediction__isd__isd_response_target_mean_shared6__seed2026,isd_individual_iso_prediction,ISD,test,ISD_SanMarco_SanMarco3_SM308_R65,ISD_SanMarco_SanMarco3_SM308,ISOEventful,0.6036,0.09380468277945618,
isd_individual_iso_prediction__isd__isd_response_target_mean_shared6__seed2026,isd_individual_iso_prediction,ISD,test,ISD_SanMarco_SanMarco3_SM309_R66,ISD_SanMarco_SanMarco3_SM309,ISOEventful,0.5732,0.09380468277945618,
isd_individual_iso_prediction__isd__isd_response_target_mean_shared6__seed2026,isd_individual_iso_prediction,ISD,test,ISD_SanMarco_SanMarco3_SM310_R67,ISD_SanMarco_SanMarco3_SM310,ISOEventful,0.3358,0.09380468277945618,
isd_individual_iso_prediction__isd__isd_response_target_mean_shared6__seed2026,isd_individual_iso_prediction,ISD,test,ISD_SanMarco_SanMarco3_SM310_R68,ISD_SanMarco_SanMarco3_SM310,ISOEventful,0.1464,0.09380468277945618,
isd_individual_iso_prediction__isd__isd_response_target_mean_shared6__seed2026,isd_individual_iso_prediction,ISD,test,ISD_SanMarco_SanMarco3_SM311_R69,ISD_SanMarco_SanMarco3_SM311,ISOEventful,-0.1036,0.09380468277945618,
isd_individual_iso_prediction__isd__isd_response_target_mean_shared6__seed2026,isd_individual_iso_prediction,ISD,test,ISD_SanMarco_SanMarco3_SM312_R70,ISD_SanMarco_SanMarco3_SM312,ISOEventful,0.1768,0.09380468277945618,
isd_individual_iso_prediction__isd__isd_response_target_mean_shared6__seed2026,isd_individual_iso_prediction,ISD,test,ISD_SanMarco_SanMarco3_SM313_R71,ISD_SanMarco_SanMarco3_SM313,ISOEventful,0.2929,0.09380468277945618,
isd_individual_iso_prediction__isd__isd_response_target_mean_shared6__seed2026,isd_individual_iso_prediction,ISD,test,ISD_Noorderplantsoen_Noorderplantsoen1_NP101_R2,ISD_Noorderplantsoen_Noorderplantsoen1_NP101,ISOEventful,0.25,0.09380468277945618,
isd_individual_iso_prediction__isd__isd_response_target_mean_shared6__seed2026,isd_individual_iso_prediction,ISD,test,ISD_Noorderplantsoen_Noorderplantsoen1_NP101_R73,ISD_Noorderplantsoen_Noorderplantsoen1_NP101,ISOEventful,0.3839,0.09380468277945618,
isd_individual_iso_prediction__isd__isd_response_target_mean_shared6__seed2026,isd_individual_iso_prediction,ISD,test,ISD_Noorderplantsoen_Noorderplantsoen1_NP102_R88,ISD_Noorderplantsoen_Noorderplantsoen1_NP102,ISOEventful,0.1036,0.09380468277945618,
isd_individual_iso_prediction__isd__isd_response_target_mean_shared6__seed2026,isd_individual_iso_prediction,ISD,test,ISD_Noorderplantsoen_Noorderplantsoen1_NP106_R98,ISD_Noorderplantsoen_Noorderplantsoen1_NP106,ISOEventful,0.1464,0.09380468277945618,
isd_individual_iso_prediction__isd__isd_response_target_mean_shared6__seed2026,isd_individual_iso_prediction,ISD,test,ISD_Noorderplantsoen_Noorderplantsoen1_NP107_R97,ISD_Noorderplantsoen_Noorderplantsoen1_NP107,ISOEventful,0.1464,0.09380468277945618,
isd_individual_iso_prediction__isd__isd_response_target_mean_shared6__seed2026,isd_individual_iso_prediction,ISD,test,ISD_Noorderplantsoen_Noorderplantsoen1_NP108_R96,ISD_Noorderplantsoen_Noorderplantsoen1_NP108,ISOEventful,-0.1036,0.09380468277945618,
isd_individual_iso_prediction__isd__isd_response_target_mean_shared6__seed2026,isd_individual_iso_prediction,ISD,test,ISD_Noorderplantsoen_Noorderplantsoen1_NP109_R3,ISD_Noorderplantsoen_Noorderplantsoen1_NP109,ISOEventful,-0.1339,0.09380468277945618,
isd_individual_iso_prediction__isd__isd_response_target_mean_shared6__seed2026,isd_individual_iso_prediction,ISD,test,ISD_Noorderplantsoen_Noorderplantsoen1_NP110_R4,ISD_Noorderplantsoen_Noorderplantsoen1_NP110,ISOEventful,0.0303,0.09380468277945618,
isd_individual_iso_prediction__isd__isd_response_target_mean_shared6__seed2026,isd_individual_iso_prediction,ISD,test,ISD_Noorderplantsoen_Noorderplantsoen1_NP110_R90,ISD_Noorderplantsoen_Noorderplantsoen1_NP110,ISOEventful,-0.3964,0.09380468277945618,
isd_individual_iso_prediction__isd__isd_response_target_mean_shared6__seed2026,isd_individual_iso_prediction,ISD,test,ISD_Noorderplantsoen_Noorderplantsoen1_NP111_R5,ISD_Noorderplantsoen_Noorderplantsoen1_NP111,ISOEventful,0.1768,0.09380468277945618,
isd_individual_iso_prediction__isd__isd_response_target_mean_shared6__seed2026,isd_individual_iso_prediction,ISD,test,ISD_Noorderplantsoen_Noorderplantsoen1_NP111_R87,ISD_Noorderplantsoen_Noorderplantsoen1_NP111,ISOEventful,0.7803,0.09380468277945618,
isd_individual_iso_prediction__isd__isd_response_target_mean_shared6__seed2026,isd_individual_iso_prediction,ISD,test,ISD_Noorderplantsoen_Noorderplantsoen1_NP112_R84,ISD_Noorderplantsoen_Noorderplantsoen1_NP112,ISOEventful,0.0732,0.09380468277945618,
isd_individual_iso_prediction__isd__isd_response_target_mean_shared6__seed2026,isd_individual_iso_prediction,ISD,test,ISD_Noorderplantsoen_Noorderplantsoen1_NP113_R83,ISD_Noorderplantsoen_Noorderplantsoen1_NP113,ISOEventful,0.6768,0.09380468277945618,
isd_individual_iso_prediction__isd__isd_response_target_mean_shared6__seed2026,isd_individual_iso_prediction,ISD,test,ISD_Noorderplantsoen_Noorderplantsoen1_NP114_R6,ISD_Noorderplantsoen_Noorderplantsoen1_NP114,ISOEventful,0.4268,0.09380468277945618,
isd_individual_iso_prediction__isd__isd_response_target_mean_shared6__seed2026,isd_individual_iso_prediction,ISD,test,ISD_Noorderplantsoen_Noorderplantsoen1_NP116_R7,ISD_Noorderplantsoen_Noorderplantsoen1_NP116,ISOEventful,0.3536,0.09380468277945618,
isd_individual_iso_prediction__isd__isd_response_target_mean_shared6__seed2026,isd_individual_iso_prediction,ISD,test,ISD_Noorderplantsoen_Noorderplantsoen1_NP116_R85,ISD_Noorderplantsoen_Noorderplantsoen1_NP116,ISOEventful,0.5303,0.09380468277945618,
isd_individual_iso_prediction__isd__isd_response_target_mean_shared6__seed2026,isd_individual_iso_prediction,ISD,test,ISD_Noorderplantsoen_Noorderplantsoen1_NP117_R8,ISD_Noorderplantsoen_Noorderplantsoen1_NP117,ISOEventful,0.0732,0.09380468277945618,
isd_individual_iso_prediction__isd__isd_response_target_mean_shared6__seed2026,isd_individual_iso_prediction,ISD,test,ISD_Noorderplantsoen_Noorderplantsoen1_NP118_R10,ISD_Noorderplantsoen_Noorderplantsoen1_NP118,ISOEventful,0.5303,0.09380468277945618,
isd_individual_iso_prediction__isd__isd_response_target_mean_shared6__seed2026,isd_individual_iso_prediction,ISD,test,ISD_Noorderplantsoen_Noorderplantsoen1_NP118_R9,ISD_Noorderplantsoen_Noorderplantsoen1_NP118,ISOEventful,0.2803,0.09380468277945618,
isd_individual_iso_prediction__isd__isd_response_target_mean_shared6__seed2026,isd_individual_iso_prediction,ISD,test,ISD_Noorderplantsoen_Noorderplantsoen1_NP119_R11,ISD_Noorderplantsoen_Noorderplantsoen1_NP119,ISOEventful,0.4571,0.09380468277945618,
isd_individual_iso_prediction__isd__isd_response_target_mean_shared6__seed2026,isd_individual_iso_prediction,ISD,test,ISD_Noorderplantsoen_Noorderplantsoen1_NP119_R79,ISD_Noorderplantsoen_Noorderplantsoen1_NP119,ISOEventful,-0.1464,0.09380468277945618,
isd_individual_iso_prediction__isd__isd_response_target_mean_shared6__seed2026,isd_individual_iso_prediction,ISD,test,ISD_Noorderplantsoen_Noorderplantsoen1_NP120_R13,ISD_Noorderplantsoen_Noorderplantsoen1_NP120,ISOEventful,0.3839,0.09380468277945618,
isd_individual_iso_prediction__isd__isd_response_target_mean_shared6__seed2026,isd_individual_iso_prediction,ISD,test,ISD_Noorderplantsoen_Noorderplantsoen1_NP123_R15,ISD_Noorderplantsoen_Noorderplantsoen1_NP123,ISOEventful,0.5429,0.09380468277945618,
isd_individual_iso_prediction__isd__isd_response_target_mean_shared6__seed2026,isd_individual_iso_prediction,ISD,test,ISD_Noorderplantsoen_Noorderplantsoen1_NP123_R81,ISD_Noorderplantsoen_Noorderplantsoen1_NP123,ISOEventful,0.9268,0.09380468277945618,
isd_individual_iso_prediction__isd__isd_response_target_mean_shared6__seed2026,isd_individual_iso_prediction,ISD,test,ISD_Noorderplantsoen_Noorderplantsoen1_NP125_R80,ISD_Noorderplantsoen_Noorderplantsoen1_NP125,ISOEventful,0.0732,0.09380468277945618,
isd_individual_iso_prediction__isd__isd_response_target_mean_shared6__seed2026,isd_individual_iso_prediction,ISD,test,ISD_Noorderplantsoen_Noorderplantsoen1_NP126_R16,ISD_Noorderplantsoen_Noorderplantsoen1_NP126,ISOEventful,0.6036,0.09380468277945618,
isd_individual_iso_prediction__isd__isd_response_target_mean_shared6__seed2026,isd_individual_iso_prediction,ISD,test,ISD_Noorderplantsoen_Noorderplantsoen1_NP127_R18,ISD_Noorderplantsoen_Noorderplantsoen1_NP127,ISOEventful,0.4571,0.09380468277945618,
isd_individual_iso_prediction__isd__isd_response_target_mean_shared6__seed2026,isd_individual_iso_prediction,ISD,test,ISD_Noorderplantsoen_Noorderplantsoen1_NP127_R17,ISD_Noorderplantsoen_Noorderplantsoen1_NP127,ISOEventful,0.4142,0.09380468277945618,
isd_individual_iso_prediction__isd__isd_response_target_mean_shared6__seed2026,isd_individual_iso_prediction,ISD,test,ISD_Noorderplantsoen_Noorderplantsoen1_NP128_R19,ISD_Noorderplantsoen_Noorderplantsoen1_NP128,ISOEventful,-0.1464,0.09380468277945618,
isd_individual_iso_prediction__isd__isd_response_target_mean_shared6__seed2026,isd_individual_iso_prediction,ISD,test,ISD_Noorderplantsoen_Noorderplantsoen1_NP129_R20,ISD_Noorderplantsoen_Noorderplantsoen1_NP129,ISOEventful,0.0429,0.09380468277945618,
isd_individual_iso_prediction__isd__isd_response_target_mean_shared6__seed2026,isd_individual_iso_prediction,ISD,test,ISD_Noorderplantsoen_Noorderplantsoen1_NP129_R22,ISD_Noorderplantsoen_Noorderplantsoen1_NP129,ISOEventful,0.3661,0.09380468277945618,
isd_individual_iso_prediction__isd__isd_response_target_mean_shared6__seed2026,isd_individual_iso_prediction,ISD,test,ISD_Noorderplantsoen_Noorderplantsoen1_NP129_R21,ISD_Noorderplantsoen_Noorderplantsoen1_NP129,ISOEventful,0.4142,0.09380468277945618,
isd_individual_iso_prediction__isd__isd_response_target_mean_shared6__seed2026,isd_individual_iso_prediction,ISD,test,ISD_Noorderplantsoen_Noorderplantsoen1_NP131_R26,ISD_Noorderplantsoen_Noorderplantsoen1_NP131,ISOEventful,0.2803,0.09380468277945618,
isd_individual_iso_prediction__isd__isd_response_target_mean_shared6__seed2026,isd_individual_iso_prediction,ISD,test,ISD_Noorderplantsoen_Noorderplantsoen1_NP131_R27,ISD_Noorderplantsoen_Noorderplantsoen1_NP131,ISOEventful,0.1036,0.09380468277945618,
isd_individual_iso_prediction__isd__isd_response_target_mean_shared6__seed2026,isd_individual_iso_prediction,ISD,test,ISD_Noorderplantsoen_Noorderplantsoen1_NP132_R28,ISD_Noorderplantsoen_Noorderplantsoen1_NP132,ISOEventful,0.5303,0.09380468277945618,
isd_individual_iso_prediction__isd__isd_response_target_mean_shared6__seed2026,isd_individual_iso_prediction,ISD,test,ISD_Noorderplantsoen_Noorderplantsoen1_NP132_R78,ISD_Noorderplantsoen_Noorderplantsoen1_NP132,ISOEventful,0.5303,0.09380468277945618,
isd_individual_iso_prediction__isd__isd_response_target_mean_shared6__seed2026,isd_individual_iso_prediction,ISD,test,ISD_Noorderplantsoen_Noorderplantsoen1_NP133_R30,ISD_Noorderplantsoen_Noorderplantsoen1_NP133,ISOEventful,0.7071,0.09380468277945618,
isd_individual_iso_prediction__isd__isd_response_target_mean_shared6__seed2026,isd_individual_iso_prediction,ISD,test,ISD_Noorderplantsoen_Noorderplantsoen1_NP133_R31,ISD_Noorderplantsoen_Noorderplantsoen1_NP133,ISOEventful,0.2197,0.09380468277945618,
isd_individual_iso_prediction__isd__isd_response_target_mean_shared6__seed2026,isd_individual_iso_prediction,ISD,test,ISD_Noorderplantsoen_Noorderplantsoen1_NP134_R32,ISD_Noorderplantsoen_Noorderplantsoen1_NP134,ISOEventful,0.2803,0.09380468277945618,
isd_individual_iso_prediction__isd__isd_response_target_mean_shared6__seed2026,isd_individual_iso_prediction,ISD,test,ISD_Noorderplantsoen_Noorderplantsoen1_NP134_R77,ISD_Noorderplantsoen_Noorderplantsoen1_NP134,ISOEventful,0.5732,0.09380468277945618,
isd_individual_iso_prediction__isd__isd_response_target_mean_shared6__seed2026,isd_individual_iso_prediction,ISD,test,ISD_Noorderplantsoen_Noorderplantsoen1_NP135_R33,ISD_Noorderplantsoen_Noorderplantsoen1_NP135,ISOEventful,-0.0732,0.09380468277945618,
isd_individual_iso_prediction__isd__isd_response_target_mean_shared6__seed2026,isd_individual_iso_prediction,ISD,test,ISD_Noorderplantsoen_Noorderplantsoen1_NP136_R34,ISD_Noorderplantsoen_Noorderplantsoen1_NP136,ISOEventful,0.5429,0.09380468277945618,
isd_individual_iso_prediction__isd__isd_response_target_mean_shared6__seed2026,isd_individual_iso_prediction,ISD,test,ISD_Noorderplantsoen_Noorderplantsoen1_NP136_R35,ISD_Noorderplantsoen_Noorderplantsoen1_NP136,ISOEventful,0.2071,0.09380468277945618,
isd_individual_iso_prediction__isd__isd_response_target_mean_shared6__seed2026,isd_individual_iso_prediction,ISD,test,ISD_Noorderplantsoen_Noorderplantsoen1_NP138_R36,ISD_Noorderplantsoen_Noorderplantsoen1_NP138,ISOEventful,0.6036,0.09380468277945618,
isd_individual_iso_prediction__isd__isd_response_target_mean_shared6__seed2026,isd_individual_iso_prediction,ISD,test,ISD_Noorderplantsoen_Noorderplantsoen1_NP138_R76,ISD_Noorderplantsoen_Noorderplantsoen1_NP138,ISOEventful,-0.1464,0.09380468277945618,
isd_individual_iso_prediction__isd__isd_response_target_mean_shared6__seed2026,isd_individual_iso_prediction,ISD,test,ISD_Noorderplantsoen_Noorderplantsoen1_NP139_R37,ISD_Noorderplantsoen_Noorderplantsoen1_NP139,ISOEventful,0.6036,0.09380468277945618,
isd_individual_iso_prediction__isd__isd_response_target_mean_shared6__seed2026,isd_individual_iso_prediction,ISD,test,ISD_Noorderplantsoen_Noorderplantsoen1_NP139_R38,ISD_Noorderplantsoen_Noorderplantsoen1_NP139,ISOEventful,0.75,0.09380468277945618,
isd_individual_iso_prediction__isd__isd_response_target_mean_shared6__seed2026,isd_individual_iso_prediction,ISD,test,ISD_Noorderplantsoen_Noorderplantsoen1_NP140_R39,ISD_Noorderplantsoen_Noorderplantsoen1_NP140,ISOEventful,0.5,0.09380468277945618,
isd_individual_iso_prediction__isd__isd_response_target_mean_shared6__seed2026,isd_individual_iso_prediction,ISD,test,ISD_Noorderplantsoen_Noorderplantsoen1_NP140_R40,ISD_Noorderplantsoen_Noorderplantsoen1_NP140,ISOEventful,0.7071,0.09380468277945618,
isd_individual_iso_prediction__isd__isd_response_target_mean_shared6__seed2026,isd_individual_iso_prediction,ISD,test,ISD_Noorderplantsoen_Noorderplantsoen1_NP141_R74,ISD_Noorderplantsoen_Noorderplantsoen1_NP141,ISOEventful,-0.0732,0.09380468277945618,
isd_individual_iso_prediction__isd__isd_response_target_mean_shared6__seed2026,isd_individual_iso_prediction,ISD,test,ISD_Noorderplantsoen_Noorderplantsoen1_NP141_R75,ISD_Noorderplantsoen_Noorderplantsoen1_NP141,ISOEventful,0.5,0.09380468277945618,
isd_individual_iso_prediction__isd__isd_response_target_mean_shared6__seed2026,isd_individual_iso_prediction,ISD,test,ISD_Noorderplantsoen_Noorderplantsoen1_NP143_R41,ISD_Noorderplantsoen_Noorderplantsoen1_NP143,ISOEventful,-0.0732,0.09380468277945618,
isd_individual_iso_prediction__isd__isd_response_target_mean_shared6__seed2026,isd_individual_iso_prediction,ISD,test,ISD_Noorderplantsoen_Noorderplantsoen1_NP146_R91,ISD_Noorderplantsoen_Noorderplantsoen1_NP146,ISOEventful,0.7071,0.09380468277945618,
isd_individual_iso_prediction__isd__isd_response_target_mean_shared6__seed2026,isd_individual_iso_prediction,ISD,test,ISD_Noorderplantsoen_Noorderplantsoen1_NP147_R42,ISD_Noorderplantsoen_Noorderplantsoen1_NP147,ISOEventful,-0.0429,0.09380468277945618,
isd_individual_iso_prediction__isd__isd_response_target_mean_shared6__seed2026,isd_individual_iso_prediction,ISD,test,ISD_Noorderplantsoen_Noorderplantsoen1_NP148_R43,ISD_Noorderplantsoen_Noorderplantsoen1_NP148,ISOEventful,0.75,0.09380468277945618,
isd_individual_iso_prediction__isd__isd_response_target_mean_shared6__seed2026,isd_individual_iso_prediction,ISD,test,ISD_Noorderplantsoen_Noorderplantsoen1_NP148_R44,ISD_Noorderplantsoen_Noorderplantsoen1_NP148,ISOEventful,0.6464,0.09380468277945618,
isd_individual_iso_prediction__isd__isd_response_target_mean_shared6__seed2026,isd_individual_iso_prediction,ISD,test,ISD_Noorderplantsoen_Noorderplantsoen1_NP149_R45,ISD_Noorderplantsoen_Noorderplantsoen1_NP149,ISOEventful,0.7071,0.09380468277945618,
isd_individual_iso_prediction__isd__isd_response_target_mean_shared6__seed2026,isd_individual_iso_prediction,ISD,test,ISD_Noorderplantsoen_Noorderplantsoen1_NP149_R46,ISD_Noorderplantsoen_Noorderplantsoen1_NP149,ISOEventful,0.3232,0.09380468277945618,
isd_individual_iso_prediction__isd__isd_response_target_mean_shared6__seed2026,isd_individual_iso_prediction,ISD,test,ISD_Noorderplantsoen_Noorderplantsoen1_NP150_R47,ISD_Noorderplantsoen_Noorderplantsoen1_NP150,ISOEventful,0.0,0.09380468277945618,
isd_individual_iso_prediction__isd__isd_response_target_mean_shared6__seed2026,isd_individual_iso_prediction,ISD,test,ISD_Noorderplantsoen_Noorderplantsoen1_NP152_R48,ISD_Noorderplantsoen_Noorderplantsoen1_NP152,ISOEventful,0.6768,0.09380468277945618,
isd_individual_iso_prediction__isd__isd_response_target_mean_shared6__seed2026,isd_individual_iso_prediction,ISD,test,ISD_Noorderplantsoen_Noorderplantsoen1_NP153_R67,ISD_Noorderplantsoen_Noorderplantsoen1_NP153,ISOEventful,0.3839,0.09380468277945618,
isd_individual_iso_prediction__isd__isd_response_target_mean_shared6__seed2026,isd_individual_iso_prediction,ISD,test,ISD_Noorderplantsoen_Noorderplantsoen1_NP153_R71,ISD_Noorderplantsoen_Noorderplantsoen1_NP153,ISOEventful,0.5,0.09380468277945618,
isd_individual_iso_prediction__isd__isd_response_target_mean_shared6__seed2026,isd_individual_iso_prediction,ISD,test,ISD_Noorderplantsoen_Noorderplantsoen1_NP153_R72,ISD_Noorderplantsoen_Noorderplantsoen1_NP153,ISOEventful,0.7803,0.09380468277945618,
isd_individual_iso_prediction__isd__isd_response_target_mean_shared6__seed2026,isd_individual_iso_prediction,ISD,test,ISD_Noorderplantsoen_Noorderplantsoen1_NP154_R49,ISD_Noorderplantsoen_Noorderplantsoen1_NP154,ISOEventful,0.6036,0.09380468277945618,
isd_individual_iso_prediction__isd__isd_response_target_mean_shared6__seed2026,isd_individual_iso_prediction,ISD,test,ISD_Noorderplantsoen_Noorderplantsoen1_NP155_R51,ISD_Noorderplantsoen_Noorderplantsoen1_NP155,ISOEventful,0.0,0.09380468277945618,
isd_individual_iso_prediction__isd__isd_response_target_mean_shared6__seed2026,isd_individual_iso_prediction,ISD,test,ISD_Noorderplantsoen_Noorderplantsoen1_NP155_R50,ISD_Noorderplantsoen_Noorderplantsoen1_NP155,ISOEventful,0.6768,0.09380468277945618,
isd_individual_iso_prediction__isd__isd_response_target_mean_shared6__seed2026,isd_individual_iso_prediction,ISD,test,ISD_Noorderplantsoen_Noorderplantsoen1_NP155_R53,ISD_Noorderplantsoen_Noorderplantsoen1_NP155,ISOEventful,0.5429,0.09380468277945618,
isd_individual_iso_prediction__isd__isd_response_target_mean_shared6__seed2026,isd_individual_iso_prediction,ISD,test,ISD_Noorderplantsoen_Noorderplantsoen1_NP155_R52,ISD_Noorderplantsoen_Noorderplantsoen1_NP155,ISOEventful,0.5303,0.09380468277945618,
isd_individual_iso_prediction__isd__isd_response_target_mean_shared6__seed2026,isd_individual_iso_prediction,ISD,test,ISD_Noorderplantsoen_Noorderplantsoen1_NP156_R54,ISD_Noorderplantsoen_Noorderplantsoen1_NP156,ISOEventful,0.0,0.09380468277945618,
isd_individual_iso_prediction__isd__isd_response_target_mean_shared6__seed2026,isd_individual_iso_prediction,ISD,test,ISD_Noorderplantsoen_Noorderplantsoen1_NP156_R93,ISD_Noorderplantsoen_Noorderplantsoen1_NP156,ISOEventful,-0.1036,0.09380468277945618,
isd_individual_iso_prediction__isd__isd_response_target_mean_shared6__seed2026,isd_individual_iso_prediction,ISD,test,ISD_Noorderplantsoen_Noorderplantsoen1_NP156_R95,ISD_Noorderplantsoen_Noorderplantsoen1_NP156,ISOEventful,0.2929,0.09380468277945618,
isd_individual_iso_prediction__isd__isd_response_target_mean_shared6__seed2026,isd_individual_iso_prediction,ISD,test,ISD_Noorderplantsoen_Noorderplantsoen1_NP157_R94,ISD_Noorderplantsoen_Noorderplantsoen1_NP157,ISOEventful,0.5,0.09380468277945618,
isd_individual_iso_prediction__isd__isd_response_target_mean_shared6__seed2026,isd_individual_iso_prediction,ISD,test,ISD_Noorderplantsoen_Noorderplantsoen1_NP158_R57,ISD_Noorderplantsoen_Noorderplantsoen1_NP158,ISOEventful,0.3839,0.09380468277945618,
isd_individual_iso_prediction__isd__isd_response_target_mean_shared6__seed2026,isd_individual_iso_prediction,ISD,test,ISD_Noorderplantsoen_Noorderplantsoen1_NP158_R55,ISD_Noorderplantsoen_Noorderplantsoen1_NP158,ISOEventful,0.3536,0.09380468277945618,
isd_individual_iso_prediction__isd__isd_response_target_mean_shared6__seed2026,isd_individual_iso_prediction,ISD,test,ISD_Noorderplantsoen_Noorderplantsoen1_NP160_R59,ISD_Noorderplantsoen_Noorderplantsoen1_NP160,ISOEventful,-0.1768,0.09380468277945618,
isd_individual_iso_prediction__isd__isd_response_target_mean_shared6__seed2026,isd_individual_iso_prediction,ISD,test,ISD_Noorderplantsoen_Noorderplantsoen1_NP160_R60,ISD_Noorderplantsoen_Noorderplantsoen1_NP160,ISOEventful,0.4571,0.09380468277945618,
isd_individual_iso_prediction__isd__isd_response_target_mean_shared6__seed2026,isd_individual_iso_prediction,ISD,test,ISD_Noorderplantsoen_Noorderplantsoen1_NP161_R61,ISD_Noorderplantsoen_Noorderplantsoen1_NP161,ISOEventful,0.6339,0.09380468277945618,
isd_individual_iso_prediction__isd__isd_response_target_mean_shared6__seed2026,isd_individual_iso_prediction,ISD,test,ISD_Noorderplantsoen_Noorderplantsoen1_NP163_R70,ISD_Noorderplantsoen_Noorderplantsoen1_NP163,ISOEventful,0.3839,0.09380468277945618,
isd_individual_iso_prediction__isd__isd_response_target_mean_shared6__seed2026,isd_individual_iso_prediction,ISD,test,ISD_ZhongshanSquare_ZhongshanSquare6_ZS6021_RCL01,ISD_ZhongshanSquare_ZhongshanSquare6_ZS6021,ISOEventful,-0.0732,0.09380468277945618,
isd_individual_iso_prediction__isd__isd_response_target_mean_shared6__seed2026,isd_individual_iso_prediction,ISD,test,ISD_ZhongshanSquare_ZhongshanSquare6_ZS6022_RCL02,ISD_ZhongshanSquare_ZhongshanSquare6_ZS6022,ISOEventful,0.25,0.09380468277945618,
isd_individual_iso_prediction__isd__isd_response_target_mean_shared6__seed2026,isd_individual_iso_prediction,ISD,test,ISD_ZhongshanSquare_ZhongshanSquare6_ZS6023_RCL03,ISD_ZhongshanSquare_ZhongshanSquare6_ZS6023,ISOEventful,-0.0303,0.09380468277945618,
isd_individual_iso_prediction__isd__isd_response_target_mean_shared6__seed2026,isd_individual_iso_prediction,ISD,test,ISD_ZhongshanSquare_ZhongshanSquare6_ZS6024_RCL04,ISD_ZhongshanSquare_ZhongshanSquare6_ZS6024,ISOEventful,0.0,0.09380468277945618,
isd_individual_iso_prediction__isd__isd_response_target_mean_shared6__seed2026,isd_individual_iso_prediction,ISD,test,ISD_ZhongshanSquare_ZhongshanSquare6_ZS6025_RCL05,ISD_ZhongshanSquare_ZhongshanSquare6_ZS6025,ISOEventful,0.0,0.09380468277945618,
isd_individual_iso_prediction__isd__isd_response_target_mean_shared6__seed2026,isd_individual_iso_prediction,ISD,test,ISD_ZhongshanSquare_ZhongshanSquare6_ZS6026_RCL06,ISD_ZhongshanSquare_ZhongshanSquare6_ZS6026,ISOEventful,-0.1768,0.09380468277945618,
isd_individual_iso_prediction__isd__isd_response_target_mean_shared6__seed2026,isd_individual_iso_prediction,ISD,test,ISD_ZhongshanSquare_ZhongshanSquare6_ZS6027_RCL07,ISD_ZhongshanSquare_ZhongshanSquare6_ZS6027,ISOEventful,0.1036,0.09380468277945618,
isd_individual_iso_prediction__isd__isd_response_target_mean_shared6__seed2026,isd_individual_iso_prediction,ISD,test,ISD_ZhongshanSquare_ZhongshanSquare6_ZS6028_RCL08,ISD_ZhongshanSquare_ZhongshanSquare6_ZS6028,ISOEventful,-0.1036,0.09380468277945618,
isd_individual_iso_prediction__isd__isd_response_target_mean_shared6__seed2026,isd_individual_iso_prediction,ISD,test,ISD_ZhongshanSquare_ZhongshanSquare6_ZS6029_RCL09,ISD_ZhongshanSquare_ZhongshanSquare6_ZS6029,ISOEventful,0.1768,0.09380468277945618,
isd_individual_iso_prediction__isd__isd_response_target_mean_shared6__seed2026,isd_individual_iso_prediction,ISD,test,ISD_ZhongshanSquare_ZhongshanSquare6_ZS6030_RCL10,ISD_ZhongshanSquare_ZhongshanSquare6_ZS6030,ISOEventful,0.2803,0.09380468277945618,
isd_individual_iso_prediction__isd__isd_response_target_mean_shared6__seed2026,isd_individual_iso_prediction,ISD,test,ISD_ZhongshanSquare_ZhongshanSquare6_ZS6031_RCL11,ISD_ZhongshanSquare_ZhongshanSquare6_ZS6031,ISOEventful,0.0732,0.09380468277945618,
isd_individual_iso_prediction__isd__isd_response_target_mean_shared6__seed2026,isd_individual_iso_prediction,ISD,test,ISD_ZhongshanSquare_ZhongshanSquare6_ZS6032_RCL12,ISD_ZhongshanSquare_ZhongshanSquare6_ZS6032,ISOEventful,0.1768,0.09380468277945618,
isd_individual_iso_prediction__isd__isd_response_target_mean_shared6__seed2026,isd_individual_iso_prediction,ISD,test,ISD_ZhongshanSquare_ZhongshanSquare6_ZS6033_RCL13,ISD_ZhongshanSquare_ZhongshanSquare6_ZS6033,ISOEventful,0.0,0.09380468277945618,
isd_individual_iso_prediction__isd__isd_response_target_mean_shared6__seed2026,isd_individual_iso_prediction,ISD,test,ISD_ZhongshanSquare_ZhongshanSquare6_ZS6034_RCL14,ISD_ZhongshanSquare_ZhongshanSquare6_ZS6034,ISOEventful,0.1036,0.09380468277945618,
isd_individual_iso_prediction__isd__isd_response_target_mean_shared6__seed2026,isd_individual_iso_prediction,ISD,test,ISD_ZhongshanSquare_ZhongshanSquare6_ZS6035_RCL15,ISD_ZhongshanSquare_ZhongshanSquare6_ZS6035,ISOEventful,0.0126,0.09380468277945618,
isd_individual_iso_prediction__isd__isd_response_target_mean_shared6__seed2026,isd_individual_iso_prediction,ISD,test,ISD_ZhongshanSquare_ZhongshanSquare6_ZS6036_RQLF01,ISD_ZhongshanSquare_ZhongshanSquare6_ZS6036,ISOEventful,-0.0429,0.09380468277945618,
isd_individual_iso_prediction__isd__isd_response_target_mean_shared6__seed2026,isd_individual_iso_prediction,ISD,test,ISD_ZhongshanSquare_ZhongshanSquare6_ZS6037_RQLF02,ISD_ZhongshanSquare_ZhongshanSquare6_ZS6037,ISOEventful,0.1768,0.09380468277945618,
isd_individual_iso_prediction__isd__isd_response_target_mean_shared6__seed2026,isd_individual_iso_prediction,ISD,test,ISD_ZhongshanSquare_ZhongshanSquare6_ZS6038_RQLF03,ISD_ZhongshanSquare_ZhongshanSquare6_ZS6038,ISOEventful,0.2071,0.09380468277945618,
isd_individual_iso_prediction__isd__isd_response_target_mean_shared6__seed2026,isd_individual_iso_prediction,ISD,test,ISD_ZhongshanSquare_ZhongshanSquare6_ZS6039_RQLF04,ISD_ZhongshanSquare_ZhongshanSquare6_ZS6039,ISOEventful,-0.3107,0.09380468277945618,
isd_individual_iso_prediction__isd__isd_response_target_mean_shared6__seed2026,isd_individual_iso_prediction,ISD,test,ISD_ZhongshanSquare_ZhongshanSquare6_ZS6040_RQLF05,ISD_ZhongshanSquare_ZhongshanSquare6_ZS6040,ISOEventful,0.0732,0.09380468277945618,
isd_individual_iso_prediction__isd__isd_response_target_mean_shared6__seed2026,isd_individual_iso_prediction,ISD,test,ISD_ZhongshanSquare_ZhongshanSquare6_ZS6041_RQLF06,ISD_ZhongshanSquare_ZhongshanSquare6_ZS6041,ISOEventful,0.1339,0.09380468277945618,
isd_individual_iso_prediction__isd__isd_response_target_mean_shared6__seed2026,isd_individual_iso_prediction,ISD,test,ISD_ZhongshanSquare_ZhongshanSquare6_ZS6042_RQLF07,ISD_ZhongshanSquare_ZhongshanSquare6_ZS6042,ISOEventful,0.0732,0.09380468277945618,
isd_individual_iso_prediction__isd__isd_response_target_mean_shared6__seed2026,isd_individual_iso_prediction,ISD,test,ISD_ZhongshanSquare_ZhongshanSquare6_ZS6043_RQLF08,ISD_ZhongshanSquare_ZhongshanSquare6_ZS6043,ISOEventful,-0.0732,0.09380468277945618,
isd_individual_iso_prediction__isd__isd_response_target_mean_shared6__seed2026,isd_individual_iso_prediction,ISD,test,ISD_ZhongshanSquare_ZhongshanSquare6_ZS6044_RQLF09,ISD_ZhongshanSquare_ZhongshanSquare6_ZS6044,ISOEventful,0.0303,0.09380468277945618,
isd_individual_iso_prediction__isd__isd_response_target_mean_shared6__seed2026,isd_individual_iso_prediction,ISD,test,ISD_ZhongshanSquare_ZhongshanSquare6_ZS6045_RQLF10,ISD_ZhongshanSquare_ZhongshanSquare6_ZS6045,ISOEventful,0.3107,0.09380468277945618,
isd_individual_iso_prediction__isd__isd_response_target_mean_shared6__seed2026,isd_individual_iso_prediction,ISD,test,ISD_ZhongshanSquare_ZhongshanSquare6_ZS6046_RQLF11,ISD_ZhongshanSquare_ZhongshanSquare6_ZS6046,ISOEventful,0.0429,0.09380468277945618,
isd_individual_iso_prediction__isd__isd_response_target_mean_shared6__seed2026,isd_individual_iso_prediction,ISD,test,ISD_ZhongshanSquare_ZhongshanSquare6_ZS6047_RQLF12,ISD_ZhongshanSquare_ZhongshanSquare6_ZS6047,ISOEventful,-0.4393,0.09380468277945618,
isd_individual_iso_prediction__isd__isd_response_target_mean_shared6__seed2026,isd_individual_iso_prediction,ISD,test,ISD_ZhongshanSquare_ZhongshanSquare6_ZS6048_RQLF13,ISD_ZhongshanSquare_ZhongshanSquare6_ZS6048,ISOEventful,-0.1893,0.09380468277945618,
isd_individual_iso_prediction__isd__isd_response_target_mean_shared6__seed2026,isd_individual_iso_prediction,ISD,test,ISD_ZhongshanSquare_ZhongshanSquare6_ZS6049_RQLF14,ISD_ZhongshanSquare_ZhongshanSquare6_ZS6049,ISOEventful,0.0732,0.09380468277945618,
isd_individual_iso_prediction__isd__isd_response_target_mean_shared6__seed2026,isd_individual_iso_prediction,ISD,test,ISD_ZhongshanSquare_ZhongshanSquare6_ZS6051_RJS02,ISD_ZhongshanSquare_ZhongshanSquare6_ZS6051,ISOEventful,0.1036,0.09380468277945618,
isd_individual_iso_prediction__isd__isd_response_target_mean_shared6__seed2026,isd_individual_iso_prediction,ISD,test,ISD_ZhongshanSquare_ZhongshanSquare6_ZS6052_RJS03,ISD_ZhongshanSquare_ZhongshanSquare6_ZS6052,ISOEventful,-0.0429,0.09380468277945618,
isd_individual_iso_prediction__isd__isd_response_target_mean_shared6__seed2026,isd_individual_iso_prediction,ISD,test,ISD_ZhongshanSquare_ZhongshanSquare6_ZS6053_RJS04,ISD_ZhongshanSquare_ZhongshanSquare6_ZS6053,ISOEventful,-0.0429,0.09380468277945618,
isd_individual_iso_prediction__isd__isd_response_target_mean_shared6__seed2026,isd_individual_iso_prediction,ISD,test,ISD_ZhongshanSquare_ZhongshanSquare6_ZS6054_RJS05,ISD_ZhongshanSquare_ZhongshanSquare6_ZS6054,ISOEventful,-0.091,0.09380468277945618,
isd_individual_iso_prediction__isd__isd_response_target_mean_shared6__seed2026,isd_individual_iso_prediction,ISD,test,ISD_ZhongshanSquare_ZhongshanSquare6_ZS6055_RJS06,ISD_ZhongshanSquare_ZhongshanSquare6_ZS6055,ISOEventful,-0.0732,0.09380468277945618,
isd_individual_iso_prediction__isd__isd_response_target_mean_shared6__seed2026,isd_individual_iso_prediction,ISD,test,ISD_ZhongshanSquare_ZhongshanSquare6_ZS6056_RJS07,ISD_ZhongshanSquare_ZhongshanSquare6_ZS6056,ISOEventful,-0.0303,0.09380468277945618,
isd_individual_iso_prediction__isd__isd_response_target_mean_shared6__seed2026,isd_individual_iso_prediction,ISD,test,ISD_ZhongshanSquare_ZhongshanSquare6_ZS6058_RJS09,ISD_ZhongshanSquare_ZhongshanSquare6_ZS6058,ISOEventful,-0.1464,0.09380468277945618,
isd_individual_iso_prediction__isd__isd_response_target_mean_shared6__seed2026,isd_individual_iso_prediction,ISD,test,ISD_ZhongshanSquare_ZhongshanSquare6_ZS6059_RJS10,ISD_ZhongshanSquare_ZhongshanSquare6_ZS6059,ISOEventful,0.0,0.09380468277945618,
isd_individual_iso_prediction__isd__isd_response_target_mean_shared6__seed2026,isd_individual_iso_prediction,ISD,test,ISD_ZhongshanSquare_ZhongshanSquare6_ZS6060_RJS11,ISD_ZhongshanSquare_ZhongshanSquare6_ZS6060,ISOEventful,0.3536,0.09380468277945618,
isd_individual_iso_prediction__isd__isd_response_target_mean_shared6__seed2026,isd_individual_iso_prediction,ISD,test,ISD_ZhongshanSquare_ZhongshanSquare6_ZS6061_RJS12,ISD_ZhongshanSquare_ZhongshanSquare6_ZS6061,ISOEventful,-0.0732,0.09380468277945618,
isd_individual_iso_prediction__isd__isd_response_target_mean_shared6__seed2026,isd_individual_iso_prediction,ISD,test,ISD_ZhongshanSquare_ZhongshanSquare6_ZS6062_RJS13,ISD_ZhongshanSquare_ZhongshanSquare6_ZS6062,ISOEventful,0.0,0.09380468277945618,
isd_individual_iso_prediction__isd__isd_response_target_mean_shared6__seed2026,isd_individual_iso_prediction,ISD,test,ISD_ZhongshanSquare_ZhongshanSquare6_ZS6063_RJS14,ISD_ZhongshanSquare_ZhongshanSquare6_ZS6063,ISOEventful,0.1464,0.09380468277945618,
isd_individual_iso_prediction__isd__isd_response_target_mean_shared6__seed2026,isd_individual_iso_prediction,ISD,test,ISD_ZhongshanSquare_ZhongshanSquare6_ZS6064_RJS15,ISD_ZhongshanSquare_ZhongshanSquare6_ZS6064,ISOEventful,0.0,0.09380468277945618,
isd_individual_iso_prediction__isd__isd_response_target_mean_shared6__seed2026,isd_individual_iso_prediction,ISD,test,ISD_ZhongshanSquare_ZhongshanSquare6_ZS6089_RLWQ01,ISD_ZhongshanSquare_ZhongshanSquare6_ZS6089,ISOEventful,-0.2071,0.09380468277945618,
isd_individual_iso_prediction__isd__isd_response_target_mean_shared6__seed2026,isd_individual_iso_prediction,ISD,test,ISD_ZhongshanSquare_ZhongshanSquare6_ZS6090_RLWQ02,ISD_ZhongshanSquare_ZhongshanSquare6_ZS6090,ISOEventful,0.0732,0.09380468277945618,
isd_individual_iso_prediction__isd__isd_response_target_mean_shared6__seed2026,isd_individual_iso_prediction,ISD,test,ISD_ZhongshanSquare_ZhongshanSquare6_ZS6091_RLWQ04,ISD_ZhongshanSquare_ZhongshanSquare6_ZS6091,ISOEventful,0.2803,0.09380468277945618,
isd_individual_iso_prediction__isd__isd_response_target_mean_shared6__seed2026,isd_individual_iso_prediction,ISD,test,ISD_ZhongshanSquare_ZhongshanSquare6_ZS6092_RLWQ05,ISD_ZhongshanSquare_ZhongshanSquare6_ZS6092,ISOEventful,0.0607,0.09380468277945618,
isd_individual_iso_prediction__isd__isd_response_target_mean_shared6__seed2026,isd_individual_iso_prediction,ISD,test,ISD_ZhongshanSquare_ZhongshanSquare6_ZS6093_RLWQ06,ISD_ZhongshanSquare_ZhongshanSquare6_ZS6093,ISOEventful,0.2071,0.09380468277945618,
isd_individual_iso_prediction__isd__isd_response_target_mean_shared6__seed2026,isd_individual_iso_prediction,ISD,test,ISD_ZhongshanSquare_ZhongshanSquare6_ZS6094_RLWQ07,ISD_ZhongshanSquare_ZhongshanSquare6_ZS6094,ISOEventful,-0.0126,0.09380468277945618,
isd_individual_iso_prediction__isd__isd_response_target_mean_shared6__seed2026,isd_individual_iso_prediction,ISD,test,ISD_ZhongshanSquare_ZhongshanSquare6_ZS6110_RCWY01,ISD_ZhongshanSquare_ZhongshanSquare6_ZS6110,ISOEventful,-0.0732,0.09380468277945618,
isd_individual_iso_prediction__isd__isd_response_target_mean_shared6__seed2026,isd_individual_iso_prediction,ISD,test,ISD_ZhongshanSquare_ZhongshanSquare6_ZS6111_RCWY02,ISD_ZhongshanSquare_ZhongshanSquare6_ZS6111,ISOEventful,0.0,0.09380468277945618,
isd_individual_iso_prediction__isd__isd_response_target_mean_shared6__seed2026,isd_individual_iso_prediction,ISD,test,ISD_ZhongshanSquare_ZhongshanSquare6_ZS6112_RCWY03,ISD_ZhongshanSquare_ZhongshanSquare6_ZS6112,ISOEventful,0.0,0.09380468277945618,
isd_individual_iso_prediction__isd__isd_response_target_mean_shared6__seed2026,isd_individual_iso_prediction,ISD,test,ISD_ZhongshanSquare_ZhongshanSquare6_ZS6113_RCWY04,ISD_ZhongshanSquare_ZhongshanSquare6_ZS6113,ISOEventful,0.0,0.09380468277945618,
isd_individual_iso_prediction__isd__isd_response_target_mean_shared6__seed2026,isd_individual_iso_prediction,ISD,test,ISD_ZhongshanSquare_ZhongshanSquare6_ZS6114_RCWY05,ISD_ZhongshanSquare_ZhongshanSquare6_ZS6114,ISOEventful,0.0,0.09380468277945618,
isd_individual_iso_prediction__isd__isd_response_target_mean_shared6__seed2026,isd_individual_iso_prediction,ISD,test,ISD_ZhongshanSquare_ZhongshanSquare6_ZS6115_RCWY06,ISD_ZhongshanSquare_ZhongshanSquare6_ZS6115,ISOEventful,0.0,0.09380468277945618,
isd_individual_iso_prediction__isd__isd_response_target_mean_shared6__seed2026,isd_individual_iso_prediction,ISD,test,ISD_ZhongshanSquare_ZhongshanSquare6_ZS6116_RCWY07,ISD_ZhongshanSquare_ZhongshanSquare6_ZS6116,ISOEventful,0.0,0.09380468277945618,
isd_individual_iso_prediction__isd__isd_response_target_mean_shared6__seed2026,isd_individual_iso_prediction,ISD,test,ISD_ZhongshanSquare_ZhongshanSquare6_ZS6117_RCWY08,ISD_ZhongshanSquare_ZhongshanSquare6_ZS6117,ISOEventful,0.0,0.09380468277945618,
isd_individual_iso_prediction__isd__isd_response_target_mean_shared6__seed2026,isd_individual_iso_prediction,ISD,test,ISD_ZhongshanSquare_ZhongshanSquare6_ZS6118_RZML01,ISD_ZhongshanSquare_ZhongshanSquare6_ZS6118,ISOEventful,0.1036,0.09380468277945618,
isd_individual_iso_prediction__isd__isd_response_target_mean_shared6__seed2026,isd_individual_iso_prediction,ISD,test,ISD_ZhongshanSquare_ZhongshanSquare6_ZS6119_RZML02,ISD_ZhongshanSquare_ZhongshanSquare6_ZS6119,ISOEventful,-0.1339,0.09380468277945618,
isd_individual_iso_prediction__isd__isd_response_target_mean_shared6__seed2026,isd_individual_iso_prediction,ISD,test,ISD_ZhongshanSquare_ZhongshanSquare6_ZS6120_RZML03,ISD_ZhongshanSquare_ZhongshanSquare6_ZS6120,ISOEventful,-0.1161,0.09380468277945618,
isd_individual_iso_prediction__isd__isd_response_target_mean_shared6__seed2026,isd_individual_iso_prediction,ISD,test,ISD_ZhongshanSquare_ZhongshanSquare6_ZS6121_RZML04,ISD_ZhongshanSquare_ZhongshanSquare6_ZS6121,ISOEventful,0.1768,0.09380468277945618,
isd_individual_iso_prediction__isd__isd_response_target_mean_shared6__seed2026,isd_individual_iso_prediction,ISD,test,ISD_ZhongshanSquare_ZhongshanSquare6_ZS6122_RZML05,ISD_ZhongshanSquare_ZhongshanSquare6_ZS6122,ISOEventful,0.0,0.09380468277945618,
isd_individual_iso_prediction__isd__isd_response_target_mean_shared6__seed2026,isd_individual_iso_prediction,ISD,test,ISD_ZhongshanSquare_ZhongshanSquare6_ZS6123_RZML06,ISD_ZhongshanSquare_ZhongshanSquare6_ZS6123,ISOEventful,-0.0303,0.09380468277945618,
isd_individual_iso_prediction__isd__isd_response_target_mean_shared6__seed2026,isd_individual_iso_prediction,ISD,test,ISD_ZhongshanSquare_ZhongshanSquare6_ZS6124_RZML07,ISD_ZhongshanSquare_ZhongshanSquare6_ZS6124,ISOEventful,-0.1036,0.09380468277945618,
isd_individual_iso_prediction__isd__isd_response_target_mean_shared6__seed2026,isd_individual_iso_prediction,ISD,test,ISD_ZhongshanSquare_ZhongshanSquare6_ZS6125_RZML08,ISD_ZhongshanSquare_ZhongshanSquare6_ZS6125,ISOEventful,-0.1464,0.09380468277945618,
