asset_id,dataset_id,clip_id,split,source_record,source_version,archive_name,member_path,local_relative_path,source_uri,licence_spdx,redistribution_status,access_class,group_id_normalized,location_hint,audio_sha256,bytes,format,sample_rate_hz,channels,frames,duration_s,expected_duration_s,sample_dtype,calibration_status,materialization_status,mapping_status,use_for_benchmark,mapping_notes
isd_audio_4d5b788db17808139837,ISD,,,https://doi.org/10.5281/zenodo.10672568,1.0.1-alpha.1,WAV_Granada_1.zip,Grenada WAV Files/CampoPrincipe/CP2.wav,extracted/WAV_Granada_1/Grenada WAV Files/CampoPrincipe/CP2.wav,https://zenodo.org/api/records/10672568/files/WAV_Granada_1.zip/content,CC-BY-4.0,permitted_with_attribution,open,CP2,CampoPrincipe,72d642ff04d8f4b99dde4d59d76e815a5d3022d664a6b2dfa06448a409bfb19f,11812922,WAV,48000,2,1476608,30.762666666666668,,float32,source_metadata_review_pending,materialized,unmatched_source_asset,False,No MOSAIQ clip has this normalized GroupID.
isd_audio_a910da200abd492a79ee,ISD,,,https://doi.org/10.5281/zenodo.10672568,1.0.1-alpha.1,WAV_Granada_1.zip,Grenada WAV Files/CarloV/2CV26.wav,extracted/WAV_Granada_1/Grenada WAV Files/CarloV/2CV26.wav,https://zenodo.org/api/records/10672568/files/WAV_Granada_1.zip/content,CC-BY-4.0,permitted_with_attribution,open,2CV26,CarloV,41dd0444d5f2d189b5a27543625e334687c0a7c1d08e58fb4dbda215176f3b45,10821690,WAV,44100,2,1352704,30.67356009070295,,float32,source_metadata_review_pending,materialized,unmatched_source_asset,False,No MOSAIQ clip has this normalized GroupID.
isd_audio_b40a2fd85f1115aa1848,ISD,,,https://doi.org/10.5281/zenodo.10672568,1.0.1-alpha.1,WAV_Granada_1.zip,Grenada WAV Files/CarloV/CV213.wav,extracted/WAV_Granada_1/Grenada WAV Files/CarloV/CV213.wav,https://zenodo.org/api/records/10672568/files/WAV_Granada_1.zip/content,CC-BY-4.0,permitted_with_attribution,open,CV213,CarloV,ea99b45fb1b35c8604fa626f17be0175056e50882dcd2247cc68543c6b76cec0,11731002,WAV,48000,2,1466368,30.549333333333333,,float32,source_metadata_review_pending,materialized,unmatched_source_asset,False,No MOSAIQ clip has this normalized GroupID.
isd_audio_16ce83695d96c894970b,ISD,,,https://doi.org/10.5281/zenodo.10672568,1.0.1-alpha.1,WAV_Granada_1.zip,Grenada WAV Files/MiradorSanNicolas/M112.wav,extracted/WAV_Granada_1/Grenada WAV Files/MiradorSanNicolas/M112.wav,https://zenodo.org/api/records/10672568/files/WAV_Granada_1.zip/content,CC-BY-4.0,permitted_with_attribution,open,M112,MiradorSanNicolas,4271f03a07935eedd728a39d3c8e3bb5f277c4dfadfc3c76c80eb527ea68f870,10829882,WAV,44100,2,1353728,30.696780045351474,,float32,source_metadata_review_pending,materialized,unmatched_source_asset,False,No MOSAIQ clip has this normalized GroupID.
isd_audio_8aa1d127a5035dbc88b8,ISD,,,https://doi.org/10.5281/zenodo.10672568,1.0.1-alpha.1,WAV_Granada_1.zip,Grenada WAV Files/MiradorSanNicolas/M14.wav,extracted/WAV_Granada_1/Grenada WAV Files/MiradorSanNicolas/M14.wav,https://zenodo.org/api/records/10672568/files/WAV_Granada_1.zip/content,CC-BY-4.0,permitted_with_attribution,open,M14,MiradorSanNicolas,1dc83c14a237b0616aa784de8fd5798608441570410cc70f90df7a224702a238,10723386,WAV,44100,2,1340416,30.394920634920634,,float32,source_metadata_review_pending,materialized,unmatched_source_asset,False,No MOSAIQ clip has this normalized GroupID.
isd_audio_ea2638380edc91051e0a,ISD,,,https://doi.org/10.5281/zenodo.10672568,1.0.1-alpha.1,WAV_Granada_1.zip,Grenada WAV Files/MiradorSanNicolas/M15.wav,extracted/WAV_Granada_1/Grenada WAV Files/MiradorSanNicolas/M15.wav,https://zenodo.org/api/records/10672568/files/WAV_Granada_1.zip/content,CC-BY-4.0,permitted_with_attribution,open,M15,MiradorSanNicolas,e2b0faff0161601e167ab0512fb0cb08e2c3e7d876759df675a453e4a778567e,10993722,WAV,44100,2,1374208,31.161179138321994,,float32,source_metadata_review_pending,materialized,unmatched_source_asset,False,No MOSAIQ clip has this normalized GroupID.
isd_audio_f85d58cce17ffbf4ce45,ISD,,,https://doi.org/10.5281/zenodo.10672568,1.0.1-alpha.1,WAV_Granada_1.zip,Grenada WAV Files/MiradorSanNicolas/M18.wav,extracted/WAV_Granada_1/Grenada WAV Files/MiradorSanNicolas/M18.wav,https://zenodo.org/api/records/10672568/files/WAV_Granada_1.zip/content,CC-BY-4.0,permitted_with_attribution,open,M18,MiradorSanNicolas,60f9cf285d7a3a9957e5673f2794dc046dbdd7bffba6aa436e6afc5c7f5855e6,10838074,WAV,44100,2,1354752,30.72,,float32,source_metadata_review_pending,materialized,unmatched_source_asset,False,No MOSAIQ clip has this normalized GroupID.
isd_audio_1a689fcafa8a2d1b9721,ISD,,,https://doi.org/10.5281/zenodo.10672568,1.0.1-alpha.1,WAV_Granada_1.zip,Grenada WAV Files/MiradorSanNicolas/M211.wav,extracted/WAV_Granada_1/Grenada WAV Files/MiradorSanNicolas/M211.wav,https://zenodo.org/api/records/10672568/files/WAV_Granada_1.zip/content,CC-BY-4.0,permitted_with_attribution,open,M211,MiradorSanNicolas,021083308341e74980cc2a0f6e4f5b52667fbf05e13a96fe1907d5b6d7931733,10887226,WAV,44100,2,1360896,30.859319727891158,,float32,source_metadata_review_pending,materialized,unmatched_source_asset,False,No MOSAIQ clip has this normalized GroupID.
isd_audio_eb7274d77e51e31dd619,ISD,,,https://doi.org/10.5281/zenodo.10672568,1.0.1-alpha.1,WAV_Granada_1.zip,Grenada WAV Files/MiradorSanNicolas/M212.wav,extracted/WAV_Granada_1/Grenada WAV Files/MiradorSanNicolas/M212.wav,https://zenodo.org/api/records/10672568/files/WAV_Granada_1.zip/content,CC-BY-4.0,permitted_with_attribution,open,M212,MiradorSanNicolas,857c5d7d8b27f45b4ecc3e0e1a7e88d9eb28f60aa760cee070d38b38d7c235b7,10780730,WAV,44100,2,1347584,30.55746031746032,,float32,source_metadata_review_pending,materialized,unmatched_source_asset,False,No MOSAIQ clip has this normalized GroupID.
isd_audio_6c43a8eb7819303ff6d6,ISD,,,https://doi.org/10.5281/zenodo.10672568,1.0.1-alpha.1,WAV_Granada_1.zip,Grenada WAV Files/MiradorSanNicolas/M213.wav,extracted/WAV_Granada_1/Grenada WAV Files/MiradorSanNicolas/M213.wav,https://zenodo.org/api/records/10672568/files/WAV_Granada_1.zip/content,CC-BY-4.0,permitted_with_attribution,open,M213,MiradorSanNicolas,532209d62578a51cd43cb899cc4f15754384674115ce93b50799e0a16a71f657,10870842,WAV,44100,2,1358848,30.812879818594105,,float32,source_metadata_review_pending,materialized,unmatched_source_asset,False,No MOSAIQ clip has this normalized GroupID.
isd_audio_b4544f6cefe253057569,ISD,,,https://doi.org/10.5281/zenodo.10672568,1.0.1-alpha.1,WAV_Granada_1.zip,Grenada WAV Files/MiradorSanNicolas/M25.wav,extracted/WAV_Granada_1/Grenada WAV Files/MiradorSanNicolas/M25.wav,https://zenodo.org/api/records/10672568/files/WAV_Granada_1.zip/content,CC-BY-4.0,permitted_with_attribution,open,M25,MiradorSanNicolas,86793195b0021846513f4105ffe297a0f998729aa0eeddec769659b6e9d75ac5,10813498,WAV,44100,2,1351680,30.65034013605442,,float32,source_metadata_review_pending,materialized,unmatched_source_asset,False,No MOSAIQ clip has this normalized GroupID.
isd_audio_f0f57fda0f9a39075d18,ISD,,,https://doi.org/10.5281/zenodo.10672568,1.0.1-alpha.1,WAV_Granada_1.zip,Grenada WAV Files/MiradorSanNicolas/M27.wav,extracted/WAV_Granada_1/Grenada WAV Files/MiradorSanNicolas/M27.wav,https://zenodo.org/api/records/10672568/files/WAV_Granada_1.zip/content,CC-BY-4.0,permitted_with_attribution,open,M27,MiradorSanNicolas,4846ec102d8f1e19d41a3018d04442c1b2417e49203b29a89dfd5ff80cc82606,10903610,WAV,44100,2,1362944,30.905759637188208,,float32,source_metadata_review_pending,materialized,unmatched_source_asset,False,No MOSAIQ clip has this normalized GroupID.
isd_audio_2294b870b83a53681934,ISD,,,https://doi.org/10.5281/zenodo.10672568,1.0.1-alpha.1,WAV_Granada_1.zip,Grenada WAV Files/PlazaBibRambla/BIB2.wav,extracted/WAV_Granada_1/Grenada WAV Files/PlazaBibRambla/BIB2.wav,https://zenodo.org/api/records/10672568/files/WAV_Granada_1.zip/content,CC-BY-4.0,permitted_with_attribution,open,BIB2,PlazaBibRambla,780892a3dec328875dc4ea3eb0498f38c6c7f7425c1fd22f0ca70fc1e719b029,14172218,WAV,48000,2,1771520,36.906666666666666,,float32,source_metadata_review_pending,materialized,unmatched_source_asset,False,No MOSAIQ clip has this normalized GroupID.
isd_audio_f1349076c8ce47b26797,ISD,,,https://doi.org/10.5281/zenodo.10672568,1.0.1-alpha.1,WAV_Granada_1.zip,Grenada WAV Files/PlazaBibRambla/BIB8.wav,extracted/WAV_Granada_1/Grenada WAV Files/PlazaBibRambla/BIB8.wav,https://zenodo.org/api/records/10672568/files/WAV_Granada_1.zip/content,CC-BY-4.0,permitted_with_attribution,open,BIB8,PlazaBibRambla,7834b3f6e87195e074fdb404404fe428f967c3031cf4dd159d63c03023dfd01c,11780154,WAV,48000,2,1472512,30.677333333333333,,float32,source_metadata_review_pending,materialized,unmatched_source_asset,False,No MOSAIQ clip has this normalized GroupID.
isd_audio_7905e5c29668a0e928e7,ISD,,,https://doi.org/10.5281/zenodo.10672568,1.0.1-alpha.1,WAV_Venice_1.zip,Venice WAV Files/SanMarco/ML207.wav,extracted/WAV_Venice_1/Venice WAV Files/SanMarco/ML207.wav,https://zenodo.org/api/records/10672568/files/WAV_Venice_1.zip/content,CC-BY-4.0,permitted_with_attribution,open,ML207,SanMarco,0864e0e5220ecb8f8bbf54bc0f10c8301a72f8136bf201086e9691d57324efea,4751418,WAV,48000,2,593920,12.373333333333333,,float32,source_metadata_review_pending,materialized,unmatched_source_asset,False,No MOSAIQ clip has this normalized GroupID.
isd_audio_06d427e4c84643a32266,ISD,,,https://doi.org/10.5281/zenodo.10672568,1.0.1-alpha.1,WAV_London_1.zip,WAV_London_1/CamdenTown/CT411.wav,extracted/WAV_London_1/CamdenTown/CT411.wav,https://zenodo.org/api/records/10672568/files/WAV_London_1.zip/content,CC-BY-4.0,permitted_with_attribution,open,CT411,CamdenTown,f6b2bdba25643a7e0191f60cda44ddbdc222740cad259bfcf8dc755087040e0a,11460666,WAV,44100,2,1432576,32.48471655328798,,float32,source_metadata_review_pending,materialized,unmatched_source_asset,False,No MOSAIQ clip has this normalized GroupID.
isd_audio_c14a6e1fc9ae8c133826,ISD,,,https://doi.org/10.5281/zenodo.10672568,1.0.1-alpha.1,WAV_London_1.zip,WAV_London_1/EustonTap/ET102.wav,extracted/WAV_London_1/EustonTap/ET102.wav,https://zenodo.org/api/records/10672568/files/WAV_London_1.zip/content,CC-BY-4.0,permitted_with_attribution,open,ET102,EustonTap,73fc49c19f66ddaa3b72bdf32da6ed07a1e5ed8496b8497001a2ef4a6e7fc01e,13123642,WAV,48000,2,1640448,34.176,,float32,source_metadata_review_pending,materialized,unmatched_source_asset,False,No MOSAIQ clip has this normalized GroupID.
isd_audio_49d65932872f50b392b1,ISD,,,https://doi.org/10.5281/zenodo.10672568,1.0.1-alpha.1,WAV_London_1.zip,WAV_London_1/EustonTap/ET114.wav,extracted/WAV_London_1/EustonTap/ET114.wav,https://zenodo.org/api/records/10672568/files/WAV_London_1.zip/content,CC-BY-4.0,permitted_with_attribution,open,ET114,EustonTap,5e05d7451c9fce4a4b5b31bd37e1a8fb92cccc53152e3103288b8dc2528bae49,13353018,WAV,48000,2,1669120,34.77333333333333,,float32,source_metadata_review_pending,materialized,unmatched_source_asset,False,No MOSAIQ clip has this normalized GroupID.
isd_audio_f8e5c8063260ab5fef2e,ISD,,,https://doi.org/10.5281/zenodo.10672568,1.0.1-alpha.1,WAV_London_1.zip,WAV_London_1/EustonTap/ET203.wav,extracted/WAV_London_1/EustonTap/ET203.wav,https://zenodo.org/api/records/10672568/files/WAV_London_1.zip/content,CC-BY-4.0,permitted_with_attribution,open,ET203,EustonTap,3e0fcbabd4d5d91fd25227b9aba885edd88cfc7d80dcaad479fc741c23f0602c,13320250,WAV,48000,2,1665024,34.688,,float32,source_metadata_review_pending,materialized,ambiguous_clip_match,False,2 MOSAIQ clips share this normalized GroupID.
isd_audio_f6a7f3557b45d3302970,ISD,,,https://doi.org/10.5281/zenodo.10672568,1.0.1-alpha.1,WAV_London_1.zip,WAV_London_1/EustonTap/ET204.wav,extracted/WAV_London_1/EustonTap/ET204.wav,https://zenodo.org/api/records/10672568/files/WAV_London_1.zip/content,CC-BY-4.0,permitted_with_attribution,open,ET204,EustonTap,3966ca9380ebc95f9605bee62f32c109f1085cb40c2e6b522b1dc0bd77dc8643,20070458,WAV,48000,2,2508800,52.266666666666666,,float32,source_metadata_review_pending,materialized,unmatched_source_asset,False,No MOSAIQ clip has this normalized GroupID.
isd_audio_a05137e7193be65073f2,ISD,,,https://doi.org/10.5281/zenodo.10672568,1.0.1-alpha.1,WAV_London_1.zip,WAV_London_1/EustonTap/ET301.wav,extracted/WAV_London_1/EustonTap/ET301.wav,https://zenodo.org/api/records/10672568/files/WAV_London_1.zip/content,CC-BY-4.0,permitted_with_attribution,open,ET301,EustonTap,d608892c5d5f5a6131c7456b80acef7cd2831b9e6985a258bf82a20672d84436,12353594,WAV,48000,2,1544192,32.17066666666667,,float32,source_metadata_review_pending,materialized,unmatched_source_asset,False,No MOSAIQ clip has this normalized GroupID.
isd_audio_f28d67f29da9c32ee02e,ISD,,,https://doi.org/10.5281/zenodo.10672568,1.0.1-alpha.1,WAV_London_1.zip,WAV_London_1/EustonTap/ET309.wav,extracted/WAV_London_1/EustonTap/ET309.wav,https://zenodo.org/api/records/10672568/files/WAV_London_1.zip/content,CC-BY-4.0,permitted_with_attribution,open,ET309,EustonTap,fb31975cf50b1c061aeac10672c2200a5f5731e037fc59b95c52b3721c367897,12714042,WAV,48000,2,1589248,33.10933333333333,,float32,source_metadata_review_pending,materialized,unmatched_source_asset,False,No MOSAIQ clip has this normalized GroupID.
isd_audio_60c298f69dc09ee11f2d,ISD,,,https://doi.org/10.5281/zenodo.10672568,1.0.1-alpha.1,WAV_London_1.zip,WAV_London_1/MarchmontGarden/MC109.wav,extracted/WAV_London_1/MarchmontGarden/MC109.wav,https://zenodo.org/api/records/10672568/files/WAV_London_1.zip/content,CC-BY-4.0,permitted_with_attribution,open,MC109,MarchmontGarden,fb2494afbd10d1946ed2d9f172dfedc08affb01a09e5137e25c5ee8c6e5daa8b,11911226,WAV,48000,2,1488896,31.018666666666668,,float32,source_metadata_review_pending,materialized,unmatched_source_asset,False,No MOSAIQ clip has this normalized GroupID.
isd_audio_c47e9457903f74805016,ISD,,,https://doi.org/10.5281/zenodo.10672568,1.0.1-alpha.1,WAV_London_1.zip,WAV_London_1/MarchmontGarden/MC305.wav,extracted/WAV_London_1/MarchmontGarden/MC305.wav,https://zenodo.org/api/records/10672568/files/WAV_London_1.zip/content,CC-BY-4.0,permitted_with_attribution,open,MC305,MarchmontGarden,4ab972c297959a650ae78e108866c311f4606f429086cc2b3bb27012a828eceb,14106682,WAV,48000,2,1763328,36.736,,float32,source_metadata_review_pending,materialized,unmatched_source_asset,False,No MOSAIQ clip has this normalized GroupID.
isd_audio_081cfc4308ef7a0bd611,ISD,,,https://doi.org/10.5281/zenodo.10672568,1.0.1-alpha.1,WAV_London_2.zip,WAV_London_2/PancrasLock/PL204.wav,extracted/WAV_London_2/PancrasLock/PL204.wav,https://zenodo.org/api/records/10672568/files/WAV_London_2.zip/content,CC-BY-4.0,permitted_with_attribution,open,PL204,PancrasLock,63995869cd5dfabf0560195a89b7d78637056ca19d8cfb62d040a4f77b608167,13697082,WAV,48000,2,1712128,35.669333333333334,,float32,source_metadata_review_pending,materialized,unmatched_source_asset,False,No MOSAIQ clip has this normalized GroupID.
isd_audio_160db22756d816f7f0ae,ISD,,,https://doi.org/10.5281/zenodo.10672568,1.0.1-alpha.1,WAV_London_2.zip,WAV_London_2/PancrasLock/PL223.wav,extracted/WAV_London_2/PancrasLock/PL223.wav,https://zenodo.org/api/records/10672568/files/WAV_London_2.zip/content,CC-BY-4.0,permitted_with_attribution,open,PL223,PancrasLock,e80adb2ec88443e870c4030bf5b5207c8384969d4520f5add36d93d8dde0fba4,12288058,WAV,48000,2,1536000,32.0,,float32,source_metadata_review_pending,materialized,unmatched_source_asset,False,No MOSAIQ clip has this normalized GroupID.
isd_audio_27ae9794682794c79554,ISD,,,https://doi.org/10.5281/zenodo.10672568,1.0.1-alpha.1,WAV_London_2.zip,WAV_London_2/RegentsParkFields/RF222.wav,extracted/WAV_London_2/RegentsParkFields/RF222.wav,https://zenodo.org/api/records/10672568/files/WAV_London_2.zip/content,CC-BY-4.0,permitted_with_attribution,open,RF222,RegentsParkFields,9b56250b2c5c6515b63a0df495da5a09d64f32e4dbfb5569e4f5e4fda67a2455,17670202,WAV,44100,2,2208768,50.08544217687075,,float32,source_metadata_review_pending,materialized,ambiguous_clip_match,False,2 MOSAIQ clips share this normalized GroupID.
isd_audio_008c83e5bf2c284c85d4,ISD,,,https://doi.org/10.5281/zenodo.10672568,1.0.1-alpha.1,WAV_London_2.zip,WAV_London_2/RegentsParkFields/RF226.wav,extracted/WAV_London_2/RegentsParkFields/RF226.wav,https://zenodo.org/api/records/10672568/files/WAV_London_2.zip/content,CC-BY-4.0,permitted_with_attribution,open,RF226,RegentsParkFields,81520bb5fb746973a93a89ae25fa2ce559de74b5cba3c58aeff5447038bdf78a,12318074,WAV,44100,2,1539752,34.91501133786848,,float32,source_metadata_review_pending,materialized,unmatched_source_asset,False,No MOSAIQ clip has this normalized GroupID.
isd_audio_facc9fdac6dccabe3c6b,ISD,,,https://doi.org/10.5281/zenodo.10672568,1.0.1-alpha.1,WAV_London_2.zip,WAV_London_2/RegentsParkJapan/RP104.wav,extracted/WAV_London_2/RegentsParkJapan/RP104.wav,https://zenodo.org/api/records/10672568/files/WAV_London_2.zip/content,CC-BY-4.0,permitted_with_attribution,open,RP104,RegentsParkJapan,bf341fe610976f0d161d3ea177afa54c33d683b37178962b9418aba214953ce4,16171066,WAV,48000,2,2021376,42.112,,float32,source_metadata_review_pending,materialized,unmatched_source_asset,False,No MOSAIQ clip has this normalized GroupID.
isd_audio_41bb80b6ce5fbd75c173,ISD,,,https://doi.org/10.5281/zenodo.10672568,1.0.1-alpha.1,WAV_London_2.zip,WAV_London_2/RegentsParkJapan/RP115.wav,extracted/WAV_London_2/RegentsParkJapan/RP115.wav,https://zenodo.org/api/records/10672568/files/WAV_London_2.zip/content,CC-BY-4.0,permitted_with_attribution,open,RP115,RegentsParkJapan,c7ba424b0fa8f236501073854aa943e1ea914b07c8bfd975f5e6e96f327fafb8,13680698,WAV,48000,2,1710080,35.626666666666665,,float32,source_metadata_review_pending,materialized,unmatched_source_asset,False,No MOSAIQ clip has this normalized GroupID.
isd_audio_9a1c7506ef9f31f28c7e,ISD,,,https://doi.org/10.5281/zenodo.10672568,1.0.1-alpha.1,WAV_London_2.zip,WAV_London_2/RegentsParkJapan/RP119.wav,extracted/WAV_London_2/RegentsParkJapan/RP119.wav,https://zenodo.org/api/records/10672568/files/WAV_London_2.zip/content,CC-BY-4.0,permitted_with_attribution,open,RP119,RegentsParkJapan,039c7a846578e926a625c73fa5acab47e46d5ded265cdb110551e278bab06edf,12779578,WAV,48000,2,1597440,33.28,,float32,source_metadata_review_pending,materialized,unmatched_source_asset,False,No MOSAIQ clip has this normalized GroupID.
isd_audio_a713fb1bc77355723d75,ISD,,,https://doi.org/10.5281/zenodo.10672568,1.0.1-alpha.1,WAV_London_2.zip,WAV_London_2/RegentsParkJapan/RP134.wav,extracted/WAV_London_2/RegentsParkJapan/RP134.wav,https://zenodo.org/api/records/10672568/files/WAV_London_2.zip/content,CC-BY-4.0,permitted_with_attribution,open,RP134,RegentsParkJapan,d962f1d0fcc95dd613bbd59d58a94be42c09bf69f6cc58aaae97de2a666262fc,12435514,WAV,48000,2,1554432,32.384,,float32,source_metadata_review_pending,materialized,unmatched_source_asset,False,No MOSAIQ clip has this normalized GroupID.
isd_audio_bdbbc9a8907b33ce232a,ISD,,,https://doi.org/10.5281/zenodo.10672568,1.0.1-alpha.1,WAV_London_2.zip,WAV_London_2/RegentsParkJapan/RP213.wav,extracted/WAV_London_2/RegentsParkJapan/RP213.wav,https://zenodo.org/api/records/10672568/files/WAV_London_2.zip/content,CC-BY-4.0,permitted_with_attribution,open,RP213,RegentsParkJapan,17e8790f02f01aafc6d1c42ec2b2a48f128b75f03d20b9981130c7df5352891a,14057530,WAV,48000,2,1757184,36.608,,float32,source_metadata_review_pending,materialized,unmatched_source_asset,False,No MOSAIQ clip has this normalized GroupID.
isd_audio_da4cb3366638bb9f422d,ISD,,,https://doi.org/10.5281/zenodo.10672568,1.0.1-alpha.1,WAV_London_3.zip,WAV_London_3/RussellSq/RS109.wav,extracted/WAV_London_3/RussellSq/RS109.wav,https://zenodo.org/api/records/10672568/files/WAV_London_3.zip/content,CC-BY-4.0,permitted_with_attribution,open,RS109,RussellSq,45df5693482257fc2d3c6bf6bf4e2f6c1ad3c5e48be6c6906e1c94c524bfe97b,11247674,WAV,44100,2,1405952,31.880997732426305,,float32,source_metadata_review_pending,materialized,unmatched_source_asset,False,No MOSAIQ clip has this normalized GroupID.
isd_audio_fab4c315916a54d6e400,ISD,,,https://doi.org/10.5281/zenodo.10672568,1.0.1-alpha.1,WAV_London_3.zip,WAV_London_3/RussellSq/RS217.wav,extracted/WAV_London_3/RussellSq/RS217.wav,https://zenodo.org/api/records/10672568/files/WAV_London_3.zip/content,CC-BY-4.0,permitted_with_attribution,open,RS217,RussellSq,6ac2b034030c11e67e97c82e4f9736aa6e3dec9d33b0d11f033dc8f3c0420bb1,11223098,WAV,44100,2,1402880,31.811337868480727,,float32,source_metadata_review_pending,materialized,unmatched_source_asset,False,No MOSAIQ clip has this normalized GroupID.
isd_audio_448fbbd205e58dd24ad8,ISD,,,https://doi.org/10.5281/zenodo.10672568,1.0.1-alpha.1,WAV_London_3.zip,WAV_London_3/StPaulsRow/SR109.wav,extracted/WAV_London_3/StPaulsRow/SR109.wav,https://zenodo.org/api/records/10672568/files/WAV_London_3.zip/content,CC-BY-4.0,permitted_with_attribution,open,SR109,StPaulsRow,cd6300d5243a81d1c4a995794b0ed8642728148cb972687c829f2a29f4e8f8d1,11709138,WAV,44100,2,1463635,33.1890022675737,,float32,source_metadata_review_pending,materialized,unmatched_source_asset,False,No MOSAIQ clip has this normalized GroupID.
isd_audio_691216079cdabcd8d504,ISD,,,https://doi.org/10.5281/zenodo.10672568,1.0.1-alpha.1,WAV_London_3.zip,WAV_London_3/StPaulsRow/SR120.wav,extracted/WAV_London_3/StPaulsRow/SR120.wav,https://zenodo.org/api/records/10672568/files/WAV_London_3.zip/content,CC-BY-4.0,permitted_with_attribution,open,SR120,StPaulsRow,c832aa24306bcee498157d873f078da7ce3773e7fc616741a88fe07fc624f507,13426746,WAV,44100,2,1678336,38.05750566893424,,float32,source_metadata_review_pending,materialized,unmatched_source_asset,False,No MOSAIQ clip has this normalized GroupID.
isd_audio_266c7fb011d61d8ee3df,ISD,,,https://doi.org/10.5281/zenodo.10672568,1.0.1-alpha.1,WAV_London_3.zip,WAV_London_3/StPaulsRow/SR132.wav,extracted/WAV_London_3/StPaulsRow/SR132.wav,https://zenodo.org/api/records/10672568/files/WAV_London_3.zip/content,CC-BY-4.0,permitted_with_attribution,open,SR132,StPaulsRow,60f3b949775fd707e015a346530bb6ce4be7197c39051236328dc97d1b107b0b,15319098,WAV,44100,2,1914880,43.42131519274376,,float32,source_metadata_review_pending,materialized,unmatched_source_asset,False,No MOSAIQ clip has this normalized GroupID.
isd_audio_d12810a8a3e755d67b75,ISD,,,https://doi.org/10.5281/zenodo.10672568,1.0.1-alpha.1,WAV_London_3.zip,WAV_London_3/StPaulsRow/ST104.wav,extracted/WAV_London_3/StPaulsRow/ST104.wav,https://zenodo.org/api/records/10672568/files/WAV_London_3.zip/content,CC-BY-4.0,permitted_with_attribution,open,ST104,StPaulsRow,4199080161bfbe743d9ae65a1a977b3ca2124aa81ba9c767aad881b426543ed9,10707002,WAV,44100,2,1338368,30.34848072562358,,float32,source_metadata_review_pending,materialized,unmatched_source_asset,False,No MOSAIQ clip has this normalized GroupID.
isd_audio_ac9160dbb18fbc568f51,ISD,,,https://doi.org/10.5281/zenodo.10672568,1.0.1-alpha.1,WAV_London_3.zip,WAV_London_3/StPaulsRow/ST106.wav,extracted/WAV_London_3/StPaulsRow/ST106.wav,https://zenodo.org/api/records/10672568/files/WAV_London_3.zip/content,CC-BY-4.0,permitted_with_attribution,open,ST106,StPaulsRow,a73d55d01f5e17a8b2e364cc2fe8c786f99534dcda3d0542ba28c9a601bedcdc,14152986,WAV,44100,2,1769116,40.11600907029479,,float32,source_metadata_review_pending,materialized,unmatched_source_asset,False,No MOSAIQ clip has this normalized GroupID.
isd_audio_be25e5b072d3da8adb56,ISD,,,https://doi.org/10.5281/zenodo.10672568,1.0.1-alpha.1,WAV_London_4.zip,WAV_London_4/TateModern/TM105.wav,extracted/WAV_London_4/TateModern/TM105.wav,https://zenodo.org/api/records/10672568/files/WAV_London_4.zip/content,CC-BY-4.0,permitted_with_attribution,open,TM105,TateModern,11511e16e447122f6ac2f45563a3aaa6254379f92030facd8534e2de01359586,11255866,WAV,44100,2,1406976,31.90421768707483,,float32,source_metadata_review_pending,materialized,unmatched_source_asset,False,No MOSAIQ clip has this normalized GroupID.
isd_audio_4703dd1d7b0200ae6a39,ISD,,,https://doi.org/10.5281/zenodo.10672568,1.0.1-alpha.1,WAV_London_4.zip,WAV_London_4/TorringtonSq/TS202.wav,extracted/WAV_London_4/TorringtonSq/TS202.wav,https://zenodo.org/api/records/10672568/files/WAV_London_4.zip/content,CC-BY-4.0,permitted_with_attribution,open,TS202,TorringtonSq,7d4b53f40015a512a4592db1317e62fb2656e4ccd68a90038ceb917752e5baf7,16334906,WAV,48000,2,2041856,42.538666666666664,,float32,source_metadata_review_pending,materialized,unmatched_source_asset,False,No MOSAIQ clip has this normalized GroupID.
isd_audio_1061367f1317731d7a44,ISD,,,https://doi.org/10.5281/zenodo.10672568,1.0.1-alpha.1,WAV_London_4.zip,WAV_London_4/TorringtonSq/TS204.wav,extracted/WAV_London_4/TorringtonSq/TS204.wav,https://zenodo.org/api/records/10672568/files/WAV_London_4.zip/content,CC-BY-4.0,permitted_with_attribution,open,TS204,TorringtonSq,53b09a7bd54098200ee7a9c55efa46889d9c0ee79218c40db22c61fd3daa266d,16056378,WAV,48000,2,2007040,41.81333333333333,,float32,source_metadata_review_pending,materialized,unmatched_source_asset,False,No MOSAIQ clip has this normalized GroupID.
isd_audio_339c6ae9f96b5ca3f2ec,ISD,,,https://doi.org/10.5281/zenodo.10672568,1.0.1-alpha.1,WAV_London_4.zip,WAV_London_4/TorringtonSq/TS208.wav,extracted/WAV_London_4/TorringtonSq/TS208.wav,https://zenodo.org/api/records/10672568/files/WAV_London_4.zip/content,CC-BY-4.0,permitted_with_attribution,open,TS208,TorringtonSq,ea4d0ff789fe1e6119ca57c8e4f9d3e9dd30a760c5a655f5b805c87c1e385622,10687546,WAV,48000,2,1335936,27.832,,float32,source_metadata_review_pending,materialized,unmatched_source_asset,False,No MOSAIQ clip has this normalized GroupID.
isd_audio_e289cf419660add67925,ISD,,,https://doi.org/10.5281/zenodo.10672568,1.0.1-alpha.1,WAV_London_4.zip,WAV_London_4/TorringtonSq/TS209.wav,extracted/WAV_London_4/TorringtonSq/TS209.wav,https://zenodo.org/api/records/10672568/files/WAV_London_4.zip/content,CC-BY-4.0,permitted_with_attribution,open,TS209,TorringtonSq,42200a086250f789e08d27244d2cb05a8e970e8c06c14665388e4065886a788b,15515706,WAV,48000,2,1939456,40.40533333333333,,float32,source_metadata_review_pending,materialized,unmatched_source_asset,False,No MOSAIQ clip has this normalized GroupID.
isd_audio_d9c3669f174ca8d9ce60,ISD,,,https://doi.org/10.5281/zenodo.10672568,1.0.1-alpha.1,WAV_London_4.zip,WAV_London_4/TorringtonSq/TS211.wav,extracted/WAV_London_4/TorringtonSq/TS211.wav,https://zenodo.org/api/records/10672568/files/WAV_London_4.zip/content,CC-BY-4.0,permitted_with_attribution,open,TS211,TorringtonSq,5f578bb2a8df62564fbac5e4e8443229d9318c08acbc5fb954d6e64de0bc46fd,15843386,WAV,48000,2,1980416,41.25866666666667,,float32,source_metadata_review_pending,materialized,unmatched_source_asset,False,No MOSAIQ clip has this normalized GroupID.
isd_audio_4e1212163927bebe5726,ISD,,,https://doi.org/10.5281/zenodo.10672568,1.0.1-alpha.1,WAV_London_4.zip,WAV_London_4/TorringtonSq/TS215.wav,extracted/WAV_London_4/TorringtonSq/TS215.wav,https://zenodo.org/api/records/10672568/files/WAV_London_4.zip/content,CC-BY-4.0,permitted_with_attribution,open,TS215,TorringtonSq,3bc6ede864c295ecadb4e5b423b79225684b3f4d2a6ffc04781354b3c9cd24d6,15351866,WAV,48000,2,1918976,39.97866666666667,,float32,source_metadata_review_pending,materialized,unmatched_source_asset,False,No MOSAIQ clip has this normalized GroupID.
isd_audio_3847d9474759caef9ab4,ISD,,,https://doi.org/10.5281/zenodo.10672568,1.0.1-alpha.1,WAV_London_4.zip,WAV_London_4/TorringtonSq/TS219.wav,extracted/WAV_London_4/TorringtonSq/TS219.wav,https://zenodo.org/api/records/10672568/files/WAV_London_4.zip/content,CC-BY-4.0,permitted_with_attribution,open,TS219,TorringtonSq,ac219db0824e176f39ea9c1bf7e4ee082637a079686694229152de039794518a,15745082,WAV,48000,2,1968128,41.00266666666667,,float32,source_metadata_review_pending,materialized,unmatched_source_asset,False,No MOSAIQ clip has this normalized GroupID.
isd_audio_b91e6e3993977751740f,ISD,,,https://doi.org/10.5281/zenodo.10672568,1.0.1-alpha.1,WAV_London_4.zip,WAV_London_4/TorringtonSq/TS239.wav,extracted/WAV_London_4/TorringtonSq/TS239.wav,https://zenodo.org/api/records/10672568/files/WAV_London_4.zip/content,CC-BY-4.0,permitted_with_attribution,open,TS239,TorringtonSq,8f3b23812e1b6ccbc1033a6a442addf98aad140a8e31efab9e8b595b1bd5c22f,12812346,WAV,48000,2,1601536,33.36533333333333,,float32,source_metadata_review_pending,materialized,unmatched_source_asset,False,No MOSAIQ clip has this normalized GroupID.
isd_audio_8f226f6d952a587a5f7c,ISD,,,https://doi.org/10.5281/zenodo.10672568,1.0.1-alpha.1,WAV_London_4.zip,WAV_London_4/TorringtonSq/TS307.wav,extracted/WAV_London_4/TorringtonSq/TS307.wav,https://zenodo.org/api/records/10672568/files/WAV_London_4.zip/content,CC-BY-4.0,permitted_with_attribution,open,TS307,TorringtonSq,4b59da1b8582b5c623023657ad28b2391340ea9e81f897a3d938d1f756416910,11829306,WAV,48000,2,1478656,30.805333333333333,,float32,source_metadata_review_pending,materialized,unmatched_source_asset,False,No MOSAIQ clip has this normalized GroupID.
isd_audio_85bf42ed8115796482d8,ISD,,,https://doi.org/10.5281/zenodo.10672568,1.0.1-alpha.1,WAV_London_4.zip,WAV_London_4/TorringtonSq/TS308.wav,extracted/WAV_London_4/TorringtonSq/TS308.wav,https://zenodo.org/api/records/10672568/files/WAV_London_4.zip/content,CC-BY-4.0,permitted_with_attribution,open,TS308,TorringtonSq,69acd6b146e9d5a9c392794ce4abed2ecde0b136f3e17ffbbe09388082235c98,11763770,WAV,48000,2,1470464,30.634666666666668,,float32,source_metadata_review_pending,materialized,unmatched_source_asset,False,No MOSAIQ clip has this normalized GroupID.
isd_audio_51492b96644c80d53ffe,ISD,,,https://doi.org/10.5281/zenodo.10672568,1.0.1-alpha.1,WAV_London_4.zip,WAV_London_4/TorringtonSq/TS405.wav,extracted/WAV_London_4/TorringtonSq/TS405.wav,https://zenodo.org/api/records/10672568/files/WAV_London_4.zip/content,CC-BY-4.0,permitted_with_attribution,open,TS405,TorringtonSq,6d90272e2a33365d3e50ec4fca684ad5f916f5120f14fb95c2b85a3d408776cc,20463674,WAV,48000,2,2557952,53.29066666666667,,float32,source_metadata_review_pending,materialized,unmatched_source_asset,False,No MOSAIQ clip has this normalized GroupID.
isd_audio_aff14967579768a153eb,ISD,,,https://doi.org/10.5281/zenodo.10672568,1.0.1-alpha.1,WAV_London_4.zip,WAV_London_4/TorringtonSq/TS406.wav,extracted/WAV_London_4/TorringtonSq/TS406.wav,https://zenodo.org/api/records/10672568/files/WAV_London_4.zip/content,CC-BY-4.0,permitted_with_attribution,open,TS406,TorringtonSq,71bce8d54cba24652046895d932637ca8c11a7d03e29cc1411b98b8a7600da8c,5488698,WAV,48000,2,686080,14.293333333333333,,float32,source_metadata_review_pending,materialized,unmatched_source_asset,False,No MOSAIQ clip has this normalized GroupID.
isd_audio_487e6dee5dad3dd933de,ISD,,,https://doi.org/10.5281/zenodo.10672568,1.0.1-alpha.1,WAV_London_4.zip,WAV_London_4/TorringtonSq/TS416.wav,extracted/WAV_London_4/TorringtonSq/TS416.wav,https://zenodo.org/api/records/10672568/files/WAV_London_4.zip/content,CC-BY-4.0,permitted_with_attribution,open,TS416,TorringtonSq,c52c42401950523c9c13ed1d0db2ed365d7b2078790babadfa66790eee88dc92,15892538,WAV,48000,2,1986560,41.38666666666666,,float32,source_metadata_review_pending,materialized,unmatched_source_asset,False,No MOSAIQ clip has this normalized GroupID.
isd_audio_56e9b6d1911c9792f819,ISD,,,https://doi.org/10.5281/zenodo.10672568,1.0.1-alpha.1,WAV_London_4.zip,WAV_London_4/TorringtonSq/TS417.wav,extracted/WAV_London_4/TorringtonSq/TS417.wav,https://zenodo.org/api/records/10672568/files/WAV_London_4.zip/content,CC-BY-4.0,permitted_with_attribution,open,TS417,TorringtonSq,3315e2ae88833b061cce5812e5b2854698ed54544ea0d19c1be7a86d03c51da8,17596474,WAV,48000,2,2199552,45.824,,float32,source_metadata_review_pending,materialized,ambiguous_clip_match,False,2 MOSAIQ clips share this normalized GroupID.
isd_audio_e18615aa45d267d52036,ISD,ISD_CamdenTown_CamdenTown1_CT101,train,https://doi.org/10.5281/zenodo.10672568,1.0.1-alpha.1,WAV_London_1.zip,WAV_London_1/CamdenTown/CT101.wav,extracted/WAV_London_1/CamdenTown/CT101.wav,https://zenodo.org/api/records/10672568/files/WAV_London_1.zip/content,CC-BY-4.0,permitted_with_attribution,open,CT101,CamdenTown,aa85405330b8fda097410b438c3158a5d0d1e28070a6ea688ecbfaedb1c1e2cb,12124218,WAV,48000,2,1515520,31.573333333333334,31.57,float32,source_metadata_review_pending,materialized,matched,True,Matched by normalized GroupID and LocationID.
isd_audio_20ecaf57b1d9acb5d2e5,ISD,ISD_CamdenTown_CamdenTown1_CT102,train,https://doi.org/10.5281/zenodo.10672568,1.0.1-alpha.1,WAV_London_1.zip,WAV_London_1/CamdenTown/CT102.wav,extracted/WAV_London_1/CamdenTown/CT102.wav,https://zenodo.org/api/records/10672568/files/WAV_London_1.zip/content,CC-BY-4.0,permitted_with_attribution,open,CT102,CamdenTown,b8a099cd644fca4e39b96e7530d33157f8f0ab684761d6d7be1645dd948f79fb,12468282,WAV,48000,2,1558528,32.46933333333333,32.47,float32,source_metadata_review_pending,materialized,matched,True,Matched by normalized GroupID and LocationID.
isd_audio_0002eadfb12e33d0ecac,ISD,ISD_CamdenTown_CamdenTown1_CT103,train,https://doi.org/10.5281/zenodo.10672568,1.0.1-alpha.1,WAV_London_1.zip,WAV_London_1/CamdenTown/CT103.wav,extracted/WAV_London_1/CamdenTown/CT103.wav,https://zenodo.org/api/records/10672568/files/WAV_London_1.zip/content,CC-BY-4.0,permitted_with_attribution,open,CT103,CamdenTown,7afce7dc39c9c83c2b9e7243471f8331309f277a5c7b70279df42cd45e03177d,13500474,WAV,48000,2,1687552,35.157333333333334,35.16,float32,source_metadata_review_pending,materialized,matched,True,Matched by normalized GroupID and LocationID.
isd_audio_d0be65422d5e2a5bb839,ISD,ISD_CamdenTown_CamdenTown1_CT104,train,https://doi.org/10.5281/zenodo.10672568,1.0.1-alpha.1,WAV_London_1.zip,WAV_London_1/CamdenTown/CT104.wav,extracted/WAV_London_1/CamdenTown/CT104.wav,https://zenodo.org/api/records/10672568/files/WAV_London_1.zip/content,CC-BY-4.0,permitted_with_attribution,open,CT104,CamdenTown,8d67a29d0e8182cdadd4928017d362fd10b3679c625e3388eb80a617785f245c,12271674,WAV,48000,2,1533952,31.957333333333334,31.96,float32,source_metadata_review_pending,materialized,matched,True,Matched by normalized GroupID and LocationID.
isd_audio_missing_7313f4f2b159c36b,ISD,ISD_CamdenTown_CamdenTown1_CT105,train,https://doi.org/10.5281/zenodo.10672568,1.0.1-alpha.1,WAV_Granada_1.zip;WAV_Groningen_1.zip;WAV_London_1.zip;WAV_London_2.zip;WAV_London_3.zip;WAV_London_4.zip;WAV_Venice_1.zip,,,https://doi.org/10.5281/zenodo.10672568,CC-BY-4.0,permitted_with_attribution,open,CT105,CamdenTown,,,,,,,,,,not_available,source_missing,missing_source_asset,False,MOSAIQ clip is in the archive location scope but no WAV candidate exists.
isd_audio_missing_a2b1b327baff4d46,ISD,ISD_CamdenTown_CamdenTown1_CT106,train,https://doi.org/10.5281/zenodo.10672568,1.0.1-alpha.1,WAV_Granada_1.zip;WAV_Groningen_1.zip;WAV_London_1.zip;WAV_London_2.zip;WAV_London_3.zip;WAV_London_4.zip;WAV_Venice_1.zip,,,https://doi.org/10.5281/zenodo.10672568,CC-BY-4.0,permitted_with_attribution,open,CT106,CamdenTown,,,,,,,,,,not_available,source_missing,missing_source_asset,False,MOSAIQ clip is in the archive location scope but no WAV candidate exists.
isd_audio_2ed7f961c2bbebd46f3e,ISD,ISD_CamdenTown_CamdenTown1_CT107,train,https://doi.org/10.5281/zenodo.10672568,1.0.1-alpha.1,WAV_London_1.zip,WAV_London_1/CamdenTown/CT107.wav,extracted/WAV_London_1/CamdenTown/CT107.wav,https://zenodo.org/api/records/10672568/files/WAV_London_1.zip/content,CC-BY-4.0,permitted_with_attribution,open,CT107,CamdenTown,14af9e90c6c17d4b4960b265b2920bb9a6ead4c7dcb493d5372f10f144751a54,12025914,WAV,48000,2,1503232,31.317333333333334,31.32,float32,source_metadata_review_pending,materialized,matched,True,Matched by normalized GroupID and LocationID.
isd_audio_1bff942ded79ab1382d8,ISD,ISD_CamdenTown_CamdenTown1_CT108,train,https://doi.org/10.5281/zenodo.10672568,1.0.1-alpha.1,WAV_London_1.zip,WAV_London_1/CamdenTown/CT108.wav,extracted/WAV_London_1/CamdenTown/CT108.wav,https://zenodo.org/api/records/10672568/files/WAV_London_1.zip/content,CC-BY-4.0,permitted_with_attribution,open,CT108,CamdenTown,c2b0ba020e7aa9cbad77a571124b298088b38592c3ef28ff42e53c17fb03fe56,10466362,WAV,48000,2,1308288,27.256,27.26,float32,source_metadata_review_pending,materialized,matched,True,Matched by normalized GroupID and LocationID.
isd_audio_1100b506197dfd138d57,ISD,ISD_CamdenTown_CamdenTown1_CT109,train,https://doi.org/10.5281/zenodo.10672568,1.0.1-alpha.1,WAV_London_1.zip,WAV_London_1/CamdenTown/CT109.wav,extracted/WAV_London_1/CamdenTown/CT109.wav,https://zenodo.org/api/records/10672568/files/WAV_London_1.zip/content,CC-BY-4.0,permitted_with_attribution,open,CT109,CamdenTown,66b90c9315cc293e4934521e365423ac1fdabf3ea9a3d2c67f44bc0cfb7a0769,12107834,WAV,48000,2,1513472,31.530666666666665,31.53,float32,source_metadata_review_pending,materialized,matched,True,Matched by normalized GroupID and LocationID.
isd_audio_9e5fe002e177956a5974,ISD,ISD_CamdenTown_CamdenTown1_CT110,train,https://doi.org/10.5281/zenodo.10672568,1.0.1-alpha.1,WAV_London_1.zip,WAV_London_1/CamdenTown/CT110.wav,extracted/WAV_London_1/CamdenTown/CT110.wav,https://zenodo.org/api/records/10672568/files/WAV_London_1.zip/content,CC-BY-4.0,permitted_with_attribution,open,CT110,CamdenTown,8de3d2dfe2c41404237b82477a3584765beca2308874d76793dd1bd9506df1e8,12156986,WAV,48000,2,1519616,31.658666666666665,31.66,float32,source_metadata_review_pending,materialized,matched,True,Matched by normalized GroupID and LocationID.
isd_audio_missing_38904f65dd1aac4a,ISD,ISD_CamdenTown_CamdenTown1_CT111,train,https://doi.org/10.5281/zenodo.10672568,1.0.1-alpha.1,WAV_Granada_1.zip;WAV_Groningen_1.zip;WAV_London_1.zip;WAV_London_2.zip;WAV_London_3.zip;WAV_London_4.zip;WAV_Venice_1.zip,,,https://doi.org/10.5281/zenodo.10672568,CC-BY-4.0,permitted_with_attribution,open,CT111,CamdenTown,,,,,,,,,,not_available,source_missing,missing_source_asset,False,MOSAIQ clip is in the archive location scope but no WAV candidate exists.
isd_audio_56802542bdcc24f2fc44,ISD,ISD_CamdenTown_CamdenTown1_CT112,train,https://doi.org/10.5281/zenodo.10672568,1.0.1-alpha.1,WAV_London_1.zip,WAV_London_1/CamdenTown/CT112.wav,extracted/WAV_London_1/CamdenTown/CT112.wav,https://zenodo.org/api/records/10672568/files/WAV_London_1.zip/content,CC-BY-4.0,permitted_with_attribution,open,CT112,CamdenTown,cc49ed933abdfc51c29f4491f11f7bc79fe443341365d2a3b38d9bfa8228d75f,12943418,WAV,48000,2,1617920,33.70666666666666,33.71,float32,source_metadata_review_pending,materialized,matched,True,Matched by normalized GroupID and LocationID.
isd_audio_681f9602d7e8cd76c4d8,ISD,ISD_CamdenTown_CamdenTown1_CT113,train,https://doi.org/10.5281/zenodo.10672568,1.0.1-alpha.1,WAV_London_1.zip,WAV_London_1/CamdenTown/CT113.wav,extracted/WAV_London_1/CamdenTown/CT113.wav,https://zenodo.org/api/records/10672568/files/WAV_London_1.zip/content,CC-BY-4.0,permitted_with_attribution,open,CT113,CamdenTown,74eeada3c77e2698544239acaaf67b7849673727af643d61efbfdf43649f1606,7925818,WAV,48000,2,990720,20.64,20.64,float32,source_metadata_review_pending,materialized,matched,True,Matched by normalized GroupID and LocationID.
isd_audio_5d7db5cdc7aadb7e3695,ISD,ISD_CamdenTown_CamdenTown1_CT114,train,https://doi.org/10.5281/zenodo.10672568,1.0.1-alpha.1,WAV_London_1.zip,WAV_London_1/CamdenTown/CT114.wav,extracted/WAV_London_1/CamdenTown/CT114.wav,https://zenodo.org/api/records/10672568/files/WAV_London_1.zip/content,CC-BY-4.0,permitted_with_attribution,open,CT114,CamdenTown,409ad1cbfabaf6b96c733b8087b661fa94d14233856939ebe2b8a4c9e31cbf42,9600058,WAV,48000,2,1200000,25.0,25.0,float32,source_metadata_review_pending,materialized,matched,True,Matched by normalized GroupID and LocationID.
isd_audio_missing_b022d91227f6aceb,ISD,ISD_CamdenTown_CamdenTown1_CT115,train,https://doi.org/10.5281/zenodo.10672568,1.0.1-alpha.1,WAV_Granada_1.zip;WAV_Groningen_1.zip;WAV_London_1.zip;WAV_London_2.zip;WAV_London_3.zip;WAV_London_4.zip;WAV_Venice_1.zip,,,https://doi.org/10.5281/zenodo.10672568,CC-BY-4.0,permitted_with_attribution,open,CT115,CamdenTown,,,,,,,,,,not_available,source_missing,missing_source_asset,False,MOSAIQ clip is in the archive location scope but no WAV candidate exists.
isd_audio_e5b2dc2c3c607450f460,ISD,ISD_CamdenTown_CamdenTown1_CT116,train,https://doi.org/10.5281/zenodo.10672568,1.0.1-alpha.1,WAV_London_1.zip,WAV_London_1/CamdenTown/CT116.wav,extracted/WAV_London_1/CamdenTown/CT116.wav,https://zenodo.org/api/records/10672568/files/WAV_London_1.zip/content,CC-BY-4.0,permitted_with_attribution,open,CT116,CamdenTown,a9106f9ffe62988721ad8cd187be282a2d862771a12648f71640d2ebcb69fd9a,12943418,WAV,48000,2,1617920,33.70666666666666,33.71,float32,source_metadata_review_pending,materialized,matched,True,Matched by normalized GroupID and LocationID.
isd_audio_2be4145c8fe007097fb6,ISD,ISD_CamdenTown_CamdenTown1_CT117,train,https://doi.org/10.5281/zenodo.10672568,1.0.1-alpha.1,WAV_London_1.zip,WAV_London_1/CamdenTown/CT117.wav,extracted/WAV_London_1/CamdenTown/CT117.wav,https://zenodo.org/api/records/10672568/files/WAV_London_1.zip/content,CC-BY-4.0,permitted_with_attribution,open,CT117,CamdenTown,0cda65b5c198c50fcf0c68c0f05c3cdf7d3f5f8dfa520881d5efbf6dcc8136db,12550202,WAV,48000,2,1568768,32.68266666666667,32.68,float32,source_metadata_review_pending,materialized,matched,True,Matched by normalized GroupID and LocationID.
isd_audio_missing_3a93f934effc8861,ISD,ISD_CamdenTown_CamdenTown1_CT118,train,https://doi.org/10.5281/zenodo.10672568,1.0.1-alpha.1,WAV_Granada_1.zip;WAV_Groningen_1.zip;WAV_London_1.zip;WAV_London_2.zip;WAV_London_3.zip;WAV_London_4.zip;WAV_Venice_1.zip,,,https://doi.org/10.5281/zenodo.10672568,CC-BY-4.0,permitted_with_attribution,open,CT118,CamdenTown,,,,,,,,,,not_available,source_missing,missing_source_asset,False,MOSAIQ clip is in the archive location scope but no WAV candidate exists.
isd_audio_5002625d288d689d2987,ISD,ISD_CamdenTown_CamdenTown1_CT119,train,https://doi.org/10.5281/zenodo.10672568,1.0.1-alpha.1,WAV_London_1.zip,WAV_London_1/CamdenTown/CT119.wav,extracted/WAV_London_1/CamdenTown/CT119.wav,https://zenodo.org/api/records/10672568/files/WAV_London_1.zip/content,CC-BY-4.0,permitted_with_attribution,open,CT119,CamdenTown,b30730bd24a46f321cc26cb73bb9a7503cb7fb42263cfc374cb4a347789840d9,7560250,WAV,48000,2,945024,19.688,19.69,float32,source_metadata_review_pending,materialized,matched,True,Matched by normalized GroupID and LocationID.
isd_audio_6da211869321a8ef3717,ISD,ISD_CamdenTown_CamdenTown1_CT120,train,https://doi.org/10.5281/zenodo.10672568,1.0.1-alpha.1,WAV_London_1.zip,WAV_London_1/CamdenTown/CT120.wav,extracted/WAV_London_1/CamdenTown/CT120.wav,https://zenodo.org/api/records/10672568/files/WAV_London_1.zip/content,CC-BY-4.0,permitted_with_attribution,open,CT120,CamdenTown,edc88d259a1c3174cd4b0c5d7572a671a31fbb7e54e9666ac23ca8b4e4d91fa6,12959802,WAV,48000,2,1619968,33.74933333333333,33.75,float32,source_metadata_review_pending,materialized,matched,True,Matched by normalized GroupID and LocationID.
isd_audio_a426d1957ff24a3205fa,ISD,ISD_CamdenTown_CamdenTown1_CT121,train,https://doi.org/10.5281/zenodo.10672568,1.0.1-alpha.1,WAV_London_1.zip,WAV_London_1/CamdenTown/CT121.wav,extracted/WAV_London_1/CamdenTown/CT121.wav,https://zenodo.org/api/records/10672568/files/WAV_London_1.zip/content,CC-BY-4.0,permitted_with_attribution,open,CT121,CamdenTown,738af7bee74419d5622f7cbfcd37b52ef886b810b6a9d417716a0442b6caea40,12451898,WAV,48000,2,1556480,32.42666666666667,32.43,float32,source_metadata_review_pending,materialized,matched,True,Matched by normalized GroupID and LocationID.
isd_audio_5451c4e425d158916537,ISD,ISD_CamdenTown_CamdenTown1_CT122,train,https://doi.org/10.5281/zenodo.10672568,1.0.1-alpha.1,WAV_London_1.zip,WAV_London_1/CamdenTown/CT122.wav,extracted/WAV_London_1/CamdenTown/CT122.wav,https://zenodo.org/api/records/10672568/files/WAV_London_1.zip/content,CC-BY-4.0,permitted_with_attribution,open,CT122,CamdenTown,9d9d652f544d73e06e07f1c0fe9e81ff7cd173c8f0b34b2281192f9b2d1b525d,12206138,WAV,48000,2,1525760,31.786666666666665,31.79,float32,source_metadata_review_pending,materialized,matched,True,Matched by normalized GroupID and LocationID.
isd_audio_effa1e8e3d8b29c90bac,ISD,ISD_CamdenTown_CamdenTown1_CT123,train,https://doi.org/10.5281/zenodo.10672568,1.0.1-alpha.1,WAV_London_1.zip,WAV_London_1/CamdenTown/CT123.wav,extracted/WAV_London_1/CamdenTown/CT123.wav,https://zenodo.org/api/records/10672568/files/WAV_London_1.zip/content,CC-BY-4.0,permitted_with_attribution,open,CT123,CamdenTown,9ef1ac6785ff6012ded8041032ef81a08290bb5689378b67a5aafea786b810e0,12124218,WAV,48000,2,1515520,31.573333333333334,31.57,float32,source_metadata_review_pending,materialized,matched,True,Matched by normalized GroupID and LocationID.
isd_audio_20001396ea46ded5e284,ISD,ISD_CamdenTown_CamdenTown1_CT124,train,https://doi.org/10.5281/zenodo.10672568,1.0.1-alpha.1,WAV_London_1.zip,WAV_London_1/CamdenTown/CT124.wav,extracted/WAV_London_1/CamdenTown/CT124.wav,https://zenodo.org/api/records/10672568/files/WAV_London_1.zip/content,CC-BY-4.0,permitted_with_attribution,open,CT124,CamdenTown,d50e189a1d87a2ef6e24479796fec2e6157e1660776deb88570ff4be5d446cff,13140026,WAV,48000,2,1642496,34.218666666666664,34.22,float32,source_metadata_review_pending,materialized,matched,True,Matched by normalized GroupID and LocationID.
isd_audio_e2eba70dcd34bd1aaef9,ISD,ISD_CamdenTown_CamdenTown2_CT201,train,https://doi.org/10.5281/zenodo.10672568,1.0.1-alpha.1,WAV_London_1.zip,WAV_London_1/CamdenTown/CT201.wav,extracted/WAV_London_1/CamdenTown/CT201.wav,https://zenodo.org/api/records/10672568/files/WAV_London_1.zip/content,CC-BY-4.0,permitted_with_attribution,open,CT201,CamdenTown,e752b227c6c5990b69ed6906619230a50cda4e02a3cdeca71084162eb5fd0775,12959802,WAV,48000,2,1619968,33.74933333333333,33.75,float32,source_metadata_review_pending,materialized,matched,True,Matched by normalized GroupID and LocationID.
isd_audio_5d34ab52f08e95b7e91e,ISD,ISD_CamdenTown_CamdenTown2_CT202,train,https://doi.org/10.5281/zenodo.10672568,1.0.1-alpha.1,WAV_London_1.zip,WAV_London_1/CamdenTown/CT202.wav,extracted/WAV_London_1/CamdenTown/CT202.wav,https://zenodo.org/api/records/10672568/files/WAV_London_1.zip/content,CC-BY-4.0,permitted_with_attribution,open,CT202,CamdenTown,f171f41f0ba571f7ada1fc14ccaead3856228e77305523dc76da3188e0bb414c,13008954,WAV,48000,2,1626112,33.87733333333333,33.88,float32,source_metadata_review_pending,materialized,matched,True,Matched by normalized GroupID and LocationID.
isd_audio_efabdc6e571fb5809358,ISD,ISD_CamdenTown_CamdenTown2_CT203,train,https://doi.org/10.5281/zenodo.10672568,1.0.1-alpha.1,WAV_London_1.zip,WAV_London_1/CamdenTown/CT203.wav,extracted/WAV_London_1/CamdenTown/CT203.wav,https://zenodo.org/api/records/10672568/files/WAV_London_1.zip/content,CC-BY-4.0,permitted_with_attribution,open,CT203,CamdenTown,09d7f8995c1fdfe667369c32370fd95d56e81f9b932b236ab15ccfc246f0ba5c,12238906,WAV,48000,2,1529856,31.872,31.87,float32,source_metadata_review_pending,materialized,matched,True,Matched by normalized GroupID and LocationID.
isd_audio_missing_8d79cbc59d14232b,ISD,ISD_CamdenTown_CamdenTown2_CT204,train,https://doi.org/10.5281/zenodo.10672568,1.0.1-alpha.1,WAV_Granada_1.zip;WAV_Groningen_1.zip;WAV_London_1.zip;WAV_London_2.zip;WAV_London_3.zip;WAV_London_4.zip;WAV_Venice_1.zip,,,https://doi.org/10.5281/zenodo.10672568,CC-BY-4.0,permitted_with_attribution,open,CT204,CamdenTown,,,,,,,,,,not_available,source_missing,missing_source_asset,False,MOSAIQ clip is in the archive location scope but no WAV candidate exists.
isd_audio_missing_06e376c86537d81a,ISD,ISD_CamdenTown_CamdenTown2_CT205,train,https://doi.org/10.5281/zenodo.10672568,1.0.1-alpha.1,WAV_Granada_1.zip;WAV_Groningen_1.zip;WAV_London_1.zip;WAV_London_2.zip;WAV_London_3.zip;WAV_London_4.zip;WAV_Venice_1.zip,,,https://doi.org/10.5281/zenodo.10672568,CC-BY-4.0,permitted_with_attribution,open,CT205,CamdenTown,,,,,,,,,,not_available,source_missing,missing_source_asset,False,MOSAIQ clip is in the archive location scope but no WAV candidate exists.
isd_audio_227e9928bba1e152b282,ISD,ISD_CamdenTown_CamdenTown3_CT301,train,https://doi.org/10.5281/zenodo.10672568,1.0.1-alpha.1,WAV_London_1.zip,WAV_London_1/CamdenTown/CT301.wav,extracted/WAV_London_1/CamdenTown/CT301.wav,https://zenodo.org/api/records/10672568/files/WAV_London_1.zip/content,CC-BY-4.0,permitted_with_attribution,open,CT301,CamdenTown,047782b555e76676de50fca696028079dc841aa3a8d386ce985f52db92c9a397,14278714,WAV,44100,2,1784832,40.47238095238095,40.47,float32,source_metadata_review_pending,materialized,matched,True,Matched by normalized GroupID and LocationID.
isd_audio_missing_64af8f4031025b0d,ISD,ISD_CamdenTown_CamdenTown3_CT302,train,https://doi.org/10.5281/zenodo.10672568,1.0.1-alpha.1,WAV_Granada_1.zip;WAV_Groningen_1.zip;WAV_London_1.zip;WAV_London_2.zip;WAV_London_3.zip;WAV_London_4.zip;WAV_Venice_1.zip,,,https://doi.org/10.5281/zenodo.10672568,CC-BY-4.0,permitted_with_attribution,open,CT302,CamdenTown,,,,,,,,,,not_available,source_missing,missing_source_asset,False,MOSAIQ clip is in the archive location scope but no WAV candidate exists.
isd_audio_missing_18fdd1d53eb90ca9,ISD,ISD_CamdenTown_CamdenTown3_CT304,train,https://doi.org/10.5281/zenodo.10672568,1.0.1-alpha.1,WAV_Granada_1.zip;WAV_Groningen_1.zip;WAV_London_1.zip;WAV_London_2.zip;WAV_London_3.zip;WAV_London_4.zip;WAV_Venice_1.zip,,,https://doi.org/10.5281/zenodo.10672568,CC-BY-4.0,permitted_with_attribution,open,CT304,CamdenTown,,,,,,,,,,not_available,source_missing,missing_source_asset,False,MOSAIQ clip is in the archive location scope but no WAV candidate exists.
isd_audio_4048153bdb0d640a43fb,ISD,ISD_CamdenTown_CamdenTown3_CT305,train,https://doi.org/10.5281/zenodo.10672568,1.0.1-alpha.1,WAV_London_1.zip,WAV_London_1/CamdenTown/CT305.wav,extracted/WAV_London_1/CamdenTown/CT305.wav,https://zenodo.org/api/records/10672568/files/WAV_London_1.zip/content,CC-BY-4.0,permitted_with_attribution,open,CT305,CamdenTown,8999fb15f008502d8df53b58356b37b7911404922ed996a5a42eb810b40fd151,17096794,WAV,44100,2,2137092,48.46013605442177,48.46,float32,source_metadata_review_pending,materialized,matched,True,Matched by normalized GroupID and LocationID.
isd_audio_6c46d00f88ea601d4e46,ISD,ISD_CamdenTown_CamdenTown3_CT306,train,https://doi.org/10.5281/zenodo.10672568,1.0.1-alpha.1,WAV_London_1.zip,WAV_London_1/CamdenTown/CT306.wav,extracted/WAV_London_1/CamdenTown/CT306.wav,https://zenodo.org/api/records/10672568/files/WAV_London_1.zip/content,CC-BY-4.0,permitted_with_attribution,open,CT306,CamdenTown,b0e51062dd434e460bd9e23c82246f0b596f12af73389e8919fa06316d456289,11083834,WAV,44100,2,1385472,31.41659863945578,31.42,float32,source_metadata_review_pending,materialized,matched,True,Matched by normalized GroupID and LocationID.
isd_audio_02a49c473dcd73567471,ISD,ISD_CamdenTown_CamdenTown3_CT308,train,https://doi.org/10.5281/zenodo.10672568,1.0.1-alpha.1,WAV_London_1.zip,WAV_London_1/CamdenTown/CT308.wav,extracted/WAV_London_1/CamdenTown/CT308.wav,https://zenodo.org/api/records/10672568/files/WAV_London_1.zip/content,CC-BY-4.0,permitted_with_attribution,open,CT308,CamdenTown,8e95c01f069378bd9b1a201c87ba4e84316db7e77fbbccb83cfc7a0d0d28ca64,11771962,WAV,44100,2,1471488,33.36707482993197,33.37,float32,source_metadata_review_pending,materialized,matched,True,Matched by normalized GroupID and LocationID.
isd_audio_85039589c4fab27bfe8f,ISD,ISD_CamdenTown_CamdenTown3_CT309,train,https://doi.org/10.5281/zenodo.10672568,1.0.1-alpha.1,WAV_London_1.zip,WAV_London_1/CamdenTown/CT309.wav,extracted/WAV_London_1/CamdenTown/CT309.wav,https://zenodo.org/api/records/10672568/files/WAV_London_1.zip/content,CC-BY-4.0,permitted_with_attribution,open,CT309,CamdenTown,a9be257824f7c635eb767b9d7efad148e84e89fa6491196befee6cd9e0694199,16080954,WAV,44100,2,2010112,45.58077097505669,45.58,float32,source_metadata_review_pending,materialized,matched,True,Matched by normalized GroupID and LocationID.
isd_audio_93fc522b7ffbb2e29894,ISD,ISD_CamdenTown_CamdenTown3_CT310,train,https://doi.org/10.5281/zenodo.10672568,1.0.1-alpha.1,WAV_London_1.zip,WAV_London_1/CamdenTown/CT310.wav,extracted/WAV_London_1/CamdenTown/CT310.wav,https://zenodo.org/api/records/10672568/files/WAV_London_1.zip/content,CC-BY-4.0,permitted_with_attribution,open,CT310,CamdenTown,64ef219a64277a967760480511e9b6f9d6b238594d36222faad3c93d79b1af90,11419706,WAV,44100,2,1427456,32.36861678004535,32.37,float32,source_metadata_review_pending,materialized,matched,True,Matched by normalized GroupID and LocationID.
isd_audio_d41885962daa2a4ef26b,ISD,ISD_CamdenTown_CamdenTown3_CT311,train,https://doi.org/10.5281/zenodo.10672568,1.0.1-alpha.1,WAV_London_1.zip,WAV_London_1/CamdenTown/CT311.wav,extracted/WAV_London_1/CamdenTown/CT311.wav,https://zenodo.org/api/records/10672568/files/WAV_London_1.zip/content,CC-BY-4.0,permitted_with_attribution,open,CT311,CamdenTown,f81f2a7d53131406cbad3a767aff57f06e8551d6d4dbc8e8f9ecb81f4c045ba8,14942266,WAV,44100,2,1867776,42.353197278911566,42.35,float32,source_metadata_review_pending,materialized,matched,True,Matched by normalized GroupID and LocationID.
isd_audio_ff844a52e2858ffb50a3,ISD,ISD_CamdenTown_CamdenTown3_CT312,train,https://doi.org/10.5281/zenodo.10672568,1.0.1-alpha.1,WAV_London_1.zip,WAV_London_1/CamdenTown/CT312.wav,extracted/WAV_London_1/CamdenTown/CT312.wav,https://zenodo.org/api/records/10672568/files/WAV_London_1.zip/content,CC-BY-4.0,permitted_with_attribution,open,CT312,CamdenTown,0b6b40d30add4ab9f128816471cadcdff4ae42e0d1106fb2597714757975b0cc,14024762,WAV,44100,2,1753088,39.75256235827664,39.75,float32,source_metadata_review_pending,materialized,matched,True,Matched by normalized GroupID and LocationID.
isd_audio_0d1485fc9c61188d17e8,ISD,ISD_CamdenTown_CamdenTown3_CT313,train,https://doi.org/10.5281/zenodo.10672568,1.0.1-alpha.1,WAV_London_1.zip,WAV_London_1/CamdenTown/CT313.wav,extracted/WAV_London_1/CamdenTown/CT313.wav,https://zenodo.org/api/records/10672568/files/WAV_London_1.zip/content,CC-BY-4.0,permitted_with_attribution,open,CT313,CamdenTown,03fcef3024b81f2abb48ff1979e626f7faed5310b16249d1faf9d58c10de87b1,14573626,WAV,44100,2,1821696,41.308299319727894,41.31,float32,source_metadata_review_pending,materialized,matched,True,Matched by normalized GroupID and LocationID.
isd_audio_2677bef0cb2f2b5aaa37,ISD,ISD_CamdenTown_CamdenTown3_CT314,train,https://doi.org/10.5281/zenodo.10672568,1.0.1-alpha.1,WAV_London_1.zip,WAV_London_1/CamdenTown/CT314.wav,extracted/WAV_London_1/CamdenTown/CT314.wav,https://zenodo.org/api/records/10672568/files/WAV_London_1.zip/content,CC-BY-4.0,permitted_with_attribution,open,CT314,CamdenTown,a20bd8c7ac3d6113068c20285f494bba68168b429838b5875fa93d8cccc9bfe6,13320250,WAV,44100,2,1665024,37.755646258503404,37.76,float32,source_metadata_review_pending,materialized,matched,True,Matched by normalized GroupID and LocationID.
isd_audio_19b7aefcd63e48775a48,ISD,ISD_CamdenTown_CamdenTown3_CT315,train,https://doi.org/10.5281/zenodo.10672568,1.0.1-alpha.1,WAV_London_1.zip,WAV_London_1/CamdenTown/CT315.wav,extracted/WAV_London_1/CamdenTown/CT315.wav,https://zenodo.org/api/records/10672568/files/WAV_London_1.zip/content,CC-BY-4.0,permitted_with_attribution,open,CT315,CamdenTown,031036524fba4ea6661f2b244fdcd484096e86d7b4871a0b68c4a631f87b0f42,13533242,WAV,44100,2,1691648,38.35936507936508,38.36,float32,source_metadata_review_pending,materialized,matched,True,Matched by normalized GroupID and LocationID.
isd_audio_7ab90d0a458f8b59ad18,ISD,ISD_CamdenTown_CamdenTown3_CT317,train,https://doi.org/10.5281/zenodo.10672568,1.0.1-alpha.1,WAV_London_1.zip,WAV_London_1/CamdenTown/CT317.wav,extracted/WAV_London_1/CamdenTown/CT317.wav,https://zenodo.org/api/records/10672568/files/WAV_London_1.zip/content,CC-BY-4.0,permitted_with_attribution,open,CT317,CamdenTown,7fc7f90508187a665993e9f8ef26398258921496ba23997d05006b2a621a6fdc,10838074,WAV,44100,2,1354752,30.72,30.72,float32,source_metadata_review_pending,materialized,matched,True,Matched by normalized GroupID and LocationID.
isd_audio_db1aed310b844b615c0b,ISD,ISD_CamdenTown_CamdenTown3_CT318,train,https://doi.org/10.5281/zenodo.10672568,1.0.1-alpha.1,WAV_London_1.zip,WAV_London_1/CamdenTown/CT318.wav,extracted/WAV_London_1/CamdenTown/CT318.wav,https://zenodo.org/api/records/10672568/files/WAV_London_1.zip/content,CC-BY-4.0,permitted_with_attribution,open,CT318,CamdenTown,c0da3b9b6d87d8094bd477873b37b51af5299f12ad171f96deb617d87e1f82e7,14991418,WAV,44100,2,1873920,42.49251700680272,42.49,float32,source_metadata_review_pending,materialized,matched,True,Matched by normalized GroupID and LocationID.
isd_audio_19fe0b4c470aa1e82153,ISD,ISD_CamdenTown_CamdenTown3_CT319,train,https://doi.org/10.5281/zenodo.10672568,1.0.1-alpha.1,WAV_London_1.zip,WAV_London_1/CamdenTown/CT319.wav,extracted/WAV_London_1/CamdenTown/CT319.wav,https://zenodo.org/api/records/10672568/files/WAV_London_1.zip/content,CC-BY-4.0,permitted_with_attribution,open,CT319,CamdenTown,023295dab666a3b1b0fd93c9291cf530ff18ad6c960f02fa640af388fe0ba839,13090874,WAV,44100,2,1636352,37.10548752834467,37.11,float32,source_metadata_review_pending,materialized,matched,True,Matched by normalized GroupID and LocationID.
isd_audio_ac2fff2a3be5f71effe2,ISD,ISD_CamdenTown_CamdenTown3_CT320,train,https://doi.org/10.5281/zenodo.10672568,1.0.1-alpha.1,WAV_London_1.zip,WAV_London_1/CamdenTown/CT320.wav,extracted/WAV_London_1/CamdenTown/CT320.wav,https://zenodo.org/api/records/10672568/files/WAV_London_1.zip/content,CC-BY-4.0,permitted_with_attribution,open,CT320,CamdenTown,ea5ef6b8e64f2c812b197738145a20cabceb4109705982f6734c5ec5a16e82be,10870842,WAV,44100,2,1358848,30.812879818594105,30.81,float32,source_metadata_review_pending,materialized,matched,True,Matched by normalized GroupID and LocationID.
isd_audio_0dfbb9518a15a89eb225,ISD,ISD_CamdenTown_CamdenTown3_CT321,train,https://doi.org/10.5281/zenodo.10672568,1.0.1-alpha.1,WAV_London_1.zip,WAV_London_1/CamdenTown/CT321.wav,extracted/WAV_London_1/CamdenTown/CT321.wav,https://zenodo.org/api/records/10672568/files/WAV_London_1.zip/content,CC-BY-4.0,permitted_with_attribution,open,CT321,CamdenTown,543cf93d438c4738c952bb1c34c6a5d06a29ac6b11aefb24d1422edc31708ecb,10816250,WAV,44100,2,1352024,30.65814058956916,30.66,float32,source_metadata_review_pending,materialized,matched,True,Matched by normalized GroupID and LocationID.
isd_audio_01c0d3390e19152508ee,ISD,ISD_CamdenTown_CamdenTown3_CT322,train,https://doi.org/10.5281/zenodo.10672568,1.0.1-alpha.1,WAV_London_1.zip,WAV_London_1/CamdenTown/CT322.wav,extracted/WAV_London_1/CamdenTown/CT322.wav,https://zenodo.org/api/records/10672568/files/WAV_London_1.zip/content,CC-BY-4.0,permitted_with_attribution,open,CT322,CamdenTown,5351eb96db76cca0e007e0bd00ede6ad00e86365fcc24a12a659d8a86abe7a46,11057690,WAV,44100,2,1382204,31.342494331065758,31.34,float32,source_metadata_review_pending,materialized,matched,True,Matched by normalized GroupID and LocationID.
isd_audio_ec0519939671b66ffded,ISD,ISD_CamdenTown_CamdenTown3_CT323,train,https://doi.org/10.5281/zenodo.10672568,1.0.1-alpha.1,WAV_London_1.zip,WAV_London_1/CamdenTown/CT323.wav,extracted/WAV_London_1/CamdenTown/CT323.wav,https://zenodo.org/api/records/10672568/files/WAV_London_1.zip/content,CC-BY-4.0,permitted_with_attribution,open,CT323,CamdenTown,fad003f7cb08e03ecd09525d192a0abe5368ebdc0670957158c68fb1807c3556,17047610,WAV,44100,2,2130944,48.32072562358277,48.32,float32,source_metadata_review_pending,materialized,matched,True,Matched by normalized GroupID and LocationID.
isd_audio_4e9bd22e9b8be2971ae5,ISD,ISD_CamdenTown_CamdenTown3_CT324,train,https://doi.org/10.5281/zenodo.10672568,1.0.1-alpha.1,WAV_London_1.zip,WAV_London_1/CamdenTown/CT324.wav,extracted/WAV_London_1/CamdenTown/CT324.wav,https://zenodo.org/api/records/10672568/files/WAV_London_1.zip/content,CC-BY-4.0,permitted_with_attribution,open,CT324,CamdenTown,1ea2a8c694ebbb419b4b6476f583406cadf33b095d72e777d012e2a5afc7b7c6,11812922,WAV,44100,2,1476608,33.483174603174604,33.48,float32,source_metadata_review_pending,materialized,matched,True,Matched by normalized GroupID and LocationID.
isd_audio_2eed2734ca174696718a,ISD,ISD_CamdenTown_CamdenTown3_CT325,train,https://doi.org/10.5281/zenodo.10672568,1.0.1-alpha.1,WAV_London_1.zip,WAV_London_1/CamdenTown/CT325.wav,extracted/WAV_London_1/CamdenTown/CT325.wav,https://zenodo.org/api/records/10672568/files/WAV_London_1.zip/content,CC-BY-4.0,permitted_with_attribution,open,CT325,CamdenTown,b9a605a9b501e5d75c3ecc83315f08d0c4757eb04fbfb6b8f6865d79425ae01b,14368826,WAV,44100,2,1796096,40.72780045351474,40.73,float32,source_metadata_review_pending,materialized,matched,True,Matched by normalized GroupID and LocationID.
isd_audio_59dc2c52f0ec83c96146,ISD,ISD_CamdenTown_CamdenTown3_CT326,train,https://doi.org/10.5281/zenodo.10672568,1.0.1-alpha.1,WAV_London_1.zip,WAV_London_1/CamdenTown/CT326.wav,extracted/WAV_London_1/CamdenTown/CT326.wav,https://zenodo.org/api/records/10672568/files/WAV_London_1.zip/content,CC-BY-4.0,permitted_with_attribution,open,CT326,CamdenTown,e27c1f5bbe588134152bff95e402f44816cbdf460147c770217f1bcd45a1cb1a,12755002,WAV,44100,2,1594368,36.1534693877551,36.15,float32,source_metadata_review_pending,materialized,matched,True,Matched by normalized GroupID and LocationID.
isd_audio_ddb1b24cb80faddad64a,ISD,ISD_CamdenTown_CamdenTown3_CT327,train,https://doi.org/10.5281/zenodo.10672568,1.0.1-alpha.1,WAV_London_1.zip,WAV_London_1/CamdenTown/CT327.wav,extracted/WAV_London_1/CamdenTown/CT327.wav,https://zenodo.org/api/records/10672568/files/WAV_London_1.zip/content,CC-BY-4.0,permitted_with_attribution,open,CT327,CamdenTown,90736f9828f54801795e802bcf7e7df28598035f84618e7f3fafd387a2a1c483,16457786,WAV,44100,2,2057216,46.64888888888889,46.65,float32,source_metadata_review_pending,materialized,matched,True,Matched by normalized GroupID and LocationID.
isd_audio_d820f480ad077c2cbe7c,ISD,ISD_CamdenTown_CamdenTown3_CT328,train,https://doi.org/10.5281/zenodo.10672568,1.0.1-alpha.1,WAV_London_1.zip,WAV_London_1/CamdenTown/CT328.wav,extracted/WAV_London_1/CamdenTown/CT328.wav,https://zenodo.org/api/records/10672568/files/WAV_London_1.zip/content,CC-BY-4.0,permitted_with_attribution,open,CT328,CamdenTown,c04ccadaf13069af90f3af9ad5f8e4291131b2b56b554325ef85d5836fdd6ffa,17768506,WAV,44100,2,2221056,50.36408163265306,50.36,float32,source_metadata_review_pending,materialized,matched,True,Matched by normalized GroupID and LocationID.
isd_audio_a014d311dd2f06dcd3ed,ISD,ISD_CamdenTown_CamdenTown3_CT329,train,https://doi.org/10.5281/zenodo.10672568,1.0.1-alpha.1,WAV_London_1.zip,WAV_London_1/CamdenTown/CT329.wav,extracted/WAV_London_1/CamdenTown/CT329.wav,https://zenodo.org/api/records/10672568/files/WAV_London_1.zip/content,CC-BY-4.0,permitted_with_attribution,open,CT329,CamdenTown,951e21d803cb5e5921f894e5f900cb1feb01b7b9d522dedbef5c7c5583f0e597,11326874,WAV,44100,2,1415852,32.10548752834467,32.11,float32,source_metadata_review_pending,materialized,matched,True,Matched by normalized GroupID and LocationID.
isd_audio_4b28395907913b0ba7aa,ISD,ISD_CamdenTown_CamdenTown4_CT401,train,https://doi.org/10.5281/zenodo.10672568,1.0.1-alpha.1,WAV_London_1.zip,WAV_London_1/CamdenTown/CT401.wav,extracted/WAV_London_1/CamdenTown/CT401.wav,https://zenodo.org/api/records/10672568/files/WAV_London_1.zip/content,CC-BY-4.0,permitted_with_attribution,open,CT401,CamdenTown,f87ed308ec0df764753aa0febea2b662a7441ac9374e386c868cad0f182d6c6e,12369978,WAV,44100,2,1546240,35.062131519274374,35.06,float32,source_metadata_review_pending,materialized,matched,True,Matched by normalized GroupID and LocationID.
isd_audio_72beab5a76a343ea511a,ISD,ISD_CamdenTown_CamdenTown4_CT402,train,https://doi.org/10.5281/zenodo.10672568,1.0.1-alpha.1,WAV_London_1.zip,WAV_London_1/CamdenTown/CT402.wav,extracted/WAV_London_1/CamdenTown/CT402.wav,https://zenodo.org/api/records/10672568/files/WAV_London_1.zip/content,CC-BY-4.0,permitted_with_attribution,open,CT402,CamdenTown,048e6d5481dc777977b1b62bc662afde0b0e01def44e5b5d5a510eea31acbaee,11108410,WAV,44100,2,1388544,31.48625850340136,31.49,float32,source_metadata_review_pending,materialized,matched,True,Matched by normalized GroupID and LocationID.
isd_audio_cd4e91c2d92ef1f8e953,ISD,ISD_CamdenTown_CamdenTown4_CT403,train,https://doi.org/10.5281/zenodo.10672568,1.0.1-alpha.1,WAV_London_1.zip,WAV_London_1/CamdenTown/CT403.wav,extracted/WAV_London_1/CamdenTown/CT403.wav,https://zenodo.org/api/records/10672568/files/WAV_London_1.zip/content,CC-BY-4.0,permitted_with_attribution,open,CT403,CamdenTown,7ef69749852249e9b9be2a98a945716cd77e2e573c8779aa86a23eb741fe45ba,12828730,WAV,44100,2,1603584,36.36244897959184,36.36,float32,source_metadata_review_pending,materialized,matched,True,Matched by normalized GroupID and LocationID.
isd_audio_32cb1f313718ef8dae60,ISD,ISD_CamdenTown_CamdenTown4_CT404,train,https://doi.org/10.5281/zenodo.10672568,1.0.1-alpha.1,WAV_London_1.zip,WAV_London_1/CamdenTown/CT404.wav,extracted/WAV_London_1/CamdenTown/CT404.wav,https://zenodo.org/api/records/10672568/files/WAV_London_1.zip/content,CC-BY-4.0,permitted_with_attribution,open,CT404,CamdenTown,63fe9e53808fcf9a402c94398ccd6c2c6433a723f578ed1c54a36ab3da98d732,11067450,WAV,44100,2,1383424,31.37015873015873,31.37,float32,source_metadata_review_pending,materialized,matched,True,Matched by normalized GroupID and LocationID.
isd_audio_ecd6b0eedcd897beb871,ISD,ISD_CamdenTown_CamdenTown4_CT405,train,https://doi.org/10.5281/zenodo.10672568,1.0.1-alpha.1,WAV_London_1.zip,WAV_London_1/CamdenTown/CT405.wav,extracted/WAV_London_1/CamdenTown/CT405.wav,https://zenodo.org/api/records/10672568/files/WAV_London_1.zip/content,CC-BY-4.0,permitted_with_attribution,open,CT405,CamdenTown,c4fee8d1222667547bddc3974dea4de66a9b18808d107ded8f757d5680026463,11214906,WAV,44100,2,1401856,31.7881179138322,31.79,float32,source_metadata_review_pending,materialized,matched,True,Matched by normalized GroupID and LocationID.
isd_audio_b0b09fbf4aae316b2792,ISD,ISD_CamdenTown_CamdenTown4_CT406,train,https://doi.org/10.5281/zenodo.10672568,1.0.1-alpha.1,WAV_London_1.zip,WAV_London_1/CamdenTown/CT406.wav,extracted/WAV_London_1/CamdenTown/CT406.wav,https://zenodo.org/api/records/10672568/files/WAV_London_1.zip/content,CC-BY-4.0,permitted_with_attribution,open,CT406,CamdenTown,6f804a1fd9d7d488cb56145fe5da7aed391c97ad306e3e77050112fd9e1603ee,12181562,WAV,44100,2,1522688,34.528072562358275,34.53,float32,source_metadata_review_pending,materialized,matched,True,Matched by normalized GroupID and LocationID.
isd_audio_729e742a6b255718db73,ISD,ISD_CamdenTown_CamdenTown4_CT407,train,https://doi.org/10.5281/zenodo.10672568,1.0.1-alpha.1,WAV_London_1.zip,WAV_London_1/CamdenTown/CT407.wav,extracted/WAV_London_1/CamdenTown/CT407.wav,https://zenodo.org/api/records/10672568/files/WAV_London_1.zip/content,CC-BY-4.0,permitted_with_attribution,open,CT407,CamdenTown,b335504dc670b9f6458c0abbc60feb2eb27dedfb4af99be8c381a04ba8a7a968,12550202,WAV,44100,2,1568768,35.57297052154195,35.57,float32,source_metadata_review_pending,materialized,matched,True,Matched by normalized GroupID and LocationID.
isd_audio_9d091d48b0cdc7631ab4,ISD,ISD_CamdenTown_CamdenTown4_CT408,train,https://doi.org/10.5281/zenodo.10672568,1.0.1-alpha.1,WAV_London_1.zip,WAV_London_1/CamdenTown/CT408.wav,extracted/WAV_London_1/CamdenTown/CT408.wav,https://zenodo.org/api/records/10672568/files/WAV_London_1.zip/content,CC-BY-4.0,permitted_with_attribution,open,CT408,CamdenTown,3aa9de0b56992dbfcc250bab734eba8f0c61ccbe23fc54c1a7a9846c44a237b5,12091450,WAV,44100,2,1511424,34.27265306122449,34.27,float32,source_metadata_review_pending,materialized,matched,True,Matched by normalized GroupID and LocationID.
isd_audio_missing_84a78ccb61a972f4,ISD,ISD_CamdenTown_CamdenTown4_CT410,train,https://doi.org/10.5281/zenodo.10672568,1.0.1-alpha.1,WAV_Granada_1.zip;WAV_Groningen_1.zip;WAV_London_1.zip;WAV_London_2.zip;WAV_London_3.zip;WAV_London_4.zip;WAV_Venice_1.zip,,,https://doi.org/10.5281/zenodo.10672568,CC-BY-4.0,permitted_with_attribution,open,CT410,CamdenTown,,,,,,,,,,not_available,source_missing,missing_source_asset,False,MOSAIQ clip is in the archive location scope but no WAV candidate exists.
isd_audio_a2d7ec17501725a50a93,ISD,ISD_CamdenTown_CamdenTown4_CT412,train,https://doi.org/10.5281/zenodo.10672568,1.0.1-alpha.1,WAV_London_1.zip,WAV_London_1/CamdenTown/CT412.wav,extracted/WAV_London_1/CamdenTown/CT412.wav,https://zenodo.org/api/records/10672568/files/WAV_London_1.zip/content,CC-BY-4.0,permitted_with_attribution,open,CT412,CamdenTown,22e24b470b8182e15777efec4c65a0bebff64008ee209ef1a9a478ec3bb413a7,11270682,WAV,44100,2,1408828,31.946213151927438,31.95,float32,source_metadata_review_pending,materialized,matched,True,Matched by normalized GroupID and LocationID.
isd_audio_580501d84a1f938f79a3,ISD,ISD_CamdenTown_CamdenTown4_CT413,train,https://doi.org/10.5281/zenodo.10672568,1.0.1-alpha.1,WAV_London_1.zip,WAV_London_1/CamdenTown/CT413.wav,extracted/WAV_London_1/CamdenTown/CT413.wav,https://zenodo.org/api/records/10672568/files/WAV_London_1.zip/content,CC-BY-4.0,permitted_with_attribution,open,CT413,CamdenTown,c06788860fe8af782cac96f7aff337ee52e09d1ef5e15819d38c71cb667f1585,13516858,WAV,44100,2,1689600,38.31292517006803,38.31,float32,source_metadata_review_pending,materialized,matched,True,Matched by normalized GroupID and LocationID.
isd_audio_14cf33be38ec4667c178,ISD,ISD_CamdenTown_CamdenTown4_CT414,train,https://doi.org/10.5281/zenodo.10672568,1.0.1-alpha.1,WAV_London_1.zip,WAV_London_1/CamdenTown/CT414.wav,extracted/WAV_London_1/CamdenTown/CT414.wav,https://zenodo.org/api/records/10672568/files/WAV_London_1.zip/content,CC-BY-4.0,permitted_with_attribution,open,CT414,CamdenTown,d1e1b94c07fca807bb7965da3e4e8a2daf663d2b9a2d9b0b8596b5218e6cda7b,10584058,WAV,44100,2,1323000,30.0,30.0,float32,source_metadata_review_pending,materialized,matched,True,Matched by normalized GroupID and LocationID.
isd_audio_c79417d33649c735fd4c,ISD,ISD_CamdenTown_CamdenTown4_CT415,train,https://doi.org/10.5281/zenodo.10672568,1.0.1-alpha.1,WAV_London_1.zip,WAV_London_1/CamdenTown/CT415.wav,extracted/WAV_London_1/CamdenTown/CT415.wav,https://zenodo.org/api/records/10672568/files/WAV_London_1.zip/content,CC-BY-4.0,permitted_with_attribution,open,CT415,CamdenTown,58949a8c2a77a6460b85ab2d6c4778af40c2c31729a00bdbe74b868b710af67c,12992570,WAV,44100,2,1624064,36.826848072562356,36.83,float32,source_metadata_review_pending,materialized,matched,True,Matched by normalized GroupID and LocationID.
isd_audio_a3b4c6cbc55858c98a9c,ISD,ISD_CampoPrincipe_CampoPrincipe1_CP0,train,https://doi.org/10.5281/zenodo.10672568,1.0.1-alpha.1,WAV_Granada_1.zip,Grenada WAV Files/CampoPrincipe/CP0.wav,extracted/WAV_Granada_1/Grenada WAV Files/CampoPrincipe/CP0.wav,https://zenodo.org/api/records/10672568/files/WAV_Granada_1.zip/content,CC-BY-4.0,permitted_with_attribution,open,CP0,CampoPrincipe,62b6363a38bc3c926c4264ac0c9e86b0e34d8a211662005b80d3dfd28e118f02,10821690,WAV,44100,2,1352704,30.67356009070295,30.67,float32,source_metadata_review_pending,materialized,matched,True,Matched by normalized GroupID and LocationID.
isd_audio_b5dab590f49a7942f457,ISD,ISD_CampoPrincipe_CampoPrincipe1_CP00,train,https://doi.org/10.5281/zenodo.10672568,1.0.1-alpha.1,WAV_Granada_1.zip,Grenada WAV Files/CampoPrincipe/CP00.wav,extracted/WAV_Granada_1/Grenada WAV Files/CampoPrincipe/CP00.wav,https://zenodo.org/api/records/10672568/files/WAV_Granada_1.zip/content,CC-BY-4.0,permitted_with_attribution,open,CP00,CampoPrincipe,124cb0f32b37b8a94c717fb43861f728e35e8e5a1c9c4c4c243b850ab78c261e,10969146,WAV,44100,2,1371136,31.091519274376417,31.09,float32,source_metadata_review_pending,materialized,matched,True,Matched by normalized GroupID and LocationID.
isd_audio_a5143ca484c8217477f8,ISD,ISD_CampoPrincipe_CampoPrincipe1_CP1,train,https://doi.org/10.5281/zenodo.10672568,1.0.1-alpha.1,WAV_Granada_1.zip,Grenada WAV Files/CampoPrincipe/CP1.wav,extracted/WAV_Granada_1/Grenada WAV Files/CampoPrincipe/CP1.wav,https://zenodo.org/api/records/10672568/files/WAV_Granada_1.zip/content,CC-BY-4.0,permitted_with_attribution,open,CP1,CampoPrincipe,ee8bd5ff3fae757bce723f0b7bebd09e6cd74ab8a6f2c65cd933072ec96decb9,11763770,WAV,48000,2,1470464,30.634666666666668,30.63,float32,source_metadata_review_pending,materialized,matched,True,Matched by normalized GroupID and LocationID.
isd_audio_missing_59e378357bba6a55,ISD,ISD_CampoPrincipe_CampoPrincipe1_CP10,train,https://doi.org/10.5281/zenodo.10672568,1.0.1-alpha.1,WAV_Granada_1.zip;WAV_Groningen_1.zip;WAV_London_1.zip;WAV_London_2.zip;WAV_London_3.zip;WAV_London_4.zip;WAV_Venice_1.zip,,,https://doi.org/10.5281/zenodo.10672568,CC-BY-4.0,permitted_with_attribution,open,CP10,CampoPrincipe,,,,,,,,,,not_available,source_missing,missing_source_asset,False,MOSAIQ clip is in the archive location scope but no WAV candidate exists.
isd_audio_ee47d8f2477382b72aa3,ISD,ISD_CampoPrincipe_CampoPrincipe1_CP11,train,https://doi.org/10.5281/zenodo.10672568,1.0.1-alpha.1,WAV_Granada_1.zip,Grenada WAV Files/CampoPrincipe/CP11.wav,extracted/WAV_Granada_1/Grenada WAV Files/CampoPrincipe/CP11.wav,https://zenodo.org/api/records/10672568/files/WAV_Granada_1.zip/content,CC-BY-4.0,permitted_with_attribution,open,CP11,CampoPrincipe,4ca962f97496ca1c3a26daf28d0a43a3bf442e959617a1a0c7c1c09100ef65a1,12353594,WAV,44100,2,1544192,35.015691609977324,35.02,float32,source_metadata_review_pending,materialized,matched,True,Matched by normalized GroupID and LocationID.
isd_audio_5615cf54bc7c03cf4831,ISD,ISD_CampoPrincipe_CampoPrincipe1_CP12,train,https://doi.org/10.5281/zenodo.10672568,1.0.1-alpha.1,WAV_Granada_1.zip,Grenada WAV Files/CampoPrincipe/CP12.wav,extracted/WAV_Granada_1/Grenada WAV Files/CampoPrincipe/CP12.wav,https://zenodo.org/api/records/10672568/files/WAV_Granada_1.zip/content,CC-BY-4.0,permitted_with_attribution,open,CP12,CampoPrincipe,e83a6d91e5c2a20b4fbc61f780ef27b7c0eafa7a68fd62d2fdbe5936fc264e99,10780730,WAV,44100,2,1347584,30.55746031746032,30.56,float32,source_metadata_review_pending,materialized,matched,True,Matched by normalized GroupID and LocationID.
isd_audio_041c3832961e6a1088b4,ISD,ISD_CampoPrincipe_CampoPrincipe1_CP13,train,https://doi.org/10.5281/zenodo.10672568,1.0.1-alpha.1,WAV_Granada_1.zip,Grenada WAV Files/CampoPrincipe/CP13.wav,extracted/WAV_Granada_1/Grenada WAV Files/CampoPrincipe/CP13.wav,https://zenodo.org/api/records/10672568/files/WAV_Granada_1.zip/content,CC-BY-4.0,permitted_with_attribution,open,CP13,CampoPrincipe,3d63fbf028812da2ea6bfd21e652220caa2d0256d971c265849ab26d2e0c78ed,10870842,WAV,44100,2,1358848,30.812879818594105,30.81,float32,source_metadata_review_pending,materialized,matched,True,Matched by normalized GroupID and LocationID.
isd_audio_2dda71781e1d64bd2b9c,ISD,ISD_CampoPrincipe_CampoPrincipe1_CP14,train,https://doi.org/10.5281/zenodo.10672568,1.0.1-alpha.1,WAV_Granada_1.zip,Grenada WAV Files/CampoPrincipe/CP14.wav,extracted/WAV_Granada_1/Grenada WAV Files/CampoPrincipe/CP14.wav,https://zenodo.org/api/records/10672568/files/WAV_Granada_1.zip/content,CC-BY-4.0,permitted_with_attribution,open,CP14,CampoPrincipe,9ba68ac5fb5840c2261d97150523c57b3b5c441c7dc061544ed03e2e2b94da1e,10821690,WAV,44100,2,1352704,30.67356009070295,30.67,float32,source_metadata_review_pending,materialized,matched,True,Matched by normalized GroupID and LocationID.
isd_audio_missing_aa2aa6e605f1983f,ISD,ISD_CampoPrincipe_CampoPrincipe1_CP15,train,https://doi.org/10.5281/zenodo.10672568,1.0.1-alpha.1,WAV_Granada_1.zip;WAV_Groningen_1.zip;WAV_London_1.zip;WAV_London_2.zip;WAV_London_3.zip;WAV_London_4.zip;WAV_Venice_1.zip,,,https://doi.org/10.5281/zenodo.10672568,CC-BY-4.0,permitted_with_attribution,open,CP15,CampoPrincipe,,,,,,,,,,not_available,source_missing,missing_source_asset,False,MOSAIQ clip is in the archive location scope but no WAV candidate exists.
isd_audio_0b172aa9ecad7ae38fd8,ISD,ISD_CampoPrincipe_CampoPrincipe1_CP16,train,https://doi.org/10.5281/zenodo.10672568,1.0.1-alpha.1,WAV_Granada_1.zip,Grenada WAV Files/CampoPrincipe/CP16.wav,extracted/WAV_Granada_1/Grenada WAV Files/CampoPrincipe/CP16.wav,https://zenodo.org/api/records/10672568/files/WAV_Granada_1.zip/content,CC-BY-4.0,permitted_with_attribution,open,CP16,CampoPrincipe,1d872b1dfd5600f3d3892dddd3f5a535aee22610c9b884e89798abb7fa639613,10952762,WAV,44100,2,1369088,31.045079365079363,31.05,float32,source_metadata_review_pending,materialized,matched,True,Matched by normalized GroupID and LocationID.
isd_audio_86accd4970ff5aeec678,ISD,ISD_CampoPrincipe_CampoPrincipe1_CP17,train,https://doi.org/10.5281/zenodo.10672568,1.0.1-alpha.1,WAV_Granada_1.zip,Grenada WAV Files/CampoPrincipe/CP17.wav,extracted/WAV_Granada_1/Grenada WAV Files/CampoPrincipe/CP17.wav,https://zenodo.org/api/records/10672568/files/WAV_Granada_1.zip/content,CC-BY-4.0,permitted_with_attribution,open,CP17,CampoPrincipe,bd566b1f93986a42fbefd1caf325c00056922613909304917a096acd432b6d4b,10846266,WAV,44100,2,1355776,30.743219954648527,30.74,float32,source_metadata_review_pending,materialized,matched,True,Matched by normalized GroupID and LocationID.
isd_audio_24299b80299fc83a410b,ISD,ISD_CampoPrincipe_CampoPrincipe1_CP18,train,https://doi.org/10.5281/zenodo.10672568,1.0.1-alpha.1,WAV_Granada_1.zip,Grenada WAV Files/CampoPrincipe/CP18.wav,extracted/WAV_Granada_1/Grenada WAV Files/CampoPrincipe/CP18.wav,https://zenodo.org/api/records/10672568/files/WAV_Granada_1.zip/content,CC-BY-4.0,permitted_with_attribution,open,CP18,CampoPrincipe,a609e7cb7ab22acfa32548362145af2197323150245a6e70bebb56769559a330,10813498,WAV,44100,2,1351680,30.65034013605442,30.65,float32,source_metadata_review_pending,materialized,matched,True,Matched by normalized GroupID and LocationID.
isd_audio_3ced98137ba90a013bf3,ISD,ISD_CampoPrincipe_CampoPrincipe1_CP19,train,https://doi.org/10.5281/zenodo.10672568,1.0.1-alpha.1,WAV_Granada_1.zip,Grenada WAV Files/CampoPrincipe/CP19.wav,extracted/WAV_Granada_1/Grenada WAV Files/CampoPrincipe/CP19.wav,https://zenodo.org/api/records/10672568/files/WAV_Granada_1.zip/content,CC-BY-4.0,permitted_with_attribution,open,CP19,CampoPrincipe,7f1dabe4831102700d0be57a302df30ddfdb34e19d38b7ddf8fc2ea5293579f2,10862650,WAV,44100,2,1357824,30.789659863945577,30.79,float32,source_metadata_review_pending,materialized,matched,True,Matched by normalized GroupID and LocationID.
isd_audio_ab1b2aab12a4b254b4b1,ISD,ISD_CampoPrincipe_CampoPrincipe1_CP20,train,https://doi.org/10.5281/zenodo.10672568,1.0.1-alpha.1,WAV_Granada_1.zip,Grenada WAV Files/CampoPrincipe/CP20.wav,extracted/WAV_Granada_1/Grenada WAV Files/CampoPrincipe/CP20.wav,https://zenodo.org/api/records/10672568/files/WAV_Granada_1.zip/content,CC-BY-4.0,permitted_with_attribution,open,CP20,CampoPrincipe,4d1028c700c63f594d3bb5133f47398658ef59a1b82dce146f944949a5762734,10862650,WAV,44100,2,1357824,30.789659863945577,30.79,float32,source_metadata_review_pending,materialized,matched,True,Matched by normalized GroupID and LocationID.
isd_audio_fd1148ff496fe306a22b,ISD,ISD_CampoPrincipe_CampoPrincipe1_CP21,train,https://doi.org/10.5281/zenodo.10672568,1.0.1-alpha.1,WAV_Granada_1.zip,Grenada WAV Files/CampoPrincipe/CP21.wav,extracted/WAV_Granada_1/Grenada WAV Files/CampoPrincipe/CP21.wav,https://zenodo.org/api/records/10672568/files/WAV_Granada_1.zip/content,CC-BY-4.0,permitted_with_attribution,open,CP21,CampoPrincipe,5e3d5e625cce7bc792c3519141b455b06366e21179b8940010cc52f9ca9569d4,10813498,WAV,44100,2,1351680,30.65034013605442,30.65,float32,source_metadata_review_pending,materialized,matched,True,Matched by normalized GroupID and LocationID.
isd_audio_missing_5b9b9ca6e58677b0,ISD,ISD_CampoPrincipe_CampoPrincipe1_CP22,train,https://doi.org/10.5281/zenodo.10672568,1.0.1-alpha.1,WAV_Granada_1.zip;WAV_Groningen_1.zip;WAV_London_1.zip;WAV_London_2.zip;WAV_London_3.zip;WAV_London_4.zip;WAV_Venice_1.zip,,,https://doi.org/10.5281/zenodo.10672568,CC-BY-4.0,permitted_with_attribution,open,CP22,CampoPrincipe,,,,,,,,,,not_available,source_missing,missing_source_asset,False,MOSAIQ clip is in the archive location scope but no WAV candidate exists.
isd_audio_missing_5b2a7f2917015c01,ISD,ISD_CampoPrincipe_CampoPrincipe1_CP23,train,https://doi.org/10.5281/zenodo.10672568,1.0.1-alpha.1,WAV_Granada_1.zip;WAV_Groningen_1.zip;WAV_London_1.zip;WAV_London_2.zip;WAV_London_3.zip;WAV_London_4.zip;WAV_Venice_1.zip,,,https://doi.org/10.5281/zenodo.10672568,CC-BY-4.0,permitted_with_attribution,open,CP23,CampoPrincipe,,,,,,,,,,not_available,source_missing,missing_source_asset,False,MOSAIQ clip is in the archive location scope but no WAV candidate exists.
isd_audio_793909e49ebfb2bd18ee,ISD,ISD_CampoPrincipe_CampoPrincipe1_CP3,train,https://doi.org/10.5281/zenodo.10672568,1.0.1-alpha.1,WAV_Granada_1.zip,Grenada WAV Files/CampoPrincipe/CP3.wav,extracted/WAV_Granada_1/Grenada WAV Files/CampoPrincipe/CP3.wav,https://zenodo.org/api/records/10672568/files/WAV_Granada_1.zip/content,CC-BY-4.0,permitted_with_attribution,open,CP3,CampoPrincipe,3b207a2ea533e172500e296ea30845379bb22231c86002ddf90a45f7314a0048,11927610,WAV,48000,2,1490944,31.061333333333334,31.06,float32,source_metadata_review_pending,materialized,matched,True,Matched by normalized GroupID and LocationID.
isd_audio_3f7e4352ac64bcb7e8ea,ISD,ISD_CampoPrincipe_CampoPrincipe1_CP4,train,https://doi.org/10.5281/zenodo.10672568,1.0.1-alpha.1,WAV_Granada_1.zip,Grenada WAV Files/CampoPrincipe/CP4.wav,extracted/WAV_Granada_1/Grenada WAV Files/CampoPrincipe/CP4.wav,https://zenodo.org/api/records/10672568/files/WAV_Granada_1.zip/content,CC-BY-4.0,permitted_with_attribution,open,CP4,CampoPrincipe,0474d2e008eefc0293f3486a961b3222f646ee664253e95ba9693438b20dc87c,12550202,WAV,48000,2,1568768,32.68266666666667,32.68,float32,source_metadata_review_pending,materialized,matched,True,Matched by normalized GroupID and LocationID.
isd_audio_b66092be27a8a78797a3,ISD,ISD_CampoPrincipe_CampoPrincipe1_CP5,train,https://doi.org/10.5281/zenodo.10672568,1.0.1-alpha.1,WAV_Granada_1.zip,Grenada WAV Files/CampoPrincipe/CP5.wav,extracted/WAV_Granada_1/Grenada WAV Files/CampoPrincipe/CP5.wav,https://zenodo.org/api/records/10672568/files/WAV_Granada_1.zip/content,CC-BY-4.0,permitted_with_attribution,open,CP5,CampoPrincipe,6b7cef9644f7d54bac040ca2e442e0ea1102d9325f2338adaf6084e506062740,11894842,WAV,48000,2,1486848,30.976,30.98,float32,source_metadata_review_pending,materialized,matched,True,Matched by normalized GroupID and LocationID.
isd_audio_a283b7e393322ebcd805,ISD,ISD_CampoPrincipe_CampoPrincipe1_CP6,train,https://doi.org/10.5281/zenodo.10672568,1.0.1-alpha.1,WAV_Granada_1.zip,Grenada WAV Files/CampoPrincipe/CP6.wav,extracted/WAV_Granada_1/Grenada WAV Files/CampoPrincipe/CP6.wav,https://zenodo.org/api/records/10672568/files/WAV_Granada_1.zip/content,CC-BY-4.0,permitted_with_attribution,open,CP6,CampoPrincipe,daa045165be62a19839a8922f4b324e9c7cf8343db7e1de8c90f89a246a3d7a3,10625082,WAV,44100,2,1328128,30.116281179138323,30.12,float32,source_metadata_review_pending,materialized,matched,True,Matched by normalized GroupID and LocationID.
isd_audio_2ea14335debcab3930e7,ISD,ISD_CampoPrincipe_CampoPrincipe1_CP7,train,https://doi.org/10.5281/zenodo.10672568,1.0.1-alpha.1,WAV_Granada_1.zip,Grenada WAV Files/CampoPrincipe/CP7.wav,extracted/WAV_Granada_1/Grenada WAV Files/CampoPrincipe/CP7.wav,https://zenodo.org/api/records/10672568/files/WAV_Granada_1.zip/content,CC-BY-4.0,permitted_with_attribution,open,CP7,CampoPrincipe,07a83c7c8d17c6cbd4cc609c3e6f88d8e3e66dd7c14e15c6c60b269970f68b8c,10821690,WAV,44100,2,1352704,30.67356009070295,30.67,float32,source_metadata_review_pending,materialized,matched,True,Matched by normalized GroupID and LocationID.
isd_audio_27aa276a097f30e30fc6,ISD,ISD_CampoPrincipe_CampoPrincipe1_CP8,train,https://doi.org/10.5281/zenodo.10672568,1.0.1-alpha.1,WAV_Granada_1.zip,Grenada WAV Files/CampoPrincipe/CP8.wav,extracted/WAV_Granada_1/Grenada WAV Files/CampoPrincipe/CP8.wav,https://zenodo.org/api/records/10672568/files/WAV_Granada_1.zip/content,CC-BY-4.0,permitted_with_attribution,open,CP8,CampoPrincipe,65ee709de5a27c8033c433bbaa29c492624c44271f99bbdbd7dae3a257c8a9fd,10788922,WAV,44100,2,1348608,30.580680272108843,30.58,float32,source_metadata_review_pending,materialized,matched,True,Matched by normalized GroupID and LocationID.
isd_audio_70615b0a74998d5128d9,ISD,ISD_CampoPrincipe_CampoPrincipe1_CP9,train,https://doi.org/10.5281/zenodo.10672568,1.0.1-alpha.1,WAV_Granada_1.zip,Grenada WAV Files/CampoPrincipe/CP9.wav,extracted/WAV_Granada_1/Grenada WAV Files/CampoPrincipe/CP9.wav,https://zenodo.org/api/records/10672568/files/WAV_Granada_1.zip/content,CC-BY-4.0,permitted_with_attribution,open,CP9,CampoPrincipe,aa2f97a4d704969bf6a6d3462bf7d4946136d05e4a5c62144fa13916ff38c14c,10453050,WAV,44100,2,1306624,29.628662131519274,29.63,float32,source_metadata_review_pending,materialized,matched,True,Matched by normalized GroupID and LocationID.
isd_audio_missing_83234b983ee5641a,ISD,ISD_CarloV_CarloV1_CV11,train,https://doi.org/10.5281/zenodo.10672568,1.0.1-alpha.1,WAV_Granada_1.zip;WAV_Groningen_1.zip;WAV_London_1.zip;WAV_London_2.zip;WAV_London_3.zip;WAV_London_4.zip;WAV_Venice_1.zip,,,https://doi.org/10.5281/zenodo.10672568,CC-BY-4.0,permitted_with_attribution,open,CV11,CarloV,,,,,,,,,,not_available,source_missing,missing_source_asset,False,MOSAIQ clip is in the archive location scope but no WAV candidate exists.
isd_audio_efd17e6473816f73c8c6,ISD,ISD_CarloV_CarloV1_CV12,train,https://doi.org/10.5281/zenodo.10672568,1.0.1-alpha.1,WAV_Granada_1.zip,Grenada WAV Files/CarloV/CV12.wav,extracted/WAV_Granada_1/Grenada WAV Files/CarloV/CV12.wav,https://zenodo.org/api/records/10672568/files/WAV_Granada_1.zip/content,CC-BY-4.0,permitted_with_attribution,open,CV12,CarloV,7d3fecc8e7b0cb661b30acde5e585801cb25dccb3d896f095b948202332e38e9,11911226,WAV,48000,2,1488896,31.018666666666668,31.02,float32,source_metadata_review_pending,materialized,matched,True,Matched by normalized GroupID and LocationID.
isd_audio_missing_c20f2b3c27513c0e,ISD,ISD_CarloV_CarloV1_CV13,train,https://doi.org/10.5281/zenodo.10672568,1.0.1-alpha.1,WAV_Granada_1.zip;WAV_Groningen_1.zip;WAV_London_1.zip;WAV_London_2.zip;WAV_London_3.zip;WAV_London_4.zip;WAV_Venice_1.zip,,,https://doi.org/10.5281/zenodo.10672568,CC-BY-4.0,permitted_with_attribution,open,CV13,CarloV,,,,,,,,,,not_available,source_missing,missing_source_asset,False,MOSAIQ clip is in the archive location scope but no WAV candidate exists.
isd_audio_25fffacb926605d58135,ISD,ISD_CarloV_CarloV1_CV14,train,https://doi.org/10.5281/zenodo.10672568,1.0.1-alpha.1,WAV_Granada_1.zip,Grenada WAV Files/CarloV/CV14.wav,extracted/WAV_Granada_1/Grenada WAV Files/CarloV/CV14.wav,https://zenodo.org/api/records/10672568/files/WAV_Granada_1.zip/content,CC-BY-4.0,permitted_with_attribution,open,CV14,CarloV,52460c4e58e6ef5cb05c34ffc6ab433fa2b638a329c01748359daec9a561b40c,11747386,WAV,48000,2,1468416,30.592,30.59,float32,source_metadata_review_pending,materialized,matched,True,Matched by normalized GroupID and LocationID.
isd_audio_c319f9654aba7296822e,ISD,ISD_CarloV_CarloV1_CV15,train,https://doi.org/10.5281/zenodo.10672568,1.0.1-alpha.1,WAV_Granada_1.zip,Grenada WAV Files/CarloV/CV15.wav,extracted/WAV_Granada_1/Grenada WAV Files/CarloV/CV15.wav,https://zenodo.org/api/records/10672568/files/WAV_Granada_1.zip/content,CC-BY-4.0,permitted_with_attribution,open,CV15,CarloV,c44407c0aaa82a6e34e38f0f80d26d6c71db61567ac0eabd0e022113a0f64b21,11665466,WAV,48000,2,1458176,30.378666666666668,30.38,float32,source_metadata_review_pending,materialized,matched,True,Matched by normalized GroupID and LocationID.
isd_audio_666dd7d101f4caf585c4,ISD,ISD_CarloV_CarloV1_CV16,train,https://doi.org/10.5281/zenodo.10672568,1.0.1-alpha.1,WAV_Granada_1.zip,Grenada WAV Files/CarloV/CV16.wav,extracted/WAV_Granada_1/Grenada WAV Files/CarloV/CV16.wav,https://zenodo.org/api/records/10672568/files/WAV_Granada_1.zip/content,CC-BY-4.0,permitted_with_attribution,open,CV16,CarloV,4bdf7027c16f6d7eaf651d55fba9d734332d75529f941d1c0f51de00ebb355e9,11796538,WAV,48000,2,1474560,30.72,30.72,float32,source_metadata_review_pending,materialized,matched,True,Matched by normalized GroupID and LocationID.
isd_audio_missing_a05c2161e04322be,ISD,ISD_CarloV_CarloV1_CV17,train,https://doi.org/10.5281/zenodo.10672568,1.0.1-alpha.1,WAV_Granada_1.zip;WAV_Groningen_1.zip;WAV_London_1.zip;WAV_London_2.zip;WAV_London_3.zip;WAV_London_4.zip;WAV_Venice_1.zip,,,https://doi.org/10.5281/zenodo.10672568,CC-BY-4.0,permitted_with_attribution,open,CV17,CarloV,,,,,,,,,,not_available,source_missing,missing_source_asset,False,MOSAIQ clip is in the archive location scope but no WAV candidate exists.
isd_audio_missing_fa405cd37f9d42b7,ISD,ISD_CarloV_CarloV1_CV21,train,https://doi.org/10.5281/zenodo.10672568,1.0.1-alpha.1,WAV_Granada_1.zip;WAV_Groningen_1.zip;WAV_London_1.zip;WAV_London_2.zip;WAV_London_3.zip;WAV_London_4.zip;WAV_Venice_1.zip,,,https://doi.org/10.5281/zenodo.10672568,CC-BY-4.0,permitted_with_attribution,open,CV21,CarloV,,,,,,,,,,not_available,source_missing,missing_source_asset,False,MOSAIQ clip is in the archive location scope but no WAV candidate exists.
isd_audio_6db6c7516b86e6f70689,ISD,ISD_CarloV_CarloV1_CV210,train,https://doi.org/10.5281/zenodo.10672568,1.0.1-alpha.1,WAV_Granada_1.zip,Grenada WAV Files/CarloV/CV210.wav,extracted/WAV_Granada_1/Grenada WAV Files/CarloV/CV210.wav,https://zenodo.org/api/records/10672568/files/WAV_Granada_1.zip/content,CC-BY-4.0,permitted_with_attribution,open,CV210,CarloV,ed8c928caf46f98ac91b662c06045b045bde18ef7147bcb60271147813f4b2e8,12091450,WAV,48000,2,1511424,31.488,31.49,float32,source_metadata_review_pending,materialized,matched,True,Matched by normalized GroupID and LocationID.
isd_audio_missing_f59515919f8312f6,ISD,ISD_CarloV_CarloV1_CV211,train,https://doi.org/10.5281/zenodo.10672568,1.0.1-alpha.1,WAV_Granada_1.zip;WAV_Groningen_1.zip;WAV_London_1.zip;WAV_London_2.zip;WAV_London_3.zip;WAV_London_4.zip;WAV_Venice_1.zip,,,https://doi.org/10.5281/zenodo.10672568,CC-BY-4.0,permitted_with_attribution,open,CV211,CarloV,,,,,,,,,,not_available,source_missing,missing_source_asset,False,MOSAIQ clip is in the archive location scope but no WAV candidate exists.
isd_audio_875c048836d47455f9fc,ISD,ISD_CarloV_CarloV1_CV212,train,https://doi.org/10.5281/zenodo.10672568,1.0.1-alpha.1,WAV_Granada_1.zip,Grenada WAV Files/CarloV/CV212.wav,extracted/WAV_Granada_1/Grenada WAV Files/CarloV/CV212.wav,https://zenodo.org/api/records/10672568/files/WAV_Granada_1.zip/content,CC-BY-4.0,permitted_with_attribution,open,CV212,CarloV,6477f36a1e2c74ad729e95b67555e9a21d8044c149e1217c7296e85475959035,11862074,WAV,48000,2,1482752,30.890666666666668,30.89,float32,source_metadata_review_pending,materialized,matched,True,Matched by normalized GroupID and LocationID.
isd_audio_ff02b30ec0fe8f96c67b,ISD,ISD_CarloV_CarloV1_CV214,train,https://doi.org/10.5281/zenodo.10672568,1.0.1-alpha.1,WAV_Granada_1.zip,Grenada WAV Files/CarloV/CV214.wav,extracted/WAV_Granada_1/Grenada WAV Files/CarloV/CV214.wav,https://zenodo.org/api/records/10672568/files/WAV_Granada_1.zip/content,CC-BY-4.0,permitted_with_attribution,open,CV214,CarloV,51a877fc9403ce685d57bcf7a1efc161c9966a1e3f874a26201bb4f7efcf3dfa,11780154,WAV,48000,2,1472512,30.677333333333333,30.68,float32,source_metadata_review_pending,materialized,matched,True,Matched by normalized GroupID and LocationID.
isd_audio_3ca3c9a28c013f814900,ISD,ISD_CarloV_CarloV1_CV22,train,https://doi.org/10.5281/zenodo.10672568,1.0.1-alpha.1,WAV_Granada_1.zip,Grenada WAV Files/CarloV/CV22.wav,extracted/WAV_Granada_1/Grenada WAV Files/CarloV/CV22.wav,https://zenodo.org/api/records/10672568/files/WAV_Granada_1.zip/content,CC-BY-4.0,permitted_with_attribution,open,CV22,CarloV,a112d1a70755e17658849ccb7235358bb93d8cf77a5a4e58aac48a9f2dcc99cb,12075066,WAV,48000,2,1509376,31.445333333333334,31.45,float32,source_metadata_review_pending,materialized,matched,True,Matched by normalized GroupID and LocationID.
isd_audio_66e0b3e2e34853d8c5ec,ISD,ISD_CarloV_CarloV1_CV23,train,https://doi.org/10.5281/zenodo.10672568,1.0.1-alpha.1,WAV_Granada_1.zip,Grenada WAV Files/CarloV/CV23.wav,extracted/WAV_Granada_1/Grenada WAV Files/CarloV/CV23.wav,https://zenodo.org/api/records/10672568/files/WAV_Granada_1.zip/content,CC-BY-4.0,permitted_with_attribution,open,CV23,CarloV,614c2d6a3772c71f4388ad35f56d643c5ea18143926d7652ea9ee8c6e43f4703,12058682,WAV,48000,2,1507328,31.402666666666665,31.4,float32,source_metadata_review_pending,materialized,matched,True,Matched by normalized GroupID and LocationID.
isd_audio_missing_1311ed27313b4abc,ISD,ISD_CarloV_CarloV1_CV24,train,https://doi.org/10.5281/zenodo.10672568,1.0.1-alpha.1,WAV_Granada_1.zip;WAV_Groningen_1.zip;WAV_London_1.zip;WAV_London_2.zip;WAV_London_3.zip;WAV_London_4.zip;WAV_Venice_1.zip,,,https://doi.org/10.5281/zenodo.10672568,CC-BY-4.0,permitted_with_attribution,open,CV24,CarloV,,,,,,,,,,not_available,source_missing,missing_source_asset,False,MOSAIQ clip is in the archive location scope but no WAV candidate exists.
isd_audio_missing_9ee762fc5f686b92,ISD,ISD_CarloV_CarloV1_CV25,train,https://doi.org/10.5281/zenodo.10672568,1.0.1-alpha.1,WAV_Granada_1.zip;WAV_Groningen_1.zip;WAV_London_1.zip;WAV_London_2.zip;WAV_London_3.zip;WAV_London_4.zip;WAV_Venice_1.zip,,,https://doi.org/10.5281/zenodo.10672568,CC-BY-4.0,permitted_with_attribution,open,CV25,CarloV,,,,,,,,,,not_available,source_missing,missing_source_asset,False,MOSAIQ clip is in the archive location scope but no WAV candidate exists.
isd_audio_missing_3f46edbd059b6fd1,ISD,ISD_CarloV_CarloV1_CV26,train,https://doi.org/10.5281/zenodo.10672568,1.0.1-alpha.1,WAV_Granada_1.zip;WAV_Groningen_1.zip;WAV_London_1.zip;WAV_London_2.zip;WAV_London_3.zip;WAV_London_4.zip;WAV_Venice_1.zip,,,https://doi.org/10.5281/zenodo.10672568,CC-BY-4.0,permitted_with_attribution,open,CV26,CarloV,,,,,,,,,,not_available,source_missing,missing_source_asset,False,MOSAIQ clip is in the archive location scope but no WAV candidate exists.
isd_audio_3f9d0b4ee0755b5d7d84,ISD,ISD_CarloV_CarloV1_CV27,train,https://doi.org/10.5281/zenodo.10672568,1.0.1-alpha.1,WAV_Granada_1.zip,Grenada WAV Files/CarloV/CV27.wav,extracted/WAV_Granada_1/Grenada WAV Files/CarloV/CV27.wav,https://zenodo.org/api/records/10672568/files/WAV_Granada_1.zip/content,CC-BY-4.0,permitted_with_attribution,open,CV27,CarloV,beea5bc7bb7a3d0d0ec221690f83bbd6b94d514b89733faac470d75c19864c2b,11714618,WAV,48000,2,1464320,30.506666666666668,30.51,float32,source_metadata_review_pending,materialized,matched,True,Matched by normalized GroupID and LocationID.
isd_audio_9601e455a23c7529af33,ISD,ISD_CarloV_CarloV1_CV28,train,https://doi.org/10.5281/zenodo.10672568,1.0.1-alpha.1,WAV_Granada_1.zip,Grenada WAV Files/CarloV/CV28.wav,extracted/WAV_Granada_1/Grenada WAV Files/CarloV/CV28.wav,https://zenodo.org/api/records/10672568/files/WAV_Granada_1.zip/content,CC-BY-4.0,permitted_with_attribution,open,CV28,CarloV,25a1cd0c786f7249d2b41545a6593732dfed7491c4663da7860ed54c4c313965,11763770,WAV,48000,2,1470464,30.634666666666668,30.63,float32,source_metadata_review_pending,materialized,matched,True,Matched by normalized GroupID and LocationID.
isd_audio_missing_ad1e344a8f8889e7,ISD,ISD_CarloV_CarloV1_CV29,train,https://doi.org/10.5281/zenodo.10672568,1.0.1-alpha.1,WAV_Granada_1.zip;WAV_Groningen_1.zip;WAV_London_1.zip;WAV_London_2.zip;WAV_London_3.zip;WAV_London_4.zip;WAV_Venice_1.zip,,,https://doi.org/10.5281/zenodo.10672568,CC-BY-4.0,permitted_with_attribution,open,CV29,CarloV,,,,,,,,,,not_available,source_missing,missing_source_asset,False,MOSAIQ clip is in the archive location scope but no WAV candidate exists.
isd_audio_6a57a59ee4c2bb6dca60,ISD,ISD_CarloV_CarloV1_CV31,train,https://doi.org/10.5281/zenodo.10672568,1.0.1-alpha.1,WAV_Granada_1.zip,Grenada WAV Files/CarloV/CV31.wav,extracted/WAV_Granada_1/Grenada WAV Files/CarloV/CV31.wav,https://zenodo.org/api/records/10672568/files/WAV_Granada_1.zip/content,CC-BY-4.0,permitted_with_attribution,open,CV31,CarloV,53bda3f875d4194abba3385c40e41a5c2aeb49c501feaa54a80db4bab92f2032,12648506,WAV,48000,2,1581056,32.93866666666667,32.94,float32,source_metadata_review_pending,materialized,matched,True,Matched by normalized GroupID and LocationID.
isd_audio_missing_233280be76bbf5f8,ISD,ISD_CarloV_CarloV1_CV310,train,https://doi.org/10.5281/zenodo.10672568,1.0.1-alpha.1,WAV_Granada_1.zip;WAV_Groningen_1.zip;WAV_London_1.zip;WAV_London_2.zip;WAV_London_3.zip;WAV_London_4.zip;WAV_Venice_1.zip,,,https://doi.org/10.5281/zenodo.10672568,CC-BY-4.0,permitted_with_attribution,open,CV310,CarloV,,,,,,,,,,not_available,source_missing,missing_source_asset,False,MOSAIQ clip is in the archive location scope but no WAV candidate exists.
isd_audio_missing_3ab8602fc647af17,ISD,ISD_CarloV_CarloV1_CV32,train,https://doi.org/10.5281/zenodo.10672568,1.0.1-alpha.1,WAV_Granada_1.zip;WAV_Groningen_1.zip;WAV_London_1.zip;WAV_London_2.zip;WAV_London_3.zip;WAV_London_4.zip;WAV_Venice_1.zip,,,https://doi.org/10.5281/zenodo.10672568,CC-BY-4.0,permitted_with_attribution,open,CV32,CarloV,,,,,,,,,,not_available,source_missing,missing_source_asset,False,MOSAIQ clip is in the archive location scope but no WAV candidate exists.
isd_audio_88c7f1915764af2734ec,ISD,ISD_CarloV_CarloV1_CV33,train,https://doi.org/10.5281/zenodo.10672568,1.0.1-alpha.1,WAV_Granada_1.zip,Grenada WAV Files/CarloV/CV33.wav,extracted/WAV_Granada_1/Grenada WAV Files/CarloV/CV33.wav,https://zenodo.org/api/records/10672568/files/WAV_Granada_1.zip/content,CC-BY-4.0,permitted_with_attribution,open,CV33,CarloV,29dba0c5ede73782a35e3c3c075599359e87ad30298b67c47f5ad2b71936212c,9216058,WAV,48000,2,1152000,24.0,24.0,float32,source_metadata_review_pending,materialized,matched,True,Matched by normalized GroupID and LocationID.
isd_audio_5b5c24b185955d0693af,ISD,ISD_CarloV_CarloV1_CV35,train,https://doi.org/10.5281/zenodo.10672568,1.0.1-alpha.1,WAV_Granada_1.zip,Grenada WAV Files/CarloV/CV35.wav,extracted/WAV_Granada_1/Grenada WAV Files/CarloV/CV35.wav,https://zenodo.org/api/records/10672568/files/WAV_Granada_1.zip/content,CC-BY-4.0,permitted_with_attribution,open,CV35,CarloV,be22fcbf40ca8721f8358613a1e7d6944f9212a3d884f1ce7305285fcdbfbb9c,11878458,WAV,48000,2,1484800,30.933333333333334,30.93,float32,source_metadata_review_pending,materialized,matched,True,Matched by normalized GroupID and LocationID.
isd_audio_23dd6bd1612362c7a920,ISD,ISD_CarloV_CarloV1_CV37,train,https://doi.org/10.5281/zenodo.10672568,1.0.1-alpha.1,WAV_Granada_1.zip,Grenada WAV Files/CarloV/CV37.wav,extracted/WAV_Granada_1/Grenada WAV Files/CarloV/CV37.wav,https://zenodo.org/api/records/10672568/files/WAV_Granada_1.zip/content,CC-BY-4.0,permitted_with_attribution,open,CV37,CarloV,d81ccb5d986187b3f23bcca313c2decadbe08310b4d475d8aaf2ce9c3c179125,11763770,WAV,48000,2,1470464,30.634666666666668,30.63,float32,source_metadata_review_pending,materialized,matched,True,Matched by normalized GroupID and LocationID.
isd_audio_5174b69f3ed20286dad7,ISD,ISD_CarloV_CarloV1_CV38,train,https://doi.org/10.5281/zenodo.10672568,1.0.1-alpha.1,WAV_Granada_1.zip,Grenada WAV Files/CarloV/CV38.wav,extracted/WAV_Granada_1/Grenada WAV Files/CarloV/CV38.wav,https://zenodo.org/api/records/10672568/files/WAV_Granada_1.zip/content,CC-BY-4.0,permitted_with_attribution,open,CV38,CarloV,eb9829f9646425ab6ceba7fa767d3b561e9866502f2bdfa1eef7e5b16a0d91a1,12321850,WAV,48000,2,1540224,32.088,32.09,float32,source_metadata_review_pending,materialized,matched,True,Matched by normalized GroupID and LocationID.
isd_audio_d8caa29621f570252088,ISD,ISD_CarloV_CarloV1_CV39,train,https://doi.org/10.5281/zenodo.10672568,1.0.1-alpha.1,WAV_Granada_1.zip,Grenada WAV Files/CarloV/CV39.wav,extracted/WAV_Granada_1/Grenada WAV Files/CarloV/CV39.wav,https://zenodo.org/api/records/10672568/files/WAV_Granada_1.zip/content,CC-BY-4.0,permitted_with_attribution,open,CV39,CarloV,b28cb2c534375f446bd6d2872772c0857dd48ad1ecee8214f8574277e9f44787,12222522,WAV,48000,2,1527808,31.829333333333334,31.83,float32,source_metadata_review_pending,materialized,matched,True,Matched by normalized GroupID and LocationID.
isd_audio_d9514e7daabfaaa51759,ISD,ISD_CarloV_CarloV1_CV41,train,https://doi.org/10.5281/zenodo.10672568,1.0.1-alpha.1,WAV_Granada_1.zip,Grenada WAV Files/CarloV/CV41.wav,extracted/WAV_Granada_1/Grenada WAV Files/CarloV/CV41.wav,https://zenodo.org/api/records/10672568/files/WAV_Granada_1.zip/content,CC-BY-4.0,permitted_with_attribution,open,CV41,CarloV,789e908ba55f92b3b224e3fd12a89fca5340e9bb086086494c77583173df6219,11599930,WAV,48000,2,1449984,30.208,30.21,float32,source_metadata_review_pending,materialized,matched,True,Matched by normalized GroupID and LocationID.
isd_audio_c8693be2ac04b57b6247,ISD,ISD_CarloV_CarloV1_CV42,train,https://doi.org/10.5281/zenodo.10672568,1.0.1-alpha.1,WAV_Granada_1.zip,Grenada WAV Files/CarloV/CV42.wav,extracted/WAV_Granada_1/Grenada WAV Files/CarloV/CV42.wav,https://zenodo.org/api/records/10672568/files/WAV_Granada_1.zip/content,CC-BY-4.0,permitted_with_attribution,open,CV42,CarloV,eebb21d47e3e44c159cdbe5a8a302eaf2f67e4206c98050a4770b25fd72e801d,11649082,WAV,48000,2,1456128,30.336,30.34,float32,source_metadata_review_pending,materialized,matched,True,Matched by normalized GroupID and LocationID.
isd_audio_df78be848fb763a4761f,ISD,ISD_CarloV_CarloV1_CV43,train,https://doi.org/10.5281/zenodo.10672568,1.0.1-alpha.1,WAV_Granada_1.zip,Grenada WAV Files/CarloV/CV43.wav,extracted/WAV_Granada_1/Grenada WAV Files/CarloV/CV43.wav,https://zenodo.org/api/records/10672568/files/WAV_Granada_1.zip/content,CC-BY-4.0,permitted_with_attribution,open,CV43,CarloV,7d488a916275e0962df0f10ca18074ab5307fbde0a0d9e1b37be18093eee2d2c,13221946,WAV,48000,2,1652736,34.432,34.43,float32,source_metadata_review_pending,materialized,matched,True,Matched by normalized GroupID and LocationID.
isd_audio_missing_84462f2257cfd85c,ISD,ISD_CarloV_CarloV1_CV44,excluded,https://doi.org/10.5281/zenodo.10672568,1.0.1-alpha.1,WAV_Granada_1.zip;WAV_Groningen_1.zip;WAV_London_1.zip;WAV_London_2.zip;WAV_London_3.zip;WAV_London_4.zip;WAV_Venice_1.zip,,,https://doi.org/10.5281/zenodo.10672568,CC-BY-4.0,permitted_with_attribution,open,CV44,CarloV,,,,,,,,,,not_available,source_missing,missing_source_asset,False,MOSAIQ clip is in the archive location scope but no WAV candidate exists.
isd_audio_a0f2c72cabbadac4ee68,ISD,ISD_CarloV_CarloV1_CV45,train,https://doi.org/10.5281/zenodo.10672568,1.0.1-alpha.1,WAV_Granada_1.zip,Grenada WAV Files/CarloV/CV45.wav,extracted/WAV_Granada_1/Grenada WAV Files/CarloV/CV45.wav,https://zenodo.org/api/records/10672568/files/WAV_Granada_1.zip/content,CC-BY-4.0,permitted_with_attribution,open,CV45,CarloV,48919ed4bd6c55c6b91fa5b3ba6ec0e45e8a55f93186f4a10d3351102fb81285,11763770,WAV,48000,2,1470464,30.634666666666668,30.63,float32,source_metadata_review_pending,materialized,matched,True,Matched by normalized GroupID and LocationID.
isd_audio_0ecf8b69f1c57cf78b40,ISD,ISD_CarloV_CarloV2_2CV11,train,https://doi.org/10.5281/zenodo.10672568,1.0.1-alpha.1,WAV_Granada_1.zip,Grenada WAV Files/CarloV/2CV11.wav,extracted/WAV_Granada_1/Grenada WAV Files/CarloV/2CV11.wav,https://zenodo.org/api/records/10672568/files/WAV_Granada_1.zip/content,CC-BY-4.0,permitted_with_attribution,open,2CV11,CarloV,64dff6fac9a0de38f51e4d2b1fb4086b3754c0c889bed7dc2efd20939459632f,11018298,WAV,44100,2,1377280,31.230839002267572,31.23,float32,source_metadata_review_pending,materialized,matched,True,Matched by normalized GroupID and LocationID.
isd_audio_e2a98ad3b349d74622fa,ISD,ISD_CarloV_CarloV2_2CV12,train,https://doi.org/10.5281/zenodo.10672568,1.0.1-alpha.1,WAV_Granada_1.zip,Grenada WAV Files/CarloV/2CV12.wav,extracted/WAV_Granada_1/Grenada WAV Files/CarloV/2CV12.wav,https://zenodo.org/api/records/10672568/files/WAV_Granada_1.zip/content,CC-BY-4.0,permitted_with_attribution,open,2CV12,CarloV,5e90215d87ce0f1729c9d9d92ca5787359ea9d5fafa2bb91a83f21832fc88aea,10895418,WAV,44100,2,1361920,30.882539682539683,30.88,float32,source_metadata_review_pending,materialized,matched,True,Matched by normalized GroupID and LocationID.
isd_audio_9e204fcf3a15179455d3,ISD,ISD_CarloV_CarloV2_2CV13,train,https://doi.org/10.5281/zenodo.10672568,1.0.1-alpha.1,WAV_Granada_1.zip,Grenada WAV Files/CarloV/2CV13.wav,extracted/WAV_Granada_1/Grenada WAV Files/CarloV/2CV13.wav,https://zenodo.org/api/records/10672568/files/WAV_Granada_1.zip/content,CC-BY-4.0,permitted_with_attribution,open,2CV13,CarloV,a2ba44eb85fc9f96d7637273a7f5e2a5018359db59556b6caf8e90247535e917,10862650,WAV,44100,2,1357824,30.789659863945577,30.79,float32,source_metadata_review_pending,materialized,matched,True,Matched by normalized GroupID and LocationID.
isd_audio_e97f2670b045774b97ab,ISD,ISD_CarloV_CarloV2_2CV14,train,https://doi.org/10.5281/zenodo.10672568,1.0.1-alpha.1,WAV_Granada_1.zip,Grenada WAV Files/CarloV/2CV14.wav,extracted/WAV_Granada_1/Grenada WAV Files/CarloV/2CV14.wav,https://zenodo.org/api/records/10672568/files/WAV_Granada_1.zip/content,CC-BY-4.0,permitted_with_attribution,open,2CV14,CarloV,43be25e07c2fdb6e101758753077f92271a8a8d50642c6a14c6337d36af96d50,10854458,WAV,44100,2,1356800,30.766439909297052,30.77,float32,source_metadata_review_pending,materialized,matched,True,Matched by normalized GroupID and LocationID.
isd_audio_4e85aafabb07693d8433,ISD,ISD_CarloV_CarloV2_2CV15,train,https://doi.org/10.5281/zenodo.10672568,1.0.1-alpha.1,WAV_Granada_1.zip,Grenada WAV Files/CarloV/2CV15.wav,extracted/WAV_Granada_1/Grenada WAV Files/CarloV/2CV15.wav,https://zenodo.org/api/records/10672568/files/WAV_Granada_1.zip/content,CC-BY-4.0,permitted_with_attribution,open,2CV15,CarloV,77265baebdc199742facbb116a08b205ae2e314a2ca2513d7098e1202805c9d2,10846266,WAV,44100,2,1355776,30.743219954648527,30.74,float32,source_metadata_review_pending,materialized,matched,True,Matched by normalized GroupID and LocationID.
isd_audio_c7da64b36e35997524ae,ISD,ISD_CarloV_CarloV2_2CV21,excluded,https://doi.org/10.5281/zenodo.10672568,1.0.1-alpha.1,WAV_Granada_1.zip,Grenada WAV Files/CarloV/2CV21.wav,extracted/WAV_Granada_1/Grenada WAV Files/CarloV/2CV21.wav,https://zenodo.org/api/records/10672568/files/WAV_Granada_1.zip/content,CC-BY-4.0,permitted_with_attribution,open,2CV21,CarloV,77d81cc4865bdf215b34d2b0c45e22b13efcf3c920311d3cc85a1e20dcf6e786,10747962,WAV,44100,2,1343488,30.464580498866212,30.46,float32,source_metadata_review_pending,materialized,matched,False,Matched by normalized GroupID and LocationID. Linked clip is excluded by the frozen split.
isd_audio_29b0a7f07c19bb453521,ISD,ISD_CarloV_CarloV2_2CV22,train,https://doi.org/10.5281/zenodo.10672568,1.0.1-alpha.1,WAV_Granada_1.zip,Grenada WAV Files/CarloV/2CV22.wav,extracted/WAV_Granada_1/Grenada WAV Files/CarloV/2CV22.wav,https://zenodo.org/api/records/10672568/files/WAV_Granada_1.zip/content,CC-BY-4.0,permitted_with_attribution,open,2CV22,CarloV,839647214c1ea886dac84be40cc3ba6d1a13303a15c2f247c3a8bf86d15e15b4,11190330,WAV,44100,2,1398784,31.71845804988662,31.72,float32,source_metadata_review_pending,materialized,matched,True,Matched by normalized GroupID and LocationID.
isd_audio_c309e7138954dada6c45,ISD,ISD_CarloV_CarloV2_2CV23,train,https://doi.org/10.5281/zenodo.10672568,1.0.1-alpha.1,WAV_Granada_1.zip,Grenada WAV Files/CarloV/2CV23.wav,extracted/WAV_Granada_1/Grenada WAV Files/CarloV/2CV23.wav,https://zenodo.org/api/records/10672568/files/WAV_Granada_1.zip/content,CC-BY-4.0,permitted_with_attribution,open,2CV23,CarloV,5e65d5491a5aba484edf0c6357a17ef6d6b7c081f955ef6e2c5adbe8b4cca557,6940890,WAV,44100,2,867604,19.67356009070295,19.67,float32,source_metadata_review_pending,materialized,matched,True,Matched by normalized GroupID and LocationID.
isd_audio_missing_1295526078b09e20,ISD,ISD_CarloV_CarloV2_2CV24,train,https://doi.org/10.5281/zenodo.10672568,1.0.1-alpha.1,WAV_Granada_1.zip;WAV_Groningen_1.zip;WAV_London_1.zip;WAV_London_2.zip;WAV_London_3.zip;WAV_London_4.zip;WAV_Venice_1.zip,,,https://doi.org/10.5281/zenodo.10672568,CC-BY-4.0,permitted_with_attribution,open,2CV24,CarloV,,,,,,,,,,not_available,source_missing,missing_source_asset,False,MOSAIQ clip is in the archive location scope but no WAV candidate exists.
isd_audio_016d935f17b59ba53b76,ISD,ISD_CarloV_CarloV2_2CV25,train,https://doi.org/10.5281/zenodo.10672568,1.0.1-alpha.1,WAV_Granada_1.zip,Grenada WAV Files/CarloV/2CV25.wav,extracted/WAV_Granada_1/Grenada WAV Files/CarloV/2CV25.wav,https://zenodo.org/api/records/10672568/files/WAV_Granada_1.zip/content,CC-BY-4.0,permitted_with_attribution,open,2CV25,CarloV,f46579e3f2a0d745c7740120e4dbea83e4bbb4e0051f68bd65e4bcd14f375708,10813498,WAV,44100,2,1351680,30.65034013605442,30.65,float32,source_metadata_review_pending,materialized,matched,True,Matched by normalized GroupID and LocationID.
isd_audio_ea8d6cddfc25e1db6bf1,ISD,ISD_CarloV_CarloV2_2CV31,train,https://doi.org/10.5281/zenodo.10672568,1.0.1-alpha.1,WAV_Granada_1.zip,Grenada WAV Files/CarloV/2CV31.wav,extracted/WAV_Granada_1/Grenada WAV Files/CarloV/2CV31.wav,https://zenodo.org/api/records/10672568/files/WAV_Granada_1.zip/content,CC-BY-4.0,permitted_with_attribution,open,2CV31,CarloV,44bec63b1e4c08a6096b3e3fdaa1b941a4e882b069b7ed039c177b839200ab4e,10723386,WAV,44100,2,1340416,30.394920634920634,30.39,float32,source_metadata_review_pending,materialized,matched,True,Matched by normalized GroupID and LocationID.
isd_audio_cea75fdab8de0862d260,ISD,ISD_CarloV_CarloV2_2CV32,train,https://doi.org/10.5281/zenodo.10672568,1.0.1-alpha.1,WAV_Granada_1.zip,Grenada WAV Files/CarloV/2CV32.wav,extracted/WAV_Granada_1/Grenada WAV Files/CarloV/2CV32.wav,https://zenodo.org/api/records/10672568/files/WAV_Granada_1.zip/content,CC-BY-4.0,permitted_with_attribution,open,2CV32,CarloV,95c364b3999769a03c12b6466f1f6e74ab8bce44ed9bcc260381bee0a46b81d1,10854458,WAV,44100,2,1356800,30.766439909297052,30.77,float32,source_metadata_review_pending,materialized,matched,True,Matched by normalized GroupID and LocationID.
isd_audio_d9396d40d771e6a05c48,ISD,ISD_CarloV_CarloV2_2CV33,train,https://doi.org/10.5281/zenodo.10672568,1.0.1-alpha.1,WAV_Granada_1.zip,Grenada WAV Files/CarloV/2CV33.wav,extracted/WAV_Granada_1/Grenada WAV Files/CarloV/2CV33.wav,https://zenodo.org/api/records/10672568/files/WAV_Granada_1.zip/content,CC-BY-4.0,permitted_with_attribution,open,2CV33,CarloV,b95459dab75bf444324ee1c295c13ca5da1fccdf0ce9c949f8894dbef45c723a,10821690,WAV,44100,2,1352704,30.67356009070295,30.67,float32,source_metadata_review_pending,materialized,matched,True,Matched by normalized GroupID and LocationID.
isd_audio_745c2e92014141926e75,ISD,ISD_CarloV_CarloV2_2CV34,train,https://doi.org/10.5281/zenodo.10672568,1.0.1-alpha.1,WAV_Granada_1.zip,Grenada WAV Files/CarloV/2CV34.wav,extracted/WAV_Granada_1/Grenada WAV Files/CarloV/2CV34.wav,https://zenodo.org/api/records/10672568/files/WAV_Granada_1.zip/content,CC-BY-4.0,permitted_with_attribution,open,2CV34,CarloV,2203aa08c2a3bbe2192a8d3e30c4414466d5e01e9b2316ed902bf6e308ff257b,12451898,WAV,44100,2,1556480,35.294331065759636,35.29,float32,source_metadata_review_pending,materialized,matched,True,Matched by normalized GroupID and LocationID.
isd_audio_0580621c2cf881acbfef,ISD,ISD_CarloV_CarloV2_2CV41,train,https://doi.org/10.5281/zenodo.10672568,1.0.1-alpha.1,WAV_Granada_1.zip,Grenada WAV Files/CarloV/2CV41.wav,extracted/WAV_Granada_1/Grenada WAV Files/CarloV/2CV41.wav,https://zenodo.org/api/records/10672568/files/WAV_Granada_1.zip/content,CC-BY-4.0,permitted_with_attribution,open,2CV41,CarloV,f83c303e9e1f736068580e2b94f8d0cf1cef819e9f47ad9e77fe7a91c79ef4da,10960954,WAV,44100,2,1370112,31.068299319727892,31.07,float32,source_metadata_review_pending,materialized,matched,True,Matched by normalized GroupID and LocationID.
isd_audio_c8cc800ab8aaa04c8f68,ISD,ISD_CarloV_CarloV2_2CV51,train,https://doi.org/10.5281/zenodo.10672568,1.0.1-alpha.1,WAV_Granada_1.zip,Grenada WAV Files/CarloV/2CV51.wav,extracted/WAV_Granada_1/Grenada WAV Files/CarloV/2CV51.wav,https://zenodo.org/api/records/10672568/files/WAV_Granada_1.zip/content,CC-BY-4.0,permitted_with_attribution,open,2CV51,CarloV,168ce70c01c5532bc0f1f1dde71034330f4a9dd80caa8f93f554d0a5f2c0bf1a,10231258,WAV,44100,2,1278900,29.0,29.0,float32,source_metadata_review_pending,materialized,matched,True,Matched by normalized GroupID and LocationID.
isd_audio_missing_c50cf2b2848c8def,ISD,ISD_CarloV_CarloV2_2CV52,train,https://doi.org/10.5281/zenodo.10672568,1.0.1-alpha.1,WAV_Granada_1.zip;WAV_Groningen_1.zip;WAV_London_1.zip;WAV_London_2.zip;WAV_London_3.zip;WAV_London_4.zip;WAV_Venice_1.zip,,,https://doi.org/10.5281/zenodo.10672568,CC-BY-4.0,permitted_with_attribution,open,2CV52,CarloV,,,,,,,,,,not_available,source_missing,missing_source_asset,False,MOSAIQ clip is in the archive location scope but no WAV candidate exists.
isd_audio_6f994456131474ae4657,ISD,ISD_CarloV_CarloV2_2CV61,train,https://doi.org/10.5281/zenodo.10672568,1.0.1-alpha.1,WAV_Granada_1.zip,Grenada WAV Files/CarloV/2CV61.wav,extracted/WAV_Granada_1/Grenada WAV Files/CarloV/2CV61.wav,https://zenodo.org/api/records/10672568/files/WAV_Granada_1.zip/content,CC-BY-4.0,permitted_with_attribution,open,2CV61,CarloV,01abc8ad1850b71c2a087c6d41b3f893bd72095314b68c93699a1109d4e27f15,10821690,WAV,44100,2,1352704,30.67356009070295,30.67,float32,source_metadata_review_pending,materialized,matched,True,Matched by normalized GroupID and LocationID.
isd_audio_497788a91e5ff2c1631d,ISD,ISD_CarloV_CarloV2_2CV62,train,https://doi.org/10.5281/zenodo.10672568,1.0.1-alpha.1,WAV_Granada_1.zip,Grenada WAV Files/CarloV/2CV62.wav,extracted/WAV_Granada_1/Grenada WAV Files/CarloV/2CV62.wav,https://zenodo.org/api/records/10672568/files/WAV_Granada_1.zip/content,CC-BY-4.0,permitted_with_attribution,open,2CV62,CarloV,94a5bce7f765a4de88c715d8e2a601958c238e1281f28d9d805cbb8635273421,10854458,WAV,44100,2,1356800,30.766439909297052,30.77,float32,source_metadata_review_pending,materialized,matched,True,Matched by normalized GroupID and LocationID.
isd_audio_missing_9a27f503db9f43b4,ISD,ISD_CarloV_CarloV2_2CV7,train,https://doi.org/10.5281/zenodo.10672568,1.0.1-alpha.1,WAV_Granada_1.zip;WAV_Groningen_1.zip;WAV_London_1.zip;WAV_London_2.zip;WAV_London_3.zip;WAV_London_4.zip;WAV_Venice_1.zip,,,https://doi.org/10.5281/zenodo.10672568,CC-BY-4.0,permitted_with_attribution,open,2CV7,CarloV,,,,,,,,,,not_available,source_missing,missing_source_asset,False,MOSAIQ clip is in the archive location scope but no WAV candidate exists.
isd_audio_2b80389beab6f83e6fc5,ISD,ISD_EustonTap_EustonTap1_ET101,dev,https://doi.org/10.5281/zenodo.10672568,1.0.1-alpha.1,WAV_London_1.zip,WAV_London_1/EustonTap/ET101.wav,extracted/WAV_London_1/EustonTap/ET101.wav,https://zenodo.org/api/records/10672568/files/WAV_London_1.zip/content,CC-BY-4.0,permitted_with_attribution,open,ET101,EustonTap,4f242fbf3fbb47017cb559bb8c156de44c478526a728453546c324096bae1134,13189178,WAV,48000,2,1648640,34.346666666666664,34.35,float32,source_metadata_review_pending,materialized,matched,True,Matched by normalized GroupID and LocationID.
isd_audio_e532532bd0f9b2c18a12,ISD,ISD_EustonTap_EustonTap1_ET103,dev,https://doi.org/10.5281/zenodo.10672568,1.0.1-alpha.1,WAV_London_1.zip,WAV_London_1/EustonTap/ET103.wav,extracted/WAV_London_1/EustonTap/ET103.wav,https://zenodo.org/api/records/10672568/files/WAV_London_1.zip/content,CC-BY-4.0,permitted_with_attribution,open,ET103,EustonTap,f3190ff62f010d19579006441393354c0b9bfb7def07f738ac1af73026977549,13189178,WAV,48000,2,1648640,34.346666666666664,34.35,float32,source_metadata_review_pending,materialized,matched,True,Matched by normalized GroupID and LocationID.
isd_audio_594dc796aa823ad3e50f,ISD,ISD_EustonTap_EustonTap1_ET104,dev,https://doi.org/10.5281/zenodo.10672568,1.0.1-alpha.1,WAV_London_1.zip,WAV_London_1/EustonTap/ET104.wav,extracted/WAV_London_1/EustonTap/ET104.wav,https://zenodo.org/api/records/10672568/files/WAV_London_1.zip/content,CC-BY-4.0,permitted_with_attribution,open,ET104,EustonTap,8de09150519c5c7168a07a24905eb3ce534833c8dc8ac326b4dcd56164f7bad3,16482362,WAV,48000,2,2060288,42.922666666666665,42.92,float32,source_metadata_review_pending,materialized,matched,True,Matched by normalized GroupID and LocationID.
isd_audio_ecec48a35118a4e5aae2,ISD,ISD_EustonTap_EustonTap1_ET105,dev,https://doi.org/10.5281/zenodo.10672568,1.0.1-alpha.1,WAV_London_1.zip,WAV_London_1/EustonTap/ET105.wav,extracted/WAV_London_1/EustonTap/ET105.wav,https://zenodo.org/api/records/10672568/files/WAV_London_1.zip/content,CC-BY-4.0,permitted_with_attribution,open,ET105,EustonTap,b0c97e89cf1fddd93b87e91161cb353a5578d7308d98952524f59b8803d1f332,14123066,WAV,48000,2,1765376,36.778666666666666,36.78,float32,source_metadata_review_pending,materialized,matched,True,Matched by normalized GroupID and LocationID.
isd_audio_85773a11410d28aac9b1,ISD,ISD_EustonTap_EustonTap1_ET106,dev,https://doi.org/10.5281/zenodo.10672568,1.0.1-alpha.1,WAV_London_1.zip,WAV_London_1/EustonTap/ET106.wav,extracted/WAV_London_1/EustonTap/ET106.wav,https://zenodo.org/api/records/10672568/files/WAV_London_1.zip/content,CC-BY-4.0,permitted_with_attribution,open,ET106,EustonTap,b4ae7baa3648cd3278f78d3bd75907158c4d125fd76059d8ed87894e08998453,18563130,WAV,48000,2,2320384,48.34133333333333,48.34,float32,source_metadata_review_pending,materialized,matched,True,Matched by normalized GroupID and LocationID.
isd_audio_1c6df4609204924803ee,ISD,ISD_EustonTap_EustonTap1_ET107,dev,https://doi.org/10.5281/zenodo.10672568,1.0.1-alpha.1,WAV_London_1.zip,WAV_London_1/EustonTap/ET107.wav,extracted/WAV_London_1/EustonTap/ET107.wav,https://zenodo.org/api/records/10672568/files/WAV_London_1.zip/content,CC-BY-4.0,permitted_with_attribution,open,ET107,EustonTap,c38df113206d7b115917c69dd25b78f2fbf9a20c9c80cdf23faefc3e20c4a60b,15990842,WAV,48000,2,1998848,41.64266666666666,41.64,float32,source_metadata_review_pending,materialized,matched,True,Matched by normalized GroupID and LocationID.
isd_audio_0eb5bc453e897fda4fde,ISD,ISD_EustonTap_EustonTap1_ET108,dev,https://doi.org/10.5281/zenodo.10672568,1.0.1-alpha.1,WAV_London_1.zip,WAV_London_1/EustonTap/ET108.wav,extracted/WAV_London_1/EustonTap/ET108.wav,https://zenodo.org/api/records/10672568/files/WAV_London_1.zip/content,CC-BY-4.0,permitted_with_attribution,open,ET108,EustonTap,7bdf454856ce8c735b0783e39432baa0b2899a06b00ed3d1767d2f4e7dfb4087,14254138,WAV,48000,2,1781760,37.12,37.12,float32,source_metadata_review_pending,materialized,matched,True,Matched by normalized GroupID and LocationID.
isd_audio_1e401db21193bf835328,ISD,ISD_EustonTap_EustonTap1_ET109,dev,https://doi.org/10.5281/zenodo.10672568,1.0.1-alpha.1,WAV_London_1.zip,WAV_London_1/EustonTap/ET109.wav,extracted/WAV_London_1/EustonTap/ET109.wav,https://zenodo.org/api/records/10672568/files/WAV_London_1.zip/content,CC-BY-4.0,permitted_with_attribution,open,ET109,EustonTap,27418078c8c775652bc85f3a870e2fc962b2dc6ec53ba0983b6409f48fd74275,13697082,WAV,48000,2,1712128,35.669333333333334,35.67,float32,source_metadata_review_pending,materialized,matched,True,Matched by normalized GroupID and LocationID.
isd_audio_86956c76fc65c2680436,ISD,ISD_EustonTap_EustonTap1_ET110,dev,https://doi.org/10.5281/zenodo.10672568,1.0.1-alpha.1,WAV_London_1.zip,WAV_London_1/EustonTap/ET110.wav,extracted/WAV_London_1/EustonTap/ET110.wav,https://zenodo.org/api/records/10672568/files/WAV_London_1.zip/content,CC-BY-4.0,permitted_with_attribution,open,ET110,EustonTap,4905270be5807221496f9dd8aad0ba88378197876bfc258164df6ddec092fabd,14958650,WAV,48000,2,1869824,38.95466666666667,38.95,float32,source_metadata_review_pending,materialized,matched,True,Matched by normalized GroupID and LocationID.
isd_audio_147b595c9fa41baa3317,ISD,ISD_EustonTap_EustonTap1_ET111,dev,https://doi.org/10.5281/zenodo.10672568,1.0.1-alpha.1,WAV_London_1.zip,WAV_London_1/EustonTap/ET111.wav,extracted/WAV_London_1/EustonTap/ET111.wav,https://zenodo.org/api/records/10672568/files/WAV_London_1.zip/content,CC-BY-4.0,permitted_with_attribution,open,ET111,EustonTap,24d482b4daa2482ba03ed550cacc55a75f33a8b44bed454a2ffd3ed6468b339b,13254714,WAV,48000,2,1656832,34.51733333333333,34.52,float32,source_metadata_review_pending,materialized,matched,True,Matched by normalized GroupID and LocationID.
isd_audio_69b1f4610f68edb50735,ISD,ISD_EustonTap_EustonTap1_ET112,dev,https://doi.org/10.5281/zenodo.10672568,1.0.1-alpha.1,WAV_London_1.zip,WAV_London_1/EustonTap/ET112.wav,extracted/WAV_London_1/EustonTap/ET112.wav,https://zenodo.org/api/records/10672568/files/WAV_London_1.zip/content,CC-BY-4.0,permitted_with_attribution,open,ET112,EustonTap,a94dcd199d259df52c0114673fb8d759b48fb00356b15431185322166a1d9170,13008954,WAV,48000,2,1626112,33.87733333333333,33.88,float32,source_metadata_review_pending,materialized,matched,True,Matched by normalized GroupID and LocationID.
isd_audio_d1a8e74cbd41d7cac5e6,ISD,ISD_EustonTap_EustonTap1_ET113,dev,https://doi.org/10.5281/zenodo.10672568,1.0.1-alpha.1,WAV_London_1.zip,WAV_London_1/EustonTap/ET113.wav,extracted/WAV_London_1/EustonTap/ET113.wav,https://zenodo.org/api/records/10672568/files/WAV_London_1.zip/content,CC-BY-4.0,permitted_with_attribution,open,ET113,EustonTap,a019c08812ad1ac47ef1c102f63752fb9c05a605e7bc6f99ce37b5278f4ba499,17825850,WAV,48000,2,2228224,46.42133333333334,46.42,float32,source_metadata_review_pending,materialized,matched,True,Matched by normalized GroupID and LocationID.
isd_audio_9d87eeb555c62ccc947e,ISD,ISD_EustonTap_EustonTap1_ET115,dev,https://doi.org/10.5281/zenodo.10672568,1.0.1-alpha.1,WAV_London_1.zip,WAV_London_1/EustonTap/ET115.wav,extracted/WAV_London_1/EustonTap/ET115.wav,https://zenodo.org/api/records/10672568/files/WAV_London_1.zip/content,CC-BY-4.0,permitted_with_attribution,open,ET115,EustonTap,9d69d47177167841225e48233eae00725cddfd05c3dc92ab63a12cf0d686d6a0,13189178,WAV,48000,2,1648640,34.346666666666664,34.35,float32,source_metadata_review_pending,materialized,matched,True,Matched by normalized GroupID and LocationID.
isd_audio_3968d6f124082e4f267d,ISD,ISD_EustonTap_EustonTap1_ET116,dev,https://doi.org/10.5281/zenodo.10672568,1.0.1-alpha.1,WAV_London_1.zip,WAV_London_1/EustonTap/ET116.wav,extracted/WAV_London_1/EustonTap/ET116.wav,https://zenodo.org/api/records/10672568/files/WAV_London_1.zip/content,CC-BY-4.0,permitted_with_attribution,open,ET116,EustonTap,c2cbb0691b2283fa00654fb5f2eab26a52b15dccba29ea4330ffabc8f761ddd0,13008954,WAV,48000,2,1626112,33.87733333333333,33.88,float32,source_metadata_review_pending,materialized,matched,True,Matched by normalized GroupID and LocationID.
isd_audio_a20853eab2959a5744e5,ISD,ISD_EustonTap_EustonTap1_ET117,dev,https://doi.org/10.5281/zenodo.10672568,1.0.1-alpha.1,WAV_London_1.zip,WAV_London_1/EustonTap/ET117.wav,extracted/WAV_London_1/EustonTap/ET117.wav,https://zenodo.org/api/records/10672568/files/WAV_London_1.zip/content,CC-BY-4.0,permitted_with_attribution,open,ET117,EustonTap,0971bf25b39baabcfc6bdf3feb96f179935992ca8c7fdc51f707a486642cdc9b,15656890,WAV,48000,2,1957104,40.773,40.77,float32,source_metadata_review_pending,materialized,matched,True,Matched by normalized GroupID and LocationID.
isd_audio_39dd3b9393056b42aeb8,ISD,ISD_EustonTap_EustonTap1_ET118,dev,https://doi.org/10.5281/zenodo.10672568,1.0.1-alpha.1,WAV_London_1.zip,WAV_London_1/EustonTap/ET118.wav,extracted/WAV_London_1/EustonTap/ET118.wav,https://zenodo.org/api/records/10672568/files/WAV_London_1.zip/content,CC-BY-4.0,permitted_with_attribution,open,ET118,EustonTap,0a39410a47b455276e2af2a8f387dbbb59f2a0a0d0a501f2e0ea2693a6d64466,13041722,WAV,48000,2,1630208,33.962666666666664,33.96,float32,source_metadata_review_pending,materialized,matched,True,Matched by normalized GroupID and LocationID.
isd_audio_b18f078b77870f3e10b3,ISD,ISD_EustonTap_EustonTap1_ET119,dev,https://doi.org/10.5281/zenodo.10672568,1.0.1-alpha.1,WAV_London_1.zip,WAV_London_1/EustonTap/ET119.wav,extracted/WAV_London_1/EustonTap/ET119.wav,https://zenodo.org/api/records/10672568/files/WAV_London_1.zip/content,CC-BY-4.0,permitted_with_attribution,open,ET119,EustonTap,5454e69b81733d39828ae71605cd7e284610eb12b0ee32b929dc1b3283783dac,14876730,WAV,48000,2,1859584,38.74133333333333,38.74,float32,source_metadata_review_pending,materialized,matched,True,Matched by normalized GroupID and LocationID.
isd_audio_43d530e7763eb60746fc,ISD,ISD_EustonTap_EustonTap1_ET120,dev,https://doi.org/10.5281/zenodo.10672568,1.0.1-alpha.1,WAV_London_1.zip,WAV_London_1/EustonTap/ET120.wav,extracted/WAV_London_1/EustonTap/ET120.wav,https://zenodo.org/api/records/10672568/files/WAV_London_1.zip/content,CC-BY-4.0,permitted_with_attribution,open,ET120,EustonTap,2aab5dd8fbd47df38f8b034913ca90bb196f0b407c494c4688a39b99a2a657fa,12730426,WAV,48000,2,1591296,33.152,33.15,float32,source_metadata_review_pending,materialized,matched,True,Matched by normalized GroupID and LocationID.
isd_audio_1d3aa1625bfff4a68033,ISD,ISD_EustonTap_EustonTap1_ET121,dev,https://doi.org/10.5281/zenodo.10672568,1.0.1-alpha.1,WAV_London_1.zip,WAV_London_1/EustonTap/ET121.wav,extracted/WAV_London_1/EustonTap/ET121.wav,https://zenodo.org/api/records/10672568/files/WAV_London_1.zip/content,CC-BY-4.0,permitted_with_attribution,open,ET121,EustonTap,d5385977983e6f3935e51d5c72398be440278e00eac1f216330e3b2dd9c202da,12910650,WAV,48000,2,1613824,33.62133333333333,33.62,float32,source_metadata_review_pending,materialized,matched,True,Matched by normalized GroupID and LocationID.
isd_audio_d3d755d954b38104885c,ISD,ISD_EustonTap_EustonTap1_ET122,dev,https://doi.org/10.5281/zenodo.10672568,1.0.1-alpha.1,WAV_London_1.zip,WAV_London_1/EustonTap/ET122.wav,extracted/WAV_London_1/EustonTap/ET122.wav,https://zenodo.org/api/records/10672568/files/WAV_London_1.zip/content,CC-BY-4.0,permitted_with_attribution,open,ET122,EustonTap,56f04b2fe3534f79eb26b8a2d76357604e45f0c20c46ec99b0ddc3c13f0a4f79,13844538,WAV,48000,2,1730560,36.053333333333335,36.05,float32,source_metadata_review_pending,materialized,matched,True,Matched by normalized GroupID and LocationID.
isd_audio_f64bdbe357c78f7d5840,ISD,ISD_EustonTap_EustonTap1_ET123,dev,https://doi.org/10.5281/zenodo.10672568,1.0.1-alpha.1,WAV_London_1.zip,WAV_London_1/EustonTap/ET123.wav,extracted/WAV_London_1/EustonTap/ET123.wav,https://zenodo.org/api/records/10672568/files/WAV_London_1.zip/content,CC-BY-4.0,permitted_with_attribution,open,ET123,EustonTap,84a86d319e60f6a8fc354a4baf228c3fee60f6b05a2f899f2fac4beca2b84948,12075066,WAV,48000,2,1509376,31.445333333333334,31.45,float32,source_metadata_review_pending,materialized,matched,True,Matched by normalized GroupID and LocationID.
isd_audio_62f4fdaa2ec16bcbedab,ISD,ISD_EustonTap_EustonTap1_ET124,dev,https://doi.org/10.5281/zenodo.10672568,1.0.1-alpha.1,WAV_London_1.zip,WAV_London_1/EustonTap/ET124.wav,extracted/WAV_London_1/EustonTap/ET124.wav,https://zenodo.org/api/records/10672568/files/WAV_London_1.zip/content,CC-BY-4.0,permitted_with_attribution,open,ET124,EustonTap,b9b43736ea6e67df589a7b463666cbd72de15d239738d6aa42b96e30cf5354bc,13156410,WAV,48000,2,1644544,34.26133333333333,34.26,float32,source_metadata_review_pending,materialized,matched,True,Matched by normalized GroupID and LocationID.
isd_audio_822fb7632c10e975b276,ISD,ISD_EustonTap_EustonTap1_ET125,dev,https://doi.org/10.5281/zenodo.10672568,1.0.1-alpha.1,WAV_London_1.zip,WAV_London_1/EustonTap/ET125.wav,extracted/WAV_London_1/EustonTap/ET125.wav,https://zenodo.org/api/records/10672568/files/WAV_London_1.zip/content,CC-BY-4.0,permitted_with_attribution,open,ET125,EustonTap,4bfd1c37b96ad52acfd50e93c3370afa46f3569f73b57a22c00317282343e8da,9024058,WAV,48000,2,1128000,23.5,23.5,float32,source_metadata_review_pending,materialized,matched,True,Matched by normalized GroupID and LocationID.
isd_audio_ddb35d45a068e7c227f4,ISD,ISD_EustonTap_EustonTap2_ET201,dev,https://doi.org/10.5281/zenodo.10672568,1.0.1-alpha.1,WAV_London_1.zip,WAV_London_1/EustonTap/ET201.wav,extracted/WAV_London_1/EustonTap/ET201.wav,https://zenodo.org/api/records/10672568/files/WAV_London_1.zip/content,CC-BY-4.0,permitted_with_attribution,open,ET201,EustonTap,9f2508bc59b058f362f91f66a3726c3358dcba48703b8b29371ce8f2163ee149,13828154,WAV,48000,2,1728512,36.010666666666665,36.01,float32,source_metadata_review_pending,materialized,matched,True,Matched by normalized GroupID and LocationID.
isd_audio_9fefa3b6855bf31adb32,ISD,ISD_EustonTap_EustonTap2_ET202,dev,https://doi.org/10.5281/zenodo.10672568,1.0.1-alpha.1,WAV_London_1.zip,WAV_London_1/EustonTap/ET202.wav,extracted/WAV_London_1/EustonTap/ET202.wav,https://zenodo.org/api/records/10672568/files/WAV_London_1.zip/content,CC-BY-4.0,permitted_with_attribution,open,ET202,EustonTap,616a553689256fac415e091287caaa93787e9c05c8491fa6ddfa4e22668afb4b,20185146,WAV,48000,2,2523136,52.565333333333335,52.57,float32,source_metadata_review_pending,materialized,matched,True,Matched by normalized GroupID and LocationID.
isd_audio_missing_9fb04fb4cb04542f,ISD,ISD_EustonTap_EustonTap2_ET203,dev,https://doi.org/10.5281/zenodo.10672568,1.0.1-alpha.1,WAV_Granada_1.zip;WAV_Groningen_1.zip;WAV_London_1.zip;WAV_London_2.zip;WAV_London_3.zip;WAV_London_4.zip;WAV_Venice_1.zip,,,https://doi.org/10.5281/zenodo.10672568,CC-BY-4.0,permitted_with_attribution,open,ET203,EustonTap,,,,,,,,34.69,,not_available,source_missing,missing_source_asset,False,MOSAIQ clip is in the archive location scope but no WAV candidate exists.
isd_audio_05f5dbf335e2e9b28d4f,ISD,ISD_EustonTap_EustonTap2_ET205,dev,https://doi.org/10.5281/zenodo.10672568,1.0.1-alpha.1,WAV_London_1.zip,WAV_London_1/EustonTap/ET205.wav,extracted/WAV_London_1/EustonTap/ET205.wav,https://zenodo.org/api/records/10672568/files/WAV_London_1.zip/content,CC-BY-4.0,permitted_with_attribution,open,ET205,EustonTap,b70b537758b40ea1c2706f22c30d112a80c287571575ec7dbad0067b0e660097,19808314,WAV,48000,2,2476032,51.584,51.58,float32,source_metadata_review_pending,materialized,matched,True,Matched by normalized GroupID and LocationID.
isd_audio_16d6c5566a7cc6e949cf,ISD,ISD_EustonTap_EustonTap2_ET206,dev,https://doi.org/10.5281/zenodo.10672568,1.0.1-alpha.1,WAV_London_1.zip,WAV_London_1/EustonTap/ET206.wav,extracted/WAV_London_1/EustonTap/ET206.wav,https://zenodo.org/api/records/10672568/files/WAV_London_1.zip/content,CC-BY-4.0,permitted_with_attribution,open,ET206,EustonTap,442cef488a9e26dbc4030a0c3002139e259515aeffd4c7e554b26795a4a9dec2,11157562,WAV,48000,2,1394688,29.056,29.06,float32,source_metadata_review_pending,materialized,matched,True,Matched by normalized GroupID and LocationID.
isd_audio_327e402654c7899c5d4c,ISD,ISD_EustonTap_EustonTap2_ET207,dev,https://doi.org/10.5281/zenodo.10672568,1.0.1-alpha.1,WAV_London_1.zip,WAV_London_1/EustonTap/ET207.wav,extracted/WAV_London_1/EustonTap/ET207.wav,https://zenodo.org/api/records/10672568/files/WAV_London_1.zip/content,CC-BY-4.0,permitted_with_attribution,open,ET207,EustonTap,fbf32c04d5ac536308d30a6cc18497a3f7d582898cdc4d0be868f90bac151ded,13467706,WAV,48000,2,1683456,35.072,35.07,float32,source_metadata_review_pending,materialized,matched,True,Matched by normalized GroupID and LocationID.
isd_audio_missing_2c860a7c6d99c5e6,ISD,ISD_EustonTap_EustonTap2_ET208,dev,https://doi.org/10.5281/zenodo.10672568,1.0.1-alpha.1,WAV_Granada_1.zip;WAV_Groningen_1.zip;WAV_London_1.zip;WAV_London_2.zip;WAV_London_3.zip;WAV_London_4.zip;WAV_Venice_1.zip,,,https://doi.org/10.5281/zenodo.10672568,CC-BY-4.0,permitted_with_attribution,open,ET208,EustonTap,,,,,,,,,,not_available,source_missing,missing_source_asset,False,MOSAIQ clip is in the archive location scope but no WAV candidate exists.
isd_audio_missing_77c0d72f3b615708,ISD,ISD_EustonTap_EustonTap2_ET209,dev,https://doi.org/10.5281/zenodo.10672568,1.0.1-alpha.1,WAV_Granada_1.zip;WAV_Groningen_1.zip;WAV_London_1.zip;WAV_London_2.zip;WAV_London_3.zip;WAV_London_4.zip;WAV_Venice_1.zip,,,https://doi.org/10.5281/zenodo.10672568,CC-BY-4.0,permitted_with_attribution,open,ET209,EustonTap,,,,,,,,,,not_available,source_missing,missing_source_asset,False,MOSAIQ clip is in the archive location scope but no WAV candidate exists.
isd_audio_325772eab5dbc78b852e,ISD,ISD_EustonTap_EustonTap2_ET210,dev,https://doi.org/10.5281/zenodo.10672568,1.0.1-alpha.1,WAV_London_1.zip,WAV_London_1/EustonTap/ET210.wav,extracted/WAV_London_1/EustonTap/ET210.wav,https://zenodo.org/api/records/10672568/files/WAV_London_1.zip/content,CC-BY-4.0,permitted_with_attribution,open,ET210,EustonTap,6cc7ac0ee30df8131bf0d6789d74ef0dfcea91abbe97520b02b09c45d723e693,15401018,WAV,48000,2,1925120,40.10666666666667,40.11,float32,source_metadata_review_pending,materialized,matched,True,Matched by normalized GroupID and LocationID.
isd_audio_a77f27f8d6e6dd4655c0,ISD,ISD_EustonTap_EustonTap2_ET211,dev,https://doi.org/10.5281/zenodo.10672568,1.0.1-alpha.1,WAV_London_1.zip,WAV_London_1/EustonTap/ET211.wav,extracted/WAV_London_1/EustonTap/ET211.wav,https://zenodo.org/api/records/10672568/files/WAV_London_1.zip/content,CC-BY-4.0,permitted_with_attribution,open,ET211,EustonTap,7d254e095f31731bbceac8922a56a3d5d0930bb46a750d666c32431983404fd6,14467130,WAV,48000,2,1808384,37.67466666666667,37.67,float32,source_metadata_review_pending,materialized,matched,True,Matched by normalized GroupID and LocationID.
isd_audio_5ecf569a50fa2f51c3fb,ISD,ISD_EustonTap_EustonTap2_ET212,dev,https://doi.org/10.5281/zenodo.10672568,1.0.1-alpha.1,WAV_London_1.zip,WAV_London_1/EustonTap/ET212.wav,extracted/WAV_London_1/EustonTap/ET212.wav,https://zenodo.org/api/records/10672568/files/WAV_London_1.zip/content,CC-BY-4.0,permitted_with_attribution,open,ET212,EustonTap,893f97150a381d352969482fd379d6b4e4b4ad870ff01e001fbdbe85d5e64318,13025338,WAV,48000,2,1628160,33.92,33.92,float32,source_metadata_review_pending,materialized,matched,True,Matched by normalized GroupID and LocationID.
isd_audio_bf9887059dd3063f8254,ISD,ISD_EustonTap_EustonTap2_ET213,dev,https://doi.org/10.5281/zenodo.10672568,1.0.1-alpha.1,WAV_London_1.zip,WAV_London_1/EustonTap/ET213.wav,extracted/WAV_London_1/EustonTap/ET213.wav,https://zenodo.org/api/records/10672568/files/WAV_London_1.zip/content,CC-BY-4.0,permitted_with_attribution,open,ET213,EustonTap,2dea7b3200a010f2c5d9c26379ae2d38c937b0ea9ad29a1c9260597036eb0f30,13271098,WAV,48000,2,1658880,34.56,34.56,float32,source_metadata_review_pending,materialized,matched,True,Matched by normalized GroupID and LocationID.
isd_audio_701e60bbc37f5e6a864b,ISD,ISD_EustonTap_EustonTap2_ET214,dev,https://doi.org/10.5281/zenodo.10672568,1.0.1-alpha.1,WAV_London_1.zip,WAV_London_1/EustonTap/ET214.wav,extracted/WAV_London_1/EustonTap/ET214.wav,https://zenodo.org/api/records/10672568/files/WAV_London_1.zip/content,CC-BY-4.0,permitted_with_attribution,open,ET214,EustonTap,82a0c2f5328e6dbdb54989c979419b66cc32c2620048d3e0c6120f99a406c2ac,12730426,WAV,48000,2,1591296,33.152,33.15,float32,source_metadata_review_pending,materialized,matched,True,Matched by normalized GroupID and LocationID.
isd_audio_bcdcf3326ff7d29ac164,ISD,ISD_EustonTap_EustonTap2_ET215,dev,https://doi.org/10.5281/zenodo.10672568,1.0.1-alpha.1,WAV_London_1.zip,WAV_London_1/EustonTap/ET215.wav,extracted/WAV_London_1/EustonTap/ET215.wav,https://zenodo.org/api/records/10672568/files/WAV_London_1.zip/content,CC-BY-4.0,permitted_with_attribution,open,ET215,EustonTap,c3f3ac97a61b30f6c205efc77ce07c05e0b14e4930cd6d646721a8d710538dd9,14254138,WAV,48000,2,1781760,37.12,37.12,float32,source_metadata_review_pending,materialized,matched,True,Matched by normalized GroupID and LocationID.
isd_audio_5e5b0812b206a347d77d,ISD,ISD_EustonTap_EustonTap2_ET216,dev,https://doi.org/10.5281/zenodo.10672568,1.0.1-alpha.1,WAV_London_1.zip,WAV_London_1/EustonTap/ET216.wav,extracted/WAV_London_1/EustonTap/ET216.wav,https://zenodo.org/api/records/10672568/files/WAV_London_1.zip/content,CC-BY-4.0,permitted_with_attribution,open,ET216,EustonTap,a5411a0942525db0e6322ddd4d379c18e21938091f7699984cfc727f69e32926,13779002,WAV,48000,2,1722368,35.882666666666665,35.88,float32,source_metadata_review_pending,materialized,matched,True,Matched by normalized GroupID and LocationID.
isd_audio_missing_6c75cc07176ecb32,ISD,ISD_EustonTap_EustonTap2_ET217,dev,https://doi.org/10.5281/zenodo.10672568,1.0.1-alpha.1,WAV_Granada_1.zip;WAV_Groningen_1.zip;WAV_London_1.zip;WAV_London_2.zip;WAV_London_3.zip;WAV_London_4.zip;WAV_Venice_1.zip,,,https://doi.org/10.5281/zenodo.10672568,CC-BY-4.0,permitted_with_attribution,open,ET217,EustonTap,,,,,,,,,,not_available,source_missing,missing_source_asset,False,MOSAIQ clip is in the archive location scope but no WAV candidate exists.
isd_audio_c254e60f1665472f06fa,ISD,ISD_EustonTap_EustonTap2_ET218,dev,https://doi.org/10.5281/zenodo.10672568,1.0.1-alpha.1,WAV_London_1.zip,WAV_London_1/EustonTap/ET218.wav,extracted/WAV_London_1/EustonTap/ET218.wav,https://zenodo.org/api/records/10672568/files/WAV_London_1.zip/content,CC-BY-4.0,permitted_with_attribution,open,ET218,EustonTap,5d599755bb52df8fa4380f867417e75e523ec0ad5b31d193e938f56eb5e03ec6,13549626,WAV,48000,2,1693696,35.285333333333334,35.29,float32,source_metadata_review_pending,materialized,matched,True,Matched by normalized GroupID and LocationID.
isd_audio_d5e122fc4f12b0e355f2,ISD,ISD_EustonTap_EustonTap2_ET219,dev,https://doi.org/10.5281/zenodo.10672568,1.0.1-alpha.1,WAV_London_1.zip,WAV_London_1/EustonTap/ET219.wav,extracted/WAV_London_1/EustonTap/ET219.wav,https://zenodo.org/api/records/10672568/files/WAV_London_1.zip/content,CC-BY-4.0,permitted_with_attribution,open,ET219,EustonTap,4ab141399889f210d19a13087f58b8c53e3b8783f8b60c8e4d6b928ca5cde61d,13566010,WAV,48000,2,1695744,35.328,35.33,float32,source_metadata_review_pending,materialized,matched,True,Matched by normalized GroupID and LocationID.
isd_audio_cc8dce6290545671bf1b,ISD,ISD_EustonTap_EustonTap2_ET220,dev,https://doi.org/10.5281/zenodo.10672568,1.0.1-alpha.1,WAV_London_1.zip,WAV_London_1/EustonTap/ET220.wav,extracted/WAV_London_1/EustonTap/ET220.wav,https://zenodo.org/api/records/10672568/files/WAV_London_1.zip/content,CC-BY-4.0,permitted_with_attribution,open,ET220,EustonTap,0441d4ea84b54d6e8991a44ba50c1b31e7326b302b24327608ac4b2f46044bc6,17580090,WAV,48000,2,2197504,45.781333333333336,45.78,float32,source_metadata_review_pending,materialized,matched,True,Matched by normalized GroupID and LocationID.
isd_audio_02c49cffea40d8e28448,ISD,ISD_EustonTap_EustonTap2_ET221,dev,https://doi.org/10.5281/zenodo.10672568,1.0.1-alpha.1,WAV_London_1.zip,WAV_London_1/EustonTap/ET221.wav,extracted/WAV_London_1/EustonTap/ET221.wav,https://zenodo.org/api/records/10672568/files/WAV_London_1.zip/content,CC-BY-4.0,permitted_with_attribution,open,ET221,EustonTap,88a3a6a5ca43acdc796a09c030a670ecdf095b12590e91214065f009a517ea15,13156410,WAV,48000,2,1644544,34.26133333333333,34.26,float32,source_metadata_review_pending,materialized,matched,True,Matched by normalized GroupID and LocationID.
isd_audio_3a0ecf97658e837b6887,ISD,ISD_EustonTap_EustonTap2_ET222,dev,https://doi.org/10.5281/zenodo.10672568,1.0.1-alpha.1,WAV_London_1.zip,WAV_London_1/EustonTap/ET222.wav,extracted/WAV_London_1/EustonTap/ET222.wav,https://zenodo.org/api/records/10672568/files/WAV_London_1.zip/content,CC-BY-4.0,permitted_with_attribution,open,ET222,EustonTap,b62a833610bbeebbeaf6cb1ed0152e1ab34761964d0547088235eb74e7aa7c14,14188602,WAV,48000,2,1773568,36.949333333333335,36.95,float32,source_metadata_review_pending,materialized,matched,True,Matched by normalized GroupID and LocationID.
isd_audio_missing_26b4980b3afb2043,ISD,ISD_EustonTap_EustonTap3_ET203,dev,https://doi.org/10.5281/zenodo.10672568,1.0.1-alpha.1,WAV_Granada_1.zip;WAV_Groningen_1.zip;WAV_London_1.zip;WAV_London_2.zip;WAV_London_3.zip;WAV_London_4.zip;WAV_Venice_1.zip,,,https://doi.org/10.5281/zenodo.10672568,CC-BY-4.0,permitted_with_attribution,open,ET203,EustonTap,,,,,,,,,,not_available,source_missing,missing_source_asset,False,MOSAIQ clip is in the archive location scope but no WAV candidate exists.
isd_audio_9dbf78e6ffe20988aa93,ISD,ISD_EustonTap_EustonTap3_ET302,dev,https://doi.org/10.5281/zenodo.10672568,1.0.1-alpha.1,WAV_London_1.zip,WAV_London_1/EustonTap/ET302.wav,extracted/WAV_London_1/EustonTap/ET302.wav,https://zenodo.org/api/records/10672568/files/WAV_London_1.zip/content,CC-BY-4.0,permitted_with_attribution,open,ET302,EustonTap,9d62a17042e1450b4db1d136160dca377e260c213653ff9bd6a4869d568c2590,12714042,WAV,48000,2,1589248,33.10933333333333,33.11,float32,source_metadata_review_pending,materialized,matched,True,Matched by normalized GroupID and LocationID.
isd_audio_fc3f724bde7b1b573621,ISD,ISD_EustonTap_EustonTap3_ET303,dev,https://doi.org/10.5281/zenodo.10672568,1.0.1-alpha.1,WAV_London_1.zip,WAV_London_1/EustonTap/ET303.wav,extracted/WAV_London_1/EustonTap/ET303.wav,https://zenodo.org/api/records/10672568/files/WAV_London_1.zip/content,CC-BY-4.0,permitted_with_attribution,open,ET303,EustonTap,49a40b662cf8055da92a6456cde3f83190729ff184a1abcad50c870f00b0b087,12976186,WAV,48000,2,1622016,33.792,33.79,float32,source_metadata_review_pending,materialized,matched,True,Matched by normalized GroupID and LocationID.
isd_audio_55345cdd408740129139,ISD,ISD_EustonTap_EustonTap3_ET304,dev,https://doi.org/10.5281/zenodo.10672568,1.0.1-alpha.1,WAV_London_1.zip,WAV_London_1/EustonTap/ET304.wav,extracted/WAV_London_1/EustonTap/ET304.wav,https://zenodo.org/api/records/10672568/files/WAV_London_1.zip/content,CC-BY-4.0,permitted_with_attribution,open,ET304,EustonTap,2cabafd78de6922f33c922eae53478b165ff22105f14070e19fc125aa3169d7e,15936442,WAV,48000,2,1992048,41.501,41.5,float32,source_metadata_review_pending,materialized,matched,True,Matched by normalized GroupID and LocationID.
isd_audio_a59e59f062716e6747e3,ISD,ISD_EustonTap_EustonTap3_ET305,dev,https://doi.org/10.5281/zenodo.10672568,1.0.1-alpha.1,WAV_London_1.zip,WAV_London_1/EustonTap/ET305.wav,extracted/WAV_London_1/EustonTap/ET305.wav,https://zenodo.org/api/records/10672568/files/WAV_London_1.zip/content,CC-BY-4.0,permitted_with_attribution,open,ET305,EustonTap,f12dcc50aba445cf8a12352c73890c2c6aee4edf99e29ddb2671b67008b2619a,13025338,WAV,48000,2,1628160,33.92,33.92,float32,source_metadata_review_pending,materialized,matched,True,Matched by normalized GroupID and LocationID.
isd_audio_e20a764234ceda13bb67,ISD,ISD_EustonTap_EustonTap3_ET306,dev,https://doi.org/10.5281/zenodo.10672568,1.0.1-alpha.1,WAV_London_1.zip,WAV_London_1/EustonTap/ET306.wav,extracted/WAV_London_1/EustonTap/ET306.wav,https://zenodo.org/api/records/10672568/files/WAV_London_1.zip/content,CC-BY-4.0,permitted_with_attribution,open,ET306,EustonTap,de32e4c504291dd1beaae99c3cc04144f59c39d5bc5f56936a8c0e055be96dd8,13074490,WAV,48000,2,1634304,34.048,34.05,float32,source_metadata_review_pending,materialized,matched,True,Matched by normalized GroupID and LocationID.
isd_audio_dbe556ee2c77d47f2b1a,ISD,ISD_EustonTap_EustonTap3_ET307,dev,https://doi.org/10.5281/zenodo.10672568,1.0.1-alpha.1,WAV_London_1.zip,WAV_London_1/EustonTap/ET307.wav,extracted/WAV_London_1/EustonTap/ET307.wav,https://zenodo.org/api/records/10672568/files/WAV_London_1.zip/content,CC-BY-4.0,permitted_with_attribution,open,ET307,EustonTap,350227f95908155fd02f27e22484db133c145b734e908481475a3f5f661878cf,12615738,WAV,48000,2,1576960,32.85333333333333,32.85,float32,source_metadata_review_pending,materialized,matched,True,Matched by normalized GroupID and LocationID.
isd_audio_1eea7bbe65da85a2fa5e,ISD,ISD_EustonTap_EustonTap3_ET308,dev,https://doi.org/10.5281/zenodo.10672568,1.0.1-alpha.1,WAV_London_1.zip,WAV_London_1/EustonTap/ET308.wav,extracted/WAV_London_1/EustonTap/ET308.wav,https://zenodo.org/api/records/10672568/files/WAV_London_1.zip/content,CC-BY-4.0,permitted_with_attribution,open,ET308,EustonTap,058a6116dab7a7f1d78f577b8a22e94bc0a4bf4a28e1468099d079314e1f6daf,12877882,WAV,48000,2,1609728,33.536,33.54,float32,source_metadata_review_pending,materialized,matched,True,Matched by normalized GroupID and LocationID.
isd_audio_95335ba8a489661c404c,ISD,ISD_EustonTap_EustonTap3_ET310,dev,https://doi.org/10.5281/zenodo.10672568,1.0.1-alpha.1,WAV_London_1.zip,WAV_London_1/EustonTap/ET310.wav,extracted/WAV_London_1/EustonTap/ET310.wav,https://zenodo.org/api/records/10672568/files/WAV_London_1.zip/content,CC-BY-4.0,permitted_with_attribution,open,ET310,EustonTap,c2dc01f506afab716db51317f8789afe4d53304e322e478293373f4d3d3fe96c,14608442,WAV,48000,2,1826048,38.04266666666667,38.04,float32,source_metadata_review_pending,materialized,matched,True,Matched by normalized GroupID and LocationID.
isd_audio_6ad6b5600a095f5ec296,ISD,ISD_EustonTap_EustonTap3_ET311,dev,https://doi.org/10.5281/zenodo.10672568,1.0.1-alpha.1,WAV_London_1.zip,WAV_London_1/EustonTap/ET311.wav,extracted/WAV_London_1/EustonTap/ET311.wav,https://zenodo.org/api/records/10672568/files/WAV_London_1.zip/content,CC-BY-4.0,permitted_with_attribution,open,ET311,EustonTap,5916f49ce5ada3d42b97cc054b55e3c534c2f5a9514da2bf3c2d955df6bc1078,13402170,WAV,48000,2,1675264,34.90133333333333,34.9,float32,source_metadata_review_pending,materialized,matched,True,Matched by normalized GroupID and LocationID.
isd_audio_ee2687c867abdbc47ccb,ISD,ISD_EustonTap_EustonTap3_ET312,dev,https://doi.org/10.5281/zenodo.10672568,1.0.1-alpha.1,WAV_London_1.zip,WAV_London_1/EustonTap/ET312.wav,extracted/WAV_London_1/EustonTap/ET312.wav,https://zenodo.org/api/records/10672568/files/WAV_London_1.zip/content,CC-BY-4.0,permitted_with_attribution,open,ET312,EustonTap,202b059b9c72fb2db49c59869d606b0a1c17400364f6d2105a71661400b53a81,16564282,WAV,48000,2,2070528,43.136,43.14,float32,source_metadata_review_pending,materialized,matched,True,Matched by normalized GroupID and LocationID.
isd_audio_afa1b25a2ccc08960b7a,ISD,ISD_EustonTap_EustonTap3_ET313,dev,https://doi.org/10.5281/zenodo.10672568,1.0.1-alpha.1,WAV_London_1.zip,WAV_London_1/EustonTap/ET313.wav,extracted/WAV_London_1/EustonTap/ET313.wav,https://zenodo.org/api/records/10672568/files/WAV_London_1.zip/content,CC-BY-4.0,permitted_with_attribution,open,ET313,EustonTap,d99cde47dea6eb8a47bbec99b85ffd12e076ce6dd17bfdf5a452ec660f67f668,15564858,WAV,48000,2,1945600,40.53333333333333,40.53,float32,source_metadata_review_pending,materialized,matched,True,Matched by normalized GroupID and LocationID.
isd_audio_b492316f26f340acb758,ISD,ISD_EustonTap_EustonTap3_ET314,dev,https://doi.org/10.5281/zenodo.10672568,1.0.1-alpha.1,WAV_London_1.zip,WAV_London_1/EustonTap/ET314.wav,extracted/WAV_London_1/EustonTap/ET314.wav,https://zenodo.org/api/records/10672568/files/WAV_London_1.zip/content,CC-BY-4.0,permitted_with_attribution,open,ET314,EustonTap,acd89abdc4febde3ab0a033257c24fbcc912becd71590c37239000d0dd2cb20c,14090298,WAV,48000,2,1761280,36.693333333333335,36.69,float32,source_metadata_review_pending,materialized,matched,True,Matched by normalized GroupID and LocationID.
isd_audio_4cc0f74b3d05b82788af,ISD,ISD_MarchmontGarden_MarchmontGarden1_MC101,dev,https://doi.org/10.5281/zenodo.10672568,1.0.1-alpha.1,WAV_London_1.zip,WAV_London_1/MarchmontGarden/MC101.wav,extracted/WAV_London_1/MarchmontGarden/MC101.wav,https://zenodo.org/api/records/10672568/files/WAV_London_1.zip/content,CC-BY-4.0,permitted_with_attribution,open,MC101,MarchmontGarden,9b5f8d632b9253723beabc669e0576a32b06dcc4e5ebeb83437032594ce2ae96,12206138,WAV,48000,2,1525760,31.786666666666665,31.79,float32,source_metadata_review_pending,materialized,matched,True,Matched by normalized GroupID and LocationID.
isd_audio_840a2a389cb56fb9db8a,ISD,ISD_MarchmontGarden_MarchmontGarden1_MC102,dev,https://doi.org/10.5281/zenodo.10672568,1.0.1-alpha.1,WAV_London_1.zip,WAV_London_1/MarchmontGarden/MC102.wav,extracted/WAV_London_1/MarchmontGarden/MC102.wav,https://zenodo.org/api/records/10672568/files/WAV_London_1.zip/content,CC-BY-4.0,permitted_with_attribution,open,MC102,MarchmontGarden,f00aaa130f6fd689cfb7e03b7fa9c01e86f5bbfb238af9e83a52d1163f9b90fc,12353594,WAV,48000,2,1544192,32.17066666666667,32.17,float32,source_metadata_review_pending,materialized,matched,True,Matched by normalized GroupID and LocationID.
isd_audio_a441b30b28f74629f794,ISD,ISD_MarchmontGarden_MarchmontGarden1_MC103,dev,https://doi.org/10.5281/zenodo.10672568,1.0.1-alpha.1,WAV_London_1.zip,WAV_London_1/MarchmontGarden/MC103.wav,extracted/WAV_London_1/MarchmontGarden/MC103.wav,https://zenodo.org/api/records/10672568/files/WAV_London_1.zip/content,CC-BY-4.0,permitted_with_attribution,open,MC103,MarchmontGarden,615fbfbba361de49fbfa0bc802524c1614d43e7fc51904837fd3df633741e9be,23281722,WAV,48000,2,2910208,60.629333333333335,60.63,float32,source_metadata_review_pending,materialized,matched,True,Matched by normalized GroupID and LocationID.
isd_audio_1ba9738c70ca1d4ee0ea,ISD,ISD_MarchmontGarden_MarchmontGarden1_MC104,dev,https://doi.org/10.5281/zenodo.10672568,1.0.1-alpha.1,WAV_London_1.zip,WAV_London_1/MarchmontGarden/MC104.wav,extracted/WAV_London_1/MarchmontGarden/MC104.wav,https://zenodo.org/api/records/10672568/files/WAV_London_1.zip/content,CC-BY-4.0,permitted_with_attribution,open,MC104,MarchmontGarden,c8f953686f47b015b664276ff912e3ff9d16a442fa12795c3a8e9e460f4d9993,15581242,WAV,48000,2,1947648,40.576,40.58,float32,source_metadata_review_pending,materialized,matched,True,Matched by normalized GroupID and LocationID.
isd_audio_52c6e4c4d948ee82bccb,ISD,ISD_MarchmontGarden_MarchmontGarden1_MC105,dev,https://doi.org/10.5281/zenodo.10672568,1.0.1-alpha.1,WAV_London_1.zip,WAV_London_1/MarchmontGarden/MC105.wav,extracted/WAV_London_1/MarchmontGarden/MC105.wav,https://zenodo.org/api/records/10672568/files/WAV_London_1.zip/content,CC-BY-4.0,permitted_with_attribution,open,MC105,MarchmontGarden,690b6aad056281e94c95e65114d036891c96d805d210380ff55d01924a44ad8f,14417978,WAV,48000,2,1802240,37.54666666666667,37.55,float32,source_metadata_review_pending,materialized,matched,True,Matched by normalized GroupID and LocationID.
isd_audio_6b562eeb572b00c88b17,ISD,ISD_MarchmontGarden_MarchmontGarden1_MC106,dev,https://doi.org/10.5281/zenodo.10672568,1.0.1-alpha.1,WAV_London_1.zip,WAV_London_1/MarchmontGarden/MC106.wav,extracted/WAV_London_1/MarchmontGarden/MC106.wav,https://zenodo.org/api/records/10672568/files/WAV_London_1.zip/content,CC-BY-4.0,permitted_with_attribution,open,MC106,MarchmontGarden,2d8435e26a86c57688a5a41fd12b794c8ac239c9cac75d30124003f42cae5102,23298106,WAV,48000,2,2912256,60.672,60.67,float32,source_metadata_review_pending,materialized,matched,True,Matched by normalized GroupID and LocationID.
isd_audio_missing_172b04d06a26c541,ISD,ISD_MarchmontGarden_MarchmontGarden1_MC107,dev,https://doi.org/10.5281/zenodo.10672568,1.0.1-alpha.1,WAV_Granada_1.zip;WAV_Groningen_1.zip;WAV_London_1.zip;WAV_London_2.zip;WAV_London_3.zip;WAV_London_4.zip;WAV_Venice_1.zip,,,https://doi.org/10.5281/zenodo.10672568,CC-BY-4.0,permitted_with_attribution,open,MC107,MarchmontGarden,,,,,,,,,,not_available,source_missing,missing_source_asset,False,MOSAIQ clip is in the archive location scope but no WAV candidate exists.
isd_audio_3f8d7333dbc542cf9651,ISD,ISD_MarchmontGarden_MarchmontGarden1_MC108,dev,https://doi.org/10.5281/zenodo.10672568,1.0.1-alpha.1,WAV_London_1.zip,WAV_London_1/MarchmontGarden/MC108.wav,extracted/WAV_London_1/MarchmontGarden/MC108.wav,https://zenodo.org/api/records/10672568/files/WAV_London_1.zip/content,CC-BY-4.0,permitted_with_attribution,open,MC108,MarchmontGarden,c2e08f5a6e9a9195ef26cb19be22fcd8b2a4612a5cea6f56dc9f9ae3dfd91326,14286906,WAV,48000,2,1785856,37.205333333333336,37.21,float32,source_metadata_review_pending,materialized,matched,True,Matched by normalized GroupID and LocationID.
isd_audio_d5ebf474001a26c860f6,ISD,ISD_MarchmontGarden_MarchmontGarden1_MC110,dev,https://doi.org/10.5281/zenodo.10672568,1.0.1-alpha.1,WAV_London_1.zip,WAV_London_1/MarchmontGarden/MC110.wav,extracted/WAV_London_1/MarchmontGarden/MC110.wav,https://zenodo.org/api/records/10672568/files/WAV_London_1.zip/content,CC-BY-4.0,permitted_with_attribution,open,MC110,MarchmontGarden,39d22d420ec684ab66580f18f6c251a4544c8f2233f9174cbfd871bb1855f076,11796538,WAV,48000,2,1474560,30.72,30.72,float32,source_metadata_review_pending,materialized,matched,True,Matched by normalized GroupID and LocationID.
isd_audio_547c51ad16e1da66b456,ISD,ISD_MarchmontGarden_MarchmontGarden1_MC111,dev,https://doi.org/10.5281/zenodo.10672568,1.0.1-alpha.1,WAV_London_1.zip,WAV_London_1/MarchmontGarden/MC111.wav,extracted/WAV_London_1/MarchmontGarden/MC111.wav,https://zenodo.org/api/records/10672568/files/WAV_London_1.zip/content,CC-BY-4.0,permitted_with_attribution,open,MC111,MarchmontGarden,64e7f145045b5b69568fa90639d6d31ca2c62ecaf3613eb84623c72b83c3ce6a,12639290,WAV,48000,2,1579904,32.91466666666667,32.91,float32,source_metadata_review_pending,materialized,matched,True,Matched by normalized GroupID and LocationID.
isd_audio_f2e6e6a7d6b37e3354ee,ISD,ISD_MarchmontGarden_MarchmontGarden1_MC112,dev,https://doi.org/10.5281/zenodo.10672568,1.0.1-alpha.1,WAV_London_1.zip,WAV_London_1/MarchmontGarden/MC112.wav,extracted/WAV_London_1/MarchmontGarden/MC112.wav,https://zenodo.org/api/records/10672568/files/WAV_London_1.zip/content,CC-BY-4.0,permitted_with_attribution,open,MC112,MarchmontGarden,37cedbeeb23e39810a28642f791a6a16dbfcda03bd1ed62a85d79658e47dd83f,18055226,WAV,48000,2,2256896,47.01866666666667,47.02,float32,source_metadata_review_pending,materialized,matched,True,Matched by normalized GroupID and LocationID.
isd_audio_34841351a1cd0f45b134,ISD,ISD_MarchmontGarden_MarchmontGarden1_MC114,dev,https://doi.org/10.5281/zenodo.10672568,1.0.1-alpha.1,WAV_London_1.zip,WAV_London_1/MarchmontGarden/MC114.wav,extracted/WAV_London_1/MarchmontGarden/MC114.wav,https://zenodo.org/api/records/10672568/files/WAV_London_1.zip/content,CC-BY-4.0,permitted_with_attribution,open,MC114,MarchmontGarden,6969b3278aef224cc09fe203376155ec80ea81b32753305640d7b2de374c4532,16285754,WAV,48000,2,2035712,42.410666666666664,42.41,float32,source_metadata_review_pending,materialized,matched,True,Matched by normalized GroupID and LocationID.
isd_audio_e16df77704ae2999cf3f,ISD,ISD_MarchmontGarden_MarchmontGarden1_MC115,dev,https://doi.org/10.5281/zenodo.10672568,1.0.1-alpha.1,WAV_London_1.zip,WAV_London_1/MarchmontGarden/MC115.wav,extracted/WAV_London_1/MarchmontGarden/MC115.wav,https://zenodo.org/api/records/10672568/files/WAV_London_1.zip/content,CC-BY-4.0,permitted_with_attribution,open,MC115,MarchmontGarden,d8a4a1069cfc9d822f025200e86790b9d37b6139712318bc0f9f97be6cf8b08b,14188602,WAV,48000,2,1773568,36.949333333333335,36.95,float32,source_metadata_review_pending,materialized,matched,True,Matched by normalized GroupID and LocationID.
isd_audio_f72bbdb7514cd48b06dd,ISD,ISD_MarchmontGarden_MarchmontGarden1_MC116,dev,https://doi.org/10.5281/zenodo.10672568,1.0.1-alpha.1,WAV_London_1.zip,WAV_London_1/MarchmontGarden/MC116.wav,extracted/WAV_London_1/MarchmontGarden/MC116.wav,https://zenodo.org/api/records/10672568/files/WAV_London_1.zip/content,CC-BY-4.0,permitted_with_attribution,open,MC116,MarchmontGarden,2be2f541db02014cfbd33f2f6cb1ccdb4ccdaefeb8bf1cbbad8a1c7a734705ff,12320826,WAV,48000,2,1540096,32.08533333333333,32.09,float32,source_metadata_review_pending,materialized,matched,True,Matched by normalized GroupID and LocationID.
isd_audio_missing_512caaeae89d7820,ISD,ISD_MarchmontGarden_MarchmontGarden1_MC117,dev,https://doi.org/10.5281/zenodo.10672568,1.0.1-alpha.1,WAV_Granada_1.zip;WAV_Groningen_1.zip;WAV_London_1.zip;WAV_London_2.zip;WAV_London_3.zip;WAV_London_4.zip;WAV_Venice_1.zip,,,https://doi.org/10.5281/zenodo.10672568,CC-BY-4.0,permitted_with_attribution,open,MC117,MarchmontGarden,,,,,,,,,,not_available,source_missing,missing_source_asset,False,MOSAIQ clip is in the archive location scope but no WAV candidate exists.
isd_audio_eb2f82774f1b1c06893f,ISD,ISD_MarchmontGarden_MarchmontGarden1_MC118,dev,https://doi.org/10.5281/zenodo.10672568,1.0.1-alpha.1,WAV_London_1.zip,WAV_London_1/MarchmontGarden/MC118.wav,extracted/WAV_London_1/MarchmontGarden/MC118.wav,https://zenodo.org/api/records/10672568/files/WAV_London_1.zip/content,CC-BY-4.0,permitted_with_attribution,open,MC118,MarchmontGarden,c2c85438925d7f6186d91ac8a2dc7d32dc4e99dafacb1fbad3c80192a2f7c2f1,13645882,WAV,48000,2,1705728,35.536,35.54,float32,source_metadata_review_pending,materialized,matched,True,Matched by normalized GroupID and LocationID.
isd_audio_f4d06138bc3c8fd955ff,ISD,ISD_MarchmontGarden_MarchmontGarden1_MC119,dev,https://doi.org/10.5281/zenodo.10672568,1.0.1-alpha.1,WAV_London_1.zip,WAV_London_1/MarchmontGarden/MC119.wav,extracted/WAV_London_1/MarchmontGarden/MC119.wav,https://zenodo.org/api/records/10672568/files/WAV_London_1.zip/content,CC-BY-4.0,permitted_with_attribution,open,MC119,MarchmontGarden,6286c9fb49bc0aa5f16313c2f57fa5313888ae4b2b4a8b1335dcba7592387807,11520058,WAV,48000,2,1440000,30.0,30.0,float32,source_metadata_review_pending,materialized,matched,True,Matched by normalized GroupID and LocationID.
isd_audio_17e88dc444cb5a0b001b,ISD,ISD_MarchmontGarden_MarchmontGarden1_MC120,dev,https://doi.org/10.5281/zenodo.10672568,1.0.1-alpha.1,WAV_London_1.zip,WAV_London_1/MarchmontGarden/MC120.wav,extracted/WAV_London_1/MarchmontGarden/MC120.wav,https://zenodo.org/api/records/10672568/files/WAV_London_1.zip/content,CC-BY-4.0,permitted_with_attribution,open,MC120,MarchmontGarden,7cacd1ec7dc2c5287972bfd4de9f70b4f6693cd6c8294adf3f5086732cf2d7d9,12107834,WAV,48000,2,1513472,31.530666666666665,31.53,float32,source_metadata_review_pending,materialized,matched,True,Matched by normalized GroupID and LocationID.
isd_audio_043bf4738e665a19a05e,ISD,ISD_MarchmontGarden_MarchmontGarden1_MC121,dev,https://doi.org/10.5281/zenodo.10672568,1.0.1-alpha.1,WAV_London_1.zip,WAV_London_1/MarchmontGarden/MC121.wav,extracted/WAV_London_1/MarchmontGarden/MC121.wav,https://zenodo.org/api/records/10672568/files/WAV_London_1.zip/content,CC-BY-4.0,permitted_with_attribution,open,MC121,MarchmontGarden,613d93759e2b11dba972576b70923a8638845f0daad56bddc99afcbab61d87f2,15360058,WAV,48000,2,1920000,40.0,40.0,float32,source_metadata_review_pending,materialized,matched,True,Matched by normalized GroupID and LocationID.
isd_audio_df7abb4c9dfe1e83f32a,ISD,ISD_MarchmontGarden_MarchmontGarden1_MC122,dev,https://doi.org/10.5281/zenodo.10672568,1.0.1-alpha.1,WAV_London_1.zip,WAV_London_1/MarchmontGarden/MC122.wav,extracted/WAV_London_1/MarchmontGarden/MC122.wav,https://zenodo.org/api/records/10672568/files/WAV_London_1.zip/content,CC-BY-4.0,permitted_with_attribution,open,MC122,MarchmontGarden,0367316d8c9149563cff361d2655ad85e4fb330eef5a66c27e1c091d81223aa0,16384058,WAV,48000,2,2048000,42.666666666666664,42.67,float32,source_metadata_review_pending,materialized,matched,True,Matched by normalized GroupID and LocationID.
isd_audio_missing_00489cdeebad1ac7,ISD,ISD_MarchmontGarden_MarchmontGarden1_MC123,dev,https://doi.org/10.5281/zenodo.10672568,1.0.1-alpha.1,WAV_Granada_1.zip;WAV_Groningen_1.zip;WAV_London_1.zip;WAV_London_2.zip;WAV_London_3.zip;WAV_London_4.zip;WAV_Venice_1.zip,,,https://doi.org/10.5281/zenodo.10672568,CC-BY-4.0,permitted_with_attribution,open,MC123,MarchmontGarden,,,,,,,,,,not_available,source_missing,missing_source_asset,False,MOSAIQ clip is in the archive location scope but no WAV candidate exists.
isd_audio_17926cdde771c526efe0,ISD,ISD_MarchmontGarden_MarchmontGarden1_MC127,dev,https://doi.org/10.5281/zenodo.10672568,1.0.1-alpha.1,WAV_London_1.zip,WAV_London_1/MarchmontGarden/MC127.wav,extracted/WAV_London_1/MarchmontGarden/MC127.wav,https://zenodo.org/api/records/10672568/files/WAV_London_1.zip/content,CC-BY-4.0,permitted_with_attribution,open,MC127,MarchmontGarden,e439c258e0ef5c9106fe8bb9f32bb20c6468497660aa52eb46562a66ac7e4888,18645050,WAV,48000,2,2330624,48.55466666666667,48.55,float32,source_metadata_review_pending,materialized,matched,True,Matched by normalized GroupID and LocationID.
isd_audio_missing_ff1b2bafbe93f5cb,ISD,ISD_MarchmontGarden_MarchmontGarden1_MC128,dev,https://doi.org/10.5281/zenodo.10672568,1.0.1-alpha.1,WAV_Granada_1.zip;WAV_Groningen_1.zip;WAV_London_1.zip;WAV_London_2.zip;WAV_London_3.zip;WAV_London_4.zip;WAV_Venice_1.zip,,,https://doi.org/10.5281/zenodo.10672568,CC-BY-4.0,permitted_with_attribution,open,MC128,MarchmontGarden,,,,,,,,,,not_available,source_missing,missing_source_asset,False,MOSAIQ clip is in the archive location scope but no WAV candidate exists.
isd_audio_37f59d2db5d89bd0e9d4,ISD,ISD_MarchmontGarden_MarchmontGarden1_MC129,dev,https://doi.org/10.5281/zenodo.10672568,1.0.1-alpha.1,WAV_London_1.zip,WAV_London_1/MarchmontGarden/MC129.wav,extracted/WAV_London_1/MarchmontGarden/MC129.wav,https://zenodo.org/api/records/10672568/files/WAV_London_1.zip/content,CC-BY-4.0,permitted_with_attribution,open,MC129,MarchmontGarden,7c6afe936e5ec8065fb2041282ff4882188191a3d259a4b3230490b5d4d417e7,13385786,WAV,48000,2,1673216,34.858666666666664,34.86,float32,source_metadata_review_pending,materialized,matched,True,Matched by normalized GroupID and LocationID.
isd_audio_missing_74de32288ed3c5b5,ISD,ISD_MarchmontGarden_MarchmontGarden2_MC201,dev,https://doi.org/10.5281/zenodo.10672568,1.0.1-alpha.1,WAV_Granada_1.zip;WAV_Groningen_1.zip;WAV_London_1.zip;WAV_London_2.zip;WAV_London_3.zip;WAV_London_4.zip;WAV_Venice_1.zip,,,https://doi.org/10.5281/zenodo.10672568,CC-BY-4.0,permitted_with_attribution,open,MC201,MarchmontGarden,,,,,,,,,,not_available,source_missing,missing_source_asset,False,MOSAIQ clip is in the archive location scope but no WAV candidate exists.
isd_audio_missing_4a64752de66af11e,ISD,ISD_MarchmontGarden_MarchmontGarden2_MC202,dev,https://doi.org/10.5281/zenodo.10672568,1.0.1-alpha.1,WAV_Granada_1.zip;WAV_Groningen_1.zip;WAV_London_1.zip;WAV_London_2.zip;WAV_London_3.zip;WAV_London_4.zip;WAV_Venice_1.zip,,,https://doi.org/10.5281/zenodo.10672568,CC-BY-4.0,permitted_with_attribution,open,MC202,MarchmontGarden,,,,,,,,,,not_available,source_missing,missing_source_asset,False,MOSAIQ clip is in the archive location scope but no WAV candidate exists.
isd_audio_f1c7f802df41f4688241,ISD,ISD_MarchmontGarden_MarchmontGarden2_MC203,dev,https://doi.org/10.5281/zenodo.10672568,1.0.1-alpha.1,WAV_London_1.zip,WAV_London_1/MarchmontGarden/MC203.wav,extracted/WAV_London_1/MarchmontGarden/MC203.wav,https://zenodo.org/api/records/10672568/files/WAV_London_1.zip/content,CC-BY-4.0,permitted_with_attribution,open,MC203,MarchmontGarden,46199c8c17c7452d02f3fb5017039bc6d75ab9ee1808ca5eaa94c48dc37056ae,15056954,WAV,48000,2,1882112,39.21066666666667,39.21,float32,source_metadata_review_pending,materialized,matched,True,Matched by normalized GroupID and LocationID.
isd_audio_35b041670b17c7e40c5b,ISD,ISD_MarchmontGarden_MarchmontGarden2_MC204,dev,https://doi.org/10.5281/zenodo.10672568,1.0.1-alpha.1,WAV_London_1.zip,WAV_London_1/MarchmontGarden/MC204.wav,extracted/WAV_London_1/MarchmontGarden/MC204.wav,https://zenodo.org/api/records/10672568/files/WAV_London_1.zip/content,CC-BY-4.0,permitted_with_attribution,open,MC204,MarchmontGarden,fe53cd8013560e4f49b8cc7f87e36a740ba1d01b33a8a15aecf8b965353374ad,11902010,WAV,48000,2,1487744,30.994666666666667,30.99,float32,source_metadata_review_pending,materialized,matched,True,Matched by normalized GroupID and LocationID.
isd_audio_missing_eaa2bf43579b3206,ISD,ISD_MarchmontGarden_MarchmontGarden2_MC205,dev,https://doi.org/10.5281/zenodo.10672568,1.0.1-alpha.1,WAV_Granada_1.zip;WAV_Groningen_1.zip;WAV_London_1.zip;WAV_London_2.zip;WAV_London_3.zip;WAV_London_4.zip;WAV_Venice_1.zip,,,https://doi.org/10.5281/zenodo.10672568,CC-BY-4.0,permitted_with_attribution,open,MC205,MarchmontGarden,,,,,,,,,,not_available,source_missing,missing_source_asset,False,MOSAIQ clip is in the archive location scope but no WAV candidate exists.
isd_audio_a6d8ba5a97f0bb7864bd,ISD,ISD_MarchmontGarden_MarchmontGarden2_MC206,dev,https://doi.org/10.5281/zenodo.10672568,1.0.1-alpha.1,WAV_London_1.zip,WAV_London_1/MarchmontGarden/MC206.wav,extracted/WAV_London_1/MarchmontGarden/MC206.wav,https://zenodo.org/api/records/10672568/files/WAV_London_1.zip/content,CC-BY-4.0,permitted_with_attribution,open,MC206,MarchmontGarden,ece70356c043fa5e07a76664abab0ade5d863e05c82953af38f4cdf88cfe2488,14155834,WAV,48000,2,1769472,36.864,36.86,float32,source_metadata_review_pending,materialized,matched,True,Matched by normalized GroupID and LocationID.
isd_audio_03b544d78951d80ae9c0,ISD,ISD_MarchmontGarden_MarchmontGarden2_MC207,dev,https://doi.org/10.5281/zenodo.10672568,1.0.1-alpha.1,WAV_London_1.zip,WAV_London_1/MarchmontGarden/MC207.wav,extracted/WAV_London_1/MarchmontGarden/MC207.wav,https://zenodo.org/api/records/10672568/files/WAV_London_1.zip/content,CC-BY-4.0,permitted_with_attribution,open,MC207,MarchmontGarden,7e2a41fa60125a796f9c79ec28282583603fef272624b182f9e118ba36fc2fe6,11940922,WAV,48000,2,1492608,31.096,31.1,float32,source_metadata_review_pending,materialized,matched,True,Matched by normalized GroupID and LocationID.
isd_audio_1c9d28f40617cea94068,ISD,ISD_MarchmontGarden_MarchmontGarden3_MC301,dev,https://doi.org/10.5281/zenodo.10672568,1.0.1-alpha.1,WAV_London_1.zip,WAV_London_1/MarchmontGarden/MC301.wav,extracted/WAV_London_1/MarchmontGarden/MC301.wav,https://zenodo.org/api/records/10672568/files/WAV_London_1.zip/content,CC-BY-4.0,permitted_with_attribution,open,MC301,MarchmontGarden,40406be687e8f7f76f9813fb9cb6cc41a1b4258456ad868398d5dfd2e3463bfc,13056058,WAV,48000,2,1632000,34.0,34.0,float32,source_metadata_review_pending,materialized,matched,True,Matched by normalized GroupID and LocationID.
isd_audio_65e3f47f688e6bae0e93,ISD,ISD_MarchmontGarden_MarchmontGarden3_MC302,dev,https://doi.org/10.5281/zenodo.10672568,1.0.1-alpha.1,WAV_London_1.zip,WAV_London_1/MarchmontGarden/MC302.wav,extracted/WAV_London_1/MarchmontGarden/MC302.wav,https://zenodo.org/api/records/10672568/files/WAV_London_1.zip/content,CC-BY-4.0,permitted_with_attribution,open,MC302,MarchmontGarden,95bfc8b5096100e7e025b3dc1e69d3e7e6c52c79adb0dff0ee883954a5ff2710,8920122,WAV,48000,2,1115008,23.229333333333333,23.23,float32,source_metadata_review_pending,materialized,matched,True,Matched by normalized GroupID and LocationID.
isd_audio_d89d1b53c6f55c047824,ISD,ISD_MarchmontGarden_MarchmontGarden3_MC303,dev,https://doi.org/10.5281/zenodo.10672568,1.0.1-alpha.1,WAV_London_1.zip,WAV_London_1/MarchmontGarden/MC303.wav,extracted/WAV_London_1/MarchmontGarden/MC303.wav,https://zenodo.org/api/records/10672568/files/WAV_London_1.zip/content,CC-BY-4.0,permitted_with_attribution,open,MC303,MarchmontGarden,aa4683a835428eb6d4541627c1b3e011e1ef409efb373cb1d0067b5c21fdc718,12845114,WAV,48000,2,1605632,33.45066666666666,33.45,float32,source_metadata_review_pending,materialized,matched,True,Matched by normalized GroupID and LocationID.
isd_audio_missing_b66d83cdf03333c3,ISD,ISD_MarchmontGarden_MarchmontGarden3_MC306,dev,https://doi.org/10.5281/zenodo.10672568,1.0.1-alpha.1,WAV_Granada_1.zip;WAV_Groningen_1.zip;WAV_London_1.zip;WAV_London_2.zip;WAV_London_3.zip;WAV_London_4.zip;WAV_Venice_1.zip,,,https://doi.org/10.5281/zenodo.10672568,CC-BY-4.0,permitted_with_attribution,open,MC306,MarchmontGarden,,,,,,,,,,not_available,source_missing,missing_source_asset,False,MOSAIQ clip is in the archive location scope but no WAV candidate exists.
isd_audio_69045f3f82c66f7713c5,ISD,ISD_MarchmontGarden_MarchmontGarden3_MC307,dev,https://doi.org/10.5281/zenodo.10672568,1.0.1-alpha.1,WAV_London_1.zip,WAV_London_1/MarchmontGarden/MC307.wav,extracted/WAV_London_1/MarchmontGarden/MC307.wav,https://zenodo.org/api/records/10672568/files/WAV_London_1.zip/content,CC-BY-4.0,permitted_with_attribution,open,MC307,MarchmontGarden,998f03c0cee9c6137a1fd905c758e6ae7436614e647b85cedc69a9ee30e92bc1,13375546,WAV,48000,2,1671936,34.832,34.83,float32,source_metadata_review_pending,materialized,matched,True,Matched by normalized GroupID and LocationID.
isd_audio_b9a03ec8aaa96f1473d3,ISD,ISD_MarchmontGarden_MarchmontGarden3_MC308,dev,https://doi.org/10.5281/zenodo.10672568,1.0.1-alpha.1,WAV_London_1.zip,WAV_London_1/MarchmontGarden/MC308.wav,extracted/WAV_London_1/MarchmontGarden/MC308.wav,https://zenodo.org/api/records/10672568/files/WAV_London_1.zip/content,CC-BY-4.0,permitted_with_attribution,open,MC308,MarchmontGarden,2de41b7364e5ac7cddec88d9dced449a761f111a8049c731c0b976c6c81557c0,15646778,WAV,48000,2,1955840,40.74666666666667,40.75,float32,source_metadata_review_pending,materialized,matched,True,Matched by normalized GroupID and LocationID.
isd_audio_5c6d67fc01ef210735da,ISD,ISD_MarchmontGarden_MarchmontGarden3_MC309,dev,https://doi.org/10.5281/zenodo.10672568,1.0.1-alpha.1,WAV_London_1.zip,WAV_London_1/MarchmontGarden/MC309.wav,extracted/WAV_London_1/MarchmontGarden/MC309.wav,https://zenodo.org/api/records/10672568/files/WAV_London_1.zip/content,CC-BY-4.0,permitted_with_attribution,open,MC309,MarchmontGarden,51983420e91f59bef1a2aa866b1ca52029dadea6a0c4fb49cfedee9e1fcb9f13,8448058,WAV,48000,2,1056000,22.0,22.0,float32,source_metadata_review_pending,materialized,matched,True,Matched by normalized GroupID and LocationID.
isd_audio_a8b49fe52af607e459cf,ISD,ISD_MarchmontGarden_MarchmontGarden3_MC310,dev,https://doi.org/10.5281/zenodo.10672568,1.0.1-alpha.1,WAV_London_1.zip,WAV_London_1/MarchmontGarden/MC310.wav,extracted/WAV_London_1/MarchmontGarden/MC310.wav,https://zenodo.org/api/records/10672568/files/WAV_London_1.zip/content,CC-BY-4.0,permitted_with_attribution,open,MC310,MarchmontGarden,283b0184a97b252637f44ecfe76ae9827e143d5b007a25570f0e9c32c604db75,15171642,WAV,48000,2,1896448,39.50933333333333,39.51,float32,source_metadata_review_pending,materialized,matched,True,Matched by normalized GroupID and LocationID.
isd_audio_ce38892ab2c5ffab47b8,ISD,ISD_MarchmontGarden_MarchmontGarden3_MC311,dev,https://doi.org/10.5281/zenodo.10672568,1.0.1-alpha.1,WAV_London_1.zip,WAV_London_1/MarchmontGarden/MC311.wav,extracted/WAV_London_1/MarchmontGarden/MC311.wav,https://zenodo.org/api/records/10672568/files/WAV_London_1.zip/content,CC-BY-4.0,permitted_with_attribution,open,MC311,MarchmontGarden,355a91abe5663ab81a9a9693bf19a898fad313432f298b29121d74546c01e403,11842618,WAV,48000,2,1480320,30.84,30.84,float32,source_metadata_review_pending,materialized,matched,True,Matched by normalized GroupID and LocationID.
isd_audio_d9d8654c2a7efdf5f7e2,ISD,ISD_MarchmontGarden_MarchmontGarden3_MC312,dev,https://doi.org/10.5281/zenodo.10672568,1.0.1-alpha.1,WAV_London_1.zip,WAV_London_1/MarchmontGarden/MC312.wav,extracted/WAV_London_1/MarchmontGarden/MC312.wav,https://zenodo.org/api/records/10672568/files/WAV_London_1.zip/content,CC-BY-4.0,permitted_with_attribution,open,MC312,MarchmontGarden,132df9c177f176d99eb50575b276711ab08d3293b318d43f2ddb7ae771ef50e9,15300538,WAV,48000,2,1912560,39.845,39.85,float32,source_metadata_review_pending,materialized,matched,True,Matched by normalized GroupID and LocationID.
isd_audio_missing_2bb942fcab102d35,ISD,ISD_MarchmontGarden_MarchmontGarden3_MC313,dev,https://doi.org/10.5281/zenodo.10672568,1.0.1-alpha.1,WAV_Granada_1.zip;WAV_Groningen_1.zip;WAV_London_1.zip;WAV_London_2.zip;WAV_London_3.zip;WAV_London_4.zip;WAV_Venice_1.zip,,,https://doi.org/10.5281/zenodo.10672568,CC-BY-4.0,permitted_with_attribution,open,MC313,MarchmontGarden,,,,,,,,,,not_available,source_missing,missing_source_asset,False,MOSAIQ clip is in the archive location scope but no WAV candidate exists.
isd_audio_missing_7eaf8b35f7185616,ISD,ISD_MarchmontGarden_MarchmontGarden3_MC315,dev,https://doi.org/10.5281/zenodo.10672568,1.0.1-alpha.1,WAV_Granada_1.zip;WAV_Groningen_1.zip;WAV_London_1.zip;WAV_London_2.zip;WAV_London_3.zip;WAV_London_4.zip;WAV_Venice_1.zip,,,https://doi.org/10.5281/zenodo.10672568,CC-BY-4.0,permitted_with_attribution,open,MC315,MarchmontGarden,,,,,,,,,,not_available,source_missing,missing_source_asset,False,MOSAIQ clip is in the archive location scope but no WAV candidate exists.
isd_audio_356ad573488889ee2c5e,ISD,ISD_MarchmontGarden_MarchmontGarden3_MC316,dev,https://doi.org/10.5281/zenodo.10672568,1.0.1-alpha.1,WAV_London_1.zip,WAV_London_1/MarchmontGarden/MC316.wav,extracted/WAV_London_1/MarchmontGarden/MC316.wav,https://zenodo.org/api/records/10672568/files/WAV_London_1.zip/content,CC-BY-4.0,permitted_with_attribution,open,MC316,MarchmontGarden,0fd1d6f452aa87f8b061502c39a6be3a198471379617f341fbdf0dd5e4e0a0ed,12648506,WAV,48000,2,1581056,32.93866666666667,32.94,float32,source_metadata_review_pending,materialized,matched,True,Matched by normalized GroupID and LocationID.
isd_audio_d25bd2cad2934837ab6f,ISD,ISD_MarchmontGarden_MarchmontGarden3_MC317,dev,https://doi.org/10.5281/zenodo.10672568,1.0.1-alpha.1,WAV_London_1.zip,WAV_London_1/MarchmontGarden/MC317.wav,extracted/WAV_London_1/MarchmontGarden/MC317.wav,https://zenodo.org/api/records/10672568/files/WAV_London_1.zip/content,CC-BY-4.0,permitted_with_attribution,open,MC317,MarchmontGarden,50e6b1a3a89fc14f5fe1d89613c42e3a7dfe83b061b4ed911c34875c627e9ffa,14499898,WAV,48000,2,1812480,37.76,37.76,float32,source_metadata_review_pending,materialized,matched,True,Matched by normalized GroupID and LocationID.
isd_audio_1162879984c03b4c4891,ISD,ISD_MarchmontGarden_MarchmontGarden3_MC318,dev,https://doi.org/10.5281/zenodo.10672568,1.0.1-alpha.1,WAV_London_1.zip,WAV_London_1/MarchmontGarden/MC318.wav,extracted/WAV_London_1/MarchmontGarden/MC318.wav,https://zenodo.org/api/records/10672568/files/WAV_London_1.zip/content,CC-BY-4.0,permitted_with_attribution,open,MC318,MarchmontGarden,2ae56f3d0d5c7d9a91f4d3cae992860292c3b21d4ec36032c015e7bb9233b31a,14860346,WAV,48000,2,1857536,38.69866666666667,38.7,float32,source_metadata_review_pending,materialized,matched,True,Matched by normalized GroupID and LocationID.
isd_audio_b7ef9e1bc740ae864867,ISD,ISD_MarchmontGarden_MarchmontGarden3_MC319,dev,https://doi.org/10.5281/zenodo.10672568,1.0.1-alpha.1,WAV_London_1.zip,WAV_London_1/MarchmontGarden/MC319.wav,extracted/WAV_London_1/MarchmontGarden/MC319.wav,https://zenodo.org/api/records/10672568/files/WAV_London_1.zip/content,CC-BY-4.0,permitted_with_attribution,open,MC319,MarchmontGarden,3ef16771c7d6520cf029f28904e2a63b4442f264ceee3b650c85effb3bb9d003,11940922,WAV,48000,2,1492608,31.096,31.1,float32,source_metadata_review_pending,materialized,matched,True,Matched by normalized GroupID and LocationID.
isd_audio_6a349ddee7e3d68c450d,ISD,ISD_MarchmontGarden_MarchmontGarden3_MC320,dev,https://doi.org/10.5281/zenodo.10672568,1.0.1-alpha.1,WAV_London_1.zip,WAV_London_1/MarchmontGarden/MC320.wav,extracted/WAV_London_1/MarchmontGarden/MC320.wav,https://zenodo.org/api/records/10672568/files/WAV_London_1.zip/content,CC-BY-4.0,permitted_with_attribution,open,MC320,MarchmontGarden,780aced20f8e131aeffce134b32d1a3f3d6921d3d6ac1e0d0164fc3bade0cb74,14925882,WAV,48000,2,1865728,38.86933333333333,38.87,float32,source_metadata_review_pending,materialized,matched,True,Matched by normalized GroupID and LocationID.
isd_audio_cb90990812575a98b07f,ISD,ISD_MarchmontGarden_MarchmontGarden3_MC321,dev,https://doi.org/10.5281/zenodo.10672568,1.0.1-alpha.1,WAV_London_1.zip,WAV_London_1/MarchmontGarden/MC321.wav,extracted/WAV_London_1/MarchmontGarden/MC321.wav,https://zenodo.org/api/records/10672568/files/WAV_London_1.zip/content,CC-BY-4.0,permitted_with_attribution,open,MC321,MarchmontGarden,463e9c44608391a0fc885d336454942b91fe6ee2b5842d08848c4cf1a839a407,15646778,WAV,48000,2,1955840,40.74666666666667,40.75,float32,source_metadata_review_pending,materialized,matched,True,Matched by normalized GroupID and LocationID.
isd_audio_missing_c4becd577d08982d,ISD,ISD_MarchmontGarden_MarchmontGarden3_MC322,dev,https://doi.org/10.5281/zenodo.10672568,1.0.1-alpha.1,WAV_Granada_1.zip;WAV_Groningen_1.zip;WAV_London_1.zip;WAV_London_2.zip;WAV_London_3.zip;WAV_London_4.zip;WAV_Venice_1.zip,,,https://doi.org/10.5281/zenodo.10672568,CC-BY-4.0,permitted_with_attribution,open,MC322,MarchmontGarden,,,,,,,,,,not_available,source_missing,missing_source_asset,False,MOSAIQ clip is in the archive location scope but no WAV candidate exists.
isd_audio_64638a03b0cada24f35a,ISD,ISD_MarchmontGarden_MarchmontGarden3_MC323,dev,https://doi.org/10.5281/zenodo.10672568,1.0.1-alpha.1,WAV_London_1.zip,WAV_London_1/MarchmontGarden/MC323.wav,extracted/WAV_London_1/MarchmontGarden/MC323.wav,https://zenodo.org/api/records/10672568/files/WAV_London_1.zip/content,CC-BY-4.0,permitted_with_attribution,open,MC323,MarchmontGarden,e4158c244f56e088b4cb4a7768dc6d692228d1a1c2cfd839506b545595b39573,11520058,WAV,48000,2,1440000,30.0,30.0,float32,source_metadata_review_pending,materialized,matched,True,Matched by normalized GroupID and LocationID.
isd_audio_5a2b83d75d9db962034e,ISD,ISD_MarchmontGarden_MarchmontGarden3_MC324,dev,https://doi.org/10.5281/zenodo.10672568,1.0.1-alpha.1,WAV_London_1.zip,WAV_London_1/MarchmontGarden/MC324.wav,extracted/WAV_London_1/MarchmontGarden/MC324.wav,https://zenodo.org/api/records/10672568/files/WAV_London_1.zip/content,CC-BY-4.0,permitted_with_attribution,open,MC324,MarchmontGarden,0c48267cf3f9168645a61d716d039c840ff2430923e4a8bc898941ba0d8bf60b,11839546,WAV,48000,2,1479936,30.832,30.83,float32,source_metadata_review_pending,materialized,matched,True,Matched by normalized GroupID and LocationID.
isd_audio_f6547a99f3d0ce0e2d34,ISD,ISD_MarchmontGarden_MarchmontGarden3_MC325,dev,https://doi.org/10.5281/zenodo.10672568,1.0.1-alpha.1,WAV_London_1.zip,WAV_London_1/MarchmontGarden/MC325.wav,extracted/WAV_London_1/MarchmontGarden/MC325.wav,https://zenodo.org/api/records/10672568/files/WAV_London_1.zip/content,CC-BY-4.0,permitted_with_attribution,open,MC325,MarchmontGarden,7dc66146671c40cf490fdc82b898ccdf59a1efe6457a42cdf44f3d52ff06daa1,12577850,WAV,48000,2,1572224,32.754666666666665,32.75,float32,source_metadata_review_pending,materialized,matched,True,Matched by normalized GroupID and LocationID.
isd_audio_missing_6576f200d87083c4,ISD,ISD_MarchmontGarden_MarchmontGarden3_MC327,dev,https://doi.org/10.5281/zenodo.10672568,1.0.1-alpha.1,WAV_Granada_1.zip;WAV_Groningen_1.zip;WAV_London_1.zip;WAV_London_2.zip;WAV_London_3.zip;WAV_London_4.zip;WAV_Venice_1.zip,,,https://doi.org/10.5281/zenodo.10672568,CC-BY-4.0,permitted_with_attribution,open,MC327,MarchmontGarden,,,,,,,,,,not_available,source_missing,missing_source_asset,False,MOSAIQ clip is in the archive location scope but no WAV candidate exists.
isd_audio_29e4879d3a5080ea522f,ISD,ISD_MarchmontGarden_MarchmontGarden3_MC328,dev,https://doi.org/10.5281/zenodo.10672568,1.0.1-alpha.1,WAV_London_1.zip,WAV_London_1/MarchmontGarden/MC328.wav,extracted/WAV_London_1/MarchmontGarden/MC328.wav,https://zenodo.org/api/records/10672568/files/WAV_London_1.zip/content,CC-BY-4.0,permitted_with_attribution,open,MC328,MarchmontGarden,522e758dd5a7d61c2d46263ef89552800bba88dbc9f0fc2c60198d14c8bb1e4c,14417978,WAV,48000,2,1802240,37.54666666666667,37.55,float32,source_metadata_review_pending,materialized,matched,True,Matched by normalized GroupID and LocationID.
isd_audio_2c79830d44f761a6533d,ISD,ISD_MarchmontGarden_MarchmontGarden3_MC329,dev,https://doi.org/10.5281/zenodo.10672568,1.0.1-alpha.1,WAV_London_1.zip,WAV_London_1/MarchmontGarden/MC329.wav,extracted/WAV_London_1/MarchmontGarden/MC329.wav,https://zenodo.org/api/records/10672568/files/WAV_London_1.zip/content,CC-BY-4.0,permitted_with_attribution,open,MC329,MarchmontGarden,262f1d47aef2e2a5b951d97a5d54d91410bbe884b1312b29f21c76c2a28a5aee,12238906,WAV,48000,2,1529856,31.872,31.87,float32,source_metadata_review_pending,materialized,matched,True,Matched by normalized GroupID and LocationID.
isd_audio_b750da36a21be5cc175b,ISD,ISD_MarchmontGarden_MarchmontGarden3_MC330,dev,https://doi.org/10.5281/zenodo.10672568,1.0.1-alpha.1,WAV_London_1.zip,WAV_London_1/MarchmontGarden/MC330.wav,extracted/WAV_London_1/MarchmontGarden/MC330.wav,https://zenodo.org/api/records/10672568/files/WAV_London_1.zip/content,CC-BY-4.0,permitted_with_attribution,open,MC330,MarchmontGarden,fc0640645fd873eaf7807a680d36c29dbd9beefed68dd69d930be5b6cb4085c2,13418554,WAV,48000,2,1677312,34.944,34.94,float32,source_metadata_review_pending,materialized,matched,True,Matched by normalized GroupID and LocationID.
isd_audio_61c3e28393fb858dfcef,ISD,ISD_MarchmontGarden_MarchmontGarden3_MC331,dev,https://doi.org/10.5281/zenodo.10672568,1.0.1-alpha.1,WAV_London_1.zip,WAV_London_1/MarchmontGarden/MC331.wav,extracted/WAV_London_1/MarchmontGarden/MC331.wav,https://zenodo.org/api/records/10672568/files/WAV_London_1.zip/content,CC-BY-4.0,permitted_with_attribution,open,MC331,MarchmontGarden,01c299bd0f0cd8454ef3499a168707a2155875aa359b54d5b643a43aa5eda431,11855930,WAV,48000,2,1481984,30.874666666666666,30.87,float32,source_metadata_review_pending,materialized,matched,True,Matched by normalized GroupID and LocationID.
isd_audio_3325d7c6826234618f93,ISD,ISD_MarchmontGarden_MarchmontGarden3_MC332,dev,https://doi.org/10.5281/zenodo.10672568,1.0.1-alpha.1,WAV_London_1.zip,WAV_London_1/MarchmontGarden/MC332.wav,extracted/WAV_London_1/MarchmontGarden/MC332.wav,https://zenodo.org/api/records/10672568/files/WAV_London_1.zip/content,CC-BY-4.0,permitted_with_attribution,open,MC332,MarchmontGarden,4431138673c2ea52516d6d95ba74f2a07c1b8cc6c64aa390e775f78403dc2e24,14893114,WAV,48000,2,1861632,38.784,38.78,float32,source_metadata_review_pending,materialized,matched,True,Matched by normalized GroupID and LocationID.
isd_audio_aa3626988a7c6c3ca51e,ISD,ISD_MarchmontGarden_MarchmontGarden3_MC333,dev,https://doi.org/10.5281/zenodo.10672568,1.0.1-alpha.1,WAV_London_1.zip,WAV_London_1/MarchmontGarden/MC333.wav,extracted/WAV_London_1/MarchmontGarden/MC333.wav,https://zenodo.org/api/records/10672568/files/WAV_London_1.zip/content,CC-BY-4.0,permitted_with_attribution,open,MC333,MarchmontGarden,87f7b549446d1c2e062664a8b4cde05d61d514d72d9c572b9d777f29a3d1f68a,15646778,WAV,48000,2,1955840,40.74666666666667,40.75,float32,source_metadata_review_pending,materialized,matched,True,Matched by normalized GroupID and LocationID.
isd_audio_bbcba04346a291452902,ISD,ISD_MarchmontGarden_MarchmontGarden3_MC334,dev,https://doi.org/10.5281/zenodo.10672568,1.0.1-alpha.1,WAV_London_1.zip,WAV_London_1/MarchmontGarden/MC334.wav,extracted/WAV_London_1/MarchmontGarden/MC334.wav,https://zenodo.org/api/records/10672568/files/WAV_London_1.zip/content,CC-BY-4.0,permitted_with_attribution,open,MC334,MarchmontGarden,f13c1707cb9a5721d05b41b3542b3e4674f44ce8ec760e137716258c8d8f5c58,11680826,WAV,48000,2,1460096,30.418666666666667,30.42,float32,source_metadata_review_pending,materialized,matched,True,Matched by normalized GroupID and LocationID.
isd_audio_857a88863b424eecb8a6,ISD,ISD_MarchmontGarden_MarchmontGarden3_MC335,dev,https://doi.org/10.5281/zenodo.10672568,1.0.1-alpha.1,WAV_London_1.zip,WAV_London_1/MarchmontGarden/MC335.wav,extracted/WAV_London_1/MarchmontGarden/MC335.wav,https://zenodo.org/api/records/10672568/files/WAV_London_1.zip/content,CC-BY-4.0,permitted_with_attribution,open,MC335,MarchmontGarden,8ca8019d6bccf5794b8260060624059852ca4597da1eaeb75914c4855d28c01a,8922170,WAV,48000,2,1115264,23.234666666666666,23.23,float32,source_metadata_review_pending,materialized,matched,True,Matched by normalized GroupID and LocationID.
isd_audio_db93dbfae17302fa05d2,ISD,ISD_MarchmontGarden_MarchmontGarden3_MC336,dev,https://doi.org/10.5281/zenodo.10672568,1.0.1-alpha.1,WAV_London_1.zip,WAV_London_1/MarchmontGarden/MC336.wav,extracted/WAV_London_1/MarchmontGarden/MC336.wav,https://zenodo.org/api/records/10672568/files/WAV_London_1.zip/content,CC-BY-4.0,permitted_with_attribution,open,MC336,MarchmontGarden,30ee73f3f245f0c6165f67e1c19d74a117c73c530e02e977aaad104b143e79cd,14155834,WAV,48000,2,1769472,36.864,36.86,float32,source_metadata_review_pending,materialized,matched,True,Matched by normalized GroupID and LocationID.
isd_audio_e62cec41aa7e5886fb88,ISD,ISD_MarchmontGarden_MarchmontGarden4_MC401,dev,https://doi.org/10.5281/zenodo.10672568,1.0.1-alpha.1,WAV_London_1.zip,WAV_London_1/MarchmontGarden/MC401.wav,extracted/WAV_London_1/MarchmontGarden/MC401.wav,https://zenodo.org/api/records/10672568/files/WAV_London_1.zip/content,CC-BY-4.0,permitted_with_attribution,open,MC401,MarchmontGarden,a6bd1367d7a9b4d035482fa160bc6bafbedd18ccfd9662d021af2baa449a02e3,15196090,WAV,48000,2,1899504,39.573,39.57,float32,source_metadata_review_pending,materialized,matched,True,Matched by normalized GroupID and LocationID.
isd_audio_a1912306a8587bee288c,ISD,ISD_MarchmontGarden_MarchmontGarden4_MC402,dev,https://doi.org/10.5281/zenodo.10672568,1.0.1-alpha.1,WAV_London_1.zip,WAV_London_1/MarchmontGarden/MC402.wav,extracted/WAV_London_1/MarchmontGarden/MC402.wav,https://zenodo.org/api/records/10672568/files/WAV_London_1.zip/content,CC-BY-4.0,permitted_with_attribution,open,MC402,MarchmontGarden,e7ff19d36e7ba0f8a6a2e94eb3cd27cd919989ecf3db6b4e93057d84fafc6e68,8381498,WAV,48000,2,1047680,21.826666666666668,21.83,float32,source_metadata_review_pending,materialized,matched,True,Matched by normalized GroupID and LocationID.
isd_audio_missing_22c854aa7765e51d,ISD,ISD_MarchmontGarden_MarchmontGarden4_MC403,dev,https://doi.org/10.5281/zenodo.10672568,1.0.1-alpha.1,WAV_Granada_1.zip;WAV_Groningen_1.zip;WAV_London_1.zip;WAV_London_2.zip;WAV_London_3.zip;WAV_London_4.zip;WAV_Venice_1.zip,,,https://doi.org/10.5281/zenodo.10672568,CC-BY-4.0,permitted_with_attribution,open,MC403,MarchmontGarden,,,,,,,,,,not_available,source_missing,missing_source_asset,False,MOSAIQ clip is in the archive location scope but no WAV candidate exists.
isd_audio_1826b3bc43d1b2a14335,ISD,ISD_MarchmontGarden_MarchmontGarden4_MC404,dev,https://doi.org/10.5281/zenodo.10672568,1.0.1-alpha.1,WAV_London_1.zip,WAV_London_1/MarchmontGarden/MC404.wav,extracted/WAV_London_1/MarchmontGarden/MC404.wav,https://zenodo.org/api/records/10672568/files/WAV_London_1.zip/content,CC-BY-4.0,permitted_with_attribution,open,MC404,MarchmontGarden,1ce4b0e30983fcdf05bef396aabe181c506f95fd0cb927a0e294e025fd15f905,17621050,WAV,48000,2,2202624,45.888,45.89,float32,source_metadata_review_pending,materialized,matched,True,Matched by normalized GroupID and LocationID.
isd_audio_a512229d6d8f8c1ec813,ISD,ISD_MarchmontGarden_MarchmontGarden4_MC405,dev,https://doi.org/10.5281/zenodo.10672568,1.0.1-alpha.1,WAV_London_1.zip,WAV_London_1/MarchmontGarden/MC405.wav,extracted/WAV_London_1/MarchmontGarden/MC405.wav,https://zenodo.org/api/records/10672568/files/WAV_London_1.zip/content,CC-BY-4.0,permitted_with_attribution,open,MC405,MarchmontGarden,83e6a67978f445b156cd044fead2325291d7d6690595b66e7ca8953f7df447ef,15704122,WAV,48000,2,1963008,40.896,40.9,float32,source_metadata_review_pending,materialized,matched,True,Matched by normalized GroupID and LocationID.
isd_audio_a2b33c819e31da316cc8,ISD,ISD_MarchmontGarden_MarchmontGarden4_MC406,dev,https://doi.org/10.5281/zenodo.10672568,1.0.1-alpha.1,WAV_London_1.zip,WAV_London_1/MarchmontGarden/MC406.wav,extracted/WAV_London_1/MarchmontGarden/MC406.wav,https://zenodo.org/api/records/10672568/files/WAV_London_1.zip/content,CC-BY-4.0,permitted_with_attribution,open,MC406,MarchmontGarden,6a08dbb8afaf57f66238f4a2f6b7f1fc15bba1df262ca7e4b2b48590896cae5e,15687738,WAV,48000,2,1960960,40.85333333333333,40.85,float32,source_metadata_review_pending,materialized,matched,True,Matched by normalized GroupID and LocationID.
isd_audio_7fcfd9542fb736048f77,ISD,ISD_MarchmontGarden_MarchmontGarden4_MC407,dev,https://doi.org/10.5281/zenodo.10672568,1.0.1-alpha.1,WAV_London_1.zip,WAV_London_1/MarchmontGarden/MC407.wav,extracted/WAV_London_1/MarchmontGarden/MC407.wav,https://zenodo.org/api/records/10672568/files/WAV_London_1.zip/content,CC-BY-4.0,permitted_with_attribution,open,MC407,MarchmontGarden,cc18c7245b27e08a7c1dfcdadc78f469d5682bceb6409d0f0b1173b513bb4e8a,16179258,WAV,48000,2,2022400,42.13333333333333,42.13,float32,source_metadata_review_pending,materialized,matched,True,Matched by normalized GroupID and LocationID.
isd_audio_6f4d678fbf78e3d0bf80,ISD,ISD_MarchmontGarden_MarchmontGarden4_MC409,dev,https://doi.org/10.5281/zenodo.10672568,1.0.1-alpha.1,WAV_London_1.zip,WAV_London_1/MarchmontGarden/MC409.wav,extracted/WAV_London_1/MarchmontGarden/MC409.wav,https://zenodo.org/api/records/10672568/files/WAV_London_1.zip/content,CC-BY-4.0,permitted_with_attribution,open,MC409,MarchmontGarden,540dca0897bd5dc0fe10b2c13e0d5885863efa06e7b295eeb4fe9506575a2781,14573626,WAV,48000,2,1821696,37.952,37.95,float32,source_metadata_review_pending,materialized,matched,True,Matched by normalized GroupID and LocationID.
isd_audio_889f2f07e1ee60b0c39d,ISD,ISD_MarchmontGarden_MarchmontGarden4_MC410,dev,https://doi.org/10.5281/zenodo.10672568,1.0.1-alpha.1,WAV_London_1.zip,WAV_London_1/MarchmontGarden/MC410.wav,extracted/WAV_London_1/MarchmontGarden/MC410.wav,https://zenodo.org/api/records/10672568/files/WAV_London_1.zip/content,CC-BY-4.0,permitted_with_attribution,open,MC410,MarchmontGarden,1f87115d943fe5ef68637a971657e2760ca3875cae9445438373e39aac5e952f,11853882,WAV,48000,2,1481728,30.869333333333334,30.87,float32,source_metadata_review_pending,materialized,matched,True,Matched by normalized GroupID and LocationID.
isd_audio_missing_ec756d06ee66f9ea,ISD,ISD_MarchmontGarden_MarchmontGarden4_MC411,dev,https://doi.org/10.5281/zenodo.10672568,1.0.1-alpha.1,WAV_Granada_1.zip;WAV_Groningen_1.zip;WAV_London_1.zip;WAV_London_2.zip;WAV_London_3.zip;WAV_London_4.zip;WAV_Venice_1.zip,,,https://doi.org/10.5281/zenodo.10672568,CC-BY-4.0,permitted_with_attribution,open,MC411,MarchmontGarden,,,,,,,,,,not_available,source_missing,missing_source_asset,False,MOSAIQ clip is in the archive location scope but no WAV candidate exists.
isd_audio_f29a743350e56a0bf43d,ISD,ISD_MarchmontGarden_MarchmontGarden4_MC412,dev,https://doi.org/10.5281/zenodo.10672568,1.0.1-alpha.1,WAV_London_1.zip,WAV_London_1/MarchmontGarden/MC412.wav,extracted/WAV_London_1/MarchmontGarden/MC412.wav,https://zenodo.org/api/records/10672568/files/WAV_London_1.zip/content,CC-BY-4.0,permitted_with_attribution,open,MC412,MarchmontGarden,e488e2b9ff0b43d7544933122f9981d01aae34da958ae7dd0f6a6ecada06e0e2,14147642,WAV,48000,2,1768448,36.842666666666666,36.84,float32,source_metadata_review_pending,materialized,matched,True,Matched by normalized GroupID and LocationID.
isd_audio_12dd628acb34aa9f40d4,ISD,ISD_MarchmontGarden_MarchmontGarden4_MC413,dev,https://doi.org/10.5281/zenodo.10672568,1.0.1-alpha.1,WAV_London_1.zip,WAV_London_1/MarchmontGarden/MC413.wav,extracted/WAV_London_1/MarchmontGarden/MC413.wav,https://zenodo.org/api/records/10672568/files/WAV_London_1.zip/content,CC-BY-4.0,permitted_with_attribution,open,MC413,MarchmontGarden,0eac08fd5aa976b671f964e24e33c10dbd204ca41a9b02889f14cc421bedf9c8,15654970,WAV,48000,2,1956864,40.768,40.77,float32,source_metadata_review_pending,materialized,matched,True,Matched by normalized GroupID and LocationID.
isd_audio_7f367fcc5c36e0e22d13,ISD,ISD_MarchmontGarden_MarchmontGarden4_MC414,dev,https://doi.org/10.5281/zenodo.10672568,1.0.1-alpha.1,WAV_London_1.zip,WAV_London_1/MarchmontGarden/MC414.wav,extracted/WAV_London_1/MarchmontGarden/MC414.wav,https://zenodo.org/api/records/10672568/files/WAV_London_1.zip/content,CC-BY-4.0,permitted_with_attribution,open,MC414,MarchmontGarden,721ed2d9e73dfa199e003c3781336cf45c563ddfc59caf886feb874fa1e19ede,11788346,WAV,48000,2,1473536,30.698666666666668,30.7,float32,source_metadata_review_pending,materialized,matched,True,Matched by normalized GroupID and LocationID.
isd_audio_d06d554cb1b25f1d6526,ISD,ISD_MarchmontGarden_MarchmontGarden4_MC415,dev,https://doi.org/10.5281/zenodo.10672568,1.0.1-alpha.1,WAV_London_1.zip,WAV_London_1/MarchmontGarden/MC415.wav,extracted/WAV_London_1/MarchmontGarden/MC415.wav,https://zenodo.org/api/records/10672568/files/WAV_London_1.zip/content,CC-BY-4.0,permitted_with_attribution,open,MC415,MarchmontGarden,92449026312e260fa38030304b660301e21dfb642dea8dfc385dfb1156230374,15769658,WAV,48000,2,1971200,41.06666666666667,41.07,float32,source_metadata_review_pending,materialized,matched,True,Matched by normalized GroupID and LocationID.
isd_audio_d21d66cadcbdc5427fbc,ISD,ISD_MarchmontGarden_MarchmontGarden4_MC416,dev,https://doi.org/10.5281/zenodo.10672568,1.0.1-alpha.1,WAV_London_1.zip,WAV_London_1/MarchmontGarden/MC416.wav,extracted/WAV_London_1/MarchmontGarden/MC416.wav,https://zenodo.org/api/records/10672568/files/WAV_London_1.zip/content,CC-BY-4.0,permitted_with_attribution,open,MC416,MarchmontGarden,7441b1ac3197bc5ca9e83a789dcb8efcd7be5e74f0afda640272240d7a2a7111,13754426,WAV,48000,2,1719296,35.818666666666665,35.82,float32,source_metadata_review_pending,materialized,matched,True,Matched by normalized GroupID and LocationID.
isd_audio_cea198f6a4455a4a6945,ISD,ISD_MarchmontGarden_MarchmontGarden4_MC417,dev,https://doi.org/10.5281/zenodo.10672568,1.0.1-alpha.1,WAV_London_1.zip,WAV_London_1/MarchmontGarden/MC417.wav,extracted/WAV_London_1/MarchmontGarden/MC417.wav,https://zenodo.org/api/records/10672568/files/WAV_London_1.zip/content,CC-BY-4.0,permitted_with_attribution,open,MC417,MarchmontGarden,1fefd31d3ed29207ea22e0cc4e1bc3adbab0e4b91a68a3da364e41472b7c15dc,12896314,WAV,48000,2,1612032,33.584,33.58,float32,source_metadata_review_pending,materialized,matched,True,Matched by normalized GroupID and LocationID.
isd_audio_223be25f8dcf6c45378b,ISD,ISD_MarchmontGarden_MarchmontGarden4_MC418,dev,https://doi.org/10.5281/zenodo.10672568,1.0.1-alpha.1,WAV_London_1.zip,WAV_London_1/MarchmontGarden/MC418.wav,extracted/WAV_London_1/MarchmontGarden/MC418.wav,https://zenodo.org/api/records/10672568/files/WAV_London_1.zip/content,CC-BY-4.0,permitted_with_attribution,open,MC418,MarchmontGarden,9f2f136eb1e17d0b2dd6fbf2fa6d6589ea0a3707fe1bf2c69e4ce36564565644,14770234,WAV,48000,2,1846272,38.464,38.46,float32,source_metadata_review_pending,materialized,matched,True,Matched by normalized GroupID and LocationID.
isd_audio_c9f02ea1988c925f3df2,ISD,ISD_MiradorSanNicolas_MiradorSanNicolas1_M11,test,https://doi.org/10.5281/zenodo.10672568,1.0.1-alpha.1,WAV_Granada_1.zip,Grenada WAV Files/MiradorSanNicolas/M11.wav,extracted/WAV_Granada_1/Grenada WAV Files/MiradorSanNicolas/M11.wav,https://zenodo.org/api/records/10672568/files/WAV_Granada_1.zip/content,CC-BY-4.0,permitted_with_attribution,open,M11,MiradorSanNicolas,54074b8b80f5a5c1909e4ca32eda4a7608a118335e4ea28bc5583dbd064f5793,10747962,WAV,44100,2,1343488,30.464580498866212,30.46,float32,source_metadata_review_pending,materialized,matched,True,Matched by normalized GroupID and LocationID.
isd_audio_a1c19b3f222e90da852d,ISD,ISD_MiradorSanNicolas_MiradorSanNicolas1_M110,test,https://doi.org/10.5281/zenodo.10672568,1.0.1-alpha.1,WAV_Granada_1.zip,Grenada WAV Files/MiradorSanNicolas/M110.wav,extracted/WAV_Granada_1/Grenada WAV Files/MiradorSanNicolas/M110.wav,https://zenodo.org/api/records/10672568/files/WAV_Granada_1.zip/content,CC-BY-4.0,permitted_with_attribution,open,M110,MiradorSanNicolas,c1a16e06235c4c421ffb6a28649980ec4bb9d04d7c1d4508ac1e4b627d4c08a2,10887226,WAV,44100,2,1360896,30.859319727891158,30.86,float32,source_metadata_review_pending,materialized,matched,True,Matched by normalized GroupID and LocationID.
isd_audio_02d4d52afde435167065,ISD,ISD_MiradorSanNicolas_MiradorSanNicolas1_M111,test,https://doi.org/10.5281/zenodo.10672568,1.0.1-alpha.1,WAV_Granada_1.zip,Grenada WAV Files/MiradorSanNicolas/M111.wav,extracted/WAV_Granada_1/Grenada WAV Files/MiradorSanNicolas/M111.wav,https://zenodo.org/api/records/10672568/files/WAV_Granada_1.zip/content,CC-BY-4.0,permitted_with_attribution,open,M111,MiradorSanNicolas,a3b82ce772b26fb0c975b3ac4ee6ea8cb3b4b43d36222e0ade2144429a50cd80,10838074,WAV,44100,2,1354752,30.72,30.72,float32,source_metadata_review_pending,materialized,matched,True,Matched by normalized GroupID and LocationID.
isd_audio_05dbe982237403781ccc,ISD,ISD_MiradorSanNicolas_MiradorSanNicolas1_M113,test,https://doi.org/10.5281/zenodo.10672568,1.0.1-alpha.1,WAV_Granada_1.zip,Grenada WAV Files/MiradorSanNicolas/M113.wav,extracted/WAV_Granada_1/Grenada WAV Files/MiradorSanNicolas/M113.wav,https://zenodo.org/api/records/10672568/files/WAV_Granada_1.zip/content,CC-BY-4.0,permitted_with_attribution,open,M113,MiradorSanNicolas,aa16a6ae969a2068665e25ca3ad0cb86efbca6e6378a14834838dcaf6a9403a3,10936378,WAV,44100,2,1367040,30.998639455782314,31.0,float32,source_metadata_review_pending,materialized,matched,True,Matched by normalized GroupID and LocationID.
isd_audio_1da8901bbee7ce23c472,ISD,ISD_MiradorSanNicolas_MiradorSanNicolas1_M12,test,https://doi.org/10.5281/zenodo.10672568,1.0.1-alpha.1,WAV_Granada_1.zip,Grenada WAV Files/MiradorSanNicolas/M12.wav,extracted/WAV_Granada_1/Grenada WAV Files/MiradorSanNicolas/M12.wav,https://zenodo.org/api/records/10672568/files/WAV_Granada_1.zip/content,CC-BY-4.0,permitted_with_attribution,open,M12,MiradorSanNicolas,dcefed0922c750583f15e1f9b90d8f1787478bd0165e0a6c1fa94a8dfc242c92,10862650,WAV,44100,2,1357824,30.789659863945577,30.79,float32,source_metadata_review_pending,materialized,matched,True,Matched by normalized GroupID and LocationID.
isd_audio_2c48e1962683f5e02077,ISD,ISD_MiradorSanNicolas_MiradorSanNicolas1_M13,test,https://doi.org/10.5281/zenodo.10672568,1.0.1-alpha.1,WAV_Granada_1.zip,Grenada WAV Files/MiradorSanNicolas/M13.wav,extracted/WAV_Granada_1/Grenada WAV Files/MiradorSanNicolas/M13.wav,https://zenodo.org/api/records/10672568/files/WAV_Granada_1.zip/content,CC-BY-4.0,permitted_with_attribution,open,M13,MiradorSanNicolas,3f333ae8d3776d975620492645e29e824435dce379a9069eef0029813c1ae9d9,10960954,WAV,44100,2,1370112,31.068299319727892,31.07,float32,source_metadata_review_pending,materialized,matched,True,Matched by normalized GroupID and LocationID.
isd_audio_29a2a6a240d6a007461a,ISD,ISD_MiradorSanNicolas_MiradorSanNicolas1_M16,test,https://doi.org/10.5281/zenodo.10672568,1.0.1-alpha.1,WAV_Granada_1.zip,Grenada WAV Files/MiradorSanNicolas/M16.wav,extracted/WAV_Granada_1/Grenada WAV Files/MiradorSanNicolas/M16.wav,https://zenodo.org/api/records/10672568/files/WAV_Granada_1.zip/content,CC-BY-4.0,permitted_with_attribution,open,M16,MiradorSanNicolas,e0254826912306f88eccd0a9dbd6e30cc96742bcb793bcb51af40b9b3e581ce8,10821690,WAV,44100,2,1352704,30.67356009070295,30.67,float32,source_metadata_review_pending,materialized,matched,True,Matched by normalized GroupID and LocationID.
isd_audio_6fae33111c79a63bc381,ISD,ISD_MiradorSanNicolas_MiradorSanNicolas1_M17,test,https://doi.org/10.5281/zenodo.10672568,1.0.1-alpha.1,WAV_Granada_1.zip,Grenada WAV Files/MiradorSanNicolas/M17.wav,extracted/WAV_Granada_1/Grenada WAV Files/MiradorSanNicolas/M17.wav,https://zenodo.org/api/records/10672568/files/WAV_Granada_1.zip/content,CC-BY-4.0,permitted_with_attribution,open,M17,MiradorSanNicolas,502b42124d0e5d0d10a2c8b8ca359ee258e66978b1b69b081f701dbb288eeaad,10813498,WAV,44100,2,1351680,30.65034013605442,30.65,float32,source_metadata_review_pending,materialized,matched,True,Matched by normalized GroupID and LocationID.
isd_audio_missing_069f6ce4ef163ca0,ISD,ISD_MiradorSanNicolas_MiradorSanNicolas1_M19,test,https://doi.org/10.5281/zenodo.10672568,1.0.1-alpha.1,WAV_Granada_1.zip;WAV_Groningen_1.zip;WAV_London_1.zip;WAV_London_2.zip;WAV_London_3.zip;WAV_London_4.zip;WAV_Venice_1.zip,,,https://doi.org/10.5281/zenodo.10672568,CC-BY-4.0,permitted_with_attribution,open,M19,MiradorSanNicolas,,,,,,,,,,not_available,source_missing,missing_source_asset,False,MOSAIQ clip is in the archive location scope but no WAV candidate exists.
isd_audio_35cf1819d699193b0cfb,ISD,ISD_MiradorSanNicolas_MiradorSanNicolas1_M21,test,https://doi.org/10.5281/zenodo.10672568,1.0.1-alpha.1,WAV_Granada_1.zip,Grenada WAV Files/MiradorSanNicolas/M21.wav,extracted/WAV_Granada_1/Grenada WAV Files/MiradorSanNicolas/M21.wav,https://zenodo.org/api/records/10672568/files/WAV_Granada_1.zip/content,CC-BY-4.0,permitted_with_attribution,open,M21,MiradorSanNicolas,6c435c475c5acbd696b5f51440312b12e5b7da0329735e943aa794be9aa0f4eb,10919994,WAV,44100,2,1364992,30.95219954648526,30.95,float32,source_metadata_review_pending,materialized,matched,True,Matched by normalized GroupID and LocationID.
isd_audio_7c592f2ae0e84a27d205,ISD,ISD_MiradorSanNicolas_MiradorSanNicolas1_M210,test,https://doi.org/10.5281/zenodo.10672568,1.0.1-alpha.1,WAV_Granada_1.zip,Grenada WAV Files/MiradorSanNicolas/M210.wav,extracted/WAV_Granada_1/Grenada WAV Files/MiradorSanNicolas/M210.wav,https://zenodo.org/api/records/10672568/files/WAV_Granada_1.zip/content,CC-BY-4.0,permitted_with_attribution,open,M210,MiradorSanNicolas,3b0ea173793f4ab15e15a0b475a2f9e1a34f70f48448d5b01f6b569fe376a96e,11206714,WAV,44100,2,1400832,31.764897959183674,31.76,float32,source_metadata_review_pending,materialized,matched,True,Matched by normalized GroupID and LocationID.
isd_audio_9337331ab09c34fa60dd,ISD,ISD_MiradorSanNicolas_MiradorSanNicolas1_M22,test,https://doi.org/10.5281/zenodo.10672568,1.0.1-alpha.1,WAV_Granada_1.zip,Grenada WAV Files/MiradorSanNicolas/M22.wav,extracted/WAV_Granada_1/Grenada WAV Files/MiradorSanNicolas/M22.wav,https://zenodo.org/api/records/10672568/files/WAV_Granada_1.zip/content,CC-BY-4.0,permitted_with_attribution,open,M22,MiradorSanNicolas,e1a0ae7ca6007647cbee57127ffa6b4dd487bd60eaa1a7fbc9fa3e726e6273ce,10829882,WAV,44100,2,1353728,30.696780045351474,30.7,float32,source_metadata_review_pending,materialized,matched,True,Matched by normalized GroupID and LocationID.
isd_audio_6e695db05eb333a02855,ISD,ISD_MiradorSanNicolas_MiradorSanNicolas1_M23,test,https://doi.org/10.5281/zenodo.10672568,1.0.1-alpha.1,WAV_Granada_1.zip,Grenada WAV Files/MiradorSanNicolas/M23.wav,extracted/WAV_Granada_1/Grenada WAV Files/MiradorSanNicolas/M23.wav,https://zenodo.org/api/records/10672568/files/WAV_Granada_1.zip/content,CC-BY-4.0,permitted_with_attribution,open,M23,MiradorSanNicolas,e5ffa5537a6b78ff9d34df07f3c79ee09fb17d1fd3d18b99d703b80e44ee4874,10919994,WAV,44100,2,1364992,30.95219954648526,30.95,float32,source_metadata_review_pending,materialized,matched,True,Matched by normalized GroupID and LocationID.
isd_audio_f2010f99a30294d69aac,ISD,ISD_MiradorSanNicolas_MiradorSanNicolas1_M24,test,https://doi.org/10.5281/zenodo.10672568,1.0.1-alpha.1,WAV_Granada_1.zip,Grenada WAV Files/MiradorSanNicolas/M24.wav,extracted/WAV_Granada_1/Grenada WAV Files/MiradorSanNicolas/M24.wav,https://zenodo.org/api/records/10672568/files/WAV_Granada_1.zip/content,CC-BY-4.0,permitted_with_attribution,open,M24,MiradorSanNicolas,0ebe349412a1003875008421579d8adb43a9d939828779ed36b215c3550d95a2,10764346,WAV,44100,2,1345536,30.511020408163265,30.51,float32,source_metadata_review_pending,materialized,matched,True,Matched by normalized GroupID and LocationID.
isd_audio_66d61f4f494eb6d4e01b,ISD,ISD_MiradorSanNicolas_MiradorSanNicolas1_M26,test,https://doi.org/10.5281/zenodo.10672568,1.0.1-alpha.1,WAV_Granada_1.zip,Grenada WAV Files/MiradorSanNicolas/M26.wav,extracted/WAV_Granada_1/Grenada WAV Files/MiradorSanNicolas/M26.wav,https://zenodo.org/api/records/10672568/files/WAV_Granada_1.zip/content,CC-BY-4.0,permitted_with_attribution,open,M26,MiradorSanNicolas,ec54f675d0644cc34da48a81788e4e0b2d0310ed3a3a5ee24c6d84838f1f80e3,10862650,WAV,44100,2,1357824,30.789659863945577,30.79,float32,source_metadata_review_pending,materialized,matched,True,Matched by normalized GroupID and LocationID.
isd_audio_bbff00044f9c76a8c173,ISD,ISD_MiradorSanNicolas_MiradorSanNicolas1_M28,test,https://doi.org/10.5281/zenodo.10672568,1.0.1-alpha.1,WAV_Granada_1.zip,Grenada WAV Files/MiradorSanNicolas/M28.wav,extracted/WAV_Granada_1/Grenada WAV Files/MiradorSanNicolas/M28.wav,https://zenodo.org/api/records/10672568/files/WAV_Granada_1.zip/content,CC-BY-4.0,permitted_with_attribution,open,M28,MiradorSanNicolas,8719a3ecba82400b875df5ffb86f92912df1b6a2e145f095213c10d4166faaa8,10862650,WAV,44100,2,1357824,30.789659863945577,30.79,float32,source_metadata_review_pending,materialized,matched,True,Matched by normalized GroupID and LocationID.
isd_audio_1cdb115f27dc4671cd4f,ISD,ISD_MiradorSanNicolas_MiradorSanNicolas1_M29,test,https://doi.org/10.5281/zenodo.10672568,1.0.1-alpha.1,WAV_Granada_1.zip,Grenada WAV Files/MiradorSanNicolas/M29.wav,extracted/WAV_Granada_1/Grenada WAV Files/MiradorSanNicolas/M29.wav,https://zenodo.org/api/records/10672568/files/WAV_Granada_1.zip/content,CC-BY-4.0,permitted_with_attribution,open,M29,MiradorSanNicolas,0c3b371091c6f29ff9e422bef23e1b612ad6fde05bfd3540b29430a36b0d68e6,10838074,WAV,44100,2,1354752,30.72,30.72,float32,source_metadata_review_pending,materialized,matched,True,Matched by normalized GroupID and LocationID.
isd_audio_dd74fd542b134cae186d,ISD,ISD_MonumentoGaribaldi_MonumentoGaribaldi1_MG101,train,https://doi.org/10.5281/zenodo.10672568,1.0.1-alpha.1,WAV_Venice_1.zip,Venice WAV Files/MonumentoGaribaldi/MG101.wav,extracted/WAV_Venice_1/Venice WAV Files/MonumentoGaribaldi/MG101.wav,https://zenodo.org/api/records/10672568/files/WAV_Venice_1.zip/content,CC-BY-4.0,permitted_with_attribution,open,MG101,MonumentoGaribaldi,e5007ee69493bb94bcf1b8f5ef4cf274da55166f8e1ccf235166b1183cfda5d6,11698234,WAV,48000,2,1462272,30.464,30.46,float32,source_metadata_review_pending,materialized,matched,True,Matched by normalized GroupID and LocationID.
isd_audio_30b2248c20ba7866cb3e,ISD,ISD_MonumentoGaribaldi_MonumentoGaribaldi1_MG102,train,https://doi.org/10.5281/zenodo.10672568,1.0.1-alpha.1,WAV_Venice_1.zip,Venice WAV Files/MonumentoGaribaldi/MG102.wav,extracted/WAV_Venice_1/Venice WAV Files/MonumentoGaribaldi/MG102.wav,https://zenodo.org/api/records/10672568/files/WAV_Venice_1.zip/content,CC-BY-4.0,permitted_with_attribution,open,MG102,MonumentoGaribaldi,8467039c9f2e904a64fe3c5dda8f1d646743191d87b536c808f8b9b4aaa39b7c,12419130,WAV,48000,2,1552384,32.34133333333333,32.34,float32,source_metadata_review_pending,materialized,matched,True,Matched by normalized GroupID and LocationID.
isd_audio_b4d2e7771137f8878e86,ISD,ISD_MonumentoGaribaldi_MonumentoGaribaldi1_MG103,train,https://doi.org/10.5281/zenodo.10672568,1.0.1-alpha.1,WAV_Venice_1.zip,Venice WAV Files/MonumentoGaribaldi/MG103.wav,extracted/WAV_Venice_1/Venice WAV Files/MonumentoGaribaldi/MG103.wav,https://zenodo.org/api/records/10672568/files/WAV_Venice_1.zip/content,CC-BY-4.0,permitted_with_attribution,open,MG103,MonumentoGaribaldi,a529a2e1475e80c0aeb0ab35e3c1b33fcc6cfda3fc35936d972dc973b4889636,11714618,WAV,48000,2,1464320,30.506666666666668,30.51,float32,source_metadata_review_pending,materialized,matched,True,Matched by normalized GroupID and LocationID.
isd_audio_e768d3e2fb4ae7a3c2eb,ISD,ISD_MonumentoGaribaldi_MonumentoGaribaldi1_MG104,train,https://doi.org/10.5281/zenodo.10672568,1.0.1-alpha.1,WAV_Venice_1.zip,Venice WAV Files/MonumentoGaribaldi/MG104.wav,extracted/WAV_Venice_1/Venice WAV Files/MonumentoGaribaldi/MG104.wav,https://zenodo.org/api/records/10672568/files/WAV_Venice_1.zip/content,CC-BY-4.0,permitted_with_attribution,open,MG104,MonumentoGaribaldi,aeadb2a4d0cde59b945e55789b778339645bc58f4d8572e97df5af4f502c43cc,13303866,WAV,48000,2,1662976,34.64533333333333,34.65,float32,source_metadata_review_pending,materialized,matched,True,Matched by normalized GroupID and LocationID.
isd_audio_468929694fb5532c5d86,ISD,ISD_MonumentoGaribaldi_MonumentoGaribaldi1_MG105,train,https://doi.org/10.5281/zenodo.10672568,1.0.1-alpha.1,WAV_Venice_1.zip,Venice WAV Files/MonumentoGaribaldi/MG105.wav,extracted/WAV_Venice_1/Venice WAV Files/MonumentoGaribaldi/MG105.wav,https://zenodo.org/api/records/10672568/files/WAV_Venice_1.zip/content,CC-BY-4.0,permitted_with_attribution,open,MG105,MonumentoGaribaldi,a5daba43ff0d248c196c006149374a2f72d72a731a311518ce3fa6f26f3f533d,13107258,WAV,48000,2,1638400,34.13333333333333,34.13,float32,source_metadata_review_pending,materialized,matched,True,Matched by normalized GroupID and LocationID.
isd_audio_d40b021534abce39c03e,ISD,ISD_MonumentoGaribaldi_MonumentoGaribaldi1_MG106,train,https://doi.org/10.5281/zenodo.10672568,1.0.1-alpha.1,WAV_Venice_1.zip,Venice WAV Files/MonumentoGaribaldi/MG106.wav,extracted/WAV_Venice_1/Venice WAV Files/MonumentoGaribaldi/MG106.wav,https://zenodo.org/api/records/10672568/files/WAV_Venice_1.zip/content,CC-BY-4.0,permitted_with_attribution,open,MG106,MonumentoGaribaldi,90ecc9c82579de0e0cee8ca00c0035ae1bddaf969ece944b85f653c3db931c8b,12465210,WAV,48000,2,1558144,32.461333333333336,32.46,float32,source_metadata_review_pending,materialized,matched,True,Matched by normalized GroupID and LocationID.
isd_audio_62a364b1a0fc6b0d685d,ISD,ISD_MonumentoGaribaldi_MonumentoGaribaldi1_MG108,train,https://doi.org/10.5281/zenodo.10672568,1.0.1-alpha.1,WAV_Venice_1.zip,Venice WAV Files/MonumentoGaribaldi/MG108.wav,extracted/WAV_Venice_1/Venice WAV Files/MonumentoGaribaldi/MG108.wav,https://zenodo.org/api/records/10672568/files/WAV_Venice_1.zip/content,CC-BY-4.0,permitted_with_attribution,open,MG108,MonumentoGaribaldi,5c7ce530b5478e461913eca21c6dba85e1c514cd6db54bae2fef6d5e41fa3b59,12170298,WAV,48000,2,1521280,31.69333333333333,31.69,float32,source_metadata_review_pending,materialized,matched,True,Matched by normalized GroupID and LocationID.
isd_audio_0d40a0b1e0848e1f989d,ISD,ISD_MonumentoGaribaldi_MonumentoGaribaldi1_MG109,train,https://doi.org/10.5281/zenodo.10672568,1.0.1-alpha.1,WAV_Venice_1.zip,Venice WAV Files/MonumentoGaribaldi/MG109.wav,extracted/WAV_Venice_1/Venice WAV Files/MonumentoGaribaldi/MG109.wav,https://zenodo.org/api/records/10672568/files/WAV_Venice_1.zip/content,CC-BY-4.0,permitted_with_attribution,open,MG109,MonumentoGaribaldi,a52eaff13db1d5a930d7c5a722c900a1cb6e58315671cc4adca301af161cfdde,12894266,WAV,48000,2,1611776,33.57866666666666,33.58,float32,source_metadata_review_pending,materialized,matched,True,Matched by normalized GroupID and LocationID.
isd_audio_bc2e035693e0f948706a,ISD,ISD_MonumentoGaribaldi_MonumentoGaribaldi1_MG110,train,https://doi.org/10.5281/zenodo.10672568,1.0.1-alpha.1,WAV_Venice_1.zip,Venice WAV Files/MonumentoGaribaldi/MG110.wav,extracted/WAV_Venice_1/Venice WAV Files/MonumentoGaribaldi/MG110.wav,https://zenodo.org/api/records/10672568/files/WAV_Venice_1.zip/content,CC-BY-4.0,permitted_with_attribution,open,MG110,MonumentoGaribaldi,690a08251afddabcfc32c9426b72c06fd38ba28e52cb7a07f84baefdfefb6da1,11747386,WAV,48000,2,1468416,30.592,30.59,float32,source_metadata_review_pending,materialized,matched,True,Matched by normalized GroupID and LocationID.
isd_audio_36429cdd16a806ddbef1,ISD,ISD_MonumentoGaribaldi_MonumentoGaribaldi1_MG111,train,https://doi.org/10.5281/zenodo.10672568,1.0.1-alpha.1,WAV_Venice_1.zip,Venice WAV Files/MonumentoGaribaldi/MG111.wav,extracted/WAV_Venice_1/Venice WAV Files/MonumentoGaribaldi/MG111.wav,https://zenodo.org/api/records/10672568/files/WAV_Venice_1.zip/content,CC-BY-4.0,permitted_with_attribution,open,MG111,MonumentoGaribaldi,96e4d95a89a11cefbb37f819720d977fc4d63b0636d21a2370cdcabad6e4e7b4,15220794,WAV,48000,2,1902592,39.63733333333333,39.64,float32,source_metadata_review_pending,materialized,matched,True,Matched by normalized GroupID and LocationID.
isd_audio_missing_6f6d6a3433f1ae7d,ISD,ISD_MonumentoGaribaldi_MonumentoGaribaldi1_MG112,train,https://doi.org/10.5281/zenodo.10672568,1.0.1-alpha.1,WAV_Granada_1.zip;WAV_Groningen_1.zip;WAV_London_1.zip;WAV_London_2.zip;WAV_London_3.zip;WAV_London_4.zip;WAV_Venice_1.zip,,,https://doi.org/10.5281/zenodo.10672568,CC-BY-4.0,permitted_with_attribution,open,MG112,MonumentoGaribaldi,,,,,,,,,,not_available,source_missing,missing_source_asset,False,MOSAIQ clip is in the archive location scope but no WAV candidate exists.
isd_audio_missing_8fd4dc1112f3603d,ISD,ISD_MonumentoGaribaldi_MonumentoGaribaldi1_MG113,train,https://doi.org/10.5281/zenodo.10672568,1.0.1-alpha.1,WAV_Granada_1.zip;WAV_Groningen_1.zip;WAV_London_1.zip;WAV_London_2.zip;WAV_London_3.zip;WAV_London_4.zip;WAV_Venice_1.zip,,,https://doi.org/10.5281/zenodo.10672568,CC-BY-4.0,permitted_with_attribution,open,MG113,MonumentoGaribaldi,,,,,,,,,,not_available,source_missing,missing_source_asset,False,MOSAIQ clip is in the archive location scope but no WAV candidate exists.
isd_audio_08f7ee93e0c99913be44,ISD,ISD_MonumentoGaribaldi_MonumentoGaribaldi1_MG114,train,https://doi.org/10.5281/zenodo.10672568,1.0.1-alpha.1,WAV_Venice_1.zip,Venice WAV Files/MonumentoGaribaldi/MG114.wav,extracted/WAV_Venice_1/Venice WAV Files/MonumentoGaribaldi/MG114.wav,https://zenodo.org/api/records/10672568/files/WAV_Venice_1.zip/content,CC-BY-4.0,permitted_with_attribution,open,MG114,MonumentoGaribaldi,8ac19905a7bbf9a90b9633216e63c499d2e5ed6afd552575cee81ab39c0c6af8,15351866,WAV,48000,2,1918976,39.97866666666667,39.98,float32,source_metadata_review_pending,materialized,matched,True,Matched by normalized GroupID and LocationID.
isd_audio_missing_aef0b0c087e127df,ISD,ISD_MonumentoGaribaldi_MonumentoGaribaldi1_MG115,train,https://doi.org/10.5281/zenodo.10672568,1.0.1-alpha.1,WAV_Granada_1.zip;WAV_Groningen_1.zip;WAV_London_1.zip;WAV_London_2.zip;WAV_London_3.zip;WAV_London_4.zip;WAV_Venice_1.zip,,,https://doi.org/10.5281/zenodo.10672568,CC-BY-4.0,permitted_with_attribution,open,MG115,MonumentoGaribaldi,,,,,,,,,,not_available,source_missing,missing_source_asset,False,MOSAIQ clip is in the archive location scope but no WAV candidate exists.
isd_audio_198d5d897b62bd445700,ISD,ISD_MonumentoGaribaldi_MonumentoGaribaldi1_MG116,train,https://doi.org/10.5281/zenodo.10672568,1.0.1-alpha.1,WAV_Venice_1.zip,Venice WAV Files/MonumentoGaribaldi/MG116.wav,extracted/WAV_Venice_1/Venice WAV Files/MonumentoGaribaldi/MG116.wav,https://zenodo.org/api/records/10672568/files/WAV_Venice_1.zip/content,CC-BY-4.0,permitted_with_attribution,open,MG116,MonumentoGaribaldi,722696029b5fc150efe82995d0e4bc5814345a93c6a0967aaf3581c3931764b3,14139450,WAV,48000,2,1767424,36.821333333333335,36.82,float32,source_metadata_review_pending,materialized,matched,True,Matched by normalized GroupID and LocationID.
isd_audio_missing_d645833be1106423,ISD,ISD_MonumentoGaribaldi_MonumentoGaribaldi1_MG117,train,https://doi.org/10.5281/zenodo.10672568,1.0.1-alpha.1,WAV_Granada_1.zip;WAV_Groningen_1.zip;WAV_London_1.zip;WAV_London_2.zip;WAV_London_3.zip;WAV_London_4.zip;WAV_Venice_1.zip,,,https://doi.org/10.5281/zenodo.10672568,CC-BY-4.0,permitted_with_attribution,open,MG117,MonumentoGaribaldi,,,,,,,,,,not_available,source_missing,missing_source_asset,False,MOSAIQ clip is in the archive location scope but no WAV candidate exists.
isd_audio_398df9abbcb4e46d5005,ISD,ISD_MonumentoGaribaldi_MonumentoGaribaldi1_MG118,train,https://doi.org/10.5281/zenodo.10672568,1.0.1-alpha.1,WAV_Venice_1.zip,Venice WAV Files/MonumentoGaribaldi/MG118.wav,extracted/WAV_Venice_1/Venice WAV Files/MonumentoGaribaldi/MG118.wav,https://zenodo.org/api/records/10672568/files/WAV_Venice_1.zip/content,CC-BY-4.0,permitted_with_attribution,open,MG118,MonumentoGaribaldi,9136a34e93683e1a426f8e46b20833daa1a1261c5c8c201c37243658ecd809bb,13566010,WAV,48000,2,1695744,35.328,35.33,float32,source_metadata_review_pending,materialized,matched,True,Matched by normalized GroupID and LocationID.
isd_audio_ca1adaa1966daf1d0e31,ISD,ISD_MonumentoGaribaldi_MonumentoGaribaldi1_MG119,train,https://doi.org/10.5281/zenodo.10672568,1.0.1-alpha.1,WAV_Venice_1.zip,Venice WAV Files/MonumentoGaribaldi/MG119.wav,extracted/WAV_Venice_1/Venice WAV Files/MonumentoGaribaldi/MG119.wav,https://zenodo.org/api/records/10672568/files/WAV_Venice_1.zip/content,CC-BY-4.0,permitted_with_attribution,open,MG119,MonumentoGaribaldi,7fd42a09b1fccec8c55865f977256c8ac5d71c695c4717b94ad73710772aec73,13615162,WAV,48000,2,1701888,35.456,35.46,float32,source_metadata_review_pending,materialized,matched,True,Matched by normalized GroupID and LocationID.
isd_audio_missing_ecef6cb1d2552708,ISD,ISD_MonumentoGaribaldi_MonumentoGaribaldi1_MG120,train,https://doi.org/10.5281/zenodo.10672568,1.0.1-alpha.1,WAV_Granada_1.zip;WAV_Groningen_1.zip;WAV_London_1.zip;WAV_London_2.zip;WAV_London_3.zip;WAV_London_4.zip;WAV_Venice_1.zip,,,https://doi.org/10.5281/zenodo.10672568,CC-BY-4.0,permitted_with_attribution,open,MG120,MonumentoGaribaldi,,,,,,,,,,not_available,source_missing,missing_source_asset,False,MOSAIQ clip is in the archive location scope but no WAV candidate exists.
isd_audio_494e809088afc438b940,ISD,ISD_Noorderplantsoen_Noorderplantsoen1_NP101,test,https://doi.org/10.5281/zenodo.10672568,1.0.1-alpha.1,WAV_Groningen_1.zip,WAV_Groningen_1/Noorderplantsoen/NP101.wav,extracted/WAV_Groningen_1/Noorderplantsoen/NP101.wav,https://zenodo.org/api/records/10672568/files/WAV_Groningen_1.zip/content,CC-BY-4.0,permitted_with_attribution,open,NP101,Noorderplantsoen,f4ab92e62832fa8bdf96913fa5d1ebd7c43824b69e50309457142f6b0f4cb42f,5931052,WAV,48000,2,1482752,30.890666666666668,30.89,int16,source_metadata_review_pending,materialized,matched,True,Matched by normalized GroupID and LocationID.
isd_audio_2f09d71e6110353c5a22,ISD,ISD_Noorderplantsoen_Noorderplantsoen1_NP102,test,https://doi.org/10.5281/zenodo.10672568,1.0.1-alpha.1,WAV_Groningen_1.zip,WAV_Groningen_1/Noorderplantsoen/NP102.1.wav,extracted/WAV_Groningen_1/Noorderplantsoen/NP102.1.wav,https://zenodo.org/api/records/10672568/files/WAV_Groningen_1.zip/content,CC-BY-4.0,permitted_with_attribution,open,NP102,Noorderplantsoen,0e7e386944b23a5d4336c9e8e44c20ebadea4928a1ea74829796a5922dc23589,5906476,WAV,48000,2,1476608,30.762666666666668,30.76,int16,source_metadata_review_pending,materialized,matched,True,Matched by normalized GroupID and LocationID.
isd_audio_8b85adf15e0f8330232b,ISD,ISD_Noorderplantsoen_Noorderplantsoen1_NP102,test,https://doi.org/10.5281/zenodo.10672568,1.0.1-alpha.1,WAV_Groningen_1.zip,WAV_Groningen_1/Noorderplantsoen/NP102.wav,extracted/WAV_Groningen_1/Noorderplantsoen/NP102.wav,https://zenodo.org/api/records/10672568/files/WAV_Groningen_1.zip/content,CC-BY-4.0,permitted_with_attribution,open,NP102,Noorderplantsoen,0e7e386944b23a5d4336c9e8e44c20ebadea4928a1ea74829796a5922dc23589,5906476,WAV,48000,2,1476608,30.762666666666668,30.76,int16,source_metadata_review_pending,materialized,exact_duplicate_excluded,False,Byte-identical duplicate for ISD_Noorderplantsoen_Noorderplantsoen1_NP102; canonical member is WAV_Groningen_1/Noorderplantsoen/NP102.1.wav.
isd_audio_missing_ac474d8c465e8a10,ISD,ISD_Noorderplantsoen_Noorderplantsoen1_NP103,test,https://doi.org/10.5281/zenodo.10672568,1.0.1-alpha.1,WAV_Granada_1.zip;WAV_Groningen_1.zip;WAV_London_1.zip;WAV_London_2.zip;WAV_London_3.zip;WAV_London_4.zip;WAV_Venice_1.zip,,,https://doi.org/10.5281/zenodo.10672568,CC-BY-4.0,permitted_with_attribution,open,NP103,Noorderplantsoen,,,,,,,,,,not_available,source_missing,missing_source_asset,False,MOSAIQ clip is in the archive location scope but no WAV candidate exists.
isd_audio_808c2c8abe5a92689954,ISD,ISD_Noorderplantsoen_Noorderplantsoen1_NP106,test,https://doi.org/10.5281/zenodo.10672568,1.0.1-alpha.1,WAV_Groningen_1.zip,WAV_Groningen_1/Noorderplantsoen/NP106.wav,extracted/WAV_Groningen_1/Noorderplantsoen/NP106.wav,https://zenodo.org/api/records/10672568/files/WAV_Groningen_1.zip/content,CC-BY-4.0,permitted_with_attribution,open,NP106,Noorderplantsoen,261c3b75a9c3c47b6d0c3decb5f11140b6932931a7f782b29d02bac009d790ef,5898284,WAV,48000,2,1474560,30.72,30.72,int16,source_metadata_review_pending,materialized,matched,True,Matched by normalized GroupID and LocationID.
isd_audio_e171722019418caa9e3e,ISD,ISD_Noorderplantsoen_Noorderplantsoen1_NP107,test,https://doi.org/10.5281/zenodo.10672568,1.0.1-alpha.1,WAV_Groningen_1.zip,WAV_Groningen_1/Noorderplantsoen/NP107.wav,extracted/WAV_Groningen_1/Noorderplantsoen/NP107.wav,https://zenodo.org/api/records/10672568/files/WAV_Groningen_1.zip/content,CC-BY-4.0,permitted_with_attribution,open,NP107,Noorderplantsoen,fdadf1a4cc93369cb4afcdb1915058cc08cdaea0b1a2c78f80e16c7cb57d746f,5881900,WAV,48000,2,1470464,30.634666666666668,30.63,int16,source_metadata_review_pending,materialized,matched,True,Matched by normalized GroupID and LocationID.
isd_audio_23cc50e9f98379680b48,ISD,ISD_Noorderplantsoen_Noorderplantsoen1_NP108,test,https://doi.org/10.5281/zenodo.10672568,1.0.1-alpha.1,WAV_Groningen_1.zip,WAV_Groningen_1/Noorderplantsoen/NP108.wav,extracted/WAV_Groningen_1/Noorderplantsoen/NP108.wav,https://zenodo.org/api/records/10672568/files/WAV_Groningen_1.zip/content,CC-BY-4.0,permitted_with_attribution,open,NP108,Noorderplantsoen,f48ce414cd976c17552431315464f0903ca84c4a92482e1f107d9a9143918eb9,6242348,WAV,48000,2,1560576,32.512,32.51,int16,source_metadata_review_pending,materialized,matched,True,Matched by normalized GroupID and LocationID.
isd_audio_68179e163a849b4058c5,ISD,ISD_Noorderplantsoen_Noorderplantsoen1_NP109,test,https://doi.org/10.5281/zenodo.10672568,1.0.1-alpha.1,WAV_Groningen_1.zip,WAV_Groningen_1/Noorderplantsoen/NP109.wav,extracted/WAV_Groningen_1/Noorderplantsoen/NP109.wav,https://zenodo.org/api/records/10672568/files/WAV_Groningen_1.zip/content,CC-BY-4.0,permitted_with_attribution,open,NP109,Noorderplantsoen,439b147b294e88a7ebd6ef02967bf1d82539df5c195f4ae4af715c01e0e4533c,6078508,WAV,48000,2,1519616,31.658666666666665,31.66,int16,source_metadata_review_pending,materialized,matched,True,Matched by normalized GroupID and LocationID.
isd_audio_eccb561174b2e52105b9,ISD,ISD_Noorderplantsoen_Noorderplantsoen1_NP110,test,https://doi.org/10.5281/zenodo.10672568,1.0.1-alpha.1,WAV_Groningen_1.zip,WAV_Groningen_1/Noorderplantsoen/NP110.wav,extracted/WAV_Groningen_1/Noorderplantsoen/NP110.wav,https://zenodo.org/api/records/10672568/files/WAV_Groningen_1.zip/content,CC-BY-4.0,permitted_with_attribution,open,NP110,Noorderplantsoen,81eb16306dbd36ed3816b0452f441b0e95a159b5ef5b7ae91c4139a1b1d7530b,5881900,WAV,48000,2,1470464,30.634666666666668,30.63,int16,source_metadata_review_pending,materialized,matched,True,Matched by normalized GroupID and LocationID.
isd_audio_86bb1de19da72167b9d3,ISD,ISD_Noorderplantsoen_Noorderplantsoen1_NP111,test,https://doi.org/10.5281/zenodo.10672568,1.0.1-alpha.1,WAV_Groningen_1.zip,WAV_Groningen_1/Noorderplantsoen/NP111.wav,extracted/WAV_Groningen_1/Noorderplantsoen/NP111.wav,https://zenodo.org/api/records/10672568/files/WAV_Groningen_1.zip/content,CC-BY-4.0,permitted_with_attribution,open,NP111,Noorderplantsoen,0ed361922706dcdb5747a8238d596dca44ccfd0d4a0fe33961963f5ba5808618,5865516,WAV,48000,2,1466368,30.549333333333333,30.55,int16,source_metadata_review_pending,materialized,matched,True,Matched by normalized GroupID and LocationID.
isd_audio_687ff06caccc64fe0c41,ISD,ISD_Noorderplantsoen_Noorderplantsoen1_NP112,test,https://doi.org/10.5281/zenodo.10672568,1.0.1-alpha.1,WAV_Groningen_1.zip,WAV_Groningen_1/Noorderplantsoen/NP112.wav,extracted/WAV_Groningen_1/Noorderplantsoen/NP112.wav,https://zenodo.org/api/records/10672568/files/WAV_Groningen_1.zip/content,CC-BY-4.0,permitted_with_attribution,open,NP112,Noorderplantsoen,2dd2eb01ae5a733ea1e2fb32b7995496ddd48419b75ba4ff465cc04e52acf99a,5881900,WAV,48000,2,1470464,30.634666666666668,30.63,int16,source_metadata_review_pending,materialized,matched,True,Matched by normalized GroupID and LocationID.
isd_audio_6270c2daf29b6cf67d5f,ISD,ISD_Noorderplantsoen_Noorderplantsoen1_NP113,test,https://doi.org/10.5281/zenodo.10672568,1.0.1-alpha.1,WAV_Groningen_1.zip,WAV_Groningen_1/Noorderplantsoen/NP113.wav,extracted/WAV_Groningen_1/Noorderplantsoen/NP113.wav,https://zenodo.org/api/records/10672568/files/WAV_Groningen_1.zip/content,CC-BY-4.0,permitted_with_attribution,open,NP113,Noorderplantsoen,02e5d3be405bb66b6f2bb26d231a580fd0c7fd19280ff75f390a975485526bf1,5865516,WAV,48000,2,1466368,30.549333333333333,30.55,int16,source_metadata_review_pending,materialized,matched,True,Matched by normalized GroupID and LocationID.
isd_audio_5cad3d78ccb704eff291,ISD,ISD_Noorderplantsoen_Noorderplantsoen1_NP114,test,https://doi.org/10.5281/zenodo.10672568,1.0.1-alpha.1,WAV_Groningen_1.zip,WAV_Groningen_1/Noorderplantsoen/NP114.wav,extracted/WAV_Groningen_1/Noorderplantsoen/NP114.wav,https://zenodo.org/api/records/10672568/files/WAV_Groningen_1.zip/content,CC-BY-4.0,permitted_with_attribution,open,NP114,Noorderplantsoen,7d846e3e57deb6972004a4a6c503e82903a0372b1495d132b3f7d2f1966af683,5881900,WAV,48000,2,1470464,30.634666666666668,30.63,int16,source_metadata_review_pending,materialized,matched,True,Matched by normalized GroupID and LocationID.
isd_audio_missing_69ca9ef99973cd8a,ISD,ISD_Noorderplantsoen_Noorderplantsoen1_NP115,test,https://doi.org/10.5281/zenodo.10672568,1.0.1-alpha.1,WAV_Granada_1.zip;WAV_Groningen_1.zip;WAV_London_1.zip;WAV_London_2.zip;WAV_London_3.zip;WAV_London_4.zip;WAV_Venice_1.zip,,,https://doi.org/10.5281/zenodo.10672568,CC-BY-4.0,permitted_with_attribution,open,NP115,Noorderplantsoen,,,,,,,,,,not_available,source_missing,missing_source_asset,False,MOSAIQ clip is in the archive location scope but no WAV candidate exists.
isd_audio_4ad9836c039fb0fe87bc,ISD,ISD_Noorderplantsoen_Noorderplantsoen1_NP116,test,https://doi.org/10.5281/zenodo.10672568,1.0.1-alpha.1,WAV_Groningen_1.zip,WAV_Groningen_1/Noorderplantsoen/NP116.wav,extracted/WAV_Groningen_1/Noorderplantsoen/NP116.wav,https://zenodo.org/api/records/10672568/files/WAV_Groningen_1.zip/content,CC-BY-4.0,permitted_with_attribution,open,NP116,Noorderplantsoen,963e549ccb606b643a4a21d86d76a3983d0a5c242e354869f04b8b8bc5269a6c,6004780,WAV,48000,2,1501184,31.27466666666667,31.27,int16,source_metadata_review_pending,materialized,matched,True,Matched by normalized GroupID and LocationID.
isd_audio_ce3717d2110d778b5796,ISD,ISD_Noorderplantsoen_Noorderplantsoen1_NP117,test,https://doi.org/10.5281/zenodo.10672568,1.0.1-alpha.1,WAV_Groningen_1.zip,WAV_Groningen_1/Noorderplantsoen/NP117.wav,extracted/WAV_Groningen_1/Noorderplantsoen/NP117.wav,https://zenodo.org/api/records/10672568/files/WAV_Groningen_1.zip/content,CC-BY-4.0,permitted_with_attribution,open,NP117,Noorderplantsoen,03cd44c88ce9a671ab317146ce87b95fac77b589635cdea2105f7eddbae999b9,6021164,WAV,48000,2,1505280,31.36,31.36,int16,source_metadata_review_pending,materialized,matched,True,Matched by normalized GroupID and LocationID.
isd_audio_d76d88d2911945af72e5,ISD,ISD_Noorderplantsoen_Noorderplantsoen1_NP118,test,https://doi.org/10.5281/zenodo.10672568,1.0.1-alpha.1,WAV_Groningen_1.zip,WAV_Groningen_1/Noorderplantsoen/NP118.wav,extracted/WAV_Groningen_1/Noorderplantsoen/NP118.wav,https://zenodo.org/api/records/10672568/files/WAV_Groningen_1.zip/content,CC-BY-4.0,permitted_with_attribution,open,NP118,Noorderplantsoen,ca8765ff014df3ef561cc528071f1289e6726356490b7b8a5e3d9d89565e5699,5898284,WAV,48000,2,1474560,30.72,30.72,int16,source_metadata_review_pending,materialized,matched,True,Matched by normalized GroupID and LocationID.
isd_audio_2d051d163e29a8b9528b,ISD,ISD_Noorderplantsoen_Noorderplantsoen1_NP119,test,https://doi.org/10.5281/zenodo.10672568,1.0.1-alpha.1,WAV_Groningen_1.zip,WAV_Groningen_1/Noorderplantsoen/NP119.wav,extracted/WAV_Groningen_1/Noorderplantsoen/NP119.wav,https://zenodo.org/api/records/10672568/files/WAV_Groningen_1.zip/content,CC-BY-4.0,permitted_with_attribution,open,NP119,Noorderplantsoen,77dcf58bbade31ea8ce986e344b823adbafb15f88a28eea558d156a4b748a701,6012972,WAV,48000,2,1503232,31.317333333333334,31.32,int16,source_metadata_review_pending,materialized,matched,True,Matched by normalized GroupID and LocationID.
isd_audio_c4c08e25d6fda07ac59f,ISD,ISD_Noorderplantsoen_Noorderplantsoen1_NP120,test,https://doi.org/10.5281/zenodo.10672568,1.0.1-alpha.1,WAV_Groningen_1.zip,WAV_Groningen_1/Noorderplantsoen/NP120.wav,extracted/WAV_Groningen_1/Noorderplantsoen/NP120.wav,https://zenodo.org/api/records/10672568/files/WAV_Groningen_1.zip/content,CC-BY-4.0,permitted_with_attribution,open,NP120,Noorderplantsoen,3b8364cb0091c29ca372929182b47ebf11997b10f94adaf918a8d1e46242bb5a,5955628,WAV,48000,2,1488896,31.018666666666668,31.02,int16,source_metadata_review_pending,materialized,matched,True,Matched by normalized GroupID and LocationID.
isd_audio_missing_2cb2718b5811465a,ISD,ISD_Noorderplantsoen_Noorderplantsoen1_NP121,test,https://doi.org/10.5281/zenodo.10672568,1.0.1-alpha.1,WAV_Granada_1.zip;WAV_Groningen_1.zip;WAV_London_1.zip;WAV_London_2.zip;WAV_London_3.zip;WAV_London_4.zip;WAV_Venice_1.zip,,,https://doi.org/10.5281/zenodo.10672568,CC-BY-4.0,permitted_with_attribution,open,NP121,Noorderplantsoen,,,,,,,,,,not_available,source_missing,missing_source_asset,False,MOSAIQ clip is in the archive location scope but no WAV candidate exists.
isd_audio_missing_7cb658c91c876a19,ISD,ISD_Noorderplantsoen_Noorderplantsoen1_NP122,test,https://doi.org/10.5281/zenodo.10672568,1.0.1-alpha.1,WAV_Granada_1.zip;WAV_Groningen_1.zip;WAV_London_1.zip;WAV_London_2.zip;WAV_London_3.zip;WAV_London_4.zip;WAV_Venice_1.zip,,,https://doi.org/10.5281/zenodo.10672568,CC-BY-4.0,permitted_with_attribution,open,NP122,Noorderplantsoen,,,,,,,,,,not_available,source_missing,missing_source_asset,False,MOSAIQ clip is in the archive location scope but no WAV candidate exists.
isd_audio_608676292e18670f1ab7,ISD,ISD_Noorderplantsoen_Noorderplantsoen1_NP123,test,https://doi.org/10.5281/zenodo.10672568,1.0.1-alpha.1,WAV_Groningen_1.zip,WAV_Groningen_1/Noorderplantsoen/NP123.wav,extracted/WAV_Groningen_1/Noorderplantsoen/NP123.wav,https://zenodo.org/api/records/10672568/files/WAV_Groningen_1.zip/content,CC-BY-4.0,permitted_with_attribution,open,NP123,Noorderplantsoen,ba47b44f684559fd6641f8b83f7790a650a9ac6624e159084b371b2ebb85159d,5931052,WAV,48000,2,1482752,30.890666666666668,30.89,int16,source_metadata_review_pending,materialized,matched,True,Matched by normalized GroupID and LocationID.
isd_audio_121b27578c4be610eecb,ISD,ISD_Noorderplantsoen_Noorderplantsoen1_NP125,test,https://doi.org/10.5281/zenodo.10672568,1.0.1-alpha.1,WAV_Groningen_1.zip,WAV_Groningen_1/Noorderplantsoen/NP125.hdf.wav,extracted/WAV_Groningen_1/Noorderplantsoen/NP125.hdf.wav,https://zenodo.org/api/records/10672568/files/WAV_Groningen_1.zip/content,CC-BY-4.0,permitted_with_attribution,open,NP125,Noorderplantsoen,401472b85ea650d69db8e8bcce74ebaea2171df9cab8b6d914865ed221a21890,5881900,WAV,48000,2,1470464,30.634666666666668,30.63,int16,source_metadata_review_pending,materialized,matched,True,Matched by normalized GroupID and LocationID.
isd_audio_1188340d57f24d4ad8b6,ISD,ISD_Noorderplantsoen_Noorderplantsoen1_NP126,test,https://doi.org/10.5281/zenodo.10672568,1.0.1-alpha.1,WAV_Groningen_1.zip,WAV_Groningen_1/Noorderplantsoen/NP126.wav,extracted/WAV_Groningen_1/Noorderplantsoen/NP126.wav,https://zenodo.org/api/records/10672568/files/WAV_Groningen_1.zip/content,CC-BY-4.0,permitted_with_attribution,open,NP126,Noorderplantsoen,ff41475dc4216355b83ec14bda3ea692c0dca0b21e333d8b688f68f3b916248c,5939244,WAV,48000,2,1484800,30.933333333333334,30.93,int16,source_metadata_review_pending,materialized,matched,True,Matched by normalized GroupID and LocationID.
isd_audio_0a3b2a16b53498524fef,ISD,ISD_Noorderplantsoen_Noorderplantsoen1_NP127,test,https://doi.org/10.5281/zenodo.10672568,1.0.1-alpha.1,WAV_Groningen_1.zip,WAV_Groningen_1/Noorderplantsoen/NP127.wav,extracted/WAV_Groningen_1/Noorderplantsoen/NP127.wav,https://zenodo.org/api/records/10672568/files/WAV_Groningen_1.zip/content,CC-BY-4.0,permitted_with_attribution,open,NP127,Noorderplantsoen,163a0c03155365524cd492d5ad5778ae1cdcaab32f5c60817e49bba2f431bbe2,5906476,WAV,48000,2,1476608,30.762666666666668,30.76,int16,source_metadata_review_pending,materialized,matched,True,Matched by normalized GroupID and LocationID.
isd_audio_3e340703b84fa8aa135e,ISD,ISD_Noorderplantsoen_Noorderplantsoen1_NP128,test,https://doi.org/10.5281/zenodo.10672568,1.0.1-alpha.1,WAV_Groningen_1.zip,WAV_Groningen_1/Noorderplantsoen/NP128.wav,extracted/WAV_Groningen_1/Noorderplantsoen/NP128.wav,https://zenodo.org/api/records/10672568/files/WAV_Groningen_1.zip/content,CC-BY-4.0,permitted_with_attribution,open,NP128,Noorderplantsoen,b2c438d48b08b859971eb04d1269bce6a060a6b7c130e486aaf3a938c3ccbff7,5972012,WAV,48000,2,1492992,31.104,31.1,int16,source_metadata_review_pending,materialized,matched,True,Matched by normalized GroupID and LocationID.
isd_audio_3b3ba9e48eebb88f454a,ISD,ISD_Noorderplantsoen_Noorderplantsoen1_NP129,test,https://doi.org/10.5281/zenodo.10672568,1.0.1-alpha.1,WAV_Groningen_1.zip,WAV_Groningen_1/Noorderplantsoen/NP129.wav,extracted/WAV_Groningen_1/Noorderplantsoen/NP129.wav,https://zenodo.org/api/records/10672568/files/WAV_Groningen_1.zip/content,CC-BY-4.0,permitted_with_attribution,open,NP129,Noorderplantsoen,57d869b9093f0af6e7e58f0d627d6922a20b834ffe8c92777ad2ac7e3985d275,5906476,WAV,48000,2,1476608,30.762666666666668,30.76,int16,source_metadata_review_pending,materialized,matched,True,Matched by normalized GroupID and LocationID.
isd_audio_missing_2bf67300ca9d178c,ISD,ISD_Noorderplantsoen_Noorderplantsoen1_NP130,test,https://doi.org/10.5281/zenodo.10672568,1.0.1-alpha.1,WAV_Granada_1.zip;WAV_Groningen_1.zip;WAV_London_1.zip;WAV_London_2.zip;WAV_London_3.zip;WAV_London_4.zip;WAV_Venice_1.zip,,,https://doi.org/10.5281/zenodo.10672568,CC-BY-4.0,permitted_with_attribution,open,NP130,Noorderplantsoen,,,,,,,,,,not_available,source_missing,missing_source_asset,False,MOSAIQ clip is in the archive location scope but no WAV candidate exists.
isd_audio_07b9b360ba7b0bbafd37,ISD,ISD_Noorderplantsoen_Noorderplantsoen1_NP131,test,https://doi.org/10.5281/zenodo.10672568,1.0.1-alpha.1,WAV_Groningen_1.zip,WAV_Groningen_1/Noorderplantsoen/NP131.wav,extracted/WAV_Groningen_1/Noorderplantsoen/NP131.wav,https://zenodo.org/api/records/10672568/files/WAV_Groningen_1.zip/content,CC-BY-4.0,permitted_with_attribution,open,NP131,Noorderplantsoen,16d10cfcba864269d1db103203c7b9dbbc3117a4162d95a6db8fb74f5f024924,6029356,WAV,48000,2,1507328,31.402666666666665,31.4,int16,source_metadata_review_pending,materialized,matched,True,Matched by normalized GroupID and LocationID.
isd_audio_f82e1cf66b26de0deba6,ISD,ISD_Noorderplantsoen_Noorderplantsoen1_NP132,test,https://doi.org/10.5281/zenodo.10672568,1.0.1-alpha.1,WAV_Groningen_1.zip,WAV_Groningen_1/Noorderplantsoen/NP132.wav,extracted/WAV_Groningen_1/Noorderplantsoen/NP132.wav,https://zenodo.org/api/records/10672568/files/WAV_Groningen_1.zip/content,CC-BY-4.0,permitted_with_attribution,open,NP132,Noorderplantsoen,9f6c51f9cde88c0675d09657fb6e6698883143cbc1b9b5a8e9819d3b34557013,5988396,WAV,48000,2,1497088,31.189333333333334,31.19,int16,source_metadata_review_pending,materialized,matched,True,Matched by normalized GroupID and LocationID.
isd_audio_2b0a9a53dd26d73b1d3f,ISD,ISD_Noorderplantsoen_Noorderplantsoen1_NP133,test,https://doi.org/10.5281/zenodo.10672568,1.0.1-alpha.1,WAV_Groningen_1.zip,WAV_Groningen_1/Noorderplantsoen/NP133.wav,extracted/WAV_Groningen_1/Noorderplantsoen/NP133.wav,https://zenodo.org/api/records/10672568/files/WAV_Groningen_1.zip/content,CC-BY-4.0,permitted_with_attribution,open,NP133,Noorderplantsoen,6d8c6a716dcd715b2a28cbac0b9c80459e35c8ef02ef63bd195036e945af364e,6250540,WAV,48000,2,1562624,32.55466666666667,32.55,int16,source_metadata_review_pending,materialized,matched,True,Matched by normalized GroupID and LocationID.
isd_audio_d51739f12a5ed37f405e,ISD,ISD_Noorderplantsoen_Noorderplantsoen1_NP134,test,https://doi.org/10.5281/zenodo.10672568,1.0.1-alpha.1,WAV_Groningen_1.zip,WAV_Groningen_1/Noorderplantsoen/NP134.wav,extracted/WAV_Groningen_1/Noorderplantsoen/NP134.wav,https://zenodo.org/api/records/10672568/files/WAV_Groningen_1.zip/content,CC-BY-4.0,permitted_with_attribution,open,NP134,Noorderplantsoen,8c1b420038ca076f091a6458c6de2f8aeba363e7fe3fe0917462898af0db8f9f,6627372,WAV,48000,2,1656832,34.51733333333333,34.52,int16,source_metadata_review_pending,materialized,matched,True,Matched by normalized GroupID and LocationID.
isd_audio_907b9090283e629a5c41,ISD,ISD_Noorderplantsoen_Noorderplantsoen1_NP135,test,https://doi.org/10.5281/zenodo.10672568,1.0.1-alpha.1,WAV_Groningen_1.zip,WAV_Groningen_1/Noorderplantsoen/NP135.wav,extracted/WAV_Groningen_1/Noorderplantsoen/NP135.wav,https://zenodo.org/api/records/10672568/files/WAV_Groningen_1.zip/content,CC-BY-4.0,permitted_with_attribution,open,NP135,Noorderplantsoen,b471f2f3eec0e72f458d5d91f86f2123d07be9bcad366fbb2d8ddb84bad128dd,5184044,WAV,48000,2,1296000,27.0,27.0,int16,source_metadata_review_pending,materialized,matched,True,Matched by normalized GroupID and LocationID.
isd_audio_de47a76ce2a46ee9d5aa,ISD,ISD_Noorderplantsoen_Noorderplantsoen1_NP136,test,https://doi.org/10.5281/zenodo.10672568,1.0.1-alpha.1,WAV_Groningen_1.zip,WAV_Groningen_1/Noorderplantsoen/NP136.wav,extracted/WAV_Groningen_1/Noorderplantsoen/NP136.wav,https://zenodo.org/api/records/10672568/files/WAV_Groningen_1.zip/content,CC-BY-4.0,permitted_with_attribution,open,NP136,Noorderplantsoen,32ad305877bd92926a21516a807e0803ac5a780f7f4469bb66764ddfa2526e9d,5988396,WAV,48000,2,1497088,31.189333333333334,31.19,int16,source_metadata_review_pending,materialized,matched,True,Matched by normalized GroupID and LocationID.
isd_audio_5ea3960db59fdc87ec4b,ISD,ISD_Noorderplantsoen_Noorderplantsoen1_NP138,test,https://doi.org/10.5281/zenodo.10672568,1.0.1-alpha.1,WAV_Groningen_1.zip,WAV_Groningen_1/Noorderplantsoen/NP138.wav,extracted/WAV_Groningen_1/Noorderplantsoen/NP138.wav,https://zenodo.org/api/records/10672568/files/WAV_Groningen_1.zip/content,CC-BY-4.0,permitted_with_attribution,open,NP138,Noorderplantsoen,aebc2c38f847a2fed394a83303d638cd06634630d50a3e4bb0e22dd3007707b1,6447148,WAV,48000,2,1611776,33.57866666666666,33.58,int16,source_metadata_review_pending,materialized,matched,True,Matched by normalized GroupID and LocationID.
isd_audio_072ade9f41fc95808d2f,ISD,ISD_Noorderplantsoen_Noorderplantsoen1_NP139,test,https://doi.org/10.5281/zenodo.10672568,1.0.1-alpha.1,WAV_Groningen_1.zip,WAV_Groningen_1/Noorderplantsoen/NP139.wav,extracted/WAV_Groningen_1/Noorderplantsoen/NP139.wav,https://zenodo.org/api/records/10672568/files/WAV_Groningen_1.zip/content,CC-BY-4.0,permitted_with_attribution,open,NP139,Noorderplantsoen,b50cc11a333a99028d0334697104b6e0028b17401303bae5faa0d69ca1f1bf07,6053932,WAV,48000,2,1513472,31.530666666666665,31.53,int16,source_metadata_review_pending,materialized,matched,True,Matched by normalized GroupID and LocationID.
isd_audio_50add01eb60adabfd2bd,ISD,ISD_Noorderplantsoen_Noorderplantsoen1_NP140,test,https://doi.org/10.5281/zenodo.10672568,1.0.1-alpha.1,WAV_Groningen_1.zip,WAV_Groningen_1/Noorderplantsoen/NP140.wav,extracted/WAV_Groningen_1/Noorderplantsoen/NP140.wav,https://zenodo.org/api/records/10672568/files/WAV_Groningen_1.zip/content,CC-BY-4.0,permitted_with_attribution,open,NP140,Noorderplantsoen,56b379dbd605298952956ea19564f5dfad21c2684aac18f0cb06554385df4eda,6045740,WAV,48000,2,1511424,31.488,31.49,int16,source_metadata_review_pending,materialized,matched,True,Matched by normalized GroupID and LocationID.
isd_audio_08cbe986ad7ff95ad1d0,ISD,ISD_Noorderplantsoen_Noorderplantsoen1_NP141,test,https://doi.org/10.5281/zenodo.10672568,1.0.1-alpha.1,WAV_Groningen_1.zip,WAV_Groningen_1/Noorderplantsoen/NP141.wav,extracted/WAV_Groningen_1/Noorderplantsoen/NP141.wav,https://zenodo.org/api/records/10672568/files/WAV_Groningen_1.zip/content,CC-BY-4.0,permitted_with_attribution,open,NP141,Noorderplantsoen,c59a8aabc7f49a0eed807c73ce5cbcbacbfed9056877aed7e3d5db6729799ec3,3860012,WAV,48000,2,964992,20.104,20.1,int16,source_metadata_review_pending,materialized,matched,True,Matched by normalized GroupID and LocationID.
isd_audio_bbb893f28e850b72c20b,ISD,ISD_Noorderplantsoen_Noorderplantsoen1_NP142,test,https://doi.org/10.5281/zenodo.10672568,1.0.1-alpha.1,WAV_Groningen_1.zip,WAV_Groningen_1/Noorderplantsoen/NP142.wav,extracted/WAV_Groningen_1/Noorderplantsoen/NP142.wav,https://zenodo.org/api/records/10672568/files/WAV_Groningen_1.zip/content,CC-BY-4.0,permitted_with_attribution,open,NP142,Noorderplantsoen,f218aa14dfe2b9f48c0fa1f7a3cde83401e46c3c2fe1ee405af5ede7e13b702a,5972012,WAV,48000,2,1492992,31.104,31.1,int16,source_metadata_review_pending,materialized,matched,True,Matched by normalized GroupID and LocationID.
isd_audio_7b62357b20d7db16cde7,ISD,ISD_Noorderplantsoen_Noorderplantsoen1_NP143,test,https://doi.org/10.5281/zenodo.10672568,1.0.1-alpha.1,WAV_Groningen_1.zip,WAV_Groningen_1/Noorderplantsoen/NP143.wav,extracted/WAV_Groningen_1/Noorderplantsoen/NP143.wav,https://zenodo.org/api/records/10672568/files/WAV_Groningen_1.zip/content,CC-BY-4.0,permitted_with_attribution,open,NP143,Noorderplantsoen,81fe3e04ac72388e880cdb95fd4e98f03624e0cdd463ec7d81e32dc54a49ca5a,5996588,WAV,48000,2,1499136,31.232,31.23,int16,source_metadata_review_pending,materialized,matched,True,Matched by normalized GroupID and LocationID.
isd_audio_e6277abda01ede0eafe7,ISD,ISD_Noorderplantsoen_Noorderplantsoen1_NP144,test,https://doi.org/10.5281/zenodo.10672568,1.0.1-alpha.1,WAV_Groningen_1.zip,WAV_Groningen_1/Noorderplantsoen/NP144.wav,extracted/WAV_Groningen_1/Noorderplantsoen/NP144.wav,https://zenodo.org/api/records/10672568/files/WAV_Groningen_1.zip/content,CC-BY-4.0,permitted_with_attribution,open,NP144,Noorderplantsoen,822ef4789836ec2c397f70c5b41620444151622253edfa4aa514082c7526f74d,6012972,WAV,48000,2,1503232,31.317333333333334,31.32,int16,source_metadata_review_pending,materialized,matched,True,Matched by normalized GroupID and LocationID.
isd_audio_missing_acbd9ca18c2b08d3,ISD,ISD_Noorderplantsoen_Noorderplantsoen1_NP145,test,https://doi.org/10.5281/zenodo.10672568,1.0.1-alpha.1,WAV_Granada_1.zip;WAV_Groningen_1.zip;WAV_London_1.zip;WAV_London_2.zip;WAV_London_3.zip;WAV_London_4.zip;WAV_Venice_1.zip,,,https://doi.org/10.5281/zenodo.10672568,CC-BY-4.0,permitted_with_attribution,open,NP145,Noorderplantsoen,,,,,,,,,,not_available,source_missing,missing_source_asset,False,MOSAIQ clip is in the archive location scope but no WAV candidate exists.
isd_audio_6979da6add6deb38bae0,ISD,ISD_Noorderplantsoen_Noorderplantsoen1_NP146,test,https://doi.org/10.5281/zenodo.10672568,1.0.1-alpha.1,WAV_Groningen_1.zip,WAV_Groningen_1/Noorderplantsoen/NP146.wav,extracted/WAV_Groningen_1/Noorderplantsoen/NP146.wav,https://zenodo.org/api/records/10672568/files/WAV_Groningen_1.zip/content,CC-BY-4.0,permitted_with_attribution,open,NP146,Noorderplantsoen,b593c49a0a1eb1b164b9b1ec5445f866127fca3c1638c2c2296133e0362a4afb,5939244,WAV,48000,2,1484800,30.933333333333334,30.93,int16,source_metadata_review_pending,materialized,matched,True,Matched by normalized GroupID and LocationID.
isd_audio_dca9df32cf273c352c11,ISD,ISD_Noorderplantsoen_Noorderplantsoen1_NP147,test,https://doi.org/10.5281/zenodo.10672568,1.0.1-alpha.1,WAV_Groningen_1.zip,WAV_Groningen_1/Noorderplantsoen/NP147.wav,extracted/WAV_Groningen_1/Noorderplantsoen/NP147.wav,https://zenodo.org/api/records/10672568/files/WAV_Groningen_1.zip/content,CC-BY-4.0,permitted_with_attribution,open,NP147,Noorderplantsoen,b12cc7b024c51c689d9b88b4d4de09b317c9e03dbaaa0f4e69204f2fd5afbffb,5477932,WAV,48000,2,1369472,28.530666666666665,28.53,int16,source_metadata_review_pending,materialized,matched,True,Matched by normalized GroupID and LocationID.
isd_audio_347dc7b10bf6e32fba14,ISD,ISD_Noorderplantsoen_Noorderplantsoen1_NP148,test,https://doi.org/10.5281/zenodo.10672568,1.0.1-alpha.1,WAV_Groningen_1.zip,WAV_Groningen_1/Noorderplantsoen/NP148.wav,extracted/WAV_Groningen_1/Noorderplantsoen/NP148.wav,https://zenodo.org/api/records/10672568/files/WAV_Groningen_1.zip/content,CC-BY-4.0,permitted_with_attribution,open,NP148,Noorderplantsoen,41ffe43f4e1e29b3cfa84aca31274248cbd8fe3e0b58df6a2f34e7cdf020bed8,5972012,WAV,48000,2,1492992,31.104,31.1,int16,source_metadata_review_pending,materialized,matched,True,Matched by normalized GroupID and LocationID.
isd_audio_6f5a98115afe7615ab3f,ISD,ISD_Noorderplantsoen_Noorderplantsoen1_NP149,test,https://doi.org/10.5281/zenodo.10672568,1.0.1-alpha.1,WAV_Groningen_1.zip,WAV_Groningen_1/Noorderplantsoen/NP149.wav,extracted/WAV_Groningen_1/Noorderplantsoen/NP149.wav,https://zenodo.org/api/records/10672568/files/WAV_Groningen_1.zip/content,CC-BY-4.0,permitted_with_attribution,open,NP149,Noorderplantsoen,4aca6d038326d6457135862518ed1d56625644235c3cdfaaf265e6788e7352d8,4317740,WAV,48000,2,1079424,22.488,22.49,int16,source_metadata_review_pending,materialized,matched,True,Matched by normalized GroupID and LocationID.
isd_audio_eee749117b075bd51beb,ISD,ISD_Noorderplantsoen_Noorderplantsoen1_NP150,test,https://doi.org/10.5281/zenodo.10672568,1.0.1-alpha.1,WAV_Groningen_1.zip,WAV_Groningen_1/Noorderplantsoen/NP150.wav,extracted/WAV_Groningen_1/Noorderplantsoen/NP150.wav,https://zenodo.org/api/records/10672568/files/WAV_Groningen_1.zip/content,CC-BY-4.0,permitted_with_attribution,open,NP150,Noorderplantsoen,94095caa475b20958a7bd628fb903921d5fa6345c3a379db6cdfa10aac015edf,4224044,WAV,48000,2,1056000,22.0,22.0,int16,source_metadata_review_pending,materialized,matched,True,Matched by normalized GroupID and LocationID.
isd_audio_bf53d56dc40778ef7612,ISD,ISD_Noorderplantsoen_Noorderplantsoen1_NP151,test,https://doi.org/10.5281/zenodo.10672568,1.0.1-alpha.1,WAV_Groningen_1.zip,WAV_Groningen_1/Noorderplantsoen/NP151.wav,extracted/WAV_Groningen_1/Noorderplantsoen/NP151.wav,https://zenodo.org/api/records/10672568/files/WAV_Groningen_1.zip/content,CC-BY-4.0,permitted_with_attribution,open,NP151,Noorderplantsoen,a56a7e1f9887f99b616226c53db0536dc36b1dc509145996b4f90b1ed0dcab58,3525164,WAV,48000,2,881280,18.36,18.36,int16,source_metadata_review_pending,materialized,matched,True,Matched by normalized GroupID and LocationID.
isd_audio_dbd9f64745187990c3b9,ISD,ISD_Noorderplantsoen_Noorderplantsoen1_NP152,test,https://doi.org/10.5281/zenodo.10672568,1.0.1-alpha.1,WAV_Groningen_1.zip,WAV_Groningen_1/Noorderplantsoen/NP152.wav,extracted/WAV_Groningen_1/Noorderplantsoen/NP152.wav,https://zenodo.org/api/records/10672568/files/WAV_Groningen_1.zip/content,CC-BY-4.0,permitted_with_attribution,open,NP152,Noorderplantsoen,bda2b8357edccc619fececdcd8930561dc2e56b34df8178319985c9111585851,6045740,WAV,48000,2,1511424,31.488,31.49,int16,source_metadata_review_pending,materialized,matched,True,Matched by normalized GroupID and LocationID.
isd_audio_db1935da8166b796b38b,ISD,ISD_Noorderplantsoen_Noorderplantsoen1_NP153,test,https://doi.org/10.5281/zenodo.10672568,1.0.1-alpha.1,WAV_Groningen_1.zip,WAV_Groningen_1/Noorderplantsoen/NP153.wav,extracted/WAV_Groningen_1/Noorderplantsoen/NP153.wav,https://zenodo.org/api/records/10672568/files/WAV_Groningen_1.zip/content,CC-BY-4.0,permitted_with_attribution,open,NP153,Noorderplantsoen,9760dfd6bd2ecf6b5f29fc1336ccd7b4cfcb77e155bf987b1ac34a67d39f76e8,5376044,WAV,48000,2,1344000,28.0,28.0,int16,source_metadata_review_pending,materialized,matched,True,Matched by normalized GroupID and LocationID.
isd_audio_c7d5d4fdadcbed6b2cb9,ISD,ISD_Noorderplantsoen_Noorderplantsoen1_NP154,test,https://doi.org/10.5281/zenodo.10672568,1.0.1-alpha.1,WAV_Groningen_1.zip,WAV_Groningen_1/Noorderplantsoen/NP154.wav,extracted/WAV_Groningen_1/Noorderplantsoen/NP154.wav,https://zenodo.org/api/records/10672568/files/WAV_Groningen_1.zip/content,CC-BY-4.0,permitted_with_attribution,open,NP154,Noorderplantsoen,e6984783b824d5a6ab6790af0f6d24a5b9ce22b77de66f07c5a2e915b53cb36f,2208812,WAV,48000,2,552192,11.504,11.5,int16,source_metadata_review_pending,materialized,matched,True,Matched by normalized GroupID and LocationID.
isd_audio_c6089d8a9372b54e48d3,ISD,ISD_Noorderplantsoen_Noorderplantsoen1_NP155,test,https://doi.org/10.5281/zenodo.10672568,1.0.1-alpha.1,WAV_Groningen_1.zip,WAV_Groningen_1/Noorderplantsoen/NP155.wav,extracted/WAV_Groningen_1/Noorderplantsoen/NP155.wav,https://zenodo.org/api/records/10672568/files/WAV_Groningen_1.zip/content,CC-BY-4.0,permitted_with_attribution,open,NP155,Noorderplantsoen,5c3af6be754a5da0c2068d585d2e418fcc7d6a9f9b074c2f21a8bd753e07ded8,2213932,WAV,48000,2,553472,11.530666666666667,11.53,int16,source_metadata_review_pending,materialized,matched,True,Matched by normalized GroupID and LocationID.
isd_audio_1366e137ffb46753bced,ISD,ISD_Noorderplantsoen_Noorderplantsoen1_NP156,test,https://doi.org/10.5281/zenodo.10672568,1.0.1-alpha.1,WAV_Groningen_1.zip,WAV_Groningen_1/Noorderplantsoen/NP156.wav,extracted/WAV_Groningen_1/Noorderplantsoen/NP156.wav,https://zenodo.org/api/records/10672568/files/WAV_Groningen_1.zip/content,CC-BY-4.0,permitted_with_attribution,open,NP156,Noorderplantsoen,bde144cbbb458b17fe0c612966e4cbe51f419fa467d9cd5ec7a3ecdd0b46aeae,3941932,WAV,48000,2,985472,20.530666666666665,20.53,int16,source_metadata_review_pending,materialized,matched,True,Matched by normalized GroupID and LocationID.
isd_audio_47132ab146b18cd4fa99,ISD,ISD_Noorderplantsoen_Noorderplantsoen1_NP157,test,https://doi.org/10.5281/zenodo.10672568,1.0.1-alpha.1,WAV_Groningen_1.zip,WAV_Groningen_1/Noorderplantsoen/NP157.wav,extracted/WAV_Groningen_1/Noorderplantsoen/NP157.wav,https://zenodo.org/api/records/10672568/files/WAV_Groningen_1.zip/content,CC-BY-4.0,permitted_with_attribution,open,NP157,Noorderplantsoen,7e0a3ac61427db05c5e99cc056814cfa4ee434527b7d1f3444db5214ad2dcd2f,3982892,WAV,48000,2,995712,20.744,20.74,int16,source_metadata_review_pending,materialized,matched,True,Matched by normalized GroupID and LocationID.
isd_audio_f7c3829d1cbddbcddc39,ISD,ISD_Noorderplantsoen_Noorderplantsoen1_NP158,test,https://doi.org/10.5281/zenodo.10672568,1.0.1-alpha.1,WAV_Groningen_1.zip,WAV_Groningen_1/Noorderplantsoen/NP158.wav,extracted/WAV_Groningen_1/Noorderplantsoen/NP158.wav,https://zenodo.org/api/records/10672568/files/WAV_Groningen_1.zip/content,CC-BY-4.0,permitted_with_attribution,open,NP158,Noorderplantsoen,f2538aa89be3134b20675a928a7de37b188c97d5992160e39d4bf1f02e5fe8ab,4967468,WAV,48000,2,1241856,25.872,25.87,int16,source_metadata_review_pending,materialized,matched,True,Matched by normalized GroupID and LocationID.
isd_audio_missing_0dd0c268281e482e,ISD,ISD_Noorderplantsoen_Noorderplantsoen1_NP159,test,https://doi.org/10.5281/zenodo.10672568,1.0.1-alpha.1,WAV_Granada_1.zip;WAV_Groningen_1.zip;WAV_London_1.zip;WAV_London_2.zip;WAV_London_3.zip;WAV_London_4.zip;WAV_Venice_1.zip,,,https://doi.org/10.5281/zenodo.10672568,CC-BY-4.0,permitted_with_attribution,open,NP159,Noorderplantsoen,,,,,,,,,,not_available,source_missing,missing_source_asset,False,MOSAIQ clip is in the archive location scope but no WAV candidate exists.
isd_audio_aa769084ab1b39ed4ccb,ISD,ISD_Noorderplantsoen_Noorderplantsoen1_NP160,test,https://doi.org/10.5281/zenodo.10672568,1.0.1-alpha.1,WAV_Groningen_1.zip,WAV_Groningen_1/Noorderplantsoen/NP160.wav,extracted/WAV_Groningen_1/Noorderplantsoen/NP160.wav,https://zenodo.org/api/records/10672568/files/WAV_Groningen_1.zip/content,CC-BY-4.0,permitted_with_attribution,open,NP160,Noorderplantsoen,7a8c1b0031a6ac3a2e7b6ba65d14a1f9729bce6e8b7f5ad9abf6833a98da9116,3360044,WAV,48000,2,840000,17.5,17.5,int16,source_metadata_review_pending,materialized,matched,True,Matched by normalized GroupID and LocationID.
isd_audio_0337c85ce9095b9497de,ISD,ISD_Noorderplantsoen_Noorderplantsoen1_NP161,test,https://doi.org/10.5281/zenodo.10672568,1.0.1-alpha.1,WAV_Groningen_1.zip,WAV_Groningen_1/Noorderplantsoen/NP161.wav,extracted/WAV_Groningen_1/Noorderplantsoen/NP161.wav,https://zenodo.org/api/records/10672568/files/WAV_Groningen_1.zip/content,CC-BY-4.0,permitted_with_attribution,open,NP161,Noorderplantsoen,013a5c5003a18a357427f92f008ad3c6c23f36f8f8b421ba7901be78dcc7c1eb,3456044,WAV,48000,2,864000,18.0,18.0,int16,source_metadata_review_pending,materialized,matched,True,Matched by normalized GroupID and LocationID.
isd_audio_missing_1242dfcea9d5d738,ISD,ISD_Noorderplantsoen_Noorderplantsoen1_NP162,test,https://doi.org/10.5281/zenodo.10672568,1.0.1-alpha.1,WAV_Granada_1.zip;WAV_Groningen_1.zip;WAV_London_1.zip;WAV_London_2.zip;WAV_London_3.zip;WAV_London_4.zip;WAV_Venice_1.zip,,,https://doi.org/10.5281/zenodo.10672568,CC-BY-4.0,permitted_with_attribution,open,NP162,Noorderplantsoen,,,,,,,,,,not_available,source_missing,missing_source_asset,False,MOSAIQ clip is in the archive location scope but no WAV candidate exists.
isd_audio_31b082ed5fb634d431b2,ISD,ISD_Noorderplantsoen_Noorderplantsoen1_NP163,test,https://doi.org/10.5281/zenodo.10672568,1.0.1-alpha.1,WAV_Groningen_1.zip,WAV_Groningen_1/Noorderplantsoen/NP163.wav,extracted/WAV_Groningen_1/Noorderplantsoen/NP163.wav,https://zenodo.org/api/records/10672568/files/WAV_Groningen_1.zip/content,CC-BY-4.0,permitted_with_attribution,open,NP163,Noorderplantsoen,8aab01ef9882fcf557caa45513267a9a7f6336b2d9c1926f4b2e216f106f4332,5760044,WAV,48000,2,1440000,30.0,30.0,int16,source_metadata_review_pending,materialized,matched,True,Matched by normalized GroupID and LocationID.
isd_audio_6b800baf4620e5dd0d8c,ISD,ISD_PancrasLock_PancrasLock1_PL101,dev,https://doi.org/10.5281/zenodo.10672568,1.0.1-alpha.1,WAV_London_2.zip,WAV_London_2/PancrasLock/PL101.wav,extracted/WAV_London_2/PancrasLock/PL101.wav,https://zenodo.org/api/records/10672568/files/WAV_London_2.zip/content,CC-BY-4.0,permitted_with_attribution,open,PL101,PancrasLock,4d02f39b9afd00fa545e236d3bcc2fc6dd863b74294a3fcc1f6c8d3d1b2081bf,12855226,WAV,48000,2,1606896,33.477,33.48,float32,source_metadata_review_pending,materialized,matched,True,Matched by normalized GroupID and LocationID.
isd_audio_e038d178fe1df257560c,ISD,ISD_PancrasLock_PancrasLock1_PL102,dev,https://doi.org/10.5281/zenodo.10672568,1.0.1-alpha.1,WAV_London_2.zip,WAV_London_2/PancrasLock/PL102.wav,extracted/WAV_London_2/PancrasLock/PL102.wav,https://zenodo.org/api/records/10672568/files/WAV_London_2.zip/content,CC-BY-4.0,permitted_with_attribution,open,PL102,PancrasLock,cc83d075798984c66a6bca381864346f9f99273cd93cf907bb00995d738f5da9,18048058,WAV,48000,2,2256000,47.0,47.0,float32,source_metadata_review_pending,materialized,matched,True,Matched by normalized GroupID and LocationID.
isd_audio_fdf76b3f0914f2cc0866,ISD,ISD_PancrasLock_PancrasLock1_PL103,dev,https://doi.org/10.5281/zenodo.10672568,1.0.1-alpha.1,WAV_London_2.zip,WAV_London_2/PancrasLock/PL103.wav,extracted/WAV_London_2/PancrasLock/PL103.wav,https://zenodo.org/api/records/10672568/files/WAV_London_2.zip/content,CC-BY-4.0,permitted_with_attribution,open,PL103,PancrasLock,5b279976e5b5dfcc0210b30745224149bdc425592f1686573bebef78a680026e,11529274,WAV,48000,2,1441152,30.024,30.02,float32,source_metadata_review_pending,materialized,matched,True,Matched by normalized GroupID and LocationID.
isd_audio_missing_176f40ccae9a68de,ISD,ISD_PancrasLock_PancrasLock1_PL104,dev,https://doi.org/10.5281/zenodo.10672568,1.0.1-alpha.1,WAV_Granada_1.zip;WAV_Groningen_1.zip;WAV_London_1.zip;WAV_London_2.zip;WAV_London_3.zip;WAV_London_4.zip;WAV_Venice_1.zip,,,https://doi.org/10.5281/zenodo.10672568,CC-BY-4.0,permitted_with_attribution,open,PL104,PancrasLock,,,,,,,,,,not_available,source_missing,missing_source_asset,False,MOSAIQ clip is in the archive location scope but no WAV candidate exists.
isd_audio_c556da4bc534f28c71c2,ISD,ISD_PancrasLock_PancrasLock1_PL105,dev,https://doi.org/10.5281/zenodo.10672568,1.0.1-alpha.1,WAV_London_2.zip,WAV_London_2/PancrasLock/PL105.wav,extracted/WAV_London_2/PancrasLock/PL105.wav,https://zenodo.org/api/records/10672568/files/WAV_London_2.zip/content,CC-BY-4.0,permitted_with_attribution,open,PL105,PancrasLock,557c33ff9c15f502ba2d289a66d49abb7ecab580645baa680ea377a6900791c9,12301498,WAV,48000,2,1537680,32.035,32.04,float32,source_metadata_review_pending,materialized,matched,True,Matched by normalized GroupID and LocationID.
isd_audio_fa4abe5659a059eea69f,ISD,ISD_PancrasLock_PancrasLock1_PL106,dev,https://doi.org/10.5281/zenodo.10672568,1.0.1-alpha.1,WAV_London_2.zip,WAV_London_2/PancrasLock/PL106.wav,extracted/WAV_London_2/PancrasLock/PL106.wav,https://zenodo.org/api/records/10672568/files/WAV_London_2.zip/content,CC-BY-4.0,permitted_with_attribution,open,PL106,PancrasLock,6ba9df3f57751abd99045fa66a233ab7257f27af00168c7d3aa57c053a5f8e6b,14172218,WAV,48000,2,1771520,36.906666666666666,36.91,float32,source_metadata_review_pending,materialized,matched,True,Matched by normalized GroupID and LocationID.
isd_audio_a42437dec71f32917715,ISD,ISD_PancrasLock_PancrasLock1_PL107,dev,https://doi.org/10.5281/zenodo.10672568,1.0.1-alpha.1,WAV_London_2.zip,WAV_London_2/PancrasLock/PL107.wav,extracted/WAV_London_2/PancrasLock/PL107.wav,https://zenodo.org/api/records/10672568/files/WAV_London_2.zip/content,CC-BY-4.0,permitted_with_attribution,open,PL107,PancrasLock,007414a4c74a468c24da88bb739f4e04144a4f323184edf38a3649ac798d7b20,28655674,WAV,48000,2,3581952,74.624,74.62,float32,source_metadata_review_pending,materialized,matched,True,Matched by normalized GroupID and LocationID.
isd_audio_1e9494b99d986823fcc0,ISD,ISD_PancrasLock_PancrasLock1_PL108,dev,https://doi.org/10.5281/zenodo.10672568,1.0.1-alpha.1,WAV_London_2.zip,WAV_London_2/PancrasLock/PL108.wav,extracted/WAV_London_2/PancrasLock/PL108.wav,https://zenodo.org/api/records/10672568/files/WAV_London_2.zip/content,CC-BY-4.0,permitted_with_attribution,open,PL108,PancrasLock,184ca1601d89cb882ba8fec6326bd0580b7b237f556a17e6352938c5a83f3df9,11799610,WAV,48000,2,1474944,30.728,30.73,float32,source_metadata_review_pending,materialized,matched,True,Matched by normalized GroupID and LocationID.
isd_audio_1eb7fd35a82e1b0b7e32,ISD,ISD_PancrasLock_PancrasLock1_PL109,dev,https://doi.org/10.5281/zenodo.10672568,1.0.1-alpha.1,WAV_London_2.zip,WAV_London_2/PancrasLock/PL109.wav,extracted/WAV_London_2/PancrasLock/PL109.wav,https://zenodo.org/api/records/10672568/files/WAV_London_2.zip/content,CC-BY-4.0,permitted_with_attribution,open,PL109,PancrasLock,dc023617fa3db88c29fdde502714da635b5490397149cbc365f6a395541c5964,15220794,WAV,48000,2,1902592,39.63733333333333,39.64,float32,source_metadata_review_pending,materialized,matched,True,Matched by normalized GroupID and LocationID.
isd_audio_missing_0762148e81bef58b,ISD,ISD_PancrasLock_PancrasLock1_PL110,dev,https://doi.org/10.5281/zenodo.10672568,1.0.1-alpha.1,WAV_Granada_1.zip;WAV_Groningen_1.zip;WAV_London_1.zip;WAV_London_2.zip;WAV_London_3.zip;WAV_London_4.zip;WAV_Venice_1.zip,,,https://doi.org/10.5281/zenodo.10672568,CC-BY-4.0,permitted_with_attribution,open,PL110,PancrasLock,,,,,,,,,,not_available,source_missing,missing_source_asset,False,MOSAIQ clip is in the archive location scope but no WAV candidate exists.
isd_audio_51c6bd29ce90e998c575,ISD,ISD_PancrasLock_PancrasLock1_PL112,dev,https://doi.org/10.5281/zenodo.10672568,1.0.1-alpha.1,WAV_London_2.zip,WAV_London_2/PancrasLock/PL112.wav,extracted/WAV_London_2/PancrasLock/PL112.wav,https://zenodo.org/api/records/10672568/files/WAV_London_2.zip/content,CC-BY-4.0,permitted_with_attribution,open,PL112,PancrasLock,1c3266d7f42e0d35485038fa03698f62d1b24d363c36409385c89c2fb1b54b06,13647930,WAV,48000,2,1705984,35.541333333333334,35.54,float32,source_metadata_review_pending,materialized,matched,True,Matched by normalized GroupID and LocationID.
isd_audio_missing_a1c952c82c9b1d08,ISD,ISD_PancrasLock_PancrasLock1_PL113,dev,https://doi.org/10.5281/zenodo.10672568,1.0.1-alpha.1,WAV_Granada_1.zip;WAV_Groningen_1.zip;WAV_London_1.zip;WAV_London_2.zip;WAV_London_3.zip;WAV_London_4.zip;WAV_Venice_1.zip,,,https://doi.org/10.5281/zenodo.10672568,CC-BY-4.0,permitted_with_attribution,open,PL113,PancrasLock,,,,,,,,,,not_available,source_missing,missing_source_asset,False,MOSAIQ clip is in the archive location scope but no WAV candidate exists.
isd_audio_bbd72d12bf25922601c6,ISD,ISD_PancrasLock_PancrasLock1_PL114,dev,https://doi.org/10.5281/zenodo.10672568,1.0.1-alpha.1,WAV_London_2.zip,WAV_London_2/PancrasLock/PL114.wav,extracted/WAV_London_2/PancrasLock/PL114.wav,https://zenodo.org/api/records/10672568/files/WAV_London_2.zip/content,CC-BY-4.0,permitted_with_attribution,open,PL114,PancrasLock,e2fc9ffc878c7862221dd7f6a8a71b09b4ab48d96c8cb7443fb2a061e1f67546,15138874,WAV,48000,2,1892352,39.424,39.42,float32,source_metadata_review_pending,materialized,matched,True,Matched by normalized GroupID and LocationID.
isd_audio_missing_a99eb7da9e8bcb51,ISD,ISD_PancrasLock_PancrasLock1_PL115,dev,https://doi.org/10.5281/zenodo.10672568,1.0.1-alpha.1,WAV_Granada_1.zip;WAV_Groningen_1.zip;WAV_London_1.zip;WAV_London_2.zip;WAV_London_3.zip;WAV_London_4.zip;WAV_Venice_1.zip,,,https://doi.org/10.5281/zenodo.10672568,CC-BY-4.0,permitted_with_attribution,open,PL115,PancrasLock,,,,,,,,,,not_available,source_missing,missing_source_asset,False,MOSAIQ clip is in the archive location scope but no WAV candidate exists.
isd_audio_83e7f8dc5f79f5d4e757,ISD,ISD_PancrasLock_PancrasLock1_PL116,dev,https://doi.org/10.5281/zenodo.10672568,1.0.1-alpha.1,WAV_London_2.zip,WAV_London_2/PancrasLock/PL116.wav,extracted/WAV_London_2/PancrasLock/PL116.wav,https://zenodo.org/api/records/10672568/files/WAV_London_2.zip/content,CC-BY-4.0,permitted_with_attribution,open,PL116,PancrasLock,1ea0627df72214fb1f4514a3e017dc5c2aa5110088fb93ea83e8a8a94d15f41e,11521082,WAV,48000,2,1440128,30.002666666666666,30.0,float32,source_metadata_review_pending,materialized,matched,True,Matched by normalized GroupID and LocationID.
isd_audio_missing_0fa6a63c795d67b8,ISD,ISD_PancrasLock_PancrasLock1_PL117,dev,https://doi.org/10.5281/zenodo.10672568,1.0.1-alpha.1,WAV_Granada_1.zip;WAV_Groningen_1.zip;WAV_London_1.zip;WAV_London_2.zip;WAV_London_3.zip;WAV_London_4.zip;WAV_Venice_1.zip,,,https://doi.org/10.5281/zenodo.10672568,CC-BY-4.0,permitted_with_attribution,open,PL117,PancrasLock,,,,,,,,,,not_available,source_missing,missing_source_asset,False,MOSAIQ clip is in the archive location scope but no WAV candidate exists.
isd_audio_missing_e7c660022f5052a1,ISD,ISD_PancrasLock_PancrasLock1_PL118,dev,https://doi.org/10.5281/zenodo.10672568,1.0.1-alpha.1,WAV_Granada_1.zip;WAV_Groningen_1.zip;WAV_London_1.zip;WAV_London_2.zip;WAV_London_3.zip;WAV_London_4.zip;WAV_Venice_1.zip,,,https://doi.org/10.5281/zenodo.10672568,CC-BY-4.0,permitted_with_attribution,open,PL118,PancrasLock,,,,,,,,,,not_available,source_missing,missing_source_asset,False,MOSAIQ clip is in the archive location scope but no WAV candidate exists.
isd_audio_95410e6270738a30561b,ISD,ISD_PancrasLock_PancrasLock1_PL119,dev,https://doi.org/10.5281/zenodo.10672568,1.0.1-alpha.1,WAV_London_2.zip,WAV_London_2/PancrasLock/PL119.wav,extracted/WAV_London_2/PancrasLock/PL119.wav,https://zenodo.org/api/records/10672568/files/WAV_London_2.zip/content,CC-BY-4.0,permitted_with_attribution,open,PL119,PancrasLock,1c91fa4890315c9ce911e191e9cf49ff4124a6aa73156b04d6c345966c063e4d,15712314,WAV,48000,2,1964032,40.91733333333333,40.92,float32,source_metadata_review_pending,materialized,matched,True,Matched by normalized GroupID and LocationID.
isd_audio_477a1a1b3926d2b95ce1,ISD,ISD_PancrasLock_PancrasLock1_PL120,dev,https://doi.org/10.5281/zenodo.10672568,1.0.1-alpha.1,WAV_London_2.zip,WAV_London_2/PancrasLock/PL120.wav,extracted/WAV_London_2/PancrasLock/PL120.wav,https://zenodo.org/api/records/10672568/files/WAV_London_2.zip/content,CC-BY-4.0,permitted_with_attribution,open,PL120,PancrasLock,6eb2b485a5b787c488204bb9dd5d64c7a7cbb18ee0df1db23d0124e3f84047b3,14811194,WAV,48000,2,1851392,38.57066666666667,38.57,float32,source_metadata_review_pending,materialized,matched,True,Matched by normalized GroupID and LocationID.
isd_audio_19b1c64ef967eb3ae51a,ISD,ISD_PancrasLock_PancrasLock2_PL201,dev,https://doi.org/10.5281/zenodo.10672568,1.0.1-alpha.1,WAV_London_2.zip,WAV_London_2/PancrasLock/PL201.wav,extracted/WAV_London_2/PancrasLock/PL201.wav,https://zenodo.org/api/records/10672568/files/WAV_London_2.zip/content,CC-BY-4.0,permitted_with_attribution,open,PL201,PancrasLock,9b7346f17ae2ccbddf9a4f33188505f54413c75c7978a82bd783f71fbff2eae5,13271098,WAV,48000,2,1658880,34.56,34.56,float32,source_metadata_review_pending,materialized,matched,True,Matched by normalized GroupID and LocationID.
isd_audio_0950d76e26af61872190,ISD,ISD_PancrasLock_PancrasLock2_PL202,dev,https://doi.org/10.5281/zenodo.10672568,1.0.1-alpha.1,WAV_London_2.zip,WAV_London_2/PancrasLock/PL202.wav,extracted/WAV_London_2/PancrasLock/PL202.wav,https://zenodo.org/api/records/10672568/files/WAV_London_2.zip/content,CC-BY-4.0,permitted_with_attribution,open,PL202,PancrasLock,83b202096c36baf4e90d865209f7ffa63e45c087edcf5c13c822f6b8cd71132b,14778426,WAV,48000,2,1847296,38.48533333333334,38.49,float32,source_metadata_review_pending,materialized,matched,True,Matched by normalized GroupID and LocationID.
isd_audio_6c1a5e8771f7898fe153,ISD,ISD_PancrasLock_PancrasLock2_PL203,dev,https://doi.org/10.5281/zenodo.10672568,1.0.1-alpha.1,WAV_London_2.zip,WAV_London_2/PancrasLock/PL203.wav,extracted/WAV_London_2/PancrasLock/PL203.wav,https://zenodo.org/api/records/10672568/files/WAV_London_2.zip/content,CC-BY-4.0,permitted_with_attribution,open,PL203,PancrasLock,dd06424eeb97c37585d146b15e3ad06a55c627c4b8844df51395f7ba59821cfa,16531514,WAV,48000,2,2066432,43.050666666666665,43.05,float32,source_metadata_review_pending,materialized,matched,True,Matched by normalized GroupID and LocationID.
isd_audio_3030cf69eed329776056,ISD,ISD_PancrasLock_PancrasLock2_PL205,dev,https://doi.org/10.5281/zenodo.10672568,1.0.1-alpha.1,WAV_London_2.zip,WAV_London_2/PancrasLock/PL205.wav,extracted/WAV_London_2/PancrasLock/PL205.wav,https://zenodo.org/api/records/10672568/files/WAV_London_2.zip/content,CC-BY-4.0,permitted_with_attribution,open,PL205,PancrasLock,c42e3933f7dc8acc7e4748689cfd3e816a9197df7bff48bfb76884e59f016c29,14663738,WAV,48000,2,1832960,38.18666666666667,38.19,float32,source_metadata_review_pending,materialized,matched,True,Matched by normalized GroupID and LocationID.
isd_audio_38106d9a38e4349c63a5,ISD,ISD_PancrasLock_PancrasLock2_PL206,dev,https://doi.org/10.5281/zenodo.10672568,1.0.1-alpha.1,WAV_London_2.zip,WAV_London_2/PancrasLock/PL206.wav,extracted/WAV_London_2/PancrasLock/PL206.wav,https://zenodo.org/api/records/10672568/files/WAV_London_2.zip/content,CC-BY-4.0,permitted_with_attribution,open,PL206,PancrasLock,efcfe2c34bbc1d094689465f81598bcdc5bba8918b5b3e8f7e10ffc5084c1310,13271098,WAV,48000,2,1658880,34.56,34.56,float32,source_metadata_review_pending,materialized,matched,True,Matched by normalized GroupID and LocationID.
isd_audio_missing_807c894065d50630,ISD,ISD_PancrasLock_PancrasLock2_PL207,dev,https://doi.org/10.5281/zenodo.10672568,1.0.1-alpha.1,WAV_Granada_1.zip;WAV_Groningen_1.zip;WAV_London_1.zip;WAV_London_2.zip;WAV_London_3.zip;WAV_London_4.zip;WAV_Venice_1.zip,,,https://doi.org/10.5281/zenodo.10672568,CC-BY-4.0,permitted_with_attribution,open,PL207,PancrasLock,,,,,,,,,,not_available,source_missing,missing_source_asset,False,MOSAIQ clip is in the archive location scope but no WAV candidate exists.
isd_audio_692f3faf48dae7625289,ISD,ISD_PancrasLock_PancrasLock2_PL209,dev,https://doi.org/10.5281/zenodo.10672568,1.0.1-alpha.1,WAV_London_2.zip,WAV_London_2/PancrasLock/PL209.wav,extracted/WAV_London_2/PancrasLock/PL209.wav,https://zenodo.org/api/records/10672568/files/WAV_London_2.zip/content,CC-BY-4.0,permitted_with_attribution,open,PL209,PancrasLock,28908e80221c9050a1ae2be695320970bd9c942af84adf4850afc7ae7bb7ceda,13025338,WAV,48000,2,1628160,33.92,33.92,float32,source_metadata_review_pending,materialized,matched,True,Matched by normalized GroupID and LocationID.
isd_audio_d38ffdf35d6389886823,ISD,ISD_PancrasLock_PancrasLock2_PL210,dev,https://doi.org/10.5281/zenodo.10672568,1.0.1-alpha.1,WAV_London_2.zip,WAV_London_2/PancrasLock/PL210.wav,extracted/WAV_London_2/PancrasLock/PL210.wav,https://zenodo.org/api/records/10672568/files/WAV_London_2.zip/content,CC-BY-4.0,permitted_with_attribution,open,PL210,PancrasLock,acc592b5589c13109363a0ef534bc0e0de8bf848a5efa0ad7f02c975507b09b5,11520058,WAV,48000,2,1440000,30.0,30.0,float32,source_metadata_review_pending,materialized,matched,True,Matched by normalized GroupID and LocationID.
isd_audio_32c912d7837cd06a2e60,ISD,ISD_PancrasLock_PancrasLock2_PL211,dev,https://doi.org/10.5281/zenodo.10672568,1.0.1-alpha.1,WAV_London_2.zip,WAV_London_2/PancrasLock/PL211.wav,extracted/WAV_London_2/PancrasLock/PL211.wav,https://zenodo.org/api/records/10672568/files/WAV_London_2.zip/content,CC-BY-4.0,permitted_with_attribution,open,PL211,PancrasLock,31c72350cea1065eaa71dfa77310577e91d648ea965a040bd9aeda8c577d42f0,14811194,WAV,48000,2,1851392,38.57066666666667,38.57,float32,source_metadata_review_pending,materialized,matched,True,Matched by normalized GroupID and LocationID.
isd_audio_missing_2f6593561be948b2,ISD,ISD_PancrasLock_PancrasLock2_PL212,dev,https://doi.org/10.5281/zenodo.10672568,1.0.1-alpha.1,WAV_Granada_1.zip;WAV_Groningen_1.zip;WAV_London_1.zip;WAV_London_2.zip;WAV_London_3.zip;WAV_London_4.zip;WAV_Venice_1.zip,,,https://doi.org/10.5281/zenodo.10672568,CC-BY-4.0,permitted_with_attribution,open,PL212,PancrasLock,,,,,,,,,,not_available,source_missing,missing_source_asset,False,MOSAIQ clip is in the archive location scope but no WAV candidate exists.
isd_audio_fe017cec30541be84210,ISD,ISD_PancrasLock_PancrasLock2_PL213,dev,https://doi.org/10.5281/zenodo.10672568,1.0.1-alpha.1,WAV_London_2.zip,WAV_London_2/PancrasLock/PL213.wav,extracted/WAV_London_2/PancrasLock/PL213.wav,https://zenodo.org/api/records/10672568/files/WAV_London_2.zip/content,CC-BY-4.0,permitted_with_attribution,open,PL213,PancrasLock,808af2d9ca4506d4175e85df666c474d8bae470d38ee739e777c8360ce0c45fe,21200954,WAV,48000,2,2650112,55.21066666666667,55.21,float32,source_metadata_review_pending,materialized,matched,True,Matched by normalized GroupID and LocationID.
isd_audio_ec9a990d2fd2df6e44a3,ISD,ISD_PancrasLock_PancrasLock2_PL215,dev,https://doi.org/10.5281/zenodo.10672568,1.0.1-alpha.1,WAV_London_2.zip,WAV_London_2/PancrasLock/PL215.wav,extracted/WAV_London_2/PancrasLock/PL215.wav,https://zenodo.org/api/records/10672568/files/WAV_London_2.zip/content,CC-BY-4.0,permitted_with_attribution,open,PL215,PancrasLock,745322e684d91cac3573d8a351d8c4852f4efe4706778e4dd7320c9535dd2d42,11747386,WAV,48000,2,1468416,30.592,30.59,float32,source_metadata_review_pending,materialized,matched,True,Matched by normalized GroupID and LocationID.
isd_audio_5af407fd151eea5615f8,ISD,ISD_PancrasLock_PancrasLock2_PL216,dev,https://doi.org/10.5281/zenodo.10672568,1.0.1-alpha.1,WAV_London_2.zip,WAV_London_2/PancrasLock/PL216.wav,extracted/WAV_London_2/PancrasLock/PL216.wav,https://zenodo.org/api/records/10672568/files/WAV_London_2.zip/content,CC-BY-4.0,permitted_with_attribution,open,PL216,PancrasLock,a795c885318ce34cd13eff9970631b2e879ecdc21e23e98add6d011b122b9a72,11328058,WAV,48000,2,1416000,29.5,29.5,float32,source_metadata_review_pending,materialized,matched,True,Matched by normalized GroupID and LocationID.
isd_audio_68f787d08d85378e5b9e,ISD,ISD_PancrasLock_PancrasLock2_PL217,dev,https://doi.org/10.5281/zenodo.10672568,1.0.1-alpha.1,WAV_London_2.zip,WAV_London_2/PancrasLock/PL217.wav,extracted/WAV_London_2/PancrasLock/PL217.wav,https://zenodo.org/api/records/10672568/files/WAV_London_2.zip/content,CC-BY-4.0,permitted_with_attribution,open,PL217,PancrasLock,04d69432e59e306f0592de4dd273ed3347f8e67835e9e5f42014dff152cf6810,10786874,WAV,48000,2,1348352,28.090666666666667,28.09,float32,source_metadata_review_pending,materialized,matched,True,Matched by normalized GroupID and LocationID.
isd_audio_feb644a788c150d04e5c,ISD,ISD_PancrasLock_PancrasLock2_PL218,dev,https://doi.org/10.5281/zenodo.10672568,1.0.1-alpha.1,WAV_London_2.zip,WAV_London_2/PancrasLock/PL218.wav,extracted/WAV_London_2/PancrasLock/PL218.wav,https://zenodo.org/api/records/10672568/files/WAV_London_2.zip/content,CC-BY-4.0,permitted_with_attribution,open,PL218,PancrasLock,5d85e1072487752a8742b0b1968a193d9e048bb6c1855a412589c8774999adb8,6687802,WAV,48000,2,835968,17.416,17.42,float32,source_metadata_review_pending,materialized,matched,True,Matched by normalized GroupID and LocationID.
isd_audio_36dd9b7745cb4b815488,ISD,ISD_PancrasLock_PancrasLock2_PL219,dev,https://doi.org/10.5281/zenodo.10672568,1.0.1-alpha.1,WAV_London_2.zip,WAV_London_2/PancrasLock/PL219.wav,extracted/WAV_London_2/PancrasLock/PL219.wav,https://zenodo.org/api/records/10672568/files/WAV_London_2.zip/content,CC-BY-4.0,permitted_with_attribution,open,PL219,PancrasLock,ccca3fc6fec3110b4452085be02c13335033f187b3f61fbbceda51de3129fb8a,13647930,WAV,48000,2,1705984,35.541333333333334,35.54,float32,source_metadata_review_pending,materialized,matched,True,Matched by normalized GroupID and LocationID.
isd_audio_f747507366ed9b09e7bf,ISD,ISD_PancrasLock_PancrasLock2_PL220,dev,https://doi.org/10.5281/zenodo.10672568,1.0.1-alpha.1,WAV_London_2.zip,WAV_London_2/PancrasLock/PL220.wav,extracted/WAV_London_2/PancrasLock/PL220.wav,https://zenodo.org/api/records/10672568/files/WAV_London_2.zip/content,CC-BY-4.0,permitted_with_attribution,open,PL220,PancrasLock,9b6cb2b1a694247cd7e7d95d46942beadc224e17d42f59b129152865d0b461f3,12501050,WAV,48000,2,1562624,32.55466666666667,32.55,float32,source_metadata_review_pending,materialized,matched,True,Matched by normalized GroupID and LocationID.
isd_audio_4c7520fc98f82d270e42,ISD,ISD_PancrasLock_PancrasLock2_PL221,dev,https://doi.org/10.5281/zenodo.10672568,1.0.1-alpha.1,WAV_London_2.zip,WAV_London_2/PancrasLock/PL221.wav,extracted/WAV_London_2/PancrasLock/PL221.wav,https://zenodo.org/api/records/10672568/files/WAV_London_2.zip/content,CC-BY-4.0,permitted_with_attribution,open,PL221,PancrasLock,dd97311ba6fd8841541daa6fe6f23743c8630b595650efe9f8d5f0237ab1cace,11585594,WAV,48000,2,1448192,30.170666666666666,30.17,float32,source_metadata_review_pending,materialized,matched,True,Matched by normalized GroupID and LocationID.
isd_audio_befb79e3ce059b77b064,ISD,ISD_PancrasLock_PancrasLock2_PL222,dev,https://doi.org/10.5281/zenodo.10672568,1.0.1-alpha.1,WAV_London_2.zip,WAV_London_2/PancrasLock/PL222.wav,extracted/WAV_London_2/PancrasLock/PL222.wav,https://zenodo.org/api/records/10672568/files/WAV_London_2.zip/content,CC-BY-4.0,permitted_with_attribution,open,PL222,PancrasLock,aa5d8a1bc37d8e01fddbb73a73ae9628667a5c0b465eaab0d77e628a1ee02f17,11812922,WAV,48000,2,1476608,30.762666666666668,30.76,float32,source_metadata_review_pending,materialized,matched,True,Matched by normalized GroupID and LocationID.
isd_audio_cfdfa317aa8d95501c2f,ISD,ISD_PancrasLock_PancrasLock2_PL224,dev,https://doi.org/10.5281/zenodo.10672568,1.0.1-alpha.1,WAV_London_2.zip,WAV_London_2/PancrasLock/PL224.wav,extracted/WAV_London_2/PancrasLock/PL224.wav,https://zenodo.org/api/records/10672568/files/WAV_London_2.zip/content,CC-BY-4.0,permitted_with_attribution,open,PL224,PancrasLock,aa77c99ab81505187a4f240794b1585fd41222e46329e6109a11432159f0e7df,6912058,WAV,48000,2,864000,18.0,18.0,float32,source_metadata_review_pending,materialized,matched,True,Matched by normalized GroupID and LocationID.
isd_audio_missing_4b876be0bc59ab6b,ISD,ISD_PancrasLock_PancrasLock2_PL225,dev,https://doi.org/10.5281/zenodo.10672568,1.0.1-alpha.1,WAV_Granada_1.zip;WAV_Groningen_1.zip;WAV_London_1.zip;WAV_London_2.zip;WAV_London_3.zip;WAV_London_4.zip;WAV_Venice_1.zip,,,https://doi.org/10.5281/zenodo.10672568,CC-BY-4.0,permitted_with_attribution,open,PL225,PancrasLock,,,,,,,,,,not_available,source_missing,missing_source_asset,False,MOSAIQ clip is in the archive location scope but no WAV candidate exists.
isd_audio_missing_13ad8e5a80e1a34e,ISD,ISD_PancrasLock_PancrasLock2_PL226,dev,https://doi.org/10.5281/zenodo.10672568,1.0.1-alpha.1,WAV_Granada_1.zip;WAV_Groningen_1.zip;WAV_London_1.zip;WAV_London_2.zip;WAV_London_3.zip;WAV_London_4.zip;WAV_Venice_1.zip,,,https://doi.org/10.5281/zenodo.10672568,CC-BY-4.0,permitted_with_attribution,open,PL226,PancrasLock,,,,,,,,,,not_available,source_missing,missing_source_asset,False,MOSAIQ clip is in the archive location scope but no WAV candidate exists.
isd_audio_493ee5bdeb75b427ae2e,ISD,ISD_PancrasLock_PancrasLock2_PL227,dev,https://doi.org/10.5281/zenodo.10672568,1.0.1-alpha.1,WAV_London_2.zip,WAV_London_2/PancrasLock/PL227.wav,extracted/WAV_London_2/PancrasLock/PL227.wav,https://zenodo.org/api/records/10672568/files/WAV_London_2.zip/content,CC-BY-4.0,permitted_with_attribution,open,PL227,PancrasLock,3843b10b45b843194f719be0f66a4d6042ec2b306181c17e6bb04531c0eb3c88,11862074,WAV,48000,2,1482752,30.890666666666668,30.89,float32,source_metadata_review_pending,materialized,matched,True,Matched by normalized GroupID and LocationID.
isd_audio_8f1e085b0304eb2f0fdc,ISD,ISD_PancrasLock_PancrasLock2_PL228,dev,https://doi.org/10.5281/zenodo.10672568,1.0.1-alpha.1,WAV_London_2.zip,WAV_London_2/PancrasLock/PL228.wav,extracted/WAV_London_2/PancrasLock/PL228.wav,https://zenodo.org/api/records/10672568/files/WAV_London_2.zip/content,CC-BY-4.0,permitted_with_attribution,open,PL228,PancrasLock,fe7e08a90f797319010261d9837f379259bfed4d6095625dcd1cb755851b7308,12484666,WAV,48000,2,1560576,32.512,32.51,float32,source_metadata_review_pending,materialized,matched,True,Matched by normalized GroupID and LocationID.
isd_audio_missing_391a353b90888f2f,ISD,ISD_PancrasLock_PancrasLock2_PL229,dev,https://doi.org/10.5281/zenodo.10672568,1.0.1-alpha.1,WAV_Granada_1.zip;WAV_Groningen_1.zip;WAV_London_1.zip;WAV_London_2.zip;WAV_London_3.zip;WAV_London_4.zip;WAV_Venice_1.zip,,,https://doi.org/10.5281/zenodo.10672568,CC-BY-4.0,permitted_with_attribution,open,PL229,PancrasLock,,,,,,,,,,not_available,source_missing,missing_source_asset,False,MOSAIQ clip is in the archive location scope but no WAV candidate exists.
isd_audio_8eb9ab187e7474c575f2,ISD,ISD_PancrasLock_PancrasLock2_PL230,dev,https://doi.org/10.5281/zenodo.10672568,1.0.1-alpha.1,WAV_London_2.zip,WAV_London_2/PancrasLock/PL230.wav,extracted/WAV_London_2/PancrasLock/PL230.wav,https://zenodo.org/api/records/10672568/files/WAV_London_2.zip/content,CC-BY-4.0,permitted_with_attribution,open,PL230,PancrasLock,86fc71787bec4add013b8825fa0f5bfab0a50f98775e78f8b634210723d337d7,11960378,WAV,48000,2,1495040,31.14666666666667,31.15,float32,source_metadata_review_pending,materialized,matched,True,Matched by normalized GroupID and LocationID.
isd_audio_8e3116ca265197ddf237,ISD,ISD_PancrasLock_PancrasLock2_PL231,dev,https://doi.org/10.5281/zenodo.10672568,1.0.1-alpha.1,WAV_London_2.zip,WAV_London_2/PancrasLock/PL231.wav,extracted/WAV_London_2/PancrasLock/PL231.wav,https://zenodo.org/api/records/10672568/files/WAV_London_2.zip/content,CC-BY-4.0,permitted_with_attribution,open,PL231,PancrasLock,cb5894f5ce65453de9a57d18a579b29da3e067f7ee87c5e54289777e5742bb25,12910650,WAV,48000,2,1613824,33.62133333333333,33.62,float32,source_metadata_review_pending,materialized,matched,True,Matched by normalized GroupID and LocationID.
isd_audio_missing_6d7f1a5ca4b1c6b5,ISD,ISD_PancrasLock_PancrasLock2_PL232,dev,https://doi.org/10.5281/zenodo.10672568,1.0.1-alpha.1,WAV_Granada_1.zip;WAV_Groningen_1.zip;WAV_London_1.zip;WAV_London_2.zip;WAV_London_3.zip;WAV_London_4.zip;WAV_Venice_1.zip,,,https://doi.org/10.5281/zenodo.10672568,CC-BY-4.0,permitted_with_attribution,open,PL232,PancrasLock,,,,,,,,,,not_available,source_missing,missing_source_asset,False,MOSAIQ clip is in the archive location scope but no WAV candidate exists.
isd_audio_missing_957b25f484b539f4,ISD,ISD_PancrasLock_PancrasLock2_PL233,dev,https://doi.org/10.5281/zenodo.10672568,1.0.1-alpha.1,WAV_Granada_1.zip;WAV_Groningen_1.zip;WAV_London_1.zip;WAV_London_2.zip;WAV_London_3.zip;WAV_London_4.zip;WAV_Venice_1.zip,,,https://doi.org/10.5281/zenodo.10672568,CC-BY-4.0,permitted_with_attribution,open,PL233,PancrasLock,,,,,,,,,,not_available,source_missing,missing_source_asset,False,MOSAIQ clip is in the archive location scope but no WAV candidate exists.
isd_audio_9db0de25d9a5f4bcfe39,ISD,ISD_PancrasLock_PancrasLock2_PL234,dev,https://doi.org/10.5281/zenodo.10672568,1.0.1-alpha.1,WAV_London_2.zip,WAV_London_2/PancrasLock/PL234.wav,extracted/WAV_London_2/PancrasLock/PL234.wav,https://zenodo.org/api/records/10672568/files/WAV_London_2.zip/content,CC-BY-4.0,permitted_with_attribution,open,PL234,PancrasLock,0e27cc0f147a538b8904740ea6ff5f1c837ed76af6375564758d5f6f6baf7472,7581754,WAV,48000,2,947712,19.744,19.74,float32,source_metadata_review_pending,materialized,matched,True,Matched by normalized GroupID and LocationID.
isd_audio_missing_ead67a886ec7a384,ISD,ISD_PancrasLock_PancrasLock2_PL299,dev,https://doi.org/10.5281/zenodo.10672568,1.0.1-alpha.1,WAV_Granada_1.zip;WAV_Groningen_1.zip;WAV_London_1.zip;WAV_London_2.zip;WAV_London_3.zip;WAV_London_4.zip;WAV_Venice_1.zip,,,https://doi.org/10.5281/zenodo.10672568,CC-BY-4.0,permitted_with_attribution,open,PL299,PancrasLock,,,,,,,,,,not_available,source_missing,missing_source_asset,False,MOSAIQ clip is in the archive location scope but no WAV candidate exists.
isd_audio_786262d647bcd14c801e,ISD,ISD_PlazaBibRambla_PlazaBibRambla1_BIB1,test,https://doi.org/10.5281/zenodo.10672568,1.0.1-alpha.1,WAV_Granada_1.zip,Grenada WAV Files/PlazaBibRambla/BIB1.wav,extracted/WAV_Granada_1/Grenada WAV Files/PlazaBibRambla/BIB1.wav,https://zenodo.org/api/records/10672568/files/WAV_Granada_1.zip/content,CC-BY-4.0,permitted_with_attribution,open,BIB1,PlazaBibRambla,f4713adee27df849956de4bd28205c0585ec8f611dc2eac45ccfac2c5a18088e,15384634,WAV,48000,2,1923072,40.064,40.06,float32,source_metadata_review_pending,materialized,matched,True,Matched by normalized GroupID and LocationID.
isd_audio_30dec64632c3f2ccabee,ISD,ISD_PlazaBibRambla_PlazaBibRambla1_BIB10,test,https://doi.org/10.5281/zenodo.10672568,1.0.1-alpha.1,WAV_Granada_1.zip,Grenada WAV Files/PlazaBibRambla/BIB10.wav,extracted/WAV_Granada_1/Grenada WAV Files/PlazaBibRambla/BIB10.wav,https://zenodo.org/api/records/10672568/files/WAV_Granada_1.zip/content,CC-BY-4.0,permitted_with_attribution,open,BIB10,PlazaBibRambla,5b8fd12ff2b3240dc000a037e8ff3926ff1205b41d14c89468fc3edd52b548a5,11976762,WAV,48000,2,1497088,31.189333333333334,31.19,float32,source_metadata_review_pending,materialized,matched,True,Matched by normalized GroupID and LocationID.
isd_audio_0065433ca751d92d1023,ISD,ISD_PlazaBibRambla_PlazaBibRambla1_BIB11,test,https://doi.org/10.5281/zenodo.10672568,1.0.1-alpha.1,WAV_Granada_1.zip,Grenada WAV Files/PlazaBibRambla/BIB11.wav,extracted/WAV_Granada_1/Grenada WAV Files/PlazaBibRambla/BIB11.wav,https://zenodo.org/api/records/10672568/files/WAV_Granada_1.zip/content,CC-BY-4.0,permitted_with_attribution,open,BIB11,PlazaBibRambla,21ffe4aad4c465b06eee88762e925a08425a60cac47fcbd40ef44826d4dd8fd3,12468282,WAV,48000,2,1558528,32.46933333333333,32.47,float32,source_metadata_review_pending,materialized,matched,True,Matched by normalized GroupID and LocationID.
isd_audio_e1eaff544f15f10b3fee,ISD,ISD_PlazaBibRambla_PlazaBibRambla1_BIB12,test,https://doi.org/10.5281/zenodo.10672568,1.0.1-alpha.1,WAV_Granada_1.zip,Grenada WAV Files/PlazaBibRambla/BIB12.wav,extracted/WAV_Granada_1/Grenada WAV Files/PlazaBibRambla/BIB12.wav,https://zenodo.org/api/records/10672568/files/WAV_Granada_1.zip/content,CC-BY-4.0,permitted_with_attribution,open,BIB12,PlazaBibRambla,56b3628ce11a911b5a1ca22cf7f984f37c40487be9d8370943aba4eb162d0afc,11714618,WAV,48000,2,1464320,30.506666666666668,30.51,float32,source_metadata_review_pending,materialized,matched,True,Matched by normalized GroupID and LocationID.
isd_audio_661ff89fdbcffa7bd45f,ISD,ISD_PlazaBibRambla_PlazaBibRambla1_BIB13,test,https://doi.org/10.5281/zenodo.10672568,1.0.1-alpha.1,WAV_Granada_1.zip,Grenada WAV Files/PlazaBibRambla/BIB13.wav,extracted/WAV_Granada_1/Grenada WAV Files/PlazaBibRambla/BIB13.wav,https://zenodo.org/api/records/10672568/files/WAV_Granada_1.zip/content,CC-BY-4.0,permitted_with_attribution,open,BIB13,PlazaBibRambla,0245d2d3d6bb4851ce4603874156e1cf282be3a27a775234fa10f8f7b2760924,11845690,WAV,48000,2,1480704,30.848,30.85,float32,source_metadata_review_pending,materialized,matched,True,Matched by normalized GroupID and LocationID.
isd_audio_0c7625a39fcecce1dc7a,ISD,ISD_PlazaBibRambla_PlazaBibRambla1_BIB14,test,https://doi.org/10.5281/zenodo.10672568,1.0.1-alpha.1,WAV_Granada_1.zip,Grenada WAV Files/PlazaBibRambla/BIB14.wav,extracted/WAV_Granada_1/Grenada WAV Files/PlazaBibRambla/BIB14.wav,https://zenodo.org/api/records/10672568/files/WAV_Granada_1.zip/content,CC-BY-4.0,permitted_with_attribution,open,BIB14,PlazaBibRambla,6512e893f8d95360de355f6bf4f74047226a27e4bc4d92cd50dc53d6364ea65c,11829306,WAV,48000,2,1478656,30.805333333333333,30.81,float32,source_metadata_review_pending,materialized,matched,True,Matched by normalized GroupID and LocationID.
isd_audio_d03416e22ea1e9d4956b,ISD,ISD_PlazaBibRambla_PlazaBibRambla1_BIB15,test,https://doi.org/10.5281/zenodo.10672568,1.0.1-alpha.1,WAV_Granada_1.zip,Grenada WAV Files/PlazaBibRambla/BIB15.wav,extracted/WAV_Granada_1/Grenada WAV Files/PlazaBibRambla/BIB15.wav,https://zenodo.org/api/records/10672568/files/WAV_Granada_1.zip/content,CC-BY-4.0,permitted_with_attribution,open,BIB15,PlazaBibRambla,7269b5af2eba217f77fbfc97da31b04ba204b551113e444a5e40ed96ba668997,11796538,WAV,48000,2,1474560,30.72,30.72,float32,source_metadata_review_pending,materialized,matched,True,Matched by normalized GroupID and LocationID.
isd_audio_1f9d7f1d78d58486879a,ISD,ISD_PlazaBibRambla_PlazaBibRambla1_BIB16,test,https://doi.org/10.5281/zenodo.10672568,1.0.1-alpha.1,WAV_Granada_1.zip,Grenada WAV Files/PlazaBibRambla/BIB16.wav,extracted/WAV_Granada_1/Grenada WAV Files/PlazaBibRambla/BIB16.wav,https://zenodo.org/api/records/10672568/files/WAV_Granada_1.zip/content,CC-BY-4.0,permitted_with_attribution,open,BIB16,PlazaBibRambla,a0b2cc2ef8a5f9526863045bbff6a47185ece26c0f0fd9de4c276657a55bfdc6,11796538,WAV,48000,2,1474560,30.72,30.72,float32,source_metadata_review_pending,materialized,matched,True,Matched by normalized GroupID and LocationID.
isd_audio_00e29f2c5ae1e7f88859,ISD,ISD_PlazaBibRambla_PlazaBibRambla1_BIB3,test,https://doi.org/10.5281/zenodo.10672568,1.0.1-alpha.1,WAV_Granada_1.zip,Grenada WAV Files/PlazaBibRambla/BIB3.wav,extracted/WAV_Granada_1/Grenada WAV Files/PlazaBibRambla/BIB3.wav,https://zenodo.org/api/records/10672568/files/WAV_Granada_1.zip/content,CC-BY-4.0,permitted_with_attribution,open,BIB3,PlazaBibRambla,aca497d10d077d65f5df3433a07032aadd344e32b1b349b7825c2b44ddb13378,11829306,WAV,48000,2,1478656,30.805333333333333,30.81,float32,source_metadata_review_pending,materialized,matched,True,Matched by normalized GroupID and LocationID.
isd_audio_4246d7291e5d3ef33f7a,ISD,ISD_PlazaBibRambla_PlazaBibRambla1_BIB4,test,https://doi.org/10.5281/zenodo.10672568,1.0.1-alpha.1,WAV_Granada_1.zip,Grenada WAV Files/PlazaBibRambla/BIB4.wav,extracted/WAV_Granada_1/Grenada WAV Files/PlazaBibRambla/BIB4.wav,https://zenodo.org/api/records/10672568/files/WAV_Granada_1.zip/content,CC-BY-4.0,permitted_with_attribution,open,BIB4,PlazaBibRambla,d4ace5c8599e9746e19ff7b44a42d4b2cfc00ffe09ef313205832043713ec5e2,13254714,WAV,48000,2,1656832,34.51733333333333,34.52,float32,source_metadata_review_pending,materialized,matched,True,Matched by normalized GroupID and LocationID.
isd_audio_472fe26dcb2cd6ab7aab,ISD,ISD_PlazaBibRambla_PlazaBibRambla1_BIB5,test,https://doi.org/10.5281/zenodo.10672568,1.0.1-alpha.1,WAV_Granada_1.zip,Grenada WAV Files/PlazaBibRambla/BIB5.wav,extracted/WAV_Granada_1/Grenada WAV Files/PlazaBibRambla/BIB5.wav,https://zenodo.org/api/records/10672568/files/WAV_Granada_1.zip/content,CC-BY-4.0,permitted_with_attribution,open,BIB5,PlazaBibRambla,e4ad7770276d91d133268a06c41ccefd8de747f96dcc8a1c39ef68b276584e4a,13877306,WAV,48000,2,1734656,36.138666666666666,36.14,float32,source_metadata_review_pending,materialized,matched,True,Matched by normalized GroupID and LocationID.
isd_audio_6cc857fbf43a06d6bd02,ISD,ISD_PlazaBibRambla_PlazaBibRambla1_BIB6,test,https://doi.org/10.5281/zenodo.10672568,1.0.1-alpha.1,WAV_Granada_1.zip,Grenada WAV Files/PlazaBibRambla/BIB6.wav,extracted/WAV_Granada_1/Grenada WAV Files/PlazaBibRambla/BIB6.wav,https://zenodo.org/api/records/10672568/files/WAV_Granada_1.zip/content,CC-BY-4.0,permitted_with_attribution,open,BIB6,PlazaBibRambla,011767530341279138612a196440719ff7f0aa8470c90b83920716f0827e3305,12189754,WAV,48000,2,1523712,31.744,31.74,float32,source_metadata_review_pending,materialized,matched,True,Matched by normalized GroupID and LocationID.
isd_audio_missing_590cbfbcf2df4dbd,ISD,ISD_PlazaBibRambla_PlazaBibRambla1_BIB7,test,https://doi.org/10.5281/zenodo.10672568,1.0.1-alpha.1,WAV_Granada_1.zip;WAV_Groningen_1.zip;WAV_London_1.zip;WAV_London_2.zip;WAV_London_3.zip;WAV_London_4.zip;WAV_Venice_1.zip,,,https://doi.org/10.5281/zenodo.10672568,CC-BY-4.0,permitted_with_attribution,open,BIB7,PlazaBibRambla,,,,,,,,,,not_available,source_missing,missing_source_asset,False,MOSAIQ clip is in the archive location scope but no WAV candidate exists.
isd_audio_876bc50e8ca65fb5a688,ISD,ISD_PlazaBibRambla_PlazaBibRambla1_BIB9,test,https://doi.org/10.5281/zenodo.10672568,1.0.1-alpha.1,WAV_Granada_1.zip,Grenada WAV Files/PlazaBibRambla/BIB9.wav,extracted/WAV_Granada_1/Grenada WAV Files/PlazaBibRambla/BIB9.wav,https://zenodo.org/api/records/10672568/files/WAV_Granada_1.zip/content,CC-BY-4.0,permitted_with_attribution,open,BIB9,PlazaBibRambla,d0a286a6428d9a2a31998b392e41c6c303a8d131299201d268fafdb32a314b8c,11599930,WAV,48000,2,1449984,30.208,30.21,float32,source_metadata_review_pending,materialized,matched,True,Matched by normalized GroupID and LocationID.
isd_audio_e967cf4bff70aaa9c224,ISD,ISD_RegentsParkFields_RegentsParkFields1_RF101,train,https://doi.org/10.5281/zenodo.10672568,1.0.1-alpha.1,WAV_London_2.zip,WAV_London_2/RegentsParkFields/RF101.wav,extracted/WAV_London_2/RegentsParkFields/RF101.wav,https://zenodo.org/api/records/10672568/files/WAV_London_2.zip/content,CC-BY-4.0,permitted_with_attribution,open,RF101,RegentsParkFields,5dce7401dcf8b90f5bab728f62a4d0670ceb272c3a0662be68bd5736b61354e3,12566586,WAV,44100,2,1570816,35.619410430839004,35.62,float32,source_metadata_review_pending,materialized,matched,True,Matched by normalized GroupID and LocationID.
isd_audio_2c37975e68d9e3ed9c69,ISD,ISD_RegentsParkFields_RegentsParkFields1_RF102,train,https://doi.org/10.5281/zenodo.10672568,1.0.1-alpha.1,WAV_London_2.zip,WAV_London_2/RegentsParkFields/RF102.wav,extracted/WAV_London_2/RegentsParkFields/RF102.wav,https://zenodo.org/api/records/10672568/files/WAV_London_2.zip/content,CC-BY-4.0,permitted_with_attribution,open,RF102,RegentsParkFields,c556af39f2371826ad06dc3746a8fcbcfa363562406ffc10f5f887d0fa40b68f,10761162,WAV,44100,2,1345138,30.50199546485261,30.5,float32,source_metadata_review_pending,materialized,matched,True,Matched by normalized GroupID and LocationID.
isd_audio_f0daf26a850ac8c0d2a1,ISD,ISD_RegentsParkFields_RegentsParkFields1_RF103,train,https://doi.org/10.5281/zenodo.10672568,1.0.1-alpha.1,WAV_London_2.zip,WAV_London_2/RegentsParkFields/RF103.wav,extracted/WAV_London_2/RegentsParkFields/RF103.wav,https://zenodo.org/api/records/10672568/files/WAV_London_2.zip/content,CC-BY-4.0,permitted_with_attribution,open,RF103,RegentsParkFields,9578a0ea35d1427d722151b6bb8d705aaf3883e17221403d563c77783df8ee40,15056954,WAV,44100,2,1882112,42.67827664399093,42.68,float32,source_metadata_review_pending,materialized,matched,True,Matched by normalized GroupID and LocationID.
isd_audio_a2d4ca8d6891103c916b,ISD,ISD_RegentsParkFields_RegentsParkFields1_RF104,train,https://doi.org/10.5281/zenodo.10672568,1.0.1-alpha.1,WAV_London_2.zip,WAV_London_2/RegentsParkFields/RF104.wav,extracted/WAV_London_2/RegentsParkFields/RF104.wav,https://zenodo.org/api/records/10672568/files/WAV_London_2.zip/content,CC-BY-4.0,permitted_with_attribution,open,RF104,RegentsParkFields,c0b42e28a15d4101aecebb48c906056196a6501bb6cc3e4e60ecfab1ff9f885c,13647930,WAV,44100,2,1705984,38.684444444444445,38.68,float32,source_metadata_review_pending,materialized,matched,True,Matched by normalized GroupID and LocationID.
isd_audio_ff8c47a08a09c952774b,ISD,ISD_RegentsParkFields_RegentsParkFields1_RF105,train,https://doi.org/10.5281/zenodo.10672568,1.0.1-alpha.1,WAV_London_2.zip,WAV_London_2/RegentsParkFields/RF105.wav,extracted/WAV_London_2/RegentsParkFields/RF105.wav,https://zenodo.org/api/records/10672568/files/WAV_London_2.zip/content,CC-BY-4.0,permitted_with_attribution,open,RF105,RegentsParkFields,b598ce63010df3e8fcb09a72cb06a2891d7bb2b20b01358e47116c490c68b0b5,16220218,WAV,44100,2,2027520,45.97551020408163,45.98,float32,source_metadata_review_pending,materialized,matched,True,Matched by normalized GroupID and LocationID.
isd_audio_f417a28a8fd0c932e170,ISD,ISD_RegentsParkFields_RegentsParkFields1_RF106,train,https://doi.org/10.5281/zenodo.10672568,1.0.1-alpha.1,WAV_London_2.zip,WAV_London_2/RegentsParkFields/RF106.wav,extracted/WAV_London_2/RegentsParkFields/RF106.wav,https://zenodo.org/api/records/10672568/files/WAV_London_2.zip/content,CC-BY-4.0,permitted_with_attribution,open,RF106,RegentsParkFields,7868bf7a535466cbcffd2dd7e96ce5863a0bc51bd353a33f15a4e0d5385e67e5,12533282,WAV,44100,2,1566653,35.52501133786848,35.53,float32,source_metadata_review_pending,materialized,matched,True,Matched by normalized GroupID and LocationID.
isd_audio_missing_0559b3afb05e5bb1,ISD,ISD_RegentsParkFields_RegentsParkFields1_RF107,train,https://doi.org/10.5281/zenodo.10672568,1.0.1-alpha.1,WAV_Granada_1.zip;WAV_Groningen_1.zip;WAV_London_1.zip;WAV_London_2.zip;WAV_London_3.zip;WAV_London_4.zip;WAV_Venice_1.zip,,,https://doi.org/10.5281/zenodo.10672568,CC-BY-4.0,permitted_with_attribution,open,RF107,RegentsParkFields,,,,,,,,,,not_available,source_missing,missing_source_asset,False,MOSAIQ clip is in the archive location scope but no WAV candidate exists.
isd_audio_b2b2e98e4e98d97d36ec,ISD,ISD_RegentsParkFields_RegentsParkFields1_RF108,train,https://doi.org/10.5281/zenodo.10672568,1.0.1-alpha.1,WAV_London_2.zip,WAV_London_2/RegentsParkFields/RF108.wav,extracted/WAV_London_2/RegentsParkFields/RF108.wav,https://zenodo.org/api/records/10672568/files/WAV_London_2.zip/content,CC-BY-4.0,permitted_with_attribution,open,RF108,RegentsParkFields,f0b07f3ef5c0e41c50538fa9a2dc298b71f07890eaf490b8931fe6c1a0bf3efc,12451898,WAV,44100,2,1556480,35.294331065759636,35.29,float32,source_metadata_review_pending,materialized,matched,True,Matched by normalized GroupID and LocationID.
isd_audio_b3512a791a5f6517dc7a,ISD,ISD_RegentsParkFields_RegentsParkFields1_RF109,train,https://doi.org/10.5281/zenodo.10672568,1.0.1-alpha.1,WAV_London_2.zip,WAV_London_2/RegentsParkFields/RF109.wav,extracted/WAV_London_2/RegentsParkFields/RF109.wav,https://zenodo.org/api/records/10672568/files/WAV_London_2.zip/content,CC-BY-4.0,permitted_with_attribution,open,RF109,RegentsParkFields,376ecb3e3277aef3c8c65741ce3b8b0a89a8700df3f9b24c37058f971eb209d5,14204986,WAV,44100,2,1775616,40.263401360544215,40.26,float32,source_metadata_review_pending,materialized,matched,True,Matched by normalized GroupID and LocationID.
isd_audio_c053994047471718e8e2,ISD,ISD_RegentsParkFields_RegentsParkFields1_RF110,train,https://doi.org/10.5281/zenodo.10672568,1.0.1-alpha.1,WAV_London_2.zip,WAV_London_2/RegentsParkFields/RF110.wav,extracted/WAV_London_2/RegentsParkFields/RF110.wav,https://zenodo.org/api/records/10672568/files/WAV_London_2.zip/content,CC-BY-4.0,permitted_with_attribution,open,RF110,RegentsParkFields,b530269f66fe356d6fbce9ef589cb44f0f5fdb115e89761679c68cc5ac3a7c60,13041722,WAV,44100,2,1630208,36.96616780045351,36.97,float32,source_metadata_review_pending,materialized,matched,True,Matched by normalized GroupID and LocationID.
isd_audio_2952e275455e5f8db96d,ISD,ISD_RegentsParkFields_RegentsParkFields1_RF111,train,https://doi.org/10.5281/zenodo.10672568,1.0.1-alpha.1,WAV_London_2.zip,WAV_London_2/RegentsParkFields/RF111.wav,extracted/WAV_London_2/RegentsParkFields/RF111.wav,https://zenodo.org/api/records/10672568/files/WAV_London_2.zip/content,CC-BY-4.0,permitted_with_attribution,open,RF111,RegentsParkFields,2d9087c4b1e7e405753eadaa2700dca291910627590e1756913531e5f78d3246,12730426,WAV,44100,2,1591296,36.08380952380952,36.08,float32,source_metadata_review_pending,materialized,matched,True,Matched by normalized GroupID and LocationID.
isd_audio_60dfd856c83d1a1582e3,ISD,ISD_RegentsParkFields_RegentsParkFields1_RF112,train,https://doi.org/10.5281/zenodo.10672568,1.0.1-alpha.1,WAV_London_2.zip,WAV_London_2/RegentsParkFields/RF112.wav,extracted/WAV_London_2/RegentsParkFields/RF112.wav,https://zenodo.org/api/records/10672568/files/WAV_London_2.zip/content,CC-BY-4.0,permitted_with_attribution,open,RF112,RegentsParkFields,608c3e96eead415a51b964705c7e86fbbd4c9c9d282d3f5c335bddc65f543eb4,14714554,WAV,44100,2,1839312,41.707755102040814,41.71,float32,source_metadata_review_pending,materialized,matched,True,Matched by normalized GroupID and LocationID.
isd_audio_232e86fa5e9a1e8a30af,ISD,ISD_RegentsParkFields_RegentsParkFields1_RF113,train,https://doi.org/10.5281/zenodo.10672568,1.0.1-alpha.1,WAV_London_2.zip,WAV_London_2/RegentsParkFields/RF113.wav,extracted/WAV_London_2/RegentsParkFields/RF113.wav,https://zenodo.org/api/records/10672568/files/WAV_London_2.zip/content,CC-BY-4.0,permitted_with_attribution,open,RF113,RegentsParkFields,f3e973858579450104d3d0fead4192b11189adf367238a73c590cbd7ca8ffb2d,19715482,WAV,44100,2,2464428,55.882721088435375,55.88,float32,source_metadata_review_pending,materialized,matched,True,Matched by normalized GroupID and LocationID.
isd_audio_9628bf2f69b5d8b51f22,ISD,ISD_RegentsParkFields_RegentsParkFields1_RF114,train,https://doi.org/10.5281/zenodo.10672568,1.0.1-alpha.1,WAV_London_2.zip,WAV_London_2/RegentsParkFields/RF114.wav,extracted/WAV_London_2/RegentsParkFields/RF114.wav,https://zenodo.org/api/records/10672568/files/WAV_London_2.zip/content,CC-BY-4.0,permitted_with_attribution,open,RF114,RegentsParkFields,2915e5174942e7010e915660926aa1fbbf137eeb441177d9a6fdb374be32246e,10944570,WAV,44100,2,1368064,31.02185941043084,31.02,float32,source_metadata_review_pending,materialized,matched,True,Matched by normalized GroupID and LocationID.
isd_audio_617ad899e3a5d1d56b55,ISD,ISD_RegentsParkFields_RegentsParkFields1_RF115,train,https://doi.org/10.5281/zenodo.10672568,1.0.1-alpha.1,WAV_London_2.zip,WAV_London_2/RegentsParkFields/RF115.wav,extracted/WAV_London_2/RegentsParkFields/RF115.wav,https://zenodo.org/api/records/10672568/files/WAV_London_2.zip/content,CC-BY-4.0,permitted_with_attribution,open,RF115,RegentsParkFields,4878e58264e66757cbfe28943aa30645f653981be4b5867c868757fb0e6644b6,7386554,WAV,44100,2,923312,20.936780045351473,20.94,float32,source_metadata_review_pending,materialized,matched,True,Matched by normalized GroupID and LocationID.
isd_audio_fc004052a81569b38d01,ISD,ISD_RegentsParkFields_RegentsParkFields1_RF116,train,https://doi.org/10.5281/zenodo.10672568,1.0.1-alpha.1,WAV_London_2.zip,WAV_London_2/RegentsParkFields/RF116.wav,extracted/WAV_London_2/RegentsParkFields/RF116.wav,https://zenodo.org/api/records/10672568/files/WAV_London_2.zip/content,CC-BY-4.0,permitted_with_attribution,open,RF116,RegentsParkFields,10b541f9272089205b5b6f6f1a98400472f480dfc54b707219af99a1478111fb,15228986,WAV,44100,2,1903616,43.165895691609975,43.17,float32,source_metadata_review_pending,materialized,matched,True,Matched by normalized GroupID and LocationID.
isd_audio_20a6f372646733200250,ISD,ISD_RegentsParkFields_RegentsParkFields1_RF117,train,https://doi.org/10.5281/zenodo.10672568,1.0.1-alpha.1,WAV_London_2.zip,WAV_London_2/RegentsParkFields/RF117.wav,extracted/WAV_London_2/RegentsParkFields/RF117.wav,https://zenodo.org/api/records/10672568/files/WAV_London_2.zip/content,CC-BY-4.0,permitted_with_attribution,open,RF117,RegentsParkFields,9e0261bc0a00505d4a88fd05b1af751934e3b1684642d9785640890f9513a650,17449018,WAV,44100,2,2181120,49.458503401360545,49.46,float32,source_metadata_review_pending,materialized,matched,True,Matched by normalized GroupID and LocationID.
isd_audio_75a1b8be610d1bfdfaf4,ISD,ISD_RegentsParkFields_RegentsParkFields1_RF118,train,https://doi.org/10.5281/zenodo.10672568,1.0.1-alpha.1,WAV_London_2.zip,WAV_London_2/RegentsParkFields/RF118.wav,extracted/WAV_London_2/RegentsParkFields/RF118.wav,https://zenodo.org/api/records/10672568/files/WAV_London_2.zip/content,CC-BY-4.0,permitted_with_attribution,open,RF118,RegentsParkFields,d9a5ab79feadacd49de0baa7e5b2465abf59a65198b3f21865b71ac6a7e70042,12279866,WAV,44100,2,1534976,34.80671201814059,34.81,float32,source_metadata_review_pending,materialized,matched,True,Matched by normalized GroupID and LocationID.
isd_audio_missing_5761eaaad05698a4,ISD,ISD_RegentsParkFields_RegentsParkFields1_RF119,train,https://doi.org/10.5281/zenodo.10672568,1.0.1-alpha.1,WAV_Granada_1.zip;WAV_Groningen_1.zip;WAV_London_1.zip;WAV_London_2.zip;WAV_London_3.zip;WAV_London_4.zip;WAV_Venice_1.zip,,,https://doi.org/10.5281/zenodo.10672568,CC-BY-4.0,permitted_with_attribution,open,RF119,RegentsParkFields,,,,,,,,,,not_available,source_missing,missing_source_asset,False,MOSAIQ clip is in the archive location scope but no WAV candidate exists.
isd_audio_6b01ecd77bc01c6d9e08,ISD,ISD_RegentsParkFields_RegentsParkFields1_RF120,train,https://doi.org/10.5281/zenodo.10672568,1.0.1-alpha.1,WAV_London_2.zip,WAV_London_2/RegentsParkFields/RF120.wav,extracted/WAV_London_2/RegentsParkFields/RF120.wav,https://zenodo.org/api/records/10672568/files/WAV_London_2.zip/content,CC-BY-4.0,permitted_with_attribution,open,RF120,RegentsParkFields,9f4a20b3bdbf0d53f67bef978b32da5463205c86df123c3edc1df33c3614f264,14680122,WAV,44100,2,1835008,41.61015873015873,41.61,float32,source_metadata_review_pending,materialized,matched,True,Matched by normalized GroupID and LocationID.
isd_audio_abc7c75243232bbe0a80,ISD,ISD_RegentsParkFields_RegentsParkFields1_RF121,train,https://doi.org/10.5281/zenodo.10672568,1.0.1-alpha.1,WAV_London_2.zip,WAV_London_2/RegentsParkFields/RF121.wav,extracted/WAV_London_2/RegentsParkFields/RF121.wav,https://zenodo.org/api/records/10672568/files/WAV_London_2.zip/content,CC-BY-4.0,permitted_with_attribution,open,RF121,RegentsParkFields,30b88152d23bce2df71ad3a6694d018b27110decee32eeb23e137f0aaf46b91e,13713466,WAV,44100,2,1714176,38.87020408163265,38.87,float32,source_metadata_review_pending,materialized,matched,True,Matched by normalized GroupID and LocationID.
isd_audio_b7c6bebeb507b0d92386,ISD,ISD_RegentsParkFields_RegentsParkFields1_RF122,train,https://doi.org/10.5281/zenodo.10672568,1.0.1-alpha.1,WAV_London_2.zip,WAV_London_2/RegentsParkFields/RF122.wav,extracted/WAV_London_2/RegentsParkFields/RF122.wav,https://zenodo.org/api/records/10672568/files/WAV_London_2.zip/content,CC-BY-4.0,permitted_with_attribution,open,RF122,RegentsParkFields,11eb13f1498247c268820f5f3a8875d5fd44637937aaa28f3c4f2acde32d26e5,18071610,WAV,44100,2,2258944,51.22321995464853,51.22,float32,source_metadata_review_pending,materialized,matched,True,Matched by normalized GroupID and LocationID.
isd_audio_missing_327646344d43550b,ISD,ISD_RegentsParkFields_RegentsParkFields1_RF123,train,https://doi.org/10.5281/zenodo.10672568,1.0.1-alpha.1,WAV_Granada_1.zip;WAV_Groningen_1.zip;WAV_London_1.zip;WAV_London_2.zip;WAV_London_3.zip;WAV_London_4.zip;WAV_Venice_1.zip,,,https://doi.org/10.5281/zenodo.10672568,CC-BY-4.0,permitted_with_attribution,open,RF123,RegentsParkFields,,,,,,,,,,not_available,source_missing,missing_source_asset,False,MOSAIQ clip is in the archive location scope but no WAV candidate exists.
isd_audio_4e63f3b2422b41277eec,ISD,ISD_RegentsParkFields_RegentsParkFields1_RF124,train,https://doi.org/10.5281/zenodo.10672568,1.0.1-alpha.1,WAV_London_2.zip,WAV_London_2/RegentsParkFields/RF124.wav,extracted/WAV_London_2/RegentsParkFields/RF124.wav,https://zenodo.org/api/records/10672568/files/WAV_London_2.zip/content,CC-BY-4.0,permitted_with_attribution,open,RF124,RegentsParkFields,097fb9aec0968c78057f6ba97522fa52184f3ff912ca553ff3b0efb4fb95ba09,8820058,WAV,44100,2,1102500,25.0,25.0,float32,source_metadata_review_pending,materialized,matched,True,Matched by normalized GroupID and LocationID.
isd_audio_2ff237764fb573decf34,ISD,ISD_RegentsParkFields_RegentsParkFields1_RF125,train,https://doi.org/10.5281/zenodo.10672568,1.0.1-alpha.1,WAV_London_2.zip,WAV_London_2/RegentsParkFields/RF125.wav,extracted/WAV_London_2/RegentsParkFields/RF125.wav,https://zenodo.org/api/records/10672568/files/WAV_London_2.zip/content,CC-BY-4.0,permitted_with_attribution,open,RF125,RegentsParkFields,d158fc439c06ecc10fdc97dd21f52a5d198b3464bf74e665e387f2d90de13c99,13320250,WAV,44100,2,1665024,37.755646258503404,37.76,float32,source_metadata_review_pending,materialized,matched,True,Matched by normalized GroupID and LocationID.
isd_audio_6c6760bff55113dead07,ISD,ISD_RegentsParkFields_RegentsParkFields1_RF126,train,https://doi.org/10.5281/zenodo.10672568,1.0.1-alpha.1,WAV_London_2.zip,WAV_London_2/RegentsParkFields/RF126.wav,extracted/WAV_London_2/RegentsParkFields/RF126.wav,https://zenodo.org/api/records/10672568/files/WAV_London_2.zip/content,CC-BY-4.0,permitted_with_attribution,open,RF126,RegentsParkFields,543596128ac641897b63c49b792063b3e6b72bf15b24977d90531d4335f063d6,12484666,WAV,44100,2,1560576,35.38721088435374,35.39,float32,source_metadata_review_pending,materialized,matched,True,Matched by normalized GroupID and LocationID.
isd_audio_3a31da7e982fb2f533d2,ISD,ISD_RegentsParkFields_RegentsParkFields1_RF127,train,https://doi.org/10.5281/zenodo.10672568,1.0.1-alpha.1,WAV_London_2.zip,WAV_London_2/RegentsParkFields/RF127.wav,extracted/WAV_London_2/RegentsParkFields/RF127.wav,https://zenodo.org/api/records/10672568/files/WAV_London_2.zip/content,CC-BY-4.0,permitted_with_attribution,open,RF127,RegentsParkFields,9959313cad9880ed552f2b62d9089efd71b6a8ec45e880b39313bc8b9f12496f,10993722,WAV,44100,2,1374208,31.161179138321994,31.16,float32,source_metadata_review_pending,materialized,matched,True,Matched by normalized GroupID and LocationID.
isd_audio_f8820c7e940349a38da7,ISD,ISD_RegentsParkFields_RegentsParkFields1_RF128,train,https://doi.org/10.5281/zenodo.10672568,1.0.1-alpha.1,WAV_London_2.zip,WAV_London_2/RegentsParkFields/RF128.wav,extracted/WAV_London_2/RegentsParkFields/RF128.wav,https://zenodo.org/api/records/10672568/files/WAV_London_2.zip/content,CC-BY-4.0,permitted_with_attribution,open,RF128,RegentsParkFields,8244b3112770e15a5087a35311caaed3aafbcd16f7cf8fd759d7dfaaecbdd07a,12017722,WAV,44100,2,1502208,34.06367346938776,34.06,float32,source_metadata_review_pending,materialized,matched,True,Matched by normalized GroupID and LocationID.
isd_audio_55261cddba267ff129d3,ISD,ISD_RegentsParkFields_RegentsParkFields1_RF129,train,https://doi.org/10.5281/zenodo.10672568,1.0.1-alpha.1,WAV_London_2.zip,WAV_London_2/RegentsParkFields/RF129.wav,extracted/WAV_London_2/RegentsParkFields/RF129.wav,https://zenodo.org/api/records/10672568/files/WAV_London_2.zip/content,CC-BY-4.0,permitted_with_attribution,open,RF129,RegentsParkFields,e73a45cc2572b3b20863783eabfb095e85979c62cea146e458eda74d853581f7,12828730,WAV,44100,2,1603584,36.36244897959184,36.36,float32,source_metadata_review_pending,materialized,matched,True,Matched by normalized GroupID and LocationID.
isd_audio_e9d4a8ca7941ca33e5cd,ISD,ISD_RegentsParkFields_RegentsParkFields1_RF130,train,https://doi.org/10.5281/zenodo.10672568,1.0.1-alpha.1,WAV_London_2.zip,WAV_London_2/RegentsParkFields/RF130.wav,extracted/WAV_London_2/RegentsParkFields/RF130.wav,https://zenodo.org/api/records/10672568/files/WAV_London_2.zip/content,CC-BY-4.0,permitted_with_attribution,open,RF130,RegentsParkFields,8627eab21882b237f2775b2b49691a0313ea472afa2b1cad69c1352bd7e9b47a,10638746,WAV,44100,2,1329836,30.15501133786848,30.16,float32,source_metadata_review_pending,materialized,matched,True,Matched by normalized GroupID and LocationID.
isd_audio_7427db62271387edec85,ISD,ISD_RegentsParkFields_RegentsParkFields1_RF131,train,https://doi.org/10.5281/zenodo.10672568,1.0.1-alpha.1,WAV_London_2.zip,WAV_London_2/RegentsParkFields/RF131.wav,extracted/WAV_London_2/RegentsParkFields/RF131.wav,https://zenodo.org/api/records/10672568/files/WAV_London_2.zip/content,CC-BY-4.0,permitted_with_attribution,open,RF131,RegentsParkFields,35dcbde4f3b2160f06740871fe1a123388b048569ef8160c4d298b049b7baf68,11608122,WAV,44100,2,1451008,32.90267573696145,32.9,float32,source_metadata_review_pending,materialized,matched,True,Matched by normalized GroupID and LocationID.
isd_audio_caec2ec1e791298ba5d4,ISD,ISD_RegentsParkFields_RegentsParkFields1_RF132,train,https://doi.org/10.5281/zenodo.10672568,1.0.1-alpha.1,WAV_London_2.zip,WAV_London_2/RegentsParkFields/RF132.wav,extracted/WAV_London_2/RegentsParkFields/RF132.wav,https://zenodo.org/api/records/10672568/files/WAV_London_2.zip/content,CC-BY-4.0,permitted_with_attribution,open,RF132,RegentsParkFields,42e5b4dc8b02e33900f2faa2c2adb9534456ece3d504bb7d9ec0963770299ac5,11927610,WAV,44100,2,1490944,33.80825396825397,33.81,float32,source_metadata_review_pending,materialized,matched,True,Matched by normalized GroupID and LocationID.
isd_audio_a90f5f99f5a4eaec1eb7,ISD,ISD_RegentsParkFields_RegentsParkFields1_RF133,train,https://doi.org/10.5281/zenodo.10672568,1.0.1-alpha.1,WAV_London_2.zip,WAV_London_2/RegentsParkFields/RF133.wav,extracted/WAV_London_2/RegentsParkFields/RF133.wav,https://zenodo.org/api/records/10672568/files/WAV_London_2.zip/content,CC-BY-4.0,permitted_with_attribution,open,RF133,RegentsParkFields,78e3c37321c3388f155bc2735fed9dce621cfd4694fb00f6e129b6e4f94bfe0c,12673082,WAV,44100,2,1584128,35.92126984126984,35.92,float32,source_metadata_review_pending,materialized,matched,True,Matched by normalized GroupID and LocationID.
isd_audio_82e5495016ff18fc420c,ISD,ISD_RegentsParkFields_RegentsParkFields1_RF134,train,https://doi.org/10.5281/zenodo.10672568,1.0.1-alpha.1,WAV_London_2.zip,WAV_London_2/RegentsParkFields/RF134.wav,extracted/WAV_London_2/RegentsParkFields/RF134.wav,https://zenodo.org/api/records/10672568/files/WAV_London_2.zip/content,CC-BY-4.0,permitted_with_attribution,open,RF134,RegentsParkFields,c6090986d2d33b24a6a4a59dfbc3db92a7550778145d163114f8faaf2c8c3a40,12181562,WAV,44100,2,1522688,34.528072562358275,34.53,float32,source_metadata_review_pending,materialized,matched,True,Matched by normalized GroupID and LocationID.
isd_audio_missing_437ad0f7895b0326,ISD,ISD_RegentsParkFields_RegentsParkFields1_RF135,train,https://doi.org/10.5281/zenodo.10672568,1.0.1-alpha.1,WAV_Granada_1.zip;WAV_Groningen_1.zip;WAV_London_1.zip;WAV_London_2.zip;WAV_London_3.zip;WAV_London_4.zip;WAV_Venice_1.zip,,,https://doi.org/10.5281/zenodo.10672568,CC-BY-4.0,permitted_with_attribution,open,RF135,RegentsParkFields,,,,,,,,,,not_available,source_missing,missing_source_asset,False,MOSAIQ clip is in the archive location scope but no WAV candidate exists.
isd_audio_fe2cc3e905a7fbcb878a,ISD,ISD_RegentsParkFields_RegentsParkFields1_RF136,train,https://doi.org/10.5281/zenodo.10672568,1.0.1-alpha.1,WAV_London_2.zip,WAV_London_2/RegentsParkFields/RF136.wav,extracted/WAV_London_2/RegentsParkFields/RF136.wav,https://zenodo.org/api/records/10672568/files/WAV_London_2.zip/content,CC-BY-4.0,permitted_with_attribution,open,RF136,RegentsParkFields,f63c49744d09eea32f1063993b3e77a6c8cc21e110ab087a333e007c944a2033,12632122,WAV,44100,2,1579008,35.80517006802721,35.81,float32,source_metadata_review_pending,materialized,matched,True,Matched by normalized GroupID and LocationID.
isd_audio_6671990e3933d03d1e10,ISD,ISD_RegentsParkFields_RegentsParkFields1_RF137,train,https://doi.org/10.5281/zenodo.10672568,1.0.1-alpha.1,WAV_London_2.zip,WAV_London_2/RegentsParkFields/RF137.wav,extracted/WAV_London_2/RegentsParkFields/RF137.wav,https://zenodo.org/api/records/10672568/files/WAV_London_2.zip/content,CC-BY-4.0,permitted_with_attribution,open,RF137,RegentsParkFields,87bf6120ba427684614f1b9599a918d7e8a60086b2117d78f2d574c189f48d01,7596858,WAV,44100,2,949600,21.532879818594104,21.53,float32,source_metadata_review_pending,materialized,matched,True,Matched by normalized GroupID and LocationID.
isd_audio_667bdeb0ee3e061c7e5f,ISD,ISD_RegentsParkFields_RegentsParkFields1_RF139,train,https://doi.org/10.5281/zenodo.10672568,1.0.1-alpha.1,WAV_London_2.zip,WAV_London_2/RegentsParkFields/RF139.wav,extracted/WAV_London_2/RegentsParkFields/RF139.wav,https://zenodo.org/api/records/10672568/files/WAV_London_2.zip/content,CC-BY-4.0,permitted_with_attribution,open,RF139,RegentsParkFields,f9f436a48d361e8385be0974f53a436fd14791322df06e1b86405d3c81b3fe51,11468858,WAV,44100,2,1433600,32.507936507936506,32.51,float32,source_metadata_review_pending,materialized,matched,True,Matched by normalized GroupID and LocationID.
isd_audio_f3054ff57678be92a130,ISD,ISD_RegentsParkFields_RegentsParkFields1_RF140,train,https://doi.org/10.5281/zenodo.10672568,1.0.1-alpha.1,WAV_London_2.zip,WAV_London_2/RegentsParkFields/RF140.wav,extracted/WAV_London_2/RegentsParkFields/RF140.wav,https://zenodo.org/api/records/10672568/files/WAV_London_2.zip/content,CC-BY-4.0,permitted_with_attribution,open,RF140,RegentsParkFields,02ac93ebf84859bade0dc3e7ea73f25c148a77e9293fdb08eb5889227f7d918a,11335098,WAV,44100,2,1416880,32.128798185941044,32.13,float32,source_metadata_review_pending,materialized,matched,True,Matched by normalized GroupID and LocationID.
isd_audio_e1789c0b875ea2420a71,ISD,ISD_RegentsParkFields_RegentsParkFields1_RF141,train,https://doi.org/10.5281/zenodo.10672568,1.0.1-alpha.1,WAV_London_2.zip,WAV_London_2/RegentsParkFields/RF141.wav,extracted/WAV_London_2/RegentsParkFields/RF141.wav,https://zenodo.org/api/records/10672568/files/WAV_London_2.zip/content,CC-BY-4.0,permitted_with_attribution,open,RF141,RegentsParkFields,1da61c247517aeb81875e2235a548a861f8e0b71fa0b5905837d7dd5ceb0a418,12558394,WAV,44100,2,1569792,35.59619047619048,35.6,float32,source_metadata_review_pending,materialized,matched,True,Matched by normalized GroupID and LocationID.
isd_audio_missing_a260fbbe924339db,ISD,ISD_RegentsParkFields_RegentsParkFields1_RF142,train,https://doi.org/10.5281/zenodo.10672568,1.0.1-alpha.1,WAV_Granada_1.zip;WAV_Groningen_1.zip;WAV_London_1.zip;WAV_London_2.zip;WAV_London_3.zip;WAV_London_4.zip;WAV_Venice_1.zip,,,https://doi.org/10.5281/zenodo.10672568,CC-BY-4.0,permitted_with_attribution,open,RF142,RegentsParkFields,,,,,,,,,,not_available,source_missing,missing_source_asset,False,MOSAIQ clip is in the archive location scope but no WAV candidate exists.
isd_audio_56f2d7eb7f9078522fc6,ISD,ISD_RegentsParkFields_RegentsParkFields1_RF143,train,https://doi.org/10.5281/zenodo.10672568,1.0.1-alpha.1,WAV_London_2.zip,WAV_London_2/RegentsParkFields/RF143.wav,extracted/WAV_London_2/RegentsParkFields/RF143.wav,https://zenodo.org/api/records/10672568/files/WAV_London_2.zip/content,CC-BY-4.0,permitted_with_attribution,open,RF143,RegentsParkFields,8aafdef25da20ab09b15888988650991eb1329d24202992920e1805ed2518783,14890338,WAV,44100,2,1861285,42.20600907029478,42.21,float32,source_metadata_review_pending,materialized,matched,True,Matched by normalized GroupID and LocationID.
isd_audio_0abf8393746313983728,ISD,ISD_RegentsParkFields_RegentsParkFields2_RF201,train,https://doi.org/10.5281/zenodo.10672568,1.0.1-alpha.1,WAV_London_2.zip,WAV_London_2/RegentsParkFields/RF201.wav,extracted/WAV_London_2/RegentsParkFields/RF201.wav,https://zenodo.org/api/records/10672568/files/WAV_London_2.zip/content,CC-BY-4.0,permitted_with_attribution,open,RF201,RegentsParkFields,8e156a1be8c1111767dc0852f2727841bd6d5cef2462bbfb24b62a72641f2e78,14590010,WAV,44100,2,1823744,41.35473922902494,41.35,float32,source_metadata_review_pending,materialized,matched,True,Matched by normalized GroupID and LocationID.
isd_audio_missing_287957bb3abd8834,ISD,ISD_RegentsParkFields_RegentsParkFields2_RF202,train,https://doi.org/10.5281/zenodo.10672568,1.0.1-alpha.1,WAV_Granada_1.zip;WAV_Groningen_1.zip;WAV_London_1.zip;WAV_London_2.zip;WAV_London_3.zip;WAV_London_4.zip;WAV_Venice_1.zip,,,https://doi.org/10.5281/zenodo.10672568,CC-BY-4.0,permitted_with_attribution,open,RF202,RegentsParkFields,,,,,,,,,,not_available,source_missing,missing_source_asset,False,MOSAIQ clip is in the archive location scope but no WAV candidate exists.
isd_audio_6072823acb7bb9ec7af3,ISD,ISD_RegentsParkFields_RegentsParkFields2_RF203,train,https://doi.org/10.5281/zenodo.10672568,1.0.1-alpha.1,WAV_London_2.zip,WAV_London_2/RegentsParkFields/RF203.wav,extracted/WAV_London_2/RegentsParkFields/RF203.wav,https://zenodo.org/api/records/10672568/files/WAV_London_2.zip/content,CC-BY-4.0,permitted_with_attribution,open,RF203,RegentsParkFields,1867b32c78538ff011c6ab1b33c9a42af1832b7cb9459514a5c092e342283e92,9166906,WAV,44100,2,1145856,25.98312925170068,25.98,float32,source_metadata_review_pending,materialized,matched,True,Matched by normalized GroupID and LocationID.
isd_audio_1dab543dfb66bb51c970,ISD,ISD_RegentsParkFields_RegentsParkFields2_RF204,train,https://doi.org/10.5281/zenodo.10672568,1.0.1-alpha.1,WAV_London_2.zip,WAV_London_2/RegentsParkFields/RF204.wav,extracted/WAV_London_2/RegentsParkFields/RF204.wav,https://zenodo.org/api/records/10672568/files/WAV_London_2.zip/content,CC-BY-4.0,permitted_with_attribution,open,RF204,RegentsParkFields,bb8dd1074254c24c91c8f92b2ed42308430f61cc3c2022b76d8368cc724ec54a,12902458,WAV,44100,2,1612800,36.57142857142857,36.57,float32,source_metadata_review_pending,materialized,matched,True,Matched by normalized GroupID and LocationID.
isd_audio_0265b403106c0bf7daed,ISD,ISD_RegentsParkFields_RegentsParkFields2_RF205,train,https://doi.org/10.5281/zenodo.10672568,1.0.1-alpha.1,WAV_London_2.zip,WAV_London_2/RegentsParkFields/RF205.wav,extracted/WAV_London_2/RegentsParkFields/RF205.wav,https://zenodo.org/api/records/10672568/files/WAV_London_2.zip/content,CC-BY-4.0,permitted_with_attribution,open,RF205,RegentsParkFields,69d7c65c8596ed94525d270925bf7c257d571caa7916bfc9c4e06a9089fc2ddc,14524474,WAV,44100,2,1815552,41.16897959183674,41.17,float32,source_metadata_review_pending,materialized,matched,True,Matched by normalized GroupID and LocationID.
isd_audio_441a5b6e00907327d6a8,ISD,ISD_RegentsParkFields_RegentsParkFields2_RF206,train,https://doi.org/10.5281/zenodo.10672568,1.0.1-alpha.1,WAV_London_2.zip,WAV_London_2/RegentsParkFields/RF206.wav,extracted/WAV_London_2/RegentsParkFields/RF206.wav,https://zenodo.org/api/records/10672568/files/WAV_London_2.zip/content,CC-BY-4.0,permitted_with_attribution,open,RF206,RegentsParkFields,6035df6d3ab1b02a59f947ab5737e034b2265e632625f81af85edbe3ab23eec5,15638586,WAV,44100,2,1954816,44.32689342403628,44.33,float32,source_metadata_review_pending,materialized,matched,True,Matched by normalized GroupID and LocationID.
isd_audio_da57639b659fd0efc3ed,ISD,ISD_RegentsParkFields_RegentsParkFields2_RF207,train,https://doi.org/10.5281/zenodo.10672568,1.0.1-alpha.1,WAV_London_2.zip,WAV_London_2/RegentsParkFields/RF207.wav,extracted/WAV_London_2/RegentsParkFields/RF207.wav,https://zenodo.org/api/records/10672568/files/WAV_London_2.zip/content,CC-BY-4.0,permitted_with_attribution,open,RF207,RegentsParkFields,c9c2aa1f90d2514ac97bac0fba807aa16704d646e8bd21d4d5906c4e8cf60b9e,11108410,WAV,44100,2,1388544,31.48625850340136,31.49,float32,source_metadata_review_pending,materialized,matched,True,Matched by normalized GroupID and LocationID.
isd_audio_7de0559169767751755a,ISD,ISD_RegentsParkFields_RegentsParkFields2_RF208,train,https://doi.org/10.5281/zenodo.10672568,1.0.1-alpha.1,WAV_London_2.zip,WAV_London_2/RegentsParkFields/RF208.wav,extracted/WAV_London_2/RegentsParkFields/RF208.wav,https://zenodo.org/api/records/10672568/files/WAV_London_2.zip/content,CC-BY-4.0,permitted_with_attribution,open,RF208,RegentsParkFields,d2259ba5e7a47439567bbc6db518f44d827aef822773547da48145c420d0718c,14786618,WAV,44100,2,1848320,41.912018140589566,41.91,float32,source_metadata_review_pending,materialized,matched,True,Matched by normalized GroupID and LocationID.
isd_audio_9699712cbdf5e9b2a99f,ISD,ISD_RegentsParkFields_RegentsParkFields2_RF209,train,https://doi.org/10.5281/zenodo.10672568,1.0.1-alpha.1,WAV_London_2.zip,WAV_London_2/RegentsParkFields/RF209.wav,extracted/WAV_London_2/RegentsParkFields/RF209.wav,https://zenodo.org/api/records/10672568/files/WAV_London_2.zip/content,CC-BY-4.0,permitted_with_attribution,open,RF209,RegentsParkFields,7f30c233fc8fa005fd5f1e65adabbf5806b413951e678b064272b8070fb55d38,11214906,WAV,44100,2,1401856,31.7881179138322,31.79,float32,source_metadata_review_pending,materialized,matched,True,Matched by normalized GroupID and LocationID.
isd_audio_3dd71f4b9459fa76a891,ISD,ISD_RegentsParkFields_RegentsParkFields2_RF210,train,https://doi.org/10.5281/zenodo.10672568,1.0.1-alpha.1,WAV_London_2.zip,WAV_London_2/RegentsParkFields/RF210.wav,extracted/WAV_London_2/RegentsParkFields/RF210.wav,https://zenodo.org/api/records/10672568/files/WAV_London_2.zip/content,CC-BY-4.0,permitted_with_attribution,open,RF210,RegentsParkFields,0c6b18b26856819f4b2043897ff65da51b95509b644699166ae14b1563fb2f34,13353018,WAV,44100,2,1669120,37.8485260770975,37.85,float32,source_metadata_review_pending,materialized,matched,True,Matched by normalized GroupID and LocationID.
isd_audio_fe8883da945f81784425,ISD,ISD_RegentsParkFields_RegentsParkFields2_RF211,train,https://doi.org/10.5281/zenodo.10672568,1.0.1-alpha.1,WAV_London_2.zip,WAV_London_2/RegentsParkFields/RF211.wav,extracted/WAV_London_2/RegentsParkFields/RF211.wav,https://zenodo.org/api/records/10672568/files/WAV_London_2.zip/content,CC-BY-4.0,permitted_with_attribution,open,RF211,RegentsParkFields,d88b6658bae2f0d6c2120889f3c9d8bbfacaa124d0eb492c66c3a955794e8c5e,13328442,WAV,44100,2,1666048,37.77886621315193,37.78,float32,source_metadata_review_pending,materialized,matched,True,Matched by normalized GroupID and LocationID.
isd_audio_6bde741875b29f4b6485,ISD,ISD_RegentsParkFields_RegentsParkFields2_RF212,train,https://doi.org/10.5281/zenodo.10672568,1.0.1-alpha.1,WAV_London_2.zip,WAV_London_2/RegentsParkFields/RF212.wav,extracted/WAV_London_2/RegentsParkFields/RF212.wav,https://zenodo.org/api/records/10672568/files/WAV_London_2.zip/content,CC-BY-4.0,permitted_with_attribution,open,RF212,RegentsParkFields,dcb0da446b8cb04f089f9d9e758dddd64d3465e234f84244c2eb467c0e26e488,16891962,WAV,44100,2,2111488,47.87954648526077,47.88,float32,source_metadata_review_pending,materialized,matched,True,Matched by normalized GroupID and LocationID.
isd_audio_91947776eda13d3a1a06,ISD,ISD_RegentsParkFields_RegentsParkFields2_RF213,train,https://doi.org/10.5281/zenodo.10672568,1.0.1-alpha.1,WAV_London_2.zip,WAV_London_2/RegentsParkFields/RF213.wav,extracted/WAV_London_2/RegentsParkFields/RF213.wav,https://zenodo.org/api/records/10672568/files/WAV_London_2.zip/content,CC-BY-4.0,permitted_with_attribution,open,RF213,RegentsParkFields,2cb087365378947532a9409efec4358275d90e7da7d65e9536fe08508b53a64a,13000762,WAV,44100,2,1625088,36.85006802721088,36.85,float32,source_metadata_review_pending,materialized,matched,True,Matched by normalized GroupID and LocationID.
isd_audio_9ace2b00d547f58066a9,ISD,ISD_RegentsParkFields_RegentsParkFields2_RF214,train,https://doi.org/10.5281/zenodo.10672568,1.0.1-alpha.1,WAV_London_2.zip,WAV_London_2/RegentsParkFields/RF214.wav,extracted/WAV_London_2/RegentsParkFields/RF214.wav,https://zenodo.org/api/records/10672568/files/WAV_London_2.zip/content,CC-BY-4.0,permitted_with_attribution,open,RF214,RegentsParkFields,3ab1a0c581c07fa015c7442de0392b26232ea77b9c294222c8f08472c0e2dbac,12558394,WAV,44100,2,1569792,35.59619047619048,35.6,float32,source_metadata_review_pending,materialized,matched,True,Matched by normalized GroupID and LocationID.
isd_audio_297f53356f668b973d31,ISD,ISD_RegentsParkFields_RegentsParkFields2_RF215,train,https://doi.org/10.5281/zenodo.10672568,1.0.1-alpha.1,WAV_London_2.zip,WAV_London_2/RegentsParkFields/RF215.wav,extracted/WAV_London_2/RegentsParkFields/RF215.wav,https://zenodo.org/api/records/10672568/files/WAV_London_2.zip/content,CC-BY-4.0,permitted_with_attribution,open,RF215,RegentsParkFields,d75dc6b1fa4815610c2eb5198d94dab73cbb4d5ba1ac8792475464f77a7c635e,14852154,WAV,44100,2,1856512,42.09777777777778,42.1,float32,source_metadata_review_pending,materialized,matched,True,Matched by normalized GroupID and LocationID.
isd_audio_f0010a51d2e3b53c16fc,ISD,ISD_RegentsParkFields_RegentsParkFields2_RF216,train,https://doi.org/10.5281/zenodo.10672568,1.0.1-alpha.1,WAV_London_2.zip,WAV_London_2/RegentsParkFields/RF216.wav,extracted/WAV_London_2/RegentsParkFields/RF216.wav,https://zenodo.org/api/records/10672568/files/WAV_London_2.zip/content,CC-BY-4.0,permitted_with_attribution,open,RF216,RegentsParkFields,d60c15624370cbabfe18d852ac0217f92677db6dca2aa020dc6834b45f6973ea,12238906,WAV,44100,2,1529856,34.690612244897956,34.69,float32,source_metadata_review_pending,materialized,matched,True,Matched by normalized GroupID and LocationID.
isd_audio_0a88650cd6d3f80fa586,ISD,ISD_RegentsParkFields_RegentsParkFields2_RF217,train,https://doi.org/10.5281/zenodo.10672568,1.0.1-alpha.1,WAV_London_2.zip,WAV_London_2/RegentsParkFields/RF217.wav,extracted/WAV_London_2/RegentsParkFields/RF217.wav,https://zenodo.org/api/records/10672568/files/WAV_London_2.zip/content,CC-BY-4.0,permitted_with_attribution,open,RF217,RegentsParkFields,8648c6d3fb19bd1ad3dd1f19612541266f3d30dab3db3f3af442338eff820cdf,15671354,WAV,44100,2,1958912,44.419773242630384,44.42,float32,source_metadata_review_pending,materialized,matched,True,Matched by normalized GroupID and LocationID.
isd_audio_800b008641d805ce2db0,ISD,ISD_RegentsParkFields_RegentsParkFields2_RF218,train,https://doi.org/10.5281/zenodo.10672568,1.0.1-alpha.1,WAV_London_2.zip,WAV_London_2/RegentsParkFields/RF218.wav,extracted/WAV_London_2/RegentsParkFields/RF218.wav,https://zenodo.org/api/records/10672568/files/WAV_London_2.zip/content,CC-BY-4.0,permitted_with_attribution,open,RF218,RegentsParkFields,213ee5d72d2962f0221c8ce2e8756b3086909b05aeef95036ad2fa1a38188e2f,17956922,WAV,44100,2,2244608,50.89814058956916,50.9,float32,source_metadata_review_pending,materialized,matched,True,Matched by normalized GroupID and LocationID.
isd_audio_7ee90dfa63701abd45aa,ISD,ISD_RegentsParkFields_RegentsParkFields2_RF219,train,https://doi.org/10.5281/zenodo.10672568,1.0.1-alpha.1,WAV_London_2.zip,WAV_London_2/RegentsParkFields/RF219.wav,extracted/WAV_London_2/RegentsParkFields/RF219.wav,https://zenodo.org/api/records/10672568/files/WAV_London_2.zip/content,CC-BY-4.0,permitted_with_attribution,open,RF219,RegentsParkFields,76237731df9f201ec41c35e95c468305c0e17fc1a1157d273f36dbc8ecaaeffa,12935226,WAV,44100,2,1616896,36.664308390022676,36.66,float32,source_metadata_review_pending,materialized,matched,True,Matched by normalized GroupID and LocationID.
isd_audio_b1b0b8e5c7795b038694,ISD,ISD_RegentsParkFields_RegentsParkFields2_RF220,train,https://doi.org/10.5281/zenodo.10672568,1.0.1-alpha.1,WAV_London_2.zip,WAV_London_2/RegentsParkFields/RF220.wav,extracted/WAV_London_2/RegentsParkFields/RF220.wav,https://zenodo.org/api/records/10672568/files/WAV_London_2.zip/content,CC-BY-4.0,permitted_with_attribution,open,RF220,RegentsParkFields,cbfbe92b23eefa1bf5f31d0546cc481acb5c706e258179be06a7bfb13ecabe9f,20824122,WAV,44100,2,2603008,59.025124716553286,59.03,float32,source_metadata_review_pending,materialized,matched,True,Matched by normalized GroupID and LocationID.
isd_audio_233690d4e7cedac7394d,ISD,ISD_RegentsParkFields_RegentsParkFields2_RF221,train,https://doi.org/10.5281/zenodo.10672568,1.0.1-alpha.1,WAV_London_2.zip,WAV_London_2/RegentsParkFields/RF221.wav,extracted/WAV_London_2/RegentsParkFields/RF221.wav,https://zenodo.org/api/records/10672568/files/WAV_London_2.zip/content,CC-BY-4.0,permitted_with_attribution,open,RF221,RegentsParkFields,91d557fe18dcca5da20328e4b53c0bcfbfa67d7387792b7617c7d32a86c6fd83,18513978,WAV,44100,2,2314240,52.47709750566894,52.48,float32,source_metadata_review_pending,materialized,matched,True,Matched by normalized GroupID and LocationID.
isd_audio_missing_4ee2b7c768a79e84,ISD,ISD_RegentsParkFields_RegentsParkFields2_RF222,train,https://doi.org/10.5281/zenodo.10672568,1.0.1-alpha.1,WAV_Granada_1.zip;WAV_Groningen_1.zip;WAV_London_1.zip;WAV_London_2.zip;WAV_London_3.zip;WAV_London_4.zip;WAV_Venice_1.zip,,,https://doi.org/10.5281/zenodo.10672568,CC-BY-4.0,permitted_with_attribution,open,RF222,RegentsParkFields,,,,,,,,50.09,,not_available,source_missing,missing_source_asset,False,MOSAIQ clip is in the archive location scope but no WAV candidate exists.
isd_audio_missing_101955474b6868fb,ISD,ISD_RegentsParkFields_RegentsParkFields2_RF222 ,excluded,https://doi.org/10.5281/zenodo.10672568,1.0.1-alpha.1,WAV_Granada_1.zip;WAV_Groningen_1.zip;WAV_London_1.zip;WAV_London_2.zip;WAV_London_3.zip;WAV_London_4.zip;WAV_Venice_1.zip,,,https://doi.org/10.5281/zenodo.10672568,CC-BY-4.0,permitted_with_attribution,open,RF222,RegentsParkFields,,,,,,,,,,not_available,source_missing,missing_source_asset,False,MOSAIQ clip is in the archive location scope but no WAV candidate exists.
isd_audio_cc28962adbf8575b3621,ISD,ISD_RegentsParkFields_RegentsParkFields2_RF223,train,https://doi.org/10.5281/zenodo.10672568,1.0.1-alpha.1,WAV_London_2.zip,WAV_London_2/RegentsParkFields/RF223.wav,extracted/WAV_London_2/RegentsParkFields/RF223.wav,https://zenodo.org/api/records/10672568/files/WAV_London_2.zip/content,CC-BY-4.0,permitted_with_attribution,open,RF223,RegentsParkFields,bd95b838ae73f7afd5b0bab14a69221953c62bd4c0f14949810d22b08cc67cde,15786042,WAV,44100,2,1973248,44.74485260770975,44.74,float32,source_metadata_review_pending,materialized,matched,True,Matched by normalized GroupID and LocationID.
isd_audio_1d0ddc1962efe4ce3ec4,ISD,ISD_RegentsParkFields_RegentsParkFields2_RF225,train,https://doi.org/10.5281/zenodo.10672568,1.0.1-alpha.1,WAV_London_2.zip,WAV_London_2/RegentsParkFields/RF225.wav,extracted/WAV_London_2/RegentsParkFields/RF225.wav,https://zenodo.org/api/records/10672568/files/WAV_London_2.zip/content,CC-BY-4.0,permitted_with_attribution,open,RF225,RegentsParkFields,258568e73e22293e048ca4c29eab12f3e8a04fe3a55b702d4a4066205182613e,12083258,WAV,44100,2,1510400,34.249433106575964,34.25,float32,source_metadata_review_pending,materialized,matched,True,Matched by normalized GroupID and LocationID.
isd_audio_bf3f3bc5767637157cb0,ISD,ISD_RegentsParkFields_RegentsParkFields2_RF227,train,https://doi.org/10.5281/zenodo.10672568,1.0.1-alpha.1,WAV_London_2.zip,WAV_London_2/RegentsParkFields/RF227.wav,extracted/WAV_London_2/RegentsParkFields/RF227.wav,https://zenodo.org/api/records/10672568/files/WAV_London_2.zip/content,CC-BY-4.0,permitted_with_attribution,open,RF227,RegentsParkFields,06b90589ef05175fd4feb81abf70ad1846fdeb458508699ec6c9c40c7b6d63db,16818234,WAV,44100,2,2102272,47.67056689342404,47.67,float32,source_metadata_review_pending,materialized,matched,True,Matched by normalized GroupID and LocationID.
isd_audio_missing_8ff1374095153564,ISD,ISD_RegentsParkJapan_RegentsParkJapan1_RP101,train,https://doi.org/10.5281/zenodo.10672568,1.0.1-alpha.1,WAV_Granada_1.zip;WAV_Groningen_1.zip;WAV_London_1.zip;WAV_London_2.zip;WAV_London_3.zip;WAV_London_4.zip;WAV_Venice_1.zip,,,https://doi.org/10.5281/zenodo.10672568,CC-BY-4.0,permitted_with_attribution,open,RP101,RegentsParkJapan,,,,,,,,,,not_available,source_missing,missing_source_asset,False,MOSAIQ clip is in the archive location scope but no WAV candidate exists.
isd_audio_031c8d1fd342243ff418,ISD,ISD_RegentsParkJapan_RegentsParkJapan1_RP102,train,https://doi.org/10.5281/zenodo.10672568,1.0.1-alpha.1,WAV_London_2.zip,WAV_London_2/RegentsParkJapan/RP102.wav,extracted/WAV_London_2/RegentsParkJapan/RP102.wav,https://zenodo.org/api/records/10672568/files/WAV_London_2.zip/content,CC-BY-4.0,permitted_with_attribution,open,RP102,RegentsParkJapan,b3d3f54a50e9cef681301934050d6b04c4d71f921899f1829e1c96ebf260e1c8,12615738,WAV,48000,2,1576960,32.85333333333333,32.85,float32,source_metadata_review_pending,materialized,matched,True,Matched by normalized GroupID and LocationID.
isd_audio_4339f013605be546c5e2,ISD,ISD_RegentsParkJapan_RegentsParkJapan1_RP103,train,https://doi.org/10.5281/zenodo.10672568,1.0.1-alpha.1,WAV_London_2.zip,WAV_London_2/RegentsParkJapan/RP103.wav,extracted/WAV_London_2/RegentsParkJapan/RP103.wav,https://zenodo.org/api/records/10672568/files/WAV_London_2.zip/content,CC-BY-4.0,permitted_with_attribution,open,RP103,RegentsParkJapan,d9c4fa0f272d2cd9016381d678fed16535614876d69e634e063d257cd5aa73b1,8448058,WAV,48000,2,1056000,22.0,22.0,float32,source_metadata_review_pending,materialized,matched,True,Matched by normalized GroupID and LocationID.
isd_audio_1cc08240128ad167d121,ISD,ISD_RegentsParkJapan_RegentsParkJapan1_RP105,train,https://doi.org/10.5281/zenodo.10672568,1.0.1-alpha.1,WAV_London_2.zip,WAV_London_2/RegentsParkJapan/RP105.wav,extracted/WAV_London_2/RegentsParkJapan/RP105.wav,https://zenodo.org/api/records/10672568/files/WAV_London_2.zip/content,CC-BY-4.0,permitted_with_attribution,open,RP105,RegentsParkJapan,8201de0c81f2a9c6476dadfdfc56b50b4b164d99fd1322488b062cd0c3c97430,19628090,WAV,48000,2,2453504,51.114666666666665,51.11,float32,source_metadata_review_pending,materialized,matched,True,Matched by normalized GroupID and LocationID.
isd_audio_missing_b93073f1bf50b1ca,ISD,ISD_RegentsParkJapan_RegentsParkJapan1_RP107,train,https://doi.org/10.5281/zenodo.10672568,1.0.1-alpha.1,WAV_Granada_1.zip;WAV_Groningen_1.zip;WAV_London_1.zip;WAV_London_2.zip;WAV_London_3.zip;WAV_London_4.zip;WAV_Venice_1.zip,,,https://doi.org/10.5281/zenodo.10672568,CC-BY-4.0,permitted_with_attribution,open,RP107,RegentsParkJapan,,,,,,,,,,not_available,source_missing,missing_source_asset,False,MOSAIQ clip is in the archive location scope but no WAV candidate exists.
isd_audio_6b25a5095fee557217c7,ISD,ISD_RegentsParkJapan_RegentsParkJapan1_RP108,train,https://doi.org/10.5281/zenodo.10672568,1.0.1-alpha.1,WAV_London_2.zip,WAV_London_2/RegentsParkJapan/RP108.wav,extracted/WAV_London_2/RegentsParkJapan/RP108.wav,https://zenodo.org/api/records/10672568/files/WAV_London_2.zip/content,CC-BY-4.0,permitted_with_attribution,open,RP108,RegentsParkJapan,69bb16df266671f402de4832b8e6a3692dd7fd5a1130eaa439c6209f3b72e18e,12107834,WAV,48000,2,1513472,31.530666666666665,31.53,float32,source_metadata_review_pending,materialized,matched,True,Matched by normalized GroupID and LocationID.
isd_audio_08ac2bb258ad609a02f7,ISD,ISD_RegentsParkJapan_RegentsParkJapan1_RP110,train,https://doi.org/10.5281/zenodo.10672568,1.0.1-alpha.1,WAV_London_2.zip,WAV_London_2/RegentsParkJapan/RP110.wav,extracted/WAV_London_2/RegentsParkJapan/RP110.wav,https://zenodo.org/api/records/10672568/files/WAV_London_2.zip/content,CC-BY-4.0,permitted_with_attribution,open,RP110,RegentsParkJapan,7387e3a2d2c78966bdab8827bb97535ec9b0a857eb009610410857378b00432a,19906618,WAV,48000,2,2488320,51.84,51.84,float32,source_metadata_review_pending,materialized,matched,True,Matched by normalized GroupID and LocationID.
isd_audio_missing_54f8434d44c2db99,ISD,ISD_RegentsParkJapan_RegentsParkJapan1_RP111,train,https://doi.org/10.5281/zenodo.10672568,1.0.1-alpha.1,WAV_Granada_1.zip;WAV_Groningen_1.zip;WAV_London_1.zip;WAV_London_2.zip;WAV_London_3.zip;WAV_London_4.zip;WAV_Venice_1.zip,,,https://doi.org/10.5281/zenodo.10672568,CC-BY-4.0,permitted_with_attribution,open,RP111,RegentsParkJapan,,,,,,,,,,not_available,source_missing,missing_source_asset,False,MOSAIQ clip is in the archive location scope but no WAV candidate exists.
isd_audio_missing_58dde053cb7056fb,ISD,ISD_RegentsParkJapan_RegentsParkJapan1_RP112,train,https://doi.org/10.5281/zenodo.10672568,1.0.1-alpha.1,WAV_Granada_1.zip;WAV_Groningen_1.zip;WAV_London_1.zip;WAV_London_2.zip;WAV_London_3.zip;WAV_London_4.zip;WAV_Venice_1.zip,,,https://doi.org/10.5281/zenodo.10672568,CC-BY-4.0,permitted_with_attribution,open,RP112,RegentsParkJapan,,,,,,,,,,not_available,source_missing,missing_source_asset,False,MOSAIQ clip is in the archive location scope but no WAV candidate exists.
isd_audio_f80bf3b32c44758a7be7,ISD,ISD_RegentsParkJapan_RegentsParkJapan1_RP113,train,https://doi.org/10.5281/zenodo.10672568,1.0.1-alpha.1,WAV_London_2.zip,WAV_London_2/RegentsParkJapan/RP113.wav,extracted/WAV_London_2/RegentsParkJapan/RP113.wav,https://zenodo.org/api/records/10672568/files/WAV_London_2.zip/content,CC-BY-4.0,permitted_with_attribution,open,RP113,RegentsParkJapan,00762da2b0fe92f02b0e5621d26b07da60c996b3435de4aa2defd97d75bc63e2,12550202,WAV,48000,2,1568768,32.68266666666667,32.68,float32,source_metadata_review_pending,materialized,matched,True,Matched by normalized GroupID and LocationID.
isd_audio_03f74c783a556cec974f,ISD,ISD_RegentsParkJapan_RegentsParkJapan1_RP114,train,https://doi.org/10.5281/zenodo.10672568,1.0.1-alpha.1,WAV_London_2.zip,WAV_London_2/RegentsParkJapan/RP114.wav,extracted/WAV_London_2/RegentsParkJapan/RP114.wav,https://zenodo.org/api/records/10672568/files/WAV_London_2.zip/content,CC-BY-4.0,permitted_with_attribution,open,RP114,RegentsParkJapan,d3146beae2f2664182f0581ee1e2f9fbc9dfaeba479541531310825f02755b58,18071610,WAV,48000,2,2258944,47.06133333333333,47.06,float32,source_metadata_review_pending,materialized,matched,True,Matched by normalized GroupID and LocationID.
isd_audio_48461e8e2f7bb8c4374f,ISD,ISD_RegentsParkJapan_RegentsParkJapan1_RP116,train,https://doi.org/10.5281/zenodo.10672568,1.0.1-alpha.1,WAV_London_2.zip,WAV_London_2/RegentsParkJapan/RP116.wav,extracted/WAV_London_2/RegentsParkJapan/RP116.wav,https://zenodo.org/api/records/10672568/files/WAV_London_2.zip/content,CC-BY-4.0,permitted_with_attribution,open,RP116,RegentsParkJapan,14f3148dcf192e8076100c743f12743fd651d76a74f09876dfb36b27e11e7e94,20496442,WAV,48000,2,2562048,53.376,53.38,float32,source_metadata_review_pending,materialized,matched,True,Matched by normalized GroupID and LocationID.
isd_audio_c5fc82207b4ae051226d,ISD,ISD_RegentsParkJapan_RegentsParkJapan1_RP117,train,https://doi.org/10.5281/zenodo.10672568,1.0.1-alpha.1,WAV_London_2.zip,WAV_London_2/RegentsParkJapan/RP117.wav,extracted/WAV_London_2/RegentsParkJapan/RP117.wav,https://zenodo.org/api/records/10672568/files/WAV_London_2.zip/content,CC-BY-4.0,permitted_with_attribution,open,RP117,RegentsParkJapan,45530faa2f71e5fb87dfe638a65c9f3d4892ac91d6f76a46d0223098a08b73b8,14565434,WAV,48000,2,1820672,37.93066666666667,37.93,float32,source_metadata_review_pending,materialized,matched,True,Matched by normalized GroupID and LocationID.
isd_audio_81567d5cf7f75d8235b6,ISD,ISD_RegentsParkJapan_RegentsParkJapan1_RP118,train,https://doi.org/10.5281/zenodo.10672568,1.0.1-alpha.1,WAV_London_2.zip,WAV_London_2/RegentsParkJapan/RP118.wav,extracted/WAV_London_2/RegentsParkJapan/RP118.wav,https://zenodo.org/api/records/10672568/files/WAV_London_2.zip/content,CC-BY-4.0,permitted_with_attribution,open,RP118,RegentsParkJapan,adb28273ece8341fdfed7204c3b358e91f0da5d02dcc10efbfd3e75da1bc8833,12861498,WAV,48000,2,1607680,33.49333333333333,33.49,float32,source_metadata_review_pending,materialized,matched,True,Matched by normalized GroupID and LocationID.
isd_audio_e952782ed63efac93b88,ISD,ISD_RegentsParkJapan_RegentsParkJapan1_RP120,train,https://doi.org/10.5281/zenodo.10672568,1.0.1-alpha.1,WAV_London_2.zip,WAV_London_2/RegentsParkJapan/RP120.wav,extracted/WAV_London_2/RegentsParkJapan/RP120.wav,https://zenodo.org/api/records/10672568/files/WAV_London_2.zip/content,CC-BY-4.0,permitted_with_attribution,open,RP120,RegentsParkJapan,ed346cad479107b55dbb5ce1ee0aff4bf0023cc529135e7c9836134a022a6e63,16285754,WAV,48000,2,2035712,42.410666666666664,42.41,float32,source_metadata_review_pending,materialized,matched,True,Matched by normalized GroupID and LocationID.
isd_audio_813bd1eb1c1c95a5c382,ISD,ISD_RegentsParkJapan_RegentsParkJapan1_RP121,train,https://doi.org/10.5281/zenodo.10672568,1.0.1-alpha.1,WAV_London_2.zip,WAV_London_2/RegentsParkJapan/RP121.wav,extracted/WAV_London_2/RegentsParkJapan/RP121.wav,https://zenodo.org/api/records/10672568/files/WAV_London_2.zip/content,CC-BY-4.0,permitted_with_attribution,open,RP121,RegentsParkJapan,bd8cf097fa819088472551d0134a86e1d10c9381c58b9ac7f4c17192ab76474b,12091450,WAV,48000,2,1511424,31.488,31.49,float32,source_metadata_review_pending,materialized,matched,True,Matched by normalized GroupID and LocationID.
isd_audio_bb182d7b76adc23e7d2d,ISD,ISD_RegentsParkJapan_RegentsParkJapan1_RP122,train,https://doi.org/10.5281/zenodo.10672568,1.0.1-alpha.1,WAV_London_2.zip,WAV_London_2/RegentsParkJapan/RP122.wav,extracted/WAV_London_2/RegentsParkJapan/RP122.wav,https://zenodo.org/api/records/10672568/files/WAV_London_2.zip/content,CC-BY-4.0,permitted_with_attribution,open,RP122,RegentsParkJapan,2305db1531d779b08c9f9380da9fae2a08fe2a05bc5638233b56e0bc797054d1,11731002,WAV,48000,2,1466368,30.549333333333333,30.55,float32,source_metadata_review_pending,materialized,matched,True,Matched by normalized GroupID and LocationID.
isd_audio_cee9a73ca5a230089921,ISD,ISD_RegentsParkJapan_RegentsParkJapan1_RP123,train,https://doi.org/10.5281/zenodo.10672568,1.0.1-alpha.1,WAV_London_2.zip,WAV_London_2/RegentsParkJapan/RP123.wav,extracted/WAV_London_2/RegentsParkJapan/RP123.wav,https://zenodo.org/api/records/10672568/files/WAV_London_2.zip/content,CC-BY-4.0,permitted_with_attribution,open,RP123,RegentsParkJapan,7d27940f9690fb0c3356f05186b9a7775d3995621a6df75bf49a4ec2e84d9e59,12107834,WAV,48000,2,1513472,31.530666666666665,31.53,float32,source_metadata_review_pending,materialized,matched,True,Matched by normalized GroupID and LocationID.
isd_audio_399f827ed222e07fd8ab,ISD,ISD_RegentsParkJapan_RegentsParkJapan1_RP124,train,https://doi.org/10.5281/zenodo.10672568,1.0.1-alpha.1,WAV_London_2.zip,WAV_London_2/RegentsParkJapan/RP124.wav,extracted/WAV_London_2/RegentsParkJapan/RP124.wav,https://zenodo.org/api/records/10672568/files/WAV_London_2.zip/content,CC-BY-4.0,permitted_with_attribution,open,RP124,RegentsParkJapan,d5cd36769a906f85becf0b6eb7a2c08ea8e1388381aa4071f10485fd645cc21b,10944058,WAV,48000,2,1368000,28.5,28.5,float32,source_metadata_review_pending,materialized,matched,True,Matched by normalized GroupID and LocationID.
isd_audio_734ed1130da873611b00,ISD,ISD_RegentsParkJapan_RegentsParkJapan1_RP125,train,https://doi.org/10.5281/zenodo.10672568,1.0.1-alpha.1,WAV_London_2.zip,WAV_London_2/RegentsParkJapan/RP125.wav,extracted/WAV_London_2/RegentsParkJapan/RP125.wav,https://zenodo.org/api/records/10672568/files/WAV_London_2.zip/content,CC-BY-4.0,permitted_with_attribution,open,RP125,RegentsParkJapan,d1071d76ead459d3139ed930c68abdd92a9bb28bc824152c6a65d28dbb51381c,15237178,WAV,48000,2,1904640,39.68,39.68,float32,source_metadata_review_pending,materialized,matched,True,Matched by normalized GroupID and LocationID.
isd_audio_cfd3465336de07e82167,ISD,ISD_RegentsParkJapan_RegentsParkJapan1_RP126,train,https://doi.org/10.5281/zenodo.10672568,1.0.1-alpha.1,WAV_London_2.zip,WAV_London_2/RegentsParkJapan/RP126.wav,extracted/WAV_London_2/RegentsParkJapan/RP126.wav,https://zenodo.org/api/records/10672568/files/WAV_London_2.zip/content,CC-BY-4.0,permitted_with_attribution,open,RP126,RegentsParkJapan,37c78b25bb9cd569b7ba104d297f5ffbd9dd47c715e3e2fec0b12d33293adb01,13140026,WAV,48000,2,1642496,34.218666666666664,34.22,float32,source_metadata_review_pending,materialized,matched,True,Matched by normalized GroupID and LocationID.
isd_audio_8fdd55fbfa2ac5e45651,ISD,ISD_RegentsParkJapan_RegentsParkJapan1_RP127,train,https://doi.org/10.5281/zenodo.10672568,1.0.1-alpha.1,WAV_London_2.zip,WAV_London_2/RegentsParkJapan/RP127.wav,extracted/WAV_London_2/RegentsParkJapan/RP127.wav,https://zenodo.org/api/records/10672568/files/WAV_London_2.zip/content,CC-BY-4.0,permitted_with_attribution,open,RP127,RegentsParkJapan,52cbc1a527c823b806e04bd38e148f98766dd0bb631c09e1a768004a770104d5,13860922,WAV,48000,2,1732608,36.096,36.1,float32,source_metadata_review_pending,materialized,matched,True,Matched by normalized GroupID and LocationID.
isd_audio_d760cd7c840163e82069,ISD,ISD_RegentsParkJapan_RegentsParkJapan1_RP128,train,https://doi.org/10.5281/zenodo.10672568,1.0.1-alpha.1,WAV_London_2.zip,WAV_London_2/RegentsParkJapan/RP128.wav,extracted/WAV_London_2/RegentsParkJapan/RP128.wav,https://zenodo.org/api/records/10672568/files/WAV_London_2.zip/content,CC-BY-4.0,permitted_with_attribution,open,RP128,RegentsParkJapan,74dae632295c5466f71faaced820a743be3ae6a183c864b88ca90b39bef248cb,9446434,WAV,48000,2,1180797,24.5999375,24.6,float32,source_metadata_review_pending,materialized,matched,True,Matched by normalized GroupID and LocationID.
isd_audio_0f4caa20113ad63af786,ISD,ISD_RegentsParkJapan_RegentsParkJapan1_RP129,train,https://doi.org/10.5281/zenodo.10672568,1.0.1-alpha.1,WAV_London_2.zip,WAV_London_2/RegentsParkJapan/RP129.wav,extracted/WAV_London_2/RegentsParkJapan/RP129.wav,https://zenodo.org/api/records/10672568/files/WAV_London_2.zip/content,CC-BY-4.0,permitted_with_attribution,open,RP129,RegentsParkJapan,1e1d1654b43a9ffb54a874ea4c765ff0ec01f80e0d0c2fb55986bd247dc8eaad,14286906,WAV,48000,2,1785856,37.205333333333336,37.21,float32,source_metadata_review_pending,materialized,matched,True,Matched by normalized GroupID and LocationID.
isd_audio_905af34da1c65483d431,ISD,ISD_RegentsParkJapan_RegentsParkJapan1_RP130,train,https://doi.org/10.5281/zenodo.10672568,1.0.1-alpha.1,WAV_London_2.zip,WAV_London_2/RegentsParkJapan/RP130.wav,extracted/WAV_London_2/RegentsParkJapan/RP130.wav,https://zenodo.org/api/records/10672568/files/WAV_London_2.zip/content,CC-BY-4.0,permitted_with_attribution,open,RP130,RegentsParkJapan,973ec001885cf07e729bd6b80f78ae6cba85012881866a26bdd04139ba402b0b,12435514,WAV,48000,2,1554432,32.384,32.38,float32,source_metadata_review_pending,materialized,matched,True,Matched by normalized GroupID and LocationID.
isd_audio_d06e98146541f1aba763,ISD,ISD_RegentsParkJapan_RegentsParkJapan1_RP131,train,https://doi.org/10.5281/zenodo.10672568,1.0.1-alpha.1,WAV_London_2.zip,WAV_London_2/RegentsParkJapan/RP131.wav,extracted/WAV_London_2/RegentsParkJapan/RP131.wav,https://zenodo.org/api/records/10672568/files/WAV_London_2.zip/content,CC-BY-4.0,permitted_with_attribution,open,RP131,RegentsParkJapan,282b1f1d066b9b429250e4e395a20faa1c3fe4524af882995267280534edd8ba,17170490,WAV,48000,2,2146304,44.714666666666666,44.71,float32,source_metadata_review_pending,materialized,matched,True,Matched by normalized GroupID and LocationID.
isd_audio_5ea010bb432c98e36fbe,ISD,ISD_RegentsParkJapan_RegentsParkJapan1_RP132,train,https://doi.org/10.5281/zenodo.10672568,1.0.1-alpha.1,WAV_London_2.zip,WAV_London_2/RegentsParkJapan/RP132.wav,extracted/WAV_London_2/RegentsParkJapan/RP132.wav,https://zenodo.org/api/records/10672568/files/WAV_London_2.zip/content,CC-BY-4.0,permitted_with_attribution,open,RP132,RegentsParkJapan,f539a2e36e052fed1eae38b88ba723cfd937ce58043b6356ecae01f7dd8f9664,16269370,WAV,48000,2,2033664,42.368,42.37,float32,source_metadata_review_pending,materialized,matched,True,Matched by normalized GroupID and LocationID.
isd_audio_fecc2514750c045cbf0d,ISD,ISD_RegentsParkJapan_RegentsParkJapan1_RP133,train,https://doi.org/10.5281/zenodo.10672568,1.0.1-alpha.1,WAV_London_2.zip,WAV_London_2/RegentsParkJapan/RP133.wav,extracted/WAV_London_2/RegentsParkJapan/RP133.wav,https://zenodo.org/api/records/10672568/files/WAV_London_2.zip/content,CC-BY-4.0,permitted_with_attribution,open,RP133,RegentsParkJapan,3caa145bce6b46762eaffc749e8e74c223a0e8df69edc8ba7f8d568ab7554ddd,13271098,WAV,48000,2,1658880,34.56,34.56,float32,source_metadata_review_pending,materialized,matched,True,Matched by normalized GroupID and LocationID.
isd_audio_9afc9eb9c12a9bb168a3,ISD,ISD_RegentsParkJapan_RegentsParkJapan1_RP135,train,https://doi.org/10.5281/zenodo.10672568,1.0.1-alpha.1,WAV_London_2.zip,WAV_London_2/RegentsParkJapan/RP135.wav,extracted/WAV_London_2/RegentsParkJapan/RP135.wav,https://zenodo.org/api/records/10672568/files/WAV_London_2.zip/content,CC-BY-4.0,permitted_with_attribution,open,RP135,RegentsParkJapan,ee1a48eeeb5e250e2925451ce82036267ceeea2f8814d59503676af1b39cd64a,19202106,WAV,48000,2,2400256,50.00533333333333,50.01,float32,source_metadata_review_pending,materialized,matched,True,Matched by normalized GroupID and LocationID.
isd_audio_57d9bb005154367cdbab,ISD,ISD_RegentsParkJapan_RegentsParkJapan1_RP136,train,https://doi.org/10.5281/zenodo.10672568,1.0.1-alpha.1,WAV_London_2.zip,WAV_London_2/RegentsParkJapan/RP136.wav,extracted/WAV_London_2/RegentsParkJapan/RP136.wav,https://zenodo.org/api/records/10672568/files/WAV_London_2.zip/content,CC-BY-4.0,permitted_with_attribution,open,RP136,RegentsParkJapan,fbd91aa85ec2b9172bd0b9ed42a08c3de62fe06bca7fce5a6729f43008a40a26,13418554,WAV,48000,2,1677312,34.944,34.94,float32,source_metadata_review_pending,materialized,matched,True,Matched by normalized GroupID and LocationID.
isd_audio_9b1dbc93617ee8d7d679,ISD,ISD_RegentsParkJapan_RegentsParkJapan1_RP137,train,https://doi.org/10.5281/zenodo.10672568,1.0.1-alpha.1,WAV_London_2.zip,WAV_London_2/RegentsParkJapan/RP137.wav,extracted/WAV_London_2/RegentsParkJapan/RP137.wav,https://zenodo.org/api/records/10672568/files/WAV_London_2.zip/content,CC-BY-4.0,permitted_with_attribution,open,RP137,RegentsParkJapan,704ccf53f85db827688ab514c0540e9e4b6cdad2bbcc65217b1f738384eef07e,12435514,WAV,48000,2,1554432,32.384,32.38,float32,source_metadata_review_pending,materialized,matched,True,Matched by normalized GroupID and LocationID.
isd_audio_0efa99500a29d93de4d4,ISD,ISD_RegentsParkJapan_RegentsParkJapan1_RP138,train,https://doi.org/10.5281/zenodo.10672568,1.0.1-alpha.1,WAV_London_2.zip,WAV_London_2/RegentsParkJapan/RP138.wav,extracted/WAV_London_2/RegentsParkJapan/RP138.wav,https://zenodo.org/api/records/10672568/files/WAV_London_2.zip/content,CC-BY-4.0,permitted_with_attribution,open,RP138,RegentsParkJapan,4f01d047adadc8548d82d4537773625499f88378a4eada14940ce84810dfb3af,20758586,WAV,48000,2,2594816,54.05866666666667,54.06,float32,source_metadata_review_pending,materialized,matched,True,Matched by normalized GroupID and LocationID.
isd_audio_64d39d39c76ec0f8c65c,ISD,ISD_RegentsParkJapan_RegentsParkJapan1_RP139,train,https://doi.org/10.5281/zenodo.10672568,1.0.1-alpha.1,WAV_London_2.zip,WAV_London_2/RegentsParkJapan/RP139.wav,extracted/WAV_London_2/RegentsParkJapan/RP139.wav,https://zenodo.org/api/records/10672568/files/WAV_London_2.zip/content,CC-BY-4.0,permitted_with_attribution,open,RP139,RegentsParkJapan,29a4325f02a4371912688a0c0b802d1c84cfa0585f331c1891ce67abfbbecaa0,17104954,WAV,48000,2,2138112,44.544,44.54,float32,source_metadata_review_pending,materialized,matched,True,Matched by normalized GroupID and LocationID.
isd_audio_472de93e5e2768bee0ee,ISD,ISD_RegentsParkJapan_RegentsParkJapan2_RP201,train,https://doi.org/10.5281/zenodo.10672568,1.0.1-alpha.1,WAV_London_2.zip,WAV_London_2/RegentsParkJapan/RP201.wav,extracted/WAV_London_2/RegentsParkJapan/RP201.wav,https://zenodo.org/api/records/10672568/files/WAV_London_2.zip/content,CC-BY-4.0,permitted_with_attribution,open,RP201,RegentsParkJapan,f3cc16eff6f19bf31e0a0c4b14005cefefad9759922c3a9a5c3c608d194b49c1,12353594,WAV,48000,2,1544192,32.17066666666667,32.17,float32,source_metadata_review_pending,materialized,matched,True,Matched by normalized GroupID and LocationID.
isd_audio_missing_1262a584fd7f97fa,ISD,ISD_RegentsParkJapan_RegentsParkJapan2_RP202,train,https://doi.org/10.5281/zenodo.10672568,1.0.1-alpha.1,WAV_Granada_1.zip;WAV_Groningen_1.zip;WAV_London_1.zip;WAV_London_2.zip;WAV_London_3.zip;WAV_London_4.zip;WAV_Venice_1.zip,,,https://doi.org/10.5281/zenodo.10672568,CC-BY-4.0,permitted_with_attribution,open,RP202,RegentsParkJapan,,,,,,,,,,not_available,source_missing,missing_source_asset,False,MOSAIQ clip is in the archive location scope but no WAV candidate exists.
isd_audio_8b2ae7e35820b5077338,ISD,ISD_RegentsParkJapan_RegentsParkJapan2_RP203,train,https://doi.org/10.5281/zenodo.10672568,1.0.1-alpha.1,WAV_London_2.zip,WAV_London_2/RegentsParkJapan/RP203.wav,extracted/WAV_London_2/RegentsParkJapan/RP203.wav,https://zenodo.org/api/records/10672568/files/WAV_London_2.zip/content,CC-BY-4.0,permitted_with_attribution,open,RP203,RegentsParkJapan,4a1bab81663651a373262ea40b483e87ad5ef3d89d8a66ed10d785625293f09f,12386362,WAV,48000,2,1548288,32.256,32.26,float32,source_metadata_review_pending,materialized,matched,True,Matched by normalized GroupID and LocationID.
isd_audio_41ad28a484b309f242da,ISD,ISD_RegentsParkJapan_RegentsParkJapan2_RP204,train,https://doi.org/10.5281/zenodo.10672568,1.0.1-alpha.1,WAV_London_2.zip,WAV_London_2/RegentsParkJapan/RP204.wav,extracted/WAV_London_2/RegentsParkJapan/RP204.wav,https://zenodo.org/api/records/10672568/files/WAV_London_2.zip/content,CC-BY-4.0,permitted_with_attribution,open,RP204,RegentsParkJapan,15c2c816598a395dc3b0e7851243c420ab082410adb835a08208f30556f461ef,7595962,WAV,48000,2,949488,19.781,19.78,float32,source_metadata_review_pending,materialized,matched,True,Matched by normalized GroupID and LocationID.
isd_audio_missing_3b9c0994159cca24,ISD,ISD_RegentsParkJapan_RegentsParkJapan2_RP205,train,https://doi.org/10.5281/zenodo.10672568,1.0.1-alpha.1,WAV_Granada_1.zip;WAV_Groningen_1.zip;WAV_London_1.zip;WAV_London_2.zip;WAV_London_3.zip;WAV_London_4.zip;WAV_Venice_1.zip,,,https://doi.org/10.5281/zenodo.10672568,CC-BY-4.0,permitted_with_attribution,open,RP205,RegentsParkJapan,,,,,,,,,,not_available,source_missing,missing_source_asset,False,MOSAIQ clip is in the archive location scope but no WAV candidate exists.
isd_audio_299aa5403f2662226d7b,ISD,ISD_RegentsParkJapan_RegentsParkJapan2_RP206,train,https://doi.org/10.5281/zenodo.10672568,1.0.1-alpha.1,WAV_London_2.zip,WAV_London_2/RegentsParkJapan/RP206.wav,extracted/WAV_London_2/RegentsParkJapan/RP206.wav,https://zenodo.org/api/records/10672568/files/WAV_London_2.zip/content,CC-BY-4.0,permitted_with_attribution,open,RP206,RegentsParkJapan,ca84af6f62ee045780d730bde09c5a8a01f08b60eddac2ca9f6598c97e0c49da,15122490,WAV,48000,2,1890304,39.38133333333333,39.38,float32,source_metadata_review_pending,materialized,matched,True,Matched by normalized GroupID and LocationID.
isd_audio_24a4e550efc34537650c,ISD,ISD_RegentsParkJapan_RegentsParkJapan2_RP207,train,https://doi.org/10.5281/zenodo.10672568,1.0.1-alpha.1,WAV_London_2.zip,WAV_London_2/RegentsParkJapan/RP207.wav,extracted/WAV_London_2/RegentsParkJapan/RP207.wav,https://zenodo.org/api/records/10672568/files/WAV_London_2.zip/content,CC-BY-4.0,permitted_with_attribution,open,RP207,RegentsParkJapan,9ed871fea61330d576ea64669f856f2471f16ed67149fbd6e7228fbc8de47f9e,15859770,WAV,48000,2,1982464,41.30133333333333,41.3,float32,source_metadata_review_pending,materialized,matched,True,Matched by normalized GroupID and LocationID.
isd_audio_c56b57fd0a58023d4e52,ISD,ISD_RegentsParkJapan_RegentsParkJapan2_RP208,train,https://doi.org/10.5281/zenodo.10672568,1.0.1-alpha.1,WAV_London_2.zip,WAV_London_2/RegentsParkJapan/RP208.wav,extracted/WAV_London_2/RegentsParkJapan/RP208.wav,https://zenodo.org/api/records/10672568/files/WAV_London_2.zip/content,CC-BY-4.0,permitted_with_attribution,open,RP208,RegentsParkJapan,d9593003528db6e8af2c98c1c82a8ab8a9b0a790cb9ba94c973bc94499845621,14876730,WAV,48000,2,1859584,38.74133333333333,38.74,float32,source_metadata_review_pending,materialized,matched,True,Matched by normalized GroupID and LocationID.
isd_audio_42f079292033918a79ab,ISD,ISD_RegentsParkJapan_RegentsParkJapan2_RP209,train,https://doi.org/10.5281/zenodo.10672568,1.0.1-alpha.1,WAV_London_2.zip,WAV_London_2/RegentsParkJapan/RP209.wav,extracted/WAV_London_2/RegentsParkJapan/RP209.wav,https://zenodo.org/api/records/10672568/files/WAV_London_2.zip/content,CC-BY-4.0,permitted_with_attribution,open,RP209,RegentsParkJapan,a7a821db6a493b9246f64cb3a783556f04553dc0b5256cda7a76b14f6dccb1c7,13680698,WAV,48000,2,1710080,35.626666666666665,35.63,float32,source_metadata_review_pending,materialized,matched,True,Matched by normalized GroupID and LocationID.
isd_audio_0d5bba029578fcacc204,ISD,ISD_RegentsParkJapan_RegentsParkJapan2_RP210,train,https://doi.org/10.5281/zenodo.10672568,1.0.1-alpha.1,WAV_London_2.zip,WAV_London_2/RegentsParkJapan/RP210.wav,extracted/WAV_London_2/RegentsParkJapan/RP210.wav,https://zenodo.org/api/records/10672568/files/WAV_London_2.zip/content,CC-BY-4.0,permitted_with_attribution,open,RP210,RegentsParkJapan,9edf986b4c68f6be7e00f887da96aa3a35a699bcee22fc31943d7f7bcf558111,15876154,WAV,48000,2,1984512,41.344,41.34,float32,source_metadata_review_pending,materialized,matched,True,Matched by normalized GroupID and LocationID.
isd_audio_b6a4988ca7accd6561a8,ISD,ISD_RegentsParkJapan_RegentsParkJapan2_RP211,train,https://doi.org/10.5281/zenodo.10672568,1.0.1-alpha.1,WAV_London_2.zip,WAV_London_2/RegentsParkJapan/RP211.wav,extracted/WAV_London_2/RegentsParkJapan/RP211.wav,https://zenodo.org/api/records/10672568/files/WAV_London_2.zip/content,CC-BY-4.0,permitted_with_attribution,open,RP211,RegentsParkJapan,48b0e3612d86e0a0654c0091e1f60273aa114c55224848e3007996ec1c286322,13713466,WAV,48000,2,1714176,35.712,35.71,float32,source_metadata_review_pending,materialized,matched,True,Matched by normalized GroupID and LocationID.
isd_audio_07b9f985801fa9a4a685,ISD,ISD_RegentsParkJapan_RegentsParkJapan2_RP212,train,https://doi.org/10.5281/zenodo.10672568,1.0.1-alpha.1,WAV_London_2.zip,WAV_London_2/RegentsParkJapan/RP212.wav,extracted/WAV_London_2/RegentsParkJapan/RP212.wav,https://zenodo.org/api/records/10672568/files/WAV_London_2.zip/content,CC-BY-4.0,permitted_with_attribution,open,RP212,RegentsParkJapan,f1d3a5120d4aea6888b9f9e3d8e2353175c681c3da5744b71aa12e14341a449f,13254714,WAV,48000,2,1656832,34.51733333333333,34.52,float32,source_metadata_review_pending,materialized,matched,True,Matched by normalized GroupID and LocationID.
isd_audio_456e44325612905f06b8,ISD,ISD_RegentsParkJapan_RegentsParkJapan2_RP214,train,https://doi.org/10.5281/zenodo.10672568,1.0.1-alpha.1,WAV_London_2.zip,WAV_London_2/RegentsParkJapan/RP214.wav,extracted/WAV_London_2/RegentsParkJapan/RP214.wav,https://zenodo.org/api/records/10672568/files/WAV_London_2.zip/content,CC-BY-4.0,permitted_with_attribution,open,RP214,RegentsParkJapan,b49a89d7dcdb35dc33ae5c55d4dbff04d22721784eb69818831abe0c49271c9a,13058106,WAV,48000,2,1632256,34.00533333333333,34.01,float32,source_metadata_review_pending,materialized,matched,True,Matched by normalized GroupID and LocationID.
isd_audio_454e39917fbc0a115bfe,ISD,ISD_RegentsParkJapan_RegentsParkJapan2_RP215,train,https://doi.org/10.5281/zenodo.10672568,1.0.1-alpha.1,WAV_London_2.zip,WAV_London_2/RegentsParkJapan/RP215.wav,extracted/WAV_London_2/RegentsParkJapan/RP215.wav,https://zenodo.org/api/records/10672568/files/WAV_London_2.zip/content,CC-BY-4.0,permitted_with_attribution,open,RP215,RegentsParkJapan,008518d836eb2f0259331e86094cb60904391253832b27c13b0a0d544098fb8a,13320250,WAV,48000,2,1665024,34.688,34.69,float32,source_metadata_review_pending,materialized,matched,True,Matched by normalized GroupID and LocationID.
isd_audio_missing_70d4f3e7585d88e9,ISD,ISD_RegentsParkJapan_RegentsParkJapan2_RP216,train,https://doi.org/10.5281/zenodo.10672568,1.0.1-alpha.1,WAV_Granada_1.zip;WAV_Groningen_1.zip;WAV_London_1.zip;WAV_London_2.zip;WAV_London_3.zip;WAV_London_4.zip;WAV_Venice_1.zip,,,https://doi.org/10.5281/zenodo.10672568,CC-BY-4.0,permitted_with_attribution,open,RP216,RegentsParkJapan,,,,,,,,,,not_available,source_missing,missing_source_asset,False,MOSAIQ clip is in the archive location scope but no WAV candidate exists.
isd_audio_76dfe76f28cd42b96a26,ISD,ISD_RegentsParkJapan_RegentsParkJapan2_RP217,train,https://doi.org/10.5281/zenodo.10672568,1.0.1-alpha.1,WAV_London_2.zip,WAV_London_2/RegentsParkJapan/RP217.wav,extracted/WAV_London_2/RegentsParkJapan/RP217.wav,https://zenodo.org/api/records/10672568/files/WAV_London_2.zip/content,CC-BY-4.0,permitted_with_attribution,open,RP217,RegentsParkJapan,5ed83a2a5ad04d23bfb07a6d764a6dcf3dc60947d9d47dee66dd64483e9ff6b8,13631546,WAV,48000,2,1703936,35.498666666666665,35.5,float32,source_metadata_review_pending,materialized,matched,True,Matched by normalized GroupID and LocationID.
isd_audio_edcdf76c477049d575af,ISD,ISD_RegentsParkJapan_RegentsParkJapan2_RP218,train,https://doi.org/10.5281/zenodo.10672568,1.0.1-alpha.1,WAV_London_2.zip,WAV_London_2/RegentsParkJapan/RP218.wav,extracted/WAV_London_2/RegentsParkJapan/RP218.wav,https://zenodo.org/api/records/10672568/files/WAV_London_2.zip/content,CC-BY-4.0,permitted_with_attribution,open,RP218,RegentsParkJapan,ea59ba7abe23acabaafc35adb727ee4929e31d57920c2cd858ab6fb0f4b92d9d,14385210,WAV,48000,2,1798144,37.461333333333336,37.46,float32,source_metadata_review_pending,materialized,matched,True,Matched by normalized GroupID and LocationID.
isd_audio_de0e4afd0272042a9a11,ISD,ISD_RegentsParkJapan_RegentsParkJapan2_RP219,train,https://doi.org/10.5281/zenodo.10672568,1.0.1-alpha.1,WAV_London_2.zip,WAV_London_2/RegentsParkJapan/RP219.wav,extracted/WAV_London_2/RegentsParkJapan/RP219.wav,https://zenodo.org/api/records/10672568/files/WAV_London_2.zip/content,CC-BY-4.0,permitted_with_attribution,open,RP219,RegentsParkJapan,f61f7bca29e258da1dfeedb7269fc583f39cceadb31aa3dcbb4f953befa9da09,12845114,WAV,48000,2,1605632,33.45066666666666,33.45,float32,source_metadata_review_pending,materialized,matched,True,Matched by normalized GroupID and LocationID.
isd_audio_c860328b32659467f66c,ISD,ISD_RegentsParkJapan_RegentsParkJapan2_RP220,train,https://doi.org/10.5281/zenodo.10672568,1.0.1-alpha.1,WAV_London_2.zip,WAV_London_2/RegentsParkJapan/RP220.wav,extracted/WAV_London_2/RegentsParkJapan/RP220.wav,https://zenodo.org/api/records/10672568/files/WAV_London_2.zip/content,CC-BY-4.0,permitted_with_attribution,open,RP220,RegentsParkJapan,f302e0b54301755dca9705e51243d680f19ab52030eb08bd7d499f7c79902af9,12550202,WAV,48000,2,1568768,32.68266666666667,32.68,float32,source_metadata_review_pending,materialized,matched,True,Matched by normalized GroupID and LocationID.
isd_audio_604c948ab12173ea7a92,ISD,ISD_RegentsParkJapan_RegentsParkJapan2_RP221,train,https://doi.org/10.5281/zenodo.10672568,1.0.1-alpha.1,WAV_London_2.zip,WAV_London_2/RegentsParkJapan/RP221.wav,extracted/WAV_London_2/RegentsParkJapan/RP221.wav,https://zenodo.org/api/records/10672568/files/WAV_London_2.zip/content,CC-BY-4.0,permitted_with_attribution,open,RP221,RegentsParkJapan,e08056c234692c897e72df72b79f4bcf73c5ce05cc887703bf88e705c253116b,12582970,WAV,48000,2,1572864,32.768,32.77,float32,source_metadata_review_pending,materialized,matched,True,Matched by normalized GroupID and LocationID.
isd_audio_missing_e66fff9319126f69,ISD,ISD_RegentsParkJapan_RegentsParkJapan2_RP222,train,https://doi.org/10.5281/zenodo.10672568,1.0.1-alpha.1,WAV_Granada_1.zip;WAV_Groningen_1.zip;WAV_London_1.zip;WAV_London_2.zip;WAV_London_3.zip;WAV_London_4.zip;WAV_Venice_1.zip,,,https://doi.org/10.5281/zenodo.10672568,CC-BY-4.0,permitted_with_attribution,open,RP222,RegentsParkJapan,,,,,,,,,,not_available,source_missing,missing_source_asset,False,MOSAIQ clip is in the archive location scope but no WAV candidate exists.
isd_audio_b56deba5cc7bf9e15552,ISD,ISD_RegentsParkJapan_RegentsParkJapan2_RP223,train,https://doi.org/10.5281/zenodo.10672568,1.0.1-alpha.1,WAV_London_2.zip,WAV_London_2/RegentsParkJapan/RP223.wav,extracted/WAV_London_2/RegentsParkJapan/RP223.wav,https://zenodo.org/api/records/10672568/files/WAV_London_2.zip/content,CC-BY-4.0,permitted_with_attribution,open,RP223,RegentsParkJapan,b7d79eac54786c5275ad0363974ca1895599ee1a855505fbd769d33bc05bab38,12556346,WAV,48000,2,1569536,32.69866666666667,32.7,float32,source_metadata_review_pending,materialized,matched,True,Matched by normalized GroupID and LocationID.
isd_audio_3695786689eeba01312f,ISD,ISD_RegentsParkJapan_RegentsParkJapan2_RP224,train,https://doi.org/10.5281/zenodo.10672568,1.0.1-alpha.1,WAV_London_2.zip,WAV_London_2/RegentsParkJapan/RP224.wav,extracted/WAV_London_2/RegentsParkJapan/RP224.wav,https://zenodo.org/api/records/10672568/files/WAV_London_2.zip/content,CC-BY-4.0,permitted_with_attribution,open,RP224,RegentsParkJapan,aef03bbd9757edb342c75a45902ccc694c905f383924f11bc9744333b842f631,14942266,WAV,48000,2,1867776,38.912,38.91,float32,source_metadata_review_pending,materialized,matched,True,Matched by normalized GroupID and LocationID.
isd_audio_missing_b5b64a07901ef38e,ISD,ISD_RegentsParkJapan_RegentsParkJapan2_RP225,train,https://doi.org/10.5281/zenodo.10672568,1.0.1-alpha.1,WAV_Granada_1.zip;WAV_Groningen_1.zip;WAV_London_1.zip;WAV_London_2.zip;WAV_London_3.zip;WAV_London_4.zip;WAV_Venice_1.zip,,,https://doi.org/10.5281/zenodo.10672568,CC-BY-4.0,permitted_with_attribution,open,RP225,RegentsParkJapan,,,,,,,,,,not_available,source_missing,missing_source_asset,False,MOSAIQ clip is in the archive location scope but no WAV candidate exists.
isd_audio_902c968fa6a7860cf80f,ISD,ISD_RegentsParkJapan_RegentsParkJapan2_RP226,train,https://doi.org/10.5281/zenodo.10672568,1.0.1-alpha.1,WAV_London_2.zip,WAV_London_2/RegentsParkJapan/RP226.wav,extracted/WAV_London_2/RegentsParkJapan/RP226.wav,https://zenodo.org/api/records/10672568/files/WAV_London_2.zip/content,CC-BY-4.0,permitted_with_attribution,open,RP226,RegentsParkJapan,fc5a9d2bef773e757ebcaf3a226e0dda73d9d5facd3ce69fb7dfe57a08d0d827,14385210,WAV,48000,2,1798144,37.461333333333336,37.46,float32,source_metadata_review_pending,materialized,matched,True,Matched by normalized GroupID and LocationID.
isd_audio_cac319c5aa0f61295d14,ISD,ISD_RegentsParkJapan_RegentsParkJapan2_RP227,train,https://doi.org/10.5281/zenodo.10672568,1.0.1-alpha.1,WAV_London_2.zip,WAV_London_2/RegentsParkJapan/RP227.wav,extracted/WAV_London_2/RegentsParkJapan/RP227.wav,https://zenodo.org/api/records/10672568/files/WAV_London_2.zip/content,CC-BY-4.0,permitted_with_attribution,open,RP227,RegentsParkJapan,537293cc601483c643ed655bce7945b07332d7a37b89332525b1229b4afe4047,14155834,WAV,48000,2,1769472,36.864,36.86,float32,source_metadata_review_pending,materialized,matched,True,Matched by normalized GroupID and LocationID.
isd_audio_c81f3e9607b2f6f02ce7,ISD,ISD_RegentsParkJapan_RegentsParkJapan2_RP228,train,https://doi.org/10.5281/zenodo.10672568,1.0.1-alpha.1,WAV_London_2.zip,WAV_London_2/RegentsParkJapan/RP228.wav,extracted/WAV_London_2/RegentsParkJapan/RP228.wav,https://zenodo.org/api/records/10672568/files/WAV_London_2.zip/content,CC-BY-4.0,permitted_with_attribution,open,RP228,RegentsParkJapan,a0d86601a76565c9e0e7c0c2d1899d9b7c72c08b8203c90174d2e1433d84d81f,13729850,WAV,48000,2,1716224,35.754666666666665,35.75,float32,source_metadata_review_pending,materialized,matched,True,Matched by normalized GroupID and LocationID.
isd_audio_1a13e686d1579a78daf2,ISD,ISD_RegentsParkJapan_RegentsParkJapan2_RP229,train,https://doi.org/10.5281/zenodo.10672568,1.0.1-alpha.1,WAV_London_2.zip,WAV_London_2/RegentsParkJapan/RP229.wav,extracted/WAV_London_2/RegentsParkJapan/RP229.wav,https://zenodo.org/api/records/10672568/files/WAV_London_2.zip/content,CC-BY-4.0,permitted_with_attribution,open,RP229,RegentsParkJapan,05c5d066e39cc4dc6d17dc7a7ff5ca10be5253180d13fc8cb463b28e924da9d6,14647354,WAV,48000,2,1830912,38.144,38.14,float32,source_metadata_review_pending,materialized,matched,True,Matched by normalized GroupID and LocationID.
isd_audio_28167e796fa17e23e001,ISD,ISD_RegentsParkJapan_RegentsParkJapan2_RP230,train,https://doi.org/10.5281/zenodo.10672568,1.0.1-alpha.1,WAV_London_2.zip,WAV_London_2/RegentsParkJapan/RP230.wav,extracted/WAV_London_2/RegentsParkJapan/RP230.wav,https://zenodo.org/api/records/10672568/files/WAV_London_2.zip/content,CC-BY-4.0,permitted_with_attribution,open,RP230,RegentsParkJapan,0f4be67964f6f18a24423e51c8def6291bfb0982c80d00e1ae61982b9b0b83e9,8763322,WAV,48000,2,1095408,22.821,22.82,float32,source_metadata_review_pending,materialized,matched,True,Matched by normalized GroupID and LocationID.
isd_audio_missing_43aea1d0784b55c3,ISD,ISD_RegentsParkJapan_RegentsParkJapan2_RP231,train,https://doi.org/10.5281/zenodo.10672568,1.0.1-alpha.1,WAV_Granada_1.zip;WAV_Groningen_1.zip;WAV_London_1.zip;WAV_London_2.zip;WAV_London_3.zip;WAV_London_4.zip;WAV_Venice_1.zip,,,https://doi.org/10.5281/zenodo.10672568,CC-BY-4.0,permitted_with_attribution,open,RP231,RegentsParkJapan,,,,,,,,,,not_available,source_missing,missing_source_asset,False,MOSAIQ clip is in the archive location scope but no WAV candidate exists.
isd_audio_8eed1ca2a9143dbee085,ISD,ISD_RegentsParkJapan_RegentsParkJapan2_RP232,train,https://doi.org/10.5281/zenodo.10672568,1.0.1-alpha.1,WAV_London_2.zip,WAV_London_2/RegentsParkJapan/RP232.wav,extracted/WAV_London_2/RegentsParkJapan/RP232.wav,https://zenodo.org/api/records/10672568/files/WAV_London_2.zip/content,CC-BY-4.0,permitted_with_attribution,open,RP232,RegentsParkJapan,e8c3b4b2a6b571df4d2e9a8ef2328874664ebf088d0ab91e6246be8359559f85,13762618,WAV,48000,2,1720320,35.84,35.84,float32,source_metadata_review_pending,materialized,matched,True,Matched by normalized GroupID and LocationID.
isd_audio_e5aa51414e9850b04eca,ISD,ISD_RegentsParkJapan_RegentsParkJapan2_RP233,train,https://doi.org/10.5281/zenodo.10672568,1.0.1-alpha.1,WAV_London_2.zip,WAV_London_2/RegentsParkJapan/RP233.wav,extracted/WAV_London_2/RegentsParkJapan/RP233.wav,https://zenodo.org/api/records/10672568/files/WAV_London_2.zip/content,CC-BY-4.0,permitted_with_attribution,open,RP233,RegentsParkJapan,076c81748165c6d236fb9c8eca3c596289c8a0e63f2dbbe800644abf010f4240,8019898,WAV,48000,2,1002480,20.885,20.89,float32,source_metadata_review_pending,materialized,matched,True,Matched by normalized GroupID and LocationID.
isd_audio_a262739cd79473635984,ISD,ISD_RussellSq_RussellSq1_RS101,train,https://doi.org/10.5281/zenodo.10672568,1.0.1-alpha.1,WAV_London_3.zip,WAV_London_3/RussellSq/RS101.wav,extracted/WAV_London_3/RussellSq/RS101.wav,https://zenodo.org/api/records/10672568/files/WAV_London_3.zip/content,CC-BY-4.0,permitted_with_attribution,open,RS101,RussellSq,e3ce05b048adc144256d4c37e0ff4353cb2b6ab9489edebaddcffc41e6c92f2a,11493434,WAV,44100,2,1436672,32.57759637188209,32.58,float32,source_metadata_review_pending,materialized,matched,True,Matched by normalized GroupID and LocationID.
isd_audio_27992f245ddfc5b9d6fd,ISD,ISD_RussellSq_RussellSq1_RS102,train,https://doi.org/10.5281/zenodo.10672568,1.0.1-alpha.1,WAV_London_3.zip,WAV_London_3/RussellSq/RS102.wav,extracted/WAV_London_3/RussellSq/RS102.wav,https://zenodo.org/api/records/10672568/files/WAV_London_3.zip/content,CC-BY-4.0,permitted_with_attribution,open,RS102,RussellSq,48c1a1a30592fea0de44727236c093a79e09f3715db2f12e8745779691766778,10928186,WAV,44100,2,1366016,30.975419501133786,30.98,float32,source_metadata_review_pending,materialized,matched,True,Matched by normalized GroupID and LocationID.
isd_audio_75f994d4fde377fce9fe,ISD,ISD_RussellSq_RussellSq1_RS103,train,https://doi.org/10.5281/zenodo.10672568,1.0.1-alpha.1,WAV_London_3.zip,WAV_London_3/RussellSq/RS103.wav,extracted/WAV_London_3/RussellSq/RS103.wav,https://zenodo.org/api/records/10672568/files/WAV_London_3.zip/content,CC-BY-4.0,permitted_with_attribution,open,RS103,RussellSq,fe742408df7a2f7ea59cd99309a937eee44afc0cebed3f3ff5845b2618b280a7,11624506,WAV,44100,2,1453056,32.949115646258505,32.95,float32,source_metadata_review_pending,materialized,matched,True,Matched by normalized GroupID and LocationID.
isd_audio_9de949ac57b43405cdce,ISD,ISD_RussellSq_RussellSq1_RS104,train,https://doi.org/10.5281/zenodo.10672568,1.0.1-alpha.1,WAV_London_3.zip,WAV_London_3/RussellSq/RS104.wav,extracted/WAV_London_3/RussellSq/RS104.wav,https://zenodo.org/api/records/10672568/files/WAV_London_3.zip/content,CC-BY-4.0,permitted_with_attribution,open,RS104,RussellSq,ae007f6525cb07560c5a1743715f5075bdb5bbdb52e1d9a47b62a8038b4d03da,11518010,WAV,44100,2,1439744,32.64725623582766,32.65,float32,source_metadata_review_pending,materialized,matched,True,Matched by normalized GroupID and LocationID.
isd_audio_9e190024bd9458bb88e1,ISD,ISD_RussellSq_RussellSq1_RS105,train,https://doi.org/10.5281/zenodo.10672568,1.0.1-alpha.1,WAV_London_3.zip,WAV_London_3/RussellSq/RS105.wav,extracted/WAV_London_3/RussellSq/RS105.wav,https://zenodo.org/api/records/10672568/files/WAV_London_3.zip/content,CC-BY-4.0,permitted_with_attribution,open,RS105,RussellSq,d06d1e6eb43934ae598576e421d1ee8ed881874231db4806f44398f980ded415,11190330,WAV,44100,2,1398784,31.71845804988662,31.72,float32,source_metadata_review_pending,materialized,matched,True,Matched by normalized GroupID and LocationID.
isd_audio_cd6c215ffab7c838ecf2,ISD,ISD_RussellSq_RussellSq1_RS106,train,https://doi.org/10.5281/zenodo.10672568,1.0.1-alpha.1,WAV_London_3.zip,WAV_London_3/RussellSq/RS106.wav,extracted/WAV_London_3/RussellSq/RS106.wav,https://zenodo.org/api/records/10672568/files/WAV_London_3.zip/content,CC-BY-4.0,permitted_with_attribution,open,RS106,RussellSq,9882b32e807400117e42ea3352a4c77e8d7a1abd3fea2972bdec7a49e01544b1,11345978,WAV,44100,2,1418240,32.15963718820862,32.16,float32,source_metadata_review_pending,materialized,matched,True,Matched by normalized GroupID and LocationID.
isd_audio_ff2cb6677182139dc7a2,ISD,ISD_RussellSq_RussellSq1_RS107,train,https://doi.org/10.5281/zenodo.10672568,1.0.1-alpha.1,WAV_London_3.zip,WAV_London_3/RussellSq/RS107.wav,extracted/WAV_London_3/RussellSq/RS107.wav,https://zenodo.org/api/records/10672568/files/WAV_London_3.zip/content,CC-BY-4.0,permitted_with_attribution,open,RS107,RussellSq,53aa51757c13194ecf40df5d874cd8a8f9d2af4d801c18e408ad2ae1194967b2,11870266,WAV,44100,2,1483776,33.645714285714284,33.65,float32,source_metadata_review_pending,materialized,matched,True,Matched by normalized GroupID and LocationID.
isd_audio_b39b4bb395f409a37b3f,ISD,ISD_RussellSq_RussellSq1_RS108,train,https://doi.org/10.5281/zenodo.10672568,1.0.1-alpha.1,WAV_London_3.zip,WAV_London_3/RussellSq/RS108.wav,extracted/WAV_London_3/RussellSq/RS108.wav,https://zenodo.org/api/records/10672568/files/WAV_London_3.zip/content,CC-BY-4.0,permitted_with_attribution,open,RS108,RussellSq,27ff511af4cd5293571b93638c36b0ad7dc17f791bf614a25716bb9cf5da7df4,11206714,WAV,44100,2,1400832,31.764897959183674,31.76,float32,source_metadata_review_pending,materialized,matched,True,Matched by normalized GroupID and LocationID.
isd_audio_9d1d42793ec74c8b31d8,ISD,ISD_RussellSq_RussellSq1_RS110,train,https://doi.org/10.5281/zenodo.10672568,1.0.1-alpha.1,WAV_London_3.zip,WAV_London_3/RussellSq/RS110.wav,extracted/WAV_London_3/RussellSq/RS110.wav,https://zenodo.org/api/records/10672568/files/WAV_London_3.zip/content,CC-BY-4.0,permitted_with_attribution,open,RS110,RussellSq,36b806f1801000706c98e3d4a59fb100c6412f776a6a322baa21dbac0367eb14,11362362,WAV,44100,2,1420288,32.20607709750567,32.21,float32,source_metadata_review_pending,materialized,matched,True,Matched by normalized GroupID and LocationID.
isd_audio_bbea852f6857b0bb8ce3,ISD,ISD_RussellSq_RussellSq1_RS111,train,https://doi.org/10.5281/zenodo.10672568,1.0.1-alpha.1,WAV_London_3.zip,WAV_London_3/RussellSq/RS111.wav,extracted/WAV_London_3/RussellSq/RS111.wav,https://zenodo.org/api/records/10672568/files/WAV_London_3.zip/content,CC-BY-4.0,permitted_with_attribution,open,RS111,RussellSq,f7d950e939fcd04aa030acec71ed664c5f9c6e31bfb762bf29917d42d0c1bde9,11878458,WAV,44100,2,1484800,33.66893424036281,33.67,float32,source_metadata_review_pending,materialized,matched,True,Matched by normalized GroupID and LocationID.
isd_audio_b10212608ca2a9a536f0,ISD,ISD_RussellSq_RussellSq1_RS112,train,https://doi.org/10.5281/zenodo.10672568,1.0.1-alpha.1,WAV_London_3.zip,WAV_London_3/RussellSq/RS112.wav,extracted/WAV_London_3/RussellSq/RS112.wav,https://zenodo.org/api/records/10672568/files/WAV_London_3.zip/content,CC-BY-4.0,permitted_with_attribution,open,RS112,RussellSq,b19227abdffdcf97e18ebfa956e12763c4a834263832d53c156078a7b68094dd,11526202,WAV,44100,2,1440768,32.670476190476194,32.67,float32,source_metadata_review_pending,materialized,matched,True,Matched by normalized GroupID and LocationID.
isd_audio_2a897e88feabd75dca6d,ISD,ISD_RussellSq_RussellSq1_RS113,train,https://doi.org/10.5281/zenodo.10672568,1.0.1-alpha.1,WAV_London_3.zip,WAV_London_3/RussellSq/RS113.wav,extracted/WAV_London_3/RussellSq/RS113.wav,https://zenodo.org/api/records/10672568/files/WAV_London_3.zip/content,CC-BY-4.0,permitted_with_attribution,open,RS113,RussellSq,f316dd93d8b7a1ba3f0f6c067862a2182187bd95b277ea899e456c6ce970a4aa,11960378,WAV,44100,2,1495040,33.90113378684807,33.9,float32,source_metadata_review_pending,materialized,matched,True,Matched by normalized GroupID and LocationID.
isd_audio_1ea5530a01d1799405ec,ISD,ISD_RussellSq_RussellSq1_RS114,train,https://doi.org/10.5281/zenodo.10672568,1.0.1-alpha.1,WAV_London_3.zip,WAV_London_3/RussellSq/RS114.wav,extracted/WAV_London_3/RussellSq/RS114.wav,https://zenodo.org/api/records/10672568/files/WAV_London_3.zip/content,CC-BY-4.0,permitted_with_attribution,open,RS114,RussellSq,bad07121d2b10f88cde4a2b7506a480d89d501aef0cede5dd6f7e70ecdb48041,11116602,WAV,44100,2,1389568,31.509478458049887,31.51,float32,source_metadata_review_pending,materialized,matched,True,Matched by normalized GroupID and LocationID.
isd_audio_d420b9ff06a8b7fb7f05,ISD,ISD_RussellSq_RussellSq1_RS115,train,https://doi.org/10.5281/zenodo.10672568,1.0.1-alpha.1,WAV_London_3.zip,WAV_London_3/RussellSq/RS115.wav,extracted/WAV_London_3/RussellSq/RS115.wav,https://zenodo.org/api/records/10672568/files/WAV_London_3.zip/content,CC-BY-4.0,permitted_with_attribution,open,RS115,RussellSq,2f1c554bd51a1ac2e8ed6447f4067bd0a81b62bed0d22a60dd026f009e558c30,11206714,WAV,44100,2,1400832,31.764897959183674,31.76,float32,source_metadata_review_pending,materialized,matched,True,Matched by normalized GroupID and LocationID.
isd_audio_218854e64e9dad21cc2b,ISD,ISD_RussellSq_RussellSq1_RS116,train,https://doi.org/10.5281/zenodo.10672568,1.0.1-alpha.1,WAV_London_3.zip,WAV_London_3/RussellSq/RS116.wav,extracted/WAV_London_3/RussellSq/RS116.wav,https://zenodo.org/api/records/10672568/files/WAV_London_3.zip/content,CC-BY-4.0,permitted_with_attribution,open,RS116,RussellSq,1ab7aa8ca90435c99bfd980e60a63dcb1861a64e3d7d8cddcc5e39f84a4cbf84,11378746,WAV,44100,2,1422336,32.25251700680272,32.25,float32,source_metadata_review_pending,materialized,matched,True,Matched by normalized GroupID and LocationID.
isd_audio_108741dda475689775e0,ISD,ISD_RussellSq_RussellSq1_RS117,train,https://doi.org/10.5281/zenodo.10672568,1.0.1-alpha.1,WAV_London_3.zip,WAV_London_3/RussellSq/RS117.wav,extracted/WAV_London_3/RussellSq/RS117.wav,https://zenodo.org/api/records/10672568/files/WAV_London_3.zip/content,CC-BY-4.0,permitted_with_attribution,open,RS117,RussellSq,acb8ec5555c0fa19b697152dba257766137a1b64446cf23005a20e8e19554c22,7020602,WAV,44100,2,877568,19.89950113378685,19.9,float32,source_metadata_review_pending,materialized,matched,True,Matched by normalized GroupID and LocationID.
isd_audio_ae8cfbdeebf7cff6f20f,ISD,ISD_RussellSq_RussellSq1_RS118,train,https://doi.org/10.5281/zenodo.10672568,1.0.1-alpha.1,WAV_London_3.zip,WAV_London_3/RussellSq/RS118.wav,extracted/WAV_London_3/RussellSq/RS118.wav,https://zenodo.org/api/records/10672568/files/WAV_London_3.zip/content,CC-BY-4.0,permitted_with_attribution,open,RS118,RussellSq,75ff16801f0a6f5fcb5a6a1e179544e29d9a82e7f960b1e1b523bdff69fb69a2,11927610,WAV,44100,2,1490944,33.80825396825397,33.81,float32,source_metadata_review_pending,materialized,matched,True,Matched by normalized GroupID and LocationID.
isd_audio_afd30056d045e1d3cd88,ISD,ISD_RussellSq_RussellSq1_RS119,train,https://doi.org/10.5281/zenodo.10672568,1.0.1-alpha.1,WAV_London_3.zip,WAV_London_3/RussellSq/RS119.wav,extracted/WAV_London_3/RussellSq/RS119.wav,https://zenodo.org/api/records/10672568/files/WAV_London_3.zip/content,CC-BY-4.0,permitted_with_attribution,open,RS119,RussellSq,a9448f5cf60f02520f325aa78648cd1c239e5d9a264c9576730086c88a8c25d3,11386938,WAV,44100,2,1423360,32.275736961451244,32.28,float32,source_metadata_review_pending,materialized,matched,True,Matched by normalized GroupID and LocationID.
isd_audio_6d7e1ed816937a16a7d5,ISD,ISD_RussellSq_RussellSq1_RS120,train,https://doi.org/10.5281/zenodo.10672568,1.0.1-alpha.1,WAV_London_3.zip,WAV_London_3/RussellSq/RS120.wav,extracted/WAV_London_3/RussellSq/RS120.wav,https://zenodo.org/api/records/10672568/files/WAV_London_3.zip/content,CC-BY-4.0,permitted_with_attribution,open,RS120,RussellSq,2cd396c19aff4973175cb31e0d0c3ee685c3d36954e0a995e4d9f0ae19c1a8cb,11354170,WAV,44100,2,1419264,32.182857142857145,32.18,float32,source_metadata_review_pending,materialized,matched,True,Matched by normalized GroupID and LocationID.
isd_audio_7f3174c77145182b5f88,ISD,ISD_RussellSq_RussellSq1_RS121,train,https://doi.org/10.5281/zenodo.10672568,1.0.1-alpha.1,WAV_London_3.zip,WAV_London_3/RussellSq/RS121.wav,extracted/WAV_London_3/RussellSq/RS121.wav,https://zenodo.org/api/records/10672568/files/WAV_London_3.zip/content,CC-BY-4.0,permitted_with_attribution,open,RS121,RussellSq,4ede57827ec0582ed204c0415bdb1d9ec7910ba7130448be6c10b9c91e346d32,11231290,WAV,44100,2,1403904,31.834557823129252,31.83,float32,source_metadata_review_pending,materialized,matched,True,Matched by normalized GroupID and LocationID.
isd_audio_cda8d1580e418492217c,ISD,ISD_RussellSq_RussellSq1_RS122,train,https://doi.org/10.5281/zenodo.10672568,1.0.1-alpha.1,WAV_London_3.zip,WAV_London_3/RussellSq/RS122.wav,extracted/WAV_London_3/RussellSq/RS122.wav,https://zenodo.org/api/records/10672568/files/WAV_London_3.zip/content,CC-BY-4.0,permitted_with_attribution,open,RS122,RussellSq,b574c83bc64e2c9a7e63594e2303cf9c91ea2947ef989289ec9a133e27fa2c3e,11591738,WAV,44100,2,1448960,32.8562358276644,32.86,float32,source_metadata_review_pending,materialized,matched,True,Matched by normalized GroupID and LocationID.
isd_audio_d577b977d73e95f63695,ISD,ISD_RussellSq_RussellSq1_RS123,train,https://doi.org/10.5281/zenodo.10672568,1.0.1-alpha.1,WAV_London_3.zip,WAV_London_3/RussellSq/RS123.wav,extracted/WAV_London_3/RussellSq/RS123.wav,https://zenodo.org/api/records/10672568/files/WAV_London_3.zip/content,CC-BY-4.0,permitted_with_attribution,open,RS123,RussellSq,5e2b0ff31e15a406775131b16be92de9a76fea1634a47d5ddfe6a25054e2929b,11403322,WAV,44100,2,1425408,32.3221768707483,32.32,float32,source_metadata_review_pending,materialized,matched,True,Matched by normalized GroupID and LocationID.
isd_audio_6a53626d0d356b6c2910,ISD,ISD_RussellSq_RussellSq1_RS124,train,https://doi.org/10.5281/zenodo.10672568,1.0.1-alpha.1,WAV_London_3.zip,WAV_London_3/RussellSq/RS124.wav,extracted/WAV_London_3/RussellSq/RS124.wav,https://zenodo.org/api/records/10672568/files/WAV_London_3.zip/content,CC-BY-4.0,permitted_with_attribution,open,RS124,RussellSq,cf69ea74dfdeef58abb998ccda0e1cb4d974b5834c90a8d00458eeddb1e0cf2f,11542586,WAV,44100,2,1442816,32.71691609977324,32.72,float32,source_metadata_review_pending,materialized,matched,True,Matched by normalized GroupID and LocationID.
isd_audio_ff69b2e01c43c2222ad3,ISD,ISD_RussellSq_RussellSq1_RS125,train,https://doi.org/10.5281/zenodo.10672568,1.0.1-alpha.1,WAV_London_3.zip,WAV_London_3/RussellSq/RS125.wav,extracted/WAV_London_3/RussellSq/RS125.wav,https://zenodo.org/api/records/10672568/files/WAV_London_3.zip/content,CC-BY-4.0,permitted_with_attribution,open,RS125,RussellSq,82a97a322a012db83e35010363537419537174a3673e3730ade16ef3ea311f89,11247674,WAV,44100,2,1405952,31.880997732426305,31.88,float32,source_metadata_review_pending,materialized,matched,True,Matched by normalized GroupID and LocationID.
isd_audio_868274e0c7460b4618eb,ISD,ISD_RussellSq_RussellSq1_RS126,train,https://doi.org/10.5281/zenodo.10672568,1.0.1-alpha.1,WAV_London_3.zip,WAV_London_3/RussellSq/RS126.wav,extracted/WAV_London_3/RussellSq/RS126.wav,https://zenodo.org/api/records/10672568/files/WAV_London_3.zip/content,CC-BY-4.0,permitted_with_attribution,open,RS126,RussellSq,332621a98bc88583adc6417de28293f3b8d8789ebf83f96ee8f803754b6964a2,11925978,WAV,44100,2,1490740,33.80362811791383,33.8,float32,source_metadata_review_pending,materialized,matched,True,Matched by normalized GroupID and LocationID.
isd_audio_225ba3cbdbabe120f24f,ISD,ISD_RussellSq_RussellSq1_RS127,train,https://doi.org/10.5281/zenodo.10672568,1.0.1-alpha.1,WAV_London_3.zip,WAV_London_3/RussellSq/RS127.wav,extracted/WAV_London_3/RussellSq/RS127.wav,https://zenodo.org/api/records/10672568/files/WAV_London_3.zip/content,CC-BY-4.0,permitted_with_attribution,open,RS127,RussellSq,a97c593b7ab502424a70c2f3d44aea2e17b6f1e55e15c2d2f23005818c2833ac,11321402,WAV,44100,2,1415168,32.08997732426304,32.09,float32,source_metadata_review_pending,materialized,matched,True,Matched by normalized GroupID and LocationID.
isd_audio_7253a3d79f8c42449706,ISD,ISD_RussellSq_RussellSq2_RS201,train,https://doi.org/10.5281/zenodo.10672568,1.0.1-alpha.1,WAV_London_3.zip,WAV_London_3/RussellSq/RS201.wav,extracted/WAV_London_3/RussellSq/RS201.wav,https://zenodo.org/api/records/10672568/files/WAV_London_3.zip/content,CC-BY-4.0,permitted_with_attribution,open,RS201,RussellSq,ab3a5c6616ec9d8aa2b1972e0fd3bf07b7d101395b37d181c11c5c8293bff901,10797114,WAV,44100,2,1349632,30.603900226757368,30.6,float32,source_metadata_review_pending,materialized,matched,True,Matched by normalized GroupID and LocationID.
isd_audio_9558007677cd342f1c34,ISD,ISD_RussellSq_RussellSq2_RS202,train,https://doi.org/10.5281/zenodo.10672568,1.0.1-alpha.1,WAV_London_3.zip,WAV_London_3/RussellSq/RS202.wav,extracted/WAV_London_3/RussellSq/RS202.wav,https://zenodo.org/api/records/10672568/files/WAV_London_3.zip/content,CC-BY-4.0,permitted_with_attribution,open,RS202,RussellSq,aeb30a47e0b1ae7d1707f153823cc2417b918441087f6aad557de3009271346e,10969146,WAV,44100,2,1371136,31.091519274376417,31.09,float32,source_metadata_review_pending,materialized,matched,True,Matched by normalized GroupID and LocationID.
isd_audio_6d008d3ff56735ccdc92,ISD,ISD_RussellSq_RussellSq2_RS203,train,https://doi.org/10.5281/zenodo.10672568,1.0.1-alpha.1,WAV_London_3.zip,WAV_London_3/RussellSq/RS203.wav,extracted/WAV_London_3/RussellSq/RS203.wav,https://zenodo.org/api/records/10672568/files/WAV_London_3.zip/content,CC-BY-4.0,permitted_with_attribution,open,RS203,RussellSq,2ebad9f671aaa331f629f39f951a6a35de2e539b0da119300580000e03066064,11329594,WAV,44100,2,1416192,32.113197278911564,32.11,float32,source_metadata_review_pending,materialized,matched,True,Matched by normalized GroupID and LocationID.
isd_audio_684cfdf87ff935b30193,ISD,ISD_RussellSq_RussellSq2_RS204,excluded,https://doi.org/10.5281/zenodo.10672568,1.0.1-alpha.1,WAV_London_3.zip,WAV_London_3/RussellSq/RS204.wav,extracted/WAV_London_3/RussellSq/RS204.wav,https://zenodo.org/api/records/10672568/files/WAV_London_3.zip/content,CC-BY-4.0,permitted_with_attribution,open,RS204,RussellSq,83b0bdeb1f0fe398e0a6f4f38dd8a711c54346e33e56b65d4d4b40b37aff3e8a,15351866,WAV,44100,2,1918976,43.51419501133787,43.51,float32,source_metadata_review_pending,materialized,matched,False,Matched by normalized GroupID and LocationID. Linked clip is excluded by the frozen split.
isd_audio_7c7e5319271c64447a24,ISD,ISD_RussellSq_RussellSq2_RS205,train,https://doi.org/10.5281/zenodo.10672568,1.0.1-alpha.1,WAV_London_3.zip,WAV_London_3/RussellSq/RS205.wav,extracted/WAV_London_3/RussellSq/RS205.wav,https://zenodo.org/api/records/10672568/files/WAV_London_3.zip/content,CC-BY-4.0,permitted_with_attribution,open,RS205,RussellSq,e7b706c068ea5f3fcd135b90608ee4a261db4a54623ddee60078e5710c457b6d,12263482,WAV,44100,2,1532928,34.76027210884354,34.76,float32,source_metadata_review_pending,materialized,matched,True,Matched by normalized GroupID and LocationID.
isd_audio_8faca5095b298187a982,ISD,ISD_RussellSq_RussellSq2_RS206,train,https://doi.org/10.5281/zenodo.10672568,1.0.1-alpha.1,WAV_London_3.zip,WAV_London_3/RussellSq/RS206.wav,extracted/WAV_London_3/RussellSq/RS206.wav,https://zenodo.org/api/records/10672568/files/WAV_London_3.zip/content,CC-BY-4.0,permitted_with_attribution,open,RS206,RussellSq,652ee929b81e5061cc6c227ff951661c54bff14bef9493c1c43119d6e3594880,11337786,WAV,44100,2,1417216,32.13641723356009,32.14,float32,source_metadata_review_pending,materialized,matched,True,Matched by normalized GroupID and LocationID.
isd_audio_b64a568e1ea2b3fca4d6,ISD,ISD_RussellSq_RussellSq2_RS207,train,https://doi.org/10.5281/zenodo.10672568,1.0.1-alpha.1,WAV_London_3.zip,WAV_London_3/RussellSq/RS207.wav,extracted/WAV_London_3/RussellSq/RS207.wav,https://zenodo.org/api/records/10672568/files/WAV_London_3.zip/content,CC-BY-4.0,permitted_with_attribution,open,RS207,RussellSq,67e53452bc201db7e464a439129d034bc1e98de489dd7ba853c3d9c10b9ff055,12329018,WAV,44100,2,1541120,34.94603174603174,34.95,float32,source_metadata_review_pending,materialized,matched,True,Matched by normalized GroupID and LocationID.
isd_audio_4663b333fb5fee49226d,ISD,ISD_RussellSq_RussellSq2_RS208,train,https://doi.org/10.5281/zenodo.10672568,1.0.1-alpha.1,WAV_London_3.zip,WAV_London_3/RussellSq/RS208.wav,extracted/WAV_London_3/RussellSq/RS208.wav,https://zenodo.org/api/records/10672568/files/WAV_London_3.zip/content,CC-BY-4.0,permitted_with_attribution,open,RS208,RussellSq,3e907b8ec92eb0fbebf51d255b040bcf3c20a924f26202011c201b29da82f2ed,11108410,WAV,44100,2,1388544,31.48625850340136,31.49,float32,source_metadata_review_pending,materialized,matched,True,Matched by normalized GroupID and LocationID.
isd_audio_fd4f2b773f2d264c211c,ISD,ISD_RussellSq_RussellSq2_RS209,train,https://doi.org/10.5281/zenodo.10672568,1.0.1-alpha.1,WAV_London_3.zip,WAV_London_3/RussellSq/RS209.wav,extracted/WAV_London_3/RussellSq/RS209.wav,https://zenodo.org/api/records/10672568/files/WAV_London_3.zip/content,CC-BY-4.0,permitted_with_attribution,open,RS209,RussellSq,272d741a787ab5a93942cce963118ddcfc7eeeaa2ad626dc00d4621e0616d05c,12574778,WAV,44100,2,1571840,35.64263038548753,35.64,float32,source_metadata_review_pending,materialized,matched,True,Matched by normalized GroupID and LocationID.
isd_audio_201dffc63e1121bdacad,ISD,ISD_RussellSq_RussellSq2_RS210,train,https://doi.org/10.5281/zenodo.10672568,1.0.1-alpha.1,WAV_London_3.zip,WAV_London_3/RussellSq/RS210.wav,extracted/WAV_London_3/RussellSq/RS210.wav,https://zenodo.org/api/records/10672568/files/WAV_London_3.zip/content,CC-BY-4.0,permitted_with_attribution,open,RS210,RussellSq,6fc37932833db6e645b96110d50180c0990d797f2f46e47a0e548cb4424b86b1,11870266,WAV,44100,2,1483776,33.645714285714284,33.65,float32,source_metadata_review_pending,materialized,matched,True,Matched by normalized GroupID and LocationID.
isd_audio_beea7b14bfe73cb56cbd,ISD,ISD_RussellSq_RussellSq2_RS211,train,https://doi.org/10.5281/zenodo.10672568,1.0.1-alpha.1,WAV_London_3.zip,WAV_London_3/RussellSq/RS211.wav,extracted/WAV_London_3/RussellSq/RS211.wav,https://zenodo.org/api/records/10672568/files/WAV_London_3.zip/content,CC-BY-4.0,permitted_with_attribution,open,RS211,RussellSq,75ed56fe00d3ad2fec2b7da86e3f7ca27bc17b7c7634e6c25a34ea2b34b1708e,12329018,WAV,44100,2,1541120,34.94603174603174,34.95,float32,source_metadata_review_pending,materialized,matched,True,Matched by normalized GroupID and LocationID.
isd_audio_2d14f7a24e202ccf79f1,ISD,ISD_RussellSq_RussellSq2_RS212,train,https://doi.org/10.5281/zenodo.10672568,1.0.1-alpha.1,WAV_London_3.zip,WAV_London_3/RussellSq/RS212.wav,extracted/WAV_London_3/RussellSq/RS212.wav,https://zenodo.org/api/records/10672568/files/WAV_London_3.zip/content,CC-BY-4.0,permitted_with_attribution,open,RS212,RussellSq,7a17d6355ebc486040453a80f858cc5193d902eeba466285865f3110adcf1c57,11305018,WAV,44100,2,1413120,32.04353741496599,32.04,float32,source_metadata_review_pending,materialized,matched,True,Matched by normalized GroupID and LocationID.
isd_audio_530c1944a9191687467b,ISD,ISD_RussellSq_RussellSq2_RS213,train,https://doi.org/10.5281/zenodo.10672568,1.0.1-alpha.1,WAV_London_3.zip,WAV_London_3/RussellSq/RS213.wav,extracted/WAV_London_3/RussellSq/RS213.wav,https://zenodo.org/api/records/10672568/files/WAV_London_3.zip/content,CC-BY-4.0,permitted_with_attribution,open,RS213,RussellSq,1741cee30853dcef05477e1ce5e919f8b7163dded6dd56a7e66dcf2fd6fa6165,10870842,WAV,44100,2,1358848,30.812879818594105,30.81,float32,source_metadata_review_pending,materialized,matched,True,Matched by normalized GroupID and LocationID.
isd_audio_4d5367c0c97a81d2754a,ISD,ISD_RussellSq_RussellSq2_RS214,train,https://doi.org/10.5281/zenodo.10672568,1.0.1-alpha.1,WAV_London_3.zip,WAV_London_3/RussellSq/RS214.wav,extracted/WAV_London_3/RussellSq/RS214.wav,https://zenodo.org/api/records/10672568/files/WAV_London_3.zip/content,CC-BY-4.0,permitted_with_attribution,open,RS214,RussellSq,814d9419e8d0998359f3db8ca7bba4e680eb313defc8e854c5dc856ad374c47e,11501626,WAV,44100,2,1437696,32.60081632653061,32.6,float32,source_metadata_review_pending,materialized,matched,True,Matched by normalized GroupID and LocationID.
isd_audio_c1b46df2e3a40a5f00e7,ISD,ISD_RussellSq_RussellSq2_RS215,train,https://doi.org/10.5281/zenodo.10672568,1.0.1-alpha.1,WAV_London_3.zip,WAV_London_3/RussellSq/RS215.wav,extracted/WAV_London_3/RussellSq/RS215.wav,https://zenodo.org/api/records/10672568/files/WAV_London_3.zip/content,CC-BY-4.0,permitted_with_attribution,open,RS215,RussellSq,b35e9bacd9a56eaa7c4062b074896e67f3956d5057df3b73381770acd706f1d3,11182138,WAV,44100,2,1397760,31.695238095238096,31.7,float32,source_metadata_review_pending,materialized,matched,True,Matched by normalized GroupID and LocationID.
isd_audio_1664f825a02ed0173e1a,ISD,ISD_RussellSq_RussellSq2_RS216,train,https://doi.org/10.5281/zenodo.10672568,1.0.1-alpha.1,WAV_London_3.zip,WAV_London_3/RussellSq/RS216.wav,extracted/WAV_London_3/RussellSq/RS216.wav,https://zenodo.org/api/records/10672568/files/WAV_London_3.zip/content,CC-BY-4.0,permitted_with_attribution,open,RS216,RussellSq,b0f243dc00a67dec54b07d05c91855430e5f8409c4a7ac83aac4b51f2a6c6c2a,11714618,WAV,44100,2,1464320,33.20453514739229,33.2,float32,source_metadata_review_pending,materialized,matched,True,Matched by normalized GroupID and LocationID.
isd_audio_5a4133084ece24934089,ISD,ISD_RussellSq_RussellSq2_RS218,train,https://doi.org/10.5281/zenodo.10672568,1.0.1-alpha.1,WAV_London_3.zip,WAV_London_3/RussellSq/RS218.wav,extracted/WAV_London_3/RussellSq/RS218.wav,https://zenodo.org/api/records/10672568/files/WAV_London_3.zip/content,CC-BY-4.0,permitted_with_attribution,open,RS218,RussellSq,5c2f65487647bbaaa11955fa6766b283b1a9aca6e128c6de9cb906ebd4e32bbc,11935802,WAV,44100,2,1491968,33.8314739229025,33.83,float32,source_metadata_review_pending,materialized,matched,True,Matched by normalized GroupID and LocationID.
isd_audio_b87d308e9428914a0120,ISD,ISD_RussellSq_RussellSq2_RS219,train,https://doi.org/10.5281/zenodo.10672568,1.0.1-alpha.1,WAV_London_3.zip,WAV_London_3/RussellSq/RS219.wav,extracted/WAV_London_3/RussellSq/RS219.wav,https://zenodo.org/api/records/10672568/files/WAV_London_3.zip/content,CC-BY-4.0,permitted_with_attribution,open,RS219,RussellSq,35d2a7fb05be2a58b11b7755f822e4d73eedaaa1a973d8c0e3a2f4e7be04eb88,14442554,WAV,44100,2,1805312,40.936780045351476,40.94,float32,source_metadata_review_pending,materialized,matched,True,Matched by normalized GroupID and LocationID.
isd_audio_72ce9a2ad5ea734316f9,ISD,ISD_RussellSq_RussellSq2_RS220,train,https://doi.org/10.5281/zenodo.10672568,1.0.1-alpha.1,WAV_London_3.zip,WAV_London_3/RussellSq/RS220.wav,extracted/WAV_London_3/RussellSq/RS220.wav,https://zenodo.org/api/records/10672568/files/WAV_London_3.zip/content,CC-BY-4.0,permitted_with_attribution,open,RS220,RussellSq,6aec79159f43f7040615ec31e16fda83b2f0a7fdf987b3d7806c0b308e2885b3,11935802,WAV,44100,2,1491968,33.8314739229025,33.83,float32,source_metadata_review_pending,materialized,matched,True,Matched by normalized GroupID and LocationID.
isd_audio_4cb0b42b1e442b29e2a8,ISD,ISD_RussellSq_RussellSq2_RS221,train,https://doi.org/10.5281/zenodo.10672568,1.0.1-alpha.1,WAV_London_3.zip,WAV_London_3/RussellSq/RS221.wav,extracted/WAV_London_3/RussellSq/RS221.wav,https://zenodo.org/api/records/10672568/files/WAV_London_3.zip/content,CC-BY-4.0,permitted_with_attribution,open,RS221,RussellSq,97b00a1d43fbf61cb6950ca632b30f11c43f8233dbe88e9dc166b27974b66351,11558970,WAV,44100,2,1444864,32.76335600907029,32.76,float32,source_metadata_review_pending,materialized,matched,True,Matched by normalized GroupID and LocationID.
isd_audio_0916638bebbe6eba8037,ISD,ISD_RussellSq_RussellSq2_RS222,train,https://doi.org/10.5281/zenodo.10672568,1.0.1-alpha.1,WAV_London_3.zip,WAV_London_3/RussellSq/RS222.wav,extracted/WAV_London_3/RussellSq/RS222.wav,https://zenodo.org/api/records/10672568/files/WAV_London_3.zip/content,CC-BY-4.0,permitted_with_attribution,open,RS222,RussellSq,65f276d4deeb7c5847499654fb47768ef77824e9e19e3220e4bd3443cabe607b,11362362,WAV,44100,2,1420288,32.20607709750567,32.21,float32,source_metadata_review_pending,materialized,matched,True,Matched by normalized GroupID and LocationID.
isd_audio_56d3ac534cfb76e8ba95,ISD,ISD_RussellSq_RussellSq2_RS223,train,https://doi.org/10.5281/zenodo.10672568,1.0.1-alpha.1,WAV_London_3.zip,WAV_London_3/RussellSq/RS223.wav,extracted/WAV_London_3/RussellSq/RS223.wav,https://zenodo.org/api/records/10672568/files/WAV_London_3.zip/content,CC-BY-4.0,permitted_with_attribution,open,RS223,RussellSq,c59e4e1b04c3863cbab697fec885f2c33243dcdc8923d97755ae46a99250bc5b,11665466,WAV,44100,2,1458176,33.065215419501136,33.07,float32,source_metadata_review_pending,materialized,matched,True,Matched by normalized GroupID and LocationID.
isd_audio_0423b5fdfd61924352c6,ISD,ISD_RussellSq_RussellSq2_RS224,train,https://doi.org/10.5281/zenodo.10672568,1.0.1-alpha.1,WAV_London_3.zip,WAV_London_3/RussellSq/RS224.wav,extracted/WAV_London_3/RussellSq/RS224.wav,https://zenodo.org/api/records/10672568/files/WAV_London_3.zip/content,CC-BY-4.0,permitted_with_attribution,open,RS224,RussellSq,953878617744b9d294f8ce1e35fa39f57f1d32c0d813f8235da2ea3ed2604c33,11395130,WAV,44100,2,1424384,32.298956916099776,32.3,float32,source_metadata_review_pending,materialized,matched,True,Matched by normalized GroupID and LocationID.
isd_audio_2144e71dedb38c0e0fdb,ISD,ISD_RussellSq_RussellSq2_RS225,train,https://doi.org/10.5281/zenodo.10672568,1.0.1-alpha.1,WAV_London_3.zip,WAV_London_3/RussellSq/RS225.wav,extracted/WAV_London_3/RussellSq/RS225.wav,https://zenodo.org/api/records/10672568/files/WAV_London_3.zip/content,CC-BY-4.0,permitted_with_attribution,open,RS225,RussellSq,cc6b64f039ecac71f00f5bf190a18fed34f4cd45c345920b3fa5033f613a4b51,11837498,WAV,44100,2,1479680,33.55283446712018,33.55,float32,source_metadata_review_pending,materialized,matched,True,Matched by normalized GroupID and LocationID.
isd_audio_35744d3592564cb3d0f0,ISD,ISD_RussellSq_RussellSq2_RS226,train,https://doi.org/10.5281/zenodo.10672568,1.0.1-alpha.1,WAV_London_3.zip,WAV_London_3/RussellSq/RS226.wav,extracted/WAV_London_3/RussellSq/RS226.wav,https://zenodo.org/api/records/10672568/files/WAV_London_3.zip/content,CC-BY-4.0,permitted_with_attribution,open,RS226,RussellSq,3a9fb107849242722278b93d6d5439707e1d30f30aab0aa430ceafd843036c73,12255290,WAV,44100,2,1531904,34.73705215419501,34.74,float32,source_metadata_review_pending,materialized,matched,True,Matched by normalized GroupID and LocationID.
isd_audio_f2230ae8980fcec2563c,ISD,ISD_RussellSq_RussellSq2_RS227,train,https://doi.org/10.5281/zenodo.10672568,1.0.1-alpha.1,WAV_London_3.zip,WAV_London_3/RussellSq/RS227.wav,extracted/WAV_London_3/RussellSq/RS227.wav,https://zenodo.org/api/records/10672568/files/WAV_London_3.zip/content,CC-BY-4.0,permitted_with_attribution,open,RS227,RussellSq,2bdf07d7f9aa331959a89916475ec2e2d8e17dedb9b65cbcabb0a151cf19980f,12558394,WAV,44100,2,1569792,35.59619047619048,35.6,float32,source_metadata_review_pending,materialized,matched,True,Matched by normalized GroupID and LocationID.
isd_audio_c514e22fea30b10a2635,ISD,ISD_RussellSq_RussellSq2_RS228,train,https://doi.org/10.5281/zenodo.10672568,1.0.1-alpha.1,WAV_London_3.zip,WAV_London_3/RussellSq/RS228.wav,extracted/WAV_London_3/RussellSq/RS228.wav,https://zenodo.org/api/records/10672568/files/WAV_London_3.zip/content,CC-BY-4.0,permitted_with_attribution,open,RS228,RussellSq,2c27f11c94f3636c7d88c058d1c812477f53472f4433443ad3d00cb91e82a346,11845690,WAV,44100,2,1480704,33.57605442176871,33.58,float32,source_metadata_review_pending,materialized,matched,True,Matched by normalized GroupID and LocationID.
isd_audio_619eeefee8b553112cf6,ISD,ISD_RussellSq_RussellSq2_RS229,train,https://doi.org/10.5281/zenodo.10672568,1.0.1-alpha.1,WAV_London_3.zip,WAV_London_3/RussellSq/RS229.wav,extracted/WAV_London_3/RussellSq/RS229.wav,https://zenodo.org/api/records/10672568/files/WAV_London_3.zip/content,CC-BY-4.0,permitted_with_attribution,open,RS229,RussellSq,138f4095301de046de68c1fba1e4ec702d2886a90e192dd4f336cf19a6278dbb,11583546,WAV,44100,2,1447936,32.833015873015874,32.83,float32,source_metadata_review_pending,materialized,matched,True,Matched by normalized GroupID and LocationID.
isd_audio_82e2abf54f6af8cdb2c1,ISD,ISD_RussellSq_RussellSq2_RS230,train,https://doi.org/10.5281/zenodo.10672568,1.0.1-alpha.1,WAV_London_3.zip,WAV_London_3/RussellSq/RS230.wav,extracted/WAV_London_3/RussellSq/RS230.wav,https://zenodo.org/api/records/10672568/files/WAV_London_3.zip/content,CC-BY-4.0,permitted_with_attribution,open,RS230,RussellSq,bc2b8afb9d1aeca18d25b2cf16371782c1781a81b00cb0ecd415c0a56b3076b2,11550778,WAV,44100,2,1443840,32.74013605442177,32.74,float32,source_metadata_review_pending,materialized,matched,True,Matched by normalized GroupID and LocationID.
isd_audio_f0c6a19524161f3f69fb,ISD,ISD_RussellSq_RussellSq2_RS231,train,https://doi.org/10.5281/zenodo.10672568,1.0.1-alpha.1,WAV_London_3.zip,WAV_London_3/RussellSq/RS231.wav,extracted/WAV_London_3/RussellSq/RS231.wav,https://zenodo.org/api/records/10672568/files/WAV_London_3.zip/content,CC-BY-4.0,permitted_with_attribution,open,RS231,RussellSq,6a6ac3aa11ff4388bbf7a41e5e1cc68ef7f05fc7424a4de81f17b84037bafc31,11591738,WAV,44100,2,1448960,32.8562358276644,32.86,float32,source_metadata_review_pending,materialized,matched,True,Matched by normalized GroupID and LocationID.
isd_audio_a6dff0d068e1dcc50ae9,ISD,ISD_RussellSq_RussellSq2_RS232,train,https://doi.org/10.5281/zenodo.10672568,1.0.1-alpha.1,WAV_London_3.zip,WAV_London_3/RussellSq/RS232.wav,extracted/WAV_London_3/RussellSq/RS232.wav,https://zenodo.org/api/records/10672568/files/WAV_London_3.zip/content,CC-BY-4.0,permitted_with_attribution,open,RS232,RussellSq,d9d07dfd6bf2b5be24127a0b685a317a6338625d0c1e25dcadf24ff767e501c6,11018298,WAV,44100,2,1377280,31.230839002267572,31.23,float32,source_metadata_review_pending,materialized,matched,True,Matched by normalized GroupID and LocationID.
isd_audio_49b9b202e873499a6c75,ISD,ISD_RussellSq_RussellSq3_RS303,train,https://doi.org/10.5281/zenodo.10672568,1.0.1-alpha.1,WAV_London_3.zip,WAV_London_3/RussellSq/RS303.wav,extracted/WAV_London_3/RussellSq/RS303.wav,https://zenodo.org/api/records/10672568/files/WAV_London_3.zip/content,CC-BY-4.0,permitted_with_attribution,open,RS303,RussellSq,535086983d221dcfa4af595c56477b4286b97825eb6280373460c7a800432202,12763194,WAV,44100,2,1595392,36.17668934240363,36.18,float32,source_metadata_review_pending,materialized,matched,True,Matched by normalized GroupID and LocationID.
isd_audio_ef32bdb918ad89dc7565,ISD,ISD_RussellSq_RussellSq3_RS304,train,https://doi.org/10.5281/zenodo.10672568,1.0.1-alpha.1,WAV_London_3.zip,WAV_London_3/RussellSq/RS304.wav,extracted/WAV_London_3/RussellSq/RS304.wav,https://zenodo.org/api/records/10672568/files/WAV_London_3.zip/content,CC-BY-4.0,permitted_with_attribution,open,RS304,RussellSq,c894a33cf1a9c16a0ed74df26db081813e5812d8209426c8b177a24a028e77c6,12050490,WAV,44100,2,1506304,34.15655328798186,34.16,float32,source_metadata_review_pending,materialized,matched,True,Matched by normalized GroupID and LocationID.
isd_audio_cbe698de5409b63d0f17,ISD,ISD_RussellSq_RussellSq3_RS305,train,https://doi.org/10.5281/zenodo.10672568,1.0.1-alpha.1,WAV_London_3.zip,WAV_London_3/RussellSq/RS305.wav,extracted/WAV_London_3/RussellSq/RS305.wav,https://zenodo.org/api/records/10672568/files/WAV_London_3.zip/content,CC-BY-4.0,permitted_with_attribution,open,RS305,RussellSq,18ee1a2aa2c2936b7588d6a1d089e92d3dd35e66a6096ea518b07d7568c6f235,12034106,WAV,44100,2,1504256,34.11011337868481,34.11,float32,source_metadata_review_pending,materialized,matched,True,Matched by normalized GroupID and LocationID.
isd_audio_90035c12ac0847b3ed39,ISD,ISD_RussellSq_RussellSq3_RS306,train,https://doi.org/10.5281/zenodo.10672568,1.0.1-alpha.1,WAV_London_3.zip,WAV_London_3/RussellSq/RS306.wav,extracted/WAV_London_3/RussellSq/RS306.wav,https://zenodo.org/api/records/10672568/files/WAV_London_3.zip/content,CC-BY-4.0,permitted_with_attribution,open,RS306,RussellSq,81dbe094b5ca678cbd75dae4021607cdb67f8b9beac92620d94c9a8cfc74598f,7408858,WAV,44100,2,926100,21.0,21.0,float32,source_metadata_review_pending,materialized,matched,True,Matched by normalized GroupID and LocationID.
isd_audio_missing_2972c7f7a4ed49a3,ISD,ISD_RussellSq_RussellSq3_RS307,train,https://doi.org/10.5281/zenodo.10672568,1.0.1-alpha.1,WAV_Granada_1.zip;WAV_Groningen_1.zip;WAV_London_1.zip;WAV_London_2.zip;WAV_London_3.zip;WAV_London_4.zip;WAV_Venice_1.zip,,,https://doi.org/10.5281/zenodo.10672568,CC-BY-4.0,permitted_with_attribution,open,RS307,RussellSq,,,,,,,,,,not_available,source_missing,missing_source_asset,False,MOSAIQ clip is in the archive location scope but no WAV candidate exists.
isd_audio_35136ba34e47084f9c9c,ISD,ISD_RussellSq_RussellSq3_RS308,train,https://doi.org/10.5281/zenodo.10672568,1.0.1-alpha.1,WAV_London_3.zip,WAV_London_3/RussellSq/RS308.wav,extracted/WAV_London_3/RussellSq/RS308.wav,https://zenodo.org/api/records/10672568/files/WAV_London_3.zip/content,CC-BY-4.0,permitted_with_attribution,open,RS308,RussellSq,877209c9d47f9f5477efc69185a5457d07751fe7697d880a222a90462dd62564,12312634,WAV,44100,2,1539072,34.89959183673469,34.9,float32,source_metadata_review_pending,materialized,matched,True,Matched by normalized GroupID and LocationID.
isd_audio_1495f8e9fedb783c1cb9,ISD,ISD_RussellSq_RussellSq3_RS309,train,https://doi.org/10.5281/zenodo.10672568,1.0.1-alpha.1,WAV_London_3.zip,WAV_London_3/RussellSq/RS309.wav,extracted/WAV_London_3/RussellSq/RS309.wav,https://zenodo.org/api/records/10672568/files/WAV_London_3.zip/content,CC-BY-4.0,permitted_with_attribution,open,RS309,RussellSq,616092304a371d334371f4b81a2def2723a926b69e63208e2a36931882488509,12034106,WAV,44100,2,1504256,34.11011337868481,34.11,float32,source_metadata_review_pending,materialized,matched,True,Matched by normalized GroupID and LocationID.
isd_audio_27c118a14afc5e6e2196,ISD,ISD_RussellSq_RussellSq3_RS310,train,https://doi.org/10.5281/zenodo.10672568,1.0.1-alpha.1,WAV_London_3.zip,WAV_London_3/RussellSq/RS310.wav,extracted/WAV_London_3/RussellSq/RS310.wav,https://zenodo.org/api/records/10672568/files/WAV_London_3.zip/content,CC-BY-4.0,permitted_with_attribution,open,RS310,RussellSq,1b1156ec2160aedfc73c4fd817416e36ffd1a655b15c8d2155ab50f50902bf91,11968570,WAV,44100,2,1496064,33.924353741496596,33.92,float32,source_metadata_review_pending,materialized,matched,True,Matched by normalized GroupID and LocationID.
isd_audio_07e701bf1ae0ffc1ff06,ISD,ISD_RussellSq_RussellSq3_RS311,train,https://doi.org/10.5281/zenodo.10672568,1.0.1-alpha.1,WAV_London_3.zip,WAV_London_3/RussellSq/RS311.wav,extracted/WAV_London_3/RussellSq/RS311.wav,https://zenodo.org/api/records/10672568/files/WAV_London_3.zip/content,CC-BY-4.0,permitted_with_attribution,open,RS311,RussellSq,b0ca1de2ad7b0fa9895349f3dc998d5285f04cd970152f1e998f37fd120f51f7,12238906,WAV,44100,2,1529856,34.690612244897956,34.69,float32,source_metadata_review_pending,materialized,matched,True,Matched by normalized GroupID and LocationID.
isd_audio_3b76996b4baaa915f212,ISD,ISD_RussellSq_RussellSq3_RS312,train,https://doi.org/10.5281/zenodo.10672568,1.0.1-alpha.1,WAV_London_3.zip,WAV_London_3/RussellSq/RS312.wav,extracted/WAV_London_3/RussellSq/RS312.wav,https://zenodo.org/api/records/10672568/files/WAV_London_3.zip/content,CC-BY-4.0,permitted_with_attribution,open,RS312,RussellSq,23bcc50166fe81109543ac1cdee2171329601b493c264e49caec805ebf79b6ac,11878458,WAV,44100,2,1484800,33.66893424036281,33.67,float32,source_metadata_review_pending,materialized,matched,True,Matched by normalized GroupID and LocationID.
isd_audio_bef9101cc0064f3c7c58,ISD,ISD_RussellSq_RussellSq3_RS313,train,https://doi.org/10.5281/zenodo.10672568,1.0.1-alpha.1,WAV_London_3.zip,WAV_London_3/RussellSq/RS313.wav,extracted/WAV_London_3/RussellSq/RS313.wav,https://zenodo.org/api/records/10672568/files/WAV_London_3.zip/content,CC-BY-4.0,permitted_with_attribution,open,RS313,RussellSq,da87501238d740aedf9d4b1bd80fc3f00f43dcd4ff038da494ddb9f922c91525,12951610,WAV,44100,2,1618944,36.710748299319725,36.71,float32,source_metadata_review_pending,materialized,matched,True,Matched by normalized GroupID and LocationID.
isd_audio_902907050802b9a439de,ISD,ISD_RussellSq_RussellSq3_RS314,train,https://doi.org/10.5281/zenodo.10672568,1.0.1-alpha.1,WAV_London_3.zip,WAV_London_3/RussellSq/RS314.wav,extracted/WAV_London_3/RussellSq/RS314.wav,https://zenodo.org/api/records/10672568/files/WAV_London_3.zip/content,CC-BY-4.0,permitted_with_attribution,open,RS314,RussellSq,3ff99584c9bc7cd120de3b564ef97ccd51636c4090daca74beebc1211123fe3e,11608122,WAV,44100,2,1451008,32.90267573696145,32.9,float32,source_metadata_review_pending,materialized,matched,True,Matched by normalized GroupID and LocationID.
isd_audio_6ab875fdce79d1e3def6,ISD,ISD_RussellSq_RussellSq3_RS315,train,https://doi.org/10.5281/zenodo.10672568,1.0.1-alpha.1,WAV_London_3.zip,WAV_London_3/RussellSq/RS315.wav,extracted/WAV_London_3/RussellSq/RS315.wav,https://zenodo.org/api/records/10672568/files/WAV_London_3.zip/content,CC-BY-4.0,permitted_with_attribution,open,RS315,RussellSq,7ae43b908c7dcd861a09f9e437a225728a4f86a0e9b54ddeea27117efbfafe33,12378170,WAV,44100,2,1547264,35.085351473922906,35.09,float32,source_metadata_review_pending,materialized,matched,True,Matched by normalized GroupID and LocationID.
isd_audio_missing_83c374a07178a767,ISD,ISD_RussellSq_RussellSq3_RS316,train,https://doi.org/10.5281/zenodo.10672568,1.0.1-alpha.1,WAV_Granada_1.zip;WAV_Groningen_1.zip;WAV_London_1.zip;WAV_London_2.zip;WAV_London_3.zip;WAV_London_4.zip;WAV_Venice_1.zip,,,https://doi.org/10.5281/zenodo.10672568,CC-BY-4.0,permitted_with_attribution,open,RS316,RussellSq,,,,,,,,,,not_available,source_missing,missing_source_asset,False,MOSAIQ clip is in the archive location scope but no WAV candidate exists.
isd_audio_e8fef302a413bbe06bab,ISD,ISD_RussellSq_RussellSq3_RS317,train,https://doi.org/10.5281/zenodo.10672568,1.0.1-alpha.1,WAV_London_3.zip,WAV_London_3/RussellSq/RS317.wav,extracted/WAV_London_3/RussellSq/RS317.wav,https://zenodo.org/api/records/10672568/files/WAV_London_3.zip/content,CC-BY-4.0,permitted_with_attribution,open,RS317,RussellSq,408494abefe93a96231e4677f8ce55ebe13a179e3d57a1a7018609acccafbc05,11976762,WAV,44100,2,1497088,33.94757369614513,33.95,float32,source_metadata_review_pending,materialized,matched,True,Matched by normalized GroupID and LocationID.
isd_audio_fc3d4d012a5ac47b6ea3,ISD,ISD_RussellSq_RussellSq3_RS318,train,https://doi.org/10.5281/zenodo.10672568,1.0.1-alpha.1,WAV_London_3.zip,WAV_London_3/RussellSq/RS318.wav,extracted/WAV_London_3/RussellSq/RS318.wav,https://zenodo.org/api/records/10672568/files/WAV_London_3.zip/content,CC-BY-4.0,permitted_with_attribution,open,RS318,RussellSq,05de29c94b391a40b7dbcd009772b1711460c0fc7f160669d79d67a7c32258e1,11943994,WAV,44100,2,1492992,33.85469387755102,33.85,float32,source_metadata_review_pending,materialized,matched,True,Matched by normalized GroupID and LocationID.
isd_audio_0da36a0ce8ed32b9e3b2,ISD,ISD_RussellSq_RussellSq3_RS319,train,https://doi.org/10.5281/zenodo.10672568,1.0.1-alpha.1,WAV_London_3.zip,WAV_London_3/RussellSq/RS319.wav,extracted/WAV_London_3/RussellSq/RS319.wav,https://zenodo.org/api/records/10672568/files/WAV_London_3.zip/content,CC-BY-4.0,permitted_with_attribution,open,RS319,RussellSq,c2e2890394f471edb6a7a191d2a7cd8ce1c56c86688894df28398899a3823e14,12886074,WAV,44100,2,1610752,36.52498866213152,36.52,float32,source_metadata_review_pending,materialized,matched,True,Matched by normalized GroupID and LocationID.
isd_audio_74f69e88e57267a5c013,ISD,ISD_RussellSq_RussellSq3_RS320,train,https://doi.org/10.5281/zenodo.10672568,1.0.1-alpha.1,WAV_London_3.zip,WAV_London_3/RussellSq/RS320.wav,extracted/WAV_London_3/RussellSq/RS320.wav,https://zenodo.org/api/records/10672568/files/WAV_London_3.zip/content,CC-BY-4.0,permitted_with_attribution,open,RS320,RussellSq,59433188b96c16c97408af9324c253869d0c168a9d8821fbf2be229d214044d9,8114458,WAV,44100,2,1014300,23.0,23.0,float32,source_metadata_review_pending,materialized,matched,True,Matched by normalized GroupID and LocationID.
isd_audio_c6d59fa401a53e054b4e,ISD,ISD_RussellSq_RussellSq3_RS321,train,https://doi.org/10.5281/zenodo.10672568,1.0.1-alpha.1,WAV_London_3.zip,WAV_London_3/RussellSq/RS321.wav,extracted/WAV_London_3/RussellSq/RS321.wav,https://zenodo.org/api/records/10672568/files/WAV_London_3.zip/content,CC-BY-4.0,permitted_with_attribution,open,RS321,RussellSq,f1fcc37640eb4525946107bf030166ae7bb0aa28da68c277bf2149a7176e9de2,11722810,WAV,44100,2,1465344,33.22775510204082,33.23,float32,source_metadata_review_pending,materialized,matched,True,Matched by normalized GroupID and LocationID.
isd_audio_526930f64b6a2a11a8f3,ISD,ISD_RussellSq_RussellSq3_RS322,train,https://doi.org/10.5281/zenodo.10672568,1.0.1-alpha.1,WAV_London_3.zip,WAV_London_3/RussellSq/RS322.wav,extracted/WAV_London_3/RussellSq/RS322.wav,https://zenodo.org/api/records/10672568/files/WAV_London_3.zip/content,CC-BY-4.0,permitted_with_attribution,open,RS322,RussellSq,18db4b27ba85e592c723836833b24a5c39da1fdde90a528f42c929bc9b0df0a1,11477050,WAV,44100,2,1434624,32.53115646258503,32.53,float32,source_metadata_review_pending,materialized,matched,True,Matched by normalized GroupID and LocationID.
isd_audio_c3596aa384cc0e3ad79c,ISD,ISD_RussellSq_RussellSq3_RS323,train,https://doi.org/10.5281/zenodo.10672568,1.0.1-alpha.1,WAV_London_3.zip,WAV_London_3/RussellSq/RS323.wav,extracted/WAV_London_3/RussellSq/RS323.wav,https://zenodo.org/api/records/10672568/files/WAV_London_3.zip/content,CC-BY-4.0,permitted_with_attribution,open,RS323,RussellSq,493ef18c18268766679c6ddab24ff31fc5c3c85d552e1cf1cb4494ccd5db74a0,11755578,WAV,44100,2,1469440,33.32063492063492,33.32,float32,source_metadata_review_pending,materialized,matched,True,Matched by normalized GroupID and LocationID.
isd_audio_f832833e0ed25a194711,ISD,ISD_RussellSq_RussellSq3_RS324,train,https://doi.org/10.5281/zenodo.10672568,1.0.1-alpha.1,WAV_London_3.zip,WAV_London_3/RussellSq/RS324.wav,extracted/WAV_London_3/RussellSq/RS324.wav,https://zenodo.org/api/records/10672568/files/WAV_London_3.zip/content,CC-BY-4.0,permitted_with_attribution,open,RS324,RussellSq,1cecd32ca4ae792ae463f3e9c34fb86eb6f5f2088736414a3070c6a02a8f1749,11642458,WAV,44100,2,1455300,33.0,33.0,float32,source_metadata_review_pending,materialized,matched,True,Matched by normalized GroupID and LocationID.
isd_audio_00bd8f794b5dd66b877d,ISD,ISD_RussellSq_RussellSq3_RS325,train,https://doi.org/10.5281/zenodo.10672568,1.0.1-alpha.1,WAV_London_3.zip,WAV_London_3/RussellSq/RS325.wav,extracted/WAV_London_3/RussellSq/RS325.wav,https://zenodo.org/api/records/10672568/files/WAV_London_3.zip/content,CC-BY-4.0,permitted_with_attribution,open,RS325,RussellSq,2f9f0a1ba3be69f44700dac9a1dcbff9859e34b3a6097b6e535b9e5fd0b52616,11935802,WAV,44100,2,1491968,33.8314739229025,33.83,float32,source_metadata_review_pending,materialized,matched,True,Matched by normalized GroupID and LocationID.
isd_audio_6f9c0f80061336f3f6a3,ISD,ISD_RussellSq_RussellSq3_RS326,train,https://doi.org/10.5281/zenodo.10672568,1.0.1-alpha.1,WAV_London_3.zip,WAV_London_3/RussellSq/RS326.wav,extracted/WAV_London_3/RussellSq/RS326.wav,https://zenodo.org/api/records/10672568/files/WAV_London_3.zip/content,CC-BY-4.0,permitted_with_attribution,open,RS326,RussellSq,26020269351221f190bf5fd8636291de702de8f533fd286a4e162a788008794c,11755578,WAV,44100,2,1469440,33.32063492063492,33.32,float32,source_metadata_review_pending,materialized,matched,True,Matched by normalized GroupID and LocationID.
isd_audio_e1860546cab4e047738b,ISD,ISD_RussellSq_RussellSq3_RS327,train,https://doi.org/10.5281/zenodo.10672568,1.0.1-alpha.1,WAV_London_3.zip,WAV_London_3/RussellSq/RS327.wav,extracted/WAV_London_3/RussellSq/RS327.wav,https://zenodo.org/api/records/10672568/files/WAV_London_3.zip/content,CC-BY-4.0,permitted_with_attribution,open,RS327,RussellSq,072a95562c47f7d4bea918b5b41ed4e5ea19286f2a262ef9248d2656dc9db131,11526202,WAV,44100,2,1440768,32.670476190476194,32.67,float32,source_metadata_review_pending,materialized,matched,True,Matched by normalized GroupID and LocationID.
isd_audio_adba48690804b0d8425e,ISD,ISD_RussellSq_RussellSq3_RS328,train,https://doi.org/10.5281/zenodo.10672568,1.0.1-alpha.1,WAV_London_3.zip,WAV_London_3/RussellSq/RS328.wav,extracted/WAV_London_3/RussellSq/RS328.wav,https://zenodo.org/api/records/10672568/files/WAV_London_3.zip/content,CC-BY-4.0,permitted_with_attribution,open,RS328,RussellSq,f46f97cb73b71cfe9d6fbf08d0eba47d566e340ae7d022c6be046b9465bc252d,12795962,WAV,44100,2,1599488,36.26956916099773,36.27,float32,source_metadata_review_pending,materialized,matched,True,Matched by normalized GroupID and LocationID.
isd_audio_42fd19cc398ef992a621,ISD,ISD_RussellSq_RussellSq3_RS329,train,https://doi.org/10.5281/zenodo.10672568,1.0.1-alpha.1,WAV_London_3.zip,WAV_London_3/RussellSq/RS329.wav,extracted/WAV_London_3/RussellSq/RS329.wav,https://zenodo.org/api/records/10672568/files/WAV_London_3.zip/content,CC-BY-4.0,permitted_with_attribution,open,RS329,RussellSq,e7c0531975c9d00b62513a886bf179943a2422974617d373d1e3426d83fa7294,11878458,WAV,44100,2,1484800,33.66893424036281,33.67,float32,source_metadata_review_pending,materialized,matched,True,Matched by normalized GroupID and LocationID.
isd_audio_c59d63adeb5b0989bc25,ISD,ISD_RussellSq_RussellSq3_RS330,train,https://doi.org/10.5281/zenodo.10672568,1.0.1-alpha.1,WAV_London_3.zip,WAV_London_3/RussellSq/RS330.wav,extracted/WAV_London_3/RussellSq/RS330.wav,https://zenodo.org/api/records/10672568/files/WAV_London_3.zip/content,CC-BY-4.0,permitted_with_attribution,open,RS330,RussellSq,0107b598885e283dbf3166b59cc2082d4862411c8fe994ec1e6d0a1f8f139811,11296826,WAV,44100,2,1412096,32.02031746031746,32.02,float32,source_metadata_review_pending,materialized,matched,True,Matched by normalized GroupID and LocationID.
isd_audio_10f4b4f3821d93893072,ISD,ISD_RussellSq_RussellSq3_RS331,train,https://doi.org/10.5281/zenodo.10672568,1.0.1-alpha.1,WAV_London_3.zip,WAV_London_3/RussellSq/RS331.wav,extracted/WAV_London_3/RussellSq/RS331.wav,https://zenodo.org/api/records/10672568/files/WAV_London_3.zip/content,CC-BY-4.0,permitted_with_attribution,open,RS331,RussellSq,531c085127a43cdd1fe7ee1ede10569f56c148d08f466a7489c61f5333265860,12271674,WAV,44100,2,1533952,34.78349206349206,34.78,float32,source_metadata_review_pending,materialized,matched,True,Matched by normalized GroupID and LocationID.
isd_audio_missing_eb1f75caae5719be,ISD,ISD_SanMarco_SanMarco1_AM01,test,https://doi.org/10.5281/zenodo.10672568,1.0.1-alpha.1,WAV_Granada_1.zip;WAV_Groningen_1.zip;WAV_London_1.zip;WAV_London_2.zip;WAV_London_3.zip;WAV_London_4.zip;WAV_Venice_1.zip,,,https://doi.org/10.5281/zenodo.10672568,CC-BY-4.0,permitted_with_attribution,open,AM01,SanMarco,,,,,,,,,,not_available,source_missing,missing_source_asset,False,MOSAIQ clip is in the archive location scope but no WAV candidate exists.
isd_audio_cd8e8a472f84dbc0a77b,ISD,ISD_SanMarco_SanMarco1_AM02,test,https://doi.org/10.5281/zenodo.10672568,1.0.1-alpha.1,WAV_Venice_1.zip,Venice WAV Files/SanMarco/AM02.wav,extracted/WAV_Venice_1/Venice WAV Files/SanMarco/AM02.wav,https://zenodo.org/api/records/10672568/files/WAV_Venice_1.zip/content,CC-BY-4.0,permitted_with_attribution,open,AM02,SanMarco,d2d62dc79a89cac4913434dafbb5b2599fc4543ddd7be2c5f1d608065400890b,11714618,WAV,48000,2,1464320,30.506666666666668,30.51,float32,source_metadata_review_pending,materialized,matched,True,Matched by normalized GroupID and LocationID.
isd_audio_missing_3cfe09d7a020ef8f,ISD,ISD_SanMarco_SanMarco1_AM03,test,https://doi.org/10.5281/zenodo.10672568,1.0.1-alpha.1,WAV_Granada_1.zip;WAV_Groningen_1.zip;WAV_London_1.zip;WAV_London_2.zip;WAV_London_3.zip;WAV_London_4.zip;WAV_Venice_1.zip,,,https://doi.org/10.5281/zenodo.10672568,CC-BY-4.0,permitted_with_attribution,open,AM03,SanMarco,,,,,,,,,,not_available,source_missing,missing_source_asset,False,MOSAIQ clip is in the archive location scope but no WAV candidate exists.
isd_audio_missing_1d53dad69f428193,ISD,ISD_SanMarco_SanMarco1_AM05,test,https://doi.org/10.5281/zenodo.10672568,1.0.1-alpha.1,WAV_Granada_1.zip;WAV_Groningen_1.zip;WAV_London_1.zip;WAV_London_2.zip;WAV_London_3.zip;WAV_London_4.zip;WAV_Venice_1.zip,,,https://doi.org/10.5281/zenodo.10672568,CC-BY-4.0,permitted_with_attribution,open,AM05,SanMarco,,,,,,,,,,not_available,source_missing,missing_source_asset,False,MOSAIQ clip is in the archive location scope but no WAV candidate exists.
isd_audio_088f0bb9679dfc01b09c,ISD,ISD_SanMarco_SanMarco1_AM06,test,https://doi.org/10.5281/zenodo.10672568,1.0.1-alpha.1,WAV_Venice_1.zip,Venice WAV Files/SanMarco/AM06.wav,extracted/WAV_Venice_1/Venice WAV Files/SanMarco/AM06.wav,https://zenodo.org/api/records/10672568/files/WAV_Venice_1.zip/content,CC-BY-4.0,permitted_with_attribution,open,AM06,SanMarco,206a3567429e95eb04746be9542b13f25593f613cd63aa3b06c7cdc03802ebc3,12992570,WAV,48000,2,1624064,33.834666666666664,33.83,float32,source_metadata_review_pending,materialized,matched,True,Matched by normalized GroupID and LocationID.
isd_audio_fcfcc7c5716b4ab26529,ISD,ISD_SanMarco_SanMarco1_AM07,test,https://doi.org/10.5281/zenodo.10672568,1.0.1-alpha.1,WAV_Venice_1.zip,Venice WAV Files/SanMarco/AM07.wav,extracted/WAV_Venice_1/Venice WAV Files/SanMarco/AM07.wav,https://zenodo.org/api/records/10672568/files/WAV_Venice_1.zip/content,CC-BY-4.0,permitted_with_attribution,open,AM07,SanMarco,028685ec99f087f7b17d6a848affbeeffa084c5568883898346b5aa49a1015a0,11698234,WAV,48000,2,1462272,30.464,30.46,float32,source_metadata_review_pending,materialized,matched,True,Matched by normalized GroupID and LocationID.
isd_audio_86d72ad6057285d77355,ISD,ISD_SanMarco_SanMarco1_ML101,test,https://doi.org/10.5281/zenodo.10672568,1.0.1-alpha.1,WAV_Venice_1.zip,Venice WAV Files/SanMarco/ML101.wav,extracted/WAV_Venice_1/Venice WAV Files/SanMarco/ML101.wav,https://zenodo.org/api/records/10672568/files/WAV_Venice_1.zip/content,CC-BY-4.0,permitted_with_attribution,open,ML101,SanMarco,a73eda7259026e092eb3876c3ec4b0f42a896bdd968253df15bf92f6e0f635ef,11731002,WAV,48000,2,1466368,30.549333333333333,30.55,float32,source_metadata_review_pending,materialized,matched,True,Matched by normalized GroupID and LocationID.
isd_audio_d05c04794b80853b0ff0,ISD,ISD_SanMarco_SanMarco1_ML103,test,https://doi.org/10.5281/zenodo.10672568,1.0.1-alpha.1,WAV_Venice_1.zip,Venice WAV Files/SanMarco/ML103.wav,extracted/WAV_Venice_1/Venice WAV Files/SanMarco/ML103.wav,https://zenodo.org/api/records/10672568/files/WAV_Venice_1.zip/content,CC-BY-4.0,permitted_with_attribution,open,ML103,SanMarco,df3e17829a7c79a7cbcf80c5e4e692617c8b15ba45f5bbc8a2ff58492433ed11,17432634,WAV,48000,2,2179072,45.397333333333336,45.4,float32,source_metadata_review_pending,materialized,matched,True,Matched by normalized GroupID and LocationID.
isd_audio_29c874bd5ba1fe4946c3,ISD,ISD_SanMarco_SanMarco1_ML104,test,https://doi.org/10.5281/zenodo.10672568,1.0.1-alpha.1,WAV_Venice_1.zip,Venice WAV Files/SanMarco/ML104.wav,extracted/WAV_Venice_1/Venice WAV Files/SanMarco/ML104.wav,https://zenodo.org/api/records/10672568/files/WAV_Venice_1.zip/content,CC-BY-4.0,permitted_with_attribution,open,ML104,SanMarco,4dae732c9fcf913279960d0a8f72d22a5c7a19311e728067c95305f393a92504,24330298,WAV,48000,2,3041280,63.36,63.36,float32,source_metadata_review_pending,materialized,matched,True,Matched by normalized GroupID and LocationID.
isd_audio_0856907485313830ab96,ISD,ISD_SanMarco_SanMarco1_ML105,test,https://doi.org/10.5281/zenodo.10672568,1.0.1-alpha.1,WAV_Venice_1.zip,Venice WAV Files/SanMarco/ML105.wav,extracted/WAV_Venice_1/Venice WAV Files/SanMarco/ML105.wav,https://zenodo.org/api/records/10672568/files/WAV_Venice_1.zip/content,CC-BY-4.0,permitted_with_attribution,open,ML105,SanMarco,cc2f6da6946e0eed9ec58cf88ad8638ebd59e4736c8aaf63850258f9542d5bec,11714618,WAV,48000,2,1464320,30.506666666666668,30.51,float32,source_metadata_review_pending,materialized,matched,True,Matched by normalized GroupID and LocationID.
isd_audio_a29a2eea9bb8f5b6b425,ISD,ISD_SanMarco_SanMarco1_ML106,test,https://doi.org/10.5281/zenodo.10672568,1.0.1-alpha.1,WAV_Venice_1.zip,Venice WAV Files/SanMarco/ML106.wav,extracted/WAV_Venice_1/Venice WAV Files/SanMarco/ML106.wav,https://zenodo.org/api/records/10672568/files/WAV_Venice_1.zip/content,CC-BY-4.0,permitted_with_attribution,open,ML106,SanMarco,b98287476450853245a293a6bfdf51d9039da3e7656af129673477219839abcb,12386362,WAV,48000,2,1548288,32.256,32.26,float32,source_metadata_review_pending,materialized,matched,True,Matched by normalized GroupID and LocationID.
isd_audio_46c2817446ee28b67992,ISD,ISD_SanMarco_SanMarco1_ML111,test,https://doi.org/10.5281/zenodo.10672568,1.0.1-alpha.1,WAV_Venice_1.zip,Venice WAV Files/SanMarco/ML111.wav,extracted/WAV_Venice_1/Venice WAV Files/SanMarco/ML111.wav,https://zenodo.org/api/records/10672568/files/WAV_Venice_1.zip/content,CC-BY-4.0,permitted_with_attribution,open,ML111,SanMarco,7e25527ffa5c18519519d695327ec8d9418c25f3b059a12e608d6f753dcd92fc,46907450,WAV,48000,2,5863424,122.15466666666667,122.15,float32,source_metadata_review_pending,materialized,matched,True,Matched by normalized GroupID and LocationID.
isd_audio_fb77a089e3cb9d9e45bd,ISD,ISD_SanMarco_SanMarco1_ML112,test,https://doi.org/10.5281/zenodo.10672568,1.0.1-alpha.1,WAV_Venice_1.zip,Venice WAV Files/SanMarco/ML112.wav,extracted/WAV_Venice_1/Venice WAV Files/SanMarco/ML112.wav,https://zenodo.org/api/records/10672568/files/WAV_Venice_1.zip/content,CC-BY-4.0,permitted_with_attribution,open,ML112,SanMarco,9dfe4793a7819c1af45150a734a91dd270f156105af93c54a1b2740bc0955f91,11747386,WAV,48000,2,1468416,30.592,30.59,float32,source_metadata_review_pending,materialized,matched,True,Matched by normalized GroupID and LocationID.
isd_audio_db00fdf670b8a0e2fc88,ISD,ISD_SanMarco_SanMarco1_ML130,test,https://doi.org/10.5281/zenodo.10672568,1.0.1-alpha.1,WAV_Venice_1.zip,Venice WAV Files/SanMarco/ML130.wav,extracted/WAV_Venice_1/Venice WAV Files/SanMarco/ML130.wav,https://zenodo.org/api/records/10672568/files/WAV_Venice_1.zip/content,CC-BY-4.0,permitted_with_attribution,open,ML130,SanMarco,4d793cd7448c4b9df78164d5b0236d8c2ecfb526254bf5539c51f39ae19980d7,11845690,WAV,48000,2,1480704,30.848,30.85,float32,source_metadata_review_pending,materialized,matched,True,Matched by normalized GroupID and LocationID.
isd_audio_8db46bff12f8a1118121,ISD,ISD_SanMarco_SanMarco1_ML131,test,https://doi.org/10.5281/zenodo.10672568,1.0.1-alpha.1,WAV_Venice_1.zip,Venice WAV Files/SanMarco/ML131.wav,extracted/WAV_Venice_1/Venice WAV Files/SanMarco/ML131.wav,https://zenodo.org/api/records/10672568/files/WAV_Venice_1.zip/content,CC-BY-4.0,permitted_with_attribution,open,ML131,SanMarco,85edbfd5227125af4cea51ab1e99f8e335bdbcd4746548c81adc171554977db2,46284858,WAV,48000,2,5785600,120.53333333333333,120.53,float32,source_metadata_review_pending,materialized,matched,True,Matched by normalized GroupID and LocationID.
isd_audio_d9b804d73c35c905f6a5,ISD,ISD_SanMarco_SanMarco1_ML132,test,https://doi.org/10.5281/zenodo.10672568,1.0.1-alpha.1,WAV_Venice_1.zip,Venice WAV Files/SanMarco/ML132.wav,extracted/WAV_Venice_1/Venice WAV Files/SanMarco/ML132.wav,https://zenodo.org/api/records/10672568/files/WAV_Venice_1.zip/content,CC-BY-4.0,permitted_with_attribution,open,ML132,SanMarco,3eb9984296b423e45de559cbae8fff0827553ada209b30601d26692217df2329,23330874,WAV,48000,2,2916352,60.757333333333335,60.76,float32,source_metadata_review_pending,materialized,matched,True,Matched by normalized GroupID and LocationID.
isd_audio_f69129c7d52d4a59dd49,ISD,ISD_SanMarco_SanMarco1_ML133,test,https://doi.org/10.5281/zenodo.10672568,1.0.1-alpha.1,WAV_Venice_1.zip,Venice WAV Files/SanMarco/ML133.wav,extracted/WAV_Venice_1/Venice WAV Files/SanMarco/ML133.wav,https://zenodo.org/api/records/10672568/files/WAV_Venice_1.zip/content,CC-BY-4.0,permitted_with_attribution,open,ML133,SanMarco,95cb31e1ed1b0fb3d36c33ed6270432fa6700ed5b90baaf25928de2e505b9c05,23265338,WAV,48000,2,2908160,60.586666666666666,60.59,float32,source_metadata_review_pending,materialized,matched,True,Matched by normalized GroupID and LocationID.
isd_audio_missing_8b9d76da662adfef,ISD,ISD_SanMarco_SanMarco1_RES,test,https://doi.org/10.5281/zenodo.10672568,1.0.1-alpha.1,WAV_Granada_1.zip;WAV_Groningen_1.zip;WAV_London_1.zip;WAV_London_2.zip;WAV_London_3.zip;WAV_London_4.zip;WAV_Venice_1.zip,,,https://doi.org/10.5281/zenodo.10672568,CC-BY-4.0,permitted_with_attribution,open,RES,SanMarco,,,,,,,,,,not_available,source_missing,missing_source_asset,False,MOSAIQ clip is in the archive location scope but no WAV candidate exists.
isd_audio_missing_ff3f623258141f38,ISD,ISD_SanMarco_SanMarco2_ML201,test,https://doi.org/10.5281/zenodo.10672568,1.0.1-alpha.1,WAV_Granada_1.zip;WAV_Groningen_1.zip;WAV_London_1.zip;WAV_London_2.zip;WAV_London_3.zip;WAV_London_4.zip;WAV_Venice_1.zip,,,https://doi.org/10.5281/zenodo.10672568,CC-BY-4.0,permitted_with_attribution,open,ML201,SanMarco,,,,,,,,,,not_available,source_missing,missing_source_asset,False,MOSAIQ clip is in the archive location scope but no WAV candidate exists.
isd_audio_19dc4e483301bc1d1a7a,ISD,ISD_SanMarco_SanMarco2_ML202,test,https://doi.org/10.5281/zenodo.10672568,1.0.1-alpha.1,WAV_Venice_1.zip,Venice WAV Files/SanMarco/ML202.wav,extracted/WAV_Venice_1/Venice WAV Files/SanMarco/ML202.wav,https://zenodo.org/api/records/10672568/files/WAV_Venice_1.zip/content,CC-BY-4.0,permitted_with_attribution,open,ML202,SanMarco,0c45a3262dce1f803fd32173334dfeb8afe33fd2198f143ddbb5509ca1f9e2e0,13385786,WAV,48000,2,1673216,34.858666666666664,34.86,float32,source_metadata_review_pending,materialized,matched,True,Matched by normalized GroupID and LocationID.
isd_audio_7c2821cbcb3604cefa3a,ISD,ISD_SanMarco_SanMarco2_ML203,test,https://doi.org/10.5281/zenodo.10672568,1.0.1-alpha.1,WAV_Venice_1.zip,Venice WAV Files/SanMarco/ML203.wav,extracted/WAV_Venice_1/Venice WAV Files/SanMarco/ML203.wav,https://zenodo.org/api/records/10672568/files/WAV_Venice_1.zip/content,CC-BY-4.0,permitted_with_attribution,open,ML203,SanMarco,56eea8bc4a0f25138344e167e2fbe6259952fbff977a111e1f749d83f23ead54,18858042,WAV,48000,2,2357248,49.10933333333333,49.11,float32,source_metadata_review_pending,materialized,matched,True,Matched by normalized GroupID and LocationID.
isd_audio_1675b7f5c8ea06bfd4b5,ISD,ISD_SanMarco_SanMarco2_ML204,test,https://doi.org/10.5281/zenodo.10672568,1.0.1-alpha.1,WAV_Venice_1.zip,Venice WAV Files/SanMarco/ML204.wav,extracted/WAV_Venice_1/Venice WAV Files/SanMarco/ML204.wav,https://zenodo.org/api/records/10672568/files/WAV_Venice_1.zip/content,CC-BY-4.0,permitted_with_attribution,open,ML204,SanMarco,a04861cd26aa1751f43d0b68bca852ea5eea8000a7edc0491c4fe8e636212296,12435514,WAV,48000,2,1554432,32.384,32.38,float32,source_metadata_review_pending,materialized,matched,True,Matched by normalized GroupID and LocationID.
isd_audio_1acfdb8c58bc7bd6c9b1,ISD,ISD_SanMarco_SanMarco2_ML205,test,https://doi.org/10.5281/zenodo.10672568,1.0.1-alpha.1,WAV_Venice_1.zip,Venice WAV Files/SanMarco/ML205.wav,extracted/WAV_Venice_1/Venice WAV Files/SanMarco/ML205.wav,https://zenodo.org/api/records/10672568/files/WAV_Venice_1.zip/content,CC-BY-4.0,permitted_with_attribution,open,ML205,SanMarco,5b39c707c7c7e801835c3991b717bf7c23ce5f3e34312f982ee3195afe9961a6,11763770,WAV,48000,2,1470464,30.634666666666668,30.63,float32,source_metadata_review_pending,materialized,matched,True,Matched by normalized GroupID and LocationID.
isd_audio_a8909513e02e63a05162,ISD,ISD_SanMarco_SanMarco2_ML206,test,https://doi.org/10.5281/zenodo.10672568,1.0.1-alpha.1,WAV_Venice_1.zip,Venice WAV Files/SanMarco/ML206.wav,extracted/WAV_Venice_1/Venice WAV Files/SanMarco/ML206.wav,https://zenodo.org/api/records/10672568/files/WAV_Venice_1.zip/content,CC-BY-4.0,permitted_with_attribution,open,ML206,SanMarco,571dfba25d11dd9df45c7eb205874660b89a37d3c44369d8cdaf8c7fd75466c5,23380026,WAV,48000,2,2922496,60.885333333333335,60.89,float32,source_metadata_review_pending,materialized,matched,True,Matched by normalized GroupID and LocationID.
isd_audio_b0c4de70e8ce9ffc1f32,ISD,ISD_SanMarco_SanMarco2_ML208,test,https://doi.org/10.5281/zenodo.10672568,1.0.1-alpha.1,WAV_Venice_1.zip,Venice WAV Files/SanMarco/ML208.wav,extracted/WAV_Venice_1/Venice WAV Files/SanMarco/ML208.wav,https://zenodo.org/api/records/10672568/files/WAV_Venice_1.zip/content,CC-BY-4.0,permitted_with_attribution,open,ML208,SanMarco,7f720e52335f1d53bb9aa5455c39968865f5326a2e6ea681ad8ed4fcf3d657ae,23298106,WAV,48000,2,2912256,60.672,60.67,float32,source_metadata_review_pending,materialized,matched,True,Matched by normalized GroupID and LocationID.
isd_audio_5e1ba84b20245ad3c75b,ISD,ISD_SanMarco_SanMarco2_ML209,test,https://doi.org/10.5281/zenodo.10672568,1.0.1-alpha.1,WAV_Venice_1.zip,Venice WAV Files/SanMarco/ML209.wav,extracted/WAV_Venice_1/Venice WAV Files/SanMarco/ML209.wav,https://zenodo.org/api/records/10672568/files/WAV_Venice_1.zip/content,CC-BY-4.0,permitted_with_attribution,open,ML209,SanMarco,0681240eb305ae96e446b7e65a43293835b0cd948f2e81ddc028f724e7d95c4f,11665466,WAV,48000,2,1458176,30.378666666666668,30.38,float32,source_metadata_review_pending,materialized,matched,True,Matched by normalized GroupID and LocationID.
isd_audio_70f17bb60535cf3cb9eb,ISD,ISD_SanMarco_SanMarco2_ML210,test,https://doi.org/10.5281/zenodo.10672568,1.0.1-alpha.1,WAV_Venice_1.zip,Venice WAV Files/SanMarco/ML210.wav,extracted/WAV_Venice_1/Venice WAV Files/SanMarco/ML210.wav,https://zenodo.org/api/records/10672568/files/WAV_Venice_1.zip/content,CC-BY-4.0,permitted_with_attribution,open,ML210,SanMarco,ca6e235323f7d68e3b620f20d3829d4a900795e49f407a3e718189150a67c51a,11747386,WAV,48000,2,1468416,30.592,30.59,float32,source_metadata_review_pending,materialized,matched,True,Matched by normalized GroupID and LocationID.
isd_audio_af43897e526a81f3ed61,ISD,ISD_SanMarco_SanMarco2_ML211,test,https://doi.org/10.5281/zenodo.10672568,1.0.1-alpha.1,WAV_Venice_1.zip,Venice WAV Files/SanMarco/ML211.wav,extracted/WAV_Venice_1/Venice WAV Files/SanMarco/ML211.wav,https://zenodo.org/api/records/10672568/files/WAV_Venice_1.zip/content,CC-BY-4.0,permitted_with_attribution,open,ML211,SanMarco,bff2dffba21179152e07afa0bebd6eb84c4df909b254273f8cf125d9b49c7d69,12025914,WAV,48000,2,1503232,31.317333333333334,31.32,float32,source_metadata_review_pending,materialized,matched,True,Matched by normalized GroupID and LocationID.
isd_audio_8bcbf400b0b09e1b4a27,ISD,ISD_SanMarco_SanMarco2_ML212,test,https://doi.org/10.5281/zenodo.10672568,1.0.1-alpha.1,WAV_Venice_1.zip,Venice WAV Files/SanMarco/ML212.wav,extracted/WAV_Venice_1/Venice WAV Files/SanMarco/ML212.wav,https://zenodo.org/api/records/10672568/files/WAV_Venice_1.zip/content,CC-BY-4.0,permitted_with_attribution,open,ML212,SanMarco,4c9ebd3e5b03615ee4370b12385db9513b8e58c90de8e69d66ca861b0ee47b6f,23347258,WAV,48000,2,2918400,60.8,60.8,float32,source_metadata_review_pending,materialized,matched,True,Matched by normalized GroupID and LocationID.
isd_audio_7249c9211c73505009b9,ISD,ISD_SanMarco_SanMarco2_ML213,test,https://doi.org/10.5281/zenodo.10672568,1.0.1-alpha.1,WAV_Venice_1.zip,Venice WAV Files/SanMarco/ML213.wav,extracted/WAV_Venice_1/Venice WAV Files/SanMarco/ML213.wav,https://zenodo.org/api/records/10672568/files/WAV_Venice_1.zip/content,CC-BY-4.0,permitted_with_attribution,open,ML213,SanMarco,95ec718fe0ad03f09e5ff4a63c0e85102c5b900c5b4ac5ca16d1df8d3dd0339f,11976762,WAV,48000,2,1497088,31.189333333333334,31.19,float32,source_metadata_review_pending,materialized,matched,True,Matched by normalized GroupID and LocationID.
isd_audio_3c52808c6008af30fb7a,ISD,ISD_SanMarco_SanMarco2_ML214,test,https://doi.org/10.5281/zenodo.10672568,1.0.1-alpha.1,WAV_Venice_1.zip,Venice WAV Files/SanMarco/ML214.wav,extracted/WAV_Venice_1/Venice WAV Files/SanMarco/ML214.wav,https://zenodo.org/api/records/10672568/files/WAV_Venice_1.zip/content,CC-BY-4.0,permitted_with_attribution,open,ML214,SanMarco,5dfe1bc8a72e3c720555a8102de1c1462cb58400f7ab82163c672fd344770468,23248954,WAV,48000,2,2906112,60.544,60.54,float32,source_metadata_review_pending,materialized,matched,True,Matched by normalized GroupID and LocationID.
isd_audio_0879b7ca980fe9add565,ISD,ISD_SanMarco_SanMarco3_SM301,test,https://doi.org/10.5281/zenodo.10672568,1.0.1-alpha.1,WAV_Venice_1.zip,Venice WAV Files/SanMarco/SM301.wav,extracted/WAV_Venice_1/Venice WAV Files/SanMarco/SM301.wav,https://zenodo.org/api/records/10672568/files/WAV_Venice_1.zip/content,CC-BY-4.0,permitted_with_attribution,open,SM301,SanMarco,93465b18b724dd3180e3343dcfbcd6dcf67f905a936084ec602ed2879c715a31,16990266,WAV,48000,2,2123776,44.245333333333335,44.25,float32,source_metadata_review_pending,materialized,matched,True,Matched by normalized GroupID and LocationID.
isd_audio_3d4593c1b749a04f90b5,ISD,ISD_SanMarco_SanMarco3_SM302,test,https://doi.org/10.5281/zenodo.10672568,1.0.1-alpha.1,WAV_Venice_1.zip,Venice WAV Files/SanMarco/SM302.wav,extracted/WAV_Venice_1/Venice WAV Files/SanMarco/SM302.wav,https://zenodo.org/api/records/10672568/files/WAV_Venice_1.zip/content,CC-BY-4.0,permitted_with_attribution,open,SM302,SanMarco,8e865e71b12290dc54abcc3bc5344fe87f6b5c687a7b13a05b833a4ce63c5afb,9175098,WAV,48000,2,1146880,23.893333333333334,23.89,float32,source_metadata_review_pending,materialized,matched,True,Matched by normalized GroupID and LocationID.
isd_audio_6f48f905a1d76be09ecc,ISD,ISD_SanMarco_SanMarco3_SM303,test,https://doi.org/10.5281/zenodo.10672568,1.0.1-alpha.1,WAV_Venice_1.zip,Venice WAV Files/SanMarco/SM303.wav,extracted/WAV_Venice_1/Venice WAV Files/SanMarco/SM303.wav,https://zenodo.org/api/records/10672568/files/WAV_Venice_1.zip/content,CC-BY-4.0,permitted_with_attribution,open,SM303,SanMarco,c31c5ba836b9e7dba64e559f2376c8987c695aa4537fda90f4eae8dacb2730be,13287482,WAV,48000,2,1660928,34.602666666666664,34.6,float32,source_metadata_review_pending,materialized,matched,True,Matched by normalized GroupID and LocationID.
isd_audio_49630088a2754351c7cc,ISD,ISD_SanMarco_SanMarco3_SM304,test,https://doi.org/10.5281/zenodo.10672568,1.0.1-alpha.1,WAV_Venice_1.zip,Venice WAV Files/SanMarco/SM304.wav,extracted/WAV_Venice_1/Venice WAV Files/SanMarco/SM304.wav,https://zenodo.org/api/records/10672568/files/WAV_Venice_1.zip/content,CC-BY-4.0,permitted_with_attribution,open,SM304,SanMarco,61548c1a92f64aae0d1d3013c3d4337e96336ff21dc3a0d8221f8e9e4c21d287,14794810,WAV,48000,2,1849344,38.528,38.53,float32,source_metadata_review_pending,materialized,matched,True,Matched by normalized GroupID and LocationID.
isd_audio_9b1595b2af7fc31f34ce,ISD,ISD_SanMarco_SanMarco3_SM305,test,https://doi.org/10.5281/zenodo.10672568,1.0.1-alpha.1,WAV_Venice_1.zip,Venice WAV Files/SanMarco/SM305.wav,extracted/WAV_Venice_1/Venice WAV Files/SanMarco/SM305.wav,https://zenodo.org/api/records/10672568/files/WAV_Venice_1.zip/content,CC-BY-4.0,permitted_with_attribution,open,SM305,SanMarco,77be85b19e024a8d7e9e72e399c424db818bb0fdf6e1801b34f843a0c94fd4e3,12222522,WAV,48000,2,1527808,31.829333333333334,31.83,float32,source_metadata_review_pending,materialized,matched,True,Matched by normalized GroupID and LocationID.
isd_audio_6b3438413114f2160189,ISD,ISD_SanMarco_SanMarco3_SM306,test,https://doi.org/10.5281/zenodo.10672568,1.0.1-alpha.1,WAV_Venice_1.zip,Venice WAV Files/SanMarco/SM306.wav,extracted/WAV_Venice_1/Venice WAV Files/SanMarco/SM306.wav,https://zenodo.org/api/records/10672568/files/WAV_Venice_1.zip/content,CC-BY-4.0,permitted_with_attribution,open,SM306,SanMarco,3dca238536ad290f27ad7daba73308b4b6e05b7e0226885ebb4a461943dc8c82,14893114,WAV,48000,2,1861632,38.784,38.78,float32,source_metadata_review_pending,materialized,matched,True,Matched by normalized GroupID and LocationID.
isd_audio_afe6ec86685e06497f67,ISD,ISD_SanMarco_SanMarco3_SM307,test,https://doi.org/10.5281/zenodo.10672568,1.0.1-alpha.1,WAV_Venice_1.zip,Venice WAV Files/SanMarco/SM307.wav,extracted/WAV_Venice_1/Venice WAV Files/SanMarco/SM307.wav,https://zenodo.org/api/records/10672568/files/WAV_Venice_1.zip/content,CC-BY-4.0,permitted_with_attribution,open,SM307,SanMarco,153324fd21100dfe504e56eeff9c2d24e01cf91a078e3f229b3bb7f75911f05f,16564282,WAV,48000,2,2070528,43.136,43.14,float32,source_metadata_review_pending,materialized,matched,True,Matched by normalized GroupID and LocationID.
isd_audio_bd0fcab76115b6cf1731,ISD,ISD_SanMarco_SanMarco3_SM308,test,https://doi.org/10.5281/zenodo.10672568,1.0.1-alpha.1,WAV_Venice_1.zip,Venice WAV Files/SanMarco/SM308.wav,extracted/WAV_Venice_1/Venice WAV Files/SanMarco/SM308.wav,https://zenodo.org/api/records/10672568/files/WAV_Venice_1.zip/content,CC-BY-4.0,permitted_with_attribution,open,SM308,SanMarco,55fa6ed88a3da9fad7b78b7892d1017eec100221a736db89bf9b5f704973060d,15581242,WAV,48000,2,1947648,40.576,40.58,float32,source_metadata_review_pending,materialized,matched,True,Matched by normalized GroupID and LocationID.
isd_audio_ab0eaf5cbab9f1d2786f,ISD,ISD_SanMarco_SanMarco3_SM309,test,https://doi.org/10.5281/zenodo.10672568,1.0.1-alpha.1,WAV_Venice_1.zip,Venice WAV Files/SanMarco/SM309.wav,extracted/WAV_Venice_1/Venice WAV Files/SanMarco/SM309.wav,https://zenodo.org/api/records/10672568/files/WAV_Venice_1.zip/content,CC-BY-4.0,permitted_with_attribution,open,SM309,SanMarco,89c0efd26dfb1b93709028a09f2e9487f48ad46792293350b4cf9434a21efa4d,13254714,WAV,48000,2,1656832,34.51733333333333,34.52,float32,source_metadata_review_pending,materialized,matched,True,Matched by normalized GroupID and LocationID.
isd_audio_bf50c940b47f5e9e0d5d,ISD,ISD_SanMarco_SanMarco3_SM310,test,https://doi.org/10.5281/zenodo.10672568,1.0.1-alpha.1,WAV_Venice_1.zip,Venice WAV Files/SanMarco/SM310.wav,extracted/WAV_Venice_1/Venice WAV Files/SanMarco/SM310.wav,https://zenodo.org/api/records/10672568/files/WAV_Venice_1.zip/content,CC-BY-4.0,permitted_with_attribution,open,SM310,SanMarco,0630931fb055f131e764d6657c16f6449a57a1ab6bf6e3ab974a26a2c0c43fcd,13254714,WAV,48000,2,1656832,34.51733333333333,34.52,float32,source_metadata_review_pending,materialized,matched,True,Matched by normalized GroupID and LocationID.
isd_audio_7edc2246cc3a4294cb04,ISD,ISD_SanMarco_SanMarco3_SM311,test,https://doi.org/10.5281/zenodo.10672568,1.0.1-alpha.1,WAV_Venice_1.zip,Venice WAV Files/SanMarco/SM311.wav,extracted/WAV_Venice_1/Venice WAV Files/SanMarco/SM311.wav,https://zenodo.org/api/records/10672568/files/WAV_Venice_1.zip/content,CC-BY-4.0,permitted_with_attribution,open,SM311,SanMarco,e0cfeed85cb1766a7223be054ffe1dfd1472a80c08c735fcedd7091165f157d4,12730426,WAV,48000,2,1591296,33.152,33.15,float32,source_metadata_review_pending,materialized,matched,True,Matched by normalized GroupID and LocationID.
isd_audio_45af43c2037dc262520b,ISD,ISD_SanMarco_SanMarco3_SM312,test,https://doi.org/10.5281/zenodo.10672568,1.0.1-alpha.1,WAV_Venice_1.zip,Venice WAV Files/SanMarco/SM312.wav,extracted/WAV_Venice_1/Venice WAV Files/SanMarco/SM312.wav,https://zenodo.org/api/records/10672568/files/WAV_Venice_1.zip/content,CC-BY-4.0,permitted_with_attribution,open,SM312,SanMarco,d3a5ecae57f9a09701da5e31a0b897d14873d9971a34f21b9c9f135d7035f4ac,13189178,WAV,48000,2,1648640,34.346666666666664,34.35,float32,source_metadata_review_pending,materialized,matched,True,Matched by normalized GroupID and LocationID.
isd_audio_b441db8f8e8ab575ac79,ISD,ISD_SanMarco_SanMarco3_SM313,test,https://doi.org/10.5281/zenodo.10672568,1.0.1-alpha.1,WAV_Venice_1.zip,Venice WAV Files/SanMarco/SM313.wav,extracted/WAV_Venice_1/Venice WAV Files/SanMarco/SM313.wav,https://zenodo.org/api/records/10672568/files/WAV_Venice_1.zip/content,CC-BY-4.0,permitted_with_attribution,open,SM313,SanMarco,20aa9abdc5a624dba5e13eddecfa9eda0be4d45854bb9a95b8c9e25b260e77c8,13779002,WAV,48000,2,1722368,35.882666666666665,35.88,float32,source_metadata_review_pending,materialized,matched,True,Matched by normalized GroupID and LocationID.
isd_audio_4de683fd294d766f87d9,ISD,ISD_SanMarco_SanMarco3_SM314,test,https://doi.org/10.5281/zenodo.10672568,1.0.1-alpha.1,WAV_Venice_1.zip,Venice WAV Files/SanMarco/SM314.wav,extracted/WAV_Venice_1/Venice WAV Files/SanMarco/SM314.wav,https://zenodo.org/api/records/10672568/files/WAV_Venice_1.zip/content,CC-BY-4.0,permitted_with_attribution,open,SM314,SanMarco,d16da1ffab7a9290afc655fe77fb72989875fd95a70a51f2ae923fd08a4012e9,12468282,WAV,48000,2,1558528,32.46933333333333,32.47,float32,source_metadata_review_pending,materialized,matched,True,Matched by normalized GroupID and LocationID.
isd_audio_ae4cc3fa78f9225b50b1,ISD,ISD_StPaulsCross_StPaulsCross1_SC101,train,https://doi.org/10.5281/zenodo.10672568,1.0.1-alpha.1,WAV_London_3.zip,WAV_London_3/StPaulsCross/SC101.wav,extracted/WAV_London_3/StPaulsCross/SC101.wav,https://zenodo.org/api/records/10672568/files/WAV_London_3.zip/content,CC-BY-4.0,permitted_with_attribution,open,SC101,StPaulsCross,39c675ff1c566761621bac26c1373d327cb46b1ba06f9d8dac1763ef1b6a4837,11780154,WAV,48000,2,1472512,30.677333333333333,30.68,float32,source_metadata_review_pending,materialized,matched,True,Matched by normalized GroupID and LocationID.
isd_audio_bd94d7a0303b264597e0,ISD,ISD_StPaulsCross_StPaulsCross1_SC102,train,https://doi.org/10.5281/zenodo.10672568,1.0.1-alpha.1,WAV_London_3.zip,WAV_London_3/StPaulsCross/SC102.wav,extracted/WAV_London_3/StPaulsCross/SC102.wav,https://zenodo.org/api/records/10672568/files/WAV_London_3.zip/content,CC-BY-4.0,permitted_with_attribution,open,SC102,StPaulsCross,6bd8d9bfc1cfb5226701f67b715d65830e54e3f3a6784897f26ea577adec9996,11829306,WAV,48000,2,1478656,30.805333333333333,30.81,float32,source_metadata_review_pending,materialized,matched,True,Matched by normalized GroupID and LocationID.
isd_audio_d494115ed7b7c5885e4c,ISD,ISD_StPaulsCross_StPaulsCross1_SC103,train,https://doi.org/10.5281/zenodo.10672568,1.0.1-alpha.1,WAV_London_3.zip,WAV_London_3/StPaulsCross/SC103.wav,extracted/WAV_London_3/StPaulsCross/SC103.wav,https://zenodo.org/api/records/10672568/files/WAV_London_3.zip/content,CC-BY-4.0,permitted_with_attribution,open,SC103,StPaulsCross,8c1f0c33ce2ef976bc6c2daf041986df73a615aa9685f1232133c3bae1e05a7e,11960378,WAV,48000,2,1495040,31.14666666666667,31.15,float32,source_metadata_review_pending,materialized,matched,True,Matched by normalized GroupID and LocationID.
isd_audio_b44f60cbd3ca24a1540f,ISD,ISD_StPaulsCross_StPaulsCross1_SC104,train,https://doi.org/10.5281/zenodo.10672568,1.0.1-alpha.1,WAV_London_3.zip,WAV_London_3/StPaulsCross/SC104.wav,extracted/WAV_London_3/StPaulsCross/SC104.wav,https://zenodo.org/api/records/10672568/files/WAV_London_3.zip/content,CC-BY-4.0,permitted_with_attribution,open,SC104,StPaulsCross,0363272be2f830e5181d03f26487dd68b426e64e96db9744455e06a3b5a16c7e,11747386,WAV,48000,2,1468416,30.592,30.59,float32,source_metadata_review_pending,materialized,matched,True,Matched by normalized GroupID and LocationID.
isd_audio_a0dc8b507dffab119487,ISD,ISD_StPaulsCross_StPaulsCross1_SC105,train,https://doi.org/10.5281/zenodo.10672568,1.0.1-alpha.1,WAV_London_3.zip,WAV_London_3/StPaulsCross/SC105.wav,extracted/WAV_London_3/StPaulsCross/SC105.wav,https://zenodo.org/api/records/10672568/files/WAV_London_3.zip/content,CC-BY-4.0,permitted_with_attribution,open,SC105,StPaulsCross,07c45307b94355d8e95ef543254194fd4592f69769477da06ef731a0582a3274,11812922,WAV,48000,2,1476608,30.762666666666668,30.76,float32,source_metadata_review_pending,materialized,matched,True,Matched by normalized GroupID and LocationID.
isd_audio_36b2e5350ef16f2ab4a2,ISD,ISD_StPaulsCross_StPaulsCross1_SC106,train,https://doi.org/10.5281/zenodo.10672568,1.0.1-alpha.1,WAV_London_3.zip,WAV_London_3/StPaulsCross/SC106.wav,extracted/WAV_London_3/StPaulsCross/SC106.wav,https://zenodo.org/api/records/10672568/files/WAV_London_3.zip/content,CC-BY-4.0,permitted_with_attribution,open,SC106,StPaulsCross,cc23c08d1a4a9ebc40b8c52a69d036068bc44f69d8d74a1d7a61ddcee411cea1,11714618,WAV,48000,2,1464320,30.506666666666668,30.51,float32,source_metadata_review_pending,materialized,matched,True,Matched by normalized GroupID and LocationID.
isd_audio_b819b39cc96689a3f3db,ISD,ISD_StPaulsCross_StPaulsCross1_SC107,train,https://doi.org/10.5281/zenodo.10672568,1.0.1-alpha.1,WAV_London_3.zip,WAV_London_3/StPaulsCross/SC107.wav,extracted/WAV_London_3/StPaulsCross/SC107.wav,https://zenodo.org/api/records/10672568/files/WAV_London_3.zip/content,CC-BY-4.0,permitted_with_attribution,open,SC107,StPaulsCross,d892601f4666472ee14cf99bbc1d6a6dc5f450f84ae6b65b5189361335e753ea,11780154,WAV,48000,2,1472512,30.677333333333333,30.68,float32,source_metadata_review_pending,materialized,matched,True,Matched by normalized GroupID and LocationID.
isd_audio_f6a51292a8a7498524da,ISD,ISD_StPaulsCross_StPaulsCross1_SC108,train,https://doi.org/10.5281/zenodo.10672568,1.0.1-alpha.1,WAV_London_3.zip,WAV_London_3/StPaulsCross/SC108.wav,extracted/WAV_London_3/StPaulsCross/SC108.wav,https://zenodo.org/api/records/10672568/files/WAV_London_3.zip/content,CC-BY-4.0,permitted_with_attribution,open,SC108,StPaulsCross,120adf499965a60e91b15acdb08b769660c90d2baba27d35e38d36aeceb112c1,11812922,WAV,48000,2,1476608,30.762666666666668,30.76,float32,source_metadata_review_pending,materialized,matched,True,Matched by normalized GroupID and LocationID.
isd_audio_b43043549719406b225f,ISD,ISD_StPaulsCross_StPaulsCross1_SC109,train,https://doi.org/10.5281/zenodo.10672568,1.0.1-alpha.1,WAV_London_3.zip,WAV_London_3/StPaulsCross/SC109.wav,extracted/WAV_London_3/StPaulsCross/SC109.wav,https://zenodo.org/api/records/10672568/files/WAV_London_3.zip/content,CC-BY-4.0,permitted_with_attribution,open,SC109,StPaulsCross,b89394caee87f46865c9e1c800b6a288bdd4145f25030be8f3f870395989d558,11780154,WAV,48000,2,1472512,30.677333333333333,30.68,float32,source_metadata_review_pending,materialized,matched,True,Matched by normalized GroupID and LocationID.
isd_audio_7f24992bd279c866465f,ISD,ISD_StPaulsCross_StPaulsCross1_SC110,train,https://doi.org/10.5281/zenodo.10672568,1.0.1-alpha.1,WAV_London_3.zip,WAV_London_3/StPaulsCross/SC110.wav,extracted/WAV_London_3/StPaulsCross/SC110.wav,https://zenodo.org/api/records/10672568/files/WAV_London_3.zip/content,CC-BY-4.0,permitted_with_attribution,open,SC110,StPaulsCross,28ed1a732c463c5f8ebedc536ca103e0050d57a9513b3074fd04155a2f0e3e06,11780154,WAV,48000,2,1472512,30.677333333333333,30.68,float32,source_metadata_review_pending,materialized,matched,True,Matched by normalized GroupID and LocationID.
isd_audio_19ce4b18d6937e9b92e0,ISD,ISD_StPaulsCross_StPaulsCross1_SC111,train,https://doi.org/10.5281/zenodo.10672568,1.0.1-alpha.1,WAV_London_3.zip,WAV_London_3/StPaulsCross/SC111.wav,extracted/WAV_London_3/StPaulsCross/SC111.wav,https://zenodo.org/api/records/10672568/files/WAV_London_3.zip/content,CC-BY-4.0,permitted_with_attribution,open,SC111,StPaulsCross,c393db15a799e93833f9153b31a14f6e8a985cb59208aef2b543fd83ff49b249,11763770,WAV,48000,2,1470464,30.634666666666668,30.63,float32,source_metadata_review_pending,materialized,matched,True,Matched by normalized GroupID and LocationID.
isd_audio_4575015266501e8bf348,ISD,ISD_StPaulsCross_StPaulsCross1_SC112,train,https://doi.org/10.5281/zenodo.10672568,1.0.1-alpha.1,WAV_London_3.zip,WAV_London_3/StPaulsCross/SC112.wav,extracted/WAV_London_3/StPaulsCross/SC112.wav,https://zenodo.org/api/records/10672568/files/WAV_London_3.zip/content,CC-BY-4.0,permitted_with_attribution,open,SC112,StPaulsCross,0f7421be76552c86d7e88e088f4651199382d3f5795e6320682981725d4baa16,11845690,WAV,48000,2,1480704,30.848,30.85,float32,source_metadata_review_pending,materialized,matched,True,Matched by normalized GroupID and LocationID.
isd_audio_eee343eedcbfd8a58f6c,ISD,ISD_StPaulsCross_StPaulsCross1_SC113,train,https://doi.org/10.5281/zenodo.10672568,1.0.1-alpha.1,WAV_London_3.zip,WAV_London_3/StPaulsCross/SC113.wav,extracted/WAV_London_3/StPaulsCross/SC113.wav,https://zenodo.org/api/records/10672568/files/WAV_London_3.zip/content,CC-BY-4.0,permitted_with_attribution,open,SC113,StPaulsCross,a45a32c6c7584b5109668564a1c7dea7b5a85425e51c849893f4736a01400b7d,11714618,WAV,48000,2,1464320,30.506666666666668,30.51,float32,source_metadata_review_pending,materialized,matched,True,Matched by normalized GroupID and LocationID.
isd_audio_71217b4667e2ef7029a8,ISD,ISD_StPaulsCross_StPaulsCross1_SC114,train,https://doi.org/10.5281/zenodo.10672568,1.0.1-alpha.1,WAV_London_3.zip,WAV_London_3/StPaulsCross/SC114.wav,extracted/WAV_London_3/StPaulsCross/SC114.wav,https://zenodo.org/api/records/10672568/files/WAV_London_3.zip/content,CC-BY-4.0,permitted_with_attribution,open,SC114,StPaulsCross,c4c7273340016fa2ec3a3aa43b4553130927db0339d8d1a90567ddd036b95865,11649082,WAV,48000,2,1456128,30.336,30.34,float32,source_metadata_review_pending,materialized,matched,True,Matched by normalized GroupID and LocationID.
isd_audio_0420e43fdbd567cca94d,ISD,ISD_StPaulsCross_StPaulsCross1_SC115,train,https://doi.org/10.5281/zenodo.10672568,1.0.1-alpha.1,WAV_London_3.zip,WAV_London_3/StPaulsCross/SC115.wav,extracted/WAV_London_3/StPaulsCross/SC115.wav,https://zenodo.org/api/records/10672568/files/WAV_London_3.zip/content,CC-BY-4.0,permitted_with_attribution,open,SC115,StPaulsCross,28e05378ad78675eaa5f5e55c88c6687699db36a7db7572cb70c6bc32b49d62c,11796538,WAV,48000,2,1474560,30.72,30.72,float32,source_metadata_review_pending,materialized,matched,True,Matched by normalized GroupID and LocationID.
isd_audio_c12975e9726ca6b0c75d,ISD,ISD_StPaulsCross_StPaulsCross1_SC116,train,https://doi.org/10.5281/zenodo.10672568,1.0.1-alpha.1,WAV_London_3.zip,WAV_London_3/StPaulsCross/SC116.wav,extracted/WAV_London_3/StPaulsCross/SC116.wav,https://zenodo.org/api/records/10672568/files/WAV_London_3.zip/content,CC-BY-4.0,permitted_with_attribution,open,SC116,StPaulsCross,dac429ec54e0f764b5d1b5b4ec88844c6a0271e1b514362ceddffd6dee64c5fb,11894842,WAV,48000,2,1486848,30.976,30.98,float32,source_metadata_review_pending,materialized,matched,True,Matched by normalized GroupID and LocationID.
isd_audio_beabfbf7600418878ac4,ISD,ISD_StPaulsCross_StPaulsCross1_SC117,train,https://doi.org/10.5281/zenodo.10672568,1.0.1-alpha.1,WAV_London_3.zip,WAV_London_3/StPaulsCross/SC117.wav,extracted/WAV_London_3/StPaulsCross/SC117.wav,https://zenodo.org/api/records/10672568/files/WAV_London_3.zip/content,CC-BY-4.0,permitted_with_attribution,open,SC117,StPaulsCross,0765bc4959b20be8e1c7b8310dc0c938b7e8a50d80a9fdc0f5eb9ea15634d727,11747386,WAV,48000,2,1468416,30.592,30.59,float32,source_metadata_review_pending,materialized,matched,True,Matched by normalized GroupID and LocationID.
isd_audio_61841675609288fbb2a9,ISD,ISD_StPaulsCross_StPaulsCross1_SC118,train,https://doi.org/10.5281/zenodo.10672568,1.0.1-alpha.1,WAV_London_3.zip,WAV_London_3/StPaulsCross/SC118.wav,extracted/WAV_London_3/StPaulsCross/SC118.wav,https://zenodo.org/api/records/10672568/files/WAV_London_3.zip/content,CC-BY-4.0,permitted_with_attribution,open,SC118,StPaulsCross,624d6b757a37d38dc9058f5e894bd33097c45098334fff99fa5c20c39016ebd0,11763770,WAV,48000,2,1470464,30.634666666666668,30.63,float32,source_metadata_review_pending,materialized,matched,True,Matched by normalized GroupID and LocationID.
isd_audio_7edbe136c94b8a7bada2,ISD,ISD_StPaulsCross_StPaulsCross1_SC119,train,https://doi.org/10.5281/zenodo.10672568,1.0.1-alpha.1,WAV_London_3.zip,WAV_London_3/StPaulsCross/SC119.wav,extracted/WAV_London_3/StPaulsCross/SC119.wav,https://zenodo.org/api/records/10672568/files/WAV_London_3.zip/content,CC-BY-4.0,permitted_with_attribution,open,SC119,StPaulsCross,55072f0d253052fff7fdc97e296a61c22af142db87e86cbb793ca3423543ef10,11534394,WAV,48000,2,1441792,30.037333333333333,30.04,float32,source_metadata_review_pending,materialized,matched,True,Matched by normalized GroupID and LocationID.
isd_audio_94643bc297fa7c788bc8,ISD,ISD_StPaulsCross_StPaulsCross1_SC120,train,https://doi.org/10.5281/zenodo.10672568,1.0.1-alpha.1,WAV_London_3.zip,WAV_London_3/StPaulsCross/SC120.wav,extracted/WAV_London_3/StPaulsCross/SC120.wav,https://zenodo.org/api/records/10672568/files/WAV_London_3.zip/content,CC-BY-4.0,permitted_with_attribution,open,SC120,StPaulsCross,cdfe93d208dadf204cc376ed20a6db8b0865fe567005af6a7a036effee9ffce8,11829306,WAV,48000,2,1478656,30.805333333333333,30.81,float32,source_metadata_review_pending,materialized,matched,True,Matched by normalized GroupID and LocationID.
isd_audio_fd62d27a2a4af53df44d,ISD,ISD_StPaulsCross_StPaulsCross1_SC121,train,https://doi.org/10.5281/zenodo.10672568,1.0.1-alpha.1,WAV_London_3.zip,WAV_London_3/StPaulsCross/SC121.wav,extracted/WAV_London_3/StPaulsCross/SC121.wav,https://zenodo.org/api/records/10672568/files/WAV_London_3.zip/content,CC-BY-4.0,permitted_with_attribution,open,SC121,StPaulsCross,34198d99969716493ea3cd2e6ff6ec019d41524eb6a92062beb775b444b8bb97,11862074,WAV,48000,2,1482752,30.890666666666668,30.89,float32,source_metadata_review_pending,materialized,matched,True,Matched by normalized GroupID and LocationID.
isd_audio_d6387d1727681207ecc9,ISD,ISD_StPaulsCross_StPaulsCross1_SC122,train,https://doi.org/10.5281/zenodo.10672568,1.0.1-alpha.1,WAV_London_3.zip,WAV_London_3/StPaulsCross/SC122.wav,extracted/WAV_London_3/StPaulsCross/SC122.wav,https://zenodo.org/api/records/10672568/files/WAV_London_3.zip/content,CC-BY-4.0,permitted_with_attribution,open,SC122,StPaulsCross,e7729250e4bdf1e887460ea7f9a9c60733fcf23981eef3fc43e5a3a50da4c9e6,11911226,WAV,48000,2,1488896,31.018666666666668,31.02,float32,source_metadata_review_pending,materialized,matched,True,Matched by normalized GroupID and LocationID.
isd_audio_27d2d82f6e6d1842b437,ISD,ISD_StPaulsCross_StPaulsCross1_SC123,train,https://doi.org/10.5281/zenodo.10672568,1.0.1-alpha.1,WAV_London_3.zip,WAV_London_3/StPaulsCross/SC123.wav,extracted/WAV_London_3/StPaulsCross/SC123.wav,https://zenodo.org/api/records/10672568/files/WAV_London_3.zip/content,CC-BY-4.0,permitted_with_attribution,open,SC123,StPaulsCross,498ee96aace8cca85d2b9c2be65f5b834cffd5e15643c8ae20f7a0f520c83563,11796538,WAV,48000,2,1474560,30.72,30.72,float32,source_metadata_review_pending,materialized,matched,True,Matched by normalized GroupID and LocationID.
isd_audio_85aa9dc6059c1d118087,ISD,ISD_StPaulsCross_StPaulsCross1_SC124,train,https://doi.org/10.5281/zenodo.10672568,1.0.1-alpha.1,WAV_London_3.zip,WAV_London_3/StPaulsCross/SC124.wav,extracted/WAV_London_3/StPaulsCross/SC124.wav,https://zenodo.org/api/records/10672568/files/WAV_London_3.zip/content,CC-BY-4.0,permitted_with_attribution,open,SC124,StPaulsCross,98e50c41f618ab589c95190abad259d6f18ffbb664f52673985527aff7a8a518,11862074,WAV,48000,2,1482752,30.890666666666668,30.89,float32,source_metadata_review_pending,materialized,matched,True,Matched by normalized GroupID and LocationID.
isd_audio_5a5b60b38421fb59e6e1,ISD,ISD_StPaulsCross_StPaulsCross1_SC125,train,https://doi.org/10.5281/zenodo.10672568,1.0.1-alpha.1,WAV_London_3.zip,WAV_London_3/StPaulsCross/SC125.wav,extracted/WAV_London_3/StPaulsCross/SC125.wav,https://zenodo.org/api/records/10672568/files/WAV_London_3.zip/content,CC-BY-4.0,permitted_with_attribution,open,SC125,StPaulsCross,9753a6f834d980c45228739748c25e6badc76178c1a2d8d92f9cc4a6fc8a992d,11911226,WAV,48000,2,1488896,31.018666666666668,31.02,float32,source_metadata_review_pending,materialized,matched,True,Matched by normalized GroupID and LocationID.
isd_audio_096c3098a28a20b0013d,ISD,ISD_StPaulsCross_StPaulsCross1_SC126,train,https://doi.org/10.5281/zenodo.10672568,1.0.1-alpha.1,WAV_London_3.zip,WAV_London_3/StPaulsCross/SC126.wav,extracted/WAV_London_3/StPaulsCross/SC126.wav,https://zenodo.org/api/records/10672568/files/WAV_London_3.zip/content,CC-BY-4.0,permitted_with_attribution,open,SC126,StPaulsCross,07a42b84edece0008e564ad927e0d92c4140e40baa0971464a1b91335b45bdef,11829306,WAV,48000,2,1478656,30.805333333333333,30.81,float32,source_metadata_review_pending,materialized,matched,True,Matched by normalized GroupID and LocationID.
isd_audio_fe0a149de802929875e3,ISD,ISD_StPaulsCross_StPaulsCross1_SC127,train,https://doi.org/10.5281/zenodo.10672568,1.0.1-alpha.1,WAV_London_3.zip,WAV_London_3/StPaulsCross/SC127.wav,extracted/WAV_London_3/StPaulsCross/SC127.wav,https://zenodo.org/api/records/10672568/files/WAV_London_3.zip/content,CC-BY-4.0,permitted_with_attribution,open,SC127,StPaulsCross,3dd0561846050df7738a31749d5795b93632de7a7c188bc8f9fc67cbd513c280,11927610,WAV,48000,2,1490944,31.061333333333334,31.06,float32,source_metadata_review_pending,materialized,matched,True,Matched by normalized GroupID and LocationID.
isd_audio_d7e40bba6335a05da15c,ISD,ISD_StPaulsCross_StPaulsCross1_SC128,train,https://doi.org/10.5281/zenodo.10672568,1.0.1-alpha.1,WAV_London_3.zip,WAV_London_3/StPaulsCross/SC128.wav,extracted/WAV_London_3/StPaulsCross/SC128.wav,https://zenodo.org/api/records/10672568/files/WAV_London_3.zip/content,CC-BY-4.0,permitted_with_attribution,open,SC128,StPaulsCross,10d014f46743215b850d98985ad374f51284cabf7c0bb812a69ea506a87e589d,11829306,WAV,48000,2,1478656,30.805333333333333,30.81,float32,source_metadata_review_pending,materialized,matched,True,Matched by normalized GroupID and LocationID.
isd_audio_f3d148fefa6984efbe5e,ISD,ISD_StPaulsCross_StPaulsCross1_SC129,train,https://doi.org/10.5281/zenodo.10672568,1.0.1-alpha.1,WAV_London_3.zip,WAV_London_3/StPaulsCross/SC129.wav,extracted/WAV_London_3/StPaulsCross/SC129.wav,https://zenodo.org/api/records/10672568/files/WAV_London_3.zip/content,CC-BY-4.0,permitted_with_attribution,open,SC129,StPaulsCross,fd3d8d682ae2176568dad35375acdc501ae379ef9627cc166163eac577400b2f,11780154,WAV,48000,2,1472512,30.677333333333333,30.68,float32,source_metadata_review_pending,materialized,matched,True,Matched by normalized GroupID and LocationID.
isd_audio_edd6f325fa7a47974e80,ISD,ISD_StPaulsCross_StPaulsCross1_SC130,train,https://doi.org/10.5281/zenodo.10672568,1.0.1-alpha.1,WAV_London_3.zip,WAV_London_3/StPaulsCross/SC130.wav,extracted/WAV_London_3/StPaulsCross/SC130.wav,https://zenodo.org/api/records/10672568/files/WAV_London_3.zip/content,CC-BY-4.0,permitted_with_attribution,open,SC130,StPaulsCross,1a4d9ed4696f595c83c372a634ad255e8159171ddb16f248692cd397093c238e,11796538,WAV,48000,2,1474560,30.72,30.72,float32,source_metadata_review_pending,materialized,matched,True,Matched by normalized GroupID and LocationID.
isd_audio_8d580c8af32d5ab3b4c2,ISD,ISD_StPaulsCross_StPaulsCross1_SC131,train,https://doi.org/10.5281/zenodo.10672568,1.0.1-alpha.1,WAV_London_3.zip,WAV_London_3/StPaulsCross/SC131.wav,extracted/WAV_London_3/StPaulsCross/SC131.wav,https://zenodo.org/api/records/10672568/files/WAV_London_3.zip/content,CC-BY-4.0,permitted_with_attribution,open,SC131,StPaulsCross,bfdd5b1519e18a75637eb83322b4034106ebb20ccad23823f3bd4c0e142d9ee1,11796538,WAV,48000,2,1474560,30.72,30.72,float32,source_metadata_review_pending,materialized,matched,True,Matched by normalized GroupID and LocationID.
isd_audio_missing_c0205cf93b1dc078,ISD,ISD_StPaulsCross_StPaulsCross1_SC132,train,https://doi.org/10.5281/zenodo.10672568,1.0.1-alpha.1,WAV_Granada_1.zip;WAV_Groningen_1.zip;WAV_London_1.zip;WAV_London_2.zip;WAV_London_3.zip;WAV_London_4.zip;WAV_Venice_1.zip,,,https://doi.org/10.5281/zenodo.10672568,CC-BY-4.0,permitted_with_attribution,open,SC132,StPaulsCross,,,,,,,,,,not_available,source_missing,missing_source_asset,False,MOSAIQ clip is in the archive location scope but no WAV candidate exists.
isd_audio_missing_bd5069449aca5e2e,ISD,ISD_StPaulsCross_StPaulsCross1_SC133,train,https://doi.org/10.5281/zenodo.10672568,1.0.1-alpha.1,WAV_Granada_1.zip;WAV_Groningen_1.zip;WAV_London_1.zip;WAV_London_2.zip;WAV_London_3.zip;WAV_London_4.zip;WAV_Venice_1.zip,,,https://doi.org/10.5281/zenodo.10672568,CC-BY-4.0,permitted_with_attribution,open,SC133,StPaulsCross,,,,,,,,,,not_available,source_missing,missing_source_asset,False,MOSAIQ clip is in the archive location scope but no WAV candidate exists.
isd_audio_4ebb41f4b6598f9f5cf6,ISD,ISD_StPaulsCross_StPaulsCross1_SC134,train,https://doi.org/10.5281/zenodo.10672568,1.0.1-alpha.1,WAV_London_3.zip,WAV_London_3/StPaulsCross/SC134.wav,extracted/WAV_London_3/StPaulsCross/SC134.wav,https://zenodo.org/api/records/10672568/files/WAV_London_3.zip/content,CC-BY-4.0,permitted_with_attribution,open,SC134,StPaulsCross,8018a6da7a257a5c84ff7522ab5fa15dbe1117c718d3a80ce868d40792c1faaf,11780154,WAV,48000,2,1472512,30.677333333333333,30.68,float32,source_metadata_review_pending,materialized,matched,True,Matched by normalized GroupID and LocationID.
isd_audio_99e379fe792a86f40cd6,ISD,ISD_StPaulsCross_StPaulsCross1_SC135,train,https://doi.org/10.5281/zenodo.10672568,1.0.1-alpha.1,WAV_London_3.zip,WAV_London_3/StPaulsCross/SC135.wav,extracted/WAV_London_3/StPaulsCross/SC135.wav,https://zenodo.org/api/records/10672568/files/WAV_London_3.zip/content,CC-BY-4.0,permitted_with_attribution,open,SC135,StPaulsCross,e2b8504a6087091bf3e2abe186deb45130acef3183d7c011bb47a9f6cc6eb853,11763770,WAV,48000,2,1470464,30.634666666666668,30.63,float32,source_metadata_review_pending,materialized,matched,True,Matched by normalized GroupID and LocationID.
isd_audio_e820d04596c64e5e2af6,ISD,ISD_StPaulsCross_StPaulsCross1_SC136,train,https://doi.org/10.5281/zenodo.10672568,1.0.1-alpha.1,WAV_London_3.zip,WAV_London_3/StPaulsCross/SC136.wav,extracted/WAV_London_3/StPaulsCross/SC136.wav,https://zenodo.org/api/records/10672568/files/WAV_London_3.zip/content,CC-BY-4.0,permitted_with_attribution,open,SC136,StPaulsCross,648ed75eb176ca219ada3c86a97466a90210e663d98849bf455da862e489e090,11796538,WAV,48000,2,1474560,30.72,30.72,float32,source_metadata_review_pending,materialized,matched,True,Matched by normalized GroupID and LocationID.
isd_audio_ff04d91ce05288ae0337,ISD,ISD_StPaulsCross_StPaulsCross1_SC137,train,https://doi.org/10.5281/zenodo.10672568,1.0.1-alpha.1,WAV_London_3.zip,WAV_London_3/StPaulsCross/SC137.wav,extracted/WAV_London_3/StPaulsCross/SC137.wav,https://zenodo.org/api/records/10672568/files/WAV_London_3.zip/content,CC-BY-4.0,permitted_with_attribution,open,SC137,StPaulsCross,42e1ac15aa96b496a7a9391bcf15365bcaeb4a0234b752417de8dcc84539be11,11993146,WAV,48000,2,1499136,31.232,31.23,float32,source_metadata_review_pending,materialized,matched,True,Matched by normalized GroupID and LocationID.
isd_audio_2b852ef801f5db231f91,ISD,ISD_StPaulsCross_StPaulsCross1_SC138,train,https://doi.org/10.5281/zenodo.10672568,1.0.1-alpha.1,WAV_London_3.zip,WAV_London_3/StPaulsCross/SC138.wav,extracted/WAV_London_3/StPaulsCross/SC138.wav,https://zenodo.org/api/records/10672568/files/WAV_London_3.zip/content,CC-BY-4.0,permitted_with_attribution,open,SC138,StPaulsCross,b1bc939c78e652e9cd80800d18a476ed427052ccf33b4f87e72e5889205589ad,11812922,WAV,48000,2,1476608,30.762666666666668,30.76,float32,source_metadata_review_pending,materialized,matched,True,Matched by normalized GroupID and LocationID.
isd_audio_5cefced32abfffe3a155,ISD,ISD_StPaulsCross_StPaulsCross1_SC139,train,https://doi.org/10.5281/zenodo.10672568,1.0.1-alpha.1,WAV_London_3.zip,WAV_London_3/StPaulsCross/SC139.wav,extracted/WAV_London_3/StPaulsCross/SC139.wav,https://zenodo.org/api/records/10672568/files/WAV_London_3.zip/content,CC-BY-4.0,permitted_with_attribution,open,SC139,StPaulsCross,eef6e57cf8a749f32793113adcdd1dd5b65372a3d8a2169520117d28610e19fe,11812922,WAV,48000,2,1476608,30.762666666666668,30.76,float32,source_metadata_review_pending,materialized,matched,True,Matched by normalized GroupID and LocationID.
isd_audio_d37ffcf1e578e37e4125,ISD,ISD_StPaulsCross_StPaulsCross1_SC140,train,https://doi.org/10.5281/zenodo.10672568,1.0.1-alpha.1,WAV_London_3.zip,WAV_London_3/StPaulsCross/SC140.wav,extracted/WAV_London_3/StPaulsCross/SC140.wav,https://zenodo.org/api/records/10672568/files/WAV_London_3.zip/content,CC-BY-4.0,permitted_with_attribution,open,SC140,StPaulsCross,0826be396156a6bb7fa65dc5bbd653bceb1b43de2e5aac14ab3c7941c0e719c1,11796538,WAV,48000,2,1474560,30.72,30.72,float32,source_metadata_review_pending,materialized,matched,True,Matched by normalized GroupID and LocationID.
isd_audio_917183a7dcbf61cd512a,ISD,ISD_StPaulsCross_StPaulsCross1_SC141,train,https://doi.org/10.5281/zenodo.10672568,1.0.1-alpha.1,WAV_London_3.zip,WAV_London_3/StPaulsCross/SC141.wav,extracted/WAV_London_3/StPaulsCross/SC141.wav,https://zenodo.org/api/records/10672568/files/WAV_London_3.zip/content,CC-BY-4.0,permitted_with_attribution,open,SC141,StPaulsCross,6c8bf9bb0c8f47639ef0b127bf3d345a07b4364a4e64aef14ac97585b14e824c,11812922,WAV,48000,2,1476608,30.762666666666668,30.76,float32,source_metadata_review_pending,materialized,matched,True,Matched by normalized GroupID and LocationID.
isd_audio_7ba8ed8f190dddbe0e12,ISD,ISD_StPaulsCross_StPaulsCross1_SC142,train,https://doi.org/10.5281/zenodo.10672568,1.0.1-alpha.1,WAV_London_3.zip,WAV_London_3/StPaulsCross/SC142.wav,extracted/WAV_London_3/StPaulsCross/SC142.wav,https://zenodo.org/api/records/10672568/files/WAV_London_3.zip/content,CC-BY-4.0,permitted_with_attribution,open,SC142,StPaulsCross,ea282fae04b88e5bbd4f3d912fb2ff20a9c01916356ec2afd182616ddf9141a2,11796538,WAV,48000,2,1474560,30.72,30.72,float32,source_metadata_review_pending,materialized,matched,True,Matched by normalized GroupID and LocationID.
isd_audio_81305ca6e6b32415fa8f,ISD,ISD_StPaulsCross_StPaulsCross1_SC143,train,https://doi.org/10.5281/zenodo.10672568,1.0.1-alpha.1,WAV_London_3.zip,WAV_London_3/StPaulsCross/SC143.wav,extracted/WAV_London_3/StPaulsCross/SC143.wav,https://zenodo.org/api/records/10672568/files/WAV_London_3.zip/content,CC-BY-4.0,permitted_with_attribution,open,SC143,StPaulsCross,45bb7a6c8751cc7e41c6f780a2c672d99ab362ee96d5c2cfc9674779d3a48de8,11780154,WAV,48000,2,1472512,30.677333333333333,30.68,float32,source_metadata_review_pending,materialized,matched,True,Matched by normalized GroupID and LocationID.
isd_audio_452157eeb9732c555ff8,ISD,ISD_StPaulsCross_StPaulsCross1_SC144,train,https://doi.org/10.5281/zenodo.10672568,1.0.1-alpha.1,WAV_London_3.zip,WAV_London_3/StPaulsCross/SC144.wav,extracted/WAV_London_3/StPaulsCross/SC144.wav,https://zenodo.org/api/records/10672568/files/WAV_London_3.zip/content,CC-BY-4.0,permitted_with_attribution,open,SC144,StPaulsCross,c2d478fac4f880afa10598c3d2b753703074a3484a6cf4dfeb0c84147785c2f4,11812922,WAV,48000,2,1476608,30.762666666666668,30.76,float32,source_metadata_review_pending,materialized,matched,True,Matched by normalized GroupID and LocationID.
isd_audio_missing_63f3b82114b7b396,ISD,ISD_StPaulsCross_StPaulsCross1_SC145,train,https://doi.org/10.5281/zenodo.10672568,1.0.1-alpha.1,WAV_Granada_1.zip;WAV_Groningen_1.zip;WAV_London_1.zip;WAV_London_2.zip;WAV_London_3.zip;WAV_London_4.zip;WAV_Venice_1.zip,,,https://doi.org/10.5281/zenodo.10672568,CC-BY-4.0,permitted_with_attribution,open,SC145,StPaulsCross,,,,,,,,,,not_available,source_missing,missing_source_asset,False,MOSAIQ clip is in the archive location scope but no WAV candidate exists.
isd_audio_fc4df1be19a228019e6d,ISD,ISD_StPaulsRow_StPaulsRow1_SR101,train,https://doi.org/10.5281/zenodo.10672568,1.0.1-alpha.1,WAV_London_3.zip,WAV_London_3/StPaulsRow/SR101.wav,extracted/WAV_London_3/StPaulsRow/SR101.wav,https://zenodo.org/api/records/10672568/files/WAV_London_3.zip/content,CC-BY-4.0,permitted_with_attribution,open,SR101,StPaulsRow,3a177377b087c703bab204f73547501cd61c1ad75ba3bb3e80f49080f9957099,11502042,WAV,44100,2,1437748,32.60199546485261,32.6,float32,source_metadata_review_pending,materialized,matched,True,Matched by normalized GroupID and LocationID.
isd_audio_missing_7eaeea443dfa7fac,ISD,ISD_StPaulsRow_StPaulsRow1_SR102,train,https://doi.org/10.5281/zenodo.10672568,1.0.1-alpha.1,WAV_Granada_1.zip;WAV_Groningen_1.zip;WAV_London_1.zip;WAV_London_2.zip;WAV_London_3.zip;WAV_London_4.zip;WAV_Venice_1.zip,,,https://doi.org/10.5281/zenodo.10672568,CC-BY-4.0,permitted_with_attribution,open,SR102,StPaulsRow,,,,,,,,,,not_available,source_missing,missing_source_asset,False,MOSAIQ clip is in the archive location scope but no WAV candidate exists.
isd_audio_93db71b3171a51f635d7,ISD,ISD_StPaulsRow_StPaulsRow1_SR103,train,https://doi.org/10.5281/zenodo.10672568,1.0.1-alpha.1,WAV_London_3.zip,WAV_London_3/StPaulsRow/SR103.wav,extracted/WAV_London_3/StPaulsRow/SR103.wav,https://zenodo.org/api/records/10672568/files/WAV_London_3.zip/content,CC-BY-4.0,permitted_with_attribution,open,SR103,StPaulsRow,6ca8a8c2ef5414619934d89dfd575d5a8a9ad4ea228e37c3ea44a960bac7540c,13148218,WAV,44100,2,1643520,37.268027210884355,37.27,float32,source_metadata_review_pending,materialized,matched,True,Matched by normalized GroupID and LocationID.
isd_audio_missing_a149af4c8c193a7b,ISD,ISD_StPaulsRow_StPaulsRow1_SR104,train,https://doi.org/10.5281/zenodo.10672568,1.0.1-alpha.1,WAV_Granada_1.zip;WAV_Groningen_1.zip;WAV_London_1.zip;WAV_London_2.zip;WAV_London_3.zip;WAV_London_4.zip;WAV_Venice_1.zip,,,https://doi.org/10.5281/zenodo.10672568,CC-BY-4.0,permitted_with_attribution,open,SR104,StPaulsRow,,,,,,,,,,not_available,source_missing,missing_source_asset,False,MOSAIQ clip is in the archive location scope but no WAV candidate exists.
isd_audio_b740e7a504b0c0aa584c,ISD,ISD_StPaulsRow_StPaulsRow1_SR105,train,https://doi.org/10.5281/zenodo.10672568,1.0.1-alpha.1,WAV_London_3.zip,WAV_London_3/StPaulsRow/SR105.wav,extracted/WAV_London_3/StPaulsRow/SR105.wav,https://zenodo.org/api/records/10672568/files/WAV_London_3.zip/content,CC-BY-4.0,permitted_with_attribution,open,SR105,StPaulsRow,18901b2b53bf300a253caefc22326af1b373f34550becc3fd23a56c19342ae8d,13017146,WAV,44100,2,1627136,36.89650793650794,36.9,float32,source_metadata_review_pending,materialized,matched,True,Matched by normalized GroupID and LocationID.
isd_audio_missing_84cf01142d2657a7,ISD,ISD_StPaulsRow_StPaulsRow1_SR106,train,https://doi.org/10.5281/zenodo.10672568,1.0.1-alpha.1,WAV_Granada_1.zip;WAV_Groningen_1.zip;WAV_London_1.zip;WAV_London_2.zip;WAV_London_3.zip;WAV_London_4.zip;WAV_Venice_1.zip,,,https://doi.org/10.5281/zenodo.10672568,CC-BY-4.0,permitted_with_attribution,open,SR106,StPaulsRow,,,,,,,,,,not_available,source_missing,missing_source_asset,False,MOSAIQ clip is in the archive location scope but no WAV candidate exists.
isd_audio_3908c94261b5217d5bdc,ISD,ISD_StPaulsRow_StPaulsRow1_SR107,train,https://doi.org/10.5281/zenodo.10672568,1.0.1-alpha.1,WAV_London_3.zip,WAV_London_3/StPaulsRow/SR107.wav,extracted/WAV_London_3/StPaulsRow/SR107.wav,https://zenodo.org/api/records/10672568/files/WAV_London_3.zip/content,CC-BY-4.0,permitted_with_attribution,open,SR107,StPaulsRow,0f8e2564564b7b005677a2c446a846e9b7bf7660b0b598656430049bbef820a8,12230714,WAV,44100,2,1528832,34.66739229024943,34.67,float32,source_metadata_review_pending,materialized,matched,True,Matched by normalized GroupID and LocationID.
isd_audio_726d5a8d27836db21e94,ISD,ISD_StPaulsRow_StPaulsRow1_SR108,train,https://doi.org/10.5281/zenodo.10672568,1.0.1-alpha.1,WAV_London_3.zip,WAV_London_3/StPaulsRow/SR108.wav,extracted/WAV_London_3/StPaulsRow/SR108.wav,https://zenodo.org/api/records/10672568/files/WAV_London_3.zip/content,CC-BY-4.0,permitted_with_attribution,open,SR108,StPaulsRow,dde51400607a69ea3e5828e30e18e3575db9069c3ea30a61b713fd22c01def42,11059282,WAV,44100,2,1382403,31.34700680272109,31.35,float32,source_metadata_review_pending,materialized,matched,True,Matched by normalized GroupID and LocationID.
isd_audio_9b8124d610e16fa2c716,ISD,ISD_StPaulsRow_StPaulsRow1_SR110,train,https://doi.org/10.5281/zenodo.10672568,1.0.1-alpha.1,WAV_London_3.zip,WAV_London_3/StPaulsRow/SR110.wav,extracted/WAV_London_3/StPaulsRow/SR110.wav,https://zenodo.org/api/records/10672568/files/WAV_London_3.zip/content,CC-BY-4.0,permitted_with_attribution,open,SR110,StPaulsRow,3f517e22d485c1a0d68263a3ea04af250318e1f472123ff3c46bf1a11c0c1486,9287522,WAV,44100,2,1160933,26.32501133786848,26.33,float32,source_metadata_review_pending,materialized,matched,True,Matched by normalized GroupID and LocationID.
isd_audio_320b3577955d26ac9ac6,ISD,ISD_StPaulsRow_StPaulsRow1_SR111,train,https://doi.org/10.5281/zenodo.10672568,1.0.1-alpha.1,WAV_London_3.zip,WAV_London_3/StPaulsRow/SR111.wav,extracted/WAV_London_3/StPaulsRow/SR111.wav,https://zenodo.org/api/records/10672568/files/WAV_London_3.zip/content,CC-BY-4.0,permitted_with_attribution,open,SR111,StPaulsRow,88d3d20438ae36a71557a8d6075c0486adc2211da9c778809b930c3b7134e614,11034682,WAV,44100,2,1379328,31.277278911564625,31.28,float32,source_metadata_review_pending,materialized,matched,True,Matched by normalized GroupID and LocationID.
isd_audio_95b4f336ffec0da8ffd0,ISD,ISD_StPaulsRow_StPaulsRow1_SR112,train,https://doi.org/10.5281/zenodo.10672568,1.0.1-alpha.1,WAV_London_3.zip,WAV_London_3/StPaulsRow/SR112.wav,extracted/WAV_London_3/StPaulsRow/SR112.wav,https://zenodo.org/api/records/10672568/files/WAV_London_3.zip/content,CC-BY-4.0,permitted_with_attribution,open,SR112,StPaulsRow,41378d32616c7e8454f82f1bdb4edb59c65533b14813729f2b0ca8b3841b8df9,11952186,WAV,44100,2,1494016,33.877913832199546,33.88,float32,source_metadata_review_pending,materialized,matched,True,Matched by normalized GroupID and LocationID.
isd_audio_f6ef2be45b777ec2ce50,ISD,ISD_StPaulsRow_StPaulsRow1_SR114,train,https://doi.org/10.5281/zenodo.10672568,1.0.1-alpha.1,WAV_London_3.zip,WAV_London_3/StPaulsRow/SR114.wav,extracted/WAV_London_3/StPaulsRow/SR114.wav,https://zenodo.org/api/records/10672568/files/WAV_London_3.zip/content,CC-BY-4.0,permitted_with_attribution,open,SR114,StPaulsRow,3665725814db72a1dba4eae69043af409a2f7879fc9cd429f7c9717bf9be742a,11059258,WAV,44100,2,1382400,31.346938775510203,31.35,float32,source_metadata_review_pending,materialized,matched,True,Matched by normalized GroupID and LocationID.
isd_audio_19c666adb08a94db91f4,ISD,ISD_StPaulsRow_StPaulsRow1_SR115,train,https://doi.org/10.5281/zenodo.10672568,1.0.1-alpha.1,WAV_London_3.zip,WAV_London_3/StPaulsRow/SR115.wav,extracted/WAV_London_3/StPaulsRow/SR115.wav,https://zenodo.org/api/records/10672568/files/WAV_London_3.zip/content,CC-BY-4.0,permitted_with_attribution,open,SR115,StPaulsRow,6842ade395bb28957db1348edf1f83f6f3b43b5dbd2369802582c02a93a5b316,12255290,WAV,44100,2,1531904,34.73705215419501,34.74,float32,source_metadata_review_pending,materialized,matched,True,Matched by normalized GroupID and LocationID.
isd_audio_b4af1437c257cb09b813,ISD,ISD_StPaulsRow_StPaulsRow1_SR116,train,https://doi.org/10.5281/zenodo.10672568,1.0.1-alpha.1,WAV_London_3.zip,WAV_London_3/StPaulsRow/SR116.wav,extracted/WAV_London_3/StPaulsRow/SR116.wav,https://zenodo.org/api/records/10672568/files/WAV_London_3.zip/content,CC-BY-4.0,permitted_with_attribution,open,SR116,StPaulsRow,7041d61e1528d4245416af537e921918b84b81b41ca62444b3ddd19e65cec936,15417402,WAV,44100,2,1927168,43.699954648526074,43.7,float32,source_metadata_review_pending,materialized,matched,True,Matched by normalized GroupID and LocationID.
isd_audio_6317513526e463795c20,ISD,ISD_StPaulsRow_StPaulsRow1_SR117,train,https://doi.org/10.5281/zenodo.10672568,1.0.1-alpha.1,WAV_London_3.zip,WAV_London_3/StPaulsRow/SR117.wav,extracted/WAV_London_3/StPaulsRow/SR117.wav,https://zenodo.org/api/records/10672568/files/WAV_London_3.zip/content,CC-BY-4.0,permitted_with_attribution,open,SR117,StPaulsRow,bb42a7657c93379efc1608f15b9a0f8f2051b673ae770f364441efcc81684aab,13525050,WAV,44100,2,1690624,38.33614512471655,38.34,float32,source_metadata_review_pending,materialized,matched,True,Matched by normalized GroupID and LocationID.
isd_audio_93133ab3e4764a7cd9ae,ISD,ISD_StPaulsRow_StPaulsRow1_SR118,train,https://doi.org/10.5281/zenodo.10672568,1.0.1-alpha.1,WAV_London_3.zip,WAV_London_3/StPaulsRow/SR118.wav,extracted/WAV_London_3/StPaulsRow/SR118.wav,https://zenodo.org/api/records/10672568/files/WAV_London_3.zip/content,CC-BY-4.0,permitted_with_attribution,open,SR118,StPaulsRow,f315df5bab620c84623dd23976b55081369a1aebb56a006e8293939ed9893c5b,17596474,WAV,44100,2,2199552,49.87646258503401,49.88,float32,source_metadata_review_pending,materialized,matched,True,Matched by normalized GroupID and LocationID.
isd_audio_133adc376d13aeb11d5b,ISD,ISD_StPaulsRow_StPaulsRow1_SR119,train,https://doi.org/10.5281/zenodo.10672568,1.0.1-alpha.1,WAV_London_3.zip,WAV_London_3/StPaulsRow/SR119.wav,extracted/WAV_London_3/StPaulsRow/SR119.wav,https://zenodo.org/api/records/10672568/files/WAV_London_3.zip/content,CC-BY-4.0,permitted_with_attribution,open,SR119,StPaulsRow,7a90ed29cd22092e97bacdc9453d7379e415b136c531479cdf2a5c59ebba85d1,13705274,WAV,44100,2,1713152,38.846984126984125,38.85,float32,source_metadata_review_pending,materialized,matched,True,Matched by normalized GroupID and LocationID.
isd_audio_eb1540e6878ccb8ec533,ISD,ISD_StPaulsRow_StPaulsRow1_SR121,train,https://doi.org/10.5281/zenodo.10672568,1.0.1-alpha.1,WAV_London_3.zip,WAV_London_3/StPaulsRow/SR121.wav,extracted/WAV_London_3/StPaulsRow/SR121.wav,https://zenodo.org/api/records/10672568/files/WAV_London_3.zip/content,CC-BY-4.0,permitted_with_attribution,open,SR121,StPaulsRow,871bd02d3050735033ca6c7daa8ffb5d96482f9510dc63b16e0b2627a4652a1c,11829306,WAV,44100,2,1478656,33.52961451247165,33.53,float32,source_metadata_review_pending,materialized,matched,True,Matched by normalized GroupID and LocationID.
isd_audio_missing_06ebff08e6dc9d78,ISD,ISD_StPaulsRow_StPaulsRow1_SR122,train,https://doi.org/10.5281/zenodo.10672568,1.0.1-alpha.1,WAV_Granada_1.zip;WAV_Groningen_1.zip;WAV_London_1.zip;WAV_London_2.zip;WAV_London_3.zip;WAV_London_4.zip;WAV_Venice_1.zip,,,https://doi.org/10.5281/zenodo.10672568,CC-BY-4.0,permitted_with_attribution,open,SR122,StPaulsRow,,,,,,,,,,not_available,source_missing,missing_source_asset,False,MOSAIQ clip is in the archive location scope but no WAV candidate exists.
isd_audio_101e29db6fda2f9f625b,ISD,ISD_StPaulsRow_StPaulsRow1_SR123,train,https://doi.org/10.5281/zenodo.10672568,1.0.1-alpha.1,WAV_London_3.zip,WAV_London_3/StPaulsRow/SR123.wav,extracted/WAV_London_3/StPaulsRow/SR123.wav,https://zenodo.org/api/records/10672568/files/WAV_London_3.zip/content,CC-BY-4.0,permitted_with_attribution,open,SR123,StPaulsRow,9ba8c54a5cec537cc284377127cf5932960a275ab997858505959dec5502206d,12435514,WAV,44100,2,1554432,35.247891156462586,35.25,float32,source_metadata_review_pending,materialized,matched,True,Matched by normalized GroupID and LocationID.
isd_audio_1f2e33a4424d29aeec75,ISD,ISD_StPaulsRow_StPaulsRow1_SR124,train,https://doi.org/10.5281/zenodo.10672568,1.0.1-alpha.1,WAV_London_3.zip,WAV_London_3/StPaulsRow/SR124.wav,extracted/WAV_London_3/StPaulsRow/SR124.wav,https://zenodo.org/api/records/10672568/files/WAV_London_3.zip/content,CC-BY-4.0,permitted_with_attribution,open,SR124,StPaulsRow,f0ea3a461198deb161c9e6136603978e89c1958204a015e0ab0290bbdba0a2cb,14467130,WAV,44100,2,1808384,41.00643990929705,41.01,float32,source_metadata_review_pending,materialized,matched,True,Matched by normalized GroupID and LocationID.
isd_audio_87111fe834c634d5cb01,ISD,ISD_StPaulsRow_StPaulsRow1_SR125,train,https://doi.org/10.5281/zenodo.10672568,1.0.1-alpha.1,WAV_London_3.zip,WAV_London_3/StPaulsRow/SR125.wav,extracted/WAV_London_3/StPaulsRow/SR125.wav,https://zenodo.org/api/records/10672568/files/WAV_London_3.zip/content,CC-BY-4.0,permitted_with_attribution,open,SR125,StPaulsRow,0752ab508319465a16b004650c8456c4764abccd802134b1c01b97b570814c9b,16302138,WAV,44100,2,2037760,46.20770975056689,46.21,float32,source_metadata_review_pending,materialized,matched,True,Matched by normalized GroupID and LocationID.
isd_audio_d114b9326b657114a551,ISD,ISD_StPaulsRow_StPaulsRow1_SR126,train,https://doi.org/10.5281/zenodo.10672568,1.0.1-alpha.1,WAV_London_3.zip,WAV_London_3/StPaulsRow/SR126.wav,extracted/WAV_London_3/StPaulsRow/SR126.wav,https://zenodo.org/api/records/10672568/files/WAV_London_3.zip/content,CC-BY-4.0,permitted_with_attribution,open,SR126,StPaulsRow,23c5d5a1b9b71d7d078d910012fdb9c347ac6abe21dd05384cb0e91c928301a9,14327866,WAV,44100,2,1790976,40.61170068027211,40.61,float32,source_metadata_review_pending,materialized,matched,True,Matched by normalized GroupID and LocationID.
isd_audio_missing_12250b0daa4736ab,ISD,ISD_StPaulsRow_StPaulsRow1_SR127,train,https://doi.org/10.5281/zenodo.10672568,1.0.1-alpha.1,WAV_Granada_1.zip;WAV_Groningen_1.zip;WAV_London_1.zip;WAV_London_2.zip;WAV_London_3.zip;WAV_London_4.zip;WAV_Venice_1.zip,,,https://doi.org/10.5281/zenodo.10672568,CC-BY-4.0,permitted_with_attribution,open,SR127,StPaulsRow,,,,,,,,,,not_available,source_missing,missing_source_asset,False,MOSAIQ clip is in the archive location scope but no WAV candidate exists.
isd_audio_54c4b0bbb31ebf84116c,ISD,ISD_StPaulsRow_StPaulsRow1_SR128,train,https://doi.org/10.5281/zenodo.10672568,1.0.1-alpha.1,WAV_London_3.zip,WAV_London_3/StPaulsRow/SR128.wav,extracted/WAV_London_3/StPaulsRow/SR128.wav,https://zenodo.org/api/records/10672568/files/WAV_London_3.zip/content,CC-BY-4.0,permitted_with_attribution,open,SR128,StPaulsRow,8bd84a3070c739f78a2375c470074e445921c45c861a6701e242a9fd129c13b6,15897930,WAV,44100,2,1987234,45.06199546485261,45.06,float32,source_metadata_review_pending,materialized,matched,True,Matched by normalized GroupID and LocationID.
isd_audio_ce4c737996014fe6a4e2,ISD,ISD_StPaulsRow_StPaulsRow1_SR129,train,https://doi.org/10.5281/zenodo.10672568,1.0.1-alpha.1,WAV_London_3.zip,WAV_London_3/StPaulsRow/SR129.wav,extracted/WAV_London_3/StPaulsRow/SR129.wav,https://zenodo.org/api/records/10672568/files/WAV_London_3.zip/content,CC-BY-4.0,permitted_with_attribution,open,SR129,StPaulsRow,ce2a95aaa599f42d7dc837bf7eff6781c66a17ec21976caf791a1575ac5a089a,7954642,WAV,44100,2,994323,22.54700680272109,22.55,float32,source_metadata_review_pending,materialized,matched,True,Matched by normalized GroupID and LocationID.
isd_audio_8d9e2568bd1442b464c5,ISD,ISD_StPaulsRow_StPaulsRow1_SR130,train,https://doi.org/10.5281/zenodo.10672568,1.0.1-alpha.1,WAV_London_3.zip,WAV_London_3/StPaulsRow/SR130.wav,extracted/WAV_London_3/StPaulsRow/SR130.wav,https://zenodo.org/api/records/10672568/files/WAV_London_3.zip/content,CC-BY-4.0,permitted_with_attribution,open,SR130,StPaulsRow,da548abbf709897af32513a84b411ee8b91b8725d3e744863be60b6b9e1ab021,12689466,WAV,44100,2,1586176,35.9677097505669,35.97,float32,source_metadata_review_pending,materialized,matched,True,Matched by normalized GroupID and LocationID.
isd_audio_8cfd83d4618debde40a3,ISD,ISD_StPaulsRow_StPaulsRow1_SR131,train,https://doi.org/10.5281/zenodo.10672568,1.0.1-alpha.1,WAV_London_3.zip,WAV_London_3/StPaulsRow/SR131.wav,extracted/WAV_London_3/StPaulsRow/SR131.wav,https://zenodo.org/api/records/10672568/files/WAV_London_3.zip/content,CC-BY-4.0,permitted_with_attribution,open,SR131,StPaulsRow,5cecdb9ef21469ebc55b1e49f2ac573801976fdb77a2cf326c6a93e815d5ae95,16449594,WAV,44100,2,2056192,46.625668934240366,46.63,float32,source_metadata_review_pending,materialized,matched,True,Matched by normalized GroupID and LocationID.
isd_audio_8490bdf4db00d5bdd722,ISD,ISD_StPaulsRow_StPaulsRow1_SR133,train,https://doi.org/10.5281/zenodo.10672568,1.0.1-alpha.1,WAV_London_3.zip,WAV_London_3/StPaulsRow/SR133.wav,extracted/WAV_London_3/StPaulsRow/SR133.wav,https://zenodo.org/api/records/10672568/files/WAV_London_3.zip/content,CC-BY-4.0,permitted_with_attribution,open,SR133,StPaulsRow,1da98fba1ee3d3a67b2b37a0a7c5173cd64bdfc44194818d80e376f4df8f5d96,12804154,WAV,44100,2,1600512,36.29278911564626,36.29,float32,source_metadata_review_pending,materialized,matched,True,Matched by normalized GroupID and LocationID.
isd_audio_f86dcebbc92f926e8e35,ISD,ISD_StPaulsRow_StPaulsRow1_SR134,train,https://doi.org/10.5281/zenodo.10672568,1.0.1-alpha.1,WAV_London_3.zip,WAV_London_3/StPaulsRow/SR134.wav,extracted/WAV_London_3/StPaulsRow/SR134.wav,https://zenodo.org/api/records/10672568/files/WAV_London_3.zip/content,CC-BY-4.0,permitted_with_attribution,open,SR134,StPaulsRow,1320e400879143ede6b438b36e181c54473347e902b014f281a1b0fcc48e0e0d,13713466,WAV,44100,2,1714176,38.87020408163265,38.87,float32,source_metadata_review_pending,materialized,matched,True,Matched by normalized GroupID and LocationID.
isd_audio_missing_331b682cade2175f,ISD,ISD_StPaulsRow_StPaulsRow1_SR135,train,https://doi.org/10.5281/zenodo.10672568,1.0.1-alpha.1,WAV_Granada_1.zip;WAV_Groningen_1.zip;WAV_London_1.zip;WAV_London_2.zip;WAV_London_3.zip;WAV_London_4.zip;WAV_Venice_1.zip,,,https://doi.org/10.5281/zenodo.10672568,CC-BY-4.0,permitted_with_attribution,open,SR135,StPaulsRow,,,,,,,,,,not_available,source_missing,missing_source_asset,False,MOSAIQ clip is in the archive location scope but no WAV candidate exists.
isd_audio_missing_e56f88507e193101,ISD,ISD_StPaulsRow_StPaulsRow1_SR136,train,https://doi.org/10.5281/zenodo.10672568,1.0.1-alpha.1,WAV_Granada_1.zip;WAV_Groningen_1.zip;WAV_London_1.zip;WAV_London_2.zip;WAV_London_3.zip;WAV_London_4.zip;WAV_Venice_1.zip,,,https://doi.org/10.5281/zenodo.10672568,CC-BY-4.0,permitted_with_attribution,open,SR136,StPaulsRow,,,,,,,,,,not_available,source_missing,missing_source_asset,False,MOSAIQ clip is in the archive location scope but no WAV candidate exists.
isd_audio_3a40a447d58e3a980c04,ISD,ISD_StPaulsRow_StPaulsRow1_SR137,train,https://doi.org/10.5281/zenodo.10672568,1.0.1-alpha.1,WAV_London_3.zip,WAV_London_3/StPaulsRow/SR137.wav,extracted/WAV_London_3/StPaulsRow/SR137.wav,https://zenodo.org/api/records/10672568/files/WAV_London_3.zip/content,CC-BY-4.0,permitted_with_attribution,open,SR137,StPaulsRow,a08a198d9d0db9b54ec901a2b50026b4a0d894516b527cc34547c48c966c6a41,12894266,WAV,44100,2,1611776,36.548208616780045,36.55,float32,source_metadata_review_pending,materialized,matched,True,Matched by normalized GroupID and LocationID.
isd_audio_missing_b4cf4ef554c875b8,ISD,ISD_StPaulsRow_StPaulsRow1_SR138,train,https://doi.org/10.5281/zenodo.10672568,1.0.1-alpha.1,WAV_Granada_1.zip;WAV_Groningen_1.zip;WAV_London_1.zip;WAV_London_2.zip;WAV_London_3.zip;WAV_London_4.zip;WAV_Venice_1.zip,,,https://doi.org/10.5281/zenodo.10672568,CC-BY-4.0,permitted_with_attribution,open,SR138,StPaulsRow,,,,,,,,,,not_available,source_missing,missing_source_asset,False,MOSAIQ clip is in the archive location scope but no WAV candidate exists.
isd_audio_75a99f9908e71207baf0,ISD,ISD_StPaulsRow_StPaulsRow1_SR139,train,https://doi.org/10.5281/zenodo.10672568,1.0.1-alpha.1,WAV_London_3.zip,WAV_London_3/StPaulsRow/SR139.wav,extracted/WAV_London_3/StPaulsRow/SR139.wav,https://zenodo.org/api/records/10672568/files/WAV_London_3.zip/content,CC-BY-4.0,permitted_with_attribution,open,SR139,StPaulsRow,da1c9a5bb89df6e5541afc8b3222dab17316f47d5eda5bf17812439de9ca0963,13123642,WAV,44100,2,1640448,37.198367346938774,37.2,float32,source_metadata_review_pending,materialized,matched,True,Matched by normalized GroupID and LocationID.
isd_audio_ef1447a1203c51ac8599,ISD,ISD_StPaulsRow_StPaulsRow1_SR140,train,https://doi.org/10.5281/zenodo.10672568,1.0.1-alpha.1,WAV_London_3.zip,WAV_London_3/StPaulsRow/SR140.wav,extracted/WAV_London_3/StPaulsRow/SR140.wav,https://zenodo.org/api/records/10672568/files/WAV_London_3.zip/content,CC-BY-4.0,permitted_with_attribution,open,SR140,StPaulsRow,ed96e80ebb241ae178daf670e9e5bbde625b2fd44358cceebbaf504be0c08861,12681274,WAV,44100,2,1585152,35.944489795918365,35.94,float32,source_metadata_review_pending,materialized,matched,True,Matched by normalized GroupID and LocationID.
isd_audio_missing_22d3a397f19eb615,ISD,ISD_StPaulsRow_StPaulsRow1_SR141,train,https://doi.org/10.5281/zenodo.10672568,1.0.1-alpha.1,WAV_Granada_1.zip;WAV_Groningen_1.zip;WAV_London_1.zip;WAV_London_2.zip;WAV_London_3.zip;WAV_London_4.zip;WAV_Venice_1.zip,,,https://doi.org/10.5281/zenodo.10672568,CC-BY-4.0,permitted_with_attribution,open,SR141,StPaulsRow,,,,,,,,,,not_available,source_missing,missing_source_asset,False,MOSAIQ clip is in the archive location scope but no WAV candidate exists.
isd_audio_missing_915113e86eb3ece6,ISD,ISD_StPaulsRow_StPaulsRow1_SR142,train,https://doi.org/10.5281/zenodo.10672568,1.0.1-alpha.1,WAV_Granada_1.zip;WAV_Groningen_1.zip;WAV_London_1.zip;WAV_London_2.zip;WAV_London_3.zip;WAV_London_4.zip;WAV_Venice_1.zip,,,https://doi.org/10.5281/zenodo.10672568,CC-BY-4.0,permitted_with_attribution,open,SR142,StPaulsRow,,,,,,,,,,not_available,source_missing,missing_source_asset,False,MOSAIQ clip is in the archive location scope but no WAV candidate exists.
isd_audio_missing_5afc9178c62812e1,ISD,ISD_StPaulsRow_StPaulsRow1_SR143,train,https://doi.org/10.5281/zenodo.10672568,1.0.1-alpha.1,WAV_Granada_1.zip;WAV_Groningen_1.zip;WAV_London_1.zip;WAV_London_2.zip;WAV_London_3.zip;WAV_London_4.zip;WAV_Venice_1.zip,,,https://doi.org/10.5281/zenodo.10672568,CC-BY-4.0,permitted_with_attribution,open,SR143,StPaulsRow,,,,,,,,,,not_available,source_missing,missing_source_asset,False,MOSAIQ clip is in the archive location scope but no WAV candidate exists.
isd_audio_901d0d5b2014762b04e5,ISD,ISD_StPaulsRow_StPaulsRow1_SR144,train,https://doi.org/10.5281/zenodo.10672568,1.0.1-alpha.1,WAV_London_3.zip,WAV_London_3/StPaulsRow/SR144.wav,extracted/WAV_London_3/StPaulsRow/SR144.wav,https://zenodo.org/api/records/10672568/files/WAV_London_3.zip/content,CC-BY-4.0,permitted_with_attribution,open,SR144,StPaulsRow,08b106ff977408450cda62ed2bf86b745b0e2b3c8737c4b59df7633d821abf1b,7203530,WAV,44100,2,900434,20.418004535147393,20.42,float32,source_metadata_review_pending,materialized,matched,True,Matched by normalized GroupID and LocationID.
isd_audio_5ce7e85baf66b75c8890,ISD,ISD_StPaulsRow_StPaulsRow1_SR145,train,https://doi.org/10.5281/zenodo.10672568,1.0.1-alpha.1,WAV_London_3.zip,WAV_London_3/StPaulsRow/SR145.wav,extracted/WAV_London_3/StPaulsRow/SR145.wav,https://zenodo.org/api/records/10672568/files/WAV_London_3.zip/content,CC-BY-4.0,permitted_with_attribution,open,SR145,StPaulsRow,03bdedc68935f30db6afa136e6100686a468508d3626e49d107b35b29587102b,16293946,WAV,44100,2,2036736,46.18448979591837,46.18,float32,source_metadata_review_pending,materialized,matched,True,Matched by normalized GroupID and LocationID.
isd_audio_fce22c7611abebc847f0,ISD,ISD_StPaulsRow_StPaulsRow1_SR146,train,https://doi.org/10.5281/zenodo.10672568,1.0.1-alpha.1,WAV_London_3.zip,WAV_London_3/StPaulsRow/SR146.wav,extracted/WAV_London_3/StPaulsRow/SR146.wav,https://zenodo.org/api/records/10672568/files/WAV_London_3.zip/content,CC-BY-4.0,permitted_with_attribution,open,SR146,StPaulsRow,f63a15e3085870e52fd831307b3d5fc3c184ef75169c502a19c25e48a9a4c594,13918266,WAV,44100,2,1739776,39.450702947845805,39.45,float32,source_metadata_review_pending,materialized,matched,True,Matched by normalized GroupID and LocationID.
isd_audio_6d453c2e4199013171b5,ISD,ISD_StPaulsRow_StPaulsRow1_SR147,train,https://doi.org/10.5281/zenodo.10672568,1.0.1-alpha.1,WAV_London_3.zip,WAV_London_3/StPaulsRow/SR147.wav,extracted/WAV_London_3/StPaulsRow/SR147.wav,https://zenodo.org/api/records/10672568/files/WAV_London_3.zip/content,CC-BY-4.0,permitted_with_attribution,open,SR147,StPaulsRow,52a058af2e003c0e2bc996901a21882d0d8605ba3ad77a338ef508ebfed0903d,12509242,WAV,44100,2,1563648,35.456870748299316,35.46,float32,source_metadata_review_pending,materialized,matched,True,Matched by normalized GroupID and LocationID.
isd_audio_missing_5ae9df8013b8307b,ISD,ISD_TateModern_TateModern1_MT102,train,https://doi.org/10.5281/zenodo.10672568,1.0.1-alpha.1,WAV_Granada_1.zip;WAV_Groningen_1.zip;WAV_London_1.zip;WAV_London_2.zip;WAV_London_3.zip;WAV_London_4.zip;WAV_Venice_1.zip,,,https://doi.org/10.5281/zenodo.10672568,CC-BY-4.0,permitted_with_attribution,open,MT102,TateModern,,,,,,,,,,not_available,source_missing,missing_source_asset,False,MOSAIQ clip is in the archive location scope but no WAV candidate exists.
isd_audio_c8912280532378bf3b91,ISD,ISD_TateModern_TateModern1_TM101,train,https://doi.org/10.5281/zenodo.10672568,1.0.1-alpha.1,WAV_London_4.zip,WAV_London_4/TateModern/TM101.wav,extracted/WAV_London_4/TateModern/TM101.wav,https://zenodo.org/api/records/10672568/files/WAV_London_4.zip/content,CC-BY-4.0,permitted_with_attribution,open,TM101,TateModern,3eb360a33301ca0ca56bf89dff1f43be9059fa1325f15fbc5209f8f03c3f0462,11829306,WAV,44100,2,1478656,33.52961451247165,33.53,float32,source_metadata_review_pending,materialized,matched,True,Matched by normalized GroupID and LocationID.
isd_audio_a816940dca340643b7c2,ISD,ISD_TateModern_TateModern1_TM102,train,https://doi.org/10.5281/zenodo.10672568,1.0.1-alpha.1,WAV_London_4.zip,WAV_London_4/TateModern/TM102.wav,extracted/WAV_London_4/TateModern/TM102.wav,https://zenodo.org/api/records/10672568/files/WAV_London_4.zip/content,CC-BY-4.0,permitted_with_attribution,open,TM102,TateModern,32fdb7906789ef7f9b584ab0c37995196e16797b2c5cb9bb237d62d25f619f8a,8653538,WAV,44100,2,1081685,24.528004535147392,24.53,float32,source_metadata_review_pending,materialized,matched,True,Matched by normalized GroupID and LocationID.
isd_audio_2b96287eea74230b6d0c,ISD,ISD_TateModern_TateModern1_TM103,train,https://doi.org/10.5281/zenodo.10672568,1.0.1-alpha.1,WAV_London_4.zip,WAV_London_4/TateModern/TM103.wav,extracted/WAV_London_4/TateModern/TM103.wav,https://zenodo.org/api/records/10672568/files/WAV_London_4.zip/content,CC-BY-4.0,permitted_with_attribution,open,TM103,TateModern,ad493eb3abde3244ec04f71549bcb4a356bb801ba8a15f9efeb68d2c2148c6ba,10500090,WAV,44100,2,1312504,29.761995464852607,29.76,float32,source_metadata_review_pending,materialized,matched,True,Matched by normalized GroupID and LocationID.
isd_audio_a5cc956654bf91c32b4c,ISD,ISD_TateModern_TateModern1_TM104,train,https://doi.org/10.5281/zenodo.10672568,1.0.1-alpha.1,WAV_London_4.zip,WAV_London_4/TateModern/TM104.wav,extracted/WAV_London_4/TateModern/TM104.wav,https://zenodo.org/api/records/10672568/files/WAV_London_4.zip/content,CC-BY-4.0,permitted_with_attribution,open,TM104,TateModern,9d1c2092b09d67edee5c729b4ae5bb469b14c00db60e63bf8d4a1248b850c09b,12927034,WAV,44100,2,1615872,36.64108843537415,36.64,float32,source_metadata_review_pending,materialized,matched,True,Matched by normalized GroupID and LocationID.
isd_audio_5dda113be1b3ca7cc51a,ISD,ISD_TateModern_TateModern1_TM106,train,https://doi.org/10.5281/zenodo.10672568,1.0.1-alpha.1,WAV_London_4.zip,WAV_London_4/TateModern/TM106.wav,extracted/WAV_London_4/TateModern/TM106.wav,https://zenodo.org/api/records/10672568/files/WAV_London_4.zip/content,CC-BY-4.0,permitted_with_attribution,open,TM106,TateModern,491eb850eec03dc694c23a589dd8db4e7acc4e42ab5a540ff92929a031579bd4,11116602,WAV,44100,2,1389568,31.509478458049887,31.51,float32,source_metadata_review_pending,materialized,matched,True,Matched by normalized GroupID and LocationID.
isd_audio_16ba26862ede445f7b3a,ISD,ISD_TateModern_TateModern1_TM107,train,https://doi.org/10.5281/zenodo.10672568,1.0.1-alpha.1,WAV_London_4.zip,WAV_London_4/TateModern/TM107.wav,extracted/WAV_London_4/TateModern/TM107.wav,https://zenodo.org/api/records/10672568/files/WAV_London_4.zip/content,CC-BY-4.0,permitted_with_attribution,open,TM107,TateModern,01470a3f8d7f2d70193976fb87c6696c1cc1bbaaae02e7cc0d285ad0d038706a,11927610,WAV,44100,2,1490944,33.80825396825397,33.81,float32,source_metadata_review_pending,materialized,matched,True,Matched by normalized GroupID and LocationID.
isd_audio_51a3c01a098664060162,ISD,ISD_TateModern_TateModern1_TM108,train,https://doi.org/10.5281/zenodo.10672568,1.0.1-alpha.1,WAV_London_4.zip,WAV_London_4/TateModern/TM108.wav,extracted/WAV_London_4/TateModern/TM108.wav,https://zenodo.org/api/records/10672568/files/WAV_London_4.zip/content,CC-BY-4.0,permitted_with_attribution,open,TM108,TateModern,6fba7db137aa4da7859573a2e4a0e6a3f2169213ccfa01fd05ed3ce818a6fc26,14196794,WAV,44100,2,1774592,40.24018140589569,40.24,float32,source_metadata_review_pending,materialized,matched,True,Matched by normalized GroupID and LocationID.
isd_audio_4664112b514d0ba6b0f9,ISD,ISD_TateModern_TateModern1_TM109,train,https://doi.org/10.5281/zenodo.10672568,1.0.1-alpha.1,WAV_London_4.zip,WAV_London_4/TateModern/TM109.wav,extracted/WAV_London_4/TateModern/TM109.wav,https://zenodo.org/api/records/10672568/files/WAV_London_4.zip/content,CC-BY-4.0,permitted_with_attribution,open,TM109,TateModern,a0770d00b725e6f62ca72ab82fc53b0037cd24c89e12796a93fbcacdac258da8,11272250,WAV,44100,2,1409024,31.950657596371883,31.95,float32,source_metadata_review_pending,materialized,matched,True,Matched by normalized GroupID and LocationID.
isd_audio_e9b1f6e55380ac348441,ISD,ISD_TateModern_TateModern1_TM110,train,https://doi.org/10.5281/zenodo.10672568,1.0.1-alpha.1,WAV_London_4.zip,WAV_London_4/TateModern/TM110.wav,extracted/WAV_London_4/TateModern/TM110.wav,https://zenodo.org/api/records/10672568/files/WAV_London_4.zip/content,CC-BY-4.0,permitted_with_attribution,open,TM110,TateModern,197ea28894d997955aee09258be32343b862f885dfb399a979e8a63ff82d94d8,12673082,WAV,44100,2,1584128,35.92126984126984,35.92,float32,source_metadata_review_pending,materialized,matched,True,Matched by normalized GroupID and LocationID.
isd_audio_b98dc4c9dc4ea631a43d,ISD,ISD_TateModern_TateModern1_TM111,train,https://doi.org/10.5281/zenodo.10672568,1.0.1-alpha.1,WAV_London_4.zip,WAV_London_4/TateModern/TM111.wav,extracted/WAV_London_4/TateModern/TM111.wav,https://zenodo.org/api/records/10672568/files/WAV_London_4.zip/content,CC-BY-4.0,permitted_with_attribution,open,TM111,TateModern,82d3af2be28ebb2b2b0d53d82c3a02750ead6af839f50bdad2b3ccf8e918429d,11042874,WAV,44100,2,1380352,31.30049886621315,31.3,float32,source_metadata_review_pending,materialized,matched,True,Matched by normalized GroupID and LocationID.
isd_audio_3b0187e674a2a1254f42,ISD,ISD_TateModern_TateModern1_TM112,train,https://doi.org/10.5281/zenodo.10672568,1.0.1-alpha.1,WAV_London_4.zip,WAV_London_4/TateModern/TM112.wav,extracted/WAV_London_4/TateModern/TM112.wav,https://zenodo.org/api/records/10672568/files/WAV_London_4.zip/content,CC-BY-4.0,permitted_with_attribution,open,TM112,TateModern,8934ca1820e39d9d37247b566048fc95e03050a0379682d881c042d7f7b270af,11239482,WAV,44100,2,1404928,31.857777777777777,31.86,float32,source_metadata_review_pending,materialized,matched,True,Matched by normalized GroupID and LocationID.
isd_audio_4521d3c7b07d33b3d306,ISD,ISD_TateModern_TateModern1_TM113,train,https://doi.org/10.5281/zenodo.10672568,1.0.1-alpha.1,WAV_London_4.zip,WAV_London_4/TateModern/TM113.wav,extracted/WAV_London_4/TateModern/TM113.wav,https://zenodo.org/api/records/10672568/files/WAV_London_4.zip/content,CC-BY-4.0,permitted_with_attribution,open,TM113,TateModern,8f308b7d64918fe5e893f89de5bcbacc682e54b6162f1ef842288a7f66a26fdd,12451898,WAV,44100,2,1556480,35.294331065759636,35.29,float32,source_metadata_review_pending,materialized,matched,True,Matched by normalized GroupID and LocationID.
isd_audio_missing_f85f0aad34d5028a,ISD,ISD_TateModern_TateModern1_TM114,train,https://doi.org/10.5281/zenodo.10672568,1.0.1-alpha.1,WAV_Granada_1.zip;WAV_Groningen_1.zip;WAV_London_1.zip;WAV_London_2.zip;WAV_London_3.zip;WAV_London_4.zip;WAV_Venice_1.zip,,,https://doi.org/10.5281/zenodo.10672568,CC-BY-4.0,permitted_with_attribution,open,TM114,TateModern,,,,,,,,,,not_available,source_missing,missing_source_asset,False,MOSAIQ clip is in the archive location scope but no WAV candidate exists.
isd_audio_dae15475839434623dbe,ISD,ISD_TateModern_TateModern1_TM115,train,https://doi.org/10.5281/zenodo.10672568,1.0.1-alpha.1,WAV_London_4.zip,WAV_London_4/TateModern/TM115.wav,extracted/WAV_London_4/TateModern/TM115.wav,https://zenodo.org/api/records/10672568/files/WAV_London_4.zip/content,CC-BY-4.0,permitted_with_attribution,open,TM115,TateModern,d034f77f4a1c749a0748a4dbf6b6d9f7aac0a1a4b99322f46778e58810eaf640,11280442,WAV,44100,2,1410048,31.973877551020408,31.97,float32,source_metadata_review_pending,materialized,matched,True,Matched by normalized GroupID and LocationID.
isd_audio_8c173d0e08f747bc8512,ISD,ISD_TateModern_TateModern1_TM116,train,https://doi.org/10.5281/zenodo.10672568,1.0.1-alpha.1,WAV_London_4.zip,WAV_London_4/TateModern/TM116.wav,extracted/WAV_London_4/TateModern/TM116.wav,https://zenodo.org/api/records/10672568/files/WAV_London_4.zip/content,CC-BY-4.0,permitted_with_attribution,open,TM116,TateModern,b3fab4bd99e5ccaea86acccac30c5ed681beefcf70e8cfd24a261b918c6bae35,11796538,WAV,44100,2,1474560,33.436734693877554,33.44,float32,source_metadata_review_pending,materialized,matched,True,Matched by normalized GroupID and LocationID.
isd_audio_c72c35bd008edc142615,ISD,ISD_TateModern_TateModern1_TM117,train,https://doi.org/10.5281/zenodo.10672568,1.0.1-alpha.1,WAV_London_4.zip,WAV_London_4/TateModern/TM117.wav,extracted/WAV_London_4/TateModern/TM117.wav,https://zenodo.org/api/records/10672568/files/WAV_London_4.zip/content,CC-BY-4.0,permitted_with_attribution,open,TM117,TateModern,e70ec83b2d70809875f3167ff973465988732d7a9ab5a672d4424b97a849ed78,12886074,WAV,44100,2,1610752,36.52498866213152,36.52,float32,source_metadata_review_pending,materialized,matched,True,Matched by normalized GroupID and LocationID.
isd_audio_c94b97c8e803fa94fd50,ISD,ISD_TateModern_TateModern1_TM118,train,https://doi.org/10.5281/zenodo.10672568,1.0.1-alpha.1,WAV_London_4.zip,WAV_London_4/TateModern/TM118.wav,extracted/WAV_London_4/TateModern/TM118.wav,https://zenodo.org/api/records/10672568/files/WAV_London_4.zip/content,CC-BY-4.0,permitted_with_attribution,open,TM118,TateModern,a2bf0ca7f773d24c77b15928562dc1cd2edc909a717986a886f529c1250d6dcb,11952186,WAV,44100,2,1494016,33.877913832199546,33.88,float32,source_metadata_review_pending,materialized,matched,True,Matched by normalized GroupID and LocationID.
isd_audio_4eee66b1862461fb6f09,ISD,ISD_TateModern_TateModern1_TM119,train,https://doi.org/10.5281/zenodo.10672568,1.0.1-alpha.1,WAV_London_4.zip,WAV_London_4/TateModern/TM119.wav,extracted/WAV_London_4/TateModern/TM119.wav,https://zenodo.org/api/records/10672568/files/WAV_London_4.zip/content,CC-BY-4.0,permitted_with_attribution,open,TM119,TateModern,ec223c64c524a515f6a74153d307fa102967365c652e8b23b19186731f9d8f81,13180986,WAV,44100,2,1647616,37.36090702947846,37.36,float32,source_metadata_review_pending,materialized,matched,True,Matched by normalized GroupID and LocationID.
isd_audio_d94f0fab92b125e0817b,ISD,ISD_TateModern_TateModern1_TM120,train,https://doi.org/10.5281/zenodo.10672568,1.0.1-alpha.1,WAV_London_4.zip,WAV_London_4/TateModern/TM120.wav,extracted/WAV_London_4/TateModern/TM120.wav,https://zenodo.org/api/records/10672568/files/WAV_London_4.zip/content,CC-BY-4.0,permitted_with_attribution,open,TM120,TateModern,4a6bcb8b43d0ff85bd8105163858a3ec56ada80413c9c95b3fc48ddfa6c0508a,11436090,WAV,44100,2,1429504,32.41505668934241,32.42,float32,source_metadata_review_pending,materialized,matched,True,Matched by normalized GroupID and LocationID.
isd_audio_96293be2e2d22d384007,ISD,ISD_TateModern_TateModern1_TM121,train,https://doi.org/10.5281/zenodo.10672568,1.0.1-alpha.1,WAV_London_4.zip,WAV_London_4/TateModern/TM121.wav,extracted/WAV_London_4/TateModern/TM121.wav,https://zenodo.org/api/records/10672568/files/WAV_London_4.zip/content,CC-BY-4.0,permitted_with_attribution,open,TM121,TateModern,107ede93a35cd6ac257f3aa24035b90b4c8772fc152f5c22ddc6379b39f8254c,11378746,WAV,44100,2,1422336,32.25251700680272,32.25,float32,source_metadata_review_pending,materialized,matched,True,Matched by normalized GroupID and LocationID.
isd_audio_85f5643a18edfab48256,ISD,ISD_TateModern_TateModern1_TM122,train,https://doi.org/10.5281/zenodo.10672568,1.0.1-alpha.1,WAV_London_4.zip,WAV_London_4/TateModern/TM122.wav,extracted/WAV_London_4/TateModern/TM122.wav,https://zenodo.org/api/records/10672568/files/WAV_London_4.zip/content,CC-BY-4.0,permitted_with_attribution,open,TM122,TateModern,5820526b965ea8426c06272bec569bc7ede04dd8af52759196df2558110d3ac6,11395130,WAV,44100,2,1424384,32.298956916099776,32.3,float32,source_metadata_review_pending,materialized,matched,True,Matched by normalized GroupID and LocationID.
isd_audio_b242b12045a4c182d73a,ISD,ISD_TateModern_TateModern1_TM123,train,https://doi.org/10.5281/zenodo.10672568,1.0.1-alpha.1,WAV_London_4.zip,WAV_London_4/TateModern/TM123.wav,extracted/WAV_London_4/TateModern/TM123.wav,https://zenodo.org/api/records/10672568/files/WAV_London_4.zip/content,CC-BY-4.0,permitted_with_attribution,open,TM123,TateModern,ed64c4cb7e4c76893481023dbba358c4ae1cab336f113e953e1a51b1bea344da,11165754,WAV,44100,2,1395712,31.648798185941043,31.65,float32,source_metadata_review_pending,materialized,matched,True,Matched by normalized GroupID and LocationID.
isd_audio_306fff833cc0bc2eca90,ISD,ISD_TateModern_TateModern1_TM124,train,https://doi.org/10.5281/zenodo.10672568,1.0.1-alpha.1,WAV_London_4.zip,WAV_London_4/TateModern/TM124.wav,extracted/WAV_London_4/TateModern/TM124.wav,https://zenodo.org/api/records/10672568/files/WAV_London_4.zip/content,CC-BY-4.0,permitted_with_attribution,open,TM124,TateModern,ce4745e8f2ae830e27588b7ba59c624b305c7377b9ffeb924dfafef316fc94d1,11165754,WAV,44100,2,1395712,31.648798185941043,31.65,float32,source_metadata_review_pending,materialized,matched,True,Matched by normalized GroupID and LocationID.
isd_audio_missing_b6016cc3c833d29f,ISD,ISD_TateModern_TateModern1_TM125,train,https://doi.org/10.5281/zenodo.10672568,1.0.1-alpha.1,WAV_Granada_1.zip;WAV_Groningen_1.zip;WAV_London_1.zip;WAV_London_2.zip;WAV_London_3.zip;WAV_London_4.zip;WAV_Venice_1.zip,,,https://doi.org/10.5281/zenodo.10672568,CC-BY-4.0,permitted_with_attribution,open,TM125,TateModern,,,,,,,,,,not_available,source_missing,missing_source_asset,False,MOSAIQ clip is in the archive location scope but no WAV candidate exists.
isd_audio_7e537d1e7a7847533726,ISD,ISD_TateModern_TateModern1_TM126,train,https://doi.org/10.5281/zenodo.10672568,1.0.1-alpha.1,WAV_London_4.zip,WAV_London_4/TateModern/TM126.wav,extracted/WAV_London_4/TateModern/TM126.wav,https://zenodo.org/api/records/10672568/files/WAV_London_4.zip/content,CC-BY-4.0,permitted_with_attribution,open,TM126,TateModern,80d3c790b29c6b38550602b3728a402df84158dd344089440dd37bd39abdb6e1,11886650,WAV,44100,2,1485824,33.69215419501134,33.69,float32,source_metadata_review_pending,materialized,matched,True,Matched by normalized GroupID and LocationID.
isd_audio_3cbe507dc80664482420,ISD,ISD_TateModern_TateModern1_TM127,train,https://doi.org/10.5281/zenodo.10672568,1.0.1-alpha.1,WAV_London_4.zip,WAV_London_4/TateModern/TM127.wav,extracted/WAV_London_4/TateModern/TM127.wav,https://zenodo.org/api/records/10672568/files/WAV_London_4.zip/content,CC-BY-4.0,permitted_with_attribution,open,TM127,TateModern,24d04b4effefe88bdc146b348fd62f5fa2587665b712140f0f6d72b33b2d7708,11206714,WAV,44100,2,1400832,31.764897959183674,31.76,float32,source_metadata_review_pending,materialized,matched,True,Matched by normalized GroupID and LocationID.
isd_audio_51b77b7e6780c0d6a99b,ISD,ISD_TateModern_TateModern1_TM128,train,https://doi.org/10.5281/zenodo.10672568,1.0.1-alpha.1,WAV_London_4.zip,WAV_London_4/TateModern/TM128.wav,extracted/WAV_London_4/TateModern/TM128.wav,https://zenodo.org/api/records/10672568/files/WAV_London_4.zip/content,CC-BY-4.0,permitted_with_attribution,open,TM128,TateModern,4b9bfdbaa8828ac29aba68e523b6c07b38c05f2346da7c6a16ecda80425214b4,11247674,WAV,44100,2,1405952,31.880997732426305,31.88,float32,source_metadata_review_pending,materialized,matched,True,Matched by normalized GroupID and LocationID.
isd_audio_deeccfe6fe1b673d3595,ISD,ISD_TateModern_TateModern1_TM129,train,https://doi.org/10.5281/zenodo.10672568,1.0.1-alpha.1,WAV_London_4.zip,WAV_London_4/TateModern/TM129.wav,extracted/WAV_London_4/TateModern/TM129.wav,https://zenodo.org/api/records/10672568/files/WAV_London_4.zip/content,CC-BY-4.0,permitted_with_attribution,open,TM129,TateModern,0f5bdacdcdf364c402b1fb9314d6fed9bad2e53a821f51356c3e6ff891950872,11116602,WAV,44100,2,1389568,31.509478458049887,31.51,float32,source_metadata_review_pending,materialized,matched,True,Matched by normalized GroupID and LocationID.
isd_audio_36d506d8f3a0fbe371b1,ISD,ISD_TateModern_TateModern1_TM130,train,https://doi.org/10.5281/zenodo.10672568,1.0.1-alpha.1,WAV_London_4.zip,WAV_London_4/TateModern/TM130.wav,extracted/WAV_London_4/TateModern/TM130.wav,https://zenodo.org/api/records/10672568/files/WAV_London_4.zip/content,CC-BY-4.0,permitted_with_attribution,open,TM130,TateModern,67224816b7b1e211b7b65b0cb6cccc6b34b74226cb165e1f901f2f81b05d3257,10653914,WAV,44100,2,1331732,30.198004535147394,30.2,float32,source_metadata_review_pending,materialized,matched,True,Matched by normalized GroupID and LocationID.
isd_audio_missing_4380531df7da79b5,ISD,ISD_TateModern_TateModern1_TM131,train,https://doi.org/10.5281/zenodo.10672568,1.0.1-alpha.1,WAV_Granada_1.zip;WAV_Groningen_1.zip;WAV_London_1.zip;WAV_London_2.zip;WAV_London_3.zip;WAV_London_4.zip;WAV_Venice_1.zip,,,https://doi.org/10.5281/zenodo.10672568,CC-BY-4.0,permitted_with_attribution,open,TM131,TateModern,,,,,,,,,,not_available,source_missing,missing_source_asset,False,MOSAIQ clip is in the archive location scope but no WAV candidate exists.
isd_audio_missing_3427aa0867a7781d,ISD,ISD_TateModern_TateModern1_TM132,train,https://doi.org/10.5281/zenodo.10672568,1.0.1-alpha.1,WAV_Granada_1.zip;WAV_Groningen_1.zip;WAV_London_1.zip;WAV_London_2.zip;WAV_London_3.zip;WAV_London_4.zip;WAV_Venice_1.zip,,,https://doi.org/10.5281/zenodo.10672568,CC-BY-4.0,permitted_with_attribution,open,TM132,TateModern,,,,,,,,,,not_available,source_missing,missing_source_asset,False,MOSAIQ clip is in the archive location scope but no WAV candidate exists.
isd_audio_55d1f28c2270f8186d60,ISD,ISD_TateModern_TateModern1_TM133,train,https://doi.org/10.5281/zenodo.10672568,1.0.1-alpha.1,WAV_London_4.zip,WAV_London_4/TateModern/TM133.wav,extracted/WAV_London_4/TateModern/TM133.wav,https://zenodo.org/api/records/10672568/files/WAV_London_4.zip/content,CC-BY-4.0,permitted_with_attribution,open,TM133,TateModern,dd8cd1f1661a5e8f3edda6e74ba3fc3560aee9ae07d948a11dd6d0c1a23051f1,11509818,WAV,44100,2,1438720,32.62403628117914,32.62,float32,source_metadata_review_pending,materialized,matched,True,Matched by normalized GroupID and LocationID.
isd_audio_a42ba85d80b8252d1f26,ISD,ISD_TateModern_TateModern2_TM201,train,https://doi.org/10.5281/zenodo.10672568,1.0.1-alpha.1,WAV_London_4.zip,WAV_London_4/TateModern/TM201.wav,extracted/WAV_London_4/TateModern/TM201.wav,https://zenodo.org/api/records/10672568/files/WAV_London_4.zip/content,CC-BY-4.0,permitted_with_attribution,open,TM201,TateModern,85e43b906d9dc8596e1af0be601e5f7124fb2b814706e58a8b5140de989fefdd,12329018,WAV,44100,2,1541120,34.94603174603174,34.95,float32,source_metadata_review_pending,materialized,matched,True,Matched by normalized GroupID and LocationID.
isd_audio_7e9bff65260a96a72be7,ISD,ISD_TateModern_TateModern2_TM202,train,https://doi.org/10.5281/zenodo.10672568,1.0.1-alpha.1,WAV_London_4.zip,WAV_London_4/TateModern/TM202.wav,extracted/WAV_London_4/TateModern/TM202.wav,https://zenodo.org/api/records/10672568/files/WAV_London_4.zip/content,CC-BY-4.0,permitted_with_attribution,open,TM202,TateModern,dd751bb02dd0aeaa0fb6ce783d7e694881bc66f0e8c46ec13456814dd0b1176e,11558970,WAV,44100,2,1444864,32.76335600907029,32.76,float32,source_metadata_review_pending,materialized,matched,True,Matched by normalized GroupID and LocationID.
isd_audio_6f32e872e95232ee2f44,ISD,ISD_TateModern_TateModern2_TM203,train,https://doi.org/10.5281/zenodo.10672568,1.0.1-alpha.1,WAV_London_4.zip,WAV_London_4/TateModern/TM203.wav,extracted/WAV_London_4/TateModern/TM203.wav,https://zenodo.org/api/records/10672568/files/WAV_London_4.zip/content,CC-BY-4.0,permitted_with_attribution,open,TM203,TateModern,aa7489737ebd90393e9b1de608611b8e3b1d48c5ef5bd7285010e0bff172bbcf,11673658,WAV,44100,2,1459200,33.08843537414966,33.09,float32,source_metadata_review_pending,materialized,matched,True,Matched by normalized GroupID and LocationID.
isd_audio_6059bd1ac775d7ccc4d1,ISD,ISD_TateModern_TateModern2_TM204,train,https://doi.org/10.5281/zenodo.10672568,1.0.1-alpha.1,WAV_London_4.zip,WAV_London_4/TateModern/TM204.wav,extracted/WAV_London_4/TateModern/TM204.wav,https://zenodo.org/api/records/10672568/files/WAV_London_4.zip/content,CC-BY-4.0,permitted_with_attribution,open,TM204,TateModern,308b055e92b1a9a8d4b9489056b209c4241e70b91c3297dd3a167a29a32de1a1,12714042,WAV,44100,2,1589248,36.03736961451247,36.04,float32,source_metadata_review_pending,materialized,matched,True,Matched by normalized GroupID and LocationID.
isd_audio_19b4e574db2f89fdee7e,ISD,ISD_TateModern_TateModern2_TM205,train,https://doi.org/10.5281/zenodo.10672568,1.0.1-alpha.1,WAV_London_4.zip,WAV_London_4/TateModern/TM205.wav,extracted/WAV_London_4/TateModern/TM205.wav,https://zenodo.org/api/records/10672568/files/WAV_London_4.zip/content,CC-BY-4.0,permitted_with_attribution,open,TM205,TateModern,13accfc8f8fc929e90b2052b24047a5f910fe40beda2ae3fd5b09d00ca9a34e8,11567162,WAV,44100,2,1445888,32.78657596371882,32.79,float32,source_metadata_review_pending,materialized,matched,True,Matched by normalized GroupID and LocationID.
isd_audio_36c717d391d34b5e9155,ISD,ISD_TateModern_TateModern2_TM206,train,https://doi.org/10.5281/zenodo.10672568,1.0.1-alpha.1,WAV_London_4.zip,WAV_London_4/TateModern/TM206.wav,extracted/WAV_London_4/TateModern/TM206.wav,https://zenodo.org/api/records/10672568/files/WAV_London_4.zip/content,CC-BY-4.0,permitted_with_attribution,open,TM206,TateModern,6f77f69a30aaf5894e0ec647a1118fa8becd1a061a76f4ceb79705c42ef91e20,11583546,WAV,44100,2,1447936,32.833015873015874,32.83,float32,source_metadata_review_pending,materialized,matched,True,Matched by normalized GroupID and LocationID.
isd_audio_94596123bf738c01c3cb,ISD,ISD_TateModern_TateModern2_TM207,train,https://doi.org/10.5281/zenodo.10672568,1.0.1-alpha.1,WAV_London_4.zip,WAV_London_4/TateModern/TM207.wav,extracted/WAV_London_4/TateModern/TM207.wav,https://zenodo.org/api/records/10672568/files/WAV_London_4.zip/content,CC-BY-4.0,permitted_with_attribution,open,TM207,TateModern,3826dfb33fbed8436214acc9c68801aba939b703f91b9a265631e9e3b42f4b79,11509818,WAV,44100,2,1438720,32.62403628117914,32.62,float32,source_metadata_review_pending,materialized,matched,True,Matched by normalized GroupID and LocationID.
isd_audio_29b9ba7bbc952455609a,ISD,ISD_TateModern_TateModern2_TM208,train,https://doi.org/10.5281/zenodo.10672568,1.0.1-alpha.1,WAV_London_4.zip,WAV_London_4/TateModern/TM208.wav,extracted/WAV_London_4/TateModern/TM208.wav,https://zenodo.org/api/records/10672568/files/WAV_London_4.zip/content,CC-BY-4.0,permitted_with_attribution,open,TM208,TateModern,834ea7e561a011b5580f47acaf7b2409958159f01f0131b8bb5508298e502805,11984954,WAV,44100,2,1498112,33.97079365079365,33.97,float32,source_metadata_review_pending,materialized,matched,True,Matched by normalized GroupID and LocationID.
isd_audio_13ffa7095d1f9920a1fd,ISD,ISD_TateModern_TateModern2_TM209,train,https://doi.org/10.5281/zenodo.10672568,1.0.1-alpha.1,WAV_London_4.zip,WAV_London_4/TateModern/TM209.wav,extracted/WAV_London_4/TateModern/TM209.wav,https://zenodo.org/api/records/10672568/files/WAV_London_4.zip/content,CC-BY-4.0,permitted_with_attribution,open,TM209,TateModern,12fc007d4a704af0043306b4574545768a1034171f3cda5c5fde35ea603bf5ea,14450746,WAV,44100,2,1806336,40.96,40.96,float32,source_metadata_review_pending,materialized,matched,True,Matched by normalized GroupID and LocationID.
isd_audio_missing_639e12aa0545ddf0,ISD,ISD_TateModern_TateModern2_TM210,train,https://doi.org/10.5281/zenodo.10672568,1.0.1-alpha.1,WAV_Granada_1.zip;WAV_Groningen_1.zip;WAV_London_1.zip;WAV_London_2.zip;WAV_London_3.zip;WAV_London_4.zip;WAV_Venice_1.zip,,,https://doi.org/10.5281/zenodo.10672568,CC-BY-4.0,permitted_with_attribution,open,TM210,TateModern,,,,,,,,,,not_available,source_missing,missing_source_asset,False,MOSAIQ clip is in the archive location scope but no WAV candidate exists.
isd_audio_6949ddac9a5d13a44710,ISD,ISD_TateModern_TateModern2_TM211,train,https://doi.org/10.5281/zenodo.10672568,1.0.1-alpha.1,WAV_London_4.zip,WAV_London_4/TateModern/TM211.wav,extracted/WAV_London_4/TateModern/TM211.wav,https://zenodo.org/api/records/10672568/files/WAV_London_4.zip/content,CC-BY-4.0,permitted_with_attribution,open,TM211,TateModern,86aed78c5ab3c02c65c8404c91b827abe627b5345b6e682619398e5dfcb9056a,11534394,WAV,44100,2,1441792,32.69369614512472,32.69,float32,source_metadata_review_pending,materialized,matched,True,Matched by normalized GroupID and LocationID.
isd_audio_6b680223308fecd093ca,ISD,ISD_TateModern_TateModern2_TM212,train,https://doi.org/10.5281/zenodo.10672568,1.0.1-alpha.1,WAV_London_4.zip,WAV_London_4/TateModern/TM212.wav,extracted/WAV_London_4/TateModern/TM212.wav,https://zenodo.org/api/records/10672568/files/WAV_London_4.zip/content,CC-BY-4.0,permitted_with_attribution,open,TM212,TateModern,c3c9cd69fc93539ba4f9b04a418ad7353e8be62d593303a640d628ae6438c9cd,12075066,WAV,44100,2,1509376,34.22621315192744,34.23,float32,source_metadata_review_pending,materialized,matched,True,Matched by normalized GroupID and LocationID.
isd_audio_178c7f23f32dfb532fbc,ISD,ISD_TateModern_TateModern2_TM213,train,https://doi.org/10.5281/zenodo.10672568,1.0.1-alpha.1,WAV_London_4.zip,WAV_London_4/TateModern/TM213.wav,extracted/WAV_London_4/TateModern/TM213.wav,https://zenodo.org/api/records/10672568/files/WAV_London_4.zip/content,CC-BY-4.0,permitted_with_attribution,open,TM213,TateModern,b7f5c2f1414d9074ccf5878ba1fec56e56f34043eccd8b4e7ad1568b4721225c,11051066,WAV,44100,2,1381376,31.32371882086168,31.32,float32,source_metadata_review_pending,materialized,matched,True,Matched by normalized GroupID and LocationID.
isd_audio_2c001da4b6de21925d3c,ISD,ISD_TateModern_TateModern2_TM214,train,https://doi.org/10.5281/zenodo.10672568,1.0.1-alpha.1,WAV_London_4.zip,WAV_London_4/TateModern/TM214.wav,extracted/WAV_London_4/TateModern/TM214.wav,https://zenodo.org/api/records/10672568/files/WAV_London_4.zip/content,CC-BY-4.0,permitted_with_attribution,open,TM214,TateModern,f33d9f46fc3448fb7137ea93433506cc39b221f8bde1fc4f0bc2ebc74899cedd,11247674,WAV,44100,2,1405952,31.880997732426305,31.88,float32,source_metadata_review_pending,materialized,matched,True,Matched by normalized GroupID and LocationID.
isd_audio_8c832b9a7135fe1772e9,ISD,ISD_TateModern_TateModern2_TM215,train,https://doi.org/10.5281/zenodo.10672568,1.0.1-alpha.1,WAV_London_4.zip,WAV_London_4/TateModern/TM215.wav,extracted/WAV_London_4/TateModern/TM215.wav,https://zenodo.org/api/records/10672568/files/WAV_London_4.zip/content,CC-BY-4.0,permitted_with_attribution,open,TM215,TateModern,cefa214e689600611b99a66cc26d815699c6d773c0f056c755db2626912a2f3f,11362362,WAV,44100,2,1420288,32.20607709750567,32.21,float32,source_metadata_review_pending,materialized,matched,True,Matched by normalized GroupID and LocationID.
isd_audio_b9669f59102cb131f5bd,ISD,ISD_TateModern_TateModern2_TM216,train,https://doi.org/10.5281/zenodo.10672568,1.0.1-alpha.1,WAV_London_4.zip,WAV_London_4/TateModern/TM216.wav,extracted/WAV_London_4/TateModern/TM216.wav,https://zenodo.org/api/records/10672568/files/WAV_London_4.zip/content,CC-BY-4.0,permitted_with_attribution,open,TM216,TateModern,9d7e2e1e19533a87f4eb6da51e1eba84cbfc48b2d0016233d449c962024e001a,11837498,WAV,44100,2,1479680,33.55283446712018,33.55,float32,source_metadata_review_pending,materialized,matched,True,Matched by normalized GroupID and LocationID.
isd_audio_9747201f23390fb07412,ISD,ISD_TateModern_TateModern2_TM217,train,https://doi.org/10.5281/zenodo.10672568,1.0.1-alpha.1,WAV_London_4.zip,WAV_London_4/TateModern/TM217.wav,extracted/WAV_London_4/TateModern/TM217.wav,https://zenodo.org/api/records/10672568/files/WAV_London_4.zip/content,CC-BY-4.0,permitted_with_attribution,open,TM217,TateModern,33dc81c954723a2951a1cfdceda9a6aa03e92ca33294ca440728bfd22bda721d,11460666,WAV,44100,2,1432576,32.48471655328798,32.48,float32,source_metadata_review_pending,materialized,matched,True,Matched by normalized GroupID and LocationID.
isd_audio_8539d70ae175f9de59ec,ISD,ISD_TateModern_TateModern2_TM218,train,https://doi.org/10.5281/zenodo.10672568,1.0.1-alpha.1,WAV_London_4.zip,WAV_London_4/TateModern/TM218.wav,extracted/WAV_London_4/TateModern/TM218.wav,https://zenodo.org/api/records/10672568/files/WAV_London_4.zip/content,CC-BY-4.0,permitted_with_attribution,open,TM218,TateModern,6b8904bd4c6e7f8ec33c45e2434b4f126962ba9fb109621b8c1c55d86bbdbff3,11518010,WAV,44100,2,1439744,32.64725623582766,32.65,float32,source_metadata_review_pending,materialized,matched,True,Matched by normalized GroupID and LocationID.
isd_audio_6d81a22827572a232e0f,ISD,ISD_TateModern_TateModern2_TM219,train,https://doi.org/10.5281/zenodo.10672568,1.0.1-alpha.1,WAV_London_4.zip,WAV_London_4/TateModern/TM219.wav,extracted/WAV_London_4/TateModern/TM219.wav,https://zenodo.org/api/records/10672568/files/WAV_London_4.zip/content,CC-BY-4.0,permitted_with_attribution,open,TM219,TateModern,d36ebece08e198ab947773c6abb31a6ad7fcfffbd6e49beeb82c12637b613b3e,10985530,WAV,44100,2,1373184,31.13795918367347,31.14,float32,source_metadata_review_pending,materialized,matched,True,Matched by normalized GroupID and LocationID.
isd_audio_bb47cd413cf1a05335f4,ISD,ISD_TateModern_TateModern2_TM220,train,https://doi.org/10.5281/zenodo.10672568,1.0.1-alpha.1,WAV_London_4.zip,WAV_London_4/TateModern/TM220.wav,extracted/WAV_London_4/TateModern/TM220.wav,https://zenodo.org/api/records/10672568/files/WAV_London_4.zip/content,CC-BY-4.0,permitted_with_attribution,open,TM220,TateModern,2cf1339ebd81b1a7873f425f90c302ab5c23fb09d09aef4ede1b35f9d1f43ddb,12410938,WAV,44100,2,1551360,35.178231292517005,35.18,float32,source_metadata_review_pending,materialized,matched,True,Matched by normalized GroupID and LocationID.
isd_audio_92303ceffb30bc07d99b,ISD,ISD_TateModern_TateModern2_TM221,train,https://doi.org/10.5281/zenodo.10672568,1.0.1-alpha.1,WAV_London_4.zip,WAV_London_4/TateModern/TM221.wav,extracted/WAV_London_4/TateModern/TM221.wav,https://zenodo.org/api/records/10672568/files/WAV_London_4.zip/content,CC-BY-4.0,permitted_with_attribution,open,TM221,TateModern,52e22b2681f7e7cebd1aca1234e4bfdd7f8c18d99a6bb465e2038676be170f04,12525626,WAV,44100,2,1565696,35.50331065759637,35.5,float32,source_metadata_review_pending,materialized,matched,True,Matched by normalized GroupID and LocationID.
isd_audio_839595049633b456527e,ISD,ISD_TateModern_TateModern2_TM222,train,https://doi.org/10.5281/zenodo.10672568,1.0.1-alpha.1,WAV_London_4.zip,WAV_London_4/TateModern/TM222.wav,extracted/WAV_London_4/TateModern/TM222.wav,https://zenodo.org/api/records/10672568/files/WAV_London_4.zip/content,CC-BY-4.0,permitted_with_attribution,open,TM222,TateModern,8b833e78de7dc54a8b6102dbd3efc6614ffaa15c42c67f37d3b71db893a0c0f6,12951610,WAV,44100,2,1618944,36.710748299319725,36.71,float32,source_metadata_review_pending,materialized,matched,True,Matched by normalized GroupID and LocationID.
isd_audio_7db75e9697ca5bd0c1ad,ISD,ISD_TateModern_TateModern2_TM223,train,https://doi.org/10.5281/zenodo.10672568,1.0.1-alpha.1,WAV_London_4.zip,WAV_London_4/TateModern/TM223.wav,extracted/WAV_London_4/TateModern/TM223.wav,https://zenodo.org/api/records/10672568/files/WAV_London_4.zip/content,CC-BY-4.0,permitted_with_attribution,open,TM223,TateModern,9ccf7403191f458f135ef423a95ca4f4e3d0a2e6d7c9e618705e93d20f045140,12550202,WAV,44100,2,1568768,35.57297052154195,35.57,float32,source_metadata_review_pending,materialized,matched,True,Matched by normalized GroupID and LocationID.
isd_audio_missing_b924f076a42d70ed,ISD,ISD_TateModern_TateModern2_TM224,train,https://doi.org/10.5281/zenodo.10672568,1.0.1-alpha.1,WAV_Granada_1.zip;WAV_Groningen_1.zip;WAV_London_1.zip;WAV_London_2.zip;WAV_London_3.zip;WAV_London_4.zip;WAV_Venice_1.zip,,,https://doi.org/10.5281/zenodo.10672568,CC-BY-4.0,permitted_with_attribution,open,TM224,TateModern,,,,,,,,,,not_available,source_missing,missing_source_asset,False,MOSAIQ clip is in the archive location scope but no WAV candidate exists.
isd_audio_missing_f98529d31bc0dfbf,ISD,ISD_TateModern_TateModern2_TM225,train,https://doi.org/10.5281/zenodo.10672568,1.0.1-alpha.1,WAV_Granada_1.zip;WAV_Groningen_1.zip;WAV_London_1.zip;WAV_London_2.zip;WAV_London_3.zip;WAV_London_4.zip;WAV_Venice_1.zip,,,https://doi.org/10.5281/zenodo.10672568,CC-BY-4.0,permitted_with_attribution,open,TM225,TateModern,,,,,,,,,,not_available,source_missing,missing_source_asset,False,MOSAIQ clip is in the archive location scope but no WAV candidate exists.
isd_audio_6603bfffdf4c8d892db8,ISD,ISD_TateModern_TateModern2_TM226,train,https://doi.org/10.5281/zenodo.10672568,1.0.1-alpha.1,WAV_London_4.zip,WAV_London_4/TateModern/TM226.wav,extracted/WAV_London_4/TateModern/TM226.wav,https://zenodo.org/api/records/10672568/files/WAV_London_4.zip/content,CC-BY-4.0,permitted_with_attribution,open,TM226,TateModern,2b170ff483452e5dfe2e98b6d3693b9d672135fa2f96650dbb83e362c93dfa93,11427898,WAV,44100,2,1428480,32.391836734693875,32.39,float32,source_metadata_review_pending,materialized,matched,True,Matched by normalized GroupID and LocationID.
isd_audio_missing_9e2377f41f64e42a,ISD,ISD_TateModern_TateModern2_TM227,train,https://doi.org/10.5281/zenodo.10672568,1.0.1-alpha.1,WAV_Granada_1.zip;WAV_Groningen_1.zip;WAV_London_1.zip;WAV_London_2.zip;WAV_London_3.zip;WAV_London_4.zip;WAV_Venice_1.zip,,,https://doi.org/10.5281/zenodo.10672568,CC-BY-4.0,permitted_with_attribution,open,TM227,TateModern,,,,,,,,,,not_available,source_missing,missing_source_asset,False,MOSAIQ clip is in the archive location scope but no WAV candidate exists.
isd_audio_missing_886132e3872fa460,ISD,ISD_TateModern_TateModern2_TM228,train,https://doi.org/10.5281/zenodo.10672568,1.0.1-alpha.1,WAV_Granada_1.zip;WAV_Groningen_1.zip;WAV_London_1.zip;WAV_London_2.zip;WAV_London_3.zip;WAV_London_4.zip;WAV_Venice_1.zip,,,https://doi.org/10.5281/zenodo.10672568,CC-BY-4.0,permitted_with_attribution,open,TM228,TateModern,,,,,,,,,,not_available,source_missing,missing_source_asset,False,MOSAIQ clip is in the archive location scope but no WAV candidate exists.
isd_audio_71d58319548e5dcff001,ISD,ISD_TateModern_TateModern2_TM229,train,https://doi.org/10.5281/zenodo.10672568,1.0.1-alpha.1,WAV_London_4.zip,WAV_London_4/TateModern/TM229.wav,extracted/WAV_London_4/TateModern/TM229.wav,https://zenodo.org/api/records/10672568/files/WAV_London_4.zip/content,CC-BY-4.0,permitted_with_attribution,open,TM229,TateModern,cda90fbb55fb3953b10e95c18b7a974038cb20071bdc32a234fc57ea638a48d3,11608122,WAV,44100,2,1451008,32.90267573696145,32.9,float32,source_metadata_review_pending,materialized,matched,True,Matched by normalized GroupID and LocationID.
isd_audio_bdd27bbddab9655c3938,ISD,ISD_TateModern_TateModern2_TM230,train,https://doi.org/10.5281/zenodo.10672568,1.0.1-alpha.1,WAV_London_4.zip,WAV_London_4/TateModern/TM230.wav,extracted/WAV_London_4/TateModern/TM230.wav,https://zenodo.org/api/records/10672568/files/WAV_London_4.zip/content,CC-BY-4.0,permitted_with_attribution,open,TM230,TateModern,688ae67b5e341cdb55da7ed14c08b1ba08830936321900f9c17113895830dd97,11583546,WAV,44100,2,1447936,32.833015873015874,32.83,float32,source_metadata_review_pending,materialized,matched,True,Matched by normalized GroupID and LocationID.
isd_audio_0ec9792a3faab96a00a6,ISD,ISD_TateModern_TateModern2_TM231,train,https://doi.org/10.5281/zenodo.10672568,1.0.1-alpha.1,WAV_London_4.zip,WAV_London_4/TateModern/TM231.wav,extracted/WAV_London_4/TateModern/TM231.wav,https://zenodo.org/api/records/10672568/files/WAV_London_4.zip/content,CC-BY-4.0,permitted_with_attribution,open,TM231,TateModern,1b8ae5b49dcd56f22b9f1e08f18072597c573077f7772d27a1f591605e44355f,11214906,WAV,44100,2,1401856,31.7881179138322,31.79,float32,source_metadata_review_pending,materialized,matched,True,Matched by normalized GroupID and LocationID.
isd_audio_6669106bdfbdd4f2cc9c,ISD,ISD_TateModern_TateModern2_TM232,train,https://doi.org/10.5281/zenodo.10672568,1.0.1-alpha.1,WAV_London_4.zip,WAV_London_4/TateModern/TM232.wav,extracted/WAV_London_4/TateModern/TM232.wav,https://zenodo.org/api/records/10672568/files/WAV_London_4.zip/content,CC-BY-4.0,permitted_with_attribution,open,TM232,TateModern,9ffc7fd8f9287fdf5aec91afe65ecc7c4e0f406e0293a97f1e05bedfe886b1af,11345978,WAV,44100,2,1418240,32.15963718820862,32.16,float32,source_metadata_review_pending,materialized,matched,True,Matched by normalized GroupID and LocationID.
isd_audio_e4e0404277f1655c260d,ISD,ISD_TateModern_TateModern3_TM301,train,https://doi.org/10.5281/zenodo.10672568,1.0.1-alpha.1,WAV_London_4.zip,WAV_London_4/TateModern/TM301.wav,extracted/WAV_London_4/TateModern/TM301.wav,https://zenodo.org/api/records/10672568/files/WAV_London_4.zip/content,CC-BY-4.0,permitted_with_attribution,open,TM301,TateModern,fbfeaa24d1461d59f32173480eb1701fcb84c592ec3db92cd45b018d2c053e77,11714618,WAV,44100,2,1464320,33.20453514739229,33.2,float32,source_metadata_review_pending,materialized,matched,True,Matched by normalized GroupID and LocationID.
isd_audio_missing_666f086a461e1e2c,ISD,ISD_TateModern_TateModern3_TM302,train,https://doi.org/10.5281/zenodo.10672568,1.0.1-alpha.1,WAV_Granada_1.zip;WAV_Groningen_1.zip;WAV_London_1.zip;WAV_London_2.zip;WAV_London_3.zip;WAV_London_4.zip;WAV_Venice_1.zip,,,https://doi.org/10.5281/zenodo.10672568,CC-BY-4.0,permitted_with_attribution,open,TM302,TateModern,,,,,,,,,,not_available,source_missing,missing_source_asset,False,MOSAIQ clip is in the archive location scope but no WAV candidate exists.
isd_audio_e86d829b0a8e8a25932a,ISD,ISD_TateModern_TateModern3_TM303,train,https://doi.org/10.5281/zenodo.10672568,1.0.1-alpha.1,WAV_London_4.zip,WAV_London_4/TateModern/TM303.wav,extracted/WAV_London_4/TateModern/TM303.wav,https://zenodo.org/api/records/10672568/files/WAV_London_4.zip/content,CC-BY-4.0,permitted_with_attribution,open,TM303,TateModern,cca5d2564e2bd43a09fe32ec967be76b954f5b60dac37eb426e2b120c6ee5c95,10911802,WAV,44100,2,1363968,30.928979591836736,30.93,float32,source_metadata_review_pending,materialized,matched,True,Matched by normalized GroupID and LocationID.
isd_audio_97983213187d9eb482d0,ISD,ISD_TateModern_TateModern3_TM304,train,https://doi.org/10.5281/zenodo.10672568,1.0.1-alpha.1,WAV_London_4.zip,WAV_London_4/TateModern/TM304.wav,extracted/WAV_London_4/TateModern/TM304.wav,https://zenodo.org/api/records/10672568/files/WAV_London_4.zip/content,CC-BY-4.0,permitted_with_attribution,open,TM304,TateModern,60a716dfef993df3609ae83c557aaf1600898d5f0597c440fc37190e70ae92f9,11059258,WAV,44100,2,1382400,31.346938775510203,31.35,float32,source_metadata_review_pending,materialized,matched,True,Matched by normalized GroupID and LocationID.
isd_audio_missing_110f9058050b43ff,ISD,ISD_TateModern_TateModern3_TM305,train,https://doi.org/10.5281/zenodo.10672568,1.0.1-alpha.1,WAV_Granada_1.zip;WAV_Groningen_1.zip;WAV_London_1.zip;WAV_London_2.zip;WAV_London_3.zip;WAV_London_4.zip;WAV_Venice_1.zip,,,https://doi.org/10.5281/zenodo.10672568,CC-BY-4.0,permitted_with_attribution,open,TM305,TateModern,,,,,,,,,,not_available,source_missing,missing_source_asset,False,MOSAIQ clip is in the archive location scope but no WAV candidate exists.
isd_audio_917bddfd98744844c36a,ISD,ISD_TateModern_TateModern3_TM306,train,https://doi.org/10.5281/zenodo.10672568,1.0.1-alpha.1,WAV_London_4.zip,WAV_London_4/TateModern/TM306.wav,extracted/WAV_London_4/TateModern/TM306.wav,https://zenodo.org/api/records/10672568/files/WAV_London_4.zip/content,CC-BY-4.0,permitted_with_attribution,open,TM306,TateModern,1c972256c13a2726d9b1141ea5b48e988eccf0180e2238b52b01edba9134e6d8,11583546,WAV,44100,2,1447936,32.833015873015874,32.83,float32,source_metadata_review_pending,materialized,matched,True,Matched by normalized GroupID and LocationID.
isd_audio_d8c0aff3c89b7645b1a4,ISD,ISD_TateModern_TateModern3_TM307,train,https://doi.org/10.5281/zenodo.10672568,1.0.1-alpha.1,WAV_London_4.zip,WAV_London_4/TateModern/TM307.wav,extracted/WAV_London_4/TateModern/TM307.wav,https://zenodo.org/api/records/10672568/files/WAV_London_4.zip/content,CC-BY-4.0,permitted_with_attribution,open,TM307,TateModern,f29951115164ef58a9760abe0edf7df02b84b6e7b847ff27766d31530b960a5c,10895418,WAV,44100,2,1361920,30.882539682539683,30.88,float32,source_metadata_review_pending,materialized,matched,True,Matched by normalized GroupID and LocationID.
isd_audio_52b127310312936835aa,ISD,ISD_TateModern_TateModern3_TM308,train,https://doi.org/10.5281/zenodo.10672568,1.0.1-alpha.1,WAV_London_4.zip,WAV_London_4/TateModern/TM308.wav,extracted/WAV_London_4/TateModern/TM308.wav,https://zenodo.org/api/records/10672568/files/WAV_London_4.zip/content,CC-BY-4.0,permitted_with_attribution,open,TM308,TateModern,6199ed8a61ac3b8aa6fca57f0cc1df0ac7e64a4894266076e169534dd8cee8cb,11051066,WAV,44100,2,1381376,31.32371882086168,31.32,float32,source_metadata_review_pending,materialized,matched,True,Matched by normalized GroupID and LocationID.
isd_audio_358afe38336e1fa248d0,ISD,ISD_TateModern_TateModern3_TM309,train,https://doi.org/10.5281/zenodo.10672568,1.0.1-alpha.1,WAV_London_4.zip,WAV_London_4/TateModern/TM309.wav,extracted/WAV_London_4/TateModern/TM309.wav,https://zenodo.org/api/records/10672568/files/WAV_London_4.zip/content,CC-BY-4.0,permitted_with_attribution,open,TM309,TateModern,6645413c8d6dd970c6481484932167b999ebec87d6cbc09702a45d2c56ac839b,21241914,WAV,44100,2,2655232,60.20934240362812,60.21,float32,source_metadata_review_pending,materialized,matched,True,Matched by normalized GroupID and LocationID.
isd_audio_a93d70d2639241ebdbe4,ISD,ISD_TateModern_TateModern3_TM310,train,https://doi.org/10.5281/zenodo.10672568,1.0.1-alpha.1,WAV_London_4.zip,WAV_London_4/TateModern/TM310.wav,extracted/WAV_London_4/TateModern/TM310.wav,https://zenodo.org/api/records/10672568/files/WAV_London_4.zip/content,CC-BY-4.0,permitted_with_attribution,open,TM310,TateModern,2cf1af09ad3d8d21829273526d94b57863cbb9f94443c88f975f925fbf5249b6,11862074,WAV,44100,2,1482752,33.62249433106576,33.62,float32,source_metadata_review_pending,materialized,matched,True,Matched by normalized GroupID and LocationID.
isd_audio_2b7b4ff799784472358f,ISD,ISD_TateModern_TateModern3_TM311,train,https://doi.org/10.5281/zenodo.10672568,1.0.1-alpha.1,WAV_London_4.zip,WAV_London_4/TateModern/TM311.wav,extracted/WAV_London_4/TateModern/TM311.wav,https://zenodo.org/api/records/10672568/files/WAV_London_4.zip/content,CC-BY-4.0,permitted_with_attribution,open,TM311,TateModern,3732ed5ed4ec0bfa8a5a21233ac57fa8f1d7395b7ac5a7d5bc16b1c73a28ed7d,11485242,WAV,44100,2,1435648,32.55437641723356,32.55,float32,source_metadata_review_pending,materialized,matched,True,Matched by normalized GroupID and LocationID.
isd_audio_ca035a365b6c76283c44,ISD,ISD_TateModern_TateModern3_TM312,train,https://doi.org/10.5281/zenodo.10672568,1.0.1-alpha.1,WAV_London_4.zip,WAV_London_4/TateModern/TM312.wav,extracted/WAV_London_4/TateModern/TM312.wav,https://zenodo.org/api/records/10672568/files/WAV_London_4.zip/content,CC-BY-4.0,permitted_with_attribution,open,TM312,TateModern,9db88f75b682c665112a784329c88b4924c9c5f907f0aa3acc2c06be9ab471d0,11468858,WAV,44100,2,1433600,32.507936507936506,32.51,float32,source_metadata_review_pending,materialized,matched,True,Matched by normalized GroupID and LocationID.
isd_audio_missing_7ae39071b000d915,ISD,ISD_TateModern_TateModern3_TM313,train,https://doi.org/10.5281/zenodo.10672568,1.0.1-alpha.1,WAV_Granada_1.zip;WAV_Groningen_1.zip;WAV_London_1.zip;WAV_London_2.zip;WAV_London_3.zip;WAV_London_4.zip;WAV_Venice_1.zip,,,https://doi.org/10.5281/zenodo.10672568,CC-BY-4.0,permitted_with_attribution,open,TM313,TateModern,,,,,,,,,,not_available,source_missing,missing_source_asset,False,MOSAIQ clip is in the archive location scope but no WAV candidate exists.
isd_audio_missing_401705e015fe76a6,ISD,ISD_TateModern_TateModern3_TM314,train,https://doi.org/10.5281/zenodo.10672568,1.0.1-alpha.1,WAV_Granada_1.zip;WAV_Groningen_1.zip;WAV_London_1.zip;WAV_London_2.zip;WAV_London_3.zip;WAV_London_4.zip;WAV_Venice_1.zip,,,https://doi.org/10.5281/zenodo.10672568,CC-BY-4.0,permitted_with_attribution,open,TM314,TateModern,,,,,,,,,,not_available,source_missing,missing_source_asset,False,MOSAIQ clip is in the archive location scope but no WAV candidate exists.
isd_audio_c3c73252c087afa37206,ISD,ISD_TateModern_TateModern3_TM316,train,https://doi.org/10.5281/zenodo.10672568,1.0.1-alpha.1,WAV_London_4.zip,WAV_London_4/TateModern/TM316.wav,extracted/WAV_London_4/TateModern/TM316.wav,https://zenodo.org/api/records/10672568/files/WAV_London_4.zip/content,CC-BY-4.0,permitted_with_attribution,open,TM316,TateModern,a7bbbcf1b6ecb0d42fcc5dde7229e45070fcd2cfd05681dc4459c2bd766f32a3,12623930,WAV,44100,2,1577984,35.781950113378684,35.78,float32,source_metadata_review_pending,materialized,matched,True,Matched by normalized GroupID and LocationID.
isd_audio_6a274b48151386c25b6f,ISD,ISD_TateModern_TateModern3_TM318,train,https://doi.org/10.5281/zenodo.10672568,1.0.1-alpha.1,WAV_London_4.zip,WAV_London_4/TateModern/TM318.wav,extracted/WAV_London_4/TateModern/TM318.wav,https://zenodo.org/api/records/10672568/files/WAV_London_4.zip/content,CC-BY-4.0,permitted_with_attribution,open,TM318,TateModern,62d1adf30a3dc17b7612f988354439a90ec41c69d6573ef5524a402c34df30e1,10772538,WAV,44100,2,1346560,30.53424036281179,30.53,float32,source_metadata_review_pending,materialized,matched,True,Matched by normalized GroupID and LocationID.
isd_audio_ca54a574780301636389,ISD,ISD_TateModern_TateModern3_TM319,train,https://doi.org/10.5281/zenodo.10672568,1.0.1-alpha.1,WAV_London_4.zip,WAV_London_4/TateModern/TM319.wav,extracted/WAV_London_4/TateModern/TM319.wav,https://zenodo.org/api/records/10672568/files/WAV_London_4.zip/content,CC-BY-4.0,permitted_with_attribution,open,TM319,TateModern,ac5c1e3fbb3ce252a66f4b5063fab68cfd2c5e6e3c9411f9fe223fb3beda8857,11018298,WAV,44100,2,1377280,31.230839002267572,31.23,float32,source_metadata_review_pending,materialized,matched,True,Matched by normalized GroupID and LocationID.
isd_audio_c87151750661fbcf6d0b,ISD,ISD_TateModern_TateModern3_TM320,train,https://doi.org/10.5281/zenodo.10672568,1.0.1-alpha.1,WAV_London_4.zip,WAV_London_4/TateModern/TM320.wav,extracted/WAV_London_4/TateModern/TM320.wav,https://zenodo.org/api/records/10672568/files/WAV_London_4.zip/content,CC-BY-4.0,permitted_with_attribution,open,TM320,TateModern,080080d715302ba8b518fae04eff6d3ba98d5918b23d72e98771300b6a748327,11059258,WAV,44100,2,1382400,31.346938775510203,31.35,float32,source_metadata_review_pending,materialized,matched,True,Matched by normalized GroupID and LocationID.
isd_audio_eca8b9acde3641cbedf0,ISD,ISD_TateModern_TateModern3_TM321,train,https://doi.org/10.5281/zenodo.10672568,1.0.1-alpha.1,WAV_London_4.zip,WAV_London_4/TateModern/TM321.wav,extracted/WAV_London_4/TateModern/TM321.wav,https://zenodo.org/api/records/10672568/files/WAV_London_4.zip/content,CC-BY-4.0,permitted_with_attribution,open,TM321,TateModern,becc83a669197976d645fd5996fc039fbda2e4da403b80c7e75db0a6c93757f3,14123066,WAV,44100,2,1765376,40.03120181405896,40.03,float32,source_metadata_review_pending,materialized,matched,True,Matched by normalized GroupID and LocationID.
isd_audio_missing_3eca44908086bf29,ISD,ISD_TateModern_TateModern3_TM322,train,https://doi.org/10.5281/zenodo.10672568,1.0.1-alpha.1,WAV_Granada_1.zip;WAV_Groningen_1.zip;WAV_London_1.zip;WAV_London_2.zip;WAV_London_3.zip;WAV_London_4.zip;WAV_Venice_1.zip,,,https://doi.org/10.5281/zenodo.10672568,CC-BY-4.0,permitted_with_attribution,open,TM322,TateModern,,,,,,,,,,not_available,source_missing,missing_source_asset,False,MOSAIQ clip is in the archive location scope but no WAV candidate exists.
isd_audio_missing_f42117db8bec7048,ISD,ISD_TateModern_TateModern3_TM323,train,https://doi.org/10.5281/zenodo.10672568,1.0.1-alpha.1,WAV_Granada_1.zip;WAV_Groningen_1.zip;WAV_London_1.zip;WAV_London_2.zip;WAV_London_3.zip;WAV_London_4.zip;WAV_Venice_1.zip,,,https://doi.org/10.5281/zenodo.10672568,CC-BY-4.0,permitted_with_attribution,open,TM323,TateModern,,,,,,,,,,not_available,source_missing,missing_source_asset,False,MOSAIQ clip is in the archive location scope but no WAV candidate exists.
isd_audio_missing_f3386c5b8eb1d8ab,ISD,ISD_TateModern_TateModern3_TM324,train,https://doi.org/10.5281/zenodo.10672568,1.0.1-alpha.1,WAV_Granada_1.zip;WAV_Groningen_1.zip;WAV_London_1.zip;WAV_London_2.zip;WAV_London_3.zip;WAV_London_4.zip;WAV_Venice_1.zip,,,https://doi.org/10.5281/zenodo.10672568,CC-BY-4.0,permitted_with_attribution,open,TM324,TateModern,,,,,,,,,,not_available,source_missing,missing_source_asset,False,MOSAIQ clip is in the archive location scope but no WAV candidate exists.
isd_audio_1121ebf571dbc42d19e2,ISD,ISD_TateModern_TateModern3_TM325,train,https://doi.org/10.5281/zenodo.10672568,1.0.1-alpha.1,WAV_London_4.zip,WAV_London_4/TateModern/TM325.wav,extracted/WAV_London_4/TateModern/TM325.wav,https://zenodo.org/api/records/10672568/files/WAV_London_4.zip/content,CC-BY-4.0,permitted_with_attribution,open,TM325,TateModern,c635155456af7694be1b9bec63c7b31317d216dc668524bf46c0e48a50a1a751,10731578,WAV,44100,2,1341440,30.418140589569163,30.42,float32,source_metadata_review_pending,materialized,matched,True,Matched by normalized GroupID and LocationID.
isd_audio_0834fabb499d57512bf0,ISD,ISD_TateModern_TateModern3_TM326,train,https://doi.org/10.5281/zenodo.10672568,1.0.1-alpha.1,WAV_London_4.zip,WAV_London_4/TateModern/TM326.wav,extracted/WAV_London_4/TateModern/TM326.wav,https://zenodo.org/api/records/10672568/files/WAV_London_4.zip/content,CC-BY-4.0,permitted_with_attribution,open,TM326,TateModern,d083348f976e227fbadb94d036ca3d1ba7d63ce806f1b795b6f4588175198bfd,11051066,WAV,44100,2,1381376,31.32371882086168,31.32,float32,source_metadata_review_pending,materialized,matched,True,Matched by normalized GroupID and LocationID.
isd_audio_3040f54c6acbc451208f,ISD,ISD_TateModern_TateModern3_TM327,train,https://doi.org/10.5281/zenodo.10672568,1.0.1-alpha.1,WAV_London_4.zip,WAV_London_4/TateModern/TM327.wav,extracted/WAV_London_4/TateModern/TM327.wav,https://zenodo.org/api/records/10672568/files/WAV_London_4.zip/content,CC-BY-4.0,permitted_with_attribution,open,TM327,TateModern,2f1a904e08de8b1a6267e9c17be8d84e44553bd34bde69698b1bebda3bca6d57,11157562,WAV,44100,2,1394688,31.62557823129252,31.63,float32,source_metadata_review_pending,materialized,matched,True,Matched by normalized GroupID and LocationID.
isd_audio_ba2b37d37cc211947c77,ISD,ISD_TateModern_TateModern3_TM328,train,https://doi.org/10.5281/zenodo.10672568,1.0.1-alpha.1,WAV_London_4.zip,WAV_London_4/TateModern/TM328.wav,extracted/WAV_London_4/TateModern/TM328.wav,https://zenodo.org/api/records/10672568/files/WAV_London_4.zip/content,CC-BY-4.0,permitted_with_attribution,open,TM328,TateModern,54f41fa954d71769e40ecead83b9b766d9fea6a719812646390deb8621d1b817,10977338,WAV,44100,2,1372160,31.114739229024945,31.11,float32,source_metadata_review_pending,materialized,matched,True,Matched by normalized GroupID and LocationID.
isd_audio_060d5ca27b925bd4ea44,ISD,ISD_TateModern_TateModern3_TM329,train,https://doi.org/10.5281/zenodo.10672568,1.0.1-alpha.1,WAV_London_4.zip,WAV_London_4/TateModern/TM329.wav,extracted/WAV_London_4/TateModern/TM329.wav,https://zenodo.org/api/records/10672568/files/WAV_London_4.zip/content,CC-BY-4.0,permitted_with_attribution,open,TM329,TateModern,1770580f972185556515c82443de1491afe94b048274809f947b5a06014d4f2c,11264058,WAV,44100,2,1408000,31.927437641723355,31.93,float32,source_metadata_review_pending,materialized,matched,True,Matched by normalized GroupID and LocationID.
isd_audio_b13b21fc572f45596fb7,ISD,ISD_TateModern_TateModern3_TM330,train,https://doi.org/10.5281/zenodo.10672568,1.0.1-alpha.1,WAV_London_4.zip,WAV_London_4/TateModern/TM330.wav,extracted/WAV_London_4/TateModern/TM330.wav,https://zenodo.org/api/records/10672568/files/WAV_London_4.zip/content,CC-BY-4.0,permitted_with_attribution,open,TM330,TateModern,fb23472b587b7fa41eadd6d932b606cc8b5a6366cb0d796b598531934b88b293,10780730,WAV,44100,2,1347584,30.55746031746032,30.56,float32,source_metadata_review_pending,materialized,matched,True,Matched by normalized GroupID and LocationID.
isd_audio_6d3208e414b1e437ae64,ISD,ISD_TateModern_TateModern3_TM331,train,https://doi.org/10.5281/zenodo.10672568,1.0.1-alpha.1,WAV_London_4.zip,WAV_London_4/TateModern/TM331.wav,extracted/WAV_London_4/TateModern/TM331.wav,https://zenodo.org/api/records/10672568/files/WAV_London_4.zip/content,CC-BY-4.0,permitted_with_attribution,open,TM331,TateModern,d334b2c86468dbdeac69c700ccb60dbc404aeca9d9f30cf31cca2e11b274ab7b,10985530,WAV,44100,2,1373184,31.13795918367347,31.14,float32,source_metadata_review_pending,materialized,matched,True,Matched by normalized GroupID and LocationID.
isd_audio_ecdd57ac63e5d8fdf174,ISD,ISD_TateModern_TateModern3_TM332,train,https://doi.org/10.5281/zenodo.10672568,1.0.1-alpha.1,WAV_London_4.zip,WAV_London_4/TateModern/TM332.wav,extracted/WAV_London_4/TateModern/TM332.wav,https://zenodo.org/api/records/10672568/files/WAV_London_4.zip/content,CC-BY-4.0,permitted_with_attribution,open,TM332,TateModern,5d5b53811d66022e28096d597f847bd937447009bf8b58f4c1e48cc3802b4dd0,11157562,WAV,44100,2,1394688,31.62557823129252,31.63,float32,source_metadata_review_pending,materialized,matched,True,Matched by normalized GroupID and LocationID.
isd_audio_b48e4cc6b56e8ae99074,ISD,ISD_TateModern_TateModern3_TM333,train,https://doi.org/10.5281/zenodo.10672568,1.0.1-alpha.1,WAV_London_4.zip,WAV_London_4/TateModern/TM333.wav,extracted/WAV_London_4/TateModern/TM333.wav,https://zenodo.org/api/records/10672568/files/WAV_London_4.zip/content,CC-BY-4.0,permitted_with_attribution,open,TM333,TateModern,60bf21e19a47af9326a8875cbae1c979757a9eef51eed1fcf999c312ac2f3373,11075642,WAV,44100,2,1384448,31.393378684807256,31.39,float32,source_metadata_review_pending,materialized,matched,True,Matched by normalized GroupID and LocationID.
isd_audio_a949379c738269378291,ISD,ISD_TateModern_TateModern3_TM334,train,https://doi.org/10.5281/zenodo.10672568,1.0.1-alpha.1,WAV_London_4.zip,WAV_London_4/TateModern/TM334.wav,extracted/WAV_London_4/TateModern/TM334.wav,https://zenodo.org/api/records/10672568/files/WAV_London_4.zip/content,CC-BY-4.0,permitted_with_attribution,open,TM334,TateModern,865a3be3099542cde6d0bb1f792180a654a50152bb46cc2bc3a35bb1586dd277,11214906,WAV,44100,2,1401856,31.7881179138322,31.79,float32,source_metadata_review_pending,materialized,matched,True,Matched by normalized GroupID and LocationID.
isd_audio_721bb1b1eb95e29ae846,ISD,ISD_TateModern_TateModern3_TM335,train,https://doi.org/10.5281/zenodo.10672568,1.0.1-alpha.1,WAV_London_4.zip,WAV_London_4/TateModern/TM335.wav,extracted/WAV_London_4/TateModern/TM335.wav,https://zenodo.org/api/records/10672568/files/WAV_London_4.zip/content,CC-BY-4.0,permitted_with_attribution,open,TM335,TateModern,58b04ec8850a10544c00416953f6ed60c767ccca12220187e3e927ea27a92342,11083834,WAV,44100,2,1385472,31.41659863945578,31.42,float32,source_metadata_review_pending,materialized,matched,True,Matched by normalized GroupID and LocationID.
isd_audio_2b79739c8987b2e75a8a,ISD,ISD_TateModern_TateModern3_TM336,train,https://doi.org/10.5281/zenodo.10672568,1.0.1-alpha.1,WAV_London_4.zip,WAV_London_4/TateModern/TM336.wav,extracted/WAV_London_4/TateModern/TM336.wav,https://zenodo.org/api/records/10672568/files/WAV_London_4.zip/content,CC-BY-4.0,permitted_with_attribution,open,TM336,TateModern,3de097d686bd05381e1671b410657467d6603b8a6595c85271166acf8c08d1f8,11657274,WAV,44100,2,1457152,33.041995464852604,33.04,float32,source_metadata_review_pending,materialized,matched,True,Matched by normalized GroupID and LocationID.
isd_audio_missing_90ff755080559fe1,ISD,ISD_TateModern_TateModern3_TN327,train,https://doi.org/10.5281/zenodo.10672568,1.0.1-alpha.1,WAV_Granada_1.zip;WAV_Groningen_1.zip;WAV_London_1.zip;WAV_London_2.zip;WAV_London_3.zip;WAV_London_4.zip;WAV_Venice_1.zip,,,https://doi.org/10.5281/zenodo.10672568,CC-BY-4.0,permitted_with_attribution,open,TN327,TateModern,,,,,,,,,,not_available,source_missing,missing_source_asset,False,MOSAIQ clip is in the archive location scope but no WAV candidate exists.
isd_audio_missing_da0534ec04b38f77,ISD,ISD_TorringtonSq_TorringtonSq2_RES,train,https://doi.org/10.5281/zenodo.10672568,1.0.1-alpha.1,WAV_Granada_1.zip;WAV_Groningen_1.zip;WAV_London_1.zip;WAV_London_2.zip;WAV_London_3.zip;WAV_London_4.zip;WAV_Venice_1.zip,,,https://doi.org/10.5281/zenodo.10672568,CC-BY-4.0,permitted_with_attribution,open,RES,TorringtonSq,,,,,,,,,,not_available,source_missing,missing_source_asset,False,MOSAIQ clip is in the archive location scope but no WAV candidate exists.
isd_audio_missing_b9f9fe57a7181f9f,ISD,ISD_TorringtonSq_TorringtonSq2_TS201,train,https://doi.org/10.5281/zenodo.10672568,1.0.1-alpha.1,WAV_Granada_1.zip;WAV_Groningen_1.zip;WAV_London_1.zip;WAV_London_2.zip;WAV_London_3.zip;WAV_London_4.zip;WAV_Venice_1.zip,,,https://doi.org/10.5281/zenodo.10672568,CC-BY-4.0,permitted_with_attribution,open,TS201,TorringtonSq,,,,,,,,,,not_available,source_missing,missing_source_asset,False,MOSAIQ clip is in the archive location scope but no WAV candidate exists.
isd_audio_b5405049e2710ee622cf,ISD,ISD_TorringtonSq_TorringtonSq2_TS203,train,https://doi.org/10.5281/zenodo.10672568,1.0.1-alpha.1,WAV_London_4.zip,WAV_London_4/TorringtonSq/TS203.wav,extracted/WAV_London_4/TorringtonSq/TS203.wav,https://zenodo.org/api/records/10672568/files/WAV_London_4.zip/content,CC-BY-4.0,permitted_with_attribution,open,TS203,TorringtonSq,30a2b9ddbfa18d412bcd82f987b62d26d895e4e75e097b10cf9f1ba43027485b,15712314,WAV,48000,2,1964032,40.91733333333333,40.92,float32,source_metadata_review_pending,materialized,matched,True,Matched by normalized GroupID and LocationID.
isd_audio_884f1df5ecfb7800c649,ISD,ISD_TorringtonSq_TorringtonSq2_TS205,train,https://doi.org/10.5281/zenodo.10672568,1.0.1-alpha.1,WAV_London_4.zip,WAV_London_4/TorringtonSq/TS205.wav,extracted/WAV_London_4/TorringtonSq/TS205.wav,https://zenodo.org/api/records/10672568/files/WAV_London_4.zip/content,CC-BY-4.0,permitted_with_attribution,open,TS205,TorringtonSq,bc66e6bafcd09baa4534b02a0f881bf6c4555672ae518d4ad0a7c841cbd78263,15417402,WAV,48000,2,1927168,40.14933333333333,40.15,float32,source_metadata_review_pending,materialized,matched,True,Matched by normalized GroupID and LocationID.
isd_audio_48dcae437ec351124e45,ISD,ISD_TorringtonSq_TorringtonSq2_TS206,train,https://doi.org/10.5281/zenodo.10672568,1.0.1-alpha.1,WAV_London_4.zip,WAV_London_4/TorringtonSq/TS206.wav,extracted/WAV_London_4/TorringtonSq/TS206.wav,https://zenodo.org/api/records/10672568/files/WAV_London_4.zip/content,CC-BY-4.0,permitted_with_attribution,open,TS206,TorringtonSq,8418a7e709c1242ed99345d8007b0d7adde450972923a493e9a8ae9ec8e72baf,16547898,WAV,48000,2,2068480,43.093333333333334,43.09,float32,source_metadata_review_pending,materialized,matched,True,Matched by normalized GroupID and LocationID.
isd_audio_237b1969eab74c6d4d9c,ISD,ISD_TorringtonSq_TorringtonSq2_TS207,train,https://doi.org/10.5281/zenodo.10672568,1.0.1-alpha.1,WAV_London_4.zip,WAV_London_4/TorringtonSq/TS207.wav,extracted/WAV_London_4/TorringtonSq/TS207.wav,https://zenodo.org/api/records/10672568/files/WAV_London_4.zip/content,CC-BY-4.0,permitted_with_attribution,open,TS207,TorringtonSq,0dc4712ccbf536cfef1b610f490329c02a3f6b0278a9eafe5e95df3da8d171fa,15827002,WAV,48000,2,1978368,41.216,41.22,float32,source_metadata_review_pending,materialized,matched,True,Matched by normalized GroupID and LocationID.
isd_audio_bf1324440f096c0dd86d,ISD,ISD_TorringtonSq_TorringtonSq2_TS210,train,https://doi.org/10.5281/zenodo.10672568,1.0.1-alpha.1,WAV_London_4.zip,WAV_London_4/TorringtonSq/TS210.wav,extracted/WAV_London_4/TorringtonSq/TS210.wav,https://zenodo.org/api/records/10672568/files/WAV_London_4.zip/content,CC-BY-4.0,permitted_with_attribution,open,TS210,TorringtonSq,683bc0ce6a6830523029c04a9a7266a3c250db8af79674d4b407b9260324debe,7914554,WAV,48000,2,989312,20.610666666666667,20.61,float32,source_metadata_review_pending,materialized,matched,True,Matched by normalized GroupID and LocationID.
isd_audio_560764222809df6100aa,ISD,ISD_TorringtonSq_TorringtonSq2_TS212,train,https://doi.org/10.5281/zenodo.10672568,1.0.1-alpha.1,WAV_London_4.zip,WAV_London_4/TorringtonSq/TS212.wav,extracted/WAV_London_4/TorringtonSq/TS212.wav,https://zenodo.org/api/records/10672568/files/WAV_London_4.zip/content,CC-BY-4.0,permitted_with_attribution,open,TS212,TorringtonSq,14046a25c544537edb97cb3b593679f2288572738c9771fde06d6705e02381d2,10368058,WAV,48000,2,1296000,27.0,27.0,float32,source_metadata_review_pending,materialized,matched,True,Matched by normalized GroupID and LocationID.
isd_audio_a2071e9908ead8e57978,ISD,ISD_TorringtonSq_TorringtonSq2_TS213,train,https://doi.org/10.5281/zenodo.10672568,1.0.1-alpha.1,WAV_London_4.zip,WAV_London_4/TorringtonSq/TS213.wav,extracted/WAV_London_4/TorringtonSq/TS213.wav,https://zenodo.org/api/records/10672568/files/WAV_London_4.zip/content,CC-BY-4.0,permitted_with_attribution,open,TS213,TorringtonSq,5e9515d4991e9639d53ac82115244513d71cdda16865b1eaad33a89c605ce133,14467130,WAV,48000,2,1808384,37.67466666666667,37.67,float32,source_metadata_review_pending,materialized,matched,True,Matched by normalized GroupID and LocationID.
isd_audio_eec89b2ad036894fa673,ISD,ISD_TorringtonSq_TorringtonSq2_TS214,train,https://doi.org/10.5281/zenodo.10672568,1.0.1-alpha.1,WAV_London_4.zip,WAV_London_4/TorringtonSq/TS214.wav,extracted/WAV_London_4/TorringtonSq/TS214.wav,https://zenodo.org/api/records/10672568/files/WAV_London_4.zip/content,CC-BY-4.0,permitted_with_attribution,open,TS214,TorringtonSq,6336cce4c79f5faa9af203439e1e24fe77ed6e61a07c4be64cea7d3b7f7e216d,14598202,WAV,48000,2,1824768,38.016,38.02,float32,source_metadata_review_pending,materialized,matched,True,Matched by normalized GroupID and LocationID.
isd_audio_e3a282e2a2b81cb3bd38,ISD,ISD_TorringtonSq_TorringtonSq2_TS216,train,https://doi.org/10.5281/zenodo.10672568,1.0.1-alpha.1,WAV_London_4.zip,WAV_London_4/TorringtonSq/TS216.wav,extracted/WAV_London_4/TorringtonSq/TS216.wav,https://zenodo.org/api/records/10672568/files/WAV_London_4.zip/content,CC-BY-4.0,permitted_with_attribution,open,TS216,TorringtonSq,3df035689f1744effd84617f1c2e265033f1ac5118dc19301228423cb6f0fb72,15482938,WAV,48000,2,1935360,40.32,40.32,float32,source_metadata_review_pending,materialized,matched,True,Matched by normalized GroupID and LocationID.
isd_audio_43eb1d6cf8c39c9bc466,ISD,ISD_TorringtonSq_TorringtonSq2_TS217,train,https://doi.org/10.5281/zenodo.10672568,1.0.1-alpha.1,WAV_London_4.zip,WAV_London_4/TorringtonSq/TS217.wav,extracted/WAV_London_4/TorringtonSq/TS217.wav,https://zenodo.org/api/records/10672568/files/WAV_London_4.zip/content,CC-BY-4.0,permitted_with_attribution,open,TS217,TorringtonSq,3b27a1ba1338385485fc3b142c3596c8596a38bd874f90efc466cbc32d39268c,15827002,WAV,48000,2,1978368,41.216,41.22,float32,source_metadata_review_pending,materialized,matched,True,Matched by normalized GroupID and LocationID.
isd_audio_87a3dc4ed27c78445311,ISD,ISD_TorringtonSq_TorringtonSq2_TS218,train,https://doi.org/10.5281/zenodo.10672568,1.0.1-alpha.1,WAV_London_4.zip,WAV_London_4/TorringtonSq/TS218.wav,extracted/WAV_London_4/TorringtonSq/TS218.wav,https://zenodo.org/api/records/10672568/files/WAV_London_4.zip/content,CC-BY-4.0,permitted_with_attribution,open,TS218,TorringtonSq,2c5f74d6a5babee5ecd882ddfb0df589d3820e209341b7ca01a905739f5af527,20675642,WAV,48000,2,2584448,53.842666666666666,53.84,float32,source_metadata_review_pending,materialized,matched,True,Matched by normalized GroupID and LocationID.
isd_audio_2aebb14ec9bcf071a95b,ISD,ISD_TorringtonSq_TorringtonSq2_TS220,train,https://doi.org/10.5281/zenodo.10672568,1.0.1-alpha.1,WAV_London_4.zip,WAV_London_4/TorringtonSq/TS220.wav,extracted/WAV_London_4/TorringtonSq/TS220.wav,https://zenodo.org/api/records/10672568/files/WAV_London_4.zip/content,CC-BY-4.0,permitted_with_attribution,open,TS220,TorringtonSq,9739e84981fcb3fbf94a085dcac812a17353c3fab6e35fa51d64bf4d6175bdef,14385210,WAV,48000,2,1798144,37.461333333333336,37.46,float32,source_metadata_review_pending,materialized,matched,True,Matched by normalized GroupID and LocationID.
isd_audio_8f518e2d9d546bde06a6,ISD,ISD_TorringtonSq_TorringtonSq2_TS221,train,https://doi.org/10.5281/zenodo.10672568,1.0.1-alpha.1,WAV_London_4.zip,WAV_London_4/TorringtonSq/TS221.wav,extracted/WAV_London_4/TorringtonSq/TS221.wav,https://zenodo.org/api/records/10672568/files/WAV_London_4.zip/content,CC-BY-4.0,permitted_with_attribution,open,TS221,TorringtonSq,fc3c72327e0eed6b15be5a13b66ed6d91f3cd206bb40d4e2e3424b8d78da6f19,15627322,WAV,48000,2,1953408,40.696,40.7,float32,source_metadata_review_pending,materialized,matched,True,Matched by normalized GroupID and LocationID.
isd_audio_missing_ea4f78e53b3251d6,ISD,ISD_TorringtonSq_TorringtonSq2_TS222,train,https://doi.org/10.5281/zenodo.10672568,1.0.1-alpha.1,WAV_Granada_1.zip;WAV_Groningen_1.zip;WAV_London_1.zip;WAV_London_2.zip;WAV_London_3.zip;WAV_London_4.zip;WAV_Venice_1.zip,,,https://doi.org/10.5281/zenodo.10672568,CC-BY-4.0,permitted_with_attribution,open,TS222,TorringtonSq,,,,,,,,,,not_available,source_missing,missing_source_asset,False,MOSAIQ clip is in the archive location scope but no WAV candidate exists.
isd_audio_4bd801c0be7cdf6157c3,ISD,ISD_TorringtonSq_TorringtonSq2_TS223,train,https://doi.org/10.5281/zenodo.10672568,1.0.1-alpha.1,WAV_London_4.zip,WAV_London_4/TorringtonSq/TS223.wav,extracted/WAV_London_4/TorringtonSq/TS223.wav,https://zenodo.org/api/records/10672568/files/WAV_London_4.zip/content,CC-BY-4.0,permitted_with_attribution,open,TS223,TorringtonSq,e3c387ea2b3472e1f634aa130368a46430a66924d03aca43f9f0f2db9895162a,12648506,WAV,48000,2,1581056,32.93866666666667,32.94,float32,source_metadata_review_pending,materialized,matched,True,Matched by normalized GroupID and LocationID.
isd_audio_3e0c1445c61d9ac3944e,ISD,ISD_TorringtonSq_TorringtonSq2_TS224,train,https://doi.org/10.5281/zenodo.10672568,1.0.1-alpha.1,WAV_London_4.zip,WAV_London_4/TorringtonSq/TS224.wav,extracted/WAV_London_4/TorringtonSq/TS224.wav,https://zenodo.org/api/records/10672568/files/WAV_London_4.zip/content,CC-BY-4.0,permitted_with_attribution,open,TS224,TorringtonSq,e92d0d5c86fc18f579e8a6cd44e0bf684940e7aca339d46642fabf003d87947e,13336634,WAV,48000,2,1667072,34.730666666666664,34.73,float32,source_metadata_review_pending,materialized,matched,True,Matched by normalized GroupID and LocationID.
isd_audio_cfa0ded2c3bc96f879c8,ISD,ISD_TorringtonSq_TorringtonSq2_TS225,train,https://doi.org/10.5281/zenodo.10672568,1.0.1-alpha.1,WAV_London_4.zip,WAV_London_4/TorringtonSq/TS225.wav,extracted/WAV_London_4/TorringtonSq/TS225.wav,https://zenodo.org/api/records/10672568/files/WAV_London_4.zip/content,CC-BY-4.0,permitted_with_attribution,open,TS225,TorringtonSq,352fd67b8964177d2439b46a52ca7ad2ffc012bb72fcab175706d30d0fd4d4e2,9266234,WAV,48000,2,1158272,24.130666666666666,24.13,float32,source_metadata_review_pending,materialized,matched,True,Matched by normalized GroupID and LocationID.
isd_audio_3fac0ee1dad3bbf7150b,ISD,ISD_TorringtonSq_TorringtonSq2_TS226,train,https://doi.org/10.5281/zenodo.10672568,1.0.1-alpha.1,WAV_London_4.zip,WAV_London_4/TorringtonSq/TS226.wav,extracted/WAV_London_4/TorringtonSq/TS226.wav,https://zenodo.org/api/records/10672568/files/WAV_London_4.zip/content,CC-BY-4.0,permitted_with_attribution,open,TS226,TorringtonSq,6cd4d65c968e15664245947a9d1d310d7cc9927e5b7a7bc506347c49a85acb0d,17530938,WAV,48000,2,2191360,45.653333333333336,45.65,float32,source_metadata_review_pending,materialized,matched,True,Matched by normalized GroupID and LocationID.
isd_audio_1315d1ee2723c1b85090,ISD,ISD_TorringtonSq_TorringtonSq2_TS229,train,https://doi.org/10.5281/zenodo.10672568,1.0.1-alpha.1,WAV_London_4.zip,WAV_London_4/TorringtonSq/TS229.wav,extracted/WAV_London_4/TorringtonSq/TS229.wav,https://zenodo.org/api/records/10672568/files/WAV_London_4.zip/content,CC-BY-4.0,permitted_with_attribution,open,TS229,TorringtonSq,dcb5c461b478b877ca4d25eb8ee91a850d282b97a1780090fda72bd0648d5506,13287482,WAV,48000,2,1660928,34.602666666666664,34.6,float32,source_metadata_review_pending,materialized,matched,True,Matched by normalized GroupID and LocationID.
isd_audio_3f71189d001f7eb860e5,ISD,ISD_TorringtonSq_TorringtonSq2_TS230,train,https://doi.org/10.5281/zenodo.10672568,1.0.1-alpha.1,WAV_London_4.zip,WAV_London_4/TorringtonSq/TS230.wav,extracted/WAV_London_4/TorringtonSq/TS230.wav,https://zenodo.org/api/records/10672568/files/WAV_London_4.zip/content,CC-BY-4.0,permitted_with_attribution,open,TS230,TorringtonSq,437651d28842a0fbbdb5ed7962c977a9775ea8a3689cbbf45cebda8c0b123060,12091450,WAV,48000,2,1511424,31.488,31.49,float32,source_metadata_review_pending,materialized,matched,True,Matched by normalized GroupID and LocationID.
isd_audio_fbef156f5faef17ad91e,ISD,ISD_TorringtonSq_TorringtonSq2_TS231,train,https://doi.org/10.5281/zenodo.10672568,1.0.1-alpha.1,WAV_London_4.zip,WAV_London_4/TorringtonSq/TS231.wav,extracted/WAV_London_4/TorringtonSq/TS231.wav,https://zenodo.org/api/records/10672568/files/WAV_London_4.zip/content,CC-BY-4.0,permitted_with_attribution,open,TS231,TorringtonSq,a9cb1fad9307db766fe96cd804a8aba4aaa297765a7dffb8cc3821ed66ba5bf6,8113210,WAV,48000,2,1014144,21.128,21.13,float32,source_metadata_review_pending,materialized,matched,True,Matched by normalized GroupID and LocationID.
isd_audio_78879c96ef1c7ba53a5a,ISD,ISD_TorringtonSq_TorringtonSq2_TS232,train,https://doi.org/10.5281/zenodo.10672568,1.0.1-alpha.1,WAV_London_4.zip,WAV_London_4/TorringtonSq/TS232.wav,extracted/WAV_London_4/TorringtonSq/TS232.wav,https://zenodo.org/api/records/10672568/files/WAV_London_4.zip/content,CC-BY-4.0,permitted_with_attribution,open,TS232,TorringtonSq,103b50a2233f9d7f2859be9723adfef35fa0d5ac9c75096f7cba87c6d7036142,10193978,WAV,48000,2,1274240,26.546666666666667,26.55,float32,source_metadata_review_pending,materialized,matched,True,Matched by normalized GroupID and LocationID.
isd_audio_4f74fd6debfb538df029,ISD,ISD_TorringtonSq_TorringtonSq2_TS233,train,https://doi.org/10.5281/zenodo.10672568,1.0.1-alpha.1,WAV_London_4.zip,WAV_London_4/TorringtonSq/TS233.wav,extracted/WAV_London_4/TorringtonSq/TS233.wav,https://zenodo.org/api/records/10672568/files/WAV_London_4.zip/content,CC-BY-4.0,permitted_with_attribution,open,TS233,TorringtonSq,16f4f76eb7d705dcd84ef1c0806b15f33816903fe6d9645ce0f4aadefdd0c580,11976762,WAV,48000,2,1497088,31.189333333333334,31.19,float32,source_metadata_review_pending,materialized,matched,True,Matched by normalized GroupID and LocationID.
isd_audio_db5e78a7e3baf08d5c6d,ISD,ISD_TorringtonSq_TorringtonSq2_TS234,train,https://doi.org/10.5281/zenodo.10672568,1.0.1-alpha.1,WAV_London_4.zip,WAV_London_4/TorringtonSq/TS234.wav,extracted/WAV_London_4/TorringtonSq/TS234.wav,https://zenodo.org/api/records/10672568/files/WAV_London_4.zip/content,CC-BY-4.0,permitted_with_attribution,open,TS234,TorringtonSq,2b7eadf755ba4ce481625837729b3321f40a5b5b23ded8ae2558167dc2de5eea,12763194,WAV,48000,2,1595392,33.23733333333333,33.24,float32,source_metadata_review_pending,materialized,matched,True,Matched by normalized GroupID and LocationID.
isd_audio_c8a1f11a398aac9e43ac,ISD,ISD_TorringtonSq_TorringtonSq2_TS235,train,https://doi.org/10.5281/zenodo.10672568,1.0.1-alpha.1,WAV_London_4.zip,WAV_London_4/TorringtonSq/TS235.wav,extracted/WAV_London_4/TorringtonSq/TS235.wav,https://zenodo.org/api/records/10672568/files/WAV_London_4.zip/content,CC-BY-4.0,permitted_with_attribution,open,TS235,TorringtonSq,59383eb0537778adbfff40e3f84ecc8640713576dcfa363f50f3d07092bbd3da,11812922,WAV,48000,2,1476608,30.762666666666668,30.76,float32,source_metadata_review_pending,materialized,matched,True,Matched by normalized GroupID and LocationID.
isd_audio_b823629c0787878e9963,ISD,ISD_TorringtonSq_TorringtonSq2_TS236,train,https://doi.org/10.5281/zenodo.10672568,1.0.1-alpha.1,WAV_London_4.zip,WAV_London_4/TorringtonSq/TS236.wav,extracted/WAV_London_4/TorringtonSq/TS236.wav,https://zenodo.org/api/records/10672568/files/WAV_London_4.zip/content,CC-BY-4.0,permitted_with_attribution,open,TS236,TorringtonSq,45ab55161e8a16b2859e2dc84816958bfc3c355b4e730cc94408d1ca2c994179,12664890,WAV,48000,2,1583104,32.98133333333333,32.98,float32,source_metadata_review_pending,materialized,matched,True,Matched by normalized GroupID and LocationID.
isd_audio_c295bb2c0cb24aaa6d9c,ISD,ISD_TorringtonSq_TorringtonSq2_TS237,train,https://doi.org/10.5281/zenodo.10672568,1.0.1-alpha.1,WAV_London_4.zip,WAV_London_4/TorringtonSq/TS237.wav,extracted/WAV_London_4/TorringtonSq/TS237.wav,https://zenodo.org/api/records/10672568/files/WAV_London_4.zip/content,CC-BY-4.0,permitted_with_attribution,open,TS237,TorringtonSq,c567acb9541869d46e7d000cd6a4a8317ae158157f7e77e1efaaa6af9f983861,15122490,WAV,48000,2,1890304,39.38133333333333,39.38,float32,source_metadata_review_pending,materialized,matched,True,Matched by normalized GroupID and LocationID.
isd_audio_missing_58a7eb6b0df77fa4,ISD,ISD_TorringtonSq_TorringtonSq2_TS238,train,https://doi.org/10.5281/zenodo.10672568,1.0.1-alpha.1,WAV_Granada_1.zip;WAV_Groningen_1.zip;WAV_London_1.zip;WAV_London_2.zip;WAV_London_3.zip;WAV_London_4.zip;WAV_Venice_1.zip,,,https://doi.org/10.5281/zenodo.10672568,CC-BY-4.0,permitted_with_attribution,open,TS238,TorringtonSq,,,,,,,,,,not_available,source_missing,missing_source_asset,False,MOSAIQ clip is in the archive location scope but no WAV candidate exists.
isd_audio_missing_b52f6f762c553342,ISD,ISD_TorringtonSq_TorringtonSq2_UNKNOWN,train,https://doi.org/10.5281/zenodo.10672568,1.0.1-alpha.1,WAV_Granada_1.zip;WAV_Groningen_1.zip;WAV_London_1.zip;WAV_London_2.zip;WAV_London_3.zip;WAV_London_4.zip;WAV_Venice_1.zip,,,https://doi.org/10.5281/zenodo.10672568,CC-BY-4.0,permitted_with_attribution,open,UNKNOWN,TorringtonSq,,,,,,,,,,not_available,source_missing,missing_source_asset,False,MOSAIQ clip is in the archive location scope but no WAV candidate exists.
isd_audio_missing_91e2a7be7b75c859,ISD,ISD_TorringtonSq_TorringtonSq3_TS301,train,https://doi.org/10.5281/zenodo.10672568,1.0.1-alpha.1,WAV_Granada_1.zip;WAV_Groningen_1.zip;WAV_London_1.zip;WAV_London_2.zip;WAV_London_3.zip;WAV_London_4.zip;WAV_Venice_1.zip,,,https://doi.org/10.5281/zenodo.10672568,CC-BY-4.0,permitted_with_attribution,open,TS301,TorringtonSq,,,,,,,,,,not_available,source_missing,missing_source_asset,False,MOSAIQ clip is in the archive location scope but no WAV candidate exists.
isd_audio_29820a34403089e6b0ef,ISD,ISD_TorringtonSq_TorringtonSq3_TS302,train,https://doi.org/10.5281/zenodo.10672568,1.0.1-alpha.1,WAV_London_4.zip,WAV_London_4/TorringtonSq/TS302.wav,extracted/WAV_London_4/TorringtonSq/TS302.wav,https://zenodo.org/api/records/10672568/files/WAV_London_4.zip/content,CC-BY-4.0,permitted_with_attribution,open,TS302,TorringtonSq,d3c789d6981b3953a06bfe60ce56252644b1fc39efdc9ccf310febc1dd8b1e85,11845690,WAV,48000,2,1480704,30.848,30.85,float32,source_metadata_review_pending,materialized,matched,True,Matched by normalized GroupID and LocationID.
isd_audio_99610c32aad690deb75b,ISD,ISD_TorringtonSq_TorringtonSq3_TS303,train,https://doi.org/10.5281/zenodo.10672568,1.0.1-alpha.1,WAV_London_4.zip,WAV_London_4/TorringtonSq/TS303.wav,extracted/WAV_London_4/TorringtonSq/TS303.wav,https://zenodo.org/api/records/10672568/files/WAV_London_4.zip/content,CC-BY-4.0,permitted_with_attribution,open,TS303,TorringtonSq,397fe42cb782f8fa57b0f49f1c850f299c22e93db1715d87de141e99467ca9d0,11796538,WAV,48000,2,1474560,30.72,30.72,float32,source_metadata_review_pending,materialized,matched,True,Matched by normalized GroupID and LocationID.
isd_audio_f6ed7eb43c974eaf2243,ISD,ISD_TorringtonSq_TorringtonSq3_TS304,train,https://doi.org/10.5281/zenodo.10672568,1.0.1-alpha.1,WAV_London_4.zip,WAV_London_4/TorringtonSq/TS304.wav,extracted/WAV_London_4/TorringtonSq/TS304.wav,https://zenodo.org/api/records/10672568/files/WAV_London_4.zip/content,CC-BY-4.0,permitted_with_attribution,open,TS304,TorringtonSq,aaf599ad3d1e3a512f0a0031b1a3554a475bf5636b49aac918b4aa97368031bb,12271674,WAV,48000,2,1533952,31.957333333333334,31.96,float32,source_metadata_review_pending,materialized,matched,True,Matched by normalized GroupID and LocationID.
isd_audio_4ab255d60258481ebf2d,ISD,ISD_TorringtonSq_TorringtonSq3_TS305,train,https://doi.org/10.5281/zenodo.10672568,1.0.1-alpha.1,WAV_London_4.zip,WAV_London_4/TorringtonSq/TS305.wav,extracted/WAV_London_4/TorringtonSq/TS305.wav,https://zenodo.org/api/records/10672568/files/WAV_London_4.zip/content,CC-BY-4.0,permitted_with_attribution,open,TS305,TorringtonSq,9cf5f3dc7b3ebc26229ed7cef3c79bd9f4094eb5c8f0d98873dc2796921de699,11698234,WAV,48000,2,1462272,30.464,30.46,float32,source_metadata_review_pending,materialized,matched,True,Matched by normalized GroupID and LocationID.
isd_audio_80ce9c9a3244358fa5fd,ISD,ISD_TorringtonSq_TorringtonSq3_TS306,train,https://doi.org/10.5281/zenodo.10672568,1.0.1-alpha.1,WAV_London_4.zip,WAV_London_4/TorringtonSq/TS306.wav,extracted/WAV_London_4/TorringtonSq/TS306.wav,https://zenodo.org/api/records/10672568/files/WAV_London_4.zip/content,CC-BY-4.0,permitted_with_attribution,open,TS306,TorringtonSq,33bc8e1599e18a16319604aeb34c2a754cfb2d2635572340885aa6b0cb81fcb7,11731002,WAV,48000,2,1466368,30.549333333333333,30.55,float32,source_metadata_review_pending,materialized,matched,True,Matched by normalized GroupID and LocationID.
isd_audio_07f9abf10b811a7400ce,ISD,ISD_TorringtonSq_TorringtonSq3_TS309,train,https://doi.org/10.5281/zenodo.10672568,1.0.1-alpha.1,WAV_London_4.zip,WAV_London_4/TorringtonSq/TS309.wav,extracted/WAV_London_4/TorringtonSq/TS309.wav,https://zenodo.org/api/records/10672568/files/WAV_London_4.zip/content,CC-BY-4.0,permitted_with_attribution,open,TS309,TorringtonSq,674043b62a41e86794af9f6ae886a08cdac21847f4076c82aba9f8bd12243d05,11862074,WAV,48000,2,1482752,30.890666666666668,30.89,float32,source_metadata_review_pending,materialized,matched,True,Matched by normalized GroupID and LocationID.
isd_audio_18d15b7a663d88c66e4f,ISD,ISD_TorringtonSq_TorringtonSq3_TS310,train,https://doi.org/10.5281/zenodo.10672568,1.0.1-alpha.1,WAV_London_4.zip,WAV_London_4/TorringtonSq/TS310.wav,extracted/WAV_London_4/TorringtonSq/TS310.wav,https://zenodo.org/api/records/10672568/files/WAV_London_4.zip/content,CC-BY-4.0,permitted_with_attribution,open,TS310,TorringtonSq,f1671b95e2ee6a3704b21e25f7440f8a5afd2abfa20897526b70594299142acf,12533818,WAV,48000,2,1566720,32.64,32.64,float32,source_metadata_review_pending,materialized,matched,True,Matched by normalized GroupID and LocationID.
isd_audio_391373fc794df78115c3,ISD,ISD_TorringtonSq_TorringtonSq3_TS311,train,https://doi.org/10.5281/zenodo.10672568,1.0.1-alpha.1,WAV_London_4.zip,WAV_London_4/TorringtonSq/TS311.wav,extracted/WAV_London_4/TorringtonSq/TS311.wav,https://zenodo.org/api/records/10672568/files/WAV_London_4.zip/content,CC-BY-4.0,permitted_with_attribution,open,TS311,TorringtonSq,7494b8dfaa3dfe5cae0b199d6004a28a355d26bb08a0387b64e274f12dcef6ae,11829306,WAV,48000,2,1478656,30.805333333333333,30.81,float32,source_metadata_review_pending,materialized,matched,True,Matched by normalized GroupID and LocationID.
isd_audio_7873b4c925703e25ab8a,ISD,ISD_TorringtonSq_TorringtonSq3_TS312,train,https://doi.org/10.5281/zenodo.10672568,1.0.1-alpha.1,WAV_London_4.zip,WAV_London_4/TorringtonSq/TS312.wav,extracted/WAV_London_4/TorringtonSq/TS312.wav,https://zenodo.org/api/records/10672568/files/WAV_London_4.zip/content,CC-BY-4.0,permitted_with_attribution,open,TS312,TorringtonSq,ae658ff77ac9bafb17e759b6a0fee3acc70c08e844f10caf3ed7e0798e282f81,12468282,WAV,48000,2,1558528,32.46933333333333,32.47,float32,source_metadata_review_pending,materialized,matched,True,Matched by normalized GroupID and LocationID.
isd_audio_f9e642036f9fdbc28b73,ISD,ISD_TorringtonSq_TorringtonSq3_TS313,train,https://doi.org/10.5281/zenodo.10672568,1.0.1-alpha.1,WAV_London_4.zip,WAV_London_4/TorringtonSq/TS313.wav,extracted/WAV_London_4/TorringtonSq/TS313.wav,https://zenodo.org/api/records/10672568/files/WAV_London_4.zip/content,CC-BY-4.0,permitted_with_attribution,open,TS313,TorringtonSq,e22124663a4318ee47129c217332f190661846f33be051c7775a3dd0f08fdd58,11878458,WAV,48000,2,1484800,30.933333333333334,30.93,float32,source_metadata_review_pending,materialized,matched,True,Matched by normalized GroupID and LocationID.
isd_audio_f4966c9aa12bbf312b07,ISD,ISD_TorringtonSq_TorringtonSq3_TS314,train,https://doi.org/10.5281/zenodo.10672568,1.0.1-alpha.1,WAV_London_4.zip,WAV_London_4/TorringtonSq/TS314.wav,extracted/WAV_London_4/TorringtonSq/TS314.wav,https://zenodo.org/api/records/10672568/files/WAV_London_4.zip/content,CC-BY-4.0,permitted_with_attribution,open,TS314,TorringtonSq,012d6e4b3efd46c84d71fc59da942437d3617ef69baaa658a4e989c0d42b46ff,11845690,WAV,48000,2,1480704,30.848,30.85,float32,source_metadata_review_pending,materialized,matched,True,Matched by normalized GroupID and LocationID.
isd_audio_c796729c1e58ab4c45f7,ISD,ISD_TorringtonSq_TorringtonSq3_TS315,train,https://doi.org/10.5281/zenodo.10672568,1.0.1-alpha.1,WAV_London_4.zip,WAV_London_4/TorringtonSq/TS315.wav,extracted/WAV_London_4/TorringtonSq/TS315.wav,https://zenodo.org/api/records/10672568/files/WAV_London_4.zip/content,CC-BY-4.0,permitted_with_attribution,open,TS315,TorringtonSq,00913e1aa387bfe20fae059c8178c63d32883537b0e96cc060d910e999e0fceb,12189754,WAV,48000,2,1523712,31.744,31.74,float32,source_metadata_review_pending,materialized,matched,True,Matched by normalized GroupID and LocationID.
isd_audio_26ddf9e468c1286fc2e5,ISD,ISD_TorringtonSq_TorringtonSq3_TS316,train,https://doi.org/10.5281/zenodo.10672568,1.0.1-alpha.1,WAV_London_4.zip,WAV_London_4/TorringtonSq/TS316.wav,extracted/WAV_London_4/TorringtonSq/TS316.wav,https://zenodo.org/api/records/10672568/files/WAV_London_4.zip/content,CC-BY-4.0,permitted_with_attribution,open,TS316,TorringtonSq,8cf9fee7a60ac16917318f6fe525bb7920002db88101084cec20df956656ed96,11845690,WAV,48000,2,1480704,30.848,30.85,float32,source_metadata_review_pending,materialized,matched,True,Matched by normalized GroupID and LocationID.
isd_audio_b846fc8152c67135e635,ISD,ISD_TorringtonSq_TorringtonSq3_TS317,train,https://doi.org/10.5281/zenodo.10672568,1.0.1-alpha.1,WAV_London_4.zip,WAV_London_4/TorringtonSq/TS317.wav,extracted/WAV_London_4/TorringtonSq/TS317.wav,https://zenodo.org/api/records/10672568/files/WAV_London_4.zip/content,CC-BY-4.0,permitted_with_attribution,open,TS317,TorringtonSq,f18d52508ca8c1646fd56335bd11c06e023b4f5a88fb3863b6451938981c5a8d,14139450,WAV,48000,2,1767424,36.821333333333335,36.82,float32,source_metadata_review_pending,materialized,matched,True,Matched by normalized GroupID and LocationID.
isd_audio_cf1ea2c5db9101c7bb0f,ISD,ISD_TorringtonSq_TorringtonSq3_TS318,train,https://doi.org/10.5281/zenodo.10672568,1.0.1-alpha.1,WAV_London_4.zip,WAV_London_4/TorringtonSq/TS318.wav,extracted/WAV_London_4/TorringtonSq/TS318.wav,https://zenodo.org/api/records/10672568/files/WAV_London_4.zip/content,CC-BY-4.0,permitted_with_attribution,open,TS318,TorringtonSq,550b10e187b9f19ab9eb01ce8224ccfc23f2dc2add0113a62be89922a2931b95,15138874,WAV,48000,2,1892352,39.424,39.42,float32,source_metadata_review_pending,materialized,matched,True,Matched by normalized GroupID and LocationID.
isd_audio_63a412d0f06188f0d621,ISD,ISD_TorringtonSq_TorringtonSq3_TS319,train,https://doi.org/10.5281/zenodo.10672568,1.0.1-alpha.1,WAV_London_4.zip,WAV_London_4/TorringtonSq/TS319.wav,extracted/WAV_London_4/TorringtonSq/TS319.wav,https://zenodo.org/api/records/10672568/files/WAV_London_4.zip/content,CC-BY-4.0,permitted_with_attribution,open,TS319,TorringtonSq,453e8947a626fa10098c2dc78e5796f21657d1add24438e07dcceaa973b901be,14221370,WAV,48000,2,1777664,37.034666666666666,37.03,float32,source_metadata_review_pending,materialized,matched,True,Matched by normalized GroupID and LocationID.
isd_audio_53add942a07a2813e24e,ISD,ISD_TorringtonSq_TorringtonSq3_TS320,train,https://doi.org/10.5281/zenodo.10672568,1.0.1-alpha.1,WAV_London_4.zip,WAV_London_4/TorringtonSq/TS320.wav,extracted/WAV_London_4/TorringtonSq/TS320.wav,https://zenodo.org/api/records/10672568/files/WAV_London_4.zip/content,CC-BY-4.0,permitted_with_attribution,open,TS320,TorringtonSq,e7d4dec6550ae803690ceb7dcbbb136af2a8905ce6b631f4e1bb92d9cfb81c08,13418554,WAV,48000,2,1677312,34.944,34.94,float32,source_metadata_review_pending,materialized,matched,True,Matched by normalized GroupID and LocationID.
isd_audio_6e5d1cf92c75f8f34e1d,ISD,ISD_TorringtonSq_TorringtonSq3_TS321,train,https://doi.org/10.5281/zenodo.10672568,1.0.1-alpha.1,WAV_London_4.zip,WAV_London_4/TorringtonSq/TS321.wav,extracted/WAV_London_4/TorringtonSq/TS321.wav,https://zenodo.org/api/records/10672568/files/WAV_London_4.zip/content,CC-BY-4.0,permitted_with_attribution,open,TS321,TorringtonSq,8aeada235ecc826649928ef2bc7c04e1e0ae75e7846204151ef92ffc6e6d2a2a,14565434,WAV,48000,2,1820672,37.93066666666667,37.93,float32,source_metadata_review_pending,materialized,matched,True,Matched by normalized GroupID and LocationID.
isd_audio_fdf79bbefff118b1c269,ISD,ISD_TorringtonSq_TorringtonSq3_TS322,train,https://doi.org/10.5281/zenodo.10672568,1.0.1-alpha.1,WAV_London_4.zip,WAV_London_4/TorringtonSq/TS322.wav,extracted/WAV_London_4/TorringtonSq/TS322.wav,https://zenodo.org/api/records/10672568/files/WAV_London_4.zip/content,CC-BY-4.0,permitted_with_attribution,open,TS322,TorringtonSq,3462753c7996bfed4f3cde9d86f8cb3381825ce36e5167cb1e3f6d82433f4558,15204410,WAV,48000,2,1900544,39.59466666666667,39.59,float32,source_metadata_review_pending,materialized,matched,True,Matched by normalized GroupID and LocationID.
isd_audio_9c72aaf4ed1d62ae9e9b,ISD,ISD_TorringtonSq_TorringtonSq3_TS323,train,https://doi.org/10.5281/zenodo.10672568,1.0.1-alpha.1,WAV_London_4.zip,WAV_London_4/TorringtonSq/TS323.wav,extracted/WAV_London_4/TorringtonSq/TS323.wav,https://zenodo.org/api/records/10672568/files/WAV_London_4.zip/content,CC-BY-4.0,permitted_with_attribution,open,TS323,TorringtonSq,19577bead352c1e2e152901c952fa6daf8e3baeaa8d771ac5e95f1287843dfbf,12517434,WAV,48000,2,1564672,32.59733333333333,32.6,float32,source_metadata_review_pending,materialized,matched,True,Matched by normalized GroupID and LocationID.
isd_audio_missing_7d19f28540cd5d4a,ISD,ISD_TorringtonSq_TorringtonSq3_UNKNOWN,train,https://doi.org/10.5281/zenodo.10672568,1.0.1-alpha.1,WAV_Granada_1.zip;WAV_Groningen_1.zip;WAV_London_1.zip;WAV_London_2.zip;WAV_London_3.zip;WAV_London_4.zip;WAV_Venice_1.zip,,,https://doi.org/10.5281/zenodo.10672568,CC-BY-4.0,permitted_with_attribution,open,UNKNOWN,TorringtonSq,,,,,,,,,,not_available,source_missing,missing_source_asset,False,MOSAIQ clip is in the archive location scope but no WAV candidate exists.
isd_audio_7a984a51780d802f85ea,ISD,ISD_TorringtonSq_TorringtonSq4_TS401,train,https://doi.org/10.5281/zenodo.10672568,1.0.1-alpha.1,WAV_London_4.zip,WAV_London_4/TorringtonSq/TS401.wav,extracted/WAV_London_4/TorringtonSq/TS401.wav,https://zenodo.org/api/records/10672568/files/WAV_London_4.zip/content,CC-BY-4.0,permitted_with_attribution,open,TS401,TorringtonSq,bfcbe44b43a9581260933438e8e83be69f97f9853849a5295b07b78ec3f7bc9f,10092602,WAV,48000,2,1261568,26.282666666666668,26.28,float32,source_metadata_review_pending,materialized,matched,True,Matched by normalized GroupID and LocationID.
isd_audio_3c15263149cdb49ce82c,ISD,ISD_TorringtonSq_TorringtonSq4_TS407,train,https://doi.org/10.5281/zenodo.10672568,1.0.1-alpha.1,WAV_London_4.zip,WAV_London_4/TorringtonSq/TS407.wav,extracted/WAV_London_4/TorringtonSq/TS407.wav,https://zenodo.org/api/records/10672568/files/WAV_London_4.zip/content,CC-BY-4.0,permitted_with_attribution,open,TS407,TorringtonSq,a9e3bc6383bbb4bae51ff67126e1260f3d9a1dad260ab89060558618e1aa0452,16121914,WAV,48000,2,2015232,41.984,41.98,float32,source_metadata_review_pending,materialized,matched,True,Matched by normalized GroupID and LocationID.
isd_audio_abb86e4e0f99ee7f961a,ISD,ISD_TorringtonSq_TorringtonSq4_TS408,train,https://doi.org/10.5281/zenodo.10672568,1.0.1-alpha.1,WAV_London_4.zip,WAV_London_4/TorringtonSq/TS408.wav,extracted/WAV_London_4/TorringtonSq/TS408.wav,https://zenodo.org/api/records/10672568/files/WAV_London_4.zip/content,CC-BY-4.0,permitted_with_attribution,open,TS408,TorringtonSq,3f6433ea9adebba0071c4a18f73ab87647403dc8746d9a5fb4532a3c4e7d8f45,12288058,WAV,48000,2,1536000,32.0,32.0,float32,source_metadata_review_pending,materialized,matched,True,Matched by normalized GroupID and LocationID.
isd_audio_6d4aa0a010bdd2890c79,ISD,ISD_TorringtonSq_TorringtonSq4_TS411,train,https://doi.org/10.5281/zenodo.10672568,1.0.1-alpha.1,WAV_London_4.zip,WAV_London_4/TorringtonSq/TS411.wav,extracted/WAV_London_4/TorringtonSq/TS411.wav,https://zenodo.org/api/records/10672568/files/WAV_London_4.zip/content,CC-BY-4.0,permitted_with_attribution,open,TS411,TorringtonSq,2097db1b2fdddfd9f1328c8abf2956c3ea63ac935d2cb0721e546b9ca2a94d41,18923578,WAV,48000,2,2365440,49.28,49.28,float32,source_metadata_review_pending,materialized,matched,True,Matched by normalized GroupID and LocationID.
isd_audio_6b217dea068f61fcc575,ISD,ISD_TorringtonSq_TorringtonSq4_TS412,train,https://doi.org/10.5281/zenodo.10672568,1.0.1-alpha.1,WAV_London_4.zip,WAV_London_4/TorringtonSq/TS412.wav,extracted/WAV_London_4/TorringtonSq/TS412.wav,https://zenodo.org/api/records/10672568/files/WAV_London_4.zip/content,CC-BY-4.0,permitted_with_attribution,open,TS412,TorringtonSq,869191da76317aab7b6537267a991aeb48178a0fa1ca7363fbc90fde2f77771e,15990842,WAV,48000,2,1998848,41.64266666666666,41.64,float32,source_metadata_review_pending,materialized,matched,True,Matched by normalized GroupID and LocationID.
isd_audio_7668bb158be8aed78031,ISD,ISD_TorringtonSq_TorringtonSq4_TS413,train,https://doi.org/10.5281/zenodo.10672568,1.0.1-alpha.1,WAV_London_4.zip,WAV_London_4/TorringtonSq/TS413.wav,extracted/WAV_London_4/TorringtonSq/TS413.wav,https://zenodo.org/api/records/10672568/files/WAV_London_4.zip/content,CC-BY-4.0,permitted_with_attribution,open,TS413,TorringtonSq,89d7ae50707b8d6c2b4f48c2570558f2dae70566ab117181ab896efb2395899c,14614586,WAV,48000,2,1826816,38.05866666666667,38.06,float32,source_metadata_review_pending,materialized,matched,True,Matched by normalized GroupID and LocationID.
isd_audio_5345a4086c04c209c18a,ISD,ISD_TorringtonSq_TorringtonSq4_TS414,train,https://doi.org/10.5281/zenodo.10672568,1.0.1-alpha.1,WAV_London_4.zip,WAV_London_4/TorringtonSq/TS414.wav,extracted/WAV_London_4/TorringtonSq/TS414.wav,https://zenodo.org/api/records/10672568/files/WAV_London_4.zip/content,CC-BY-4.0,permitted_with_attribution,open,TS414,TorringtonSq,c05b608cf16051808bfa76aa0b341a09ef61555bcba7559cd93d2667f056e304,15663162,WAV,48000,2,1957888,40.78933333333333,40.79,float32,source_metadata_review_pending,materialized,matched,True,Matched by normalized GroupID and LocationID.
isd_audio_1d28dcc6704b48443398,ISD,ISD_TorringtonSq_TorringtonSq4_TS415,train,https://doi.org/10.5281/zenodo.10672568,1.0.1-alpha.1,WAV_London_4.zip,WAV_London_4/TorringtonSq/TS415.wav,extracted/WAV_London_4/TorringtonSq/TS415.wav,https://zenodo.org/api/records/10672568/files/WAV_London_4.zip/content,CC-BY-4.0,permitted_with_attribution,open,TS415,TorringtonSq,debbb246dc42cbb0f8f35b5d865bf6dc85d2fa42e427d0bd354739be7d8fe068,16039994,WAV,48000,2,2004992,41.77066666666666,41.77,float32,source_metadata_review_pending,materialized,matched,True,Matched by normalized GroupID and LocationID.
isd_audio_missing_d2fbed4d7e3b89f9,ISD,ISD_TorringtonSq_TorringtonSq4_TS417,train,https://doi.org/10.5281/zenodo.10672568,1.0.1-alpha.1,WAV_Granada_1.zip;WAV_Groningen_1.zip;WAV_London_1.zip;WAV_London_2.zip;WAV_London_3.zip;WAV_London_4.zip;WAV_Venice_1.zip,,,https://doi.org/10.5281/zenodo.10672568,CC-BY-4.0,permitted_with_attribution,open,TS417,TorringtonSq,,,,,,,,45.82,,not_available,source_missing,missing_source_asset,False,MOSAIQ clip is in the archive location scope but no WAV candidate exists.
isd_audio_missing_33fe1a6ed90b1e05,ISD,ISD_TorringtonSq_TorringtonSq4_TS417 ,excluded,https://doi.org/10.5281/zenodo.10672568,1.0.1-alpha.1,WAV_Granada_1.zip;WAV_Groningen_1.zip;WAV_London_1.zip;WAV_London_2.zip;WAV_London_3.zip;WAV_London_4.zip;WAV_Venice_1.zip,,,https://doi.org/10.5281/zenodo.10672568,CC-BY-4.0,permitted_with_attribution,open,TS417,TorringtonSq,,,,,,,,,,not_available,source_missing,missing_source_asset,False,MOSAIQ clip is in the archive location scope but no WAV candidate exists.
isd_audio_f2260f0b67937c094db0,ISD,ISD_TorringtonSq_TorringtonSq4_TS418,train,https://doi.org/10.5281/zenodo.10672568,1.0.1-alpha.1,WAV_London_4.zip,WAV_London_4/TorringtonSq/TS418.wav,extracted/WAV_London_4/TorringtonSq/TS418.wav,https://zenodo.org/api/records/10672568/files/WAV_London_4.zip/content,CC-BY-4.0,permitted_with_attribution,open,TS418,TorringtonSq,c6bd1b02d5a9095bb00abafccfde3218fb6d43c5609c9ed9777918eb3d13b3f7,17285178,WAV,48000,2,2160640,45.013333333333335,45.01,float32,source_metadata_review_pending,materialized,matched,True,Matched by normalized GroupID and LocationID.
isd_audio_cf989f8ff47f65ef9f5b,ISD,ISD_TorringtonSq_TorringtonSq4_TS419,train,https://doi.org/10.5281/zenodo.10672568,1.0.1-alpha.1,WAV_London_4.zip,WAV_London_4/TorringtonSq/TS419.wav,extracted/WAV_London_4/TorringtonSq/TS419.wav,https://zenodo.org/api/records/10672568/files/WAV_London_4.zip/content,CC-BY-4.0,permitted_with_attribution,open,TS419,TorringtonSq,c53d15f3fc36c445cf50ddf41c56871e689c12ddf079414a547073568f132fe4,16728122,WAV,48000,2,2091008,43.562666666666665,43.56,float32,source_metadata_review_pending,materialized,matched,True,Matched by normalized GroupID and LocationID.
isd_audio_f9e1843ba8d4b00f8c2c,ISD,ISD_TorringtonSq_TorringtonSq4_TS420,train,https://doi.org/10.5281/zenodo.10672568,1.0.1-alpha.1,WAV_London_4.zip,WAV_London_4/TorringtonSq/TS420.wav,extracted/WAV_London_4/TorringtonSq/TS420.wav,https://zenodo.org/api/records/10672568/files/WAV_London_4.zip/content,CC-BY-4.0,permitted_with_attribution,open,TS420,TorringtonSq,b72e43593c075b5190e5d1c0c734649898fcc58dab4e44f4efda7eef0ee0b856,16039994,WAV,48000,2,2004992,41.77066666666666,41.77,float32,source_metadata_review_pending,materialized,matched,True,Matched by normalized GroupID and LocationID.
isd_audio_5bfc7a63d68391585d61,ISD,ISD_TorringtonSq_TorringtonSq4_TS421,train,https://doi.org/10.5281/zenodo.10672568,1.0.1-alpha.1,WAV_London_4.zip,WAV_London_4/TorringtonSq/TS421.wav,extracted/WAV_London_4/TorringtonSq/TS421.wav,https://zenodo.org/api/records/10672568/files/WAV_London_4.zip/content,CC-BY-4.0,permitted_with_attribution,open,TS421,TorringtonSq,a00eceafb00a07085e12583320e4cfed89d3ec0e3d38754116e8122e46f82451,16777274,WAV,48000,2,2097152,43.690666666666665,43.69,float32,source_metadata_review_pending,materialized,matched,True,Matched by normalized GroupID and LocationID.
isd_audio_4d9efbc448ead90dd0f2,ISD,ISD_TorringtonSq_TorringtonSq4_TS422,train,https://doi.org/10.5281/zenodo.10672568,1.0.1-alpha.1,WAV_London_4.zip,WAV_London_4/TorringtonSq/TS422.wav,extracted/WAV_London_4/TorringtonSq/TS422.wav,https://zenodo.org/api/records/10672568/files/WAV_London_4.zip/content,CC-BY-4.0,permitted_with_attribution,open,TS422,TorringtonSq,c71049513e74d31139b43cbe721aa01ef4b8259cbdf8051531607fb88e486fb6,15777850,WAV,48000,2,1972224,41.088,41.09,float32,source_metadata_review_pending,materialized,matched,True,Matched by normalized GroupID and LocationID.
isd_audio_6dd6fdf76f162ce0d6dd,ISD,ISD_TorringtonSq_TorringtonSq4_TS423,train,https://doi.org/10.5281/zenodo.10672568,1.0.1-alpha.1,WAV_London_4.zip,WAV_London_4/TorringtonSq/TS423.wav,extracted/WAV_London_4/TorringtonSq/TS423.wav,https://zenodo.org/api/records/10672568/files/WAV_London_4.zip/content,CC-BY-4.0,permitted_with_attribution,open,TS423,TorringtonSq,f13e239ec78609abb5e1cc3de6b57fd83b124971dd73bd85664da952b6dcf684,23396410,WAV,48000,2,2924544,60.928,60.93,float32,source_metadata_review_pending,materialized,matched,True,Matched by normalized GroupID and LocationID.
isd_audio_dc6b73d1786c96a3c563,ISD,ISD_TorringtonSq_TorringtonSq4_TS424,train,https://doi.org/10.5281/zenodo.10672568,1.0.1-alpha.1,WAV_London_4.zip,WAV_London_4/TorringtonSq/TS424.wav,extracted/WAV_London_4/TorringtonSq/TS424.wav,https://zenodo.org/api/records/10672568/files/WAV_London_4.zip/content,CC-BY-4.0,permitted_with_attribution,open,TS424,TorringtonSq,4172cde0e1a241e245b7216a4a63bea5a768ad42379273246b8cc9392576d2a9,15614010,WAV,48000,2,1951744,40.66133333333333,40.66,float32,source_metadata_review_pending,materialized,matched,True,Matched by normalized GroupID and LocationID.
isd_audio_3af2f53bb8cb2790e20d,ISD,ISD_TorringtonSq_TorringtonSq4_TS425,train,https://doi.org/10.5281/zenodo.10672568,1.0.1-alpha.1,WAV_London_4.zip,WAV_London_4/TorringtonSq/TS425.wav,extracted/WAV_London_4/TorringtonSq/TS425.wav,https://zenodo.org/api/records/10672568/files/WAV_London_4.zip/content,CC-BY-4.0,permitted_with_attribution,open,TS425,TorringtonSq,198deb5e6559356731219095191c87542918b816206efc1713e502185759af8b,15630394,WAV,48000,2,1953792,40.704,40.7,float32,source_metadata_review_pending,materialized,matched,True,Matched by normalized GroupID and LocationID.
isd_audio_30a90b4fbf46e2054341,ISD,ISD_TorringtonSq_TorringtonSq4_TS426,train,https://doi.org/10.5281/zenodo.10672568,1.0.1-alpha.1,WAV_London_4.zip,WAV_London_4/TorringtonSq/TS426.wav,extracted/WAV_London_4/TorringtonSq/TS426.wav,https://zenodo.org/api/records/10672568/files/WAV_London_4.zip/content,CC-BY-4.0,permitted_with_attribution,open,TS426,TorringtonSq,e2a00bbca3e2cc20f57f92266ed9947e76faec8d707ba358cff78b4367398fd1,17104954,WAV,48000,2,2138112,44.544,44.54,float32,source_metadata_review_pending,materialized,matched,True,Matched by normalized GroupID and LocationID.
